date,station,deployment,has_data,n_points,n_ideal,true_missing,pct_missing_internal,pct_missing_fullday
2014-09-01,RS01SLBS-MJ01A-06-PRESTA101,0,False,0,0,,,
2014-09-02,RS01SLBS-MJ01A-06-PRESTA101,0,False,0,0,,,
2014-09-03,RS01SLBS-MJ01A-06-PRESTA101,0,False,0,0,,,
2014-09-04,RS01SLBS-MJ01A-06-PRESTA101,0,False,0,0,,,
2014-09-05,RS01SLBS-MJ01A-06-PRESTA101,0,False,0,0,,,
2014-09-06,RS01SLBS-MJ01A-06-PRESTA101,0,False,0,0,,,
2014-09-07,RS01SLBS-MJ01A-06-PRESTA101,0,False,0,0,,,
2014-09-08,RS01SLBS-MJ01A-06-PRESTA101,0,False,0,0,,,
2014-09-09,RS01SLBS-MJ01A-06-PRESTA101,0,False,0,0,,,
2014-09-10,RS01SLBS-MJ01A-06-PRESTA101,0,False,0,0,,,
2014-09-11,RS01SLBS-MJ01A-06-PRESTA101,0,False,0,0,,,
2014-09-12,RS01SLBS-MJ01A-06-PRESTA101,0,False,0,0,,,
2014-09-13,RS01SLBS-MJ01A-06-PRESTA101,0,False,0,0,,,
2014-09-14,RS01SLBS-MJ01A-06-PRESTA101,1,True,5760,5760,0,0.0,0.0005
2014-09-15,RS01SLBS-MJ01A-06-PRESTA101,1,True,5760,5760,0,0.0,0.0005
2014-09-16,RS01SLBS-MJ01A-06-PRESTA101,1,True,5760,5760,0,0.0,0.0005
2014-09-17,RS01SLBS-MJ01A-06-PRESTA101,1,True,5760,5760,0,0.0,0.0005
2014-09-18,RS01SLBS-MJ01A-06-PRESTA101,1,True,5755,5760,5,0.0868,0.0873
2014-09-19,RS01SLBS-MJ01A-06-PRESTA101,1,True,5760,5760,0,0.0,0.0005
2014-09-20,RS01SLBS-MJ01A-06-PRESTA101,1,True,5760,5760,0,0.0,0.0005
2014-09-21,RS01SLBS-MJ01A-06-PRESTA101,1,True,5760,5760,0,0.0,0.0005
2014-09-22,RS01SLBS-MJ01A-06-PRESTA101,1,True,5760,5760,0,0.0,0.0005
2014-09-23,RS01SLBS-MJ01A-06-PRESTA101,1,True,5760,5760,0,0.0,0.0005
2014-09-24,RS01SLBS-MJ01A-06-PRESTA101,1,True,5760,5760,0,0.0,0.0005
2014-09-25,RS01SLBS-MJ01A-06-PRESTA101,1,True,5760,5760,0,0.0,0.0005
2014-09-26,RS01SLBS-MJ01A-06-PRESTA101,1,True,5760,5760,0,0.0,0.0005
2014-09-27,RS01SLBS-MJ01A-06-PRESTA101,1,True,5550,5760,210,3.6458,3.6463
2014-09-28,RS01SLBS-MJ01A-06-PRESTA101,1,True,5760,5760,0,0.0,0.0005
2014-09-29,RS01SLBS-MJ01A-06-PRESTA101,1,True,5760,5760,0,0.0,0.0005
2014-09-30,RS01SLBS-MJ01A-06-PRESTA101,1,True,5760,5760,0,0.0,0.0005
2014-10-01,RS01SLBS-MJ01A-06-PRESTA101,1,True,5760,5760,0,0.0,0.0005
2014-10-02,RS01SLBS-MJ01A-06-PRESTA101,1,True,5760,5760,0,0.0,0.0005
2014-10-03,RS01SLBS-MJ01A-06-PRESTA101,1,True,5760,5760,0,0.0,0.0005
2014-10-04,RS01SLBS-MJ01A-06-PRESTA101,1,True,5760,5760,0,0.0,0.0005
2014-10-05,RS01SLBS-MJ01A-06-PRESTA101,1,True,5760,5760,0,0.0,0.0005
2014-10-06,RS01SLBS-MJ01A-06-PRESTA101,1,True,5760,5760,0,0.0,0.0005
2014-10-07,RS01SLBS-MJ01A-06-PRESTA101,1,True,5760,5760,0,0.0,0.0005
2014-10-08,RS01SLBS-MJ01A-06-PRESTA101,1,True,5760,5760,0,0.0,0.0005
2014-10-09,RS01SLBS-MJ01A-06-PRESTA101,1,True,5760,5760,0,0.0,0.0005
2014-10-10,RS01SLBS-MJ01A-06-PRESTA101,1,True,5760,5760,0,0.0,0.0005
2014-10-11,RS01SLBS-MJ01A-06-PRESTA101,1,True,5760,5760,0,0.0,0.0005
2014-10-12,RS01SLBS-MJ01A-06-PRESTA101,1,True,5760,5760,0,0.0,0.0005
2014-10-13,RS01SLBS-MJ01A-06-PRESTA101,1,True,5760,5760,0,0.0,0.0005
2014-10-14,RS01SLBS-MJ01A-06-PRESTA101,1,True,5760,5760,0,0.0,0.0005
2014-10-15,RS01SLBS-MJ01A-06-PRESTA101,1,True,5760,5760,0,0.0,0.0005
2014-10-16,RS01SLBS-MJ01A-06-PRESTA101,1,True,5760,5760,0,0.0,0.0005
2014-10-17,RS01SLBS-MJ01A-06-PRESTA101,1,True,5760,5760,0,0.0,0.0005
2014-10-18,RS01SLBS-MJ01A-06-PRESTA101,1,True,5760,5760,0,0.0,0.0005
2014-10-19,RS01SLBS-MJ01A-06-PRESTA101,1,True,5760,5760,0,0.0,0.0005
2014-10-20,RS01SLBS-MJ01A-06-PRESTA101,1,True,5760,5760,0,0.0,0.0005
2014-10-21,RS01SLBS-MJ01A-06-PRESTA101,1,True,5760,5760,0,0.0,0.0005
2014-10-22,RS01SLBS-MJ01A-06-PRESTA101,1,True,5760,5760,0,0.0,0.0005
2014-10-23,RS01SLBS-MJ01A-06-PRESTA101,1,True,5760,5760,0,0.0,0.0005
2014-10-24,RS01SLBS-MJ01A-06-PRESTA101,1,True,5760,5760,0,0.0,0.0005
2014-10-25,RS01SLBS-MJ01A-06-PRESTA101,1,True,5760,5760,0,0.0,0.0005
2014-10-26,RS01SLBS-MJ01A-06-PRESTA101,1,True,5760,5760,0,0.0,0.0005
2014-10-27,RS01SLBS-MJ01A-06-PRESTA101,1,True,5760,5760,0,0.0,0.0005
2014-10-28,RS01SLBS-MJ01A-06-PRESTA101,1,True,5760,5760,0,0.0,0.0005
2014-10-29,RS01SLBS-MJ01A-06-PRESTA101,1,True,5760,5760,0,0.0,0.0005
2014-10-30,RS01SLBS-MJ01A-06-PRESTA101,1,True,2862,5760,2898,50.3125,50.3127
2014-10-31,RS01SLBS-MJ01A-06-PRESTA101,1,True,5760,5760,0,0.0,0.0005
2014-11-01,RS01SLBS-MJ01A-06-PRESTA101,1,True,5760,5760,0,0.0,0.0005
2014-11-02,RS01SLBS-MJ01A-06-PRESTA101,1,True,5760,5760,0,0.0,0.0005
2014-11-03,RS01SLBS-MJ01A-06-PRESTA101,1,True,5760,5760,0,0.0,0.0005
2014-11-04,RS01SLBS-MJ01A-06-PRESTA101,1,True,3864,3864,0,0.0,32.917
2014-11-05,RS01SLBS-MJ01A-06-PRESTA101,1,True,1158,1158,0,0.0,79.8959
2014-11-06,RS01SLBS-MJ01A-06-PRESTA101,1,True,5760,5760,0,0.0,0.0005
2014-11-07,RS01SLBS-MJ01A-06-PRESTA101,1,True,5760,5760,0,0.0,0.0005
2014-11-08,RS01SLBS-MJ01A-06-PRESTA101,1,True,5760,5760,0,0.0,0.0005
2014-11-09,RS01SLBS-MJ01A-06-PRESTA101,1,True,5760,5760,0,0.0,0.0005
2014-11-10,RS01SLBS-MJ01A-06-PRESTA101,1,True,5760,5760,0,0.0,0.0005
2014-11-11,RS01SLBS-MJ01A-06-PRESTA101,1,True,5760,5760,0,0.0,0.0005
2014-11-12,RS01SLBS-MJ01A-06-PRESTA101,1,True,5760,5760,0,0.0,0.0005
2014-11-13,RS01SLBS-MJ01A-06-PRESTA101,1,True,5760,5760,0,0.0,0.0005
2014-11-14,RS01SLBS-MJ01A-06-PRESTA101,1,True,4465,4465,0,0.0,22.483
2014-11-15,RS01SLBS-MJ01A-06-PRESTA101,1,False,0,0,,,
2014-11-16,RS01SLBS-MJ01A-06-PRESTA101,1,False,0,0,,,
2014-11-17,RS01SLBS-MJ01A-06-PRESTA101,1,True,1396,1396,0,0.0,75.764
2014-11-18,RS01SLBS-MJ01A-06-PRESTA101,1,True,5760,5760,0,0.0,0.0005
2014-11-19,RS01SLBS-MJ01A-06-PRESTA101,1,True,5760,5760,0,0.0,0.0005
2014-11-20,RS01SLBS-MJ01A-06-PRESTA101,1,True,5760,5760,0,0.0,0.0005
2014-11-21,RS01SLBS-MJ01A-06-PRESTA101,1,True,5760,5760,0,0.0,0.0005
2014-11-22,RS01SLBS-MJ01A-06-PRESTA101,1,True,5760,5760,0,0.0,0.0005
2014-11-23,RS01SLBS-MJ01A-06-PRESTA101,1,True,5760,5760,0,0.0,0.0005
2014-11-24,RS01SLBS-MJ01A-06-PRESTA101,1,True,5760,5760,0,0.0,0.0005
2014-11-25,RS01SLBS-MJ01A-06-PRESTA101,1,True,5760,5760,0,0.0,0.0005
2014-11-26,RS01SLBS-MJ01A-06-PRESTA101,1,True,5760,5760,0,0.0,0.0005
2014-11-27,RS01SLBS-MJ01A-06-PRESTA101,1,True,5760,5760,0,0.0,0.0005
2014-11-28,RS01SLBS-MJ01A-06-PRESTA101,1,True,5760,5760,0,0.0,0.0005
2014-11-29,RS01SLBS-MJ01A-06-PRESTA101,1,True,5760,5760,0,0.0,0.0005
2014-11-30,RS01SLBS-MJ01A-06-PRESTA101,1,True,5760,5760,0,0.0,0.0005
2014-12-01,RS01SLBS-MJ01A-06-PRESTA101,1,True,5760,5760,0,0.0,0.0005
2014-12-02,RS01SLBS-MJ01A-06-PRESTA101,1,True,5760,5760,0,0.0,0.0005
2014-12-03,RS01SLBS-MJ01A-06-PRESTA101,1,True,5760,5760,0,0.0,0.0005
2014-12-04,RS01SLBS-MJ01A-06-PRESTA101,1,True,5760,5760,0,0.0,0.0005
2014-12-05,RS01SLBS-MJ01A-06-PRESTA101,1,True,5760,5760,0,0.0,0.0005
2014-12-06,RS01SLBS-MJ01A-06-PRESTA101,1,True,5760,5760,0,0.0,0.0005
2014-12-07,RS01SLBS-MJ01A-06-PRESTA101,1,True,5039,5039,0,0.0,12.5178
2014-12-08,RS01SLBS-MJ01A-06-PRESTA101,1,False,0,0,,,
2014-12-09,RS01SLBS-MJ01A-06-PRESTA101,1,False,0,0,,,
2014-12-10,RS01SLBS-MJ01A-06-PRESTA101,1,False,0,0,,,
2014-12-11,RS01SLBS-MJ01A-06-PRESTA101,1,True,482,485,3,0.6186,91.632
2014-12-12,RS01SLBS-MJ01A-06-PRESTA101,1,True,5760,5760,0,0.0,0.0005
2014-12-13,RS01SLBS-MJ01A-06-PRESTA101,1,True,5760,5760,0,0.0,0.0005
2014-12-14,RS01SLBS-MJ01A-06-PRESTA101,1,True,5760,5760,0,0.0,0.0005
2014-12-15,RS01SLBS-MJ01A-06-PRESTA101,1,True,5760,5760,0,0.0,0.0005
2014-12-16,RS01SLBS-MJ01A-06-PRESTA101,1,True,5760,5760,0,0.0,0.0005
2014-12-17,RS01SLBS-MJ01A-06-PRESTA101,1,True,5760,5760,0,0.0,0.0005
2014-12-18,RS01SLBS-MJ01A-06-PRESTA101,1,True,5760,5760,0,0.0,0.0005
2014-12-19,RS01SLBS-MJ01A-06-PRESTA101,1,True,5760,5760,0,0.0,0.0005
2014-12-20,RS01SLBS-MJ01A-06-PRESTA101,1,True,5760,5760,0,0.0,0.0005
2014-12-21,RS01SLBS-MJ01A-06-PRESTA101,1,True,5760,5760,0,0.0,0.0005
2014-12-22,RS01SLBS-MJ01A-06-PRESTA101,1,True,5760,5760,0,0.0,0.0005
2014-12-23,RS01SLBS-MJ01A-06-PRESTA101,1,True,5760,5760,0,0.0,0.0005
2014-12-24,RS01SLBS-MJ01A-06-PRESTA101,1,True,5760,5760,0,0.0,0.0005
2014-12-25,RS01SLBS-MJ01A-06-PRESTA101,1,True,5760,5760,0,0.0,0.0005
2014-12-26,RS01SLBS-MJ01A-06-PRESTA101,1,True,5760,5760,0,0.0,0.0005
2014-12-27,RS01SLBS-MJ01A-06-PRESTA101,1,True,5760,5760,0,0.0,0.0005
2014-12-28,RS01SLBS-MJ01A-06-PRESTA101,1,True,5760,5760,0,0.0,0.0005
2014-12-29,RS01SLBS-MJ01A-06-PRESTA101,1,True,5760,5760,0,0.0,0.0005
2014-12-30,RS01SLBS-MJ01A-06-PRESTA101,1,True,5760,5760,0,0.0,0.0005
2014-12-31,RS01SLBS-MJ01A-06-PRESTA101,1,True,5760,5760,0,0.0,0.0005
2015-01-01,RS01SLBS-MJ01A-06-PRESTA101,1,True,5760,5760,0,0.0,0.0005
2015-01-02,RS01SLBS-MJ01A-06-PRESTA101,1,True,5760,5760,0,0.0,0.0005
2015-01-03,RS01SLBS-MJ01A-06-PRESTA101,1,True,5760,5760,0,0.0,0.0005
2015-01-04,RS01SLBS-MJ01A-06-PRESTA101,1,True,5760,5760,0,0.0,0.0005
2015-01-05,RS01SLBS-MJ01A-06-PRESTA101,1,True,5760,5760,0,0.0,0.0005
2015-01-06,RS01SLBS-MJ01A-06-PRESTA101,1,True,5760,5760,0,0.0,0.0005
2015-01-07,RS01SLBS-MJ01A-06-PRESTA101,1,False,0,0,,,
2015-01-08,RS01SLBS-MJ01A-06-PRESTA101,1,True,5760,5760,0,0.0,0.0005
2015-01-09,RS01SLBS-MJ01A-06-PRESTA101,1,True,5760,5760,0,0.0,0.0005
2015-01-10,RS01SLBS-MJ01A-06-PRESTA101,1,True,5760,5760,0,0.0,0.0005
2015-01-11,RS01SLBS-MJ01A-06-PRESTA101,1,True,5760,5760,0,0.0,0.0005
2015-01-12,RS01SLBS-MJ01A-06-PRESTA101,1,True,5760,5760,0,0.0,0.0005
2015-01-13,RS01SLBS-MJ01A-06-PRESTA101,1,True,5760,5760,0,0.0,0.0005
2015-01-14,RS01SLBS-MJ01A-06-PRESTA101,1,True,5760,5760,0,0.0,0.0005
2015-01-15,RS01SLBS-MJ01A-06-PRESTA101,1,True,5760,5760,0,0.0,0.0005
2015-01-16,RS01SLBS-MJ01A-06-PRESTA101,1,True,5760,5760,0,0.0,0.0005
2015-01-17,RS01SLBS-MJ01A-06-PRESTA101,1,True,5760,5760,0,0.0,0.0005
2015-01-18,RS01SLBS-MJ01A-06-PRESTA101,1,True,5760,5760,0,0.0,0.0005
2015-01-19,RS01SLBS-MJ01A-06-PRESTA101,1,True,5760,5760,0,0.0,0.0005
2015-01-20,RS01SLBS-MJ01A-06-PRESTA101,1,True,5760,5760,0,0.0,0.0005
2015-01-21,RS01SLBS-MJ01A-06-PRESTA101,1,True,5760,5760,0,0.0,0.0005
2015-01-22,RS01SLBS-MJ01A-06-PRESTA101,1,True,5760,5760,0,0.0,0.0005
2015-01-23,RS01SLBS-MJ01A-06-PRESTA101,1,True,5760,5760,0,0.0,0.0005
2015-01-24,RS01SLBS-MJ01A-06-PRESTA101,1,True,5760,5760,0,0.0,0.0005
2015-01-25,RS01SLBS-MJ01A-06-PRESTA101,1,True,5760,5760,0,0.0,0.0005
2015-01-26,RS01SLBS-MJ01A-06-PRESTA101,1,True,5760,5760,0,0.0,0.0005
2015-01-27,RS01SLBS-MJ01A-06-PRESTA101,1,True,5760,5760,0,0.0,0.0005
2015-01-28,RS01SLBS-MJ01A-06-PRESTA101,1,True,5760,5760,0,0.0,0.0005
2015-01-29,RS01SLBS-MJ01A-06-PRESTA101,1,True,5760,5760,0,0.0,0.0005
2015-01-30,RS01SLBS-MJ01A-06-PRESTA101,1,True,5735,5760,25,0.434,0.4345
2015-01-31,RS01SLBS-MJ01A-06-PRESTA101,1,True,5498,5760,262,4.5486,4.5491
2015-02-01,RS01SLBS-MJ01A-06-PRESTA101,1,False,0,0,,,
2015-02-02,RS01SLBS-MJ01A-06-PRESTA101,1,False,0,0,,,
2015-02-03,RS01SLBS-MJ01A-06-PRESTA101,1,True,3371,3371,0,0.0,41.476
2015-02-04,RS01SLBS-MJ01A-06-PRESTA101,1,True,5561,5561,0,0.0,3.4553
2015-02-05,RS01SLBS-MJ01A-06-PRESTA101,1,True,5288,5288,0,0.0,8.1949
2015-02-06,RS01SLBS-MJ01A-06-PRESTA101,1,True,5760,5760,0,0.0,0.0005
2015-02-07,RS01SLBS-MJ01A-06-PRESTA101,1,True,5760,5760,0,0.0,0.0005
2015-02-08,RS01SLBS-MJ01A-06-PRESTA101,1,True,5760,5760,0,0.0,0.0005
2015-02-09,RS01SLBS-MJ01A-06-PRESTA101,1,True,5760,5760,0,0.0,0.0005
2015-02-10,RS01SLBS-MJ01A-06-PRESTA101,1,True,5760,5760,0,0.0,0.0005
2015-02-11,RS01SLBS-MJ01A-06-PRESTA101,1,True,5760,5760,0,0.0,0.0005
2015-02-12,RS01SLBS-MJ01A-06-PRESTA101,1,True,5760,5760,0,0.0,0.0005
2015-02-13,RS01SLBS-MJ01A-06-PRESTA101,1,True,5760,5760,0,0.0,0.0005
2015-02-14,RS01SLBS-MJ01A-06-PRESTA101,1,True,5760,5760,0,0.0,0.0005
2015-02-15,RS01SLBS-MJ01A-06-PRESTA101,1,True,5760,5760,0,0.0,0.0005
2015-02-16,RS01SLBS-MJ01A-06-PRESTA101,1,True,5760,5760,0,0.0,0.0005
2015-02-17,RS01SLBS-MJ01A-06-PRESTA101,1,True,5760,5760,0,0.0,0.0005
2015-02-18,RS01SLBS-MJ01A-06-PRESTA101,1,True,5760,5760,0,0.0,0.0005
2015-02-19,RS01SLBS-MJ01A-06-PRESTA101,1,True,5760,5760,0,0.0,0.0005
2015-02-20,RS01SLBS-MJ01A-06-PRESTA101,1,True,5730,5760,30,0.5208,0.5213
2015-02-21,RS01SLBS-MJ01A-06-PRESTA101,1,True,5760,5760,0,0.0,0.0005
2015-02-22,RS01SLBS-MJ01A-06-PRESTA101,1,True,5760,5760,0,0.0,0.0005
2015-02-23,RS01SLBS-MJ01A-06-PRESTA101,1,True,5760,5760,0,0.0,0.0005
2015-02-24,RS01SLBS-MJ01A-06-PRESTA101,1,True,5760,5760,0,0.0,0.0005
2015-02-25,RS01SLBS-MJ01A-06-PRESTA101,1,True,5760,5760,0,0.0,0.0005
2015-02-26,RS01SLBS-MJ01A-06-PRESTA101,1,True,5760,5760,0,0.0,0.0005
2015-02-27,RS01SLBS-MJ01A-06-PRESTA101,1,True,5760,5760,0,0.0,0.0005
2015-02-28,RS01SLBS-MJ01A-06-PRESTA101,1,True,5760,5760,0,0.0,0.0005
2015-03-01,RS01SLBS-MJ01A-06-PRESTA101,1,True,5760,5760,0,0.0,0.0005
2015-03-02,RS01SLBS-MJ01A-06-PRESTA101,1,True,5760,5760,0,0.0,0.0005
2015-03-03,RS01SLBS-MJ01A-06-PRESTA101,1,True,5760,5760,0,0.0,0.0005
2015-03-04,RS01SLBS-MJ01A-06-PRESTA101,1,True,5760,5760,0,0.0,0.0005
2015-03-05,RS01SLBS-MJ01A-06-PRESTA101,1,True,5760,5760,0,0.0,0.0005
2015-03-06,RS01SLBS-MJ01A-06-PRESTA101,1,True,5760,5760,0,0.0,0.0005
2015-03-07,RS01SLBS-MJ01A-06-PRESTA101,1,True,5528,5528,0,0.0,4.0283
2015-03-08,RS01SLBS-MJ01A-06-PRESTA101,1,False,0,0,,,
2015-03-09,RS01SLBS-MJ01A-06-PRESTA101,1,True,3919,3919,0,0.0,31.9621
2015-03-10,RS01SLBS-MJ01A-06-PRESTA101,1,True,5760,5760,0,0.0,0.0005
2015-03-11,RS01SLBS-MJ01A-06-PRESTA101,1,True,5760,5760,0,0.0,0.0005
2015-03-12,RS01SLBS-MJ01A-06-PRESTA101,1,True,5760,5760,0,0.0,0.0005
2015-03-13,RS01SLBS-MJ01A-06-PRESTA101,1,True,5760,5760,0,0.0,0.0005
2015-03-14,RS01SLBS-MJ01A-06-PRESTA101,1,True,5760,5760,0,0.0,0.0005
2015-03-15,RS01SLBS-MJ01A-06-PRESTA101,1,True,5760,5760,0,0.0,0.0005
2015-03-16,RS01SLBS-MJ01A-06-PRESTA101,1,True,5760,5760,0,0.0,0.0005
2015-03-17,RS01SLBS-MJ01A-06-PRESTA101,1,True,5760,5760,0,0.0,0.0005
2015-03-18,RS01SLBS-MJ01A-06-PRESTA101,1,True,5760,5760,0,0.0,0.0005
2015-03-19,RS01SLBS-MJ01A-06-PRESTA101,1,True,5760,5760,0,0.0,0.0005
2015-03-20,RS01SLBS-MJ01A-06-PRESTA101,1,True,5760,5760,0,0.0,0.0005
2015-03-21,RS01SLBS-MJ01A-06-PRESTA101,1,True,3389,3389,0,0.0,41.1635
2015-03-22,RS01SLBS-MJ01A-06-PRESTA101,1,True,5222,5222,0,0.0,9.3407
2015-03-23,RS01SLBS-MJ01A-06-PRESTA101,1,True,5760,5760,0,0.0,0.0005
2015-03-24,RS01SLBS-MJ01A-06-PRESTA101,1,True,5760,5760,0,0.0,0.0005
2015-03-25,RS01SLBS-MJ01A-06-PRESTA101,1,True,5760,5760,0,0.0,0.0005
2015-03-26,RS01SLBS-MJ01A-06-PRESTA101,1,True,5760,5760,0,0.0,0.0005
2015-03-27,RS01SLBS-MJ01A-06-PRESTA101,1,True,5760,5760,0,0.0,0.0005
2015-03-28,RS01SLBS-MJ01A-06-PRESTA101,1,True,5760,5760,0,0.0,0.0005
2015-03-29,RS01SLBS-MJ01A-06-PRESTA101,1,True,5760,5760,0,0.0,0.0005
2015-03-30,RS01SLBS-MJ01A-06-PRESTA101,1,True,4158,4158,0,0.0,27.8129
2015-03-31,RS01SLBS-MJ01A-06-PRESTA101,1,False,0,0,,,
2015-04-01,RS01SLBS-MJ01A-06-PRESTA101,1,True,1485,1485,0,0.0,74.2189
2015-04-02,RS01SLBS-MJ01A-06-PRESTA101,1,True,5760,5760,0,0.0,0.0005
2015-04-03,RS01SLBS-MJ01A-06-PRESTA101,1,True,5760,5760,0,0.0,0.0005
2015-04-04,RS01SLBS-MJ01A-06-PRESTA101,1,True,5760,5760,0,0.0,0.0005
2015-04-05,RS01SLBS-MJ01A-06-PRESTA101,1,True,5760,5760,0,0.0,0.0005
2015-04-06,RS01SLBS-MJ01A-06-PRESTA101,1,True,5760,5760,0,0.0,0.0005
2015-04-07,RS01SLBS-MJ01A-06-PRESTA101,1,True,5760,5760,0,0.0,0.0005
2015-04-08,RS01SLBS-MJ01A-06-PRESTA101,1,True,5760,5760,0,0.0,0.0005
2015-04-09,RS01SLBS-MJ01A-06-PRESTA101,1,True,5760,5760,0,0.0,0.0005
2015-04-10,RS01SLBS-MJ01A-06-PRESTA101,1,True,5760,5760,0,0.0,0.0005
2015-04-11,RS01SLBS-MJ01A-06-PRESTA101,1,True,5760,5760,0,0.0,0.0005
2015-04-12,RS01SLBS-MJ01A-06-PRESTA101,1,True,5760,5760,0,0.0,0.0005
2015-04-13,RS01SLBS-MJ01A-06-PRESTA101,1,True,5760,5760,0,0.0,0.0005
2015-04-14,RS01SLBS-MJ01A-06-PRESTA101,1,True,5760,5760,0,0.0,0.0005
2015-04-15,RS01SLBS-MJ01A-06-PRESTA101,1,True,5760,5760,0,0.0,0.0005
2015-04-16,RS01SLBS-MJ01A-06-PRESTA101,1,True,5760,5760,0,0.0,0.0005
2015-04-17,RS01SLBS-MJ01A-06-PRESTA101,1,True,5760,5760,0,0.0,0.0005
2015-04-18,RS01SLBS-MJ01A-06-PRESTA101,1,True,5760,5760,0,0.0,0.0005
2015-04-19,RS01SLBS-MJ01A-06-PRESTA101,1,True,5760,5760,0,0.0,0.0005
2015-04-20,RS01SLBS-MJ01A-06-PRESTA101,1,True,5760,5760,0,0.0,0.0005
2015-04-21,RS01SLBS-MJ01A-06-PRESTA101,1,True,5760,5760,0,0.0,0.0005
2015-04-22,RS01SLBS-MJ01A-06-PRESTA101,1,True,5760,5760,0,0.0,0.0005
2015-04-23,RS01SLBS-MJ01A-06-PRESTA101,1,True,5760,5760,0,0.0,0.0005
2015-04-24,RS01SLBS-MJ01A-06-PRESTA101,1,True,5760,5760,0,0.0,0.0005
2015-04-25,RS01SLBS-MJ01A-06-PRESTA101,1,True,5760,5760,0,0.0,0.0005
2015-04-26,RS01SLBS-MJ01A-06-PRESTA101,1,True,5760,5760,0,0.0,0.0005
2015-04-27,RS01SLBS-MJ01A-06-PRESTA101,1,True,5760,5760,0,0.0,0.0005
2015-04-28,RS01SLBS-MJ01A-06-PRESTA101,1,True,5760,5760,0,0.0,0.0005
2015-04-29,RS01SLBS-MJ01A-06-PRESTA101,1,True,5760,5760,0,0.0,0.0005
2015-04-30,RS01SLBS-MJ01A-06-PRESTA101,1,True,5760,5760,0,0.0,0.0005
2015-05-01,RS01SLBS-MJ01A-06-PRESTA101,1,True,5760,5760,0,0.0,0.0005
2015-05-02,RS01SLBS-MJ01A-06-PRESTA101,1,True,5760,5760,0,0.0,0.0005
2015-05-03,RS01SLBS-MJ01A-06-PRESTA101,1,True,5760,5760,0,0.0,0.0005
2015-05-04,RS01SLBS-MJ01A-06-PRESTA101,1,True,5760,5760,0,0.0,0.0005
2015-05-05,RS01SLBS-MJ01A-06-PRESTA101,1,True,5760,5760,0,0.0,0.0005
2015-05-06,RS01SLBS-MJ01A-06-PRESTA101,1,True,5760,5760,0,0.0,0.0005
2015-05-07,RS01SLBS-MJ01A-06-PRESTA101,1,True,5760,5760,0,0.0,0.0005
2015-05-08,RS01SLBS-MJ01A-06-PRESTA101,1,True,5760,5760,0,0.0,0.0005
2015-05-09,RS01SLBS-MJ01A-06-PRESTA101,1,True,5760,5760,0,0.0,0.0005
2015-05-10,RS01SLBS-MJ01A-06-PRESTA101,1,True,5760,5760,0,0.0,0.0005
2015-05-11,RS01SLBS-MJ01A-06-PRESTA101,1,True,5760,5760,0,0.0,0.0005
2015-05-12,RS01SLBS-MJ01A-06-PRESTA101,1,True,5760,5760,0,0.0,0.0005
2015-05-13,RS01SLBS-MJ01A-06-PRESTA101,1,True,5760,5760,0,0.0,0.0005
2015-05-14,RS01SLBS-MJ01A-06-PRESTA101,1,True,5760,5760,0,0.0,0.0005
2015-05-15,RS01SLBS-MJ01A-06-PRESTA101,1,True,5760,5760,0,0.0,0.0005
2015-05-16,RS01SLBS-MJ01A-06-PRESTA101,1,True,5760,5760,0,0.0,0.0005
2015-05-17,RS01SLBS-MJ01A-06-PRESTA101,1,True,5760,5760,0,0.0,0.0005
2015-05-18,RS01SLBS-MJ01A-06-PRESTA101,1,True,5760,5760,0,0.0,0.0005
2015-05-19,RS01SLBS-MJ01A-06-PRESTA101,1,True,5760,5760,0,0.0,0.0005
2015-05-20,RS01SLBS-MJ01A-06-PRESTA101,1,True,5760,5760,0,0.0,0.0005
2015-05-21,RS01SLBS-MJ01A-06-PRESTA101,1,True,5760,5760,0,0.0,0.0005
2015-05-22,RS01SLBS-MJ01A-06-PRESTA101,1,True,5760,5760,0,0.0,0.0005
2015-05-23,RS01SLBS-MJ01A-06-PRESTA101,1,True,5760,5760,0,0.0,0.0005
2015-05-24,RS01SLBS-MJ01A-06-PRESTA101,1,True,5760,5760,0,0.0,0.0005
2015-05-25,RS01SLBS-MJ01A-06-PRESTA101,1,True,5760,5760,0,0.0,0.0005
2015-05-26,RS01SLBS-MJ01A-06-PRESTA101,1,True,5760,5760,0,0.0,0.0005
2015-05-27,RS01SLBS-MJ01A-06-PRESTA101,1,True,5760,5760,0,0.0,0.0005
2015-05-28,RS01SLBS-MJ01A-06-PRESTA101,1,True,5760,5760,0,0.0,0.0005
2015-05-29,RS01SLBS-MJ01A-06-PRESTA101,1,True,5760,5760,0,0.0,0.0005
2015-05-30,RS01SLBS-MJ01A-06-PRESTA101,1,True,5760,5760,0,0.0,0.0005
2015-05-31,RS01SLBS-MJ01A-06-PRESTA101,1,True,5760,5760,0,0.0,0.0005
2015-06-01,RS01SLBS-MJ01A-06-PRESTA101,1,True,5760,5760,0,0.0,0.0005
2015-06-02,RS01SLBS-MJ01A-06-PRESTA101,1,True,5760,5760,0,0.0,0.0005
2015-06-03,RS01SLBS-MJ01A-06-PRESTA101,1,True,5760,5760,0,0.0,0.0005
2015-06-04,RS01SLBS-MJ01A-06-PRESTA101,1,True,5760,5760,0,0.0,0.0005
2015-06-05,RS01SLBS-MJ01A-06-PRESTA101,1,True,5760,5760,0,0.0,0.0005
2015-06-06,RS01SLBS-MJ01A-06-PRESTA101,1,True,5760,5760,0,0.0,0.0005
2015-06-07,RS01SLBS-MJ01A-06-PRESTA101,1,True,5760,5760,0,0.0,0.0005
2015-06-08,RS01SLBS-MJ01A-06-PRESTA101,1,True,5760,5760,0,0.0,0.0005
2015-06-09,RS01SLBS-MJ01A-06-PRESTA101,1,True,5760,5760,0,0.0,0.0005
2015-06-10,RS01SLBS-MJ01A-06-PRESTA101,1,True,5760,5760,0,0.0,0.0005
2015-06-11,RS01SLBS-MJ01A-06-PRESTA101,1,True,5760,5760,0,0.0,0.0005
2015-06-12,RS01SLBS-MJ01A-06-PRESTA101,1,True,5760,5760,0,0.0,0.0005
2015-06-13,RS01SLBS-MJ01A-06-PRESTA101,1,True,5760,5760,0,0.0,0.0005
2015-06-14,RS01SLBS-MJ01A-06-PRESTA101,1,True,5760,5760,0,0.0,0.0005
2015-06-15,RS01SLBS-MJ01A-06-PRESTA101,1,True,2582,5760,3178,55.1736,55.1738
2015-06-16,RS01SLBS-MJ01A-06-PRESTA101,1,True,5729,5760,31,0.5382,0.5387
2015-06-17,RS01SLBS-MJ01A-06-PRESTA101,1,True,5700,5761,61,1.0588,1.0422
2015-06-18,RS01SLBS-MJ01A-06-PRESTA101,1,True,5751,5760,9,0.1562,0.1567
2015-06-19,RS01SLBS-MJ01A-06-PRESTA101,1,True,5760,5760,0,0.0,0.0005
2015-06-20,RS01SLBS-MJ01A-06-PRESTA101,1,True,5760,5760,0,0.0,0.0005
2015-06-21,RS01SLBS-MJ01A-06-PRESTA101,1,True,5760,5760,0,0.0,0.0005
2015-06-22,RS01SLBS-MJ01A-06-PRESTA101,1,True,5751,5760,9,0.1562,0.1567
2015-06-23,RS01SLBS-MJ01A-06-PRESTA101,1,True,5760,5760,0,0.0,0.0005
2015-06-24,RS01SLBS-MJ01A-06-PRESTA101,1,True,5732,5760,28,0.4861,0.4866
2015-06-25,RS01SLBS-MJ01A-06-PRESTA101,1,True,5760,5760,0,0.0,0.0005
2015-06-26,RS01SLBS-MJ01A-06-PRESTA101,1,True,5760,5760,0,0.0,0.0005
2015-06-27,RS01SLBS-MJ01A-06-PRESTA101,1,True,5752,5760,8,0.1389,0.1394
2015-06-28,RS01SLBS-MJ01A-06-PRESTA101,1,True,5760,5760,0,0.0,0.0005
2015-06-29,RS01SLBS-MJ01A-06-PRESTA101,1,True,5760,5760,0,0.0,0.0005
2015-06-30,RS01SLBS-MJ01A-06-PRESTA101,1,False,0,0,,,
2015-07-01,RS01SLBS-MJ01A-06-PRESTA101,1,True,5760,5760,0,0.0,0.0005
2015-07-02,RS01SLBS-MJ01A-06-PRESTA101,1,True,5760,5760,0,0.0,0.0005
2015-07-03,RS01SLBS-MJ01A-06-PRESTA101,1,True,5752,5760,8,0.1389,0.1394
2015-07-04,RS01SLBS-MJ01A-06-PRESTA101,1,True,5760,5760,0,0.0,0.0005
2015-07-05,RS01SLBS-MJ01A-06-PRESTA101,1,True,5760,5760,0,0.0,0.0005
2015-07-06,RS01SLBS-MJ01A-06-PRESTA101,1,True,5760,5760,0,0.0,0.0005
2015-07-07,RS01SLBS-MJ01A-06-PRESTA101,1,True,5760,5760,0,0.0,0.0005
2015-07-08,RS01SLBS-MJ01A-06-PRESTA101,1,True,5751,5760,9,0.1562,0.1567
2015-07-09,RS01SLBS-MJ01A-06-PRESTA101,1,True,5751,5760,9,0.1562,0.1567
2015-07-10,RS01SLBS-MJ01A-06-PRESTA101,1,True,5722,5761,39,0.677,0.6602
2015-07-11,RS01SLBS-MJ01A-06-PRESTA101,1,True,5760,5760,0,0.0,0.0005
2015-07-12,RS01SLBS-MJ01A-06-PRESTA101,1,True,5760,5760,0,0.0,0.0005
2015-07-13,RS01SLBS-MJ01A-06-PRESTA101,1,True,5760,5760,0,0.0,0.0005
2015-07-14,RS01SLBS-MJ01A-06-PRESTA101,1,True,5751,5759,8,0.1389,0.1567
2015-07-15,RS01SLBS-MJ01A-06-PRESTA101,1,True,3355,5760,2405,41.7535,41.7538
2015-07-16,RS01SLBS-MJ01A-06-PRESTA101,1,True,5723,5760,37,0.6424,0.6429
2015-07-17,RS01SLBS-MJ01A-06-PRESTA101,1,True,5760,5760,0,0.0,0.0005
2015-07-18,RS01SLBS-MJ01A-06-PRESTA101,1,True,5760,5760,0,0.0,0.0005
2015-07-19,RS01SLBS-MJ01A-06-PRESTA101,1,True,5760,5760,0,0.0,0.0005
2015-07-20,RS01SLBS-MJ01A-06-PRESTA101,1,True,5760,5760,0,0.0,0.0005
2015-07-21,RS01SLBS-MJ01A-06-PRESTA101,1,True,5760,5760,0,0.0,0.0005
2015-07-22,RS01SLBS-MJ01A-06-PRESTA101,1,True,5760,5760,0,0.0,0.0005
2015-07-23,RS01SLBS-MJ01A-06-PRESTA101,1,True,5760,5760,0,0.0,0.0005
2015-07-24,RS01SLBS-MJ01A-06-PRESTA101,1,True,5760,5760,0,0.0,0.0005
2015-07-25,RS01SLBS-MJ01A-06-PRESTA101,1,True,5760,5760,0,0.0,0.0005
2015-07-26,RS01SLBS-MJ01A-06-PRESTA101,1,True,5760,5760,0,0.0,0.0005
2015-07-27,RS01SLBS-MJ01A-06-PRESTA101,1,True,5760,5760,0,0.0,0.0005
2015-07-28,RS01SLBS-MJ01A-06-PRESTA101,1,True,5760,5760,0,0.0,0.0005
2015-07-29,RS01SLBS-MJ01A-06-PRESTA101,1,True,5760,5760,0,0.0,0.0005
2015-07-30,RS01SLBS-MJ01A-06-PRESTA101,1,True,5760,5760,0,0.0,0.0005
2015-07-31,RS01SLBS-MJ01A-06-PRESTA101,1,True,5760,5760,0,0.0,0.0005
2015-08-01,RS01SLBS-MJ01A-06-PRESTA101,1,True,5760,5760,0,0.0,0.0005
2015-08-02,RS01SLBS-MJ01A-06-PRESTA101,1,True,5760,5760,0,0.0,0.0005
2015-08-03,RS01SLBS-MJ01A-06-PRESTA101,1,True,5760,5760,0,0.0,0.0005
2015-08-04,RS01SLBS-MJ01A-06-PRESTA101,1,True,5760,5760,0,0.0,0.0005
2015-08-05,RS01SLBS-MJ01A-06-PRESTA101,1,True,5760,5760,0,0.0,0.0005
2015-08-06,RS01SLBS-MJ01A-06-PRESTA101,1,True,5760,5760,0,0.0,0.0005
2015-08-07,RS01SLBS-MJ01A-06-PRESTA101,1,True,5760,5760,0,0.0,0.0005
2015-08-08,RS01SLBS-MJ01A-06-PRESTA101,1,True,5760,5760,0,0.0,0.0005
2015-08-09,RS01SLBS-MJ01A-06-PRESTA101,1,True,5760,5760,0,0.0,0.0005
2015-08-10,RS01SLBS-MJ01A-06-PRESTA101,1,True,5760,5760,0,0.0,0.0005
2015-08-11,RS01SLBS-MJ01A-06-PRESTA101,1,True,5760,5760,0,0.0,0.0005
2015-08-12,RS01SLBS-MJ01A-06-PRESTA101,1,True,5760,5760,0,0.0,0.0005
2015-08-13,RS01SLBS-MJ01A-06-PRESTA101,1,True,5760,5760,0,0.0,0.0005
2015-08-14,RS01SLBS-MJ01A-06-PRESTA101,1,True,5760,5760,0,0.0,0.0005
2015-08-15,RS01SLBS-MJ01A-06-PRESTA101,1,True,3382,3382,0,0.0,41.285
2015-08-16,RS01SLBS-MJ01A-06-PRESTA101,1,True,5156,5156,0,0.0,10.4866
2015-08-17,RS01SLBS-MJ01A-06-PRESTA101,1,True,5760,5760,0,0.0,0.0005
2015-08-18,RS01SLBS-MJ01A-06-PRESTA101,1,True,5760,5760,0,0.0,0.0005
2015-08-19,RS01SLBS-MJ01A-06-PRESTA101,1,True,5760,5760,0,0.0,0.0005
2015-08-20,RS01SLBS-MJ01A-06-PRESTA101,1,True,5760,5760,0,0.0,0.0005
2015-08-21,RS01SLBS-MJ01A-06-PRESTA101,1,True,5461,5760,299,5.191,5.1914
2015-08-22,RS01SLBS-MJ01A-06-PRESTA101,1,True,5760,5760,0,0.0,0.0005
2015-08-23,RS01SLBS-MJ01A-06-PRESTA101,1,True,5760,5760,0,0.0,0.0005
2015-08-24,RS01SLBS-MJ01A-06-PRESTA101,1,True,5760,5760,0,0.0,0.0005
2015-08-25,RS01SLBS-MJ01A-06-PRESTA101,1,True,5760,5760,0,0.0,0.0005
2015-08-26,RS01SLBS-MJ01A-06-PRESTA101,1,True,5760,5760,0,0.0,0.0005
2015-08-27,RS01SLBS-MJ01A-06-PRESTA101,1,True,5760,5760,0,0.0,0.0005
2015-08-28,RS01SLBS-MJ01A-06-PRESTA101,1,True,5760,5760,0,0.0,0.0005
2015-08-29,RS01SLBS-MJ01A-06-PRESTA101,1,True,5669,5760,91,1.5799,1.5804
2015-08-30,RS01SLBS-MJ01A-06-PRESTA101,1,True,5760,5760,0,0.0,0.0005
2015-08-31,RS01SLBS-MJ01A-06-PRESTA101,1,True,5760,5760,0,0.0,0.0005
2015-09-01,RS01SLBS-MJ01A-06-PRESTA101,1,True,5760,5760,0,0.0,0.0005
2015-09-02,RS01SLBS-MJ01A-06-PRESTA101,1,True,5760,5760,0,0.0,0.0005
2015-09-03,RS01SLBS-MJ01A-06-PRESTA101,1,True,5760,5760,0,0.0,0.0005
2015-09-04,RS01SLBS-MJ01A-06-PRESTA101,1,True,5760,5760,0,0.0,0.0005
2015-09-05,RS01SLBS-MJ01A-06-PRESTA101,1,True,5760,5760,0,0.0,0.0005
2015-09-06,RS01SLBS-MJ01A-06-PRESTA101,1,True,5760,5760,0,0.0,0.0005
2015-09-07,RS01SLBS-MJ01A-06-PRESTA101,1,True,5760,5760,0,0.0,0.0005
2015-09-08,RS01SLBS-MJ01A-06-PRESTA101,1,True,5760,5760,0,0.0,0.0005
2015-09-09,RS01SLBS-MJ01A-06-PRESTA101,1,True,5760,5760,0,0.0,0.0005
2015-09-10,RS01SLBS-MJ01A-06-PRESTA101,1,True,5730,5761,31,0.5381,0.5213
2015-09-11,RS01SLBS-MJ01A-06-PRESTA101,1,True,5760,5760,0,0.0,0.0005
2015-09-12,RS01SLBS-MJ01A-06-PRESTA101,1,True,5760,5760,0,0.0,0.0005
2015-09-13,RS01SLBS-MJ01A-06-PRESTA101,1,True,5760,5760,0,0.0,0.0005
2015-09-14,RS01SLBS-MJ01A-06-PRESTA101,1,True,5760,5760,0,0.0,0.0005
2015-09-15,RS01SLBS-MJ01A-06-PRESTA101,1,True,5760,5760,0,0.0,0.0005
2015-09-16,RS01SLBS-MJ01A-06-PRESTA101,1,True,5760,5760,0,0.0,0.0005
2015-09-17,RS01SLBS-MJ01A-06-PRESTA101,1,True,5760,5760,0,0.0,0.0005
2015-09-18,RS01SLBS-MJ01A-06-PRESTA101,1,True,5760,5760,0,0.0,0.0005
2015-09-19,RS01SLBS-MJ01A-06-PRESTA101,1,True,5760,5760,0,0.0,0.0005
2015-09-20,RS01SLBS-MJ01A-06-PRESTA101,1,True,5760,5760,0,0.0,0.0005
2015-09-21,RS01SLBS-MJ01A-06-PRESTA101,1,True,5760,5760,0,0.0,0.0005
2015-09-22,RS01SLBS-MJ01A-06-PRESTA101,1,True,5760,5760,0,0.0,0.0005
2015-09-23,RS01SLBS-MJ01A-06-PRESTA101,1,True,5760,5760,0,0.0,0.0005
2015-09-24,RS01SLBS-MJ01A-06-PRESTA101,1,True,5760,5760,0,0.0,0.0005
2015-09-25,RS01SLBS-MJ01A-06-PRESTA101,1,True,5760,5760,0,0.0,0.0005
2015-09-26,RS01SLBS-MJ01A-06-PRESTA101,1,True,5760,5760,0,0.0,0.0005
2015-09-27,RS01SLBS-MJ01A-06-PRESTA101,1,True,5760,5760,0,0.0,0.0005
2015-09-28,RS01SLBS-MJ01A-06-PRESTA101,1,True,5760,5760,0,0.0,0.0005
2015-09-29,RS01SLBS-MJ01A-06-PRESTA101,1,True,5760,5760,0,0.0,0.0005
2015-09-30,RS01SLBS-MJ01A-06-PRESTA101,1,True,5760,5760,0,0.0,0.0005
2015-10-01,RS01SLBS-MJ01A-06-PRESTA101,1,True,5760,5760,0,0.0,0.0005
2015-10-02,RS01SLBS-MJ01A-06-PRESTA101,1,True,5760,5760,0,0.0,0.0005
2015-10-03,RS01SLBS-MJ01A-06-PRESTA101,1,True,5760,5760,0,0.0,0.0005
2015-10-04,RS01SLBS-MJ01A-06-PRESTA101,1,True,5760,5760,0,0.0,0.0005
2015-10-05,RS01SLBS-MJ01A-06-PRESTA101,1,True,5760,5760,0,0.0,0.0005
2015-10-06,RS01SLBS-MJ01A-06-PRESTA101,1,True,5760,5760,0,0.0,0.0005
2015-10-07,RS01SLBS-MJ01A-06-PRESTA101,1,True,5760,5760,0,0.0,0.0005
2015-10-08,RS01SLBS-MJ01A-06-PRESTA101,1,True,5760,5760,0,0.0,0.0005
2015-10-09,RS01SLBS-MJ01A-06-PRESTA101,1,True,5760,5760,0,0.0,0.0005
2015-10-10,RS01SLBS-MJ01A-06-PRESTA101,1,True,5760,5760,0,0.0,0.0005
2015-10-11,RS01SLBS-MJ01A-06-PRESTA101,1,True,5760,5760,0,0.0,0.0005
2015-10-12,RS01SLBS-MJ01A-06-PRESTA101,1,True,5760,5760,0,0.0,0.0005
2015-10-13,RS01SLBS-MJ01A-06-PRESTA101,1,True,5760,5760,0,0.0,0.0005
2015-10-14,RS01SLBS-MJ01A-06-PRESTA101,1,True,5760,5760,0,0.0,0.0005
2015-10-15,RS01SLBS-MJ01A-06-PRESTA101,1,True,5760,5760,0,0.0,0.0005
2015-10-16,RS01SLBS-MJ01A-06-PRESTA101,1,True,5760,5760,0,0.0,0.0005
2015-10-17,RS01SLBS-MJ01A-06-PRESTA101,1,True,5760,5760,0,0.0,0.0005
2015-10-18,RS01SLBS-MJ01A-06-PRESTA101,1,True,5760,5760,0,0.0,0.0005
2015-10-19,RS01SLBS-MJ01A-06-PRESTA101,1,True,5698,5760,62,1.0764,1.0769
2015-10-20,RS01SLBS-MJ01A-06-PRESTA101,1,True,5760,5760,0,0.0,0.0005
2015-10-21,RS01SLBS-MJ01A-06-PRESTA101,1,True,5760,5760,0,0.0,0.0005
2015-10-22,RS01SLBS-MJ01A-06-PRESTA101,1,True,5760,5760,0,0.0,0.0005
2015-10-23,RS01SLBS-MJ01A-06-PRESTA101,1,True,5760,5760,0,0.0,0.0005
2015-10-24,RS01SLBS-MJ01A-06-PRESTA101,1,True,5760,5760,0,0.0,0.0005
2015-10-25,RS01SLBS-MJ01A-06-PRESTA101,1,True,5760,5760,0,0.0,0.0005
2015-10-26,RS01SLBS-MJ01A-06-PRESTA101,1,True,5760,5760,0,0.0,0.0005
2015-10-27,RS01SLBS-MJ01A-06-PRESTA101,1,True,5760,5760,0,0.0,0.0005
2015-10-28,RS01SLBS-MJ01A-06-PRESTA101,1,True,5760,5760,0,0.0,0.0005
2015-10-29,RS01SLBS-MJ01A-06-PRESTA101,1,True,5748,5760,12,0.2083,0.2088
2015-10-30,RS01SLBS-MJ01A-06-PRESTA101,1,True,5760,5760,0,0.0,0.0005
2015-10-31,RS01SLBS-MJ01A-06-PRESTA101,1,True,5760,5760,0,0.0,0.0005
2015-11-01,RS01SLBS-MJ01A-06-PRESTA101,1,True,5760,5760,0,0.0,0.0005
2015-11-02,RS01SLBS-MJ01A-06-PRESTA101,1,True,5760,5760,0,0.0,0.0005
2015-11-03,RS01SLBS-MJ01A-06-PRESTA101,1,True,5760,5760,0,0.0,0.0005
2015-11-04,RS01SLBS-MJ01A-06-PRESTA101,1,True,5760,5760,0,0.0,0.0005
2015-11-05,RS01SLBS-MJ01A-06-PRESTA101,1,True,5760,5760,0,0.0,0.0005
2015-11-06,RS01SLBS-MJ01A-06-PRESTA101,1,True,5760,5760,0,0.0,0.0005
2015-11-07,RS01SLBS-MJ01A-06-PRESTA101,1,True,3650,5760,2110,36.6319,36.6323
2015-11-08,RS01SLBS-MJ01A-06-PRESTA101,1,True,5760,5760,0,0.0,0.0005
2015-11-09,RS01SLBS-MJ01A-06-PRESTA101,1,True,5754,5760,6,0.1042,0.1047
2015-11-10,RS01SLBS-MJ01A-06-PRESTA101,1,True,5760,5760,0,0.0,0.0005
2015-11-11,RS01SLBS-MJ01A-06-PRESTA101,1,True,5760,5760,0,0.0,0.0005
2015-11-12,RS01SLBS-MJ01A-06-PRESTA101,1,True,5760,5760,0,0.0,0.0005
2015-11-13,RS01SLBS-MJ01A-06-PRESTA101,1,True,5760,5760,0,0.0,0.0005
2015-11-14,RS01SLBS-MJ01A-06-PRESTA101,1,True,5760,5760,0,0.0,0.0005
2015-11-15,RS01SLBS-MJ01A-06-PRESTA101,1,True,5760,5760,0,0.0,0.0005
2015-11-16,RS01SLBS-MJ01A-06-PRESTA101,1,True,5760,5760,0,0.0,0.0005
2015-11-17,RS01SLBS-MJ01A-06-PRESTA101,1,True,5760,5760,0,0.0,0.0005
2015-11-18,RS01SLBS-MJ01A-06-PRESTA101,1,True,5760,5760,0,0.0,0.0005
2015-11-19,RS01SLBS-MJ01A-06-PRESTA101,1,True,5760,5760,0,0.0,0.0005
2015-11-20,RS01SLBS-MJ01A-06-PRESTA101,1,True,5760,5760,0,0.0,0.0005
2015-11-21,RS01SLBS-MJ01A-06-PRESTA101,1,True,5760,5760,0,0.0,0.0005
2015-11-22,RS01SLBS-MJ01A-06-PRESTA101,1,True,5760,5760,0,0.0,0.0005
2015-11-23,RS01SLBS-MJ01A-06-PRESTA101,1,True,5760,5760,0,0.0,0.0005
2015-11-24,RS01SLBS-MJ01A-06-PRESTA101,1,True,5760,5760,0,0.0,0.0005
2015-11-25,RS01SLBS-MJ01A-06-PRESTA101,1,True,5759,5760,1,0.0174,0.0179
2015-11-26,RS01SLBS-MJ01A-06-PRESTA101,1,True,5760,5760,0,0.0,0.0005
2015-11-27,RS01SLBS-MJ01A-06-PRESTA101,1,True,5760,5760,0,0.0,0.0005
2015-11-28,RS01SLBS-MJ01A-06-PRESTA101,1,True,5760,5760,0,0.0,0.0005
2015-11-29,RS01SLBS-MJ01A-06-PRESTA101,1,True,5760,5760,0,0.0,0.0005
2015-11-30,RS01SLBS-MJ01A-06-PRESTA101,1,True,5760,5760,0,0.0,0.0005
2015-12-01,RS01SLBS-MJ01A-06-PRESTA101,1,True,5760,5760,0,0.0,0.0005
2015-12-02,RS01SLBS-MJ01A-06-PRESTA101,1,True,5754,5760,6,0.1042,0.1047
2015-12-03,RS01SLBS-MJ01A-06-PRESTA101,1,True,5760,5760,0,0.0,0.0005
2015-12-04,RS01SLBS-MJ01A-06-PRESTA101,1,True,5760,5760,0,0.0,0.0005
2015-12-05,RS01SLBS-MJ01A-06-PRESTA101,1,True,5760,5760,0,0.0,0.0005
2015-12-06,RS01SLBS-MJ01A-06-PRESTA101,1,True,5760,5760,0,0.0,0.0005
2015-12-07,RS01SLBS-MJ01A-06-PRESTA101,1,True,5760,5760,0,0.0,0.0005
2015-12-08,RS01SLBS-MJ01A-06-PRESTA101,1,True,5760,5760,0,0.0,0.0005
2015-12-09,RS01SLBS-MJ01A-06-PRESTA101,1,True,5760,5760,0,0.0,0.0005
2015-12-10,RS01SLBS-MJ01A-06-PRESTA101,1,True,5760,5760,0,0.0,0.0005
2015-12-11,RS01SLBS-MJ01A-06-PRESTA101,1,True,5760,5760,0,0.0,0.0005
2015-12-12,RS01SLBS-MJ01A-06-PRESTA101,1,True,5760,5760,0,0.0,0.0005
2015-12-13,RS01SLBS-MJ01A-06-PRESTA101,1,True,5760,5760,0,0.0,0.0005
2015-12-14,RS01SLBS-MJ01A-06-PRESTA101,1,True,5760,5760,0,0.0,0.0005
2015-12-15,RS01SLBS-MJ01A-06-PRESTA101,1,True,5760,5760,0,0.0,0.0005
2015-12-16,RS01SLBS-MJ01A-06-PRESTA101,1,True,5760,5760,0,0.0,0.0005
2015-12-17,RS01SLBS-MJ01A-06-PRESTA101,1,True,5760,5760,0,0.0,0.0005
2015-12-18,RS01SLBS-MJ01A-06-PRESTA101,1,True,5760,5760,0,0.0,0.0005
2015-12-19,RS01SLBS-MJ01A-06-PRESTA101,1,True,5760,5760,0,0.0,0.0005
2015-12-20,RS01SLBS-MJ01A-06-PRESTA101,1,True,5760,5760,0,0.0,0.0005
2015-12-21,RS01SLBS-MJ01A-06-PRESTA101,1,True,5760,5760,0,0.0,0.0005
2015-12-22,RS01SLBS-MJ01A-06-PRESTA101,1,True,5760,5760,0,0.0,0.0005
2015-12-23,RS01SLBS-MJ01A-06-PRESTA101,1,True,5760,5760,0,0.0,0.0005
2015-12-24,RS01SLBS-MJ01A-06-PRESTA101,1,True,5760,5760,0,0.0,0.0005
2015-12-25,RS01SLBS-MJ01A-06-PRESTA101,1,True,5760,5760,0,0.0,0.0005
2015-12-26,RS01SLBS-MJ01A-06-PRESTA101,1,True,5760,5760,0,0.0,0.0005
2015-12-27,RS01SLBS-MJ01A-06-PRESTA101,1,True,5760,5760,0,0.0,0.0005
2015-12-28,RS01SLBS-MJ01A-06-PRESTA101,1,True,5760,5760,0,0.0,0.0005
2015-12-29,RS01SLBS-MJ01A-06-PRESTA101,1,True,5760,5760,0,0.0,0.0005
2015-12-30,RS01SLBS-MJ01A-06-PRESTA101,1,True,5760,5760,0,0.0,0.0005
2015-12-31,RS01SLBS-MJ01A-06-PRESTA101,1,True,5760,5760,0,0.0,0.0005
2016-01-01,RS01SLBS-MJ01A-06-PRESTA101,1,True,5760,5760,0,0.0,0.0005
2016-01-02,RS01SLBS-MJ01A-06-PRESTA101,1,True,5760,5760,0,0.0,0.0005
2016-01-03,RS01SLBS-MJ01A-06-PRESTA101,1,True,5760,5760,0,0.0,0.0005
2016-01-04,RS01SLBS-MJ01A-06-PRESTA101,1,True,5760,5760,0,0.0,0.0005
2016-01-05,RS01SLBS-MJ01A-06-PRESTA101,1,True,5760,5760,0,0.0,0.0005
2016-01-06,RS01SLBS-MJ01A-06-PRESTA101,1,True,5760,5760,0,0.0,0.0005
2016-01-07,RS01SLBS-MJ01A-06-PRESTA101,1,True,5733,5760,27,0.4688,0.4692
2016-01-08,RS01SLBS-MJ01A-06-PRESTA101,1,True,5760,5760,0,0.0,0.0005
2016-01-09,RS01SLBS-MJ01A-06-PRESTA101,1,True,5760,5760,0,0.0,0.0005
2016-01-10,RS01SLBS-MJ01A-06-PRESTA101,1,True,5760,5760,0,0.0,0.0005
2016-01-11,RS01SLBS-MJ01A-06-PRESTA101,1,True,5760,5760,0,0.0,0.0005
2016-01-12,RS01SLBS-MJ01A-06-PRESTA101,1,True,5760,5760,0,0.0,0.0005
2016-01-13,RS01SLBS-MJ01A-06-PRESTA101,1,True,5760,5760,0,0.0,0.0005
2016-01-14,RS01SLBS-MJ01A-06-PRESTA101,1,True,5760,5760,0,0.0,0.0005
2016-01-15,RS01SLBS-MJ01A-06-PRESTA101,1,True,5760,5760,0,0.0,0.0005
2016-01-16,RS01SLBS-MJ01A-06-PRESTA101,1,True,5760,5760,0,0.0,0.0005
2016-01-17,RS01SLBS-MJ01A-06-PRESTA101,1,True,5760,5760,0,0.0,0.0005
2016-01-18,RS01SLBS-MJ01A-06-PRESTA101,1,True,5760,5760,0,0.0,0.0005
2016-01-19,RS01SLBS-MJ01A-06-PRESTA101,1,True,5760,5760,0,0.0,0.0005
2016-01-20,RS01SLBS-MJ01A-06-PRESTA101,1,True,5759,5760,1,0.0174,0.0179
2016-01-21,RS01SLBS-MJ01A-06-PRESTA101,1,True,5760,5760,0,0.0,0.0005
2016-01-22,RS01SLBS-MJ01A-06-PRESTA101,1,True,5760,5760,0,0.0,0.0005
2016-01-23,RS01SLBS-MJ01A-06-PRESTA101,1,True,5760,5760,0,0.0,0.0005
2016-01-24,RS01SLBS-MJ01A-06-PRESTA101,1,True,5760,5760,0,0.0,0.0005
2016-01-25,RS01SLBS-MJ01A-06-PRESTA101,1,True,5760,5760,0,0.0,0.0005
2016-01-26,RS01SLBS-MJ01A-06-PRESTA101,1,True,5760,5760,0,0.0,0.0005
2016-01-27,RS01SLBS-MJ01A-06-PRESTA101,1,True,5760,5760,0,0.0,0.0005
2016-01-28,RS01SLBS-MJ01A-06-PRESTA101,1,True,5760,5760,0,0.0,0.0005
2016-01-29,RS01SLBS-MJ01A-06-PRESTA101,1,True,5760,5760,0,0.0,0.0005
2016-01-30,RS01SLBS-MJ01A-06-PRESTA101,1,True,4832,4832,0,0.0,16.1115
2016-01-31,RS01SLBS-MJ01A-06-PRESTA101,1,True,5144,5144,0,0.0,10.6949
2016-02-01,RS01SLBS-MJ01A-06-PRESTA101,1,True,5759,5760,1,0.0174,0.0179
2016-02-02,RS01SLBS-MJ01A-06-PRESTA101,1,True,5760,5760,0,0.0,0.0005
2016-02-03,RS01SLBS-MJ01A-06-PRESTA101,1,True,5760,5760,0,0.0,0.0005
2016-02-04,RS01SLBS-MJ01A-06-PRESTA101,1,True,5760,5760,0,0.0,0.0005
2016-02-05,RS01SLBS-MJ01A-06-PRESTA101,1,True,5760,5760,0,0.0,0.0005
2016-02-06,RS01SLBS-MJ01A-06-PRESTA101,1,True,5760,5760,0,0.0,0.0005
2016-02-07,RS01SLBS-MJ01A-06-PRESTA101,1,True,5760,5760,0,0.0,0.0005
2016-02-08,RS01SLBS-MJ01A-06-PRESTA101,1,True,5760,5760,0,0.0,0.0005
2016-02-09,RS01SLBS-MJ01A-06-PRESTA101,1,True,5760,5760,0,0.0,0.0005
2016-02-10,RS01SLBS-MJ01A-06-PRESTA101,1,True,5760,5760,0,0.0,0.0005
2016-02-11,RS01SLBS-MJ01A-06-PRESTA101,1,True,5760,5760,0,0.0,0.0005
2016-02-12,RS01SLBS-MJ01A-06-PRESTA101,1,True,5760,5760,0,0.0,0.0005
2016-02-13,RS01SLBS-MJ01A-06-PRESTA101,1,True,5760,5760,0,0.0,0.0005
2016-02-14,RS01SLBS-MJ01A-06-PRESTA101,1,True,5760,5760,0,0.0,0.0005
2016-02-15,RS01SLBS-MJ01A-06-PRESTA101,1,True,5759,5760,1,0.0174,0.0179
2016-02-16,RS01SLBS-MJ01A-06-PRESTA101,1,True,5760,5760,0,0.0,0.0005
2016-02-17,RS01SLBS-MJ01A-06-PRESTA101,1,True,5760,5760,0,0.0,0.0005
2016-02-18,RS01SLBS-MJ01A-06-PRESTA101,1,True,5760,5760,0,0.0,0.0005
2016-02-19,RS01SLBS-MJ01A-06-PRESTA101,1,True,5760,5760,0,0.0,0.0005
2016-02-20,RS01SLBS-MJ01A-06-PRESTA101,1,True,5760,5760,0,0.0,0.0005
2016-02-21,RS01SLBS-MJ01A-06-PRESTA101,1,True,5760,5760,0,0.0,0.0005
2016-02-22,RS01SLBS-MJ01A-06-PRESTA101,1,True,5760,5760,0,0.0,0.0005
2016-02-23,RS01SLBS-MJ01A-06-PRESTA101,1,True,5760,5760,0,0.0,0.0005
2016-02-24,RS01SLBS-MJ01A-06-PRESTA101,1,True,5760,5760,0,0.0,0.0005
2016-02-25,RS01SLBS-MJ01A-06-PRESTA101,1,True,5760,5760,0,0.0,0.0005
2016-02-26,RS01SLBS-MJ01A-06-PRESTA101,1,True,5760,5760,0,0.0,0.0005
2016-02-27,RS01SLBS-MJ01A-06-PRESTA101,1,True,5760,5760,0,0.0,0.0005
2016-02-28,RS01SLBS-MJ01A-06-PRESTA101,1,True,5760,5760,0,0.0,0.0005
2016-02-29,RS01SLBS-MJ01A-06-PRESTA101,1,True,5760,5760,0,0.0,0.0005
2016-03-01,RS01SLBS-MJ01A-06-PRESTA101,1,True,5754,5760,6,0.1042,0.1047
2016-03-02,RS01SLBS-MJ01A-06-PRESTA101,1,True,5760,5760,0,0.0,0.0005
2016-03-03,RS01SLBS-MJ01A-06-PRESTA101,1,True,4804,5760,956,16.5972,16.5976
2016-03-04,RS01SLBS-MJ01A-06-PRESTA101,1,True,5760,5760,0,0.0,0.0005
2016-03-05,RS01SLBS-MJ01A-06-PRESTA101,1,True,5760,5760,0,0.0,0.0005
2016-03-06,RS01SLBS-MJ01A-06-PRESTA101,1,True,5760,5760,0,0.0,0.0005
2016-03-07,RS01SLBS-MJ01A-06-PRESTA101,1,True,5760,5760,0,0.0,0.0005
2016-03-08,RS01SLBS-MJ01A-06-PRESTA101,1,True,5753,5760,7,0.1215,0.122
2016-03-09,RS01SLBS-MJ01A-06-PRESTA101,1,True,5760,5760,0,0.0,0.0005
2016-03-10,RS01SLBS-MJ01A-06-PRESTA101,1,True,5547,5547,0,0.0,3.6984
2016-03-11,RS01SLBS-MJ01A-06-PRESTA101,1,True,3932,3932,0,0.0,31.7365
2016-03-12,RS01SLBS-MJ01A-06-PRESTA101,1,True,5760,5760,0,0.0,0.0005
2016-03-13,RS01SLBS-MJ01A-06-PRESTA101,1,True,5760,5760,0,0.0,0.0005
2016-03-14,RS01SLBS-MJ01A-06-PRESTA101,1,True,5760,5760,0,0.0,0.0005
2016-03-15,RS01SLBS-MJ01A-06-PRESTA101,1,True,5760,5760,0,0.0,0.0005
2016-03-16,RS01SLBS-MJ01A-06-PRESTA101,1,True,5732,5760,28,0.4861,0.4866
2016-03-17,RS01SLBS-MJ01A-06-PRESTA101,1,True,5754,5760,6,0.1042,0.1047
2016-03-18,RS01SLBS-MJ01A-06-PRESTA101,1,True,5760,5760,0,0.0,0.0005
2016-03-19,RS01SLBS-MJ01A-06-PRESTA101,1,True,5760,5760,0,0.0,0.0005
2016-03-20,RS01SLBS-MJ01A-06-PRESTA101,1,True,5760,5760,0,0.0,0.0005
2016-03-21,RS01SLBS-MJ01A-06-PRESTA101,1,True,5760,5760,0,0.0,0.0005
2016-03-22,RS01SLBS-MJ01A-06-PRESTA101,1,True,5760,5760,0,0.0,0.0005
2016-03-23,RS01SLBS-MJ01A-06-PRESTA101,1,True,5760,5760,0,0.0,0.0005
2016-03-24,RS01SLBS-MJ01A-06-PRESTA101,1,True,5760,5760,0,0.0,0.0005
2016-03-25,RS01SLBS-MJ01A-06-PRESTA101,1,True,5760,5760,0,0.0,0.0005
2016-03-26,RS01SLBS-MJ01A-06-PRESTA101,1,True,5760,5760,0,0.0,0.0005
2016-03-27,RS01SLBS-MJ01A-06-PRESTA101,1,True,5760,5760,0,0.0,0.0005
2016-03-28,RS01SLBS-MJ01A-06-PRESTA101,1,True,5760,5760,0,0.0,0.0005
2016-03-29,RS01SLBS-MJ01A-06-PRESTA101,1,True,5760,5760,0,0.0,0.0005
2016-03-30,RS01SLBS-MJ01A-06-PRESTA101,1,True,5760,5760,0,0.0,0.0005
2016-03-31,RS01SLBS-MJ01A-06-PRESTA101,1,True,5759,5760,1,0.0174,0.0179
2016-04-01,RS01SLBS-MJ01A-06-PRESTA101,1,True,5754,5760,6,0.1042,0.1047
2016-04-02,RS01SLBS-MJ01A-06-PRESTA101,1,True,5754,5760,6,0.1042,0.1047
2016-04-03,RS01SLBS-MJ01A-06-PRESTA101,1,True,5760,5760,0,0.0,0.0005
2016-04-04,RS01SLBS-MJ01A-06-PRESTA101,1,True,5760,5760,0,0.0,0.0005
2016-04-05,RS01SLBS-MJ01A-06-PRESTA101,1,True,5760,5760,0,0.0,0.0005
2016-04-06,RS01SLBS-MJ01A-06-PRESTA101,1,True,5760,5760,0,0.0,0.0005
2016-04-07,RS01SLBS-MJ01A-06-PRESTA101,1,True,5760,5760,0,0.0,0.0005
2016-04-08,RS01SLBS-MJ01A-06-PRESTA101,1,True,5747,5760,13,0.2257,0.2262
2016-04-09,RS01SLBS-MJ01A-06-PRESTA101,1,True,5760,5760,0,0.0,0.0005
2016-04-10,RS01SLBS-MJ01A-06-PRESTA101,1,True,5760,5760,0,0.0,0.0005
2016-04-11,RS01SLBS-MJ01A-06-PRESTA101,1,True,5760,5760,0,0.0,0.0005
2016-04-12,RS01SLBS-MJ01A-06-PRESTA101,1,True,5760,5760,0,0.0,0.0005
2016-04-13,RS01SLBS-MJ01A-06-PRESTA101,1,True,5760,5760,0,0.0,0.0005
2016-04-14,RS01SLBS-MJ01A-06-PRESTA101,1,True,5753,5760,7,0.1215,0.122
2016-04-15,RS01SLBS-MJ01A-06-PRESTA101,1,True,5760,5760,0,0.0,0.0005
2016-04-16,RS01SLBS-MJ01A-06-PRESTA101,1,True,5760,5760,0,0.0,0.0005
2016-04-17,RS01SLBS-MJ01A-06-PRESTA101,1,True,5760,5760,0,0.0,0.0005
2016-04-18,RS01SLBS-MJ01A-06-PRESTA101,1,True,5760,5760,0,0.0,0.0005
2016-04-19,RS01SLBS-MJ01A-06-PRESTA101,1,True,5760,5760,0,0.0,0.0005
2016-04-20,RS01SLBS-MJ01A-06-PRESTA101,1,True,5759,5760,1,0.0174,0.0179
2016-04-21,RS01SLBS-MJ01A-06-PRESTA101,1,True,5482,5482,0,0.0,4.8269
2016-04-22,RS01SLBS-MJ01A-06-PRESTA101,1,True,2220,2220,0,0.0,61.4585
2016-04-23,RS01SLBS-MJ01A-06-PRESTA101,1,True,5760,5760,0,0.0,0.0005
2016-04-24,RS01SLBS-MJ01A-06-PRESTA101,1,True,5760,5760,0,0.0,0.0005
2016-04-25,RS01SLBS-MJ01A-06-PRESTA101,1,True,5760,5760,0,0.0,0.0005
2016-04-26,RS01SLBS-MJ01A-06-PRESTA101,1,True,5760,5760,0,0.0,0.0005
2016-04-27,RS01SLBS-MJ01A-06-PRESTA101,1,True,5760,5760,0,0.0,0.0005
2016-04-28,RS01SLBS-MJ01A-06-PRESTA101,1,True,5760,5760,0,0.0,0.0005
2016-04-29,RS01SLBS-MJ01A-06-PRESTA101,1,True,5760,5760,0,0.0,0.0005
2016-04-30,RS01SLBS-MJ01A-06-PRESTA101,1,True,5760,5760,0,0.0,0.0005
2016-05-01,RS01SLBS-MJ01A-06-PRESTA101,1,True,5760,5760,0,0.0,0.0005
2016-05-02,RS01SLBS-MJ01A-06-PRESTA101,1,True,5760,5760,0,0.0,0.0005
2016-05-03,RS01SLBS-MJ01A-06-PRESTA101,1,True,5760,5760,0,0.0,0.0005
2016-05-04,RS01SLBS-MJ01A-06-PRESTA101,1,True,5760,5760,0,0.0,0.0005
2016-05-05,RS01SLBS-MJ01A-06-PRESTA101,1,True,5709,5760,51,0.8854,0.8859
2016-05-06,RS01SLBS-MJ01A-06-PRESTA101,1,True,5556,5760,204,3.5417,3.5421
2016-05-07,RS01SLBS-MJ01A-06-PRESTA101,1,True,3567,5760,2193,38.0729,38.0732
2016-05-08,RS01SLBS-MJ01A-06-PRESTA101,1,True,5760,5760,0,0.0,0.0005
2016-05-09,RS01SLBS-MJ01A-06-PRESTA101,1,True,5759,5760,1,0.0174,0.0179
2016-05-10,RS01SLBS-MJ01A-06-PRESTA101,1,True,5759,5760,1,0.0174,0.0179
2016-05-11,RS01SLBS-MJ01A-06-PRESTA101,1,True,5732,5760,28,0.4861,0.4866
2016-05-12,RS01SLBS-MJ01A-06-PRESTA101,1,True,5741,5760,19,0.3299,0.3304
2016-05-13,RS01SLBS-MJ01A-06-PRESTA101,1,True,5755,5760,5,0.0868,0.0873
2016-05-14,RS01SLBS-MJ01A-06-PRESTA101,1,True,5754,5761,7,0.1215,0.1047
2016-05-15,RS01SLBS-MJ01A-06-PRESTA101,1,True,5760,5760,0,0.0,0.0005
2016-05-16,RS01SLBS-MJ01A-06-PRESTA101,1,True,5752,5760,8,0.1389,0.1394
2016-05-17,RS01SLBS-MJ01A-06-PRESTA101,1,True,5430,5760,330,5.7292,5.7296
2016-05-18,RS01SLBS-MJ01A-06-PRESTA101,1,True,5721,5760,39,0.6771,0.6776
2016-05-19,RS01SLBS-MJ01A-06-PRESTA101,1,True,5618,5760,142,2.4653,2.4658
2016-05-20,RS01SLBS-MJ01A-06-PRESTA101,1,True,5742,5760,18,0.3125,0.313
2016-05-21,RS01SLBS-MJ01A-06-PRESTA101,1,True,5754,5760,6,0.1042,0.1047
2016-05-22,RS01SLBS-MJ01A-06-PRESTA101,1,True,5759,5760,1,0.0174,0.0179
2016-05-23,RS01SLBS-MJ01A-06-PRESTA101,1,True,5741,5759,18,0.3126,0.3304
2016-05-24,RS01SLBS-MJ01A-06-PRESTA101,1,True,5760,5760,0,0.0,0.0005
2016-05-25,RS01SLBS-MJ01A-06-PRESTA101,1,True,5760,5760,0,0.0,0.0005
2016-05-26,RS01SLBS-MJ01A-06-PRESTA101,1,True,5760,5760,0,0.0,0.0005
2016-05-27,RS01SLBS-MJ01A-06-PRESTA101,1,True,5758,5760,2,0.0347,0.0352
2016-05-28,RS01SLBS-MJ01A-06-PRESTA101,1,True,5760,5760,0,0.0,0.0005
2016-05-29,RS01SLBS-MJ01A-06-PRESTA101,1,True,5760,5760,0,0.0,0.0005
2016-05-30,RS01SLBS-MJ01A-06-PRESTA101,1,True,5759,5760,1,0.0174,0.0179
2016-05-31,RS01SLBS-MJ01A-06-PRESTA101,1,True,5760,5760,0,0.0,0.0005
2016-06-01,RS01SLBS-MJ01A-06-PRESTA101,1,True,5760,5760,0,0.0,0.0005
2016-06-02,RS01SLBS-MJ01A-06-PRESTA101,1,True,5756,5760,4,0.0694,0.0699
2016-06-03,RS01SLBS-MJ01A-06-PRESTA101,1,True,5759,5760,1,0.0174,0.0179
2016-06-04,RS01SLBS-MJ01A-06-PRESTA101,1,True,5760,5760,0,0.0,0.0005
2016-06-05,RS01SLBS-MJ01A-06-PRESTA101,1,True,5729,5760,31,0.5382,0.5387
2016-06-06,RS01SLBS-MJ01A-06-PRESTA101,1,True,5760,5760,0,0.0,0.0005
2016-06-07,RS01SLBS-MJ01A-06-PRESTA101,1,True,5758,5760,2,0.0347,0.0352
2016-06-08,RS01SLBS-MJ01A-06-PRESTA101,1,True,5756,5760,4,0.0694,0.0699
2016-06-09,RS01SLBS-MJ01A-06-PRESTA101,1,True,5759,5760,1,0.0174,0.0179
2016-06-10,RS01SLBS-MJ01A-06-PRESTA101,1,True,5760,5760,0,0.0,0.0005
2016-06-11,RS01SLBS-MJ01A-06-PRESTA101,1,True,5759,5760,1,0.0174,0.0179
2016-06-12,RS01SLBS-MJ01A-06-PRESTA101,1,True,5759,5760,1,0.0174,0.0179
2016-06-13,RS01SLBS-MJ01A-06-PRESTA101,1,True,5760,5760,0,0.0,0.0005
2016-06-14,RS01SLBS-MJ01A-06-PRESTA101,1,True,5760,5760,0,0.0,0.0005
2016-06-15,RS01SLBS-MJ01A-06-PRESTA101,1,True,5753,5760,7,0.1215,0.122
2016-06-16,RS01SLBS-MJ01A-06-PRESTA101,1,True,5760,5760,0,0.0,0.0005
2016-06-17,RS01SLBS-MJ01A-06-PRESTA101,1,True,5760,5760,0,0.0,0.0005
2016-06-18,RS01SLBS-MJ01A-06-PRESTA101,1,True,5760,5760,0,0.0,0.0005
2016-06-19,RS01SLBS-MJ01A-06-PRESTA101,1,True,5760,5760,0,0.0,0.0005
2016-06-20,RS01SLBS-MJ01A-06-PRESTA101,1,True,5760,5760,0,0.0,0.0005
2016-06-21,RS01SLBS-MJ01A-06-PRESTA101,1,True,5754,5760,6,0.1042,0.1047
2016-06-22,RS01SLBS-MJ01A-06-PRESTA101,1,True,5760,5760,0,0.0,0.0005
2016-06-23,RS01SLBS-MJ01A-06-PRESTA101,1,True,5760,5760,0,0.0,0.0005
2016-06-24,RS01SLBS-MJ01A-06-PRESTA101,1,True,5760,5760,0,0.0,0.0005
2016-06-25,RS01SLBS-MJ01A-06-PRESTA101,1,True,5760,5760,0,0.0,0.0005
2016-06-26,RS01SLBS-MJ01A-06-PRESTA101,1,True,5760,5760,0,0.0,0.0005
2016-06-27,RS01SLBS-MJ01A-06-PRESTA101,1,True,5759,5760,1,0.0174,0.0179
2016-06-28,RS01SLBS-MJ01A-06-PRESTA101,1,True,5760,5760,0,0.0,0.0005
2016-06-29,RS01SLBS-MJ01A-06-PRESTA101,1,True,5760,5760,0,0.0,0.0005
2016-06-30,RS01SLBS-MJ01A-06-PRESTA101,1,True,5753,5760,7,0.1215,0.122
2016-07-01,RS01SLBS-MJ01A-06-PRESTA101,1,True,5759,5760,1,0.0174,0.0179
2016-07-02,RS01SLBS-MJ01A-06-PRESTA101,1,True,5760,5760,0,0.0,0.0005
2016-07-03,RS01SLBS-MJ01A-06-PRESTA101,1,True,5760,5760,0,0.0,0.0005
2016-07-04,RS01SLBS-MJ01A-06-PRESTA101,1,True,5760,5760,0,0.0,0.0005
2016-07-05,RS01SLBS-MJ01A-06-PRESTA101,1,True,5760,5760,0,0.0,0.0005
2016-07-06,RS01SLBS-MJ01A-06-PRESTA101,1,True,5759,5760,1,0.0174,0.0179
2016-07-07,RS01SLBS-MJ01A-06-PRESTA101,1,True,5713,5760,47,0.816,0.8165
2016-07-08,RS01SLBS-MJ01A-06-PRESTA101,1,True,5760,5760,0,0.0,0.0005
2016-07-09,RS01SLBS-MJ01A-06-PRESTA101,1,True,5760,5760,0,0.0,0.0005
2016-07-10,RS01SLBS-MJ01A-06-PRESTA101,1,True,5760,5760,0,0.0,0.0005
2016-07-11,RS01SLBS-MJ01A-06-PRESTA101,1,True,5760,5760,0,0.0,0.0005
2016-07-12,RS01SLBS-MJ01A-06-PRESTA101,1,True,5760,5760,0,0.0,0.0005
2016-07-13,RS01SLBS-MJ01A-06-PRESTA101,1,True,5387,5760,373,6.4757,6.4762
2016-07-14,RS01SLBS-MJ01A-06-PRESTA101,1,True,5755,5760,5,0.0868,0.0873
2016-07-15,RS01SLBS-MJ01A-06-PRESTA101,1,True,5004,5004,0,0.0,13.1254
2016-07-16,RS01SLBS-MJ01A-06-PRESTA101,1,False,0,0,,,
2016-07-17,RS01SLBS-MJ01A-06-PRESTA101,1,False,0,0,,,
2016-07-18,RS01SLBS-MJ01A-06-PRESTA101,1,True,761,767,6,0.7823,86.7883
2016-07-19,RS01SLBS-MJ01A-06-PRESTA101,1,True,5760,5760,0,0.0,0.0005
2016-07-20,RS01SLBS-MJ01A-06-PRESTA101,1,True,5760,5760,0,0.0,0.0005
2016-07-21,RS01SLBS-MJ01A-06-PRESTA101,1,True,5760,5760,0,0.0,0.0005
2016-07-22,RS01SLBS-MJ01A-06-PRESTA101,1,True,5760,5760,0,0.0,0.0005
2016-07-23,RS01SLBS-MJ01A-06-PRESTA101,1,True,5760,5760,0,0.0,0.0005
2016-07-24,RS01SLBS-MJ01A-06-PRESTA101,1,True,5760,5760,0,0.0,0.0005
2016-07-25,RS01SLBS-MJ01A-06-PRESTA101,1,True,5760,5760,0,0.0,0.0005
2016-07-26,RS01SLBS-MJ01A-06-PRESTA101,1,True,5760,5760,0,0.0,0.0005
2016-07-27,RS01SLBS-MJ01A-06-PRESTA101,1,True,5754,5760,6,0.1042,0.1047
2016-07-28,RS01SLBS-MJ01A-06-PRESTA101,1,True,5760,5760,0,0.0,0.0005
2016-07-29,RS01SLBS-MJ01A-06-PRESTA101,1,True,5760,5760,0,0.0,0.0005
2016-07-30,RS01SLBS-MJ01A-06-PRESTA101,1,True,5760,5760,0,0.0,0.0005
2016-07-31,RS01SLBS-MJ01A-06-PRESTA101,1,True,5760,5760,0,0.0,0.0005
2016-08-01,RS01SLBS-MJ01A-06-PRESTA101,1,True,5760,5760,0,0.0,0.0005
2016-08-02,RS01SLBS-MJ01A-06-PRESTA101,1,True,5760,5760,0,0.0,0.0005
2016-08-03,RS01SLBS-MJ01A-06-PRESTA101,1,True,5760,5760,0,0.0,0.0005
2016-08-04,RS01SLBS-MJ01A-06-PRESTA101,1,True,5760,5760,0,0.0,0.0005
2016-08-05,RS01SLBS-MJ01A-06-PRESTA101,1,True,5760,5760,0,0.0,0.0005
2016-08-06,RS01SLBS-MJ01A-06-PRESTA101,1,True,5760,5760,0,0.0,0.0005
2016-08-07,RS01SLBS-MJ01A-06-PRESTA101,1,True,5760,5760,0,0.0,0.0005
2016-08-08,RS01SLBS-MJ01A-06-PRESTA101,1,True,5760,5760,0,0.0,0.0005
2016-08-09,RS01SLBS-MJ01A-06-PRESTA101,1,True,5760,5760,0,0.0,0.0005
2016-08-10,RS01SLBS-MJ01A-06-PRESTA101,1,True,5757,5760,3,0.0521,0.0526
2016-08-11,RS01SLBS-MJ01A-06-PRESTA101,1,True,5760,5760,0,0.0,0.0005
2016-08-12,RS01SLBS-MJ01A-06-PRESTA101,1,True,2456,2456,0,0.0,57.3613
2016-08-13,RS01SLBS-MJ01A-06-PRESTA101,1,True,5665,5665,0,0.0,1.6498
2016-08-14,RS01SLBS-MJ01A-06-PRESTA101,1,True,5760,5760,0,0.0,0.0005
2016-08-15,RS01SLBS-MJ01A-06-PRESTA101,1,True,5760,5760,0,0.0,0.0005
2016-08-16,RS01SLBS-MJ01A-06-PRESTA101,1,True,5760,5760,0,0.0,0.0005
2016-08-17,RS01SLBS-MJ01A-06-PRESTA101,1,True,5760,5760,0,0.0,0.0005
2016-08-18,RS01SLBS-MJ01A-06-PRESTA101,1,True,5760,5760,0,0.0,0.0005
2016-08-19,RS01SLBS-MJ01A-06-PRESTA101,1,True,5760,5760,0,0.0,0.0005
2016-08-20,RS01SLBS-MJ01A-06-PRESTA101,1,True,5760,5760,0,0.0,0.0005
2016-08-21,RS01SLBS-MJ01A-06-PRESTA101,1,True,5760,5760,0,0.0,0.0005
2016-08-22,RS01SLBS-MJ01A-06-PRESTA101,1,True,5760,5760,0,0.0,0.0005
2016-08-23,RS01SLBS-MJ01A-06-PRESTA101,1,True,5758,5760,2,0.0347,0.0352
2016-08-24,RS01SLBS-MJ01A-06-PRESTA101,1,True,5760,5760,0,0.0,0.0005
2016-08-25,RS01SLBS-MJ01A-06-PRESTA101,1,True,5760,5760,0,0.0,0.0005
2016-08-26,RS01SLBS-MJ01A-06-PRESTA101,1,True,5760,5760,0,0.0,0.0005
2016-08-27,RS01SLBS-MJ01A-06-PRESTA101,1,True,5760,5760,0,0.0,0.0005
2016-08-28,RS01SLBS-MJ01A-06-PRESTA101,1,True,5760,5760,0,0.0,0.0005
2016-08-29,RS01SLBS-MJ01A-06-PRESTA101,1,True,5761,5761,0,0.0,0.0
2016-08-30,RS01SLBS-MJ01A-06-PRESTA101,1,True,5760,5760,0,0.0,0.0005
2016-08-31,RS01SLBS-MJ01A-06-PRESTA101,1,True,5760,5760,0,0.0,0.0005
2016-09-01,RS01SLBS-MJ01A-06-PRESTA101,1,True,5760,5760,0,0.0,0.0005
2016-09-02,RS01SLBS-MJ01A-06-PRESTA101,1,True,5760,5760,0,0.0,0.0005
2016-09-03,RS01SLBS-MJ01A-06-PRESTA101,1,True,5760,5760,0,0.0,0.0005
2016-09-04,RS01SLBS-MJ01A-06-PRESTA101,1,True,5760,5760,0,0.0,0.0005
2016-09-05,RS01SLBS-MJ01A-06-PRESTA101,1,True,5760,5760,0,0.0,0.0005
2016-09-06,RS01SLBS-MJ01A-06-PRESTA101,1,True,5363,5760,397,6.8924,6.8928
2016-09-07,RS01SLBS-MJ01A-06-PRESTA101,1,True,5760,5760,0,0.0,0.0005
2016-09-08,RS01SLBS-MJ01A-06-PRESTA101,1,True,5760,5760,0,0.0,0.0005
2016-09-09,RS01SLBS-MJ01A-06-PRESTA101,1,True,5760,5760,0,0.0,0.0005
2016-09-10,RS01SLBS-MJ01A-06-PRESTA101,1,True,5760,5760,0,0.0,0.0005
2016-09-11,RS01SLBS-MJ01A-06-PRESTA101,1,True,5760,5760,0,0.0,0.0005
2016-09-12,RS01SLBS-MJ01A-06-PRESTA101,1,True,5760,5760,0,0.0,0.0005
2016-09-13,RS01SLBS-MJ01A-06-PRESTA101,1,True,5760,5760,0,0.0,0.0005
2016-09-14,RS01SLBS-MJ01A-06-PRESTA101,1,True,5760,5760,0,0.0,0.0005
2016-09-15,RS01SLBS-MJ01A-06-PRESTA101,1,True,5760,5760,0,0.0,0.0005
2016-09-16,RS01SLBS-MJ01A-06-PRESTA101,1,True,5760,5760,0,0.0,0.0005
2016-09-17,RS01SLBS-MJ01A-06-PRESTA101,1,True,5760,5760,0,0.0,0.0005
2016-09-18,RS01SLBS-MJ01A-06-PRESTA101,1,True,5760,5760,0,0.0,0.0005
2016-09-19,RS01SLBS-MJ01A-06-PRESTA101,1,True,5760,5760,0,0.0,0.0005
2016-09-20,RS01SLBS-MJ01A-06-PRESTA101,1,True,5760,5760,0,0.0,0.0005
2016-09-21,RS01SLBS-MJ01A-06-PRESTA101,1,True,5760,5760,0,0.0,0.0005
2016-09-22,RS01SLBS-MJ01A-06-PRESTA101,1,True,5760,5760,0,0.0,0.0005
2016-09-23,RS01SLBS-MJ01A-06-PRESTA101,1,True,5760,5760,0,0.0,0.0005
2016-09-24,RS01SLBS-MJ01A-06-PRESTA101,1,True,5760,5760,0,0.0,0.0005
2016-09-25,RS01SLBS-MJ01A-06-PRESTA101,1,True,5760,5760,0,0.0,0.0005
2016-09-26,RS01SLBS-MJ01A-06-PRESTA101,1,True,5760,5760,0,0.0,0.0005
2016-09-27,RS01SLBS-MJ01A-06-PRESTA101,1,True,5760,5760,0,0.0,0.0005
2016-09-28,RS01SLBS-MJ01A-06-PRESTA101,1,True,5760,5760,0,0.0,0.0005
2016-09-29,RS01SLBS-MJ01A-06-PRESTA101,1,True,5760,5760,0,0.0,0.0005
2016-09-30,RS01SLBS-MJ01A-06-PRESTA101,1,True,5760,5760,0,0.0,0.0005
2016-10-01,RS01SLBS-MJ01A-06-PRESTA101,1,True,5760,5760,0,0.0,0.0005
2016-10-02,RS01SLBS-MJ01A-06-PRESTA101,1,True,5760,5760,0,0.0,0.0005
2016-10-03,RS01SLBS-MJ01A-06-PRESTA101,1,True,5754,5760,6,0.1042,0.1047
2016-10-04,RS01SLBS-MJ01A-06-PRESTA101,1,True,5760,5760,0,0.0,0.0005
2016-10-05,RS01SLBS-MJ01A-06-PRESTA101,1,True,5760,5760,0,0.0,0.0005
2016-10-06,RS01SLBS-MJ01A-06-PRESTA101,1,True,5760,5760,0,0.0,0.0005
2016-10-07,RS01SLBS-MJ01A-06-PRESTA101,1,True,5760,5760,0,0.0,0.0005
2016-10-08,RS01SLBS-MJ01A-06-PRESTA101,1,True,5760,5760,0,0.0,0.0005
2016-10-09,RS01SLBS-MJ01A-06-PRESTA101,1,True,5760,5760,0,0.0,0.0005
2016-10-10,RS01SLBS-MJ01A-06-PRESTA101,1,True,5760,5760,0,0.0,0.0005
2016-10-11,RS01SLBS-MJ01A-06-PRESTA101,1,True,5760,5760,0,0.0,0.0005
2016-10-12,RS01SLBS-MJ01A-06-PRESTA101,1,True,5760,5760,0,0.0,0.0005
2016-10-13,RS01SLBS-MJ01A-06-PRESTA101,1,True,5726,5760,34,0.5903,0.5908
2016-10-14,RS01SLBS-MJ01A-06-PRESTA101,1,True,5760,5760,0,0.0,0.0005
2016-10-15,RS01SLBS-MJ01A-06-PRESTA101,1,True,5760,5760,0,0.0,0.0005
2016-10-16,RS01SLBS-MJ01A-06-PRESTA101,1,True,5760,5760,0,0.0,0.0005
2016-10-17,RS01SLBS-MJ01A-06-PRESTA101,1,True,5760,5760,0,0.0,0.0005
2016-10-18,RS01SLBS-MJ01A-06-PRESTA101,1,True,5760,5760,0,0.0,0.0005
2016-10-19,RS01SLBS-MJ01A-06-PRESTA101,1,True,5760,5760,0,0.0,0.0005
2016-10-20,RS01SLBS-MJ01A-06-PRESTA101,1,True,5760,5760,0,0.0,0.0005
2016-10-21,RS01SLBS-MJ01A-06-PRESTA101,1,True,5760,5760,0,0.0,0.0005
2016-10-22,RS01SLBS-MJ01A-06-PRESTA101,1,True,5760,5760,0,0.0,0.0005
2016-10-23,RS01SLBS-MJ01A-06-PRESTA101,1,True,5760,5760,0,0.0,0.0005
2016-10-24,RS01SLBS-MJ01A-06-PRESTA101,1,True,5760,5760,0,0.0,0.0005
2016-10-25,RS01SLBS-MJ01A-06-PRESTA101,1,True,5760,5760,0,0.0,0.0005
2016-10-26,RS01SLBS-MJ01A-06-PRESTA101,1,True,5558,5760,202,3.5069,3.5074
2016-10-27,RS01SLBS-MJ01A-06-PRESTA101,1,True,5760,5760,0,0.0,0.0005
2016-10-28,RS01SLBS-MJ01A-06-PRESTA101,1,True,5760,5760,0,0.0,0.0005
2016-10-29,RS01SLBS-MJ01A-06-PRESTA101,1,True,5760,5760,0,0.0,0.0005
2016-10-30,RS01SLBS-MJ01A-06-PRESTA101,1,True,5760,5760,0,0.0,0.0005
2016-10-31,RS01SLBS-MJ01A-06-PRESTA101,1,True,5760,5760,0,0.0,0.0005
2016-11-01,RS01SLBS-MJ01A-06-PRESTA101,1,True,5760,5760,0,0.0,0.0005
2016-11-02,RS01SLBS-MJ01A-06-PRESTA101,1,True,5760,5760,0,0.0,0.0005
2016-11-03,RS01SLBS-MJ01A-06-PRESTA101,1,True,5760,5760,0,0.0,0.0005
2016-11-04,RS01SLBS-MJ01A-06-PRESTA101,1,True,5760,5760,0,0.0,0.0005
2016-11-05,RS01SLBS-MJ01A-06-PRESTA101,1,True,5760,5760,0,0.0,0.0005
2016-11-06,RS01SLBS-MJ01A-06-PRESTA101,1,True,5760,5760,0,0.0,0.0005
2016-11-07,RS01SLBS-MJ01A-06-PRESTA101,1,True,5760,5760,0,0.0,0.0005
2016-11-08,RS01SLBS-MJ01A-06-PRESTA101,1,True,5760,5760,0,0.0,0.0005
2016-11-09,RS01SLBS-MJ01A-06-PRESTA101,1,True,5760,5760,0,0.0,0.0005
2016-11-10,RS01SLBS-MJ01A-06-PRESTA101,1,True,5760,5760,0,0.0,0.0005
2016-11-11,RS01SLBS-MJ01A-06-PRESTA101,1,True,5760,5760,0,0.0,0.0005
2016-11-12,RS01SLBS-MJ01A-06-PRESTA101,1,True,5760,5760,0,0.0,0.0005
2016-11-13,RS01SLBS-MJ01A-06-PRESTA101,1,True,5760,5760,0,0.0,0.0005
2016-11-14,RS01SLBS-MJ01A-06-PRESTA101,1,True,5760,5760,0,0.0,0.0005
2016-11-15,RS01SLBS-MJ01A-06-PRESTA101,1,True,5760,5760,0,0.0,0.0005
2016-11-16,RS01SLBS-MJ01A-06-PRESTA101,1,True,5760,5760,0,0.0,0.0005
2016-11-17,RS01SLBS-MJ01A-06-PRESTA101,1,True,5758,5760,2,0.0347,0.0352
2016-11-18,RS01SLBS-MJ01A-06-PRESTA101,1,True,5750,5760,10,0.1736,0.1741
2016-11-19,RS01SLBS-MJ01A-06-PRESTA101,1,True,5760,5760,0,0.0,0.0005
2016-11-20,RS01SLBS-MJ01A-06-PRESTA101,1,True,5760,5760,0,0.0,0.0005
2016-11-21,RS01SLBS-MJ01A-06-PRESTA101,1,True,5760,5760,0,0.0,0.0005
2016-11-22,RS01SLBS-MJ01A-06-PRESTA101,1,True,5760,5760,0,0.0,0.0005
2016-11-23,RS01SLBS-MJ01A-06-PRESTA101,1,True,5760,5760,0,0.0,0.0005
2016-11-24,RS01SLBS-MJ01A-06-PRESTA101,1,True,5760,5760,0,0.0,0.0005
2016-11-25,RS01SLBS-MJ01A-06-PRESTA101,1,True,5760,5760,0,0.0,0.0005
2016-11-26,RS01SLBS-MJ01A-06-PRESTA101,1,True,5760,5760,0,0.0,0.0005
2016-11-27,RS01SLBS-MJ01A-06-PRESTA101,1,True,5760,5760,0,0.0,0.0005
2016-11-28,RS01SLBS-MJ01A-06-PRESTA101,1,True,5760,5760,0,0.0,0.0005
2016-11-29,RS01SLBS-MJ01A-06-PRESTA101,1,True,5760,5760,0,0.0,0.0005
2016-11-30,RS01SLBS-MJ01A-06-PRESTA101,1,True,5760,5760,0,0.0,0.0005
2016-12-01,RS01SLBS-MJ01A-06-PRESTA101,1,True,5702,5760,58,1.0069,1.0074
2016-12-02,RS01SLBS-MJ01A-06-PRESTA101,1,True,5760,5760,0,0.0,0.0005
2016-12-03,RS01SLBS-MJ01A-06-PRESTA101,1,True,5760,5760,0,0.0,0.0005
2016-12-04,RS01SLBS-MJ01A-06-PRESTA101,1,True,5760,5760,0,0.0,0.0005
2016-12-05,RS01SLBS-MJ01A-06-PRESTA101,1,True,5760,5760,0,0.0,0.0005
2016-12-06,RS01SLBS-MJ01A-06-PRESTA101,1,True,5760,5760,0,0.0,0.0005
2016-12-07,RS01SLBS-MJ01A-06-PRESTA101,1,True,5702,5760,58,1.0069,1.0074
2016-12-08,RS01SLBS-MJ01A-06-PRESTA101,1,True,5760,5760,0,0.0,0.0005
2016-12-09,RS01SLBS-MJ01A-06-PRESTA101,1,True,5760,5760,0,0.0,0.0005
2016-12-10,RS01SLBS-MJ01A-06-PRESTA101,1,True,5760,5760,0,0.0,0.0005
2016-12-11,RS01SLBS-MJ01A-06-PRESTA101,1,True,5725,5760,35,0.6076,0.6081
2016-12-12,RS01SLBS-MJ01A-06-PRESTA101,1,True,5760,5760,0,0.0,0.0005
2016-12-13,RS01SLBS-MJ01A-06-PRESTA101,1,True,5760,5760,0,0.0,0.0005
2016-12-14,RS01SLBS-MJ01A-06-PRESTA101,1,True,5760,5760,0,0.0,0.0005
2016-12-15,RS01SLBS-MJ01A-06-PRESTA101,1,True,5760,5760,0,0.0,0.0005
2016-12-16,RS01SLBS-MJ01A-06-PRESTA101,1,True,5760,5760,0,0.0,0.0005
2016-12-17,RS01SLBS-MJ01A-06-PRESTA101,1,True,5759,5760,1,0.0174,0.0179
2016-12-18,RS01SLBS-MJ01A-06-PRESTA101,1,True,5760,5760,0,0.0,0.0005
2016-12-19,RS01SLBS-MJ01A-06-PRESTA101,1,True,5760,5760,0,0.0,0.0005
2016-12-20,RS01SLBS-MJ01A-06-PRESTA101,1,True,5760,5760,0,0.0,0.0005
2016-12-21,RS01SLBS-MJ01A-06-PRESTA101,1,True,5760,5760,0,0.0,0.0005
2016-12-22,RS01SLBS-MJ01A-06-PRESTA101,1,True,5760,5760,0,0.0,0.0005
2016-12-23,RS01SLBS-MJ01A-06-PRESTA101,1,True,5760,5760,0,0.0,0.0005
2016-12-24,RS01SLBS-MJ01A-06-PRESTA101,1,True,5760,5760,0,0.0,0.0005
2016-12-25,RS01SLBS-MJ01A-06-PRESTA101,1,True,5760,5760,0,0.0,0.0005
2016-12-26,RS01SLBS-MJ01A-06-PRESTA101,1,True,5760,5760,0,0.0,0.0005
2016-12-27,RS01SLBS-MJ01A-06-PRESTA101,1,True,5760,5760,0,0.0,0.0005
2016-12-28,RS01SLBS-MJ01A-06-PRESTA101,1,True,5760,5760,0,0.0,0.0005
2016-12-29,RS01SLBS-MJ01A-06-PRESTA101,1,True,5760,5760,0,0.0,0.0005
2016-12-30,RS01SLBS-MJ01A-06-PRESTA101,1,True,5760,5760,0,0.0,0.0005
2016-12-31,RS01SLBS-MJ01A-06-PRESTA101,1,True,5760,5760,0,0.0,0.0005
2017-01-01,RS01SLBS-MJ01A-06-PRESTA101,1,True,5760,5760,0,0.0,0.0005
2017-01-02,RS01SLBS-MJ01A-06-PRESTA101,1,True,5760,5760,0,0.0,0.0005
2017-01-03,RS01SLBS-MJ01A-06-PRESTA101,1,True,5760,5760,0,0.0,0.0005
2017-01-04,RS01SLBS-MJ01A-06-PRESTA101,1,True,5760,5760,0,0.0,0.0005
2017-01-05,RS01SLBS-MJ01A-06-PRESTA101,1,True,5760,5760,0,0.0,0.0005
2017-01-06,RS01SLBS-MJ01A-06-PRESTA101,1,True,5760,5760,0,0.0,0.0005
2017-01-07,RS01SLBS-MJ01A-06-PRESTA101,1,True,5760,5760,0,0.0,0.0005
2017-01-08,RS01SLBS-MJ01A-06-PRESTA101,1,True,5760,5760,0,0.0,0.0005
2017-01-09,RS01SLBS-MJ01A-06-PRESTA101,1,True,4444,4444,0,0.0,22.8476
2017-01-10,RS01SLBS-MJ01A-06-PRESTA101,1,True,5430,5430,0,0.0,5.7296
2017-01-11,RS01SLBS-MJ01A-06-PRESTA101,1,True,5754,5760,6,0.1042,0.1047
2017-01-12,RS01SLBS-MJ01A-06-PRESTA101,1,True,5760,5760,0,0.0,0.0005
2017-01-13,RS01SLBS-MJ01A-06-PRESTA101,1,True,5760,5760,0,0.0,0.0005
2017-01-14,RS01SLBS-MJ01A-06-PRESTA101,1,True,5760,5760,0,0.0,0.0005
2017-01-15,RS01SLBS-MJ01A-06-PRESTA101,1,True,5760,5760,0,0.0,0.0005
2017-01-16,RS01SLBS-MJ01A-06-PRESTA101,1,True,5760,5760,0,0.0,0.0005
2017-01-17,RS01SLBS-MJ01A-06-PRESTA101,1,True,5760,5760,0,0.0,0.0005
2017-01-18,RS01SLBS-MJ01A-06-PRESTA101,1,True,5760,5760,0,0.0,0.0005
2017-01-19,RS01SLBS-MJ01A-06-PRESTA101,1,True,5656,5760,104,1.8056,1.806
2017-01-20,RS01SLBS-MJ01A-06-PRESTA101,1,True,5760,5760,0,0.0,0.0005
2017-01-21,RS01SLBS-MJ01A-06-PRESTA101,1,True,5760,5760,0,0.0,0.0005
2017-01-22,RS01SLBS-MJ01A-06-PRESTA101,1,True,5760,5760,0,0.0,0.0005
2017-01-23,RS01SLBS-MJ01A-06-PRESTA101,1,True,5760,5760,0,0.0,0.0005
2017-01-24,RS01SLBS-MJ01A-06-PRESTA101,1,True,5760,5760,0,0.0,0.0005
2017-01-25,RS01SLBS-MJ01A-06-PRESTA101,1,True,5760,5760,0,0.0,0.0005
2017-01-26,RS01SLBS-MJ01A-06-PRESTA101,1,True,5760,5760,0,0.0,0.0005
2017-01-27,RS01SLBS-MJ01A-06-PRESTA101,1,True,5760,5760,0,0.0,0.0005
2017-01-28,RS01SLBS-MJ01A-06-PRESTA101,1,True,5760,5760,0,0.0,0.0005
2017-01-29,RS01SLBS-MJ01A-06-PRESTA101,1,True,5760,5760,0,0.0,0.0005
2017-01-30,RS01SLBS-MJ01A-06-PRESTA101,1,True,5732,5760,28,0.4861,0.4866
2017-01-31,RS01SLBS-MJ01A-06-PRESTA101,1,True,3629,5760,2131,36.9965,36.9968
2017-02-01,RS01SLBS-MJ01A-06-PRESTA101,1,True,5760,5760,0,0.0,0.0005
2017-02-02,RS01SLBS-MJ01A-06-PRESTA101,1,True,5760,5760,0,0.0,0.0005
2017-02-03,RS01SLBS-MJ01A-06-PRESTA101,1,True,5760,5760,0,0.0,0.0005
2017-02-04,RS01SLBS-MJ01A-06-PRESTA101,1,True,5760,5760,0,0.0,0.0005
2017-02-05,RS01SLBS-MJ01A-06-PRESTA101,1,True,5760,5760,0,0.0,0.0005
2017-02-06,RS01SLBS-MJ01A-06-PRESTA101,1,True,5760,5760,0,0.0,0.0005
2017-02-07,RS01SLBS-MJ01A-06-PRESTA101,1,True,5707,5760,53,0.9201,0.9206
2017-02-08,RS01SLBS-MJ01A-06-PRESTA101,1,True,5760,5760,0,0.0,0.0005
2017-02-09,RS01SLBS-MJ01A-06-PRESTA101,1,True,5760,5760,0,0.0,0.0005
2017-02-10,RS01SLBS-MJ01A-06-PRESTA101,1,True,5760,5760,0,0.0,0.0005
2017-02-11,RS01SLBS-MJ01A-06-PRESTA101,1,True,5760,5760,0,0.0,0.0005
2017-02-12,RS01SLBS-MJ01A-06-PRESTA101,1,True,5760,5760,0,0.0,0.0005
2017-02-13,RS01SLBS-MJ01A-06-PRESTA101,1,True,5760,5760,0,0.0,0.0005
2017-02-14,RS01SLBS-MJ01A-06-PRESTA101,1,True,5760,5760,0,0.0,0.0005
2017-02-15,RS01SLBS-MJ01A-06-PRESTA101,1,True,3532,3532,0,0.0,38.6809
2017-02-16,RS01SLBS-MJ01A-06-PRESTA101,1,True,559,579,20,3.4542,90.2952
2017-02-17,RS01SLBS-MJ01A-06-PRESTA101,1,True,5760,5760,0,0.0,0.0005
2017-02-18,RS01SLBS-MJ01A-06-PRESTA101,1,True,5760,5760,0,0.0,0.0005
2017-02-19,RS01SLBS-MJ01A-06-PRESTA101,1,True,5760,5760,0,0.0,0.0005
2017-02-20,RS01SLBS-MJ01A-06-PRESTA101,1,True,5760,5760,0,0.0,0.0005
2017-02-21,RS01SLBS-MJ01A-06-PRESTA101,1,True,5760,5760,0,0.0,0.0005
2017-02-22,RS01SLBS-MJ01A-06-PRESTA101,1,True,5760,5760,0,0.0,0.0005
2017-02-23,RS01SLBS-MJ01A-06-PRESTA101,1,True,5760,5760,0,0.0,0.0005
2017-02-24,RS01SLBS-MJ01A-06-PRESTA101,1,True,5760,5760,0,0.0,0.0005
2017-02-25,RS01SLBS-MJ01A-06-PRESTA101,1,True,5760,5760,0,0.0,0.0005
2017-02-26,RS01SLBS-MJ01A-06-PRESTA101,1,True,5760,5760,0,0.0,0.0005
2017-02-27,RS01SLBS-MJ01A-06-PRESTA101,1,True,5760,5760,0,0.0,0.0005
2017-02-28,RS01SLBS-MJ01A-06-PRESTA101,1,True,5760,5760,0,0.0,0.0005
2017-03-01,RS01SLBS-MJ01A-06-PRESTA101,1,True,5760,5760,0,0.0,0.0005
2017-03-02,RS01SLBS-MJ01A-06-PRESTA101,1,True,5760,5760,0,0.0,0.0005
2017-03-03,RS01SLBS-MJ01A-06-PRESTA101,1,True,5760,5760,0,0.0,0.0005
2017-03-04,RS01SLBS-MJ01A-06-PRESTA101,1,True,5760,5760,0,0.0,0.0005
2017-03-05,RS01SLBS-MJ01A-06-PRESTA101,1,True,5760,5760,0,0.0,0.0005
2017-03-06,RS01SLBS-MJ01A-06-PRESTA101,1,True,5760,5760,0,0.0,0.0005
2017-03-07,RS01SLBS-MJ01A-06-PRESTA101,1,True,5760,5760,0,0.0,0.0005
2017-03-08,RS01SLBS-MJ01A-06-PRESTA101,1,True,5760,5760,0,0.0,0.0005
2017-03-09,RS01SLBS-MJ01A-06-PRESTA101,1,True,5760,5760,0,0.0,0.0005
2017-03-10,RS01SLBS-MJ01A-06-PRESTA101,1,True,5760,5760,0,0.0,0.0005
2017-03-11,RS01SLBS-MJ01A-06-PRESTA101,1,True,5760,5760,0,0.0,0.0005
2017-03-12,RS01SLBS-MJ01A-06-PRESTA101,1,True,5760,5760,0,0.0,0.0005
2017-03-13,RS01SLBS-MJ01A-06-PRESTA101,1,True,5760,5760,0,0.0,0.0005
2017-03-14,RS01SLBS-MJ01A-06-PRESTA101,1,True,5760,5760,0,0.0,0.0005
2017-03-15,RS01SLBS-MJ01A-06-PRESTA101,1,True,5760,5760,0,0.0,0.0005
2017-03-16,RS01SLBS-MJ01A-06-PRESTA101,1,True,5760,5760,0,0.0,0.0005
2017-03-17,RS01SLBS-MJ01A-06-PRESTA101,1,True,5760,5760,0,0.0,0.0005
2017-03-18,RS01SLBS-MJ01A-06-PRESTA101,1,True,5756,5760,4,0.0694,0.0699
2017-03-19,RS01SLBS-MJ01A-06-PRESTA101,1,True,5760,5760,0,0.0,0.0005
2017-03-20,RS01SLBS-MJ01A-06-PRESTA101,1,True,5760,5760,0,0.0,0.0005
2017-03-21,RS01SLBS-MJ01A-06-PRESTA101,1,True,5760,5760,0,0.0,0.0005
2017-03-22,RS01SLBS-MJ01A-06-PRESTA101,1,True,5760,5760,0,0.0,0.0005
2017-03-23,RS01SLBS-MJ01A-06-PRESTA101,1,True,5760,5760,0,0.0,0.0005
2017-03-24,RS01SLBS-MJ01A-06-PRESTA101,1,True,5760,5760,0,0.0,0.0005
2017-03-25,RS01SLBS-MJ01A-06-PRESTA101,1,True,5760,5760,0,0.0,0.0005
2017-03-26,RS01SLBS-MJ01A-06-PRESTA101,1,True,5760,5760,0,0.0,0.0005
2017-03-27,RS01SLBS-MJ01A-06-PRESTA101,1,True,5760,5760,0,0.0,0.0005
2017-03-28,RS01SLBS-MJ01A-06-PRESTA101,1,True,5760,5760,0,0.0,0.0005
2017-03-29,RS01SLBS-MJ01A-06-PRESTA101,1,True,5760,5760,0,0.0,0.0005
2017-03-30,RS01SLBS-MJ01A-06-PRESTA101,1,True,5760,5760,0,0.0,0.0005
2017-03-31,RS01SLBS-MJ01A-06-PRESTA101,1,True,5760,5760,0,0.0,0.0005
2017-04-01,RS01SLBS-MJ01A-06-PRESTA101,1,True,5760,5760,0,0.0,0.0005
2017-04-02,RS01SLBS-MJ01A-06-PRESTA101,1,True,5760,5760,0,0.0,0.0005
2017-04-03,RS01SLBS-MJ01A-06-PRESTA101,1,True,5760,5760,0,0.0,0.0005
2017-04-04,RS01SLBS-MJ01A-06-PRESTA101,1,True,5760,5760,0,0.0,0.0005
2017-04-05,RS01SLBS-MJ01A-06-PRESTA101,1,True,5760,5760,0,0.0,0.0005
2017-04-06,RS01SLBS-MJ01A-06-PRESTA101,1,True,5760,5760,0,0.0,0.0005
2017-04-07,RS01SLBS-MJ01A-06-PRESTA101,1,True,5760,5760,0,0.0,0.0005
2017-04-08,RS01SLBS-MJ01A-06-PRESTA101,1,True,5760,5760,0,0.0,0.0005
2017-04-09,RS01SLBS-MJ01A-06-PRESTA101,1,True,5760,5760,0,0.0,0.0005
2017-04-10,RS01SLBS-MJ01A-06-PRESTA101,1,True,5760,5760,0,0.0,0.0005
2017-04-11,RS01SLBS-MJ01A-06-PRESTA101,1,True,5760,5760,0,0.0,0.0005
2017-04-12,RS01SLBS-MJ01A-06-PRESTA101,1,True,5760,5760,0,0.0,0.0005
2017-04-13,RS01SLBS-MJ01A-06-PRESTA101,1,True,5760,5760,0,0.0,0.0005
2017-04-14,RS01SLBS-MJ01A-06-PRESTA101,1,True,5760,5760,0,0.0,0.0005
2017-04-15,RS01SLBS-MJ01A-06-PRESTA101,1,True,5760,5760,0,0.0,0.0005
2017-04-16,RS01SLBS-MJ01A-06-PRESTA101,1,True,5760,5760,0,0.0,0.0005
2017-04-17,RS01SLBS-MJ01A-06-PRESTA101,1,True,5760,5760,0,0.0,0.0005
2017-04-18,RS01SLBS-MJ01A-06-PRESTA101,1,True,5760,5760,0,0.0,0.0005
2017-04-19,RS01SLBS-MJ01A-06-PRESTA101,1,True,5760,5760,0,0.0,0.0005
2017-04-20,RS01SLBS-MJ01A-06-PRESTA101,1,True,5760,5760,0,0.0,0.0005
2017-04-21,RS01SLBS-MJ01A-06-PRESTA101,1,True,5760,5760,0,0.0,0.0005
2017-04-22,RS01SLBS-MJ01A-06-PRESTA101,1,True,5760,5760,0,0.0,0.0005
2017-04-23,RS01SLBS-MJ01A-06-PRESTA101,1,True,5760,5760,0,0.0,0.0005
2017-04-24,RS01SLBS-MJ01A-06-PRESTA101,1,True,5760,5760,0,0.0,0.0005
2017-04-25,RS01SLBS-MJ01A-06-PRESTA101,1,True,5760,5760,0,0.0,0.0005
2017-04-26,RS01SLBS-MJ01A-06-PRESTA101,1,True,5760,5760,0,0.0,0.0005
2017-04-27,RS01SLBS-MJ01A-06-PRESTA101,1,True,5760,5760,0,0.0,0.0005
2017-04-28,RS01SLBS-MJ01A-06-PRESTA101,1,True,5760,5760,0,0.0,0.0005
2017-04-29,RS01SLBS-MJ01A-06-PRESTA101,1,True,5760,5760,0,0.0,0.0005
2017-04-30,RS01SLBS-MJ01A-06-PRESTA101,1,True,5760,5760,0,0.0,0.0005
2017-05-01,RS01SLBS-MJ01A-06-PRESTA101,1,True,5760,5760,0,0.0,0.0005
2017-05-02,RS01SLBS-MJ01A-06-PRESTA101,1,True,5760,5760,0,0.0,0.0005
2017-05-03,RS01SLBS-MJ01A-06-PRESTA101,1,True,5760,5760,0,0.0,0.0005
2017-05-04,RS01SLBS-MJ01A-06-PRESTA101,1,True,5760,5760,0,0.0,0.0005
2017-05-05,RS01SLBS-MJ01A-06-PRESTA101,1,True,5760,5760,0,0.0,0.0005
2017-05-06,RS01SLBS-MJ01A-06-PRESTA101,1,True,5760,5760,0,0.0,0.0005
2017-05-07,RS01SLBS-MJ01A-06-PRESTA101,1,True,5760,5760,0,0.0,0.0005
2017-05-08,RS01SLBS-MJ01A-06-PRESTA101,1,True,5760,5760,0,0.0,0.0005
2017-05-09,RS01SLBS-MJ01A-06-PRESTA101,1,True,5760,5760,0,0.0,0.0005
2017-05-10,RS01SLBS-MJ01A-06-PRESTA101,1,True,5760,5760,0,0.0,0.0005
2017-05-11,RS01SLBS-MJ01A-06-PRESTA101,1,True,5760,5760,0,0.0,0.0005
2017-05-12,RS01SLBS-MJ01A-06-PRESTA101,1,True,5760,5760,0,0.0,0.0005
2017-05-13,RS01SLBS-MJ01A-06-PRESTA101,1,True,5760,5760,0,0.0,0.0005
2017-05-14,RS01SLBS-MJ01A-06-PRESTA101,1,True,5760,5760,0,0.0,0.0005
2017-05-15,RS01SLBS-MJ01A-06-PRESTA101,1,True,5760,5760,0,0.0,0.0005
2017-05-16,RS01SLBS-MJ01A-06-PRESTA101,1,True,5760,5760,0,0.0,0.0005
2017-05-17,RS01SLBS-MJ01A-06-PRESTA101,1,True,5760,5760,0,0.0,0.0005
2017-05-18,RS01SLBS-MJ01A-06-PRESTA101,1,True,5760,5760,0,0.0,0.0005
2017-05-19,RS01SLBS-MJ01A-06-PRESTA101,1,True,5756,5760,4,0.0694,0.0699
2017-05-20,RS01SLBS-MJ01A-06-PRESTA101,1,True,5752,5760,8,0.1389,0.1394
2017-05-21,RS01SLBS-MJ01A-06-PRESTA101,1,True,5760,5760,0,0.0,0.0005
2017-05-22,RS01SLBS-MJ01A-06-PRESTA101,1,True,5760,5760,0,0.0,0.0005
2017-05-23,RS01SLBS-MJ01A-06-PRESTA101,1,True,5760,5760,0,0.0,0.0005
2017-05-24,RS01SLBS-MJ01A-06-PRESTA101,1,True,5760,5760,0,0.0,0.0005
2017-05-25,RS01SLBS-MJ01A-06-PRESTA101,1,True,5760,5760,0,0.0,0.0005
2017-05-26,RS01SLBS-MJ01A-06-PRESTA101,1,True,5694,5760,66,1.1458,1.1463
2017-05-27,RS01SLBS-MJ01A-06-PRESTA101,1,True,5760,5760,0,0.0,0.0005
2017-05-28,RS01SLBS-MJ01A-06-PRESTA101,1,True,5760,5760,0,0.0,0.0005
2017-05-29,RS01SLBS-MJ01A-06-PRESTA101,1,True,5760,5760,0,0.0,0.0005
2017-05-30,RS01SLBS-MJ01A-06-PRESTA101,1,True,5760,5760,0,0.0,0.0005
2017-05-31,RS01SLBS-MJ01A-06-PRESTA101,1,True,5760,5760,0,0.0,0.0005
2017-06-01,RS01SLBS-MJ01A-06-PRESTA101,1,True,5760,5760,0,0.0,0.0005
2017-06-02,RS01SLBS-MJ01A-06-PRESTA101,1,True,5751,5760,9,0.1562,0.1567
2017-06-03,RS01SLBS-MJ01A-06-PRESTA101,1,True,5760,5760,0,0.0,0.0005
2017-06-04,RS01SLBS-MJ01A-06-PRESTA101,1,True,5760,5760,0,0.0,0.0005
2017-06-05,RS01SLBS-MJ01A-06-PRESTA101,1,True,5760,5760,0,0.0,0.0005
2017-06-06,RS01SLBS-MJ01A-06-PRESTA101,1,True,5760,5760,0,0.0,0.0005
2017-06-07,RS01SLBS-MJ01A-06-PRESTA101,1,True,5760,5760,0,0.0,0.0005
2017-06-08,RS01SLBS-MJ01A-06-PRESTA101,1,True,5760,5760,0,0.0,0.0005
2017-06-09,RS01SLBS-MJ01A-06-PRESTA101,1,True,5760,5760,0,0.0,0.0005
2017-06-10,RS01SLBS-MJ01A-06-PRESTA101,1,True,5760,5760,0,0.0,0.0005
2017-06-11,RS01SLBS-MJ01A-06-PRESTA101,1,True,5760,5760,0,0.0,0.0005
2017-06-12,RS01SLBS-MJ01A-06-PRESTA101,1,True,5760,5760,0,0.0,0.0005
2017-06-13,RS01SLBS-MJ01A-06-PRESTA101,1,True,5760,5760,0,0.0,0.0005
2017-06-14,RS01SLBS-MJ01A-06-PRESTA101,1,True,5760,5760,0,0.0,0.0005
2017-06-15,RS01SLBS-MJ01A-06-PRESTA101,1,True,5760,5760,0,0.0,0.0005
2017-06-16,RS01SLBS-MJ01A-06-PRESTA101,1,True,5760,5760,0,0.0,0.0005
2017-06-17,RS01SLBS-MJ01A-06-PRESTA101,1,True,5760,5760,0,0.0,0.0005
2017-06-18,RS01SLBS-MJ01A-06-PRESTA101,1,True,5760,5760,0,0.0,0.0005
2017-06-19,RS01SLBS-MJ01A-06-PRESTA101,1,True,5760,5760,0,0.0,0.0005
2017-06-20,RS01SLBS-MJ01A-06-PRESTA101,1,True,5760,5760,0,0.0,0.0005
2017-06-21,RS01SLBS-MJ01A-06-PRESTA101,1,True,5760,5760,0,0.0,0.0005
2017-06-22,RS01SLBS-MJ01A-06-PRESTA101,1,True,5760,5760,0,0.0,0.0005
2017-06-23,RS01SLBS-MJ01A-06-PRESTA101,1,True,5760,5760,0,0.0,0.0005
2017-06-24,RS01SLBS-MJ01A-06-PRESTA101,1,True,5760,5760,0,0.0,0.0005
2017-06-25,RS01SLBS-MJ01A-06-PRESTA101,1,True,5760,5760,0,0.0,0.0005
2017-06-26,RS01SLBS-MJ01A-06-PRESTA101,1,True,5760,5760,0,0.0,0.0005
2017-06-27,RS01SLBS-MJ01A-06-PRESTA101,1,True,5760,5760,0,0.0,0.0005
2017-06-28,RS01SLBS-MJ01A-06-PRESTA101,1,True,5760,5760,0,0.0,0.0005
2017-06-29,RS01SLBS-MJ01A-06-PRESTA101,1,True,5760,5760,0,0.0,0.0005
2017-06-30,RS01SLBS-MJ01A-06-PRESTA101,1,True,5760,5760,0,0.0,0.0005
2017-07-01,RS01SLBS-MJ01A-06-PRESTA101,1,True,5760,5760,0,0.0,0.0005
2017-07-02,RS01SLBS-MJ01A-06-PRESTA101,1,True,5760,5760,0,0.0,0.0005
2017-07-03,RS01SLBS-MJ01A-06-PRESTA101,1,True,5760,5760,0,0.0,0.0005
2017-07-04,RS01SLBS-MJ01A-06-PRESTA101,1,True,5760,5760,0,0.0,0.0005
2017-07-05,RS01SLBS-MJ01A-06-PRESTA101,1,True,5760,5760,0,0.0,0.0005
2017-07-06,RS01SLBS-MJ01A-06-PRESTA101,1,True,5760,5760,0,0.0,0.0005
2017-07-07,RS01SLBS-MJ01A-06-PRESTA101,1,True,5751,5760,9,0.1562,0.1567
2017-07-08,RS01SLBS-MJ01A-06-PRESTA101,1,True,5760,5760,0,0.0,0.0005
2017-07-09,RS01SLBS-MJ01A-06-PRESTA101,1,True,5760,5760,0,0.0,0.0005
2017-07-10,RS01SLBS-MJ01A-06-PRESTA101,1,True,5760,5760,0,0.0,0.0005
2017-07-11,RS01SLBS-MJ01A-06-PRESTA101,1,True,5760,5760,0,0.0,0.0005
2017-07-12,RS01SLBS-MJ01A-06-PRESTA101,1,True,5760,5760,0,0.0,0.0005
2017-07-13,RS01SLBS-MJ01A-06-PRESTA101,1,True,5760,5760,0,0.0,0.0005
2017-07-14,RS01SLBS-MJ01A-06-PRESTA101,1,True,5760,5760,0,0.0,0.0005
2017-07-15,RS01SLBS-MJ01A-06-PRESTA101,1,True,5760,5760,0,0.0,0.0005
2017-07-16,RS01SLBS-MJ01A-06-PRESTA101,1,True,5760,5760,0,0.0,0.0005
2017-07-17,RS01SLBS-MJ01A-06-PRESTA101,1,True,5760,5760,0,0.0,0.0005
2017-07-18,RS01SLBS-MJ01A-06-PRESTA101,1,True,5760,5760,0,0.0,0.0005
2017-07-19,RS01SLBS-MJ01A-06-PRESTA101,1,True,5760,5760,0,0.0,0.0005
2017-07-20,RS01SLBS-MJ01A-06-PRESTA101,1,True,5760,5760,0,0.0,0.0005
2017-07-21,RS01SLBS-MJ01A-06-PRESTA101,1,True,5760,5760,0,0.0,0.0005
2017-07-22,RS01SLBS-MJ01A-06-PRESTA101,1,True,5760,5760,0,0.0,0.0005
2017-07-23,RS01SLBS-MJ01A-06-PRESTA101,1,True,5760,5760,0,0.0,0.0005
2017-07-24,RS01SLBS-MJ01A-06-PRESTA101,1,True,5760,5760,0,0.0,0.0005
2017-07-25,RS01SLBS-MJ01A-06-PRESTA101,1,True,5760,5760,0,0.0,0.0005
2017-07-26,RS01SLBS-MJ01A-06-PRESTA101,1,True,5760,5760,0,0.0,0.0005
2017-07-27,RS01SLBS-MJ01A-06-PRESTA101,1,True,5760,5760,0,0.0,0.0005
2017-07-28,RS01SLBS-MJ01A-06-PRESTA101,1,True,5757,5760,3,0.0521,0.0526
2017-07-29,RS01SLBS-MJ01A-06-PRESTA101,1,True,5760,5760,0,0.0,0.0005
2017-07-30,RS01SLBS-MJ01A-06-PRESTA101,1,True,5760,5760,0,0.0,0.0005
2017-07-31,RS01SLBS-MJ01A-06-PRESTA101,1,True,5760,5760,0,0.0,0.0005
2017-08-01,RS01SLBS-MJ01A-06-PRESTA101,1,True,5760,5760,0,0.0,0.0005
2017-08-02,RS01SLBS-MJ01A-06-PRESTA101,1,True,5760,5760,0,0.0,0.0005
2017-08-03,RS01SLBS-MJ01A-06-PRESTA101,1,True,5760,5760,0,0.0,0.0005
2017-08-04,RS01SLBS-MJ01A-06-PRESTA101,1,True,5760,5760,0,0.0,0.0005
2017-08-05,RS01SLBS-MJ01A-06-PRESTA101,1,True,5760,5760,0,0.0,0.0005
2017-08-06,RS01SLBS-MJ01A-06-PRESTA101,1,True,5760,5760,0,0.0,0.0005
2017-08-07,RS01SLBS-MJ01A-06-PRESTA101,1,True,5760,5760,0,0.0,0.0005
2017-08-08,RS01SLBS-MJ01A-06-PRESTA101,1,True,5760,5760,0,0.0,0.0005
2017-08-09,RS01SLBS-MJ01A-06-PRESTA101,1,True,5754,5760,6,0.1042,0.1047
2017-08-10,RS01SLBS-MJ01A-06-PRESTA101,1,True,5760,5760,0,0.0,0.0005
2017-08-11,RS01SLBS-MJ01A-06-PRESTA101,1,True,5760,5760,0,0.0,0.0005
2017-08-12,RS01SLBS-MJ01A-06-PRESTA101,1,True,5760,5760,0,0.0,0.0005
2017-08-13,RS01SLBS-MJ01A-06-PRESTA101,1,True,5760,5760,0,0.0,0.0005
2017-08-14,RS01SLBS-MJ01A-06-PRESTA101,1,True,5758,5760,2,0.0347,0.0352
2017-08-15,RS01SLBS-MJ01A-06-PRESTA101,1,True,5760,5760,0,0.0,0.0005
2017-08-16,RS01SLBS-MJ01A-06-PRESTA101,1,True,5760,5760,0,0.0,0.0005
2017-08-17,RS01SLBS-MJ01A-06-PRESTA101,1,True,5760,5760,0,0.0,0.0005
2017-08-18,RS01SLBS-MJ01A-06-PRESTA101,1,True,5760,5760,0,0.0,0.0005
2017-08-19,RS01SLBS-MJ01A-06-PRESTA101,1,True,5760,5760,0,0.0,0.0005
2017-08-20,RS01SLBS-MJ01A-06-PRESTA101,1,True,5760,5760,0,0.0,0.0005
2017-08-21,RS01SLBS-MJ01A-06-PRESTA101,1,True,5760,5760,0,0.0,0.0005
2017-08-22,RS01SLBS-MJ01A-06-PRESTA101,1,True,5760,5760,0,0.0,0.0005
2017-08-23,RS01SLBS-MJ01A-06-PRESTA101,1,True,5760,5760,0,0.0,0.0005
2017-08-24,RS01SLBS-MJ01A-06-PRESTA101,1,True,5760,5760,0,0.0,0.0005
2017-08-25,RS01SLBS-MJ01A-06-PRESTA101,1,True,5712,5760,48,0.8333,0.8338
2017-08-26,RS01SLBS-MJ01A-06-PRESTA101,1,True,5760,5760,0,0.0,0.0005
2017-08-27,RS01SLBS-MJ01A-06-PRESTA101,1,True,5760,5760,0,0.0,0.0005
2017-08-28,RS01SLBS-MJ01A-06-PRESTA101,1,True,5761,5761,0,0.0,0.0
2017-08-29,RS01SLBS-MJ01A-06-PRESTA101,1,True,5760,5760,0,0.0,0.0005
2017-08-30,RS01SLBS-MJ01A-06-PRESTA101,1,True,5760,5760,0,0.0,0.0005
2017-08-31,RS01SLBS-MJ01A-06-PRESTA101,1,True,5760,5760,0,0.0,0.0005
2017-09-01,RS01SLBS-MJ01A-06-PRESTA101,1,True,5760,5760,0,0.0,0.0005
2017-09-02,RS01SLBS-MJ01A-06-PRESTA101,1,True,5760,5760,0,0.0,0.0005
2017-09-03,RS01SLBS-MJ01A-06-PRESTA101,1,True,5760,5760,0,0.0,0.0005
2017-09-04,RS01SLBS-MJ01A-06-PRESTA101,1,True,5760,5760,0,0.0,0.0005
2017-09-05,RS01SLBS-MJ01A-06-PRESTA101,1,True,5760,5760,0,0.0,0.0005
2017-09-06,RS01SLBS-MJ01A-06-PRESTA101,1,True,5760,5760,0,0.0,0.0005
2017-09-07,RS01SLBS-MJ01A-06-PRESTA101,1,True,5760,5760,0,0.0,0.0005
2017-09-08,RS01SLBS-MJ01A-06-PRESTA101,1,True,5760,5760,0,0.0,0.0005
2017-09-09,RS01SLBS-MJ01A-06-PRESTA101,1,True,5760,5760,0,0.0,0.0005
2017-09-10,RS01SLBS-MJ01A-06-PRESTA101,1,True,5760,5760,0,0.0,0.0005
2017-09-11,RS01SLBS-MJ01A-06-PRESTA101,1,True,5760,5760,0,0.0,0.0005
2017-09-12,RS01SLBS-MJ01A-06-PRESTA101,1,True,5760,5760,0,0.0,0.0005
2017-09-13,RS01SLBS-MJ01A-06-PRESTA101,1,True,5743,5760,17,0.2951,0.2956
2017-09-14,RS01SLBS-MJ01A-06-PRESTA101,1,True,5759,5760,1,0.0174,0.0179
2017-09-15,RS01SLBS-MJ01A-06-PRESTA101,1,True,5760,5760,0,0.0,0.0005
2017-09-16,RS01SLBS-MJ01A-06-PRESTA101,1,True,5760,5760,0,0.0,0.0005
2017-09-17,RS01SLBS-MJ01A-06-PRESTA101,1,True,5760,5760,0,0.0,0.0005
2017-09-18,RS01SLBS-MJ01A-06-PRESTA101,1,True,5760,5760,0,0.0,0.0005
2017-09-19,RS01SLBS-MJ01A-06-PRESTA101,1,True,5760,5760,0,0.0,0.0005
2017-09-20,RS01SLBS-MJ01A-06-PRESTA101,1,True,5760,5760,0,0.0,0.0005
2017-09-21,RS01SLBS-MJ01A-06-PRESTA101,1,True,5760,5760,0,0.0,0.0005
2017-09-22,RS01SLBS-MJ01A-06-PRESTA101,1,True,5760,5760,0,0.0,0.0005
2017-09-23,RS01SLBS-MJ01A-06-PRESTA101,1,True,5760,5760,0,0.0,0.0005
2017-09-24,RS01SLBS-MJ01A-06-PRESTA101,1,True,5760,5760,0,0.0,0.0005
2017-09-25,RS01SLBS-MJ01A-06-PRESTA101,1,True,5760,5760,0,0.0,0.0005
2017-09-26,RS01SLBS-MJ01A-06-PRESTA101,1,True,5760,5760,0,0.0,0.0005
2017-09-27,RS01SLBS-MJ01A-06-PRESTA101,1,True,5760,5760,0,0.0,0.0005
2017-09-28,RS01SLBS-MJ01A-06-PRESTA101,1,True,5760,5760,0,0.0,0.0005
2017-09-29,RS01SLBS-MJ01A-06-PRESTA101,1,True,5760,5760,0,0.0,0.0005
2017-09-30,RS01SLBS-MJ01A-06-PRESTA101,1,True,5760,5760,0,0.0,0.0005
2017-10-01,RS01SLBS-MJ01A-06-PRESTA101,1,True,5760,5760,0,0.0,0.0005
2017-10-02,RS01SLBS-MJ01A-06-PRESTA101,1,True,5760,5760,0,0.0,0.0005
2017-10-03,RS01SLBS-MJ01A-06-PRESTA101,1,True,5760,5760,0,0.0,0.0005
2017-10-04,RS01SLBS-MJ01A-06-PRESTA101,1,True,5760,5760,0,0.0,0.0005
2017-10-05,RS01SLBS-MJ01A-06-PRESTA101,1,True,5760,5760,0,0.0,0.0005
2017-10-06,RS01SLBS-MJ01A-06-PRESTA101,1,True,5760,5760,0,0.0,0.0005
2017-10-07,RS01SLBS-MJ01A-06-PRESTA101,1,True,5760,5760,0,0.0,0.0005
2017-10-08,RS01SLBS-MJ01A-06-PRESTA101,1,True,5760,5760,0,0.0,0.0005
2017-10-09,RS01SLBS-MJ01A-06-PRESTA101,1,True,5760,5760,0,0.0,0.0005
2017-10-10,RS01SLBS-MJ01A-06-PRESTA101,1,True,5760,5760,0,0.0,0.0005
2017-10-11,RS01SLBS-MJ01A-06-PRESTA101,1,True,5760,5760,0,0.0,0.0005
2017-10-12,RS01SLBS-MJ01A-06-PRESTA101,1,True,5760,5760,0,0.0,0.0005
2017-10-13,RS01SLBS-MJ01A-06-PRESTA101,1,True,5760,5760,0,0.0,0.0005
2017-10-14,RS01SLBS-MJ01A-06-PRESTA101,1,True,5760,5760,0,0.0,0.0005
2017-10-15,RS01SLBS-MJ01A-06-PRESTA101,1,True,5760,5760,0,0.0,0.0005
2017-10-16,RS01SLBS-MJ01A-06-PRESTA101,1,True,5760,5760,0,0.0,0.0005
2017-10-17,RS01SLBS-MJ01A-06-PRESTA101,1,True,5760,5760,0,0.0,0.0005
2017-10-18,RS01SLBS-MJ01A-06-PRESTA101,1,True,5760,5760,0,0.0,0.0005
2017-10-19,RS01SLBS-MJ01A-06-PRESTA101,1,True,5760,5760,0,0.0,0.0005
2017-10-20,RS01SLBS-MJ01A-06-PRESTA101,1,True,5760,5760,0,0.0,0.0005
2017-10-21,RS01SLBS-MJ01A-06-PRESTA101,1,True,5760,5760,0,0.0,0.0005
2017-10-22,RS01SLBS-MJ01A-06-PRESTA101,1,True,5760,5760,0,0.0,0.0005
2017-10-23,RS01SLBS-MJ01A-06-PRESTA101,1,True,5760,5760,0,0.0,0.0005
2017-10-24,RS01SLBS-MJ01A-06-PRESTA101,1,True,5760,5760,0,0.0,0.0005
2017-10-25,RS01SLBS-MJ01A-06-PRESTA101,1,True,5760,5760,0,0.0,0.0005
2017-10-26,RS01SLBS-MJ01A-06-PRESTA101,1,True,5760,5760,0,0.0,0.0005
2017-10-27,RS01SLBS-MJ01A-06-PRESTA101,1,True,5760,5760,0,0.0,0.0005
2017-10-28,RS01SLBS-MJ01A-06-PRESTA101,1,True,5760,5760,0,0.0,0.0005
2017-10-29,RS01SLBS-MJ01A-06-PRESTA101,1,True,5760,5760,0,0.0,0.0005
2017-10-30,RS01SLBS-MJ01A-06-PRESTA101,1,True,5760,5760,0,0.0,0.0005
2017-10-31,RS01SLBS-MJ01A-06-PRESTA101,1,True,5760,5760,0,0.0,0.0005
2017-11-01,RS01SLBS-MJ01A-06-PRESTA101,1,True,5760,5760,0,0.0,0.0005
2017-11-02,RS01SLBS-MJ01A-06-PRESTA101,1,True,5760,5760,0,0.0,0.0005
2017-11-03,RS01SLBS-MJ01A-06-PRESTA101,1,True,5760,5760,0,0.0,0.0005
2017-11-04,RS01SLBS-MJ01A-06-PRESTA101,1,True,5760,5760,0,0.0,0.0005
2017-11-05,RS01SLBS-MJ01A-06-PRESTA101,1,True,5760,5760,0,0.0,0.0005
2017-11-06,RS01SLBS-MJ01A-06-PRESTA101,1,True,5760,5760,0,0.0,0.0005
2017-11-07,RS01SLBS-MJ01A-06-PRESTA101,1,True,5760,5760,0,0.0,0.0005
2017-11-08,RS01SLBS-MJ01A-06-PRESTA101,1,True,5760,5760,0,0.0,0.0005
2017-11-09,RS01SLBS-MJ01A-06-PRESTA101,1,True,5760,5760,0,0.0,0.0005
2017-11-10,RS01SLBS-MJ01A-06-PRESTA101,1,True,5760,5760,0,0.0,0.0005
2017-11-11,RS01SLBS-MJ01A-06-PRESTA101,1,True,5760,5760,0,0.0,0.0005
2017-11-12,RS01SLBS-MJ01A-06-PRESTA101,1,True,5760,5760,0,0.0,0.0005
2017-11-13,RS01SLBS-MJ01A-06-PRESTA101,1,True,5530,5530,0,0.0,3.9935
2017-11-14,RS01SLBS-MJ01A-06-PRESTA101,1,False,0,0,,,
2017-11-15,RS01SLBS-MJ01A-06-PRESTA101,1,True,5760,5760,0,0.0,0.0005
2017-11-16,RS01SLBS-MJ01A-06-PRESTA101,1,True,5760,5760,0,0.0,0.0005
2017-11-17,RS01SLBS-MJ01A-06-PRESTA101,1,True,5760,5760,0,0.0,0.0005
2017-11-18,RS01SLBS-MJ01A-06-PRESTA101,1,True,5760,5760,0,0.0,0.0005
2017-11-19,RS01SLBS-MJ01A-06-PRESTA101,1,True,5760,5760,0,0.0,0.0005
2017-11-20,RS01SLBS-MJ01A-06-PRESTA101,1,True,5760,5760,0,0.0,0.0005
2017-11-21,RS01SLBS-MJ01A-06-PRESTA101,1,True,5760,5760,0,0.0,0.0005
2017-11-22,RS01SLBS-MJ01A-06-PRESTA101,1,True,5760,5760,0,0.0,0.0005
2017-11-23,RS01SLBS-MJ01A-06-PRESTA101,1,True,5760,5760,0,0.0,0.0005
2017-11-24,RS01SLBS-MJ01A-06-PRESTA101,1,True,5760,5760,0,0.0,0.0005
2017-11-25,RS01SLBS-MJ01A-06-PRESTA101,1,True,5760,5760,0,0.0,0.0005
2017-11-26,RS01SLBS-MJ01A-06-PRESTA101,1,True,5760,5760,0,0.0,0.0005
2017-11-27,RS01SLBS-MJ01A-06-PRESTA101,1,True,5760,5760,0,0.0,0.0005
2017-11-28,RS01SLBS-MJ01A-06-PRESTA101,1,True,5760,5760,0,0.0,0.0005
2017-11-29,RS01SLBS-MJ01A-06-PRESTA101,1,True,5760,5760,0,0.0,0.0005
2017-11-30,RS01SLBS-MJ01A-06-PRESTA101,1,True,5760,5760,0,0.0,0.0005
2017-12-01,RS01SLBS-MJ01A-06-PRESTA101,1,True,5710,5760,50,0.8681,0.8686
2017-12-02,RS01SLBS-MJ01A-06-PRESTA101,1,True,5760,5760,0,0.0,0.0005
2017-12-03,RS01SLBS-MJ01A-06-PRESTA101,1,True,5760,5760,0,0.0,0.0005
2017-12-04,RS01SLBS-MJ01A-06-PRESTA101,1,True,5760,5760,0,0.0,0.0005
2017-12-05,RS01SLBS-MJ01A-06-PRESTA101,1,True,5760,5760,0,0.0,0.0005
2017-12-06,RS01SLBS-MJ01A-06-PRESTA101,1,True,5760,5760,0,0.0,0.0005
2017-12-07,RS01SLBS-MJ01A-06-PRESTA101,1,True,5760,5760,0,0.0,0.0005
2017-12-08,RS01SLBS-MJ01A-06-PRESTA101,1,True,5760,5760,0,0.0,0.0005
2017-12-09,RS01SLBS-MJ01A-06-PRESTA101,1,False,0,0,,,
2017-12-10,RS01SLBS-MJ01A-06-PRESTA101,1,False,0,0,,,
2017-12-11,RS01SLBS-MJ01A-06-PRESTA101,1,True,5760,5760,0,0.0,0.0005
2017-12-12,RS01SLBS-MJ01A-06-PRESTA101,1,True,5760,5760,0,0.0,0.0005
2017-12-13,RS01SLBS-MJ01A-06-PRESTA101,1,True,5751,5760,9,0.1562,0.1567
2017-12-14,RS01SLBS-MJ01A-06-PRESTA101,1,True,5758,5760,2,0.0347,0.0352
2017-12-15,RS01SLBS-MJ01A-06-PRESTA101,1,True,5760,5760,0,0.0,0.0005
2017-12-16,RS01SLBS-MJ01A-06-PRESTA101,1,True,5760,5760,0,0.0,0.0005
2017-12-17,RS01SLBS-MJ01A-06-PRESTA101,1,True,5760,5760,0,0.0,0.0005
2017-12-18,RS01SLBS-MJ01A-06-PRESTA101,1,True,5760,5760,0,0.0,0.0005
2017-12-19,RS01SLBS-MJ01A-06-PRESTA101,1,True,5760,5760,0,0.0,0.0005
2017-12-20,RS01SLBS-MJ01A-06-PRESTA101,1,True,5760,5760,0,0.0,0.0005
2017-12-21,RS01SLBS-MJ01A-06-PRESTA101,1,True,5760,5760,0,0.0,0.0005
2017-12-22,RS01SLBS-MJ01A-06-PRESTA101,1,True,5760,5760,0,0.0,0.0005
2017-12-23,RS01SLBS-MJ01A-06-PRESTA101,1,True,5760,5760,0,0.0,0.0005
2017-12-24,RS01SLBS-MJ01A-06-PRESTA101,1,True,5760,5760,0,0.0,0.0005
2017-12-25,RS01SLBS-MJ01A-06-PRESTA101,1,True,5760,5760,0,0.0,0.0005
2017-12-26,RS01SLBS-MJ01A-06-PRESTA101,1,True,5760,5760,0,0.0,0.0005
2017-12-27,RS01SLBS-MJ01A-06-PRESTA101,1,True,5760,5760,0,0.0,0.0005
2017-12-28,RS01SLBS-MJ01A-06-PRESTA101,1,True,5760,5760,0,0.0,0.0005
2017-12-29,RS01SLBS-MJ01A-06-PRESTA101,1,True,5760,5760,0,0.0,0.0005
2017-12-30,RS01SLBS-MJ01A-06-PRESTA101,1,True,5760,5760,0,0.0,0.0005
2017-12-31,RS01SLBS-MJ01A-06-PRESTA101,1,True,5760,5760,0,0.0,0.0005
2018-01-01,RS01SLBS-MJ01A-06-PRESTA101,1,True,5760,5760,0,0.0,0.0005
2018-01-02,RS01SLBS-MJ01A-06-PRESTA101,1,True,5760,5760,0,0.0,0.0005
2018-01-03,RS01SLBS-MJ01A-06-PRESTA101,1,True,5760,5760,0,0.0,0.0005
2018-01-04,RS01SLBS-MJ01A-06-PRESTA101,1,True,5760,5760,0,0.0,0.0005
2018-01-05,RS01SLBS-MJ01A-06-PRESTA101,1,True,5760,5760,0,0.0,0.0005
2018-01-06,RS01SLBS-MJ01A-06-PRESTA101,1,True,5760,5760,0,0.0,0.0005
2018-01-07,RS01SLBS-MJ01A-06-PRESTA101,1,True,5760,5760,0,0.0,0.0005
2018-01-08,RS01SLBS-MJ01A-06-PRESTA101,1,True,5760,5760,0,0.0,0.0005
2018-01-09,RS01SLBS-MJ01A-06-PRESTA101,1,True,5760,5760,0,0.0,0.0005
2018-01-10,RS01SLBS-MJ01A-06-PRESTA101,1,True,5760,5760,0,0.0,0.0005
2018-01-11,RS01SLBS-MJ01A-06-PRESTA101,1,True,5760,5760,0,0.0,0.0005
2018-01-12,RS01SLBS-MJ01A-06-PRESTA101,1,True,5760,5760,0,0.0,0.0005
2018-01-13,RS01SLBS-MJ01A-06-PRESTA101,1,True,5760,5760,0,0.0,0.0005
2018-01-14,RS01SLBS-MJ01A-06-PRESTA101,1,True,5760,5760,0,0.0,0.0005
2018-01-15,RS01SLBS-MJ01A-06-PRESTA101,1,True,5760,5760,0,0.0,0.0005
2018-01-16,RS01SLBS-MJ01A-06-PRESTA101,1,True,5760,5760,0,0.0,0.0005
2018-01-17,RS01SLBS-MJ01A-06-PRESTA101,1,True,5760,5760,0,0.0,0.0005
2018-01-18,RS01SLBS-MJ01A-06-PRESTA101,1,True,5760,5760,0,0.0,0.0005
2018-01-19,RS01SLBS-MJ01A-06-PRESTA101,1,True,1580,5760,4180,72.5694,72.5696
2018-01-20,RS01SLBS-MJ01A-06-PRESTA101,1,True,5760,5760,0,0.0,0.0005
2018-01-21,RS01SLBS-MJ01A-06-PRESTA101,1,True,5760,5760,0,0.0,0.0005
2018-01-22,RS01SLBS-MJ01A-06-PRESTA101,1,True,5760,5760,0,0.0,0.0005
2018-01-23,RS01SLBS-MJ01A-06-PRESTA101,1,True,5760,5760,0,0.0,0.0005
2018-01-24,RS01SLBS-MJ01A-06-PRESTA101,1,True,5760,5760,0,0.0,0.0005
2018-01-25,RS01SLBS-MJ01A-06-PRESTA101,1,True,5760,5760,0,0.0,0.0005
2018-01-26,RS01SLBS-MJ01A-06-PRESTA101,1,True,5760,5760,0,0.0,0.0005
2018-01-27,RS01SLBS-MJ01A-06-PRESTA101,1,True,5760,5760,0,0.0,0.0005
2018-01-28,RS01SLBS-MJ01A-06-PRESTA101,1,True,5760,5760,0,0.0,0.0005
2018-01-29,RS01SLBS-MJ01A-06-PRESTA101,1,True,5760,5760,0,0.0,0.0005
2018-01-30,RS01SLBS-MJ01A-06-PRESTA101,1,True,5760,5760,0,0.0,0.0005
2018-01-31,RS01SLBS-MJ01A-06-PRESTA101,1,True,5760,5760,0,0.0,0.0005
2018-02-01,RS01SLBS-MJ01A-06-PRESTA101,1,True,5760,5760,0,0.0,0.0005
2018-02-02,RS01SLBS-MJ01A-06-PRESTA101,1,True,5760,5760,0,0.0,0.0005
2018-02-03,RS01SLBS-MJ01A-06-PRESTA101,1,True,5760,5760,0,0.0,0.0005
2018-02-04,RS01SLBS-MJ01A-06-PRESTA101,1,True,5760,5760,0,0.0,0.0005
2018-02-05,RS01SLBS-MJ01A-06-PRESTA101,1,True,5760,5760,0,0.0,0.0005
2018-02-06,RS01SLBS-MJ01A-06-PRESTA101,1,True,5760,5760,0,0.0,0.0005
2018-02-07,RS01SLBS-MJ01A-06-PRESTA101,1,True,5760,5760,0,0.0,0.0005
2018-02-08,RS01SLBS-MJ01A-06-PRESTA101,1,True,5760,5760,0,0.0,0.0005
2018-02-09,RS01SLBS-MJ01A-06-PRESTA101,1,True,5760,5760,0,0.0,0.0005
2018-02-10,RS01SLBS-MJ01A-06-PRESTA101,1,True,5760,5760,0,0.0,0.0005
2018-02-11,RS01SLBS-MJ01A-06-PRESTA101,1,True,5760,5760,0,0.0,0.0005
2018-02-12,RS01SLBS-MJ01A-06-PRESTA101,1,True,5760,5760,0,0.0,0.0005
2018-02-13,RS01SLBS-MJ01A-06-PRESTA101,1,True,5760,5760,0,0.0,0.0005
2018-02-14,RS01SLBS-MJ01A-06-PRESTA101,1,True,5760,5760,0,0.0,0.0005
2018-02-15,RS01SLBS-MJ01A-06-PRESTA101,1,True,5760,5760,0,0.0,0.0005
2018-02-16,RS01SLBS-MJ01A-06-PRESTA101,1,True,5760,5760,0,0.0,0.0005
2018-02-17,RS01SLBS-MJ01A-06-PRESTA101,1,True,5760,5760,0,0.0,0.0005
2018-02-18,RS01SLBS-MJ01A-06-PRESTA101,1,True,5760,5760,0,0.0,0.0005
2018-02-19,RS01SLBS-MJ01A-06-PRESTA101,1,True,5760,5760,0,0.0,0.0005
2018-02-20,RS01SLBS-MJ01A-06-PRESTA101,1,True,5140,5760,620,10.7639,10.7643
2018-02-21,RS01SLBS-MJ01A-06-PRESTA101,1,True,5760,5760,0,0.0,0.0005
2018-02-22,RS01SLBS-MJ01A-06-PRESTA101,1,True,5674,5760,86,1.4931,1.4935
2018-02-23,RS01SLBS-MJ01A-06-PRESTA101,1,True,5760,5760,0,0.0,0.0005
2018-02-24,RS01SLBS-MJ01A-06-PRESTA101,1,True,5760,5760,0,0.0,0.0005
2018-02-25,RS01SLBS-MJ01A-06-PRESTA101,1,True,5760,5760,0,0.0,0.0005
2018-02-26,RS01SLBS-MJ01A-06-PRESTA101,1,True,5760,5760,0,0.0,0.0005
2018-02-27,RS01SLBS-MJ01A-06-PRESTA101,1,True,5760,5760,0,0.0,0.0005
2018-02-28,RS01SLBS-MJ01A-06-PRESTA101,1,True,5760,5760,0,0.0,0.0005
2018-03-01,RS01SLBS-MJ01A-06-PRESTA101,1,True,5760,5760,0,0.0,0.0005
2018-03-02,RS01SLBS-MJ01A-06-PRESTA101,1,True,5760,5760,0,0.0,0.0005
2018-03-03,RS01SLBS-MJ01A-06-PRESTA101,1,True,5760,5760,0,0.0,0.0005
2018-03-04,RS01SLBS-MJ01A-06-PRESTA101,1,True,5760,5760,0,0.0,0.0005
2018-03-05,RS01SLBS-MJ01A-06-PRESTA101,1,True,5760,5760,0,0.0,0.0005
2018-03-06,RS01SLBS-MJ01A-06-PRESTA101,1,True,5760,5760,0,0.0,0.0005
2018-03-07,RS01SLBS-MJ01A-06-PRESTA101,1,True,5731,5760,29,0.5035,0.504
2018-03-08,RS01SLBS-MJ01A-06-PRESTA101,1,True,5760,5760,0,0.0,0.0005
2018-03-09,RS01SLBS-MJ01A-06-PRESTA101,1,True,5760,5760,0,0.0,0.0005
2018-03-10,RS01SLBS-MJ01A-06-PRESTA101,1,True,4844,4844,0,0.0,15.9032
2018-03-11,RS01SLBS-MJ01A-06-PRESTA101,1,False,0,0,,,
2018-03-12,RS01SLBS-MJ01A-06-PRESTA101,1,True,1799,1799,0,0.0,68.7675
2018-03-13,RS01SLBS-MJ01A-06-PRESTA101,1,True,5760,5760,0,0.0,0.0005
2018-03-14,RS01SLBS-MJ01A-06-PRESTA101,1,True,5760,5760,0,0.0,0.0005
2018-03-15,RS01SLBS-MJ01A-06-PRESTA101,1,True,5760,5760,0,0.0,0.0005
2018-03-16,RS01SLBS-MJ01A-06-PRESTA101,1,True,5760,5760,0,0.0,0.0005
2018-03-17,RS01SLBS-MJ01A-06-PRESTA101,1,True,5760,5760,0,0.0,0.0005
2018-03-18,RS01SLBS-MJ01A-06-PRESTA101,1,True,5760,5760,0,0.0,0.0005
2018-03-19,RS01SLBS-MJ01A-06-PRESTA101,1,True,5760,5760,0,0.0,0.0005
2018-03-20,RS01SLBS-MJ01A-06-PRESTA101,1,True,5760,5760,0,0.0,0.0005
2018-03-21,RS01SLBS-MJ01A-06-PRESTA101,1,True,5760,5760,0,0.0,0.0005
2018-03-22,RS01SLBS-MJ01A-06-PRESTA101,1,True,5760,5760,0,0.0,0.0005
2018-03-23,RS01SLBS-MJ01A-06-PRESTA101,1,True,5760,5760,0,0.0,0.0005
2018-03-24,RS01SLBS-MJ01A-06-PRESTA101,1,True,5760,5760,0,0.0,0.0005
2018-03-25,RS01SLBS-MJ01A-06-PRESTA101,1,True,5760,5760,0,0.0,0.0005
2018-03-26,RS01SLBS-MJ01A-06-PRESTA101,1,True,5760,5760,0,0.0,0.0005
2018-03-27,RS01SLBS-MJ01A-06-PRESTA101,1,True,5760,5760,0,0.0,0.0005
2018-03-28,RS01SLBS-MJ01A-06-PRESTA101,1,True,5760,5760,0,0.0,0.0005
2018-03-29,RS01SLBS-MJ01A-06-PRESTA101,1,True,5760,5760,0,0.0,0.0005
2018-03-30,RS01SLBS-MJ01A-06-PRESTA101,1,True,5760,5760,0,0.0,0.0005
2018-03-31,RS01SLBS-MJ01A-06-PRESTA101,1,True,5760,5760,0,0.0,0.0005
2018-04-01,RS01SLBS-MJ01A-06-PRESTA101,1,True,5760,5760,0,0.0,0.0005
2018-04-02,RS01SLBS-MJ01A-06-PRESTA101,1,True,5760,5760,0,0.0,0.0005
2018-04-03,RS01SLBS-MJ01A-06-PRESTA101,1,True,5760,5760,0,0.0,0.0005
2018-04-04,RS01SLBS-MJ01A-06-PRESTA101,1,True,5760,5760,0,0.0,0.0005
2018-04-05,RS01SLBS-MJ01A-06-PRESTA101,1,True,5760,5760,0,0.0,0.0005
2018-04-06,RS01SLBS-MJ01A-06-PRESTA101,1,True,5760,5760,0,0.0,0.0005
2018-04-07,RS01SLBS-MJ01A-06-PRESTA101,1,True,5760,5760,0,0.0,0.0005
2018-04-08,RS01SLBS-MJ01A-06-PRESTA101,1,True,5760,5760,0,0.0,0.0005
2018-04-09,RS01SLBS-MJ01A-06-PRESTA101,1,True,5760,5760,0,0.0,0.0005
2018-04-10,RS01SLBS-MJ01A-06-PRESTA101,1,True,5760,5760,0,0.0,0.0005
2018-04-11,RS01SLBS-MJ01A-06-PRESTA101,1,True,5760,5760,0,0.0,0.0005
2018-04-12,RS01SLBS-MJ01A-06-PRESTA101,1,True,5760,5760,0,0.0,0.0005
2018-04-13,RS01SLBS-MJ01A-06-PRESTA101,1,True,5760,5760,0,0.0,0.0005
2018-04-14,RS01SLBS-MJ01A-06-PRESTA101,1,True,5760,5760,0,0.0,0.0005
2018-04-15,RS01SLBS-MJ01A-06-PRESTA101,1,True,5760,5760,0,0.0,0.0005
2018-04-16,RS01SLBS-MJ01A-06-PRESTA101,1,True,5760,5760,0,0.0,0.0005
2018-04-17,RS01SLBS-MJ01A-06-PRESTA101,1,True,5760,5760,0,0.0,0.0005
2018-04-18,RS01SLBS-MJ01A-06-PRESTA101,1,True,5760,5760,0,0.0,0.0005
2018-04-19,RS01SLBS-MJ01A-06-PRESTA101,1,True,5757,5760,3,0.0521,0.0526
2018-04-20,RS01SLBS-MJ01A-06-PRESTA101,1,True,5760,5760,0,0.0,0.0005
2018-04-21,RS01SLBS-MJ01A-06-PRESTA101,1,True,5760,5760,0,0.0,0.0005
2018-04-22,RS01SLBS-MJ01A-06-PRESTA101,1,True,5760,5760,0,0.0,0.0005
2018-04-23,RS01SLBS-MJ01A-06-PRESTA101,1,True,5760,5760,0,0.0,0.0005
2018-04-24,RS01SLBS-MJ01A-06-PRESTA101,1,True,5760,5760,0,0.0,0.0005
2018-04-25,RS01SLBS-MJ01A-06-PRESTA101,1,True,5760,5760,0,0.0,0.0005
2018-04-26,RS01SLBS-MJ01A-06-PRESTA101,1,True,5758,5760,2,0.0347,0.0352
2018-04-27,RS01SLBS-MJ01A-06-PRESTA101,1,True,5760,5760,0,0.0,0.0005
2018-04-28,RS01SLBS-MJ01A-06-PRESTA101,1,True,5760,5760,0,0.0,0.0005
2018-04-29,RS01SLBS-MJ01A-06-PRESTA101,1,True,5760,5760,0,0.0,0.0005
2018-04-30,RS01SLBS-MJ01A-06-PRESTA101,1,True,5760,5760,0,0.0,0.0005
2018-05-01,RS01SLBS-MJ01A-06-PRESTA101,1,True,5760,5760,0,0.0,0.0005
2018-05-02,RS01SLBS-MJ01A-06-PRESTA101,1,True,5760,5760,0,0.0,0.0005
2018-05-03,RS01SLBS-MJ01A-06-PRESTA101,1,True,5760,5760,0,0.0,0.0005
2018-05-04,RS01SLBS-MJ01A-06-PRESTA101,1,True,5760,5760,0,0.0,0.0005
2018-05-05,RS01SLBS-MJ01A-06-PRESTA101,1,True,5760,5760,0,0.0,0.0005
2018-05-06,RS01SLBS-MJ01A-06-PRESTA101,1,True,5760,5760,0,0.0,0.0005
2018-05-07,RS01SLBS-MJ01A-06-PRESTA101,1,True,5760,5760,0,0.0,0.0005
2018-05-08,RS01SLBS-MJ01A-06-PRESTA101,1,True,5760,5760,0,0.0,0.0005
2018-05-09,RS01SLBS-MJ01A-06-PRESTA101,1,True,5760,5760,0,0.0,0.0005
2018-05-10,RS01SLBS-MJ01A-06-PRESTA101,1,True,5760,5760,0,0.0,0.0005
2018-05-11,RS01SLBS-MJ01A-06-PRESTA101,1,True,5760,5760,0,0.0,0.0005
2018-05-12,RS01SLBS-MJ01A-06-PRESTA101,1,True,5760,5760,0,0.0,0.0005
2018-05-13,RS01SLBS-MJ01A-06-PRESTA101,1,True,5760,5760,0,0.0,0.0005
2018-05-14,RS01SLBS-MJ01A-06-PRESTA101,1,True,5760,5760,0,0.0,0.0005
2018-05-15,RS01SLBS-MJ01A-06-PRESTA101,1,True,5760,5760,0,0.0,0.0005
2018-05-16,RS01SLBS-MJ01A-06-PRESTA101,1,True,5760,5760,0,0.0,0.0005
2018-05-17,RS01SLBS-MJ01A-06-PRESTA101,1,True,5760,5760,0,0.0,0.0005
2018-05-18,RS01SLBS-MJ01A-06-PRESTA101,1,True,5751,5760,9,0.1562,0.1567
2018-05-19,RS01SLBS-MJ01A-06-PRESTA101,1,True,5760,5760,0,0.0,0.0005
2018-05-20,RS01SLBS-MJ01A-06-PRESTA101,1,True,5760,5760,0,0.0,0.0005
2018-05-21,RS01SLBS-MJ01A-06-PRESTA101,1,True,5760,5760,0,0.0,0.0005
2018-05-22,RS01SLBS-MJ01A-06-PRESTA101,1,True,5760,5760,0,0.0,0.0005
2018-05-23,RS01SLBS-MJ01A-06-PRESTA101,1,True,5760,5760,0,0.0,0.0005
2018-05-24,RS01SLBS-MJ01A-06-PRESTA101,1,True,5760,5760,0,0.0,0.0005
2018-05-25,RS01SLBS-MJ01A-06-PRESTA101,1,True,5760,5760,0,0.0,0.0005
2018-05-26,RS01SLBS-MJ01A-06-PRESTA101,1,True,5760,5760,0,0.0,0.0005
2018-05-27,RS01SLBS-MJ01A-06-PRESTA101,1,True,5760,5760,0,0.0,0.0005
2018-05-28,RS01SLBS-MJ01A-06-PRESTA101,1,True,5760,5760,0,0.0,0.0005
2018-05-29,RS01SLBS-MJ01A-06-PRESTA101,1,True,5760,5760,0,0.0,0.0005
2018-05-30,RS01SLBS-MJ01A-06-PRESTA101,1,True,5760,5760,0,0.0,0.0005
2018-05-31,RS01SLBS-MJ01A-06-PRESTA101,1,True,5760,5760,0,0.0,0.0005
2018-06-01,RS01SLBS-MJ01A-06-PRESTA101,1,True,5760,5760,0,0.0,0.0005
2018-06-02,RS01SLBS-MJ01A-06-PRESTA101,1,True,5760,5760,0,0.0,0.0005
2018-06-03,RS01SLBS-MJ01A-06-PRESTA101,1,True,5760,5760,0,0.0,0.0005
2018-06-04,RS01SLBS-MJ01A-06-PRESTA101,1,True,5760,5760,0,0.0,0.0005
2018-06-05,RS01SLBS-MJ01A-06-PRESTA101,1,True,5760,5760,0,0.0,0.0005
2018-06-06,RS01SLBS-MJ01A-06-PRESTA101,1,True,5760,5760,0,0.0,0.0005
2018-06-07,RS01SLBS-MJ01A-06-PRESTA101,1,True,5760,5760,0,0.0,0.0005
2018-06-08,RS01SLBS-MJ01A-06-PRESTA101,1,True,5760,5760,0,0.0,0.0005
2018-06-09,RS01SLBS-MJ01A-06-PRESTA101,1,True,5760,5760,0,0.0,0.0005
2018-06-10,RS01SLBS-MJ01A-06-PRESTA101,1,True,5760,5760,0,0.0,0.0005
2018-06-11,RS01SLBS-MJ01A-06-PRESTA101,1,True,5760,5760,0,0.0,0.0005
2018-06-12,RS01SLBS-MJ01A-06-PRESTA101,1,True,5760,5760,0,0.0,0.0005
2018-06-13,RS01SLBS-MJ01A-06-PRESTA101,1,True,5760,5760,0,0.0,0.0005
2018-06-14,RS01SLBS-MJ01A-06-PRESTA101,1,True,5760,5760,0,0.0,0.0005
2018-06-15,RS01SLBS-MJ01A-06-PRESTA101,1,True,5760,5760,0,0.0,0.0005
2018-06-16,RS01SLBS-MJ01A-06-PRESTA101,1,True,5754,5760,6,0.1042,0.1047
2018-06-17,RS01SLBS-MJ01A-06-PRESTA101,1,True,5760,5760,0,0.0,0.0005
2018-06-18,RS01SLBS-MJ01A-06-PRESTA101,1,True,5760,5760,0,0.0,0.0005
2018-06-19,RS01SLBS-MJ01A-06-PRESTA101,1,True,5760,5760,0,0.0,0.0005
2018-06-20,RS01SLBS-MJ01A-06-PRESTA101,1,True,5760,5760,0,0.0,0.0005
2018-06-21,RS01SLBS-MJ01A-06-PRESTA101,1,True,5760,5760,0,0.0,0.0005
2018-06-22,RS01SLBS-MJ01A-06-PRESTA101,1,True,5760,5760,0,0.0,0.0005
2018-06-23,RS01SLBS-MJ01A-06-PRESTA101,1,True,5760,5760,0,0.0,0.0005
2018-06-24,RS01SLBS-MJ01A-06-PRESTA101,1,True,5760,5760,0,0.0,0.0005
2018-06-25,RS01SLBS-MJ01A-06-PRESTA101,1,True,5760,5760,0,0.0,0.0005
2018-06-26,RS01SLBS-MJ01A-06-PRESTA101,1,True,912,912,0,0.0,84.1667
2018-06-27,RS01SLBS-MJ01A-06-PRESTA101,2,True,86400,86400,0,0.0,0.0
2018-06-28,RS01SLBS-MJ01A-06-PRESTA101,2,True,86400,86400,0,0.0,0.0
2018-06-29,RS01SLBS-MJ01A-06-PRESTA101,2,True,86400,86400,0,0.0,0.0
2018-06-30,RS01SLBS-MJ01A-06-PRESTA101,2,True,86400,86400,0,0.0,0.0
2018-07-01,RS01SLBS-MJ01A-06-PRESTA101,2,True,86400,86400,0,0.0,0.0
2018-07-02,RS01SLBS-MJ01A-06-PRESTA101,2,True,86400,86400,0,0.0,0.0
2018-07-03,RS01SLBS-MJ01A-06-PRESTA101,2,True,86400,86400,0,0.0,0.0
2018-07-04,RS01SLBS-MJ01A-06-PRESTA101,2,True,86400,86400,0,0.0,0.0
2018-07-05,RS01SLBS-MJ01A-06-PRESTA101,2,True,86325,86400,75,0.0868,0.0868
2018-07-06,RS01SLBS-MJ01A-06-PRESTA101,2,True,86173,86400,227,0.2627,0.2627
2018-07-07,RS01SLBS-MJ01A-06-PRESTA101,2,True,86400,86400,0,0.0,0.0
2018-07-08,RS01SLBS-MJ01A-06-PRESTA101,2,True,86400,86400,0,0.0,0.0
2018-07-09,RS01SLBS-MJ01A-06-PRESTA101,2,True,86400,86400,0,0.0,0.0
2018-07-10,RS01SLBS-MJ01A-06-PRESTA101,2,True,86400,86400,0,0.0,0.0
2018-07-11,RS01SLBS-MJ01A-06-PRESTA101,2,True,86400,86400,0,0.0,0.0
2018-07-12,RS01SLBS-MJ01A-06-PRESTA101,2,True,86400,86400,0,0.0,0.0
2018-07-13,RS01SLBS-MJ01A-06-PRESTA101,2,True,86400,86400,0,0.0,0.0
2018-07-14,RS01SLBS-MJ01A-06-PRESTA101,2,True,86399,86399,0,0.0,0.0012
2018-07-15,RS01SLBS-MJ01A-06-PRESTA101,2,True,86400,86400,0,0.0,0.0
2018-07-16,RS01SLBS-MJ01A-06-PRESTA101,2,True,86400,86400,0,0.0,0.0
2018-07-17,RS01SLBS-MJ01A-06-PRESTA101,2,True,85641,86400,759,0.8785,0.8785
2018-07-18,RS01SLBS-MJ01A-06-PRESTA101,2,True,86400,86400,0,0.0,0.0
2018-07-19,RS01SLBS-MJ01A-06-PRESTA101,2,True,86400,86400,0,0.0,0.0
2018-07-20,RS01SLBS-MJ01A-06-PRESTA101,2,True,86400,86400,0,0.0,0.0
2018-07-21,RS01SLBS-MJ01A-06-PRESTA101,2,True,86400,86400,0,0.0,0.0
2018-07-22,RS01SLBS-MJ01A-06-PRESTA101,2,True,86400,86400,0,0.0,0.0
2018-07-23,RS01SLBS-MJ01A-06-PRESTA101,2,True,86400,86400,0,0.0,0.0
2018-07-24,RS01SLBS-MJ01A-06-PRESTA101,2,True,86400,86400,0,0.0,0.0
2018-07-25,RS01SLBS-MJ01A-06-PRESTA101,2,True,86400,86400,0,0.0,0.0
2018-07-26,RS01SLBS-MJ01A-06-PRESTA101,2,True,86400,86400,0,0.0,0.0
2018-07-27,RS01SLBS-MJ01A-06-PRESTA101,2,True,86400,86400,0,0.0,0.0
2018-07-28,RS01SLBS-MJ01A-06-PRESTA101,2,True,86400,86400,0,0.0,0.0
2018-07-29,RS01SLBS-MJ01A-06-PRESTA101,2,True,86400,86400,0,0.0,0.0
2018-07-30,RS01SLBS-MJ01A-06-PRESTA101,2,True,86400,86400,0,0.0,0.0
2018-07-31,RS01SLBS-MJ01A-06-PRESTA101,2,True,86400,86400,0,0.0,0.0
2018-08-01,RS01SLBS-MJ01A-06-PRESTA101,2,True,86400,86400,0,0.0,0.0
2018-08-02,RS01SLBS-MJ01A-06-PRESTA101,2,True,86400,86400,0,0.0,0.0
2018-08-03,RS01SLBS-MJ01A-06-PRESTA101,2,True,86400,86400,0,0.0,0.0
2018-08-04,RS01SLBS-MJ01A-06-PRESTA101,2,True,86400,86400,0,0.0,0.0
2018-08-05,RS01SLBS-MJ01A-06-PRESTA101,2,True,86400,86400,0,0.0,0.0
2018-08-06,RS01SLBS-MJ01A-06-PRESTA101,2,True,86400,86400,0,0.0,0.0
2018-08-07,RS01SLBS-MJ01A-06-PRESTA101,2,True,86400,86400,0,0.0,0.0
2018-08-08,RS01SLBS-MJ01A-06-PRESTA101,2,True,86400,86400,0,0.0,0.0
2018-08-09,RS01SLBS-MJ01A-06-PRESTA101,2,True,86400,86400,0,0.0,0.0
2018-08-10,RS01SLBS-MJ01A-06-PRESTA101,2,True,77251,77251,0,0.0,10.5891
2018-08-11,RS01SLBS-MJ01A-06-PRESTA101,2,True,25742,25742,0,0.0,70.206
2018-08-12,RS01SLBS-MJ01A-06-PRESTA101,2,True,86400,86400,0,0.0,0.0
2018-08-13,RS01SLBS-MJ01A-06-PRESTA101,2,True,86287,86400,113,0.1308,0.1308
2018-08-14,RS01SLBS-MJ01A-06-PRESTA101,2,True,86400,86400,0,0.0,0.0
2018-08-15,RS01SLBS-MJ01A-06-PRESTA101,2,True,86400,86400,0,0.0,0.0
2018-08-16,RS01SLBS-MJ01A-06-PRESTA101,2,True,86399,86399,0,0.0,0.0012
2018-08-17,RS01SLBS-MJ01A-06-PRESTA101,2,True,86400,86400,0,0.0,0.0
2018-08-18,RS01SLBS-MJ01A-06-PRESTA101,2,True,86400,86400,0,0.0,0.0
2018-08-19,RS01SLBS-MJ01A-06-PRESTA101,2,True,86400,86400,0,0.0,0.0
2018-08-20,RS01SLBS-MJ01A-06-PRESTA101,2,True,86400,86400,0,0.0,0.0
2018-08-21,RS01SLBS-MJ01A-06-PRESTA101,2,True,86400,86400,0,0.0,0.0
2018-08-22,RS01SLBS-MJ01A-06-PRESTA101,2,True,63721,63721,0,0.0,26.2488
2018-08-23,RS01SLBS-MJ01A-06-PRESTA101,2,False,0,0,,,
2018-08-24,RS01SLBS-MJ01A-06-PRESTA101,2,True,18000,18000,0,0.0,79.1667
2018-08-25,RS01SLBS-MJ01A-06-PRESTA101,2,True,86400,86400,0,0.0,0.0
2018-08-26,RS01SLBS-MJ01A-06-PRESTA101,2,True,86400,86400,0,0.0,0.0
2018-08-27,RS01SLBS-MJ01A-06-PRESTA101,2,True,86383,86400,17,0.0197,0.0197
2018-08-28,RS01SLBS-MJ01A-06-PRESTA101,2,True,55603,55603,0,0.0,35.6447
2018-08-29,RS01SLBS-MJ01A-06-PRESTA101,2,False,0,0,,,
2018-08-30,RS01SLBS-MJ01A-06-PRESTA101,2,True,4949,5062,113,2.2323,94.272
2018-08-31,RS01SLBS-MJ01A-06-PRESTA101,2,True,86400,86400,0,0.0,0.0
2018-09-01,RS01SLBS-MJ01A-06-PRESTA101,2,True,86400,86400,0,0.0,0.0
2018-09-02,RS01SLBS-MJ01A-06-PRESTA101,2,True,86400,86400,0,0.0,0.0
2018-09-03,RS01SLBS-MJ01A-06-PRESTA101,2,True,86400,86400,0,0.0,0.0
2018-09-04,RS01SLBS-MJ01A-06-PRESTA101,2,True,86400,86400,0,0.0,0.0
2018-09-05,RS01SLBS-MJ01A-06-PRESTA101,2,True,51622,51968,346,0.6658,40.2523
2018-09-06,RS01SLBS-MJ01A-06-PRESTA101,2,False,0,0,,,
2018-09-07,RS01SLBS-MJ01A-06-PRESTA101,2,True,74732,75232,500,0.6646,13.5046
2018-09-08,RS01SLBS-MJ01A-06-PRESTA101,2,True,86400,86400,0,0.0,0.0
2018-09-09,RS01SLBS-MJ01A-06-PRESTA101,2,True,86400,86400,0,0.0,0.0
2018-09-10,RS01SLBS-MJ01A-06-PRESTA101,2,True,86400,86400,0,0.0,0.0
2018-09-11,RS01SLBS-MJ01A-06-PRESTA101,2,True,86400,86400,0,0.0,0.0
2018-09-12,RS01SLBS-MJ01A-06-PRESTA101,2,True,86399,86399,0,0.0,0.0012
2018-09-13,RS01SLBS-MJ01A-06-PRESTA101,2,False,0,0,,,
2018-09-14,RS01SLBS-MJ01A-06-PRESTA101,2,True,11625,11677,52,0.4453,86.5451
2018-09-15,RS01SLBS-MJ01A-06-PRESTA101,2,True,86270,86400,130,0.1505,0.1505
2018-09-16,RS01SLBS-MJ01A-06-PRESTA101,2,True,86400,86400,0,0.0,0.0
2018-09-17,RS01SLBS-MJ01A-06-PRESTA101,2,True,86400,86400,0,0.0,0.0
2018-09-18,RS01SLBS-MJ01A-06-PRESTA101,2,True,86399,86399,0,0.0,0.0012
2018-09-19,RS01SLBS-MJ01A-06-PRESTA101,2,True,85880,86400,520,0.6019,0.6019
2018-09-20,RS01SLBS-MJ01A-06-PRESTA101,2,True,85880,86400,520,0.6019,0.6019
2018-09-21,RS01SLBS-MJ01A-06-PRESTA101,2,True,86400,86400,0,0.0,0.0
2018-09-22,RS01SLBS-MJ01A-06-PRESTA101,2,True,86387,86400,13,0.015,0.015
2018-09-23,RS01SLBS-MJ01A-06-PRESTA101,2,True,85852,86400,548,0.6343,0.6343
2018-09-24,RS01SLBS-MJ01A-06-PRESTA101,2,True,82839,86398,3559,4.1193,4.1215
2018-09-25,RS01SLBS-MJ01A-06-PRESTA101,2,True,86400,86400,0,0.0,0.0
2018-09-26,RS01SLBS-MJ01A-06-PRESTA101,2,True,86400,86400,0,0.0,0.0
2018-09-27,RS01SLBS-MJ01A-06-PRESTA101,2,True,86400,86400,0,0.0,0.0
2018-09-28,RS01SLBS-MJ01A-06-PRESTA101,2,True,9518,9518,0,0.0,88.9838
2018-09-29,RS01SLBS-MJ01A-06-PRESTA101,2,False,0,0,,,
2018-09-30,RS01SLBS-MJ01A-06-PRESTA101,2,False,0,0,,,
2018-10-01,RS01SLBS-MJ01A-06-PRESTA101,2,False,0,0,,,
2018-10-02,RS01SLBS-MJ01A-06-PRESTA101,2,True,24717,25274,557,2.2038,71.3924
2018-10-03,RS01SLBS-MJ01A-06-PRESTA101,2,True,85996,86400,404,0.4676,0.4676
2018-10-04,RS01SLBS-MJ01A-06-PRESTA101,2,True,86400,86400,0,0.0,0.0
2018-10-05,RS01SLBS-MJ01A-06-PRESTA101,2,True,86400,86400,0,0.0,0.0
2018-10-06,RS01SLBS-MJ01A-06-PRESTA101,2,True,86400,86400,0,0.0,0.0
2018-10-07,RS01SLBS-MJ01A-06-PRESTA101,2,True,86400,86400,0,0.0,0.0
2018-10-08,RS01SLBS-MJ01A-06-PRESTA101,2,True,86400,86400,0,0.0,0.0
2018-10-09,RS01SLBS-MJ01A-06-PRESTA101,2,True,86400,86400,0,0.0,0.0
2018-10-10,RS01SLBS-MJ01A-06-PRESTA101,2,True,86400,86400,0,0.0,0.0
2018-10-11,RS01SLBS-MJ01A-06-PRESTA101,2,True,86400,86400,0,0.0,0.0
2018-10-12,RS01SLBS-MJ01A-06-PRESTA101,2,True,86400,86400,0,0.0,0.0
2018-10-13,RS01SLBS-MJ01A-06-PRESTA101,2,True,86400,86400,0,0.0,0.0
2018-10-14,RS01SLBS-MJ01A-06-PRESTA101,2,True,86400,86400,0,0.0,0.0
2018-10-15,RS01SLBS-MJ01A-06-PRESTA101,2,True,86400,86400,0,0.0,0.0
2018-10-16,RS01SLBS-MJ01A-06-PRESTA101,2,False,0,0,,,
2018-10-17,RS01SLBS-MJ01A-06-PRESTA101,2,True,86400,86400,0,0.0,0.0
2018-10-18,RS01SLBS-MJ01A-06-PRESTA101,2,True,30395,31334,939,2.9967,64.8206
2018-10-19,RS01SLBS-MJ01A-06-PRESTA101,2,True,13554,13554,0,0.0,84.3125
2018-10-20,RS01SLBS-MJ01A-06-PRESTA101,2,True,86400,86400,0,0.0,0.0
2018-10-21,RS01SLBS-MJ01A-06-PRESTA101,2,True,86399,86399,0,0.0,0.0012
2018-10-22,RS01SLBS-MJ01A-06-PRESTA101,2,True,86400,86400,0,0.0,0.0
2018-10-23,RS01SLBS-MJ01A-06-PRESTA101,2,True,86400,86400,0,0.0,0.0
2018-10-24,RS01SLBS-MJ01A-06-PRESTA101,2,True,86400,86400,0,0.0,0.0
2018-10-25,RS01SLBS-MJ01A-06-PRESTA101,2,True,86400,86400,0,0.0,0.0
2018-10-26,RS01SLBS-MJ01A-06-PRESTA101,2,True,86400,86400,0,0.0,0.0
2018-10-27,RS01SLBS-MJ01A-06-PRESTA101,2,True,86400,86400,0,0.0,0.0
2018-10-28,RS01SLBS-MJ01A-06-PRESTA101,2,True,86400,86400,0,0.0,0.0
2018-10-29,RS01SLBS-MJ01A-06-PRESTA101,2,True,86400,86400,0,0.0,0.0
2018-10-30,RS01SLBS-MJ01A-06-PRESTA101,2,True,86400,86400,0,0.0,0.0
2018-10-31,RS01SLBS-MJ01A-06-PRESTA101,2,True,86274,86400,126,0.1458,0.1458
2018-11-01,RS01SLBS-MJ01A-06-PRESTA101,2,True,86400,86400,0,0.0,0.0
2018-11-02,RS01SLBS-MJ01A-06-PRESTA101,2,True,86400,86400,0,0.0,0.0
2018-11-03,RS01SLBS-MJ01A-06-PRESTA101,2,True,86400,86400,0,0.0,0.0
2018-11-04,RS01SLBS-MJ01A-06-PRESTA101,2,True,86400,86400,0,0.0,0.0
2018-11-05,RS01SLBS-MJ01A-06-PRESTA101,2,True,86400,86400,0,0.0,0.0
2018-11-06,RS01SLBS-MJ01A-06-PRESTA101,2,True,86400,86400,0,0.0,0.0
2018-11-07,RS01SLBS-MJ01A-06-PRESTA101,2,True,86400,86400,0,0.0,0.0
2018-11-08,RS01SLBS-MJ01A-06-PRESTA101,2,True,85825,86400,575,0.6655,0.6655
2018-11-09,RS01SLBS-MJ01A-06-PRESTA101,2,True,86400,86400,0,0.0,0.0
2018-11-10,RS01SLBS-MJ01A-06-PRESTA101,2,True,86400,86400,0,0.0,0.0
2018-11-11,RS01SLBS-MJ01A-06-PRESTA101,2,True,86400,86400,0,0.0,0.0
2018-11-12,RS01SLBS-MJ01A-06-PRESTA101,2,True,86400,86400,0,0.0,0.0
2018-11-13,RS01SLBS-MJ01A-06-PRESTA101,2,True,86400,86400,0,0.0,0.0
2018-11-14,RS01SLBS-MJ01A-06-PRESTA101,2,True,86400,86400,0,0.0,0.0
2018-11-15,RS01SLBS-MJ01A-06-PRESTA101,2,True,86400,86400,0,0.0,0.0
2018-11-16,RS01SLBS-MJ01A-06-PRESTA101,2,True,86400,86400,0,0.0,0.0
2018-11-17,RS01SLBS-MJ01A-06-PRESTA101,2,True,86400,86400,0,0.0,0.0
2018-11-18,RS01SLBS-MJ01A-06-PRESTA101,2,True,86400,86400,0,0.0,0.0
2018-11-19,RS01SLBS-MJ01A-06-PRESTA101,2,True,86400,86400,0,0.0,0.0
2018-11-20,RS01SLBS-MJ01A-06-PRESTA101,2,True,82469,86398,3929,4.5476,4.5498
2018-11-21,RS01SLBS-MJ01A-06-PRESTA101,2,True,86400,86400,0,0.0,0.0
2018-11-22,RS01SLBS-MJ01A-06-PRESTA101,2,True,86400,86400,0,0.0,0.0
2018-11-23,RS01SLBS-MJ01A-06-PRESTA101,2,True,86400,86400,0,0.0,0.0
2018-11-24,RS01SLBS-MJ01A-06-PRESTA101,2,True,86399,86399,0,0.0,0.0012
2018-11-25,RS01SLBS-MJ01A-06-PRESTA101,2,True,86400,86400,0,0.0,0.0
2018-11-26,RS01SLBS-MJ01A-06-PRESTA101,2,True,86400,86400,0,0.0,0.0
2018-11-27,RS01SLBS-MJ01A-06-PRESTA101,2,True,86400,86400,0,0.0,0.0
2018-11-28,RS01SLBS-MJ01A-06-PRESTA101,2,True,86400,86400,0,0.0,0.0
2018-11-29,RS01SLBS-MJ01A-06-PRESTA101,2,True,86400,86400,0,0.0,0.0
2018-11-30,RS01SLBS-MJ01A-06-PRESTA101,2,True,86400,86400,0,0.0,0.0
2018-12-01,RS01SLBS-MJ01A-06-PRESTA101,2,True,86400,86400,0,0.0,0.0
2018-12-02,RS01SLBS-MJ01A-06-PRESTA101,2,True,86400,86400,0,0.0,0.0
2018-12-03,RS01SLBS-MJ01A-06-PRESTA101,2,True,86400,86400,0,0.0,0.0
2018-12-04,RS01SLBS-MJ01A-06-PRESTA101,2,True,86400,86400,0,0.0,0.0
2018-12-05,RS01SLBS-MJ01A-06-PRESTA101,2,True,86400,86400,0,0.0,0.0
2018-12-06,RS01SLBS-MJ01A-06-PRESTA101,2,True,86400,86400,0,0.0,0.0
2018-12-07,RS01SLBS-MJ01A-06-PRESTA101,2,True,85420,86399,979,1.1331,1.1343
2018-12-08,RS01SLBS-MJ01A-06-PRESTA101,2,True,86400,86400,0,0.0,0.0
2018-12-09,RS01SLBS-MJ01A-06-PRESTA101,2,True,86400,86400,0,0.0,0.0
2018-12-10,RS01SLBS-MJ01A-06-PRESTA101,2,True,86400,86400,0,0.0,0.0
2018-12-11,RS01SLBS-MJ01A-06-PRESTA101,2,True,86400,86400,0,0.0,0.0
2018-12-12,RS01SLBS-MJ01A-06-PRESTA101,2,True,86400,86400,0,0.0,0.0
2018-12-13,RS01SLBS-MJ01A-06-PRESTA101,2,True,86400,86400,0,0.0,0.0
2018-12-14,RS01SLBS-MJ01A-06-PRESTA101,2,True,86400,86400,0,0.0,0.0
2018-12-15,RS01SLBS-MJ01A-06-PRESTA101,2,True,86400,86400,0,0.0,0.0
2018-12-16,RS01SLBS-MJ01A-06-PRESTA101,2,True,86400,86400,0,0.0,0.0
2018-12-17,RS01SLBS-MJ01A-06-PRESTA101,2,True,86400,86400,0,0.0,0.0
2018-12-18,RS01SLBS-MJ01A-06-PRESTA101,2,True,86400,86400,0,0.0,0.0
2018-12-19,RS01SLBS-MJ01A-06-PRESTA101,2,True,86400,86400,0,0.0,0.0
2018-12-20,RS01SLBS-MJ01A-06-PRESTA101,2,True,86400,86400,0,0.0,0.0
2018-12-21,RS01SLBS-MJ01A-06-PRESTA101,2,True,86400,86400,0,0.0,0.0
2018-12-22,RS01SLBS-MJ01A-06-PRESTA101,2,True,86400,86400,0,0.0,0.0
2018-12-23,RS01SLBS-MJ01A-06-PRESTA101,2,True,86400,86400,0,0.0,0.0
2018-12-24,RS01SLBS-MJ01A-06-PRESTA101,2,True,86400,86400,0,0.0,0.0
2018-12-25,RS01SLBS-MJ01A-06-PRESTA101,2,True,86400,86400,0,0.0,0.0
2018-12-26,RS01SLBS-MJ01A-06-PRESTA101,2,True,86400,86400,0,0.0,0.0
2018-12-27,RS01SLBS-MJ01A-06-PRESTA101,2,True,86400,86400,0,0.0,0.0
2018-12-28,RS01SLBS-MJ01A-06-PRESTA101,2,True,86400,86400,0,0.0,0.0
2018-12-29,RS01SLBS-MJ01A-06-PRESTA101,2,True,86400,86400,0,0.0,0.0
2018-12-30,RS01SLBS-MJ01A-06-PRESTA101,2,True,86399,86399,0,0.0,0.0012
2018-12-31,RS01SLBS-MJ01A-06-PRESTA101,2,True,86400,86400,0,0.0,0.0
2019-01-01,RS01SLBS-MJ01A-06-PRESTA101,2,True,86400,86400,0,0.0,0.0
2019-01-02,RS01SLBS-MJ01A-06-PRESTA101,2,True,86400,86400,0,0.0,0.0
2019-01-03,RS01SLBS-MJ01A-06-PRESTA101,2,True,86400,86400,0,0.0,0.0
2019-01-04,RS01SLBS-MJ01A-06-PRESTA101,2,True,86400,86400,0,0.0,0.0
2019-01-05,RS01SLBS-MJ01A-06-PRESTA101,2,True,86400,86400,0,0.0,0.0
2019-01-06,RS01SLBS-MJ01A-06-PRESTA101,2,True,86400,86400,0,0.0,0.0
2019-01-07,RS01SLBS-MJ01A-06-PRESTA101,2,True,86400,86400,0,0.0,0.0
2019-01-08,RS01SLBS-MJ01A-06-PRESTA101,2,True,86400,86400,0,0.0,0.0
2019-01-09,RS01SLBS-MJ01A-06-PRESTA101,2,True,86400,86400,0,0.0,0.0
2019-01-10,RS01SLBS-MJ01A-06-PRESTA101,2,True,86400,86400,0,0.0,0.0
2019-01-11,RS01SLBS-MJ01A-06-PRESTA101,2,True,86400,86400,0,0.0,0.0
2019-01-12,RS01SLBS-MJ01A-06-PRESTA101,2,True,86400,86400,0,0.0,0.0
2019-01-13,RS01SLBS-MJ01A-06-PRESTA101,2,True,86400,86400,0,0.0,0.0
2019-01-14,RS01SLBS-MJ01A-06-PRESTA101,2,True,86400,86400,0,0.0,0.0
2019-01-15,RS01SLBS-MJ01A-06-PRESTA101,2,True,86400,86400,0,0.0,0.0
2019-01-16,RS01SLBS-MJ01A-06-PRESTA101,2,True,86400,86400,0,0.0,0.0
2019-01-17,RS01SLBS-MJ01A-06-PRESTA101,2,True,86400,86400,0,0.0,0.0
2019-01-18,RS01SLBS-MJ01A-06-PRESTA101,2,True,86400,86400,0,0.0,0.0
2019-01-19,RS01SLBS-MJ01A-06-PRESTA101,2,True,86400,86400,0,0.0,0.0
2019-01-20,RS01SLBS-MJ01A-06-PRESTA101,2,True,86400,86400,0,0.0,0.0
2019-01-21,RS01SLBS-MJ01A-06-PRESTA101,2,True,86400,86400,0,0.0,0.0
2019-01-22,RS01SLBS-MJ01A-06-PRESTA101,2,True,86400,86400,0,0.0,0.0
2019-01-23,RS01SLBS-MJ01A-06-PRESTA101,2,True,86400,86400,0,0.0,0.0
2019-01-24,RS01SLBS-MJ01A-06-PRESTA101,2,True,86400,86400,0,0.0,0.0
2019-01-25,RS01SLBS-MJ01A-06-PRESTA101,2,True,86113,86400,287,0.3322,0.3322
2019-01-26,RS01SLBS-MJ01A-06-PRESTA101,2,True,86400,86400,0,0.0,0.0
2019-01-27,RS01SLBS-MJ01A-06-PRESTA101,2,True,86400,86400,0,0.0,0.0
2019-01-28,RS01SLBS-MJ01A-06-PRESTA101,2,True,86400,86400,0,0.0,0.0
2019-01-29,RS01SLBS-MJ01A-06-PRESTA101,2,True,86400,86400,0,0.0,0.0
2019-01-30,RS01SLBS-MJ01A-06-PRESTA101,2,True,86254,86400,146,0.169,0.169
2019-01-31,RS01SLBS-MJ01A-06-PRESTA101,2,True,86400,86400,0,0.0,0.0
2019-02-01,RS01SLBS-MJ01A-06-PRESTA101,2,True,86400,86400,0,0.0,0.0
2019-02-02,RS01SLBS-MJ01A-06-PRESTA101,2,True,86399,86399,0,0.0,0.0012
2019-02-03,RS01SLBS-MJ01A-06-PRESTA101,2,True,86400,86400,0,0.0,0.0
2019-02-04,RS01SLBS-MJ01A-06-PRESTA101,2,True,86400,86400,0,0.0,0.0
2019-02-05,RS01SLBS-MJ01A-06-PRESTA101,2,True,86400,86400,0,0.0,0.0
2019-02-06,RS01SLBS-MJ01A-06-PRESTA101,2,True,86400,86400,0,0.0,0.0
2019-02-07,RS01SLBS-MJ01A-06-PRESTA101,2,True,86400,86400,0,0.0,0.0
2019-02-08,RS01SLBS-MJ01A-06-PRESTA101,2,True,86400,86400,0,0.0,0.0
2019-02-09,RS01SLBS-MJ01A-06-PRESTA101,2,True,86299,86400,101,0.1169,0.1169
2019-02-10,RS01SLBS-MJ01A-06-PRESTA101,2,True,86400,86400,0,0.0,0.0
2019-02-11,RS01SLBS-MJ01A-06-PRESTA101,2,True,86400,86400,0,0.0,0.0
2019-02-12,RS01SLBS-MJ01A-06-PRESTA101,2,True,86400,86400,0,0.0,0.0
2019-02-13,RS01SLBS-MJ01A-06-PRESTA101,2,True,86400,86400,0,0.0,0.0
2019-02-14,RS01SLBS-MJ01A-06-PRESTA101,2,True,86400,86400,0,0.0,0.0
2019-02-15,RS01SLBS-MJ01A-06-PRESTA101,2,True,86400,86400,0,0.0,0.0
2019-02-16,RS01SLBS-MJ01A-06-PRESTA101,2,True,86400,86400,0,0.0,0.0
2019-02-17,RS01SLBS-MJ01A-06-PRESTA101,2,True,86400,86400,0,0.0,0.0
2019-02-18,RS01SLBS-MJ01A-06-PRESTA101,2,True,86400,86400,0,0.0,0.0
2019-02-19,RS01SLBS-MJ01A-06-PRESTA101,2,True,86400,86400,0,0.0,0.0
2019-02-20,RS01SLBS-MJ01A-06-PRESTA101,2,True,86400,86400,0,0.0,0.0
2019-02-21,RS01SLBS-MJ01A-06-PRESTA101,2,True,86400,86400,0,0.0,0.0
2019-02-22,RS01SLBS-MJ01A-06-PRESTA101,2,True,86400,86400,0,0.0,0.0
2019-02-23,RS01SLBS-MJ01A-06-PRESTA101,2,True,86400,86400,0,0.0,0.0
2019-02-24,RS01SLBS-MJ01A-06-PRESTA101,2,True,86400,86400,0,0.0,0.0
2019-02-25,RS01SLBS-MJ01A-06-PRESTA101,2,True,86400,86400,0,0.0,0.0
2019-02-26,RS01SLBS-MJ01A-06-PRESTA101,2,True,86400,86400,0,0.0,0.0
2019-02-27,RS01SLBS-MJ01A-06-PRESTA101,2,True,86400,86400,0,0.0,0.0
2019-02-28,RS01SLBS-MJ01A-06-PRESTA101,2,True,86400,86400,0,0.0,0.0
2019-03-01,RS01SLBS-MJ01A-06-PRESTA101,2,True,86400,86400,0,0.0,0.0
2019-03-02,RS01SLBS-MJ01A-06-PRESTA101,2,True,86400,86400,0,0.0,0.0
2019-03-03,RS01SLBS-MJ01A-06-PRESTA101,2,True,86400,86400,0,0.0,0.0
2019-03-04,RS01SLBS-MJ01A-06-PRESTA101,2,True,86400,86400,0,0.0,0.0
2019-03-05,RS01SLBS-MJ01A-06-PRESTA101,2,True,86400,86400,0,0.0,0.0
2019-03-06,RS01SLBS-MJ01A-06-PRESTA101,2,True,86400,86400,0,0.0,0.0
2019-03-07,RS01SLBS-MJ01A-06-PRESTA101,2,True,86400,86400,0,0.0,0.0
2019-03-08,RS01SLBS-MJ01A-06-PRESTA101,2,True,86400,86400,0,0.0,0.0
2019-03-09,RS01SLBS-MJ01A-06-PRESTA101,2,True,86399,86399,0,0.0,0.0012
2019-03-10,RS01SLBS-MJ01A-06-PRESTA101,2,True,86400,86400,0,0.0,0.0
2019-03-11,RS01SLBS-MJ01A-06-PRESTA101,2,True,86400,86400,0,0.0,0.0
2019-03-12,RS01SLBS-MJ01A-06-PRESTA101,2,True,86400,86400,0,0.0,0.0
2019-03-13,RS01SLBS-MJ01A-06-PRESTA101,2,True,86400,86400,0,0.0,0.0
2019-03-14,RS01SLBS-MJ01A-06-PRESTA101,2,True,86400,86400,0,0.0,0.0
2019-03-15,RS01SLBS-MJ01A-06-PRESTA101,2,True,83062,86398,3336,3.8612,3.8634
2019-03-16,RS01SLBS-MJ01A-06-PRESTA101,2,True,86400,86400,0,0.0,0.0
2019-03-17,RS01SLBS-MJ01A-06-PRESTA101,2,True,86400,86400,0,0.0,0.0
2019-03-18,RS01SLBS-MJ01A-06-PRESTA101,2,True,86400,86400,0,0.0,0.0
2019-03-19,RS01SLBS-MJ01A-06-PRESTA101,2,True,86400,86400,0,0.0,0.0
2019-03-20,RS01SLBS-MJ01A-06-PRESTA101,2,True,86400,86400,0,0.0,0.0
2019-03-21,RS01SLBS-MJ01A-06-PRESTA101,2,True,86400,86400,0,0.0,0.0
2019-03-22,RS01SLBS-MJ01A-06-PRESTA101,2,True,86400,86400,0,0.0,0.0
2019-03-23,RS01SLBS-MJ01A-06-PRESTA101,2,True,86400,86400,0,0.0,0.0
2019-03-24,RS01SLBS-MJ01A-06-PRESTA101,2,True,86400,86400,0,0.0,0.0
2019-03-25,RS01SLBS-MJ01A-06-PRESTA101,2,True,86400,86400,0,0.0,0.0
2019-03-26,RS01SLBS-MJ01A-06-PRESTA101,2,True,86400,86400,0,0.0,0.0
2019-03-27,RS01SLBS-MJ01A-06-PRESTA101,2,True,86400,86400,0,0.0,0.0
2019-03-28,RS01SLBS-MJ01A-06-PRESTA101,2,True,86400,86400,0,0.0,0.0
2019-03-29,RS01SLBS-MJ01A-06-PRESTA101,2,True,86400,86400,0,0.0,0.0
2019-03-30,RS01SLBS-MJ01A-06-PRESTA101,2,True,86400,86400,0,0.0,0.0
2019-03-31,RS01SLBS-MJ01A-06-PRESTA101,2,True,86400,86400,0,0.0,0.0
2019-04-01,RS01SLBS-MJ01A-06-PRESTA101,2,True,86400,86400,0,0.0,0.0
2019-04-02,RS01SLBS-MJ01A-06-PRESTA101,2,True,86400,86400,0,0.0,0.0
2019-04-03,RS01SLBS-MJ01A-06-PRESTA101,2,True,86400,86400,0,0.0,0.0
2019-04-04,RS01SLBS-MJ01A-06-PRESTA101,2,True,83835,83936,101,0.1203,2.9687
2019-04-05,RS01SLBS-MJ01A-06-PRESTA101,2,True,80930,80930,0,0.0,6.331
2019-04-06,RS01SLBS-MJ01A-06-PRESTA101,2,True,86400,86400,0,0.0,0.0
2019-04-07,RS01SLBS-MJ01A-06-PRESTA101,2,True,86400,86400,0,0.0,0.0
2019-04-08,RS01SLBS-MJ01A-06-PRESTA101,2,True,86400,86400,0,0.0,0.0
2019-04-09,RS01SLBS-MJ01A-06-PRESTA101,2,True,86400,86400,0,0.0,0.0
2019-04-10,RS01SLBS-MJ01A-06-PRESTA101,2,True,86400,86400,0,0.0,0.0
2019-04-11,RS01SLBS-MJ01A-06-PRESTA101,2,True,86400,86400,0,0.0,0.0
2019-04-12,RS01SLBS-MJ01A-06-PRESTA101,2,True,86400,86400,0,0.0,0.0
2019-04-13,RS01SLBS-MJ01A-06-PRESTA101,2,True,86399,86399,0,0.0,0.0012
2019-04-14,RS01SLBS-MJ01A-06-PRESTA101,2,True,86400,86400,0,0.0,0.0
2019-04-15,RS01SLBS-MJ01A-06-PRESTA101,2,True,86400,86400,0,0.0,0.0
2019-04-16,RS01SLBS-MJ01A-06-PRESTA101,2,True,86400,86400,0,0.0,0.0
2019-04-17,RS01SLBS-MJ01A-06-PRESTA101,2,True,86400,86400,0,0.0,0.0
2019-04-18,RS01SLBS-MJ01A-06-PRESTA101,2,True,86400,86400,0,0.0,0.0
2019-04-19,RS01SLBS-MJ01A-06-PRESTA101,2,True,86400,86400,0,0.0,0.0
2019-04-20,RS01SLBS-MJ01A-06-PRESTA101,2,True,86400,86400,0,0.0,0.0
2019-04-21,RS01SLBS-MJ01A-06-PRESTA101,2,True,86400,86400,0,0.0,0.0
2019-04-22,RS01SLBS-MJ01A-06-PRESTA101,2,True,28395,86369,57974,67.1236,67.1354
2019-04-23,RS01SLBS-MJ01A-06-PRESTA101,2,True,86400,86400,0,0.0,0.0
2019-04-24,RS01SLBS-MJ01A-06-PRESTA101,2,True,86400,86400,0,0.0,0.0
2019-04-25,RS01SLBS-MJ01A-06-PRESTA101,2,True,86400,86400,0,0.0,0.0
2019-04-26,RS01SLBS-MJ01A-06-PRESTA101,2,True,86043,86400,357,0.4132,0.4132
2019-04-27,RS01SLBS-MJ01A-06-PRESTA101,2,True,86400,86400,0,0.0,0.0
2019-04-28,RS01SLBS-MJ01A-06-PRESTA101,2,True,86400,86400,0,0.0,0.0
2019-04-29,RS01SLBS-MJ01A-06-PRESTA101,2,True,86400,86400,0,0.0,0.0
2019-04-30,RS01SLBS-MJ01A-06-PRESTA101,2,True,86400,86400,0,0.0,0.0
2019-05-01,RS01SLBS-MJ01A-06-PRESTA101,2,True,86400,86400,0,0.0,0.0
2019-05-02,RS01SLBS-MJ01A-06-PRESTA101,2,True,86400,86400,0,0.0,0.0
2019-05-03,RS01SLBS-MJ01A-06-PRESTA101,2,True,86400,86400,0,0.0,0.0
2019-05-04,RS01SLBS-MJ01A-06-PRESTA101,2,True,86400,86400,0,0.0,0.0
2019-05-05,RS01SLBS-MJ01A-06-PRESTA101,2,True,86400,86400,0,0.0,0.0
2019-05-06,RS01SLBS-MJ01A-06-PRESTA101,2,True,86400,86400,0,0.0,0.0
2019-05-07,RS01SLBS-MJ01A-06-PRESTA101,2,True,86400,86400,0,0.0,0.0
2019-05-08,RS01SLBS-MJ01A-06-PRESTA101,2,True,86400,86400,0,0.0,0.0
2019-05-09,RS01SLBS-MJ01A-06-PRESTA101,2,True,86400,86400,0,0.0,0.0
2019-05-10,RS01SLBS-MJ01A-06-PRESTA101,2,True,86400,86400,0,0.0,0.0
2019-05-11,RS01SLBS-MJ01A-06-PRESTA101,2,True,86400,86400,0,0.0,0.0
2019-05-12,RS01SLBS-MJ01A-06-PRESTA101,2,True,86400,86400,0,0.0,0.0
2019-05-13,RS01SLBS-MJ01A-06-PRESTA101,2,True,86400,86400,0,0.0,0.0
2019-05-14,RS01SLBS-MJ01A-06-PRESTA101,2,True,86400,86400,0,0.0,0.0
2019-05-15,RS01SLBS-MJ01A-06-PRESTA101,2,True,86400,86400,0,0.0,0.0
2019-05-16,RS01SLBS-MJ01A-06-PRESTA101,2,True,86400,86400,0,0.0,0.0
2019-05-17,RS01SLBS-MJ01A-06-PRESTA101,2,True,86400,86400,0,0.0,0.0
2019-05-18,RS01SLBS-MJ01A-06-PRESTA101,2,True,86400,86400,0,0.0,0.0
2019-05-19,RS01SLBS-MJ01A-06-PRESTA101,2,True,86399,86399,0,0.0,0.0012
2019-05-20,RS01SLBS-MJ01A-06-PRESTA101,2,True,86400,86400,0,0.0,0.0
2019-05-21,RS01SLBS-MJ01A-06-PRESTA101,2,True,86400,86400,0,0.0,0.0
2019-05-22,RS01SLBS-MJ01A-06-PRESTA101,2,True,86023,86400,377,0.4363,0.4363
2019-05-23,RS01SLBS-MJ01A-06-PRESTA101,2,True,86400,86400,0,0.0,0.0
2019-05-24,RS01SLBS-MJ01A-06-PRESTA101,2,True,84451,86399,1948,2.2547,2.2558
2019-05-25,RS01SLBS-MJ01A-06-PRESTA101,2,True,86400,86400,0,0.0,0.0
2019-05-26,RS01SLBS-MJ01A-06-PRESTA101,2,True,86400,86400,0,0.0,0.0
2019-05-27,RS01SLBS-MJ01A-06-PRESTA101,2,True,86400,86400,0,0.0,0.0
2019-05-28,RS01SLBS-MJ01A-06-PRESTA101,2,True,86400,86400,0,0.0,0.0
2019-05-29,RS01SLBS-MJ01A-06-PRESTA101,2,True,86400,86400,0,0.0,0.0
2019-05-30,RS01SLBS-MJ01A-06-PRESTA101,2,True,86400,86400,0,0.0,0.0
2019-05-31,RS01SLBS-MJ01A-06-PRESTA101,2,True,86400,86400,0,0.0,0.0
2019-06-01,RS01SLBS-MJ01A-06-PRESTA101,2,True,86400,86400,0,0.0,0.0
2019-06-02,RS01SLBS-MJ01A-06-PRESTA101,2,True,86400,86400,0,0.0,0.0
2019-06-03,RS01SLBS-MJ01A-06-PRESTA101,2,True,86400,86400,0,0.0,0.0
2019-06-04,RS01SLBS-MJ01A-06-PRESTA101,2,True,86400,86400,0,0.0,0.0
2019-06-05,RS01SLBS-MJ01A-06-PRESTA101,2,True,86400,86400,0,0.0,0.0
2019-06-06,RS01SLBS-MJ01A-06-PRESTA101,2,True,86400,86400,0,0.0,0.0
2019-06-07,RS01SLBS-MJ01A-06-PRESTA101,2,True,86400,86400,0,0.0,0.0
2019-06-08,RS01SLBS-MJ01A-06-PRESTA101,2,True,86400,86400,0,0.0,0.0
2019-06-09,RS01SLBS-MJ01A-06-PRESTA101,2,True,86400,86400,0,0.0,0.0
2019-06-10,RS01SLBS-MJ01A-06-PRESTA101,2,True,86400,86400,0,0.0,0.0
2019-06-11,RS01SLBS-MJ01A-06-PRESTA101,2,True,86400,86400,0,0.0,0.0
2019-06-12,RS01SLBS-MJ01A-06-PRESTA101,2,True,86400,86400,0,0.0,0.0
2019-06-13,RS01SLBS-MJ01A-06-PRESTA101,2,True,86197,86400,203,0.235,0.235
2019-06-14,RS01SLBS-MJ01A-06-PRESTA101,2,True,86400,86400,0,0.0,0.0
2019-06-15,RS01SLBS-MJ01A-06-PRESTA101,2,True,86400,86400,0,0.0,0.0
2019-06-16,RS01SLBS-MJ01A-06-PRESTA101,2,True,86400,86400,0,0.0,0.0
2019-06-17,RS01SLBS-MJ01A-06-PRESTA101,2,True,86400,86400,0,0.0,0.0
2019-06-18,RS01SLBS-MJ01A-06-PRESTA101,2,True,86400,86400,0,0.0,0.0
2019-06-19,RS01SLBS-MJ01A-06-PRESTA101,2,True,86400,86400,0,0.0,0.0
2019-06-20,RS01SLBS-MJ01A-06-PRESTA101,2,True,86400,86400,0,0.0,0.0
2019-06-21,RS01SLBS-MJ01A-06-PRESTA101,2,True,86400,86400,0,0.0,0.0
2019-06-22,RS01SLBS-MJ01A-06-PRESTA101,2,True,86400,86400,0,0.0,0.0
2019-06-23,RS01SLBS-MJ01A-06-PRESTA101,2,True,86399,86399,0,0.0,0.0012
2019-06-24,RS01SLBS-MJ01A-06-PRESTA101,2,True,86298,86400,102,0.1181,0.1181
2019-06-25,RS01SLBS-MJ01A-06-PRESTA101,2,True,86400,86400,0,0.0,0.0
2019-06-26,RS01SLBS-MJ01A-06-PRESTA101,2,True,86400,86400,0,0.0,0.0
2019-06-27,RS01SLBS-MJ01A-06-PRESTA101,2,True,86400,86400,0,0.0,0.0
2019-06-28,RS01SLBS-MJ01A-06-PRESTA101,2,True,86400,86400,0,0.0,0.0
2019-06-29,RS01SLBS-MJ01A-06-PRESTA101,2,True,86400,86400,0,0.0,0.0
2019-06-30,RS01SLBS-MJ01A-06-PRESTA101,2,True,86400,86400,0,0.0,0.0
2019-07-01,RS01SLBS-MJ01A-06-PRESTA101,2,True,86400,86400,0,0.0,0.0
2019-07-02,RS01SLBS-MJ01A-06-PRESTA101,2,True,86400,86400,0,0.0,0.0
2019-07-03,RS01SLBS-MJ01A-06-PRESTA101,2,True,86236,86400,164,0.1898,0.1898
2019-07-04,RS01SLBS-MJ01A-06-PRESTA101,2,True,86400,86400,0,0.0,0.0
2019-07-05,RS01SLBS-MJ01A-06-PRESTA101,2,True,86400,86400,0,0.0,0.0
2019-07-06,RS01SLBS-MJ01A-06-PRESTA101,2,True,86400,86400,0,0.0,0.0
2019-07-07,RS01SLBS-MJ01A-06-PRESTA101,2,True,86400,86400,0,0.0,0.0
2019-07-08,RS01SLBS-MJ01A-06-PRESTA101,2,True,86400,86400,0,0.0,0.0
2019-07-09,RS01SLBS-MJ01A-06-PRESTA101,2,True,86400,86400,0,0.0,0.0
2019-07-10,RS01SLBS-MJ01A-06-PRESTA101,2,True,86400,86400,0,0.0,0.0
2019-07-11,RS01SLBS-MJ01A-06-PRESTA101,2,True,86400,86400,0,0.0,0.0
2019-07-12,RS01SLBS-MJ01A-06-PRESTA101,2,True,86400,86400,0,0.0,0.0
2019-07-13,RS01SLBS-MJ01A-06-PRESTA101,2,True,86400,86400,0,0.0,0.0
2019-07-14,RS01SLBS-MJ01A-06-PRESTA101,2,True,86400,86400,0,0.0,0.0
2019-07-15,RS01SLBS-MJ01A-06-PRESTA101,2,True,86400,86400,0,0.0,0.0
2019-07-16,RS01SLBS-MJ01A-06-PRESTA101,2,True,86400,86400,0,0.0,0.0
2019-07-17,RS01SLBS-MJ01A-06-PRESTA101,2,True,86400,86400,0,0.0,0.0
2019-07-18,RS01SLBS-MJ01A-06-PRESTA101,2,True,86400,86400,0,0.0,0.0
2019-07-19,RS01SLBS-MJ01A-06-PRESTA101,2,True,86400,86400,0,0.0,0.0
2019-07-20,RS01SLBS-MJ01A-06-PRESTA101,2,True,86400,86400,0,0.0,0.0
2019-07-21,RS01SLBS-MJ01A-06-PRESTA101,2,True,86400,86400,0,0.0,0.0
2019-07-22,RS01SLBS-MJ01A-06-PRESTA101,2,True,86400,86400,0,0.0,0.0
2019-07-23,RS01SLBS-MJ01A-06-PRESTA101,2,True,86400,86400,0,0.0,0.0
2019-07-24,RS01SLBS-MJ01A-06-PRESTA101,2,True,86400,86400,0,0.0,0.0
2019-07-25,RS01SLBS-MJ01A-06-PRESTA101,2,True,70839,86392,15553,18.0028,18.0104
2019-07-26,RS01SLBS-MJ01A-06-PRESTA101,2,True,40633,40633,0,0.0,52.9711
2019-07-27,RS01SLBS-MJ01A-06-PRESTA101,2,False,0,0,,,
2019-07-28,RS01SLBS-MJ01A-06-PRESTA101,2,False,0,0,,,
2019-07-29,RS01SLBS-MJ01A-06-PRESTA101,2,True,1000,2999,1999,66.6556,98.8426
2019-07-30,RS01SLBS-MJ01A-06-PRESTA101,2,True,35401,64884,29483,45.4396,59.0266
2019-07-31,RS01SLBS-MJ01A-06-PRESTA101,2,True,86400,86400,0,0.0,0.0
2019-08-01,RS01SLBS-MJ01A-06-PRESTA101,2,True,86400,86400,0,0.0,0.0
2019-08-02,RS01SLBS-MJ01A-06-PRESTA101,2,True,86400,86400,0,0.0,0.0
2019-08-03,RS01SLBS-MJ01A-06-PRESTA101,2,True,86400,86400,0,0.0,0.0
2019-08-04,RS01SLBS-MJ01A-06-PRESTA101,2,True,86400,86400,0,0.0,0.0
2019-08-05,RS01SLBS-MJ01A-06-PRESTA101,2,True,86400,86400,0,0.0,0.0
2019-08-06,RS01SLBS-MJ01A-06-PRESTA101,2,True,79814,86396,6582,7.6184,7.6227
2019-08-07,RS01SLBS-MJ01A-06-PRESTA101,2,True,86400,86400,0,0.0,0.0
2019-08-08,RS01SLBS-MJ01A-06-PRESTA101,2,True,86117,86400,283,0.3275,0.3275
2019-08-09,RS01SLBS-MJ01A-06-PRESTA101,2,True,86400,86400,0,0.0,0.0
2019-08-10,RS01SLBS-MJ01A-06-PRESTA101,2,True,86400,86400,0,0.0,0.0
2019-08-11,RS01SLBS-MJ01A-06-PRESTA101,2,True,86400,86400,0,0.0,0.0
2019-08-12,RS01SLBS-MJ01A-06-PRESTA101,2,True,86400,86400,0,0.0,0.0
2019-08-13,RS01SLBS-MJ01A-06-PRESTA101,2,True,86400,86400,0,0.0,0.0
2019-08-14,RS01SLBS-MJ01A-06-PRESTA101,2,True,86400,86400,0,0.0,0.0
2019-08-15,RS01SLBS-MJ01A-06-PRESTA101,2,True,86400,86400,0,0.0,0.0
2019-08-16,RS01SLBS-MJ01A-06-PRESTA101,2,True,86400,86400,0,0.0,0.0
2019-08-17,RS01SLBS-MJ01A-06-PRESTA101,2,True,86400,86400,0,0.0,0.0
2019-08-18,RS01SLBS-MJ01A-06-PRESTA101,2,True,86400,86400,0,0.0,0.0
2019-08-19,RS01SLBS-MJ01A-06-PRESTA101,2,True,86400,86400,0,0.0,0.0
2019-08-20,RS01SLBS-MJ01A-06-PRESTA101,2,True,86400,86400,0,0.0,0.0
2019-08-21,RS01SLBS-MJ01A-06-PRESTA101,2,True,86400,86400,0,0.0,0.0
2019-08-22,RS01SLBS-MJ01A-06-PRESTA101,2,True,86400,86400,0,0.0,0.0
2019-08-23,RS01SLBS-MJ01A-06-PRESTA101,2,True,86400,86400,0,0.0,0.0
2019-08-24,RS01SLBS-MJ01A-06-PRESTA101,2,True,86400,86400,0,0.0,0.0
2019-08-25,RS01SLBS-MJ01A-06-PRESTA101,2,True,86400,86400,0,0.0,0.0
2019-08-26,RS01SLBS-MJ01A-06-PRESTA101,2,True,86400,86400,0,0.0,0.0
2019-08-27,RS01SLBS-MJ01A-06-PRESTA101,2,True,86400,86400,0,0.0,0.0
2019-08-28,RS01SLBS-MJ01A-06-PRESTA101,2,True,86400,86400,0,0.0,0.0
2019-08-29,RS01SLBS-MJ01A-06-PRESTA101,2,True,86400,86400,0,0.0,0.0
2019-08-30,RS01SLBS-MJ01A-06-PRESTA101,2,True,86400,86400,0,0.0,0.0
2019-08-31,RS01SLBS-MJ01A-06-PRESTA101,2,True,86400,86400,0,0.0,0.0
2019-09-01,RS01SLBS-MJ01A-06-PRESTA101,2,True,86400,86400,0,0.0,0.0
2019-09-02,RS01SLBS-MJ01A-06-PRESTA101,2,True,86400,86400,0,0.0,0.0
2019-09-03,RS01SLBS-MJ01A-06-PRESTA101,2,True,86399,86399,0,0.0,0.0012
2019-09-04,RS01SLBS-MJ01A-06-PRESTA101,2,True,86400,86400,0,0.0,0.0
2019-09-05,RS01SLBS-MJ01A-06-PRESTA101,2,True,76446,86395,9949,11.5157,11.5208
2019-09-06,RS01SLBS-MJ01A-06-PRESTA101,2,True,86400,86400,0,0.0,0.0
2019-09-07,RS01SLBS-MJ01A-06-PRESTA101,2,True,86400,86400,0,0.0,0.0
2019-09-08,RS01SLBS-MJ01A-06-PRESTA101,2,True,86400,86400,0,0.0,0.0
2019-09-09,RS01SLBS-MJ01A-06-PRESTA101,2,True,86400,86400,0,0.0,0.0
2019-09-10,RS01SLBS-MJ01A-06-PRESTA101,2,True,85816,86400,584,0.6759,0.6759
2019-09-11,RS01SLBS-MJ01A-06-PRESTA101,2,True,86400,86400,0,0.0,0.0
2019-09-12,RS01SLBS-MJ01A-06-PRESTA101,2,True,86400,86400,0,0.0,0.0
2019-09-13,RS01SLBS-MJ01A-06-PRESTA101,2,True,31821,86371,54550,63.1578,63.1701
2019-09-14,RS01SLBS-MJ01A-06-PRESTA101,2,True,86400,86400,0,0.0,0.0
2019-09-15,RS01SLBS-MJ01A-06-PRESTA101,2,True,86400,86400,0,0.0,0.0
2019-09-16,RS01SLBS-MJ01A-06-PRESTA101,2,True,86400,86400,0,0.0,0.0
2019-09-17,RS01SLBS-MJ01A-06-PRESTA101,2,True,86299,86400,101,0.1169,0.1169
2019-09-18,RS01SLBS-MJ01A-06-PRESTA101,2,True,86400,86400,0,0.0,0.0
2019-09-19,RS01SLBS-MJ01A-06-PRESTA101,2,True,85453,86399,946,1.0949,1.0961
2019-09-20,RS01SLBS-MJ01A-06-PRESTA101,2,True,86400,86400,0,0.0,0.0
2019-09-21,RS01SLBS-MJ01A-06-PRESTA101,2,True,86400,86400,0,0.0,0.0
2019-09-22,RS01SLBS-MJ01A-06-PRESTA101,2,True,86400,86400,0,0.0,0.0
2019-09-23,RS01SLBS-MJ01A-06-PRESTA101,2,True,86400,86400,0,0.0,0.0
2019-09-24,RS01SLBS-MJ01A-06-PRESTA101,2,True,86400,86400,0,0.0,0.0
2019-09-25,RS01SLBS-MJ01A-06-PRESTA101,2,True,86400,86400,0,0.0,0.0
2019-09-26,RS01SLBS-MJ01A-06-PRESTA101,2,True,86400,86400,0,0.0,0.0
2019-09-27,RS01SLBS-MJ01A-06-PRESTA101,2,True,86400,86400,0,0.0,0.0
2019-09-28,RS01SLBS-MJ01A-06-PRESTA101,2,True,86400,86400,0,0.0,0.0
2019-09-29,RS01SLBS-MJ01A-06-PRESTA101,2,True,86400,86400,0,0.0,0.0
2019-09-30,RS01SLBS-MJ01A-06-PRESTA101,2,True,86400,86400,0,0.0,0.0
2019-10-01,RS01SLBS-MJ01A-06-PRESTA101,2,True,86400,86400,0,0.0,0.0
2019-10-02,RS01SLBS-MJ01A-06-PRESTA101,2,True,86400,86400,0,0.0,0.0
2019-10-03,RS01SLBS-MJ01A-06-PRESTA101,2,True,86400,86400,0,0.0,0.0
2019-10-04,RS01SLBS-MJ01A-06-PRESTA101,2,True,86400,86400,0,0.0,0.0
2019-10-05,RS01SLBS-MJ01A-06-PRESTA101,2,True,86400,86400,0,0.0,0.0
2019-10-06,RS01SLBS-MJ01A-06-PRESTA101,2,True,86400,86400,0,0.0,0.0
2019-10-07,RS01SLBS-MJ01A-06-PRESTA101,2,True,86400,86400,0,0.0,0.0
2019-10-08,RS01SLBS-MJ01A-06-PRESTA101,2,True,86400,86400,0,0.0,0.0
2019-10-09,RS01SLBS-MJ01A-06-PRESTA101,2,True,86399,86399,0,0.0,0.0012
2019-10-10,RS01SLBS-MJ01A-06-PRESTA101,2,True,86400,86400,0,0.0,0.0
2019-10-11,RS01SLBS-MJ01A-06-PRESTA101,2,True,55302,86383,31081,35.9805,35.9931
2019-10-12,RS01SLBS-MJ01A-06-PRESTA101,2,True,86400,86400,0,0.0,0.0
2019-10-13,RS01SLBS-MJ01A-06-PRESTA101,2,True,86400,86400,0,0.0,0.0
2019-10-14,RS01SLBS-MJ01A-06-PRESTA101,2,True,86400,86400,0,0.0,0.0
2019-10-15,RS01SLBS-MJ01A-06-PRESTA101,2,True,85558,86400,842,0.9745,0.9745
2019-10-16,RS01SLBS-MJ01A-06-PRESTA101,2,True,86400,86400,0,0.0,0.0
2019-10-17,RS01SLBS-MJ01A-06-PRESTA101,2,True,86400,86400,0,0.0,0.0
2019-10-18,RS01SLBS-MJ01A-06-PRESTA101,2,True,86400,86400,0,0.0,0.0
2019-10-19,RS01SLBS-MJ01A-06-PRESTA101,2,True,86400,86400,0,0.0,0.0
2019-10-20,RS01SLBS-MJ01A-06-PRESTA101,2,True,86400,86400,0,0.0,0.0
2019-10-21,RS01SLBS-MJ01A-06-PRESTA101,2,True,86400,86400,0,0.0,0.0
2019-10-22,RS01SLBS-MJ01A-06-PRESTA101,2,True,86400,86400,0,0.0,0.0
2019-10-23,RS01SLBS-MJ01A-06-PRESTA101,2,True,29887,86370,56483,65.3965,65.4086
2019-10-24,RS01SLBS-MJ01A-06-PRESTA101,2,True,86400,86400,0,0.0,0.0
2019-10-25,RS01SLBS-MJ01A-06-PRESTA101,2,True,86400,86400,0,0.0,0.0
2019-10-26,RS01SLBS-MJ01A-06-PRESTA101,2,True,86400,86400,0,0.0,0.0
2019-10-27,RS01SLBS-MJ01A-06-PRESTA101,2,True,58996,58996,0,0.0,31.7176
2019-10-28,RS01SLBS-MJ01A-06-PRESTA101,2,True,26900,26960,60,0.2226,68.8657
2019-10-29,RS01SLBS-MJ01A-06-PRESTA101,2,True,86400,86400,0,0.0,0.0
2019-10-30,RS01SLBS-MJ01A-06-PRESTA101,2,True,86400,86400,0,0.0,0.0
2019-10-31,RS01SLBS-MJ01A-06-PRESTA101,2,True,86400,86400,0,0.0,0.0
2019-11-01,RS01SLBS-MJ01A-06-PRESTA101,2,True,86400,86400,0,0.0,0.0
2019-11-02,RS01SLBS-MJ01A-06-PRESTA101,2,True,86400,86400,0,0.0,0.0
2019-11-03,RS01SLBS-MJ01A-06-PRESTA101,2,True,86400,86400,0,0.0,0.0
2019-11-04,RS01SLBS-MJ01A-06-PRESTA101,2,True,86400,86400,0,0.0,0.0
2019-11-05,RS01SLBS-MJ01A-06-PRESTA101,2,True,86400,86400,0,0.0,0.0
2019-11-06,RS01SLBS-MJ01A-06-PRESTA101,2,True,86400,86400,0,0.0,0.0
2019-11-07,RS01SLBS-MJ01A-06-PRESTA101,2,True,86400,86400,0,0.0,0.0
2019-11-08,RS01SLBS-MJ01A-06-PRESTA101,2,True,86400,86400,0,0.0,0.0
2019-11-09,RS01SLBS-MJ01A-06-PRESTA101,2,True,86400,86400,0,0.0,0.0
2019-11-10,RS01SLBS-MJ01A-06-PRESTA101,2,True,86400,86400,0,0.0,0.0
2019-11-11,RS01SLBS-MJ01A-06-PRESTA101,2,True,86400,86400,0,0.0,0.0
2019-11-12,RS01SLBS-MJ01A-06-PRESTA101,2,True,86400,86400,0,0.0,0.0
2019-11-13,RS01SLBS-MJ01A-06-PRESTA101,2,True,86400,86400,0,0.0,0.0
2019-11-14,RS01SLBS-MJ01A-06-PRESTA101,2,True,86400,86400,0,0.0,0.0
2019-11-15,RS01SLBS-MJ01A-06-PRESTA101,2,True,86399,86399,0,0.0,0.0012
2019-11-16,RS01SLBS-MJ01A-06-PRESTA101,2,True,86400,86400,0,0.0,0.0
2019-11-17,RS01SLBS-MJ01A-06-PRESTA101,2,True,86400,86400,0,0.0,0.0
2019-11-18,RS01SLBS-MJ01A-06-PRESTA101,2,True,86400,86400,0,0.0,0.0
2019-11-19,RS01SLBS-MJ01A-06-PRESTA101,2,True,86400,86400,0,0.0,0.0
2019-11-20,RS01SLBS-MJ01A-06-PRESTA101,2,True,86400,86400,0,0.0,0.0
2019-11-21,RS01SLBS-MJ01A-06-PRESTA101,2,True,86400,86400,0,0.0,0.0
2019-11-22,RS01SLBS-MJ01A-06-PRESTA101,2,True,86400,86400,0,0.0,0.0
2019-11-23,RS01SLBS-MJ01A-06-PRESTA101,2,True,86400,86400,0,0.0,0.0
2019-11-24,RS01SLBS-MJ01A-06-PRESTA101,2,True,86400,86400,0,0.0,0.0
2019-11-25,RS01SLBS-MJ01A-06-PRESTA101,2,True,86400,86400,0,0.0,0.0
2019-11-26,RS01SLBS-MJ01A-06-PRESTA101,2,True,86400,86400,0,0.0,0.0
2019-11-27,RS01SLBS-MJ01A-06-PRESTA101,2,True,86400,86400,0,0.0,0.0
2019-11-28,RS01SLBS-MJ01A-06-PRESTA101,2,True,86400,86400,0,0.0,0.0
2019-11-29,RS01SLBS-MJ01A-06-PRESTA101,2,True,86400,86400,0,0.0,0.0
2019-11-30,RS01SLBS-MJ01A-06-PRESTA101,2,True,86400,86400,0,0.0,0.0
2019-12-01,RS01SLBS-MJ01A-06-PRESTA101,2,True,86400,86400,0,0.0,0.0
2019-12-02,RS01SLBS-MJ01A-06-PRESTA101,2,True,86400,86400,0,0.0,0.0
2019-12-03,RS01SLBS-MJ01A-06-PRESTA101,2,True,86400,86400,0,0.0,0.0
2019-12-04,RS01SLBS-MJ01A-06-PRESTA101,2,True,86400,86400,0,0.0,0.0
2019-12-05,RS01SLBS-MJ01A-06-PRESTA101,2,True,86400,86400,0,0.0,0.0
2019-12-06,RS01SLBS-MJ01A-06-PRESTA101,2,True,86400,86400,0,0.0,0.0
2019-12-07,RS01SLBS-MJ01A-06-PRESTA101,2,True,86400,86400,0,0.0,0.0
2019-12-08,RS01SLBS-MJ01A-06-PRESTA101,2,True,85523,86400,877,1.015,1.015
2019-12-09,RS01SLBS-MJ01A-06-PRESTA101,2,True,86400,86400,0,0.0,0.0
2019-12-10,RS01SLBS-MJ01A-06-PRESTA101,2,True,84436,86398,1962,2.2709,2.2731
2019-12-11,RS01SLBS-MJ01A-06-PRESTA101,2,True,86400,86400,0,0.0,0.0
2019-12-12,RS01SLBS-MJ01A-06-PRESTA101,2,True,84832,86400,1568,1.8148,1.8148
2019-12-13,RS01SLBS-MJ01A-06-PRESTA101,2,True,86400,86400,0,0.0,0.0
2019-12-14,RS01SLBS-MJ01A-06-PRESTA101,2,True,86400,86400,0,0.0,0.0
2019-12-15,RS01SLBS-MJ01A-06-PRESTA101,2,True,86400,86400,0,0.0,0.0
2019-12-16,RS01SLBS-MJ01A-06-PRESTA101,2,True,86400,86400,0,0.0,0.0
2019-12-17,RS01SLBS-MJ01A-06-PRESTA101,2,True,86400,86400,0,0.0,0.0
2019-12-18,RS01SLBS-MJ01A-06-PRESTA101,2,True,86400,86400,0,0.0,0.0
2019-12-19,RS01SLBS-MJ01A-06-PRESTA101,2,True,86400,86400,0,0.0,0.0
2019-12-20,RS01SLBS-MJ01A-06-PRESTA101,2,True,86400,86400,0,0.0,0.0
2019-12-21,RS01SLBS-MJ01A-06-PRESTA101,2,True,86399,86399,0,0.0,0.0012
2019-12-22,RS01SLBS-MJ01A-06-PRESTA101,2,True,86400,86400,0,0.0,0.0
2019-12-23,RS01SLBS-MJ01A-06-PRESTA101,2,True,86400,86400,0,0.0,0.0
2019-12-24,RS01SLBS-MJ01A-06-PRESTA101,2,True,86400,86400,0,0.0,0.0
2019-12-25,RS01SLBS-MJ01A-06-PRESTA101,2,True,86400,86400,0,0.0,0.0
2019-12-26,RS01SLBS-MJ01A-06-PRESTA101,2,True,86400,86400,0,0.0,0.0
2019-12-27,RS01SLBS-MJ01A-06-PRESTA101,2,True,86400,86400,0,0.0,0.0
2019-12-28,RS01SLBS-MJ01A-06-PRESTA101,2,True,86400,86400,0,0.0,0.0
2019-12-29,RS01SLBS-MJ01A-06-PRESTA101,2,True,86400,86400,0,0.0,0.0
2019-12-30,RS01SLBS-MJ01A-06-PRESTA101,2,True,86400,86400,0,0.0,0.0
2019-12-31,RS01SLBS-MJ01A-06-PRESTA101,2,True,86400,86400,0,0.0,0.0
2020-01-01,RS01SLBS-MJ01A-06-PRESTA101,2,True,86400,86400,0,0.0,0.0
2020-01-02,RS01SLBS-MJ01A-06-PRESTA101,2,True,86400,86400,0,0.0,0.0
2020-01-03,RS01SLBS-MJ01A-06-PRESTA101,2,True,86400,86400,0,0.0,0.0
2020-01-04,RS01SLBS-MJ01A-06-PRESTA101,2,True,86400,86400,0,0.0,0.0
2020-01-05,RS01SLBS-MJ01A-06-PRESTA101,2,True,86400,86400,0,0.0,0.0
2020-01-06,RS01SLBS-MJ01A-06-PRESTA101,2,True,86400,86400,0,0.0,0.0
2020-01-07,RS01SLBS-MJ01A-06-PRESTA101,2,True,86400,86400,0,0.0,0.0
2020-01-08,RS01SLBS-MJ01A-06-PRESTA101,2,True,86400,86400,0,0.0,0.0
2020-01-09,RS01SLBS-MJ01A-06-PRESTA101,2,True,86400,86400,0,0.0,0.0
2020-01-10,RS01SLBS-MJ01A-06-PRESTA101,2,True,85663,86400,737,0.853,0.853
2020-01-11,RS01SLBS-MJ01A-06-PRESTA101,2,True,86400,86400,0,0.0,0.0
2020-01-12,RS01SLBS-MJ01A-06-PRESTA101,2,True,86400,86400,0,0.0,0.0
2020-01-13,RS01SLBS-MJ01A-06-PRESTA101,2,True,86400,86400,0,0.0,0.0
2020-01-14,RS01SLBS-MJ01A-06-PRESTA101,2,True,86400,86400,0,0.0,0.0
2020-01-15,RS01SLBS-MJ01A-06-PRESTA101,2,True,84450,86398,1948,2.2547,2.2569
2020-01-16,RS01SLBS-MJ01A-06-PRESTA101,2,True,86400,86400,0,0.0,0.0
2020-01-17,RS01SLBS-MJ01A-06-PRESTA101,2,True,86400,86400,0,0.0,0.0
2020-01-18,RS01SLBS-MJ01A-06-PRESTA101,2,True,86400,86400,0,0.0,0.0
2020-01-19,RS01SLBS-MJ01A-06-PRESTA101,2,True,86400,86400,0,0.0,0.0
2020-01-20,RS01SLBS-MJ01A-06-PRESTA101,2,True,86400,86400,0,0.0,0.0
2020-01-21,RS01SLBS-MJ01A-06-PRESTA101,2,True,86400,86400,0,0.0,0.0
2020-01-22,RS01SLBS-MJ01A-06-PRESTA101,2,True,86400,86400,0,0.0,0.0
2020-01-23,RS01SLBS-MJ01A-06-PRESTA101,2,True,86400,86400,0,0.0,0.0
2020-01-24,RS01SLBS-MJ01A-06-PRESTA101,2,True,86400,86400,0,0.0,0.0
2020-01-25,RS01SLBS-MJ01A-06-PRESTA101,2,True,86400,86400,0,0.0,0.0
2020-01-26,RS01SLBS-MJ01A-06-PRESTA101,2,True,86400,86400,0,0.0,0.0
2020-01-27,RS01SLBS-MJ01A-06-PRESTA101,2,True,86399,86399,0,0.0,0.0012
2020-01-28,RS01SLBS-MJ01A-06-PRESTA101,2,True,85753,86400,647,0.7488,0.7488
2020-01-29,RS01SLBS-MJ01A-06-PRESTA101,2,True,86400,86400,0,0.0,0.0
2020-01-30,RS01SLBS-MJ01A-06-PRESTA101,2,True,86400,86400,0,0.0,0.0
2020-01-31,RS01SLBS-MJ01A-06-PRESTA101,2,True,86400,86400,0,0.0,0.0
2020-02-01,RS01SLBS-MJ01A-06-PRESTA101,2,True,86400,86400,0,0.0,0.0
2020-02-02,RS01SLBS-MJ01A-06-PRESTA101,2,True,86400,86400,0,0.0,0.0
2020-02-03,RS01SLBS-MJ01A-06-PRESTA101,2,True,86400,86400,0,0.0,0.0
2020-02-04,RS01SLBS-MJ01A-06-PRESTA101,2,True,86400,86400,0,0.0,0.0
2020-02-05,RS01SLBS-MJ01A-06-PRESTA101,2,True,86400,86400,0,0.0,0.0
2020-02-06,RS01SLBS-MJ01A-06-PRESTA101,2,True,86400,86400,0,0.0,0.0
2020-02-07,RS01SLBS-MJ01A-06-PRESTA101,2,True,86400,86400,0,0.0,0.0
2020-02-08,RS01SLBS-MJ01A-06-PRESTA101,2,True,86400,86400,0,0.0,0.0
2020-02-09,RS01SLBS-MJ01A-06-PRESTA101,2,True,86400,86400,0,0.0,0.0
2020-02-10,RS01SLBS-MJ01A-06-PRESTA101,2,True,86400,86400,0,0.0,0.0
2020-02-11,RS01SLBS-MJ01A-06-PRESTA101,2,True,86400,86400,0,0.0,0.0
2020-02-12,RS01SLBS-MJ01A-06-PRESTA101,2,True,86400,86400,0,0.0,0.0
2020-02-13,RS01SLBS-MJ01A-06-PRESTA101,2,True,86400,86400,0,0.0,0.0
2020-02-14,RS01SLBS-MJ01A-06-PRESTA101,2,True,86400,86400,0,0.0,0.0
2020-02-15,RS01SLBS-MJ01A-06-PRESTA101,2,True,86400,86400,0,0.0,0.0
2020-02-17,RS01SLBS-MJ01A-06-PRESTA101,2,True,86400,86400,0,0.0,0.0
2020-02-18,RS01SLBS-MJ01A-06-PRESTA101,2,True,86400,86400,0,0.0,0.0
2020-02-19,RS01SLBS-MJ01A-06-PRESTA101,2,True,86400,86400,0,0.0,0.0
2020-02-20,RS01SLBS-MJ01A-06-PRESTA101,2,True,85679,86400,721,0.8345,0.8345
2020-02-21,RS01SLBS-MJ01A-06-PRESTA101,2,True,86400,86400,0,0.0,0.0
2020-02-22,RS01SLBS-MJ01A-06-PRESTA101,2,True,86400,86400,0,0.0,0.0
2020-02-23,RS01SLBS-MJ01A-06-PRESTA101,2,True,86400,86400,0,0.0,0.0
2020-02-24,RS01SLBS-MJ01A-06-PRESTA101,2,True,86400,86400,0,0.0,0.0
2020-02-25,RS01SLBS-MJ01A-06-PRESTA101,2,True,86400,86400,0,0.0,0.0
2020-02-26,RS01SLBS-MJ01A-06-PRESTA101,2,True,86400,86400,0,0.0,0.0
2020-02-27,RS01SLBS-MJ01A-06-PRESTA101,2,True,86400,86400,0,0.0,0.0
2020-02-28,RS01SLBS-MJ01A-06-PRESTA101,2,True,86400,86400,0,0.0,0.0
2020-02-29,RS01SLBS-MJ01A-06-PRESTA101,2,True,85929,86400,471,0.5451,0.5451
2020-03-01,RS01SLBS-MJ01A-06-PRESTA101,2,True,86400,86400,0,0.0,0.0
2020-03-02,RS01SLBS-MJ01A-06-PRESTA101,2,True,86400,86400,0,0.0,0.0
2020-03-03,RS01SLBS-MJ01A-06-PRESTA101,2,True,86400,86400,0,0.0,0.0
2020-03-04,RS01SLBS-MJ01A-06-PRESTA101,2,True,86399,86399,0,0.0,0.0012
2020-03-05,RS01SLBS-MJ01A-06-PRESTA101,2,True,86400,86400,0,0.0,0.0
2020-03-06,RS01SLBS-MJ01A-06-PRESTA101,2,True,86400,86400,0,0.0,0.0
2020-03-07,RS01SLBS-MJ01A-06-PRESTA101,2,True,86400,86400,0,0.0,0.0
2020-03-08,RS01SLBS-MJ01A-06-PRESTA101,2,True,86400,86400,0,0.0,0.0
2020-03-09,RS01SLBS-MJ01A-06-PRESTA101,2,True,86400,86400,0,0.0,0.0
2020-03-10,RS01SLBS-MJ01A-06-PRESTA101,2,True,86400,86400,0,0.0,0.0
2020-03-11,RS01SLBS-MJ01A-06-PRESTA101,2,True,86400,86400,0,0.0,0.0
2020-03-12,RS01SLBS-MJ01A-06-PRESTA101,2,True,86400,86400,0,0.0,0.0
2020-03-13,RS01SLBS-MJ01A-06-PRESTA101,2,True,86400,86400,0,0.0,0.0
2020-03-14,RS01SLBS-MJ01A-06-PRESTA101,2,True,85643,86400,757,0.8762,0.8762
2020-03-15,RS01SLBS-MJ01A-06-PRESTA101,2,True,86400,86400,0,0.0,0.0
2020-03-16,RS01SLBS-MJ01A-06-PRESTA101,2,True,86400,86400,0,0.0,0.0
2020-03-17,RS01SLBS-MJ01A-06-PRESTA101,2,True,86400,86400,0,0.0,0.0
2020-03-18,RS01SLBS-MJ01A-06-PRESTA101,2,True,86400,86400,0,0.0,0.0
2020-03-19,RS01SLBS-MJ01A-06-PRESTA101,2,True,86400,86400,0,0.0,0.0
2020-03-20,RS01SLBS-MJ01A-06-PRESTA101,2,True,86400,86400,0,0.0,0.0
2020-03-21,RS01SLBS-MJ01A-06-PRESTA101,2,True,86400,86400,0,0.0,0.0
2020-03-22,RS01SLBS-MJ01A-06-PRESTA101,2,True,86400,86400,0,0.0,0.0
2020-03-23,RS01SLBS-MJ01A-06-PRESTA101,2,True,86400,86400,0,0.0,0.0
2020-03-24,RS01SLBS-MJ01A-06-PRESTA101,2,True,86400,86400,0,0.0,0.0
2020-03-25,RS01SLBS-MJ01A-06-PRESTA101,2,True,86400,86400,0,0.0,0.0
2020-03-26,RS01SLBS-MJ01A-06-PRESTA101,2,True,86400,86400,0,0.0,0.0
2020-03-27,RS01SLBS-MJ01A-06-PRESTA101,2,True,86400,86400,0,0.0,0.0
2020-03-28,RS01SLBS-MJ01A-06-PRESTA101,2,True,85452,86400,948,1.0972,1.0972
2020-03-29,RS01SLBS-MJ01A-06-PRESTA101,2,True,86400,86400,0,0.0,0.0
2020-03-30,RS01SLBS-MJ01A-06-PRESTA101,2,True,86400,86400,0,0.0,0.0
2020-03-31,RS01SLBS-MJ01A-06-PRESTA101,2,True,86400,86400,0,0.0,0.0
2020-04-01,RS01SLBS-MJ01A-06-PRESTA101,2,True,86400,86400,0,0.0,0.0
2020-04-02,RS01SLBS-MJ01A-06-PRESTA101,2,True,86400,86400,0,0.0,0.0
2020-04-03,RS01SLBS-MJ01A-06-PRESTA101,2,True,86400,86400,0,0.0,0.0
2020-04-04,RS01SLBS-MJ01A-06-PRESTA101,2,True,86400,86400,0,0.0,0.0
2020-04-05,RS01SLBS-MJ01A-06-PRESTA101,2,True,86400,86400,0,0.0,0.0
2020-04-06,RS01SLBS-MJ01A-06-PRESTA101,2,True,86400,86400,0,0.0,0.0
2020-04-07,RS01SLBS-MJ01A-06-PRESTA101,2,True,86400,86400,0,0.0,0.0
2020-04-08,RS01SLBS-MJ01A-06-PRESTA101,2,True,86400,86400,0,0.0,0.0
2020-04-09,RS01SLBS-MJ01A-06-PRESTA101,2,True,86400,86400,0,0.0,0.0
2020-04-10,RS01SLBS-MJ01A-06-PRESTA101,2,True,86399,86399,0,0.0,0.0012
2020-04-11,RS01SLBS-MJ01A-06-PRESTA101,2,True,86400,86400,0,0.0,0.0
2020-04-12,RS01SLBS-MJ01A-06-PRESTA101,2,True,86400,86400,0,0.0,0.0
2020-04-13,RS01SLBS-MJ01A-06-PRESTA101,2,True,86399,86400,1,0.0012,0.0012
2020-04-14,RS01SLBS-MJ01A-06-PRESTA101,2,True,86400,86400,0,0.0,0.0
2020-04-15,RS01SLBS-MJ01A-06-PRESTA101,2,True,86400,86400,0,0.0,0.0
2020-04-16,RS01SLBS-MJ01A-06-PRESTA101,2,True,86400,86400,0,0.0,0.0
2020-04-17,RS01SLBS-MJ01A-06-PRESTA101,2,True,86400,86400,0,0.0,0.0
2020-04-18,RS01SLBS-MJ01A-06-PRESTA101,2,True,86400,86400,0,0.0,0.0
2020-04-19,RS01SLBS-MJ01A-06-PRESTA101,2,True,86400,86400,0,0.0,0.0
2020-04-20,RS01SLBS-MJ01A-06-PRESTA101,2,True,86400,86400,0,0.0,0.0
2020-04-21,RS01SLBS-MJ01A-06-PRESTA101,2,True,86400,86400,0,0.0,0.0
2020-04-22,RS01SLBS-MJ01A-06-PRESTA101,2,True,86400,86400,0,0.0,0.0
2020-04-23,RS01SLBS-MJ01A-06-PRESTA101,2,True,86400,86400,0,0.0,0.0
2020-04-24,RS01SLBS-MJ01A-06-PRESTA101,2,True,86400,86400,0,0.0,0.0
2020-04-25,RS01SLBS-MJ01A-06-PRESTA101,2,True,86400,86400,0,0.0,0.0
2020-04-26,RS01SLBS-MJ01A-06-PRESTA101,2,True,86395,86400,5,0.0058,0.0058
2020-04-27,RS01SLBS-MJ01A-06-PRESTA101,2,True,86400,86400,0,0.0,0.0
2020-04-28,RS01SLBS-MJ01A-06-PRESTA101,2,True,86400,86400,0,0.0,0.0
2020-04-29,RS01SLBS-MJ01A-06-PRESTA101,2,True,86400,86400,0,0.0,0.0
2020-04-30,RS01SLBS-MJ01A-06-PRESTA101,2,True,86400,86400,0,0.0,0.0
2020-05-01,RS01SLBS-MJ01A-06-PRESTA101,2,True,86400,86400,0,0.0,0.0
2020-05-02,RS01SLBS-MJ01A-06-PRESTA101,2,True,86400,86400,0,0.0,0.0
2020-05-03,RS01SLBS-MJ01A-06-PRESTA101,2,True,86400,86400,0,0.0,0.0
2020-05-04,RS01SLBS-MJ01A-06-PRESTA101,2,True,83323,86400,3077,3.5613,3.5613
2020-05-05,RS01SLBS-MJ01A-06-PRESTA101,2,False,0,0,,,
2020-05-06,RS01SLBS-MJ01A-06-PRESTA101,2,True,86305,86400,95,0.11,0.11
2020-05-07,RS01SLBS-MJ01A-06-PRESTA101,2,True,86400,86400,0,0.0,0.0
2020-05-08,RS01SLBS-MJ01A-06-PRESTA101,2,True,86400,86400,0,0.0,0.0
2020-05-09,RS01SLBS-MJ01A-06-PRESTA101,2,True,18949,18949,0,0.0,78.0683
2020-05-10,RS01SLBS-MJ01A-06-PRESTA101,2,False,0,0,,,
2020-05-11,RS01SLBS-MJ01A-06-PRESTA101,2,False,0,0,,,
2020-05-12,RS01SLBS-MJ01A-06-PRESTA101,2,False,0,0,,,
2020-05-13,RS01SLBS-MJ01A-06-PRESTA101,2,False,0,0,,,
2020-05-14,RS01SLBS-MJ01A-06-PRESTA101,2,False,0,0,,,
2020-05-15,RS01SLBS-MJ01A-06-PRESTA101,2,False,0,0,,,
2020-05-16,RS01SLBS-MJ01A-06-PRESTA101,2,False,0,0,,,
2020-05-17,RS01SLBS-MJ01A-06-PRESTA101,2,False,0,0,,,
2020-05-18,RS01SLBS-MJ01A-06-PRESTA101,2,False,0,0,,,
2020-05-19,RS01SLBS-MJ01A-06-PRESTA101,2,False,0,0,,,
2020-05-20,RS01SLBS-MJ01A-06-PRESTA101,2,False,0,0,,,
2020-05-21,RS01SLBS-MJ01A-06-PRESTA101,2,False,0,0,,,
2020-05-22,RS01SLBS-MJ01A-06-PRESTA101,2,False,0,0,,,
2020-05-23,RS01SLBS-MJ01A-06-PRESTA101,2,False,0,0,,,
2020-05-24,RS01SLBS-MJ01A-06-PRESTA101,2,False,0,0,,,
2020-05-25,RS01SLBS-MJ01A-06-PRESTA101,2,False,0,0,,,
2020-05-26,RS01SLBS-MJ01A-06-PRESTA101,2,False,0,0,,,
2020-05-27,RS01SLBS-MJ01A-06-PRESTA101,2,False,0,0,,,
2020-05-28,RS01SLBS-MJ01A-06-PRESTA101,2,False,0,0,,,
2020-05-29,RS01SLBS-MJ01A-06-PRESTA101,2,False,0,0,,,
2020-05-30,RS01SLBS-MJ01A-06-PRESTA101,2,False,0,0,,,
2020-05-31,RS01SLBS-MJ01A-06-PRESTA101,2,False,0,0,,,
2020-06-01,RS01SLBS-MJ01A-06-PRESTA101,2,True,18474,18498,24,0.1297,78.6181
2020-06-02,RS01SLBS-MJ01A-06-PRESTA101,2,True,86299,86400,101,0.1169,0.1169
2020-06-03,RS01SLBS-MJ01A-06-PRESTA101,2,True,86400,86400,0,0.0,0.0
2020-06-04,RS01SLBS-MJ01A-06-PRESTA101,2,True,86400,86400,0,0.0,0.0
2020-06-05,RS01SLBS-MJ01A-06-PRESTA101,2,True,86400,86400,0,0.0,0.0
2020-06-06,RS01SLBS-MJ01A-06-PRESTA101,2,True,86400,86400,0,0.0,0.0
2020-06-07,RS01SLBS-MJ01A-06-PRESTA101,2,True,86400,86400,0,0.0,0.0
2020-06-08,RS01SLBS-MJ01A-06-PRESTA101,2,True,85868,86400,532,0.6157,0.6157
2020-06-09,RS01SLBS-MJ01A-06-PRESTA101,2,True,86400,86400,0,0.0,0.0
2020-06-10,RS01SLBS-MJ01A-06-PRESTA101,2,True,86400,86400,0,0.0,0.0
2020-06-11,RS01SLBS-MJ01A-06-PRESTA101,2,True,86400,86400,0,0.0,0.0
2020-06-12,RS01SLBS-MJ01A-06-PRESTA101,2,True,86400,86400,0,0.0,0.0
2020-06-13,RS01SLBS-MJ01A-06-PRESTA101,2,True,86400,86400,0,0.0,0.0
2020-06-14,RS01SLBS-MJ01A-06-PRESTA101,2,True,86400,86400,0,0.0,0.0
2020-06-15,RS01SLBS-MJ01A-06-PRESTA101,2,True,86400,86400,0,0.0,0.0
2020-06-16,RS01SLBS-MJ01A-06-PRESTA101,2,True,86400,86400,0,0.0,0.0
2020-06-17,RS01SLBS-MJ01A-06-PRESTA101,2,True,86400,86400,0,0.0,0.0
2020-06-18,RS01SLBS-MJ01A-06-PRESTA101,2,True,86399,86399,0,0.0,0.0012
2020-06-19,RS01SLBS-MJ01A-06-PRESTA101,2,True,86400,86400,0,0.0,0.0
2020-06-20,RS01SLBS-MJ01A-06-PRESTA101,2,True,86400,86400,0,0.0,0.0
2020-06-21,RS01SLBS-MJ01A-06-PRESTA101,2,True,86400,86400,0,0.0,0.0
2020-06-22,RS01SLBS-MJ01A-06-PRESTA101,2,True,86400,86400,0,0.0,0.0
2020-06-23,RS01SLBS-MJ01A-06-PRESTA101,2,True,86400,86400,0,0.0,0.0
2020-06-24,RS01SLBS-MJ01A-06-PRESTA101,2,True,86400,86400,0,0.0,0.0
2020-06-25,RS01SLBS-MJ01A-06-PRESTA101,2,True,86400,86400,0,0.0,0.0
2020-06-26,RS01SLBS-MJ01A-06-PRESTA101,2,True,86400,86400,0,0.0,0.0
2020-06-27,RS01SLBS-MJ01A-06-PRESTA101,2,True,86400,86400,0,0.0,0.0
2020-06-28,RS01SLBS-MJ01A-06-PRESTA101,2,True,86400,86400,0,0.0,0.0
2020-06-29,RS01SLBS-MJ01A-06-PRESTA101,2,True,86400,86400,0,0.0,0.0
2020-06-30,RS01SLBS-MJ01A-06-PRESTA101,2,True,86400,86400,0,0.0,0.0
2020-07-01,RS01SLBS-MJ01A-06-PRESTA101,2,True,86400,86400,0,0.0,0.0
2020-07-02,RS01SLBS-MJ01A-06-PRESTA101,2,True,86400,86400,0,0.0,0.0
2020-07-03,RS01SLBS-MJ01A-06-PRESTA101,2,True,86400,86400,0,0.0,0.0
2020-07-04,RS01SLBS-MJ01A-06-PRESTA101,2,True,86400,86400,0,0.0,0.0
2020-07-05,RS01SLBS-MJ01A-06-PRESTA101,2,True,86400,86400,0,0.0,0.0
2020-07-06,RS01SLBS-MJ01A-06-PRESTA101,2,True,86400,86400,0,0.0,0.0
2020-07-07,RS01SLBS-MJ01A-06-PRESTA101,2,True,86400,86400,0,0.0,0.0
2020-07-08,RS01SLBS-MJ01A-06-PRESTA101,2,True,86400,86400,0,0.0,0.0
2020-07-09,RS01SLBS-MJ01A-06-PRESTA101,2,True,86400,86400,0,0.0,0.0
2020-07-10,RS01SLBS-MJ01A-06-PRESTA101,2,True,86400,86400,0,0.0,0.0
2020-07-11,RS01SLBS-MJ01A-06-PRESTA101,2,True,86400,86400,0,0.0,0.0
2020-07-12,RS01SLBS-MJ01A-06-PRESTA101,2,True,86400,86400,0,0.0,0.0
2020-07-13,RS01SLBS-MJ01A-06-PRESTA101,2,True,86400,86400,0,0.0,0.0
2020-07-14,RS01SLBS-MJ01A-06-PRESTA101,2,False,0,0,,,
2020-07-15,RS01SLBS-MJ01A-06-PRESTA101,2,False,0,0,,,
2020-07-16,RS01SLBS-MJ01A-06-PRESTA101,2,False,0,0,,,
2020-07-17,RS01SLBS-MJ01A-06-PRESTA101,2,False,0,0,,,
2020-07-18,RS01SLBS-MJ01A-06-PRESTA101,2,False,0,0,,,
2020-07-19,RS01SLBS-MJ01A-06-PRESTA101,2,False,0,0,,,
2020-07-20,RS01SLBS-MJ01A-06-PRESTA101,2,False,0,0,,,
2020-07-21,RS01SLBS-MJ01A-06-PRESTA101,2,False,0,0,,,
2020-07-22,RS01SLBS-MJ01A-06-PRESTA101,2,False,0,0,,,
2020-07-23,RS01SLBS-MJ01A-06-PRESTA101,2,False,0,0,,,
2020-07-24,RS01SLBS-MJ01A-06-PRESTA101,2,False,0,0,,,
2020-07-25,RS01SLBS-MJ01A-06-PRESTA101,2,False,0,0,,,
2020-07-26,RS01SLBS-MJ01A-06-PRESTA101,2,False,0,0,,,
2020-07-27,RS01SLBS-MJ01A-06-PRESTA101,2,False,0,0,,,
2020-07-28,RS01SLBS-MJ01A-06-PRESTA101,2,False,0,0,,,
2020-07-29,RS01SLBS-MJ01A-06-PRESTA101,2,False,0,0,,,
2020-07-30,RS01SLBS-MJ01A-06-PRESTA101,2,False,0,0,,,
2020-07-31,RS01SLBS-MJ01A-06-PRESTA101,2,False,0,0,,,
2020-08-01,RS01SLBS-MJ01A-06-PRESTA101,2,False,0,0,,,
2020-08-02,RS01SLBS-MJ01A-06-PRESTA101,2,False,0,0,,,
2020-08-03,RS01SLBS-MJ01A-06-PRESTA101,2,False,0,0,,,
2020-08-04,RS01SLBS-MJ01A-06-PRESTA101,2,False,0,0,,,
2020-08-05,RS01SLBS-MJ01A-06-PRESTA101,2,False,0,0,,,
2020-08-06,RS01SLBS-MJ01A-06-PRESTA101,2,False,0,0,,,
2020-08-07,RS01SLBS-MJ01A-06-PRESTA101,2,False,0,0,,,
2020-08-08,RS01SLBS-MJ01A-06-PRESTA101,2,False,0,0,,,
2020-08-09,RS01SLBS-MJ01A-06-PRESTA101,2,False,0,0,,,
2020-08-10,RS01SLBS-MJ01A-06-PRESTA101,2,False,0,0,,,
2020-08-11,RS01SLBS-MJ01A-06-PRESTA101,2,False,0,0,,,
2020-08-12,RS01SLBS-MJ01A-06-PRESTA101,2,False,0,0,,,
2020-08-13,RS01SLBS-MJ01A-06-PRESTA101,2,False,0,0,,,
2020-08-14,RS01SLBS-MJ01A-06-PRESTA101,2,False,0,0,,,
2020-08-15,RS01SLBS-MJ01A-06-PRESTA101,2,False,0,0,,,
2020-08-16,RS01SLBS-MJ01A-06-PRESTA101,2,False,0,0,,,
2020-08-17,RS01SLBS-MJ01A-06-PRESTA101,2,True,86400,86400,0,0.0,0.0
2020-08-18,RS01SLBS-MJ01A-06-PRESTA101,2,True,5000,5000,0,0.0,94.213
2020-08-19,RS01SLBS-MJ01A-06-PRESTA101,2,False,0,0,,,
2020-08-20,RS01SLBS-MJ01A-06-PRESTA101,2,True,11652,11771,119,1.011,86.5139
2020-08-21,RS01SLBS-MJ01A-06-PRESTA101,2,True,86400,86400,0,0.0,0.0
2020-08-22,RS01SLBS-MJ01A-06-PRESTA101,2,True,86400,86400,0,0.0,0.0
2020-08-23,RS01SLBS-MJ01A-06-PRESTA101,2,True,86400,86400,0,0.0,0.0
2020-08-24,RS01SLBS-MJ01A-06-PRESTA101,2,True,86400,86400,0,0.0,0.0
2020-08-25,RS01SLBS-MJ01A-06-PRESTA101,2,True,53856,53856,0,0.0,37.6667
2020-08-26,RS01SLBS-MJ01A-06-PRESTA101,2,True,27929,27941,12,0.0429,67.6748
2020-08-27,RS01SLBS-MJ01A-06-PRESTA101,2,True,86400,86400,0,0.0,0.0
2020-08-28,RS01SLBS-MJ01A-06-PRESTA101,2,True,85859,86400,541,0.6262,0.6262
2020-08-29,RS01SLBS-MJ01A-06-PRESTA101,2,True,86400,86400,0,0.0,0.0
2020-08-30,RS01SLBS-MJ01A-06-PRESTA101,2,True,86400,86400,0,0.0,0.0
2020-08-31,RS01SLBS-MJ01A-06-PRESTA101,2,True,86400,86400,0,0.0,0.0
2020-09-01,RS01SLBS-MJ01A-06-PRESTA101,2,True,86399,86399,0,0.0,0.0012
2020-09-02,RS01SLBS-MJ01A-06-PRESTA101,2,True,86400,86400,0,0.0,0.0
2020-09-03,RS01SLBS-MJ01A-06-PRESTA101,2,True,86400,86400,0,0.0,0.0
2020-09-04,RS01SLBS-MJ01A-06-PRESTA101,2,True,84356,86399,2043,2.3646,2.3657
2020-09-05,RS01SLBS-MJ01A-06-PRESTA101,2,True,86400,86400,0,0.0,0.0
2020-09-06,RS01SLBS-MJ01A-06-PRESTA101,2,True,86400,86400,0,0.0,0.0
2020-09-07,RS01SLBS-MJ01A-06-PRESTA101,2,True,85839,86400,561,0.6493,0.6493
2020-09-08,RS01SLBS-MJ01A-06-PRESTA101,2,False,0,0,,,
2020-09-09,RS01SLBS-MJ01A-06-PRESTA101,2,True,86400,86400,0,0.0,0.0
2020-09-10,RS01SLBS-MJ01A-06-PRESTA101,2,True,86400,86400,0,0.0,0.0
2020-09-11,RS01SLBS-MJ01A-06-PRESTA101,2,True,86400,86400,0,0.0,0.0
2020-09-12,RS01SLBS-MJ01A-06-PRESTA101,2,True,86400,86400,0,0.0,0.0
2020-09-13,RS01SLBS-MJ01A-06-PRESTA101,2,True,86400,86400,0,0.0,0.0
2020-09-14,RS01SLBS-MJ01A-06-PRESTA101,2,True,86400,86400,0,0.0,0.0
2020-09-15,RS01SLBS-MJ01A-06-PRESTA101,2,True,86400,86400,0,0.0,0.0
2020-09-16,RS01SLBS-MJ01A-06-PRESTA101,2,True,86400,86400,0,0.0,0.0
2020-09-17,RS01SLBS-MJ01A-06-PRESTA101,2,True,86400,86400,0,0.0,0.0
2020-09-18,RS01SLBS-MJ01A-06-PRESTA101,2,True,86400,86400,0,0.0,0.0
2020-09-19,RS01SLBS-MJ01A-06-PRESTA101,2,True,86400,86400,0,0.0,0.0
2020-09-20,RS01SLBS-MJ01A-06-PRESTA101,2,True,86400,86400,0,0.0,0.0
2020-09-21,RS01SLBS-MJ01A-06-PRESTA101,2,True,86400,86400,0,0.0,0.0
2020-09-22,RS01SLBS-MJ01A-06-PRESTA101,2,True,53500,86383,32883,38.0665,38.0787
2020-09-23,RS01SLBS-MJ01A-06-PRESTA101,2,True,85698,86400,702,0.8125,0.8125
2020-09-24,RS01SLBS-MJ01A-06-PRESTA101,2,True,86400,86400,0,0.0,0.0
2020-09-25,RS01SLBS-MJ01A-06-PRESTA101,2,True,86400,86400,0,0.0,0.0
2020-09-26,RS01SLBS-MJ01A-06-PRESTA101,2,True,86400,86400,0,0.0,0.0
2020-09-27,RS01SLBS-MJ01A-06-PRESTA101,2,True,86400,86400,0,0.0,0.0
2020-09-28,RS01SLBS-MJ01A-06-PRESTA101,2,True,86400,86400,0,0.0,0.0
2020-09-29,RS01SLBS-MJ01A-06-PRESTA101,2,True,86400,86400,0,0.0,0.0
2020-09-30,RS01SLBS-MJ01A-06-PRESTA101,2,True,86400,86400,0,0.0,0.0
2020-10-01,RS01SLBS-MJ01A-06-PRESTA101,2,True,86400,86400,0,0.0,0.0
2020-10-02,RS01SLBS-MJ01A-06-PRESTA101,2,True,86400,86400,0,0.0,0.0
2020-10-03,RS01SLBS-MJ01A-06-PRESTA101,2,True,86400,86400,0,0.0,0.0
2020-10-04,RS01SLBS-MJ01A-06-PRESTA101,2,True,86400,86400,0,0.0,0.0
2020-10-05,RS01SLBS-MJ01A-06-PRESTA101,2,True,86400,86400,0,0.0,0.0
2020-10-06,RS01SLBS-MJ01A-06-PRESTA101,2,True,86400,86400,0,0.0,0.0
2020-10-07,RS01SLBS-MJ01A-06-PRESTA101,2,True,86400,86400,0,0.0,0.0
2020-10-08,RS01SLBS-MJ01A-06-PRESTA101,2,True,86399,86399,0,0.0,0.0012
2020-10-09,RS01SLBS-MJ01A-06-PRESTA101,2,True,86400,86400,0,0.0,0.0
2020-10-10,RS01SLBS-MJ01A-06-PRESTA101,2,True,86400,86400,0,0.0,0.0
2020-10-11,RS01SLBS-MJ01A-06-PRESTA101,2,True,86400,86400,0,0.0,0.0
2020-10-12,RS01SLBS-MJ01A-06-PRESTA101,2,True,86400,86400,0,0.0,0.0
2020-10-13,RS01SLBS-MJ01A-06-PRESTA101,2,True,86400,86400,0,0.0,0.0
2020-10-14,RS01SLBS-MJ01A-06-PRESTA101,2,True,86400,86400,0,0.0,0.0
2020-10-15,RS01SLBS-MJ01A-06-PRESTA101,2,True,86400,86400,0,0.0,0.0
2020-10-16,RS01SLBS-MJ01A-06-PRESTA101,2,True,86400,86400,0,0.0,0.0
2020-10-17,RS01SLBS-MJ01A-06-PRESTA101,2,True,86400,86400,0,0.0,0.0
2020-10-18,RS01SLBS-MJ01A-06-PRESTA101,2,True,86400,86400,0,0.0,0.0
2020-10-19,RS01SLBS-MJ01A-06-PRESTA101,2,True,86400,86400,0,0.0,0.0
2020-10-20,RS01SLBS-MJ01A-06-PRESTA101,2,True,86400,86400,0,0.0,0.0
2020-10-21,RS01SLBS-MJ01A-06-PRESTA101,2,True,86400,86400,0,0.0,0.0
2020-10-22,RS01SLBS-MJ01A-06-PRESTA101,2,True,86400,86400,0,0.0,0.0
2020-10-23,RS01SLBS-MJ01A-06-PRESTA101,2,True,86400,86400,0,0.0,0.0
2020-10-24,RS01SLBS-MJ01A-06-PRESTA101,2,True,86400,86400,0,0.0,0.0
2020-10-25,RS01SLBS-MJ01A-06-PRESTA101,2,True,86400,86400,0,0.0,0.0
2020-10-26,RS01SLBS-MJ01A-06-PRESTA101,2,True,86400,86400,0,0.0,0.0
2020-10-27,RS01SLBS-MJ01A-06-PRESTA101,2,True,86400,86400,0,0.0,0.0
2020-10-28,RS01SLBS-MJ01A-06-PRESTA101,2,True,86400,86400,0,0.0,0.0
2020-10-29,RS01SLBS-MJ01A-06-PRESTA101,2,True,86400,86400,0,0.0,0.0
2020-10-30,RS01SLBS-MJ01A-06-PRESTA101,2,True,86400,86400,0,0.0,0.0
2020-10-31,RS01SLBS-MJ01A-06-PRESTA101,2,True,86400,86400,0,0.0,0.0
2020-11-01,RS01SLBS-MJ01A-06-PRESTA101,2,True,692,692,0,0.0,99.1991
2020-11-02,RS01SLBS-MJ01A-06-PRESTA101,2,False,0,0,,,
2020-11-03,RS01SLBS-MJ01A-06-PRESTA101,2,True,81541,81652,111,0.1359,5.6238
2020-11-04,RS01SLBS-MJ01A-06-PRESTA101,2,True,86400,86400,0,0.0,0.0
2020-11-05,RS01SLBS-MJ01A-06-PRESTA101,2,True,86400,86400,0,0.0,0.0
2020-11-06,RS01SLBS-MJ01A-06-PRESTA101,2,True,86400,86400,0,0.0,0.0
2020-11-07,RS01SLBS-MJ01A-06-PRESTA101,2,True,86400,86400,0,0.0,0.0
2020-11-08,RS01SLBS-MJ01A-06-PRESTA101,2,True,86400,86400,0,0.0,0.0
2020-11-09,RS01SLBS-MJ01A-06-PRESTA101,2,True,86400,86400,0,0.0,0.0
2020-11-10,RS01SLBS-MJ01A-06-PRESTA101,2,True,86400,86400,0,0.0,0.0
2020-11-11,RS01SLBS-MJ01A-06-PRESTA101,2,True,86400,86400,0,0.0,0.0
2020-11-12,RS01SLBS-MJ01A-06-PRESTA101,2,True,86400,86400,0,0.0,0.0
2020-11-13,RS01SLBS-MJ01A-06-PRESTA101,2,True,86400,86400,0,0.0,0.0
2020-11-14,RS01SLBS-MJ01A-06-PRESTA101,2,True,86399,86399,0,0.0,0.0012
2020-11-15,RS01SLBS-MJ01A-06-PRESTA101,2,True,86400,86400,0,0.0,0.0
2020-11-16,RS01SLBS-MJ01A-06-PRESTA101,2,True,86400,86400,0,0.0,0.0
2020-11-17,RS01SLBS-MJ01A-06-PRESTA101,2,True,86400,86400,0,0.0,0.0
2020-11-18,RS01SLBS-MJ01A-06-PRESTA101,2,True,86400,86400,0,0.0,0.0
2020-11-19,RS01SLBS-MJ01A-06-PRESTA101,2,True,86400,86400,0,0.0,0.0
2020-11-20,RS01SLBS-MJ01A-06-PRESTA101,2,True,86400,86400,0,0.0,0.0
2020-11-21,RS01SLBS-MJ01A-06-PRESTA101,2,True,86400,86400,0,0.0,0.0
2020-11-22,RS01SLBS-MJ01A-06-PRESTA101,2,True,86400,86400,0,0.0,0.0
2020-11-23,RS01SLBS-MJ01A-06-PRESTA101,2,True,86400,86400,0,0.0,0.0
2020-11-24,RS01SLBS-MJ01A-06-PRESTA101,2,True,86400,86400,0,0.0,0.0
2020-11-25,RS01SLBS-MJ01A-06-PRESTA101,2,True,86400,86400,0,0.0,0.0
2020-11-26,RS01SLBS-MJ01A-06-PRESTA101,2,True,86400,86400,0,0.0,0.0
2020-11-27,RS01SLBS-MJ01A-06-PRESTA101,2,True,86400,86400,0,0.0,0.0
2020-11-28,RS01SLBS-MJ01A-06-PRESTA101,2,True,86400,86400,0,0.0,0.0
2020-11-29,RS01SLBS-MJ01A-06-PRESTA101,2,True,86400,86400,0,0.0,0.0
2020-11-30,RS01SLBS-MJ01A-06-PRESTA101,2,True,86400,86400,0,0.0,0.0
2020-12-01,RS01SLBS-MJ01A-06-PRESTA101,2,True,86400,86400,0,0.0,0.0
2020-12-02,RS01SLBS-MJ01A-06-PRESTA101,2,True,86400,86400,0,0.0,0.0
2020-12-03,RS01SLBS-MJ01A-06-PRESTA101,2,True,86400,86400,0,0.0,0.0
2020-12-04,RS01SLBS-MJ01A-06-PRESTA101,2,True,86400,86400,0,0.0,0.0
2020-12-05,RS01SLBS-MJ01A-06-PRESTA101,2,True,86400,86400,0,0.0,0.0
2020-12-06,RS01SLBS-MJ01A-06-PRESTA101,2,True,86294,86400,106,0.1227,0.1227
2020-12-07,RS01SLBS-MJ01A-06-PRESTA101,2,True,86400,86400,0,0.0,0.0
2020-12-08,RS01SLBS-MJ01A-06-PRESTA101,2,True,85909,86400,491,0.5683,0.5683
2020-12-09,RS01SLBS-MJ01A-06-PRESTA101,2,True,86400,86400,0,0.0,0.0
2020-12-10,RS01SLBS-MJ01A-06-PRESTA101,2,True,85954,86400,446,0.5162,0.5162
2020-12-11,RS01SLBS-MJ01A-06-PRESTA101,2,True,86400,86400,0,0.0,0.0
2020-12-12,RS01SLBS-MJ01A-06-PRESTA101,2,True,85909,86400,491,0.5683,0.5683
2020-12-13,RS01SLBS-MJ01A-06-PRESTA101,2,True,86400,86400,0,0.0,0.0
2020-12-14,RS01SLBS-MJ01A-06-PRESTA101,2,True,86294,86400,106,0.1227,0.1227
2020-12-15,RS01SLBS-MJ01A-06-PRESTA101,2,True,86400,86400,0,0.0,0.0
2020-12-16,RS01SLBS-MJ01A-06-PRESTA101,2,True,86294,86400,106,0.1227,0.1227
2020-12-17,RS01SLBS-MJ01A-06-PRESTA101,2,True,86294,86400,106,0.1227,0.1227
2020-12-18,RS01SLBS-MJ01A-06-PRESTA101,2,True,86193,86400,207,0.2396,0.2396
2020-12-19,RS01SLBS-MJ01A-06-PRESTA101,2,True,86198,86400,202,0.2338,0.2338
2020-12-20,RS01SLBS-MJ01A-06-PRESTA101,2,True,85365,86400,1035,1.1979,1.1979
2020-12-21,RS01SLBS-MJ01A-06-PRESTA101,2,True,34084,34811,727,2.0884,60.5509
2020-12-22,RS01SLBS-MJ01A-06-PRESTA101,2,False,0,0,,,
2020-12-23,RS01SLBS-MJ01A-06-PRESTA101,2,False,0,0,,,
2020-12-24,RS01SLBS-MJ01A-06-PRESTA101,2,False,0,0,,,
2020-12-25,RS01SLBS-MJ01A-06-PRESTA101,2,False,0,0,,,
2020-12-26,RS01SLBS-MJ01A-06-PRESTA101,2,False,0,0,,,
2020-12-27,RS01SLBS-MJ01A-06-PRESTA101,2,False,0,0,,,
2020-12-28,RS01SLBS-MJ01A-06-PRESTA101,2,False,0,0,,,
2020-12-29,RS01SLBS-MJ01A-06-PRESTA101,2,False,0,0,,,
2020-12-30,RS01SLBS-MJ01A-06-PRESTA101,2,False,0,0,,,
2020-12-31,RS01SLBS-MJ01A-06-PRESTA101,2,False,0,0,,,
2021-01-01,RS01SLBS-MJ01A-06-PRESTA101,2,False,0,0,,,
2021-01-02,RS01SLBS-MJ01A-06-PRESTA101,2,False,0,0,,,
2021-01-03,RS01SLBS-MJ01A-06-PRESTA101,2,False,0,0,,,
2021-01-04,RS01SLBS-MJ01A-06-PRESTA101,2,False,0,0,,,
2021-01-05,RS01SLBS-MJ01A-06-PRESTA101,2,False,0,0,,,
2021-01-06,RS01SLBS-MJ01A-06-PRESTA101,2,False,0,0,,,
2021-01-07,RS01SLBS-MJ01A-06-PRESTA101,2,False,0,0,,,
2021-01-08,RS01SLBS-MJ01A-06-PRESTA101,2,False,0,0,,,
2021-01-09,RS01SLBS-MJ01A-06-PRESTA101,2,False,0,0,,,
2021-01-10,RS01SLBS-MJ01A-06-PRESTA101,2,False,0,0,,,
2021-01-11,RS01SLBS-MJ01A-06-PRESTA101,2,False,0,0,,,
2021-01-12,RS01SLBS-MJ01A-06-PRESTA101,2,False,0,0,,,
2021-01-13,RS01SLBS-MJ01A-06-PRESTA101,2,False,0,0,,,
2021-01-14,RS01SLBS-MJ01A-06-PRESTA101,2,False,0,0,,,
2021-01-15,RS01SLBS-MJ01A-06-PRESTA101,2,False,0,0,,,
2021-01-16,RS01SLBS-MJ01A-06-PRESTA101,2,False,0,0,,,
2021-01-17,RS01SLBS-MJ01A-06-PRESTA101,2,False,0,0,,,
2021-01-18,RS01SLBS-MJ01A-06-PRESTA101,2,False,0,0,,,
2021-01-19,RS01SLBS-MJ01A-06-PRESTA101,2,False,0,0,,,
2021-01-20,RS01SLBS-MJ01A-06-PRESTA101,2,False,0,0,,,
2021-01-21,RS01SLBS-MJ01A-06-PRESTA101,2,False,0,0,,,
2021-01-22,RS01SLBS-MJ01A-06-PRESTA101,2,False,0,0,,,
2021-01-23,RS01SLBS-MJ01A-06-PRESTA101,2,False,0,0,,,
2021-01-24,RS01SLBS-MJ01A-06-PRESTA101,2,False,0,0,,,
2021-01-25,RS01SLBS-MJ01A-06-PRESTA101,2,False,0,0,,,
2021-01-26,RS01SLBS-MJ01A-06-PRESTA101,2,False,0,0,,,
2021-01-27,RS01SLBS-MJ01A-06-PRESTA101,2,False,0,0,,,
2021-01-28,RS01SLBS-MJ01A-06-PRESTA101,2,False,0,0,,,
2021-01-29,RS01SLBS-MJ01A-06-PRESTA101,2,False,0,0,,,
2021-01-30,RS01SLBS-MJ01A-06-PRESTA101,2,False,0,0,,,
2021-01-31,RS01SLBS-MJ01A-06-PRESTA101,2,False,0,0,,,
2021-02-01,RS01SLBS-MJ01A-06-PRESTA101,2,False,0,0,,,
2021-02-02,RS01SLBS-MJ01A-06-PRESTA101,2,False,0,0,,,
2021-02-03,RS01SLBS-MJ01A-06-PRESTA101,2,False,0,0,,,
2021-02-04,RS01SLBS-MJ01A-06-PRESTA101,2,False,0,0,,,
2021-02-05,RS01SLBS-MJ01A-06-PRESTA101,2,False,0,0,,,
2021-02-06,RS01SLBS-MJ01A-06-PRESTA101,2,False,0,0,,,
2021-02-07,RS01SLBS-MJ01A-06-PRESTA101,2,False,0,0,,,
2021-02-08,RS01SLBS-MJ01A-06-PRESTA101,2,False,0,0,,,
2021-02-09,RS01SLBS-MJ01A-06-PRESTA101,2,False,0,0,,,
2021-02-10,RS01SLBS-MJ01A-06-PRESTA101,2,False,0,0,,,
2021-02-11,RS01SLBS-MJ01A-06-PRESTA101,2,False,0,0,,,
2021-02-12,RS01SLBS-MJ01A-06-PRESTA101,2,False,0,0,,,
2021-02-13,RS01SLBS-MJ01A-06-PRESTA101,2,False,0,0,,,
2021-02-14,RS01SLBS-MJ01A-06-PRESTA101,2,False,0,0,,,
2021-02-15,RS01SLBS-MJ01A-06-PRESTA101,2,False,0,0,,,
2021-02-16,RS01SLBS-MJ01A-06-PRESTA101,2,False,0,0,,,
2021-02-17,RS01SLBS-MJ01A-06-PRESTA101,2,False,0,0,,,
2021-02-18,RS01SLBS-MJ01A-06-PRESTA101,2,False,0,0,,,
2021-02-19,RS01SLBS-MJ01A-06-PRESTA101,2,False,0,0,,,
2021-02-20,RS01SLBS-MJ01A-06-PRESTA101,2,False,0,0,,,
2021-02-21,RS01SLBS-MJ01A-06-PRESTA101,2,False,0,0,,,
2021-02-22,RS01SLBS-MJ01A-06-PRESTA101,2,False,0,0,,,
2021-02-23,RS01SLBS-MJ01A-06-PRESTA101,2,False,0,0,,,
2021-02-24,RS01SLBS-MJ01A-06-PRESTA101,2,False,0,0,,,
2021-02-25,RS01SLBS-MJ01A-06-PRESTA101,2,False,0,0,,,
2021-02-26,RS01SLBS-MJ01A-06-PRESTA101,2,False,0,0,,,
2021-02-27,RS01SLBS-MJ01A-06-PRESTA101,2,False,0,0,,,
2021-02-28,RS01SLBS-MJ01A-06-PRESTA101,2,False,0,0,,,
2021-03-01,RS01SLBS-MJ01A-06-PRESTA101,2,False,0,0,,,
2021-03-02,RS01SLBS-MJ01A-06-PRESTA101,2,False,0,0,,,
2021-03-03,RS01SLBS-MJ01A-06-PRESTA101,2,False,0,0,,,
2021-03-04,RS01SLBS-MJ01A-06-PRESTA101,2,False,0,0,,,
2021-03-05,RS01SLBS-MJ01A-06-PRESTA101,2,False,0,0,,,
2021-03-06,RS01SLBS-MJ01A-06-PRESTA101,2,False,0,0,,,
2021-03-07,RS01SLBS-MJ01A-06-PRESTA101,2,False,0,0,,,
2021-03-08,RS01SLBS-MJ01A-06-PRESTA101,2,False,0,0,,,
2021-03-09,RS01SLBS-MJ01A-06-PRESTA101,2,False,0,0,,,
2021-03-10,RS01SLBS-MJ01A-06-PRESTA101,2,False,0,0,,,
2021-03-11,RS01SLBS-MJ01A-06-PRESTA101,2,False,0,0,,,
2021-03-12,RS01SLBS-MJ01A-06-PRESTA101,2,False,0,0,,,
2021-03-13,RS01SLBS-MJ01A-06-PRESTA101,2,False,0,0,,,
2021-03-14,RS01SLBS-MJ01A-06-PRESTA101,2,False,0,0,,,
2021-03-15,RS01SLBS-MJ01A-06-PRESTA101,2,False,0,0,,,
2021-03-16,RS01SLBS-MJ01A-06-PRESTA101,2,False,0,0,,,
2021-03-17,RS01SLBS-MJ01A-06-PRESTA101,2,False,0,0,,,
2021-03-18,RS01SLBS-MJ01A-06-PRESTA101,2,False,0,0,,,
2021-03-19,RS01SLBS-MJ01A-06-PRESTA101,2,False,0,0,,,
2021-03-20,RS01SLBS-MJ01A-06-PRESTA101,2,False,0,0,,,
2021-03-21,RS01SLBS-MJ01A-06-PRESTA101,2,False,0,0,,,
2021-03-22,RS01SLBS-MJ01A-06-PRESTA101,2,False,0,0,,,
2021-03-23,RS01SLBS-MJ01A-06-PRESTA101,2,False,0,0,,,
2021-03-24,RS01SLBS-MJ01A-06-PRESTA101,2,False,0,0,,,
2021-03-25,RS01SLBS-MJ01A-06-PRESTA101,2,False,0,0,,,
2021-03-26,RS01SLBS-MJ01A-06-PRESTA101,2,False,0,0,,,
2021-03-27,RS01SLBS-MJ01A-06-PRESTA101,2,False,0,0,,,
2021-03-28,RS01SLBS-MJ01A-06-PRESTA101,2,False,0,0,,,
2021-03-29,RS01SLBS-MJ01A-06-PRESTA101,2,False,0,0,,,
2021-03-30,RS01SLBS-MJ01A-06-PRESTA101,2,False,0,0,,,
2021-03-31,RS01SLBS-MJ01A-06-PRESTA101,2,False,0,0,,,
2021-04-01,RS01SLBS-MJ01A-06-PRESTA101,2,False,0,0,,,
2021-04-02,RS01SLBS-MJ01A-06-PRESTA101,2,False,0,0,,,
2021-04-03,RS01SLBS-MJ01A-06-PRESTA101,2,False,0,0,,,
2021-04-04,RS01SLBS-MJ01A-06-PRESTA101,2,False,0,0,,,
2021-04-05,RS01SLBS-MJ01A-06-PRESTA101,2,False,0,0,,,
2021-04-06,RS01SLBS-MJ01A-06-PRESTA101,2,False,0,0,,,
2021-04-07,RS01SLBS-MJ01A-06-PRESTA101,2,False,0,0,,,
2021-04-08,RS01SLBS-MJ01A-06-PRESTA101,2,False,0,0,,,
2021-04-09,RS01SLBS-MJ01A-06-PRESTA101,2,False,0,0,,,
2021-04-10,RS01SLBS-MJ01A-06-PRESTA101,2,False,0,0,,,
2021-04-11,RS01SLBS-MJ01A-06-PRESTA101,2,False,0,0,,,
2021-04-12,RS01SLBS-MJ01A-06-PRESTA101,2,False,0,0,,,
2021-04-13,RS01SLBS-MJ01A-06-PRESTA101,2,False,0,0,,,
2021-04-14,RS01SLBS-MJ01A-06-PRESTA101,2,False,0,0,,,
2021-04-15,RS01SLBS-MJ01A-06-PRESTA101,2,False,0,0,,,
2021-04-16,RS01SLBS-MJ01A-06-PRESTA101,2,False,0,0,,,
2021-04-17,RS01SLBS-MJ01A-06-PRESTA101,2,False,0,0,,,
2021-04-18,RS01SLBS-MJ01A-06-PRESTA101,2,False,0,0,,,
2021-04-19,RS01SLBS-MJ01A-06-PRESTA101,2,False,0,0,,,
2021-04-20,RS01SLBS-MJ01A-06-PRESTA101,2,False,0,0,,,
2021-04-21,RS01SLBS-MJ01A-06-PRESTA101,2,False,0,0,,,
2021-04-22,RS01SLBS-MJ01A-06-PRESTA101,2,False,0,0,,,
2021-04-23,RS01SLBS-MJ01A-06-PRESTA101,2,False,0,0,,,
2021-04-24,RS01SLBS-MJ01A-06-PRESTA101,2,False,0,0,,,
2021-04-25,RS01SLBS-MJ01A-06-PRESTA101,2,False,0,0,,,
2021-04-26,RS01SLBS-MJ01A-06-PRESTA101,2,False,0,0,,,
2021-04-27,RS01SLBS-MJ01A-06-PRESTA101,2,False,0,0,,,
2021-04-28,RS01SLBS-MJ01A-06-PRESTA101,2,False,0,0,,,
2021-04-29,RS01SLBS-MJ01A-06-PRESTA101,2,False,0,0,,,
2021-04-30,RS01SLBS-MJ01A-06-PRESTA101,2,False,0,0,,,
2021-05-01,RS01SLBS-MJ01A-06-PRESTA101,2,False,0,0,,,
2021-05-02,RS01SLBS-MJ01A-06-PRESTA101,2,False,0,0,,,
2021-05-03,RS01SLBS-MJ01A-06-PRESTA101,2,False,0,0,,,
2021-05-04,RS01SLBS-MJ01A-06-PRESTA101,2,False,0,0,,,
2021-05-05,RS01SLBS-MJ01A-06-PRESTA101,2,False,0,0,,,
2021-05-06,RS01SLBS-MJ01A-06-PRESTA101,2,False,0,0,,,
2021-05-07,RS01SLBS-MJ01A-06-PRESTA101,2,False,0,0,,,
2021-05-08,RS01SLBS-MJ01A-06-PRESTA101,2,False,0,0,,,
2021-05-09,RS01SLBS-MJ01A-06-PRESTA101,2,False,0,0,,,
2021-05-10,RS01SLBS-MJ01A-06-PRESTA101,2,False,0,0,,,
2021-05-11,RS01SLBS-MJ01A-06-PRESTA101,2,False,0,0,,,
2021-05-12,RS01SLBS-MJ01A-06-PRESTA101,2,False,0,0,,,
2021-05-13,RS01SLBS-MJ01A-06-PRESTA101,2,False,0,0,,,
2021-05-14,RS01SLBS-MJ01A-06-PRESTA101,2,False,0,0,,,
2021-05-15,RS01SLBS-MJ01A-06-PRESTA101,2,False,0,0,,,
2021-05-16,RS01SLBS-MJ01A-06-PRESTA101,2,False,0,0,,,
2021-05-17,RS01SLBS-MJ01A-06-PRESTA101,2,False,0,0,,,
2021-05-18,RS01SLBS-MJ01A-06-PRESTA101,2,False,0,0,,,
2021-05-19,RS01SLBS-MJ01A-06-PRESTA101,2,False,0,0,,,
2021-05-20,RS01SLBS-MJ01A-06-PRESTA101,2,False,0,0,,,
2021-05-21,RS01SLBS-MJ01A-06-PRESTA101,2,False,0,0,,,
2021-05-22,RS01SLBS-MJ01A-06-PRESTA101,2,False,0,0,,,
2021-05-23,RS01SLBS-MJ01A-06-PRESTA101,2,False,0,0,,,
2021-05-24,RS01SLBS-MJ01A-06-PRESTA101,2,False,0,0,,,
2021-05-25,RS01SLBS-MJ01A-06-PRESTA101,2,False,0,0,,,
2021-05-26,RS01SLBS-MJ01A-06-PRESTA101,2,False,0,0,,,
2021-05-27,RS01SLBS-MJ01A-06-PRESTA101,2,False,0,0,,,
2021-05-28,RS01SLBS-MJ01A-06-PRESTA101,2,False,0,0,,,
2021-05-29,RS01SLBS-MJ01A-06-PRESTA101,2,False,0,0,,,
2021-05-30,RS01SLBS-MJ01A-06-PRESTA101,2,False,0,0,,,
2021-05-31,RS01SLBS-MJ01A-06-PRESTA101,2,False,0,0,,,
2021-06-01,RS01SLBS-MJ01A-06-PRESTA101,2,False,0,0,,,
2021-06-02,RS01SLBS-MJ01A-06-PRESTA101,2,False,0,0,,,
2021-06-03,RS01SLBS-MJ01A-06-PRESTA101,2,False,0,0,,,
2021-06-04,RS01SLBS-MJ01A-06-PRESTA101,2,False,0,0,,,
2021-06-05,RS01SLBS-MJ01A-06-PRESTA101,2,False,0,0,,,
2021-06-06,RS01SLBS-MJ01A-06-PRESTA101,2,False,0,0,,,
2021-06-07,RS01SLBS-MJ01A-06-PRESTA101,2,False,0,0,,,
2021-06-08,RS01SLBS-MJ01A-06-PRESTA101,2,False,0,0,,,
2021-06-09,RS01SLBS-MJ01A-06-PRESTA101,2,False,0,0,,,
2021-06-10,RS01SLBS-MJ01A-06-PRESTA101,2,False,0,0,,,
2021-06-11,RS01SLBS-MJ01A-06-PRESTA101,2,False,0,0,,,
2021-06-12,RS01SLBS-MJ01A-06-PRESTA101,2,False,0,0,,,
2021-06-13,RS01SLBS-MJ01A-06-PRESTA101,2,False,0,0,,,
2021-06-14,RS01SLBS-MJ01A-06-PRESTA101,2,False,0,0,,,
2021-06-15,RS01SLBS-MJ01A-06-PRESTA101,2,False,0,0,,,
2021-06-16,RS01SLBS-MJ01A-06-PRESTA101,2,False,0,0,,,
2021-06-17,RS01SLBS-MJ01A-06-PRESTA101,2,False,0,0,,,
2021-06-18,RS01SLBS-MJ01A-06-PRESTA101,2,False,0,0,,,
2021-06-19,RS01SLBS-MJ01A-06-PRESTA101,2,False,0,0,,,
2021-06-20,RS01SLBS-MJ01A-06-PRESTA101,2,False,0,0,,,
2021-06-21,RS01SLBS-MJ01A-06-PRESTA101,2,False,0,0,,,
2021-06-22,RS01SLBS-MJ01A-06-PRESTA101,2,False,0,0,,,
2021-06-23,RS01SLBS-MJ01A-06-PRESTA101,2,False,0,0,,,
2021-06-24,RS01SLBS-MJ01A-06-PRESTA101,2,False,0,0,,,
2021-06-25,RS01SLBS-MJ01A-06-PRESTA101,2,False,0,0,,,
2021-06-26,RS01SLBS-MJ01A-06-PRESTA101,2,False,0,0,,,
2021-06-27,RS01SLBS-MJ01A-06-PRESTA101,2,False,0,0,,,
2021-06-28,RS01SLBS-MJ01A-06-PRESTA101,2,False,0,0,,,
2021-06-29,RS01SLBS-MJ01A-06-PRESTA101,2,False,0,0,,,
2021-06-30,RS01SLBS-MJ01A-06-PRESTA101,2,False,0,0,,,
2021-07-01,RS01SLBS-MJ01A-06-PRESTA101,2,False,0,0,,,
2021-07-02,RS01SLBS-MJ01A-06-PRESTA101,2,False,0,0,,,
2021-07-03,RS01SLBS-MJ01A-06-PRESTA101,2,False,0,0,,,
2021-07-04,RS01SLBS-MJ01A-06-PRESTA101,2,False,0,0,,,
2021-07-05,RS01SLBS-MJ01A-06-PRESTA101,2,False,0,0,,,
2021-07-06,RS01SLBS-MJ01A-06-PRESTA101,2,False,0,0,,,
2021-07-07,RS01SLBS-MJ01A-06-PRESTA101,2,False,0,0,,,
2021-07-08,RS01SLBS-MJ01A-06-PRESTA101,2,False,0,0,,,
2021-07-09,RS01SLBS-MJ01A-06-PRESTA101,2,False,0,0,,,
2021-07-10,RS01SLBS-MJ01A-06-PRESTA101,2,False,0,0,,,
2021-07-11,RS01SLBS-MJ01A-06-PRESTA101,2,False,0,0,,,
2021-07-12,RS01SLBS-MJ01A-06-PRESTA101,2,False,0,0,,,
2021-07-13,RS01SLBS-MJ01A-06-PRESTA101,2,False,0,0,,,
2021-07-14,RS01SLBS-MJ01A-06-PRESTA101,2,False,0,0,,,
2021-07-15,RS01SLBS-MJ01A-06-PRESTA101,2,False,0,0,,,
2021-07-16,RS01SLBS-MJ01A-06-PRESTA101,2,False,0,0,,,
2021-07-17,RS01SLBS-MJ01A-06-PRESTA101,2,False,0,0,,,
2021-07-18,RS01SLBS-MJ01A-06-PRESTA101,2,False,0,0,,,
2021-07-19,RS01SLBS-MJ01A-06-PRESTA101,2,False,0,0,,,
2021-07-20,RS01SLBS-MJ01A-06-PRESTA101,2,False,0,0,,,
2021-07-21,RS01SLBS-MJ01A-06-PRESTA101,2,False,0,0,,,
2021-07-22,RS01SLBS-MJ01A-06-PRESTA101,2,False,0,0,,,
2021-07-23,RS01SLBS-MJ01A-06-PRESTA101,2,False,0,0,,,
2021-07-24,RS01SLBS-MJ01A-06-PRESTA101,2,False,0,0,,,
2021-07-25,RS01SLBS-MJ01A-06-PRESTA101,2,False,0,0,,,
2021-07-26,RS01SLBS-MJ01A-06-PRESTA101,2,False,0,0,,,
2021-07-27,RS01SLBS-MJ01A-06-PRESTA101,2,False,0,0,,,
2021-07-28,RS01SLBS-MJ01A-06-PRESTA101,2,False,0,0,,,
2021-07-29,RS01SLBS-MJ01A-06-PRESTA101,2,False,0,0,,,
2021-07-30,RS01SLBS-MJ01A-06-PRESTA101,2,False,0,0,,,
2021-07-31,RS01SLBS-MJ01A-06-PRESTA101,2,False,0,0,,,
2021-08-01,RS01SLBS-MJ01A-06-PRESTA101,2,False,0,0,,,
2021-08-02,RS01SLBS-MJ01A-06-PRESTA101,2,False,0,0,,,
2021-08-03,RS01SLBS-MJ01A-06-PRESTA101,2,False,0,0,,,
2021-08-04,RS01SLBS-MJ01A-06-PRESTA101,2,False,0,0,,,
2021-08-05,RS01SLBS-MJ01A-06-PRESTA101,2,False,0,0,,,
2021-08-06,RS01SLBS-MJ01A-06-PRESTA101,2,False,0,0,,,
2021-08-07,RS01SLBS-MJ01A-06-PRESTA101,2,False,0,0,,,
2021-08-08,RS01SLBS-MJ01A-06-PRESTA101,2,False,0,0,,,
2021-08-09,RS01SLBS-MJ01A-06-PRESTA101,2,False,0,0,,,
2021-08-10,RS01SLBS-MJ01A-06-PRESTA101,2,False,0,0,,,
2021-08-11,RS01SLBS-MJ01A-06-PRESTA101,2,False,0,0,,,
2021-08-12,RS01SLBS-MJ01A-06-PRESTA101,2,False,0,0,,,
2021-08-13,RS01SLBS-MJ01A-06-PRESTA101,2,False,0,0,,,
2021-08-14,RS01SLBS-MJ01A-06-PRESTA101,2,False,0,0,,,
2021-08-15,RS01SLBS-MJ01A-06-PRESTA101,2,False,0,0,,,
2021-08-16,RS01SLBS-MJ01A-06-PRESTA101,2,False,0,0,,,
2021-08-17,RS01SLBS-MJ01A-06-PRESTA101,2,False,0,0,,,
2021-08-18,RS01SLBS-MJ01A-06-PRESTA101,2,False,0,0,,,
2021-08-19,RS01SLBS-MJ01A-06-PRESTA101,2,False,0,0,,,
2021-08-20,RS01SLBS-MJ01A-06-PRESTA101,2,False,0,0,,,
2021-08-21,RS01SLBS-MJ01A-06-PRESTA101,2,False,0,0,,,
2021-08-22,RS01SLBS-MJ01A-06-PRESTA101,2,False,0,0,,,
2021-08-23,RS01SLBS-MJ01A-06-PRESTA101,2,False,0,0,,,
2021-08-24,RS01SLBS-MJ01A-06-PRESTA101,2,True,13185,13215,30,0.227,84.7396
2021-08-25,RS01SLBS-MJ01A-06-PRESTA101,2,True,86400,86400,0,0.0,0.0
2021-08-26,RS01SLBS-MJ01A-06-PRESTA101,2,True,86400,86400,0,0.0,0.0
2021-08-27,RS01SLBS-MJ01A-06-PRESTA101,2,True,86399,86399,0,0.0,0.0012
2021-08-28,RS01SLBS-MJ01A-06-PRESTA101,2,True,86400,86400,0,0.0,0.0
2021-08-29,RS01SLBS-MJ01A-06-PRESTA101,2,True,86378,86400,22,0.0255,0.0255
2021-08-30,RS01SLBS-MJ01A-06-PRESTA101,2,True,86400,86400,0,0.0,0.0
2021-08-31,RS01SLBS-MJ01A-06-PRESTA101,2,True,86400,86400,0,0.0,0.0
2021-09-01,RS01SLBS-MJ01A-06-PRESTA101,2,True,86400,86400,0,0.0,0.0
2021-09-02,RS01SLBS-MJ01A-06-PRESTA101,2,True,86400,86400,0,0.0,0.0
2021-09-03,RS01SLBS-MJ01A-06-PRESTA101,2,True,86400,86400,0,0.0,0.0
2021-09-04,RS01SLBS-MJ01A-06-PRESTA101,2,True,86400,86400,0,0.0,0.0
2021-09-05,RS01SLBS-MJ01A-06-PRESTA101,2,True,86400,86400,0,0.0,0.0
2021-09-06,RS01SLBS-MJ01A-06-PRESTA101,2,True,86400,86400,0,0.0,0.0
2021-09-07,RS01SLBS-MJ01A-06-PRESTA101,2,True,86400,86400,0,0.0,0.0
2021-09-08,RS01SLBS-MJ01A-06-PRESTA101,2,True,86400,86400,0,0.0,0.0
2021-09-09,RS01SLBS-MJ01A-06-PRESTA101,2,True,85703,86400,697,0.8067,0.8067
2021-09-10,RS01SLBS-MJ01A-06-PRESTA101,2,True,86400,86400,0,0.0,0.0
2021-09-11,RS01SLBS-MJ01A-06-PRESTA101,2,True,86400,86400,0,0.0,0.0
2021-09-12,RS01SLBS-MJ01A-06-PRESTA101,2,True,86400,86400,0,0.0,0.0
2021-09-13,RS01SLBS-MJ01A-06-PRESTA101,2,True,86400,86400,0,0.0,0.0
2021-09-14,RS01SLBS-MJ01A-06-PRESTA101,2,True,86104,86400,296,0.3426,0.3426
2021-09-15,RS01SLBS-MJ01A-06-PRESTA101,2,True,86400,86400,0,0.0,0.0
2021-09-16,RS01SLBS-MJ01A-06-PRESTA101,2,True,86400,86400,0,0.0,0.0
2021-09-17,RS01SLBS-MJ01A-06-PRESTA101,2,True,86400,86400,0,0.0,0.0
2021-09-18,RS01SLBS-MJ01A-06-PRESTA101,2,True,86400,86400,0,0.0,0.0
2021-09-19,RS01SLBS-MJ01A-06-PRESTA101,2,True,86400,86400,0,0.0,0.0
2021-09-20,RS01SLBS-MJ01A-06-PRESTA101,2,True,86400,86400,0,0.0,0.0
2021-09-21,RS01SLBS-MJ01A-06-PRESTA101,2,True,86400,86400,0,0.0,0.0
2021-09-22,RS01SLBS-MJ01A-06-PRESTA101,2,True,86400,86400,0,0.0,0.0
2021-09-23,RS01SLBS-MJ01A-06-PRESTA101,2,True,86266,86400,134,0.1551,0.1551
2021-09-24,RS01SLBS-MJ01A-06-PRESTA101,2,True,86400,86400,0,0.0,0.0
2021-09-25,RS01SLBS-MJ01A-06-PRESTA101,2,True,86400,86400,0,0.0,0.0
2021-09-26,RS01SLBS-MJ01A-06-PRESTA101,2,True,86400,86400,0,0.0,0.0
2021-09-27,RS01SLBS-MJ01A-06-PRESTA101,2,True,86400,86400,0,0.0,0.0
2021-09-28,RS01SLBS-MJ01A-06-PRESTA101,2,True,86400,86400,0,0.0,0.0
2021-09-29,RS01SLBS-MJ01A-06-PRESTA101,2,True,86400,86400,0,0.0,0.0
2021-09-30,RS01SLBS-MJ01A-06-PRESTA101,2,True,86400,86400,0,0.0,0.0
2021-10-01,RS01SLBS-MJ01A-06-PRESTA101,2,True,86400,86400,0,0.0,0.0
2021-10-02,RS01SLBS-MJ01A-06-PRESTA101,2,True,86400,86400,0,0.0,0.0
2021-10-03,RS01SLBS-MJ01A-06-PRESTA101,2,True,86400,86400,0,0.0,0.0
2021-10-04,RS01SLBS-MJ01A-06-PRESTA101,2,True,86399,86399,0,0.0,0.0012
2021-10-05,RS01SLBS-MJ01A-06-PRESTA101,2,True,49027,49027,0,0.0,43.2558
2021-10-06,RS01SLBS-MJ01A-06-PRESTA101,2,True,13430,13441,11,0.0818,84.456
2021-10-07,RS01SLBS-MJ01A-06-PRESTA101,2,True,86400,86400,0,0.0,0.0
2021-10-08,RS01SLBS-MJ01A-06-PRESTA101,2,True,86400,86400,0,0.0,0.0
2021-10-09,RS01SLBS-MJ01A-06-PRESTA101,2,True,86400,86400,0,0.0,0.0
2021-10-10,RS01SLBS-MJ01A-06-PRESTA101,2,True,86400,86400,0,0.0,0.0
2021-10-11,RS01SLBS-MJ01A-06-PRESTA101,2,True,86400,86400,0,0.0,0.0
2021-10-12,RS01SLBS-MJ01A-06-PRESTA101,2,True,86400,86400,0,0.0,0.0
2021-10-13,RS01SLBS-MJ01A-06-PRESTA101,2,True,86400,86400,0,0.0,0.0
2021-10-14,RS01SLBS-MJ01A-06-PRESTA101,2,False,0,0,,,
2021-10-15,RS01SLBS-MJ01A-06-PRESTA101,2,True,86400,86400,0,0.0,0.0
2021-10-16,RS01SLBS-MJ01A-06-PRESTA101,2,True,86400,86400,0,0.0,0.0
2021-10-17,RS01SLBS-MJ01A-06-PRESTA101,2,True,86400,86400,0,0.0,0.0
2021-10-18,RS01SLBS-MJ01A-06-PRESTA101,2,True,86400,86400,0,0.0,0.0
2021-10-19,RS01SLBS-MJ01A-06-PRESTA101,2,True,86400,86400,0,0.0,0.0
2021-10-20,RS01SLBS-MJ01A-06-PRESTA101,2,True,86400,86400,0,0.0,0.0
2021-10-21,RS01SLBS-MJ01A-06-PRESTA101,2,True,86400,86400,0,0.0,0.0
2021-10-22,RS01SLBS-MJ01A-06-PRESTA101,2,True,86400,86400,0,0.0,0.0
2021-10-23,RS01SLBS-MJ01A-06-PRESTA101,2,True,86400,86400,0,0.0,0.0
2021-10-24,RS01SLBS-MJ01A-06-PRESTA101,2,True,86400,86400,0,0.0,0.0
2021-10-25,RS01SLBS-MJ01A-06-PRESTA101,2,True,86400,86400,0,0.0,0.0
2021-10-26,RS01SLBS-MJ01A-06-PRESTA101,2,True,86400,86400,0,0.0,0.0
2021-10-27,RS01SLBS-MJ01A-06-PRESTA101,2,True,86400,86400,0,0.0,0.0
2021-10-28,RS01SLBS-MJ01A-06-PRESTA101,2,True,86400,86400,0,0.0,0.0
2021-10-29,RS01SLBS-MJ01A-06-PRESTA101,2,True,86400,86400,0,0.0,0.0
2021-10-30,RS01SLBS-MJ01A-06-PRESTA101,2,True,86400,86400,0,0.0,0.0
2021-10-31,RS01SLBS-MJ01A-06-PRESTA101,2,True,86400,86400,0,0.0,0.0
2021-11-01,RS01SLBS-MJ01A-06-PRESTA101,2,True,53982,53982,0,0.0,37.5208
2021-11-02,RS01SLBS-MJ01A-06-PRESTA101,2,False,0,0,,,
2021-11-03,RS01SLBS-MJ01A-06-PRESTA101,2,False,0,0,,,
2021-11-04,RS01SLBS-MJ01A-06-PRESTA101,2,False,0,0,,,
2021-11-05,RS01SLBS-MJ01A-06-PRESTA101,2,False,0,0,,,
2021-11-06,RS01SLBS-MJ01A-06-PRESTA101,2,True,85611,85646,35,0.0409,0.9132
2021-11-07,RS01SLBS-MJ01A-06-PRESTA101,2,True,86400,86400,0,0.0,0.0
2021-11-08,RS01SLBS-MJ01A-06-PRESTA101,2,True,86400,86400,0,0.0,0.0
2021-11-09,RS01SLBS-MJ01A-06-PRESTA101,2,True,86400,86400,0,0.0,0.0
2021-11-10,RS01SLBS-MJ01A-06-PRESTA101,2,True,86399,86399,0,0.0,0.0012
2021-11-11,RS01SLBS-MJ01A-06-PRESTA101,2,True,86400,86400,0,0.0,0.0
2021-11-12,RS01SLBS-MJ01A-06-PRESTA101,2,True,86400,86400,0,0.0,0.0
2021-11-13,RS01SLBS-MJ01A-06-PRESTA101,2,True,86400,86400,0,0.0,0.0
2021-11-14,RS01SLBS-MJ01A-06-PRESTA101,2,True,86400,86400,0,0.0,0.0
2021-11-15,RS01SLBS-MJ01A-06-PRESTA101,2,True,86400,86400,0,0.0,0.0
2021-11-16,RS01SLBS-MJ01A-06-PRESTA101,2,True,86400,86400,0,0.0,0.0
2021-11-17,RS01SLBS-MJ01A-06-PRESTA101,2,True,86400,86400,0,0.0,0.0
2021-11-18,RS01SLBS-MJ01A-06-PRESTA101,2,True,86400,86400,0,0.0,0.0
2021-11-19,RS01SLBS-MJ01A-06-PRESTA101,2,True,86400,86400,0,0.0,0.0
2021-11-20,RS01SLBS-MJ01A-06-PRESTA101,2,True,86400,86400,0,0.0,0.0
2021-11-21,RS01SLBS-MJ01A-06-PRESTA101,2,True,86400,86400,0,0.0,0.0
2021-11-22,RS01SLBS-MJ01A-06-PRESTA101,2,True,86400,86400,0,0.0,0.0
2021-11-23,RS01SLBS-MJ01A-06-PRESTA101,2,True,86400,86400,0,0.0,0.0
2021-11-24,RS01SLBS-MJ01A-06-PRESTA101,2,True,86400,86400,0,0.0,0.0
2021-11-25,RS01SLBS-MJ01A-06-PRESTA101,2,True,86400,86400,0,0.0,0.0
2021-11-26,RS01SLBS-MJ01A-06-PRESTA101,2,True,86400,86400,0,0.0,0.0
2021-11-27,RS01SLBS-MJ01A-06-PRESTA101,2,True,86400,86400,0,0.0,0.0
2021-11-28,RS01SLBS-MJ01A-06-PRESTA101,2,True,86400,86400,0,0.0,0.0
2021-11-29,RS01SLBS-MJ01A-06-PRESTA101,2,True,86400,86400,0,0.0,0.0
2021-11-30,RS01SLBS-MJ01A-06-PRESTA101,2,True,86400,86400,0,0.0,0.0
2021-12-01,RS01SLBS-MJ01A-06-PRESTA101,2,True,86400,86400,0,0.0,0.0
2021-12-02,RS01SLBS-MJ01A-06-PRESTA101,2,True,86400,86400,0,0.0,0.0
2021-12-03,RS01SLBS-MJ01A-06-PRESTA101,2,True,86400,86400,0,0.0,0.0
2021-12-04,RS01SLBS-MJ01A-06-PRESTA101,2,True,86400,86400,0,0.0,0.0
2021-12-05,RS01SLBS-MJ01A-06-PRESTA101,2,True,86400,86400,0,0.0,0.0
2021-12-06,RS01SLBS-MJ01A-06-PRESTA101,2,True,86400,86400,0,0.0,0.0
2021-12-07,RS01SLBS-MJ01A-06-PRESTA101,2,True,86400,86400,0,0.0,0.0
2021-12-08,RS01SLBS-MJ01A-06-PRESTA101,2,True,86400,86400,0,0.0,0.0
2021-12-09,RS01SLBS-MJ01A-06-PRESTA101,2,True,86400,86400,0,0.0,0.0
2021-12-10,RS01SLBS-MJ01A-06-PRESTA101,2,True,86400,86400,0,0.0,0.0
2021-12-11,RS01SLBS-MJ01A-06-PRESTA101,2,True,86400,86400,0,0.0,0.0
2021-12-12,RS01SLBS-MJ01A-06-PRESTA101,2,True,86400,86400,0,0.0,0.0
2021-12-13,RS01SLBS-MJ01A-06-PRESTA101,2,True,86400,86400,0,0.0,0.0
2021-12-14,RS01SLBS-MJ01A-06-PRESTA101,2,True,86400,86400,0,0.0,0.0
2021-12-15,RS01SLBS-MJ01A-06-PRESTA101,2,True,86400,86400,0,0.0,0.0
2021-12-16,RS01SLBS-MJ01A-06-PRESTA101,2,True,86400,86400,0,0.0,0.0
2021-12-17,RS01SLBS-MJ01A-06-PRESTA101,2,True,86400,86400,0,0.0,0.0
2021-12-18,RS01SLBS-MJ01A-06-PRESTA101,2,True,86400,86400,0,0.0,0.0
2021-12-19,RS01SLBS-MJ01A-06-PRESTA101,2,True,86400,86400,0,0.0,0.0
2021-12-20,RS01SLBS-MJ01A-06-PRESTA101,2,True,86138,86399,261,0.3021,0.3032
2021-12-21,RS01SLBS-MJ01A-06-PRESTA101,2,True,86400,86400,0,0.0,0.0
2021-12-22,RS01SLBS-MJ01A-06-PRESTA101,2,True,86400,86400,0,0.0,0.0
2021-12-23,RS01SLBS-MJ01A-06-PRESTA101,2,True,86400,86400,0,0.0,0.0
2021-12-24,RS01SLBS-MJ01A-06-PRESTA101,2,True,86400,86400,0,0.0,0.0
2021-12-25,RS01SLBS-MJ01A-06-PRESTA101,2,True,86400,86400,0,0.0,0.0
2021-12-26,RS01SLBS-MJ01A-06-PRESTA101,2,True,86400,86400,0,0.0,0.0
2021-12-27,RS01SLBS-MJ01A-06-PRESTA101,2,True,86400,86400,0,0.0,0.0
2021-12-28,RS01SLBS-MJ01A-06-PRESTA101,2,True,86400,86400,0,0.0,0.0
2021-12-29,RS01SLBS-MJ01A-06-PRESTA101,2,True,86400,86400,0,0.0,0.0
2021-12-30,RS01SLBS-MJ01A-06-PRESTA101,2,True,86400,86400,0,0.0,0.0
2021-12-31,RS01SLBS-MJ01A-06-PRESTA101,2,True,86400,86400,0,0.0,0.0
2022-01-01,RS01SLBS-MJ01A-06-PRESTA101,2,True,86400,86400,0,0.0,0.0
2022-01-02,RS01SLBS-MJ01A-06-PRESTA101,2,True,86400,86400,0,0.0,0.0
2022-01-03,RS01SLBS-MJ01A-06-PRESTA101,2,True,86160,86400,240,0.2778,0.2778
2022-01-04,RS01SLBS-MJ01A-06-PRESTA101,2,True,86400,86400,0,0.0,0.0
2022-01-05,RS01SLBS-MJ01A-06-PRESTA101,2,True,86400,86400,0,0.0,0.0
2022-01-06,RS01SLBS-MJ01A-06-PRESTA101,2,True,86400,86400,0,0.0,0.0
2022-01-07,RS01SLBS-MJ01A-06-PRESTA101,2,True,86400,86400,0,0.0,0.0
2022-01-08,RS01SLBS-MJ01A-06-PRESTA101,2,True,86400,86400,0,0.0,0.0
2022-01-09,RS01SLBS-MJ01A-06-PRESTA101,2,True,86400,86400,0,0.0,0.0
2022-01-10,RS01SLBS-MJ01A-06-PRESTA101,2,True,86400,86400,0,0.0,0.0
2022-01-11,RS01SLBS-MJ01A-06-PRESTA101,2,True,86400,86400,0,0.0,0.0
2022-01-12,RS01SLBS-MJ01A-06-PRESTA101,2,True,86400,86400,0,0.0,0.0
2022-01-13,RS01SLBS-MJ01A-06-PRESTA101,2,True,86400,86400,0,0.0,0.0
2022-01-14,RS01SLBS-MJ01A-06-PRESTA101,2,True,86400,86400,0,0.0,0.0
2022-01-15,RS01SLBS-MJ01A-06-PRESTA101,2,True,86400,86400,0,0.0,0.0
2022-01-16,RS01SLBS-MJ01A-06-PRESTA101,2,True,86400,86400,0,0.0,0.0
2022-01-17,RS01SLBS-MJ01A-06-PRESTA101,2,True,86400,86400,0,0.0,0.0
2022-01-18,RS01SLBS-MJ01A-06-PRESTA101,2,True,86400,86400,0,0.0,0.0
2022-01-19,RS01SLBS-MJ01A-06-PRESTA101,2,True,86400,86400,0,0.0,0.0
2022-01-20,RS01SLBS-MJ01A-06-PRESTA101,2,True,86400,86400,0,0.0,0.0
2022-01-21,RS01SLBS-MJ01A-06-PRESTA101,2,True,86400,86400,0,0.0,0.0
2022-01-22,RS01SLBS-MJ01A-06-PRESTA101,2,True,86400,86400,0,0.0,0.0
2022-01-23,RS01SLBS-MJ01A-06-PRESTA101,2,True,86400,86400,0,0.0,0.0
2022-01-24,RS01SLBS-MJ01A-06-PRESTA101,2,True,86400,86400,0,0.0,0.0
2022-01-25,RS01SLBS-MJ01A-06-PRESTA101,2,True,86400,86400,0,0.0,0.0
2022-01-26,RS01SLBS-MJ01A-06-PRESTA101,2,True,86400,86400,0,0.0,0.0
2022-01-27,RS01SLBS-MJ01A-06-PRESTA101,2,True,86400,86400,0,0.0,0.0
2022-01-28,RS01SLBS-MJ01A-06-PRESTA101,2,True,86399,86399,0,0.0,0.0012
2022-01-29,RS01SLBS-MJ01A-06-PRESTA101,2,True,86400,86400,0,0.0,0.0
2022-01-30,RS01SLBS-MJ01A-06-PRESTA101,2,True,86400,86400,0,0.0,0.0
2022-01-31,RS01SLBS-MJ01A-06-PRESTA101,2,True,86400,86400,0,0.0,0.0
2022-02-01,RS01SLBS-MJ01A-06-PRESTA101,2,True,86400,86400,0,0.0,0.0
2022-02-02,RS01SLBS-MJ01A-06-PRESTA101,2,True,86400,86400,0,0.0,0.0
2022-02-03,RS01SLBS-MJ01A-06-PRESTA101,2,True,86400,86400,0,0.0,0.0
2022-02-04,RS01SLBS-MJ01A-06-PRESTA101,2,True,86400,86400,0,0.0,0.0
2022-02-05,RS01SLBS-MJ01A-06-PRESTA101,2,True,86400,86400,0,0.0,0.0
2022-02-06,RS01SLBS-MJ01A-06-PRESTA101,2,True,86400,86400,0,0.0,0.0
2022-02-07,RS01SLBS-MJ01A-06-PRESTA101,2,True,86400,86400,0,0.0,0.0
2022-02-08,RS01SLBS-MJ01A-06-PRESTA101,2,True,86400,86400,0,0.0,0.0
2022-02-09,RS01SLBS-MJ01A-06-PRESTA101,2,True,86400,86400,0,0.0,0.0
2022-02-10,RS01SLBS-MJ01A-06-PRESTA101,2,True,86400,86400,0,0.0,0.0
2022-02-11,RS01SLBS-MJ01A-06-PRESTA101,2,True,86400,86400,0,0.0,0.0
2022-02-12,RS01SLBS-MJ01A-06-PRESTA101,2,True,86400,86400,0,0.0,0.0
2022-02-13,RS01SLBS-MJ01A-06-PRESTA101,2,True,86400,86400,0,0.0,0.0
2022-02-14,RS01SLBS-MJ01A-06-PRESTA101,2,True,86400,86400,0,0.0,0.0
2022-02-15,RS01SLBS-MJ01A-06-PRESTA101,2,True,86400,86400,0,0.0,0.0
2022-02-16,RS01SLBS-MJ01A-06-PRESTA101,2,True,86400,86400,0,0.0,0.0
2022-02-17,RS01SLBS-MJ01A-06-PRESTA101,2,True,86400,86400,0,0.0,0.0
2022-02-18,RS01SLBS-MJ01A-06-PRESTA101,2,True,86400,86400,0,0.0,0.0
2022-02-19,RS01SLBS-MJ01A-06-PRESTA101,2,True,86400,86400,0,0.0,0.0
2022-02-20,RS01SLBS-MJ01A-06-PRESTA101,2,True,86400,86400,0,0.0,0.0
2022-02-21,RS01SLBS-MJ01A-06-PRESTA101,2,True,86400,86400,0,0.0,0.0
2022-02-22,RS01SLBS-MJ01A-06-PRESTA101,2,True,86400,86400,0,0.0,0.0
2022-02-23,RS01SLBS-MJ01A-06-PRESTA101,2,True,86400,86400,0,0.0,0.0
2022-02-24,RS01SLBS-MJ01A-06-PRESTA101,2,True,86400,86400,0,0.0,0.0
2022-02-25,RS01SLBS-MJ01A-06-PRESTA101,2,True,86400,86400,0,0.0,0.0
2022-02-26,RS01SLBS-MJ01A-06-PRESTA101,2,True,86400,86400,0,0.0,0.0
2022-02-27,RS01SLBS-MJ01A-06-PRESTA101,2,True,86400,86400,0,0.0,0.0
2022-02-28,RS01SLBS-MJ01A-06-PRESTA101,2,True,86400,86400,0,0.0,0.0
2022-03-01,RS01SLBS-MJ01A-06-PRESTA101,2,True,85132,86400,1268,1.4676,1.4676
2022-03-02,RS01SLBS-MJ01A-06-PRESTA101,2,True,86400,86400,0,0.0,0.0
2022-03-03,RS01SLBS-MJ01A-06-PRESTA101,2,True,86400,86400,0,0.0,0.0
2022-03-04,RS01SLBS-MJ01A-06-PRESTA101,2,True,86400,86400,0,0.0,0.0
2022-03-05,RS01SLBS-MJ01A-06-PRESTA101,2,True,86400,86400,0,0.0,0.0
2022-03-06,RS01SLBS-MJ01A-06-PRESTA101,2,True,86400,86400,0,0.0,0.0
2022-03-07,RS01SLBS-MJ01A-06-PRESTA101,2,True,86400,86400,0,0.0,0.0
2022-03-08,RS01SLBS-MJ01A-06-PRESTA101,2,True,86400,86400,0,0.0,0.0
2022-03-09,RS01SLBS-MJ01A-06-PRESTA101,2,True,86399,86399,0,0.0,0.0012
2022-03-10,RS01SLBS-MJ01A-06-PRESTA101,2,True,86400,86400,0,0.0,0.0
2022-03-11,RS01SLBS-MJ01A-06-PRESTA101,2,True,86400,86400,0,0.0,0.0
2022-03-12,RS01SLBS-MJ01A-06-PRESTA101,2,True,86400,86400,0,0.0,0.0
2022-03-13,RS01SLBS-MJ01A-06-PRESTA101,2,True,86400,86400,0,0.0,0.0
2022-03-14,RS01SLBS-MJ01A-06-PRESTA101,2,True,86400,86400,0,0.0,0.0
2022-03-15,RS01SLBS-MJ01A-06-PRESTA101,2,True,86400,86400,0,0.0,0.0
2022-03-16,RS01SLBS-MJ01A-06-PRESTA101,2,True,86400,86400,0,0.0,0.0
2022-03-17,RS01SLBS-MJ01A-06-PRESTA101,2,True,86400,86400,0,0.0,0.0
2022-03-18,RS01SLBS-MJ01A-06-PRESTA101,2,True,86400,86400,0,0.0,0.0
2022-03-19,RS01SLBS-MJ01A-06-PRESTA101,2,True,86400,86400,0,0.0,0.0
2022-03-20,RS01SLBS-MJ01A-06-PRESTA101,2,True,86400,86400,0,0.0,0.0
2022-03-21,RS01SLBS-MJ01A-06-PRESTA101,2,True,86400,86400,0,0.0,0.0
2022-03-22,RS01SLBS-MJ01A-06-PRESTA101,2,True,86400,86400,0,0.0,0.0
2022-03-23,RS01SLBS-MJ01A-06-PRESTA101,2,True,86400,86400,0,0.0,0.0
2022-03-24,RS01SLBS-MJ01A-06-PRESTA101,2,True,86400,86400,0,0.0,0.0
2022-03-25,RS01SLBS-MJ01A-06-PRESTA101,2,True,86400,86400,0,0.0,0.0
2022-03-26,RS01SLBS-MJ01A-06-PRESTA101,2,True,86400,86400,0,0.0,0.0
2022-03-27,RS01SLBS-MJ01A-06-PRESTA101,2,True,86400,86400,0,0.0,0.0
2022-03-28,RS01SLBS-MJ01A-06-PRESTA101,2,True,86400,86400,0,0.0,0.0
2022-03-29,RS01SLBS-MJ01A-06-PRESTA101,2,True,86400,86400,0,0.0,0.0
2022-03-30,RS01SLBS-MJ01A-06-PRESTA101,2,True,86400,86400,0,0.0,0.0
2022-03-31,RS01SLBS-MJ01A-06-PRESTA101,2,True,86400,86400,0,0.0,0.0
2022-04-01,RS01SLBS-MJ01A-06-PRESTA101,2,True,86400,86400,0,0.0,0.0
2022-04-02,RS01SLBS-MJ01A-06-PRESTA101,2,True,86400,86400,0,0.0,0.0
2022-04-03,RS01SLBS-MJ01A-06-PRESTA101,2,True,86400,86400,0,0.0,0.0
2022-04-04,RS01SLBS-MJ01A-06-PRESTA101,2,True,86400,86400,0,0.0,0.0
2022-04-05,RS01SLBS-MJ01A-06-PRESTA101,2,True,86400,86400,0,0.0,0.0
2022-04-06,RS01SLBS-MJ01A-06-PRESTA101,2,True,86400,86400,0,0.0,0.0
2022-04-07,RS01SLBS-MJ01A-06-PRESTA101,2,True,86400,86400,0,0.0,0.0
2022-04-08,RS01SLBS-MJ01A-06-PRESTA101,2,True,86400,86400,0,0.0,0.0
2022-04-09,RS01SLBS-MJ01A-06-PRESTA101,2,True,86400,86400,0,0.0,0.0
2022-04-10,RS01SLBS-MJ01A-06-PRESTA101,2,True,86400,86400,0,0.0,0.0
2022-04-11,RS01SLBS-MJ01A-06-PRESTA101,2,True,86400,86400,0,0.0,0.0
2022-04-12,RS01SLBS-MJ01A-06-PRESTA101,2,True,86400,86400,0,0.0,0.0
2022-04-13,RS01SLBS-MJ01A-06-PRESTA101,2,True,86400,86400,0,0.0,0.0
2022-04-14,RS01SLBS-MJ01A-06-PRESTA101,2,True,86400,86400,0,0.0,0.0
2022-04-15,RS01SLBS-MJ01A-06-PRESTA101,2,True,86400,86400,0,0.0,0.0
2022-04-16,RS01SLBS-MJ01A-06-PRESTA101,2,True,86400,86400,0,0.0,0.0
2022-04-17,RS01SLBS-MJ01A-06-PRESTA101,2,True,86400,86400,0,0.0,0.0
2022-04-18,RS01SLBS-MJ01A-06-PRESTA101,2,True,86399,86399,0,0.0,0.0012
2022-04-19,RS01SLBS-MJ01A-06-PRESTA101,2,True,86400,86400,0,0.0,0.0
2022-04-20,RS01SLBS-MJ01A-06-PRESTA101,2,True,86400,86400,0,0.0,0.0
2022-04-21,RS01SLBS-MJ01A-06-PRESTA101,2,True,86400,86400,0,0.0,0.0
2022-04-22,RS01SLBS-MJ01A-06-PRESTA101,2,True,86114,86400,286,0.331,0.331
2022-04-23,RS01SLBS-MJ01A-06-PRESTA101,2,True,86400,86400,0,0.0,0.0
2022-04-24,RS01SLBS-MJ01A-06-PRESTA101,2,True,86400,86400,0,0.0,0.0
2022-04-25,RS01SLBS-MJ01A-06-PRESTA101,2,True,86400,86400,0,0.0,0.0
2022-04-26,RS01SLBS-MJ01A-06-PRESTA101,2,True,86400,86400,0,0.0,0.0
2022-04-27,RS01SLBS-MJ01A-06-PRESTA101,2,True,86400,86400,0,0.0,0.0
2022-04-28,RS01SLBS-MJ01A-06-PRESTA101,2,True,86400,86400,0,0.0,0.0
2022-04-29,RS01SLBS-MJ01A-06-PRESTA101,2,True,86129,86400,271,0.3137,0.3137
2022-04-30,RS01SLBS-MJ01A-06-PRESTA101,2,True,86400,86400,0,0.0,0.0
2022-05-01,RS01SLBS-MJ01A-06-PRESTA101,2,True,86400,86400,0,0.0,0.0
2022-05-02,RS01SLBS-MJ01A-06-PRESTA101,2,True,86400,86400,0,0.0,0.0
2022-05-03,RS01SLBS-MJ01A-06-PRESTA101,2,True,86400,86400,0,0.0,0.0
2022-05-04,RS01SLBS-MJ01A-06-PRESTA101,2,True,86400,86400,0,0.0,0.0
2022-05-05,RS01SLBS-MJ01A-06-PRESTA101,2,True,86400,86400,0,0.0,0.0
2022-05-06,RS01SLBS-MJ01A-06-PRESTA101,2,True,86400,86400,0,0.0,0.0
2022-05-07,RS01SLBS-MJ01A-06-PRESTA101,2,True,86400,86400,0,0.0,0.0
2022-05-08,RS01SLBS-MJ01A-06-PRESTA101,2,True,86400,86400,0,0.0,0.0
2022-05-09,RS01SLBS-MJ01A-06-PRESTA101,2,True,86400,86400,0,0.0,0.0
2022-05-10,RS01SLBS-MJ01A-06-PRESTA101,2,True,86400,86400,0,0.0,0.0
2022-05-11,RS01SLBS-MJ01A-06-PRESTA101,2,True,86400,86400,0,0.0,0.0
2022-05-12,RS01SLBS-MJ01A-06-PRESTA101,2,True,86400,86400,0,0.0,0.0
2022-05-13,RS01SLBS-MJ01A-06-PRESTA101,2,True,86400,86400,0,0.0,0.0
2022-05-14,RS01SLBS-MJ01A-06-PRESTA101,2,True,86400,86400,0,0.0,0.0
2022-05-15,RS01SLBS-MJ01A-06-PRESTA101,2,True,86400,86400,0,0.0,0.0
2022-05-16,RS01SLBS-MJ01A-06-PRESTA101,2,True,86400,86400,0,0.0,0.0
2022-05-17,RS01SLBS-MJ01A-06-PRESTA101,2,True,86400,86400,0,0.0,0.0
2022-05-18,RS01SLBS-MJ01A-06-PRESTA101,2,True,86400,86400,0,0.0,0.0
2022-05-19,RS01SLBS-MJ01A-06-PRESTA101,2,True,86400,86400,0,0.0,0.0
2022-05-20,RS01SLBS-MJ01A-06-PRESTA101,2,True,86400,86400,0,0.0,0.0
2022-05-21,RS01SLBS-MJ01A-06-PRESTA101,2,True,86400,86400,0,0.0,0.0
2022-05-22,RS01SLBS-MJ01A-06-PRESTA101,2,True,86400,86400,0,0.0,0.0
2022-05-23,RS01SLBS-MJ01A-06-PRESTA101,2,True,86400,86400,0,0.0,0.0
2022-05-24,RS01SLBS-MJ01A-06-PRESTA101,2,True,86400,86400,0,0.0,0.0
2022-05-25,RS01SLBS-MJ01A-06-PRESTA101,2,True,86400,86400,0,0.0,0.0
2022-05-26,RS01SLBS-MJ01A-06-PRESTA101,2,True,86400,86400,0,0.0,0.0
2022-05-27,RS01SLBS-MJ01A-06-PRESTA101,2,True,86399,86399,0,0.0,0.0012
2022-05-28,RS01SLBS-MJ01A-06-PRESTA101,2,True,86400,86400,0,0.0,0.0
2022-05-29,RS01SLBS-MJ01A-06-PRESTA101,2,True,86400,86400,0,0.0,0.0
2022-05-30,RS01SLBS-MJ01A-06-PRESTA101,2,True,86400,86400,0,0.0,0.0
2022-05-31,RS01SLBS-MJ01A-06-PRESTA101,2,True,86400,86400,0,0.0,0.0
2022-06-01,RS01SLBS-MJ01A-06-PRESTA101,2,True,86400,86400,0,0.0,0.0
2022-06-02,RS01SLBS-MJ01A-06-PRESTA101,2,True,86400,86400,0,0.0,0.0
2022-06-03,RS01SLBS-MJ01A-06-PRESTA101,2,True,86400,86400,0,0.0,0.0
2022-06-04,RS01SLBS-MJ01A-06-PRESTA101,2,True,86400,86400,0,0.0,0.0
2022-06-05,RS01SLBS-MJ01A-06-PRESTA101,2,True,86400,86400,0,0.0,0.0
2022-06-06,RS01SLBS-MJ01A-06-PRESTA101,2,True,86400,86400,0,0.0,0.0
2022-06-07,RS01SLBS-MJ01A-06-PRESTA101,2,True,86395,86400,5,0.0058,0.0058
2022-06-08,RS01SLBS-MJ01A-06-PRESTA101,2,True,10981,10981,0,0.0,87.2905
2022-06-09,RS01SLBS-MJ01A-06-PRESTA101,2,False,0,0,,,
2022-06-10,RS01SLBS-MJ01A-06-PRESTA101,2,False,0,0,,,
2022-06-11,RS01SLBS-MJ01A-06-PRESTA101,2,False,0,0,,,
2022-06-12,RS01SLBS-MJ01A-06-PRESTA101,2,False,0,0,,,
2022-06-13,RS01SLBS-MJ01A-06-PRESTA101,2,False,0,0,,,
2022-06-14,RS01SLBS-MJ01A-06-PRESTA101,2,False,0,0,,,
2022-06-15,RS01SLBS-MJ01A-06-PRESTA101,2,False,0,0,,,
2022-06-16,RS01SLBS-MJ01A-06-PRESTA101,2,False,0,0,,,
2022-06-17,RS01SLBS-MJ01A-06-PRESTA101,2,True,7134,7146,12,0.1679,91.7431
2022-06-18,RS01SLBS-MJ01A-06-PRESTA101,2,True,86400,86400,0,0.0,0.0
2022-06-19,RS01SLBS-MJ01A-06-PRESTA101,2,True,86400,86400,0,0.0,0.0
2022-06-20,RS01SLBS-MJ01A-06-PRESTA101,2,True,86400,86400,0,0.0,0.0
2022-06-21,RS01SLBS-MJ01A-06-PRESTA101,2,True,86400,86400,0,0.0,0.0
2022-06-22,RS01SLBS-MJ01A-06-PRESTA101,2,True,86400,86400,0,0.0,0.0
2022-06-23,RS01SLBS-MJ01A-06-PRESTA101,2,True,86400,86400,0,0.0,0.0
2022-06-24,RS01SLBS-MJ01A-06-PRESTA101,2,True,86400,86400,0,0.0,0.0
2022-06-25,RS01SLBS-MJ01A-06-PRESTA101,2,True,86400,86400,0,0.0,0.0
2022-06-26,RS01SLBS-MJ01A-06-PRESTA101,2,True,86400,86400,0,0.0,0.0
2022-06-27,RS01SLBS-MJ01A-06-PRESTA101,2,True,86400,86400,0,0.0,0.0
2022-06-28,RS01SLBS-MJ01A-06-PRESTA101,2,True,86400,86400,0,0.0,0.0
2022-06-29,RS01SLBS-MJ01A-06-PRESTA101,2,True,86400,86400,0,0.0,0.0
2022-06-30,RS01SLBS-MJ01A-06-PRESTA101,2,True,86400,86400,0,0.0,0.0
2022-07-01,RS01SLBS-MJ01A-06-PRESTA101,2,True,86400,86400,0,0.0,0.0
2022-07-02,RS01SLBS-MJ01A-06-PRESTA101,2,True,86400,86400,0,0.0,0.0
2022-07-03,RS01SLBS-MJ01A-06-PRESTA101,2,True,86400,86400,0,0.0,0.0
2022-07-04,RS01SLBS-MJ01A-06-PRESTA101,2,True,86399,86399,0,0.0,0.0012
2022-07-05,RS01SLBS-MJ01A-06-PRESTA101,2,True,86400,86400,0,0.0,0.0
2022-07-06,RS01SLBS-MJ01A-06-PRESTA101,2,True,86400,86400,0,0.0,0.0
2022-07-07,RS01SLBS-MJ01A-06-PRESTA101,2,True,86400,86400,0,0.0,0.0
2022-07-08,RS01SLBS-MJ01A-06-PRESTA101,2,True,86400,86400,0,0.0,0.0
2022-07-09,RS01SLBS-MJ01A-06-PRESTA101,2,True,86400,86400,0,0.0,0.0
2022-07-10,RS01SLBS-MJ01A-06-PRESTA101,2,True,86400,86400,0,0.0,0.0
2022-07-11,RS01SLBS-MJ01A-06-PRESTA101,2,True,86400,86400,0,0.0,0.0
2022-07-12,RS01SLBS-MJ01A-06-PRESTA101,2,True,86400,86400,0,0.0,0.0
2022-07-13,RS01SLBS-MJ01A-06-PRESTA101,2,True,86400,86400,0,0.0,0.0
2022-07-14,RS01SLBS-MJ01A-06-PRESTA101,2,True,86400,86400,0,0.0,0.0
2022-07-15,RS01SLBS-MJ01A-06-PRESTA101,2,True,86400,86400,0,0.0,0.0
2022-07-16,RS01SLBS-MJ01A-06-PRESTA101,2,True,86400,86400,0,0.0,0.0
2022-07-17,RS01SLBS-MJ01A-06-PRESTA101,2,True,86400,86400,0,0.0,0.0
2022-07-18,RS01SLBS-MJ01A-06-PRESTA101,2,True,86400,86400,0,0.0,0.0
2022-07-19,RS01SLBS-MJ01A-06-PRESTA101,2,True,86400,86400,0,0.0,0.0
2022-07-20,RS01SLBS-MJ01A-06-PRESTA101,2,True,86400,86400,0,0.0,0.0
2022-07-21,RS01SLBS-MJ01A-06-PRESTA101,2,True,86400,86400,0,0.0,0.0
2022-07-22,RS01SLBS-MJ01A-06-PRESTA101,2,True,86400,86400,0,0.0,0.0
2022-07-23,RS01SLBS-MJ01A-06-PRESTA101,2,True,86400,86400,0,0.0,0.0
2022-07-24,RS01SLBS-MJ01A-06-PRESTA101,2,True,86400,86400,0,0.0,0.0
2022-07-25,RS01SLBS-MJ01A-06-PRESTA101,2,True,86400,86400,0,0.0,0.0
2022-07-26,RS01SLBS-MJ01A-06-PRESTA101,2,True,86400,86400,0,0.0,0.0
2022-07-27,RS01SLBS-MJ01A-06-PRESTA101,2,True,86400,86400,0,0.0,0.0
2022-07-28,RS01SLBS-MJ01A-06-PRESTA101,2,True,86383,86400,17,0.0197,0.0197
2022-07-29,RS01SLBS-MJ01A-06-PRESTA101,2,True,86400,86400,0,0.0,0.0
2022-07-30,RS01SLBS-MJ01A-06-PRESTA101,2,True,86400,86400,0,0.0,0.0
2022-07-31,RS01SLBS-MJ01A-06-PRESTA101,2,True,86400,86400,0,0.0,0.0
2022-08-01,RS01SLBS-MJ01A-06-PRESTA101,2,True,86400,86400,0,0.0,0.0
2022-08-02,RS01SLBS-MJ01A-06-PRESTA101,2,True,84249,86399,2150,2.4885,2.4896
2022-08-03,RS01SLBS-MJ01A-06-PRESTA101,2,True,86400,86400,0,0.0,0.0
2022-08-04,RS01SLBS-MJ01A-06-PRESTA101,2,True,86400,86400,0,0.0,0.0
2022-08-05,RS01SLBS-MJ01A-06-PRESTA101,2,True,86294,86400,106,0.1227,0.1227
2022-08-06,RS01SLBS-MJ01A-06-PRESTA101,2,True,86086,86400,314,0.3634,0.3634
2022-08-07,RS01SLBS-MJ01A-06-PRESTA101,2,True,85986,86400,414,0.4792,0.4792
2022-08-08,RS01SLBS-MJ01A-06-PRESTA101,2,True,85768,86400,632,0.7315,0.7315
2022-08-09,RS01SLBS-MJ01A-06-PRESTA101,2,True,86400,86400,0,0.0,0.0
2022-08-10,RS01SLBS-MJ01A-06-PRESTA101,2,True,84489,86399,1910,2.2107,2.2118
2022-08-11,RS01SLBS-MJ01A-06-PRESTA101,2,True,85880,86400,520,0.6019,0.6019
2022-08-12,RS01SLBS-MJ01A-06-PRESTA101,2,True,84842,86400,1558,1.8032,1.8032
2022-08-13,RS01SLBS-MJ01A-06-PRESTA101,2,True,86400,86400,0,0.0,0.0
2022-08-14,RS01SLBS-MJ01A-06-PRESTA101,2,True,86399,86399,0,0.0,0.0012
2022-08-15,RS01SLBS-MJ01A-06-PRESTA101,2,True,86400,86400,0,0.0,0.0
2022-08-16,RS01SLBS-MJ01A-06-PRESTA101,2,True,86400,86400,0,0.0,0.0
2022-08-17,RS01SLBS-MJ01A-06-PRESTA101,2,True,86400,86400,0,0.0,0.0
2022-08-18,RS01SLBS-MJ01A-06-PRESTA101,2,True,86400,86400,0,0.0,0.0
2022-08-19,RS01SLBS-MJ01A-06-PRESTA101,2,True,86400,86400,0,0.0,0.0
2022-08-20,RS01SLBS-MJ01A-06-PRESTA101,2,True,86400,86400,0,0.0,0.0
2022-08-21,RS01SLBS-MJ01A-06-PRESTA101,2,True,86400,86400,0,0.0,0.0
2022-08-22,RS01SLBS-MJ01A-06-PRESTA101,2,True,86400,86400,0,0.0,0.0
2022-08-23,RS01SLBS-MJ01A-06-PRESTA101,2,True,86400,86400,0,0.0,0.0
2022-08-24,RS01SLBS-MJ01A-06-PRESTA101,2,True,71571,71571,0,0.0,17.1632
2022-08-25,RS01SLBS-MJ01A-06-PRESTA101,2,False,0,0,,,
2022-08-26,RS01SLBS-MJ01A-06-PRESTA101,2,False,0,0,,,
2022-08-27,RS01SLBS-MJ01A-06-PRESTA101,2,False,0,0,,,
2022-08-28,RS01SLBS-MJ01A-06-PRESTA101,2,False,0,0,,,
2022-08-29,RS01SLBS-MJ01A-06-PRESTA101,2,False,0,0,,,
2022-08-30,RS01SLBS-MJ01A-06-PRESTA101,2,False,0,0,,,
2022-08-31,RS01SLBS-MJ01A-06-PRESTA101,2,False,0,0,,,
2022-09-01,RS01SLBS-MJ01A-06-PRESTA101,2,False,0,0,,,
2022-09-02,RS01SLBS-MJ01A-06-PRESTA101,2,False,0,0,,,
2022-09-03,RS01SLBS-MJ01A-06-PRESTA101,2,False,0,0,,,
2022-09-04,RS01SLBS-MJ01A-06-PRESTA101,2,False,0,0,,,
2022-09-05,RS01SLBS-MJ01A-06-PRESTA101,2,False,0,0,,,
2022-09-06,RS01SLBS-MJ01A-06-PRESTA101,2,False,0,0,,,
2022-09-07,RS01SLBS-MJ01A-06-PRESTA101,2,False,0,0,,,
2022-09-08,RS01SLBS-MJ01A-06-PRESTA101,2,False,0,0,,,
2022-09-09,RS01SLBS-MJ01A-06-PRESTA101,2,False,0,0,,,
2022-09-10,RS01SLBS-MJ01A-06-PRESTA101,2,False,0,0,,,
2022-09-11,RS01SLBS-MJ01A-06-PRESTA101,2,False,0,0,,,
2022-09-12,RS01SLBS-MJ01A-06-PRESTA101,2,False,0,0,,,
2022-09-13,RS01SLBS-MJ01A-06-PRESTA101,2,True,25061,25179,118,0.4686,70.9942
2022-09-14,RS01SLBS-MJ01A-06-PRESTA101,2,True,86400,86400,0,0.0,0.0
2022-09-15,RS01SLBS-MJ01A-06-PRESTA101,2,True,86400,86400,0,0.0,0.0
2022-09-16,RS01SLBS-MJ01A-06-PRESTA101,2,True,86400,86400,0,0.0,0.0
2022-09-17,RS01SLBS-MJ01A-06-PRESTA101,2,True,86400,86400,0,0.0,0.0
2022-09-18,RS01SLBS-MJ01A-06-PRESTA101,2,True,86400,86400,0,0.0,0.0
2022-09-19,RS01SLBS-MJ01A-06-PRESTA101,2,True,86399,86399,0,0.0,0.0012
2022-09-20,RS01SLBS-MJ01A-06-PRESTA101,2,True,86400,86400,0,0.0,0.0
2022-09-21,RS01SLBS-MJ01A-06-PRESTA101,2,True,86400,86400,0,0.0,0.0
2022-09-22,RS01SLBS-MJ01A-06-PRESTA101,2,True,86400,86400,0,0.0,0.0
2022-09-23,RS01SLBS-MJ01A-06-PRESTA101,2,True,86400,86400,0,0.0,0.0
2022-09-24,RS01SLBS-MJ01A-06-PRESTA101,2,True,86400,86400,0,0.0,0.0
2022-09-25,RS01SLBS-MJ01A-06-PRESTA101,2,True,86400,86400,0,0.0,0.0
2022-09-26,RS01SLBS-MJ01A-06-PRESTA101,2,True,86400,86400,0,0.0,0.0
2022-09-27,RS01SLBS-MJ01A-06-PRESTA101,2,True,86400,86400,0,0.0,0.0
2022-09-28,RS01SLBS-MJ01A-06-PRESTA101,2,True,86400,86400,0,0.0,0.0
2022-09-29,RS01SLBS-MJ01A-06-PRESTA101,2,True,86400,86400,0,0.0,0.0
2022-09-30,RS01SLBS-MJ01A-06-PRESTA101,2,True,86400,86400,0,0.0,0.0
2022-10-01,RS01SLBS-MJ01A-06-PRESTA101,2,True,86400,86400,0,0.0,0.0
2022-10-02,RS01SLBS-MJ01A-06-PRESTA101,2,True,86400,86400,0,0.0,0.0
2022-10-03,RS01SLBS-MJ01A-06-PRESTA101,2,True,86400,86400,0,0.0,0.0
2022-10-04,RS01SLBS-MJ01A-06-PRESTA101,2,True,86400,86400,0,0.0,0.0
2022-10-05,RS01SLBS-MJ01A-06-PRESTA101,2,True,86400,86400,0,0.0,0.0
2022-10-06,RS01SLBS-MJ01A-06-PRESTA101,2,True,86400,86400,0,0.0,0.0
2022-10-07,RS01SLBS-MJ01A-06-PRESTA101,2,True,86400,86400,0,0.0,0.0
2022-10-08,RS01SLBS-MJ01A-06-PRESTA101,2,True,86382,86400,18,0.0208,0.0208
2022-10-09,RS01SLBS-MJ01A-06-PRESTA101,2,True,86400,86400,0,0.0,0.0
2022-10-10,RS01SLBS-MJ01A-06-PRESTA101,2,True,86400,86400,0,0.0,0.0
2022-10-11,RS01SLBS-MJ01A-06-PRESTA101,2,True,86400,86400,0,0.0,0.0
2022-10-12,RS01SLBS-MJ01A-06-PRESTA101,2,True,86400,86400,0,0.0,0.0
2022-10-13,RS01SLBS-MJ01A-06-PRESTA101,2,True,86400,86400,0,0.0,0.0
2022-10-14,RS01SLBS-MJ01A-06-PRESTA101,2,True,86400,86400,0,0.0,0.0
2022-10-15,RS01SLBS-MJ01A-06-PRESTA101,2,True,86400,86400,0,0.0,0.0
2022-10-16,RS01SLBS-MJ01A-06-PRESTA101,2,True,86400,86400,0,0.0,0.0
2022-10-17,RS01SLBS-MJ01A-06-PRESTA101,2,True,86400,86400,0,0.0,0.0
2022-10-18,RS01SLBS-MJ01A-06-PRESTA101,2,True,86400,86400,0,0.0,0.0
2022-10-19,RS01SLBS-MJ01A-06-PRESTA101,2,True,85924,86400,476,0.5509,0.5509
2022-10-20,RS01SLBS-MJ01A-06-PRESTA101,2,True,86400,86400,0,0.0,0.0
2022-10-21,RS01SLBS-MJ01A-06-PRESTA101,2,True,86400,86400,0,0.0,0.0
2022-10-22,RS01SLBS-MJ01A-06-PRESTA101,2,True,86400,86400,0,0.0,0.0
2022-10-23,RS01SLBS-MJ01A-06-PRESTA101,2,True,86400,86400,0,0.0,0.0
2022-10-24,RS01SLBS-MJ01A-06-PRESTA101,2,True,86400,86400,0,0.0,0.0
2022-10-25,RS01SLBS-MJ01A-06-PRESTA101,2,True,86400,86400,0,0.0,0.0
2022-10-26,RS01SLBS-MJ01A-06-PRESTA101,2,True,86400,86400,0,0.0,0.0
2022-10-27,RS01SLBS-MJ01A-06-PRESTA101,2,True,86400,86400,0,0.0,0.0
2022-10-28,RS01SLBS-MJ01A-06-PRESTA101,2,True,86400,86400,0,0.0,0.0
2022-10-29,RS01SLBS-MJ01A-06-PRESTA101,2,True,86399,86399,0,0.0,0.0012
2022-10-30,RS01SLBS-MJ01A-06-PRESTA101,2,True,86400,86400,0,0.0,0.0
2022-10-31,RS01SLBS-MJ01A-06-PRESTA101,2,True,86400,86400,0,0.0,0.0
2022-11-01,RS01SLBS-MJ01A-06-PRESTA101,2,True,86400,86400,0,0.0,0.0
2022-11-02,RS01SLBS-MJ01A-06-PRESTA101,2,True,86400,86400,0,0.0,0.0
2022-11-03,RS01SLBS-MJ01A-06-PRESTA101,2,True,85954,86400,446,0.5162,0.5162
2022-11-04,RS01SLBS-MJ01A-06-PRESTA101,2,True,86400,86400,0,0.0,0.0
2022-11-05,RS01SLBS-MJ01A-06-PRESTA101,2,True,86400,86400,0,0.0,0.0
2022-11-06,RS01SLBS-MJ01A-06-PRESTA101,2,True,86400,86400,0,0.0,0.0
2022-11-07,RS01SLBS-MJ01A-06-PRESTA101,2,True,86400,86400,0,0.0,0.0
2022-11-08,RS01SLBS-MJ01A-06-PRESTA101,2,True,86400,86400,0,0.0,0.0
2022-11-09,RS01SLBS-MJ01A-06-PRESTA101,2,True,86400,86400,0,0.0,0.0
2022-11-10,RS01SLBS-MJ01A-06-PRESTA101,2,True,86400,86400,0,0.0,0.0
2022-11-11,RS01SLBS-MJ01A-06-PRESTA101,2,True,86400,86400,0,0.0,0.0
2022-11-12,RS01SLBS-MJ01A-06-PRESTA101,2,True,86400,86400,0,0.0,0.0
2022-11-13,RS01SLBS-MJ01A-06-PRESTA101,2,True,86400,86400,0,0.0,0.0
2022-11-14,RS01SLBS-MJ01A-06-PRESTA101,2,True,86400,86400,0,0.0,0.0
2022-11-15,RS01SLBS-MJ01A-06-PRESTA101,2,True,86400,86400,0,0.0,0.0
2022-11-16,RS01SLBS-MJ01A-06-PRESTA101,2,True,86400,86400,0,0.0,0.0
2022-11-17,RS01SLBS-MJ01A-06-PRESTA101,2,True,86400,86400,0,0.0,0.0
2022-11-18,RS01SLBS-MJ01A-06-PRESTA101,2,True,86400,86400,0,0.0,0.0
2022-11-19,RS01SLBS-MJ01A-06-PRESTA101,2,True,86400,86400,0,0.0,0.0
2022-11-20,RS01SLBS-MJ01A-06-PRESTA101,2,True,86400,86400,0,0.0,0.0
2022-11-21,RS01SLBS-MJ01A-06-PRESTA101,2,True,86400,86400,0,0.0,0.0
2022-11-22,RS01SLBS-MJ01A-06-PRESTA101,2,True,86400,86400,0,0.0,0.0
2022-11-23,RS01SLBS-MJ01A-06-PRESTA101,2,True,86400,86400,0,0.0,0.0
2022-11-24,RS01SLBS-MJ01A-06-PRESTA101,2,True,86400,86400,0,0.0,0.0
2022-11-25,RS01SLBS-MJ01A-06-PRESTA101,2,True,86400,86400,0,0.0,0.0
2022-11-26,RS01SLBS-MJ01A-06-PRESTA101,2,True,86400,86400,0,0.0,0.0
2022-11-27,RS01SLBS-MJ01A-06-PRESTA101,2,True,86400,86400,0,0.0,0.0
2022-11-28,RS01SLBS-MJ01A-06-PRESTA101,2,True,86400,86400,0,0.0,0.0
2022-11-29,RS01SLBS-MJ01A-06-PRESTA101,2,True,74280,74280,0,0.0,14.0278
2022-11-30,RS01SLBS-MJ01A-06-PRESTA101,2,False,0,0,,,
2022-12-01,RS01SLBS-MJ01A-06-PRESTA101,2,True,3375,3375,0,0.0,96.0938
2022-12-02,RS01SLBS-MJ01A-06-PRESTA101,2,True,86398,86398,0,0.0,0.0023
2022-12-03,RS01SLBS-MJ01A-06-PRESTA101,2,True,86400,86400,0,0.0,0.0
2022-12-04,RS01SLBS-MJ01A-06-PRESTA101,2,True,86400,86400,0,0.0,0.0
2022-12-05,RS01SLBS-MJ01A-06-PRESTA101,2,True,86400,86400,0,0.0,0.0
2022-12-06,RS01SLBS-MJ01A-06-PRESTA101,2,True,86400,86400,0,0.0,0.0
2022-12-07,RS01SLBS-MJ01A-06-PRESTA101,2,True,86400,86400,0,0.0,0.0
2022-12-08,RS01SLBS-MJ01A-06-PRESTA101,2,True,86400,86400,0,0.0,0.0
2022-12-09,RS01SLBS-MJ01A-06-PRESTA101,2,True,86399,86399,0,0.0,0.0012
2022-12-10,RS01SLBS-MJ01A-06-PRESTA101,2,True,86400,86400,0,0.0,0.0
2022-12-11,RS01SLBS-MJ01A-06-PRESTA101,2,True,86400,86400,0,0.0,0.0
2022-12-12,RS01SLBS-MJ01A-06-PRESTA101,2,True,86400,86400,0,0.0,0.0
2022-12-13,RS01SLBS-MJ01A-06-PRESTA101,2,True,86400,86400,0,0.0,0.0
2022-12-14,RS01SLBS-MJ01A-06-PRESTA101,2,True,86400,86400,0,0.0,0.0
2022-12-15,RS01SLBS-MJ01A-06-PRESTA101,2,True,86400,86400,0,0.0,0.0
2022-12-16,RS01SLBS-MJ01A-06-PRESTA101,2,True,86400,86400,0,0.0,0.0
2022-12-17,RS01SLBS-MJ01A-06-PRESTA101,2,True,86400,86400,0,0.0,0.0
2022-12-18,RS01SLBS-MJ01A-06-PRESTA101,2,True,86400,86400,0,0.0,0.0
2022-12-19,RS01SLBS-MJ01A-06-PRESTA101,2,True,86400,86400,0,0.0,0.0
2022-12-20,RS01SLBS-MJ01A-06-PRESTA101,2,True,86400,86400,0,0.0,0.0
2022-12-21,RS01SLBS-MJ01A-06-PRESTA101,2,True,86400,86400,0,0.0,0.0
2022-12-22,RS01SLBS-MJ01A-06-PRESTA101,2,True,86400,86400,0,0.0,0.0
2022-12-23,RS01SLBS-MJ01A-06-PRESTA101,2,True,86400,86400,0,0.0,0.0
2022-12-24,RS01SLBS-MJ01A-06-PRESTA101,2,True,86400,86400,0,0.0,0.0
2022-12-25,RS01SLBS-MJ01A-06-PRESTA101,2,True,86400,86400,0,0.0,0.0
2022-12-26,RS01SLBS-MJ01A-06-PRESTA101,2,True,86400,86400,0,0.0,0.0
2022-12-27,RS01SLBS-MJ01A-06-PRESTA101,2,True,83523,86400,2877,3.3299,3.3299
2022-12-28,RS01SLBS-MJ01A-06-PRESTA101,2,True,86400,86400,0,0.0,0.0
2022-12-29,RS01SLBS-MJ01A-06-PRESTA101,2,True,86400,86400,0,0.0,0.0
2022-12-30,RS01SLBS-MJ01A-06-PRESTA101,2,True,86400,86400,0,0.0,0.0
2022-12-31,RS01SLBS-MJ01A-06-PRESTA101,2,True,86400,86400,0,0.0,0.0
2023-01-01,RS01SLBS-MJ01A-06-PRESTA101,2,True,86400,86400,0,0.0,0.0
2023-01-02,RS01SLBS-MJ01A-06-PRESTA101,2,True,86400,86400,0,0.0,0.0
2023-01-03,RS01SLBS-MJ01A-06-PRESTA101,2,True,86400,86400,0,0.0,0.0
2023-01-04,RS01SLBS-MJ01A-06-PRESTA101,2,True,86400,86400,0,0.0,0.0
2023-01-05,RS01SLBS-MJ01A-06-PRESTA101,2,True,86400,86400,0,0.0,0.0
2023-01-06,RS01SLBS-MJ01A-06-PRESTA101,2,True,86400,86400,0,0.0,0.0
2023-01-07,RS01SLBS-MJ01A-06-PRESTA101,2,True,86400,86400,0,0.0,0.0
2023-01-08,RS01SLBS-MJ01A-06-PRESTA101,2,True,86400,86400,0,0.0,0.0
2023-01-09,RS01SLBS-MJ01A-06-PRESTA101,2,True,86400,86400,0,0.0,0.0
2023-01-10,RS01SLBS-MJ01A-06-PRESTA101,2,True,86400,86400,0,0.0,0.0
2023-01-11,RS01SLBS-MJ01A-06-PRESTA101,2,True,73631,73631,0,0.0,14.7789
2023-01-12,RS01SLBS-MJ01A-06-PRESTA101,2,False,0,0,,,
2023-01-13,RS01SLBS-MJ01A-06-PRESTA101,2,True,79998,80008,10,0.0125,7.4097
2023-01-14,RS01SLBS-MJ01A-06-PRESTA101,2,True,86400,86400,0,0.0,0.0
2023-01-15,RS01SLBS-MJ01A-06-PRESTA101,2,True,86400,86400,0,0.0,0.0
2023-01-16,RS01SLBS-MJ01A-06-PRESTA101,2,True,86400,86400,0,0.0,0.0
2023-01-17,RS01SLBS-MJ01A-06-PRESTA101,2,True,86400,86400,0,0.0,0.0
2023-01-18,RS01SLBS-MJ01A-06-PRESTA101,2,True,86400,86400,0,0.0,0.0
2023-01-19,RS01SLBS-MJ01A-06-PRESTA101,2,True,86399,86399,0,0.0,0.0012
2023-01-20,RS01SLBS-MJ01A-06-PRESTA101,2,True,86400,86400,0,0.0,0.0
2023-01-21,RS01SLBS-MJ01A-06-PRESTA101,2,True,86400,86400,0,0.0,0.0
2023-01-22,RS01SLBS-MJ01A-06-PRESTA101,2,True,86400,86400,0,0.0,0.0
2023-01-23,RS01SLBS-MJ01A-06-PRESTA101,2,True,86400,86400,0,0.0,0.0
2023-01-24,RS01SLBS-MJ01A-06-PRESTA101,2,True,86400,86400,0,0.0,0.0
2023-01-25,RS01SLBS-MJ01A-06-PRESTA101,2,True,86400,86400,0,0.0,0.0
2023-01-26,RS01SLBS-MJ01A-06-PRESTA101,2,True,86400,86400,0,0.0,0.0
2023-01-27,RS01SLBS-MJ01A-06-PRESTA101,2,True,86400,86400,0,0.0,0.0
2023-01-28,RS01SLBS-MJ01A-06-PRESTA101,2,True,86400,86400,0,0.0,0.0
2023-01-29,RS01SLBS-MJ01A-06-PRESTA101,2,True,86400,86400,0,0.0,0.0
2023-01-30,RS01SLBS-MJ01A-06-PRESTA101,2,True,86400,86400,0,0.0,0.0
2023-01-31,RS01SLBS-MJ01A-06-PRESTA101,2,True,86400,86400,0,0.0,0.0
2023-02-01,RS01SLBS-MJ01A-06-PRESTA101,2,True,86400,86400,0,0.0,0.0
2023-02-02,RS01SLBS-MJ01A-06-PRESTA101,2,True,86400,86400,0,0.0,0.0
2023-02-03,RS01SLBS-MJ01A-06-PRESTA101,2,True,86400,86400,0,0.0,0.0
2023-02-04,RS01SLBS-MJ01A-06-PRESTA101,2,True,86400,86400,0,0.0,0.0
2023-02-05,RS01SLBS-MJ01A-06-PRESTA101,2,True,86400,86400,0,0.0,0.0
2023-02-06,RS01SLBS-MJ01A-06-PRESTA101,2,True,86400,86400,0,0.0,0.0
2023-02-07,RS01SLBS-MJ01A-06-PRESTA101,2,True,86039,86400,361,0.4178,0.4178
2023-02-08,RS01SLBS-MJ01A-06-PRESTA101,2,True,86400,86400,0,0.0,0.0
2023-02-09,RS01SLBS-MJ01A-06-PRESTA101,2,True,86400,86400,0,0.0,0.0
2023-02-10,RS01SLBS-MJ01A-06-PRESTA101,2,True,86400,86400,0,0.0,0.0
2023-02-11,RS01SLBS-MJ01A-06-PRESTA101,2,True,86400,86400,0,0.0,0.0
2023-02-12,RS01SLBS-MJ01A-06-PRESTA101,2,True,86400,86400,0,0.0,0.0
2023-02-13,RS01SLBS-MJ01A-06-PRESTA101,2,True,86400,86400,0,0.0,0.0
2023-02-14,RS01SLBS-MJ01A-06-PRESTA101,2,True,86400,86400,0,0.0,0.0
2023-02-15,RS01SLBS-MJ01A-06-PRESTA101,2,True,86400,86400,0,0.0,0.0
2023-02-16,RS01SLBS-MJ01A-06-PRESTA101,2,True,86400,86400,0,0.0,0.0
2023-02-17,RS01SLBS-MJ01A-06-PRESTA101,2,True,86400,86400,0,0.0,0.0
2023-02-18,RS01SLBS-MJ01A-06-PRESTA101,2,True,86400,86400,0,0.0,0.0
2023-02-19,RS01SLBS-MJ01A-06-PRESTA101,2,True,86400,86400,0,0.0,0.0
2023-02-20,RS01SLBS-MJ01A-06-PRESTA101,2,True,86400,86400,0,0.0,0.0
2023-02-21,RS01SLBS-MJ01A-06-PRESTA101,2,True,86400,86400,0,0.0,0.0
2023-02-22,RS01SLBS-MJ01A-06-PRESTA101,2,True,51206,86383,35177,40.7221,40.7338
2023-02-23,RS01SLBS-MJ01A-06-PRESTA101,2,True,86400,86400,0,0.0,0.0
2023-02-24,RS01SLBS-MJ01A-06-PRESTA101,2,True,86400,86400,0,0.0,0.0
2023-02-25,RS01SLBS-MJ01A-06-PRESTA101,2,True,86400,86400,0,0.0,0.0
2023-02-26,RS01SLBS-MJ01A-06-PRESTA101,2,True,86400,86400,0,0.0,0.0
2023-02-27,RS01SLBS-MJ01A-06-PRESTA101,2,True,86400,86400,0,0.0,0.0
2023-02-28,RS01SLBS-MJ01A-06-PRESTA101,2,True,86400,86400,0,0.0,0.0
2023-03-01,RS01SLBS-MJ01A-06-PRESTA101,2,True,86399,86399,0,0.0,0.0012
2023-03-02,RS01SLBS-MJ01A-06-PRESTA101,2,True,86400,86400,0,0.0,0.0
2023-03-03,RS01SLBS-MJ01A-06-PRESTA101,2,True,86400,86400,0,0.0,0.0
2023-03-04,RS01SLBS-MJ01A-06-PRESTA101,2,True,86400,86400,0,0.0,0.0
2023-03-05,RS01SLBS-MJ01A-06-PRESTA101,2,True,86400,86400,0,0.0,0.0
2023-03-06,RS01SLBS-MJ01A-06-PRESTA101,2,True,86400,86400,0,0.0,0.0
2023-03-07,RS01SLBS-MJ01A-06-PRESTA101,2,True,86400,86400,0,0.0,0.0
2023-03-08,RS01SLBS-MJ01A-06-PRESTA101,2,True,86400,86400,0,0.0,0.0
2023-03-09,RS01SLBS-MJ01A-06-PRESTA101,2,True,86400,86400,0,0.0,0.0
2023-03-10,RS01SLBS-MJ01A-06-PRESTA101,2,True,86400,86400,0,0.0,0.0
2023-03-11,RS01SLBS-MJ01A-06-PRESTA101,2,True,86400,86400,0,0.0,0.0
2023-03-12,RS01SLBS-MJ01A-06-PRESTA101,2,True,86400,86400,0,0.0,0.0
2023-03-13,RS01SLBS-MJ01A-06-PRESTA101,2,True,86400,86400,0,0.0,0.0
2023-03-14,RS01SLBS-MJ01A-06-PRESTA101,2,True,86400,86400,0,0.0,0.0
2023-03-15,RS01SLBS-MJ01A-06-PRESTA101,2,True,86400,86400,0,0.0,0.0
2023-03-16,RS01SLBS-MJ01A-06-PRESTA101,2,True,86400,86400,0,0.0,0.0
2023-03-17,RS01SLBS-MJ01A-06-PRESTA101,2,True,86400,86400,0,0.0,0.0
2023-03-18,RS01SLBS-MJ01A-06-PRESTA101,2,True,86400,86400,0,0.0,0.0
2023-03-19,RS01SLBS-MJ01A-06-PRESTA101,2,True,86400,86400,0,0.0,0.0
2023-03-20,RS01SLBS-MJ01A-06-PRESTA101,2,True,86400,86400,0,0.0,0.0
2023-03-21,RS01SLBS-MJ01A-06-PRESTA101,2,True,86400,86400,0,0.0,0.0
2023-03-22,RS01SLBS-MJ01A-06-PRESTA101,2,True,86400,86400,0,0.0,0.0
2023-03-23,RS01SLBS-MJ01A-06-PRESTA101,2,True,86400,86400,0,0.0,0.0
2023-03-24,RS01SLBS-MJ01A-06-PRESTA101,2,True,86400,86400,0,0.0,0.0
2023-03-25,RS01SLBS-MJ01A-06-PRESTA101,2,True,86400,86400,0,0.0,0.0
2023-03-26,RS01SLBS-MJ01A-06-PRESTA101,2,True,86400,86400,0,0.0,0.0
2023-03-27,RS01SLBS-MJ01A-06-PRESTA101,2,True,86400,86400,0,0.0,0.0
2023-03-28,RS01SLBS-MJ01A-06-PRESTA101,2,True,86400,86400,0,0.0,0.0
2023-03-29,RS01SLBS-MJ01A-06-PRESTA101,2,True,86400,86400,0,0.0,0.0
2023-03-30,RS01SLBS-MJ01A-06-PRESTA101,2,True,86400,86400,0,0.0,0.0
2023-03-31,RS01SLBS-MJ01A-06-PRESTA101,2,True,86400,86400,0,0.0,0.0
2023-04-01,RS01SLBS-MJ01A-06-PRESTA101,2,True,86400,86400,0,0.0,0.0
2023-04-02,RS01SLBS-MJ01A-06-PRESTA101,2,True,86400,86400,0,0.0,0.0
2023-04-03,RS01SLBS-MJ01A-06-PRESTA101,2,True,86400,86400,0,0.0,0.0
2023-04-04,RS01SLBS-MJ01A-06-PRESTA101,2,True,86400,86400,0,0.0,0.0
2023-04-05,RS01SLBS-MJ01A-06-PRESTA101,2,True,86400,86400,0,0.0,0.0
2023-04-06,RS01SLBS-MJ01A-06-PRESTA101,2,True,86400,86400,0,0.0,0.0
2023-04-07,RS01SLBS-MJ01A-06-PRESTA101,2,True,86400,86400,0,0.0,0.0
2023-04-08,RS01SLBS-MJ01A-06-PRESTA101,2,True,86400,86400,0,0.0,0.0
2023-04-09,RS01SLBS-MJ01A-06-PRESTA101,2,True,86400,86400,0,0.0,0.0
2023-04-10,RS01SLBS-MJ01A-06-PRESTA101,2,True,86400,86400,0,0.0,0.0
2023-04-11,RS01SLBS-MJ01A-06-PRESTA101,2,True,86399,86399,0,0.0,0.0012
2023-04-12,RS01SLBS-MJ01A-06-PRESTA101,2,True,86400,86400,0,0.0,0.0
2023-04-13,RS01SLBS-MJ01A-06-PRESTA101,2,True,86400,86400,0,0.0,0.0
2023-04-14,RS01SLBS-MJ01A-06-PRESTA101,2,True,86400,86400,0,0.0,0.0
2023-04-15,RS01SLBS-MJ01A-06-PRESTA101,2,True,86400,86400,0,0.0,0.0
2023-04-16,RS01SLBS-MJ01A-06-PRESTA101,2,True,86400,86400,0,0.0,0.0
2023-04-17,RS01SLBS-MJ01A-06-PRESTA101,2,True,86400,86400,0,0.0,0.0
2023-04-18,RS01SLBS-MJ01A-06-PRESTA101,2,True,86400,86400,0,0.0,0.0
2023-04-19,RS01SLBS-MJ01A-06-PRESTA101,2,True,86400,86400,0,0.0,0.0
2023-04-20,RS01SLBS-MJ01A-06-PRESTA101,2,True,86400,86400,0,0.0,0.0
2023-04-21,RS01SLBS-MJ01A-06-PRESTA101,2,True,86400,86400,0,0.0,0.0
2023-04-22,RS01SLBS-MJ01A-06-PRESTA101,2,True,86400,86400,0,0.0,0.0
2023-04-23,RS01SLBS-MJ01A-06-PRESTA101,2,True,86400,86400,0,0.0,0.0
2023-04-24,RS01SLBS-MJ01A-06-PRESTA101,2,True,86400,86400,0,0.0,0.0
2023-04-25,RS01SLBS-MJ01A-06-PRESTA101,2,True,86400,86400,0,0.0,0.0
2023-04-26,RS01SLBS-MJ01A-06-PRESTA101,2,True,86159,86400,241,0.2789,0.2789
2023-04-27,RS01SLBS-MJ01A-06-PRESTA101,2,True,86400,86400,0,0.0,0.0
2023-04-28,RS01SLBS-MJ01A-06-PRESTA101,2,True,86400,86400,0,0.0,0.0
2023-04-29,RS01SLBS-MJ01A-06-PRESTA101,2,True,86400,86400,0,0.0,0.0
2023-04-30,RS01SLBS-MJ01A-06-PRESTA101,2,True,86400,86400,0,0.0,0.0
2023-05-01,RS01SLBS-MJ01A-06-PRESTA101,2,True,86400,86400,0,0.0,0.0
2023-05-02,RS01SLBS-MJ01A-06-PRESTA101,2,True,86400,86400,0,0.0,0.0
2023-05-03,RS01SLBS-MJ01A-06-PRESTA101,2,True,86400,86400,0,0.0,0.0
2023-05-04,RS01SLBS-MJ01A-06-PRESTA101,2,True,86400,86400,0,0.0,0.0
2023-05-05,RS01SLBS-MJ01A-06-PRESTA101,2,True,86400,86400,0,0.0,0.0
2023-05-06,RS01SLBS-MJ01A-06-PRESTA101,2,True,86400,86400,0,0.0,0.0
2023-05-07,RS01SLBS-MJ01A-06-PRESTA101,2,True,86400,86400,0,0.0,0.0
2023-05-08,RS01SLBS-MJ01A-06-PRESTA101,2,True,86400,86400,0,0.0,0.0
2023-05-09,RS01SLBS-MJ01A-06-PRESTA101,2,True,86400,86400,0,0.0,0.0
2023-05-10,RS01SLBS-MJ01A-06-PRESTA101,2,True,86400,86400,0,0.0,0.0
2023-05-11,RS01SLBS-MJ01A-06-PRESTA101,2,True,86400,86400,0,0.0,0.0
2023-05-12,RS01SLBS-MJ01A-06-PRESTA101,2,True,85730,86400,670,0.7755,0.7755
2023-05-13,RS01SLBS-MJ01A-06-PRESTA101,2,True,85893,86400,507,0.5868,0.5868
2023-05-14,RS01SLBS-MJ01A-06-PRESTA101,2,True,86400,86400,0,0.0,0.0
2023-05-15,RS01SLBS-MJ01A-06-PRESTA101,2,True,86400,86400,0,0.0,0.0
2023-05-16,RS01SLBS-MJ01A-06-PRESTA101,2,True,86400,86400,0,0.0,0.0
2023-05-17,RS01SLBS-MJ01A-06-PRESTA101,2,True,86400,86400,0,0.0,0.0
2023-05-18,RS01SLBS-MJ01A-06-PRESTA101,2,True,86400,86400,0,0.0,0.0
2023-05-19,RS01SLBS-MJ01A-06-PRESTA101,2,True,86400,86400,0,0.0,0.0
2023-05-20,RS01SLBS-MJ01A-06-PRESTA101,2,True,86400,86400,0,0.0,0.0
2023-05-21,RS01SLBS-MJ01A-06-PRESTA101,2,True,86399,86399,0,0.0,0.0012
2023-05-22,RS01SLBS-MJ01A-06-PRESTA101,2,True,86400,86400,0,0.0,0.0
2023-05-23,RS01SLBS-MJ01A-06-PRESTA101,2,True,86400,86400,0,0.0,0.0
2023-05-24,RS01SLBS-MJ01A-06-PRESTA101,2,True,86400,86400,0,0.0,0.0
2023-05-25,RS01SLBS-MJ01A-06-PRESTA101,2,True,86400,86400,0,0.0,0.0
2023-05-26,RS01SLBS-MJ01A-06-PRESTA101,2,True,86400,86400,0,0.0,0.0
2023-05-27,RS01SLBS-MJ01A-06-PRESTA101,2,True,86400,86400,0,0.0,0.0
2023-05-28,RS01SLBS-MJ01A-06-PRESTA101,2,True,86400,86400,0,0.0,0.0
2023-05-29,RS01SLBS-MJ01A-06-PRESTA101,2,True,86400,86400,0,0.0,0.0
2023-05-30,RS01SLBS-MJ01A-06-PRESTA101,2,True,86400,86400,0,0.0,0.0
2023-05-31,RS01SLBS-MJ01A-06-PRESTA101,2,True,86400,86400,0,0.0,0.0
2023-06-01,RS01SLBS-MJ01A-06-PRESTA101,2,True,86400,86400,0,0.0,0.0
2023-06-02,RS01SLBS-MJ01A-06-PRESTA101,2,True,86400,86400,0,0.0,0.0
2023-06-03,RS01SLBS-MJ01A-06-PRESTA101,2,True,86400,86400,0,0.0,0.0
2023-06-04,RS01SLBS-MJ01A-06-PRESTA101,2,True,86400,86400,0,0.0,0.0
2023-06-05,RS01SLBS-MJ01A-06-PRESTA101,2,True,86400,86400,0,0.0,0.0
2023-06-06,RS01SLBS-MJ01A-06-PRESTA101,2,True,86400,86400,0,0.0,0.0
2023-06-07,RS01SLBS-MJ01A-06-PRESTA101,2,True,86400,86400,0,0.0,0.0
2023-06-08,RS01SLBS-MJ01A-06-PRESTA101,2,True,86400,86400,0,0.0,0.0
2023-06-09,RS01SLBS-MJ01A-06-PRESTA101,2,True,85413,86400,987,1.1424,1.1424
2023-06-10,RS01SLBS-MJ01A-06-PRESTA101,2,True,86400,86400,0,0.0,0.0
2023-06-11,RS01SLBS-MJ01A-06-PRESTA101,2,True,86400,86400,0,0.0,0.0
2023-06-12,RS01SLBS-MJ01A-06-PRESTA101,2,True,86400,86400,0,0.0,0.0
2023-06-13,RS01SLBS-MJ01A-06-PRESTA101,2,True,86400,86400,0,0.0,0.0
2023-06-14,RS01SLBS-MJ01A-06-PRESTA101,2,True,86400,86400,0,0.0,0.0
2023-06-15,RS01SLBS-MJ01A-06-PRESTA101,2,True,86400,86400,0,0.0,0.0
2023-06-16,RS01SLBS-MJ01A-06-PRESTA101,2,True,86400,86400,0,0.0,0.0
2023-06-17,RS01SLBS-MJ01A-06-PRESTA101,2,True,86400,86400,0,0.0,0.0
2023-06-18,RS01SLBS-MJ01A-06-PRESTA101,2,True,23171,23171,0,0.0,73.1817
2023-06-19,RS01SLBS-MJ01A-06-PRESTA101,2,False,0,0,,,
2023-06-20,RS01SLBS-MJ01A-06-PRESTA101,2,True,11258,11278,20,0.1773,86.9699
2023-06-21,RS01SLBS-MJ01A-06-PRESTA101,2,True,86400,86400,0,0.0,0.0
2023-06-22,RS01SLBS-MJ01A-06-PRESTA101,2,True,86400,86400,0,0.0,0.0
2023-06-23,RS01SLBS-MJ01A-06-PRESTA101,2,True,86400,86400,0,0.0,0.0
2023-06-24,RS01SLBS-MJ01A-06-PRESTA101,2,True,86400,86400,0,0.0,0.0
2023-06-25,RS01SLBS-MJ01A-06-PRESTA101,2,True,86400,86400,0,0.0,0.0
2023-06-26,RS01SLBS-MJ01A-06-PRESTA101,2,True,86400,86400,0,0.0,0.0
2023-06-27,RS01SLBS-MJ01A-06-PRESTA101,2,True,86400,86400,0,0.0,0.0
2023-06-28,RS01SLBS-MJ01A-06-PRESTA101,2,True,86400,86400,0,0.0,0.0
2023-06-29,RS01SLBS-MJ01A-06-PRESTA101,2,True,86400,86400,0,0.0,0.0
2023-06-30,RS01SLBS-MJ01A-06-PRESTA101,2,True,86074,86400,326,0.3773,0.3773
2023-07-01,RS01SLBS-MJ01A-06-PRESTA101,2,True,86399,86399,0,0.0,0.0012
2023-07-02,RS01SLBS-MJ01A-06-PRESTA101,2,True,86400,86400,0,0.0,0.0
2023-07-03,RS01SLBS-MJ01A-06-PRESTA101,2,True,86400,86400,0,0.0,0.0
2023-07-04,RS01SLBS-MJ01A-06-PRESTA101,2,True,86400,86400,0,0.0,0.0
2023-07-05,RS01SLBS-MJ01A-06-PRESTA101,2,True,86400,86400,0,0.0,0.0
2023-07-06,RS01SLBS-MJ01A-06-PRESTA101,2,True,86400,86400,0,0.0,0.0
2023-07-07,RS01SLBS-MJ01A-06-PRESTA101,2,True,86400,86400,0,0.0,0.0
2023-07-08,RS01SLBS-MJ01A-06-PRESTA101,2,True,86400,86400,0,0.0,0.0
2023-07-09,RS01SLBS-MJ01A-06-PRESTA101,2,True,86400,86400,0,0.0,0.0
2023-07-10,RS01SLBS-MJ01A-06-PRESTA101,2,True,81178,86397,5219,6.0407,6.044
2023-07-11,RS01SLBS-MJ01A-06-PRESTA101,2,True,86400,86400,0,0.0,0.0
2023-07-12,RS01SLBS-MJ01A-06-PRESTA101,2,True,86400,86400,0,0.0,0.0
2023-07-13,RS01SLBS-MJ01A-06-PRESTA101,2,True,86400,86400,0,0.0,0.0
2023-07-14,RS01SLBS-MJ01A-06-PRESTA101,2,True,86400,86400,0,0.0,0.0
2023-07-15,RS01SLBS-MJ01A-06-PRESTA101,2,True,86400,86400,0,0.0,0.0
2023-07-16,RS01SLBS-MJ01A-06-PRESTA101,2,True,86400,86400,0,0.0,0.0
2023-07-17,RS01SLBS-MJ01A-06-PRESTA101,2,True,86400,86400,0,0.0,0.0
2023-07-18,RS01SLBS-MJ01A-06-PRESTA101,2,True,86400,86400,0,0.0,0.0
2023-07-19,RS01SLBS-MJ01A-06-PRESTA101,2,True,86400,86400,0,0.0,0.0
2023-07-20,RS01SLBS-MJ01A-06-PRESTA101,2,True,85791,86400,609,0.7049,0.7049
2023-07-21,RS01SLBS-MJ01A-06-PRESTA101,2,True,86400,86400,0,0.0,0.0
2023-07-22,RS01SLBS-MJ01A-06-PRESTA101,2,True,49335,49335,0,0.0,42.8993
2023-07-23,RS01SLBS-MJ01A-06-PRESTA101,2,False,0,0,,,
2023-07-24,RS01SLBS-MJ01A-06-PRESTA101,2,False,0,0,,,
2023-07-25,RS01SLBS-MJ01A-06-PRESTA101,2,False,0,0,,,
2023-07-26,RS01SLBS-MJ01A-06-PRESTA101,2,True,22817,22817,0,0.0,73.5914
2023-07-27,RS01SLBS-MJ01A-06-PRESTA101,2,True,86400,86400,0,0.0,0.0
2023-07-28,RS01SLBS-MJ01A-06-PRESTA101,2,True,86400,86400,0,0.0,0.0
2023-07-29,RS01SLBS-MJ01A-06-PRESTA101,2,True,86400,86400,0,0.0,0.0
2023-07-30,RS01SLBS-MJ01A-06-PRESTA101,2,True,86400,86400,0,0.0,0.0
2023-07-31,RS01SLBS-MJ01A-06-PRESTA101,2,True,86400,86400,0,0.0,0.0
2023-08-01,RS01SLBS-MJ01A-06-PRESTA101,2,True,85964,86400,436,0.5046,0.5046
2023-08-02,RS01SLBS-MJ01A-06-PRESTA101,2,True,86400,86400,0,0.0,0.0
2023-08-03,RS01SLBS-MJ01A-06-PRESTA101,2,True,86400,86400,0,0.0,0.0
2023-08-04,RS01SLBS-MJ01A-06-PRESTA101,2,True,86400,86400,0,0.0,0.0
2023-08-05,RS01SLBS-MJ01A-06-PRESTA101,2,True,86400,86400,0,0.0,0.0
2023-08-06,RS01SLBS-MJ01A-06-PRESTA101,2,True,86400,86400,0,0.0,0.0
2023-08-07,RS01SLBS-MJ01A-06-PRESTA101,2,True,86400,86400,0,0.0,0.0
2023-08-08,RS01SLBS-MJ01A-06-PRESTA101,2,True,86400,86400,0,0.0,0.0
2023-08-09,RS01SLBS-MJ01A-06-PRESTA101,2,True,85273,86400,1127,1.3044,1.3044
2023-08-10,RS01SLBS-MJ01A-06-PRESTA101,2,True,86400,86400,0,0.0,0.0
2023-08-11,RS01SLBS-MJ01A-06-PRESTA101,2,True,86399,86399,0,0.0,0.0012
2023-08-12,RS01SLBS-MJ01A-06-PRESTA101,2,True,86400,86400,0,0.0,0.0
2023-08-13,RS01SLBS-MJ01A-06-PRESTA101,2,True,86400,86400,0,0.0,0.0
2023-08-14,RS01SLBS-MJ01A-06-PRESTA101,2,True,86400,86400,0,0.0,0.0
2023-08-15,RS01SLBS-MJ01A-06-PRESTA101,2,True,86400,86400,0,0.0,0.0
2023-08-16,RS01SLBS-MJ01A-06-PRESTA101,2,True,86386,86400,14,0.0162,0.0162
2023-08-17,RS01SLBS-MJ01A-06-PRESTA101,2,True,86294,86400,106,0.1227,0.1227
2023-08-18,RS01SLBS-MJ01A-06-PRESTA101,2,True,86400,86400,0,0.0,0.0
2023-08-19,RS01SLBS-MJ01A-06-PRESTA101,2,True,86400,86400,0,0.0,0.0
2023-08-20,RS01SLBS-MJ01A-06-PRESTA101,2,True,86400,86400,0,0.0,0.0
2023-08-21,RS01SLBS-MJ01A-06-PRESTA101,2,True,86400,86400,0,0.0,0.0
2023-08-22,RS01SLBS-MJ01A-06-PRESTA101,2,True,86400,86400,0,0.0,0.0
2023-08-23,RS01SLBS-MJ01A-06-PRESTA101,2,True,86400,86400,0,0.0,0.0
2023-08-24,RS01SLBS-MJ01A-06-PRESTA101,2,True,86400,86400,0,0.0,0.0
2023-08-25,RS01SLBS-MJ01A-06-PRESTA101,2,True,86400,86400,0,0.0,0.0
2023-08-26,RS01SLBS-MJ01A-06-PRESTA101,2,True,86400,86400,0,0.0,0.0
2023-08-27,RS01SLBS-MJ01A-06-PRESTA101,2,True,86400,86400,0,0.0,0.0
2023-08-28,RS01SLBS-MJ01A-06-PRESTA101,2,True,86400,86400,0,0.0,0.0
2023-08-29,RS01SLBS-MJ01A-06-PRESTA101,2,True,86400,86400,0,0.0,0.0
2023-08-30,RS01SLBS-MJ01A-06-PRESTA101,2,True,86400,86400,0,0.0,0.0
2023-08-31,RS01SLBS-MJ01A-06-PRESTA101,2,True,86400,86400,0,0.0,0.0
2023-09-01,RS01SLBS-MJ01A-06-PRESTA101,2,True,86400,86400,0,0.0,0.0
2023-09-02,RS01SLBS-MJ01A-06-PRESTA101,2,True,86400,86400,0,0.0,0.0
2023-09-03,RS01SLBS-MJ01A-06-PRESTA101,2,True,86400,86400,0,0.0,0.0
2023-09-04,RS01SLBS-MJ01A-06-PRESTA101,2,True,86400,86400,0,0.0,0.0
2023-09-05,RS01SLBS-MJ01A-06-PRESTA101,2,True,86400,86400,0,0.0,0.0
2023-09-06,RS01SLBS-MJ01A-06-PRESTA101,2,True,86400,86400,0,0.0,0.0
2023-09-07,RS01SLBS-MJ01A-06-PRESTA101,2,True,86400,86400,0,0.0,0.0
2023-09-08,RS01SLBS-MJ01A-06-PRESTA101,2,True,86400,86400,0,0.0,0.0
2023-09-09,RS01SLBS-MJ01A-06-PRESTA101,2,True,86400,86400,0,0.0,0.0
2023-09-10,RS01SLBS-MJ01A-06-PRESTA101,2,True,86400,86400,0,0.0,0.0
2023-09-11,RS01SLBS-MJ01A-06-PRESTA101,2,True,86400,86400,0,0.0,0.0
2023-09-12,RS01SLBS-MJ01A-06-PRESTA101,2,True,86400,86400,0,0.0,0.0
2023-09-13,RS01SLBS-MJ01A-06-PRESTA101,2,True,85879,86400,521,0.603,0.603
2023-09-14,RS01SLBS-MJ01A-06-PRESTA101,2,True,86400,86400,0,0.0,0.0
2023-09-15,RS01SLBS-MJ01A-06-PRESTA101,2,True,86400,86400,0,0.0,0.0
2023-09-16,RS01SLBS-MJ01A-06-PRESTA101,2,True,86400,86400,0,0.0,0.0
2023-09-17,RS01SLBS-MJ01A-06-PRESTA101,2,True,86400,86400,0,0.0,0.0
2023-09-18,RS01SLBS-MJ01A-06-PRESTA101,2,True,86198,86400,202,0.2338,0.2338
2023-09-19,RS01SLBS-MJ01A-06-PRESTA101,2,True,86400,86400,0,0.0,0.0
2023-09-20,RS01SLBS-MJ01A-06-PRESTA101,2,True,86400,86400,0,0.0,0.0
2023-09-21,RS01SLBS-MJ01A-06-PRESTA101,2,True,86399,86399,0,0.0,0.0012
2023-09-22,RS01SLBS-MJ01A-06-PRESTA101,2,True,86400,86400,0,0.0,0.0
2023-09-23,RS01SLBS-MJ01A-06-PRESTA101,2,True,86400,86400,0,0.0,0.0
2023-09-24,RS01SLBS-MJ01A-06-PRESTA101,2,True,86400,86400,0,0.0,0.0
2023-09-25,RS01SLBS-MJ01A-06-PRESTA101,2,True,86400,86400,0,0.0,0.0
2023-09-26,RS01SLBS-MJ01A-06-PRESTA101,2,True,83327,86399,3072,3.5556,3.5567
2023-09-27,RS01SLBS-MJ01A-06-PRESTA101,2,True,85453,86399,946,1.0949,1.0961
2023-09-28,RS01SLBS-MJ01A-06-PRESTA101,2,True,86400,86400,0,0.0,0.0
2023-09-29,RS01SLBS-MJ01A-06-PRESTA101,2,True,85758,86400,642,0.7431,0.7431
2023-09-30,RS01SLBS-MJ01A-06-PRESTA101,2,True,86400,86400,0,0.0,0.0
2023-10-01,RS01SLBS-MJ01A-06-PRESTA101,2,True,86400,86400,0,0.0,0.0
2023-10-02,RS01SLBS-MJ01A-06-PRESTA101,2,True,86400,86400,0,0.0,0.0
2023-10-03,RS01SLBS-MJ01A-06-PRESTA101,2,True,86400,86400,0,0.0,0.0
2023-10-04,RS01SLBS-MJ01A-06-PRESTA101,2,True,86400,86400,0,0.0,0.0
2023-10-05,RS01SLBS-MJ01A-06-PRESTA101,2,True,86400,86400,0,0.0,0.0
2023-10-06,RS01SLBS-MJ01A-06-PRESTA101,2,True,86400,86400,0,0.0,0.0
2023-10-07,RS01SLBS-MJ01A-06-PRESTA101,2,True,86400,86400,0,0.0,0.0
2023-10-08,RS01SLBS-MJ01A-06-PRESTA101,2,True,86400,86400,0,0.0,0.0
2023-10-09,RS01SLBS-MJ01A-06-PRESTA101,2,True,86400,86400,0,0.0,0.0
2023-10-10,RS01SLBS-MJ01A-06-PRESTA101,2,True,86400,86400,0,0.0,0.0
2023-10-11,RS01SLBS-MJ01A-06-PRESTA101,2,True,86400,86400,0,0.0,0.0
2023-10-12,RS01SLBS-MJ01A-06-PRESTA101,2,True,86400,86400,0,0.0,0.0
2023-10-13,RS01SLBS-MJ01A-06-PRESTA101,2,True,86400,86400,0,0.0,0.0
2023-10-14,RS01SLBS-MJ01A-06-PRESTA101,2,True,86400,86400,0,0.0,0.0
2023-10-15,RS01SLBS-MJ01A-06-PRESTA101,2,True,86400,86400,0,0.0,0.0
2023-10-16,RS01SLBS-MJ01A-06-PRESTA101,2,True,86400,86400,0,0.0,0.0
2023-10-17,RS01SLBS-MJ01A-06-PRESTA101,2,True,86400,86400,0,0.0,0.0
2023-10-18,RS01SLBS-MJ01A-06-PRESTA101,2,True,86400,86400,0,0.0,0.0
2023-10-19,RS01SLBS-MJ01A-06-PRESTA101,2,True,86400,86400,0,0.0,0.0
2023-10-20,RS01SLBS-MJ01A-06-PRESTA101,2,True,86400,86400,0,0.0,0.0
2023-10-21,RS01SLBS-MJ01A-06-PRESTA101,2,True,86400,86400,0,0.0,0.0
2023-10-22,RS01SLBS-MJ01A-06-PRESTA101,2,True,86400,86400,0,0.0,0.0
2023-10-23,RS01SLBS-MJ01A-06-PRESTA101,2,True,86400,86400,0,0.0,0.0
2023-10-24,RS01SLBS-MJ01A-06-PRESTA101,2,True,86400,86400,0,0.0,0.0
2023-10-25,RS01SLBS-MJ01A-06-PRESTA101,2,True,86400,86400,0,0.0,0.0
2023-10-26,RS01SLBS-MJ01A-06-PRESTA101,2,True,86400,86400,0,0.0,0.0
2023-10-27,RS01SLBS-MJ01A-06-PRESTA101,2,True,86400,86400,0,0.0,0.0
2023-10-28,RS01SLBS-MJ01A-06-PRESTA101,2,True,86400,86400,0,0.0,0.0
2023-10-29,RS01SLBS-MJ01A-06-PRESTA101,2,True,86400,86400,0,0.0,0.0
2023-10-30,RS01SLBS-MJ01A-06-PRESTA101,2,True,86400,86400,0,0.0,0.0
2023-10-31,RS01SLBS-MJ01A-06-PRESTA101,2,True,86400,86400,0,0.0,0.0
2023-11-01,RS01SLBS-MJ01A-06-PRESTA101,2,True,86399,86399,0,0.0,0.0012
2023-11-02,RS01SLBS-MJ01A-06-PRESTA101,2,True,86400,86400,0,0.0,0.0
2023-11-03,RS01SLBS-MJ01A-06-PRESTA101,2,True,86400,86400,0,0.0,0.0
2023-11-04,RS01SLBS-MJ01A-06-PRESTA101,2,True,86400,86400,0,0.0,0.0
2023-11-05,RS01SLBS-MJ01A-06-PRESTA101,2,True,86400,86400,0,0.0,0.0
2023-11-06,RS01SLBS-MJ01A-06-PRESTA101,2,True,86400,86400,0,0.0,0.0
2023-11-07,RS01SLBS-MJ01A-06-PRESTA101,2,True,86400,86400,0,0.0,0.0
2023-11-08,RS01SLBS-MJ01A-06-PRESTA101,2,True,86400,86400,0,0.0,0.0
2023-11-09,RS01SLBS-MJ01A-06-PRESTA101,2,True,86400,86400,0,0.0,0.0
2023-11-10,RS01SLBS-MJ01A-06-PRESTA101,2,True,86400,86400,0,0.0,0.0
2023-11-11,RS01SLBS-MJ01A-06-PRESTA101,2,True,86400,86400,0,0.0,0.0
2023-11-12,RS01SLBS-MJ01A-06-PRESTA101,2,True,73215,73215,0,0.0,15.2604
2023-11-13,RS01SLBS-MJ01A-06-PRESTA101,2,True,83279,86398,3119,3.61,3.6123
2023-11-14,RS01SLBS-MJ01A-06-PRESTA101,2,True,86400,86400,0,0.0,0.0
2023-11-15,RS01SLBS-MJ01A-06-PRESTA101,2,True,86400,86400,0,0.0,0.0
2023-11-16,RS01SLBS-MJ01A-06-PRESTA101,2,True,86400,86400,0,0.0,0.0
2023-11-17,RS01SLBS-MJ01A-06-PRESTA101,2,True,86400,86400,0,0.0,0.0
2023-11-18,RS01SLBS-MJ01A-06-PRESTA101,2,True,86400,86400,0,0.0,0.0
2023-11-19,RS01SLBS-MJ01A-06-PRESTA101,2,True,86400,86400,0,0.0,0.0
2023-11-20,RS01SLBS-MJ01A-06-PRESTA101,2,True,86400,86400,0,0.0,0.0
2023-11-21,RS01SLBS-MJ01A-06-PRESTA101,2,True,86400,86400,0,0.0,0.0
2023-11-22,RS01SLBS-MJ01A-06-PRESTA101,2,True,86400,86400,0,0.0,0.0
2023-11-23,RS01SLBS-MJ01A-06-PRESTA101,2,True,86198,86400,202,0.2338,0.2338
2023-11-24,RS01SLBS-MJ01A-06-PRESTA101,2,True,86299,86400,101,0.1169,0.1169
2023-11-25,RS01SLBS-MJ01A-06-PRESTA101,2,True,86400,86400,0,0.0,0.0
2023-11-26,RS01SLBS-MJ01A-06-PRESTA101,2,True,52967,52967,0,0.0,38.6956
2023-11-27,RS01SLBS-MJ01A-06-PRESTA101,2,False,0,0,,,
2023-11-28,RS01SLBS-MJ01A-06-PRESTA101,2,False,0,0,,,
2023-11-29,RS01SLBS-MJ01A-06-PRESTA101,2,False,0,0,,,
2023-11-30,RS01SLBS-MJ01A-06-PRESTA101,2,False,0,0,,,
2023-12-01,RS01SLBS-MJ01A-06-PRESTA101,2,False,0,0,,,
2023-12-02,RS01SLBS-MJ01A-06-PRESTA101,2,False,0,0,,,
2023-12-03,RS01SLBS-MJ01A-06-PRESTA101,2,False,0,0,,,
2023-12-04,RS01SLBS-MJ01A-06-PRESTA101,2,False,0,0,,,
2023-12-05,RS01SLBS-MJ01A-06-PRESTA101,2,False,0,0,,,
2023-12-06,RS01SLBS-MJ01A-06-PRESTA101,2,False,0,0,,,
2023-12-07,RS01SLBS-MJ01A-06-PRESTA101,2,False,0,0,,,
2023-12-08,RS01SLBS-MJ01A-06-PRESTA101,2,False,0,0,,,
2023-12-09,RS01SLBS-MJ01A-06-PRESTA101,2,False,0,0,,,
2023-12-10,RS01SLBS-MJ01A-06-PRESTA101,2,False,0,0,,,
2023-12-11,RS01SLBS-MJ01A-06-PRESTA101,2,False,0,0,,,
2023-12-12,RS01SLBS-MJ01A-06-PRESTA101,2,False,0,0,,,
2023-12-13,RS01SLBS-MJ01A-06-PRESTA101,2,False,0,0,,,
2023-12-14,RS01SLBS-MJ01A-06-PRESTA101,2,False,0,0,,,
2023-12-15,RS01SLBS-MJ01A-06-PRESTA101,2,False,0,0,,,
2023-12-16,RS01SLBS-MJ01A-06-PRESTA101,2,False,0,0,,,
2023-12-17,RS01SLBS-MJ01A-06-PRESTA101,2,False,0,0,,,
2023-12-18,RS01SLBS-MJ01A-06-PRESTA101,2,False,0,0,,,
2023-12-19,RS01SLBS-MJ01A-06-PRESTA101,2,True,24911,24911,0,0.0,71.1678
2023-12-20,RS01SLBS-MJ01A-06-PRESTA101,2,True,86400,86400,0,0.0,0.0
2023-12-21,RS01SLBS-MJ01A-06-PRESTA101,2,True,86400,86400,0,0.0,0.0
2023-12-22,RS01SLBS-MJ01A-06-PRESTA101,2,True,86400,86400,0,0.0,0.0
2023-12-23,RS01SLBS-MJ01A-06-PRESTA101,2,True,86400,86400,0,0.0,0.0
2023-12-24,RS01SLBS-MJ01A-06-PRESTA101,2,True,86400,86400,0,0.0,0.0
2023-12-25,RS01SLBS-MJ01A-06-PRESTA101,2,True,86400,86400,0,0.0,0.0
2023-12-26,RS01SLBS-MJ01A-06-PRESTA101,2,True,86400,86400,0,0.0,0.0
2023-12-27,RS01SLBS-MJ01A-06-PRESTA101,2,True,86400,86400,0,0.0,0.0
2023-12-28,RS01SLBS-MJ01A-06-PRESTA101,2,True,86400,86400,0,0.0,0.0
2023-12-29,RS01SLBS-MJ01A-06-PRESTA101,2,True,86400,86400,0,0.0,0.0
2023-12-30,RS01SLBS-MJ01A-06-PRESTA101,2,True,86400,86400,0,0.0,0.0
2023-12-31,RS01SLBS-MJ01A-06-PRESTA101,2,True,86400,86400,0,0.0,0.0
2024-01-01,RS01SLBS-MJ01A-06-PRESTA101,2,True,86299,86400,101,0.1169,0.1169
2024-01-02,RS01SLBS-MJ01A-06-PRESTA101,2,True,86400,86400,0,0.0,0.0
2024-01-03,RS01SLBS-MJ01A-06-PRESTA101,2,True,86299,86400,101,0.1169,0.1169
2024-01-04,RS01SLBS-MJ01A-06-PRESTA101,2,True,86400,86400,0,0.0,0.0
2024-01-05,RS01SLBS-MJ01A-06-PRESTA101,2,True,86097,86400,303,0.3507,0.3507
2024-01-06,RS01SLBS-MJ01A-06-PRESTA101,2,True,85995,86400,405,0.4688,0.4687
2024-01-07,RS01SLBS-MJ01A-06-PRESTA101,2,True,85991,86400,409,0.4734,0.4734
2024-01-08,RS01SLBS-MJ01A-06-PRESTA101,2,True,67095,86389,19294,22.3339,22.3437
2024-01-09,RS01SLBS-MJ01A-06-PRESTA101,2,True,85270,86399,1129,1.3067,1.3079
2024-01-10,RS01SLBS-MJ01A-06-PRESTA101,2,True,85996,86400,404,0.4676,0.4676
2024-01-11,RS01SLBS-MJ01A-06-PRESTA101,2,True,63933,86389,22456,25.9941,26.0035
2024-01-12,RS01SLBS-MJ01A-06-PRESTA101,2,True,76222,86395,10173,11.775,11.7801
2024-01-13,RS01SLBS-MJ01A-06-PRESTA101,2,True,13532,13532,0,0.0,84.338
2024-01-14,RS01SLBS-MJ01A-06-PRESTA101,2,False,0,0,,,
2024-01-15,RS01SLBS-MJ01A-06-PRESTA101,2,False,0,0,,,
2024-01-16,RS01SLBS-MJ01A-06-PRESTA101,2,False,0,0,,,
2024-01-17,RS01SLBS-MJ01A-06-PRESTA101,2,False,0,0,,,
2024-01-18,RS01SLBS-MJ01A-06-PRESTA101,2,False,0,0,,,
2024-01-19,RS01SLBS-MJ01A-06-PRESTA101,2,False,0,0,,,
2024-01-20,RS01SLBS-MJ01A-06-PRESTA101,2,False,0,0,,,
2024-01-21,RS01SLBS-MJ01A-06-PRESTA101,2,False,0,0,,,
2024-01-22,RS01SLBS-MJ01A-06-PRESTA101,2,False,0,0,,,
2024-01-23,RS01SLBS-MJ01A-06-PRESTA101,2,False,0,0,,,
2024-01-24,RS01SLBS-MJ01A-06-PRESTA101,2,False,0,0,,,
2024-01-25,RS01SLBS-MJ01A-06-PRESTA101,2,False,0,0,,,
2024-01-26,RS01SLBS-MJ01A-06-PRESTA101,2,False,0,0,,,
2024-01-27,RS01SLBS-MJ01A-06-PRESTA101,2,False,0,0,,,
2024-01-28,RS01SLBS-MJ01A-06-PRESTA101,2,False,0,0,,,
2024-01-29,RS01SLBS-MJ01A-06-PRESTA101,2,False,0,0,,,
2024-01-30,RS01SLBS-MJ01A-06-PRESTA101,2,False,0,0,,,
2024-01-31,RS01SLBS-MJ01A-06-PRESTA101,2,False,0,0,,,
2024-02-01,RS01SLBS-MJ01A-06-PRESTA101,2,False,0,0,,,
2024-02-02,RS01SLBS-MJ01A-06-PRESTA101,2,False,0,0,,,
2024-02-03,RS01SLBS-MJ01A-06-PRESTA101,2,False,0,0,,,
2024-02-04,RS01SLBS-MJ01A-06-PRESTA101,2,False,0,0,,,
2024-02-05,RS01SLBS-MJ01A-06-PRESTA101,2,False,0,0,,,
2024-02-06,RS01SLBS-MJ01A-06-PRESTA101,2,False,0,0,,,
2024-02-07,RS01SLBS-MJ01A-06-PRESTA101,2,False,0,0,,,
2024-02-08,RS01SLBS-MJ01A-06-PRESTA101,2,False,0,0,,,
2024-02-09,RS01SLBS-MJ01A-06-PRESTA101,2,False,0,0,,,
2024-02-10,RS01SLBS-MJ01A-06-PRESTA101,2,False,0,0,,,
2024-02-11,RS01SLBS-MJ01A-06-PRESTA101,2,False,0,0,,,
2024-02-12,RS01SLBS-MJ01A-06-PRESTA101,2,False,0,0,,,
2024-02-13,RS01SLBS-MJ01A-06-PRESTA101,2,False,0,0,,,
2024-02-14,RS01SLBS-MJ01A-06-PRESTA101,2,False,0,0,,,
2024-02-15,RS01SLBS-MJ01A-06-PRESTA101,2,False,0,0,,,
2024-02-16,RS01SLBS-MJ01A-06-PRESTA101,2,False,0,0,,,
2024-02-17,RS01SLBS-MJ01A-06-PRESTA101,2,False,0,0,,,
2024-02-18,RS01SLBS-MJ01A-06-PRESTA101,2,False,0,0,,,
2024-02-19,RS01SLBS-MJ01A-06-PRESTA101,2,False,0,0,,,
2024-02-20,RS01SLBS-MJ01A-06-PRESTA101,2,False,0,0,,,
2024-02-21,RS01SLBS-MJ01A-06-PRESTA101,2,False,0,0,,,
2024-02-22,RS01SLBS-MJ01A-06-PRESTA101,2,False,0,0,,,
2024-02-23,RS01SLBS-MJ01A-06-PRESTA101,2,False,0,0,,,
2024-02-24,RS01SLBS-MJ01A-06-PRESTA101,2,False,0,0,,,
2024-02-25,RS01SLBS-MJ01A-06-PRESTA101,2,False,0,0,,,
2024-02-26,RS01SLBS-MJ01A-06-PRESTA101,2,False,0,0,,,
2024-02-27,RS01SLBS-MJ01A-06-PRESTA101,2,False,0,0,,,
2024-02-28,RS01SLBS-MJ01A-06-PRESTA101,2,False,0,0,,,
2024-02-29,RS01SLBS-MJ01A-06-PRESTA101,2,False,0,0,,,
2024-03-01,RS01SLBS-MJ01A-06-PRESTA101,2,False,0,0,,,
2024-03-02,RS01SLBS-MJ01A-06-PRESTA101,2,False,0,0,,,
2024-03-03,RS01SLBS-MJ01A-06-PRESTA101,2,False,0,0,,,
2024-03-04,RS01SLBS-MJ01A-06-PRESTA101,2,False,0,0,,,
2024-03-05,RS01SLBS-MJ01A-06-PRESTA101,2,False,0,0,,,
2024-03-06,RS01SLBS-MJ01A-06-PRESTA101,2,False,0,0,,,
2024-03-07,RS01SLBS-MJ01A-06-PRESTA101,2,False,0,0,,,
2024-03-08,RS01SLBS-MJ01A-06-PRESTA101,2,False,0,0,,,
2024-03-09,RS01SLBS-MJ01A-06-PRESTA101,2,False,0,0,,,
2024-03-10,RS01SLBS-MJ01A-06-PRESTA101,2,False,0,0,,,
2024-03-11,RS01SLBS-MJ01A-06-PRESTA101,2,False,0,0,,,
2024-03-12,RS01SLBS-MJ01A-06-PRESTA101,2,False,0,0,,,
2024-03-13,RS01SLBS-MJ01A-06-PRESTA101,2,False,0,0,,,
2024-03-14,RS01SLBS-MJ01A-06-PRESTA101,2,False,0,0,,,
2024-03-15,RS01SLBS-MJ01A-06-PRESTA101,2,False,0,0,,,
2024-03-16,RS01SLBS-MJ01A-06-PRESTA101,2,False,0,0,,,
2024-03-17,RS01SLBS-MJ01A-06-PRESTA101,2,False,0,0,,,
2024-03-18,RS01SLBS-MJ01A-06-PRESTA101,2,False,0,0,,,
2024-03-19,RS01SLBS-MJ01A-06-PRESTA101,2,False,0,0,,,
2024-03-20,RS01SLBS-MJ01A-06-PRESTA101,2,False,0,0,,,
2024-03-21,RS01SLBS-MJ01A-06-PRESTA101,2,False,0,0,,,
2024-03-22,RS01SLBS-MJ01A-06-PRESTA101,2,False,0,0,,,
2024-03-23,RS01SLBS-MJ01A-06-PRESTA101,2,False,0,0,,,
2024-03-24,RS01SLBS-MJ01A-06-PRESTA101,2,False,0,0,,,
2024-03-25,RS01SLBS-MJ01A-06-PRESTA101,2,False,0,0,,,
2024-03-26,RS01SLBS-MJ01A-06-PRESTA101,2,False,0,0,,,
2024-03-27,RS01SLBS-MJ01A-06-PRESTA101,2,False,0,0,,,
2024-03-28,RS01SLBS-MJ01A-06-PRESTA101,2,False,0,0,,,
2024-03-29,RS01SLBS-MJ01A-06-PRESTA101,2,False,0,0,,,
2024-03-30,RS01SLBS-MJ01A-06-PRESTA101,2,False,0,0,,,
2024-03-31,RS01SLBS-MJ01A-06-PRESTA101,2,False,0,0,,,
2024-04-01,RS01SLBS-MJ01A-06-PRESTA101,2,False,0,0,,,
2024-04-02,RS01SLBS-MJ01A-06-PRESTA101,2,False,0,0,,,
2024-04-03,RS01SLBS-MJ01A-06-PRESTA101,2,False,0,0,,,
2024-04-04,RS01SLBS-MJ01A-06-PRESTA101,2,False,0,0,,,
2024-04-05,RS01SLBS-MJ01A-06-PRESTA101,2,False,0,0,,,
2024-04-06,RS01SLBS-MJ01A-06-PRESTA101,2,False,0,0,,,
2024-04-07,RS01SLBS-MJ01A-06-PRESTA101,2,False,0,0,,,
2024-04-08,RS01SLBS-MJ01A-06-PRESTA101,2,False,0,0,,,
2024-04-09,RS01SLBS-MJ01A-06-PRESTA101,2,False,0,0,,,
2024-04-10,RS01SLBS-MJ01A-06-PRESTA101,2,False,0,0,,,
2024-04-11,RS01SLBS-MJ01A-06-PRESTA101,2,False,0,0,,,
2024-04-12,RS01SLBS-MJ01A-06-PRESTA101,2,False,0,0,,,
2024-04-13,RS01SLBS-MJ01A-06-PRESTA101,2,False,0,0,,,
2024-04-14,RS01SLBS-MJ01A-06-PRESTA101,2,False,0,0,,,
2024-04-15,RS01SLBS-MJ01A-06-PRESTA101,2,False,0,0,,,
2024-04-16,RS01SLBS-MJ01A-06-PRESTA101,2,False,0,0,,,
2024-04-17,RS01SLBS-MJ01A-06-PRESTA101,2,False,0,0,,,
2024-04-18,RS01SLBS-MJ01A-06-PRESTA101,2,False,0,0,,,
2024-04-19,RS01SLBS-MJ01A-06-PRESTA101,2,False,0,0,,,
2024-04-20,RS01SLBS-MJ01A-06-PRESTA101,2,False,0,0,,,
2024-04-21,RS01SLBS-MJ01A-06-PRESTA101,2,False,0,0,,,
2024-04-22,RS01SLBS-MJ01A-06-PRESTA101,2,False,0,0,,,
2024-04-23,RS01SLBS-MJ01A-06-PRESTA101,2,False,0,0,,,
2024-04-24,RS01SLBS-MJ01A-06-PRESTA101,2,False,0,0,,,
2024-04-25,RS01SLBS-MJ01A-06-PRESTA101,2,False,0,0,,,
2024-04-26,RS01SLBS-MJ01A-06-PRESTA101,2,False,0,0,,,
2024-04-27,RS01SLBS-MJ01A-06-PRESTA101,2,False,0,0,,,
2024-04-28,RS01SLBS-MJ01A-06-PRESTA101,2,False,0,0,,,
2024-04-29,RS01SLBS-MJ01A-06-PRESTA101,2,False,0,0,,,
2024-04-30,RS01SLBS-MJ01A-06-PRESTA101,2,False,0,0,,,
2024-05-01,RS01SLBS-MJ01A-06-PRESTA101,2,False,0,0,,,
2024-05-02,RS01SLBS-MJ01A-06-PRESTA101,2,False,0,0,,,
2024-05-03,RS01SLBS-MJ01A-06-PRESTA101,2,False,0,0,,,
2024-05-04,RS01SLBS-MJ01A-06-PRESTA101,2,False,0,0,,,
2024-05-05,RS01SLBS-MJ01A-06-PRESTA101,2,False,0,0,,,
2024-05-06,RS01SLBS-MJ01A-06-PRESTA101,2,False,0,0,,,
2024-05-07,RS01SLBS-MJ01A-06-PRESTA101,2,False,0,0,,,
2024-05-08,RS01SLBS-MJ01A-06-PRESTA101,2,False,0,0,,,
2024-05-09,RS01SLBS-MJ01A-06-PRESTA101,2,False,0,0,,,
2024-05-10,RS01SLBS-MJ01A-06-PRESTA101,2,False,0,0,,,
2024-05-11,RS01SLBS-MJ01A-06-PRESTA101,2,False,0,0,,,
2024-05-12,RS01SLBS-MJ01A-06-PRESTA101,2,False,0,0,,,
2024-05-13,RS01SLBS-MJ01A-06-PRESTA101,2,False,0,0,,,
2024-05-14,RS01SLBS-MJ01A-06-PRESTA101,2,False,0,0,,,
2024-05-15,RS01SLBS-MJ01A-06-PRESTA101,2,False,0,0,,,
2024-05-16,RS01SLBS-MJ01A-06-PRESTA101,2,False,0,0,,,
2024-05-17,RS01SLBS-MJ01A-06-PRESTA101,2,False,0,0,,,
2024-05-18,RS01SLBS-MJ01A-06-PRESTA101,2,False,0,0,,,
2024-05-19,RS01SLBS-MJ01A-06-PRESTA101,2,False,0,0,,,
2024-05-20,RS01SLBS-MJ01A-06-PRESTA101,2,False,0,0,,,
2024-05-21,RS01SLBS-MJ01A-06-PRESTA101,2,False,0,0,,,
2024-05-22,RS01SLBS-MJ01A-06-PRESTA101,2,False,0,0,,,
2024-05-23,RS01SLBS-MJ01A-06-PRESTA101,2,False,0,0,,,
2024-05-24,RS01SLBS-MJ01A-06-PRESTA101,2,False,0,0,,,
2024-05-25,RS01SLBS-MJ01A-06-PRESTA101,2,False,0,0,,,
2024-05-26,RS01SLBS-MJ01A-06-PRESTA101,2,False,0,0,,,
2024-05-27,RS01SLBS-MJ01A-06-PRESTA101,2,False,0,0,,,
2024-05-28,RS01SLBS-MJ01A-06-PRESTA101,2,False,0,0,,,
2024-05-29,RS01SLBS-MJ01A-06-PRESTA101,2,False,0,0,,,
2024-05-30,RS01SLBS-MJ01A-06-PRESTA101,2,False,0,0,,,
2024-05-31,RS01SLBS-MJ01A-06-PRESTA101,2,False,0,0,,,
2024-06-01,RS01SLBS-MJ01A-06-PRESTA101,2,False,0,0,,,
2024-06-02,RS01SLBS-MJ01A-06-PRESTA101,2,False,0,0,,,
2024-06-03,RS01SLBS-MJ01A-06-PRESTA101,2,False,0,0,,,
2024-06-04,RS01SLBS-MJ01A-06-PRESTA101,2,False,0,0,,,
2024-06-05,RS01SLBS-MJ01A-06-PRESTA101,2,False,0,0,,,
2024-06-06,RS01SLBS-MJ01A-06-PRESTA101,2,False,0,0,,,
2024-06-07,RS01SLBS-MJ01A-06-PRESTA101,2,False,0,0,,,
2024-06-08,RS01SLBS-MJ01A-06-PRESTA101,2,False,0,0,,,
2024-06-09,RS01SLBS-MJ01A-06-PRESTA101,2,False,0,0,,,
2024-06-10,RS01SLBS-MJ01A-06-PRESTA101,2,False,0,0,,,
2024-06-11,RS01SLBS-MJ01A-06-PRESTA101,2,False,0,0,,,
2024-06-12,RS01SLBS-MJ01A-06-PRESTA101,2,False,0,0,,,
2024-06-13,RS01SLBS-MJ01A-06-PRESTA101,2,False,0,0,,,
2024-06-14,RS01SLBS-MJ01A-06-PRESTA101,2,False,0,0,,,
2024-06-15,RS01SLBS-MJ01A-06-PRESTA101,2,False,0,0,,,
2024-06-16,RS01SLBS-MJ01A-06-PRESTA101,2,False,0,0,,,
2024-06-17,RS01SLBS-MJ01A-06-PRESTA101,2,False,0,0,,,
2024-06-18,RS01SLBS-MJ01A-06-PRESTA101,2,False,0,0,,,
2024-06-19,RS01SLBS-MJ01A-06-PRESTA101,2,False,0,0,,,
2024-06-20,RS01SLBS-MJ01A-06-PRESTA101,2,False,0,0,,,
2024-06-21,RS01SLBS-MJ01A-06-PRESTA101,2,False,0,0,,,
2024-06-22,RS01SLBS-MJ01A-06-PRESTA101,2,False,0,0,,,
2024-06-23,RS01SLBS-MJ01A-06-PRESTA101,2,False,0,0,,,
2024-06-24,RS01SLBS-MJ01A-06-PRESTA101,2,False,0,0,,,
2024-06-25,RS01SLBS-MJ01A-06-PRESTA101,2,False,0,0,,,
2024-06-26,RS01SLBS-MJ01A-06-PRESTA101,2,False,0,0,,,
2024-06-27,RS01SLBS-MJ01A-06-PRESTA101,2,False,0,0,,,
2024-06-28,RS01SLBS-MJ01A-06-PRESTA101,2,False,0,0,,,
2024-06-29,RS01SLBS-MJ01A-06-PRESTA101,2,False,0,0,,,
2024-06-30,RS01SLBS-MJ01A-06-PRESTA101,2,False,0,0,,,
2024-07-01,RS01SLBS-MJ01A-06-PRESTA101,2,False,0,0,,,
2024-07-02,RS01SLBS-MJ01A-06-PRESTA101,2,False,0,0,,,
2024-07-03,RS01SLBS-MJ01A-06-PRESTA101,2,False,0,0,,,
2024-07-04,RS01SLBS-MJ01A-06-PRESTA101,2,False,0,0,,,
2024-07-05,RS01SLBS-MJ01A-06-PRESTA101,2,False,0,0,,,
2024-07-06,RS01SLBS-MJ01A-06-PRESTA101,2,False,0,0,,,
2024-07-07,RS01SLBS-MJ01A-06-PRESTA101,2,False,0,0,,,
2024-07-08,RS01SLBS-MJ01A-06-PRESTA101,2,False,0,0,,,
2024-07-09,RS01SLBS-MJ01A-06-PRESTA101,2,False,0,0,,,
2024-07-10,RS01SLBS-MJ01A-06-PRESTA101,2,False,0,0,,,
2024-07-11,RS01SLBS-MJ01A-06-PRESTA101,2,False,0,0,,,
2024-07-12,RS01SLBS-MJ01A-06-PRESTA101,2,False,0,0,,,
2024-07-13,RS01SLBS-MJ01A-06-PRESTA101,2,False,0,0,,,
2024-07-14,RS01SLBS-MJ01A-06-PRESTA101,2,False,0,0,,,
2024-07-15,RS01SLBS-MJ01A-06-PRESTA101,2,False,0,0,,,
2024-07-16,RS01SLBS-MJ01A-06-PRESTA101,2,False,0,0,,,
2024-07-17,RS01SLBS-MJ01A-06-PRESTA101,2,False,0,0,,,
2024-07-18,RS01SLBS-MJ01A-06-PRESTA101,2,False,0,0,,,
2024-07-19,RS01SLBS-MJ01A-06-PRESTA101,2,False,0,0,,,
2024-07-20,RS01SLBS-MJ01A-06-PRESTA101,2,False,0,0,,,
2024-07-21,RS01SLBS-MJ01A-06-PRESTA101,2,False,0,0,,,
2024-07-22,RS01SLBS-MJ01A-06-PRESTA101,2,False,0,0,,,
2024-07-23,RS01SLBS-MJ01A-06-PRESTA101,2,False,0,0,,,
2024-07-24,RS01SLBS-MJ01A-06-PRESTA101,2,False,0,0,,,
2024-07-25,RS01SLBS-MJ01A-06-PRESTA101,2,False,0,0,,,
2024-07-26,RS01SLBS-MJ01A-06-PRESTA101,2,False,0,0,,,
2024-07-27,RS01SLBS-MJ01A-06-PRESTA101,2,False,0,0,,,
2024-07-28,RS01SLBS-MJ01A-06-PRESTA101,2,False,0,0,,,
2024-07-29,RS01SLBS-MJ01A-06-PRESTA101,2,False,0,0,,,
2024-07-30,RS01SLBS-MJ01A-06-PRESTA101,2,False,0,0,,,
2024-07-31,RS01SLBS-MJ01A-06-PRESTA101,2,False,0,0,,,
2024-08-01,RS01SLBS-MJ01A-06-PRESTA101,2,False,0,0,,,
2024-08-02,RS01SLBS-MJ01A-06-PRESTA101,2,False,0,0,,,
2024-08-03,RS01SLBS-MJ01A-06-PRESTA101,2,False,0,0,,,
2024-08-04,RS01SLBS-MJ01A-06-PRESTA101,2,False,0,0,,,
2024-08-05,RS01SLBS-MJ01A-06-PRESTA101,2,False,0,0,,,
2024-08-06,RS01SLBS-MJ01A-06-PRESTA101,2,False,0,0,,,
2024-08-07,RS01SLBS-MJ01A-06-PRESTA101,2,False,0,0,,,
2024-08-08,RS01SLBS-MJ01A-06-PRESTA101,2,False,0,0,,,
2024-08-09,RS01SLBS-MJ01A-06-PRESTA101,2,False,0,0,,,
2024-08-10,RS01SLBS-MJ01A-06-PRESTA101,2,True,71461,71461,0,0.0,17.2905
2024-08-11,RS01SLBS-MJ01A-06-PRESTA101,2,True,86400,86400,0,0.0,0.0
2024-08-12,RS01SLBS-MJ01A-06-PRESTA101,2,True,86400,86400,0,0.0,0.0
2024-08-13,RS01SLBS-MJ01A-06-PRESTA101,2,True,85813,86400,587,0.6794,0.6794
2024-08-14,RS01SLBS-MJ01A-06-PRESTA101,2,True,86400,86400,0,0.0,0.0
2024-08-15,RS01SLBS-MJ01A-06-PRESTA101,2,True,86400,86400,0,0.0,0.0
2024-08-16,RS01SLBS-MJ01A-06-PRESTA101,2,True,86400,86400,0,0.0,0.0
2024-08-17,RS01SLBS-MJ01A-06-PRESTA101,2,True,86400,86400,0,0.0,0.0
2024-08-18,RS01SLBS-MJ01A-06-PRESTA101,2,True,86400,86400,0,0.0,0.0
2024-08-19,RS01SLBS-MJ01A-06-PRESTA101,2,True,86400,86400,0,0.0,0.0
2024-08-20,RS01SLBS-MJ01A-06-PRESTA101,2,True,86400,86400,0,0.0,0.0
2024-08-21,RS01SLBS-MJ01A-06-PRESTA101,2,True,86400,86400,0,0.0,0.0
2024-08-22,RS01SLBS-MJ01A-06-PRESTA101,2,True,86400,86401,1,0.0012,0.0
2024-08-23,RS01SLBS-MJ01A-06-PRESTA101,2,True,86400,86400,0,0.0,0.0
2024-08-24,RS01SLBS-MJ01A-06-PRESTA101,2,True,86400,86400,0,0.0,0.0
2024-08-25,RS01SLBS-MJ01A-06-PRESTA101,2,True,86400,86400,0,0.0,0.0
2024-08-26,RS01SLBS-MJ01A-06-PRESTA101,2,True,86400,86400,0,0.0,0.0
2024-08-27,RS01SLBS-MJ01A-06-PRESTA101,2,True,85854,86400,546,0.6319,0.6319
2024-08-28,RS01SLBS-MJ01A-06-PRESTA101,2,True,86400,86400,0,0.0,0.0
2024-08-29,RS01SLBS-MJ01A-06-PRESTA101,2,True,86400,86400,0,0.0,0.0
2024-08-30,RS01SLBS-MJ01A-06-PRESTA101,2,True,86400,86400,0,0.0,0.0
2024-08-31,RS01SLBS-MJ01A-06-PRESTA101,2,True,86400,86400,0,0.0,0.0
2024-09-01,RS01SLBS-MJ01A-06-PRESTA101,2,True,86400,86400,0,0.0,0.0
2024-09-02,RS01SLBS-MJ01A-06-PRESTA101,2,True,86400,86400,0,0.0,0.0
2024-09-03,RS01SLBS-MJ01A-06-PRESTA101,2,True,86400,86400,0,0.0,0.0
2024-09-04,RS01SLBS-MJ01A-06-PRESTA101,2,True,86400,86400,0,0.0,0.0
2024-09-05,RS01SLBS-MJ01A-06-PRESTA101,2,True,86400,86400,0,0.0,0.0
2024-09-06,RS01SLBS-MJ01A-06-PRESTA101,2,True,86400,86400,0,0.0,0.0
2024-09-07,RS01SLBS-MJ01A-06-PRESTA101,2,True,86400,86400,0,0.0,0.0
2024-09-08,RS01SLBS-MJ01A-06-PRESTA101,2,True,86400,86400,0,0.0,0.0
2024-09-09,RS01SLBS-MJ01A-06-PRESTA101,2,True,86400,86400,0,0.0,0.0
2024-09-10,RS01SLBS-MJ01A-06-PRESTA101,2,True,86400,86400,0,0.0,0.0
2024-09-11,RS01SLBS-MJ01A-06-PRESTA101,2,True,86400,86400,0,0.0,0.0
2024-09-12,RS01SLBS-MJ01A-06-PRESTA101,2,True,86400,86400,0,0.0,0.0
2024-09-13,RS01SLBS-MJ01A-06-PRESTA101,2,True,86400,86400,0,0.0,0.0
2024-09-14,RS01SLBS-MJ01A-06-PRESTA101,2,True,86399,86399,0,0.0,0.0012
2024-09-15,RS01SLBS-MJ01A-06-PRESTA101,2,True,86400,86400,0,0.0,0.0
2024-09-16,RS01SLBS-MJ01A-06-PRESTA101,2,True,86400,86400,0,0.0,0.0
2024-09-17,RS01SLBS-MJ01A-06-PRESTA101,2,True,86400,86400,0,0.0,0.0
2024-09-18,RS01SLBS-MJ01A-06-PRESTA101,2,True,6737,6737,0,0.0,92.2025
2024-09-19,RS01SLBS-MJ01A-06-PRESTA101,2,True,85961,85972,11,0.0128,0.5081
2024-09-20,RS01SLBS-MJ01A-06-PRESTA101,2,True,86400,86400,0,0.0,0.0
2024-09-21,RS01SLBS-MJ01A-06-PRESTA101,2,True,86400,86400,0,0.0,0.0
2024-09-22,RS01SLBS-MJ01A-06-PRESTA101,2,True,86400,86400,0,0.0,0.0
2024-09-23,RS01SLBS-MJ01A-06-PRESTA101,2,True,86400,86400,0,0.0,0.0
2024-09-24,RS01SLBS-MJ01A-06-PRESTA101,2,True,86400,86400,0,0.0,0.0
2024-09-25,RS01SLBS-MJ01A-06-PRESTA101,2,True,86400,86400,0,0.0,0.0
2024-09-26,RS01SLBS-MJ01A-06-PRESTA101,2,True,86400,86400,0,0.0,0.0
2024-09-27,RS01SLBS-MJ01A-06-PRESTA101,2,True,86400,86400,0,0.0,0.0
2024-09-28,RS01SLBS-MJ01A-06-PRESTA101,2,True,86400,86400,0,0.0,0.0
2024-09-29,RS01SLBS-MJ01A-06-PRESTA101,2,True,86400,86400,0,0.0,0.0
2024-09-30,RS01SLBS-MJ01A-06-PRESTA101,2,True,86400,86400,0,0.0,0.0
2024-10-01,RS01SLBS-MJ01A-06-PRESTA101,2,True,86400,86400,0,0.0,0.0
2024-10-02,RS01SLBS-MJ01A-06-PRESTA101,2,True,86400,86400,0,0.0,0.0
2024-10-03,RS01SLBS-MJ01A-06-PRESTA101,2,True,84962,86400,1438,1.6644,1.6644
2024-10-04,RS01SLBS-MJ01A-06-PRESTA101,2,True,86400,86400,0,0.0,0.0
2024-10-05,RS01SLBS-MJ01A-06-PRESTA101,2,True,86400,86400,0,0.0,0.0
2024-10-06,RS01SLBS-MJ01A-06-PRESTA101,2,True,85222,86400,1178,1.3634,1.3634
2024-10-07,RS01SLBS-MJ01A-06-PRESTA101,2,True,86400,86400,0,0.0,0.0
2024-10-08,RS01SLBS-MJ01A-06-PRESTA101,2,True,86400,86400,0,0.0,0.0
2024-10-09,RS01SLBS-MJ01A-06-PRESTA101,2,True,86400,86400,0,0.0,0.0
2024-10-10,RS01SLBS-MJ01A-06-PRESTA101,2,True,86400,86400,0,0.0,0.0
2024-10-11,RS01SLBS-MJ01A-06-PRESTA101,2,True,86400,86400,0,0.0,0.0
2024-10-12,RS01SLBS-MJ01A-06-PRESTA101,2,True,86400,86400,0,0.0,0.0
2024-10-13,RS01SLBS-MJ01A-06-PRESTA101,2,True,86400,86400,0,0.0,0.0
2024-10-14,RS01SLBS-MJ01A-06-PRESTA101,2,True,86400,86400,0,0.0,0.0
2024-10-15,RS01SLBS-MJ01A-06-PRESTA101,2,True,86400,86400,0,0.0,0.0
2024-10-16,RS01SLBS-MJ01A-06-PRESTA101,2,True,86400,86400,0,0.0,0.0
2024-10-17,RS01SLBS-MJ01A-06-PRESTA101,2,True,86400,86400,0,0.0,0.0
2024-10-18,RS01SLBS-MJ01A-06-PRESTA101,2,True,86400,86400,0,0.0,0.0
2024-10-19,RS01SLBS-MJ01A-06-PRESTA101,2,True,86400,86400,0,0.0,0.0
2024-10-20,RS01SLBS-MJ01A-06-PRESTA101,2,True,86400,86400,0,0.0,0.0
2024-10-21,RS01SLBS-MJ01A-06-PRESTA101,2,True,86400,86400,0,0.0,0.0
2024-10-22,RS01SLBS-MJ01A-06-PRESTA101,2,True,86400,86400,0,0.0,0.0
2024-10-23,RS01SLBS-MJ01A-06-PRESTA101,2,True,86400,86400,0,0.0,0.0
2024-10-24,RS01SLBS-MJ01A-06-PRESTA101,2,True,86400,86400,0,0.0,0.0
2024-10-25,RS01SLBS-MJ01A-06-PRESTA101,2,True,86400,86400,0,0.0,0.0
2024-10-26,RS01SLBS-MJ01A-06-PRESTA101,2,True,86400,86400,0,0.0,0.0
2024-10-27,RS01SLBS-MJ01A-06-PRESTA101,2,True,86399,86399,0,0.0,0.0012
2024-10-28,RS01SLBS-MJ01A-06-PRESTA101,2,True,86400,86400,0,0.0,0.0
2024-10-29,RS01SLBS-MJ01A-06-PRESTA101,2,True,86400,86400,0,0.0,0.0
2024-10-30,RS01SLBS-MJ01A-06-PRESTA101,2,True,86400,86400,0,0.0,0.0
2024-10-31,RS01SLBS-MJ01A-06-PRESTA101,2,True,86400,86400,0,0.0,0.0
2024-11-01,RS01SLBS-MJ01A-06-PRESTA101,2,True,86400,86400,0,0.0,0.0
2024-11-02,RS01SLBS-MJ01A-06-PRESTA101,2,True,86400,86400,0,0.0,0.0
2024-11-03,RS01SLBS-MJ01A-06-PRESTA101,2,True,86400,86400,0,0.0,0.0
2024-11-04,RS01SLBS-MJ01A-06-PRESTA101,2,True,86400,86400,0,0.0,0.0
2024-11-05,RS01SLBS-MJ01A-06-PRESTA101,2,True,86400,86400,0,0.0,0.0
2024-11-06,RS01SLBS-MJ01A-06-PRESTA101,2,True,86400,86400,0,0.0,0.0
2024-11-07,RS01SLBS-MJ01A-06-PRESTA101,2,True,86400,86400,0,0.0,0.0
2024-11-08,RS01SLBS-MJ01A-06-PRESTA101,2,True,86400,86400,0,0.0,0.0
2024-11-09,RS01SLBS-MJ01A-06-PRESTA101,2,True,86400,86400,0,0.0,0.0
2024-11-10,RS01SLBS-MJ01A-06-PRESTA101,2,True,86400,86400,0,0.0,0.0
2024-11-11,RS01SLBS-MJ01A-06-PRESTA101,2,True,86400,86400,0,0.0,0.0
2024-11-12,RS01SLBS-MJ01A-06-PRESTA101,2,True,86400,86400,0,0.0,0.0
2024-11-13,RS01SLBS-MJ01A-06-PRESTA101,2,True,86400,86400,0,0.0,0.0
2024-11-14,RS01SLBS-MJ01A-06-PRESTA101,2,True,86400,86400,0,0.0,0.0
2024-11-15,RS01SLBS-MJ01A-06-PRESTA101,2,True,86400,86400,0,0.0,0.0
2024-11-16,RS01SLBS-MJ01A-06-PRESTA101,2,True,86400,86400,0,0.0,0.0
2024-11-17,RS01SLBS-MJ01A-06-PRESTA101,2,True,86400,86400,0,0.0,0.0
2024-11-18,RS01SLBS-MJ01A-06-PRESTA101,2,True,86400,86400,0,0.0,0.0
2024-11-19,RS01SLBS-MJ01A-06-PRESTA101,2,True,86400,86400,0,0.0,0.0
2024-11-20,RS01SLBS-MJ01A-06-PRESTA101,2,True,86400,86400,0,0.0,0.0
2024-11-21,RS01SLBS-MJ01A-06-PRESTA101,2,True,86400,86400,0,0.0,0.0
2024-11-22,RS01SLBS-MJ01A-06-PRESTA101,2,True,86400,86400,0,0.0,0.0
2024-11-23,RS01SLBS-MJ01A-06-PRESTA101,2,True,86400,86400,0,0.0,0.0
2024-11-24,RS01SLBS-MJ01A-06-PRESTA101,2,True,86400,86400,0,0.0,0.0
2024-11-25,RS01SLBS-MJ01A-06-PRESTA101,2,True,86400,86400,0,0.0,0.0
2024-11-26,RS01SLBS-MJ01A-06-PRESTA101,2,True,86400,86400,0,0.0,0.0
2024-11-27,RS01SLBS-MJ01A-06-PRESTA101,2,True,86400,86400,0,0.0,0.0
2024-11-28,RS01SLBS-MJ01A-06-PRESTA101,2,True,86400,86400,0,0.0,0.0
2024-11-29,RS01SLBS-MJ01A-06-PRESTA101,2,True,86400,86400,0,0.0,0.0
2024-11-30,RS01SLBS-MJ01A-06-PRESTA101,2,True,86400,86400,0,0.0,0.0
2024-12-01,RS01SLBS-MJ01A-06-PRESTA101,2,True,86400,86400,0,0.0,0.0
2024-12-02,RS01SLBS-MJ01A-06-PRESTA101,2,True,86400,86400,0,0.0,0.0
2024-12-03,RS01SLBS-MJ01A-06-PRESTA101,2,True,86400,86400,0,0.0,0.0
2024-12-04,RS01SLBS-MJ01A-06-PRESTA101,2,True,86400,86400,0,0.0,0.0
2024-12-05,RS01SLBS-MJ01A-06-PRESTA101,2,True,86400,86400,0,0.0,0.0
2024-12-06,RS01SLBS-MJ01A-06-PRESTA101,2,True,86400,86400,0,0.0,0.0
2024-12-07,RS01SLBS-MJ01A-06-PRESTA101,2,True,86400,86400,0,0.0,0.0
2024-12-08,RS01SLBS-MJ01A-06-PRESTA101,2,True,86400,86400,0,0.0,0.0
2024-12-09,RS01SLBS-MJ01A-06-PRESTA101,2,True,86399,86399,0,0.0,0.0012
2024-12-10,RS01SLBS-MJ01A-06-PRESTA101,2,True,86400,86400,0,0.0,0.0
2024-12-11,RS01SLBS-MJ01A-06-PRESTA101,2,True,52528,52528,0,0.0,39.2037
2024-12-12,RS01SLBS-MJ01A-06-PRESTA101,2,True,76647,76663,16,0.0209,11.2882
2024-12-13,RS01SLBS-MJ01A-06-PRESTA101,2,True,86400,86400,0,0.0,0.0
2024-12-14,RS01SLBS-MJ01A-06-PRESTA101,2,True,54268,86383,32115,37.1775,37.1898
2024-12-15,RS01SLBS-MJ01A-06-PRESTA101,2,True,86400,86400,0,0.0,0.0
2024-12-16,RS01SLBS-MJ01A-06-PRESTA101,2,True,86400,86400,0,0.0,0.0
2024-12-17,RS01SLBS-MJ01A-06-PRESTA101,2,True,86400,86400,0,0.0,0.0
2024-12-18,RS01SLBS-MJ01A-06-PRESTA101,2,True,86400,86400,0,0.0,0.0
2024-12-19,RS01SLBS-MJ01A-06-PRESTA101,2,True,86400,86400,0,0.0,0.0
2024-12-20,RS01SLBS-MJ01A-06-PRESTA101,2,True,86400,86400,0,0.0,0.0
2024-12-21,RS01SLBS-MJ01A-06-PRESTA101,2,True,86400,86400,0,0.0,0.0
2024-12-22,RS01SLBS-MJ01A-06-PRESTA101,2,True,86400,86400,0,0.0,0.0
2024-12-23,RS01SLBS-MJ01A-06-PRESTA101,2,True,86400,86400,0,0.0,0.0
2024-12-24,RS01SLBS-MJ01A-06-PRESTA101,2,True,86400,86400,0,0.0,0.0
2024-12-25,RS01SLBS-MJ01A-06-PRESTA101,2,True,86400,86400,0,0.0,0.0
2024-12-26,RS01SLBS-MJ01A-06-PRESTA101,2,True,86400,86400,0,0.0,0.0
2024-12-27,RS01SLBS-MJ01A-06-PRESTA101,2,True,86400,86400,0,0.0,0.0
2024-12-28,RS01SLBS-MJ01A-06-PRESTA101,2,True,86400,86400,0,0.0,0.0
2024-12-29,RS01SLBS-MJ01A-06-PRESTA101,2,True,86400,86400,0,0.0,0.0
2024-12-30,RS01SLBS-MJ01A-06-PRESTA101,2,True,86400,86400,0,0.0,0.0
2024-12-31,RS01SLBS-MJ01A-06-PRESTA101,2,True,86400,86400,0,0.0,0.0
2025-01-01,RS01SLBS-MJ01A-06-PRESTA101,2,True,86400,86400,0,0.0,0.0
2025-01-02,RS01SLBS-MJ01A-06-PRESTA101,2,True,86400,86400,0,0.0,0.0
2025-01-03,RS01SLBS-MJ01A-06-PRESTA101,2,True,86400,86400,0,0.0,0.0
2025-01-04,RS01SLBS-MJ01A-06-PRESTA101,2,True,86400,86400,0,0.0,0.0
2025-01-05,RS01SLBS-MJ01A-06-PRESTA101,2,True,86400,86400,0,0.0,0.0
2025-01-06,RS01SLBS-MJ01A-06-PRESTA101,2,True,86400,86400,0,0.0,0.0
2025-01-07,RS01SLBS-MJ01A-06-PRESTA101,2,True,86400,86400,0,0.0,0.0
2025-01-08,RS01SLBS-MJ01A-06-PRESTA101,2,True,85388,86399,1011,1.1702,1.1713
2025-01-09,RS01SLBS-MJ01A-06-PRESTA101,2,True,86400,86400,0,0.0,0.0
2025-01-10,RS01SLBS-MJ01A-06-PRESTA101,2,True,86400,86400,0,0.0,0.0
2025-01-11,RS01SLBS-MJ01A-06-PRESTA101,2,True,86400,86400,0,0.0,0.0
2025-01-12,RS01SLBS-MJ01A-06-PRESTA101,2,True,86400,86400,0,0.0,0.0
2025-01-13,RS01SLBS-MJ01A-06-PRESTA101,2,True,86400,86400,0,0.0,0.0
2025-01-14,RS01SLBS-MJ01A-06-PRESTA101,2,True,86272,86400,128,0.1481,0.1481
2025-01-15,RS01SLBS-MJ01A-06-PRESTA101,2,True,86400,86400,0,0.0,0.0
2025-01-16,RS01SLBS-MJ01A-06-PRESTA101,2,True,86400,86400,0,0.0,0.0
2025-01-17,RS01SLBS-MJ01A-06-PRESTA101,2,True,86400,86400,0,0.0,0.0
2025-01-18,RS01SLBS-MJ01A-06-PRESTA101,2,True,86400,86400,0,0.0,0.0
2025-01-19,RS01SLBS-MJ01A-06-PRESTA101,2,True,86400,86400,0,0.0,0.0
2025-01-20,RS01SLBS-MJ01A-06-PRESTA101,2,True,86400,86400,0,0.0,0.0
2025-01-21,RS01SLBS-MJ01A-06-PRESTA101,2,True,86397,86399,2,0.0023,0.0035
2025-01-22,RS01SLBS-MJ01A-06-PRESTA101,2,True,86400,86400,0,0.0,0.0
2025-01-23,RS01SLBS-MJ01A-06-PRESTA101,2,True,86400,86400,0,0.0,0.0
2025-01-24,RS01SLBS-MJ01A-06-PRESTA101,2,True,85238,86400,1162,1.3449,1.3449
2025-01-25,RS01SLBS-MJ01A-06-PRESTA101,2,True,84396,86400,2004,2.3194,2.3194
2025-01-26,RS01SLBS-MJ01A-06-PRESTA101,2,True,86400,86400,0,0.0,0.0
2025-01-27,RS01SLBS-MJ01A-06-PRESTA101,2,True,86400,86400,0,0.0,0.0
2025-01-28,RS01SLBS-MJ01A-06-PRESTA101,2,True,86400,86400,0,0.0,0.0
2025-01-29,RS01SLBS-MJ01A-06-PRESTA101,2,True,73470,73470,0,0.0,14.9653
2025-01-30,RS01SLBS-MJ01A-06-PRESTA101,2,True,75487,75588,101,0.1336,12.6308
2025-01-31,RS01SLBS-MJ01A-06-PRESTA101,2,True,30796,86371,55575,64.3445,64.3565
2025-02-01,RS01SLBS-MJ01A-06-PRESTA101,2,True,86400,86400,0,0.0,0.0
2025-02-02,RS01SLBS-MJ01A-06-PRESTA101,2,True,86400,86400,0,0.0,0.0
2025-02-03,RS01SLBS-MJ01A-06-PRESTA101,2,True,86400,86400,0,0.0,0.0
2025-02-04,RS01SLBS-MJ01A-06-PRESTA101,2,True,86400,86400,0,0.0,0.0
2025-02-05,RS01SLBS-MJ01A-06-PRESTA101,2,True,86400,86400,0,0.0,0.0
2025-02-06,RS01SLBS-MJ01A-06-PRESTA101,2,True,86400,86400,0,0.0,0.0
2025-02-07,RS01SLBS-MJ01A-06-PRESTA101,2,True,86400,86400,0,0.0,0.0
2025-02-08,RS01SLBS-MJ01A-06-PRESTA101,2,True,86400,86400,0,0.0,0.0
2025-02-09,RS01SLBS-MJ01A-06-PRESTA101,2,True,86400,86400,0,0.0,0.0
2025-02-10,RS01SLBS-MJ01A-06-PRESTA101,2,True,86400,86400,0,0.0,0.0
2025-02-11,RS01SLBS-MJ01A-06-PRESTA101,2,True,86400,86400,0,0.0,0.0
2025-02-12,RS01SLBS-MJ01A-06-PRESTA101,2,True,86400,86400,0,0.0,0.0
2025-02-13,RS01SLBS-MJ01A-06-PRESTA101,2,True,86400,86400,0,0.0,0.0
2025-02-14,RS01SLBS-MJ01A-06-PRESTA101,2,True,86400,86400,0,0.0,0.0
2025-02-15,RS01SLBS-MJ01A-06-PRESTA101,2,True,86400,86400,0,0.0,0.0
2025-02-16,RS01SLBS-MJ01A-06-PRESTA101,2,True,86400,86400,0,0.0,0.0
2025-02-17,RS01SLBS-MJ01A-06-PRESTA101,2,True,86400,86400,0,0.0,0.0
2025-02-18,RS01SLBS-MJ01A-06-PRESTA101,2,True,86400,86400,0,0.0,0.0
2025-02-19,RS01SLBS-MJ01A-06-PRESTA101,2,True,86400,86400,0,0.0,0.0
2025-02-20,RS01SLBS-MJ01A-06-PRESTA101,2,True,86400,86400,0,0.0,0.0
2025-02-21,RS01SLBS-MJ01A-06-PRESTA101,2,True,86400,86400,0,0.0,0.0
2025-02-22,RS01SLBS-MJ01A-06-PRESTA101,2,True,86399,86399,0,0.0,0.0012
2025-02-23,RS01SLBS-MJ01A-06-PRESTA101,2,True,86400,86400,0,0.0,0.0
2025-02-24,RS01SLBS-MJ01A-06-PRESTA101,2,True,86400,86400,0,0.0,0.0
2025-02-25,RS01SLBS-MJ01A-06-PRESTA101,2,True,86400,86400,0,0.0,0.0
2025-02-26,RS01SLBS-MJ01A-06-PRESTA101,2,True,86400,86400,0,0.0,0.0
2025-02-27,RS01SLBS-MJ01A-06-PRESTA101,2,True,86400,86400,0,0.0,0.0
2025-02-28,RS01SLBS-MJ01A-06-PRESTA101,2,True,86400,86400,0,0.0,0.0
2025-03-01,RS01SLBS-MJ01A-06-PRESTA101,2,True,86400,86400,0,0.0,0.0
2025-03-02,RS01SLBS-MJ01A-06-PRESTA101,2,True,86400,86400,0,0.0,0.0
2025-03-03,RS01SLBS-MJ01A-06-PRESTA101,2,True,86400,86400,0,0.0,0.0
2025-03-04,RS01SLBS-MJ01A-06-PRESTA101,2,True,86400,86400,0,0.0,0.0
2025-03-05,RS01SLBS-MJ01A-06-PRESTA101,2,True,86400,86400,0,0.0,0.0
2025-03-06,RS01SLBS-MJ01A-06-PRESTA101,2,True,86400,86400,0,0.0,0.0
2025-03-07,RS01SLBS-MJ01A-06-PRESTA101,2,True,86400,86400,0,0.0,0.0
2025-03-08,RS01SLBS-MJ01A-06-PRESTA101,2,True,86400,86400,0,0.0,0.0
2025-03-09,RS01SLBS-MJ01A-06-PRESTA101,2,True,86400,86400,0,0.0,0.0
2025-03-10,RS01SLBS-MJ01A-06-PRESTA101,2,True,86400,86400,0,0.0,0.0
2025-03-11,RS01SLBS-MJ01A-06-PRESTA101,2,True,86400,86400,0,0.0,0.0
2025-03-12,RS01SLBS-MJ01A-06-PRESTA101,2,True,86400,86400,0,0.0,0.0
2025-03-13,RS01SLBS-MJ01A-06-PRESTA101,2,True,86400,86400,0,0.0,0.0
2025-03-14,RS01SLBS-MJ01A-06-PRESTA101,2,True,86400,86400,0,0.0,0.0
2025-03-15,RS01SLBS-MJ01A-06-PRESTA101,2,True,86400,86400,0,0.0,0.0
2025-03-16,RS01SLBS-MJ01A-06-PRESTA101,2,True,86400,86400,0,0.0,0.0
2025-03-17,RS01SLBS-MJ01A-06-PRESTA101,2,True,86400,86400,0,0.0,0.0
2025-03-18,RS01SLBS-MJ01A-06-PRESTA101,2,True,86400,86400,0,0.0,0.0
2025-03-19,RS01SLBS-MJ01A-06-PRESTA101,2,True,86400,86400,0,0.0,0.0
2025-03-20,RS01SLBS-MJ01A-06-PRESTA101,2,True,86400,86400,0,0.0,0.0
2025-03-21,RS01SLBS-MJ01A-06-PRESTA101,2,True,85799,86400,601,0.6956,0.6956
2025-03-22,RS01SLBS-MJ01A-06-PRESTA101,2,True,86400,86400,0,0.0,0.0
2025-03-23,RS01SLBS-MJ01A-06-PRESTA101,2,True,86400,86400,0,0.0,0.0
2025-03-24,RS01SLBS-MJ01A-06-PRESTA101,2,True,86399,86399,0,0.0,0.0012
2025-03-25,RS01SLBS-MJ01A-06-PRESTA101,2,True,86400,86400,0,0.0,0.0
2025-03-26,RS01SLBS-MJ01A-06-PRESTA101,2,True,85808,86400,592,0.6852,0.6852
2025-03-27,RS01SLBS-MJ01A-06-PRESTA101,2,True,86400,86400,0,0.0,0.0
2025-03-28,RS01SLBS-MJ01A-06-PRESTA101,2,True,86400,86400,0,0.0,0.0
2025-03-29,RS01SLBS-MJ01A-06-PRESTA101,2,True,86400,86400,0,0.0,0.0
2025-03-30,RS01SLBS-MJ01A-06-PRESTA101,2,True,86400,86400,0,0.0,0.0
2025-03-31,RS01SLBS-MJ01A-06-PRESTA101,2,True,86400,86400,0,0.0,0.0
2025-04-01,RS01SLBS-MJ01A-06-PRESTA101,2,True,63005,86388,23383,27.0674,27.0775
2025-04-02,RS01SLBS-MJ01A-06-PRESTA101,2,True,86400,86400,0,0.0,0.0
2025-04-03,RS01SLBS-MJ01A-06-PRESTA101,2,True,86400,86400,0,0.0,0.0
2025-04-04,RS01SLBS-MJ01A-06-PRESTA101,2,True,86400,86400,0,0.0,0.0
2025-04-05,RS01SLBS-MJ01A-06-PRESTA101,2,True,86400,86400,0,0.0,0.0
2025-04-06,RS01SLBS-MJ01A-06-PRESTA101,2,True,86400,86400,0,0.0,0.0
2025-04-07,RS01SLBS-MJ01A-06-PRESTA101,2,True,86400,86400,0,0.0,0.0
2025-04-08,RS01SLBS-MJ01A-06-PRESTA101,2,True,86400,86400,0,0.0,0.0
2025-04-09,RS01SLBS-MJ01A-06-PRESTA101,2,True,86400,86400,0,0.0,0.0
2025-04-10,RS01SLBS-MJ01A-06-PRESTA101,2,True,86400,86400,0,0.0,0.0
2025-04-11,RS01SLBS-MJ01A-06-PRESTA101,2,True,86400,86400,0,0.0,0.0
2025-04-12,RS01SLBS-MJ01A-06-PRESTA101,2,True,86400,86400,0,0.0,0.0
2025-04-13,RS01SLBS-MJ01A-06-PRESTA101,2,True,86400,86400,0,0.0,0.0
2025-04-14,RS01SLBS-MJ01A-06-PRESTA101,2,True,86400,86400,0,0.0,0.0
2025-04-15,RS01SLBS-MJ01A-06-PRESTA101,2,True,86400,86400,0,0.0,0.0
2025-04-16,RS01SLBS-MJ01A-06-PRESTA101,2,True,86400,86400,0,0.0,0.0
2025-04-17,RS01SLBS-MJ01A-06-PRESTA101,2,True,86400,86400,0,0.0,0.0
2025-04-18,RS01SLBS-MJ01A-06-PRESTA101,2,True,86400,86400,0,0.0,0.0
2025-04-19,RS01SLBS-MJ01A-06-PRESTA101,2,True,86400,86400,0,0.0,0.0
2025-04-20,RS01SLBS-MJ01A-06-PRESTA101,2,True,86400,86400,0,0.0,0.0
2025-04-21,RS01SLBS-MJ01A-06-PRESTA101,2,True,86400,86400,0,0.0,0.0
2025-04-22,RS01SLBS-MJ01A-06-PRESTA101,2,True,86400,86400,0,0.0,0.0
2025-04-23,RS01SLBS-MJ01A-06-PRESTA101,2,True,86399,86399,0,0.0,0.0012
2025-04-24,RS01SLBS-MJ01A-06-PRESTA101,2,True,86400,86400,0,0.0,0.0
2025-04-25,RS01SLBS-MJ01A-06-PRESTA101,2,True,86400,86400,0,0.0,0.0
2025-04-26,RS01SLBS-MJ01A-06-PRESTA101,2,True,86400,86400,0,0.0,0.0
2025-04-27,RS01SLBS-MJ01A-06-PRESTA101,2,True,86400,86400,0,0.0,0.0
2025-04-28,RS01SLBS-MJ01A-06-PRESTA101,2,True,86400,86400,0,0.0,0.0
2025-04-29,RS01SLBS-MJ01A-06-PRESTA101,2,True,86400,86400,0,0.0,0.0
2025-04-30,RS01SLBS-MJ01A-06-PRESTA101,2,True,86400,86400,0,0.0,0.0
2025-05-01,RS01SLBS-MJ01A-06-PRESTA101,2,True,86400,86400,0,0.0,0.0
2025-05-02,RS01SLBS-MJ01A-06-PRESTA101,2,True,86400,86400,0,0.0,0.0
2025-05-03,RS01SLBS-MJ01A-06-PRESTA101,2,True,86400,86400,0,0.0,0.0
2025-05-04,RS01SLBS-MJ01A-06-PRESTA101,2,True,86400,86400,0,0.0,0.0
2025-05-05,RS01SLBS-MJ01A-06-PRESTA101,2,True,86400,86400,0,0.0,0.0
2025-05-06,RS01SLBS-MJ01A-06-PRESTA101,2,True,86400,86400,0,0.0,0.0
2025-05-07,RS01SLBS-MJ01A-06-PRESTA101,2,True,86400,86400,0,0.0,0.0
2025-05-08,RS01SLBS-MJ01A-06-PRESTA101,2,True,86400,86400,0,0.0,0.0
2025-05-09,RS01SLBS-MJ01A-06-PRESTA101,2,True,86400,86400,0,0.0,0.0
2025-05-10,RS01SLBS-MJ01A-06-PRESTA101,2,True,86400,86400,0,0.0,0.0
2025-05-11,RS01SLBS-MJ01A-06-PRESTA101,2,True,86400,86400,0,0.0,0.0
2025-05-12,RS01SLBS-MJ01A-06-PRESTA101,2,True,86400,86400,0,0.0,0.0
2025-05-13,RS01SLBS-MJ01A-06-PRESTA101,2,True,56292,56292,0,0.0,34.8472
2025-05-14,RS01SLBS-MJ01A-06-PRESTA101,2,False,0,0,,,
2025-05-15,RS01SLBS-MJ01A-06-PRESTA101,2,True,9745,9745,0,0.0,88.7211
2025-05-16,RS01SLBS-MJ01A-06-PRESTA101,2,True,86400,86400,0,0.0,0.0
2025-05-17,RS01SLBS-MJ01A-06-PRESTA101,2,True,86400,86400,0,0.0,0.0
2025-05-18,RS01SLBS-MJ01A-06-PRESTA101,2,True,86400,86400,0,0.0,0.0
2025-05-19,RS01SLBS-MJ01A-06-PRESTA101,2,True,86400,86400,0,0.0,0.0
2025-05-20,RS01SLBS-MJ01A-06-PRESTA101,2,True,86400,86400,0,0.0,0.0
2025-05-21,RS01SLBS-MJ01A-06-PRESTA101,2,True,86400,86400,0,0.0,0.0
2025-05-22,RS01SLBS-MJ01A-06-PRESTA101,2,True,86398,86400,2,0.0023,0.0023
2025-05-23,RS01SLBS-MJ01A-06-PRESTA101,2,True,86400,86400,0,0.0,0.0
2025-05-24,RS01SLBS-MJ01A-06-PRESTA101,2,True,86400,86400,0,0.0,0.0
2025-05-25,RS01SLBS-MJ01A-06-PRESTA101,2,True,86400,86400,0,0.0,0.0
2025-05-26,RS01SLBS-MJ01A-06-PRESTA101,2,True,86400,86400,0,0.0,0.0
2025-05-27,RS01SLBS-MJ01A-06-PRESTA101,2,True,86400,86400,0,0.0,0.0
2025-05-28,RS01SLBS-MJ01A-06-PRESTA101,2,True,86400,86400,0,0.0,0.0
2025-05-29,RS01SLBS-MJ01A-06-PRESTA101,2,True,86400,86400,0,0.0,0.0
2025-05-30,RS01SLBS-MJ01A-06-PRESTA101,2,True,86400,86400,0,0.0,0.0
2025-05-31,RS01SLBS-MJ01A-06-PRESTA101,2,True,86400,86400,0,0.0,0.0
2025-06-01,RS01SLBS-MJ01A-06-PRESTA101,2,True,86400,86400,0,0.0,0.0
2025-06-02,RS01SLBS-MJ01A-06-PRESTA101,2,True,86400,86400,0,0.0,0.0
2025-06-03,RS01SLBS-MJ01A-06-PRESTA101,2,True,86399,86399,0,0.0,0.0012
2025-06-04,RS01SLBS-MJ01A-06-PRESTA101,2,True,86400,86400,0,0.0,0.0
2025-06-05,RS01SLBS-MJ01A-06-PRESTA101,2,True,86400,86400,0,0.0,0.0
2025-06-06,RS01SLBS-MJ01A-06-PRESTA101,2,True,86400,86400,0,0.0,0.0
2025-06-07,RS01SLBS-MJ01A-06-PRESTA101,2,True,86400,86400,0,0.0,0.0
2025-06-08,RS01SLBS-MJ01A-06-PRESTA101,2,True,86400,86400,0,0.0,0.0
2025-06-09,RS01SLBS-MJ01A-06-PRESTA101,2,True,86400,86400,0,0.0,0.0
2025-06-10,RS01SLBS-MJ01A-06-PRESTA101,2,True,86400,86400,0,0.0,0.0
2025-06-11,RS01SLBS-MJ01A-06-PRESTA101,2,True,86400,86400,0,0.0,0.0
2025-06-12,RS01SLBS-MJ01A-06-PRESTA101,2,True,86400,86400,0,0.0,0.0
2025-06-13,RS01SLBS-MJ01A-06-PRESTA101,2,True,86400,86400,0,0.0,0.0
2025-06-14,RS01SLBS-MJ01A-06-PRESTA101,2,True,86400,86400,0,0.0,0.0
2025-06-15,RS01SLBS-MJ01A-06-PRESTA101,2,True,86400,86400,0,0.0,0.0
2025-06-16,RS01SLBS-MJ01A-06-PRESTA101,2,True,86400,86400,0,0.0,0.0
2025-06-17,RS01SLBS-MJ01A-06-PRESTA101,2,True,86400,86400,0,0.0,0.0
2025-06-18,RS01SLBS-MJ01A-06-PRESTA101,2,True,86400,86400,0,0.0,0.0
2025-06-19,RS01SLBS-MJ01A-06-PRESTA101,2,True,86400,86400,0,0.0,0.0
2025-06-20,RS01SLBS-MJ01A-06-PRESTA101,2,True,86400,86400,0,0.0,0.0
2025-06-21,RS01SLBS-MJ01A-06-PRESTA101,2,True,86400,86400,0,0.0,0.0
2025-06-22,RS01SLBS-MJ01A-06-PRESTA101,2,True,86400,86400,0,0.0,0.0
2025-06-23,RS01SLBS-MJ01A-06-PRESTA101,2,True,86400,86400,0,0.0,0.0
2025-06-24,RS01SLBS-MJ01A-06-PRESTA101,2,True,86400,86400,0,0.0,0.0
2025-06-25,RS01SLBS-MJ01A-06-PRESTA101,2,True,86400,86400,0,0.0,0.0
2025-06-26,RS01SLBS-MJ01A-06-PRESTA101,2,True,86400,86400,0,0.0,0.0
2025-06-27,RS01SLBS-MJ01A-06-PRESTA101,2,True,86400,86400,0,0.0,0.0
2025-06-28,RS01SLBS-MJ01A-06-PRESTA101,2,True,86400,86400,0,0.0,0.0
2025-06-29,RS01SLBS-MJ01A-06-PRESTA101,2,True,86400,86400,0,0.0,0.0
2025-06-30,RS01SLBS-MJ01A-06-PRESTA101,2,True,86400,86400,0,0.0,0.0
2025-07-01,RS01SLBS-MJ01A-06-PRESTA101,2,True,86400,86400,0,0.0,0.0
2025-07-02,RS01SLBS-MJ01A-06-PRESTA101,2,True,86400,86400,0,0.0,0.0
2025-07-03,RS01SLBS-MJ01A-06-PRESTA101,2,True,86400,86400,0,0.0,0.0
2025-07-04,RS01SLBS-MJ01A-06-PRESTA101,2,True,86400,86400,0,0.0,0.0
2025-07-05,RS01SLBS-MJ01A-06-PRESTA101,2,True,86400,86400,0,0.0,0.0
2025-07-06,RS01SLBS-MJ01A-06-PRESTA101,2,True,86400,86400,0,0.0,0.0
2025-07-07,RS01SLBS-MJ01A-06-PRESTA101,2,True,86400,86400,0,0.0,0.0
2025-07-08,RS01SLBS-MJ01A-06-PRESTA101,2,True,86400,86400,0,0.0,0.0
2025-07-09,RS01SLBS-MJ01A-06-PRESTA101,2,True,86400,86400,0,0.0,0.0
2025-07-10,RS01SLBS-MJ01A-06-PRESTA101,2,True,86400,86400,0,0.0,0.0
2025-07-11,RS01SLBS-MJ01A-06-PRESTA101,2,True,86400,86400,0,0.0,0.0
2025-07-12,RS01SLBS-MJ01A-06-PRESTA101,2,True,86400,86400,0,0.0,0.0
2025-07-13,RS01SLBS-MJ01A-06-PRESTA101,2,True,86400,86400,0,0.0,0.0
2025-07-14,RS01SLBS-MJ01A-06-PRESTA101,2,True,86400,86400,0,0.0,0.0
2025-07-15,RS01SLBS-MJ01A-06-PRESTA101,2,True,86400,86400,0,0.0,0.0
2025-07-16,RS01SLBS-MJ01A-06-PRESTA101,2,True,86400,86400,0,0.0,0.0
2025-07-17,RS01SLBS-MJ01A-06-PRESTA101,2,True,86399,86399,0,0.0,0.0012
2025-07-18,RS01SLBS-MJ01A-06-PRESTA101,2,True,86400,86400,0,0.0,0.0
2025-07-19,RS01SLBS-MJ01A-06-PRESTA101,2,True,86400,86400,0,0.0,0.0
2025-07-20,RS01SLBS-MJ01A-06-PRESTA101,2,True,86400,86400,0,0.0,0.0
2025-07-21,RS01SLBS-MJ01A-06-PRESTA101,2,True,86400,86400,0,0.0,0.0
2025-07-22,RS01SLBS-MJ01A-06-PRESTA101,2,True,86400,86400,0,0.0,0.0
2025-07-23,RS01SLBS-MJ01A-06-PRESTA101,2,True,86400,86400,0,0.0,0.0
2025-07-24,RS01SLBS-MJ01A-06-PRESTA101,2,True,86400,86400,0,0.0,0.0
2025-07-25,RS01SLBS-MJ01A-06-PRESTA101,2,True,86400,86400,0,0.0,0.0
2025-07-26,RS01SLBS-MJ01A-06-PRESTA101,2,True,86400,86400,0,0.0,0.0
2025-07-27,RS01SLBS-MJ01A-06-PRESTA101,2,True,86400,86400,0,0.0,0.0
2025-07-28,RS01SLBS-MJ01A-06-PRESTA101,2,True,86400,86400,0,0.0,0.0
2025-07-29,RS01SLBS-MJ01A-06-PRESTA101,2,True,86400,86400,0,0.0,0.0
2025-07-30,RS01SLBS-MJ01A-06-PRESTA101,2,True,86400,86400,0,0.0,0.0
2025-07-31,RS01SLBS-MJ01A-06-PRESTA101,2,True,86400,86400,0,0.0,0.0
2025-08-01,RS01SLBS-MJ01A-06-PRESTA101,2,True,86400,86400,0,0.0,0.0
2025-08-02,RS01SLBS-MJ01A-06-PRESTA101,2,True,86400,86400,0,0.0,0.0
2025-08-03,RS01SLBS-MJ01A-06-PRESTA101,2,True,86400,86400,0,0.0,0.0
2025-08-04,RS01SLBS-MJ01A-06-PRESTA101,2,True,86400,86400,0,0.0,0.0
2025-08-05,RS01SLBS-MJ01A-06-PRESTA101,2,True,86400,86400,0,0.0,0.0
2025-08-06,RS01SLBS-MJ01A-06-PRESTA101,2,True,86400,86400,0,0.0,0.0
2025-08-07,RS01SLBS-MJ01A-06-PRESTA101,2,True,86400,86400,0,0.0,0.0
2025-08-08,RS01SLBS-MJ01A-06-PRESTA101,2,True,86400,86400,0,0.0,0.0
2025-08-09,RS01SLBS-MJ01A-06-PRESTA101,2,True,86400,86400,0,0.0,0.0
2025-08-10,RS01SLBS-MJ01A-06-PRESTA101,2,True,86400,86400,0,0.0,0.0
2025-08-11,RS01SLBS-MJ01A-06-PRESTA101,2,True,86400,86400,0,0.0,0.0
2025-08-12,RS01SLBS-MJ01A-06-PRESTA101,2,True,86400,86400,0,0.0,0.0
2025-08-13,RS01SLBS-MJ01A-06-PRESTA101,2,True,86400,86400,0,0.0,0.0
2025-08-14,RS01SLBS-MJ01A-06-PRESTA101,2,True,86400,86400,0,0.0,0.0
2025-08-15,RS01SLBS-MJ01A-06-PRESTA101,2,True,86400,86400,0,0.0,0.0
2025-08-16,RS01SLBS-MJ01A-06-PRESTA101,2,True,86400,86400,0,0.0,0.0
2025-08-17,RS01SLBS-MJ01A-06-PRESTA101,2,True,86400,86400,0,0.0,0.0
2025-08-18,RS01SLBS-MJ01A-06-PRESTA101,2,True,86400,86400,0,0.0,0.0
2025-08-19,RS01SLBS-MJ01A-06-PRESTA101,2,True,86400,86400,0,0.0,0.0
2025-08-20,RS01SLBS-MJ01A-06-PRESTA101,2,True,86400,86400,0,0.0,0.0
2025-08-21,RS01SLBS-MJ01A-06-PRESTA101,2,True,86400,86400,0,0.0,0.0
2025-08-22,RS01SLBS-MJ01A-06-PRESTA101,2,True,86400,86400,0,0.0,0.0
2025-08-23,RS01SLBS-MJ01A-06-PRESTA101,2,True,86400,86400,0,0.0,0.0
2025-08-24,RS01SLBS-MJ01A-06-PRESTA101,2,True,86400,86400,0,0.0,0.0
2025-08-25,RS01SLBS-MJ01A-06-PRESTA101,2,True,86400,86400,0,0.0,0.0
2025-08-26,RS01SLBS-MJ01A-06-PRESTA101,2,True,86400,86400,0,0.0,0.0
2025-08-27,RS01SLBS-MJ01A-06-PRESTA101,2,True,86400,86400,0,0.0,0.0
2025-08-28,RS01SLBS-MJ01A-06-PRESTA101,2,True,86400,86400,0,0.0,0.0
2025-08-29,RS01SLBS-MJ01A-06-PRESTA101,2,True,86400,86400,0,0.0,0.0
2025-08-30,RS01SLBS-MJ01A-06-PRESTA101,2,True,86400,86400,0,0.0,0.0
2025-08-31,RS01SLBS-MJ01A-06-PRESTA101,2,True,86399,86399,0,0.0,0.0012
2025-09-01,RS01SLBS-MJ01A-06-PRESTA101,2,True,86400,86400,0,0.0,0.0
2025-09-02,RS01SLBS-MJ01A-06-PRESTA101,2,True,86400,86400,0,0.0,0.0
2025-09-03,RS01SLBS-MJ01A-06-PRESTA101,2,True,86400,86400,0,0.0,0.0
2025-09-04,RS01SLBS-MJ01A-06-PRESTA101,2,True,86400,86400,0,0.0,0.0
2025-09-05,RS01SLBS-MJ01A-06-PRESTA101,2,True,86400,86400,0,0.0,0.0
2025-09-06,RS01SLBS-MJ01A-06-PRESTA101,2,True,86400,86400,0,0.0,0.0
2025-09-07,RS01SLBS-MJ01A-06-PRESTA101,2,True,86400,86400,0,0.0,0.0
2025-09-08,RS01SLBS-MJ01A-06-PRESTA101,2,True,86400,86400,0,0.0,0.0
2025-09-09,RS01SLBS-MJ01A-06-PRESTA101,2,True,86400,86400,0,0.0,0.0
2025-09-10,RS01SLBS-MJ01A-06-PRESTA101,2,True,86400,86400,0,0.0,0.0
2025-09-11,RS01SLBS-MJ01A-06-PRESTA101,2,True,86400,86400,0,0.0,0.0
2025-09-12,RS01SLBS-MJ01A-06-PRESTA101,2,True,86400,86400,0,0.0,0.0
2025-09-13,RS01SLBS-MJ01A-06-PRESTA101,2,True,86400,86400,0,0.0,0.0
2025-09-14,RS01SLBS-MJ01A-06-PRESTA101,2,True,86400,86400,0,0.0,0.0
2025-09-15,RS01SLBS-MJ01A-06-PRESTA101,2,True,86400,86400,0,0.0,0.0
2025-09-16,RS01SLBS-MJ01A-06-PRESTA101,2,True,86400,86400,0,0.0,0.0
2025-09-17,RS01SLBS-MJ01A-06-PRESTA101,2,True,86400,86400,0,0.0,0.0
2025-09-18,RS01SLBS-MJ01A-06-PRESTA101,2,True,86400,86400,0,0.0,0.0
2025-09-19,RS01SLBS-MJ01A-06-PRESTA101,2,True,86400,86400,0,0.0,0.0
2025-09-20,RS01SLBS-MJ01A-06-PRESTA101,2,True,86400,86400,0,0.0,0.0
2025-09-21,RS01SLBS-MJ01A-06-PRESTA101,2,True,86400,86400,0,0.0,0.0
2025-09-22,RS01SLBS-MJ01A-06-PRESTA101,2,True,86400,86400,0,0.0,0.0
2025-09-23,RS01SLBS-MJ01A-06-PRESTA101,2,True,86400,86400,0,0.0,0.0
2025-09-24,RS01SLBS-MJ01A-06-PRESTA101,2,True,86400,86400,0,0.0,0.0
2025-09-25,RS01SLBS-MJ01A-06-PRESTA101,2,True,86400,86400,0,0.0,0.0
2025-09-26,RS01SLBS-MJ01A-06-PRESTA101,2,True,86400,86400,0,0.0,0.0
2025-09-27,RS01SLBS-MJ01A-06-PRESTA101,2,True,86400,86400,0,0.0,0.0
2025-09-28,RS01SLBS-MJ01A-06-PRESTA101,2,True,86400,86400,0,0.0,0.0
2025-09-29,RS01SLBS-MJ01A-06-PRESTA101,2,True,86400,86400,0,0.0,0.0
2025-09-30,RS01SLBS-MJ01A-06-PRESTA101,2,True,86400,86400,0,0.0,0.0
2025-10-01,RS01SLBS-MJ01A-06-PRESTA101,2,True,86400,86400,0,0.0,0.0
2025-10-02,RS01SLBS-MJ01A-06-PRESTA101,2,True,86400,86400,0,0.0,0.0
2025-10-03,RS01SLBS-MJ01A-06-PRESTA101,2,True,86400,86400,0,0.0,0.0
2025-10-04,RS01SLBS-MJ01A-06-PRESTA101,2,True,86400,86400,0,0.0,0.0
2025-10-05,RS01SLBS-MJ01A-06-PRESTA101,2,True,86400,86400,0,0.0,0.0
2025-10-06,RS01SLBS-MJ01A-06-PRESTA101,2,True,86400,86400,0,0.0,0.0
2025-10-07,RS01SLBS-MJ01A-06-PRESTA101,2,True,86400,86400,0,0.0,0.0
2025-10-08,RS01SLBS-MJ01A-06-PRESTA101,2,True,86400,86400,0,0.0,0.0
2025-10-09,RS01SLBS-MJ01A-06-PRESTA101,2,True,86400,86400,0,0.0,0.0
2025-10-10,RS01SLBS-MJ01A-06-PRESTA101,2,True,86400,86400,0,0.0,0.0
2025-10-11,RS01SLBS-MJ01A-06-PRESTA101,2,True,86400,86400,0,0.0,0.0
2025-10-12,RS01SLBS-MJ01A-06-PRESTA101,2,True,86400,86400,0,0.0,0.0
2025-10-13,RS01SLBS-MJ01A-06-PRESTA101,2,True,86400,86400,0,0.0,0.0
2025-10-14,RS01SLBS-MJ01A-06-PRESTA101,2,True,86399,86399,0,0.0,0.0012
2025-10-15,RS01SLBS-MJ01A-06-PRESTA101,2,True,86400,86400,0,0.0,0.0
2025-10-16,RS01SLBS-MJ01A-06-PRESTA101,2,True,86400,86400,0,0.0,0.0
2025-10-17,RS01SLBS-MJ01A-06-PRESTA101,2,True,86400,86400,0,0.0,0.0
2025-10-18,RS01SLBS-MJ01A-06-PRESTA101,2,True,86400,86400,0,0.0,0.0
2025-10-19,RS01SLBS-MJ01A-06-PRESTA101,2,True,86400,86400,0,0.0,0.0
2025-10-20,RS01SLBS-MJ01A-06-PRESTA101,2,True,86400,86400,0,0.0,0.0
2025-10-21,RS01SLBS-MJ01A-06-PRESTA101,2,True,86400,86400,0,0.0,0.0
2025-10-22,RS01SLBS-MJ01A-06-PRESTA101,2,True,86400,86400,0,0.0,0.0
2025-10-23,RS01SLBS-MJ01A-06-PRESTA101,2,True,86400,86400,0,0.0,0.0
2025-10-24,RS01SLBS-MJ01A-06-PRESTA101,2,True,86400,86400,0,0.0,0.0
2025-10-25,RS01SLBS-MJ01A-06-PRESTA101,2,True,86400,86400,0,0.0,0.0
2025-10-26,RS01SLBS-MJ01A-06-PRESTA101,2,True,86400,86400,0,0.0,0.0
2025-10-27,RS01SLBS-MJ01A-06-PRESTA101,2,True,86400,86400,0,0.0,0.0
2025-10-28,RS01SLBS-MJ01A-06-PRESTA101,2,True,86400,86400,0,0.0,0.0
2025-10-29,RS01SLBS-MJ01A-06-PRESTA101,2,True,86400,86400,0,0.0,0.0
2025-10-30,RS01SLBS-MJ01A-06-PRESTA101,2,True,86400,86400,0,0.0,0.0
2025-10-31,RS01SLBS-MJ01A-06-PRESTA101,2,True,85789,86400,611,0.7072,0.7072
2025-11-01,RS01SLBS-MJ01A-06-PRESTA101,2,True,86400,86400,0,0.0,0.0
2025-11-02,RS01SLBS-MJ01A-06-PRESTA101,2,True,86400,86400,0,0.0,0.0
2025-11-03,RS01SLBS-MJ01A-06-PRESTA101,2,True,86298,86400,102,0.1181,0.1181
2025-11-04,RS01SLBS-MJ01A-06-PRESTA101,2,True,85946,86400,454,0.5255,0.5255
2025-11-05,RS01SLBS-MJ01A-06-PRESTA101,2,True,86400,86400,0,0.0,0.0
2025-11-06,RS01SLBS-MJ01A-06-PRESTA101,2,True,86400,86400,0,0.0,0.0
2025-11-07,RS01SLBS-MJ01A-06-PRESTA101,2,True,86400,86400,0,0.0,0.0
2025-11-08,RS01SLBS-MJ01A-06-PRESTA101,2,True,86400,86400,0,0.0,0.0
2025-11-09,RS01SLBS-MJ01A-06-PRESTA101,2,True,86400,86400,0,0.0,0.0
2025-11-10,RS01SLBS-MJ01A-06-PRESTA101,2,True,86400,86400,0,0.0,0.0
2025-11-11,RS01SLBS-MJ01A-06-PRESTA101,2,True,86400,86400,0,0.0,0.0
2025-11-12,RS01SLBS-MJ01A-06-PRESTA101,2,True,86400,86400,0,0.0,0.0
2025-11-13,RS01SLBS-MJ01A-06-PRESTA101,2,True,86400,86400,0,0.0,0.0
2025-11-14,RS01SLBS-MJ01A-06-PRESTA101,2,True,86400,86400,0,0.0,0.0
2025-11-15,RS01SLBS-MJ01A-06-PRESTA101,2,True,86400,86400,0,0.0,0.0
2025-11-16,RS01SLBS-MJ01A-06-PRESTA101,2,True,86400,86400,0,0.0,0.0
2025-11-17,RS01SLBS-MJ01A-06-PRESTA101,2,True,86400,86400,0,0.0,0.0
2025-11-18,RS01SLBS-MJ01A-06-PRESTA101,2,True,86400,86400,0,0.0,0.0
2025-11-19,RS01SLBS-MJ01A-06-PRESTA101,2,True,86400,86400,0,0.0,0.0
2025-11-20,RS01SLBS-MJ01A-06-PRESTA101,2,True,86400,86400,0,0.0,0.0
2025-11-21,RS01SLBS-MJ01A-06-PRESTA101,2,True,86400,86400,0,0.0,0.0
2025-11-22,RS01SLBS-MJ01A-06-PRESTA101,2,True,86400,86400,0,0.0,0.0
2025-11-23,RS01SLBS-MJ01A-06-PRESTA101,2,True,86400,86400,0,0.0,0.0
2025-11-24,RS01SLBS-MJ01A-06-PRESTA101,2,True,86400,86400,0,0.0,0.0
2025-11-25,RS01SLBS-MJ01A-06-PRESTA101,2,True,86400,86400,0,0.0,0.0
2025-11-26,RS01SLBS-MJ01A-06-PRESTA101,2,True,86400,86400,0,0.0,0.0
2025-11-27,RS01SLBS-MJ01A-06-PRESTA101,2,True,86400,86400,0,0.0,0.0
2025-11-28,RS01SLBS-MJ01A-06-PRESTA101,2,True,86400,86400,0,0.0,0.0
2025-11-29,RS01SLBS-MJ01A-06-PRESTA101,2,True,86399,86399,0,0.0,0.0012
2025-11-30,RS01SLBS-MJ01A-06-PRESTA101,2,True,86400,86400,0,0.0,0.0
2025-12-01,RS01SLBS-MJ01A-06-PRESTA101,2,True,86400,86400,0,0.0,0.0
2025-12-02,RS01SLBS-MJ01A-06-PRESTA101,2,True,86400,86400,0,0.0,0.0
2025-12-03,RS01SLBS-MJ01A-06-PRESTA101,2,True,86400,86400,0,0.0,0.0
2025-12-04,RS01SLBS-MJ01A-06-PRESTA101,2,True,86400,86400,0,0.0,0.0
2025-12-05,RS01SLBS-MJ01A-06-PRESTA101,2,True,86400,86400,0,0.0,0.0
2025-12-06,RS01SLBS-MJ01A-06-PRESTA101,2,True,86400,86400,0,0.0,0.0
2025-12-07,RS01SLBS-MJ01A-06-PRESTA101,2,True,86400,86400,0,0.0,0.0
2025-12-08,RS01SLBS-MJ01A-06-PRESTA101,2,True,86400,86400,0,0.0,0.0
2025-12-09,RS01SLBS-MJ01A-06-PRESTA101,2,True,86400,86400,0,0.0,0.0
2025-12-10,RS01SLBS-MJ01A-06-PRESTA101,2,True,86400,86400,0,0.0,0.0
2025-12-11,RS01SLBS-MJ01A-06-PRESTA101,2,True,86400,86400,0,0.0,0.0
2025-12-12,RS01SLBS-MJ01A-06-PRESTA101,2,True,86400,86400,0,0.0,0.0
2025-12-13,RS01SLBS-MJ01A-06-PRESTA101,2,True,86400,86400,0,0.0,0.0
2025-12-14,RS01SLBS-MJ01A-06-PRESTA101,2,True,86400,86400,0,0.0,0.0
2025-12-15,RS01SLBS-MJ01A-06-PRESTA101,2,True,86400,86400,0,0.0,0.0
2025-12-16,RS01SLBS-MJ01A-06-PRESTA101,2,True,86400,86400,0,0.0,0.0
2025-12-17,RS01SLBS-MJ01A-06-PRESTA101,2,True,86400,86400,0,0.0,0.0
2025-12-18,RS01SLBS-MJ01A-06-PRESTA101,2,True,86400,86400,0,0.0,0.0
2025-12-19,RS01SLBS-MJ01A-06-PRESTA101,2,True,86400,86400,0,0.0,0.0
2025-12-20,RS01SLBS-MJ01A-06-PRESTA101,2,True,86400,86400,0,0.0,0.0
2025-12-21,RS01SLBS-MJ01A-06-PRESTA101,2,True,86400,86400,0,0.0,0.0
2025-12-22,RS01SLBS-MJ01A-06-PRESTA101,2,True,86400,86400,0,0.0,0.0
2025-12-23,RS01SLBS-MJ01A-06-PRESTA101,2,True,86400,86400,0,0.0,0.0
2025-12-24,RS01SLBS-MJ01A-06-PRESTA101,2,True,86400,86400,0,0.0,0.0
2025-12-25,RS01SLBS-MJ01A-06-PRESTA101,2,True,86400,86400,0,0.0,0.0
2025-12-26,RS01SLBS-MJ01A-06-PRESTA101,2,True,86400,86400,0,0.0,0.0
2025-12-27,RS01SLBS-MJ01A-06-PRESTA101,2,True,86400,86400,0,0.0,0.0
2025-12-28,RS01SLBS-MJ01A-06-PRESTA101,2,True,86400,86400,0,0.0,0.0
2025-12-29,RS01SLBS-MJ01A-06-PRESTA101,2,True,86400,86400,0,0.0,0.0
2025-12-30,RS01SLBS-MJ01A-06-PRESTA101,2,True,86400,86400,0,0.0,0.0
2025-12-31,RS01SLBS-MJ01A-06-PRESTA101,2,True,86400,86400,0,0.0,0.0
2026-01-01,RS01SLBS-MJ01A-06-PRESTA101,2,True,86400,86400,0,0.0,0.0
2026-01-02,RS01SLBS-MJ01A-06-PRESTA101,2,True,86400,86400,0,0.0,0.0
2026-01-03,RS01SLBS-MJ01A-06-PRESTA101,2,True,86400,86400,0,0.0,0.0
2026-01-04,RS01SLBS-MJ01A-06-PRESTA101,2,True,86248,86400,152,0.1759,0.1759
2026-01-05,RS01SLBS-MJ01A-06-PRESTA101,2,True,86400,86400,0,0.0,0.0
2026-01-06,RS01SLBS-MJ01A-06-PRESTA101,2,True,86400,86400,0,0.0,0.0
2026-01-07,RS01SLBS-MJ01A-06-PRESTA101,2,True,86400,86400,0,0.0,0.0
2026-01-08,RS01SLBS-MJ01A-06-PRESTA101,2,True,86400,86400,0,0.0,0.0
2026-01-09,RS01SLBS-MJ01A-06-PRESTA101,2,True,86400,86400,0,0.0,0.0
2026-01-10,RS01SLBS-MJ01A-06-PRESTA101,2,True,86400,86400,0,0.0,0.0
2026-01-11,RS01SLBS-MJ01A-06-PRESTA101,2,True,86400,86400,0,0.0,0.0
2026-01-12,RS01SLBS-MJ01A-06-PRESTA101,2,True,86400,86400,0,0.0,0.0
2026-01-13,RS01SLBS-MJ01A-06-PRESTA101,2,True,86399,86399,0,0.0,0.0012
2026-01-14,RS01SLBS-MJ01A-06-PRESTA101,2,True,86400,86400,0,0.0,0.0
2026-01-15,RS01SLBS-MJ01A-06-PRESTA101,2,True,86400,86400,0,0.0,0.0
2026-01-16,RS01SLBS-MJ01A-06-PRESTA101,2,True,86400,86400,0,0.0,0.0
2026-01-17,RS01SLBS-MJ01A-06-PRESTA101,2,True,86400,86400,0,0.0,0.0
2026-01-18,RS01SLBS-MJ01A-06-PRESTA101,2,True,86400,86400,0,0.0,0.0
2026-01-19,RS01SLBS-MJ01A-06-PRESTA101,2,True,86400,86400,0,0.0,0.0
2026-01-20,RS01SLBS-MJ01A-06-PRESTA101,2,True,86400,86400,0,0.0,0.0
2026-01-21,RS01SLBS-MJ01A-06-PRESTA101,2,True,86400,86400,0,0.0,0.0
2026-01-22,RS01SLBS-MJ01A-06-PRESTA101,2,True,86400,86400,0,0.0,0.0
2026-01-23,RS01SLBS-MJ01A-06-PRESTA101,2,True,86400,86400,0,0.0,0.0
2026-01-24,RS01SLBS-MJ01A-06-PRESTA101,2,True,86400,86400,0,0.0,0.0
2026-01-25,RS01SLBS-MJ01A-06-PRESTA101,2,True,86400,86400,0,0.0,0.0
2026-01-26,RS01SLBS-MJ01A-06-PRESTA101,2,True,86400,86400,0,0.0,0.0
2026-01-27,RS01SLBS-MJ01A-06-PRESTA101,2,True,86400,86400,0,0.0,0.0
2026-01-28,RS01SLBS-MJ01A-06-PRESTA101,2,True,86264,86400,136,0.1574,0.1574
2026-01-29,RS01SLBS-MJ01A-06-PRESTA101,2,True,86400,86400,0,0.0,0.0
2026-01-30,RS01SLBS-MJ01A-06-PRESTA101,2,True,86400,86400,0,0.0,0.0
2026-01-31,RS01SLBS-MJ01A-06-PRESTA101,2,True,86400,86400,0,0.0,0.0
2026-02-01,RS01SLBS-MJ01A-06-PRESTA101,2,True,86400,86400,0,0.0,0.0
2026-02-02,RS01SLBS-MJ01A-06-PRESTA101,2,True,86400,86400,0,0.0,0.0
2026-02-03,RS01SLBS-MJ01A-06-PRESTA101,2,True,86400,86400,0,0.0,0.0
2026-02-04,RS01SLBS-MJ01A-06-PRESTA101,2,True,86400,86400,0,0.0,0.0
2026-02-05,RS01SLBS-MJ01A-06-PRESTA101,2,True,86400,86400,0,0.0,0.0
2026-02-06,RS01SLBS-MJ01A-06-PRESTA101,2,True,86400,86400,0,0.0,0.0
2026-02-07,RS01SLBS-MJ01A-06-PRESTA101,2,True,86400,86400,0,0.0,0.0
2026-02-08,RS01SLBS-MJ01A-06-PRESTA101,2,True,86400,86400,0,0.0,0.0
2026-02-09,RS01SLBS-MJ01A-06-PRESTA101,2,True,86400,86400,0,0.0,0.0
2026-02-10,RS01SLBS-MJ01A-06-PRESTA101,2,True,86400,86400,0,0.0,0.0
2026-02-11,RS01SLBS-MJ01A-06-PRESTA101,2,True,86400,86400,0,0.0,0.0
2026-02-12,RS01SLBS-MJ01A-06-PRESTA101,2,True,86400,86400,0,0.0,0.0
2026-02-13,RS01SLBS-MJ01A-06-PRESTA101,2,True,86400,86400,0,0.0,0.0
2026-02-14,RS01SLBS-MJ01A-06-PRESTA101,2,True,86400,86400,0,0.0,0.0
2026-02-15,RS01SLBS-MJ01A-06-PRESTA101,2,True,86400,86400,0,0.0,0.0
2026-02-16,RS01SLBS-MJ01A-06-PRESTA101,2,True,86400,86400,0,0.0,0.0
2026-02-17,RS01SLBS-MJ01A-06-PRESTA101,2,True,86400,86400,0,0.0,0.0
2026-02-18,RS01SLBS-MJ01A-06-PRESTA101,2,True,86400,86400,0,0.0,0.0
2026-02-19,RS01SLBS-MJ01A-06-PRESTA101,2,True,86400,86400,0,0.0,0.0
2026-02-20,RS01SLBS-MJ01A-06-PRESTA101,2,True,86400,86400,0,0.0,0.0
2026-02-21,RS01SLBS-MJ01A-06-PRESTA101,2,True,86400,86400,0,0.0,0.0
2026-02-22,RS01SLBS-MJ01A-06-PRESTA101,2,True,86400,86400,0,0.0,0.0
2026-02-23,RS01SLBS-MJ01A-06-PRESTA101,2,True,86400,86400,0,0.0,0.0
2026-02-24,RS01SLBS-MJ01A-06-PRESTA101,2,True,86400,86400,0,0.0,0.0
2026-02-25,RS01SLBS-MJ01A-06-PRESTA101,2,True,86400,86400,0,0.0,0.0
2026-02-26,RS01SLBS-MJ01A-06-PRESTA101,2,True,86400,86400,0,0.0,0.0
2026-02-27,RS01SLBS-MJ01A-06-PRESTA101,2,True,85793,86400,607,0.7025,0.7025
2026-02-28,RS01SLBS-MJ01A-06-PRESTA101,2,True,86399,86399,0,0.0,0.0012
2026-03-01,RS01SLBS-MJ01A-06-PRESTA101,2,True,86400,86400,0,0.0,0.0
2026-03-02,RS01SLBS-MJ01A-06-PRESTA101,2,True,86400,86400,0,0.0,0.0
2026-03-03,RS01SLBS-MJ01A-06-PRESTA101,2,True,86400,86400,0,0.0,0.0
2026-03-04,RS01SLBS-MJ01A-06-PRESTA101,2,True,86400,86400,0,0.0,0.0
2026-03-05,RS01SLBS-MJ01A-06-PRESTA101,2,True,86400,86400,0,0.0,0.0
2026-03-06,RS01SLBS-MJ01A-06-PRESTA101,2,True,86400,86400,0,0.0,0.0
2026-03-07,RS01SLBS-MJ01A-06-PRESTA101,2,True,86400,86400,0,0.0,0.0
2026-03-08,RS01SLBS-MJ01A-06-PRESTA101,2,True,86400,86400,0,0.0,0.0
2026-03-09,RS01SLBS-MJ01A-06-PRESTA101,2,True,86400,86400,0,0.0,0.0
2026-03-10,RS01SLBS-MJ01A-06-PRESTA101,2,True,86400,86400,0,0.0,0.0
2026-03-11,RS01SLBS-MJ01A-06-PRESTA101,2,True,86400,86400,0,0.0,0.0
2026-03-12,RS01SLBS-MJ01A-06-PRESTA101,2,True,86400,86400,0,0.0,0.0
2026-03-13,RS01SLBS-MJ01A-06-PRESTA101,2,True,86400,86400,0,0.0,0.0
2026-03-14,RS01SLBS-MJ01A-06-PRESTA101,2,True,86400,86400,0,0.0,0.0
2026-03-15,RS01SLBS-MJ01A-06-PRESTA101,2,True,86400,86400,0,0.0,0.0
2026-03-16,RS01SLBS-MJ01A-06-PRESTA101,2,True,86400,86400,0,0.0,0.0
2026-03-17,RS01SLBS-MJ01A-06-PRESTA101,2,True,85899,86400,501,0.5799,0.5799
2026-03-18,RS01SLBS-MJ01A-06-PRESTA101,2,True,86400,86400,0,0.0,0.0
2026-03-19,RS01SLBS-MJ01A-06-PRESTA101,2,True,86400,86400,0,0.0,0.0
2026-03-20,RS01SLBS-MJ01A-06-PRESTA101,2,True,86400,86400,0,0.0,0.0
2026-03-21,RS01SLBS-MJ01A-06-PRESTA101,2,True,86400,86400,0,0.0,0.0
2026-03-22,RS01SLBS-MJ01A-06-PRESTA101,2,True,86400,86400,0,0.0,0.0
2026-03-23,RS01SLBS-MJ01A-06-PRESTA101,2,True,86400,86400,0,0.0,0.0
2026-03-24,RS01SLBS-MJ01A-06-PRESTA101,2,True,86400,86400,0,0.0,0.0
2026-03-25,RS01SLBS-MJ01A-06-PRESTA101,2,True,86400,86400,0,0.0,0.0
2026-03-26,RS01SLBS-MJ01A-06-PRESTA101,2,True,86400,86400,0,0.0,0.0
2026-03-27,RS01SLBS-MJ01A-06-PRESTA101,2,True,86400,86400,0,0.0,0.0
2026-03-28,RS01SLBS-MJ01A-06-PRESTA101,2,True,86400,86400,0,0.0,0.0
2026-03-29,RS01SLBS-MJ01A-06-PRESTA101,2,True,86400,86400,0,0.0,0.0
2026-03-30,RS01SLBS-MJ01A-06-PRESTA101,2,True,86400,86400,0,0.0,0.0
2026-03-31,RS01SLBS-MJ01A-06-PRESTA101,2,True,86400,86400,0,0.0,0.0
2026-04-01,RS01SLBS-MJ01A-06-PRESTA101,2,True,86400,86400,0,0.0,0.0
2026-04-02,RS01SLBS-MJ01A-06-PRESTA101,2,True,86400,86400,0,0.0,0.0
2026-04-03,RS01SLBS-MJ01A-06-PRESTA101,2,True,86400,86400,0,0.0,0.0
2026-04-04,RS01SLBS-MJ01A-06-PRESTA101,2,True,86400,86400,0,0.0,0.0
2026-04-05,RS01SLBS-MJ01A-06-PRESTA101,2,True,86400,86400,0,0.0,0.0
2026-04-06,RS01SLBS-MJ01A-06-PRESTA101,2,True,86400,86400,0,0.0,0.0
2026-04-07,RS01SLBS-MJ01A-06-PRESTA101,2,True,86400,86400,0,0.0,0.0
2026-04-08,RS01SLBS-MJ01A-06-PRESTA101,2,True,86400,86400,0,0.0,0.0
2026-04-09,RS01SLBS-MJ01A-06-PRESTA101,2,True,86400,86400,0,0.0,0.0
2026-04-10,RS01SLBS-MJ01A-06-PRESTA101,2,True,86400,86400,0,0.0,0.0
2026-04-11,RS01SLBS-MJ01A-06-PRESTA101,2,True,86400,86400,0,0.0,0.0
2026-04-12,RS01SLBS-MJ01A-06-PRESTA101,2,True,86400,86400,0,0.0,0.0
2026-04-13,RS01SLBS-MJ01A-06-PRESTA101,2,True,86400,86400,0,0.0,0.0
2026-04-14,RS01SLBS-MJ01A-06-PRESTA101,2,True,86399,86399,0,0.0,0.0012
2026-04-15,RS01SLBS-MJ01A-06-PRESTA101,2,True,86400,86400,0,0.0,0.0
2026-04-16,RS01SLBS-MJ01A-06-PRESTA101,2,True,86400,86400,0,0.0,0.0
2026-04-17,RS01SLBS-MJ01A-06-PRESTA101,2,True,86400,86400,0,0.0,0.0
2026-04-18,RS01SLBS-MJ01A-06-PRESTA101,2,True,86400,86400,0,0.0,0.0
2026-04-19,RS01SLBS-MJ01A-06-PRESTA101,2,True,86400,86400,0,0.0,0.0
2026-04-20,RS01SLBS-MJ01A-06-PRESTA101,2,True,86400,86400,0,0.0,0.0
2026-04-21,RS01SLBS-MJ01A-06-PRESTA101,2,True,86250,86400,150,0.1736,0.1736
2026-04-22,RS01SLBS-MJ01A-06-PRESTA101,2,True,85799,86400,601,0.6956,0.6956
2026-04-23,RS01SLBS-MJ01A-06-PRESTA101,2,True,86400,86400,0,0.0,0.0
2026-04-24,RS01SLBS-MJ01A-06-PRESTA101,2,True,86400,86400,0,0.0,0.0
2026-04-25,RS01SLBS-MJ01A-06-PRESTA101,2,True,86400,86400,0,0.0,0.0
2026-04-26,RS01SLBS-MJ01A-06-PRESTA101,2,True,86400,86400,0,0.0,0.0
2026-04-27,RS01SLBS-MJ01A-06-PRESTA101,2,True,86400,86400,0,0.0,0.0
2026-04-28,RS01SLBS-MJ01A-06-PRESTA101,2,True,86400,86400,0,0.0,0.0
2026-04-29,RS01SLBS-MJ01A-06-PRESTA101,2,True,86400,86400,0,0.0,0.0
2026-04-30,RS01SLBS-MJ01A-06-PRESTA101,2,True,86400,86400,0,0.0,0.0
2026-05-01,RS01SLBS-MJ01A-06-PRESTA101,2,True,86400,86400,0,0.0,0.0
2014-09-01,RS01SUM1-LJ01B-09-PRESTB102,0,False,0,0,,,
2014-09-02,RS01SUM1-LJ01B-09-PRESTB102,0,False,0,0,,,
2014-09-03,RS01SUM1-LJ01B-09-PRESTB102,0,False,0,0,,,
2014-09-04,RS01SUM1-LJ01B-09-PRESTB102,0,False,0,0,,,
2014-09-05,RS01SUM1-LJ01B-09-PRESTB102,0,False,0,0,,,
2014-09-06,RS01SUM1-LJ01B-09-PRESTB102,0,False,0,0,,,
2014-09-07,RS01SUM1-LJ01B-09-PRESTB102,0,False,0,0,,,
2014-09-08,RS01SUM1-LJ01B-09-PRESTB102,1,False,0,0,,,
2014-09-09,RS01SUM1-LJ01B-09-PRESTB102,1,False,0,0,,,
2014-09-10,RS01SUM1-LJ01B-09-PRESTB102,1,False,0,0,,,
2014-09-11,RS01SUM1-LJ01B-09-PRESTB102,1,False,0,0,,,
2014-09-12,RS01SUM1-LJ01B-09-PRESTB102,1,False,0,0,,,
2014-09-13,RS01SUM1-LJ01B-09-PRESTB102,1,False,0,0,,,
2014-09-14,RS01SUM1-LJ01B-09-PRESTB102,1,False,0,0,,,
2014-09-15,RS01SUM1-LJ01B-09-PRESTB102,1,False,0,0,,,
2014-09-16,RS01SUM1-LJ01B-09-PRESTB102,1,False,0,0,,,
2014-09-17,RS01SUM1-LJ01B-09-PRESTB102,1,False,0,0,,,
2014-09-18,RS01SUM1-LJ01B-09-PRESTB102,1,True,558,2519,1961,77.8484,90.3125
2014-09-19,RS01SUM1-LJ01B-09-PRESTB102,1,True,5760,5760,0,0.0,0.0005
2014-09-20,RS01SUM1-LJ01B-09-PRESTB102,1,True,5760,5760,0,0.0,0.0005
2014-09-21,RS01SUM1-LJ01B-09-PRESTB102,1,True,5760,5760,0,0.0,0.0005
2014-09-22,RS01SUM1-LJ01B-09-PRESTB102,1,True,5760,5760,0,0.0,0.0005
2014-09-23,RS01SUM1-LJ01B-09-PRESTB102,1,True,5760,5760,0,0.0,0.0005
2014-09-24,RS01SUM1-LJ01B-09-PRESTB102,1,True,5760,5760,0,0.0,0.0005
2014-09-25,RS01SUM1-LJ01B-09-PRESTB102,1,True,5760,5760,0,0.0,0.0005
2014-09-26,RS01SUM1-LJ01B-09-PRESTB102,1,True,5760,5760,0,0.0,0.0005
2014-09-27,RS01SUM1-LJ01B-09-PRESTB102,1,True,5580,5760,180,3.125,3.1255
2014-09-28,RS01SUM1-LJ01B-09-PRESTB102,1,True,5760,5760,0,0.0,0.0005
2014-09-29,RS01SUM1-LJ01B-09-PRESTB102,1,True,5760,5760,0,0.0,0.0005
2014-09-30,RS01SUM1-LJ01B-09-PRESTB102,1,True,5760,5760,0,0.0,0.0005
2014-10-01,RS01SUM1-LJ01B-09-PRESTB102,1,True,5760,5760,0,0.0,0.0005
2014-10-02,RS01SUM1-LJ01B-09-PRESTB102,1,True,5760,5760,0,0.0,0.0005
2014-10-03,RS01SUM1-LJ01B-09-PRESTB102,1,True,5760,5760,0,0.0,0.0005
2014-10-04,RS01SUM1-LJ01B-09-PRESTB102,1,True,5760,5760,0,0.0,0.0005
2014-10-05,RS01SUM1-LJ01B-09-PRESTB102,1,True,5760,5760,0,0.0,0.0005
2014-10-06,RS01SUM1-LJ01B-09-PRESTB102,1,True,5760,5760,0,0.0,0.0005
2014-10-07,RS01SUM1-LJ01B-09-PRESTB102,1,True,5760,5760,0,0.0,0.0005
2014-10-08,RS01SUM1-LJ01B-09-PRESTB102,1,True,5760,5760,0,0.0,0.0005
2014-10-09,RS01SUM1-LJ01B-09-PRESTB102,1,True,5760,5760,0,0.0,0.0005
2014-10-10,RS01SUM1-LJ01B-09-PRESTB102,1,True,5760,5760,0,0.0,0.0005
2014-10-11,RS01SUM1-LJ01B-09-PRESTB102,1,True,5760,5760,0,0.0,0.0005
2014-10-12,RS01SUM1-LJ01B-09-PRESTB102,1,True,5760,5760,0,0.0,0.0005
2014-10-13,RS01SUM1-LJ01B-09-PRESTB102,1,True,5760,5760,0,0.0,0.0005
2014-10-14,RS01SUM1-LJ01B-09-PRESTB102,1,True,5760,5760,0,0.0,0.0005
2014-10-15,RS01SUM1-LJ01B-09-PRESTB102,1,True,5760,5760,0,0.0,0.0005
2014-10-16,RS01SUM1-LJ01B-09-PRESTB102,1,True,5760,5760,0,0.0,0.0005
2014-10-17,RS01SUM1-LJ01B-09-PRESTB102,1,True,5760,5760,0,0.0,0.0005
2014-10-18,RS01SUM1-LJ01B-09-PRESTB102,1,True,5760,5760,0,0.0,0.0005
2014-10-19,RS01SUM1-LJ01B-09-PRESTB102,1,True,5760,5760,0,0.0,0.0005
2014-10-20,RS01SUM1-LJ01B-09-PRESTB102,1,True,5760,5760,0,0.0,0.0005
2014-10-21,RS01SUM1-LJ01B-09-PRESTB102,1,True,5760,5760,0,0.0,0.0005
2014-10-22,RS01SUM1-LJ01B-09-PRESTB102,1,True,5760,5760,0,0.0,0.0005
2014-10-23,RS01SUM1-LJ01B-09-PRESTB102,1,True,5760,5760,0,0.0,0.0005
2014-10-24,RS01SUM1-LJ01B-09-PRESTB102,1,False,0,0,,,
2014-10-25,RS01SUM1-LJ01B-09-PRESTB102,1,True,5760,5760,0,0.0,0.0005
2014-10-26,RS01SUM1-LJ01B-09-PRESTB102,1,True,5760,5760,0,0.0,0.0005
2014-10-27,RS01SUM1-LJ01B-09-PRESTB102,1,True,5760,5760,0,0.0,0.0005
2014-10-28,RS01SUM1-LJ01B-09-PRESTB102,1,True,5760,5760,0,0.0,0.0005
2014-10-29,RS01SUM1-LJ01B-09-PRESTB102,1,True,5760,5760,0,0.0,0.0005
2014-10-30,RS01SUM1-LJ01B-09-PRESTB102,1,True,2802,5760,2958,51.3542,51.3544
2014-10-31,RS01SUM1-LJ01B-09-PRESTB102,1,True,5760,5760,0,0.0,0.0005
2014-11-01,RS01SUM1-LJ01B-09-PRESTB102,1,True,5760,5760,0,0.0,0.0005
2014-11-02,RS01SUM1-LJ01B-09-PRESTB102,1,True,5760,5760,0,0.0,0.0005
2014-11-03,RS01SUM1-LJ01B-09-PRESTB102,1,True,5760,5760,0,0.0,0.0005
2014-11-04,RS01SUM1-LJ01B-09-PRESTB102,1,True,3864,3864,0,0.0,32.917
2014-11-05,RS01SUM1-LJ01B-09-PRESTB102,1,True,1221,1221,0,0.0,78.8022
2014-11-06,RS01SUM1-LJ01B-09-PRESTB102,1,True,5760,5760,0,0.0,0.0005
2014-11-07,RS01SUM1-LJ01B-09-PRESTB102,1,True,5760,5760,0,0.0,0.0005
2014-11-08,RS01SUM1-LJ01B-09-PRESTB102,1,True,5760,5760,0,0.0,0.0005
2014-11-09,RS01SUM1-LJ01B-09-PRESTB102,1,True,5760,5760,0,0.0,0.0005
2014-11-10,RS01SUM1-LJ01B-09-PRESTB102,1,True,5760,5760,0,0.0,0.0005
2014-11-11,RS01SUM1-LJ01B-09-PRESTB102,1,True,5760,5760,0,0.0,0.0005
2014-11-12,RS01SUM1-LJ01B-09-PRESTB102,1,True,5760,5760,0,0.0,0.0005
2014-11-13,RS01SUM1-LJ01B-09-PRESTB102,1,True,5760,5760,0,0.0,0.0005
2014-11-14,RS01SUM1-LJ01B-09-PRESTB102,1,True,4465,4465,0,0.0,22.483
2014-11-15,RS01SUM1-LJ01B-09-PRESTB102,1,False,0,0,,,
2014-11-16,RS01SUM1-LJ01B-09-PRESTB102,1,False,0,0,,,
2014-11-17,RS01SUM1-LJ01B-09-PRESTB102,1,True,1433,1433,0,0.0,75.1217
2014-11-18,RS01SUM1-LJ01B-09-PRESTB102,1,False,0,0,,,
2014-11-19,RS01SUM1-LJ01B-09-PRESTB102,1,True,5760,5760,0,0.0,0.0005
2014-11-20,RS01SUM1-LJ01B-09-PRESTB102,1,True,5760,5760,0,0.0,0.0005
2014-11-21,RS01SUM1-LJ01B-09-PRESTB102,1,True,5760,5760,0,0.0,0.0005
2014-11-22,RS01SUM1-LJ01B-09-PRESTB102,1,True,5760,5760,0,0.0,0.0005
2014-11-23,RS01SUM1-LJ01B-09-PRESTB102,1,True,5760,5760,0,0.0,0.0005
2014-11-24,RS01SUM1-LJ01B-09-PRESTB102,1,True,5760,5760,0,0.0,0.0005
2014-11-25,RS01SUM1-LJ01B-09-PRESTB102,1,True,5760,5760,0,0.0,0.0005
2014-11-26,RS01SUM1-LJ01B-09-PRESTB102,1,True,5760,5760,0,0.0,0.0005
2014-11-27,RS01SUM1-LJ01B-09-PRESTB102,1,True,5760,5760,0,0.0,0.0005
2014-11-28,RS01SUM1-LJ01B-09-PRESTB102,1,True,5760,5760,0,0.0,0.0005
2014-11-29,RS01SUM1-LJ01B-09-PRESTB102,1,True,5760,5760,0,0.0,0.0005
2014-11-30,RS01SUM1-LJ01B-09-PRESTB102,1,True,5760,5760,0,0.0,0.0005
2014-12-01,RS01SUM1-LJ01B-09-PRESTB102,1,True,5760,5760,0,0.0,0.0005
2014-12-02,RS01SUM1-LJ01B-09-PRESTB102,1,True,5760,5760,0,0.0,0.0005
2014-12-03,RS01SUM1-LJ01B-09-PRESTB102,1,True,5760,5760,0,0.0,0.0005
2014-12-04,RS01SUM1-LJ01B-09-PRESTB102,1,True,5760,5760,0,0.0,0.0005
2014-12-05,RS01SUM1-LJ01B-09-PRESTB102,1,True,5760,5760,0,0.0,0.0005
2014-12-06,RS01SUM1-LJ01B-09-PRESTB102,1,True,5760,5760,0,0.0,0.0005
2014-12-07,RS01SUM1-LJ01B-09-PRESTB102,1,True,5039,5039,0,0.0,12.5178
2014-12-08,RS01SUM1-LJ01B-09-PRESTB102,1,False,0,0,,,
2014-12-09,RS01SUM1-LJ01B-09-PRESTB102,1,False,0,0,,,
2014-12-10,RS01SUM1-LJ01B-09-PRESTB102,1,False,0,0,,,
2014-12-11,RS01SUM1-LJ01B-09-PRESTB102,1,True,83,85,2,2.3529,98.559
2014-12-12,RS01SUM1-LJ01B-09-PRESTB102,1,True,5760,5760,0,0.0,0.0005
2014-12-13,RS01SUM1-LJ01B-09-PRESTB102,1,True,5760,5760,0,0.0,0.0005
2014-12-14,RS01SUM1-LJ01B-09-PRESTB102,1,True,5760,5760,0,0.0,0.0005
2014-12-15,RS01SUM1-LJ01B-09-PRESTB102,1,True,5760,5760,0,0.0,0.0005
2014-12-16,RS01SUM1-LJ01B-09-PRESTB102,1,True,5760,5760,0,0.0,0.0005
2014-12-17,RS01SUM1-LJ01B-09-PRESTB102,1,True,5760,5760,0,0.0,0.0005
2014-12-18,RS01SUM1-LJ01B-09-PRESTB102,1,True,5760,5760,0,0.0,0.0005
2014-12-19,RS01SUM1-LJ01B-09-PRESTB102,1,True,5760,5760,0,0.0,0.0005
2014-12-20,RS01SUM1-LJ01B-09-PRESTB102,1,True,5760,5760,0,0.0,0.0005
2014-12-21,RS01SUM1-LJ01B-09-PRESTB102,1,True,5760,5760,0,0.0,0.0005
2014-12-22,RS01SUM1-LJ01B-09-PRESTB102,1,True,5760,5760,0,0.0,0.0005
2014-12-23,RS01SUM1-LJ01B-09-PRESTB102,1,True,5760,5760,0,0.0,0.0005
2014-12-24,RS01SUM1-LJ01B-09-PRESTB102,1,True,5760,5760,0,0.0,0.0005
2014-12-25,RS01SUM1-LJ01B-09-PRESTB102,1,True,5760,5760,0,0.0,0.0005
2014-12-26,RS01SUM1-LJ01B-09-PRESTB102,1,True,5760,5760,0,0.0,0.0005
2014-12-27,RS01SUM1-LJ01B-09-PRESTB102,1,True,5760,5760,0,0.0,0.0005
2014-12-28,RS01SUM1-LJ01B-09-PRESTB102,1,True,5760,5760,0,0.0,0.0005
2014-12-29,RS01SUM1-LJ01B-09-PRESTB102,1,True,5760,5760,0,0.0,0.0005
2014-12-30,RS01SUM1-LJ01B-09-PRESTB102,1,True,5760,5760,0,0.0,0.0005
2014-12-31,RS01SUM1-LJ01B-09-PRESTB102,1,False,0,0,,,
2015-01-01,RS01SUM1-LJ01B-09-PRESTB102,1,True,5760,5760,0,0.0,0.0005
2015-01-02,RS01SUM1-LJ01B-09-PRESTB102,1,True,5760,5760,0,0.0,0.0005
2015-01-03,RS01SUM1-LJ01B-09-PRESTB102,1,True,5760,5760,0,0.0,0.0005
2015-01-04,RS01SUM1-LJ01B-09-PRESTB102,1,True,5760,5760,0,0.0,0.0005
2015-01-05,RS01SUM1-LJ01B-09-PRESTB102,1,True,5760,5760,0,0.0,0.0005
2015-01-06,RS01SUM1-LJ01B-09-PRESTB102,1,True,5760,5760,0,0.0,0.0005
2015-01-07,RS01SUM1-LJ01B-09-PRESTB102,1,False,0,0,,,
2015-01-08,RS01SUM1-LJ01B-09-PRESTB102,1,True,5760,5760,0,0.0,0.0005
2015-01-09,RS01SUM1-LJ01B-09-PRESTB102,1,True,5760,5760,0,0.0,0.0005
2015-01-10,RS01SUM1-LJ01B-09-PRESTB102,1,True,5760,5760,0,0.0,0.0005
2015-01-11,RS01SUM1-LJ01B-09-PRESTB102,1,True,5760,5760,0,0.0,0.0005
2015-01-12,RS01SUM1-LJ01B-09-PRESTB102,1,True,5760,5760,0,0.0,0.0005
2015-01-13,RS01SUM1-LJ01B-09-PRESTB102,1,True,5760,5760,0,0.0,0.0005
2015-01-14,RS01SUM1-LJ01B-09-PRESTB102,1,True,5760,5760,0,0.0,0.0005
2015-01-15,RS01SUM1-LJ01B-09-PRESTB102,1,True,5760,5760,0,0.0,0.0005
2015-01-16,RS01SUM1-LJ01B-09-PRESTB102,1,True,5760,5760,0,0.0,0.0005
2015-01-17,RS01SUM1-LJ01B-09-PRESTB102,1,True,5760,5760,0,0.0,0.0005
2015-01-18,RS01SUM1-LJ01B-09-PRESTB102,1,True,5760,5760,0,0.0,0.0005
2015-01-19,RS01SUM1-LJ01B-09-PRESTB102,1,True,5760,5760,0,0.0,0.0005
2015-01-20,RS01SUM1-LJ01B-09-PRESTB102,1,True,5760,5760,0,0.0,0.0005
2015-01-21,RS01SUM1-LJ01B-09-PRESTB102,1,True,5760,5760,0,0.0,0.0005
2015-01-22,RS01SUM1-LJ01B-09-PRESTB102,1,True,5760,5760,0,0.0,0.0005
2015-01-23,RS01SUM1-LJ01B-09-PRESTB102,1,True,5760,5760,0,0.0,0.0005
2015-01-24,RS01SUM1-LJ01B-09-PRESTB102,1,True,5760,5760,0,0.0,0.0005
2015-01-25,RS01SUM1-LJ01B-09-PRESTB102,1,True,5760,5760,0,0.0,0.0005
2015-01-26,RS01SUM1-LJ01B-09-PRESTB102,1,True,5760,5760,0,0.0,0.0005
2015-01-27,RS01SUM1-LJ01B-09-PRESTB102,1,True,5760,5760,0,0.0,0.0005
2015-01-28,RS01SUM1-LJ01B-09-PRESTB102,1,True,5760,5760,0,0.0,0.0005
2015-01-29,RS01SUM1-LJ01B-09-PRESTB102,1,True,5760,5760,0,0.0,0.0005
2015-01-30,RS01SUM1-LJ01B-09-PRESTB102,1,True,5735,5760,25,0.434,0.4345
2015-01-31,RS01SUM1-LJ01B-09-PRESTB102,1,True,5497,5760,263,4.566,4.5664
2015-02-01,RS01SUM1-LJ01B-09-PRESTB102,1,False,0,0,,,
2015-02-02,RS01SUM1-LJ01B-09-PRESTB102,1,False,0,0,,,
2015-02-03,RS01SUM1-LJ01B-09-PRESTB102,1,True,3372,3372,0,0.0,41.4586
2015-02-04,RS01SUM1-LJ01B-09-PRESTB102,1,True,5560,5560,0,0.0,3.4727
2015-02-05,RS01SUM1-LJ01B-09-PRESTB102,1,True,5288,5288,0,0.0,8.1949
2015-02-06,RS01SUM1-LJ01B-09-PRESTB102,1,True,5760,5760,0,0.0,0.0005
2015-02-07,RS01SUM1-LJ01B-09-PRESTB102,1,True,5760,5760,0,0.0,0.0005
2015-02-08,RS01SUM1-LJ01B-09-PRESTB102,1,True,5760,5760,0,0.0,0.0005
2015-02-09,RS01SUM1-LJ01B-09-PRESTB102,1,True,5760,5760,0,0.0,0.0005
2015-02-10,RS01SUM1-LJ01B-09-PRESTB102,1,True,5760,5760,0,0.0,0.0005
2015-02-11,RS01SUM1-LJ01B-09-PRESTB102,1,True,5760,5760,0,0.0,0.0005
2015-02-12,RS01SUM1-LJ01B-09-PRESTB102,1,True,5760,5760,0,0.0,0.0005
2015-02-13,RS01SUM1-LJ01B-09-PRESTB102,1,True,5760,5760,0,0.0,0.0005
2015-02-14,RS01SUM1-LJ01B-09-PRESTB102,1,True,5760,5760,0,0.0,0.0005
2015-02-15,RS01SUM1-LJ01B-09-PRESTB102,1,True,5760,5760,0,0.0,0.0005
2015-02-16,RS01SUM1-LJ01B-09-PRESTB102,1,True,5760,5760,0,0.0,0.0005
2015-02-17,RS01SUM1-LJ01B-09-PRESTB102,1,True,5760,5760,0,0.0,0.0005
2015-02-18,RS01SUM1-LJ01B-09-PRESTB102,1,True,5760,5760,0,0.0,0.0005
2015-02-19,RS01SUM1-LJ01B-09-PRESTB102,1,True,5760,5760,0,0.0,0.0005
2015-02-20,RS01SUM1-LJ01B-09-PRESTB102,1,True,5730,5760,30,0.5208,0.5213
2015-02-21,RS01SUM1-LJ01B-09-PRESTB102,1,True,5760,5760,0,0.0,0.0005
2015-02-22,RS01SUM1-LJ01B-09-PRESTB102,1,True,5760,5760,0,0.0,0.0005
2015-02-23,RS01SUM1-LJ01B-09-PRESTB102,1,True,5760,5760,0,0.0,0.0005
2015-02-24,RS01SUM1-LJ01B-09-PRESTB102,1,True,5760,5760,0,0.0,0.0005
2015-02-25,RS01SUM1-LJ01B-09-PRESTB102,1,True,5760,5760,0,0.0,0.0005
2015-02-26,RS01SUM1-LJ01B-09-PRESTB102,1,True,5760,5760,0,0.0,0.0005
2015-02-27,RS01SUM1-LJ01B-09-PRESTB102,1,True,5760,5760,0,0.0,0.0005
2015-02-28,RS01SUM1-LJ01B-09-PRESTB102,1,True,5760,5760,0,0.0,0.0005
2015-03-01,RS01SUM1-LJ01B-09-PRESTB102,1,True,5760,5760,0,0.0,0.0005
2015-03-02,RS01SUM1-LJ01B-09-PRESTB102,1,True,5760,5760,0,0.0,0.0005
2015-03-03,RS01SUM1-LJ01B-09-PRESTB102,1,True,5760,5760,0,0.0,0.0005
2015-03-04,RS01SUM1-LJ01B-09-PRESTB102,1,True,5760,5760,0,0.0,0.0005
2015-03-05,RS01SUM1-LJ01B-09-PRESTB102,1,True,5760,5760,0,0.0,0.0005
2015-03-06,RS01SUM1-LJ01B-09-PRESTB102,1,True,5760,5760,0,0.0,0.0005
2015-03-07,RS01SUM1-LJ01B-09-PRESTB102,1,True,5523,5523,0,0.0,4.1151
2015-03-08,RS01SUM1-LJ01B-09-PRESTB102,1,False,0,0,,,
2015-03-09,RS01SUM1-LJ01B-09-PRESTB102,1,True,3920,3920,0,0.0,31.9448
2015-03-10,RS01SUM1-LJ01B-09-PRESTB102,1,True,5760,5760,0,0.0,0.0005
2015-03-11,RS01SUM1-LJ01B-09-PRESTB102,1,True,5760,5760,0,0.0,0.0005
2015-03-12,RS01SUM1-LJ01B-09-PRESTB102,1,True,5760,5760,0,0.0,0.0005
2015-03-13,RS01SUM1-LJ01B-09-PRESTB102,1,True,5752,5760,8,0.1389,0.1394
2015-03-14,RS01SUM1-LJ01B-09-PRESTB102,1,True,5760,5760,0,0.0,0.0005
2015-03-15,RS01SUM1-LJ01B-09-PRESTB102,1,True,5760,5760,0,0.0,0.0005
2015-03-16,RS01SUM1-LJ01B-09-PRESTB102,1,True,5760,5760,0,0.0,0.0005
2015-03-17,RS01SUM1-LJ01B-09-PRESTB102,1,True,5760,5760,0,0.0,0.0005
2015-03-18,RS01SUM1-LJ01B-09-PRESTB102,1,True,5760,5760,0,0.0,0.0005
2015-03-19,RS01SUM1-LJ01B-09-PRESTB102,1,True,5760,5760,0,0.0,0.0005
2015-03-20,RS01SUM1-LJ01B-09-PRESTB102,1,True,5760,5760,0,0.0,0.0005
2015-03-21,RS01SUM1-LJ01B-09-PRESTB102,1,True,3388,3388,0,0.0,41.1808
2015-03-22,RS01SUM1-LJ01B-09-PRESTB102,1,True,5223,5223,0,0.0,9.3234
2015-03-23,RS01SUM1-LJ01B-09-PRESTB102,1,True,5760,5760,0,0.0,0.0005
2015-03-24,RS01SUM1-LJ01B-09-PRESTB102,1,True,5760,5760,0,0.0,0.0005
2015-03-25,RS01SUM1-LJ01B-09-PRESTB102,1,True,5760,5760,0,0.0,0.0005
2015-03-26,RS01SUM1-LJ01B-09-PRESTB102,1,True,5760,5760,0,0.0,0.0005
2015-03-27,RS01SUM1-LJ01B-09-PRESTB102,1,True,5760,5760,0,0.0,0.0005
2015-03-28,RS01SUM1-LJ01B-09-PRESTB102,1,True,5760,5760,0,0.0,0.0005
2015-03-29,RS01SUM1-LJ01B-09-PRESTB102,1,True,5760,5760,0,0.0,0.0005
2015-03-30,RS01SUM1-LJ01B-09-PRESTB102,1,True,5760,5760,0,0.0,0.0005
2015-03-31,RS01SUM1-LJ01B-09-PRESTB102,1,True,5760,5760,0,0.0,0.0005
2015-04-01,RS01SUM1-LJ01B-09-PRESTB102,1,True,5760,5760,0,0.0,0.0005
2015-04-02,RS01SUM1-LJ01B-09-PRESTB102,1,True,5760,5760,0,0.0,0.0005
2015-04-03,RS01SUM1-LJ01B-09-PRESTB102,1,True,5760,5760,0,0.0,0.0005
2015-04-04,RS01SUM1-LJ01B-09-PRESTB102,1,True,5760,5760,0,0.0,0.0005
2015-04-05,RS01SUM1-LJ01B-09-PRESTB102,1,True,5760,5760,0,0.0,0.0005
2015-04-06,RS01SUM1-LJ01B-09-PRESTB102,1,True,5760,5760,0,0.0,0.0005
2015-04-07,RS01SUM1-LJ01B-09-PRESTB102,1,True,5760,5760,0,0.0,0.0005
2015-04-08,RS01SUM1-LJ01B-09-PRESTB102,1,True,5760,5760,0,0.0,0.0005
2015-04-09,RS01SUM1-LJ01B-09-PRESTB102,1,True,5760,5760,0,0.0,0.0005
2015-04-10,RS01SUM1-LJ01B-09-PRESTB102,1,True,5760,5760,0,0.0,0.0005
2015-04-11,RS01SUM1-LJ01B-09-PRESTB102,1,True,5760,5760,0,0.0,0.0005
2015-04-12,RS01SUM1-LJ01B-09-PRESTB102,1,True,5760,5760,0,0.0,0.0005
2015-04-13,RS01SUM1-LJ01B-09-PRESTB102,1,True,5760,5760,0,0.0,0.0005
2015-04-14,RS01SUM1-LJ01B-09-PRESTB102,1,True,5760,5760,0,0.0,0.0005
2015-04-15,RS01SUM1-LJ01B-09-PRESTB102,1,True,5760,5760,0,0.0,0.0005
2015-04-16,RS01SUM1-LJ01B-09-PRESTB102,1,True,5760,5760,0,0.0,0.0005
2015-04-17,RS01SUM1-LJ01B-09-PRESTB102,1,True,5760,5760,0,0.0,0.0005
2015-04-18,RS01SUM1-LJ01B-09-PRESTB102,1,True,5760,5760,0,0.0,0.0005
2015-04-19,RS01SUM1-LJ01B-09-PRESTB102,1,True,5760,5760,0,0.0,0.0005
2015-04-20,RS01SUM1-LJ01B-09-PRESTB102,1,True,5760,5760,0,0.0,0.0005
2015-04-21,RS01SUM1-LJ01B-09-PRESTB102,1,True,5760,5760,0,0.0,0.0005
2015-04-22,RS01SUM1-LJ01B-09-PRESTB102,1,True,5760,5760,0,0.0,0.0005
2015-04-23,RS01SUM1-LJ01B-09-PRESTB102,1,True,5760,5760,0,0.0,0.0005
2015-04-24,RS01SUM1-LJ01B-09-PRESTB102,1,True,5760,5760,0,0.0,0.0005
2015-04-25,RS01SUM1-LJ01B-09-PRESTB102,1,True,5760,5760,0,0.0,0.0005
2015-04-26,RS01SUM1-LJ01B-09-PRESTB102,1,True,5760,5760,0,0.0,0.0005
2015-04-27,RS01SUM1-LJ01B-09-PRESTB102,1,True,5760,5760,0,0.0,0.0005
2015-04-28,RS01SUM1-LJ01B-09-PRESTB102,1,True,5760,5760,0,0.0,0.0005
2015-04-29,RS01SUM1-LJ01B-09-PRESTB102,1,True,5760,5760,0,0.0,0.0005
2015-04-30,RS01SUM1-LJ01B-09-PRESTB102,1,True,5760,5760,0,0.0,0.0005
2015-05-01,RS01SUM1-LJ01B-09-PRESTB102,1,True,5760,5760,0,0.0,0.0005
2015-05-02,RS01SUM1-LJ01B-09-PRESTB102,1,True,5760,5760,0,0.0,0.0005
2015-05-03,RS01SUM1-LJ01B-09-PRESTB102,1,True,5760,5760,0,0.0,0.0005
2015-05-04,RS01SUM1-LJ01B-09-PRESTB102,1,True,5760,5760,0,0.0,0.0005
2015-05-05,RS01SUM1-LJ01B-09-PRESTB102,1,True,5760,5760,0,0.0,0.0005
2015-05-06,RS01SUM1-LJ01B-09-PRESTB102,1,True,5760,5760,0,0.0,0.0005
2015-05-07,RS01SUM1-LJ01B-09-PRESTB102,1,True,5760,5760,0,0.0,0.0005
2015-05-08,RS01SUM1-LJ01B-09-PRESTB102,1,True,5760,5760,0,0.0,0.0005
2015-05-09,RS01SUM1-LJ01B-09-PRESTB102,1,True,5760,5760,0,0.0,0.0005
2015-05-10,RS01SUM1-LJ01B-09-PRESTB102,1,True,5760,5760,0,0.0,0.0005
2015-05-11,RS01SUM1-LJ01B-09-PRESTB102,1,True,5760,5760,0,0.0,0.0005
2015-05-12,RS01SUM1-LJ01B-09-PRESTB102,1,True,5760,5760,0,0.0,0.0005
2015-05-13,RS01SUM1-LJ01B-09-PRESTB102,1,True,5760,5760,0,0.0,0.0005
2015-05-14,RS01SUM1-LJ01B-09-PRESTB102,1,True,5760,5760,0,0.0,0.0005
2015-05-15,RS01SUM1-LJ01B-09-PRESTB102,1,True,5760,5760,0,0.0,0.0005
2015-05-16,RS01SUM1-LJ01B-09-PRESTB102,1,True,5760,5760,0,0.0,0.0005
2015-05-17,RS01SUM1-LJ01B-09-PRESTB102,1,True,5760,5760,0,0.0,0.0005
2015-05-18,RS01SUM1-LJ01B-09-PRESTB102,1,True,5760,5760,0,0.0,0.0005
2015-05-19,RS01SUM1-LJ01B-09-PRESTB102,1,True,5343,5343,0,0.0,7.24
2015-05-20,RS01SUM1-LJ01B-09-PRESTB102,1,True,5760,5760,0,0.0,0.0005
2015-05-21,RS01SUM1-LJ01B-09-PRESTB102,1,True,5760,5760,0,0.0,0.0005
2015-05-22,RS01SUM1-LJ01B-09-PRESTB102,1,True,5760,5760,0,0.0,0.0005
2015-05-23,RS01SUM1-LJ01B-09-PRESTB102,1,True,5760,5760,0,0.0,0.0005
2015-05-24,RS01SUM1-LJ01B-09-PRESTB102,1,True,5760,5760,0,0.0,0.0005
2015-05-25,RS01SUM1-LJ01B-09-PRESTB102,1,True,5760,5760,0,0.0,0.0005
2015-05-26,RS01SUM1-LJ01B-09-PRESTB102,1,True,5760,5760,0,0.0,0.0005
2015-05-27,RS01SUM1-LJ01B-09-PRESTB102,1,True,5760,5760,0,0.0,0.0005
2015-05-28,RS01SUM1-LJ01B-09-PRESTB102,1,True,5760,5760,0,0.0,0.0005
2015-05-29,RS01SUM1-LJ01B-09-PRESTB102,1,True,5760,5760,0,0.0,0.0005
2015-05-30,RS01SUM1-LJ01B-09-PRESTB102,1,True,5760,5760,0,0.0,0.0005
2015-05-31,RS01SUM1-LJ01B-09-PRESTB102,1,True,5760,5760,0,0.0,0.0005
2015-06-01,RS01SUM1-LJ01B-09-PRESTB102,1,True,5760,5760,0,0.0,0.0005
2015-06-02,RS01SUM1-LJ01B-09-PRESTB102,1,True,5760,5760,0,0.0,0.0005
2015-06-03,RS01SUM1-LJ01B-09-PRESTB102,1,True,5760,5760,0,0.0,0.0005
2015-06-04,RS01SUM1-LJ01B-09-PRESTB102,1,True,5760,5760,0,0.0,0.0005
2015-06-05,RS01SUM1-LJ01B-09-PRESTB102,1,True,5760,5760,0,0.0,0.0005
2015-06-06,RS01SUM1-LJ01B-09-PRESTB102,1,True,5760,5760,0,0.0,0.0005
2015-06-07,RS01SUM1-LJ01B-09-PRESTB102,1,True,5760,5760,0,0.0,0.0005
2015-06-08,RS01SUM1-LJ01B-09-PRESTB102,1,True,5760,5760,0,0.0,0.0005
2015-06-09,RS01SUM1-LJ01B-09-PRESTB102,1,True,5760,5760,0,0.0,0.0005
2015-06-10,RS01SUM1-LJ01B-09-PRESTB102,1,True,5760,5760,0,0.0,0.0005
2015-06-11,RS01SUM1-LJ01B-09-PRESTB102,1,True,5760,5760,0,0.0,0.0005
2015-06-12,RS01SUM1-LJ01B-09-PRESTB102,1,True,5760,5760,0,0.0,0.0005
2015-06-13,RS01SUM1-LJ01B-09-PRESTB102,1,True,5760,5760,0,0.0,0.0005
2015-06-14,RS01SUM1-LJ01B-09-PRESTB102,1,True,5760,5760,0,0.0,0.0005
2015-06-15,RS01SUM1-LJ01B-09-PRESTB102,1,True,2574,5760,3186,55.3125,55.3127
2015-06-16,RS01SUM1-LJ01B-09-PRESTB102,1,True,5760,5760,0,0.0,0.0005
2015-06-17,RS01SUM1-LJ01B-09-PRESTB102,1,True,5760,5760,0,0.0,0.0005
2015-06-18,RS01SUM1-LJ01B-09-PRESTB102,1,True,5760,5760,0,0.0,0.0005
2015-06-19,RS01SUM1-LJ01B-09-PRESTB102,1,True,5760,5760,0,0.0,0.0005
2015-06-20,RS01SUM1-LJ01B-09-PRESTB102,1,True,5760,5760,0,0.0,0.0005
2015-06-21,RS01SUM1-LJ01B-09-PRESTB102,1,True,5760,5760,0,0.0,0.0005
2015-06-22,RS01SUM1-LJ01B-09-PRESTB102,1,True,5760,5760,0,0.0,0.0005
2015-06-23,RS01SUM1-LJ01B-09-PRESTB102,1,True,5760,5760,0,0.0,0.0005
2015-06-24,RS01SUM1-LJ01B-09-PRESTB102,1,True,5760,5760,0,0.0,0.0005
2015-06-25,RS01SUM1-LJ01B-09-PRESTB102,1,True,5760,5760,0,0.0,0.0005
2015-06-26,RS01SUM1-LJ01B-09-PRESTB102,1,True,5760,5760,0,0.0,0.0005
2015-06-27,RS01SUM1-LJ01B-09-PRESTB102,1,True,5760,5760,0,0.0,0.0005
2015-06-28,RS01SUM1-LJ01B-09-PRESTB102,1,True,5760,5760,0,0.0,0.0005
2015-06-29,RS01SUM1-LJ01B-09-PRESTB102,1,True,5760,5760,0,0.0,0.0005
2015-06-30,RS01SUM1-LJ01B-09-PRESTB102,1,True,5645,5760,115,1.9965,1.997
2015-07-01,RS01SUM1-LJ01B-09-PRESTB102,1,True,5760,5760,0,0.0,0.0005
2015-07-02,RS01SUM1-LJ01B-09-PRESTB102,1,True,5760,5760,0,0.0,0.0005
2015-07-03,RS01SUM1-LJ01B-09-PRESTB102,1,True,5752,5760,8,0.1389,0.1394
2015-07-04,RS01SUM1-LJ01B-09-PRESTB102,1,True,5760,5760,0,0.0,0.0005
2015-07-05,RS01SUM1-LJ01B-09-PRESTB102,1,True,5760,5760,0,0.0,0.0005
2015-07-06,RS01SUM1-LJ01B-09-PRESTB102,1,True,5760,5760,0,0.0,0.0005
2015-07-07,RS01SUM1-LJ01B-09-PRESTB102,1,True,5760,5760,0,0.0,0.0005
2015-07-08,RS01SUM1-LJ01B-09-PRESTB102,1,True,5760,5760,0,0.0,0.0005
2015-07-09,RS01SUM1-LJ01B-09-PRESTB102,1,True,5760,5760,0,0.0,0.0005
2015-07-10,RS01SUM1-LJ01B-09-PRESTB102,1,True,5730,5760,30,0.5208,0.5213
2015-07-11,RS01SUM1-LJ01B-09-PRESTB102,1,True,5760,5760,0,0.0,0.0005
2015-07-12,RS01SUM1-LJ01B-09-PRESTB102,1,True,5760,5760,0,0.0,0.0005
2015-07-13,RS01SUM1-LJ01B-09-PRESTB102,1,True,5760,5760,0,0.0,0.0005
2015-07-14,RS01SUM1-LJ01B-09-PRESTB102,1,True,5760,5760,0,0.0,0.0005
2015-07-15,RS01SUM1-LJ01B-09-PRESTB102,1,True,3353,5760,2407,41.7882,41.7885
2015-07-16,RS01SUM1-LJ01B-09-PRESTB102,1,True,5730,5760,30,0.5208,0.5213
2015-07-17,RS01SUM1-LJ01B-09-PRESTB102,1,True,5760,5760,0,0.0,0.0005
2015-07-18,RS01SUM1-LJ01B-09-PRESTB102,1,True,5760,5760,0,0.0,0.0005
2015-07-19,RS01SUM1-LJ01B-09-PRESTB102,1,True,5760,5760,0,0.0,0.0005
2015-07-20,RS01SUM1-LJ01B-09-PRESTB102,1,True,5760,5760,0,0.0,0.0005
2015-07-21,RS01SUM1-LJ01B-09-PRESTB102,1,True,5760,5760,0,0.0,0.0005
2015-07-22,RS01SUM1-LJ01B-09-PRESTB102,1,True,5760,5760,0,0.0,0.0005
2015-07-23,RS01SUM1-LJ01B-09-PRESTB102,1,True,5760,5760,0,0.0,0.0005
2015-07-24,RS01SUM1-LJ01B-09-PRESTB102,1,True,5760,5760,0,0.0,0.0005
2015-07-25,RS01SUM1-LJ01B-09-PRESTB102,1,True,5760,5760,0,0.0,0.0005
2015-07-26,RS01SUM1-LJ01B-09-PRESTB102,1,True,5760,5760,0,0.0,0.0005
2015-07-27,RS01SUM1-LJ01B-09-PRESTB102,1,True,5760,5760,0,0.0,0.0005
2015-07-28,RS01SUM1-LJ01B-09-PRESTB102,1,True,5760,5760,0,0.0,0.0005
2015-07-29,RS01SUM1-LJ01B-09-PRESTB102,1,True,5760,5760,0,0.0,0.0005
2015-07-30,RS01SUM1-LJ01B-09-PRESTB102,1,True,5760,5760,0,0.0,0.0005
2015-07-31,RS01SUM1-LJ01B-09-PRESTB102,1,True,5760,5760,0,0.0,0.0005
2015-08-01,RS01SUM1-LJ01B-09-PRESTB102,1,True,5760,5760,0,0.0,0.0005
2015-08-02,RS01SUM1-LJ01B-09-PRESTB102,1,True,5760,5760,0,0.0,0.0005
2015-08-03,RS01SUM1-LJ01B-09-PRESTB102,1,True,5760,5760,0,0.0,0.0005
2015-08-04,RS01SUM1-LJ01B-09-PRESTB102,1,True,5760,5760,0,0.0,0.0005
2015-08-05,RS01SUM1-LJ01B-09-PRESTB102,1,True,5760,5760,0,0.0,0.0005
2015-08-06,RS01SUM1-LJ01B-09-PRESTB102,1,True,5760,5760,0,0.0,0.0005
2015-08-07,RS01SUM1-LJ01B-09-PRESTB102,1,True,5760,5760,0,0.0,0.0005
2015-08-08,RS01SUM1-LJ01B-09-PRESTB102,1,True,5760,5760,0,0.0,0.0005
2015-08-09,RS01SUM1-LJ01B-09-PRESTB102,1,True,5760,5760,0,0.0,0.0005
2015-08-10,RS01SUM1-LJ01B-09-PRESTB102,1,True,5760,5760,0,0.0,0.0005
2015-08-11,RS01SUM1-LJ01B-09-PRESTB102,1,True,5760,5760,0,0.0,0.0005
2015-08-12,RS01SUM1-LJ01B-09-PRESTB102,1,True,11520,5761,0,0.0,0.0
2015-08-13,RS01SUM1-LJ01B-09-PRESTB102,1,True,11520,5761,0,0.0,0.0
2015-08-14,RS01SUM1-LJ01B-09-PRESTB102,1,True,11520,5761,0,0.0,0.0
2015-08-15,RS01SUM1-LJ01B-09-PRESTB102,1,True,6764,3383,0,0.0,0.0
2015-08-16,RS01SUM1-LJ01B-09-PRESTB102,1,True,10312,5157,0,0.0,0.0
2015-08-17,RS01SUM1-LJ01B-09-PRESTB102,1,True,11520,5761,0,0.0,0.0
2015-08-18,RS01SUM1-LJ01B-09-PRESTB102,1,True,11520,5761,0,0.0,0.0
2015-08-19,RS01SUM1-LJ01B-09-PRESTB102,1,True,11520,5761,0,0.0,0.0
2015-08-20,RS01SUM1-LJ01B-09-PRESTB102,1,True,11520,5761,0,0.0,0.0
2015-08-21,RS01SUM1-LJ01B-09-PRESTB102,1,True,10921,11521,600,5.2079,0.0
2015-08-22,RS01SUM1-LJ01B-09-PRESTB102,1,True,11520,40315,28795,71.425,0.0
2015-08-23,RS01SUM1-LJ01B-09-PRESTB102,1,True,11520,46074,34554,74.9967,0.0
2015-08-24,RS01SUM1-LJ01B-09-PRESTB102,1,True,11520,46074,34554,74.9967,0.0
2015-08-25,RS01SUM1-LJ01B-09-PRESTB102,1,True,11520,46074,34554,74.9967,0.0
2015-08-26,RS01SUM1-LJ01B-09-PRESTB102,1,True,11520,46074,34554,74.9967,0.0
2015-08-27,RS01SUM1-LJ01B-09-PRESTB102,1,True,11520,46074,34554,74.9967,0.0
2015-08-28,RS01SUM1-LJ01B-09-PRESTB102,1,True,11520,51833,40313,77.7748,0.0
2015-08-29,RS01SUM1-LJ01B-09-PRESTB102,1,True,11338,5772,0,0.0,0.0
2015-08-30,RS01SUM1-LJ01B-09-PRESTB102,1,True,11520,51833,40313,77.7748,0.0
2015-08-31,RS01SUM1-LJ01B-09-PRESTB102,1,True,11520,52055,40535,77.8696,0.0
2015-09-01,RS01SUM1-LJ01B-09-PRESTB102,1,True,11520,57592,46072,79.9972,0.0
2015-09-02,RS01SUM1-LJ01B-09-PRESTB102,1,True,11520,57592,46072,79.9972,0.0
2015-09-03,RS01SUM1-LJ01B-09-PRESTB102,1,True,11520,57592,46072,79.9972,0.0
2015-09-04,RS01SUM1-LJ01B-09-PRESTB102,1,True,11520,63351,51831,81.8156,0.0
2015-09-05,RS01SUM1-LJ01B-09-PRESTB102,1,True,11520,63351,51831,81.8156,0.0
2015-09-06,RS01SUM1-LJ01B-09-PRESTB102,1,True,11520,63351,51831,81.8156,0.0
2015-09-07,RS01SUM1-LJ01B-09-PRESTB102,1,True,11520,69110,57590,83.3309,0.0
2015-09-08,RS01SUM1-LJ01B-09-PRESTB102,1,True,11520,69110,57590,83.3309,0.0
2015-09-09,RS01SUM1-LJ01B-09-PRESTB102,1,True,11482,5762,0,0.0,0.0
2015-09-10,RS01SUM1-LJ01B-09-PRESTB102,1,True,11520,74869,63349,84.6131,0.0
2015-09-11,RS01SUM1-LJ01B-09-PRESTB102,1,True,11520,80628,69108,85.7122,0.0
2015-09-12,RS01SUM1-LJ01B-09-PRESTB102,1,True,11520,83017,71497,86.1233,0.0
2015-09-13,RS01SUM1-LJ01B-09-PRESTB102,1,True,11520,86387,74867,86.6647,0.0
2015-09-14,RS01SUM1-LJ01B-09-PRESTB102,1,True,11520,92146,80626,87.4981,0.0
2015-09-15,RS01SUM1-LJ01B-09-PRESTB102,1,True,11520,97905,86385,88.2335,0.0
2015-09-16,RS01SUM1-LJ01B-09-PRESTB102,1,True,11520,103664,92144,88.8872,0.0
2015-09-17,RS01SUM1-LJ01B-09-PRESTB102,1,True,11520,109423,97903,89.472,0.0
2015-09-18,RS01SUM1-LJ01B-09-PRESTB102,1,True,11520,115182,103662,89.9984,0.0
2015-09-19,RS01SUM1-LJ01B-09-PRESTB102,1,True,11520,120941,109421,90.4747,0.0
2015-09-20,RS01SUM1-LJ01B-09-PRESTB102,1,True,11520,132459,120939,91.303,0.0
2015-09-21,RS01SUM1-LJ01B-09-PRESTB102,1,True,11520,143977,132457,91.9987,0.0
2015-09-22,RS01SUM1-LJ01B-09-PRESTB102,1,True,11520,155494,143974,92.5914,0.0
2015-09-23,RS01SUM1-LJ01B-09-PRESTB102,1,True,11520,167013,155493,93.1023,0.0
2015-09-24,RS01SUM1-LJ01B-09-PRESTB102,1,True,11520,184290,172770,93.749,0.0
2015-09-25,RS01SUM1-LJ01B-09-PRESTB102,1,True,11520,195808,184288,94.1167,0.0
2015-09-26,RS01SUM1-LJ01B-09-PRESTB102,1,True,11520,230362,218842,94.9992,0.0
2015-09-27,RS01SUM1-LJ01B-09-PRESTB102,1,True,11520,253398,241878,95.4538,0.0
2015-09-28,RS01SUM1-LJ01B-09-PRESTB102,1,True,11520,284794,273274,95.955,0.0
2015-09-29,RS01SUM1-LJ01B-09-PRESTB102,1,True,11520,342839,331319,96.6398,0.0
2015-09-30,RS01SUM1-LJ01B-09-PRESTB102,1,True,11520,408891,397371,97.1826,0.0
2015-10-01,RS01SUM1-LJ01B-09-PRESTB102,1,True,11520,529830,518310,97.8257,0.0
2015-10-02,RS01SUM1-LJ01B-09-PRESTB102,1,True,11520,731273,719753,98.4247,0.0
2015-10-03,RS01SUM1-LJ01B-09-PRESTB102,1,True,11520,1217723,1206203,99.054,0.0
2015-10-04,RS01SUM1-LJ01B-09-PRESTB102,1,True,5929,5760,0,0.0,0.0
2015-10-05,RS01SUM1-LJ01B-09-PRESTB102,1,True,5760,5760,0,0.0,0.0005
2015-10-06,RS01SUM1-LJ01B-09-PRESTB102,1,True,5760,5760,0,0.0,0.0005
2015-10-07,RS01SUM1-LJ01B-09-PRESTB102,1,True,5760,5760,0,0.0,0.0005
2015-10-08,RS01SUM1-LJ01B-09-PRESTB102,1,True,5760,5760,0,0.0,0.0005
2015-10-09,RS01SUM1-LJ01B-09-PRESTB102,1,True,5760,5760,0,0.0,0.0005
2015-10-10,RS01SUM1-LJ01B-09-PRESTB102,1,True,5760,5760,0,0.0,0.0005
2015-10-11,RS01SUM1-LJ01B-09-PRESTB102,1,True,5760,5760,0,0.0,0.0005
2015-10-12,RS01SUM1-LJ01B-09-PRESTB102,1,True,5760,5760,0,0.0,0.0005
2015-10-13,RS01SUM1-LJ01B-09-PRESTB102,1,True,5760,5760,0,0.0,0.0005
2015-10-14,RS01SUM1-LJ01B-09-PRESTB102,1,True,5760,5760,0,0.0,0.0005
2015-10-15,RS01SUM1-LJ01B-09-PRESTB102,1,True,5760,5760,0,0.0,0.0005
2015-10-16,RS01SUM1-LJ01B-09-PRESTB102,1,True,5760,5760,0,0.0,0.0005
2015-10-17,RS01SUM1-LJ01B-09-PRESTB102,1,True,5760,5760,0,0.0,0.0005
2015-10-18,RS01SUM1-LJ01B-09-PRESTB102,1,True,5760,5760,0,0.0,0.0005
2015-10-19,RS01SUM1-LJ01B-09-PRESTB102,1,True,5699,5760,61,1.059,1.0595
2015-10-20,RS01SUM1-LJ01B-09-PRESTB102,1,True,5760,5760,0,0.0,0.0005
2015-10-21,RS01SUM1-LJ01B-09-PRESTB102,1,True,5760,5760,0,0.0,0.0005
2015-10-22,RS01SUM1-LJ01B-09-PRESTB102,1,True,5760,5760,0,0.0,0.0005
2015-10-23,RS01SUM1-LJ01B-09-PRESTB102,1,True,5741,5760,19,0.3299,0.3304
2015-10-24,RS01SUM1-LJ01B-09-PRESTB102,1,True,5760,5760,0,0.0,0.0005
2015-10-25,RS01SUM1-LJ01B-09-PRESTB102,1,True,5760,5760,0,0.0,0.0005
2015-10-26,RS01SUM1-LJ01B-09-PRESTB102,1,True,5760,5760,0,0.0,0.0005
2015-10-27,RS01SUM1-LJ01B-09-PRESTB102,1,True,5760,5760,0,0.0,0.0005
2015-10-28,RS01SUM1-LJ01B-09-PRESTB102,1,True,5527,5760,233,4.0451,4.0456
2015-10-29,RS01SUM1-LJ01B-09-PRESTB102,1,True,5754,5760,6,0.1042,0.1047
2015-10-30,RS01SUM1-LJ01B-09-PRESTB102,1,True,5760,5760,0,0.0,0.0005
2015-10-31,RS01SUM1-LJ01B-09-PRESTB102,1,True,5760,5760,0,0.0,0.0005
2015-11-01,RS01SUM1-LJ01B-09-PRESTB102,1,True,5760,5760,0,0.0,0.0005
2015-11-02,RS01SUM1-LJ01B-09-PRESTB102,1,True,5760,5760,0,0.0,0.0005
2015-11-03,RS01SUM1-LJ01B-09-PRESTB102,1,True,5760,5760,0,0.0,0.0005
2015-11-04,RS01SUM1-LJ01B-09-PRESTB102,1,True,5760,5760,0,0.0,0.0005
2015-11-05,RS01SUM1-LJ01B-09-PRESTB102,1,True,5760,5760,0,0.0,0.0005
2015-11-06,RS01SUM1-LJ01B-09-PRESTB102,1,True,5760,5760,0,0.0,0.0005
2015-11-07,RS01SUM1-LJ01B-09-PRESTB102,1,True,3650,5760,2110,36.6319,36.6323
2015-11-08,RS01SUM1-LJ01B-09-PRESTB102,1,True,5760,5760,0,0.0,0.0005
2015-11-09,RS01SUM1-LJ01B-09-PRESTB102,1,True,5758,5760,2,0.0347,0.0352
2015-11-10,RS01SUM1-LJ01B-09-PRESTB102,1,True,5760,5760,0,0.0,0.0005
2015-11-11,RS01SUM1-LJ01B-09-PRESTB102,1,True,5760,5760,0,0.0,0.0005
2015-11-12,RS01SUM1-LJ01B-09-PRESTB102,1,True,5760,5760,0,0.0,0.0005
2015-11-13,RS01SUM1-LJ01B-09-PRESTB102,1,True,5760,5760,0,0.0,0.0005
2015-11-14,RS01SUM1-LJ01B-09-PRESTB102,1,True,5760,5760,0,0.0,0.0005
2015-11-15,RS01SUM1-LJ01B-09-PRESTB102,1,True,5760,5760,0,0.0,0.0005
2015-11-16,RS01SUM1-LJ01B-09-PRESTB102,1,True,5760,5760,0,0.0,0.0005
2015-11-17,RS01SUM1-LJ01B-09-PRESTB102,1,True,5760,5760,0,0.0,0.0005
2015-11-18,RS01SUM1-LJ01B-09-PRESTB102,1,True,5740,5760,20,0.3472,0.3477
2015-11-19,RS01SUM1-LJ01B-09-PRESTB102,1,True,5760,5760,0,0.0,0.0005
2015-11-20,RS01SUM1-LJ01B-09-PRESTB102,1,True,5760,5760,0,0.0,0.0005
2015-11-21,RS01SUM1-LJ01B-09-PRESTB102,1,True,5760,5760,0,0.0,0.0005
2015-11-22,RS01SUM1-LJ01B-09-PRESTB102,1,True,5760,5760,0,0.0,0.0005
2015-11-23,RS01SUM1-LJ01B-09-PRESTB102,1,True,5760,5760,0,0.0,0.0005
2015-11-24,RS01SUM1-LJ01B-09-PRESTB102,1,True,5760,5760,0,0.0,0.0005
2015-11-25,RS01SUM1-LJ01B-09-PRESTB102,1,True,5759,5760,1,0.0174,0.0179
2015-11-26,RS01SUM1-LJ01B-09-PRESTB102,1,True,5760,5760,0,0.0,0.0005
2015-11-27,RS01SUM1-LJ01B-09-PRESTB102,1,True,5760,5760,0,0.0,0.0005
2015-11-28,RS01SUM1-LJ01B-09-PRESTB102,1,True,5760,5760,0,0.0,0.0005
2015-11-29,RS01SUM1-LJ01B-09-PRESTB102,1,True,4940,5760,820,14.2361,14.2365
2015-11-30,RS01SUM1-LJ01B-09-PRESTB102,1,True,5760,5760,0,0.0,0.0005
2015-12-01,RS01SUM1-LJ01B-09-PRESTB102,1,True,5760,5760,0,0.0,0.0005
2015-12-02,RS01SUM1-LJ01B-09-PRESTB102,1,True,5752,5760,8,0.1389,0.1394
2015-12-03,RS01SUM1-LJ01B-09-PRESTB102,1,True,5754,5760,6,0.1042,0.1047
2015-12-04,RS01SUM1-LJ01B-09-PRESTB102,1,True,5760,5760,0,0.0,0.0005
2015-12-05,RS01SUM1-LJ01B-09-PRESTB102,1,True,5760,5760,0,0.0,0.0005
2015-12-06,RS01SUM1-LJ01B-09-PRESTB102,1,True,5760,5760,0,0.0,0.0005
2015-12-07,RS01SUM1-LJ01B-09-PRESTB102,1,True,5760,5760,0,0.0,0.0005
2015-12-08,RS01SUM1-LJ01B-09-PRESTB102,1,True,5760,5760,0,0.0,0.0005
2015-12-09,RS01SUM1-LJ01B-09-PRESTB102,1,True,5760,5760,0,0.0,0.0005
2015-12-10,RS01SUM1-LJ01B-09-PRESTB102,1,True,5760,5760,0,0.0,0.0005
2015-12-11,RS01SUM1-LJ01B-09-PRESTB102,1,True,5760,5760,0,0.0,0.0005
2015-12-12,RS01SUM1-LJ01B-09-PRESTB102,1,True,5760,5760,0,0.0,0.0005
2015-12-13,RS01SUM1-LJ01B-09-PRESTB102,1,True,5760,5760,0,0.0,0.0005
2015-12-14,RS01SUM1-LJ01B-09-PRESTB102,1,True,5760,5760,0,0.0,0.0005
2015-12-15,RS01SUM1-LJ01B-09-PRESTB102,1,True,5760,5760,0,0.0,0.0005
2015-12-16,RS01SUM1-LJ01B-09-PRESTB102,1,True,5760,5760,0,0.0,0.0005
2015-12-17,RS01SUM1-LJ01B-09-PRESTB102,1,True,5760,5760,0,0.0,0.0005
2015-12-18,RS01SUM1-LJ01B-09-PRESTB102,1,True,5760,5760,0,0.0,0.0005
2015-12-19,RS01SUM1-LJ01B-09-PRESTB102,1,True,5760,5760,0,0.0,0.0005
2015-12-20,RS01SUM1-LJ01B-09-PRESTB102,1,True,5760,5760,0,0.0,0.0005
2015-12-21,RS01SUM1-LJ01B-09-PRESTB102,1,True,5760,5760,0,0.0,0.0005
2015-12-22,RS01SUM1-LJ01B-09-PRESTB102,1,True,5760,5760,0,0.0,0.0005
2015-12-23,RS01SUM1-LJ01B-09-PRESTB102,1,True,5760,5760,0,0.0,0.0005
2015-12-24,RS01SUM1-LJ01B-09-PRESTB102,1,True,5760,5760,0,0.0,0.0005
2015-12-25,RS01SUM1-LJ01B-09-PRESTB102,1,True,5760,5760,0,0.0,0.0005
2015-12-26,RS01SUM1-LJ01B-09-PRESTB102,1,True,5760,5760,0,0.0,0.0005
2015-12-27,RS01SUM1-LJ01B-09-PRESTB102,1,True,5760,5760,0,0.0,0.0005
2015-12-28,RS01SUM1-LJ01B-09-PRESTB102,1,True,5760,5760,0,0.0,0.0005
2015-12-29,RS01SUM1-LJ01B-09-PRESTB102,1,True,5760,5760,0,0.0,0.0005
2015-12-30,RS01SUM1-LJ01B-09-PRESTB102,1,True,5760,5760,0,0.0,0.0005
2015-12-31,RS01SUM1-LJ01B-09-PRESTB102,1,True,5760,5760,0,0.0,0.0005
2016-01-01,RS01SUM1-LJ01B-09-PRESTB102,1,True,5760,5760,0,0.0,0.0005
2016-01-02,RS01SUM1-LJ01B-09-PRESTB102,1,True,5760,5760,0,0.0,0.0005
2016-01-03,RS01SUM1-LJ01B-09-PRESTB102,1,True,5760,5760,0,0.0,0.0005
2016-01-04,RS01SUM1-LJ01B-09-PRESTB102,1,True,5760,5760,0,0.0,0.0005
2016-01-05,RS01SUM1-LJ01B-09-PRESTB102,1,True,5760,5760,0,0.0,0.0005
2016-01-06,RS01SUM1-LJ01B-09-PRESTB102,1,True,5760,5760,0,0.0,0.0005
2016-01-07,RS01SUM1-LJ01B-09-PRESTB102,1,True,5739,5760,21,0.3646,0.3651
2016-01-08,RS01SUM1-LJ01B-09-PRESTB102,1,True,5760,5760,0,0.0,0.0005
2016-01-09,RS01SUM1-LJ01B-09-PRESTB102,1,True,5760,5760,0,0.0,0.0005
2016-01-10,RS01SUM1-LJ01B-09-PRESTB102,1,True,5760,5760,0,0.0,0.0005
2016-01-11,RS01SUM1-LJ01B-09-PRESTB102,1,True,5760,5760,0,0.0,0.0005
2016-01-12,RS01SUM1-LJ01B-09-PRESTB102,1,True,5760,5760,0,0.0,0.0005
2016-01-13,RS01SUM1-LJ01B-09-PRESTB102,1,True,5760,5760,0,0.0,0.0005
2016-01-14,RS01SUM1-LJ01B-09-PRESTB102,1,True,5760,5760,0,0.0,0.0005
2016-01-15,RS01SUM1-LJ01B-09-PRESTB102,1,True,5760,5760,0,0.0,0.0005
2016-01-16,RS01SUM1-LJ01B-09-PRESTB102,1,True,5760,5760,0,0.0,0.0005
2016-01-17,RS01SUM1-LJ01B-09-PRESTB102,1,True,5760,5760,0,0.0,0.0005
2016-01-18,RS01SUM1-LJ01B-09-PRESTB102,1,True,5760,5760,0,0.0,0.0005
2016-01-19,RS01SUM1-LJ01B-09-PRESTB102,1,True,5760,5760,0,0.0,0.0005
2016-01-20,RS01SUM1-LJ01B-09-PRESTB102,1,True,5760,5760,0,0.0,0.0005
2016-01-21,RS01SUM1-LJ01B-09-PRESTB102,1,True,5760,5760,0,0.0,0.0005
2016-01-22,RS01SUM1-LJ01B-09-PRESTB102,1,True,5760,5760,0,0.0,0.0005
2016-01-23,RS01SUM1-LJ01B-09-PRESTB102,1,True,5760,5760,0,0.0,0.0005
2016-01-24,RS01SUM1-LJ01B-09-PRESTB102,1,True,5760,5760,0,0.0,0.0005
2016-01-25,RS01SUM1-LJ01B-09-PRESTB102,1,True,5760,5760,0,0.0,0.0005
2016-01-26,RS01SUM1-LJ01B-09-PRESTB102,1,True,5760,5760,0,0.0,0.0005
2016-01-27,RS01SUM1-LJ01B-09-PRESTB102,1,True,5760,5760,0,0.0,0.0005
2016-01-28,RS01SUM1-LJ01B-09-PRESTB102,1,True,5760,5760,0,0.0,0.0005
2016-01-29,RS01SUM1-LJ01B-09-PRESTB102,1,True,5760,5760,0,0.0,0.0005
2016-01-30,RS01SUM1-LJ01B-09-PRESTB102,1,True,4832,4832,0,0.0,16.1115
2016-01-31,RS01SUM1-LJ01B-09-PRESTB102,1,True,5150,5150,0,0.0,10.5907
2016-02-01,RS01SUM1-LJ01B-09-PRESTB102,1,True,5759,5760,1,0.0174,0.0179
2016-02-02,RS01SUM1-LJ01B-09-PRESTB102,1,True,5760,5760,0,0.0,0.0005
2016-02-03,RS01SUM1-LJ01B-09-PRESTB102,1,True,5760,5760,0,0.0,0.0005
2016-02-04,RS01SUM1-LJ01B-09-PRESTB102,1,True,5760,5760,0,0.0,0.0005
2016-02-05,RS01SUM1-LJ01B-09-PRESTB102,1,True,5760,5760,0,0.0,0.0005
2016-02-06,RS01SUM1-LJ01B-09-PRESTB102,1,True,5760,5760,0,0.0,0.0005
2016-02-07,RS01SUM1-LJ01B-09-PRESTB102,1,True,5760,5760,0,0.0,0.0005
2016-02-08,RS01SUM1-LJ01B-09-PRESTB102,1,True,5760,5760,0,0.0,0.0005
2016-02-09,RS01SUM1-LJ01B-09-PRESTB102,1,True,5760,5760,0,0.0,0.0005
2016-02-10,RS01SUM1-LJ01B-09-PRESTB102,1,True,5760,5760,0,0.0,0.0005
2016-02-11,RS01SUM1-LJ01B-09-PRESTB102,1,True,5760,5760,0,0.0,0.0005
2016-02-12,RS01SUM1-LJ01B-09-PRESTB102,1,True,5760,5760,0,0.0,0.0005
2016-02-13,RS01SUM1-LJ01B-09-PRESTB102,1,True,5760,5760,0,0.0,0.0005
2016-02-14,RS01SUM1-LJ01B-09-PRESTB102,1,True,5760,5760,0,0.0,0.0005
2016-02-15,RS01SUM1-LJ01B-09-PRESTB102,1,True,5759,5760,1,0.0174,0.0179
2016-02-16,RS01SUM1-LJ01B-09-PRESTB102,1,True,5760,5760,0,0.0,0.0005
2016-02-17,RS01SUM1-LJ01B-09-PRESTB102,1,True,5760,5760,0,0.0,0.0005
2016-02-18,RS01SUM1-LJ01B-09-PRESTB102,1,True,5760,5760,0,0.0,0.0005
2016-02-19,RS01SUM1-LJ01B-09-PRESTB102,1,True,5760,5760,0,0.0,0.0005
2016-02-20,RS01SUM1-LJ01B-09-PRESTB102,1,True,5760,5760,0,0.0,0.0005
2016-02-21,RS01SUM1-LJ01B-09-PRESTB102,1,True,5760,5760,0,0.0,0.0005
2016-02-22,RS01SUM1-LJ01B-09-PRESTB102,1,True,5760,5760,0,0.0,0.0005
2016-02-23,RS01SUM1-LJ01B-09-PRESTB102,1,True,5760,5760,0,0.0,0.0005
2016-02-24,RS01SUM1-LJ01B-09-PRESTB102,1,True,5760,5760,0,0.0,0.0005
2016-02-25,RS01SUM1-LJ01B-09-PRESTB102,1,True,5760,5760,0,0.0,0.0005
2016-02-26,RS01SUM1-LJ01B-09-PRESTB102,1,True,5760,5760,0,0.0,0.0005
2016-02-27,RS01SUM1-LJ01B-09-PRESTB102,1,True,5760,5760,0,0.0,0.0005
2016-02-28,RS01SUM1-LJ01B-09-PRESTB102,1,True,5760,5760,0,0.0,0.0005
2016-02-29,RS01SUM1-LJ01B-09-PRESTB102,1,True,5760,5760,0,0.0,0.0005
2016-03-01,RS01SUM1-LJ01B-09-PRESTB102,1,True,5754,5760,6,0.1042,0.1047
2016-03-02,RS01SUM1-LJ01B-09-PRESTB102,1,True,5760,5760,0,0.0,0.0005
2016-03-03,RS01SUM1-LJ01B-09-PRESTB102,1,True,4840,5760,920,15.9722,15.9726
2016-03-04,RS01SUM1-LJ01B-09-PRESTB102,1,True,5760,5760,0,0.0,0.0005
2016-03-05,RS01SUM1-LJ01B-09-PRESTB102,1,True,5760,5760,0,0.0,0.0005
2016-03-06,RS01SUM1-LJ01B-09-PRESTB102,1,True,5760,5760,0,0.0,0.0005
2016-03-07,RS01SUM1-LJ01B-09-PRESTB102,1,True,5760,5760,0,0.0,0.0005
2016-03-08,RS01SUM1-LJ01B-09-PRESTB102,1,True,5754,5760,6,0.1042,0.1047
2016-03-09,RS01SUM1-LJ01B-09-PRESTB102,1,True,5760,5760,0,0.0,0.0005
2016-03-10,RS01SUM1-LJ01B-09-PRESTB102,1,True,5547,5547,0,0.0,3.6984
2016-03-11,RS01SUM1-LJ01B-09-PRESTB102,1,True,3934,3934,0,0.0,31.7017
2016-03-12,RS01SUM1-LJ01B-09-PRESTB102,1,True,5760,5760,0,0.0,0.0005
2016-03-13,RS01SUM1-LJ01B-09-PRESTB102,1,True,5760,5760,0,0.0,0.0005
2016-03-14,RS01SUM1-LJ01B-09-PRESTB102,1,True,5760,5760,0,0.0,0.0005
2016-03-15,RS01SUM1-LJ01B-09-PRESTB102,1,True,5760,5760,0,0.0,0.0005
2016-03-16,RS01SUM1-LJ01B-09-PRESTB102,1,True,5731,5760,29,0.5035,0.504
2016-03-17,RS01SUM1-LJ01B-09-PRESTB102,1,True,5753,5760,7,0.1215,0.122
2016-03-18,RS01SUM1-LJ01B-09-PRESTB102,1,True,5760,5760,0,0.0,0.0005
2016-03-19,RS01SUM1-LJ01B-09-PRESTB102,1,True,5760,5760,0,0.0,0.0005
2016-03-20,RS01SUM1-LJ01B-09-PRESTB102,1,True,5760,5760,0,0.0,0.0005
2016-03-21,RS01SUM1-LJ01B-09-PRESTB102,1,True,5760,5760,0,0.0,0.0005
2016-03-22,RS01SUM1-LJ01B-09-PRESTB102,1,True,5760,5760,0,0.0,0.0005
2016-03-23,RS01SUM1-LJ01B-09-PRESTB102,1,True,5760,5760,0,0.0,0.0005
2016-03-24,RS01SUM1-LJ01B-09-PRESTB102,1,True,5760,5760,0,0.0,0.0005
2016-03-25,RS01SUM1-LJ01B-09-PRESTB102,1,True,5760,5760,0,0.0,0.0005
2016-03-26,RS01SUM1-LJ01B-09-PRESTB102,1,True,5760,5760,0,0.0,0.0005
2016-03-27,RS01SUM1-LJ01B-09-PRESTB102,1,True,5760,5760,0,0.0,0.0005
2016-03-28,RS01SUM1-LJ01B-09-PRESTB102,1,True,5760,5760,0,0.0,0.0005
2016-03-29,RS01SUM1-LJ01B-09-PRESTB102,1,True,5760,5760,0,0.0,0.0005
2016-03-30,RS01SUM1-LJ01B-09-PRESTB102,1,True,5760,5760,0,0.0,0.0005
2016-03-31,RS01SUM1-LJ01B-09-PRESTB102,1,True,5760,5760,0,0.0,0.0005
2016-04-01,RS01SUM1-LJ01B-09-PRESTB102,1,True,5754,5760,6,0.1042,0.1047
2016-04-02,RS01SUM1-LJ01B-09-PRESTB102,1,True,5754,5760,6,0.1042,0.1047
2016-04-03,RS01SUM1-LJ01B-09-PRESTB102,1,True,5760,5760,0,0.0,0.0005
2016-04-04,RS01SUM1-LJ01B-09-PRESTB102,1,True,5760,5760,0,0.0,0.0005
2016-04-05,RS01SUM1-LJ01B-09-PRESTB102,1,True,5760,5760,0,0.0,0.0005
2016-04-06,RS01SUM1-LJ01B-09-PRESTB102,1,True,5760,5760,0,0.0,0.0005
2016-04-07,RS01SUM1-LJ01B-09-PRESTB102,1,True,5760,5760,0,0.0,0.0005
2016-04-08,RS01SUM1-LJ01B-09-PRESTB102,1,True,5723,5760,37,0.6424,0.6429
2016-04-09,RS01SUM1-LJ01B-09-PRESTB102,1,True,5760,5760,0,0.0,0.0005
2016-04-10,RS01SUM1-LJ01B-09-PRESTB102,1,True,5760,5760,0,0.0,0.0005
2016-04-11,RS01SUM1-LJ01B-09-PRESTB102,1,True,5760,5760,0,0.0,0.0005
2016-04-12,RS01SUM1-LJ01B-09-PRESTB102,1,True,5760,5760,0,0.0,0.0005
2016-04-13,RS01SUM1-LJ01B-09-PRESTB102,1,True,5760,5760,0,0.0,0.0005
2016-04-14,RS01SUM1-LJ01B-09-PRESTB102,1,True,5739,5760,21,0.3646,0.3651
2016-04-15,RS01SUM1-LJ01B-09-PRESTB102,1,True,5760,5760,0,0.0,0.0005
2016-04-16,RS01SUM1-LJ01B-09-PRESTB102,1,True,5760,5760,0,0.0,0.0005
2016-04-17,RS01SUM1-LJ01B-09-PRESTB102,1,True,5760,5760,0,0.0,0.0005
2016-04-18,RS01SUM1-LJ01B-09-PRESTB102,1,True,5760,5760,0,0.0,0.0005
2016-04-19,RS01SUM1-LJ01B-09-PRESTB102,1,True,5760,5760,0,0.0,0.0005
2016-04-20,RS01SUM1-LJ01B-09-PRESTB102,1,True,5760,5760,0,0.0,0.0005
2016-04-21,RS01SUM1-LJ01B-09-PRESTB102,1,True,5482,5482,0,0.0,4.8269
2016-04-22,RS01SUM1-LJ01B-09-PRESTB102,1,True,2220,2220,0,0.0,61.4585
2016-04-23,RS01SUM1-LJ01B-09-PRESTB102,1,True,5760,5760,0,0.0,0.0005
2016-04-24,RS01SUM1-LJ01B-09-PRESTB102,1,True,5760,5760,0,0.0,0.0005
2016-04-25,RS01SUM1-LJ01B-09-PRESTB102,1,True,5760,5760,0,0.0,0.0005
2016-04-26,RS01SUM1-LJ01B-09-PRESTB102,1,True,5760,5760,0,0.0,0.0005
2016-04-27,RS01SUM1-LJ01B-09-PRESTB102,1,True,5760,5760,0,0.0,0.0005
2016-04-28,RS01SUM1-LJ01B-09-PRESTB102,1,True,5760,5760,0,0.0,0.0005
2016-04-29,RS01SUM1-LJ01B-09-PRESTB102,1,True,5760,5760,0,0.0,0.0005
2016-04-30,RS01SUM1-LJ01B-09-PRESTB102,1,True,5760,5760,0,0.0,0.0005
2016-05-01,RS01SUM1-LJ01B-09-PRESTB102,1,True,5760,5760,0,0.0,0.0005
2016-05-02,RS01SUM1-LJ01B-09-PRESTB102,1,True,5760,5760,0,0.0,0.0005
2016-05-03,RS01SUM1-LJ01B-09-PRESTB102,1,True,5760,5760,0,0.0,0.0005
2016-05-04,RS01SUM1-LJ01B-09-PRESTB102,1,True,5760,5760,0,0.0,0.0005
2016-05-05,RS01SUM1-LJ01B-09-PRESTB102,1,True,5709,5760,51,0.8854,0.8859
2016-05-06,RS01SUM1-LJ01B-09-PRESTB102,1,True,5556,5760,204,3.5417,3.5421
2016-05-07,RS01SUM1-LJ01B-09-PRESTB102,1,True,3569,5760,2191,38.0382,38.0385
2016-05-08,RS01SUM1-LJ01B-09-PRESTB102,1,True,5760,5760,0,0.0,0.0005
2016-05-09,RS01SUM1-LJ01B-09-PRESTB102,1,True,5760,5760,0,0.0,0.0005
2016-05-10,RS01SUM1-LJ01B-09-PRESTB102,1,True,5759,5760,1,0.0174,0.0179
2016-05-11,RS01SUM1-LJ01B-09-PRESTB102,1,True,5737,5760,23,0.3993,0.3998
2016-05-12,RS01SUM1-LJ01B-09-PRESTB102,1,True,5739,5760,21,0.3646,0.3651
2016-05-13,RS01SUM1-LJ01B-09-PRESTB102,1,True,5755,5760,5,0.0868,0.0873
2016-05-14,RS01SUM1-LJ01B-09-PRESTB102,1,True,5754,5760,6,0.1042,0.1047
2016-05-15,RS01SUM1-LJ01B-09-PRESTB102,1,True,5760,5760,0,0.0,0.0005
2016-05-16,RS01SUM1-LJ01B-09-PRESTB102,1,True,5749,5760,11,0.191,0.1915
2016-05-17,RS01SUM1-LJ01B-09-PRESTB102,1,True,5430,5760,330,5.7292,5.7296
2016-05-18,RS01SUM1-LJ01B-09-PRESTB102,1,True,5720,5760,40,0.6944,0.6949
2016-05-19,RS01SUM1-LJ01B-09-PRESTB102,1,True,5618,5760,142,2.4653,2.4658
2016-05-20,RS01SUM1-LJ01B-09-PRESTB102,1,True,5746,5760,14,0.2431,0.2436
2016-05-21,RS01SUM1-LJ01B-09-PRESTB102,1,True,5757,5760,3,0.0521,0.0526
2016-05-22,RS01SUM1-LJ01B-09-PRESTB102,1,True,5759,5760,1,0.0174,0.0179
2016-05-23,RS01SUM1-LJ01B-09-PRESTB102,1,True,5759,5760,1,0.0174,0.0179
2016-05-24,RS01SUM1-LJ01B-09-PRESTB102,1,True,5760,5760,0,0.0,0.0005
2016-05-25,RS01SUM1-LJ01B-09-PRESTB102,1,True,5760,5760,0,0.0,0.0005
2016-05-26,RS01SUM1-LJ01B-09-PRESTB102,1,True,5760,5760,0,0.0,0.0005
2016-05-27,RS01SUM1-LJ01B-09-PRESTB102,1,True,5757,5760,3,0.0521,0.0526
2016-05-28,RS01SUM1-LJ01B-09-PRESTB102,1,True,5760,5760,0,0.0,0.0005
2016-05-29,RS01SUM1-LJ01B-09-PRESTB102,1,True,5760,5760,0,0.0,0.0005
2016-05-30,RS01SUM1-LJ01B-09-PRESTB102,1,True,5760,5760,0,0.0,0.0005
2016-05-31,RS01SUM1-LJ01B-09-PRESTB102,1,True,5760,5760,0,0.0,0.0005
2016-06-01,RS01SUM1-LJ01B-09-PRESTB102,1,True,5760,5760,0,0.0,0.0005
2016-06-02,RS01SUM1-LJ01B-09-PRESTB102,1,True,5758,5760,2,0.0347,0.0352
2016-06-03,RS01SUM1-LJ01B-09-PRESTB102,1,True,5760,5760,0,0.0,0.0005
2016-06-04,RS01SUM1-LJ01B-09-PRESTB102,1,True,5760,5760,0,0.0,0.0005
2016-06-05,RS01SUM1-LJ01B-09-PRESTB102,1,True,5727,5760,33,0.5729,0.5734
2016-06-06,RS01SUM1-LJ01B-09-PRESTB102,1,True,5760,5760,0,0.0,0.0005
2016-06-07,RS01SUM1-LJ01B-09-PRESTB102,1,True,5750,5760,10,0.1736,0.1741
2016-06-08,RS01SUM1-LJ01B-09-PRESTB102,1,True,5755,5760,5,0.0868,0.0873
2016-06-09,RS01SUM1-LJ01B-09-PRESTB102,1,True,5758,5760,2,0.0347,0.0352
2016-06-10,RS01SUM1-LJ01B-09-PRESTB102,1,True,5760,5760,0,0.0,0.0005
2016-06-11,RS01SUM1-LJ01B-09-PRESTB102,1,True,5758,5760,2,0.0347,0.0352
2016-06-12,RS01SUM1-LJ01B-09-PRESTB102,1,True,5760,5760,0,0.0,0.0005
2016-06-13,RS01SUM1-LJ01B-09-PRESTB102,1,True,5759,5760,1,0.0174,0.0179
2016-06-14,RS01SUM1-LJ01B-09-PRESTB102,1,True,5759,5760,1,0.0174,0.0179
2016-06-15,RS01SUM1-LJ01B-09-PRESTB102,1,True,5752,5760,8,0.1389,0.1394
2016-06-16,RS01SUM1-LJ01B-09-PRESTB102,1,True,5760,5760,0,0.0,0.0005
2016-06-17,RS01SUM1-LJ01B-09-PRESTB102,1,True,5759,5760,1,0.0174,0.0179
2016-06-18,RS01SUM1-LJ01B-09-PRESTB102,1,True,5760,5760,0,0.0,0.0005
2016-06-19,RS01SUM1-LJ01B-09-PRESTB102,1,True,5760,5760,0,0.0,0.0005
2016-06-20,RS01SUM1-LJ01B-09-PRESTB102,1,True,5760,5760,0,0.0,0.0005
2016-06-21,RS01SUM1-LJ01B-09-PRESTB102,1,True,5752,5760,8,0.1389,0.1394
2016-06-22,RS01SUM1-LJ01B-09-PRESTB102,1,True,5760,5760,0,0.0,0.0005
2016-06-23,RS01SUM1-LJ01B-09-PRESTB102,1,True,5758,5760,2,0.0347,0.0352
2016-06-24,RS01SUM1-LJ01B-09-PRESTB102,1,True,5760,5760,0,0.0,0.0005
2016-06-25,RS01SUM1-LJ01B-09-PRESTB102,1,True,5760,5760,0,0.0,0.0005
2016-06-26,RS01SUM1-LJ01B-09-PRESTB102,1,True,5760,5760,0,0.0,0.0005
2016-06-27,RS01SUM1-LJ01B-09-PRESTB102,1,True,5760,5760,0,0.0,0.0005
2016-06-28,RS01SUM1-LJ01B-09-PRESTB102,1,True,5760,5760,0,0.0,0.0005
2016-06-29,RS01SUM1-LJ01B-09-PRESTB102,1,True,5760,5760,0,0.0,0.0005
2016-06-30,RS01SUM1-LJ01B-09-PRESTB102,1,True,5751,5760,9,0.1562,0.1567
2016-07-01,RS01SUM1-LJ01B-09-PRESTB102,1,True,5760,5760,0,0.0,0.0005
2016-07-02,RS01SUM1-LJ01B-09-PRESTB102,1,True,5760,5760,0,0.0,0.0005
2016-07-03,RS01SUM1-LJ01B-09-PRESTB102,1,True,5760,5760,0,0.0,0.0005
2016-07-04,RS01SUM1-LJ01B-09-PRESTB102,1,True,5760,5760,0,0.0,0.0005
2016-07-05,RS01SUM1-LJ01B-09-PRESTB102,1,True,5760,5760,0,0.0,0.0005
2016-07-06,RS01SUM1-LJ01B-09-PRESTB102,1,True,5760,5760,0,0.0,0.0005
2016-07-07,RS01SUM1-LJ01B-09-PRESTB102,1,True,5712,5760,48,0.8333,0.8338
2016-07-08,RS01SUM1-LJ01B-09-PRESTB102,1,True,5760,5760,0,0.0,0.0005
2016-07-09,RS01SUM1-LJ01B-09-PRESTB102,1,True,5760,5760,0,0.0,0.0005
2016-07-10,RS01SUM1-LJ01B-09-PRESTB102,1,True,5760,5760,0,0.0,0.0005
2016-07-11,RS01SUM1-LJ01B-09-PRESTB102,1,True,5751,5760,9,0.1562,0.1567
2016-07-12,RS01SUM1-LJ01B-09-PRESTB102,1,True,5759,5760,1,0.0174,0.0179
2016-07-13,RS01SUM1-LJ01B-09-PRESTB102,1,True,5392,5760,368,6.3889,6.3894
2016-07-14,RS01SUM1-LJ01B-09-PRESTB102,1,True,5753,5760,7,0.1215,0.122
2016-07-15,RS01SUM1-LJ01B-09-PRESTB102,1,True,5760,5760,0,0.0,0.0005
2016-07-16,RS01SUM1-LJ01B-09-PRESTB102,1,True,5760,5760,0,0.0,0.0005
2016-07-17,RS01SUM1-LJ01B-09-PRESTB102,1,True,5760,5760,0,0.0,0.0005
2016-07-18,RS01SUM1-LJ01B-09-PRESTB102,1,True,5760,5760,0,0.0,0.0005
2016-07-19,RS01SUM1-LJ01B-09-PRESTB102,1,True,5760,5760,0,0.0,0.0005
2016-07-20,RS01SUM1-LJ01B-09-PRESTB102,1,True,5760,5760,0,0.0,0.0005
2016-07-21,RS01SUM1-LJ01B-09-PRESTB102,1,True,5760,5760,0,0.0,0.0005
2016-07-22,RS01SUM1-LJ01B-09-PRESTB102,1,True,5760,5760,0,0.0,0.0005
2016-07-23,RS01SUM1-LJ01B-09-PRESTB102,1,True,352,352,0,0.0,93.8889
2016-07-24,RS01SUM1-LJ01B-09-PRESTB102,1,False,0,0,,,
2016-07-25,RS01SUM1-LJ01B-09-PRESTB102,1,True,1339,1339,0,0.0,76.7536
2016-07-26,RS01SUM1-LJ01B-09-PRESTB102,1,True,5760,5760,0,0.0,0.0005
2016-07-27,RS01SUM1-LJ01B-09-PRESTB102,1,True,5753,5760,7,0.1215,0.122
2016-07-28,RS01SUM1-LJ01B-09-PRESTB102,1,True,5760,5760,0,0.0,0.0005
2016-07-29,RS01SUM1-LJ01B-09-PRESTB102,1,True,5760,5760,0,0.0,0.0005
2016-07-30,RS01SUM1-LJ01B-09-PRESTB102,1,True,5760,5760,0,0.0,0.0005
2016-07-31,RS01SUM1-LJ01B-09-PRESTB102,1,True,5760,5760,0,0.0,0.0005
2016-08-01,RS01SUM1-LJ01B-09-PRESTB102,1,True,5760,5760,0,0.0,0.0005
2016-08-02,RS01SUM1-LJ01B-09-PRESTB102,1,True,5760,5760,0,0.0,0.0005
2016-08-03,RS01SUM1-LJ01B-09-PRESTB102,1,True,5760,5760,0,0.0,0.0005
2016-08-04,RS01SUM1-LJ01B-09-PRESTB102,1,True,5760,5760,0,0.0,0.0005
2016-08-05,RS01SUM1-LJ01B-09-PRESTB102,1,True,5760,5760,0,0.0,0.0005
2016-08-06,RS01SUM1-LJ01B-09-PRESTB102,1,True,5760,5760,0,0.0,0.0005
2016-08-07,RS01SUM1-LJ01B-09-PRESTB102,1,True,5760,5760,0,0.0,0.0005
2016-08-08,RS01SUM1-LJ01B-09-PRESTB102,1,True,5760,5760,0,0.0,0.0005
2016-08-09,RS01SUM1-LJ01B-09-PRESTB102,1,True,5760,5760,0,0.0,0.0005
2016-08-10,RS01SUM1-LJ01B-09-PRESTB102,1,True,5757,5760,3,0.0521,0.0526
2016-08-11,RS01SUM1-LJ01B-09-PRESTB102,1,True,5760,5760,0,0.0,0.0005
2016-08-12,RS01SUM1-LJ01B-09-PRESTB102,1,True,2456,2456,0,0.0,57.3613
2016-08-13,RS01SUM1-LJ01B-09-PRESTB102,1,True,5665,5665,0,0.0,1.6498
2016-08-14,RS01SUM1-LJ01B-09-PRESTB102,1,True,5760,5760,0,0.0,0.0005
2016-08-15,RS01SUM1-LJ01B-09-PRESTB102,1,True,5760,5760,0,0.0,0.0005
2016-08-16,RS01SUM1-LJ01B-09-PRESTB102,1,True,5760,5760,0,0.0,0.0005
2016-08-17,RS01SUM1-LJ01B-09-PRESTB102,1,True,5760,5760,0,0.0,0.0005
2016-08-18,RS01SUM1-LJ01B-09-PRESTB102,1,True,5760,5760,0,0.0,0.0005
2016-08-19,RS01SUM1-LJ01B-09-PRESTB102,1,True,5760,5760,0,0.0,0.0005
2016-08-20,RS01SUM1-LJ01B-09-PRESTB102,1,True,5760,5760,0,0.0,0.0005
2016-08-21,RS01SUM1-LJ01B-09-PRESTB102,1,True,5760,5760,0,0.0,0.0005
2016-08-22,RS01SUM1-LJ01B-09-PRESTB102,1,True,5760,5760,0,0.0,0.0005
2016-08-23,RS01SUM1-LJ01B-09-PRESTB102,1,True,5758,5760,2,0.0347,0.0352
2016-08-24,RS01SUM1-LJ01B-09-PRESTB102,1,True,5760,5760,0,0.0,0.0005
2016-08-25,RS01SUM1-LJ01B-09-PRESTB102,1,True,5760,5760,0,0.0,0.0005
2016-08-26,RS01SUM1-LJ01B-09-PRESTB102,1,True,5761,5761,0,0.0,0.0
2016-08-27,RS01SUM1-LJ01B-09-PRESTB102,1,True,5760,5760,0,0.0,0.0005
2016-08-28,RS01SUM1-LJ01B-09-PRESTB102,1,True,5760,5760,0,0.0,0.0005
2016-08-29,RS01SUM1-LJ01B-09-PRESTB102,1,True,5760,5760,0,0.0,0.0005
2016-08-30,RS01SUM1-LJ01B-09-PRESTB102,1,True,5760,5760,0,0.0,0.0005
2016-08-31,RS01SUM1-LJ01B-09-PRESTB102,1,True,5760,5760,0,0.0,0.0005
2016-09-01,RS01SUM1-LJ01B-09-PRESTB102,1,True,5760,5760,0,0.0,0.0005
2016-09-02,RS01SUM1-LJ01B-09-PRESTB102,1,True,5760,5760,0,0.0,0.0005
2016-09-03,RS01SUM1-LJ01B-09-PRESTB102,1,True,5760,5760,0,0.0,0.0005
2016-09-04,RS01SUM1-LJ01B-09-PRESTB102,1,True,5760,5760,0,0.0,0.0005
2016-09-05,RS01SUM1-LJ01B-09-PRESTB102,1,True,5760,5760,0,0.0,0.0005
2016-09-06,RS01SUM1-LJ01B-09-PRESTB102,1,True,5363,5760,397,6.8924,6.8928
2016-09-07,RS01SUM1-LJ01B-09-PRESTB102,1,True,5760,5760,0,0.0,0.0005
2016-09-08,RS01SUM1-LJ01B-09-PRESTB102,1,True,5760,5760,0,0.0,0.0005
2016-09-09,RS01SUM1-LJ01B-09-PRESTB102,1,True,5760,5760,0,0.0,0.0005
2016-09-10,RS01SUM1-LJ01B-09-PRESTB102,1,True,5760,5760,0,0.0,0.0005
2016-09-11,RS01SUM1-LJ01B-09-PRESTB102,1,True,5760,5760,0,0.0,0.0005
2016-09-12,RS01SUM1-LJ01B-09-PRESTB102,1,True,5760,5760,0,0.0,0.0005
2016-09-13,RS01SUM1-LJ01B-09-PRESTB102,1,True,5760,5760,0,0.0,0.0005
2016-09-14,RS01SUM1-LJ01B-09-PRESTB102,1,True,5760,5760,0,0.0,0.0005
2016-09-15,RS01SUM1-LJ01B-09-PRESTB102,1,True,5760,5760,0,0.0,0.0005
2016-09-16,RS01SUM1-LJ01B-09-PRESTB102,1,True,5760,5760,0,0.0,0.0005
2016-09-17,RS01SUM1-LJ01B-09-PRESTB102,1,True,5760,5760,0,0.0,0.0005
2016-09-18,RS01SUM1-LJ01B-09-PRESTB102,1,True,5760,5760,0,0.0,0.0005
2016-09-19,RS01SUM1-LJ01B-09-PRESTB102,1,True,5760,5760,0,0.0,0.0005
2016-09-20,RS01SUM1-LJ01B-09-PRESTB102,1,True,5760,5760,0,0.0,0.0005
2016-09-21,RS01SUM1-LJ01B-09-PRESTB102,1,True,5760,5760,0,0.0,0.0005
2016-09-22,RS01SUM1-LJ01B-09-PRESTB102,1,True,5760,5760,0,0.0,0.0005
2016-09-23,RS01SUM1-LJ01B-09-PRESTB102,1,True,5760,5760,0,0.0,0.0005
2016-09-24,RS01SUM1-LJ01B-09-PRESTB102,1,True,5760,5760,0,0.0,0.0005
2016-09-25,RS01SUM1-LJ01B-09-PRESTB102,1,True,5760,5760,0,0.0,0.0005
2016-09-26,RS01SUM1-LJ01B-09-PRESTB102,1,True,5760,5760,0,0.0,0.0005
2016-09-27,RS01SUM1-LJ01B-09-PRESTB102,1,True,5760,5760,0,0.0,0.0005
2016-09-28,RS01SUM1-LJ01B-09-PRESTB102,1,True,5760,5760,0,0.0,0.0005
2016-09-29,RS01SUM1-LJ01B-09-PRESTB102,1,True,5760,5760,0,0.0,0.0005
2016-09-30,RS01SUM1-LJ01B-09-PRESTB102,1,True,5760,5760,0,0.0,0.0005
2016-10-01,RS01SUM1-LJ01B-09-PRESTB102,1,True,5760,5760,0,0.0,0.0005
2016-10-02,RS01SUM1-LJ01B-09-PRESTB102,1,True,5760,5760,0,0.0,0.0005
2016-10-03,RS01SUM1-LJ01B-09-PRESTB102,1,True,5760,5760,0,0.0,0.0005
2016-10-04,RS01SUM1-LJ01B-09-PRESTB102,1,True,5760,5760,0,0.0,0.0005
2016-10-05,RS01SUM1-LJ01B-09-PRESTB102,1,True,5760,5760,0,0.0,0.0005
2016-10-06,RS01SUM1-LJ01B-09-PRESTB102,1,True,5760,5760,0,0.0,0.0005
2016-10-07,RS01SUM1-LJ01B-09-PRESTB102,1,True,5760,5760,0,0.0,0.0005
2016-10-08,RS01SUM1-LJ01B-09-PRESTB102,1,True,5760,5760,0,0.0,0.0005
2016-10-09,RS01SUM1-LJ01B-09-PRESTB102,1,True,5760,5760,0,0.0,0.0005
2016-10-10,RS01SUM1-LJ01B-09-PRESTB102,1,True,5760,5760,0,0.0,0.0005
2016-10-11,RS01SUM1-LJ01B-09-PRESTB102,1,True,5760,5760,0,0.0,0.0005
2016-10-12,RS01SUM1-LJ01B-09-PRESTB102,1,True,5760,5760,0,0.0,0.0005
2016-10-13,RS01SUM1-LJ01B-09-PRESTB102,1,True,5727,5760,33,0.5729,0.5734
2016-10-14,RS01SUM1-LJ01B-09-PRESTB102,1,True,5760,5760,0,0.0,0.0005
2016-10-15,RS01SUM1-LJ01B-09-PRESTB102,1,True,5760,5760,0,0.0,0.0005
2016-10-16,RS01SUM1-LJ01B-09-PRESTB102,1,True,5760,5760,0,0.0,0.0005
2016-10-17,RS01SUM1-LJ01B-09-PRESTB102,1,True,5760,5760,0,0.0,0.0005
2016-10-18,RS01SUM1-LJ01B-09-PRESTB102,1,True,5760,5760,0,0.0,0.0005
2016-10-19,RS01SUM1-LJ01B-09-PRESTB102,1,True,5760,5760,0,0.0,0.0005
2016-10-20,RS01SUM1-LJ01B-09-PRESTB102,1,True,5760,5760,0,0.0,0.0005
2016-10-21,RS01SUM1-LJ01B-09-PRESTB102,1,True,5760,5760,0,0.0,0.0005
2016-10-22,RS01SUM1-LJ01B-09-PRESTB102,1,True,5760,5760,0,0.0,0.0005
2016-10-23,RS01SUM1-LJ01B-09-PRESTB102,1,True,5760,5760,0,0.0,0.0005
2016-10-24,RS01SUM1-LJ01B-09-PRESTB102,1,True,5760,5760,0,0.0,0.0005
2016-10-25,RS01SUM1-LJ01B-09-PRESTB102,1,True,5760,5760,0,0.0,0.0005
2016-10-26,RS01SUM1-LJ01B-09-PRESTB102,1,False,0,0,,,
2016-10-27,RS01SUM1-LJ01B-09-PRESTB102,1,True,5760,5760,0,0.0,0.0005
2016-10-28,RS01SUM1-LJ01B-09-PRESTB102,1,True,5760,5760,0,0.0,0.0005
2016-10-29,RS01SUM1-LJ01B-09-PRESTB102,1,True,5760,5760,0,0.0,0.0005
2016-10-30,RS01SUM1-LJ01B-09-PRESTB102,1,True,5760,5760,0,0.0,0.0005
2016-10-31,RS01SUM1-LJ01B-09-PRESTB102,1,True,5760,5760,0,0.0,0.0005
2016-11-01,RS01SUM1-LJ01B-09-PRESTB102,1,True,5760,5760,0,0.0,0.0005
2016-11-02,RS01SUM1-LJ01B-09-PRESTB102,1,True,5760,5760,0,0.0,0.0005
2016-11-03,RS01SUM1-LJ01B-09-PRESTB102,1,True,5760,5760,0,0.0,0.0005
2016-11-04,RS01SUM1-LJ01B-09-PRESTB102,1,True,5760,5760,0,0.0,0.0005
2016-11-05,RS01SUM1-LJ01B-09-PRESTB102,1,True,5760,5760,0,0.0,0.0005
2016-11-06,RS01SUM1-LJ01B-09-PRESTB102,1,True,5760,5760,0,0.0,0.0005
2016-11-07,RS01SUM1-LJ01B-09-PRESTB102,1,True,5760,5760,0,0.0,0.0005
2016-11-08,RS01SUM1-LJ01B-09-PRESTB102,1,True,5760,5760,0,0.0,0.0005
2016-11-09,RS01SUM1-LJ01B-09-PRESTB102,1,True,5760,5760,0,0.0,0.0005
2016-11-10,RS01SUM1-LJ01B-09-PRESTB102,1,True,5760,5760,0,0.0,0.0005
2016-11-11,RS01SUM1-LJ01B-09-PRESTB102,1,True,5760,5760,0,0.0,0.0005
2016-11-12,RS01SUM1-LJ01B-09-PRESTB102,1,True,5760,5760,0,0.0,0.0005
2016-11-13,RS01SUM1-LJ01B-09-PRESTB102,1,True,5760,5760,0,0.0,0.0005
2016-11-14,RS01SUM1-LJ01B-09-PRESTB102,1,True,5760,5760,0,0.0,0.0005
2016-11-15,RS01SUM1-LJ01B-09-PRESTB102,1,True,5760,5760,0,0.0,0.0005
2016-11-16,RS01SUM1-LJ01B-09-PRESTB102,1,True,5760,5760,0,0.0,0.0005
2016-11-17,RS01SUM1-LJ01B-09-PRESTB102,1,True,5758,5760,2,0.0347,0.0352
2016-11-18,RS01SUM1-LJ01B-09-PRESTB102,1,True,5756,5760,4,0.0694,0.0699
2016-11-19,RS01SUM1-LJ01B-09-PRESTB102,1,True,5760,5760,0,0.0,0.0005
2016-11-20,RS01SUM1-LJ01B-09-PRESTB102,1,True,5760,5760,0,0.0,0.0005
2016-11-21,RS01SUM1-LJ01B-09-PRESTB102,1,True,5760,5760,0,0.0,0.0005
2016-11-22,RS01SUM1-LJ01B-09-PRESTB102,1,True,5760,5760,0,0.0,0.0005
2016-11-23,RS01SUM1-LJ01B-09-PRESTB102,1,True,5760,5760,0,0.0,0.0005
2016-11-24,RS01SUM1-LJ01B-09-PRESTB102,1,True,5760,5760,0,0.0,0.0005
2016-11-25,RS01SUM1-LJ01B-09-PRESTB102,1,True,5760,5760,0,0.0,0.0005
2016-11-26,RS01SUM1-LJ01B-09-PRESTB102,1,True,5760,5760,0,0.0,0.0005
2016-11-27,RS01SUM1-LJ01B-09-PRESTB102,1,True,5760,5760,0,0.0,0.0005
2016-11-28,RS01SUM1-LJ01B-09-PRESTB102,1,True,5760,5760,0,0.0,0.0005
2016-11-29,RS01SUM1-LJ01B-09-PRESTB102,1,True,5760,5760,0,0.0,0.0005
2016-11-30,RS01SUM1-LJ01B-09-PRESTB102,1,True,5760,5760,0,0.0,0.0005
2016-12-01,RS01SUM1-LJ01B-09-PRESTB102,1,True,5702,5760,58,1.0069,1.0074
2016-12-02,RS01SUM1-LJ01B-09-PRESTB102,1,True,5760,5760,0,0.0,0.0005
2016-12-03,RS01SUM1-LJ01B-09-PRESTB102,1,True,5760,5760,0,0.0,0.0005
2016-12-04,RS01SUM1-LJ01B-09-PRESTB102,1,True,5760,5760,0,0.0,0.0005
2016-12-05,RS01SUM1-LJ01B-09-PRESTB102,1,True,5760,5760,0,0.0,0.0005
2016-12-06,RS01SUM1-LJ01B-09-PRESTB102,1,True,5760,5760,0,0.0,0.0005
2016-12-07,RS01SUM1-LJ01B-09-PRESTB102,1,True,5702,5760,58,1.0069,1.0074
2016-12-08,RS01SUM1-LJ01B-09-PRESTB102,1,True,5760,5760,0,0.0,0.0005
2016-12-09,RS01SUM1-LJ01B-09-PRESTB102,1,True,5760,5760,0,0.0,0.0005
2016-12-10,RS01SUM1-LJ01B-09-PRESTB102,1,True,5760,5760,0,0.0,0.0005
2016-12-11,RS01SUM1-LJ01B-09-PRESTB102,1,True,5724,5760,36,0.625,0.6255
2016-12-12,RS01SUM1-LJ01B-09-PRESTB102,1,True,5760,5760,0,0.0,0.0005
2016-12-13,RS01SUM1-LJ01B-09-PRESTB102,1,True,5760,5760,0,0.0,0.0005
2016-12-14,RS01SUM1-LJ01B-09-PRESTB102,1,True,5760,5760,0,0.0,0.0005
2016-12-15,RS01SUM1-LJ01B-09-PRESTB102,1,True,5760,5760,0,0.0,0.0005
2016-12-16,RS01SUM1-LJ01B-09-PRESTB102,1,True,5760,5760,0,0.0,0.0005
2016-12-17,RS01SUM1-LJ01B-09-PRESTB102,1,True,5760,5760,0,0.0,0.0005
2016-12-18,RS01SUM1-LJ01B-09-PRESTB102,1,True,5760,5760,0,0.0,0.0005
2016-12-19,RS01SUM1-LJ01B-09-PRESTB102,1,True,5760,5760,0,0.0,0.0005
2016-12-20,RS01SUM1-LJ01B-09-PRESTB102,1,True,5760,5760,0,0.0,0.0005
2016-12-21,RS01SUM1-LJ01B-09-PRESTB102,1,True,5760,5760,0,0.0,0.0005
2016-12-22,RS01SUM1-LJ01B-09-PRESTB102,1,True,5760,5760,0,0.0,0.0005
2016-12-23,RS01SUM1-LJ01B-09-PRESTB102,1,True,5760,5760,0,0.0,0.0005
2016-12-24,RS01SUM1-LJ01B-09-PRESTB102,1,True,5760,5760,0,0.0,0.0005
2016-12-25,RS01SUM1-LJ01B-09-PRESTB102,1,True,5760,5760,0,0.0,0.0005
2016-12-26,RS01SUM1-LJ01B-09-PRESTB102,1,True,5760,5760,0,0.0,0.0005
2016-12-27,RS01SUM1-LJ01B-09-PRESTB102,1,True,5760,5760,0,0.0,0.0005
2016-12-28,RS01SUM1-LJ01B-09-PRESTB102,1,True,5760,5760,0,0.0,0.0005
2016-12-29,RS01SUM1-LJ01B-09-PRESTB102,1,True,5760,5760,0,0.0,0.0005
2016-12-30,RS01SUM1-LJ01B-09-PRESTB102,1,True,5760,5760,0,0.0,0.0005
2016-12-31,RS01SUM1-LJ01B-09-PRESTB102,1,True,5760,5760,0,0.0,0.0005
2017-01-01,RS01SUM1-LJ01B-09-PRESTB102,1,True,5760,5760,0,0.0,0.0005
2017-01-02,RS01SUM1-LJ01B-09-PRESTB102,1,True,5760,5760,0,0.0,0.0005
2017-01-03,RS01SUM1-LJ01B-09-PRESTB102,1,True,5760,5760,0,0.0,0.0005
2017-01-04,RS01SUM1-LJ01B-09-PRESTB102,1,True,5760,5760,0,0.0,0.0005
2017-01-05,RS01SUM1-LJ01B-09-PRESTB102,1,True,5760,5760,0,0.0,0.0005
2017-01-06,RS01SUM1-LJ01B-09-PRESTB102,1,True,5760,5760,0,0.0,0.0005
2017-01-07,RS01SUM1-LJ01B-09-PRESTB102,1,True,5760,5760,0,0.0,0.0005
2017-01-08,RS01SUM1-LJ01B-09-PRESTB102,1,True,5760,5760,0,0.0,0.0005
2017-01-09,RS01SUM1-LJ01B-09-PRESTB102,1,True,4444,4444,0,0.0,22.8476
2017-01-10,RS01SUM1-LJ01B-09-PRESTB102,1,True,5424,5424,0,0.0,5.8338
2017-01-11,RS01SUM1-LJ01B-09-PRESTB102,1,True,5760,5760,0,0.0,0.0005
2017-01-12,RS01SUM1-LJ01B-09-PRESTB102,1,True,5760,5760,0,0.0,0.0005
2017-01-13,RS01SUM1-LJ01B-09-PRESTB102,1,True,5760,5760,0,0.0,0.0005
2017-01-14,RS01SUM1-LJ01B-09-PRESTB102,1,True,5760,5760,0,0.0,0.0005
2017-01-15,RS01SUM1-LJ01B-09-PRESTB102,1,True,5760,5760,0,0.0,0.0005
2017-01-16,RS01SUM1-LJ01B-09-PRESTB102,1,True,5760,5760,0,0.0,0.0005
2017-01-17,RS01SUM1-LJ01B-09-PRESTB102,1,True,5760,5760,0,0.0,0.0005
2017-01-18,RS01SUM1-LJ01B-09-PRESTB102,1,True,5760,5760,0,0.0,0.0005
2017-01-19,RS01SUM1-LJ01B-09-PRESTB102,1,True,5656,5760,104,1.8056,1.806
2017-01-20,RS01SUM1-LJ01B-09-PRESTB102,1,True,5760,5760,0,0.0,0.0005
2017-01-21,RS01SUM1-LJ01B-09-PRESTB102,1,True,5760,5760,0,0.0,0.0005
2017-01-22,RS01SUM1-LJ01B-09-PRESTB102,1,True,5760,5760,0,0.0,0.0005
2017-01-23,RS01SUM1-LJ01B-09-PRESTB102,1,True,5760,5760,0,0.0,0.0005
2017-01-24,RS01SUM1-LJ01B-09-PRESTB102,1,True,5760,5760,0,0.0,0.0005
2017-01-25,RS01SUM1-LJ01B-09-PRESTB102,1,True,5760,5760,0,0.0,0.0005
2017-01-26,RS01SUM1-LJ01B-09-PRESTB102,1,True,5760,5760,0,0.0,0.0005
2017-01-27,RS01SUM1-LJ01B-09-PRESTB102,1,True,5760,5760,0,0.0,0.0005
2017-01-28,RS01SUM1-LJ01B-09-PRESTB102,1,True,5760,5760,0,0.0,0.0005
2017-01-29,RS01SUM1-LJ01B-09-PRESTB102,1,True,5760,5760,0,0.0,0.0005
2017-01-30,RS01SUM1-LJ01B-09-PRESTB102,1,True,5730,5760,30,0.5208,0.5213
2017-01-31,RS01SUM1-LJ01B-09-PRESTB102,1,True,5706,5760,54,0.9375,0.938
2017-02-01,RS01SUM1-LJ01B-09-PRESTB102,1,True,5760,5760,0,0.0,0.0005
2017-02-02,RS01SUM1-LJ01B-09-PRESTB102,1,True,5760,5760,0,0.0,0.0005
2017-02-03,RS01SUM1-LJ01B-09-PRESTB102,1,True,5760,5760,0,0.0,0.0005
2017-02-04,RS01SUM1-LJ01B-09-PRESTB102,1,True,5760,5760,0,0.0,0.0005
2017-02-05,RS01SUM1-LJ01B-09-PRESTB102,1,True,5760,5760,0,0.0,0.0005
2017-02-06,RS01SUM1-LJ01B-09-PRESTB102,1,True,5760,5760,0,0.0,0.0005
2017-02-07,RS01SUM1-LJ01B-09-PRESTB102,1,True,5708,5760,52,0.9028,0.9033
2017-02-08,RS01SUM1-LJ01B-09-PRESTB102,1,True,5760,5760,0,0.0,0.0005
2017-02-09,RS01SUM1-LJ01B-09-PRESTB102,1,True,5760,5760,0,0.0,0.0005
2017-02-10,RS01SUM1-LJ01B-09-PRESTB102,1,True,5760,5760,0,0.0,0.0005
2017-02-11,RS01SUM1-LJ01B-09-PRESTB102,1,True,5760,5760,0,0.0,0.0005
2017-02-12,RS01SUM1-LJ01B-09-PRESTB102,1,True,5760,5760,0,0.0,0.0005
2017-02-13,RS01SUM1-LJ01B-09-PRESTB102,1,True,5760,5760,0,0.0,0.0005
2017-02-14,RS01SUM1-LJ01B-09-PRESTB102,1,True,5760,5760,0,0.0,0.0005
2017-02-15,RS01SUM1-LJ01B-09-PRESTB102,1,True,3533,3533,0,0.0,38.6635
2017-02-16,RS01SUM1-LJ01B-09-PRESTB102,1,True,355,358,3,0.838,93.8368
2017-02-17,RS01SUM1-LJ01B-09-PRESTB102,1,True,5760,5760,0,0.0,0.0005
2017-02-18,RS01SUM1-LJ01B-09-PRESTB102,1,True,5760,5760,0,0.0,0.0005
2017-02-19,RS01SUM1-LJ01B-09-PRESTB102,1,True,5760,5760,0,0.0,0.0005
2017-02-20,RS01SUM1-LJ01B-09-PRESTB102,1,True,5760,5760,0,0.0,0.0005
2017-02-21,RS01SUM1-LJ01B-09-PRESTB102,1,True,5760,5760,0,0.0,0.0005
2017-02-22,RS01SUM1-LJ01B-09-PRESTB102,1,True,5760,5760,0,0.0,0.0005
2017-02-23,RS01SUM1-LJ01B-09-PRESTB102,1,True,5760,5760,0,0.0,0.0005
2017-02-24,RS01SUM1-LJ01B-09-PRESTB102,1,True,5760,5760,0,0.0,0.0005
2017-02-25,RS01SUM1-LJ01B-09-PRESTB102,1,True,5760,5760,0,0.0,0.0005
2017-02-26,RS01SUM1-LJ01B-09-PRESTB102,1,True,5760,5760,0,0.0,0.0005
2017-02-27,RS01SUM1-LJ01B-09-PRESTB102,1,True,5760,5760,0,0.0,0.0005
2017-02-28,RS01SUM1-LJ01B-09-PRESTB102,1,True,5760,5760,0,0.0,0.0005
2017-03-01,RS01SUM1-LJ01B-09-PRESTB102,1,True,5760,5760,0,0.0,0.0005
2017-03-02,RS01SUM1-LJ01B-09-PRESTB102,1,True,5760,5760,0,0.0,0.0005
2017-03-03,RS01SUM1-LJ01B-09-PRESTB102,1,True,5760,5760,0,0.0,0.0005
2017-03-04,RS01SUM1-LJ01B-09-PRESTB102,1,True,5760,5760,0,0.0,0.0005
2017-03-05,RS01SUM1-LJ01B-09-PRESTB102,1,True,5760,5760,0,0.0,0.0005
2017-03-06,RS01SUM1-LJ01B-09-PRESTB102,1,True,5760,5760,0,0.0,0.0005
2017-03-07,RS01SUM1-LJ01B-09-PRESTB102,1,True,5760,5760,0,0.0,0.0005
2017-03-08,RS01SUM1-LJ01B-09-PRESTB102,1,True,5760,5760,0,0.0,0.0005
2017-03-09,RS01SUM1-LJ01B-09-PRESTB102,1,True,5760,5760,0,0.0,0.0005
2017-03-10,RS01SUM1-LJ01B-09-PRESTB102,1,True,5760,5760,0,0.0,0.0005
2017-03-11,RS01SUM1-LJ01B-09-PRESTB102,1,True,5760,5760,0,0.0,0.0005
2017-03-12,RS01SUM1-LJ01B-09-PRESTB102,1,True,5760,5760,0,0.0,0.0005
2017-03-13,RS01SUM1-LJ01B-09-PRESTB102,1,True,5760,5760,0,0.0,0.0005
2017-03-14,RS01SUM1-LJ01B-09-PRESTB102,1,True,5760,5760,0,0.0,0.0005
2017-03-15,RS01SUM1-LJ01B-09-PRESTB102,1,True,5760,5760,0,0.0,0.0005
2017-03-16,RS01SUM1-LJ01B-09-PRESTB102,1,True,5760,5760,0,0.0,0.0005
2017-03-17,RS01SUM1-LJ01B-09-PRESTB102,1,True,5760,5760,0,0.0,0.0005
2017-03-18,RS01SUM1-LJ01B-09-PRESTB102,1,True,5756,5760,4,0.0694,0.0699
2017-03-19,RS01SUM1-LJ01B-09-PRESTB102,1,True,5760,5760,0,0.0,0.0005
2017-03-20,RS01SUM1-LJ01B-09-PRESTB102,1,True,5760,5760,0,0.0,0.0005
2017-03-21,RS01SUM1-LJ01B-09-PRESTB102,1,True,5760,5760,0,0.0,0.0005
2017-03-22,RS01SUM1-LJ01B-09-PRESTB102,1,True,5760,5760,0,0.0,0.0005
2017-03-23,RS01SUM1-LJ01B-09-PRESTB102,1,True,5760,5760,0,0.0,0.0005
2017-03-24,RS01SUM1-LJ01B-09-PRESTB102,1,True,5760,5760,0,0.0,0.0005
2017-03-25,RS01SUM1-LJ01B-09-PRESTB102,1,True,5760,5760,0,0.0,0.0005
2017-03-26,RS01SUM1-LJ01B-09-PRESTB102,1,True,5760,5760,0,0.0,0.0005
2017-03-27,RS01SUM1-LJ01B-09-PRESTB102,1,True,5760,5760,0,0.0,0.0005
2017-03-28,RS01SUM1-LJ01B-09-PRESTB102,1,True,5760,5760,0,0.0,0.0005
2017-03-29,RS01SUM1-LJ01B-09-PRESTB102,1,True,5760,5760,0,0.0,0.0005
2017-03-30,RS01SUM1-LJ01B-09-PRESTB102,1,True,5760,5760,0,0.0,0.0005
2017-03-31,RS01SUM1-LJ01B-09-PRESTB102,1,True,5760,5760,0,0.0,0.0005
2017-04-01,RS01SUM1-LJ01B-09-PRESTB102,1,True,5760,5760,0,0.0,0.0005
2017-04-02,RS01SUM1-LJ01B-09-PRESTB102,1,True,5760,5760,0,0.0,0.0005
2017-04-03,RS01SUM1-LJ01B-09-PRESTB102,1,True,5760,5760,0,0.0,0.0005
2017-04-04,RS01SUM1-LJ01B-09-PRESTB102,1,True,5760,5760,0,0.0,0.0005
2017-04-05,RS01SUM1-LJ01B-09-PRESTB102,1,True,5760,5760,0,0.0,0.0005
2017-04-06,RS01SUM1-LJ01B-09-PRESTB102,1,True,5760,5760,0,0.0,0.0005
2017-04-07,RS01SUM1-LJ01B-09-PRESTB102,1,True,5760,5760,0,0.0,0.0005
2017-04-08,RS01SUM1-LJ01B-09-PRESTB102,1,True,5760,5760,0,0.0,0.0005
2017-04-09,RS01SUM1-LJ01B-09-PRESTB102,1,True,5760,5760,0,0.0,0.0005
2017-04-10,RS01SUM1-LJ01B-09-PRESTB102,1,True,5760,5760,0,0.0,0.0005
2017-04-11,RS01SUM1-LJ01B-09-PRESTB102,1,True,5760,5760,0,0.0,0.0005
2017-04-12,RS01SUM1-LJ01B-09-PRESTB102,1,True,5760,5760,0,0.0,0.0005
2017-04-13,RS01SUM1-LJ01B-09-PRESTB102,1,True,5760,5760,0,0.0,0.0005
2017-04-14,RS01SUM1-LJ01B-09-PRESTB102,1,True,5760,5760,0,0.0,0.0005
2017-04-15,RS01SUM1-LJ01B-09-PRESTB102,1,True,5760,5760,0,0.0,0.0005
2017-04-16,RS01SUM1-LJ01B-09-PRESTB102,1,True,5760,5760,0,0.0,0.0005
2017-04-17,RS01SUM1-LJ01B-09-PRESTB102,1,True,5760,5760,0,0.0,0.0005
2017-04-18,RS01SUM1-LJ01B-09-PRESTB102,1,True,5760,5760,0,0.0,0.0005
2017-04-19,RS01SUM1-LJ01B-09-PRESTB102,1,True,5760,5760,0,0.0,0.0005
2017-04-20,RS01SUM1-LJ01B-09-PRESTB102,1,True,5760,5760,0,0.0,0.0005
2017-04-21,RS01SUM1-LJ01B-09-PRESTB102,1,True,5760,5760,0,0.0,0.0005
2017-04-22,RS01SUM1-LJ01B-09-PRESTB102,1,True,5760,5760,0,0.0,0.0005
2017-04-23,RS01SUM1-LJ01B-09-PRESTB102,1,True,5760,5760,0,0.0,0.0005
2017-04-24,RS01SUM1-LJ01B-09-PRESTB102,1,True,5760,5760,0,0.0,0.0005
2017-04-25,RS01SUM1-LJ01B-09-PRESTB102,1,True,5760,5760,0,0.0,0.0005
2017-04-26,RS01SUM1-LJ01B-09-PRESTB102,1,True,5760,5760,0,0.0,0.0005
2017-04-27,RS01SUM1-LJ01B-09-PRESTB102,1,True,5760,5760,0,0.0,0.0005
2017-04-28,RS01SUM1-LJ01B-09-PRESTB102,1,True,5760,5760,0,0.0,0.0005
2017-04-29,RS01SUM1-LJ01B-09-PRESTB102,1,True,5760,5760,0,0.0,0.0005
2017-04-30,RS01SUM1-LJ01B-09-PRESTB102,1,True,5760,5760,0,0.0,0.0005
2017-05-01,RS01SUM1-LJ01B-09-PRESTB102,1,True,5760,5760,0,0.0,0.0005
2017-05-02,RS01SUM1-LJ01B-09-PRESTB102,1,True,5760,5760,0,0.0,0.0005
2017-05-03,RS01SUM1-LJ01B-09-PRESTB102,1,True,5760,5760,0,0.0,0.0005
2017-05-04,RS01SUM1-LJ01B-09-PRESTB102,1,True,5760,5760,0,0.0,0.0005
2017-05-05,RS01SUM1-LJ01B-09-PRESTB102,1,True,5760,5760,0,0.0,0.0005
2017-05-06,RS01SUM1-LJ01B-09-PRESTB102,1,True,5760,5760,0,0.0,0.0005
2017-05-07,RS01SUM1-LJ01B-09-PRESTB102,1,True,5760,5760,0,0.0,0.0005
2017-05-08,RS01SUM1-LJ01B-09-PRESTB102,1,True,5760,5760,0,0.0,0.0005
2017-05-09,RS01SUM1-LJ01B-09-PRESTB102,1,True,5760,5760,0,0.0,0.0005
2017-05-10,RS01SUM1-LJ01B-09-PRESTB102,1,True,5760,5760,0,0.0,0.0005
2017-05-11,RS01SUM1-LJ01B-09-PRESTB102,1,True,5760,5760,0,0.0,0.0005
2017-05-12,RS01SUM1-LJ01B-09-PRESTB102,1,True,5760,5760,0,0.0,0.0005
2017-05-13,RS01SUM1-LJ01B-09-PRESTB102,1,True,5760,5760,0,0.0,0.0005
2017-05-14,RS01SUM1-LJ01B-09-PRESTB102,1,True,5760,5760,0,0.0,0.0005
2017-05-15,RS01SUM1-LJ01B-09-PRESTB102,1,True,5760,5760,0,0.0,0.0005
2017-05-16,RS01SUM1-LJ01B-09-PRESTB102,1,True,5760,5760,0,0.0,0.0005
2017-05-17,RS01SUM1-LJ01B-09-PRESTB102,1,True,5760,5760,0,0.0,0.0005
2017-05-18,RS01SUM1-LJ01B-09-PRESTB102,1,True,5760,5760,0,0.0,0.0005
2017-05-19,RS01SUM1-LJ01B-09-PRESTB102,1,True,5757,5760,3,0.0521,0.0526
2017-05-20,RS01SUM1-LJ01B-09-PRESTB102,1,True,5755,5760,5,0.0868,0.0873
2017-05-21,RS01SUM1-LJ01B-09-PRESTB102,1,True,5760,5760,0,0.0,0.0005
2017-05-22,RS01SUM1-LJ01B-09-PRESTB102,1,True,5760,5760,0,0.0,0.0005
2017-05-23,RS01SUM1-LJ01B-09-PRESTB102,1,True,5760,5760,0,0.0,0.0005
2017-05-24,RS01SUM1-LJ01B-09-PRESTB102,1,True,5760,5760,0,0.0,0.0005
2017-05-25,RS01SUM1-LJ01B-09-PRESTB102,1,True,5760,5760,0,0.0,0.0005
2017-05-26,RS01SUM1-LJ01B-09-PRESTB102,1,True,5694,5760,66,1.1458,1.1463
2017-05-27,RS01SUM1-LJ01B-09-PRESTB102,1,True,5760,5760,0,0.0,0.0005
2017-05-28,RS01SUM1-LJ01B-09-PRESTB102,1,True,5760,5760,0,0.0,0.0005
2017-05-29,RS01SUM1-LJ01B-09-PRESTB102,1,True,5760,5760,0,0.0,0.0005
2017-05-30,RS01SUM1-LJ01B-09-PRESTB102,1,True,5760,5760,0,0.0,0.0005
2017-05-31,RS01SUM1-LJ01B-09-PRESTB102,1,True,5760,5760,0,0.0,0.0005
2017-06-01,RS01SUM1-LJ01B-09-PRESTB102,1,True,5760,5760,0,0.0,0.0005
2017-06-02,RS01SUM1-LJ01B-09-PRESTB102,1,True,5760,5760,0,0.0,0.0005
2017-06-03,RS01SUM1-LJ01B-09-PRESTB102,1,True,5760,5760,0,0.0,0.0005
2017-06-04,RS01SUM1-LJ01B-09-PRESTB102,1,True,5760,5760,0,0.0,0.0005
2017-06-05,RS01SUM1-LJ01B-09-PRESTB102,1,True,5760,5760,0,0.0,0.0005
2017-06-06,RS01SUM1-LJ01B-09-PRESTB102,1,True,5760,5760,0,0.0,0.0005
2017-06-07,RS01SUM1-LJ01B-09-PRESTB102,1,True,5760,5760,0,0.0,0.0005
2017-06-08,RS01SUM1-LJ01B-09-PRESTB102,1,True,5760,5760,0,0.0,0.0005
2017-06-09,RS01SUM1-LJ01B-09-PRESTB102,1,True,5760,5760,0,0.0,0.0005
2017-06-10,RS01SUM1-LJ01B-09-PRESTB102,1,True,5760,5760,0,0.0,0.0005
2017-06-11,RS01SUM1-LJ01B-09-PRESTB102,1,True,5760,5760,0,0.0,0.0005
2017-06-12,RS01SUM1-LJ01B-09-PRESTB102,1,True,5760,5760,0,0.0,0.0005
2017-06-13,RS01SUM1-LJ01B-09-PRESTB102,1,True,5760,5760,0,0.0,0.0005
2017-06-14,RS01SUM1-LJ01B-09-PRESTB102,1,True,5760,5760,0,0.0,0.0005
2017-06-15,RS01SUM1-LJ01B-09-PRESTB102,1,True,5760,5760,0,0.0,0.0005
2017-06-16,RS01SUM1-LJ01B-09-PRESTB102,1,True,5760,5760,0,0.0,0.0005
2017-06-17,RS01SUM1-LJ01B-09-PRESTB102,1,True,5760,5760,0,0.0,0.0005
2017-06-18,RS01SUM1-LJ01B-09-PRESTB102,1,True,5760,5760,0,0.0,0.0005
2017-06-19,RS01SUM1-LJ01B-09-PRESTB102,1,True,5760,5760,0,0.0,0.0005
2017-06-20,RS01SUM1-LJ01B-09-PRESTB102,1,True,5760,5760,0,0.0,0.0005
2017-06-21,RS01SUM1-LJ01B-09-PRESTB102,1,True,5760,5760,0,0.0,0.0005
2017-06-22,RS01SUM1-LJ01B-09-PRESTB102,1,True,5760,5760,0,0.0,0.0005
2017-06-23,RS01SUM1-LJ01B-09-PRESTB102,1,True,5760,5760,0,0.0,0.0005
2017-06-24,RS01SUM1-LJ01B-09-PRESTB102,1,True,5760,5760,0,0.0,0.0005
2017-06-25,RS01SUM1-LJ01B-09-PRESTB102,1,True,5760,5760,0,0.0,0.0005
2017-06-26,RS01SUM1-LJ01B-09-PRESTB102,1,True,5760,5760,0,0.0,0.0005
2017-06-27,RS01SUM1-LJ01B-09-PRESTB102,1,True,5760,5760,0,0.0,0.0005
2017-06-28,RS01SUM1-LJ01B-09-PRESTB102,1,True,5760,5760,0,0.0,0.0005
2017-06-29,RS01SUM1-LJ01B-09-PRESTB102,1,True,5760,5760,0,0.0,0.0005
2017-06-30,RS01SUM1-LJ01B-09-PRESTB102,1,True,5760,5760,0,0.0,0.0005
2017-07-01,RS01SUM1-LJ01B-09-PRESTB102,1,True,5760,5760,0,0.0,0.0005
2017-07-02,RS01SUM1-LJ01B-09-PRESTB102,1,True,5760,5760,0,0.0,0.0005
2017-07-03,RS01SUM1-LJ01B-09-PRESTB102,1,True,5760,5760,0,0.0,0.0005
2017-07-04,RS01SUM1-LJ01B-09-PRESTB102,1,True,5760,5760,0,0.0,0.0005
2017-07-05,RS01SUM1-LJ01B-09-PRESTB102,1,True,5760,5760,0,0.0,0.0005
2017-07-06,RS01SUM1-LJ01B-09-PRESTB102,1,True,5760,5760,0,0.0,0.0005
2017-07-07,RS01SUM1-LJ01B-09-PRESTB102,1,True,5751,5760,9,0.1562,0.1567
2017-07-08,RS01SUM1-LJ01B-09-PRESTB102,1,True,5760,5760,0,0.0,0.0005
2017-07-09,RS01SUM1-LJ01B-09-PRESTB102,1,True,5760,5760,0,0.0,0.0005
2017-07-10,RS01SUM1-LJ01B-09-PRESTB102,1,True,5760,5760,0,0.0,0.0005
2017-07-11,RS01SUM1-LJ01B-09-PRESTB102,1,True,5760,5760,0,0.0,0.0005
2017-07-12,RS01SUM1-LJ01B-09-PRESTB102,1,True,5760,5760,0,0.0,0.0005
2017-07-13,RS01SUM1-LJ01B-09-PRESTB102,1,True,5760,5760,0,0.0,0.0005
2017-07-14,RS01SUM1-LJ01B-09-PRESTB102,1,True,5760,5760,0,0.0,0.0005
2017-07-15,RS01SUM1-LJ01B-09-PRESTB102,1,True,5760,5760,0,0.0,0.0005
2017-07-16,RS01SUM1-LJ01B-09-PRESTB102,1,True,5760,5760,0,0.0,0.0005
2017-07-17,RS01SUM1-LJ01B-09-PRESTB102,1,True,5760,5760,0,0.0,0.0005
2017-07-18,RS01SUM1-LJ01B-09-PRESTB102,1,True,5760,5760,0,0.0,0.0005
2017-07-19,RS01SUM1-LJ01B-09-PRESTB102,1,True,5760,5760,0,0.0,0.0005
2017-07-20,RS01SUM1-LJ01B-09-PRESTB102,1,True,5760,5760,0,0.0,0.0005
2017-07-21,RS01SUM1-LJ01B-09-PRESTB102,1,True,5760,5760,0,0.0,0.0005
2017-07-22,RS01SUM1-LJ01B-09-PRESTB102,1,True,5760,5760,0,0.0,0.0005
2017-07-23,RS01SUM1-LJ01B-09-PRESTB102,1,True,5760,5760,0,0.0,0.0005
2017-07-24,RS01SUM1-LJ01B-09-PRESTB102,1,True,5760,5760,0,0.0,0.0005
2017-07-25,RS01SUM1-LJ01B-09-PRESTB102,1,True,5760,5760,0,0.0,0.0005
2017-07-26,RS01SUM1-LJ01B-09-PRESTB102,1,True,5760,5760,0,0.0,0.0005
2017-07-27,RS01SUM1-LJ01B-09-PRESTB102,1,True,5760,5760,0,0.0,0.0005
2017-07-28,RS01SUM1-LJ01B-09-PRESTB102,1,True,5754,5760,6,0.1042,0.1047
2017-07-29,RS01SUM1-LJ01B-09-PRESTB102,1,True,5759,5760,1,0.0174,0.0179
2017-07-30,RS01SUM1-LJ01B-09-PRESTB102,1,True,5761,5761,0,0.0,0.0
2017-07-31,RS01SUM1-LJ01B-09-PRESTB102,1,True,5760,5760,0,0.0,0.0005
2017-08-01,RS01SUM1-LJ01B-09-PRESTB102,1,True,5760,5760,0,0.0,0.0005
2017-08-02,RS01SUM1-LJ01B-09-PRESTB102,1,True,5760,5760,0,0.0,0.0005
2017-08-03,RS01SUM1-LJ01B-09-PRESTB102,1,True,5760,5760,0,0.0,0.0005
2017-08-04,RS01SUM1-LJ01B-09-PRESTB102,1,True,5760,5760,0,0.0,0.0005
2017-08-05,RS01SUM1-LJ01B-09-PRESTB102,1,True,5760,5760,0,0.0,0.0005
2017-08-06,RS01SUM1-LJ01B-09-PRESTB102,1,True,5760,5760,0,0.0,0.0005
2017-08-07,RS01SUM1-LJ01B-09-PRESTB102,1,True,5760,5760,0,0.0,0.0005
2017-08-08,RS01SUM1-LJ01B-09-PRESTB102,1,True,5760,5760,0,0.0,0.0005
2017-08-09,RS01SUM1-LJ01B-09-PRESTB102,1,True,5751,5760,9,0.1562,0.1567
2017-08-10,RS01SUM1-LJ01B-09-PRESTB102,1,True,5556,5556,0,0.0,3.5421
2017-08-11,RS01SUM1-LJ01B-09-PRESTB102,1,False,0,0,,,
2017-08-12,RS01SUM1-LJ01B-09-PRESTB102,2,True,86400,86400,0,0.0,0.0
2017-08-13,RS01SUM1-LJ01B-09-PRESTB102,2,True,86400,86400,0,0.0,0.0
2017-08-14,RS01SUM1-LJ01B-09-PRESTB102,2,True,86372,86401,29,0.0336,0.0324
2017-08-15,RS01SUM1-LJ01B-09-PRESTB102,2,True,86400,86400,0,0.0,0.0
2017-08-16,RS01SUM1-LJ01B-09-PRESTB102,2,True,86400,86400,0,0.0,0.0
2017-08-17,RS01SUM1-LJ01B-09-PRESTB102,2,True,86400,86400,0,0.0,0.0
2017-08-18,RS01SUM1-LJ01B-09-PRESTB102,2,True,86400,86400,0,0.0,0.0
2017-08-19,RS01SUM1-LJ01B-09-PRESTB102,2,True,86400,86400,0,0.0,0.0
2017-08-20,RS01SUM1-LJ01B-09-PRESTB102,2,True,86400,86400,0,0.0,0.0
2017-08-21,RS01SUM1-LJ01B-09-PRESTB102,2,True,86400,86400,0,0.0,0.0
2017-08-22,RS01SUM1-LJ01B-09-PRESTB102,2,True,86400,86400,0,0.0,0.0
2017-08-23,RS01SUM1-LJ01B-09-PRESTB102,2,True,86400,86400,0,0.0,0.0
2017-08-24,RS01SUM1-LJ01B-09-PRESTB102,2,True,86400,86400,0,0.0,0.0
2017-08-25,RS01SUM1-LJ01B-09-PRESTB102,2,True,85682,86401,719,0.8322,0.831
2017-08-26,RS01SUM1-LJ01B-09-PRESTB102,2,True,86400,86400,0,0.0,0.0
2017-08-27,RS01SUM1-LJ01B-09-PRESTB102,2,True,86400,86400,0,0.0,0.0
2017-08-28,RS01SUM1-LJ01B-09-PRESTB102,2,True,86400,86400,0,0.0,0.0
2017-08-29,RS01SUM1-LJ01B-09-PRESTB102,2,True,86400,86400,0,0.0,0.0
2017-08-30,RS01SUM1-LJ01B-09-PRESTB102,2,True,86400,86400,0,0.0,0.0
2017-08-31,RS01SUM1-LJ01B-09-PRESTB102,2,True,86400,86400,0,0.0,0.0
2017-09-01,RS01SUM1-LJ01B-09-PRESTB102,2,True,86400,86400,0,0.0,0.0
2017-09-02,RS01SUM1-LJ01B-09-PRESTB102,2,True,86400,86400,0,0.0,0.0
2017-09-03,RS01SUM1-LJ01B-09-PRESTB102,2,True,86400,86400,0,0.0,0.0
2017-09-04,RS01SUM1-LJ01B-09-PRESTB102,2,True,86400,86400,0,0.0,0.0
2017-09-05,RS01SUM1-LJ01B-09-PRESTB102,2,True,86400,86400,0,0.0,0.0
2017-09-06,RS01SUM1-LJ01B-09-PRESTB102,2,True,86400,86400,0,0.0,0.0
2017-09-07,RS01SUM1-LJ01B-09-PRESTB102,2,True,86400,86400,0,0.0,0.0
2017-09-08,RS01SUM1-LJ01B-09-PRESTB102,2,True,86400,86400,0,0.0,0.0
2017-09-09,RS01SUM1-LJ01B-09-PRESTB102,2,True,86400,86400,0,0.0,0.0
2017-09-10,RS01SUM1-LJ01B-09-PRESTB102,2,True,86400,86400,0,0.0,0.0
2017-09-11,RS01SUM1-LJ01B-09-PRESTB102,2,True,86400,86400,0,0.0,0.0
2017-09-12,RS01SUM1-LJ01B-09-PRESTB102,2,True,86400,86400,0,0.0,0.0
2017-09-13,RS01SUM1-LJ01B-09-PRESTB102,2,True,85778,86400,622,0.7199,0.7199
2017-09-14,RS01SUM1-LJ01B-09-PRESTB102,2,True,86289,86400,111,0.1285,0.1285
2017-09-15,RS01SUM1-LJ01B-09-PRESTB102,2,True,86400,86400,0,0.0,0.0
2017-09-16,RS01SUM1-LJ01B-09-PRESTB102,2,True,86400,86400,0,0.0,0.0
2017-09-17,RS01SUM1-LJ01B-09-PRESTB102,2,True,86400,86400,0,0.0,0.0
2017-09-18,RS01SUM1-LJ01B-09-PRESTB102,2,True,86400,86400,0,0.0,0.0
2017-09-19,RS01SUM1-LJ01B-09-PRESTB102,2,True,86400,86400,0,0.0,0.0
2017-09-20,RS01SUM1-LJ01B-09-PRESTB102,2,True,86400,86400,0,0.0,0.0
2017-09-21,RS01SUM1-LJ01B-09-PRESTB102,2,True,86400,86400,0,0.0,0.0
2017-09-22,RS01SUM1-LJ01B-09-PRESTB102,2,True,86400,86400,0,0.0,0.0
2017-09-23,RS01SUM1-LJ01B-09-PRESTB102,2,True,86400,86400,0,0.0,0.0
2017-09-24,RS01SUM1-LJ01B-09-PRESTB102,2,True,86400,86400,0,0.0,0.0
2017-09-25,RS01SUM1-LJ01B-09-PRESTB102,2,True,86400,86400,0,0.0,0.0
2017-09-26,RS01SUM1-LJ01B-09-PRESTB102,2,True,86400,86400,0,0.0,0.0
2017-09-27,RS01SUM1-LJ01B-09-PRESTB102,2,True,86400,86400,0,0.0,0.0
2017-09-28,RS01SUM1-LJ01B-09-PRESTB102,2,True,86400,86400,0,0.0,0.0
2017-09-29,RS01SUM1-LJ01B-09-PRESTB102,2,True,86400,86400,0,0.0,0.0
2017-09-30,RS01SUM1-LJ01B-09-PRESTB102,2,True,86400,86400,0,0.0,0.0
2017-10-01,RS01SUM1-LJ01B-09-PRESTB102,2,True,86400,86400,0,0.0,0.0
2017-10-02,RS01SUM1-LJ01B-09-PRESTB102,2,True,86401,86401,0,0.0,0.0
2017-10-03,RS01SUM1-LJ01B-09-PRESTB102,2,True,86400,86400,0,0.0,0.0
2017-10-04,RS01SUM1-LJ01B-09-PRESTB102,2,True,86400,86400,0,0.0,0.0
2017-10-05,RS01SUM1-LJ01B-09-PRESTB102,2,True,86400,86400,0,0.0,0.0
2017-10-06,RS01SUM1-LJ01B-09-PRESTB102,2,True,86400,86400,0,0.0,0.0
2017-10-07,RS01SUM1-LJ01B-09-PRESTB102,2,True,86400,86400,0,0.0,0.0
2017-10-08,RS01SUM1-LJ01B-09-PRESTB102,2,True,86400,86400,0,0.0,0.0
2017-10-09,RS01SUM1-LJ01B-09-PRESTB102,2,True,86400,86400,0,0.0,0.0
2017-10-10,RS01SUM1-LJ01B-09-PRESTB102,2,True,86400,86400,0,0.0,0.0
2017-10-11,RS01SUM1-LJ01B-09-PRESTB102,2,True,86400,86400,0,0.0,0.0
2017-10-12,RS01SUM1-LJ01B-09-PRESTB102,2,True,86400,86400,0,0.0,0.0
2017-10-13,RS01SUM1-LJ01B-09-PRESTB102,2,True,86400,86400,0,0.0,0.0
2017-10-14,RS01SUM1-LJ01B-09-PRESTB102,2,True,86400,86400,0,0.0,0.0
2017-10-15,RS01SUM1-LJ01B-09-PRESTB102,2,True,86400,86400,0,0.0,0.0
2017-10-16,RS01SUM1-LJ01B-09-PRESTB102,2,True,86400,86400,0,0.0,0.0
2017-10-17,RS01SUM1-LJ01B-09-PRESTB102,2,True,86400,86400,0,0.0,0.0
2017-10-18,RS01SUM1-LJ01B-09-PRESTB102,2,True,86400,86400,0,0.0,0.0
2017-10-19,RS01SUM1-LJ01B-09-PRESTB102,2,True,86400,86400,0,0.0,0.0
2017-10-20,RS01SUM1-LJ01B-09-PRESTB102,2,True,86400,86400,0,0.0,0.0
2017-10-21,RS01SUM1-LJ01B-09-PRESTB102,2,True,86400,86400,0,0.0,0.0
2017-10-22,RS01SUM1-LJ01B-09-PRESTB102,2,True,86400,86400,0,0.0,0.0
2017-10-23,RS01SUM1-LJ01B-09-PRESTB102,2,True,86400,86400,0,0.0,0.0
2017-10-24,RS01SUM1-LJ01B-09-PRESTB102,2,True,86400,86400,0,0.0,0.0
2017-10-25,RS01SUM1-LJ01B-09-PRESTB102,2,True,86400,86400,0,0.0,0.0
2017-10-26,RS01SUM1-LJ01B-09-PRESTB102,2,True,86400,86400,0,0.0,0.0
2017-10-27,RS01SUM1-LJ01B-09-PRESTB102,2,True,86400,86400,0,0.0,0.0
2017-10-28,RS01SUM1-LJ01B-09-PRESTB102,2,True,86400,86400,0,0.0,0.0
2017-10-29,RS01SUM1-LJ01B-09-PRESTB102,2,True,86400,86400,0,0.0,0.0
2017-10-30,RS01SUM1-LJ01B-09-PRESTB102,2,True,86400,86400,0,0.0,0.0
2017-10-31,RS01SUM1-LJ01B-09-PRESTB102,2,True,86400,86400,0,0.0,0.0
2017-11-01,RS01SUM1-LJ01B-09-PRESTB102,2,True,86400,86400,0,0.0,0.0
2017-11-02,RS01SUM1-LJ01B-09-PRESTB102,2,True,86400,86400,0,0.0,0.0
2017-11-03,RS01SUM1-LJ01B-09-PRESTB102,2,True,86400,86400,0,0.0,0.0
2017-11-04,RS01SUM1-LJ01B-09-PRESTB102,2,True,86400,86400,0,0.0,0.0
2017-11-05,RS01SUM1-LJ01B-09-PRESTB102,2,True,86400,86400,0,0.0,0.0
2017-11-06,RS01SUM1-LJ01B-09-PRESTB102,2,True,86400,86400,0,0.0,0.0
2017-11-07,RS01SUM1-LJ01B-09-PRESTB102,2,True,86400,86400,0,0.0,0.0
2017-11-08,RS01SUM1-LJ01B-09-PRESTB102,2,True,86400,86400,0,0.0,0.0
2017-11-09,RS01SUM1-LJ01B-09-PRESTB102,2,True,86400,86400,0,0.0,0.0
2017-11-10,RS01SUM1-LJ01B-09-PRESTB102,2,True,86400,86400,0,0.0,0.0
2017-11-11,RS01SUM1-LJ01B-09-PRESTB102,2,True,86400,86400,0,0.0,0.0
2017-11-12,RS01SUM1-LJ01B-09-PRESTB102,2,True,86400,86400,0,0.0,0.0
2017-11-13,RS01SUM1-LJ01B-09-PRESTB102,2,True,82959,82959,0,0.0,3.9826
2017-11-14,RS01SUM1-LJ01B-09-PRESTB102,2,True,675,675,0,0.0,99.2188
2017-11-15,RS01SUM1-LJ01B-09-PRESTB102,2,True,86400,86400,0,0.0,0.0
2017-11-16,RS01SUM1-LJ01B-09-PRESTB102,2,True,86400,86400,0,0.0,0.0
2017-11-17,RS01SUM1-LJ01B-09-PRESTB102,2,True,86400,86400,0,0.0,0.0
2017-11-18,RS01SUM1-LJ01B-09-PRESTB102,2,True,86400,86400,0,0.0,0.0
2017-11-19,RS01SUM1-LJ01B-09-PRESTB102,2,True,86400,86400,0,0.0,0.0
2017-11-20,RS01SUM1-LJ01B-09-PRESTB102,2,True,86400,86400,0,0.0,0.0
2017-11-21,RS01SUM1-LJ01B-09-PRESTB102,2,True,86400,86400,0,0.0,0.0
2017-11-22,RS01SUM1-LJ01B-09-PRESTB102,2,True,86400,86400,0,0.0,0.0
2017-11-23,RS01SUM1-LJ01B-09-PRESTB102,2,True,86401,86401,0,0.0,0.0
2017-11-24,RS01SUM1-LJ01B-09-PRESTB102,2,True,86400,86400,0,0.0,0.0
2017-11-25,RS01SUM1-LJ01B-09-PRESTB102,2,True,86400,86400,0,0.0,0.0
2017-11-26,RS01SUM1-LJ01B-09-PRESTB102,2,True,86400,86400,0,0.0,0.0
2017-11-27,RS01SUM1-LJ01B-09-PRESTB102,2,True,86400,86400,0,0.0,0.0
2017-11-28,RS01SUM1-LJ01B-09-PRESTB102,2,True,86400,86400,0,0.0,0.0
2017-11-29,RS01SUM1-LJ01B-09-PRESTB102,2,True,86400,86400,0,0.0,0.0
2017-11-30,RS01SUM1-LJ01B-09-PRESTB102,2,True,86400,86400,0,0.0,0.0
2017-12-01,RS01SUM1-LJ01B-09-PRESTB102,2,True,85651,86400,749,0.8669,0.8669
2017-12-02,RS01SUM1-LJ01B-09-PRESTB102,2,True,86400,86400,0,0.0,0.0
2017-12-03,RS01SUM1-LJ01B-09-PRESTB102,2,True,86400,86400,0,0.0,0.0
2017-12-04,RS01SUM1-LJ01B-09-PRESTB102,2,True,86400,86400,0,0.0,0.0
2017-12-05,RS01SUM1-LJ01B-09-PRESTB102,2,True,86400,86400,0,0.0,0.0
2017-12-06,RS01SUM1-LJ01B-09-PRESTB102,2,True,86400,86400,0,0.0,0.0
2017-12-07,RS01SUM1-LJ01B-09-PRESTB102,2,True,86400,86400,0,0.0,0.0
2017-12-08,RS01SUM1-LJ01B-09-PRESTB102,2,True,86400,86400,0,0.0,0.0
2017-12-09,RS01SUM1-LJ01B-09-PRESTB102,2,False,0,0,,,
2017-12-10,RS01SUM1-LJ01B-09-PRESTB102,2,False,0,0,,,
2017-12-11,RS01SUM1-LJ01B-09-PRESTB102,2,True,86400,86400,0,0.0,0.0
2017-12-12,RS01SUM1-LJ01B-09-PRESTB102,2,True,86400,86400,0,0.0,0.0
2017-12-13,RS01SUM1-LJ01B-09-PRESTB102,2,True,86139,86400,261,0.3021,0.3021
2017-12-14,RS01SUM1-LJ01B-09-PRESTB102,2,True,86384,86400,16,0.0185,0.0185
2017-12-15,RS01SUM1-LJ01B-09-PRESTB102,2,True,86400,86400,0,0.0,0.0
2017-12-16,RS01SUM1-LJ01B-09-PRESTB102,2,True,86400,86400,0,0.0,0.0
2017-12-17,RS01SUM1-LJ01B-09-PRESTB102,2,True,86400,86400,0,0.0,0.0
2017-12-18,RS01SUM1-LJ01B-09-PRESTB102,2,True,86400,86400,0,0.0,0.0
2017-12-19,RS01SUM1-LJ01B-09-PRESTB102,2,True,86400,86400,0,0.0,0.0
2017-12-20,RS01SUM1-LJ01B-09-PRESTB102,2,True,86400,86400,0,0.0,0.0
2017-12-21,RS01SUM1-LJ01B-09-PRESTB102,2,True,86400,86400,0,0.0,0.0
2017-12-22,RS01SUM1-LJ01B-09-PRESTB102,2,True,86400,86400,0,0.0,0.0
2017-12-23,RS01SUM1-LJ01B-09-PRESTB102,2,True,86400,86400,0,0.0,0.0
2017-12-24,RS01SUM1-LJ01B-09-PRESTB102,2,True,86400,86400,0,0.0,0.0
2017-12-25,RS01SUM1-LJ01B-09-PRESTB102,2,True,86400,86400,0,0.0,0.0
2017-12-26,RS01SUM1-LJ01B-09-PRESTB102,2,True,86400,86400,0,0.0,0.0
2017-12-27,RS01SUM1-LJ01B-09-PRESTB102,2,True,86400,86400,0,0.0,0.0
2017-12-28,RS01SUM1-LJ01B-09-PRESTB102,2,True,86400,86400,0,0.0,0.0
2017-12-29,RS01SUM1-LJ01B-09-PRESTB102,2,True,86400,86400,0,0.0,0.0
2017-12-30,RS01SUM1-LJ01B-09-PRESTB102,2,True,86400,86400,0,0.0,0.0
2017-12-31,RS01SUM1-LJ01B-09-PRESTB102,2,True,86400,86400,0,0.0,0.0
2018-01-01,RS01SUM1-LJ01B-09-PRESTB102,2,True,86400,86400,0,0.0,0.0
2018-01-02,RS01SUM1-LJ01B-09-PRESTB102,2,True,86400,86400,0,0.0,0.0
2018-01-03,RS01SUM1-LJ01B-09-PRESTB102,2,True,86400,86400,0,0.0,0.0
2018-01-04,RS01SUM1-LJ01B-09-PRESTB102,2,True,86400,86400,0,0.0,0.0
2018-01-05,RS01SUM1-LJ01B-09-PRESTB102,2,True,86400,86400,0,0.0,0.0
2018-01-06,RS01SUM1-LJ01B-09-PRESTB102,2,True,86400,86400,0,0.0,0.0
2018-01-07,RS01SUM1-LJ01B-09-PRESTB102,2,True,86400,86400,0,0.0,0.0
2018-01-08,RS01SUM1-LJ01B-09-PRESTB102,2,True,86400,86400,0,0.0,0.0
2018-01-09,RS01SUM1-LJ01B-09-PRESTB102,2,True,86400,86400,0,0.0,0.0
2018-01-10,RS01SUM1-LJ01B-09-PRESTB102,2,True,86400,86400,0,0.0,0.0
2018-01-11,RS01SUM1-LJ01B-09-PRESTB102,2,True,86401,86401,0,0.0,0.0
2018-01-12,RS01SUM1-LJ01B-09-PRESTB102,2,True,86400,86400,0,0.0,0.0
2018-01-13,RS01SUM1-LJ01B-09-PRESTB102,2,True,86400,86400,0,0.0,0.0
2018-01-14,RS01SUM1-LJ01B-09-PRESTB102,2,True,86400,86400,0,0.0,0.0
2018-01-15,RS01SUM1-LJ01B-09-PRESTB102,2,True,86400,86400,0,0.0,0.0
2018-01-16,RS01SUM1-LJ01B-09-PRESTB102,2,True,86400,86400,0,0.0,0.0
2018-01-17,RS01SUM1-LJ01B-09-PRESTB102,2,True,86400,86400,0,0.0,0.0
2018-01-18,RS01SUM1-LJ01B-09-PRESTB102,2,True,86400,86400,0,0.0,0.0
2018-01-19,RS01SUM1-LJ01B-09-PRESTB102,2,True,20790,86441,65651,75.9489,75.9375
2018-01-20,RS01SUM1-LJ01B-09-PRESTB102,2,True,86400,86400,0,0.0,0.0
2018-01-21,RS01SUM1-LJ01B-09-PRESTB102,2,True,86400,86400,0,0.0,0.0
2018-01-22,RS01SUM1-LJ01B-09-PRESTB102,2,True,86400,86400,0,0.0,0.0
2018-01-23,RS01SUM1-LJ01B-09-PRESTB102,2,True,86400,86400,0,0.0,0.0
2018-01-24,RS01SUM1-LJ01B-09-PRESTB102,2,True,86400,86400,0,0.0,0.0
2018-01-25,RS01SUM1-LJ01B-09-PRESTB102,2,True,86400,86400,0,0.0,0.0
2018-01-26,RS01SUM1-LJ01B-09-PRESTB102,2,True,86400,86400,0,0.0,0.0
2018-01-27,RS01SUM1-LJ01B-09-PRESTB102,2,True,86400,86400,0,0.0,0.0
2018-01-28,RS01SUM1-LJ01B-09-PRESTB102,2,True,86400,86400,0,0.0,0.0
2018-01-29,RS01SUM1-LJ01B-09-PRESTB102,2,True,86400,86400,0,0.0,0.0
2018-01-30,RS01SUM1-LJ01B-09-PRESTB102,2,True,86400,86400,0,0.0,0.0
2018-01-31,RS01SUM1-LJ01B-09-PRESTB102,2,True,86400,86400,0,0.0,0.0
2018-02-01,RS01SUM1-LJ01B-09-PRESTB102,2,True,86400,86400,0,0.0,0.0
2018-02-02,RS01SUM1-LJ01B-09-PRESTB102,2,True,86400,86400,0,0.0,0.0
2018-02-03,RS01SUM1-LJ01B-09-PRESTB102,2,True,86400,86400,0,0.0,0.0
2018-02-04,RS01SUM1-LJ01B-09-PRESTB102,2,True,86400,86400,0,0.0,0.0
2018-02-05,RS01SUM1-LJ01B-09-PRESTB102,2,True,86400,86400,0,0.0,0.0
2018-02-06,RS01SUM1-LJ01B-09-PRESTB102,2,True,86400,86400,0,0.0,0.0
2018-02-07,RS01SUM1-LJ01B-09-PRESTB102,2,True,86400,86400,0,0.0,0.0
2018-02-08,RS01SUM1-LJ01B-09-PRESTB102,2,True,86400,86400,0,0.0,0.0
2018-02-09,RS01SUM1-LJ01B-09-PRESTB102,2,True,86400,86400,0,0.0,0.0
2018-02-10,RS01SUM1-LJ01B-09-PRESTB102,2,True,86400,86400,0,0.0,0.0
2018-02-11,RS01SUM1-LJ01B-09-PRESTB102,2,True,86400,86400,0,0.0,0.0
2018-02-12,RS01SUM1-LJ01B-09-PRESTB102,2,True,86400,86400,0,0.0,0.0
2018-02-13,RS01SUM1-LJ01B-09-PRESTB102,2,True,86400,86400,0,0.0,0.0
2018-02-14,RS01SUM1-LJ01B-09-PRESTB102,2,True,86400,86400,0,0.0,0.0
2018-02-15,RS01SUM1-LJ01B-09-PRESTB102,2,True,86400,86400,0,0.0,0.0
2018-02-16,RS01SUM1-LJ01B-09-PRESTB102,2,True,86400,86400,0,0.0,0.0
2018-02-17,RS01SUM1-LJ01B-09-PRESTB102,2,True,86400,86400,0,0.0,0.0
2018-02-18,RS01SUM1-LJ01B-09-PRESTB102,2,True,86400,86400,0,0.0,0.0
2018-02-19,RS01SUM1-LJ01B-09-PRESTB102,2,True,86400,86400,0,0.0,0.0
2018-02-20,RS01SUM1-LJ01B-09-PRESTB102,2,True,76957,86407,9450,10.9366,10.9294
2018-02-21,RS01SUM1-LJ01B-09-PRESTB102,2,True,86400,86400,0,0.0,0.0
2018-02-22,RS01SUM1-LJ01B-09-PRESTB102,2,True,85160,86401,1241,1.4363,1.4352
2018-02-23,RS01SUM1-LJ01B-09-PRESTB102,2,True,86400,86400,0,0.0,0.0
2018-02-24,RS01SUM1-LJ01B-09-PRESTB102,2,True,86400,86400,0,0.0,0.0
2018-02-25,RS01SUM1-LJ01B-09-PRESTB102,2,True,86400,86400,0,0.0,0.0
2018-02-26,RS01SUM1-LJ01B-09-PRESTB102,2,True,86400,86400,0,0.0,0.0
2018-02-27,RS01SUM1-LJ01B-09-PRESTB102,2,True,86401,86401,0,0.0,0.0
2018-02-28,RS01SUM1-LJ01B-09-PRESTB102,2,True,86400,86400,0,0.0,0.0
2018-03-01,RS01SUM1-LJ01B-09-PRESTB102,2,True,86400,86400,0,0.0,0.0
2018-03-02,RS01SUM1-LJ01B-09-PRESTB102,2,True,86400,86400,0,0.0,0.0
2018-03-03,RS01SUM1-LJ01B-09-PRESTB102,2,True,86400,86400,0,0.0,0.0
2018-03-04,RS01SUM1-LJ01B-09-PRESTB102,2,True,86400,86400,0,0.0,0.0
2018-03-05,RS01SUM1-LJ01B-09-PRESTB102,2,True,86400,86400,0,0.0,0.0
2018-03-06,RS01SUM1-LJ01B-09-PRESTB102,2,True,86400,86400,0,0.0,0.0
2018-03-07,RS01SUM1-LJ01B-09-PRESTB102,2,True,85950,86400,450,0.5208,0.5208
2018-03-08,RS01SUM1-LJ01B-09-PRESTB102,2,True,86400,86400,0,0.0,0.0
2018-03-09,RS01SUM1-LJ01B-09-PRESTB102,2,True,86400,86400,0,0.0,0.0
2018-03-10,RS01SUM1-LJ01B-09-PRESTB102,2,True,72661,72661,0,0.0,15.9016
2018-03-11,RS01SUM1-LJ01B-09-PRESTB102,2,False,0,0,,,
2018-03-12,RS01SUM1-LJ01B-09-PRESTB102,2,True,27382,27382,0,0.0,68.3079
2018-03-13,RS01SUM1-LJ01B-09-PRESTB102,2,True,86400,86400,0,0.0,0.0
2018-03-14,RS01SUM1-LJ01B-09-PRESTB102,2,True,86400,86400,0,0.0,0.0
2018-03-15,RS01SUM1-LJ01B-09-PRESTB102,2,True,86400,86400,0,0.0,0.0
2018-03-16,RS01SUM1-LJ01B-09-PRESTB102,2,True,86400,86400,0,0.0,0.0
2018-03-17,RS01SUM1-LJ01B-09-PRESTB102,2,True,86400,86400,0,0.0,0.0
2018-03-18,RS01SUM1-LJ01B-09-PRESTB102,2,True,86400,86400,0,0.0,0.0
2018-03-19,RS01SUM1-LJ01B-09-PRESTB102,2,True,86400,86400,0,0.0,0.0
2018-03-20,RS01SUM1-LJ01B-09-PRESTB102,2,True,86400,86400,0,0.0,0.0
2018-03-21,RS01SUM1-LJ01B-09-PRESTB102,2,True,86400,86400,0,0.0,0.0
2018-03-22,RS01SUM1-LJ01B-09-PRESTB102,2,True,86400,86400,0,0.0,0.0
2018-03-23,RS01SUM1-LJ01B-09-PRESTB102,2,True,86400,86400,0,0.0,0.0
2018-03-24,RS01SUM1-LJ01B-09-PRESTB102,2,True,86400,86400,0,0.0,0.0
2018-03-25,RS01SUM1-LJ01B-09-PRESTB102,2,True,86400,86400,0,0.0,0.0
2018-03-26,RS01SUM1-LJ01B-09-PRESTB102,2,True,86400,86400,0,0.0,0.0
2018-03-27,RS01SUM1-LJ01B-09-PRESTB102,2,True,86400,86400,0,0.0,0.0
2018-03-28,RS01SUM1-LJ01B-09-PRESTB102,2,True,86400,86400,0,0.0,0.0
2018-03-29,RS01SUM1-LJ01B-09-PRESTB102,2,True,86400,86400,0,0.0,0.0
2018-03-30,RS01SUM1-LJ01B-09-PRESTB102,2,True,86400,86400,0,0.0,0.0
2018-03-31,RS01SUM1-LJ01B-09-PRESTB102,2,True,86400,86400,0,0.0,0.0
2018-04-01,RS01SUM1-LJ01B-09-PRESTB102,2,True,86400,86400,0,0.0,0.0
2018-04-02,RS01SUM1-LJ01B-09-PRESTB102,2,True,86400,86400,0,0.0,0.0
2018-04-03,RS01SUM1-LJ01B-09-PRESTB102,2,True,86400,86400,0,0.0,0.0
2018-04-04,RS01SUM1-LJ01B-09-PRESTB102,2,True,86400,86400,0,0.0,0.0
2018-04-05,RS01SUM1-LJ01B-09-PRESTB102,2,True,86400,86400,0,0.0,0.0
2018-04-06,RS01SUM1-LJ01B-09-PRESTB102,2,True,86400,86400,0,0.0,0.0
2018-04-07,RS01SUM1-LJ01B-09-PRESTB102,2,True,86400,86400,0,0.0,0.0
2018-04-08,RS01SUM1-LJ01B-09-PRESTB102,2,True,86400,86400,0,0.0,0.0
2018-04-09,RS01SUM1-LJ01B-09-PRESTB102,2,True,86400,86400,0,0.0,0.0
2018-04-10,RS01SUM1-LJ01B-09-PRESTB102,2,True,86401,86401,0,0.0,0.0
2018-04-11,RS01SUM1-LJ01B-09-PRESTB102,2,True,86400,86400,0,0.0,0.0
2018-04-12,RS01SUM1-LJ01B-09-PRESTB102,2,True,86400,86400,0,0.0,0.0
2018-04-13,RS01SUM1-LJ01B-09-PRESTB102,2,True,86400,86400,0,0.0,0.0
2018-04-14,RS01SUM1-LJ01B-09-PRESTB102,2,True,86400,86400,0,0.0,0.0
2018-04-15,RS01SUM1-LJ01B-09-PRESTB102,2,True,86400,86400,0,0.0,0.0
2018-04-16,RS01SUM1-LJ01B-09-PRESTB102,2,True,86400,86400,0,0.0,0.0
2018-04-17,RS01SUM1-LJ01B-09-PRESTB102,2,True,86400,86400,0,0.0,0.0
2018-04-18,RS01SUM1-LJ01B-09-PRESTB102,2,True,86400,86400,0,0.0,0.0
2018-04-19,RS01SUM1-LJ01B-09-PRESTB102,2,True,85551,86400,849,0.9826,0.9826
2018-04-20,RS01SUM1-LJ01B-09-PRESTB102,2,True,86400,86400,0,0.0,0.0
2018-04-21,RS01SUM1-LJ01B-09-PRESTB102,2,True,86400,86400,0,0.0,0.0
2018-04-22,RS01SUM1-LJ01B-09-PRESTB102,2,True,86400,86400,0,0.0,0.0
2018-04-23,RS01SUM1-LJ01B-09-PRESTB102,2,True,86400,86400,0,0.0,0.0
2018-04-24,RS01SUM1-LJ01B-09-PRESTB102,2,True,86400,86400,0,0.0,0.0
2018-04-25,RS01SUM1-LJ01B-09-PRESTB102,2,True,86400,86400,0,0.0,0.0
2018-04-26,RS01SUM1-LJ01B-09-PRESTB102,2,True,86091,86400,309,0.3576,0.3576
2018-04-27,RS01SUM1-LJ01B-09-PRESTB102,2,True,86400,86400,0,0.0,0.0
2018-04-28,RS01SUM1-LJ01B-09-PRESTB102,2,True,86400,86400,0,0.0,0.0
2018-04-29,RS01SUM1-LJ01B-09-PRESTB102,2,True,86400,86400,0,0.0,0.0
2018-04-30,RS01SUM1-LJ01B-09-PRESTB102,2,True,86400,86400,0,0.0,0.0
2018-05-01,RS01SUM1-LJ01B-09-PRESTB102,2,True,86400,86400,0,0.0,0.0
2018-05-02,RS01SUM1-LJ01B-09-PRESTB102,2,True,86400,86400,0,0.0,0.0
2018-05-03,RS01SUM1-LJ01B-09-PRESTB102,2,True,86400,86400,0,0.0,0.0
2018-05-04,RS01SUM1-LJ01B-09-PRESTB102,2,True,86400,86400,0,0.0,0.0
2018-05-05,RS01SUM1-LJ01B-09-PRESTB102,2,True,86400,86400,0,0.0,0.0
2018-05-06,RS01SUM1-LJ01B-09-PRESTB102,2,True,86400,86400,0,0.0,0.0
2018-05-07,RS01SUM1-LJ01B-09-PRESTB102,2,True,86400,86400,0,0.0,0.0
2018-05-08,RS01SUM1-LJ01B-09-PRESTB102,2,True,86400,86400,0,0.0,0.0
2018-05-09,RS01SUM1-LJ01B-09-PRESTB102,2,True,86400,86400,0,0.0,0.0
2018-05-10,RS01SUM1-LJ01B-09-PRESTB102,2,True,86400,86400,0,0.0,0.0
2018-05-11,RS01SUM1-LJ01B-09-PRESTB102,2,True,86400,86400,0,0.0,0.0
2018-05-12,RS01SUM1-LJ01B-09-PRESTB102,2,True,86400,86400,0,0.0,0.0
2018-05-13,RS01SUM1-LJ01B-09-PRESTB102,2,True,86400,86400,0,0.0,0.0
2018-05-14,RS01SUM1-LJ01B-09-PRESTB102,2,True,86400,86400,0,0.0,0.0
2018-05-15,RS01SUM1-LJ01B-09-PRESTB102,2,True,86400,86400,0,0.0,0.0
2018-05-16,RS01SUM1-LJ01B-09-PRESTB102,2,True,86400,86400,0,0.0,0.0
2018-05-17,RS01SUM1-LJ01B-09-PRESTB102,2,True,86400,86400,0,0.0,0.0
2018-05-18,RS01SUM1-LJ01B-09-PRESTB102,2,True,86244,86400,156,0.1806,0.1806
2018-05-19,RS01SUM1-LJ01B-09-PRESTB102,2,True,86400,86400,0,0.0,0.0
2018-05-20,RS01SUM1-LJ01B-09-PRESTB102,2,True,86400,86400,0,0.0,0.0
2018-05-21,RS01SUM1-LJ01B-09-PRESTB102,2,True,86401,86401,0,0.0,0.0
2018-05-22,RS01SUM1-LJ01B-09-PRESTB102,2,True,86400,86400,0,0.0,0.0
2018-05-23,RS01SUM1-LJ01B-09-PRESTB102,2,True,86400,86400,0,0.0,0.0
2018-05-24,RS01SUM1-LJ01B-09-PRESTB102,2,True,86400,86400,0,0.0,0.0
2018-05-25,RS01SUM1-LJ01B-09-PRESTB102,2,True,86400,86400,0,0.0,0.0
2018-05-26,RS01SUM1-LJ01B-09-PRESTB102,2,True,86400,86400,0,0.0,0.0
2018-05-27,RS01SUM1-LJ01B-09-PRESTB102,2,True,86400,86400,0,0.0,0.0
2018-05-28,RS01SUM1-LJ01B-09-PRESTB102,2,True,86400,86400,0,0.0,0.0
2018-05-29,RS01SUM1-LJ01B-09-PRESTB102,2,True,86400,86400,0,0.0,0.0
2018-05-30,RS01SUM1-LJ01B-09-PRESTB102,2,False,0,0,,,
2018-05-31,RS01SUM1-LJ01B-09-PRESTB102,2,True,86400,86400,0,0.0,0.0
2018-06-01,RS01SUM1-LJ01B-09-PRESTB102,2,True,86400,86400,0,0.0,0.0
2018-06-02,RS01SUM1-LJ01B-09-PRESTB102,2,True,86400,86400,0,0.0,0.0
2018-06-03,RS01SUM1-LJ01B-09-PRESTB102,2,True,86400,86400,0,0.0,0.0
2018-06-04,RS01SUM1-LJ01B-09-PRESTB102,2,True,86400,86400,0,0.0,0.0
2018-06-05,RS01SUM1-LJ01B-09-PRESTB102,2,True,86295,86400,105,0.1215,0.1215
2018-06-06,RS01SUM1-LJ01B-09-PRESTB102,2,True,86400,86400,0,0.0,0.0
2018-06-07,RS01SUM1-LJ01B-09-PRESTB102,2,True,86400,86400,0,0.0,0.0
2018-06-08,RS01SUM1-LJ01B-09-PRESTB102,2,True,82170,86403,4233,4.8991,4.8958
2018-06-09,RS01SUM1-LJ01B-09-PRESTB102,2,True,86400,86400,0,0.0,0.0
2018-06-10,RS01SUM1-LJ01B-09-PRESTB102,2,True,86400,86400,0,0.0,0.0
2018-06-11,RS01SUM1-LJ01B-09-PRESTB102,2,True,86400,86400,0,0.0,0.0
2018-06-12,RS01SUM1-LJ01B-09-PRESTB102,2,True,86400,86400,0,0.0,0.0
2018-06-13,RS01SUM1-LJ01B-09-PRESTB102,2,True,86400,86400,0,0.0,0.0
2018-06-14,RS01SUM1-LJ01B-09-PRESTB102,2,True,86400,86400,0,0.0,0.0
2018-06-15,RS01SUM1-LJ01B-09-PRESTB102,2,True,86400,86400,0,0.0,0.0
2018-06-16,RS01SUM1-LJ01B-09-PRESTB102,2,True,86299,86400,101,0.1169,0.1169
2018-06-17,RS01SUM1-LJ01B-09-PRESTB102,2,True,86400,86400,0,0.0,0.0
2018-06-18,RS01SUM1-LJ01B-09-PRESTB102,2,True,86400,86400,0,0.0,0.0
2018-06-19,RS01SUM1-LJ01B-09-PRESTB102,2,True,86400,86400,0,0.0,0.0
2018-06-20,RS01SUM1-LJ01B-09-PRESTB102,2,True,86400,86400,0,0.0,0.0
2018-06-21,RS01SUM1-LJ01B-09-PRESTB102,2,True,86400,86400,0,0.0,0.0
2018-06-22,RS01SUM1-LJ01B-09-PRESTB102,2,True,86400,86400,0,0.0,0.0
2018-06-23,RS01SUM1-LJ01B-09-PRESTB102,2,True,86299,86400,101,0.1169,0.1169
2018-06-24,RS01SUM1-LJ01B-09-PRESTB102,2,True,86400,86400,0,0.0,0.0
2018-06-25,RS01SUM1-LJ01B-09-PRESTB102,2,True,86400,86400,0,0.0,0.0
2018-06-26,RS01SUM1-LJ01B-09-PRESTB102,2,True,86400,86400,0,0.0,0.0
2018-06-27,RS01SUM1-LJ01B-09-PRESTB102,2,True,86400,86400,0,0.0,0.0
2018-06-28,RS01SUM1-LJ01B-09-PRESTB102,2,True,86400,86400,0,0.0,0.0
2018-06-29,RS01SUM1-LJ01B-09-PRESTB102,2,True,86400,86400,0,0.0,0.0
2018-06-30,RS01SUM1-LJ01B-09-PRESTB102,2,True,86401,86401,0,0.0,0.0
2018-07-01,RS01SUM1-LJ01B-09-PRESTB102,2,True,86400,86400,0,0.0,0.0
2018-07-02,RS01SUM1-LJ01B-09-PRESTB102,2,True,86400,86400,0,0.0,0.0
2018-07-03,RS01SUM1-LJ01B-09-PRESTB102,2,True,86400,86400,0,0.0,0.0
2018-07-04,RS01SUM1-LJ01B-09-PRESTB102,2,True,86400,86400,0,0.0,0.0
2018-07-05,RS01SUM1-LJ01B-09-PRESTB102,2,True,86290,86400,110,0.1273,0.1273
2018-07-06,RS01SUM1-LJ01B-09-PRESTB102,2,True,86232,86400,168,0.1944,0.1944
2018-07-07,RS01SUM1-LJ01B-09-PRESTB102,2,True,86400,86400,0,0.0,0.0
2018-07-08,RS01SUM1-LJ01B-09-PRESTB102,2,True,86400,86400,0,0.0,0.0
2018-07-09,RS01SUM1-LJ01B-09-PRESTB102,2,True,86400,86400,0,0.0,0.0
2018-07-10,RS01SUM1-LJ01B-09-PRESTB102,2,True,86400,86400,0,0.0,0.0
2018-07-11,RS01SUM1-LJ01B-09-PRESTB102,2,True,86400,86400,0,0.0,0.0
2018-07-12,RS01SUM1-LJ01B-09-PRESTB102,2,True,86400,86400,0,0.0,0.0
2018-07-13,RS01SUM1-LJ01B-09-PRESTB102,2,True,86400,86400,0,0.0,0.0
2018-07-14,RS01SUM1-LJ01B-09-PRESTB102,2,True,86400,86400,0,0.0,0.0
2018-07-15,RS01SUM1-LJ01B-09-PRESTB102,2,True,86400,86400,0,0.0,0.0
2018-07-16,RS01SUM1-LJ01B-09-PRESTB102,2,True,86400,86400,0,0.0,0.0
2018-07-17,RS01SUM1-LJ01B-09-PRESTB102,2,True,85641,86401,760,0.8796,0.8785
2018-07-18,RS01SUM1-LJ01B-09-PRESTB102,2,True,86400,86400,0,0.0,0.0
2018-07-19,RS01SUM1-LJ01B-09-PRESTB102,2,True,86400,86400,0,0.0,0.0
2018-07-20,RS01SUM1-LJ01B-09-PRESTB102,2,True,86400,86400,0,0.0,0.0
2018-07-21,RS01SUM1-LJ01B-09-PRESTB102,2,True,86400,86400,0,0.0,0.0
2018-07-22,RS01SUM1-LJ01B-09-PRESTB102,2,True,86400,86400,0,0.0,0.0
2018-07-23,RS01SUM1-LJ01B-09-PRESTB102,2,True,86400,86400,0,0.0,0.0
2018-07-24,RS01SUM1-LJ01B-09-PRESTB102,2,True,86400,86400,0,0.0,0.0
2018-07-25,RS01SUM1-LJ01B-09-PRESTB102,2,True,86400,86400,0,0.0,0.0
2018-07-26,RS01SUM1-LJ01B-09-PRESTB102,2,True,86400,86400,0,0.0,0.0
2018-07-27,RS01SUM1-LJ01B-09-PRESTB102,2,True,86400,86400,0,0.0,0.0
2018-07-28,RS01SUM1-LJ01B-09-PRESTB102,2,True,86400,86400,0,0.0,0.0
2018-07-29,RS01SUM1-LJ01B-09-PRESTB102,2,True,86400,86400,0,0.0,0.0
2018-07-30,RS01SUM1-LJ01B-09-PRESTB102,2,True,86400,86400,0,0.0,0.0
2018-07-31,RS01SUM1-LJ01B-09-PRESTB102,2,True,86400,86400,0,0.0,0.0
2018-08-01,RS01SUM1-LJ01B-09-PRESTB102,2,True,86400,86400,0,0.0,0.0
2018-08-02,RS01SUM1-LJ01B-09-PRESTB102,2,True,86400,86400,0,0.0,0.0
2018-08-03,RS01SUM1-LJ01B-09-PRESTB102,2,True,86400,86400,0,0.0,0.0
2018-08-04,RS01SUM1-LJ01B-09-PRESTB102,2,True,86400,86400,0,0.0,0.0
2018-08-05,RS01SUM1-LJ01B-09-PRESTB102,2,True,86400,86400,0,0.0,0.0
2018-08-06,RS01SUM1-LJ01B-09-PRESTB102,2,True,86400,86400,0,0.0,0.0
2018-08-07,RS01SUM1-LJ01B-09-PRESTB102,2,True,86400,86400,0,0.0,0.0
2018-08-08,RS01SUM1-LJ01B-09-PRESTB102,2,True,86400,86400,0,0.0,0.0
2018-08-09,RS01SUM1-LJ01B-09-PRESTB102,2,True,86400,86400,0,0.0,0.0
2018-08-10,RS01SUM1-LJ01B-09-PRESTB102,2,True,77252,77252,0,0.0,10.588
2018-08-11,RS01SUM1-LJ01B-09-PRESTB102,2,False,0,0,,,
2018-08-12,RS01SUM1-LJ01B-09-PRESTB102,2,False,0,0,,,
2018-08-13,RS01SUM1-LJ01B-09-PRESTB102,2,True,20504,20646,142,0.6878,76.2685
2018-08-14,RS01SUM1-LJ01B-09-PRESTB102,2,True,86400,86400,0,0.0,0.0
2018-08-15,RS01SUM1-LJ01B-09-PRESTB102,2,True,86400,86400,0,0.0,0.0
2018-08-16,RS01SUM1-LJ01B-09-PRESTB102,2,True,86400,86400,0,0.0,0.0
2018-08-17,RS01SUM1-LJ01B-09-PRESTB102,2,True,86401,86401,0,0.0,0.0
2018-08-18,RS01SUM1-LJ01B-09-PRESTB102,2,True,86400,86400,0,0.0,0.0
2018-08-19,RS01SUM1-LJ01B-09-PRESTB102,2,True,86400,86400,0,0.0,0.0
2018-08-20,RS01SUM1-LJ01B-09-PRESTB102,2,True,86400,86400,0,0.0,0.0
2018-08-21,RS01SUM1-LJ01B-09-PRESTB102,2,True,86400,86400,0,0.0,0.0
2018-08-22,RS01SUM1-LJ01B-09-PRESTB102,2,True,63720,63720,0,0.0,26.25
2018-08-23,RS01SUM1-LJ01B-09-PRESTB102,2,False,0,0,,,
2018-08-24,RS01SUM1-LJ01B-09-PRESTB102,2,True,11485,11485,0,0.0,86.7072
2018-08-25,RS01SUM1-LJ01B-09-PRESTB102,2,True,86400,86400,0,0.0,0.0
2018-08-26,RS01SUM1-LJ01B-09-PRESTB102,2,True,86400,86400,0,0.0,0.0
2018-08-27,RS01SUM1-LJ01B-09-PRESTB102,2,True,86387,86400,13,0.015,0.015
2018-08-28,RS01SUM1-LJ01B-09-PRESTB102,2,True,55603,55603,0,0.0,35.6447
2018-08-29,RS01SUM1-LJ01B-09-PRESTB102,2,False,0,0,,,
2018-08-30,RS01SUM1-LJ01B-09-PRESTB102,2,True,5199,5213,14,0.2686,93.9826
2018-08-31,RS01SUM1-LJ01B-09-PRESTB102,2,True,86400,86400,0,0.0,0.0
2018-09-01,RS01SUM1-LJ01B-09-PRESTB102,2,True,86400,86400,0,0.0,0.0
2018-09-02,RS01SUM1-LJ01B-09-PRESTB102,2,True,86400,86400,0,0.0,0.0
2018-09-03,RS01SUM1-LJ01B-09-PRESTB102,2,True,86400,86400,0,0.0,0.0
2018-09-04,RS01SUM1-LJ01B-09-PRESTB102,2,True,86400,86400,0,0.0,0.0
2018-09-05,RS01SUM1-LJ01B-09-PRESTB102,2,True,52562,52939,377,0.7121,39.1644
2018-09-06,RS01SUM1-LJ01B-09-PRESTB102,2,False,0,0,,,
2018-09-07,RS01SUM1-LJ01B-09-PRESTB102,2,True,74261,74761,500,0.6688,14.0498
2018-09-08,RS01SUM1-LJ01B-09-PRESTB102,2,True,86400,86400,0,0.0,0.0
2018-09-09,RS01SUM1-LJ01B-09-PRESTB102,2,True,86400,86400,0,0.0,0.0
2018-09-10,RS01SUM1-LJ01B-09-PRESTB102,2,True,86400,86400,0,0.0,0.0
2018-09-11,RS01SUM1-LJ01B-09-PRESTB102,2,True,86400,86400,0,0.0,0.0
2018-09-12,RS01SUM1-LJ01B-09-PRESTB102,2,True,86400,86400,0,0.0,0.0
2018-09-13,RS01SUM1-LJ01B-09-PRESTB102,2,False,0,0,,,
2018-09-14,RS01SUM1-LJ01B-09-PRESTB102,2,True,12302,12302,0,0.0,85.7616
2018-09-15,RS01SUM1-LJ01B-09-PRESTB102,2,True,86400,86400,0,0.0,0.0
2018-09-16,RS01SUM1-LJ01B-09-PRESTB102,2,True,86400,86400,0,0.0,0.0
2018-09-17,RS01SUM1-LJ01B-09-PRESTB102,2,True,86400,86400,0,0.0,0.0
2018-09-18,RS01SUM1-LJ01B-09-PRESTB102,2,True,86400,86400,0,0.0,0.0
2018-09-19,RS01SUM1-LJ01B-09-PRESTB102,2,True,85810,86400,590,0.6829,0.6829
2018-09-20,RS01SUM1-LJ01B-09-PRESTB102,2,True,85880,86400,520,0.6019,0.6019
2018-09-21,RS01SUM1-LJ01B-09-PRESTB102,2,True,86400,86400,0,0.0,0.0
2018-09-22,RS01SUM1-LJ01B-09-PRESTB102,2,True,86400,86400,0,0.0,0.0
2018-09-23,RS01SUM1-LJ01B-09-PRESTB102,2,True,85850,86400,550,0.6366,0.6366
2018-09-24,RS01SUM1-LJ01B-09-PRESTB102,2,True,82835,86401,3566,4.1273,4.1262
2018-09-25,RS01SUM1-LJ01B-09-PRESTB102,2,True,86399,86399,0,0.0,0.0012
2018-09-26,RS01SUM1-LJ01B-09-PRESTB102,2,True,86400,86400,0,0.0,0.0
2018-09-27,RS01SUM1-LJ01B-09-PRESTB102,2,True,86400,86400,0,0.0,0.0
2018-09-28,RS01SUM1-LJ01B-09-PRESTB102,2,True,9519,9519,0,0.0,88.9826
2018-09-29,RS01SUM1-LJ01B-09-PRESTB102,2,False,0,0,,,
2018-09-30,RS01SUM1-LJ01B-09-PRESTB102,2,False,0,0,,,
2018-10-01,RS01SUM1-LJ01B-09-PRESTB102,2,False,0,0,,,
2018-10-02,RS01SUM1-LJ01B-09-PRESTB102,2,True,22677,22736,59,0.2595,73.7535
2018-10-03,RS01SUM1-LJ01B-09-PRESTB102,2,True,85179,86400,1221,1.4132,1.4132
2018-10-04,RS01SUM1-LJ01B-09-PRESTB102,2,True,86400,86400,0,0.0,0.0
2018-10-05,RS01SUM1-LJ01B-09-PRESTB102,2,True,86400,86400,0,0.0,0.0
2018-10-06,RS01SUM1-LJ01B-09-PRESTB102,2,True,86400,86400,0,0.0,0.0
2018-10-07,RS01SUM1-LJ01B-09-PRESTB102,2,True,86399,86400,1,0.0012,0.0012
2018-10-08,RS01SUM1-LJ01B-09-PRESTB102,2,True,86399,86399,0,0.0,0.0012
2018-10-09,RS01SUM1-LJ01B-09-PRESTB102,2,True,86399,86399,0,0.0,0.0012
2018-10-10,RS01SUM1-LJ01B-09-PRESTB102,2,True,86399,86399,0,0.0,0.0012
2018-10-11,RS01SUM1-LJ01B-09-PRESTB102,2,True,86400,86400,0,0.0,0.0
2018-10-12,RS01SUM1-LJ01B-09-PRESTB102,2,True,86400,86400,0,0.0,0.0
2018-10-13,RS01SUM1-LJ01B-09-PRESTB102,2,True,86400,86400,0,0.0,0.0
2018-10-14,RS01SUM1-LJ01B-09-PRESTB102,2,True,86400,86400,0,0.0,0.0
2018-10-15,RS01SUM1-LJ01B-09-PRESTB102,2,True,86400,86400,0,0.0,0.0
2018-10-16,RS01SUM1-LJ01B-09-PRESTB102,2,True,86019,86400,381,0.441,0.441
2018-10-17,RS01SUM1-LJ01B-09-PRESTB102,2,True,86400,86400,0,0.0,0.0
2018-10-18,RS01SUM1-LJ01B-09-PRESTB102,2,True,30396,31336,940,2.9997,64.8194
2018-10-19,RS01SUM1-LJ01B-09-PRESTB102,2,True,13556,13556,0,0.0,84.3102
2018-10-20,RS01SUM1-LJ01B-09-PRESTB102,2,True,86400,86400,0,0.0,0.0
2018-10-21,RS01SUM1-LJ01B-09-PRESTB102,2,True,86400,86400,0,0.0,0.0
2018-10-22,RS01SUM1-LJ01B-09-PRESTB102,2,True,86400,86400,0,0.0,0.0
2018-10-23,RS01SUM1-LJ01B-09-PRESTB102,2,True,86400,86400,0,0.0,0.0
2018-10-24,RS01SUM1-LJ01B-09-PRESTB102,2,True,86400,86400,0,0.0,0.0
2018-10-25,RS01SUM1-LJ01B-09-PRESTB102,2,True,86400,86400,0,0.0,0.0
2018-10-26,RS01SUM1-LJ01B-09-PRESTB102,2,True,86400,86400,0,0.0,0.0
2018-10-27,RS01SUM1-LJ01B-09-PRESTB102,2,True,86400,86400,0,0.0,0.0
2018-10-28,RS01SUM1-LJ01B-09-PRESTB102,2,True,86400,86400,0,0.0,0.0
2018-10-29,RS01SUM1-LJ01B-09-PRESTB102,2,True,86400,86400,0,0.0,0.0
2018-10-30,RS01SUM1-LJ01B-09-PRESTB102,2,True,86400,86400,0,0.0,0.0
2018-10-31,RS01SUM1-LJ01B-09-PRESTB102,2,True,86274,86400,126,0.1458,0.1458
2018-11-01,RS01SUM1-LJ01B-09-PRESTB102,2,True,86400,86400,0,0.0,0.0
2018-11-02,RS01SUM1-LJ01B-09-PRESTB102,2,True,86400,86400,0,0.0,0.0
2018-11-03,RS01SUM1-LJ01B-09-PRESTB102,2,True,86400,86400,0,0.0,0.0
2018-11-04,RS01SUM1-LJ01B-09-PRESTB102,2,True,86400,86400,0,0.0,0.0
2018-11-05,RS01SUM1-LJ01B-09-PRESTB102,2,True,86400,86400,0,0.0,0.0
2018-11-06,RS01SUM1-LJ01B-09-PRESTB102,2,True,86400,86400,0,0.0,0.0
2018-11-07,RS01SUM1-LJ01B-09-PRESTB102,2,True,86400,86400,0,0.0,0.0
2018-11-08,RS01SUM1-LJ01B-09-PRESTB102,2,True,85805,86400,595,0.6887,0.6887
2018-11-09,RS01SUM1-LJ01B-09-PRESTB102,2,True,86400,86400,0,0.0,0.0
2018-11-10,RS01SUM1-LJ01B-09-PRESTB102,2,True,86400,86400,0,0.0,0.0
2018-11-11,RS01SUM1-LJ01B-09-PRESTB102,2,True,86400,86400,0,0.0,0.0
2018-11-12,RS01SUM1-LJ01B-09-PRESTB102,2,True,86400,86400,0,0.0,0.0
2018-11-13,RS01SUM1-LJ01B-09-PRESTB102,2,True,86400,86400,0,0.0,0.0
2018-11-14,RS01SUM1-LJ01B-09-PRESTB102,2,True,86401,86401,0,0.0,0.0
2018-11-15,RS01SUM1-LJ01B-09-PRESTB102,2,True,86400,86400,0,0.0,0.0
2018-11-16,RS01SUM1-LJ01B-09-PRESTB102,2,True,86400,86400,0,0.0,0.0
2018-11-17,RS01SUM1-LJ01B-09-PRESTB102,2,True,86400,86400,0,0.0,0.0
2018-11-18,RS01SUM1-LJ01B-09-PRESTB102,2,True,86400,86400,0,0.0,0.0
2018-11-19,RS01SUM1-LJ01B-09-PRESTB102,2,True,86400,86400,0,0.0,0.0
2018-11-20,RS01SUM1-LJ01B-09-PRESTB102,2,True,82472,86402,3930,4.5485,4.5463
2018-11-21,RS01SUM1-LJ01B-09-PRESTB102,2,True,86400,86400,0,0.0,0.0
2018-11-22,RS01SUM1-LJ01B-09-PRESTB102,2,True,86400,86400,0,0.0,0.0
2018-11-23,RS01SUM1-LJ01B-09-PRESTB102,2,True,86400,86400,0,0.0,0.0
2018-11-24,RS01SUM1-LJ01B-09-PRESTB102,2,True,86400,86400,0,0.0,0.0
2018-11-25,RS01SUM1-LJ01B-09-PRESTB102,2,True,86400,86400,0,0.0,0.0
2018-11-26,RS01SUM1-LJ01B-09-PRESTB102,2,True,86400,86400,0,0.0,0.0
2018-11-27,RS01SUM1-LJ01B-09-PRESTB102,2,True,86400,86400,0,0.0,0.0
2018-11-28,RS01SUM1-LJ01B-09-PRESTB102,2,True,86400,86400,0,0.0,0.0
2018-11-29,RS01SUM1-LJ01B-09-PRESTB102,2,True,86400,86400,0,0.0,0.0
2018-11-30,RS01SUM1-LJ01B-09-PRESTB102,2,True,86400,86400,0,0.0,0.0
2018-12-01,RS01SUM1-LJ01B-09-PRESTB102,2,True,86400,86400,0,0.0,0.0
2018-12-02,RS01SUM1-LJ01B-09-PRESTB102,2,True,86400,86400,0,0.0,0.0
2018-12-03,RS01SUM1-LJ01B-09-PRESTB102,2,True,86400,86400,0,0.0,0.0
2018-12-04,RS01SUM1-LJ01B-09-PRESTB102,2,True,86400,86400,0,0.0,0.0
2018-12-05,RS01SUM1-LJ01B-09-PRESTB102,2,True,86400,86400,0,0.0,0.0
2018-12-06,RS01SUM1-LJ01B-09-PRESTB102,2,True,86400,86400,0,0.0,0.0
2018-12-07,RS01SUM1-LJ01B-09-PRESTB102,2,True,85407,86400,993,1.1493,1.1493
2018-12-08,RS01SUM1-LJ01B-09-PRESTB102,2,True,86400,86400,0,0.0,0.0
2018-12-09,RS01SUM1-LJ01B-09-PRESTB102,2,True,86400,86400,0,0.0,0.0
2018-12-10,RS01SUM1-LJ01B-09-PRESTB102,2,True,86400,86400,0,0.0,0.0
2018-12-11,RS01SUM1-LJ01B-09-PRESTB102,2,True,86400,86400,0,0.0,0.0
2018-12-12,RS01SUM1-LJ01B-09-PRESTB102,2,True,86400,86400,0,0.0,0.0
2018-12-13,RS01SUM1-LJ01B-09-PRESTB102,2,True,86400,86400,0,0.0,0.0
2018-12-14,RS01SUM1-LJ01B-09-PRESTB102,2,True,86400,86400,0,0.0,0.0
2018-12-15,RS01SUM1-LJ01B-09-PRESTB102,2,True,86400,86400,0,0.0,0.0
2018-12-16,RS01SUM1-LJ01B-09-PRESTB102,2,True,86400,86400,0,0.0,0.0
2018-12-17,RS01SUM1-LJ01B-09-PRESTB102,2,True,86400,86400,0,0.0,0.0
2018-12-18,RS01SUM1-LJ01B-09-PRESTB102,2,True,86400,86400,0,0.0,0.0
2018-12-19,RS01SUM1-LJ01B-09-PRESTB102,2,True,86400,86400,0,0.0,0.0
2018-12-20,RS01SUM1-LJ01B-09-PRESTB102,2,True,86400,86400,0,0.0,0.0
2018-12-21,RS01SUM1-LJ01B-09-PRESTB102,2,True,86400,86400,0,0.0,0.0
2018-12-22,RS01SUM1-LJ01B-09-PRESTB102,2,True,86400,86400,0,0.0,0.0
2018-12-23,RS01SUM1-LJ01B-09-PRESTB102,2,True,86400,86400,0,0.0,0.0
2018-12-24,RS01SUM1-LJ01B-09-PRESTB102,2,True,86400,86400,0,0.0,0.0
2018-12-25,RS01SUM1-LJ01B-09-PRESTB102,2,True,86400,86400,0,0.0,0.0
2018-12-26,RS01SUM1-LJ01B-09-PRESTB102,2,True,86400,86400,0,0.0,0.0
2018-12-27,RS01SUM1-LJ01B-09-PRESTB102,2,True,86401,86401,0,0.0,0.0
2018-12-28,RS01SUM1-LJ01B-09-PRESTB102,2,True,86400,86400,0,0.0,0.0
2018-12-29,RS01SUM1-LJ01B-09-PRESTB102,2,True,86400,86400,0,0.0,0.0
2018-12-30,RS01SUM1-LJ01B-09-PRESTB102,2,True,86400,86400,0,0.0,0.0
2018-12-31,RS01SUM1-LJ01B-09-PRESTB102,2,True,86400,86400,0,0.0,0.0
2019-01-01,RS01SUM1-LJ01B-09-PRESTB102,2,True,86400,86400,0,0.0,0.0
2019-01-02,RS01SUM1-LJ01B-09-PRESTB102,2,True,86400,86400,0,0.0,0.0
2019-01-03,RS01SUM1-LJ01B-09-PRESTB102,2,True,86400,86400,0,0.0,0.0
2019-01-04,RS01SUM1-LJ01B-09-PRESTB102,2,True,86400,86400,0,0.0,0.0
2019-01-05,RS01SUM1-LJ01B-09-PRESTB102,2,True,86400,86400,0,0.0,0.0
2019-01-06,RS01SUM1-LJ01B-09-PRESTB102,2,True,86400,86400,0,0.0,0.0
2019-01-07,RS01SUM1-LJ01B-09-PRESTB102,2,True,86400,86400,0,0.0,0.0
2019-01-08,RS01SUM1-LJ01B-09-PRESTB102,2,True,86400,86400,0,0.0,0.0
2019-01-09,RS01SUM1-LJ01B-09-PRESTB102,2,True,86400,86400,0,0.0,0.0
2019-01-10,RS01SUM1-LJ01B-09-PRESTB102,2,True,86400,86400,0,0.0,0.0
2019-01-11,RS01SUM1-LJ01B-09-PRESTB102,2,True,86400,86400,0,0.0,0.0
2019-01-12,RS01SUM1-LJ01B-09-PRESTB102,2,True,86400,86400,0,0.0,0.0
2019-01-13,RS01SUM1-LJ01B-09-PRESTB102,2,True,86400,86400,0,0.0,0.0
2019-01-14,RS01SUM1-LJ01B-09-PRESTB102,2,True,86400,86400,0,0.0,0.0
2019-01-15,RS01SUM1-LJ01B-09-PRESTB102,2,True,86400,86400,0,0.0,0.0
2019-01-16,RS01SUM1-LJ01B-09-PRESTB102,2,True,86400,86400,0,0.0,0.0
2019-01-17,RS01SUM1-LJ01B-09-PRESTB102,2,True,86400,86400,0,0.0,0.0
2019-01-18,RS01SUM1-LJ01B-09-PRESTB102,2,True,86400,86400,0,0.0,0.0
2019-01-19,RS01SUM1-LJ01B-09-PRESTB102,2,True,86400,86400,0,0.0,0.0
2019-01-20,RS01SUM1-LJ01B-09-PRESTB102,2,True,86400,86400,0,0.0,0.0
2019-01-21,RS01SUM1-LJ01B-09-PRESTB102,2,True,86400,86400,0,0.0,0.0
2019-01-22,RS01SUM1-LJ01B-09-PRESTB102,2,True,86400,86400,0,0.0,0.0
2019-01-23,RS01SUM1-LJ01B-09-PRESTB102,2,True,86400,86400,0,0.0,0.0
2019-01-24,RS01SUM1-LJ01B-09-PRESTB102,2,True,86400,86400,0,0.0,0.0
2019-01-25,RS01SUM1-LJ01B-09-PRESTB102,2,True,86110,86400,290,0.3356,0.3356
2019-01-26,RS01SUM1-LJ01B-09-PRESTB102,2,True,86400,86400,0,0.0,0.0
2019-01-27,RS01SUM1-LJ01B-09-PRESTB102,2,True,86400,86400,0,0.0,0.0
2019-01-28,RS01SUM1-LJ01B-09-PRESTB102,2,True,86400,86400,0,0.0,0.0
2019-01-29,RS01SUM1-LJ01B-09-PRESTB102,2,True,86400,86400,0,0.0,0.0
2019-01-30,RS01SUM1-LJ01B-09-PRESTB102,2,True,86250,86400,150,0.1736,0.1736
2019-01-31,RS01SUM1-LJ01B-09-PRESTB102,2,True,86400,86400,0,0.0,0.0
2019-02-01,RS01SUM1-LJ01B-09-PRESTB102,2,True,86400,86400,0,0.0,0.0
2019-02-02,RS01SUM1-LJ01B-09-PRESTB102,2,True,86400,86400,0,0.0,0.0
2019-02-03,RS01SUM1-LJ01B-09-PRESTB102,2,True,86400,86400,0,0.0,0.0
2019-02-04,RS01SUM1-LJ01B-09-PRESTB102,2,True,86400,86400,0,0.0,0.0
2019-02-05,RS01SUM1-LJ01B-09-PRESTB102,2,True,86299,86400,101,0.1169,0.1169
2019-02-06,RS01SUM1-LJ01B-09-PRESTB102,2,True,86400,86400,0,0.0,0.0
2019-02-07,RS01SUM1-LJ01B-09-PRESTB102,2,True,86395,86400,5,0.0058,0.0058
2019-02-08,RS01SUM1-LJ01B-09-PRESTB102,2,True,86400,86400,0,0.0,0.0
2019-02-09,RS01SUM1-LJ01B-09-PRESTB102,2,True,86401,86401,0,0.0,0.0
2019-02-10,RS01SUM1-LJ01B-09-PRESTB102,2,True,86400,86400,0,0.0,0.0
2019-02-11,RS01SUM1-LJ01B-09-PRESTB102,2,True,86400,86400,0,0.0,0.0
2019-02-12,RS01SUM1-LJ01B-09-PRESTB102,2,True,86400,86400,0,0.0,0.0
2019-02-13,RS01SUM1-LJ01B-09-PRESTB102,2,True,86400,86400,0,0.0,0.0
2019-02-14,RS01SUM1-LJ01B-09-PRESTB102,2,True,86400,86400,0,0.0,0.0
2019-02-15,RS01SUM1-LJ01B-09-PRESTB102,2,True,86400,86400,0,0.0,0.0
2019-02-16,RS01SUM1-LJ01B-09-PRESTB102,2,True,86400,86400,0,0.0,0.0
2019-02-17,RS01SUM1-LJ01B-09-PRESTB102,2,True,86400,86400,0,0.0,0.0
2019-02-18,RS01SUM1-LJ01B-09-PRESTB102,2,True,86400,86400,0,0.0,0.0
2019-02-19,RS01SUM1-LJ01B-09-PRESTB102,2,True,86400,86400,0,0.0,0.0
2019-02-20,RS01SUM1-LJ01B-09-PRESTB102,2,True,86400,86400,0,0.0,0.0
2019-02-21,RS01SUM1-LJ01B-09-PRESTB102,2,True,86400,86400,0,0.0,0.0
2019-02-22,RS01SUM1-LJ01B-09-PRESTB102,2,True,86400,86400,0,0.0,0.0
2019-02-23,RS01SUM1-LJ01B-09-PRESTB102,2,True,86298,86400,102,0.1181,0.1181
2019-02-24,RS01SUM1-LJ01B-09-PRESTB102,2,True,86400,86400,0,0.0,0.0
2019-02-25,RS01SUM1-LJ01B-09-PRESTB102,2,True,86400,86400,0,0.0,0.0
2019-02-26,RS01SUM1-LJ01B-09-PRESTB102,2,True,86400,86400,0,0.0,0.0
2019-02-27,RS01SUM1-LJ01B-09-PRESTB102,2,True,86400,86400,0,0.0,0.0
2019-02-28,RS01SUM1-LJ01B-09-PRESTB102,2,True,86299,86400,101,0.1169,0.1169
2019-03-01,RS01SUM1-LJ01B-09-PRESTB102,2,True,86400,86400,0,0.0,0.0
2019-03-02,RS01SUM1-LJ01B-09-PRESTB102,2,True,86388,86388,0,0.0,0.0139
2019-03-03,RS01SUM1-LJ01B-09-PRESTB102,2,True,86062,86310,248,0.2873,0.3912
2019-03-04,RS01SUM1-LJ01B-09-PRESTB102,2,True,86400,86400,0,0.0,0.0
2019-03-05,RS01SUM1-LJ01B-09-PRESTB102,2,True,86400,86400,0,0.0,0.0
2019-03-06,RS01SUM1-LJ01B-09-PRESTB102,2,True,86400,86400,0,0.0,0.0
2019-03-07,RS01SUM1-LJ01B-09-PRESTB102,2,True,86294,86400,106,0.1227,0.1227
2019-03-08,RS01SUM1-LJ01B-09-PRESTB102,2,True,86298,86400,102,0.1181,0.1181
2019-03-09,RS01SUM1-LJ01B-09-PRESTB102,2,True,86298,86400,102,0.1181,0.1181
2019-03-10,RS01SUM1-LJ01B-09-PRESTB102,2,True,86298,86400,102,0.1181,0.1181
2019-03-11,RS01SUM1-LJ01B-09-PRESTB102,2,True,86298,86400,102,0.1181,0.1181
2019-03-12,RS01SUM1-LJ01B-09-PRESTB102,2,True,86400,86400,0,0.0,0.0
2019-03-13,RS01SUM1-LJ01B-09-PRESTB102,2,True,86400,86400,0,0.0,0.0
2019-03-14,RS01SUM1-LJ01B-09-PRESTB102,2,True,86400,86400,0,0.0,0.0
2019-03-15,RS01SUM1-LJ01B-09-PRESTB102,2,True,82926,86401,3475,4.0219,4.0208
2019-03-16,RS01SUM1-LJ01B-09-PRESTB102,2,True,86400,86400,0,0.0,0.0
2019-03-17,RS01SUM1-LJ01B-09-PRESTB102,2,True,86386,86400,14,0.0162,0.0162
2019-03-18,RS01SUM1-LJ01B-09-PRESTB102,2,True,86385,86400,15,0.0174,0.0174
2019-03-19,RS01SUM1-LJ01B-09-PRESTB102,2,True,86299,86400,101,0.1169,0.1169
2019-03-20,RS01SUM1-LJ01B-09-PRESTB102,2,True,86400,86400,0,0.0,0.0
2019-03-21,RS01SUM1-LJ01B-09-PRESTB102,2,True,86094,86400,306,0.3542,0.3542
2019-03-22,RS01SUM1-LJ01B-09-PRESTB102,2,True,86298,86400,102,0.1181,0.1181
2019-03-23,RS01SUM1-LJ01B-09-PRESTB102,2,True,86401,86401,0,0.0,0.0
2019-03-24,RS01SUM1-LJ01B-09-PRESTB102,2,True,86361,86400,39,0.0451,0.0451
2019-03-25,RS01SUM1-LJ01B-09-PRESTB102,2,True,86400,86400,0,0.0,0.0
2019-03-26,RS01SUM1-LJ01B-09-PRESTB102,2,True,86196,86400,204,0.2361,0.2361
2019-03-27,RS01SUM1-LJ01B-09-PRESTB102,2,True,86196,86400,204,0.2361,0.2361
2019-03-28,RS01SUM1-LJ01B-09-PRESTB102,2,True,86400,86400,0,0.0,0.0
2019-03-29,RS01SUM1-LJ01B-09-PRESTB102,2,True,86400,86400,0,0.0,0.0
2019-03-30,RS01SUM1-LJ01B-09-PRESTB102,2,True,86400,86400,0,0.0,0.0
2019-03-31,RS01SUM1-LJ01B-09-PRESTB102,2,True,86400,86400,0,0.0,0.0
2019-04-01,RS01SUM1-LJ01B-09-PRESTB102,2,True,86397,86400,3,0.0035,0.0035
2019-04-02,RS01SUM1-LJ01B-09-PRESTB102,2,True,86299,86400,101,0.1169,0.1169
2019-04-03,RS01SUM1-LJ01B-09-PRESTB102,2,True,86400,86400,0,0.0,0.0
2019-04-04,RS01SUM1-LJ01B-09-PRESTB102,2,True,83629,83934,305,0.3634,3.2072
2019-04-05,RS01SUM1-LJ01B-09-PRESTB102,2,True,80790,80790,0,0.0,6.4931
2019-04-06,RS01SUM1-LJ01B-09-PRESTB102,2,True,86042,86347,305,0.3532,0.4144
2019-04-07,RS01SUM1-LJ01B-09-PRESTB102,2,True,86246,86348,102,0.1181,0.1782
2019-04-08,RS01SUM1-LJ01B-09-PRESTB102,2,True,86289,86400,111,0.1285,0.1285
2019-04-09,RS01SUM1-LJ01B-09-PRESTB102,2,True,86178,86400,222,0.2569,0.2569
2019-04-10,RS01SUM1-LJ01B-09-PRESTB102,2,True,86198,86400,202,0.2338,0.2338
2019-04-11,RS01SUM1-LJ01B-09-PRESTB102,2,True,86197,86400,203,0.235,0.235
2019-04-12,RS01SUM1-LJ01B-09-PRESTB102,2,True,85770,86400,630,0.7292,0.7292
2019-04-13,RS01SUM1-LJ01B-09-PRESTB102,2,True,86400,86400,0,0.0,0.0
2019-04-14,RS01SUM1-LJ01B-09-PRESTB102,2,True,86298,86400,102,0.1181,0.1181
2019-04-15,RS01SUM1-LJ01B-09-PRESTB102,2,True,86168,86400,232,0.2685,0.2685
2019-04-16,RS01SUM1-LJ01B-09-PRESTB102,2,True,85892,86400,508,0.588,0.588
2019-04-17,RS01SUM1-LJ01B-09-PRESTB102,2,True,86283,86400,117,0.1354,0.1354
2019-04-18,RS01SUM1-LJ01B-09-PRESTB102,2,True,85877,86399,522,0.6042,0.6053
2019-04-19,RS01SUM1-LJ01B-09-PRESTB102,2,True,85958,86400,442,0.5116,0.5116
2019-04-20,RS01SUM1-LJ01B-09-PRESTB102,2,True,86192,86400,208,0.2407,0.2407
2019-04-21,RS01SUM1-LJ01B-09-PRESTB102,2,True,86192,86400,208,0.2407,0.2407
2019-04-22,RS01SUM1-LJ01B-09-PRESTB102,2,True,85637,86400,763,0.8831,0.8831
2019-04-23,RS01SUM1-LJ01B-09-PRESTB102,2,True,85675,86400,725,0.8391,0.8391
2019-04-24,RS01SUM1-LJ01B-09-PRESTB102,2,True,86090,86400,310,0.3588,0.3588
2019-04-25,RS01SUM1-LJ01B-09-PRESTB102,2,True,86095,86400,305,0.353,0.353
2019-04-26,RS01SUM1-LJ01B-09-PRESTB102,2,True,85220,86400,1180,1.3657,1.3657
2019-04-27,RS01SUM1-LJ01B-09-PRESTB102,2,True,86066,86400,334,0.3866,0.3866
2019-04-28,RS01SUM1-LJ01B-09-PRESTB102,2,True,85543,86400,857,0.9919,0.9919
2019-04-29,RS01SUM1-LJ01B-09-PRESTB102,2,True,85961,86400,439,0.5081,0.5081
2019-04-30,RS01SUM1-LJ01B-09-PRESTB102,2,True,85991,86400,409,0.4734,0.4734
2019-05-01,RS01SUM1-LJ01B-09-PRESTB102,2,True,85865,86400,535,0.6192,0.6192
2019-05-02,RS01SUM1-LJ01B-09-PRESTB102,2,True,85892,86400,508,0.588,0.588
2019-05-03,RS01SUM1-LJ01B-09-PRESTB102,2,True,85316,86400,1084,1.2546,1.2546
2019-05-04,RS01SUM1-LJ01B-09-PRESTB102,2,True,85563,86401,838,0.9699,0.9687
2019-05-05,RS01SUM1-LJ01B-09-PRESTB102,2,True,85247,86399,1152,1.3333,1.3345
2019-05-06,RS01SUM1-LJ01B-09-PRESTB102,2,True,85682,86323,641,0.7426,0.831
2019-05-07,RS01SUM1-LJ01B-09-PRESTB102,2,True,85844,86375,531,0.6148,0.6435
2019-05-08,RS01SUM1-LJ01B-09-PRESTB102,2,True,84857,86400,1543,1.7859,1.7859
2019-05-09,RS01SUM1-LJ01B-09-PRESTB102,2,True,85472,86400,928,1.0741,1.0741
2019-05-10,RS01SUM1-LJ01B-09-PRESTB102,2,True,84991,86400,1409,1.6308,1.6308
2019-05-11,RS01SUM1-LJ01B-09-PRESTB102,2,True,84761,86400,1639,1.897,1.897
2019-05-12,RS01SUM1-LJ01B-09-PRESTB102,2,True,85057,86400,1343,1.5544,1.5544
2019-05-13,RS01SUM1-LJ01B-09-PRESTB102,2,True,85358,86400,1042,1.206,1.206
2019-05-14,RS01SUM1-LJ01B-09-PRESTB102,2,True,84956,86400,1444,1.6713,1.6713
2019-05-15,RS01SUM1-LJ01B-09-PRESTB102,2,True,85053,86400,1347,1.559,1.559
2019-05-16,RS01SUM1-LJ01B-09-PRESTB102,2,True,84724,86400,1676,1.9398,1.9398
2019-05-17,RS01SUM1-LJ01B-09-PRESTB102,2,True,85142,86400,1258,1.456,1.456
2019-05-18,RS01SUM1-LJ01B-09-PRESTB102,2,True,84346,86400,2054,2.3773,2.3773
2019-05-19,RS01SUM1-LJ01B-09-PRESTB102,2,False,0,0,,,
2019-05-20,RS01SUM1-LJ01B-09-PRESTB102,2,True,85032,86400,1368,1.5833,1.5833
2019-05-21,RS01SUM1-LJ01B-09-PRESTB102,2,True,85351,86400,1049,1.2141,1.2141
2019-05-22,RS01SUM1-LJ01B-09-PRESTB102,2,True,84143,86400,2257,2.6123,2.6123
2019-05-23,RS01SUM1-LJ01B-09-PRESTB102,2,True,85124,86400,1276,1.4769,1.4769
2019-05-24,RS01SUM1-LJ01B-09-PRESTB102,2,True,82627,86401,3774,4.368,4.3669
2019-05-25,RS01SUM1-LJ01B-09-PRESTB102,2,True,84828,86400,1572,1.8194,1.8194
2019-05-26,RS01SUM1-LJ01B-09-PRESTB102,2,True,83757,86400,2643,3.059,3.059
2019-05-27,RS01SUM1-LJ01B-09-PRESTB102,2,True,84415,86400,1985,2.2975,2.2975
2019-05-28,RS01SUM1-LJ01B-09-PRESTB102,2,True,83927,86400,2473,2.8623,2.8623
2019-05-29,RS01SUM1-LJ01B-09-PRESTB102,2,True,82610,86400,3790,4.3866,4.3866
2019-05-30,RS01SUM1-LJ01B-09-PRESTB102,2,True,82387,86400,4013,4.6447,4.6447
2019-05-31,RS01SUM1-LJ01B-09-PRESTB102,2,True,83239,86400,3161,3.6586,3.6586
2019-06-01,RS01SUM1-LJ01B-09-PRESTB102,2,True,82358,86400,4042,4.6782,4.6782
2019-06-02,RS01SUM1-LJ01B-09-PRESTB102,2,True,82611,86400,3789,4.3854,4.3854
2019-06-03,RS01SUM1-LJ01B-09-PRESTB102,2,True,83490,86400,2910,3.3681,3.3681
2019-06-04,RS01SUM1-LJ01B-09-PRESTB102,2,True,84173,86400,2227,2.5775,2.5775
2019-06-05,RS01SUM1-LJ01B-09-PRESTB102,2,True,83626,86400,2774,3.2106,3.2106
2019-06-06,RS01SUM1-LJ01B-09-PRESTB102,2,True,83024,86400,3376,3.9074,3.9074
2019-06-07,RS01SUM1-LJ01B-09-PRESTB102,2,True,83937,86400,2463,2.8507,2.8507
2019-06-08,RS01SUM1-LJ01B-09-PRESTB102,2,True,81649,86400,4751,5.4988,5.4988
2019-06-09,RS01SUM1-LJ01B-09-PRESTB102,2,True,82393,86400,4007,4.6377,4.6377
2019-06-10,RS01SUM1-LJ01B-09-PRESTB102,2,True,82781,86400,3619,4.1887,4.1887
2019-06-11,RS01SUM1-LJ01B-09-PRESTB102,2,True,81399,86401,5002,5.7893,5.7882
2019-06-12,RS01SUM1-LJ01B-09-PRESTB102,2,True,77721,86400,8679,10.0451,10.0451
2019-06-13,RS01SUM1-LJ01B-09-PRESTB102,2,True,74453,86302,11849,13.7297,13.8275
2019-06-14,RS01SUM1-LJ01B-09-PRESTB102,2,True,73643,86392,12749,14.7572,14.765
2019-06-15,RS01SUM1-LJ01B-09-PRESTB102,2,True,73500,86400,12900,14.9306,14.9306
2019-06-16,RS01SUM1-LJ01B-09-PRESTB102,2,True,71422,86337,14915,17.2753,17.3356
2019-06-17,RS01SUM1-LJ01B-09-PRESTB102,2,True,71659,86363,14704,17.0258,17.0613
2019-06-18,RS01SUM1-LJ01B-09-PRESTB102,2,True,72134,86400,14266,16.5116,16.5116
2019-06-19,RS01SUM1-LJ01B-09-PRESTB102,2,True,73049,86400,13351,15.4525,15.4525
2019-06-20,RS01SUM1-LJ01B-09-PRESTB102,2,True,72874,86400,13526,15.6551,15.6551
2019-06-21,RS01SUM1-LJ01B-09-PRESTB102,2,True,71999,86400,14401,16.6678,16.6678
2019-06-22,RS01SUM1-LJ01B-09-PRESTB102,2,True,70686,86400,15714,18.1875,18.1875
2019-06-23,RS01SUM1-LJ01B-09-PRESTB102,2,True,68983,86359,17376,20.1207,20.1586
2019-06-24,RS01SUM1-LJ01B-09-PRESTB102,2,True,69117,86334,17217,19.9423,20.0035
2019-06-25,RS01SUM1-LJ01B-09-PRESTB102,2,True,29440,86436,56996,65.9401,65.9259
2019-06-26,RS01SUM1-LJ01B-09-PRESTB102,2,True,86353,86400,47,0.0544,0.0544
2019-06-27,RS01SUM1-LJ01B-09-PRESTB102,2,True,86400,86400,0,0.0,0.0
2019-06-28,RS01SUM1-LJ01B-09-PRESTB102,2,True,86400,86400,0,0.0,0.0
2019-06-29,RS01SUM1-LJ01B-09-PRESTB102,2,True,86400,86400,0,0.0,0.0
2019-06-30,RS01SUM1-LJ01B-09-PRESTB102,2,True,86400,86400,0,0.0,0.0
2019-07-01,RS01SUM1-LJ01B-09-PRESTB102,2,True,86400,86400,0,0.0,0.0
2019-07-02,RS01SUM1-LJ01B-09-PRESTB102,2,True,86400,86400,0,0.0,0.0
2019-07-03,RS01SUM1-LJ01B-09-PRESTB102,2,True,86377,86400,23,0.0266,0.0266
2019-07-04,RS01SUM1-LJ01B-09-PRESTB102,2,True,86400,86400,0,0.0,0.0
2019-07-05,RS01SUM1-LJ01B-09-PRESTB102,2,True,86400,86400,0,0.0,0.0
2019-07-06,RS01SUM1-LJ01B-09-PRESTB102,2,True,86400,86400,0,0.0,0.0
2019-07-07,RS01SUM1-LJ01B-09-PRESTB102,2,True,86400,86400,0,0.0,0.0
2019-07-08,RS01SUM1-LJ01B-09-PRESTB102,2,True,86400,86400,0,0.0,0.0
2019-07-09,RS01SUM1-LJ01B-09-PRESTB102,2,True,86400,86400,0,0.0,0.0
2019-07-10,RS01SUM1-LJ01B-09-PRESTB102,2,True,86400,86400,0,0.0,0.0
2019-07-11,RS01SUM1-LJ01B-09-PRESTB102,2,True,86400,86400,0,0.0,0.0
2019-07-12,RS01SUM1-LJ01B-09-PRESTB102,2,True,86400,86400,0,0.0,0.0
2019-07-13,RS01SUM1-LJ01B-09-PRESTB102,2,True,86400,86400,0,0.0,0.0
2019-07-14,RS01SUM1-LJ01B-09-PRESTB102,2,True,86400,86400,0,0.0,0.0
2019-07-15,RS01SUM1-LJ01B-09-PRESTB102,2,True,86400,86400,0,0.0,0.0
2019-07-16,RS01SUM1-LJ01B-09-PRESTB102,2,True,86400,86400,0,0.0,0.0
2019-07-17,RS01SUM1-LJ01B-09-PRESTB102,2,True,86400,86400,0,0.0,0.0
2019-07-18,RS01SUM1-LJ01B-09-PRESTB102,2,True,86400,86400,0,0.0,0.0
2019-07-19,RS01SUM1-LJ01B-09-PRESTB102,2,True,86400,86400,0,0.0,0.0
2019-07-20,RS01SUM1-LJ01B-09-PRESTB102,2,True,86400,86400,0,0.0,0.0
2019-07-21,RS01SUM1-LJ01B-09-PRESTB102,2,True,86400,86400,0,0.0,0.0
2019-07-22,RS01SUM1-LJ01B-09-PRESTB102,2,True,86400,86400,0,0.0,0.0
2019-07-23,RS01SUM1-LJ01B-09-PRESTB102,2,True,86400,86400,0,0.0,0.0
2019-07-24,RS01SUM1-LJ01B-09-PRESTB102,2,True,86400,86400,0,0.0,0.0
2019-07-25,RS01SUM1-LJ01B-09-PRESTB102,2,True,70850,86406,15556,18.0034,17.9977
2019-07-26,RS01SUM1-LJ01B-09-PRESTB102,2,True,40633,40633,0,0.0,52.9711
2019-07-27,RS01SUM1-LJ01B-09-PRESTB102,2,False,0,0,,,
2019-07-28,RS01SUM1-LJ01B-09-PRESTB102,2,False,0,0,,,
2019-07-29,RS01SUM1-LJ01B-09-PRESTB102,2,True,1000,3501,2501,71.4367,98.8426
2019-07-30,RS01SUM1-LJ01B-09-PRESTB102,2,True,35409,64427,29018,45.0401,59.0174
2019-07-31,RS01SUM1-LJ01B-09-PRESTB102,2,True,86400,86400,0,0.0,0.0
2019-08-01,RS01SUM1-LJ01B-09-PRESTB102,2,True,86400,86400,0,0.0,0.0
2019-08-02,RS01SUM1-LJ01B-09-PRESTB102,2,True,86400,86400,0,0.0,0.0
2019-08-03,RS01SUM1-LJ01B-09-PRESTB102,2,True,86400,86400,0,0.0,0.0
2019-08-04,RS01SUM1-LJ01B-09-PRESTB102,2,True,86400,86400,0,0.0,0.0
2019-08-05,RS01SUM1-LJ01B-09-PRESTB102,2,True,86400,86400,0,0.0,0.0
2019-08-06,RS01SUM1-LJ01B-09-PRESTB102,2,True,79656,86404,6748,7.8098,7.8056
2019-08-07,RS01SUM1-LJ01B-09-PRESTB102,2,True,86400,86400,0,0.0,0.0
2019-08-08,RS01SUM1-LJ01B-09-PRESTB102,2,True,86131,86400,269,0.3113,0.3113
2019-08-09,RS01SUM1-LJ01B-09-PRESTB102,2,True,86400,86400,0,0.0,0.0
2019-08-10,RS01SUM1-LJ01B-09-PRESTB102,2,True,86400,86400,0,0.0,0.0
2019-08-11,RS01SUM1-LJ01B-09-PRESTB102,2,True,86400,86400,0,0.0,0.0
2019-08-12,RS01SUM1-LJ01B-09-PRESTB102,2,True,86400,86400,0,0.0,0.0
2019-08-13,RS01SUM1-LJ01B-09-PRESTB102,2,True,86400,86400,0,0.0,0.0
2019-08-14,RS01SUM1-LJ01B-09-PRESTB102,2,True,86400,86400,0,0.0,0.0
2019-08-15,RS01SUM1-LJ01B-09-PRESTB102,2,True,86400,86400,0,0.0,0.0
2019-08-16,RS01SUM1-LJ01B-09-PRESTB102,2,True,86400,86400,0,0.0,0.0
2019-08-17,RS01SUM1-LJ01B-09-PRESTB102,2,True,86400,86400,0,0.0,0.0
2019-08-18,RS01SUM1-LJ01B-09-PRESTB102,2,True,86400,86400,0,0.0,0.0
2019-08-19,RS01SUM1-LJ01B-09-PRESTB102,2,True,86400,86400,0,0.0,0.0
2019-08-20,RS01SUM1-LJ01B-09-PRESTB102,2,True,86400,86400,0,0.0,0.0
2019-08-21,RS01SUM1-LJ01B-09-PRESTB102,2,True,86400,86400,0,0.0,0.0
2019-08-22,RS01SUM1-LJ01B-09-PRESTB102,2,True,86400,86400,0,0.0,0.0
2019-08-23,RS01SUM1-LJ01B-09-PRESTB102,2,True,86400,86400,0,0.0,0.0
2019-08-24,RS01SUM1-LJ01B-09-PRESTB102,2,True,86400,86400,0,0.0,0.0
2019-08-25,RS01SUM1-LJ01B-09-PRESTB102,2,True,86400,86400,0,0.0,0.0
2019-08-26,RS01SUM1-LJ01B-09-PRESTB102,2,True,86400,86400,0,0.0,0.0
2019-08-27,RS01SUM1-LJ01B-09-PRESTB102,2,True,86400,86400,0,0.0,0.0
2019-08-28,RS01SUM1-LJ01B-09-PRESTB102,2,True,86400,86400,0,0.0,0.0
2019-08-29,RS01SUM1-LJ01B-09-PRESTB102,2,True,86400,86400,0,0.0,0.0
2019-08-30,RS01SUM1-LJ01B-09-PRESTB102,2,True,86400,86400,0,0.0,0.0
2019-08-31,RS01SUM1-LJ01B-09-PRESTB102,2,True,86400,86400,0,0.0,0.0
2019-09-01,RS01SUM1-LJ01B-09-PRESTB102,2,True,86400,86400,0,0.0,0.0
2019-09-02,RS01SUM1-LJ01B-09-PRESTB102,2,True,86400,86400,0,0.0,0.0
2019-09-03,RS01SUM1-LJ01B-09-PRESTB102,2,True,86400,86400,0,0.0,0.0
2019-09-04,RS01SUM1-LJ01B-09-PRESTB102,2,True,86400,86400,0,0.0,0.0
2019-09-05,RS01SUM1-LJ01B-09-PRESTB102,2,True,76314,86404,10090,11.6777,11.6736
2019-09-06,RS01SUM1-LJ01B-09-PRESTB102,2,True,86400,86400,0,0.0,0.0
2019-09-07,RS01SUM1-LJ01B-09-PRESTB102,2,True,86400,86400,0,0.0,0.0
2019-09-08,RS01SUM1-LJ01B-09-PRESTB102,2,True,86400,86400,0,0.0,0.0
2019-09-09,RS01SUM1-LJ01B-09-PRESTB102,2,True,86401,86401,0,0.0,0.0
2019-09-10,RS01SUM1-LJ01B-09-PRESTB102,2,True,85812,86400,588,0.6806,0.6806
2019-09-11,RS01SUM1-LJ01B-09-PRESTB102,2,True,86400,86400,0,0.0,0.0
2019-09-12,RS01SUM1-LJ01B-09-PRESTB102,2,True,86400,86400,0,0.0,0.0
2019-09-13,RS01SUM1-LJ01B-09-PRESTB102,2,True,32194,86423,54229,62.7483,62.7384
2019-09-14,RS01SUM1-LJ01B-09-PRESTB102,2,True,86400,86400,0,0.0,0.0
2019-09-15,RS01SUM1-LJ01B-09-PRESTB102,2,True,86400,86400,0,0.0,0.0
2019-09-16,RS01SUM1-LJ01B-09-PRESTB102,2,True,86400,86400,0,0.0,0.0
2019-09-17,RS01SUM1-LJ01B-09-PRESTB102,2,True,86400,86400,0,0.0,0.0
2019-09-18,RS01SUM1-LJ01B-09-PRESTB102,2,True,86400,86400,0,0.0,0.0
2019-09-19,RS01SUM1-LJ01B-09-PRESTB102,2,True,85455,86400,945,1.0938,1.0938
2019-09-20,RS01SUM1-LJ01B-09-PRESTB102,2,True,86400,86400,0,0.0,0.0
2019-09-21,RS01SUM1-LJ01B-09-PRESTB102,2,True,86400,86400,0,0.0,0.0
2019-09-22,RS01SUM1-LJ01B-09-PRESTB102,2,True,86400,86400,0,0.0,0.0
2019-09-23,RS01SUM1-LJ01B-09-PRESTB102,2,True,86400,86400,0,0.0,0.0
2019-09-24,RS01SUM1-LJ01B-09-PRESTB102,2,True,86400,86400,0,0.0,0.0
2019-09-25,RS01SUM1-LJ01B-09-PRESTB102,2,True,86400,86400,0,0.0,0.0
2019-09-26,RS01SUM1-LJ01B-09-PRESTB102,2,True,86400,86400,0,0.0,0.0
2019-09-27,RS01SUM1-LJ01B-09-PRESTB102,2,True,86400,86400,0,0.0,0.0
2019-09-28,RS01SUM1-LJ01B-09-PRESTB102,2,True,86400,86400,0,0.0,0.0
2019-09-29,RS01SUM1-LJ01B-09-PRESTB102,2,True,86400,86400,0,0.0,0.0
2019-09-30,RS01SUM1-LJ01B-09-PRESTB102,2,True,86400,86400,0,0.0,0.0
2019-10-01,RS01SUM1-LJ01B-09-PRESTB102,2,True,86400,86400,0,0.0,0.0
2019-10-02,RS01SUM1-LJ01B-09-PRESTB102,2,True,86400,86400,0,0.0,0.0
2019-10-03,RS01SUM1-LJ01B-09-PRESTB102,2,True,86400,86400,0,0.0,0.0
2019-10-04,RS01SUM1-LJ01B-09-PRESTB102,2,True,86400,86400,0,0.0,0.0
2019-10-05,RS01SUM1-LJ01B-09-PRESTB102,2,True,86400,86400,0,0.0,0.0
2019-10-06,RS01SUM1-LJ01B-09-PRESTB102,2,True,86400,86400,0,0.0,0.0
2019-10-07,RS01SUM1-LJ01B-09-PRESTB102,2,True,86400,86400,0,0.0,0.0
2019-10-08,RS01SUM1-LJ01B-09-PRESTB102,2,True,86400,86400,0,0.0,0.0
2019-10-09,RS01SUM1-LJ01B-09-PRESTB102,2,True,86400,86400,0,0.0,0.0
2019-10-10,RS01SUM1-LJ01B-09-PRESTB102,2,True,86400,86400,0,0.0,0.0
2019-10-11,RS01SUM1-LJ01B-09-PRESTB102,2,True,56123,86416,30293,35.0549,35.0428
2019-10-12,RS01SUM1-LJ01B-09-PRESTB102,2,True,86400,86400,0,0.0,0.0
2019-10-13,RS01SUM1-LJ01B-09-PRESTB102,2,True,86400,86400,0,0.0,0.0
2019-10-14,RS01SUM1-LJ01B-09-PRESTB102,2,True,86400,86400,0,0.0,0.0
2019-10-15,RS01SUM1-LJ01B-09-PRESTB102,2,True,85558,86400,842,0.9745,0.9745
2019-10-16,RS01SUM1-LJ01B-09-PRESTB102,2,True,86400,86400,0,0.0,0.0
2019-10-17,RS01SUM1-LJ01B-09-PRESTB102,2,True,86400,86400,0,0.0,0.0
2019-10-18,RS01SUM1-LJ01B-09-PRESTB102,2,True,86400,86400,0,0.0,0.0
2019-10-19,RS01SUM1-LJ01B-09-PRESTB102,2,True,86401,86401,0,0.0,0.0
2019-10-20,RS01SUM1-LJ01B-09-PRESTB102,2,True,86400,86400,0,0.0,0.0
2019-10-21,RS01SUM1-LJ01B-09-PRESTB102,2,True,86400,86400,0,0.0,0.0
2019-10-22,RS01SUM1-LJ01B-09-PRESTB102,2,True,86400,86400,0,0.0,0.0
2019-10-23,RS01SUM1-LJ01B-09-PRESTB102,2,True,29892,86421,56529,65.4112,65.4028
2019-10-24,RS01SUM1-LJ01B-09-PRESTB102,2,True,86305,86400,95,0.11,0.11
2019-10-25,RS01SUM1-LJ01B-09-PRESTB102,2,True,86400,86400,0,0.0,0.0
2019-10-26,RS01SUM1-LJ01B-09-PRESTB102,2,True,86400,86400,0,0.0,0.0
2019-10-27,RS01SUM1-LJ01B-09-PRESTB102,2,True,58996,58996,0,0.0,31.7176
2019-10-28,RS01SUM1-LJ01B-09-PRESTB102,2,True,26966,26966,0,0.0,68.7894
2019-10-29,RS01SUM1-LJ01B-09-PRESTB102,2,True,86400,86400,0,0.0,0.0
2019-10-30,RS01SUM1-LJ01B-09-PRESTB102,2,True,86400,86400,0,0.0,0.0
2019-10-31,RS01SUM1-LJ01B-09-PRESTB102,2,True,86400,86400,0,0.0,0.0
2019-11-01,RS01SUM1-LJ01B-09-PRESTB102,2,True,86400,86400,0,0.0,0.0
2019-11-02,RS01SUM1-LJ01B-09-PRESTB102,2,True,86400,86400,0,0.0,0.0
2019-11-03,RS01SUM1-LJ01B-09-PRESTB102,2,True,86400,86400,0,0.0,0.0
2019-11-04,RS01SUM1-LJ01B-09-PRESTB102,2,True,86400,86400,0,0.0,0.0
2019-11-05,RS01SUM1-LJ01B-09-PRESTB102,2,True,86400,86400,0,0.0,0.0
2019-11-06,RS01SUM1-LJ01B-09-PRESTB102,2,True,86400,86400,0,0.0,0.0
2019-11-07,RS01SUM1-LJ01B-09-PRESTB102,2,True,86400,86400,0,0.0,0.0
2019-11-08,RS01SUM1-LJ01B-09-PRESTB102,2,True,86400,86400,0,0.0,0.0
2019-11-09,RS01SUM1-LJ01B-09-PRESTB102,2,True,86400,86400,0,0.0,0.0
2019-11-10,RS01SUM1-LJ01B-09-PRESTB102,2,True,86400,86400,0,0.0,0.0
2019-11-11,RS01SUM1-LJ01B-09-PRESTB102,2,True,86400,86400,0,0.0,0.0
2019-11-12,RS01SUM1-LJ01B-09-PRESTB102,2,True,86400,86400,0,0.0,0.0
2019-11-13,RS01SUM1-LJ01B-09-PRESTB102,2,True,86400,86400,0,0.0,0.0
2019-11-14,RS01SUM1-LJ01B-09-PRESTB102,2,True,86400,86400,0,0.0,0.0
2019-11-15,RS01SUM1-LJ01B-09-PRESTB102,2,True,86400,86401,1,0.0012,0.0
2019-11-16,RS01SUM1-LJ01B-09-PRESTB102,2,True,86400,86400,0,0.0,0.0
2019-11-17,RS01SUM1-LJ01B-09-PRESTB102,2,True,86400,86400,0,0.0,0.0
2019-11-18,RS01SUM1-LJ01B-09-PRESTB102,2,True,86400,86400,0,0.0,0.0
2019-11-19,RS01SUM1-LJ01B-09-PRESTB102,2,True,86400,86400,0,0.0,0.0
2019-11-20,RS01SUM1-LJ01B-09-PRESTB102,2,True,86400,86400,0,0.0,0.0
2019-11-21,RS01SUM1-LJ01B-09-PRESTB102,2,True,86400,86400,0,0.0,0.0
2019-11-22,RS01SUM1-LJ01B-09-PRESTB102,2,True,86400,86400,0,0.0,0.0
2019-11-23,RS01SUM1-LJ01B-09-PRESTB102,2,True,86400,86400,0,0.0,0.0
2019-11-24,RS01SUM1-LJ01B-09-PRESTB102,2,True,86400,86400,0,0.0,0.0
2019-11-25,RS01SUM1-LJ01B-09-PRESTB102,2,True,86400,86400,0,0.0,0.0
2019-11-26,RS01SUM1-LJ01B-09-PRESTB102,2,True,86400,86400,0,0.0,0.0
2019-11-27,RS01SUM1-LJ01B-09-PRESTB102,2,True,86400,86400,0,0.0,0.0
2019-11-28,RS01SUM1-LJ01B-09-PRESTB102,2,True,86400,86400,0,0.0,0.0
2019-11-29,RS01SUM1-LJ01B-09-PRESTB102,2,True,86400,86400,0,0.0,0.0
2019-11-30,RS01SUM1-LJ01B-09-PRESTB102,2,True,86401,86401,0,0.0,0.0
2019-12-01,RS01SUM1-LJ01B-09-PRESTB102,2,True,86400,86400,0,0.0,0.0
2019-12-02,RS01SUM1-LJ01B-09-PRESTB102,2,True,86400,86400,0,0.0,0.0
2019-12-03,RS01SUM1-LJ01B-09-PRESTB102,2,True,86400,86400,0,0.0,0.0
2019-12-04,RS01SUM1-LJ01B-09-PRESTB102,2,True,86400,86400,0,0.0,0.0
2019-12-05,RS01SUM1-LJ01B-09-PRESTB102,2,True,86400,86400,0,0.0,0.0
2019-12-06,RS01SUM1-LJ01B-09-PRESTB102,2,True,86400,86400,0,0.0,0.0
2019-12-07,RS01SUM1-LJ01B-09-PRESTB102,2,True,86400,86400,0,0.0,0.0
2019-12-08,RS01SUM1-LJ01B-09-PRESTB102,2,True,85528,86400,872,1.0093,1.0093
2019-12-09,RS01SUM1-LJ01B-09-PRESTB102,2,True,86400,86400,0,0.0,0.0
2019-12-10,RS01SUM1-LJ01B-09-PRESTB102,2,True,84436,86400,1964,2.2731,2.2731
2019-12-11,RS01SUM1-LJ01B-09-PRESTB102,2,True,86400,86400,0,0.0,0.0
2019-12-12,RS01SUM1-LJ01B-09-PRESTB102,2,True,84832,86400,1568,1.8148,1.8148
2019-12-13,RS01SUM1-LJ01B-09-PRESTB102,2,True,86400,86400,0,0.0,0.0
2019-12-14,RS01SUM1-LJ01B-09-PRESTB102,2,True,86400,86400,0,0.0,0.0
2019-12-15,RS01SUM1-LJ01B-09-PRESTB102,2,True,86400,86400,0,0.0,0.0
2019-12-16,RS01SUM1-LJ01B-09-PRESTB102,2,True,86400,86400,0,0.0,0.0
2019-12-17,RS01SUM1-LJ01B-09-PRESTB102,2,True,86400,86400,0,0.0,0.0
2019-12-18,RS01SUM1-LJ01B-09-PRESTB102,2,True,86400,86400,0,0.0,0.0
2019-12-19,RS01SUM1-LJ01B-09-PRESTB102,2,True,86400,86400,0,0.0,0.0
2019-12-20,RS01SUM1-LJ01B-09-PRESTB102,2,True,86400,86400,0,0.0,0.0
2019-12-21,RS01SUM1-LJ01B-09-PRESTB102,2,True,86400,86400,0,0.0,0.0
2019-12-22,RS01SUM1-LJ01B-09-PRESTB102,2,True,86400,86400,0,0.0,0.0
2019-12-23,RS01SUM1-LJ01B-09-PRESTB102,2,True,86400,86400,0,0.0,0.0
2019-12-24,RS01SUM1-LJ01B-09-PRESTB102,2,True,86400,86400,0,0.0,0.0
2019-12-25,RS01SUM1-LJ01B-09-PRESTB102,2,True,86400,86400,0,0.0,0.0
2019-12-26,RS01SUM1-LJ01B-09-PRESTB102,2,True,86400,86400,0,0.0,0.0
2019-12-27,RS01SUM1-LJ01B-09-PRESTB102,2,True,86400,86400,0,0.0,0.0
2019-12-28,RS01SUM1-LJ01B-09-PRESTB102,2,True,86400,86400,0,0.0,0.0
2019-12-29,RS01SUM1-LJ01B-09-PRESTB102,2,True,86400,86400,0,0.0,0.0
2019-12-30,RS01SUM1-LJ01B-09-PRESTB102,2,True,86400,86400,0,0.0,0.0
2019-12-31,RS01SUM1-LJ01B-09-PRESTB102,2,True,86400,86400,0,0.0,0.0
2020-01-01,RS01SUM1-LJ01B-09-PRESTB102,2,True,86400,86400,0,0.0,0.0
2020-01-02,RS01SUM1-LJ01B-09-PRESTB102,2,True,86400,86400,0,0.0,0.0
2020-01-03,RS01SUM1-LJ01B-09-PRESTB102,2,True,86400,86400,0,0.0,0.0
2020-01-04,RS01SUM1-LJ01B-09-PRESTB102,2,True,86400,86400,0,0.0,0.0
2020-01-05,RS01SUM1-LJ01B-09-PRESTB102,2,True,86400,86400,0,0.0,0.0
2020-01-06,RS01SUM1-LJ01B-09-PRESTB102,2,True,86400,86400,0,0.0,0.0
2020-01-07,RS01SUM1-LJ01B-09-PRESTB102,2,True,86400,86400,0,0.0,0.0
2020-01-08,RS01SUM1-LJ01B-09-PRESTB102,2,True,86400,86400,0,0.0,0.0
2020-01-09,RS01SUM1-LJ01B-09-PRESTB102,2,True,86400,86400,0,0.0,0.0
2020-01-10,RS01SUM1-LJ01B-09-PRESTB102,2,True,85664,86400,736,0.8519,0.8519
2020-01-11,RS01SUM1-LJ01B-09-PRESTB102,2,True,86401,86401,0,0.0,0.0
2020-01-12,RS01SUM1-LJ01B-09-PRESTB102,2,True,86400,86400,0,0.0,0.0
2020-01-13,RS01SUM1-LJ01B-09-PRESTB102,2,True,86400,86400,0,0.0,0.0
2020-01-14,RS01SUM1-LJ01B-09-PRESTB102,2,True,86400,86400,0,0.0,0.0
2020-01-15,RS01SUM1-LJ01B-09-PRESTB102,2,True,84450,86400,1950,2.2569,2.2569
2020-01-16,RS01SUM1-LJ01B-09-PRESTB102,2,True,86400,86400,0,0.0,0.0
2020-01-17,RS01SUM1-LJ01B-09-PRESTB102,2,True,86400,86400,0,0.0,0.0
2020-01-18,RS01SUM1-LJ01B-09-PRESTB102,2,True,86400,86400,0,0.0,0.0
2020-01-19,RS01SUM1-LJ01B-09-PRESTB102,2,True,86400,86400,0,0.0,0.0
2020-01-20,RS01SUM1-LJ01B-09-PRESTB102,2,True,86400,86400,0,0.0,0.0
2020-01-21,RS01SUM1-LJ01B-09-PRESTB102,2,True,86400,86400,0,0.0,0.0
2020-01-22,RS01SUM1-LJ01B-09-PRESTB102,2,True,86400,86400,0,0.0,0.0
2020-01-23,RS01SUM1-LJ01B-09-PRESTB102,2,True,86400,86400,0,0.0,0.0
2020-01-24,RS01SUM1-LJ01B-09-PRESTB102,2,True,86400,86400,0,0.0,0.0
2020-01-25,RS01SUM1-LJ01B-09-PRESTB102,2,True,86400,86400,0,0.0,0.0
2020-01-26,RS01SUM1-LJ01B-09-PRESTB102,2,True,86400,86400,0,0.0,0.0
2020-01-27,RS01SUM1-LJ01B-09-PRESTB102,2,True,86400,86400,0,0.0,0.0
2020-01-28,RS01SUM1-LJ01B-09-PRESTB102,2,True,85754,86400,646,0.7477,0.7477
2020-01-29,RS01SUM1-LJ01B-09-PRESTB102,2,True,86400,86400,0,0.0,0.0
2020-01-30,RS01SUM1-LJ01B-09-PRESTB102,2,True,86400,86400,0,0.0,0.0
2020-01-31,RS01SUM1-LJ01B-09-PRESTB102,2,True,86400,86400,0,0.0,0.0
2020-02-01,RS01SUM1-LJ01B-09-PRESTB102,2,True,86400,86400,0,0.0,0.0
2020-02-02,RS01SUM1-LJ01B-09-PRESTB102,2,True,86400,86400,0,0.0,0.0
2020-02-03,RS01SUM1-LJ01B-09-PRESTB102,2,True,86400,86400,0,0.0,0.0
2020-02-04,RS01SUM1-LJ01B-09-PRESTB102,2,True,86400,86400,0,0.0,0.0
2020-02-05,RS01SUM1-LJ01B-09-PRESTB102,2,True,86400,86400,0,0.0,0.0
2020-02-06,RS01SUM1-LJ01B-09-PRESTB102,2,True,86400,86400,0,0.0,0.0
2020-02-07,RS01SUM1-LJ01B-09-PRESTB102,2,True,86400,86400,0,0.0,0.0
2020-02-08,RS01SUM1-LJ01B-09-PRESTB102,2,True,86400,86400,0,0.0,0.0
2020-02-09,RS01SUM1-LJ01B-09-PRESTB102,2,True,86400,86400,0,0.0,0.0
2020-02-10,RS01SUM1-LJ01B-09-PRESTB102,2,True,86400,86400,0,0.0,0.0
2020-02-11,RS01SUM1-LJ01B-09-PRESTB102,2,True,86400,86400,0,0.0,0.0
2020-02-12,RS01SUM1-LJ01B-09-PRESTB102,2,True,86400,86400,0,0.0,0.0
2020-02-13,RS01SUM1-LJ01B-09-PRESTB102,2,True,86400,86400,0,0.0,0.0
2020-02-14,RS01SUM1-LJ01B-09-PRESTB102,2,True,86400,86400,0,0.0,0.0
2020-02-15,RS01SUM1-LJ01B-09-PRESTB102,2,True,86400,86400,0,0.0,0.0
2020-02-17,RS01SUM1-LJ01B-09-PRESTB102,2,True,86400,86400,0,0.0,0.0
2020-02-18,RS01SUM1-LJ01B-09-PRESTB102,2,True,86400,86400,0,0.0,0.0
2020-02-19,RS01SUM1-LJ01B-09-PRESTB102,2,True,86400,86400,0,0.0,0.0
2020-02-20,RS01SUM1-LJ01B-09-PRESTB102,2,True,85663,86400,737,0.853,0.853
2020-02-21,RS01SUM1-LJ01B-09-PRESTB102,2,True,86400,86400,0,0.0,0.0
2020-02-22,RS01SUM1-LJ01B-09-PRESTB102,2,True,86401,86401,0,0.0,0.0
2020-02-23,RS01SUM1-LJ01B-09-PRESTB102,2,True,86400,86400,0,0.0,0.0
2020-02-24,RS01SUM1-LJ01B-09-PRESTB102,2,True,86400,86400,0,0.0,0.0
2020-02-25,RS01SUM1-LJ01B-09-PRESTB102,2,True,86400,86400,0,0.0,0.0
2020-02-26,RS01SUM1-LJ01B-09-PRESTB102,2,True,86400,86400,0,0.0,0.0
2020-02-27,RS01SUM1-LJ01B-09-PRESTB102,2,True,86400,86400,0,0.0,0.0
2020-02-28,RS01SUM1-LJ01B-09-PRESTB102,2,True,86400,86400,0,0.0,0.0
2020-02-29,RS01SUM1-LJ01B-09-PRESTB102,2,True,85929,86400,471,0.5451,0.5451
2020-03-01,RS01SUM1-LJ01B-09-PRESTB102,2,True,86400,86400,0,0.0,0.0
2020-03-02,RS01SUM1-LJ01B-09-PRESTB102,2,True,86400,86400,0,0.0,0.0
2020-03-03,RS01SUM1-LJ01B-09-PRESTB102,2,True,86400,86400,0,0.0,0.0
2020-03-04,RS01SUM1-LJ01B-09-PRESTB102,2,True,86400,86400,0,0.0,0.0
2020-03-05,RS01SUM1-LJ01B-09-PRESTB102,2,True,86400,86400,0,0.0,0.0
2020-03-06,RS01SUM1-LJ01B-09-PRESTB102,2,True,86400,86400,0,0.0,0.0
2020-03-07,RS01SUM1-LJ01B-09-PRESTB102,2,True,86400,86400,0,0.0,0.0
2020-03-08,RS01SUM1-LJ01B-09-PRESTB102,2,True,86400,86400,0,0.0,0.0
2020-03-09,RS01SUM1-LJ01B-09-PRESTB102,2,True,86400,86400,0,0.0,0.0
2020-03-10,RS01SUM1-LJ01B-09-PRESTB102,2,True,86400,86400,0,0.0,0.0
2020-03-11,RS01SUM1-LJ01B-09-PRESTB102,2,True,86400,86400,0,0.0,0.0
2020-03-12,RS01SUM1-LJ01B-09-PRESTB102,2,True,86400,86400,0,0.0,0.0
2020-03-13,RS01SUM1-LJ01B-09-PRESTB102,2,True,86400,86400,0,0.0,0.0
2020-03-14,RS01SUM1-LJ01B-09-PRESTB102,2,True,85644,86400,756,0.875,0.875
2020-03-15,RS01SUM1-LJ01B-09-PRESTB102,2,True,86400,86400,0,0.0,0.0
2020-03-16,RS01SUM1-LJ01B-09-PRESTB102,2,True,86400,86400,0,0.0,0.0
2020-03-17,RS01SUM1-LJ01B-09-PRESTB102,2,True,86400,86400,0,0.0,0.0
2020-03-18,RS01SUM1-LJ01B-09-PRESTB102,2,True,86400,86400,0,0.0,0.0
2020-03-19,RS01SUM1-LJ01B-09-PRESTB102,2,True,86400,86400,0,0.0,0.0
2020-03-20,RS01SUM1-LJ01B-09-PRESTB102,2,True,86400,86400,0,0.0,0.0
2020-03-21,RS01SUM1-LJ01B-09-PRESTB102,2,True,86400,86400,0,0.0,0.0
2020-03-22,RS01SUM1-LJ01B-09-PRESTB102,2,True,86400,86400,0,0.0,0.0
2020-03-23,RS01SUM1-LJ01B-09-PRESTB102,2,True,86400,86400,0,0.0,0.0
2020-03-24,RS01SUM1-LJ01B-09-PRESTB102,2,True,86400,86400,0,0.0,0.0
2020-03-25,RS01SUM1-LJ01B-09-PRESTB102,2,True,86400,86400,0,0.0,0.0
2020-03-26,RS01SUM1-LJ01B-09-PRESTB102,2,True,86400,86400,0,0.0,0.0
2020-03-27,RS01SUM1-LJ01B-09-PRESTB102,2,True,86400,86400,0,0.0,0.0
2020-03-28,RS01SUM1-LJ01B-09-PRESTB102,2,True,85453,86400,947,1.0961,1.0961
2020-03-29,RS01SUM1-LJ01B-09-PRESTB102,2,True,86400,86400,0,0.0,0.0
2020-03-30,RS01SUM1-LJ01B-09-PRESTB102,2,True,86400,86400,0,0.0,0.0
2020-03-31,RS01SUM1-LJ01B-09-PRESTB102,2,True,86400,86400,0,0.0,0.0
2020-04-01,RS01SUM1-LJ01B-09-PRESTB102,2,True,86400,86400,0,0.0,0.0
2020-04-02,RS01SUM1-LJ01B-09-PRESTB102,2,True,86401,86401,0,0.0,0.0
2020-04-03,RS01SUM1-LJ01B-09-PRESTB102,2,True,86400,86400,0,0.0,0.0
2020-04-04,RS01SUM1-LJ01B-09-PRESTB102,2,True,86400,86400,0,0.0,0.0
2020-04-05,RS01SUM1-LJ01B-09-PRESTB102,2,True,86400,86400,0,0.0,0.0
2020-04-06,RS01SUM1-LJ01B-09-PRESTB102,2,True,86400,86400,0,0.0,0.0
2020-04-07,RS01SUM1-LJ01B-09-PRESTB102,2,True,86400,86400,0,0.0,0.0
2020-04-08,RS01SUM1-LJ01B-09-PRESTB102,2,True,86400,86400,0,0.0,0.0
2020-04-09,RS01SUM1-LJ01B-09-PRESTB102,2,True,86400,86400,0,0.0,0.0
2020-04-10,RS01SUM1-LJ01B-09-PRESTB102,2,True,86400,86400,0,0.0,0.0
2020-04-11,RS01SUM1-LJ01B-09-PRESTB102,2,True,86400,86400,0,0.0,0.0
2020-04-12,RS01SUM1-LJ01B-09-PRESTB102,2,True,86400,86400,0,0.0,0.0
2020-04-13,RS01SUM1-LJ01B-09-PRESTB102,2,True,86400,86400,0,0.0,0.0
2020-04-14,RS01SUM1-LJ01B-09-PRESTB102,2,True,86400,86400,0,0.0,0.0
2020-04-15,RS01SUM1-LJ01B-09-PRESTB102,2,True,86400,86400,0,0.0,0.0
2020-04-16,RS01SUM1-LJ01B-09-PRESTB102,2,True,86400,86400,0,0.0,0.0
2020-04-17,RS01SUM1-LJ01B-09-PRESTB102,2,True,86400,86400,0,0.0,0.0
2020-04-18,RS01SUM1-LJ01B-09-PRESTB102,2,True,86400,86400,0,0.0,0.0
2020-04-19,RS01SUM1-LJ01B-09-PRESTB102,2,True,86400,86400,0,0.0,0.0
2020-04-20,RS01SUM1-LJ01B-09-PRESTB102,2,True,86400,86400,0,0.0,0.0
2020-04-21,RS01SUM1-LJ01B-09-PRESTB102,2,True,86400,86400,0,0.0,0.0
2020-04-22,RS01SUM1-LJ01B-09-PRESTB102,2,True,86400,86400,0,0.0,0.0
2020-04-23,RS01SUM1-LJ01B-09-PRESTB102,2,True,86400,86400,0,0.0,0.0
2020-04-24,RS01SUM1-LJ01B-09-PRESTB102,2,True,86400,86400,0,0.0,0.0
2020-04-25,RS01SUM1-LJ01B-09-PRESTB102,2,True,86400,86400,0,0.0,0.0
2020-04-26,RS01SUM1-LJ01B-09-PRESTB102,2,True,86400,86400,0,0.0,0.0
2020-04-27,RS01SUM1-LJ01B-09-PRESTB102,2,True,86400,86400,0,0.0,0.0
2020-04-28,RS01SUM1-LJ01B-09-PRESTB102,2,True,86400,86400,0,0.0,0.0
2020-04-29,RS01SUM1-LJ01B-09-PRESTB102,2,True,86400,86400,0,0.0,0.0
2020-04-30,RS01SUM1-LJ01B-09-PRESTB102,2,True,86400,86400,0,0.0,0.0
2020-05-01,RS01SUM1-LJ01B-09-PRESTB102,2,True,86400,86400,0,0.0,0.0
2020-05-02,RS01SUM1-LJ01B-09-PRESTB102,2,True,86400,86400,0,0.0,0.0
2020-05-03,RS01SUM1-LJ01B-09-PRESTB102,2,True,86400,86400,0,0.0,0.0
2020-05-04,RS01SUM1-LJ01B-09-PRESTB102,2,True,83356,86400,3044,3.5231,3.5231
2020-05-05,RS01SUM1-LJ01B-09-PRESTB102,2,False,0,0,,,
2020-05-06,RS01SUM1-LJ01B-09-PRESTB102,2,True,86315,86400,85,0.0984,0.0984
2020-05-07,RS01SUM1-LJ01B-09-PRESTB102,2,True,86400,86400,0,0.0,0.0
2020-05-08,RS01SUM1-LJ01B-09-PRESTB102,2,True,86400,86400,0,0.0,0.0
2020-05-09,RS01SUM1-LJ01B-09-PRESTB102,2,True,18949,18949,0,0.0,78.0683
2020-05-10,RS01SUM1-LJ01B-09-PRESTB102,2,False,0,0,,,
2020-05-11,RS01SUM1-LJ01B-09-PRESTB102,2,False,0,0,,,
2020-05-12,RS01SUM1-LJ01B-09-PRESTB102,2,False,0,0,,,
2020-05-13,RS01SUM1-LJ01B-09-PRESTB102,2,False,0,0,,,
2020-05-14,RS01SUM1-LJ01B-09-PRESTB102,2,False,0,0,,,
2020-05-15,RS01SUM1-LJ01B-09-PRESTB102,2,False,0,0,,,
2020-05-16,RS01SUM1-LJ01B-09-PRESTB102,2,False,0,0,,,
2020-05-17,RS01SUM1-LJ01B-09-PRESTB102,2,False,0,0,,,
2020-05-18,RS01SUM1-LJ01B-09-PRESTB102,2,False,0,0,,,
2020-05-19,RS01SUM1-LJ01B-09-PRESTB102,2,False,0,0,,,
2020-05-20,RS01SUM1-LJ01B-09-PRESTB102,2,False,0,0,,,
2020-05-21,RS01SUM1-LJ01B-09-PRESTB102,2,False,0,0,,,
2020-05-22,RS01SUM1-LJ01B-09-PRESTB102,2,False,0,0,,,
2020-05-23,RS01SUM1-LJ01B-09-PRESTB102,2,False,0,0,,,
2020-05-24,RS01SUM1-LJ01B-09-PRESTB102,2,False,0,0,,,
2020-05-25,RS01SUM1-LJ01B-09-PRESTB102,2,False,0,0,,,
2020-05-26,RS01SUM1-LJ01B-09-PRESTB102,2,False,0,0,,,
2020-05-27,RS01SUM1-LJ01B-09-PRESTB102,2,False,0,0,,,
2020-05-28,RS01SUM1-LJ01B-09-PRESTB102,2,False,0,0,,,
2020-05-29,RS01SUM1-LJ01B-09-PRESTB102,2,False,0,0,,,
2020-05-30,RS01SUM1-LJ01B-09-PRESTB102,2,False,0,0,,,
2020-05-31,RS01SUM1-LJ01B-09-PRESTB102,2,False,0,0,,,
2020-06-01,RS01SUM1-LJ01B-09-PRESTB102,2,True,16442,16457,15,0.0911,80.9699
2020-06-02,RS01SUM1-LJ01B-09-PRESTB102,2,True,86400,86400,0,0.0,0.0
2020-06-03,RS01SUM1-LJ01B-09-PRESTB102,2,True,86400,86400,0,0.0,0.0
2020-06-04,RS01SUM1-LJ01B-09-PRESTB102,2,True,86400,86400,0,0.0,0.0
2020-06-05,RS01SUM1-LJ01B-09-PRESTB102,2,True,86400,86400,0,0.0,0.0
2020-06-06,RS01SUM1-LJ01B-09-PRESTB102,2,True,86400,86400,0,0.0,0.0
2020-06-07,RS01SUM1-LJ01B-09-PRESTB102,2,True,86400,86400,0,0.0,0.0
2020-06-08,RS01SUM1-LJ01B-09-PRESTB102,2,True,85869,86400,531,0.6146,0.6146
2020-06-09,RS01SUM1-LJ01B-09-PRESTB102,2,True,86400,86400,0,0.0,0.0
2020-06-10,RS01SUM1-LJ01B-09-PRESTB102,2,True,86400,86400,0,0.0,0.0
2020-06-11,RS01SUM1-LJ01B-09-PRESTB102,2,True,86400,86400,0,0.0,0.0
2020-06-12,RS01SUM1-LJ01B-09-PRESTB102,2,True,86400,86400,0,0.0,0.0
2020-06-13,RS01SUM1-LJ01B-09-PRESTB102,2,True,86400,86400,0,0.0,0.0
2020-06-14,RS01SUM1-LJ01B-09-PRESTB102,2,True,86400,86400,0,0.0,0.0
2020-06-15,RS01SUM1-LJ01B-09-PRESTB102,2,True,86400,86400,0,0.0,0.0
2020-06-16,RS01SUM1-LJ01B-09-PRESTB102,2,True,86400,86400,0,0.0,0.0
2020-06-17,RS01SUM1-LJ01B-09-PRESTB102,2,True,86400,86400,0,0.0,0.0
2020-06-18,RS01SUM1-LJ01B-09-PRESTB102,2,True,86400,86400,0,0.0,0.0
2020-06-19,RS01SUM1-LJ01B-09-PRESTB102,2,True,86400,86400,0,0.0,0.0
2020-06-20,RS01SUM1-LJ01B-09-PRESTB102,2,True,86400,86400,0,0.0,0.0
2020-06-21,RS01SUM1-LJ01B-09-PRESTB102,2,True,86400,86400,0,0.0,0.0
2020-06-22,RS01SUM1-LJ01B-09-PRESTB102,2,True,86400,86400,0,0.0,0.0
2020-06-23,RS01SUM1-LJ01B-09-PRESTB102,2,True,86400,86400,0,0.0,0.0
2020-06-24,RS01SUM1-LJ01B-09-PRESTB102,2,True,86400,86400,0,0.0,0.0
2020-06-25,RS01SUM1-LJ01B-09-PRESTB102,2,True,86400,86400,0,0.0,0.0
2020-06-26,RS01SUM1-LJ01B-09-PRESTB102,2,True,86400,86400,0,0.0,0.0
2020-06-27,RS01SUM1-LJ01B-09-PRESTB102,2,True,86400,86400,0,0.0,0.0
2020-06-28,RS01SUM1-LJ01B-09-PRESTB102,2,True,86400,86400,0,0.0,0.0
2020-06-29,RS01SUM1-LJ01B-09-PRESTB102,2,True,86400,86400,0,0.0,0.0
2020-06-30,RS01SUM1-LJ01B-09-PRESTB102,2,True,86400,86400,0,0.0,0.0
2020-07-01,RS01SUM1-LJ01B-09-PRESTB102,2,True,86401,86401,0,0.0,0.0
2020-07-02,RS01SUM1-LJ01B-09-PRESTB102,2,True,86400,86400,0,0.0,0.0
2020-07-03,RS01SUM1-LJ01B-09-PRESTB102,2,True,86400,86400,0,0.0,0.0
2020-07-04,RS01SUM1-LJ01B-09-PRESTB102,2,True,86400,86400,0,0.0,0.0
2020-07-05,RS01SUM1-LJ01B-09-PRESTB102,2,True,86400,86400,0,0.0,0.0
2020-07-06,RS01SUM1-LJ01B-09-PRESTB102,2,True,86400,86400,0,0.0,0.0
2020-07-07,RS01SUM1-LJ01B-09-PRESTB102,2,True,86400,86400,0,0.0,0.0
2020-07-08,RS01SUM1-LJ01B-09-PRESTB102,2,True,86400,86400,0,0.0,0.0
2020-07-09,RS01SUM1-LJ01B-09-PRESTB102,2,True,86400,86400,0,0.0,0.0
2020-07-10,RS01SUM1-LJ01B-09-PRESTB102,2,True,86400,86400,0,0.0,0.0
2020-07-11,RS01SUM1-LJ01B-09-PRESTB102,2,True,86400,86400,0,0.0,0.0
2020-07-12,RS01SUM1-LJ01B-09-PRESTB102,2,True,86400,86400,0,0.0,0.0
2020-07-13,RS01SUM1-LJ01B-09-PRESTB102,2,False,0,0,,,
2020-07-14,RS01SUM1-LJ01B-09-PRESTB102,2,False,0,0,,,
2020-07-15,RS01SUM1-LJ01B-09-PRESTB102,2,False,0,0,,,
2020-07-16,RS01SUM1-LJ01B-09-PRESTB102,2,False,0,0,,,
2020-07-17,RS01SUM1-LJ01B-09-PRESTB102,2,False,0,0,,,
2020-07-18,RS01SUM1-LJ01B-09-PRESTB102,2,False,0,0,,,
2020-07-19,RS01SUM1-LJ01B-09-PRESTB102,2,False,0,0,,,
2020-07-20,RS01SUM1-LJ01B-09-PRESTB102,2,False,0,0,,,
2020-07-21,RS01SUM1-LJ01B-09-PRESTB102,2,False,0,0,,,
2020-07-22,RS01SUM1-LJ01B-09-PRESTB102,2,False,0,0,,,
2020-07-23,RS01SUM1-LJ01B-09-PRESTB102,2,False,0,0,,,
2020-07-24,RS01SUM1-LJ01B-09-PRESTB102,2,False,0,0,,,
2020-07-25,RS01SUM1-LJ01B-09-PRESTB102,2,False,0,0,,,
2020-07-26,RS01SUM1-LJ01B-09-PRESTB102,2,False,0,0,,,
2020-07-27,RS01SUM1-LJ01B-09-PRESTB102,2,False,0,0,,,
2020-07-28,RS01SUM1-LJ01B-09-PRESTB102,2,False,0,0,,,
2020-07-29,RS01SUM1-LJ01B-09-PRESTB102,2,False,0,0,,,
2020-07-30,RS01SUM1-LJ01B-09-PRESTB102,2,False,0,0,,,
2020-07-31,RS01SUM1-LJ01B-09-PRESTB102,2,False,0,0,,,
2020-08-01,RS01SUM1-LJ01B-09-PRESTB102,2,False,0,0,,,
2020-08-02,RS01SUM1-LJ01B-09-PRESTB102,2,False,0,0,,,
2020-08-03,RS01SUM1-LJ01B-09-PRESTB102,2,False,0,0,,,
2020-08-04,RS01SUM1-LJ01B-09-PRESTB102,2,False,0,0,,,
2020-08-05,RS01SUM1-LJ01B-09-PRESTB102,2,False,0,0,,,
2020-08-06,RS01SUM1-LJ01B-09-PRESTB102,2,False,0,0,,,
2020-08-07,RS01SUM1-LJ01B-09-PRESTB102,2,False,0,0,,,
2020-08-08,RS01SUM1-LJ01B-09-PRESTB102,2,False,0,0,,,
2020-08-09,RS01SUM1-LJ01B-09-PRESTB102,2,False,0,0,,,
2020-08-10,RS01SUM1-LJ01B-09-PRESTB102,2,False,0,0,,,
2020-08-11,RS01SUM1-LJ01B-09-PRESTB102,2,False,0,0,,,
2020-08-12,RS01SUM1-LJ01B-09-PRESTB102,2,False,0,0,,,
2020-08-13,RS01SUM1-LJ01B-09-PRESTB102,2,False,0,0,,,
2020-08-14,RS01SUM1-LJ01B-09-PRESTB102,2,False,0,0,,,
2020-08-15,RS01SUM1-LJ01B-09-PRESTB102,2,False,0,0,,,
2020-08-16,RS01SUM1-LJ01B-09-PRESTB102,2,False,0,0,,,
2020-08-17,RS01SUM1-LJ01B-09-PRESTB102,2,True,86400,86400,0,0.0,0.0
2020-08-18,RS01SUM1-LJ01B-09-PRESTB102,2,True,4999,4999,0,0.0,94.2141
2020-08-19,RS01SUM1-LJ01B-09-PRESTB102,2,False,0,0,,,
2020-08-20,RS01SUM1-LJ01B-09-PRESTB102,2,False,0,0,,,
2020-08-21,RS01SUM1-LJ01B-09-PRESTB102,2,False,0,0,,,
2020-08-22,RS01SUM1-LJ01B-09-PRESTB102,2,False,0,0,,,
2020-08-23,RS01SUM1-LJ01B-09-PRESTB102,2,False,0,0,,,
2020-08-24,RS01SUM1-LJ01B-09-PRESTB102,2,False,0,0,,,
2020-08-25,RS01SUM1-LJ01B-09-PRESTB102,2,False,0,0,,,
2020-08-26,RS01SUM1-LJ01B-09-PRESTB102,2,False,0,0,,,
2020-08-27,RS01SUM1-LJ01B-09-PRESTB102,2,False,0,0,,,
2020-08-28,RS01SUM1-LJ01B-09-PRESTB102,2,False,0,0,,,
2020-08-29,RS01SUM1-LJ01B-09-PRESTB102,2,False,0,0,,,
2020-08-30,RS01SUM1-LJ01B-09-PRESTB102,2,False,0,0,,,
2020-08-31,RS01SUM1-LJ01B-09-PRESTB102,2,False,0,0,,,
2020-09-01,RS01SUM1-LJ01B-09-PRESTB102,2,False,0,0,,,
2020-09-02,RS01SUM1-LJ01B-09-PRESTB102,2,False,0,0,,,
2020-09-03,RS01SUM1-LJ01B-09-PRESTB102,2,False,0,0,,,
2020-09-04,RS01SUM1-LJ01B-09-PRESTB102,2,False,0,0,,,
2020-09-05,RS01SUM1-LJ01B-09-PRESTB102,2,False,0,0,,,
2020-09-06,RS01SUM1-LJ01B-09-PRESTB102,2,False,0,0,,,
2020-09-07,RS01SUM1-LJ01B-09-PRESTB102,2,False,0,0,,,
2020-09-08,RS01SUM1-LJ01B-09-PRESTB102,2,False,0,0,,,
2020-09-09,RS01SUM1-LJ01B-09-PRESTB102,2,False,0,0,,,
2020-09-10,RS01SUM1-LJ01B-09-PRESTB102,2,False,0,0,,,
2020-09-11,RS01SUM1-LJ01B-09-PRESTB102,2,False,0,0,,,
2020-09-12,RS01SUM1-LJ01B-09-PRESTB102,2,False,0,0,,,
2020-09-13,RS01SUM1-LJ01B-09-PRESTB102,2,False,0,0,,,
2020-09-14,RS01SUM1-LJ01B-09-PRESTB102,2,False,0,0,,,
2020-09-15,RS01SUM1-LJ01B-09-PRESTB102,2,False,0,0,,,
2020-09-16,RS01SUM1-LJ01B-09-PRESTB102,2,False,0,0,,,
2020-09-17,RS01SUM1-LJ01B-09-PRESTB102,2,False,0,0,,,
2020-09-18,RS01SUM1-LJ01B-09-PRESTB102,2,False,0,0,,,
2020-09-19,RS01SUM1-LJ01B-09-PRESTB102,2,False,0,0,,,
2020-09-20,RS01SUM1-LJ01B-09-PRESTB102,2,False,0,0,,,
2020-09-21,RS01SUM1-LJ01B-09-PRESTB102,2,False,0,0,,,
2020-09-22,RS01SUM1-LJ01B-09-PRESTB102,2,False,0,0,,,
2020-09-23,RS01SUM1-LJ01B-09-PRESTB102,2,False,0,0,,,
2020-09-24,RS01SUM1-LJ01B-09-PRESTB102,2,False,0,0,,,
2020-09-25,RS01SUM1-LJ01B-09-PRESTB102,2,False,0,0,,,
2020-09-26,RS01SUM1-LJ01B-09-PRESTB102,2,False,0,0,,,
2020-09-27,RS01SUM1-LJ01B-09-PRESTB102,2,False,0,0,,,
2020-09-28,RS01SUM1-LJ01B-09-PRESTB102,2,False,0,0,,,
2020-09-29,RS01SUM1-LJ01B-09-PRESTB102,2,False,0,0,,,
2020-09-30,RS01SUM1-LJ01B-09-PRESTB102,2,False,0,0,,,
2020-10-01,RS01SUM1-LJ01B-09-PRESTB102,2,False,0,0,,,
2020-10-02,RS01SUM1-LJ01B-09-PRESTB102,2,False,0,0,,,
2020-10-03,RS01SUM1-LJ01B-09-PRESTB102,2,False,0,0,,,
2020-10-04,RS01SUM1-LJ01B-09-PRESTB102,2,False,0,0,,,
2020-10-05,RS01SUM1-LJ01B-09-PRESTB102,2,False,0,0,,,
2020-10-06,RS01SUM1-LJ01B-09-PRESTB102,2,False,0,0,,,
2020-10-07,RS01SUM1-LJ01B-09-PRESTB102,2,False,0,0,,,
2020-10-08,RS01SUM1-LJ01B-09-PRESTB102,2,False,0,0,,,
2020-10-09,RS01SUM1-LJ01B-09-PRESTB102,2,False,0,0,,,
2020-10-10,RS01SUM1-LJ01B-09-PRESTB102,2,False,0,0,,,
2020-10-11,RS01SUM1-LJ01B-09-PRESTB102,2,False,0,0,,,
2020-10-12,RS01SUM1-LJ01B-09-PRESTB102,2,False,0,0,,,
2020-10-13,RS01SUM1-LJ01B-09-PRESTB102,2,False,0,0,,,
2020-10-14,RS01SUM1-LJ01B-09-PRESTB102,2,False,0,0,,,
2020-10-15,RS01SUM1-LJ01B-09-PRESTB102,2,False,0,0,,,
2020-10-16,RS01SUM1-LJ01B-09-PRESTB102,2,False,0,0,,,
2020-10-17,RS01SUM1-LJ01B-09-PRESTB102,2,False,0,0,,,
2020-10-18,RS01SUM1-LJ01B-09-PRESTB102,2,False,0,0,,,
2020-10-19,RS01SUM1-LJ01B-09-PRESTB102,2,False,0,0,,,
2020-10-20,RS01SUM1-LJ01B-09-PRESTB102,2,False,0,0,,,
2020-10-21,RS01SUM1-LJ01B-09-PRESTB102,2,False,0,0,,,
2020-10-22,RS01SUM1-LJ01B-09-PRESTB102,2,False,0,0,,,
2020-10-23,RS01SUM1-LJ01B-09-PRESTB102,2,False,0,0,,,
2020-10-24,RS01SUM1-LJ01B-09-PRESTB102,2,False,0,0,,,
2020-10-25,RS01SUM1-LJ01B-09-PRESTB102,2,False,0,0,,,
2020-10-26,RS01SUM1-LJ01B-09-PRESTB102,2,False,0,0,,,
2020-10-27,RS01SUM1-LJ01B-09-PRESTB102,2,False,0,0,,,
2020-10-28,RS01SUM1-LJ01B-09-PRESTB102,2,False,0,0,,,
2020-10-29,RS01SUM1-LJ01B-09-PRESTB102,2,False,0,0,,,
2020-10-30,RS01SUM1-LJ01B-09-PRESTB102,2,False,0,0,,,
2020-10-31,RS01SUM1-LJ01B-09-PRESTB102,2,False,0,0,,,
2020-11-01,RS01SUM1-LJ01B-09-PRESTB102,2,False,0,0,,,
2020-11-02,RS01SUM1-LJ01B-09-PRESTB102,2,False,0,0,,,
2020-11-03,RS01SUM1-LJ01B-09-PRESTB102,2,False,0,0,,,
2020-11-04,RS01SUM1-LJ01B-09-PRESTB102,2,False,0,0,,,
2020-11-05,RS01SUM1-LJ01B-09-PRESTB102,2,False,0,0,,,
2020-11-06,RS01SUM1-LJ01B-09-PRESTB102,2,False,0,0,,,
2020-11-07,RS01SUM1-LJ01B-09-PRESTB102,2,False,0,0,,,
2020-11-08,RS01SUM1-LJ01B-09-PRESTB102,2,False,0,0,,,
2020-11-09,RS01SUM1-LJ01B-09-PRESTB102,2,False,0,0,,,
2020-11-10,RS01SUM1-LJ01B-09-PRESTB102,2,False,0,0,,,
2020-11-11,RS01SUM1-LJ01B-09-PRESTB102,2,False,0,0,,,
2020-11-12,RS01SUM1-LJ01B-09-PRESTB102,2,False,0,0,,,
2020-11-13,RS01SUM1-LJ01B-09-PRESTB102,2,False,0,0,,,
2020-11-14,RS01SUM1-LJ01B-09-PRESTB102,2,False,0,0,,,
2020-11-15,RS01SUM1-LJ01B-09-PRESTB102,2,False,0,0,,,
2020-11-16,RS01SUM1-LJ01B-09-PRESTB102,2,False,0,0,,,
2020-11-17,RS01SUM1-LJ01B-09-PRESTB102,2,False,0,0,,,
2020-11-18,RS01SUM1-LJ01B-09-PRESTB102,2,False,0,0,,,
2020-11-19,RS01SUM1-LJ01B-09-PRESTB102,2,False,0,0,,,
2020-11-20,RS01SUM1-LJ01B-09-PRESTB102,2,False,0,0,,,
2020-11-21,RS01SUM1-LJ01B-09-PRESTB102,2,False,0,0,,,
2020-11-22,RS01SUM1-LJ01B-09-PRESTB102,2,False,0,0,,,
2020-11-23,RS01SUM1-LJ01B-09-PRESTB102,2,False,0,0,,,
2020-11-24,RS01SUM1-LJ01B-09-PRESTB102,2,False,0,0,,,
2020-11-25,RS01SUM1-LJ01B-09-PRESTB102,2,False,0,0,,,
2020-11-26,RS01SUM1-LJ01B-09-PRESTB102,2,False,0,0,,,
2020-11-27,RS01SUM1-LJ01B-09-PRESTB102,2,False,0,0,,,
2020-11-28,RS01SUM1-LJ01B-09-PRESTB102,2,False,0,0,,,
2020-11-29,RS01SUM1-LJ01B-09-PRESTB102,2,False,0,0,,,
2020-11-30,RS01SUM1-LJ01B-09-PRESTB102,2,False,0,0,,,
2020-12-01,RS01SUM1-LJ01B-09-PRESTB102,2,False,0,0,,,
2020-12-02,RS01SUM1-LJ01B-09-PRESTB102,2,False,0,0,,,
2020-12-03,RS01SUM1-LJ01B-09-PRESTB102,2,False,0,0,,,
2020-12-04,RS01SUM1-LJ01B-09-PRESTB102,2,False,0,0,,,
2020-12-05,RS01SUM1-LJ01B-09-PRESTB102,2,False,0,0,,,
2020-12-06,RS01SUM1-LJ01B-09-PRESTB102,2,False,0,0,,,
2020-12-07,RS01SUM1-LJ01B-09-PRESTB102,2,False,0,0,,,
2020-12-08,RS01SUM1-LJ01B-09-PRESTB102,2,False,0,0,,,
2020-12-09,RS01SUM1-LJ01B-09-PRESTB102,2,False,0,0,,,
2020-12-10,RS01SUM1-LJ01B-09-PRESTB102,2,False,0,0,,,
2020-12-11,RS01SUM1-LJ01B-09-PRESTB102,2,False,0,0,,,
2020-12-12,RS01SUM1-LJ01B-09-PRESTB102,2,False,0,0,,,
2020-12-13,RS01SUM1-LJ01B-09-PRESTB102,2,False,0,0,,,
2020-12-14,RS01SUM1-LJ01B-09-PRESTB102,2,False,0,0,,,
2020-12-15,RS01SUM1-LJ01B-09-PRESTB102,2,False,0,0,,,
2020-12-16,RS01SUM1-LJ01B-09-PRESTB102,2,False,0,0,,,
2020-12-17,RS01SUM1-LJ01B-09-PRESTB102,2,False,0,0,,,
2020-12-18,RS01SUM1-LJ01B-09-PRESTB102,2,False,0,0,,,
2020-12-19,RS01SUM1-LJ01B-09-PRESTB102,2,False,0,0,,,
2020-12-20,RS01SUM1-LJ01B-09-PRESTB102,2,False,0,0,,,
2020-12-21,RS01SUM1-LJ01B-09-PRESTB102,2,False,0,0,,,
2020-12-22,RS01SUM1-LJ01B-09-PRESTB102,2,False,0,0,,,
2020-12-23,RS01SUM1-LJ01B-09-PRESTB102,2,False,0,0,,,
2020-12-24,RS01SUM1-LJ01B-09-PRESTB102,2,False,0,0,,,
2020-12-25,RS01SUM1-LJ01B-09-PRESTB102,2,False,0,0,,,
2020-12-26,RS01SUM1-LJ01B-09-PRESTB102,2,False,0,0,,,
2020-12-27,RS01SUM1-LJ01B-09-PRESTB102,2,False,0,0,,,
2020-12-28,RS01SUM1-LJ01B-09-PRESTB102,2,False,0,0,,,
2020-12-29,RS01SUM1-LJ01B-09-PRESTB102,2,False,0,0,,,
2020-12-30,RS01SUM1-LJ01B-09-PRESTB102,2,False,0,0,,,
2020-12-31,RS01SUM1-LJ01B-09-PRESTB102,2,False,0,0,,,
2021-01-01,RS01SUM1-LJ01B-09-PRESTB102,2,False,0,0,,,
2021-01-02,RS01SUM1-LJ01B-09-PRESTB102,2,False,0,0,,,
2021-01-03,RS01SUM1-LJ01B-09-PRESTB102,2,False,0,0,,,
2021-01-04,RS01SUM1-LJ01B-09-PRESTB102,2,False,0,0,,,
2021-01-05,RS01SUM1-LJ01B-09-PRESTB102,2,False,0,0,,,
2021-01-06,RS01SUM1-LJ01B-09-PRESTB102,2,False,0,0,,,
2021-01-07,RS01SUM1-LJ01B-09-PRESTB102,2,False,0,0,,,
2021-01-08,RS01SUM1-LJ01B-09-PRESTB102,2,False,0,0,,,
2021-01-09,RS01SUM1-LJ01B-09-PRESTB102,2,False,0,0,,,
2021-01-10,RS01SUM1-LJ01B-09-PRESTB102,2,False,0,0,,,
2021-01-11,RS01SUM1-LJ01B-09-PRESTB102,2,False,0,0,,,
2021-01-12,RS01SUM1-LJ01B-09-PRESTB102,2,False,0,0,,,
2021-01-13,RS01SUM1-LJ01B-09-PRESTB102,2,False,0,0,,,
2021-01-14,RS01SUM1-LJ01B-09-PRESTB102,2,False,0,0,,,
2021-01-15,RS01SUM1-LJ01B-09-PRESTB102,2,False,0,0,,,
2021-01-16,RS01SUM1-LJ01B-09-PRESTB102,2,False,0,0,,,
2021-01-17,RS01SUM1-LJ01B-09-PRESTB102,2,False,0,0,,,
2021-01-18,RS01SUM1-LJ01B-09-PRESTB102,2,False,0,0,,,
2021-01-19,RS01SUM1-LJ01B-09-PRESTB102,2,False,0,0,,,
2021-01-20,RS01SUM1-LJ01B-09-PRESTB102,2,False,0,0,,,
2021-01-21,RS01SUM1-LJ01B-09-PRESTB102,2,False,0,0,,,
2021-01-22,RS01SUM1-LJ01B-09-PRESTB102,2,False,0,0,,,
2021-01-23,RS01SUM1-LJ01B-09-PRESTB102,2,False,0,0,,,
2021-01-24,RS01SUM1-LJ01B-09-PRESTB102,2,False,0,0,,,
2021-01-25,RS01SUM1-LJ01B-09-PRESTB102,2,False,0,0,,,
2021-01-26,RS01SUM1-LJ01B-09-PRESTB102,2,False,0,0,,,
2021-01-27,RS01SUM1-LJ01B-09-PRESTB102,2,False,0,0,,,
2021-01-28,RS01SUM1-LJ01B-09-PRESTB102,2,False,0,0,,,
2021-01-29,RS01SUM1-LJ01B-09-PRESTB102,2,False,0,0,,,
2021-01-30,RS01SUM1-LJ01B-09-PRESTB102,2,False,0,0,,,
2021-01-31,RS01SUM1-LJ01B-09-PRESTB102,2,False,0,0,,,
2021-02-01,RS01SUM1-LJ01B-09-PRESTB102,2,False,0,0,,,
2021-02-02,RS01SUM1-LJ01B-09-PRESTB102,2,False,0,0,,,
2021-02-03,RS01SUM1-LJ01B-09-PRESTB102,2,False,0,0,,,
2021-02-04,RS01SUM1-LJ01B-09-PRESTB102,2,False,0,0,,,
2021-02-05,RS01SUM1-LJ01B-09-PRESTB102,2,False,0,0,,,
2021-02-06,RS01SUM1-LJ01B-09-PRESTB102,2,False,0,0,,,
2021-02-07,RS01SUM1-LJ01B-09-PRESTB102,2,False,0,0,,,
2021-02-08,RS01SUM1-LJ01B-09-PRESTB102,2,False,0,0,,,
2021-02-09,RS01SUM1-LJ01B-09-PRESTB102,2,False,0,0,,,
2021-02-10,RS01SUM1-LJ01B-09-PRESTB102,2,False,0,0,,,
2021-02-11,RS01SUM1-LJ01B-09-PRESTB102,2,False,0,0,,,
2021-02-12,RS01SUM1-LJ01B-09-PRESTB102,2,False,0,0,,,
2021-02-13,RS01SUM1-LJ01B-09-PRESTB102,2,False,0,0,,,
2021-02-14,RS01SUM1-LJ01B-09-PRESTB102,2,False,0,0,,,
2021-02-15,RS01SUM1-LJ01B-09-PRESTB102,2,False,0,0,,,
2021-02-16,RS01SUM1-LJ01B-09-PRESTB102,2,False,0,0,,,
2021-02-17,RS01SUM1-LJ01B-09-PRESTB102,2,False,0,0,,,
2021-02-18,RS01SUM1-LJ01B-09-PRESTB102,2,False,0,0,,,
2021-02-19,RS01SUM1-LJ01B-09-PRESTB102,2,False,0,0,,,
2021-02-20,RS01SUM1-LJ01B-09-PRESTB102,2,False,0,0,,,
2021-02-21,RS01SUM1-LJ01B-09-PRESTB102,2,False,0,0,,,
2021-02-22,RS01SUM1-LJ01B-09-PRESTB102,2,False,0,0,,,
2021-02-23,RS01SUM1-LJ01B-09-PRESTB102,2,False,0,0,,,
2021-02-24,RS01SUM1-LJ01B-09-PRESTB102,2,False,0,0,,,
2021-02-25,RS01SUM1-LJ01B-09-PRESTB102,2,False,0,0,,,
2021-02-26,RS01SUM1-LJ01B-09-PRESTB102,2,False,0,0,,,
2021-02-27,RS01SUM1-LJ01B-09-PRESTB102,2,False,0,0,,,
2021-02-28,RS01SUM1-LJ01B-09-PRESTB102,2,False,0,0,,,
2021-03-01,RS01SUM1-LJ01B-09-PRESTB102,2,False,0,0,,,
2021-03-02,RS01SUM1-LJ01B-09-PRESTB102,2,False,0,0,,,
2021-03-03,RS01SUM1-LJ01B-09-PRESTB102,2,False,0,0,,,
2021-03-04,RS01SUM1-LJ01B-09-PRESTB102,2,False,0,0,,,
2021-03-05,RS01SUM1-LJ01B-09-PRESTB102,2,False,0,0,,,
2021-03-06,RS01SUM1-LJ01B-09-PRESTB102,2,False,0,0,,,
2021-03-07,RS01SUM1-LJ01B-09-PRESTB102,2,False,0,0,,,
2021-03-08,RS01SUM1-LJ01B-09-PRESTB102,2,False,0,0,,,
2021-03-09,RS01SUM1-LJ01B-09-PRESTB102,2,False,0,0,,,
2021-03-10,RS01SUM1-LJ01B-09-PRESTB102,2,False,0,0,,,
2021-03-11,RS01SUM1-LJ01B-09-PRESTB102,2,False,0,0,,,
2021-03-12,RS01SUM1-LJ01B-09-PRESTB102,2,False,0,0,,,
2021-03-13,RS01SUM1-LJ01B-09-PRESTB102,2,False,0,0,,,
2021-03-14,RS01SUM1-LJ01B-09-PRESTB102,2,False,0,0,,,
2021-03-15,RS01SUM1-LJ01B-09-PRESTB102,2,False,0,0,,,
2021-03-16,RS01SUM1-LJ01B-09-PRESTB102,2,False,0,0,,,
2021-03-17,RS01SUM1-LJ01B-09-PRESTB102,2,False,0,0,,,
2021-03-18,RS01SUM1-LJ01B-09-PRESTB102,2,False,0,0,,,
2021-03-19,RS01SUM1-LJ01B-09-PRESTB102,2,False,0,0,,,
2021-03-20,RS01SUM1-LJ01B-09-PRESTB102,2,False,0,0,,,
2021-03-21,RS01SUM1-LJ01B-09-PRESTB102,2,False,0,0,,,
2021-03-22,RS01SUM1-LJ01B-09-PRESTB102,2,False,0,0,,,
2021-03-23,RS01SUM1-LJ01B-09-PRESTB102,2,False,0,0,,,
2021-03-24,RS01SUM1-LJ01B-09-PRESTB102,2,False,0,0,,,
2021-03-25,RS01SUM1-LJ01B-09-PRESTB102,2,False,0,0,,,
2021-03-26,RS01SUM1-LJ01B-09-PRESTB102,2,False,0,0,,,
2021-03-27,RS01SUM1-LJ01B-09-PRESTB102,2,False,0,0,,,
2021-03-28,RS01SUM1-LJ01B-09-PRESTB102,2,False,0,0,,,
2021-03-29,RS01SUM1-LJ01B-09-PRESTB102,2,False,0,0,,,
2021-03-30,RS01SUM1-LJ01B-09-PRESTB102,2,False,0,0,,,
2021-03-31,RS01SUM1-LJ01B-09-PRESTB102,2,False,0,0,,,
2021-04-01,RS01SUM1-LJ01B-09-PRESTB102,2,False,0,0,,,
2021-04-02,RS01SUM1-LJ01B-09-PRESTB102,2,False,0,0,,,
2021-04-03,RS01SUM1-LJ01B-09-PRESTB102,2,False,0,0,,,
2021-04-04,RS01SUM1-LJ01B-09-PRESTB102,2,False,0,0,,,
2021-04-05,RS01SUM1-LJ01B-09-PRESTB102,2,False,0,0,,,
2021-04-06,RS01SUM1-LJ01B-09-PRESTB102,2,False,0,0,,,
2021-04-07,RS01SUM1-LJ01B-09-PRESTB102,2,False,0,0,,,
2021-04-08,RS01SUM1-LJ01B-09-PRESTB102,2,False,0,0,,,
2021-04-09,RS01SUM1-LJ01B-09-PRESTB102,2,False,0,0,,,
2021-04-10,RS01SUM1-LJ01B-09-PRESTB102,2,False,0,0,,,
2021-04-11,RS01SUM1-LJ01B-09-PRESTB102,2,False,0,0,,,
2021-04-12,RS01SUM1-LJ01B-09-PRESTB102,2,False,0,0,,,
2021-04-13,RS01SUM1-LJ01B-09-PRESTB102,2,False,0,0,,,
2021-04-14,RS01SUM1-LJ01B-09-PRESTB102,2,False,0,0,,,
2021-04-15,RS01SUM1-LJ01B-09-PRESTB102,2,False,0,0,,,
2021-04-16,RS01SUM1-LJ01B-09-PRESTB102,2,False,0,0,,,
2021-04-17,RS01SUM1-LJ01B-09-PRESTB102,2,False,0,0,,,
2021-04-18,RS01SUM1-LJ01B-09-PRESTB102,2,False,0,0,,,
2021-04-19,RS01SUM1-LJ01B-09-PRESTB102,2,False,0,0,,,
2021-04-20,RS01SUM1-LJ01B-09-PRESTB102,2,False,0,0,,,
2021-04-21,RS01SUM1-LJ01B-09-PRESTB102,2,False,0,0,,,
2021-04-22,RS01SUM1-LJ01B-09-PRESTB102,2,False,0,0,,,
2021-04-23,RS01SUM1-LJ01B-09-PRESTB102,2,False,0,0,,,
2021-04-24,RS01SUM1-LJ01B-09-PRESTB102,2,False,0,0,,,
2021-04-25,RS01SUM1-LJ01B-09-PRESTB102,2,False,0,0,,,
2021-04-26,RS01SUM1-LJ01B-09-PRESTB102,2,False,0,0,,,
2021-04-27,RS01SUM1-LJ01B-09-PRESTB102,2,False,0,0,,,
2021-04-28,RS01SUM1-LJ01B-09-PRESTB102,2,False,0,0,,,
2021-04-29,RS01SUM1-LJ01B-09-PRESTB102,2,False,0,0,,,
2021-04-30,RS01SUM1-LJ01B-09-PRESTB102,2,False,0,0,,,
2021-05-01,RS01SUM1-LJ01B-09-PRESTB102,2,False,0,0,,,
2021-05-02,RS01SUM1-LJ01B-09-PRESTB102,2,False,0,0,,,
2021-05-03,RS01SUM1-LJ01B-09-PRESTB102,2,False,0,0,,,
2021-05-04,RS01SUM1-LJ01B-09-PRESTB102,2,False,0,0,,,
2021-05-05,RS01SUM1-LJ01B-09-PRESTB102,2,False,0,0,,,
2021-05-06,RS01SUM1-LJ01B-09-PRESTB102,2,False,0,0,,,
2021-05-07,RS01SUM1-LJ01B-09-PRESTB102,2,False,0,0,,,
2021-05-08,RS01SUM1-LJ01B-09-PRESTB102,2,False,0,0,,,
2021-05-09,RS01SUM1-LJ01B-09-PRESTB102,2,False,0,0,,,
2021-05-10,RS01SUM1-LJ01B-09-PRESTB102,2,False,0,0,,,
2021-05-11,RS01SUM1-LJ01B-09-PRESTB102,2,False,0,0,,,
2021-05-12,RS01SUM1-LJ01B-09-PRESTB102,2,False,0,0,,,
2021-05-13,RS01SUM1-LJ01B-09-PRESTB102,2,False,0,0,,,
2021-05-14,RS01SUM1-LJ01B-09-PRESTB102,2,False,0,0,,,
2021-05-15,RS01SUM1-LJ01B-09-PRESTB102,2,False,0,0,,,
2021-05-16,RS01SUM1-LJ01B-09-PRESTB102,2,False,0,0,,,
2021-05-17,RS01SUM1-LJ01B-09-PRESTB102,2,False,0,0,,,
2021-05-18,RS01SUM1-LJ01B-09-PRESTB102,2,False,0,0,,,
2021-05-19,RS01SUM1-LJ01B-09-PRESTB102,2,False,0,0,,,
2021-05-20,RS01SUM1-LJ01B-09-PRESTB102,2,False,0,0,,,
2021-05-21,RS01SUM1-LJ01B-09-PRESTB102,2,False,0,0,,,
2021-05-22,RS01SUM1-LJ01B-09-PRESTB102,2,False,0,0,,,
2021-05-23,RS01SUM1-LJ01B-09-PRESTB102,2,False,0,0,,,
2021-05-24,RS01SUM1-LJ01B-09-PRESTB102,2,False,0,0,,,
2021-05-25,RS01SUM1-LJ01B-09-PRESTB102,2,False,0,0,,,
2021-05-26,RS01SUM1-LJ01B-09-PRESTB102,2,False,0,0,,,
2021-05-27,RS01SUM1-LJ01B-09-PRESTB102,2,False,0,0,,,
2021-05-28,RS01SUM1-LJ01B-09-PRESTB102,2,False,0,0,,,
2021-05-29,RS01SUM1-LJ01B-09-PRESTB102,2,False,0,0,,,
2021-05-30,RS01SUM1-LJ01B-09-PRESTB102,2,False,0,0,,,
2021-05-31,RS01SUM1-LJ01B-09-PRESTB102,2,False,0,0,,,
2021-06-01,RS01SUM1-LJ01B-09-PRESTB102,2,False,0,0,,,
2021-06-02,RS01SUM1-LJ01B-09-PRESTB102,2,False,0,0,,,
2021-06-03,RS01SUM1-LJ01B-09-PRESTB102,2,False,0,0,,,
2021-06-04,RS01SUM1-LJ01B-09-PRESTB102,2,False,0,0,,,
2021-06-05,RS01SUM1-LJ01B-09-PRESTB102,2,False,0,0,,,
2021-06-06,RS01SUM1-LJ01B-09-PRESTB102,2,False,0,0,,,
2021-06-07,RS01SUM1-LJ01B-09-PRESTB102,2,False,0,0,,,
2021-06-08,RS01SUM1-LJ01B-09-PRESTB102,2,False,0,0,,,
2021-06-09,RS01SUM1-LJ01B-09-PRESTB102,2,False,0,0,,,
2021-06-10,RS01SUM1-LJ01B-09-PRESTB102,2,False,0,0,,,
2021-06-11,RS01SUM1-LJ01B-09-PRESTB102,2,False,0,0,,,
2021-06-12,RS01SUM1-LJ01B-09-PRESTB102,2,False,0,0,,,
2021-06-13,RS01SUM1-LJ01B-09-PRESTB102,2,False,0,0,,,
2021-06-14,RS01SUM1-LJ01B-09-PRESTB102,2,False,0,0,,,
2021-06-15,RS01SUM1-LJ01B-09-PRESTB102,2,False,0,0,,,
2021-06-16,RS01SUM1-LJ01B-09-PRESTB102,2,False,0,0,,,
2021-06-17,RS01SUM1-LJ01B-09-PRESTB102,2,False,0,0,,,
2021-06-18,RS01SUM1-LJ01B-09-PRESTB102,2,False,0,0,,,
2021-06-19,RS01SUM1-LJ01B-09-PRESTB102,2,False,0,0,,,
2021-06-20,RS01SUM1-LJ01B-09-PRESTB102,2,False,0,0,,,
2021-06-21,RS01SUM1-LJ01B-09-PRESTB102,2,False,0,0,,,
2021-06-22,RS01SUM1-LJ01B-09-PRESTB102,2,False,0,0,,,
2021-06-23,RS01SUM1-LJ01B-09-PRESTB102,2,False,0,0,,,
2021-06-24,RS01SUM1-LJ01B-09-PRESTB102,2,False,0,0,,,
2021-06-25,RS01SUM1-LJ01B-09-PRESTB102,2,False,0,0,,,
2021-06-26,RS01SUM1-LJ01B-09-PRESTB102,2,False,0,0,,,
2021-06-27,RS01SUM1-LJ01B-09-PRESTB102,2,False,0,0,,,
2021-06-28,RS01SUM1-LJ01B-09-PRESTB102,2,False,0,0,,,
2021-06-29,RS01SUM1-LJ01B-09-PRESTB102,2,False,0,0,,,
2021-06-30,RS01SUM1-LJ01B-09-PRESTB102,2,False,0,0,,,
2021-07-01,RS01SUM1-LJ01B-09-PRESTB102,2,False,0,0,,,
2021-07-02,RS01SUM1-LJ01B-09-PRESTB102,2,False,0,0,,,
2021-07-03,RS01SUM1-LJ01B-09-PRESTB102,2,False,0,0,,,
2021-07-04,RS01SUM1-LJ01B-09-PRESTB102,2,False,0,0,,,
2021-07-05,RS01SUM1-LJ01B-09-PRESTB102,2,False,0,0,,,
2021-07-06,RS01SUM1-LJ01B-09-PRESTB102,2,False,0,0,,,
2021-07-07,RS01SUM1-LJ01B-09-PRESTB102,2,False,0,0,,,
2021-07-08,RS01SUM1-LJ01B-09-PRESTB102,2,False,0,0,,,
2021-07-09,RS01SUM1-LJ01B-09-PRESTB102,2,False,0,0,,,
2021-07-10,RS01SUM1-LJ01B-09-PRESTB102,2,False,0,0,,,
2021-07-11,RS01SUM1-LJ01B-09-PRESTB102,2,False,0,0,,,
2021-07-12,RS01SUM1-LJ01B-09-PRESTB102,2,False,0,0,,,
2021-07-13,RS01SUM1-LJ01B-09-PRESTB102,2,False,0,0,,,
2021-07-14,RS01SUM1-LJ01B-09-PRESTB102,2,False,0,0,,,
2021-07-15,RS01SUM1-LJ01B-09-PRESTB102,2,False,0,0,,,
2021-07-16,RS01SUM1-LJ01B-09-PRESTB102,2,False,0,0,,,
2021-07-17,RS01SUM1-LJ01B-09-PRESTB102,2,False,0,0,,,
2021-07-18,RS01SUM1-LJ01B-09-PRESTB102,2,False,0,0,,,
2021-07-19,RS01SUM1-LJ01B-09-PRESTB102,2,False,0,0,,,
2021-07-20,RS01SUM1-LJ01B-09-PRESTB102,2,False,0,0,,,
2021-07-21,RS01SUM1-LJ01B-09-PRESTB102,2,False,0,0,,,
2021-07-22,RS01SUM1-LJ01B-09-PRESTB102,2,False,0,0,,,
2021-07-23,RS01SUM1-LJ01B-09-PRESTB102,2,False,0,0,,,
2021-07-24,RS01SUM1-LJ01B-09-PRESTB102,2,False,0,0,,,
2021-07-25,RS01SUM1-LJ01B-09-PRESTB102,2,False,0,0,,,
2021-07-26,RS01SUM1-LJ01B-09-PRESTB102,2,False,0,0,,,
2021-07-27,RS01SUM1-LJ01B-09-PRESTB102,2,False,0,0,,,
2021-07-28,RS01SUM1-LJ01B-09-PRESTB102,2,False,0,0,,,
2021-07-29,RS01SUM1-LJ01B-09-PRESTB102,2,False,0,0,,,
2021-07-30,RS01SUM1-LJ01B-09-PRESTB102,2,False,0,0,,,
2021-07-31,RS01SUM1-LJ01B-09-PRESTB102,2,False,0,0,,,
2021-08-01,RS01SUM1-LJ01B-09-PRESTB102,2,False,0,0,,,
2021-08-02,RS01SUM1-LJ01B-09-PRESTB102,2,False,0,0,,,
2021-08-03,RS01SUM1-LJ01B-09-PRESTB102,2,False,0,0,,,
2021-08-04,RS01SUM1-LJ01B-09-PRESTB102,2,False,0,0,,,
2021-08-05,RS01SUM1-LJ01B-09-PRESTB102,2,False,0,0,,,
2021-08-06,RS01SUM1-LJ01B-09-PRESTB102,2,False,0,0,,,
2021-08-07,RS01SUM1-LJ01B-09-PRESTB102,2,False,0,0,,,
2021-08-08,RS01SUM1-LJ01B-09-PRESTB102,2,False,0,0,,,
2021-08-09,RS01SUM1-LJ01B-09-PRESTB102,2,False,0,0,,,
2021-08-10,RS01SUM1-LJ01B-09-PRESTB102,2,False,0,0,,,
2021-08-11,RS01SUM1-LJ01B-09-PRESTB102,2,False,0,0,,,
2021-08-12,RS01SUM1-LJ01B-09-PRESTB102,2,False,0,0,,,
2021-08-13,RS01SUM1-LJ01B-09-PRESTB102,2,False,0,0,,,
2021-08-14,RS01SUM1-LJ01B-09-PRESTB102,2,False,0,0,,,
2021-08-15,RS01SUM1-LJ01B-09-PRESTB102,2,False,0,0,,,
2021-08-16,RS01SUM1-LJ01B-09-PRESTB102,2,False,0,0,,,
2021-08-17,RS01SUM1-LJ01B-09-PRESTB102,2,False,0,0,,,
2021-08-18,RS01SUM1-LJ01B-09-PRESTB102,2,False,0,0,,,
2021-08-19,RS01SUM1-LJ01B-09-PRESTB102,2,False,0,0,,,
2021-08-20,RS01SUM1-LJ01B-09-PRESTB102,2,False,0,0,,,
2021-08-21,RS01SUM1-LJ01B-09-PRESTB102,2,False,0,0,,,
2021-08-22,RS01SUM1-LJ01B-09-PRESTB102,2,False,0,0,,,
2021-08-23,RS01SUM1-LJ01B-09-PRESTB102,2,False,0,0,,,
2021-08-24,RS01SUM1-LJ01B-09-PRESTB102,2,False,0,0,,,
2021-08-25,RS01SUM1-LJ01B-09-PRESTB102,2,False,0,0,,,
2021-08-26,RS01SUM1-LJ01B-09-PRESTB102,2,False,0,0,,,
2021-08-27,RS01SUM1-LJ01B-09-PRESTB102,2,False,0,0,,,
2021-08-28,RS01SUM1-LJ01B-09-PRESTB102,2,False,0,0,,,
2021-08-29,RS01SUM1-LJ01B-09-PRESTB102,2,False,0,0,,,
2021-08-30,RS01SUM1-LJ01B-09-PRESTB102,2,False,0,0,,,
2021-08-31,RS01SUM1-LJ01B-09-PRESTB102,2,False,0,0,,,
2021-09-01,RS01SUM1-LJ01B-09-PRESTB102,2,False,0,0,,,
2021-09-02,RS01SUM1-LJ01B-09-PRESTB102,2,False,0,0,,,
2021-09-03,RS01SUM1-LJ01B-09-PRESTB102,2,False,0,0,,,
2021-09-04,RS01SUM1-LJ01B-09-PRESTB102,2,False,0,0,,,
2021-09-05,RS01SUM1-LJ01B-09-PRESTB102,2,False,0,0,,,
2021-09-06,RS01SUM1-LJ01B-09-PRESTB102,2,False,0,0,,,
2021-09-07,RS01SUM1-LJ01B-09-PRESTB102,2,False,0,0,,,
2021-09-08,RS01SUM1-LJ01B-09-PRESTB102,2,False,0,0,,,
2021-09-09,RS01SUM1-LJ01B-09-PRESTB102,2,False,0,0,,,
2021-09-10,RS01SUM1-LJ01B-09-PRESTB102,2,False,0,0,,,
2021-09-11,RS01SUM1-LJ01B-09-PRESTB102,2,False,0,0,,,
2021-09-12,RS01SUM1-LJ01B-09-PRESTB102,2,False,0,0,,,
2021-09-13,RS01SUM1-LJ01B-09-PRESTB102,2,False,0,0,,,
2021-09-14,RS01SUM1-LJ01B-09-PRESTB102,2,False,0,0,,,
2021-09-15,RS01SUM1-LJ01B-09-PRESTB102,2,False,0,0,,,
2021-09-16,RS01SUM1-LJ01B-09-PRESTB102,2,False,0,0,,,
2021-09-17,RS01SUM1-LJ01B-09-PRESTB102,2,False,0,0,,,
2021-09-18,RS01SUM1-LJ01B-09-PRESTB102,2,False,0,0,,,
2021-09-19,RS01SUM1-LJ01B-09-PRESTB102,2,False,0,0,,,
2021-09-20,RS01SUM1-LJ01B-09-PRESTB102,2,False,0,0,,,
2021-09-21,RS01SUM1-LJ01B-09-PRESTB102,2,False,0,0,,,
2021-09-22,RS01SUM1-LJ01B-09-PRESTB102,2,False,0,0,,,
2021-09-23,RS01SUM1-LJ01B-09-PRESTB102,2,False,0,0,,,
2021-09-24,RS01SUM1-LJ01B-09-PRESTB102,2,False,0,0,,,
2021-09-25,RS01SUM1-LJ01B-09-PRESTB102,2,False,0,0,,,
2021-09-26,RS01SUM1-LJ01B-09-PRESTB102,2,False,0,0,,,
2021-09-27,RS01SUM1-LJ01B-09-PRESTB102,2,False,0,0,,,
2021-09-28,RS01SUM1-LJ01B-09-PRESTB102,2,False,0,0,,,
2021-09-29,RS01SUM1-LJ01B-09-PRESTB102,2,False,0,0,,,
2021-09-30,RS01SUM1-LJ01B-09-PRESTB102,2,False,0,0,,,
2021-10-01,RS01SUM1-LJ01B-09-PRESTB102,2,False,0,0,,,
2021-10-02,RS01SUM1-LJ01B-09-PRESTB102,2,False,0,0,,,
2021-10-03,RS01SUM1-LJ01B-09-PRESTB102,2,False,0,0,,,
2021-10-04,RS01SUM1-LJ01B-09-PRESTB102,2,False,0,0,,,
2021-10-05,RS01SUM1-LJ01B-09-PRESTB102,2,False,0,0,,,
2021-10-06,RS01SUM1-LJ01B-09-PRESTB102,2,False,0,0,,,
2021-10-07,RS01SUM1-LJ01B-09-PRESTB102,2,False,0,0,,,
2021-10-08,RS01SUM1-LJ01B-09-PRESTB102,2,False,0,0,,,
2021-10-09,RS01SUM1-LJ01B-09-PRESTB102,2,False,0,0,,,
2021-10-10,RS01SUM1-LJ01B-09-PRESTB102,2,False,0,0,,,
2021-10-11,RS01SUM1-LJ01B-09-PRESTB102,2,False,0,0,,,
2021-10-12,RS01SUM1-LJ01B-09-PRESTB102,2,False,0,0,,,
2021-10-13,RS01SUM1-LJ01B-09-PRESTB102,2,False,0,0,,,
2021-10-14,RS01SUM1-LJ01B-09-PRESTB102,2,False,0,0,,,
2021-10-15,RS01SUM1-LJ01B-09-PRESTB102,2,False,0,0,,,
2021-10-16,RS01SUM1-LJ01B-09-PRESTB102,2,False,0,0,,,
2021-10-17,RS01SUM1-LJ01B-09-PRESTB102,2,False,0,0,,,
2021-10-18,RS01SUM1-LJ01B-09-PRESTB102,2,False,0,0,,,
2021-10-19,RS01SUM1-LJ01B-09-PRESTB102,2,False,0,0,,,
2021-10-20,RS01SUM1-LJ01B-09-PRESTB102,2,False,0,0,,,
2021-10-21,RS01SUM1-LJ01B-09-PRESTB102,2,False,0,0,,,
2021-10-22,RS01SUM1-LJ01B-09-PRESTB102,2,False,0,0,,,
2021-10-23,RS01SUM1-LJ01B-09-PRESTB102,2,False,0,0,,,
2021-10-24,RS01SUM1-LJ01B-09-PRESTB102,2,False,0,0,,,
2021-10-25,RS01SUM1-LJ01B-09-PRESTB102,2,False,0,0,,,
2021-10-26,RS01SUM1-LJ01B-09-PRESTB102,2,False,0,0,,,
2021-10-27,RS01SUM1-LJ01B-09-PRESTB102,2,False,0,0,,,
2021-10-28,RS01SUM1-LJ01B-09-PRESTB102,2,False,0,0,,,
2021-10-29,RS01SUM1-LJ01B-09-PRESTB102,2,False,0,0,,,
2021-10-30,RS01SUM1-LJ01B-09-PRESTB102,2,False,0,0,,,
2021-10-31,RS01SUM1-LJ01B-09-PRESTB102,2,False,0,0,,,
2021-11-01,RS01SUM1-LJ01B-09-PRESTB102,2,False,0,0,,,
2021-11-02,RS01SUM1-LJ01B-09-PRESTB102,2,False,0,0,,,
2021-11-03,RS01SUM1-LJ01B-09-PRESTB102,2,False,0,0,,,
2021-11-04,RS01SUM1-LJ01B-09-PRESTB102,2,False,0,0,,,
2021-11-05,RS01SUM1-LJ01B-09-PRESTB102,2,False,0,0,,,
2021-11-06,RS01SUM1-LJ01B-09-PRESTB102,2,False,0,0,,,
2021-11-07,RS01SUM1-LJ01B-09-PRESTB102,2,False,0,0,,,
2021-11-08,RS01SUM1-LJ01B-09-PRESTB102,2,False,0,0,,,
2021-11-09,RS01SUM1-LJ01B-09-PRESTB102,2,False,0,0,,,
2021-11-10,RS01SUM1-LJ01B-09-PRESTB102,2,False,0,0,,,
2021-11-11,RS01SUM1-LJ01B-09-PRESTB102,2,False,0,0,,,
2021-11-12,RS01SUM1-LJ01B-09-PRESTB102,2,False,0,0,,,
2021-11-13,RS01SUM1-LJ01B-09-PRESTB102,2,False,0,0,,,
2021-11-14,RS01SUM1-LJ01B-09-PRESTB102,2,False,0,0,,,
2021-11-15,RS01SUM1-LJ01B-09-PRESTB102,2,False,0,0,,,
2021-11-16,RS01SUM1-LJ01B-09-PRESTB102,2,False,0,0,,,
2021-11-17,RS01SUM1-LJ01B-09-PRESTB102,2,False,0,0,,,
2021-11-18,RS01SUM1-LJ01B-09-PRESTB102,2,False,0,0,,,
2021-11-19,RS01SUM1-LJ01B-09-PRESTB102,2,False,0,0,,,
2021-11-20,RS01SUM1-LJ01B-09-PRESTB102,2,False,0,0,,,
2021-11-21,RS01SUM1-LJ01B-09-PRESTB102,2,False,0,0,,,
2021-11-22,RS01SUM1-LJ01B-09-PRESTB102,2,False,0,0,,,
2021-11-23,RS01SUM1-LJ01B-09-PRESTB102,2,False,0,0,,,
2021-11-24,RS01SUM1-LJ01B-09-PRESTB102,2,False,0,0,,,
2021-11-25,RS01SUM1-LJ01B-09-PRESTB102,2,False,0,0,,,
2021-11-26,RS01SUM1-LJ01B-09-PRESTB102,2,False,0,0,,,
2021-11-27,RS01SUM1-LJ01B-09-PRESTB102,2,False,0,0,,,
2021-11-28,RS01SUM1-LJ01B-09-PRESTB102,2,False,0,0,,,
2021-11-29,RS01SUM1-LJ01B-09-PRESTB102,2,False,0,0,,,
2021-11-30,RS01SUM1-LJ01B-09-PRESTB102,2,False,0,0,,,
2021-12-01,RS01SUM1-LJ01B-09-PRESTB102,2,False,0,0,,,
2021-12-02,RS01SUM1-LJ01B-09-PRESTB102,2,False,0,0,,,
2021-12-03,RS01SUM1-LJ01B-09-PRESTB102,2,False,0,0,,,
2021-12-04,RS01SUM1-LJ01B-09-PRESTB102,2,False,0,0,,,
2021-12-05,RS01SUM1-LJ01B-09-PRESTB102,2,False,0,0,,,
2021-12-06,RS01SUM1-LJ01B-09-PRESTB102,2,False,0,0,,,
2021-12-07,RS01SUM1-LJ01B-09-PRESTB102,2,False,0,0,,,
2021-12-08,RS01SUM1-LJ01B-09-PRESTB102,2,False,0,0,,,
2021-12-09,RS01SUM1-LJ01B-09-PRESTB102,2,False,0,0,,,
2021-12-10,RS01SUM1-LJ01B-09-PRESTB102,2,False,0,0,,,
2021-12-11,RS01SUM1-LJ01B-09-PRESTB102,2,False,0,0,,,
2021-12-12,RS01SUM1-LJ01B-09-PRESTB102,2,False,0,0,,,
2021-12-13,RS01SUM1-LJ01B-09-PRESTB102,2,False,0,0,,,
2021-12-14,RS01SUM1-LJ01B-09-PRESTB102,2,False,0,0,,,
2021-12-15,RS01SUM1-LJ01B-09-PRESTB102,2,False,0,0,,,
2021-12-16,RS01SUM1-LJ01B-09-PRESTB102,2,False,0,0,,,
2021-12-17,RS01SUM1-LJ01B-09-PRESTB102,2,False,0,0,,,
2021-12-18,RS01SUM1-LJ01B-09-PRESTB102,2,False,0,0,,,
2021-12-19,RS01SUM1-LJ01B-09-PRESTB102,2,False,0,0,,,
2021-12-20,RS01SUM1-LJ01B-09-PRESTB102,2,False,0,0,,,
2021-12-21,RS01SUM1-LJ01B-09-PRESTB102,2,False,0,0,,,
2021-12-22,RS01SUM1-LJ01B-09-PRESTB102,2,False,0,0,,,
2021-12-23,RS01SUM1-LJ01B-09-PRESTB102,2,False,0,0,,,
2021-12-24,RS01SUM1-LJ01B-09-PRESTB102,2,False,0,0,,,
2021-12-25,RS01SUM1-LJ01B-09-PRESTB102,2,False,0,0,,,
2021-12-26,RS01SUM1-LJ01B-09-PRESTB102,2,False,0,0,,,
2021-12-27,RS01SUM1-LJ01B-09-PRESTB102,2,False,0,0,,,
2021-12-28,RS01SUM1-LJ01B-09-PRESTB102,2,False,0,0,,,
2021-12-29,RS01SUM1-LJ01B-09-PRESTB102,2,False,0,0,,,
2021-12-30,RS01SUM1-LJ01B-09-PRESTB102,2,False,0,0,,,
2021-12-31,RS01SUM1-LJ01B-09-PRESTB102,2,False,0,0,,,
2022-01-01,RS01SUM1-LJ01B-09-PRESTB102,2,False,0,0,,,
2022-01-02,RS01SUM1-LJ01B-09-PRESTB102,2,False,0,0,,,
2022-01-03,RS01SUM1-LJ01B-09-PRESTB102,2,False,0,0,,,
2022-01-04,RS01SUM1-LJ01B-09-PRESTB102,2,False,0,0,,,
2022-01-05,RS01SUM1-LJ01B-09-PRESTB102,2,False,0,0,,,
2022-01-06,RS01SUM1-LJ01B-09-PRESTB102,2,False,0,0,,,
2022-01-07,RS01SUM1-LJ01B-09-PRESTB102,2,False,0,0,,,
2022-01-08,RS01SUM1-LJ01B-09-PRESTB102,2,False,0,0,,,
2022-01-09,RS01SUM1-LJ01B-09-PRESTB102,2,False,0,0,,,
2022-01-10,RS01SUM1-LJ01B-09-PRESTB102,2,False,0,0,,,
2022-01-11,RS01SUM1-LJ01B-09-PRESTB102,2,False,0,0,,,
2022-01-12,RS01SUM1-LJ01B-09-PRESTB102,2,False,0,0,,,
2022-01-13,RS01SUM1-LJ01B-09-PRESTB102,2,False,0,0,,,
2022-01-14,RS01SUM1-LJ01B-09-PRESTB102,2,False,0,0,,,
2022-01-15,RS01SUM1-LJ01B-09-PRESTB102,2,False,0,0,,,
2022-01-16,RS01SUM1-LJ01B-09-PRESTB102,2,False,0,0,,,
2022-01-17,RS01SUM1-LJ01B-09-PRESTB102,2,False,0,0,,,
2022-01-18,RS01SUM1-LJ01B-09-PRESTB102,2,False,0,0,,,
2022-01-19,RS01SUM1-LJ01B-09-PRESTB102,2,False,0,0,,,
2022-01-20,RS01SUM1-LJ01B-09-PRESTB102,2,False,0,0,,,
2022-01-21,RS01SUM1-LJ01B-09-PRESTB102,2,False,0,0,,,
2022-01-22,RS01SUM1-LJ01B-09-PRESTB102,2,False,0,0,,,
2022-01-23,RS01SUM1-LJ01B-09-PRESTB102,2,False,0,0,,,
2022-01-24,RS01SUM1-LJ01B-09-PRESTB102,2,False,0,0,,,
2022-01-25,RS01SUM1-LJ01B-09-PRESTB102,2,False,0,0,,,
2022-01-26,RS01SUM1-LJ01B-09-PRESTB102,2,False,0,0,,,
2022-01-27,RS01SUM1-LJ01B-09-PRESTB102,2,False,0,0,,,
2022-01-28,RS01SUM1-LJ01B-09-PRESTB102,2,False,0,0,,,
2022-01-29,RS01SUM1-LJ01B-09-PRESTB102,2,False,0,0,,,
2022-01-30,RS01SUM1-LJ01B-09-PRESTB102,2,False,0,0,,,
2022-01-31,RS01SUM1-LJ01B-09-PRESTB102,2,False,0,0,,,
2022-02-01,RS01SUM1-LJ01B-09-PRESTB102,2,False,0,0,,,
2022-02-02,RS01SUM1-LJ01B-09-PRESTB102,2,False,0,0,,,
2022-02-03,RS01SUM1-LJ01B-09-PRESTB102,2,False,0,0,,,
2022-02-04,RS01SUM1-LJ01B-09-PRESTB102,2,False,0,0,,,
2022-02-05,RS01SUM1-LJ01B-09-PRESTB102,2,False,0,0,,,
2022-02-06,RS01SUM1-LJ01B-09-PRESTB102,2,False,0,0,,,
2022-02-07,RS01SUM1-LJ01B-09-PRESTB102,2,False,0,0,,,
2022-02-08,RS01SUM1-LJ01B-09-PRESTB102,2,False,0,0,,,
2022-02-09,RS01SUM1-LJ01B-09-PRESTB102,2,False,0,0,,,
2022-02-10,RS01SUM1-LJ01B-09-PRESTB102,2,False,0,0,,,
2022-02-11,RS01SUM1-LJ01B-09-PRESTB102,2,False,0,0,,,
2022-02-12,RS01SUM1-LJ01B-09-PRESTB102,2,False,0,0,,,
2022-02-13,RS01SUM1-LJ01B-09-PRESTB102,2,False,0,0,,,
2022-02-14,RS01SUM1-LJ01B-09-PRESTB102,2,False,0,0,,,
2022-02-15,RS01SUM1-LJ01B-09-PRESTB102,2,False,0,0,,,
2022-02-16,RS01SUM1-LJ01B-09-PRESTB102,2,False,0,0,,,
2022-02-17,RS01SUM1-LJ01B-09-PRESTB102,2,False,0,0,,,
2022-02-18,RS01SUM1-LJ01B-09-PRESTB102,2,False,0,0,,,
2022-02-19,RS01SUM1-LJ01B-09-PRESTB102,2,False,0,0,,,
2022-02-20,RS01SUM1-LJ01B-09-PRESTB102,2,False,0,0,,,
2022-02-21,RS01SUM1-LJ01B-09-PRESTB102,2,False,0,0,,,
2022-02-22,RS01SUM1-LJ01B-09-PRESTB102,2,False,0,0,,,
2022-02-23,RS01SUM1-LJ01B-09-PRESTB102,2,False,0,0,,,
2022-02-24,RS01SUM1-LJ01B-09-PRESTB102,2,False,0,0,,,
2022-02-25,RS01SUM1-LJ01B-09-PRESTB102,2,False,0,0,,,
2022-02-26,RS01SUM1-LJ01B-09-PRESTB102,2,False,0,0,,,
2022-02-27,RS01SUM1-LJ01B-09-PRESTB102,2,False,0,0,,,
2022-02-28,RS01SUM1-LJ01B-09-PRESTB102,2,False,0,0,,,
2022-03-01,RS01SUM1-LJ01B-09-PRESTB102,2,False,0,0,,,
2022-03-02,RS01SUM1-LJ01B-09-PRESTB102,2,False,0,0,,,
2022-03-03,RS01SUM1-LJ01B-09-PRESTB102,2,False,0,0,,,
2022-03-04,RS01SUM1-LJ01B-09-PRESTB102,2,False,0,0,,,
2022-03-05,RS01SUM1-LJ01B-09-PRESTB102,2,False,0,0,,,
2022-03-06,RS01SUM1-LJ01B-09-PRESTB102,2,False,0,0,,,
2022-03-07,RS01SUM1-LJ01B-09-PRESTB102,2,False,0,0,,,
2022-03-08,RS01SUM1-LJ01B-09-PRESTB102,2,False,0,0,,,
2022-03-09,RS01SUM1-LJ01B-09-PRESTB102,2,False,0,0,,,
2022-03-10,RS01SUM1-LJ01B-09-PRESTB102,2,False,0,0,,,
2022-03-11,RS01SUM1-LJ01B-09-PRESTB102,2,False,0,0,,,
2022-03-12,RS01SUM1-LJ01B-09-PRESTB102,2,False,0,0,,,
2022-03-13,RS01SUM1-LJ01B-09-PRESTB102,2,False,0,0,,,
2022-03-14,RS01SUM1-LJ01B-09-PRESTB102,2,False,0,0,,,
2022-03-15,RS01SUM1-LJ01B-09-PRESTB102,2,False,0,0,,,
2022-03-16,RS01SUM1-LJ01B-09-PRESTB102,2,False,0,0,,,
2022-03-17,RS01SUM1-LJ01B-09-PRESTB102,2,False,0,0,,,
2022-03-18,RS01SUM1-LJ01B-09-PRESTB102,2,False,0,0,,,
2022-03-19,RS01SUM1-LJ01B-09-PRESTB102,2,False,0,0,,,
2022-03-20,RS01SUM1-LJ01B-09-PRESTB102,2,False,0,0,,,
2022-03-21,RS01SUM1-LJ01B-09-PRESTB102,2,False,0,0,,,
2022-03-22,RS01SUM1-LJ01B-09-PRESTB102,2,False,0,0,,,
2022-03-23,RS01SUM1-LJ01B-09-PRESTB102,2,False,0,0,,,
2022-03-24,RS01SUM1-LJ01B-09-PRESTB102,2,False,0,0,,,
2022-03-25,RS01SUM1-LJ01B-09-PRESTB102,2,False,0,0,,,
2022-03-26,RS01SUM1-LJ01B-09-PRESTB102,2,False,0,0,,,
2022-03-27,RS01SUM1-LJ01B-09-PRESTB102,2,False,0,0,,,
2022-03-28,RS01SUM1-LJ01B-09-PRESTB102,2,False,0,0,,,
2022-03-29,RS01SUM1-LJ01B-09-PRESTB102,2,False,0,0,,,
2022-03-30,RS01SUM1-LJ01B-09-PRESTB102,2,False,0,0,,,
2022-03-31,RS01SUM1-LJ01B-09-PRESTB102,2,False,0,0,,,
2022-04-01,RS01SUM1-LJ01B-09-PRESTB102,2,False,0,0,,,
2022-04-02,RS01SUM1-LJ01B-09-PRESTB102,2,False,0,0,,,
2022-04-03,RS01SUM1-LJ01B-09-PRESTB102,2,False,0,0,,,
2022-04-04,RS01SUM1-LJ01B-09-PRESTB102,2,False,0,0,,,
2022-04-05,RS01SUM1-LJ01B-09-PRESTB102,2,False,0,0,,,
2022-04-06,RS01SUM1-LJ01B-09-PRESTB102,2,False,0,0,,,
2022-04-07,RS01SUM1-LJ01B-09-PRESTB102,2,False,0,0,,,
2022-04-08,RS01SUM1-LJ01B-09-PRESTB102,2,False,0,0,,,
2022-04-09,RS01SUM1-LJ01B-09-PRESTB102,2,False,0,0,,,
2022-04-10,RS01SUM1-LJ01B-09-PRESTB102,2,False,0,0,,,
2022-04-11,RS01SUM1-LJ01B-09-PRESTB102,2,False,0,0,,,
2022-04-12,RS01SUM1-LJ01B-09-PRESTB102,2,False,0,0,,,
2022-04-13,RS01SUM1-LJ01B-09-PRESTB102,2,False,0,0,,,
2022-04-14,RS01SUM1-LJ01B-09-PRESTB102,2,False,0,0,,,
2022-04-15,RS01SUM1-LJ01B-09-PRESTB102,2,False,0,0,,,
2022-04-16,RS01SUM1-LJ01B-09-PRESTB102,2,False,0,0,,,
2022-04-17,RS01SUM1-LJ01B-09-PRESTB102,2,False,0,0,,,
2022-04-18,RS01SUM1-LJ01B-09-PRESTB102,2,False,0,0,,,
2022-04-19,RS01SUM1-LJ01B-09-PRESTB102,2,False,0,0,,,
2022-04-20,RS01SUM1-LJ01B-09-PRESTB102,2,False,0,0,,,
2022-04-21,RS01SUM1-LJ01B-09-PRESTB102,2,False,0,0,,,
2022-04-22,RS01SUM1-LJ01B-09-PRESTB102,2,False,0,0,,,
2022-04-23,RS01SUM1-LJ01B-09-PRESTB102,2,False,0,0,,,
2022-04-24,RS01SUM1-LJ01B-09-PRESTB102,2,False,0,0,,,
2022-04-25,RS01SUM1-LJ01B-09-PRESTB102,2,False,0,0,,,
2022-04-26,RS01SUM1-LJ01B-09-PRESTB102,2,False,0,0,,,
2022-04-27,RS01SUM1-LJ01B-09-PRESTB102,2,False,0,0,,,
2022-04-28,RS01SUM1-LJ01B-09-PRESTB102,2,False,0,0,,,
2022-04-29,RS01SUM1-LJ01B-09-PRESTB102,2,False,0,0,,,
2022-04-30,RS01SUM1-LJ01B-09-PRESTB102,2,False,0,0,,,
2022-05-01,RS01SUM1-LJ01B-09-PRESTB102,2,False,0,0,,,
2022-05-02,RS01SUM1-LJ01B-09-PRESTB102,2,False,0,0,,,
2022-05-03,RS01SUM1-LJ01B-09-PRESTB102,2,False,0,0,,,
2022-05-04,RS01SUM1-LJ01B-09-PRESTB102,2,False,0,0,,,
2022-05-05,RS01SUM1-LJ01B-09-PRESTB102,2,False,0,0,,,
2022-05-06,RS01SUM1-LJ01B-09-PRESTB102,2,False,0,0,,,
2022-05-07,RS01SUM1-LJ01B-09-PRESTB102,2,False,0,0,,,
2022-05-08,RS01SUM1-LJ01B-09-PRESTB102,2,False,0,0,,,
2022-05-09,RS01SUM1-LJ01B-09-PRESTB102,2,False,0,0,,,
2022-05-10,RS01SUM1-LJ01B-09-PRESTB102,2,False,0,0,,,
2022-05-11,RS01SUM1-LJ01B-09-PRESTB102,2,False,0,0,,,
2022-05-12,RS01SUM1-LJ01B-09-PRESTB102,2,False,0,0,,,
2022-05-13,RS01SUM1-LJ01B-09-PRESTB102,2,False,0,0,,,
2022-05-14,RS01SUM1-LJ01B-09-PRESTB102,2,False,0,0,,,
2022-05-15,RS01SUM1-LJ01B-09-PRESTB102,2,False,0,0,,,
2022-05-16,RS01SUM1-LJ01B-09-PRESTB102,2,False,0,0,,,
2022-05-17,RS01SUM1-LJ01B-09-PRESTB102,2,False,0,0,,,
2022-05-18,RS01SUM1-LJ01B-09-PRESTB102,2,False,0,0,,,
2022-05-19,RS01SUM1-LJ01B-09-PRESTB102,2,False,0,0,,,
2022-05-20,RS01SUM1-LJ01B-09-PRESTB102,2,False,0,0,,,
2022-05-21,RS01SUM1-LJ01B-09-PRESTB102,2,False,0,0,,,
2022-05-22,RS01SUM1-LJ01B-09-PRESTB102,2,False,0,0,,,
2022-05-23,RS01SUM1-LJ01B-09-PRESTB102,2,False,0,0,,,
2022-05-24,RS01SUM1-LJ01B-09-PRESTB102,2,False,0,0,,,
2022-05-25,RS01SUM1-LJ01B-09-PRESTB102,2,False,0,0,,,
2022-05-26,RS01SUM1-LJ01B-09-PRESTB102,2,False,0,0,,,
2022-05-27,RS01SUM1-LJ01B-09-PRESTB102,2,False,0,0,,,
2022-05-28,RS01SUM1-LJ01B-09-PRESTB102,2,False,0,0,,,
2022-05-29,RS01SUM1-LJ01B-09-PRESTB102,2,False,0,0,,,
2022-05-30,RS01SUM1-LJ01B-09-PRESTB102,2,False,0,0,,,
2022-05-31,RS01SUM1-LJ01B-09-PRESTB102,2,False,0,0,,,
2022-06-01,RS01SUM1-LJ01B-09-PRESTB102,2,False,0,0,,,
2022-06-02,RS01SUM1-LJ01B-09-PRESTB102,2,False,0,0,,,
2022-06-03,RS01SUM1-LJ01B-09-PRESTB102,2,False,0,0,,,
2022-06-04,RS01SUM1-LJ01B-09-PRESTB102,2,False,0,0,,,
2022-06-05,RS01SUM1-LJ01B-09-PRESTB102,2,False,0,0,,,
2022-06-06,RS01SUM1-LJ01B-09-PRESTB102,2,False,0,0,,,
2022-06-07,RS01SUM1-LJ01B-09-PRESTB102,2,False,0,0,,,
2022-06-08,RS01SUM1-LJ01B-09-PRESTB102,2,False,0,0,,,
2022-06-09,RS01SUM1-LJ01B-09-PRESTB102,2,False,0,0,,,
2022-06-10,RS01SUM1-LJ01B-09-PRESTB102,2,False,0,0,,,
2022-06-11,RS01SUM1-LJ01B-09-PRESTB102,2,False,0,0,,,
2022-06-12,RS01SUM1-LJ01B-09-PRESTB102,2,False,0,0,,,
2022-06-13,RS01SUM1-LJ01B-09-PRESTB102,2,False,0,0,,,
2022-06-14,RS01SUM1-LJ01B-09-PRESTB102,2,False,0,0,,,
2022-06-15,RS01SUM1-LJ01B-09-PRESTB102,2,False,0,0,,,
2022-06-16,RS01SUM1-LJ01B-09-PRESTB102,2,False,0,0,,,
2022-06-17,RS01SUM1-LJ01B-09-PRESTB102,2,False,0,0,,,
2022-06-18,RS01SUM1-LJ01B-09-PRESTB102,2,False,0,0,,,
2022-06-19,RS01SUM1-LJ01B-09-PRESTB102,2,False,0,0,,,
2022-06-20,RS01SUM1-LJ01B-09-PRESTB102,2,False,0,0,,,
2022-06-21,RS01SUM1-LJ01B-09-PRESTB102,2,False,0,0,,,
2022-06-22,RS01SUM1-LJ01B-09-PRESTB102,2,False,0,0,,,
2022-06-23,RS01SUM1-LJ01B-09-PRESTB102,2,False,0,0,,,
2022-06-24,RS01SUM1-LJ01B-09-PRESTB102,2,False,0,0,,,
2022-06-25,RS01SUM1-LJ01B-09-PRESTB102,2,False,0,0,,,
2022-06-26,RS01SUM1-LJ01B-09-PRESTB102,2,False,0,0,,,
2022-06-27,RS01SUM1-LJ01B-09-PRESTB102,2,False,0,0,,,
2022-06-28,RS01SUM1-LJ01B-09-PRESTB102,2,False,0,0,,,
2022-06-29,RS01SUM1-LJ01B-09-PRESTB102,2,False,0,0,,,
2022-06-30,RS01SUM1-LJ01B-09-PRESTB102,2,False,0,0,,,
2022-07-01,RS01SUM1-LJ01B-09-PRESTB102,2,False,0,0,,,
2022-07-02,RS01SUM1-LJ01B-09-PRESTB102,2,False,0,0,,,
2022-07-03,RS01SUM1-LJ01B-09-PRESTB102,2,False,0,0,,,
2022-07-04,RS01SUM1-LJ01B-09-PRESTB102,2,False,0,0,,,
2022-07-05,RS01SUM1-LJ01B-09-PRESTB102,2,False,0,0,,,
2022-07-06,RS01SUM1-LJ01B-09-PRESTB102,2,False,0,0,,,
2022-07-07,RS01SUM1-LJ01B-09-PRESTB102,2,False,0,0,,,
2022-07-08,RS01SUM1-LJ01B-09-PRESTB102,2,False,0,0,,,
2022-07-09,RS01SUM1-LJ01B-09-PRESTB102,2,False,0,0,,,
2022-07-10,RS01SUM1-LJ01B-09-PRESTB102,2,False,0,0,,,
2022-07-11,RS01SUM1-LJ01B-09-PRESTB102,2,False,0,0,,,
2022-07-12,RS01SUM1-LJ01B-09-PRESTB102,2,False,0,0,,,
2022-07-13,RS01SUM1-LJ01B-09-PRESTB102,2,False,0,0,,,
2022-07-14,RS01SUM1-LJ01B-09-PRESTB102,2,False,0,0,,,
2022-07-15,RS01SUM1-LJ01B-09-PRESTB102,2,False,0,0,,,
2022-07-16,RS01SUM1-LJ01B-09-PRESTB102,2,False,0,0,,,
2022-07-17,RS01SUM1-LJ01B-09-PRESTB102,2,False,0,0,,,
2022-07-18,RS01SUM1-LJ01B-09-PRESTB102,2,False,0,0,,,
2022-07-19,RS01SUM1-LJ01B-09-PRESTB102,2,False,0,0,,,
2022-07-20,RS01SUM1-LJ01B-09-PRESTB102,2,False,0,0,,,
2022-07-21,RS01SUM1-LJ01B-09-PRESTB102,2,False,0,0,,,
2022-07-22,RS01SUM1-LJ01B-09-PRESTB102,2,False,0,0,,,
2022-07-23,RS01SUM1-LJ01B-09-PRESTB102,2,False,0,0,,,
2022-07-24,RS01SUM1-LJ01B-09-PRESTB102,2,False,0,0,,,
2022-07-25,RS01SUM1-LJ01B-09-PRESTB102,2,False,0,0,,,
2022-07-26,RS01SUM1-LJ01B-09-PRESTB102,2,False,0,0,,,
2022-07-27,RS01SUM1-LJ01B-09-PRESTB102,2,False,0,0,,,
2022-07-28,RS01SUM1-LJ01B-09-PRESTB102,2,False,0,0,,,
2022-07-29,RS01SUM1-LJ01B-09-PRESTB102,2,False,0,0,,,
2022-07-30,RS01SUM1-LJ01B-09-PRESTB102,2,False,0,0,,,
2022-07-31,RS01SUM1-LJ01B-09-PRESTB102,2,False,0,0,,,
2022-08-01,RS01SUM1-LJ01B-09-PRESTB102,2,False,0,0,,,
2022-08-02,RS01SUM1-LJ01B-09-PRESTB102,2,False,0,0,,,
2022-08-03,RS01SUM1-LJ01B-09-PRESTB102,2,False,0,0,,,
2022-08-04,RS01SUM1-LJ01B-09-PRESTB102,2,False,0,0,,,
2022-08-05,RS01SUM1-LJ01B-09-PRESTB102,2,False,0,0,,,
2022-08-06,RS01SUM1-LJ01B-09-PRESTB102,2,False,0,0,,,
2022-08-07,RS01SUM1-LJ01B-09-PRESTB102,2,False,0,0,,,
2022-08-08,RS01SUM1-LJ01B-09-PRESTB102,2,False,0,0,,,
2022-08-09,RS01SUM1-LJ01B-09-PRESTB102,2,False,0,0,,,
2022-08-10,RS01SUM1-LJ01B-09-PRESTB102,2,False,0,0,,,
2022-08-11,RS01SUM1-LJ01B-09-PRESTB102,2,False,0,0,,,
2022-08-12,RS01SUM1-LJ01B-09-PRESTB102,2,False,0,0,,,
2022-08-13,RS01SUM1-LJ01B-09-PRESTB102,2,True,82615,82615,0,0.0,4.3808
2022-08-14,RS01SUM1-LJ01B-09-PRESTB102,2,True,86400,86400,0,0.0,0.0
2022-08-15,RS01SUM1-LJ01B-09-PRESTB102,2,True,86400,86400,0,0.0,0.0
2022-08-16,RS01SUM1-LJ01B-09-PRESTB102,2,True,86400,86400,0,0.0,0.0
2022-08-17,RS01SUM1-LJ01B-09-PRESTB102,2,True,86400,86400,0,0.0,0.0
2022-08-18,RS01SUM1-LJ01B-09-PRESTB102,2,True,86400,86400,0,0.0,0.0
2022-08-19,RS01SUM1-LJ01B-09-PRESTB102,2,True,80821,80821,0,0.0,6.4572
2022-08-20,RS01SUM1-LJ01B-09-PRESTB102,2,True,65152,65169,17,0.0261,24.5926
2022-08-21,RS01SUM1-LJ01B-09-PRESTB102,2,True,86400,86400,0,0.0,0.0
2022-08-22,RS01SUM1-LJ01B-09-PRESTB102,2,True,86400,86400,0,0.0,0.0
2022-08-23,RS01SUM1-LJ01B-09-PRESTB102,2,True,86400,86400,0,0.0,0.0
2022-08-24,RS01SUM1-LJ01B-09-PRESTB102,2,True,86400,86400,0,0.0,0.0
2022-08-25,RS01SUM1-LJ01B-09-PRESTB102,2,True,86400,86400,0,0.0,0.0
2022-08-26,RS01SUM1-LJ01B-09-PRESTB102,2,True,86400,86400,0,0.0,0.0
2022-08-27,RS01SUM1-LJ01B-09-PRESTB102,2,True,86400,86400,0,0.0,0.0
2022-08-28,RS01SUM1-LJ01B-09-PRESTB102,2,True,86400,86400,0,0.0,0.0
2022-08-29,RS01SUM1-LJ01B-09-PRESTB102,2,True,86400,86400,0,0.0,0.0
2022-08-30,RS01SUM1-LJ01B-09-PRESTB102,2,True,85989,86400,411,0.4757,0.4757
2022-08-31,RS01SUM1-LJ01B-09-PRESTB102,2,True,85598,86400,802,0.9282,0.9282
2022-09-01,RS01SUM1-LJ01B-09-PRESTB102,2,True,86400,86400,0,0.0,0.0
2022-09-02,RS01SUM1-LJ01B-09-PRESTB102,2,True,86400,86400,0,0.0,0.0
2022-09-03,RS01SUM1-LJ01B-09-PRESTB102,2,True,86400,86400,0,0.0,0.0
2022-09-04,RS01SUM1-LJ01B-09-PRESTB102,2,True,86400,86400,0,0.0,0.0
2022-09-05,RS01SUM1-LJ01B-09-PRESTB102,2,True,86400,86400,0,0.0,0.0
2022-09-06,RS01SUM1-LJ01B-09-PRESTB102,2,True,86400,86400,0,0.0,0.0
2022-09-07,RS01SUM1-LJ01B-09-PRESTB102,2,True,86400,86400,0,0.0,0.0
2022-09-08,RS01SUM1-LJ01B-09-PRESTB102,2,True,86400,86400,0,0.0,0.0
2022-09-09,RS01SUM1-LJ01B-09-PRESTB102,2,True,86400,86400,0,0.0,0.0
2022-09-10,RS01SUM1-LJ01B-09-PRESTB102,2,True,86400,86400,0,0.0,0.0
2022-09-11,RS01SUM1-LJ01B-09-PRESTB102,2,True,86400,86400,0,0.0,0.0
2022-09-12,RS01SUM1-LJ01B-09-PRESTB102,2,True,86400,86400,0,0.0,0.0
2022-09-13,RS01SUM1-LJ01B-09-PRESTB102,2,True,86400,86400,0,0.0,0.0
2022-09-14,RS01SUM1-LJ01B-09-PRESTB102,2,True,86400,86400,0,0.0,0.0
2022-09-15,RS01SUM1-LJ01B-09-PRESTB102,2,True,86400,86400,0,0.0,0.0
2022-09-16,RS01SUM1-LJ01B-09-PRESTB102,2,True,86400,86400,0,0.0,0.0
2022-09-17,RS01SUM1-LJ01B-09-PRESTB102,2,True,86400,86400,0,0.0,0.0
2022-09-18,RS01SUM1-LJ01B-09-PRESTB102,2,True,86401,86401,0,0.0,0.0
2022-09-19,RS01SUM1-LJ01B-09-PRESTB102,2,True,86400,86400,0,0.0,0.0
2022-09-20,RS01SUM1-LJ01B-09-PRESTB102,2,True,86400,86400,0,0.0,0.0
2022-09-21,RS01SUM1-LJ01B-09-PRESTB102,2,True,86400,86400,0,0.0,0.0
2022-09-22,RS01SUM1-LJ01B-09-PRESTB102,2,True,86400,86400,0,0.0,0.0
2022-09-23,RS01SUM1-LJ01B-09-PRESTB102,2,True,86400,86400,0,0.0,0.0
2022-09-24,RS01SUM1-LJ01B-09-PRESTB102,2,True,86400,86400,0,0.0,0.0
2022-09-25,RS01SUM1-LJ01B-09-PRESTB102,2,True,86400,86400,0,0.0,0.0
2022-09-26,RS01SUM1-LJ01B-09-PRESTB102,2,True,86400,86400,0,0.0,0.0
2022-09-27,RS01SUM1-LJ01B-09-PRESTB102,2,True,86400,86400,0,0.0,0.0
2022-09-28,RS01SUM1-LJ01B-09-PRESTB102,2,True,86400,86400,0,0.0,0.0
2022-09-29,RS01SUM1-LJ01B-09-PRESTB102,2,True,86400,86400,0,0.0,0.0
2022-09-30,RS01SUM1-LJ01B-09-PRESTB102,2,True,86400,86400,0,0.0,0.0
2022-10-01,RS01SUM1-LJ01B-09-PRESTB102,2,True,86400,86400,0,0.0,0.0
2022-10-02,RS01SUM1-LJ01B-09-PRESTB102,2,True,86400,86400,0,0.0,0.0
2022-10-03,RS01SUM1-LJ01B-09-PRESTB102,2,True,86400,86400,0,0.0,0.0
2022-10-04,RS01SUM1-LJ01B-09-PRESTB102,2,True,86400,86400,0,0.0,0.0
2022-10-05,RS01SUM1-LJ01B-09-PRESTB102,2,True,86400,86400,0,0.0,0.0
2022-10-06,RS01SUM1-LJ01B-09-PRESTB102,2,True,86400,86400,0,0.0,0.0
2022-10-07,RS01SUM1-LJ01B-09-PRESTB102,2,True,86400,86400,0,0.0,0.0
2022-10-08,RS01SUM1-LJ01B-09-PRESTB102,2,True,86382,86400,18,0.0208,0.0208
2022-10-09,RS01SUM1-LJ01B-09-PRESTB102,2,True,86400,86400,0,0.0,0.0
2022-10-10,RS01SUM1-LJ01B-09-PRESTB102,2,True,86400,86400,0,0.0,0.0
2022-10-11,RS01SUM1-LJ01B-09-PRESTB102,2,True,86400,86400,0,0.0,0.0
2022-10-12,RS01SUM1-LJ01B-09-PRESTB102,2,True,86400,86400,0,0.0,0.0
2022-10-13,RS01SUM1-LJ01B-09-PRESTB102,2,True,86400,86400,0,0.0,0.0
2022-10-14,RS01SUM1-LJ01B-09-PRESTB102,2,True,86400,86400,0,0.0,0.0
2022-10-15,RS01SUM1-LJ01B-09-PRESTB102,2,True,86400,86400,0,0.0,0.0
2022-10-16,RS01SUM1-LJ01B-09-PRESTB102,2,True,86400,86400,0,0.0,0.0
2022-10-17,RS01SUM1-LJ01B-09-PRESTB102,2,True,86400,86400,0,0.0,0.0
2022-10-18,RS01SUM1-LJ01B-09-PRESTB102,2,True,86400,86400,0,0.0,0.0
2022-10-19,RS01SUM1-LJ01B-09-PRESTB102,2,True,85924,86400,476,0.5509,0.5509
2022-10-20,RS01SUM1-LJ01B-09-PRESTB102,2,True,86400,86400,0,0.0,0.0
2022-10-21,RS01SUM1-LJ01B-09-PRESTB102,2,True,86400,86400,0,0.0,0.0
2022-10-22,RS01SUM1-LJ01B-09-PRESTB102,2,True,86401,86401,0,0.0,0.0
2022-10-23,RS01SUM1-LJ01B-09-PRESTB102,2,True,86400,86400,0,0.0,0.0
2022-10-24,RS01SUM1-LJ01B-09-PRESTB102,2,True,86400,86400,0,0.0,0.0
2022-10-25,RS01SUM1-LJ01B-09-PRESTB102,2,True,86400,86400,0,0.0,0.0
2022-10-26,RS01SUM1-LJ01B-09-PRESTB102,2,True,86400,86400,0,0.0,0.0
2022-10-27,RS01SUM1-LJ01B-09-PRESTB102,2,True,86400,86400,0,0.0,0.0
2022-10-28,RS01SUM1-LJ01B-09-PRESTB102,2,True,86400,86400,0,0.0,0.0
2022-10-29,RS01SUM1-LJ01B-09-PRESTB102,2,True,86400,86400,0,0.0,0.0
2022-10-30,RS01SUM1-LJ01B-09-PRESTB102,2,True,86400,86400,0,0.0,0.0
2022-10-31,RS01SUM1-LJ01B-09-PRESTB102,2,True,86400,86400,0,0.0,0.0
2022-11-01,RS01SUM1-LJ01B-09-PRESTB102,2,True,86400,86400,0,0.0,0.0
2022-11-02,RS01SUM1-LJ01B-09-PRESTB102,2,True,86400,86400,0,0.0,0.0
2022-11-03,RS01SUM1-LJ01B-09-PRESTB102,2,True,85954,86400,446,0.5162,0.5162
2022-11-04,RS01SUM1-LJ01B-09-PRESTB102,2,True,86400,86400,0,0.0,0.0
2022-11-05,RS01SUM1-LJ01B-09-PRESTB102,2,True,86400,86400,0,0.0,0.0
2022-11-06,RS01SUM1-LJ01B-09-PRESTB102,2,True,86400,86400,0,0.0,0.0
2022-11-07,RS01SUM1-LJ01B-09-PRESTB102,2,True,86400,86400,0,0.0,0.0
2022-11-08,RS01SUM1-LJ01B-09-PRESTB102,2,True,86400,86400,0,0.0,0.0
2022-11-09,RS01SUM1-LJ01B-09-PRESTB102,2,True,86400,86400,0,0.0,0.0
2022-11-10,RS01SUM1-LJ01B-09-PRESTB102,2,True,86400,86400,0,0.0,0.0
2022-11-11,RS01SUM1-LJ01B-09-PRESTB102,2,True,86400,86400,0,0.0,0.0
2022-11-12,RS01SUM1-LJ01B-09-PRESTB102,2,True,86400,86400,0,0.0,0.0
2022-11-13,RS01SUM1-LJ01B-09-PRESTB102,2,True,86400,86400,0,0.0,0.0
2022-11-14,RS01SUM1-LJ01B-09-PRESTB102,2,True,86400,86400,0,0.0,0.0
2022-11-15,RS01SUM1-LJ01B-09-PRESTB102,2,True,86400,86400,0,0.0,0.0
2022-11-16,RS01SUM1-LJ01B-09-PRESTB102,2,True,86400,86400,0,0.0,0.0
2022-11-17,RS01SUM1-LJ01B-09-PRESTB102,2,True,86400,86400,0,0.0,0.0
2022-11-18,RS01SUM1-LJ01B-09-PRESTB102,2,True,86400,86400,0,0.0,0.0
2022-11-19,RS01SUM1-LJ01B-09-PRESTB102,2,True,86400,86400,0,0.0,0.0
2022-11-20,RS01SUM1-LJ01B-09-PRESTB102,2,True,86400,86400,0,0.0,0.0
2022-11-21,RS01SUM1-LJ01B-09-PRESTB102,2,True,86400,86400,0,0.0,0.0
2022-11-22,RS01SUM1-LJ01B-09-PRESTB102,2,True,86400,86400,0,0.0,0.0
2022-11-23,RS01SUM1-LJ01B-09-PRESTB102,2,True,86400,86400,0,0.0,0.0
2022-11-24,RS01SUM1-LJ01B-09-PRESTB102,2,True,86400,86400,0,0.0,0.0
2022-11-25,RS01SUM1-LJ01B-09-PRESTB102,2,True,86400,86400,0,0.0,0.0
2022-11-26,RS01SUM1-LJ01B-09-PRESTB102,2,True,86400,86400,0,0.0,0.0
2022-11-27,RS01SUM1-LJ01B-09-PRESTB102,2,True,86400,86400,0,0.0,0.0
2022-11-28,RS01SUM1-LJ01B-09-PRESTB102,2,True,86400,86400,0,0.0,0.0
2022-11-29,RS01SUM1-LJ01B-09-PRESTB102,2,True,74280,74280,0,0.0,14.0278
2022-11-30,RS01SUM1-LJ01B-09-PRESTB102,2,False,0,0,,,
2022-12-01,RS01SUM1-LJ01B-09-PRESTB102,2,True,3099,3099,0,0.0,96.4132
2022-12-02,RS01SUM1-LJ01B-09-PRESTB102,2,True,86400,86400,0,0.0,0.0
2022-12-03,RS01SUM1-LJ01B-09-PRESTB102,2,True,86400,86400,0,0.0,0.0
2022-12-04,RS01SUM1-LJ01B-09-PRESTB102,2,True,86400,86400,0,0.0,0.0
2022-12-05,RS01SUM1-LJ01B-09-PRESTB102,2,True,86400,86400,0,0.0,0.0
2022-12-06,RS01SUM1-LJ01B-09-PRESTB102,2,True,86400,86400,0,0.0,0.0
2022-12-07,RS01SUM1-LJ01B-09-PRESTB102,2,True,86400,86400,0,0.0,0.0
2022-12-08,RS01SUM1-LJ01B-09-PRESTB102,2,True,86400,86400,0,0.0,0.0
2022-12-09,RS01SUM1-LJ01B-09-PRESTB102,2,True,86400,86400,0,0.0,0.0
2022-12-10,RS01SUM1-LJ01B-09-PRESTB102,2,True,86400,86400,0,0.0,0.0
2022-12-11,RS01SUM1-LJ01B-09-PRESTB102,2,True,86400,86400,0,0.0,0.0
2022-12-12,RS01SUM1-LJ01B-09-PRESTB102,2,True,86400,86400,0,0.0,0.0
2022-12-13,RS01SUM1-LJ01B-09-PRESTB102,2,True,86400,86400,0,0.0,0.0
2022-12-14,RS01SUM1-LJ01B-09-PRESTB102,2,True,86400,86400,0,0.0,0.0
2022-12-15,RS01SUM1-LJ01B-09-PRESTB102,2,True,86400,86400,0,0.0,0.0
2022-12-16,RS01SUM1-LJ01B-09-PRESTB102,2,True,86400,86400,0,0.0,0.0
2022-12-17,RS01SUM1-LJ01B-09-PRESTB102,2,True,86400,86400,0,0.0,0.0
2022-12-18,RS01SUM1-LJ01B-09-PRESTB102,2,True,86400,86400,0,0.0,0.0
2022-12-19,RS01SUM1-LJ01B-09-PRESTB102,2,True,86400,86400,0,0.0,0.0
2022-12-20,RS01SUM1-LJ01B-09-PRESTB102,2,True,86400,86400,0,0.0,0.0
2022-12-21,RS01SUM1-LJ01B-09-PRESTB102,2,True,86400,86400,0,0.0,0.0
2022-12-22,RS01SUM1-LJ01B-09-PRESTB102,2,True,86400,86400,0,0.0,0.0
2022-12-23,RS01SUM1-LJ01B-09-PRESTB102,2,True,86400,86400,0,0.0,0.0
2022-12-24,RS01SUM1-LJ01B-09-PRESTB102,2,True,86400,86400,0,0.0,0.0
2022-12-25,RS01SUM1-LJ01B-09-PRESTB102,2,True,86400,86400,0,0.0,0.0
2022-12-26,RS01SUM1-LJ01B-09-PRESTB102,2,True,86400,86400,0,0.0,0.0
2022-12-27,RS01SUM1-LJ01B-09-PRESTB102,2,True,83523,86400,2877,3.3299,3.3299
2022-12-28,RS01SUM1-LJ01B-09-PRESTB102,2,True,86400,86400,0,0.0,0.0
2022-12-29,RS01SUM1-LJ01B-09-PRESTB102,2,True,86400,86400,0,0.0,0.0
2022-12-30,RS01SUM1-LJ01B-09-PRESTB102,2,True,86400,86400,0,0.0,0.0
2022-12-31,RS01SUM1-LJ01B-09-PRESTB102,2,True,86400,86400,0,0.0,0.0
2023-01-01,RS01SUM1-LJ01B-09-PRESTB102,2,True,86400,86400,0,0.0,0.0
2023-01-02,RS01SUM1-LJ01B-09-PRESTB102,2,True,86401,86401,0,0.0,0.0
2023-01-03,RS01SUM1-LJ01B-09-PRESTB102,2,True,86400,86400,0,0.0,0.0
2023-01-04,RS01SUM1-LJ01B-09-PRESTB102,2,True,86400,86400,0,0.0,0.0
2023-01-05,RS01SUM1-LJ01B-09-PRESTB102,2,True,86400,86400,0,0.0,0.0
2023-01-06,RS01SUM1-LJ01B-09-PRESTB102,2,True,86400,86400,0,0.0,0.0
2023-01-07,RS01SUM1-LJ01B-09-PRESTB102,2,True,86400,86400,0,0.0,0.0
2023-01-08,RS01SUM1-LJ01B-09-PRESTB102,2,True,86400,86400,0,0.0,0.0
2023-01-09,RS01SUM1-LJ01B-09-PRESTB102,2,True,86400,86400,0,0.0,0.0
2023-01-10,RS01SUM1-LJ01B-09-PRESTB102,2,True,86400,86400,0,0.0,0.0
2023-01-11,RS01SUM1-LJ01B-09-PRESTB102,2,True,73631,73631,0,0.0,14.7789
2023-01-12,RS01SUM1-LJ01B-09-PRESTB102,2,False,0,0,,,
2023-01-13,RS01SUM1-LJ01B-09-PRESTB102,2,True,81207,81217,10,0.0123,6.0104
2023-01-14,RS01SUM1-LJ01B-09-PRESTB102,2,True,86400,86400,0,0.0,0.0
2023-01-15,RS01SUM1-LJ01B-09-PRESTB102,2,True,86400,86400,0,0.0,0.0
2023-01-16,RS01SUM1-LJ01B-09-PRESTB102,2,True,86400,86400,0,0.0,0.0
2023-01-17,RS01SUM1-LJ01B-09-PRESTB102,2,True,86400,86400,0,0.0,0.0
2023-01-18,RS01SUM1-LJ01B-09-PRESTB102,2,True,86400,86400,0,0.0,0.0
2023-01-19,RS01SUM1-LJ01B-09-PRESTB102,2,True,86400,86400,0,0.0,0.0
2023-01-20,RS01SUM1-LJ01B-09-PRESTB102,2,True,86400,86400,0,0.0,0.0
2023-01-21,RS01SUM1-LJ01B-09-PRESTB102,2,True,86400,86400,0,0.0,0.0
2023-01-22,RS01SUM1-LJ01B-09-PRESTB102,2,True,86400,86400,0,0.0,0.0
2023-01-23,RS01SUM1-LJ01B-09-PRESTB102,2,True,86400,86400,0,0.0,0.0
2023-01-24,RS01SUM1-LJ01B-09-PRESTB102,2,True,86400,86400,0,0.0,0.0
2023-01-25,RS01SUM1-LJ01B-09-PRESTB102,2,True,86400,86400,0,0.0,0.0
2023-01-26,RS01SUM1-LJ01B-09-PRESTB102,2,True,86400,86400,0,0.0,0.0
2023-01-27,RS01SUM1-LJ01B-09-PRESTB102,2,True,86400,86400,0,0.0,0.0
2023-01-28,RS01SUM1-LJ01B-09-PRESTB102,2,True,86400,86400,0,0.0,0.0
2023-01-29,RS01SUM1-LJ01B-09-PRESTB102,2,True,86400,86400,0,0.0,0.0
2023-01-30,RS01SUM1-LJ01B-09-PRESTB102,2,True,86400,86400,0,0.0,0.0
2023-01-31,RS01SUM1-LJ01B-09-PRESTB102,2,True,86400,86400,0,0.0,0.0
2023-02-01,RS01SUM1-LJ01B-09-PRESTB102,2,True,86400,86400,0,0.0,0.0
2023-02-02,RS01SUM1-LJ01B-09-PRESTB102,2,True,86400,86400,0,0.0,0.0
2023-02-03,RS01SUM1-LJ01B-09-PRESTB102,2,True,86400,86400,0,0.0,0.0
2023-02-04,RS01SUM1-LJ01B-09-PRESTB102,2,True,86400,86400,0,0.0,0.0
2023-02-05,RS01SUM1-LJ01B-09-PRESTB102,2,True,86400,86400,0,0.0,0.0
2023-02-06,RS01SUM1-LJ01B-09-PRESTB102,2,True,86401,86401,0,0.0,0.0
2023-02-07,RS01SUM1-LJ01B-09-PRESTB102,2,True,86039,86400,361,0.4178,0.4178
2023-02-08,RS01SUM1-LJ01B-09-PRESTB102,2,True,86400,86400,0,0.0,0.0
2023-02-09,RS01SUM1-LJ01B-09-PRESTB102,2,True,86400,86400,0,0.0,0.0
2023-02-10,RS01SUM1-LJ01B-09-PRESTB102,2,True,86400,86400,0,0.0,0.0
2023-02-11,RS01SUM1-LJ01B-09-PRESTB102,2,True,86400,86400,0,0.0,0.0
2023-02-12,RS01SUM1-LJ01B-09-PRESTB102,2,True,86400,86400,0,0.0,0.0
2023-02-13,RS01SUM1-LJ01B-09-PRESTB102,2,True,86400,86400,0,0.0,0.0
2023-02-14,RS01SUM1-LJ01B-09-PRESTB102,2,True,86400,86400,0,0.0,0.0
2023-02-15,RS01SUM1-LJ01B-09-PRESTB102,2,True,86400,86400,0,0.0,0.0
2023-02-16,RS01SUM1-LJ01B-09-PRESTB102,2,True,86400,86400,0,0.0,0.0
2023-02-17,RS01SUM1-LJ01B-09-PRESTB102,2,True,86400,86400,0,0.0,0.0
2023-02-18,RS01SUM1-LJ01B-09-PRESTB102,2,True,86400,86400,0,0.0,0.0
2023-02-19,RS01SUM1-LJ01B-09-PRESTB102,2,True,86400,86400,0,0.0,0.0
2023-02-20,RS01SUM1-LJ01B-09-PRESTB102,2,True,86400,86400,0,0.0,0.0
2023-02-21,RS01SUM1-LJ01B-09-PRESTB102,2,True,86400,86400,0,0.0,0.0
2023-02-22,RS01SUM1-LJ01B-09-PRESTB102,2,True,52212,86409,34197,39.5757,39.5694
2023-02-23,RS01SUM1-LJ01B-09-PRESTB102,2,True,86400,86400,0,0.0,0.0
2023-02-24,RS01SUM1-LJ01B-09-PRESTB102,2,True,86400,86400,0,0.0,0.0
2023-02-25,RS01SUM1-LJ01B-09-PRESTB102,2,True,86400,86400,0,0.0,0.0
2023-02-26,RS01SUM1-LJ01B-09-PRESTB102,2,True,86400,86400,0,0.0,0.0
2023-02-27,RS01SUM1-LJ01B-09-PRESTB102,2,True,86400,86400,0,0.0,0.0
2023-02-28,RS01SUM1-LJ01B-09-PRESTB102,2,True,86400,86400,0,0.0,0.0
2023-03-01,RS01SUM1-LJ01B-09-PRESTB102,2,True,86400,86400,0,0.0,0.0
2023-03-02,RS01SUM1-LJ01B-09-PRESTB102,2,True,86400,86400,0,0.0,0.0
2023-03-03,RS01SUM1-LJ01B-09-PRESTB102,2,True,86400,86400,0,0.0,0.0
2023-03-04,RS01SUM1-LJ01B-09-PRESTB102,2,True,86400,86400,0,0.0,0.0
2023-03-05,RS01SUM1-LJ01B-09-PRESTB102,2,True,86400,86400,0,0.0,0.0
2023-03-06,RS01SUM1-LJ01B-09-PRESTB102,2,True,86400,86400,0,0.0,0.0
2023-03-07,RS01SUM1-LJ01B-09-PRESTB102,2,True,86400,86400,0,0.0,0.0
2023-03-08,RS01SUM1-LJ01B-09-PRESTB102,2,True,86400,86400,0,0.0,0.0
2023-03-09,RS01SUM1-LJ01B-09-PRESTB102,2,True,86400,86400,0,0.0,0.0
2023-03-10,RS01SUM1-LJ01B-09-PRESTB102,2,True,86400,86400,0,0.0,0.0
2023-03-11,RS01SUM1-LJ01B-09-PRESTB102,2,True,86400,86400,0,0.0,0.0
2023-03-12,RS01SUM1-LJ01B-09-PRESTB102,2,True,86401,86401,0,0.0,0.0
2023-03-13,RS01SUM1-LJ01B-09-PRESTB102,2,True,86400,86400,0,0.0,0.0
2023-03-14,RS01SUM1-LJ01B-09-PRESTB102,2,True,86400,86400,0,0.0,0.0
2023-03-15,RS01SUM1-LJ01B-09-PRESTB102,2,True,86400,86400,0,0.0,0.0
2023-03-16,RS01SUM1-LJ01B-09-PRESTB102,2,True,86400,86400,0,0.0,0.0
2023-03-17,RS01SUM1-LJ01B-09-PRESTB102,2,True,86400,86400,0,0.0,0.0
2023-03-18,RS01SUM1-LJ01B-09-PRESTB102,2,True,86400,86400,0,0.0,0.0
2023-03-19,RS01SUM1-LJ01B-09-PRESTB102,2,True,86400,86400,0,0.0,0.0
2023-03-20,RS01SUM1-LJ01B-09-PRESTB102,2,True,86400,86400,0,0.0,0.0
2023-03-21,RS01SUM1-LJ01B-09-PRESTB102,2,True,86400,86400,0,0.0,0.0
2023-03-22,RS01SUM1-LJ01B-09-PRESTB102,2,True,86400,86400,0,0.0,0.0
2023-03-23,RS01SUM1-LJ01B-09-PRESTB102,2,True,86400,86400,0,0.0,0.0
2023-03-24,RS01SUM1-LJ01B-09-PRESTB102,2,True,86400,86400,0,0.0,0.0
2023-03-25,RS01SUM1-LJ01B-09-PRESTB102,2,True,86400,86400,0,0.0,0.0
2023-03-26,RS01SUM1-LJ01B-09-PRESTB102,2,True,86400,86400,0,0.0,0.0
2023-03-27,RS01SUM1-LJ01B-09-PRESTB102,2,True,86400,86400,0,0.0,0.0
2023-03-28,RS01SUM1-LJ01B-09-PRESTB102,2,True,86400,86400,0,0.0,0.0
2023-03-29,RS01SUM1-LJ01B-09-PRESTB102,2,True,86400,86400,0,0.0,0.0
2023-03-30,RS01SUM1-LJ01B-09-PRESTB102,2,True,86400,86400,0,0.0,0.0
2023-03-31,RS01SUM1-LJ01B-09-PRESTB102,2,True,86400,86400,0,0.0,0.0
2023-04-01,RS01SUM1-LJ01B-09-PRESTB102,2,True,86400,86400,0,0.0,0.0
2023-04-02,RS01SUM1-LJ01B-09-PRESTB102,2,True,86400,86400,0,0.0,0.0
2023-04-03,RS01SUM1-LJ01B-09-PRESTB102,2,True,86400,86400,0,0.0,0.0
2023-04-04,RS01SUM1-LJ01B-09-PRESTB102,2,True,86400,86400,0,0.0,0.0
2023-04-05,RS01SUM1-LJ01B-09-PRESTB102,2,True,86400,86400,0,0.0,0.0
2023-04-06,RS01SUM1-LJ01B-09-PRESTB102,2,True,86400,86400,0,0.0,0.0
2023-04-07,RS01SUM1-LJ01B-09-PRESTB102,2,True,86400,86400,0,0.0,0.0
2023-04-08,RS01SUM1-LJ01B-09-PRESTB102,2,True,86400,86400,0,0.0,0.0
2023-04-09,RS01SUM1-LJ01B-09-PRESTB102,2,True,86400,86400,0,0.0,0.0
2023-04-10,RS01SUM1-LJ01B-09-PRESTB102,2,True,86400,86400,0,0.0,0.0
2023-04-11,RS01SUM1-LJ01B-09-PRESTB102,2,True,86400,86400,0,0.0,0.0
2023-04-12,RS01SUM1-LJ01B-09-PRESTB102,2,True,86400,86400,0,0.0,0.0
2023-04-13,RS01SUM1-LJ01B-09-PRESTB102,2,True,86400,86400,0,0.0,0.0
2023-04-14,RS01SUM1-LJ01B-09-PRESTB102,2,True,86400,86400,0,0.0,0.0
2023-04-15,RS01SUM1-LJ01B-09-PRESTB102,2,True,86401,86401,0,0.0,0.0
2023-04-16,RS01SUM1-LJ01B-09-PRESTB102,2,True,86400,86400,0,0.0,0.0
2023-04-17,RS01SUM1-LJ01B-09-PRESTB102,2,True,86400,86400,0,0.0,0.0
2023-04-18,RS01SUM1-LJ01B-09-PRESTB102,2,True,86400,86400,0,0.0,0.0
2023-04-19,RS01SUM1-LJ01B-09-PRESTB102,2,True,86400,86400,0,0.0,0.0
2023-04-20,RS01SUM1-LJ01B-09-PRESTB102,2,True,86400,86400,0,0.0,0.0
2023-04-21,RS01SUM1-LJ01B-09-PRESTB102,2,True,86400,86400,0,0.0,0.0
2023-04-22,RS01SUM1-LJ01B-09-PRESTB102,2,True,86400,86400,0,0.0,0.0
2023-04-23,RS01SUM1-LJ01B-09-PRESTB102,2,True,86400,86400,0,0.0,0.0
2023-04-24,RS01SUM1-LJ01B-09-PRESTB102,2,True,86400,86400,0,0.0,0.0
2023-04-25,RS01SUM1-LJ01B-09-PRESTB102,2,True,86400,86400,0,0.0,0.0
2023-04-26,RS01SUM1-LJ01B-09-PRESTB102,2,True,86159,86400,241,0.2789,0.2789
2023-04-27,RS01SUM1-LJ01B-09-PRESTB102,2,True,86400,86400,0,0.0,0.0
2023-04-28,RS01SUM1-LJ01B-09-PRESTB102,2,True,86400,86400,0,0.0,0.0
2023-04-29,RS01SUM1-LJ01B-09-PRESTB102,2,True,86400,86400,0,0.0,0.0
2023-04-30,RS01SUM1-LJ01B-09-PRESTB102,2,True,86400,86400,0,0.0,0.0
2023-05-01,RS01SUM1-LJ01B-09-PRESTB102,2,True,86400,86400,0,0.0,0.0
2023-05-02,RS01SUM1-LJ01B-09-PRESTB102,2,True,86400,86400,0,0.0,0.0
2023-05-03,RS01SUM1-LJ01B-09-PRESTB102,2,True,86400,86400,0,0.0,0.0
2023-05-04,RS01SUM1-LJ01B-09-PRESTB102,2,True,86400,86400,0,0.0,0.0
2023-05-05,RS01SUM1-LJ01B-09-PRESTB102,2,True,86400,86400,0,0.0,0.0
2023-05-06,RS01SUM1-LJ01B-09-PRESTB102,2,True,86400,86400,0,0.0,0.0
2023-05-07,RS01SUM1-LJ01B-09-PRESTB102,2,True,86400,86400,0,0.0,0.0
2023-05-08,RS01SUM1-LJ01B-09-PRESTB102,2,True,86400,86400,0,0.0,0.0
2023-05-09,RS01SUM1-LJ01B-09-PRESTB102,2,True,86400,86400,0,0.0,0.0
2023-05-10,RS01SUM1-LJ01B-09-PRESTB102,2,True,86400,86400,0,0.0,0.0
2023-05-11,RS01SUM1-LJ01B-09-PRESTB102,2,True,86400,86400,0,0.0,0.0
2023-05-12,RS01SUM1-LJ01B-09-PRESTB102,2,True,85734,86400,666,0.7708,0.7708
2023-05-13,RS01SUM1-LJ01B-09-PRESTB102,2,True,85894,86400,506,0.5856,0.5856
2023-05-14,RS01SUM1-LJ01B-09-PRESTB102,2,True,86400,86400,0,0.0,0.0
2023-05-15,RS01SUM1-LJ01B-09-PRESTB102,2,True,86400,86400,0,0.0,0.0
2023-05-16,RS01SUM1-LJ01B-09-PRESTB102,2,True,86400,86400,0,0.0,0.0
2023-05-17,RS01SUM1-LJ01B-09-PRESTB102,2,True,86400,86400,0,0.0,0.0
2023-05-18,RS01SUM1-LJ01B-09-PRESTB102,2,True,86400,86400,0,0.0,0.0
2023-05-19,RS01SUM1-LJ01B-09-PRESTB102,2,True,86400,86400,0,0.0,0.0
2023-05-20,RS01SUM1-LJ01B-09-PRESTB102,2,True,86400,86400,0,0.0,0.0
2023-05-21,RS01SUM1-LJ01B-09-PRESTB102,2,True,86400,86400,0,0.0,0.0
2023-05-22,RS01SUM1-LJ01B-09-PRESTB102,2,True,86401,86401,0,0.0,0.0
2023-05-23,RS01SUM1-LJ01B-09-PRESTB102,2,True,86400,86400,0,0.0,0.0
2023-05-24,RS01SUM1-LJ01B-09-PRESTB102,2,True,86400,86400,0,0.0,0.0
2023-05-25,RS01SUM1-LJ01B-09-PRESTB102,2,True,86400,86400,0,0.0,0.0
2023-05-26,RS01SUM1-LJ01B-09-PRESTB102,2,True,86400,86400,0,0.0,0.0
2023-05-27,RS01SUM1-LJ01B-09-PRESTB102,2,True,86400,86400,0,0.0,0.0
2023-05-28,RS01SUM1-LJ01B-09-PRESTB102,2,True,86400,86400,0,0.0,0.0
2023-05-29,RS01SUM1-LJ01B-09-PRESTB102,2,True,86400,86400,0,0.0,0.0
2023-05-30,RS01SUM1-LJ01B-09-PRESTB102,2,True,86400,86400,0,0.0,0.0
2023-05-31,RS01SUM1-LJ01B-09-PRESTB102,2,True,86400,86400,0,0.0,0.0
2023-06-01,RS01SUM1-LJ01B-09-PRESTB102,2,True,86400,86400,0,0.0,0.0
2023-06-02,RS01SUM1-LJ01B-09-PRESTB102,2,True,86400,86400,0,0.0,0.0
2023-06-03,RS01SUM1-LJ01B-09-PRESTB102,2,True,86400,86400,0,0.0,0.0
2023-06-04,RS01SUM1-LJ01B-09-PRESTB102,2,True,86400,86400,0,0.0,0.0
2023-06-05,RS01SUM1-LJ01B-09-PRESTB102,2,True,86400,86400,0,0.0,0.0
2023-06-06,RS01SUM1-LJ01B-09-PRESTB102,2,True,86400,86400,0,0.0,0.0
2023-06-07,RS01SUM1-LJ01B-09-PRESTB102,2,True,86400,86400,0,0.0,0.0
2023-06-08,RS01SUM1-LJ01B-09-PRESTB102,2,True,86400,86400,0,0.0,0.0
2023-06-09,RS01SUM1-LJ01B-09-PRESTB102,2,True,85408,86400,992,1.1481,1.1481
2023-06-10,RS01SUM1-LJ01B-09-PRESTB102,2,True,86400,86400,0,0.0,0.0
2023-06-11,RS01SUM1-LJ01B-09-PRESTB102,2,True,86400,86400,0,0.0,0.0
2023-06-12,RS01SUM1-LJ01B-09-PRESTB102,2,True,86400,86400,0,0.0,0.0
2023-06-13,RS01SUM1-LJ01B-09-PRESTB102,2,True,86400,86400,0,0.0,0.0
2023-06-14,RS01SUM1-LJ01B-09-PRESTB102,2,True,86400,86400,0,0.0,0.0
2023-06-15,RS01SUM1-LJ01B-09-PRESTB102,2,True,86400,86400,0,0.0,0.0
2023-06-16,RS01SUM1-LJ01B-09-PRESTB102,2,True,86400,86400,0,0.0,0.0
2023-06-17,RS01SUM1-LJ01B-09-PRESTB102,2,True,86400,86400,0,0.0,0.0
2023-06-18,RS01SUM1-LJ01B-09-PRESTB102,2,True,23172,23172,0,0.0,73.1806
2023-06-19,RS01SUM1-LJ01B-09-PRESTB102,2,False,0,0,,,
2023-06-20,RS01SUM1-LJ01B-09-PRESTB102,2,False,0,0,,,
2023-06-21,RS01SUM1-LJ01B-09-PRESTB102,2,False,0,0,,,
2023-06-22,RS01SUM1-LJ01B-09-PRESTB102,2,False,0,0,,,
2023-06-23,RS01SUM1-LJ01B-09-PRESTB102,2,False,0,0,,,
2023-06-24,RS01SUM1-LJ01B-09-PRESTB102,2,False,0,0,,,
2023-06-25,RS01SUM1-LJ01B-09-PRESTB102,2,False,0,0,,,
2023-06-26,RS01SUM1-LJ01B-09-PRESTB102,2,False,0,0,,,
2023-06-27,RS01SUM1-LJ01B-09-PRESTB102,2,False,0,0,,,
2023-06-28,RS01SUM1-LJ01B-09-PRESTB102,2,False,0,0,,,
2023-06-29,RS01SUM1-LJ01B-09-PRESTB102,2,False,0,0,,,
2023-06-30,RS01SUM1-LJ01B-09-PRESTB102,2,False,0,0,,,
2023-07-01,RS01SUM1-LJ01B-09-PRESTB102,2,False,0,0,,,
2023-07-02,RS01SUM1-LJ01B-09-PRESTB102,2,False,0,0,,,
2023-07-03,RS01SUM1-LJ01B-09-PRESTB102,2,False,0,0,,,
2023-07-04,RS01SUM1-LJ01B-09-PRESTB102,2,False,0,0,,,
2023-07-05,RS01SUM1-LJ01B-09-PRESTB102,2,False,0,0,,,
2023-07-06,RS01SUM1-LJ01B-09-PRESTB102,2,False,0,0,,,
2023-07-07,RS01SUM1-LJ01B-09-PRESTB102,2,False,0,0,,,
2023-07-08,RS01SUM1-LJ01B-09-PRESTB102,2,False,0,0,,,
2023-07-09,RS01SUM1-LJ01B-09-PRESTB102,2,False,0,0,,,
2023-07-10,RS01SUM1-LJ01B-09-PRESTB102,2,False,0,0,,,
2023-07-11,RS01SUM1-LJ01B-09-PRESTB102,2,False,0,0,,,
2023-07-12,RS01SUM1-LJ01B-09-PRESTB102,2,False,0,0,,,
2023-07-13,RS01SUM1-LJ01B-09-PRESTB102,2,False,0,0,,,
2023-07-14,RS01SUM1-LJ01B-09-PRESTB102,2,False,0,0,,,
2023-07-15,RS01SUM1-LJ01B-09-PRESTB102,2,False,0,0,,,
2023-07-16,RS01SUM1-LJ01B-09-PRESTB102,2,False,0,0,,,
2023-07-17,RS01SUM1-LJ01B-09-PRESTB102,2,False,0,0,,,
2023-07-18,RS01SUM1-LJ01B-09-PRESTB102,2,False,0,0,,,
2023-07-19,RS01SUM1-LJ01B-09-PRESTB102,2,False,0,0,,,
2023-07-20,RS01SUM1-LJ01B-09-PRESTB102,2,False,0,0,,,
2023-07-21,RS01SUM1-LJ01B-09-PRESTB102,2,False,0,0,,,
2023-07-22,RS01SUM1-LJ01B-09-PRESTB102,2,False,0,0,,,
2023-07-23,RS01SUM1-LJ01B-09-PRESTB102,2,False,0,0,,,
2023-07-24,RS01SUM1-LJ01B-09-PRESTB102,2,False,0,0,,,
2023-07-25,RS01SUM1-LJ01B-09-PRESTB102,2,False,0,0,,,
2023-07-26,RS01SUM1-LJ01B-09-PRESTB102,2,False,0,0,,,
2023-07-27,RS01SUM1-LJ01B-09-PRESTB102,2,False,0,0,,,
2023-07-28,RS01SUM1-LJ01B-09-PRESTB102,2,False,0,0,,,
2023-07-29,RS01SUM1-LJ01B-09-PRESTB102,2,False,0,0,,,
2023-07-30,RS01SUM1-LJ01B-09-PRESTB102,2,False,0,0,,,
2023-07-31,RS01SUM1-LJ01B-09-PRESTB102,2,False,0,0,,,
2023-08-01,RS01SUM1-LJ01B-09-PRESTB102,2,False,0,0,,,
2023-08-02,RS01SUM1-LJ01B-09-PRESTB102,2,False,0,0,,,
2023-08-03,RS01SUM1-LJ01B-09-PRESTB102,2,False,0,0,,,
2023-08-04,RS01SUM1-LJ01B-09-PRESTB102,2,False,0,0,,,
2023-08-05,RS01SUM1-LJ01B-09-PRESTB102,2,False,0,0,,,
2023-08-06,RS01SUM1-LJ01B-09-PRESTB102,2,False,0,0,,,
2023-08-07,RS01SUM1-LJ01B-09-PRESTB102,2,False,0,0,,,
2023-08-08,RS01SUM1-LJ01B-09-PRESTB102,2,False,0,0,,,
2023-08-09,RS01SUM1-LJ01B-09-PRESTB102,2,False,0,0,,,
2023-08-10,RS01SUM1-LJ01B-09-PRESTB102,2,False,0,0,,,
2023-08-11,RS01SUM1-LJ01B-09-PRESTB102,2,False,0,0,,,
2023-08-12,RS01SUM1-LJ01B-09-PRESTB102,2,False,0,0,,,
2023-08-13,RS01SUM1-LJ01B-09-PRESTB102,2,False,0,0,,,
2023-08-14,RS01SUM1-LJ01B-09-PRESTB102,2,False,0,0,,,
2023-08-15,RS01SUM1-LJ01B-09-PRESTB102,2,False,0,0,,,
2023-08-16,RS01SUM1-LJ01B-09-PRESTB102,2,False,0,0,,,
2023-08-17,RS01SUM1-LJ01B-09-PRESTB102,2,False,0,0,,,
2023-08-18,RS01SUM1-LJ01B-09-PRESTB102,2,False,0,0,,,
2023-08-19,RS01SUM1-LJ01B-09-PRESTB102,2,False,0,0,,,
2023-08-20,RS01SUM1-LJ01B-09-PRESTB102,2,False,0,0,,,
2023-08-21,RS01SUM1-LJ01B-09-PRESTB102,2,False,0,0,,,
2023-08-22,RS01SUM1-LJ01B-09-PRESTB102,2,False,0,0,,,
2023-08-23,RS01SUM1-LJ01B-09-PRESTB102,2,False,0,0,,,
2023-08-24,RS01SUM1-LJ01B-09-PRESTB102,2,False,0,0,,,
2023-08-25,RS01SUM1-LJ01B-09-PRESTB102,2,False,0,0,,,
2023-08-26,RS01SUM1-LJ01B-09-PRESTB102,2,False,0,0,,,
2023-08-27,RS01SUM1-LJ01B-09-PRESTB102,2,False,0,0,,,
2023-08-28,RS01SUM1-LJ01B-09-PRESTB102,2,False,0,0,,,
2023-08-29,RS01SUM1-LJ01B-09-PRESTB102,2,False,0,0,,,
2023-08-30,RS01SUM1-LJ01B-09-PRESTB102,2,False,0,0,,,
2023-08-31,RS01SUM1-LJ01B-09-PRESTB102,2,False,0,0,,,
2023-09-01,RS01SUM1-LJ01B-09-PRESTB102,2,False,0,0,,,
2023-09-02,RS01SUM1-LJ01B-09-PRESTB102,2,False,0,0,,,
2023-09-03,RS01SUM1-LJ01B-09-PRESTB102,2,False,0,0,,,
2023-09-04,RS01SUM1-LJ01B-09-PRESTB102,2,False,0,0,,,
2023-09-05,RS01SUM1-LJ01B-09-PRESTB102,2,False,0,0,,,
2023-09-06,RS01SUM1-LJ01B-09-PRESTB102,2,False,0,0,,,
2023-09-07,RS01SUM1-LJ01B-09-PRESTB102,2,False,0,0,,,
2023-09-08,RS01SUM1-LJ01B-09-PRESTB102,2,False,0,0,,,
2023-09-09,RS01SUM1-LJ01B-09-PRESTB102,2,False,0,0,,,
2023-09-10,RS01SUM1-LJ01B-09-PRESTB102,2,False,0,0,,,
2023-09-11,RS01SUM1-LJ01B-09-PRESTB102,2,False,0,0,,,
2023-09-12,RS01SUM1-LJ01B-09-PRESTB102,2,False,0,0,,,
2023-09-13,RS01SUM1-LJ01B-09-PRESTB102,2,False,0,0,,,
2023-09-14,RS01SUM1-LJ01B-09-PRESTB102,2,False,0,0,,,
2023-09-15,RS01SUM1-LJ01B-09-PRESTB102,2,False,0,0,,,
2023-09-16,RS01SUM1-LJ01B-09-PRESTB102,2,False,0,0,,,
2023-09-17,RS01SUM1-LJ01B-09-PRESTB102,2,False,0,0,,,
2023-09-18,RS01SUM1-LJ01B-09-PRESTB102,2,False,0,0,,,
2023-09-19,RS01SUM1-LJ01B-09-PRESTB102,2,False,0,0,,,
2023-09-20,RS01SUM1-LJ01B-09-PRESTB102,2,False,0,0,,,
2023-09-21,RS01SUM1-LJ01B-09-PRESTB102,2,False,0,0,,,
2023-09-22,RS01SUM1-LJ01B-09-PRESTB102,2,False,0,0,,,
2023-09-23,RS01SUM1-LJ01B-09-PRESTB102,2,False,0,0,,,
2023-09-24,RS01SUM1-LJ01B-09-PRESTB102,2,False,0,0,,,
2023-09-25,RS01SUM1-LJ01B-09-PRESTB102,2,False,0,0,,,
2023-09-26,RS01SUM1-LJ01B-09-PRESTB102,2,False,0,0,,,
2023-09-27,RS01SUM1-LJ01B-09-PRESTB102,2,False,0,0,,,
2023-09-28,RS01SUM1-LJ01B-09-PRESTB102,2,False,0,0,,,
2023-09-29,RS01SUM1-LJ01B-09-PRESTB102,2,False,0,0,,,
2023-09-30,RS01SUM1-LJ01B-09-PRESTB102,2,False,0,0,,,
2023-10-01,RS01SUM1-LJ01B-09-PRESTB102,2,False,0,0,,,
2023-10-02,RS01SUM1-LJ01B-09-PRESTB102,2,False,0,0,,,
2023-10-03,RS01SUM1-LJ01B-09-PRESTB102,2,False,0,0,,,
2023-10-04,RS01SUM1-LJ01B-09-PRESTB102,2,False,0,0,,,
2023-10-05,RS01SUM1-LJ01B-09-PRESTB102,2,False,0,0,,,
2023-10-06,RS01SUM1-LJ01B-09-PRESTB102,2,False,0,0,,,
2023-10-07,RS01SUM1-LJ01B-09-PRESTB102,2,False,0,0,,,
2023-10-08,RS01SUM1-LJ01B-09-PRESTB102,2,False,0,0,,,
2023-10-09,RS01SUM1-LJ01B-09-PRESTB102,2,False,0,0,,,
2023-10-10,RS01SUM1-LJ01B-09-PRESTB102,2,False,0,0,,,
2023-10-11,RS01SUM1-LJ01B-09-PRESTB102,2,False,0,0,,,
2023-10-12,RS01SUM1-LJ01B-09-PRESTB102,2,False,0,0,,,
2023-10-13,RS01SUM1-LJ01B-09-PRESTB102,2,False,0,0,,,
2023-10-14,RS01SUM1-LJ01B-09-PRESTB102,2,False,0,0,,,
2023-10-15,RS01SUM1-LJ01B-09-PRESTB102,2,False,0,0,,,
2023-10-16,RS01SUM1-LJ01B-09-PRESTB102,2,False,0,0,,,
2023-10-17,RS01SUM1-LJ01B-09-PRESTB102,2,False,0,0,,,
2023-10-18,RS01SUM1-LJ01B-09-PRESTB102,2,False,0,0,,,
2023-10-19,RS01SUM1-LJ01B-09-PRESTB102,2,False,0,0,,,
2023-10-20,RS01SUM1-LJ01B-09-PRESTB102,2,False,0,0,,,
2023-10-21,RS01SUM1-LJ01B-09-PRESTB102,2,False,0,0,,,
2023-10-22,RS01SUM1-LJ01B-09-PRESTB102,2,False,0,0,,,
2023-10-23,RS01SUM1-LJ01B-09-PRESTB102,2,False,0,0,,,
2023-10-24,RS01SUM1-LJ01B-09-PRESTB102,2,False,0,0,,,
2023-10-25,RS01SUM1-LJ01B-09-PRESTB102,2,False,0,0,,,
2023-10-26,RS01SUM1-LJ01B-09-PRESTB102,2,False,0,0,,,
2023-10-27,RS01SUM1-LJ01B-09-PRESTB102,2,False,0,0,,,
2023-10-28,RS01SUM1-LJ01B-09-PRESTB102,2,False,0,0,,,
2023-10-29,RS01SUM1-LJ01B-09-PRESTB102,2,False,0,0,,,
2023-10-30,RS01SUM1-LJ01B-09-PRESTB102,2,False,0,0,,,
2023-10-31,RS01SUM1-LJ01B-09-PRESTB102,2,False,0,0,,,
2023-11-01,RS01SUM1-LJ01B-09-PRESTB102,2,False,0,0,,,
2023-11-02,RS01SUM1-LJ01B-09-PRESTB102,2,False,0,0,,,
2023-11-03,RS01SUM1-LJ01B-09-PRESTB102,2,False,0,0,,,
2023-11-04,RS01SUM1-LJ01B-09-PRESTB102,2,False,0,0,,,
2023-11-05,RS01SUM1-LJ01B-09-PRESTB102,2,False,0,0,,,
2023-11-06,RS01SUM1-LJ01B-09-PRESTB102,2,False,0,0,,,
2023-11-07,RS01SUM1-LJ01B-09-PRESTB102,2,False,0,0,,,
2023-11-08,RS01SUM1-LJ01B-09-PRESTB102,2,False,0,0,,,
2023-11-09,RS01SUM1-LJ01B-09-PRESTB102,2,False,0,0,,,
2023-11-10,RS01SUM1-LJ01B-09-PRESTB102,2,False,0,0,,,
2023-11-11,RS01SUM1-LJ01B-09-PRESTB102,2,False,0,0,,,
2023-11-12,RS01SUM1-LJ01B-09-PRESTB102,2,False,0,0,,,
2023-11-13,RS01SUM1-LJ01B-09-PRESTB102,2,False,0,0,,,
2023-11-14,RS01SUM1-LJ01B-09-PRESTB102,2,False,0,0,,,
2023-11-15,RS01SUM1-LJ01B-09-PRESTB102,2,False,0,0,,,
2023-11-16,RS01SUM1-LJ01B-09-PRESTB102,2,False,0,0,,,
2023-11-17,RS01SUM1-LJ01B-09-PRESTB102,2,False,0,0,,,
2023-11-18,RS01SUM1-LJ01B-09-PRESTB102,2,False,0,0,,,
2023-11-19,RS01SUM1-LJ01B-09-PRESTB102,2,False,0,0,,,
2023-11-20,RS01SUM1-LJ01B-09-PRESTB102,2,False,0,0,,,
2023-11-21,RS01SUM1-LJ01B-09-PRESTB102,2,False,0,0,,,
2023-11-22,RS01SUM1-LJ01B-09-PRESTB102,2,False,0,0,,,
2023-11-23,RS01SUM1-LJ01B-09-PRESTB102,2,False,0,0,,,
2023-11-24,RS01SUM1-LJ01B-09-PRESTB102,2,False,0,0,,,
2023-11-25,RS01SUM1-LJ01B-09-PRESTB102,2,False,0,0,,,
2023-11-26,RS01SUM1-LJ01B-09-PRESTB102,2,False,0,0,,,
2023-11-27,RS01SUM1-LJ01B-09-PRESTB102,2,False,0,0,,,
2023-11-28,RS01SUM1-LJ01B-09-PRESTB102,2,False,0,0,,,
2023-11-29,RS01SUM1-LJ01B-09-PRESTB102,2,False,0,0,,,
2023-11-30,RS01SUM1-LJ01B-09-PRESTB102,2,False,0,0,,,
2023-12-01,RS01SUM1-LJ01B-09-PRESTB102,2,False,0,0,,,
2023-12-02,RS01SUM1-LJ01B-09-PRESTB102,2,False,0,0,,,
2023-12-03,RS01SUM1-LJ01B-09-PRESTB102,2,False,0,0,,,
2023-12-04,RS01SUM1-LJ01B-09-PRESTB102,2,False,0,0,,,
2023-12-05,RS01SUM1-LJ01B-09-PRESTB102,2,False,0,0,,,
2023-12-06,RS01SUM1-LJ01B-09-PRESTB102,2,False,0,0,,,
2023-12-07,RS01SUM1-LJ01B-09-PRESTB102,2,False,0,0,,,
2023-12-08,RS01SUM1-LJ01B-09-PRESTB102,2,False,0,0,,,
2023-12-09,RS01SUM1-LJ01B-09-PRESTB102,2,False,0,0,,,
2023-12-10,RS01SUM1-LJ01B-09-PRESTB102,2,False,0,0,,,
2023-12-11,RS01SUM1-LJ01B-09-PRESTB102,2,False,0,0,,,
2023-12-12,RS01SUM1-LJ01B-09-PRESTB102,2,False,0,0,,,
2023-12-13,RS01SUM1-LJ01B-09-PRESTB102,2,False,0,0,,,
2023-12-14,RS01SUM1-LJ01B-09-PRESTB102,2,False,0,0,,,
2023-12-15,RS01SUM1-LJ01B-09-PRESTB102,2,False,0,0,,,
2023-12-16,RS01SUM1-LJ01B-09-PRESTB102,2,False,0,0,,,
2023-12-17,RS01SUM1-LJ01B-09-PRESTB102,2,False,0,0,,,
2023-12-18,RS01SUM1-LJ01B-09-PRESTB102,2,False,0,0,,,
2023-12-19,RS01SUM1-LJ01B-09-PRESTB102,2,False,0,0,,,
2023-12-20,RS01SUM1-LJ01B-09-PRESTB102,2,False,0,0,,,
2023-12-21,RS01SUM1-LJ01B-09-PRESTB102,2,False,0,0,,,
2023-12-22,RS01SUM1-LJ01B-09-PRESTB102,2,False,0,0,,,
2023-12-23,RS01SUM1-LJ01B-09-PRESTB102,2,False,0,0,,,
2023-12-24,RS01SUM1-LJ01B-09-PRESTB102,2,False,0,0,,,
2023-12-25,RS01SUM1-LJ01B-09-PRESTB102,2,False,0,0,,,
2023-12-26,RS01SUM1-LJ01B-09-PRESTB102,2,False,0,0,,,
2023-12-27,RS01SUM1-LJ01B-09-PRESTB102,2,False,0,0,,,
2023-12-28,RS01SUM1-LJ01B-09-PRESTB102,2,False,0,0,,,
2023-12-29,RS01SUM1-LJ01B-09-PRESTB102,2,False,0,0,,,
2023-12-30,RS01SUM1-LJ01B-09-PRESTB102,2,False,0,0,,,
2023-12-31,RS01SUM1-LJ01B-09-PRESTB102,2,False,0,0,,,
2024-01-01,RS01SUM1-LJ01B-09-PRESTB102,2,False,0,0,,,
2024-01-02,RS01SUM1-LJ01B-09-PRESTB102,2,False,0,0,,,
2024-01-03,RS01SUM1-LJ01B-09-PRESTB102,2,False,0,0,,,
2024-01-04,RS01SUM1-LJ01B-09-PRESTB102,2,False,0,0,,,
2024-01-05,RS01SUM1-LJ01B-09-PRESTB102,2,False,0,0,,,
2024-01-06,RS01SUM1-LJ01B-09-PRESTB102,2,False,0,0,,,
2024-01-07,RS01SUM1-LJ01B-09-PRESTB102,2,False,0,0,,,
2024-01-08,RS01SUM1-LJ01B-09-PRESTB102,2,False,0,0,,,
2024-01-09,RS01SUM1-LJ01B-09-PRESTB102,2,False,0,0,,,
2024-01-10,RS01SUM1-LJ01B-09-PRESTB102,2,False,0,0,,,
2024-01-11,RS01SUM1-LJ01B-09-PRESTB102,2,False,0,0,,,
2024-01-12,RS01SUM1-LJ01B-09-PRESTB102,2,False,0,0,,,
2024-01-13,RS01SUM1-LJ01B-09-PRESTB102,2,False,0,0,,,
2024-01-14,RS01SUM1-LJ01B-09-PRESTB102,2,False,0,0,,,
2024-01-15,RS01SUM1-LJ01B-09-PRESTB102,2,False,0,0,,,
2024-01-16,RS01SUM1-LJ01B-09-PRESTB102,2,False,0,0,,,
2024-01-17,RS01SUM1-LJ01B-09-PRESTB102,2,False,0,0,,,
2024-01-18,RS01SUM1-LJ01B-09-PRESTB102,2,False,0,0,,,
2024-01-19,RS01SUM1-LJ01B-09-PRESTB102,2,False,0,0,,,
2024-01-20,RS01SUM1-LJ01B-09-PRESTB102,2,False,0,0,,,
2024-01-21,RS01SUM1-LJ01B-09-PRESTB102,2,False,0,0,,,
2024-01-22,RS01SUM1-LJ01B-09-PRESTB102,2,False,0,0,,,
2024-01-23,RS01SUM1-LJ01B-09-PRESTB102,2,False,0,0,,,
2024-01-24,RS01SUM1-LJ01B-09-PRESTB102,2,False,0,0,,,
2024-01-25,RS01SUM1-LJ01B-09-PRESTB102,2,False,0,0,,,
2024-01-26,RS01SUM1-LJ01B-09-PRESTB102,2,False,0,0,,,
2024-01-27,RS01SUM1-LJ01B-09-PRESTB102,2,False,0,0,,,
2024-01-28,RS01SUM1-LJ01B-09-PRESTB102,2,False,0,0,,,
2024-01-29,RS01SUM1-LJ01B-09-PRESTB102,2,False,0,0,,,
2024-01-30,RS01SUM1-LJ01B-09-PRESTB102,2,False,0,0,,,
2024-01-31,RS01SUM1-LJ01B-09-PRESTB102,2,False,0,0,,,
2024-02-01,RS01SUM1-LJ01B-09-PRESTB102,2,False,0,0,,,
2024-02-02,RS01SUM1-LJ01B-09-PRESTB102,2,False,0,0,,,
2024-02-03,RS01SUM1-LJ01B-09-PRESTB102,2,False,0,0,,,
2024-02-04,RS01SUM1-LJ01B-09-PRESTB102,2,False,0,0,,,
2024-02-05,RS01SUM1-LJ01B-09-PRESTB102,2,False,0,0,,,
2024-02-06,RS01SUM1-LJ01B-09-PRESTB102,2,False,0,0,,,
2024-02-07,RS01SUM1-LJ01B-09-PRESTB102,2,False,0,0,,,
2024-02-08,RS01SUM1-LJ01B-09-PRESTB102,2,False,0,0,,,
2024-02-09,RS01SUM1-LJ01B-09-PRESTB102,2,False,0,0,,,
2024-02-10,RS01SUM1-LJ01B-09-PRESTB102,2,False,0,0,,,
2024-02-11,RS01SUM1-LJ01B-09-PRESTB102,2,False,0,0,,,
2024-02-12,RS01SUM1-LJ01B-09-PRESTB102,2,False,0,0,,,
2024-02-13,RS01SUM1-LJ01B-09-PRESTB102,2,False,0,0,,,
2024-02-14,RS01SUM1-LJ01B-09-PRESTB102,2,False,0,0,,,
2024-02-15,RS01SUM1-LJ01B-09-PRESTB102,2,False,0,0,,,
2024-02-16,RS01SUM1-LJ01B-09-PRESTB102,2,False,0,0,,,
2024-02-17,RS01SUM1-LJ01B-09-PRESTB102,2,False,0,0,,,
2024-02-18,RS01SUM1-LJ01B-09-PRESTB102,2,False,0,0,,,
2024-02-19,RS01SUM1-LJ01B-09-PRESTB102,2,False,0,0,,,
2024-02-20,RS01SUM1-LJ01B-09-PRESTB102,2,False,0,0,,,
2024-02-21,RS01SUM1-LJ01B-09-PRESTB102,2,False,0,0,,,
2024-02-22,RS01SUM1-LJ01B-09-PRESTB102,2,False,0,0,,,
2024-02-23,RS01SUM1-LJ01B-09-PRESTB102,2,False,0,0,,,
2024-02-24,RS01SUM1-LJ01B-09-PRESTB102,2,False,0,0,,,
2024-02-25,RS01SUM1-LJ01B-09-PRESTB102,2,False,0,0,,,
2024-02-26,RS01SUM1-LJ01B-09-PRESTB102,2,False,0,0,,,
2024-02-27,RS01SUM1-LJ01B-09-PRESTB102,2,False,0,0,,,
2024-02-28,RS01SUM1-LJ01B-09-PRESTB102,2,False,0,0,,,
2024-02-29,RS01SUM1-LJ01B-09-PRESTB102,2,False,0,0,,,
2024-03-01,RS01SUM1-LJ01B-09-PRESTB102,2,False,0,0,,,
2024-03-02,RS01SUM1-LJ01B-09-PRESTB102,2,False,0,0,,,
2024-03-03,RS01SUM1-LJ01B-09-PRESTB102,2,False,0,0,,,
2024-03-04,RS01SUM1-LJ01B-09-PRESTB102,2,False,0,0,,,
2024-03-05,RS01SUM1-LJ01B-09-PRESTB102,2,False,0,0,,,
2024-03-06,RS01SUM1-LJ01B-09-PRESTB102,2,False,0,0,,,
2024-03-07,RS01SUM1-LJ01B-09-PRESTB102,2,False,0,0,,,
2024-03-08,RS01SUM1-LJ01B-09-PRESTB102,2,False,0,0,,,
2024-03-09,RS01SUM1-LJ01B-09-PRESTB102,2,False,0,0,,,
2024-03-10,RS01SUM1-LJ01B-09-PRESTB102,2,False,0,0,,,
2024-03-11,RS01SUM1-LJ01B-09-PRESTB102,2,False,0,0,,,
2024-03-12,RS01SUM1-LJ01B-09-PRESTB102,2,False,0,0,,,
2024-03-13,RS01SUM1-LJ01B-09-PRESTB102,2,False,0,0,,,
2024-03-14,RS01SUM1-LJ01B-09-PRESTB102,2,False,0,0,,,
2024-03-15,RS01SUM1-LJ01B-09-PRESTB102,2,False,0,0,,,
2024-03-16,RS01SUM1-LJ01B-09-PRESTB102,2,False,0,0,,,
2024-03-17,RS01SUM1-LJ01B-09-PRESTB102,2,False,0,0,,,
2024-03-18,RS01SUM1-LJ01B-09-PRESTB102,2,False,0,0,,,
2024-03-19,RS01SUM1-LJ01B-09-PRESTB102,2,False,0,0,,,
2024-03-20,RS01SUM1-LJ01B-09-PRESTB102,2,False,0,0,,,
2024-03-21,RS01SUM1-LJ01B-09-PRESTB102,2,False,0,0,,,
2024-03-22,RS01SUM1-LJ01B-09-PRESTB102,2,False,0,0,,,
2024-03-23,RS01SUM1-LJ01B-09-PRESTB102,2,False,0,0,,,
2024-03-24,RS01SUM1-LJ01B-09-PRESTB102,2,False,0,0,,,
2024-03-25,RS01SUM1-LJ01B-09-PRESTB102,2,False,0,0,,,
2024-03-26,RS01SUM1-LJ01B-09-PRESTB102,2,False,0,0,,,
2024-03-27,RS01SUM1-LJ01B-09-PRESTB102,2,False,0,0,,,
2024-03-28,RS01SUM1-LJ01B-09-PRESTB102,2,False,0,0,,,
2024-03-29,RS01SUM1-LJ01B-09-PRESTB102,2,False,0,0,,,
2024-03-30,RS01SUM1-LJ01B-09-PRESTB102,2,False,0,0,,,
2024-03-31,RS01SUM1-LJ01B-09-PRESTB102,2,False,0,0,,,
2024-04-01,RS01SUM1-LJ01B-09-PRESTB102,2,False,0,0,,,
2024-04-02,RS01SUM1-LJ01B-09-PRESTB102,2,False,0,0,,,
2024-04-03,RS01SUM1-LJ01B-09-PRESTB102,2,False,0,0,,,
2024-04-04,RS01SUM1-LJ01B-09-PRESTB102,2,False,0,0,,,
2024-04-05,RS01SUM1-LJ01B-09-PRESTB102,2,False,0,0,,,
2024-04-06,RS01SUM1-LJ01B-09-PRESTB102,2,False,0,0,,,
2024-04-07,RS01SUM1-LJ01B-09-PRESTB102,2,False,0,0,,,
2024-04-08,RS01SUM1-LJ01B-09-PRESTB102,2,False,0,0,,,
2024-04-09,RS01SUM1-LJ01B-09-PRESTB102,2,False,0,0,,,
2024-04-10,RS01SUM1-LJ01B-09-PRESTB102,2,True,76158,76172,14,0.0184,11.8542
2024-04-11,RS01SUM1-LJ01B-09-PRESTB102,2,True,79990,86403,6413,7.4222,7.419
2024-04-12,RS01SUM1-LJ01B-09-PRESTB102,2,True,86400,86400,0,0.0,0.0
2024-04-13,RS01SUM1-LJ01B-09-PRESTB102,2,True,86400,86400,0,0.0,0.0
2024-04-14,RS01SUM1-LJ01B-09-PRESTB102,2,True,86400,86400,0,0.0,0.0
2024-04-15,RS01SUM1-LJ01B-09-PRESTB102,2,True,86400,86400,0,0.0,0.0
2024-04-16,RS01SUM1-LJ01B-09-PRESTB102,2,True,86400,86400,0,0.0,0.0
2024-04-17,RS01SUM1-LJ01B-09-PRESTB102,2,True,86401,86401,0,0.0,0.0
2024-04-18,RS01SUM1-LJ01B-09-PRESTB102,2,True,86400,86400,0,0.0,0.0
2024-04-19,RS01SUM1-LJ01B-09-PRESTB102,2,True,86400,86400,0,0.0,0.0
2024-04-20,RS01SUM1-LJ01B-09-PRESTB102,2,True,86400,86400,0,0.0,0.0
2024-04-21,RS01SUM1-LJ01B-09-PRESTB102,2,True,86400,86400,0,0.0,0.0
2024-04-22,RS01SUM1-LJ01B-09-PRESTB102,2,True,86400,86400,0,0.0,0.0
2024-04-23,RS01SUM1-LJ01B-09-PRESTB102,2,True,86400,86400,0,0.0,0.0
2024-04-24,RS01SUM1-LJ01B-09-PRESTB102,2,True,86400,86400,0,0.0,0.0
2024-04-25,RS01SUM1-LJ01B-09-PRESTB102,2,True,86400,86400,0,0.0,0.0
2024-04-26,RS01SUM1-LJ01B-09-PRESTB102,2,True,86400,86400,0,0.0,0.0
2024-04-27,RS01SUM1-LJ01B-09-PRESTB102,2,True,86400,86400,0,0.0,0.0
2024-04-28,RS01SUM1-LJ01B-09-PRESTB102,2,True,86400,86400,0,0.0,0.0
2024-04-29,RS01SUM1-LJ01B-09-PRESTB102,2,True,86400,86400,0,0.0,0.0
2024-04-30,RS01SUM1-LJ01B-09-PRESTB102,2,True,86400,86400,0,0.0,0.0
2024-05-01,RS01SUM1-LJ01B-09-PRESTB102,2,True,86400,86400,0,0.0,0.0
2024-05-02,RS01SUM1-LJ01B-09-PRESTB102,2,True,86004,86400,396,0.4583,0.4583
2024-05-03,RS01SUM1-LJ01B-09-PRESTB102,2,True,86400,86400,0,0.0,0.0
2024-05-04,RS01SUM1-LJ01B-09-PRESTB102,2,True,86400,86400,0,0.0,0.0
2024-05-05,RS01SUM1-LJ01B-09-PRESTB102,2,True,86400,86400,0,0.0,0.0
2024-05-06,RS01SUM1-LJ01B-09-PRESTB102,2,True,55014,55014,0,0.0,36.3264
2024-05-07,RS01SUM1-LJ01B-09-PRESTB102,2,False,0,0,,,
2024-05-08,RS01SUM1-LJ01B-09-PRESTB102,2,False,0,0,,,
2024-05-09,RS01SUM1-LJ01B-09-PRESTB102,2,False,0,0,,,
2024-05-10,RS01SUM1-LJ01B-09-PRESTB102,2,False,0,0,,,
2024-05-11,RS01SUM1-LJ01B-09-PRESTB102,2,False,0,0,,,
2024-05-12,RS01SUM1-LJ01B-09-PRESTB102,2,False,0,0,,,
2024-05-13,RS01SUM1-LJ01B-09-PRESTB102,2,False,0,0,,,
2024-05-14,RS01SUM1-LJ01B-09-PRESTB102,2,False,0,0,,,
2024-05-15,RS01SUM1-LJ01B-09-PRESTB102,2,False,0,0,,,
2024-05-16,RS01SUM1-LJ01B-09-PRESTB102,2,False,0,0,,,
2024-05-17,RS01SUM1-LJ01B-09-PRESTB102,2,False,0,0,,,
2024-05-18,RS01SUM1-LJ01B-09-PRESTB102,2,False,0,0,,,
2024-05-19,RS01SUM1-LJ01B-09-PRESTB102,2,False,0,0,,,
2024-05-20,RS01SUM1-LJ01B-09-PRESTB102,2,False,0,0,,,
2024-05-21,RS01SUM1-LJ01B-09-PRESTB102,2,False,0,0,,,
2024-05-22,RS01SUM1-LJ01B-09-PRESTB102,2,False,0,0,,,
2024-05-23,RS01SUM1-LJ01B-09-PRESTB102,2,False,0,0,,,
2024-05-24,RS01SUM1-LJ01B-09-PRESTB102,2,False,0,0,,,
2024-05-25,RS01SUM1-LJ01B-09-PRESTB102,2,False,0,0,,,
2024-05-26,RS01SUM1-LJ01B-09-PRESTB102,2,False,0,0,,,
2024-05-27,RS01SUM1-LJ01B-09-PRESTB102,2,False,0,0,,,
2024-05-28,RS01SUM1-LJ01B-09-PRESTB102,2,False,0,0,,,
2024-05-29,RS01SUM1-LJ01B-09-PRESTB102,2,False,0,0,,,
2024-05-30,RS01SUM1-LJ01B-09-PRESTB102,2,False,0,0,,,
2024-05-31,RS01SUM1-LJ01B-09-PRESTB102,2,False,0,0,,,
2024-06-01,RS01SUM1-LJ01B-09-PRESTB102,2,False,0,0,,,
2024-06-02,RS01SUM1-LJ01B-09-PRESTB102,2,False,0,0,,,
2024-06-03,RS01SUM1-LJ01B-09-PRESTB102,2,False,0,0,,,
2024-06-04,RS01SUM1-LJ01B-09-PRESTB102,2,False,0,0,,,
2024-06-05,RS01SUM1-LJ01B-09-PRESTB102,2,False,0,0,,,
2024-06-06,RS01SUM1-LJ01B-09-PRESTB102,2,False,0,0,,,
2024-06-07,RS01SUM1-LJ01B-09-PRESTB102,2,False,0,0,,,
2024-06-08,RS01SUM1-LJ01B-09-PRESTB102,2,False,0,0,,,
2024-06-09,RS01SUM1-LJ01B-09-PRESTB102,2,False,0,0,,,
2024-06-10,RS01SUM1-LJ01B-09-PRESTB102,2,False,0,0,,,
2024-06-11,RS01SUM1-LJ01B-09-PRESTB102,2,False,0,0,,,
2024-06-12,RS01SUM1-LJ01B-09-PRESTB102,2,False,0,0,,,
2024-06-13,RS01SUM1-LJ01B-09-PRESTB102,2,False,0,0,,,
2024-06-14,RS01SUM1-LJ01B-09-PRESTB102,2,False,0,0,,,
2024-06-15,RS01SUM1-LJ01B-09-PRESTB102,2,False,0,0,,,
2024-06-16,RS01SUM1-LJ01B-09-PRESTB102,2,False,0,0,,,
2024-06-17,RS01SUM1-LJ01B-09-PRESTB102,2,False,0,0,,,
2024-06-18,RS01SUM1-LJ01B-09-PRESTB102,2,False,0,0,,,
2024-06-19,RS01SUM1-LJ01B-09-PRESTB102,2,False,0,0,,,
2024-06-20,RS01SUM1-LJ01B-09-PRESTB102,2,False,0,0,,,
2024-06-21,RS01SUM1-LJ01B-09-PRESTB102,2,False,0,0,,,
2024-06-22,RS01SUM1-LJ01B-09-PRESTB102,2,False,0,0,,,
2024-06-23,RS01SUM1-LJ01B-09-PRESTB102,2,False,0,0,,,
2024-06-24,RS01SUM1-LJ01B-09-PRESTB102,2,False,0,0,,,
2024-06-25,RS01SUM1-LJ01B-09-PRESTB102,2,False,0,0,,,
2024-06-26,RS01SUM1-LJ01B-09-PRESTB102,2,False,0,0,,,
2024-06-27,RS01SUM1-LJ01B-09-PRESTB102,2,False,0,0,,,
2024-06-28,RS01SUM1-LJ01B-09-PRESTB102,2,False,0,0,,,
2024-06-29,RS01SUM1-LJ01B-09-PRESTB102,2,False,0,0,,,
2024-06-30,RS01SUM1-LJ01B-09-PRESTB102,2,False,0,0,,,
2024-07-01,RS01SUM1-LJ01B-09-PRESTB102,2,False,0,0,,,
2024-07-02,RS01SUM1-LJ01B-09-PRESTB102,2,False,0,0,,,
2024-07-03,RS01SUM1-LJ01B-09-PRESTB102,2,False,0,0,,,
2024-07-04,RS01SUM1-LJ01B-09-PRESTB102,2,False,0,0,,,
2024-07-05,RS01SUM1-LJ01B-09-PRESTB102,2,True,6130,6130,0,0.0,92.9051
2024-07-06,RS01SUM1-LJ01B-09-PRESTB102,2,False,0,0,,,
2024-07-07,RS01SUM1-LJ01B-09-PRESTB102,2,False,0,0,,,
2024-07-08,RS01SUM1-LJ01B-09-PRESTB102,2,False,0,0,,,
2024-07-09,RS01SUM1-LJ01B-09-PRESTB102,2,False,0,0,,,
2024-07-10,RS01SUM1-LJ01B-09-PRESTB102,2,False,0,0,,,
2024-07-11,RS01SUM1-LJ01B-09-PRESTB102,2,False,0,0,,,
2024-07-12,RS01SUM1-LJ01B-09-PRESTB102,2,False,0,0,,,
2024-07-13,RS01SUM1-LJ01B-09-PRESTB102,2,False,0,0,,,
2024-07-14,RS01SUM1-LJ01B-09-PRESTB102,2,False,0,0,,,
2024-07-15,RS01SUM1-LJ01B-09-PRESTB102,2,False,0,0,,,
2024-07-16,RS01SUM1-LJ01B-09-PRESTB102,2,False,0,0,,,
2024-07-17,RS01SUM1-LJ01B-09-PRESTB102,2,False,0,0,,,
2024-07-18,RS01SUM1-LJ01B-09-PRESTB102,2,False,0,0,,,
2024-07-19,RS01SUM1-LJ01B-09-PRESTB102,2,False,0,0,,,
2024-07-20,RS01SUM1-LJ01B-09-PRESTB102,2,False,0,0,,,
2024-07-21,RS01SUM1-LJ01B-09-PRESTB102,2,False,0,0,,,
2024-07-22,RS01SUM1-LJ01B-09-PRESTB102,2,False,0,0,,,
2024-07-23,RS01SUM1-LJ01B-09-PRESTB102,2,False,0,0,,,
2024-07-24,RS01SUM1-LJ01B-09-PRESTB102,2,False,0,0,,,
2024-07-25,RS01SUM1-LJ01B-09-PRESTB102,2,False,0,0,,,
2024-07-26,RS01SUM1-LJ01B-09-PRESTB102,2,False,0,0,,,
2024-07-27,RS01SUM1-LJ01B-09-PRESTB102,2,False,0,0,,,
2024-07-28,RS01SUM1-LJ01B-09-PRESTB102,2,False,0,0,,,
2024-07-29,RS01SUM1-LJ01B-09-PRESTB102,2,False,0,0,,,
2024-07-30,RS01SUM1-LJ01B-09-PRESTB102,2,False,0,0,,,
2024-07-31,RS01SUM1-LJ01B-09-PRESTB102,2,False,0,0,,,
2024-08-01,RS01SUM1-LJ01B-09-PRESTB102,2,False,0,0,,,
2024-08-02,RS01SUM1-LJ01B-09-PRESTB102,2,False,0,0,,,
2024-08-03,RS01SUM1-LJ01B-09-PRESTB102,2,False,0,0,,,
2024-08-04,RS01SUM1-LJ01B-09-PRESTB102,2,False,0,0,,,
2024-08-05,RS01SUM1-LJ01B-09-PRESTB102,2,False,0,0,,,
2024-08-06,RS01SUM1-LJ01B-09-PRESTB102,2,False,0,0,,,
2024-08-07,RS01SUM1-LJ01B-09-PRESTB102,2,False,0,0,,,
2024-08-08,RS01SUM1-LJ01B-09-PRESTB102,2,False,0,0,,,
2024-08-09,RS01SUM1-LJ01B-09-PRESTB102,2,False,0,0,,,
2024-08-10,RS01SUM1-LJ01B-09-PRESTB102,2,False,0,0,,,
2024-08-11,RS01SUM1-LJ01B-09-PRESTB102,2,False,0,0,,,
2024-08-12,RS01SUM1-LJ01B-09-PRESTB102,2,False,0,0,,,
2024-08-13,RS01SUM1-LJ01B-09-PRESTB102,2,False,0,0,,,
2024-08-14,RS01SUM1-LJ01B-09-PRESTB102,2,False,0,0,,,
2024-08-15,RS01SUM1-LJ01B-09-PRESTB102,2,False,0,0,,,
2024-08-16,RS01SUM1-LJ01B-09-PRESTB102,2,False,0,0,,,
2024-08-17,RS01SUM1-LJ01B-09-PRESTB102,2,False,0,0,,,
2024-08-18,RS01SUM1-LJ01B-09-PRESTB102,2,False,0,0,,,
2024-08-19,RS01SUM1-LJ01B-09-PRESTB102,2,False,0,0,,,
2024-08-20,RS01SUM1-LJ01B-09-PRESTB102,2,False,0,0,,,
2024-08-21,RS01SUM1-LJ01B-09-PRESTB102,2,True,64701,64715,14,0.0216,25.1146
2024-08-22,RS01SUM1-LJ01B-09-PRESTB102,2,True,86400,86400,0,0.0,0.0
2024-08-23,RS01SUM1-LJ01B-09-PRESTB102,2,True,86400,86400,0,0.0,0.0
2024-08-24,RS01SUM1-LJ01B-09-PRESTB102,2,True,86400,86400,0,0.0,0.0
2024-08-25,RS01SUM1-LJ01B-09-PRESTB102,2,True,86400,86400,0,0.0,0.0
2024-08-26,RS01SUM1-LJ01B-09-PRESTB102,2,True,86400,86400,0,0.0,0.0
2024-08-27,RS01SUM1-LJ01B-09-PRESTB102,2,True,85853,86400,547,0.6331,0.6331
2024-08-28,RS01SUM1-LJ01B-09-PRESTB102,2,True,86400,86400,0,0.0,0.0
2024-08-29,RS01SUM1-LJ01B-09-PRESTB102,2,True,86400,86400,0,0.0,0.0
2024-08-30,RS01SUM1-LJ01B-09-PRESTB102,2,True,86400,86400,0,0.0,0.0
2024-08-31,RS01SUM1-LJ01B-09-PRESTB102,2,True,86400,86400,0,0.0,0.0
2024-09-01,RS01SUM1-LJ01B-09-PRESTB102,2,True,86400,86400,0,0.0,0.0
2024-09-02,RS01SUM1-LJ01B-09-PRESTB102,2,True,86400,86400,0,0.0,0.0
2024-09-03,RS01SUM1-LJ01B-09-PRESTB102,2,True,86400,86400,0,0.0,0.0
2024-09-04,RS01SUM1-LJ01B-09-PRESTB102,2,True,86401,86401,0,0.0,0.0
2024-09-05,RS01SUM1-LJ01B-09-PRESTB102,2,True,86400,86400,0,0.0,0.0
2024-09-06,RS01SUM1-LJ01B-09-PRESTB102,2,True,86400,86400,0,0.0,0.0
2024-09-07,RS01SUM1-LJ01B-09-PRESTB102,2,True,86400,86400,0,0.0,0.0
2024-09-08,RS01SUM1-LJ01B-09-PRESTB102,2,True,86400,86400,0,0.0,0.0
2024-09-09,RS01SUM1-LJ01B-09-PRESTB102,2,True,86400,86400,0,0.0,0.0
2024-09-10,RS01SUM1-LJ01B-09-PRESTB102,2,True,86400,86400,0,0.0,0.0
2024-09-11,RS01SUM1-LJ01B-09-PRESTB102,2,True,86400,86400,0,0.0,0.0
2024-09-12,RS01SUM1-LJ01B-09-PRESTB102,2,True,86400,86400,0,0.0,0.0
2024-09-13,RS01SUM1-LJ01B-09-PRESTB102,2,True,86400,86400,0,0.0,0.0
2024-09-14,RS01SUM1-LJ01B-09-PRESTB102,2,True,86400,86400,0,0.0,0.0
2024-09-15,RS01SUM1-LJ01B-09-PRESTB102,2,True,86400,86400,0,0.0,0.0
2024-09-16,RS01SUM1-LJ01B-09-PRESTB102,2,True,86400,86400,0,0.0,0.0
2024-09-17,RS01SUM1-LJ01B-09-PRESTB102,2,True,86400,86400,0,0.0,0.0
2024-09-18,RS01SUM1-LJ01B-09-PRESTB102,2,True,6736,6736,0,0.0,92.2037
2024-09-19,RS01SUM1-LJ01B-09-PRESTB102,2,True,85792,85792,0,0.0,0.7037
2024-09-20,RS01SUM1-LJ01B-09-PRESTB102,2,True,86400,86400,0,0.0,0.0
2024-09-21,RS01SUM1-LJ01B-09-PRESTB102,2,True,86400,86400,0,0.0,0.0
2024-09-22,RS01SUM1-LJ01B-09-PRESTB102,2,True,86400,86400,0,0.0,0.0
2024-09-23,RS01SUM1-LJ01B-09-PRESTB102,2,True,86400,86400,0,0.0,0.0
2024-09-24,RS01SUM1-LJ01B-09-PRESTB102,2,True,86400,86400,0,0.0,0.0
2024-09-25,RS01SUM1-LJ01B-09-PRESTB102,2,True,86400,86400,0,0.0,0.0
2024-09-26,RS01SUM1-LJ01B-09-PRESTB102,2,True,86400,86400,0,0.0,0.0
2024-09-27,RS01SUM1-LJ01B-09-PRESTB102,2,True,86400,86400,0,0.0,0.0
2024-09-28,RS01SUM1-LJ01B-09-PRESTB102,2,True,86400,86400,0,0.0,0.0
2024-09-29,RS01SUM1-LJ01B-09-PRESTB102,2,True,86400,86400,0,0.0,0.0
2024-09-30,RS01SUM1-LJ01B-09-PRESTB102,2,True,86400,86400,0,0.0,0.0
2024-10-01,RS01SUM1-LJ01B-09-PRESTB102,2,True,86400,86400,0,0.0,0.0
2024-10-02,RS01SUM1-LJ01B-09-PRESTB102,2,True,86400,86400,0,0.0,0.0
2024-10-03,RS01SUM1-LJ01B-09-PRESTB102,2,True,84914,86400,1486,1.7199,1.7199
2024-10-04,RS01SUM1-LJ01B-09-PRESTB102,2,True,86400,86400,0,0.0,0.0
2024-10-05,RS01SUM1-LJ01B-09-PRESTB102,2,True,86400,86400,0,0.0,0.0
2024-10-06,RS01SUM1-LJ01B-09-PRESTB102,2,True,85228,86400,1172,1.3565,1.3565
2024-10-07,RS01SUM1-LJ01B-09-PRESTB102,2,True,86400,86400,0,0.0,0.0
2024-10-08,RS01SUM1-LJ01B-09-PRESTB102,2,True,86400,86400,0,0.0,0.0
2024-10-09,RS01SUM1-LJ01B-09-PRESTB102,2,True,86401,86401,0,0.0,0.0
2024-10-10,RS01SUM1-LJ01B-09-PRESTB102,2,True,86400,86400,0,0.0,0.0
2024-10-11,RS01SUM1-LJ01B-09-PRESTB102,2,True,86400,86400,0,0.0,0.0
2024-10-12,RS01SUM1-LJ01B-09-PRESTB102,2,True,86400,86400,0,0.0,0.0
2024-10-13,RS01SUM1-LJ01B-09-PRESTB102,2,True,86400,86400,0,0.0,0.0
2024-10-14,RS01SUM1-LJ01B-09-PRESTB102,2,True,86400,86400,0,0.0,0.0
2024-10-15,RS01SUM1-LJ01B-09-PRESTB102,2,True,86400,86400,0,0.0,0.0
2024-10-16,RS01SUM1-LJ01B-09-PRESTB102,2,True,86400,86400,0,0.0,0.0
2024-10-17,RS01SUM1-LJ01B-09-PRESTB102,2,True,86400,86400,0,0.0,0.0
2024-10-18,RS01SUM1-LJ01B-09-PRESTB102,2,True,86400,86400,0,0.0,0.0
2024-10-19,RS01SUM1-LJ01B-09-PRESTB102,2,True,86400,86400,0,0.0,0.0
2024-10-20,RS01SUM1-LJ01B-09-PRESTB102,2,True,86400,86400,0,0.0,0.0
2024-10-21,RS01SUM1-LJ01B-09-PRESTB102,2,True,86400,86400,0,0.0,0.0
2024-10-22,RS01SUM1-LJ01B-09-PRESTB102,2,True,86400,86400,0,0.0,0.0
2024-10-23,RS01SUM1-LJ01B-09-PRESTB102,2,True,86400,86400,0,0.0,0.0
2024-10-24,RS01SUM1-LJ01B-09-PRESTB102,2,True,86400,86400,0,0.0,0.0
2024-10-25,RS01SUM1-LJ01B-09-PRESTB102,2,True,86400,86400,0,0.0,0.0
2024-10-26,RS01SUM1-LJ01B-09-PRESTB102,2,True,86400,86400,0,0.0,0.0
2024-10-27,RS01SUM1-LJ01B-09-PRESTB102,2,True,86400,86400,0,0.0,0.0
2024-10-28,RS01SUM1-LJ01B-09-PRESTB102,2,True,86400,86400,0,0.0,0.0
2024-10-29,RS01SUM1-LJ01B-09-PRESTB102,2,True,86400,86400,0,0.0,0.0
2024-10-30,RS01SUM1-LJ01B-09-PRESTB102,2,True,86400,86400,0,0.0,0.0
2024-10-31,RS01SUM1-LJ01B-09-PRESTB102,2,True,86400,86400,0,0.0,0.0
2024-11-01,RS01SUM1-LJ01B-09-PRESTB102,2,True,86400,86400,0,0.0,0.0
2024-11-02,RS01SUM1-LJ01B-09-PRESTB102,2,True,86400,86400,0,0.0,0.0
2024-11-03,RS01SUM1-LJ01B-09-PRESTB102,2,True,86400,86400,0,0.0,0.0
2024-11-04,RS01SUM1-LJ01B-09-PRESTB102,2,True,86400,86400,0,0.0,0.0
2024-11-05,RS01SUM1-LJ01B-09-PRESTB102,2,True,86400,86400,0,0.0,0.0
2024-11-06,RS01SUM1-LJ01B-09-PRESTB102,2,True,86400,86400,0,0.0,0.0
2024-11-07,RS01SUM1-LJ01B-09-PRESTB102,2,True,86400,86400,0,0.0,0.0
2024-11-08,RS01SUM1-LJ01B-09-PRESTB102,2,True,86400,86400,0,0.0,0.0
2024-11-09,RS01SUM1-LJ01B-09-PRESTB102,2,True,86400,86400,0,0.0,0.0
2024-11-10,RS01SUM1-LJ01B-09-PRESTB102,2,True,86400,86400,0,0.0,0.0
2024-11-11,RS01SUM1-LJ01B-09-PRESTB102,2,True,86400,86400,0,0.0,0.0
2024-11-12,RS01SUM1-LJ01B-09-PRESTB102,2,True,86400,86400,0,0.0,0.0
2024-11-13,RS01SUM1-LJ01B-09-PRESTB102,2,True,86401,86401,0,0.0,0.0
2024-11-14,RS01SUM1-LJ01B-09-PRESTB102,2,True,86400,86400,0,0.0,0.0
2024-11-15,RS01SUM1-LJ01B-09-PRESTB102,2,True,86400,86400,0,0.0,0.0
2024-11-16,RS01SUM1-LJ01B-09-PRESTB102,2,True,86400,86400,0,0.0,0.0
2024-11-17,RS01SUM1-LJ01B-09-PRESTB102,2,True,86400,86400,0,0.0,0.0
2024-11-18,RS01SUM1-LJ01B-09-PRESTB102,2,True,86400,86400,0,0.0,0.0
2024-11-19,RS01SUM1-LJ01B-09-PRESTB102,2,True,86400,86400,0,0.0,0.0
2024-11-20,RS01SUM1-LJ01B-09-PRESTB102,2,True,86400,86400,0,0.0,0.0
2024-11-21,RS01SUM1-LJ01B-09-PRESTB102,2,True,86400,86400,0,0.0,0.0
2024-11-22,RS01SUM1-LJ01B-09-PRESTB102,2,True,86400,86400,0,0.0,0.0
2024-11-23,RS01SUM1-LJ01B-09-PRESTB102,2,True,86400,86400,0,0.0,0.0
2024-11-24,RS01SUM1-LJ01B-09-PRESTB102,2,True,86400,86400,0,0.0,0.0
2024-11-25,RS01SUM1-LJ01B-09-PRESTB102,2,True,86400,86400,0,0.0,0.0
2024-11-26,RS01SUM1-LJ01B-09-PRESTB102,2,True,86400,86400,0,0.0,0.0
2024-11-27,RS01SUM1-LJ01B-09-PRESTB102,2,True,86400,86400,0,0.0,0.0
2024-11-28,RS01SUM1-LJ01B-09-PRESTB102,2,True,86400,86400,0,0.0,0.0
2024-11-29,RS01SUM1-LJ01B-09-PRESTB102,2,True,86400,86400,0,0.0,0.0
2024-11-30,RS01SUM1-LJ01B-09-PRESTB102,2,True,86400,86400,0,0.0,0.0
2024-12-01,RS01SUM1-LJ01B-09-PRESTB102,2,True,86400,86400,0,0.0,0.0
2024-12-02,RS01SUM1-LJ01B-09-PRESTB102,2,True,86400,86400,0,0.0,0.0
2024-12-03,RS01SUM1-LJ01B-09-PRESTB102,2,True,86400,86400,0,0.0,0.0
2024-12-04,RS01SUM1-LJ01B-09-PRESTB102,2,True,86400,86400,0,0.0,0.0
2024-12-05,RS01SUM1-LJ01B-09-PRESTB102,2,True,86400,86400,0,0.0,0.0
2024-12-06,RS01SUM1-LJ01B-09-PRESTB102,2,True,86400,86400,0,0.0,0.0
2024-12-07,RS01SUM1-LJ01B-09-PRESTB102,2,True,86400,86400,0,0.0,0.0
2024-12-08,RS01SUM1-LJ01B-09-PRESTB102,2,True,86400,86400,0,0.0,0.0
2024-12-09,RS01SUM1-LJ01B-09-PRESTB102,2,True,86400,86400,0,0.0,0.0
2024-12-10,RS01SUM1-LJ01B-09-PRESTB102,2,True,86400,86400,0,0.0,0.0
2024-12-11,RS01SUM1-LJ01B-09-PRESTB102,2,True,52528,52528,0,0.0,39.2037
2024-12-12,RS01SUM1-LJ01B-09-PRESTB102,2,True,74760,74798,38,0.0508,13.4722
2024-12-13,RS01SUM1-LJ01B-09-PRESTB102,2,True,86400,86400,0,0.0,0.0
2024-12-14,RS01SUM1-LJ01B-09-PRESTB102,2,True,54015,86418,32403,37.4957,37.4826
2024-12-15,RS01SUM1-LJ01B-09-PRESTB102,2,True,86400,86400,0,0.0,0.0
2024-12-16,RS01SUM1-LJ01B-09-PRESTB102,2,True,86400,86400,0,0.0,0.0
2024-12-17,RS01SUM1-LJ01B-09-PRESTB102,2,True,86400,86400,0,0.0,0.0
2024-12-18,RS01SUM1-LJ01B-09-PRESTB102,2,True,86400,86400,0,0.0,0.0
2024-12-19,RS01SUM1-LJ01B-09-PRESTB102,2,True,86401,86401,0,0.0,0.0
2024-12-20,RS01SUM1-LJ01B-09-PRESTB102,2,True,86400,86400,0,0.0,0.0
2024-12-21,RS01SUM1-LJ01B-09-PRESTB102,2,True,86400,86400,0,0.0,0.0
2024-12-22,RS01SUM1-LJ01B-09-PRESTB102,2,True,86400,86400,0,0.0,0.0
2024-12-23,RS01SUM1-LJ01B-09-PRESTB102,2,True,86400,86400,0,0.0,0.0
2024-12-24,RS01SUM1-LJ01B-09-PRESTB102,2,True,86400,86400,0,0.0,0.0
2024-12-25,RS01SUM1-LJ01B-09-PRESTB102,2,True,86400,86400,0,0.0,0.0
2024-12-26,RS01SUM1-LJ01B-09-PRESTB102,2,True,86400,86400,0,0.0,0.0
2024-12-27,RS01SUM1-LJ01B-09-PRESTB102,2,True,86400,86400,0,0.0,0.0
2024-12-28,RS01SUM1-LJ01B-09-PRESTB102,2,True,86400,86400,0,0.0,0.0
2024-12-29,RS01SUM1-LJ01B-09-PRESTB102,2,True,86400,86400,0,0.0,0.0
2024-12-30,RS01SUM1-LJ01B-09-PRESTB102,2,True,86400,86400,0,0.0,0.0
2024-12-31,RS01SUM1-LJ01B-09-PRESTB102,2,True,86400,86400,0,0.0,0.0
2025-01-01,RS01SUM1-LJ01B-09-PRESTB102,2,True,86400,86400,0,0.0,0.0
2025-01-02,RS01SUM1-LJ01B-09-PRESTB102,2,True,86400,86400,0,0.0,0.0
2025-01-03,RS01SUM1-LJ01B-09-PRESTB102,2,True,86400,86400,0,0.0,0.0
2025-01-04,RS01SUM1-LJ01B-09-PRESTB102,2,True,86400,86400,0,0.0,0.0
2025-01-05,RS01SUM1-LJ01B-09-PRESTB102,2,True,86400,86400,0,0.0,0.0
2025-01-06,RS01SUM1-LJ01B-09-PRESTB102,2,True,86400,86400,0,0.0,0.0
2025-01-07,RS01SUM1-LJ01B-09-PRESTB102,2,True,86400,86400,0,0.0,0.0
2025-01-08,RS01SUM1-LJ01B-09-PRESTB102,2,True,85563,86401,838,0.9699,0.9687
2025-01-09,RS01SUM1-LJ01B-09-PRESTB102,2,True,86400,86400,0,0.0,0.0
2025-01-10,RS01SUM1-LJ01B-09-PRESTB102,2,True,86400,86400,0,0.0,0.0
2025-01-11,RS01SUM1-LJ01B-09-PRESTB102,2,True,86400,86400,0,0.0,0.0
2025-01-12,RS01SUM1-LJ01B-09-PRESTB102,2,True,86400,86400,0,0.0,0.0
2025-01-13,RS01SUM1-LJ01B-09-PRESTB102,2,True,86400,86400,0,0.0,0.0
2025-01-14,RS01SUM1-LJ01B-09-PRESTB102,2,True,86390,86400,10,0.0116,0.0116
2025-01-15,RS01SUM1-LJ01B-09-PRESTB102,2,True,86400,86400,0,0.0,0.0
2025-01-16,RS01SUM1-LJ01B-09-PRESTB102,2,True,86400,86400,0,0.0,0.0
2025-01-17,RS01SUM1-LJ01B-09-PRESTB102,2,True,86400,86400,0,0.0,0.0
2025-01-18,RS01SUM1-LJ01B-09-PRESTB102,2,True,86400,86400,0,0.0,0.0
2025-01-19,RS01SUM1-LJ01B-09-PRESTB102,2,True,86400,86400,0,0.0,0.0
2025-01-20,RS01SUM1-LJ01B-09-PRESTB102,2,True,86400,86400,0,0.0,0.0
2025-01-21,RS01SUM1-LJ01B-09-PRESTB102,2,True,86400,86400,0,0.0,0.0
2025-01-22,RS01SUM1-LJ01B-09-PRESTB102,2,True,86400,86400,0,0.0,0.0
2025-01-23,RS01SUM1-LJ01B-09-PRESTB102,2,True,86400,86400,0,0.0,0.0
2025-01-24,RS01SUM1-LJ01B-09-PRESTB102,2,True,85308,86401,1093,1.265,1.2639
2025-01-25,RS01SUM1-LJ01B-09-PRESTB102,2,True,84593,86400,1807,2.0914,2.0914
2025-01-26,RS01SUM1-LJ01B-09-PRESTB102,2,True,86400,86400,0,0.0,0.0
2025-01-27,RS01SUM1-LJ01B-09-PRESTB102,2,True,86400,86400,0,0.0,0.0
2025-01-28,RS01SUM1-LJ01B-09-PRESTB102,2,True,86400,86400,0,0.0,0.0
2025-01-29,RS01SUM1-LJ01B-09-PRESTB102,2,True,73471,73471,0,0.0,14.9641
2025-01-30,RS01SUM1-LJ01B-09-PRESTB102,2,True,75522,75623,101,0.1336,12.5903
2025-01-31,RS01SUM1-LJ01B-09-PRESTB102,2,True,30723,86430,55707,64.4533,64.441
2025-02-01,RS01SUM1-LJ01B-09-PRESTB102,2,True,86400,86400,0,0.0,0.0
2025-02-02,RS01SUM1-LJ01B-09-PRESTB102,2,True,86400,86400,0,0.0,0.0
2025-02-03,RS01SUM1-LJ01B-09-PRESTB102,2,True,86400,86400,0,0.0,0.0
2025-02-04,RS01SUM1-LJ01B-09-PRESTB102,2,True,86400,86400,0,0.0,0.0
2025-02-05,RS01SUM1-LJ01B-09-PRESTB102,2,True,86400,86400,0,0.0,0.0
2025-02-06,RS01SUM1-LJ01B-09-PRESTB102,2,True,86400,86400,0,0.0,0.0
2025-02-07,RS01SUM1-LJ01B-09-PRESTB102,2,True,86400,86400,0,0.0,0.0
2025-02-08,RS01SUM1-LJ01B-09-PRESTB102,2,True,86400,86400,0,0.0,0.0
2025-02-09,RS01SUM1-LJ01B-09-PRESTB102,2,True,86400,86400,0,0.0,0.0
2025-02-10,RS01SUM1-LJ01B-09-PRESTB102,2,True,86400,86400,0,0.0,0.0
2025-02-11,RS01SUM1-LJ01B-09-PRESTB102,2,True,86400,86400,0,0.0,0.0
2025-02-12,RS01SUM1-LJ01B-09-PRESTB102,2,True,86400,86400,0,0.0,0.0
2025-02-13,RS01SUM1-LJ01B-09-PRESTB102,2,True,86400,86400,0,0.0,0.0
2025-02-14,RS01SUM1-LJ01B-09-PRESTB102,2,True,86400,86400,0,0.0,0.0
2025-02-15,RS01SUM1-LJ01B-09-PRESTB102,2,True,86400,86400,0,0.0,0.0
2025-02-16,RS01SUM1-LJ01B-09-PRESTB102,2,True,86400,86400,0,0.0,0.0
2025-02-17,RS01SUM1-LJ01B-09-PRESTB102,2,True,86400,86400,0,0.0,0.0
2025-02-18,RS01SUM1-LJ01B-09-PRESTB102,2,True,86400,86400,0,0.0,0.0
2025-02-19,RS01SUM1-LJ01B-09-PRESTB102,2,True,86400,86400,0,0.0,0.0
2025-02-20,RS01SUM1-LJ01B-09-PRESTB102,2,True,86400,86400,0,0.0,0.0
2025-02-21,RS01SUM1-LJ01B-09-PRESTB102,2,True,86400,86400,0,0.0,0.0
2025-02-22,RS01SUM1-LJ01B-09-PRESTB102,2,True,86400,86400,0,0.0,0.0
2025-02-23,RS01SUM1-LJ01B-09-PRESTB102,2,True,86400,86400,0,0.0,0.0
2025-02-24,RS01SUM1-LJ01B-09-PRESTB102,2,True,86400,86400,0,0.0,0.0
2025-02-25,RS01SUM1-LJ01B-09-PRESTB102,2,True,86400,86400,0,0.0,0.0
2025-02-26,RS01SUM1-LJ01B-09-PRESTB102,2,True,86401,86401,0,0.0,0.0
2025-02-27,RS01SUM1-LJ01B-09-PRESTB102,2,True,86400,86400,0,0.0,0.0
2025-02-28,RS01SUM1-LJ01B-09-PRESTB102,2,True,86400,86400,0,0.0,0.0
2025-03-01,RS01SUM1-LJ01B-09-PRESTB102,2,True,86400,86400,0,0.0,0.0
2025-03-02,RS01SUM1-LJ01B-09-PRESTB102,2,True,86400,86400,0,0.0,0.0
2025-03-03,RS01SUM1-LJ01B-09-PRESTB102,2,True,86400,86400,0,0.0,0.0
2025-03-04,RS01SUM1-LJ01B-09-PRESTB102,2,True,86400,86400,0,0.0,0.0
2025-03-05,RS01SUM1-LJ01B-09-PRESTB102,2,True,86400,86400,0,0.0,0.0
2025-03-06,RS01SUM1-LJ01B-09-PRESTB102,2,True,86400,86400,0,0.0,0.0
2025-03-07,RS01SUM1-LJ01B-09-PRESTB102,2,True,86400,86400,0,0.0,0.0
2025-03-08,RS01SUM1-LJ01B-09-PRESTB102,2,True,86400,86400,0,0.0,0.0
2025-03-09,RS01SUM1-LJ01B-09-PRESTB102,2,True,86400,86400,0,0.0,0.0
2025-03-10,RS01SUM1-LJ01B-09-PRESTB102,2,True,86400,86400,0,0.0,0.0
2025-03-11,RS01SUM1-LJ01B-09-PRESTB102,2,True,86400,86400,0,0.0,0.0
2025-03-12,RS01SUM1-LJ01B-09-PRESTB102,2,True,86400,86400,0,0.0,0.0
2025-03-13,RS01SUM1-LJ01B-09-PRESTB102,2,True,86400,86400,0,0.0,0.0
2025-03-14,RS01SUM1-LJ01B-09-PRESTB102,2,True,86400,86400,0,0.0,0.0
2025-03-15,RS01SUM1-LJ01B-09-PRESTB102,2,True,86400,86400,0,0.0,0.0
2025-03-16,RS01SUM1-LJ01B-09-PRESTB102,2,True,86400,86400,0,0.0,0.0
2025-03-17,RS01SUM1-LJ01B-09-PRESTB102,2,True,86400,86400,0,0.0,0.0
2025-03-18,RS01SUM1-LJ01B-09-PRESTB102,2,True,86400,86400,0,0.0,0.0
2025-03-19,RS01SUM1-LJ01B-09-PRESTB102,2,True,86400,86400,0,0.0,0.0
2025-03-20,RS01SUM1-LJ01B-09-PRESTB102,2,True,86400,86400,0,0.0,0.0
2025-03-21,RS01SUM1-LJ01B-09-PRESTB102,2,True,85799,86400,601,0.6956,0.6956
2025-03-22,RS01SUM1-LJ01B-09-PRESTB102,2,True,86400,86400,0,0.0,0.0
2025-03-23,RS01SUM1-LJ01B-09-PRESTB102,2,True,86400,86400,0,0.0,0.0
2025-03-24,RS01SUM1-LJ01B-09-PRESTB102,2,True,86400,86400,0,0.0,0.0
2025-03-25,RS01SUM1-LJ01B-09-PRESTB102,2,True,86400,86400,0,0.0,0.0
2025-03-26,RS01SUM1-LJ01B-09-PRESTB102,2,True,85809,86400,591,0.684,0.684
2025-03-27,RS01SUM1-LJ01B-09-PRESTB102,2,True,86400,86400,0,0.0,0.0
2025-03-28,RS01SUM1-LJ01B-09-PRESTB102,2,True,86400,86400,0,0.0,0.0
2025-03-29,RS01SUM1-LJ01B-09-PRESTB102,2,True,86400,86400,0,0.0,0.0
2025-03-30,RS01SUM1-LJ01B-09-PRESTB102,2,True,86400,86400,0,0.0,0.0
2025-03-31,RS01SUM1-LJ01B-09-PRESTB102,2,True,86400,86400,0,0.0,0.0
2025-04-01,RS01SUM1-LJ01B-09-PRESTB102,2,True,63216,86409,23193,26.841,26.8333
2025-04-02,RS01SUM1-LJ01B-09-PRESTB102,2,True,86401,86401,0,0.0,0.0
2025-04-03,RS01SUM1-LJ01B-09-PRESTB102,2,True,86400,86400,0,0.0,0.0
2025-04-04,RS01SUM1-LJ01B-09-PRESTB102,2,True,86400,86400,0,0.0,0.0
2025-04-05,RS01SUM1-LJ01B-09-PRESTB102,2,True,86400,86400,0,0.0,0.0
2025-04-06,RS01SUM1-LJ01B-09-PRESTB102,2,True,86400,86400,0,0.0,0.0
2025-04-07,RS01SUM1-LJ01B-09-PRESTB102,2,True,86400,86400,0,0.0,0.0
2025-04-08,RS01SUM1-LJ01B-09-PRESTB102,2,True,86400,86400,0,0.0,0.0
2025-04-09,RS01SUM1-LJ01B-09-PRESTB102,2,True,86400,86400,0,0.0,0.0
2025-04-10,RS01SUM1-LJ01B-09-PRESTB102,2,True,86400,86400,0,0.0,0.0
2025-04-11,RS01SUM1-LJ01B-09-PRESTB102,2,True,86400,86400,0,0.0,0.0
2025-04-12,RS01SUM1-LJ01B-09-PRESTB102,2,True,86400,86400,0,0.0,0.0
2025-04-13,RS01SUM1-LJ01B-09-PRESTB102,2,True,86400,86400,0,0.0,0.0
2025-04-14,RS01SUM1-LJ01B-09-PRESTB102,2,True,86400,86400,0,0.0,0.0
2025-04-15,RS01SUM1-LJ01B-09-PRESTB102,2,True,86400,86400,0,0.0,0.0
2025-04-16,RS01SUM1-LJ01B-09-PRESTB102,2,True,86400,86400,0,0.0,0.0
2025-04-17,RS01SUM1-LJ01B-09-PRESTB102,2,True,86400,86400,0,0.0,0.0
2025-04-18,RS01SUM1-LJ01B-09-PRESTB102,2,True,86400,86400,0,0.0,0.0
2025-04-19,RS01SUM1-LJ01B-09-PRESTB102,2,True,86400,86400,0,0.0,0.0
2025-04-20,RS01SUM1-LJ01B-09-PRESTB102,2,True,86400,86400,0,0.0,0.0
2025-04-21,RS01SUM1-LJ01B-09-PRESTB102,2,True,86400,86400,0,0.0,0.0
2025-04-22,RS01SUM1-LJ01B-09-PRESTB102,2,True,86400,86400,0,0.0,0.0
2025-04-23,RS01SUM1-LJ01B-09-PRESTB102,2,True,86400,86400,0,0.0,0.0
2025-04-24,RS01SUM1-LJ01B-09-PRESTB102,2,True,86400,86400,0,0.0,0.0
2025-04-25,RS01SUM1-LJ01B-09-PRESTB102,2,True,86400,86400,0,0.0,0.0
2025-04-26,RS01SUM1-LJ01B-09-PRESTB102,2,True,86400,86400,0,0.0,0.0
2025-04-27,RS01SUM1-LJ01B-09-PRESTB102,2,True,86400,86400,0,0.0,0.0
2025-04-28,RS01SUM1-LJ01B-09-PRESTB102,2,True,86400,86400,0,0.0,0.0
2025-04-29,RS01SUM1-LJ01B-09-PRESTB102,2,True,86400,86400,0,0.0,0.0
2025-04-30,RS01SUM1-LJ01B-09-PRESTB102,2,True,86400,86400,0,0.0,0.0
2025-05-01,RS01SUM1-LJ01B-09-PRESTB102,2,True,86400,86400,0,0.0,0.0
2025-05-02,RS01SUM1-LJ01B-09-PRESTB102,2,True,86400,86400,0,0.0,0.0
2025-05-03,RS01SUM1-LJ01B-09-PRESTB102,2,True,86401,86401,0,0.0,0.0
2025-05-04,RS01SUM1-LJ01B-09-PRESTB102,2,True,86400,86400,0,0.0,0.0
2025-05-05,RS01SUM1-LJ01B-09-PRESTB102,2,True,86400,86400,0,0.0,0.0
2025-05-06,RS01SUM1-LJ01B-09-PRESTB102,2,True,86400,86400,0,0.0,0.0
2025-05-07,RS01SUM1-LJ01B-09-PRESTB102,2,True,86400,86400,0,0.0,0.0
2025-05-08,RS01SUM1-LJ01B-09-PRESTB102,2,True,86400,86400,0,0.0,0.0
2025-05-09,RS01SUM1-LJ01B-09-PRESTB102,2,True,86400,86400,0,0.0,0.0
2025-05-10,RS01SUM1-LJ01B-09-PRESTB102,2,True,86400,86400,0,0.0,0.0
2025-05-11,RS01SUM1-LJ01B-09-PRESTB102,2,True,86400,86400,0,0.0,0.0
2025-05-12,RS01SUM1-LJ01B-09-PRESTB102,2,True,86400,86400,0,0.0,0.0
2025-05-13,RS01SUM1-LJ01B-09-PRESTB102,2,True,71936,86405,14469,16.7456,16.7407
2025-05-14,RS01SUM1-LJ01B-09-PRESTB102,2,True,86400,86400,0,0.0,0.0
2025-05-15,RS01SUM1-LJ01B-09-PRESTB102,2,True,86400,86400,0,0.0,0.0
2025-05-16,RS01SUM1-LJ01B-09-PRESTB102,2,True,86400,86400,0,0.0,0.0
2025-05-17,RS01SUM1-LJ01B-09-PRESTB102,2,True,86400,86400,0,0.0,0.0
2025-05-18,RS01SUM1-LJ01B-09-PRESTB102,2,True,86400,86400,0,0.0,0.0
2025-05-19,RS01SUM1-LJ01B-09-PRESTB102,2,True,86400,86400,0,0.0,0.0
2025-05-20,RS01SUM1-LJ01B-09-PRESTB102,2,True,86400,86400,0,0.0,0.0
2025-05-21,RS01SUM1-LJ01B-09-PRESTB102,2,True,86400,86400,0,0.0,0.0
2025-05-22,RS01SUM1-LJ01B-09-PRESTB102,2,True,86400,86400,0,0.0,0.0
2025-05-23,RS01SUM1-LJ01B-09-PRESTB102,2,True,86400,86400,0,0.0,0.0
2025-05-24,RS01SUM1-LJ01B-09-PRESTB102,2,True,86400,86400,0,0.0,0.0
2025-05-25,RS01SUM1-LJ01B-09-PRESTB102,2,True,86400,86400,0,0.0,0.0
2025-05-26,RS01SUM1-LJ01B-09-PRESTB102,2,True,86400,86400,0,0.0,0.0
2025-05-27,RS01SUM1-LJ01B-09-PRESTB102,2,True,86400,86400,0,0.0,0.0
2025-05-28,RS01SUM1-LJ01B-09-PRESTB102,2,True,86400,86400,0,0.0,0.0
2025-05-29,RS01SUM1-LJ01B-09-PRESTB102,2,True,86400,86400,0,0.0,0.0
2025-05-30,RS01SUM1-LJ01B-09-PRESTB102,2,True,86400,86400,0,0.0,0.0
2025-05-31,RS01SUM1-LJ01B-09-PRESTB102,2,True,86400,86400,0,0.0,0.0
2025-06-01,RS01SUM1-LJ01B-09-PRESTB102,2,True,86400,86400,0,0.0,0.0
2025-06-02,RS01SUM1-LJ01B-09-PRESTB102,2,True,86400,86400,0,0.0,0.0
2025-06-03,RS01SUM1-LJ01B-09-PRESTB102,2,True,86400,86400,0,0.0,0.0
2025-06-04,RS01SUM1-LJ01B-09-PRESTB102,2,True,86401,86401,0,0.0,0.0
2025-06-05,RS01SUM1-LJ01B-09-PRESTB102,2,True,86400,86400,0,0.0,0.0
2025-06-06,RS01SUM1-LJ01B-09-PRESTB102,2,True,86400,86400,0,0.0,0.0
2025-06-07,RS01SUM1-LJ01B-09-PRESTB102,2,True,86400,86400,0,0.0,0.0
2025-06-08,RS01SUM1-LJ01B-09-PRESTB102,2,True,86400,86400,0,0.0,0.0
2025-06-09,RS01SUM1-LJ01B-09-PRESTB102,2,True,86216,86400,184,0.213,0.213
2025-06-10,RS01SUM1-LJ01B-09-PRESTB102,2,True,86400,86400,0,0.0,0.0
2025-06-11,RS01SUM1-LJ01B-09-PRESTB102,2,True,86400,86400,0,0.0,0.0
2025-06-12,RS01SUM1-LJ01B-09-PRESTB102,2,True,86400,86400,0,0.0,0.0
2025-06-13,RS01SUM1-LJ01B-09-PRESTB102,2,True,86400,86400,0,0.0,0.0
2025-06-14,RS01SUM1-LJ01B-09-PRESTB102,2,True,86400,86400,0,0.0,0.0
2025-06-15,RS01SUM1-LJ01B-09-PRESTB102,2,True,86400,86400,0,0.0,0.0
2025-06-16,RS01SUM1-LJ01B-09-PRESTB102,2,True,86400,86400,0,0.0,0.0
2025-06-17,RS01SUM1-LJ01B-09-PRESTB102,2,True,86400,86400,0,0.0,0.0
2025-06-18,RS01SUM1-LJ01B-09-PRESTB102,2,True,86400,86400,0,0.0,0.0
2025-06-19,RS01SUM1-LJ01B-09-PRESTB102,2,True,86400,86400,0,0.0,0.0
2025-06-20,RS01SUM1-LJ01B-09-PRESTB102,2,True,86400,86400,0,0.0,0.0
2025-06-21,RS01SUM1-LJ01B-09-PRESTB102,2,True,86400,86400,0,0.0,0.0
2025-06-22,RS01SUM1-LJ01B-09-PRESTB102,2,True,86400,86400,0,0.0,0.0
2025-06-23,RS01SUM1-LJ01B-09-PRESTB102,2,True,86400,86400,0,0.0,0.0
2025-06-24,RS01SUM1-LJ01B-09-PRESTB102,2,True,86400,86400,0,0.0,0.0
2025-06-25,RS01SUM1-LJ01B-09-PRESTB102,2,True,86400,86400,0,0.0,0.0
2025-06-26,RS01SUM1-LJ01B-09-PRESTB102,2,True,86400,86400,0,0.0,0.0
2025-06-27,RS01SUM1-LJ01B-09-PRESTB102,2,True,86400,86400,0,0.0,0.0
2025-06-28,RS01SUM1-LJ01B-09-PRESTB102,2,True,86400,86400,0,0.0,0.0
2025-06-29,RS01SUM1-LJ01B-09-PRESTB102,2,True,86400,86400,0,0.0,0.0
2025-06-30,RS01SUM1-LJ01B-09-PRESTB102,2,True,86400,86400,0,0.0,0.0
2025-07-01,RS01SUM1-LJ01B-09-PRESTB102,2,True,86400,86400,0,0.0,0.0
2025-07-02,RS01SUM1-LJ01B-09-PRESTB102,2,True,86400,86400,0,0.0,0.0
2025-07-03,RS01SUM1-LJ01B-09-PRESTB102,2,True,86400,86400,0,0.0,0.0
2025-07-04,RS01SUM1-LJ01B-09-PRESTB102,2,True,86400,86400,0,0.0,0.0
2025-07-05,RS01SUM1-LJ01B-09-PRESTB102,2,True,86400,86400,0,0.0,0.0
2025-07-06,RS01SUM1-LJ01B-09-PRESTB102,2,True,86400,86400,0,0.0,0.0
2025-07-07,RS01SUM1-LJ01B-09-PRESTB102,2,True,86400,86400,0,0.0,0.0
2025-07-08,RS01SUM1-LJ01B-09-PRESTB102,2,True,86400,86400,0,0.0,0.0
2025-07-09,RS01SUM1-LJ01B-09-PRESTB102,2,True,86400,86400,0,0.0,0.0
2025-07-10,RS01SUM1-LJ01B-09-PRESTB102,2,True,86401,86401,0,0.0,0.0
2025-07-11,RS01SUM1-LJ01B-09-PRESTB102,2,True,86400,86400,0,0.0,0.0
2025-07-12,RS01SUM1-LJ01B-09-PRESTB102,2,True,86400,86400,0,0.0,0.0
2025-07-13,RS01SUM1-LJ01B-09-PRESTB102,2,True,86400,86400,0,0.0,0.0
2025-07-14,RS01SUM1-LJ01B-09-PRESTB102,2,True,86400,86400,0,0.0,0.0
2025-07-15,RS01SUM1-LJ01B-09-PRESTB102,2,True,86400,86400,0,0.0,0.0
2025-07-16,RS01SUM1-LJ01B-09-PRESTB102,2,True,86400,86400,0,0.0,0.0
2025-07-17,RS01SUM1-LJ01B-09-PRESTB102,2,True,86400,86400,0,0.0,0.0
2025-07-18,RS01SUM1-LJ01B-09-PRESTB102,2,True,86400,86400,0,0.0,0.0
2025-07-19,RS01SUM1-LJ01B-09-PRESTB102,2,True,86400,86400,0,0.0,0.0
2025-07-20,RS01SUM1-LJ01B-09-PRESTB102,2,True,86400,86400,0,0.0,0.0
2025-07-21,RS01SUM1-LJ01B-09-PRESTB102,2,True,86400,86400,0,0.0,0.0
2025-07-22,RS01SUM1-LJ01B-09-PRESTB102,2,True,86400,86400,0,0.0,0.0
2025-07-23,RS01SUM1-LJ01B-09-PRESTB102,2,True,86400,86400,0,0.0,0.0
2025-07-24,RS01SUM1-LJ01B-09-PRESTB102,2,True,86400,86400,0,0.0,0.0
2025-07-25,RS01SUM1-LJ01B-09-PRESTB102,2,True,86400,86400,0,0.0,0.0
2025-07-26,RS01SUM1-LJ01B-09-PRESTB102,2,True,86400,86400,0,0.0,0.0
2025-07-27,RS01SUM1-LJ01B-09-PRESTB102,2,True,86400,86400,0,0.0,0.0
2025-07-28,RS01SUM1-LJ01B-09-PRESTB102,2,True,86400,86400,0,0.0,0.0
2025-07-29,RS01SUM1-LJ01B-09-PRESTB102,2,True,86400,86400,0,0.0,0.0
2025-07-30,RS01SUM1-LJ01B-09-PRESTB102,2,True,86400,86400,0,0.0,0.0
2025-07-31,RS01SUM1-LJ01B-09-PRESTB102,2,True,86400,86400,0,0.0,0.0
2025-08-01,RS01SUM1-LJ01B-09-PRESTB102,2,True,86400,86400,0,0.0,0.0
2025-08-02,RS01SUM1-LJ01B-09-PRESTB102,2,True,86400,86400,0,0.0,0.0
2025-08-03,RS01SUM1-LJ01B-09-PRESTB102,2,True,86400,86400,0,0.0,0.0
2025-08-04,RS01SUM1-LJ01B-09-PRESTB102,2,True,86400,86400,0,0.0,0.0
2025-08-05,RS01SUM1-LJ01B-09-PRESTB102,2,True,86400,86400,0,0.0,0.0
2025-08-06,RS01SUM1-LJ01B-09-PRESTB102,2,True,86400,86400,0,0.0,0.0
2025-08-07,RS01SUM1-LJ01B-09-PRESTB102,2,True,86400,86400,0,0.0,0.0
2025-08-08,RS01SUM1-LJ01B-09-PRESTB102,2,True,86400,86400,0,0.0,0.0
2025-08-09,RS01SUM1-LJ01B-09-PRESTB102,2,True,86400,86400,0,0.0,0.0
2025-08-10,RS01SUM1-LJ01B-09-PRESTB102,2,True,86400,86400,0,0.0,0.0
2025-08-11,RS01SUM1-LJ01B-09-PRESTB102,2,True,86400,86400,0,0.0,0.0
2025-08-12,RS01SUM1-LJ01B-09-PRESTB102,2,True,86400,86400,0,0.0,0.0
2025-08-13,RS01SUM1-LJ01B-09-PRESTB102,2,True,86400,86400,0,0.0,0.0
2025-08-14,RS01SUM1-LJ01B-09-PRESTB102,2,True,86400,86400,0,0.0,0.0
2025-08-15,RS01SUM1-LJ01B-09-PRESTB102,2,True,86400,86400,0,0.0,0.0
2025-08-16,RS01SUM1-LJ01B-09-PRESTB102,2,True,86401,86401,0,0.0,0.0
2025-08-17,RS01SUM1-LJ01B-09-PRESTB102,2,True,86400,86400,0,0.0,0.0
2025-08-18,RS01SUM1-LJ01B-09-PRESTB102,2,True,86400,86400,0,0.0,0.0
2025-08-19,RS01SUM1-LJ01B-09-PRESTB102,2,True,86400,86400,0,0.0,0.0
2025-08-20,RS01SUM1-LJ01B-09-PRESTB102,2,True,86400,86400,0,0.0,0.0
2025-08-21,RS01SUM1-LJ01B-09-PRESTB102,2,True,86400,86400,0,0.0,0.0
2025-08-22,RS01SUM1-LJ01B-09-PRESTB102,2,True,86400,86400,0,0.0,0.0
2025-08-23,RS01SUM1-LJ01B-09-PRESTB102,2,True,86400,86400,0,0.0,0.0
2025-08-24,RS01SUM1-LJ01B-09-PRESTB102,2,True,86400,86400,0,0.0,0.0
2025-08-25,RS01SUM1-LJ01B-09-PRESTB102,2,True,86400,86400,0,0.0,0.0
2025-08-26,RS01SUM1-LJ01B-09-PRESTB102,2,True,86400,86400,0,0.0,0.0
2025-08-27,RS01SUM1-LJ01B-09-PRESTB102,2,True,86400,86400,0,0.0,0.0
2025-08-28,RS01SUM1-LJ01B-09-PRESTB102,2,True,86400,86400,0,0.0,0.0
2025-08-29,RS01SUM1-LJ01B-09-PRESTB102,2,True,86400,86400,0,0.0,0.0
2025-08-30,RS01SUM1-LJ01B-09-PRESTB102,2,True,86400,86400,0,0.0,0.0
2025-08-31,RS01SUM1-LJ01B-09-PRESTB102,2,True,86400,86400,0,0.0,0.0
2025-09-01,RS01SUM1-LJ01B-09-PRESTB102,2,True,86400,86400,0,0.0,0.0
2025-09-02,RS01SUM1-LJ01B-09-PRESTB102,2,True,86400,86400,0,0.0,0.0
2025-09-03,RS01SUM1-LJ01B-09-PRESTB102,2,True,86400,86400,0,0.0,0.0
2025-09-04,RS01SUM1-LJ01B-09-PRESTB102,2,True,86400,86400,0,0.0,0.0
2025-09-05,RS01SUM1-LJ01B-09-PRESTB102,2,True,86400,86400,0,0.0,0.0
2025-09-06,RS01SUM1-LJ01B-09-PRESTB102,2,True,86400,86400,0,0.0,0.0
2025-09-07,RS01SUM1-LJ01B-09-PRESTB102,2,True,86400,86400,0,0.0,0.0
2025-09-08,RS01SUM1-LJ01B-09-PRESTB102,2,True,86400,86400,0,0.0,0.0
2025-09-09,RS01SUM1-LJ01B-09-PRESTB102,2,True,86400,86400,0,0.0,0.0
2025-09-10,RS01SUM1-LJ01B-09-PRESTB102,2,True,86400,86400,0,0.0,0.0
2025-09-11,RS01SUM1-LJ01B-09-PRESTB102,2,True,86400,86400,0,0.0,0.0
2025-09-12,RS01SUM1-LJ01B-09-PRESTB102,2,True,86400,86400,0,0.0,0.0
2025-09-13,RS01SUM1-LJ01B-09-PRESTB102,2,True,86400,86400,0,0.0,0.0
2025-09-14,RS01SUM1-LJ01B-09-PRESTB102,2,True,86400,86400,0,0.0,0.0
2025-09-15,RS01SUM1-LJ01B-09-PRESTB102,2,True,86400,86400,0,0.0,0.0
2025-09-16,RS01SUM1-LJ01B-09-PRESTB102,2,True,86400,86400,0,0.0,0.0
2025-09-17,RS01SUM1-LJ01B-09-PRESTB102,2,True,86401,86401,0,0.0,0.0
2025-09-18,RS01SUM1-LJ01B-09-PRESTB102,2,True,86400,86400,0,0.0,0.0
2025-09-19,RS01SUM1-LJ01B-09-PRESTB102,2,True,86400,86400,0,0.0,0.0
2025-09-20,RS01SUM1-LJ01B-09-PRESTB102,2,True,86400,86400,0,0.0,0.0
2025-09-21,RS01SUM1-LJ01B-09-PRESTB102,2,True,86400,86400,0,0.0,0.0
2025-09-22,RS01SUM1-LJ01B-09-PRESTB102,2,True,86400,86400,0,0.0,0.0
2025-09-23,RS01SUM1-LJ01B-09-PRESTB102,2,True,86400,86400,0,0.0,0.0
2025-09-24,RS01SUM1-LJ01B-09-PRESTB102,2,True,86400,86400,0,0.0,0.0
2025-09-25,RS01SUM1-LJ01B-09-PRESTB102,2,True,86400,86400,0,0.0,0.0
2025-09-26,RS01SUM1-LJ01B-09-PRESTB102,2,True,86400,86400,0,0.0,0.0
2025-09-27,RS01SUM1-LJ01B-09-PRESTB102,2,True,86400,86400,0,0.0,0.0
2025-09-28,RS01SUM1-LJ01B-09-PRESTB102,2,True,86400,86400,0,0.0,0.0
2025-09-29,RS01SUM1-LJ01B-09-PRESTB102,2,True,86400,86400,0,0.0,0.0
2025-09-30,RS01SUM1-LJ01B-09-PRESTB102,2,True,86400,86400,0,0.0,0.0
2025-10-01,RS01SUM1-LJ01B-09-PRESTB102,2,True,86400,86400,0,0.0,0.0
2025-10-02,RS01SUM1-LJ01B-09-PRESTB102,2,True,86400,86400,0,0.0,0.0
2025-10-03,RS01SUM1-LJ01B-09-PRESTB102,2,True,86400,86400,0,0.0,0.0
2025-10-04,RS01SUM1-LJ01B-09-PRESTB102,2,True,86400,86400,0,0.0,0.0
2025-10-05,RS01SUM1-LJ01B-09-PRESTB102,2,True,86400,86400,0,0.0,0.0
2025-10-06,RS01SUM1-LJ01B-09-PRESTB102,2,True,86400,86400,0,0.0,0.0
2025-10-07,RS01SUM1-LJ01B-09-PRESTB102,2,True,86400,86400,0,0.0,0.0
2025-10-08,RS01SUM1-LJ01B-09-PRESTB102,2,True,86400,86400,0,0.0,0.0
2025-10-09,RS01SUM1-LJ01B-09-PRESTB102,2,True,86400,86400,0,0.0,0.0
2025-10-10,RS01SUM1-LJ01B-09-PRESTB102,2,True,86400,86400,0,0.0,0.0
2025-10-11,RS01SUM1-LJ01B-09-PRESTB102,2,True,86400,86400,0,0.0,0.0
2025-10-12,RS01SUM1-LJ01B-09-PRESTB102,2,True,86400,86400,0,0.0,0.0
2025-10-13,RS01SUM1-LJ01B-09-PRESTB102,2,True,86400,86400,0,0.0,0.0
2025-10-14,RS01SUM1-LJ01B-09-PRESTB102,2,True,86400,86400,0,0.0,0.0
2025-10-15,RS01SUM1-LJ01B-09-PRESTB102,2,True,86400,86400,0,0.0,0.0
2025-10-16,RS01SUM1-LJ01B-09-PRESTB102,2,True,86400,86400,0,0.0,0.0
2025-10-17,RS01SUM1-LJ01B-09-PRESTB102,2,True,86400,86400,0,0.0,0.0
2025-10-18,RS01SUM1-LJ01B-09-PRESTB102,2,True,86400,86400,0,0.0,0.0
2025-10-19,RS01SUM1-LJ01B-09-PRESTB102,2,True,86401,86401,0,0.0,0.0
2025-10-20,RS01SUM1-LJ01B-09-PRESTB102,2,True,86400,86400,0,0.0,0.0
2025-10-21,RS01SUM1-LJ01B-09-PRESTB102,2,True,86400,86400,0,0.0,0.0
2025-10-22,RS01SUM1-LJ01B-09-PRESTB102,2,True,86400,86400,0,0.0,0.0
2025-10-23,RS01SUM1-LJ01B-09-PRESTB102,2,True,86400,86400,0,0.0,0.0
2025-10-24,RS01SUM1-LJ01B-09-PRESTB102,2,True,86400,86400,0,0.0,0.0
2025-10-25,RS01SUM1-LJ01B-09-PRESTB102,2,True,86400,86400,0,0.0,0.0
2025-10-26,RS01SUM1-LJ01B-09-PRESTB102,2,True,86400,86400,0,0.0,0.0
2025-10-27,RS01SUM1-LJ01B-09-PRESTB102,2,True,86400,86400,0,0.0,0.0
2025-10-28,RS01SUM1-LJ01B-09-PRESTB102,2,True,86400,86400,0,0.0,0.0
2025-10-29,RS01SUM1-LJ01B-09-PRESTB102,2,True,86400,86400,0,0.0,0.0
2025-10-30,RS01SUM1-LJ01B-09-PRESTB102,2,True,86400,86400,0,0.0,0.0
2025-10-31,RS01SUM1-LJ01B-09-PRESTB102,2,True,85789,86400,611,0.7072,0.7072
2025-11-01,RS01SUM1-LJ01B-09-PRESTB102,2,True,86400,86400,0,0.0,0.0
2025-11-02,RS01SUM1-LJ01B-09-PRESTB102,2,True,86400,86400,0,0.0,0.0
2025-11-03,RS01SUM1-LJ01B-09-PRESTB102,2,True,86298,86400,102,0.1181,0.1181
2025-11-04,RS01SUM1-LJ01B-09-PRESTB102,2,True,85936,86400,464,0.537,0.537
2025-11-05,RS01SUM1-LJ01B-09-PRESTB102,2,True,86400,86400,0,0.0,0.0
2025-11-06,RS01SUM1-LJ01B-09-PRESTB102,2,True,86400,86400,0,0.0,0.0
2025-11-07,RS01SUM1-LJ01B-09-PRESTB102,2,True,86400,86400,0,0.0,0.0
2025-11-08,RS01SUM1-LJ01B-09-PRESTB102,2,True,86400,86400,0,0.0,0.0
2025-11-09,RS01SUM1-LJ01B-09-PRESTB102,2,True,86400,86400,0,0.0,0.0
2025-11-10,RS01SUM1-LJ01B-09-PRESTB102,2,True,86400,86400,0,0.0,0.0
2025-11-11,RS01SUM1-LJ01B-09-PRESTB102,2,True,86400,86400,0,0.0,0.0
2025-11-12,RS01SUM1-LJ01B-09-PRESTB102,2,True,86400,86400,0,0.0,0.0
2025-11-13,RS01SUM1-LJ01B-09-PRESTB102,2,True,86400,86400,0,0.0,0.0
2025-11-14,RS01SUM1-LJ01B-09-PRESTB102,2,True,86400,86400,0,0.0,0.0
2025-11-15,RS01SUM1-LJ01B-09-PRESTB102,2,True,86400,86400,0,0.0,0.0
2025-11-16,RS01SUM1-LJ01B-09-PRESTB102,2,True,86400,86400,0,0.0,0.0
2025-11-17,RS01SUM1-LJ01B-09-PRESTB102,2,True,86400,86400,0,0.0,0.0
2025-11-18,RS01SUM1-LJ01B-09-PRESTB102,2,True,86400,86400,0,0.0,0.0
2025-11-19,RS01SUM1-LJ01B-09-PRESTB102,2,True,86400,86400,0,0.0,0.0
2025-11-20,RS01SUM1-LJ01B-09-PRESTB102,2,True,86401,86401,0,0.0,0.0
2025-11-21,RS01SUM1-LJ01B-09-PRESTB102,2,True,86400,86400,0,0.0,0.0
2025-11-22,RS01SUM1-LJ01B-09-PRESTB102,2,True,86400,86400,0,0.0,0.0
2025-11-23,RS01SUM1-LJ01B-09-PRESTB102,2,True,86400,86400,0,0.0,0.0
2025-11-24,RS01SUM1-LJ01B-09-PRESTB102,2,True,86400,86400,0,0.0,0.0
2025-11-25,RS01SUM1-LJ01B-09-PRESTB102,2,True,86400,86400,0,0.0,0.0
2025-11-26,RS01SUM1-LJ01B-09-PRESTB102,2,True,86400,86400,0,0.0,0.0
2025-11-27,RS01SUM1-LJ01B-09-PRESTB102,2,True,86400,86400,0,0.0,0.0
2025-11-28,RS01SUM1-LJ01B-09-PRESTB102,2,True,86400,86400,0,0.0,0.0
2025-11-29,RS01SUM1-LJ01B-09-PRESTB102,2,True,86400,86400,0,0.0,0.0
2025-11-30,RS01SUM1-LJ01B-09-PRESTB102,2,True,86400,86400,0,0.0,0.0
2025-12-01,RS01SUM1-LJ01B-09-PRESTB102,2,True,86400,86400,0,0.0,0.0
2025-12-02,RS01SUM1-LJ01B-09-PRESTB102,2,True,86400,86400,0,0.0,0.0
2025-12-03,RS01SUM1-LJ01B-09-PRESTB102,2,True,86400,86400,0,0.0,0.0
2025-12-04,RS01SUM1-LJ01B-09-PRESTB102,2,True,86400,86400,0,0.0,0.0
2025-12-05,RS01SUM1-LJ01B-09-PRESTB102,2,True,86400,86400,0,0.0,0.0
2025-12-06,RS01SUM1-LJ01B-09-PRESTB102,2,True,86400,86400,0,0.0,0.0
2025-12-07,RS01SUM1-LJ01B-09-PRESTB102,2,True,86400,86400,0,0.0,0.0
2025-12-08,RS01SUM1-LJ01B-09-PRESTB102,2,True,86400,86400,0,0.0,0.0
2025-12-09,RS01SUM1-LJ01B-09-PRESTB102,2,True,86400,86400,0,0.0,0.0
2025-12-10,RS01SUM1-LJ01B-09-PRESTB102,2,True,86400,86400,0,0.0,0.0
2025-12-11,RS01SUM1-LJ01B-09-PRESTB102,2,True,86400,86400,0,0.0,0.0
2025-12-12,RS01SUM1-LJ01B-09-PRESTB102,2,True,86400,86400,0,0.0,0.0
2025-12-13,RS01SUM1-LJ01B-09-PRESTB102,2,True,86400,86400,0,0.0,0.0
2025-12-14,RS01SUM1-LJ01B-09-PRESTB102,2,True,86400,86400,0,0.0,0.0
2025-12-15,RS01SUM1-LJ01B-09-PRESTB102,2,True,86400,86400,0,0.0,0.0
2025-12-16,RS01SUM1-LJ01B-09-PRESTB102,2,True,86400,86400,0,0.0,0.0
2025-12-17,RS01SUM1-LJ01B-09-PRESTB102,2,True,86400,86400,0,0.0,0.0
2025-12-18,RS01SUM1-LJ01B-09-PRESTB102,2,True,86400,86400,0,0.0,0.0
2025-12-19,RS01SUM1-LJ01B-09-PRESTB102,2,True,86400,86400,0,0.0,0.0
2025-12-20,RS01SUM1-LJ01B-09-PRESTB102,2,True,86400,86400,0,0.0,0.0
2025-12-21,RS01SUM1-LJ01B-09-PRESTB102,2,True,86400,86400,0,0.0,0.0
2025-12-22,RS01SUM1-LJ01B-09-PRESTB102,2,True,86400,86400,0,0.0,0.0
2025-12-23,RS01SUM1-LJ01B-09-PRESTB102,2,True,86401,86401,0,0.0,0.0
2025-12-24,RS01SUM1-LJ01B-09-PRESTB102,2,True,86400,86400,0,0.0,0.0
2025-12-25,RS01SUM1-LJ01B-09-PRESTB102,2,True,86400,86400,0,0.0,0.0
2025-12-26,RS01SUM1-LJ01B-09-PRESTB102,2,True,86400,86400,0,0.0,0.0
2025-12-27,RS01SUM1-LJ01B-09-PRESTB102,2,True,86400,86400,0,0.0,0.0
2025-12-28,RS01SUM1-LJ01B-09-PRESTB102,2,True,86400,86400,0,0.0,0.0
2025-12-29,RS01SUM1-LJ01B-09-PRESTB102,2,True,86400,86400,0,0.0,0.0
2025-12-30,RS01SUM1-LJ01B-09-PRESTB102,2,True,86400,86400,0,0.0,0.0
2025-12-31,RS01SUM1-LJ01B-09-PRESTB102,2,True,86400,86400,0,0.0,0.0
2026-01-01,RS01SUM1-LJ01B-09-PRESTB102,2,True,86400,86400,0,0.0,0.0
2026-01-02,RS01SUM1-LJ01B-09-PRESTB102,2,True,86400,86400,0,0.0,0.0
2026-01-03,RS01SUM1-LJ01B-09-PRESTB102,2,True,86400,86400,0,0.0,0.0
2026-01-04,RS01SUM1-LJ01B-09-PRESTB102,2,True,86248,86400,152,0.1759,0.1759
2026-01-05,RS01SUM1-LJ01B-09-PRESTB102,2,True,86400,86400,0,0.0,0.0
2026-01-06,RS01SUM1-LJ01B-09-PRESTB102,2,True,86400,86400,0,0.0,0.0
2026-01-07,RS01SUM1-LJ01B-09-PRESTB102,2,True,86400,86400,0,0.0,0.0
2026-01-08,RS01SUM1-LJ01B-09-PRESTB102,2,True,86400,86400,0,0.0,0.0
2026-01-09,RS01SUM1-LJ01B-09-PRESTB102,2,True,86400,86400,0,0.0,0.0
2026-01-10,RS01SUM1-LJ01B-09-PRESTB102,2,True,86400,86400,0,0.0,0.0
2026-01-11,RS01SUM1-LJ01B-09-PRESTB102,2,True,86400,86400,0,0.0,0.0
2026-01-12,RS01SUM1-LJ01B-09-PRESTB102,2,True,86400,86400,0,0.0,0.0
2026-01-13,RS01SUM1-LJ01B-09-PRESTB102,2,True,86400,86400,0,0.0,0.0
2026-01-14,RS01SUM1-LJ01B-09-PRESTB102,2,True,86400,86400,0,0.0,0.0
2026-01-15,RS01SUM1-LJ01B-09-PRESTB102,2,True,86400,86400,0,0.0,0.0
2026-01-16,RS01SUM1-LJ01B-09-PRESTB102,2,True,86400,86400,0,0.0,0.0
2026-01-17,RS01SUM1-LJ01B-09-PRESTB102,2,True,86400,86400,0,0.0,0.0
2026-01-18,RS01SUM1-LJ01B-09-PRESTB102,2,True,86400,86400,0,0.0,0.0
2026-01-19,RS01SUM1-LJ01B-09-PRESTB102,2,True,86400,86400,0,0.0,0.0
2026-01-20,RS01SUM1-LJ01B-09-PRESTB102,2,True,86400,86400,0,0.0,0.0
2026-01-21,RS01SUM1-LJ01B-09-PRESTB102,2,True,86400,86400,0,0.0,0.0
2026-01-22,RS01SUM1-LJ01B-09-PRESTB102,2,True,86400,86400,0,0.0,0.0
2026-01-23,RS01SUM1-LJ01B-09-PRESTB102,2,True,86400,86400,0,0.0,0.0
2026-01-24,RS01SUM1-LJ01B-09-PRESTB102,2,True,86401,86401,0,0.0,0.0
2026-01-25,RS01SUM1-LJ01B-09-PRESTB102,2,True,86400,86400,0,0.0,0.0
2026-01-26,RS01SUM1-LJ01B-09-PRESTB102,2,True,86400,86400,0,0.0,0.0
2026-01-27,RS01SUM1-LJ01B-09-PRESTB102,2,True,86400,86400,0,0.0,0.0
2026-01-28,RS01SUM1-LJ01B-09-PRESTB102,2,True,86258,86400,142,0.1644,0.1644
2026-01-29,RS01SUM1-LJ01B-09-PRESTB102,2,True,86400,86400,0,0.0,0.0
2026-01-30,RS01SUM1-LJ01B-09-PRESTB102,2,True,86400,86400,0,0.0,0.0
2026-01-31,RS01SUM1-LJ01B-09-PRESTB102,2,True,86400,86400,0,0.0,0.0
2026-02-01,RS01SUM1-LJ01B-09-PRESTB102,2,True,86400,86400,0,0.0,0.0
2026-02-02,RS01SUM1-LJ01B-09-PRESTB102,2,True,86400,86400,0,0.0,0.0
2026-02-03,RS01SUM1-LJ01B-09-PRESTB102,2,True,86400,86400,0,0.0,0.0
2026-02-04,RS01SUM1-LJ01B-09-PRESTB102,2,True,86400,86400,0,0.0,0.0
2026-02-05,RS01SUM1-LJ01B-09-PRESTB102,2,True,86400,86400,0,0.0,0.0
2026-02-06,RS01SUM1-LJ01B-09-PRESTB102,2,True,86400,86400,0,0.0,0.0
2026-02-07,RS01SUM1-LJ01B-09-PRESTB102,2,True,86400,86400,0,0.0,0.0
2026-02-08,RS01SUM1-LJ01B-09-PRESTB102,2,True,86400,86400,0,0.0,0.0
2026-02-09,RS01SUM1-LJ01B-09-PRESTB102,2,True,86400,86400,0,0.0,0.0
2026-02-10,RS01SUM1-LJ01B-09-PRESTB102,2,True,86400,86400,0,0.0,0.0
2026-02-11,RS01SUM1-LJ01B-09-PRESTB102,2,True,86400,86400,0,0.0,0.0
2026-02-12,RS01SUM1-LJ01B-09-PRESTB102,2,True,86400,86400,0,0.0,0.0
2026-02-13,RS01SUM1-LJ01B-09-PRESTB102,2,True,86400,86400,0,0.0,0.0
2026-02-14,RS01SUM1-LJ01B-09-PRESTB102,2,True,86400,86400,0,0.0,0.0
2026-02-15,RS01SUM1-LJ01B-09-PRESTB102,2,True,86400,86400,0,0.0,0.0
2026-02-16,RS01SUM1-LJ01B-09-PRESTB102,2,True,86400,86400,0,0.0,0.0
2026-02-17,RS01SUM1-LJ01B-09-PRESTB102,2,True,86400,86400,0,0.0,0.0
2026-02-18,RS01SUM1-LJ01B-09-PRESTB102,2,True,86400,86400,0,0.0,0.0
2026-02-19,RS01SUM1-LJ01B-09-PRESTB102,2,True,86400,86400,0,0.0,0.0
2026-02-20,RS01SUM1-LJ01B-09-PRESTB102,2,True,86400,86400,0,0.0,0.0
2026-02-21,RS01SUM1-LJ01B-09-PRESTB102,2,True,86400,86400,0,0.0,0.0
2026-02-22,RS01SUM1-LJ01B-09-PRESTB102,2,True,86400,86400,0,0.0,0.0
2026-02-23,RS01SUM1-LJ01B-09-PRESTB102,2,True,86400,86400,0,0.0,0.0
2026-02-24,RS01SUM1-LJ01B-09-PRESTB102,2,True,86400,86400,0,0.0,0.0
2026-02-25,RS01SUM1-LJ01B-09-PRESTB102,2,True,86400,86400,0,0.0,0.0
2026-02-26,RS01SUM1-LJ01B-09-PRESTB102,2,True,86401,86401,0,0.0,0.0
2026-02-27,RS01SUM1-LJ01B-09-PRESTB102,2,True,85799,86400,601,0.6956,0.6956
2026-02-28,RS01SUM1-LJ01B-09-PRESTB102,2,True,86400,86400,0,0.0,0.0
2026-03-01,RS01SUM1-LJ01B-09-PRESTB102,2,True,86400,86400,0,0.0,0.0
2026-03-02,RS01SUM1-LJ01B-09-PRESTB102,2,True,86400,86400,0,0.0,0.0
2026-03-03,RS01SUM1-LJ01B-09-PRESTB102,2,True,86400,86400,0,0.0,0.0
2026-03-04,RS01SUM1-LJ01B-09-PRESTB102,2,True,86400,86400,0,0.0,0.0
2026-03-05,RS01SUM1-LJ01B-09-PRESTB102,2,True,86400,86400,0,0.0,0.0
2026-03-06,RS01SUM1-LJ01B-09-PRESTB102,2,True,86400,86400,0,0.0,0.0
2026-03-07,RS01SUM1-LJ01B-09-PRESTB102,2,True,86400,86400,0,0.0,0.0
2026-03-08,RS01SUM1-LJ01B-09-PRESTB102,2,True,86400,86400,0,0.0,0.0
2026-03-09,RS01SUM1-LJ01B-09-PRESTB102,2,True,86400,86400,0,0.0,0.0
2026-03-10,RS01SUM1-LJ01B-09-PRESTB102,2,True,86400,86400,0,0.0,0.0
2026-03-11,RS01SUM1-LJ01B-09-PRESTB102,2,True,86400,86400,0,0.0,0.0
2026-03-12,RS01SUM1-LJ01B-09-PRESTB102,2,True,86400,86400,0,0.0,0.0
2026-03-13,RS01SUM1-LJ01B-09-PRESTB102,2,True,86400,86400,0,0.0,0.0
2026-03-14,RS01SUM1-LJ01B-09-PRESTB102,2,True,86400,86400,0,0.0,0.0
2026-03-15,RS01SUM1-LJ01B-09-PRESTB102,2,True,86400,86400,0,0.0,0.0
2026-03-16,RS01SUM1-LJ01B-09-PRESTB102,2,True,86400,86400,0,0.0,0.0
2026-03-17,RS01SUM1-LJ01B-09-PRESTB102,2,True,85904,86400,496,0.5741,0.5741
2026-03-18,RS01SUM1-LJ01B-09-PRESTB102,2,True,86400,86400,0,0.0,0.0
2026-03-19,RS01SUM1-LJ01B-09-PRESTB102,2,True,86400,86400,0,0.0,0.0
2026-03-20,RS01SUM1-LJ01B-09-PRESTB102,2,True,86400,86400,0,0.0,0.0
2026-03-21,RS01SUM1-LJ01B-09-PRESTB102,2,True,86400,86400,0,0.0,0.0
2026-03-22,RS01SUM1-LJ01B-09-PRESTB102,2,True,86400,86400,0,0.0,0.0
2026-03-23,RS01SUM1-LJ01B-09-PRESTB102,2,True,86400,86400,0,0.0,0.0
2026-03-24,RS01SUM1-LJ01B-09-PRESTB102,2,True,86400,86400,0,0.0,0.0
2026-03-25,RS01SUM1-LJ01B-09-PRESTB102,2,True,86400,86400,0,0.0,0.0
2026-03-26,RS01SUM1-LJ01B-09-PRESTB102,2,True,86400,86400,0,0.0,0.0
2026-03-27,RS01SUM1-LJ01B-09-PRESTB102,2,True,86400,86400,0,0.0,0.0
2026-03-28,RS01SUM1-LJ01B-09-PRESTB102,2,True,86400,86400,0,0.0,0.0
2026-03-29,RS01SUM1-LJ01B-09-PRESTB102,2,True,86400,86400,0,0.0,0.0
2026-03-30,RS01SUM1-LJ01B-09-PRESTB102,2,True,86401,86401,0,0.0,0.0
2026-03-31,RS01SUM1-LJ01B-09-PRESTB102,2,True,86400,86400,0,0.0,0.0
2026-04-01,RS01SUM1-LJ01B-09-PRESTB102,2,True,86400,86400,0,0.0,0.0
2026-04-02,RS01SUM1-LJ01B-09-PRESTB102,2,True,86400,86400,0,0.0,0.0
2026-04-03,RS01SUM1-LJ01B-09-PRESTB102,2,True,86400,86400,0,0.0,0.0
2026-04-04,RS01SUM1-LJ01B-09-PRESTB102,2,True,86400,86400,0,0.0,0.0
2026-04-05,RS01SUM1-LJ01B-09-PRESTB102,2,True,86400,86400,0,0.0,0.0
2026-04-06,RS01SUM1-LJ01B-09-PRESTB102,2,True,86400,86400,0,0.0,0.0
2026-04-07,RS01SUM1-LJ01B-09-PRESTB102,2,True,86400,86400,0,0.0,0.0
2026-04-08,RS01SUM1-LJ01B-09-PRESTB102,2,True,86400,86400,0,0.0,0.0
2026-04-09,RS01SUM1-LJ01B-09-PRESTB102,2,True,86400,86400,0,0.0,0.0
2026-04-10,RS01SUM1-LJ01B-09-PRESTB102,2,True,86400,86400,0,0.0,0.0
2026-04-11,RS01SUM1-LJ01B-09-PRESTB102,2,True,86400,86400,0,0.0,0.0
2026-04-12,RS01SUM1-LJ01B-09-PRESTB102,2,True,86400,86400,0,0.0,0.0
2026-04-13,RS01SUM1-LJ01B-09-PRESTB102,2,True,86400,86400,0,0.0,0.0
2026-04-14,RS01SUM1-LJ01B-09-PRESTB102,2,True,86400,86400,0,0.0,0.0
2026-04-15,RS01SUM1-LJ01B-09-PRESTB102,2,True,86400,86400,0,0.0,0.0
2026-04-16,RS01SUM1-LJ01B-09-PRESTB102,2,True,86400,86400,0,0.0,0.0
2026-04-17,RS01SUM1-LJ01B-09-PRESTB102,2,True,86400,86400,0,0.0,0.0
2026-04-18,RS01SUM1-LJ01B-09-PRESTB102,2,True,86400,86400,0,0.0,0.0
2026-04-19,RS01SUM1-LJ01B-09-PRESTB102,2,True,86400,86400,0,0.0,0.0
2026-04-20,RS01SUM1-LJ01B-09-PRESTB102,2,True,86400,86400,0,0.0,0.0
2026-04-21,RS01SUM1-LJ01B-09-PRESTB102,2,True,84962,86400,1438,1.6644,1.6644
2026-04-22,RS01SUM1-LJ01B-09-PRESTB102,2,True,85794,86400,606,0.7014,0.7014
2026-04-23,RS01SUM1-LJ01B-09-PRESTB102,2,True,86400,86400,0,0.0,0.0
2026-04-24,RS01SUM1-LJ01B-09-PRESTB102,2,True,86400,86400,0,0.0,0.0
2026-04-25,RS01SUM1-LJ01B-09-PRESTB102,2,True,86400,86400,0,0.0,0.0
2026-04-26,RS01SUM1-LJ01B-09-PRESTB102,2,True,86400,86400,0,0.0,0.0
2026-04-27,RS01SUM1-LJ01B-09-PRESTB102,2,True,86400,86400,0,0.0,0.0
2026-04-28,RS01SUM1-LJ01B-09-PRESTB102,2,True,86400,86400,0,0.0,0.0
2026-04-29,RS01SUM1-LJ01B-09-PRESTB102,2,True,86400,86400,0,0.0,0.0
2026-04-30,RS01SUM1-LJ01B-09-PRESTB102,2,True,86400,86400,0,0.0,0.0
2026-05-01,RS01SUM1-LJ01B-09-PRESTB102,2,True,86400,86400,0,0.0,0.0
2014-09-01,RS03AXBS-MJ03A-06-PRESTA301,1,True,5760,5760,0,0.0,0.0005
2014-09-02,RS03AXBS-MJ03A-06-PRESTA301,1,True,5760,5760,0,0.0,0.0005
2014-09-03,RS03AXBS-MJ03A-06-PRESTA301,1,True,5760,5760,0,0.0,0.0005
2014-09-04,RS03AXBS-MJ03A-06-PRESTA301,1,True,5642,5760,118,2.0486,2.0491
2014-09-05,RS03AXBS-MJ03A-06-PRESTA301,1,True,5437,5760,323,5.6076,5.6081
2014-09-06,RS03AXBS-MJ03A-06-PRESTA301,1,True,5760,5760,0,0.0,0.0005
2014-09-07,RS03AXBS-MJ03A-06-PRESTA301,1,True,5760,5760,0,0.0,0.0005
2014-09-08,RS03AXBS-MJ03A-06-PRESTA301,1,True,5569,5760,191,3.316,3.3165
2014-09-09,RS03AXBS-MJ03A-06-PRESTA301,1,True,5052,5760,708,12.2917,12.2921
2014-09-10,RS03AXBS-MJ03A-06-PRESTA301,1,True,5760,5760,0,0.0,0.0005
2014-09-11,RS03AXBS-MJ03A-06-PRESTA301,1,True,5144,5144,0,0.0,10.6949
2014-09-12,RS03AXBS-MJ03A-06-PRESTA301,1,True,303,301,0,0.0,94.7396
2014-09-13,RS03AXBS-MJ03A-06-PRESTA301,1,True,5760,5760,0,0.0,0.0005
2014-09-14,RS03AXBS-MJ03A-06-PRESTA301,1,True,5760,5760,0,0.0,0.0005
2014-09-15,RS03AXBS-MJ03A-06-PRESTA301,1,True,5760,5760,0,0.0,0.0005
2014-09-16,RS03AXBS-MJ03A-06-PRESTA301,1,True,5760,5760,0,0.0,0.0005
2014-09-17,RS03AXBS-MJ03A-06-PRESTA301,1,True,5760,5760,0,0.0,0.0005
2014-09-18,RS03AXBS-MJ03A-06-PRESTA301,1,True,5760,5760,0,0.0,0.0005
2014-09-19,RS03AXBS-MJ03A-06-PRESTA301,1,True,5760,5760,0,0.0,0.0005
2014-09-20,RS03AXBS-MJ03A-06-PRESTA301,1,True,5760,5760,0,0.0,0.0005
2014-09-21,RS03AXBS-MJ03A-06-PRESTA301,1,True,5760,5760,0,0.0,0.0005
2014-09-22,RS03AXBS-MJ03A-06-PRESTA301,1,True,5760,5760,0,0.0,0.0005
2014-09-23,RS03AXBS-MJ03A-06-PRESTA301,1,True,5760,5760,0,0.0,0.0005
2014-09-24,RS03AXBS-MJ03A-06-PRESTA301,1,True,5760,5760,0,0.0,0.0005
2014-09-25,RS03AXBS-MJ03A-06-PRESTA301,1,True,5760,5760,0,0.0,0.0005
2014-09-26,RS03AXBS-MJ03A-06-PRESTA301,1,True,5760,5760,0,0.0,0.0005
2014-09-27,RS03AXBS-MJ03A-06-PRESTA301,1,True,5562,5760,198,3.4375,3.438
2014-09-28,RS03AXBS-MJ03A-06-PRESTA301,1,True,5760,5760,0,0.0,0.0005
2014-09-29,RS03AXBS-MJ03A-06-PRESTA301,1,True,5760,5760,0,0.0,0.0005
2014-09-30,RS03AXBS-MJ03A-06-PRESTA301,1,True,5760,5760,0,0.0,0.0005
2014-10-01,RS03AXBS-MJ03A-06-PRESTA301,1,False,0,0,,,
2014-10-02,RS03AXBS-MJ03A-06-PRESTA301,1,True,5760,5760,0,0.0,0.0005
2014-10-03,RS03AXBS-MJ03A-06-PRESTA301,1,True,5760,5760,0,0.0,0.0005
2014-10-04,RS03AXBS-MJ03A-06-PRESTA301,1,False,0,0,,,
2014-10-05,RS03AXBS-MJ03A-06-PRESTA301,1,True,5760,5760,0,0.0,0.0005
2014-10-06,RS03AXBS-MJ03A-06-PRESTA301,1,True,5760,5760,0,0.0,0.0005
2014-10-07,RS03AXBS-MJ03A-06-PRESTA301,1,True,5760,5760,0,0.0,0.0005
2014-10-08,RS03AXBS-MJ03A-06-PRESTA301,1,True,5760,5760,0,0.0,0.0005
2014-10-09,RS03AXBS-MJ03A-06-PRESTA301,1,True,5760,5760,0,0.0,0.0005
2014-10-10,RS03AXBS-MJ03A-06-PRESTA301,1,True,5760,5760,0,0.0,0.0005
2014-10-11,RS03AXBS-MJ03A-06-PRESTA301,1,True,5760,5760,0,0.0,0.0005
2014-10-12,RS03AXBS-MJ03A-06-PRESTA301,1,True,5760,5760,0,0.0,0.0005
2014-10-13,RS03AXBS-MJ03A-06-PRESTA301,1,True,5760,5760,0,0.0,0.0005
2014-10-14,RS03AXBS-MJ03A-06-PRESTA301,1,True,5760,5760,0,0.0,0.0005
2014-10-15,RS03AXBS-MJ03A-06-PRESTA301,1,True,5760,5760,0,0.0,0.0005
2014-10-16,RS03AXBS-MJ03A-06-PRESTA301,1,True,5760,5760,0,0.0,0.0005
2014-10-17,RS03AXBS-MJ03A-06-PRESTA301,1,True,5760,5760,0,0.0,0.0005
2014-10-18,RS03AXBS-MJ03A-06-PRESTA301,1,True,5760,5760,0,0.0,0.0005
2014-10-19,RS03AXBS-MJ03A-06-PRESTA301,1,True,5760,5760,0,0.0,0.0005
2014-10-20,RS03AXBS-MJ03A-06-PRESTA301,1,True,5760,5760,0,0.0,0.0005
2014-10-21,RS03AXBS-MJ03A-06-PRESTA301,1,True,5760,5760,0,0.0,0.0005
2014-10-22,RS03AXBS-MJ03A-06-PRESTA301,1,True,5760,5760,0,0.0,0.0005
2014-10-23,RS03AXBS-MJ03A-06-PRESTA301,1,True,5760,5760,0,0.0,0.0005
2014-10-24,RS03AXBS-MJ03A-06-PRESTA301,1,True,5760,5760,0,0.0,0.0005
2014-10-25,RS03AXBS-MJ03A-06-PRESTA301,1,True,5760,5760,0,0.0,0.0005
2014-10-26,RS03AXBS-MJ03A-06-PRESTA301,1,True,5760,5760,0,0.0,0.0005
2014-10-27,RS03AXBS-MJ03A-06-PRESTA301,1,True,5760,5760,0,0.0,0.0005
2014-10-28,RS03AXBS-MJ03A-06-PRESTA301,1,True,5760,5760,0,0.0,0.0005
2014-10-29,RS03AXBS-MJ03A-06-PRESTA301,1,True,5760,5760,0,0.0,0.0005
2014-10-30,RS03AXBS-MJ03A-06-PRESTA301,1,True,2968,5760,2792,48.4722,48.4725
2014-10-31,RS03AXBS-MJ03A-06-PRESTA301,1,True,5760,5760,0,0.0,0.0005
2014-11-01,RS03AXBS-MJ03A-06-PRESTA301,1,True,5760,5760,0,0.0,0.0005
2014-11-02,RS03AXBS-MJ03A-06-PRESTA301,1,True,5760,5760,0,0.0,0.0005
2014-11-03,RS03AXBS-MJ03A-06-PRESTA301,1,True,5760,5760,0,0.0,0.0005
2014-11-04,RS03AXBS-MJ03A-06-PRESTA301,1,True,3863,3863,0,0.0,32.9344
2014-11-05,RS03AXBS-MJ03A-06-PRESTA301,1,True,1150,1150,0,0.0,80.0348
2014-11-06,RS03AXBS-MJ03A-06-PRESTA301,1,True,5760,5760,0,0.0,0.0005
2014-11-07,RS03AXBS-MJ03A-06-PRESTA301,1,True,5760,5760,0,0.0,0.0005
2014-11-08,RS03AXBS-MJ03A-06-PRESTA301,1,True,5760,5760,0,0.0,0.0005
2014-11-09,RS03AXBS-MJ03A-06-PRESTA301,1,True,5760,5760,0,0.0,0.0005
2014-11-10,RS03AXBS-MJ03A-06-PRESTA301,1,True,5760,5760,0,0.0,0.0005
2014-11-11,RS03AXBS-MJ03A-06-PRESTA301,1,True,5760,5760,0,0.0,0.0005
2014-11-12,RS03AXBS-MJ03A-06-PRESTA301,1,True,5760,5760,0,0.0,0.0005
2014-11-13,RS03AXBS-MJ03A-06-PRESTA301,1,True,5760,5760,0,0.0,0.0005
2014-11-14,RS03AXBS-MJ03A-06-PRESTA301,1,True,4468,4468,0,0.0,22.4309
2014-11-15,RS03AXBS-MJ03A-06-PRESTA301,1,False,0,0,,,
2014-11-16,RS03AXBS-MJ03A-06-PRESTA301,1,False,0,0,,,
2014-11-17,RS03AXBS-MJ03A-06-PRESTA301,1,True,1389,1389,0,0.0,75.8855
2014-11-18,RS03AXBS-MJ03A-06-PRESTA301,1,True,5760,5760,0,0.0,0.0005
2014-11-19,RS03AXBS-MJ03A-06-PRESTA301,1,True,5760,5760,0,0.0,0.0005
2014-11-20,RS03AXBS-MJ03A-06-PRESTA301,1,True,5760,5760,0,0.0,0.0005
2014-11-21,RS03AXBS-MJ03A-06-PRESTA301,1,True,5760,5760,0,0.0,0.0005
2014-11-22,RS03AXBS-MJ03A-06-PRESTA301,1,True,5760,5760,0,0.0,0.0005
2014-11-23,RS03AXBS-MJ03A-06-PRESTA301,1,True,5760,5760,0,0.0,0.0005
2014-11-24,RS03AXBS-MJ03A-06-PRESTA301,1,True,5760,5760,0,0.0,0.0005
2014-11-25,RS03AXBS-MJ03A-06-PRESTA301,1,True,5760,5760,0,0.0,0.0005
2014-11-26,RS03AXBS-MJ03A-06-PRESTA301,1,True,5760,5760,0,0.0,0.0005
2014-11-27,RS03AXBS-MJ03A-06-PRESTA301,1,True,5760,5760,0,0.0,0.0005
2014-11-28,RS03AXBS-MJ03A-06-PRESTA301,1,True,5760,5760,0,0.0,0.0005
2014-11-29,RS03AXBS-MJ03A-06-PRESTA301,1,True,5760,5760,0,0.0,0.0005
2014-11-30,RS03AXBS-MJ03A-06-PRESTA301,1,True,5760,5760,0,0.0,0.0005
2014-12-01,RS03AXBS-MJ03A-06-PRESTA301,1,True,5760,5760,0,0.0,0.0005
2014-12-02,RS03AXBS-MJ03A-06-PRESTA301,1,True,5760,5760,0,0.0,0.0005
2014-12-03,RS03AXBS-MJ03A-06-PRESTA301,1,True,5760,5760,0,0.0,0.0005
2014-12-04,RS03AXBS-MJ03A-06-PRESTA301,1,False,0,0,,,
2014-12-05,RS03AXBS-MJ03A-06-PRESTA301,1,True,5760,5760,0,0.0,0.0005
2014-12-06,RS03AXBS-MJ03A-06-PRESTA301,1,True,5760,5760,0,0.0,0.0005
2014-12-07,RS03AXBS-MJ03A-06-PRESTA301,1,True,5039,5039,0,0.0,12.5178
2014-12-08,RS03AXBS-MJ03A-06-PRESTA301,1,False,0,0,,,
2014-12-09,RS03AXBS-MJ03A-06-PRESTA301,1,False,0,0,,,
2014-12-10,RS03AXBS-MJ03A-06-PRESTA301,1,False,0,0,,,
2014-12-11,RS03AXBS-MJ03A-06-PRESTA301,1,True,521,521,0,0.0,90.9549
2014-12-12,RS03AXBS-MJ03A-06-PRESTA301,1,True,5760,5760,0,0.0,0.0005
2014-12-13,RS03AXBS-MJ03A-06-PRESTA301,1,True,5760,5760,0,0.0,0.0005
2014-12-14,RS03AXBS-MJ03A-06-PRESTA301,1,False,0,0,,,
2014-12-15,RS03AXBS-MJ03A-06-PRESTA301,1,False,0,0,,,
2014-12-16,RS03AXBS-MJ03A-06-PRESTA301,1,True,5760,5760,0,0.0,0.0005
2014-12-17,RS03AXBS-MJ03A-06-PRESTA301,1,True,5760,5760,0,0.0,0.0005
2014-12-18,RS03AXBS-MJ03A-06-PRESTA301,1,True,5760,5760,0,0.0,0.0005
2014-12-19,RS03AXBS-MJ03A-06-PRESTA301,1,True,5760,5760,0,0.0,0.0005
2014-12-20,RS03AXBS-MJ03A-06-PRESTA301,1,True,5760,5760,0,0.0,0.0005
2014-12-21,RS03AXBS-MJ03A-06-PRESTA301,1,True,5760,5760,0,0.0,0.0005
2014-12-22,RS03AXBS-MJ03A-06-PRESTA301,1,True,5760,5760,0,0.0,0.0005
2014-12-23,RS03AXBS-MJ03A-06-PRESTA301,1,True,5760,5760,0,0.0,0.0005
2014-12-24,RS03AXBS-MJ03A-06-PRESTA301,1,True,5760,5760,0,0.0,0.0005
2014-12-25,RS03AXBS-MJ03A-06-PRESTA301,1,True,5760,5760,0,0.0,0.0005
2014-12-26,RS03AXBS-MJ03A-06-PRESTA301,1,True,5760,5760,0,0.0,0.0005
2014-12-27,RS03AXBS-MJ03A-06-PRESTA301,1,True,5760,5760,0,0.0,0.0005
2014-12-28,RS03AXBS-MJ03A-06-PRESTA301,1,True,5760,5760,0,0.0,0.0005
2014-12-29,RS03AXBS-MJ03A-06-PRESTA301,1,True,5760,5760,0,0.0,0.0005
2014-12-30,RS03AXBS-MJ03A-06-PRESTA301,1,True,5760,5760,0,0.0,0.0005
2014-12-31,RS03AXBS-MJ03A-06-PRESTA301,1,True,5760,5760,0,0.0,0.0005
2015-01-01,RS03AXBS-MJ03A-06-PRESTA301,1,True,5760,5760,0,0.0,0.0005
2015-01-02,RS03AXBS-MJ03A-06-PRESTA301,1,True,5760,5760,0,0.0,0.0005
2015-01-03,RS03AXBS-MJ03A-06-PRESTA301,1,True,5760,5760,0,0.0,0.0005
2015-01-04,RS03AXBS-MJ03A-06-PRESTA301,1,True,5760,5760,0,0.0,0.0005
2015-01-05,RS03AXBS-MJ03A-06-PRESTA301,1,True,5760,5760,0,0.0,0.0005
2015-01-06,RS03AXBS-MJ03A-06-PRESTA301,1,True,5760,5760,0,0.0,0.0005
2015-01-07,RS03AXBS-MJ03A-06-PRESTA301,1,False,0,0,,,
2015-01-08,RS03AXBS-MJ03A-06-PRESTA301,1,True,5760,5760,0,0.0,0.0005
2015-01-09,RS03AXBS-MJ03A-06-PRESTA301,1,True,5760,5760,0,0.0,0.0005
2015-01-10,RS03AXBS-MJ03A-06-PRESTA301,1,True,5760,5760,0,0.0,0.0005
2015-01-11,RS03AXBS-MJ03A-06-PRESTA301,1,True,5760,5760,0,0.0,0.0005
2015-01-12,RS03AXBS-MJ03A-06-PRESTA301,1,True,5760,5760,0,0.0,0.0005
2015-01-13,RS03AXBS-MJ03A-06-PRESTA301,1,True,5760,5760,0,0.0,0.0005
2015-01-14,RS03AXBS-MJ03A-06-PRESTA301,1,True,5760,5760,0,0.0,0.0005
2015-01-15,RS03AXBS-MJ03A-06-PRESTA301,1,True,5760,5760,0,0.0,0.0005
2015-01-16,RS03AXBS-MJ03A-06-PRESTA301,1,True,5760,5760,0,0.0,0.0005
2015-01-17,RS03AXBS-MJ03A-06-PRESTA301,1,True,5760,5760,0,0.0,0.0005
2015-01-18,RS03AXBS-MJ03A-06-PRESTA301,1,True,5760,5760,0,0.0,0.0005
2015-01-19,RS03AXBS-MJ03A-06-PRESTA301,1,True,5760,5760,0,0.0,0.0005
2015-01-20,RS03AXBS-MJ03A-06-PRESTA301,1,True,5760,5760,0,0.0,0.0005
2015-01-21,RS03AXBS-MJ03A-06-PRESTA301,1,True,5760,5760,0,0.0,0.0005
2015-01-22,RS03AXBS-MJ03A-06-PRESTA301,1,True,5760,5760,0,0.0,0.0005
2015-01-23,RS03AXBS-MJ03A-06-PRESTA301,1,True,5760,5760,0,0.0,0.0005
2015-01-24,RS03AXBS-MJ03A-06-PRESTA301,1,True,5760,5760,0,0.0,0.0005
2015-01-25,RS03AXBS-MJ03A-06-PRESTA301,1,True,5760,5760,0,0.0,0.0005
2015-01-26,RS03AXBS-MJ03A-06-PRESTA301,1,True,5760,5760,0,0.0,0.0005
2015-01-27,RS03AXBS-MJ03A-06-PRESTA301,1,True,5760,5760,0,0.0,0.0005
2015-01-28,RS03AXBS-MJ03A-06-PRESTA301,1,True,5760,5760,0,0.0,0.0005
2015-01-29,RS03AXBS-MJ03A-06-PRESTA301,1,True,5760,5760,0,0.0,0.0005
2015-01-30,RS03AXBS-MJ03A-06-PRESTA301,1,True,5735,5760,25,0.434,0.4345
2015-01-31,RS03AXBS-MJ03A-06-PRESTA301,1,True,5479,5760,281,4.8785,4.8789
2015-02-01,RS03AXBS-MJ03A-06-PRESTA301,1,False,0,0,,,
2015-02-02,RS03AXBS-MJ03A-06-PRESTA301,1,False,0,0,,,
2015-02-03,RS03AXBS-MJ03A-06-PRESTA301,1,True,3371,3371,0,0.0,41.476
2015-02-04,RS03AXBS-MJ03A-06-PRESTA301,1,True,5560,5560,0,0.0,3.4727
2015-02-05,RS03AXBS-MJ03A-06-PRESTA301,1,True,5287,5287,0,0.0,8.2123
2015-02-06,RS03AXBS-MJ03A-06-PRESTA301,1,True,5760,5760,0,0.0,0.0005
2015-02-07,RS03AXBS-MJ03A-06-PRESTA301,1,True,5760,5760,0,0.0,0.0005
2015-02-08,RS03AXBS-MJ03A-06-PRESTA301,1,True,5760,5760,0,0.0,0.0005
2015-02-09,RS03AXBS-MJ03A-06-PRESTA301,1,True,5760,5760,0,0.0,0.0005
2015-02-10,RS03AXBS-MJ03A-06-PRESTA301,1,True,5760,5760,0,0.0,0.0005
2015-02-11,RS03AXBS-MJ03A-06-PRESTA301,1,True,5760,5760,0,0.0,0.0005
2015-02-12,RS03AXBS-MJ03A-06-PRESTA301,1,True,5760,5760,0,0.0,0.0005
2015-02-13,RS03AXBS-MJ03A-06-PRESTA301,1,True,5760,5760,0,0.0,0.0005
2015-02-14,RS03AXBS-MJ03A-06-PRESTA301,1,True,5760,5760,0,0.0,0.0005
2015-02-15,RS03AXBS-MJ03A-06-PRESTA301,1,True,5760,5760,0,0.0,0.0005
2015-02-16,RS03AXBS-MJ03A-06-PRESTA301,1,True,5760,5760,0,0.0,0.0005
2015-02-17,RS03AXBS-MJ03A-06-PRESTA301,1,True,5760,5760,0,0.0,0.0005
2015-02-18,RS03AXBS-MJ03A-06-PRESTA301,1,True,5760,5760,0,0.0,0.0005
2015-02-19,RS03AXBS-MJ03A-06-PRESTA301,1,True,5760,5760,0,0.0,0.0005
2015-02-20,RS03AXBS-MJ03A-06-PRESTA301,1,True,5731,5760,29,0.5035,0.504
2015-02-21,RS03AXBS-MJ03A-06-PRESTA301,1,True,5760,5760,0,0.0,0.0005
2015-02-22,RS03AXBS-MJ03A-06-PRESTA301,1,True,5760,5760,0,0.0,0.0005
2015-02-23,RS03AXBS-MJ03A-06-PRESTA301,1,True,5760,5760,0,0.0,0.0005
2015-02-24,RS03AXBS-MJ03A-06-PRESTA301,1,True,5760,5760,0,0.0,0.0005
2015-02-25,RS03AXBS-MJ03A-06-PRESTA301,1,True,5760,5760,0,0.0,0.0005
2015-02-26,RS03AXBS-MJ03A-06-PRESTA301,1,True,5760,5760,0,0.0,0.0005
2015-02-27,RS03AXBS-MJ03A-06-PRESTA301,1,True,5760,5760,0,0.0,0.0005
2015-02-28,RS03AXBS-MJ03A-06-PRESTA301,1,True,5760,5760,0,0.0,0.0005
2015-03-01,RS03AXBS-MJ03A-06-PRESTA301,1,True,5760,5760,0,0.0,0.0005
2015-03-02,RS03AXBS-MJ03A-06-PRESTA301,1,True,5760,5760,0,0.0,0.0005
2015-03-03,RS03AXBS-MJ03A-06-PRESTA301,1,True,5760,5760,0,0.0,0.0005
2015-03-04,RS03AXBS-MJ03A-06-PRESTA301,1,True,5760,5760,0,0.0,0.0005
2015-03-05,RS03AXBS-MJ03A-06-PRESTA301,1,True,5760,5760,0,0.0,0.0005
2015-03-06,RS03AXBS-MJ03A-06-PRESTA301,1,True,5760,5760,0,0.0,0.0005
2015-03-07,RS03AXBS-MJ03A-06-PRESTA301,1,True,5530,5530,0,0.0,3.9935
2015-03-08,RS03AXBS-MJ03A-06-PRESTA301,1,False,0,0,,,
2015-03-09,RS03AXBS-MJ03A-06-PRESTA301,1,True,3920,3920,0,0.0,31.9448
2015-03-10,RS03AXBS-MJ03A-06-PRESTA301,1,True,5760,5760,0,0.0,0.0005
2015-03-11,RS03AXBS-MJ03A-06-PRESTA301,1,True,5760,5760,0,0.0,0.0005
2015-03-12,RS03AXBS-MJ03A-06-PRESTA301,1,True,5760,5760,0,0.0,0.0005
2015-03-13,RS03AXBS-MJ03A-06-PRESTA301,1,True,5752,5760,8,0.1389,0.1394
2015-03-14,RS03AXBS-MJ03A-06-PRESTA301,1,True,5760,5760,0,0.0,0.0005
2015-03-15,RS03AXBS-MJ03A-06-PRESTA301,1,True,5760,5760,0,0.0,0.0005
2015-03-16,RS03AXBS-MJ03A-06-PRESTA301,1,True,5760,5760,0,0.0,0.0005
2015-03-17,RS03AXBS-MJ03A-06-PRESTA301,1,True,5760,5760,0,0.0,0.0005
2015-03-18,RS03AXBS-MJ03A-06-PRESTA301,1,True,5760,5760,0,0.0,0.0005
2015-03-19,RS03AXBS-MJ03A-06-PRESTA301,1,True,5760,5760,0,0.0,0.0005
2015-03-20,RS03AXBS-MJ03A-06-PRESTA301,1,True,5760,5760,0,0.0,0.0005
2015-03-21,RS03AXBS-MJ03A-06-PRESTA301,1,True,3388,3388,0,0.0,41.1808
2015-03-22,RS03AXBS-MJ03A-06-PRESTA301,1,True,5223,5223,0,0.0,9.3234
2015-03-23,RS03AXBS-MJ03A-06-PRESTA301,1,True,5760,5760,0,0.0,0.0005
2015-03-24,RS03AXBS-MJ03A-06-PRESTA301,1,True,5760,5760,0,0.0,0.0005
2015-03-25,RS03AXBS-MJ03A-06-PRESTA301,1,True,5760,5760,0,0.0,0.0005
2015-03-26,RS03AXBS-MJ03A-06-PRESTA301,1,True,5760,5760,0,0.0,0.0005
2015-03-27,RS03AXBS-MJ03A-06-PRESTA301,1,True,5760,5760,0,0.0,0.0005
2015-03-28,RS03AXBS-MJ03A-06-PRESTA301,1,True,5760,5760,0,0.0,0.0005
2015-03-29,RS03AXBS-MJ03A-06-PRESTA301,1,True,5760,5760,0,0.0,0.0005
2015-03-30,RS03AXBS-MJ03A-06-PRESTA301,1,True,5760,5760,0,0.0,0.0005
2015-03-31,RS03AXBS-MJ03A-06-PRESTA301,1,True,5760,5760,0,0.0,0.0005
2015-04-01,RS03AXBS-MJ03A-06-PRESTA301,1,True,5760,5760,0,0.0,0.0005
2015-04-02,RS03AXBS-MJ03A-06-PRESTA301,1,True,5760,5760,0,0.0,0.0005
2015-04-03,RS03AXBS-MJ03A-06-PRESTA301,1,True,5760,5760,0,0.0,0.0005
2015-04-04,RS03AXBS-MJ03A-06-PRESTA301,1,True,5760,5760,0,0.0,0.0005
2015-04-05,RS03AXBS-MJ03A-06-PRESTA301,1,True,5760,5760,0,0.0,0.0005
2015-04-06,RS03AXBS-MJ03A-06-PRESTA301,1,True,5760,5760,0,0.0,0.0005
2015-04-07,RS03AXBS-MJ03A-06-PRESTA301,1,True,5760,5760,0,0.0,0.0005
2015-04-08,RS03AXBS-MJ03A-06-PRESTA301,1,True,5760,5760,0,0.0,0.0005
2015-04-09,RS03AXBS-MJ03A-06-PRESTA301,1,True,5760,5760,0,0.0,0.0005
2015-04-10,RS03AXBS-MJ03A-06-PRESTA301,1,True,5760,5760,0,0.0,0.0005
2015-04-11,RS03AXBS-MJ03A-06-PRESTA301,1,True,5760,5760,0,0.0,0.0005
2015-04-12,RS03AXBS-MJ03A-06-PRESTA301,1,True,5760,5760,0,0.0,0.0005
2015-04-13,RS03AXBS-MJ03A-06-PRESTA301,1,True,5760,5760,0,0.0,0.0005
2015-04-14,RS03AXBS-MJ03A-06-PRESTA301,1,True,5760,5760,0,0.0,0.0005
2015-04-15,RS03AXBS-MJ03A-06-PRESTA301,1,True,5760,5760,0,0.0,0.0005
2015-04-16,RS03AXBS-MJ03A-06-PRESTA301,1,True,5760,5760,0,0.0,0.0005
2015-04-17,RS03AXBS-MJ03A-06-PRESTA301,1,True,5760,5760,0,0.0,0.0005
2015-04-18,RS03AXBS-MJ03A-06-PRESTA301,1,True,5760,5760,0,0.0,0.0005
2015-04-19,RS03AXBS-MJ03A-06-PRESTA301,1,True,5760,5760,0,0.0,0.0005
2015-04-20,RS03AXBS-MJ03A-06-PRESTA301,1,True,5760,5760,0,0.0,0.0005
2015-04-21,RS03AXBS-MJ03A-06-PRESTA301,1,True,5760,5760,0,0.0,0.0005
2015-04-22,RS03AXBS-MJ03A-06-PRESTA301,1,True,5760,5760,0,0.0,0.0005
2015-04-23,RS03AXBS-MJ03A-06-PRESTA301,1,True,5760,5760,0,0.0,0.0005
2015-04-24,RS03AXBS-MJ03A-06-PRESTA301,1,True,5760,5760,0,0.0,0.0005
2015-04-25,RS03AXBS-MJ03A-06-PRESTA301,1,True,5760,5760,0,0.0,0.0005
2015-04-26,RS03AXBS-MJ03A-06-PRESTA301,1,True,5760,5760,0,0.0,0.0005
2015-04-27,RS03AXBS-MJ03A-06-PRESTA301,1,True,5760,5760,0,0.0,0.0005
2015-04-28,RS03AXBS-MJ03A-06-PRESTA301,1,True,5760,5760,0,0.0,0.0005
2015-04-29,RS03AXBS-MJ03A-06-PRESTA301,1,True,5760,5760,0,0.0,0.0005
2015-04-30,RS03AXBS-MJ03A-06-PRESTA301,1,True,5760,5760,0,0.0,0.0005
2015-05-01,RS03AXBS-MJ03A-06-PRESTA301,1,True,5760,5760,0,0.0,0.0005
2015-05-02,RS03AXBS-MJ03A-06-PRESTA301,1,True,5760,5760,0,0.0,0.0005
2015-05-03,RS03AXBS-MJ03A-06-PRESTA301,1,True,5760,5760,0,0.0,0.0005
2015-05-04,RS03AXBS-MJ03A-06-PRESTA301,1,True,5760,5760,0,0.0,0.0005
2015-05-05,RS03AXBS-MJ03A-06-PRESTA301,1,True,5760,5760,0,0.0,0.0005
2015-05-06,RS03AXBS-MJ03A-06-PRESTA301,1,True,5760,5760,0,0.0,0.0005
2015-05-07,RS03AXBS-MJ03A-06-PRESTA301,1,True,5760,5760,0,0.0,0.0005
2015-05-08,RS03AXBS-MJ03A-06-PRESTA301,1,True,5760,5760,0,0.0,0.0005
2015-05-09,RS03AXBS-MJ03A-06-PRESTA301,1,True,5760,5760,0,0.0,0.0005
2015-05-10,RS03AXBS-MJ03A-06-PRESTA301,1,True,5760,5760,0,0.0,0.0005
2015-05-11,RS03AXBS-MJ03A-06-PRESTA301,1,True,5760,5760,0,0.0,0.0005
2015-05-12,RS03AXBS-MJ03A-06-PRESTA301,1,True,5760,5760,0,0.0,0.0005
2015-05-13,RS03AXBS-MJ03A-06-PRESTA301,1,True,5760,5760,0,0.0,0.0005
2015-05-14,RS03AXBS-MJ03A-06-PRESTA301,1,True,5760,5760,0,0.0,0.0005
2015-05-15,RS03AXBS-MJ03A-06-PRESTA301,1,True,5760,5760,0,0.0,0.0005
2015-05-16,RS03AXBS-MJ03A-06-PRESTA301,1,True,5760,5760,0,0.0,0.0005
2015-05-17,RS03AXBS-MJ03A-06-PRESTA301,1,True,5760,5760,0,0.0,0.0005
2015-05-18,RS03AXBS-MJ03A-06-PRESTA301,1,True,5760,5760,0,0.0,0.0005
2015-05-19,RS03AXBS-MJ03A-06-PRESTA301,1,True,5760,5760,0,0.0,0.0005
2015-05-20,RS03AXBS-MJ03A-06-PRESTA301,1,True,5760,5760,0,0.0,0.0005
2015-05-21,RS03AXBS-MJ03A-06-PRESTA301,1,True,5760,5760,0,0.0,0.0005
2015-05-22,RS03AXBS-MJ03A-06-PRESTA301,1,True,5760,5760,0,0.0,0.0005
2015-05-23,RS03AXBS-MJ03A-06-PRESTA301,1,True,5760,5760,0,0.0,0.0005
2015-05-24,RS03AXBS-MJ03A-06-PRESTA301,1,True,5760,5760,0,0.0,0.0005
2015-05-25,RS03AXBS-MJ03A-06-PRESTA301,1,True,5760,5760,0,0.0,0.0005
2015-05-26,RS03AXBS-MJ03A-06-PRESTA301,1,True,5760,5760,0,0.0,0.0005
2015-05-27,RS03AXBS-MJ03A-06-PRESTA301,1,True,5760,5760,0,0.0,0.0005
2015-05-28,RS03AXBS-MJ03A-06-PRESTA301,1,True,5760,5760,0,0.0,0.0005
2015-05-29,RS03AXBS-MJ03A-06-PRESTA301,1,True,5760,5760,0,0.0,0.0005
2015-05-30,RS03AXBS-MJ03A-06-PRESTA301,1,True,5760,5760,0,0.0,0.0005
2015-05-31,RS03AXBS-MJ03A-06-PRESTA301,1,True,5760,5760,0,0.0,0.0005
2015-06-01,RS03AXBS-MJ03A-06-PRESTA301,1,True,5760,5760,0,0.0,0.0005
2015-06-02,RS03AXBS-MJ03A-06-PRESTA301,1,True,5761,5761,0,0.0,0.0
2015-06-03,RS03AXBS-MJ03A-06-PRESTA301,1,True,5760,5760,0,0.0,0.0005
2015-06-04,RS03AXBS-MJ03A-06-PRESTA301,1,True,5760,5760,0,0.0,0.0005
2015-06-05,RS03AXBS-MJ03A-06-PRESTA301,1,True,5760,5760,0,0.0,0.0005
2015-06-06,RS03AXBS-MJ03A-06-PRESTA301,1,True,5760,5760,0,0.0,0.0005
2015-06-07,RS03AXBS-MJ03A-06-PRESTA301,1,True,5760,5760,0,0.0,0.0005
2015-06-08,RS03AXBS-MJ03A-06-PRESTA301,1,True,5760,5760,0,0.0,0.0005
2015-06-09,RS03AXBS-MJ03A-06-PRESTA301,1,True,5760,5760,0,0.0,0.0005
2015-06-10,RS03AXBS-MJ03A-06-PRESTA301,1,True,5760,5760,0,0.0,0.0005
2015-06-11,RS03AXBS-MJ03A-06-PRESTA301,1,True,5760,5760,0,0.0,0.0005
2015-06-12,RS03AXBS-MJ03A-06-PRESTA301,1,True,5760,5760,0,0.0,0.0005
2015-06-13,RS03AXBS-MJ03A-06-PRESTA301,1,True,5760,5760,0,0.0,0.0005
2015-06-14,RS03AXBS-MJ03A-06-PRESTA301,1,True,5760,5760,0,0.0,0.0005
2015-06-15,RS03AXBS-MJ03A-06-PRESTA301,1,True,2574,5760,3186,55.3125,55.3127
2015-06-16,RS03AXBS-MJ03A-06-PRESTA301,1,True,5760,5760,0,0.0,0.0005
2015-06-17,RS03AXBS-MJ03A-06-PRESTA301,1,True,5760,5760,0,0.0,0.0005
2015-06-18,RS03AXBS-MJ03A-06-PRESTA301,1,True,5760,5760,0,0.0,0.0005
2015-06-19,RS03AXBS-MJ03A-06-PRESTA301,1,True,5760,5760,0,0.0,0.0005
2015-06-20,RS03AXBS-MJ03A-06-PRESTA301,1,True,5760,5760,0,0.0,0.0005
2015-06-21,RS03AXBS-MJ03A-06-PRESTA301,1,True,5760,5760,0,0.0,0.0005
2015-06-22,RS03AXBS-MJ03A-06-PRESTA301,1,True,5760,5760,0,0.0,0.0005
2015-06-23,RS03AXBS-MJ03A-06-PRESTA301,1,True,5760,5760,0,0.0,0.0005
2015-06-24,RS03AXBS-MJ03A-06-PRESTA301,1,True,5760,5760,0,0.0,0.0005
2015-06-25,RS03AXBS-MJ03A-06-PRESTA301,1,True,5760,5760,0,0.0,0.0005
2015-06-26,RS03AXBS-MJ03A-06-PRESTA301,1,True,5760,5760,0,0.0,0.0005
2015-06-27,RS03AXBS-MJ03A-06-PRESTA301,1,True,5760,5760,0,0.0,0.0005
2015-06-28,RS03AXBS-MJ03A-06-PRESTA301,1,True,5760,5760,0,0.0,0.0005
2015-06-29,RS03AXBS-MJ03A-06-PRESTA301,1,True,5760,5760,0,0.0,0.0005
2015-06-30,RS03AXBS-MJ03A-06-PRESTA301,1,True,5645,5760,115,1.9965,1.997
2015-07-01,RS03AXBS-MJ03A-06-PRESTA301,1,True,5760,5760,0,0.0,0.0005
2015-07-02,RS03AXBS-MJ03A-06-PRESTA301,1,True,5760,5760,0,0.0,0.0005
2015-07-03,RS03AXBS-MJ03A-06-PRESTA301,1,True,5760,5760,0,0.0,0.0005
2015-07-04,RS03AXBS-MJ03A-06-PRESTA301,1,True,5760,5760,0,0.0,0.0005
2015-07-05,RS03AXBS-MJ03A-06-PRESTA301,1,True,5760,5760,0,0.0,0.0005
2015-07-06,RS03AXBS-MJ03A-06-PRESTA301,1,True,5760,5760,0,0.0,0.0005
2015-07-07,RS03AXBS-MJ03A-06-PRESTA301,1,True,5760,5760,0,0.0,0.0005
2015-07-08,RS03AXBS-MJ03A-06-PRESTA301,1,True,5752,5760,8,0.1389,0.1394
2015-07-09,RS03AXBS-MJ03A-06-PRESTA301,1,True,5760,5760,0,0.0,0.0005
2015-07-10,RS03AXBS-MJ03A-06-PRESTA301,1,True,5730,5760,30,0.5208,0.5213
2015-07-11,RS03AXBS-MJ03A-06-PRESTA301,1,True,5760,5760,0,0.0,0.0005
2015-07-12,RS03AXBS-MJ03A-06-PRESTA301,1,True,5760,5760,0,0.0,0.0005
2015-07-13,RS03AXBS-MJ03A-06-PRESTA301,1,True,5760,5760,0,0.0,0.0005
2015-07-14,RS03AXBS-MJ03A-06-PRESTA301,1,True,5760,5760,0,0.0,0.0005
2015-07-15,RS03AXBS-MJ03A-06-PRESTA301,1,True,3355,5760,2405,41.7535,41.7538
2015-07-16,RS03AXBS-MJ03A-06-PRESTA301,1,True,5732,5760,28,0.4861,0.4866
2015-07-17,RS03AXBS-MJ03A-06-PRESTA301,1,True,5760,5760,0,0.0,0.0005
2015-07-18,RS03AXBS-MJ03A-06-PRESTA301,1,True,5760,5760,0,0.0,0.0005
2015-07-19,RS03AXBS-MJ03A-06-PRESTA301,1,True,5760,5760,0,0.0,0.0005
2015-07-20,RS03AXBS-MJ03A-06-PRESTA301,1,True,5760,5760,0,0.0,0.0005
2015-07-21,RS03AXBS-MJ03A-06-PRESTA301,1,True,5760,5760,0,0.0,0.0005
2015-07-22,RS03AXBS-MJ03A-06-PRESTA301,1,True,5760,5760,0,0.0,0.0005
2015-07-23,RS03AXBS-MJ03A-06-PRESTA301,1,True,5752,5760,8,0.1389,0.1394
2015-07-24,RS03AXBS-MJ03A-06-PRESTA301,1,True,5760,5760,0,0.0,0.0005
2015-07-25,RS03AXBS-MJ03A-06-PRESTA301,1,True,5760,5760,0,0.0,0.0005
2015-07-26,RS03AXBS-MJ03A-06-PRESTA301,1,True,5760,5760,0,0.0,0.0005
2015-07-27,RS03AXBS-MJ03A-06-PRESTA301,1,True,5752,5760,8,0.1389,0.1394
2015-07-28,RS03AXBS-MJ03A-06-PRESTA301,1,True,5760,5760,0,0.0,0.0005
2015-07-29,RS03AXBS-MJ03A-06-PRESTA301,1,True,5760,5760,0,0.0,0.0005
2015-07-30,RS03AXBS-MJ03A-06-PRESTA301,1,True,5760,5760,0,0.0,0.0005
2015-07-31,RS03AXBS-MJ03A-06-PRESTA301,1,True,5760,5760,0,0.0,0.0005
2015-08-01,RS03AXBS-MJ03A-06-PRESTA301,1,True,5760,5760,0,0.0,0.0005
2015-08-02,RS03AXBS-MJ03A-06-PRESTA301,1,True,5760,5760,0,0.0,0.0005
2015-08-03,RS03AXBS-MJ03A-06-PRESTA301,1,True,5752,5760,8,0.1389,0.1394
2015-08-04,RS03AXBS-MJ03A-06-PRESTA301,1,True,5760,5760,0,0.0,0.0005
2015-08-05,RS03AXBS-MJ03A-06-PRESTA301,1,True,5760,5760,0,0.0,0.0005
2015-08-06,RS03AXBS-MJ03A-06-PRESTA301,1,True,5760,5760,0,0.0,0.0005
2015-08-07,RS03AXBS-MJ03A-06-PRESTA301,1,True,5760,5760,0,0.0,0.0005
2015-08-08,RS03AXBS-MJ03A-06-PRESTA301,1,True,5760,5760,0,0.0,0.0005
2015-08-09,RS03AXBS-MJ03A-06-PRESTA301,1,True,5760,5760,0,0.0,0.0005
2015-08-10,RS03AXBS-MJ03A-06-PRESTA301,1,True,5760,5760,0,0.0,0.0005
2015-08-11,RS03AXBS-MJ03A-06-PRESTA301,1,True,5760,5760,0,0.0,0.0005
2015-08-12,RS03AXBS-MJ03A-06-PRESTA301,1,True,5760,5760,0,0.0,0.0005
2015-08-13,RS03AXBS-MJ03A-06-PRESTA301,1,True,5760,5760,0,0.0,0.0005
2015-08-14,RS03AXBS-MJ03A-06-PRESTA301,1,True,5760,5760,0,0.0,0.0005
2015-08-15,RS03AXBS-MJ03A-06-PRESTA301,1,True,3381,3381,0,0.0,41.3024
2015-08-16,RS03AXBS-MJ03A-06-PRESTA301,1,True,5157,5157,0,0.0,10.4692
2015-08-17,RS03AXBS-MJ03A-06-PRESTA301,1,True,5760,5760,0,0.0,0.0005
2015-08-18,RS03AXBS-MJ03A-06-PRESTA301,1,True,5760,5760,0,0.0,0.0005
2015-08-19,RS03AXBS-MJ03A-06-PRESTA301,1,True,5760,5760,0,0.0,0.0005
2015-08-20,RS03AXBS-MJ03A-06-PRESTA301,1,True,5760,5760,0,0.0,0.0005
2015-08-21,RS03AXBS-MJ03A-06-PRESTA301,1,True,5461,5760,299,5.191,5.1914
2015-08-22,RS03AXBS-MJ03A-06-PRESTA301,1,True,5760,5760,0,0.0,0.0005
2015-08-23,RS03AXBS-MJ03A-06-PRESTA301,1,True,5760,5760,0,0.0,0.0005
2015-08-24,RS03AXBS-MJ03A-06-PRESTA301,1,True,5760,5760,0,0.0,0.0005
2015-08-25,RS03AXBS-MJ03A-06-PRESTA301,1,True,5760,5760,0,0.0,0.0005
2015-08-26,RS03AXBS-MJ03A-06-PRESTA301,1,True,5760,5760,0,0.0,0.0005
2015-08-27,RS03AXBS-MJ03A-06-PRESTA301,1,True,5760,5760,0,0.0,0.0005
2015-08-28,RS03AXBS-MJ03A-06-PRESTA301,1,True,5760,5760,0,0.0,0.0005
2015-08-29,RS03AXBS-MJ03A-06-PRESTA301,1,True,5669,5760,91,1.5799,1.5804
2015-08-30,RS03AXBS-MJ03A-06-PRESTA301,1,True,5760,5760,0,0.0,0.0005
2015-08-31,RS03AXBS-MJ03A-06-PRESTA301,1,True,5760,5760,0,0.0,0.0005
2015-09-01,RS03AXBS-MJ03A-06-PRESTA301,1,True,5760,5760,0,0.0,0.0005
2015-09-02,RS03AXBS-MJ03A-06-PRESTA301,1,True,5760,5760,0,0.0,0.0005
2015-09-03,RS03AXBS-MJ03A-06-PRESTA301,1,True,5760,5760,0,0.0,0.0005
2015-09-04,RS03AXBS-MJ03A-06-PRESTA301,1,True,5760,5760,0,0.0,0.0005
2015-09-05,RS03AXBS-MJ03A-06-PRESTA301,1,True,5760,5760,0,0.0,0.0005
2015-09-06,RS03AXBS-MJ03A-06-PRESTA301,1,True,5760,5760,0,0.0,0.0005
2015-09-07,RS03AXBS-MJ03A-06-PRESTA301,1,True,5760,5760,0,0.0,0.0005
2015-09-08,RS03AXBS-MJ03A-06-PRESTA301,1,True,5760,5760,0,0.0,0.0005
2015-09-09,RS03AXBS-MJ03A-06-PRESTA301,1,True,5760,5760,0,0.0,0.0005
2015-09-10,RS03AXBS-MJ03A-06-PRESTA301,1,True,5760,5760,0,0.0,0.0005
2015-09-11,RS03AXBS-MJ03A-06-PRESTA301,1,True,5760,5760,0,0.0,0.0005
2015-09-12,RS03AXBS-MJ03A-06-PRESTA301,1,True,5760,5760,0,0.0,0.0005
2015-09-13,RS03AXBS-MJ03A-06-PRESTA301,1,True,5760,5760,0,0.0,0.0005
2015-09-14,RS03AXBS-MJ03A-06-PRESTA301,1,True,5760,5760,0,0.0,0.0005
2015-09-15,RS03AXBS-MJ03A-06-PRESTA301,1,True,5760,5760,0,0.0,0.0005
2015-09-16,RS03AXBS-MJ03A-06-PRESTA301,1,True,5760,5760,0,0.0,0.0005
2015-09-17,RS03AXBS-MJ03A-06-PRESTA301,1,True,5760,5760,0,0.0,0.0005
2015-09-18,RS03AXBS-MJ03A-06-PRESTA301,1,True,5760,5760,0,0.0,0.0005
2015-09-19,RS03AXBS-MJ03A-06-PRESTA301,1,True,5760,5760,0,0.0,0.0005
2015-09-20,RS03AXBS-MJ03A-06-PRESTA301,1,True,5760,5760,0,0.0,0.0005
2015-09-21,RS03AXBS-MJ03A-06-PRESTA301,1,True,5760,5760,0,0.0,0.0005
2015-09-22,RS03AXBS-MJ03A-06-PRESTA301,1,True,5760,5760,0,0.0,0.0005
2015-09-23,RS03AXBS-MJ03A-06-PRESTA301,1,True,5760,5760,0,0.0,0.0005
2015-09-24,RS03AXBS-MJ03A-06-PRESTA301,1,True,5760,5760,0,0.0,0.0005
2015-09-25,RS03AXBS-MJ03A-06-PRESTA301,1,True,5760,5760,0,0.0,0.0005
2015-09-26,RS03AXBS-MJ03A-06-PRESTA301,1,True,5760,5760,0,0.0,0.0005
2015-09-27,RS03AXBS-MJ03A-06-PRESTA301,1,True,5760,5760,0,0.0,0.0005
2015-09-28,RS03AXBS-MJ03A-06-PRESTA301,1,True,5760,5760,0,0.0,0.0005
2015-09-29,RS03AXBS-MJ03A-06-PRESTA301,1,True,5760,5760,0,0.0,0.0005
2015-09-30,RS03AXBS-MJ03A-06-PRESTA301,1,True,5760,5760,0,0.0,0.0005
2015-10-01,RS03AXBS-MJ03A-06-PRESTA301,1,True,5760,5760,0,0.0,0.0005
2015-10-02,RS03AXBS-MJ03A-06-PRESTA301,1,True,5760,5760,0,0.0,0.0005
2015-10-03,RS03AXBS-MJ03A-06-PRESTA301,1,True,5760,5760,0,0.0,0.0005
2015-10-04,RS03AXBS-MJ03A-06-PRESTA301,1,True,5760,5760,0,0.0,0.0005
2015-10-05,RS03AXBS-MJ03A-06-PRESTA301,1,True,5760,5760,0,0.0,0.0005
2015-10-06,RS03AXBS-MJ03A-06-PRESTA301,1,True,5760,5760,0,0.0,0.0005
2015-10-07,RS03AXBS-MJ03A-06-PRESTA301,1,True,5760,5760,0,0.0,0.0005
2015-10-08,RS03AXBS-MJ03A-06-PRESTA301,1,True,5760,5760,0,0.0,0.0005
2015-10-09,RS03AXBS-MJ03A-06-PRESTA301,1,True,5760,5760,0,0.0,0.0005
2015-10-10,RS03AXBS-MJ03A-06-PRESTA301,1,True,5760,5760,0,0.0,0.0005
2015-10-11,RS03AXBS-MJ03A-06-PRESTA301,1,True,5760,5760,0,0.0,0.0005
2015-10-12,RS03AXBS-MJ03A-06-PRESTA301,1,True,5760,5760,0,0.0,0.0005
2015-10-13,RS03AXBS-MJ03A-06-PRESTA301,1,True,5760,5760,0,0.0,0.0005
2015-10-14,RS03AXBS-MJ03A-06-PRESTA301,1,True,5760,5760,0,0.0,0.0005
2015-10-15,RS03AXBS-MJ03A-06-PRESTA301,1,True,5760,5760,0,0.0,0.0005
2015-10-16,RS03AXBS-MJ03A-06-PRESTA301,1,True,5760,5760,0,0.0,0.0005
2015-10-17,RS03AXBS-MJ03A-06-PRESTA301,1,True,5760,5760,0,0.0,0.0005
2015-10-18,RS03AXBS-MJ03A-06-PRESTA301,1,True,5760,5760,0,0.0,0.0005
2015-10-19,RS03AXBS-MJ03A-06-PRESTA301,1,True,5697,5760,63,1.0938,1.0942
2015-10-20,RS03AXBS-MJ03A-06-PRESTA301,1,True,5760,5760,0,0.0,0.0005
2015-10-21,RS03AXBS-MJ03A-06-PRESTA301,1,True,5760,5760,0,0.0,0.0005
2015-10-22,RS03AXBS-MJ03A-06-PRESTA301,1,True,5760,5760,0,0.0,0.0005
2015-10-23,RS03AXBS-MJ03A-06-PRESTA301,1,True,5744,5760,16,0.2778,0.2783
2015-10-24,RS03AXBS-MJ03A-06-PRESTA301,1,True,5760,5760,0,0.0,0.0005
2015-10-25,RS03AXBS-MJ03A-06-PRESTA301,1,True,5760,5760,0,0.0,0.0005
2015-10-26,RS03AXBS-MJ03A-06-PRESTA301,1,True,5760,5760,0,0.0,0.0005
2015-10-27,RS03AXBS-MJ03A-06-PRESTA301,1,True,5760,5760,0,0.0,0.0005
2015-10-28,RS03AXBS-MJ03A-06-PRESTA301,1,True,5526,5760,234,4.0625,4.063
2015-10-29,RS03AXBS-MJ03A-06-PRESTA301,1,True,5754,5760,6,0.1042,0.1047
2015-10-30,RS03AXBS-MJ03A-06-PRESTA301,1,True,5760,5760,0,0.0,0.0005
2015-10-31,RS03AXBS-MJ03A-06-PRESTA301,1,True,5760,5760,0,0.0,0.0005
2015-11-01,RS03AXBS-MJ03A-06-PRESTA301,1,True,5760,5760,0,0.0,0.0005
2015-11-02,RS03AXBS-MJ03A-06-PRESTA301,1,True,5760,5760,0,0.0,0.0005
2015-11-03,RS03AXBS-MJ03A-06-PRESTA301,1,True,5760,5760,0,0.0,0.0005
2015-11-04,RS03AXBS-MJ03A-06-PRESTA301,1,True,5760,5760,0,0.0,0.0005
2015-11-05,RS03AXBS-MJ03A-06-PRESTA301,1,True,5760,5760,0,0.0,0.0005
2015-11-06,RS03AXBS-MJ03A-06-PRESTA301,1,True,5760,5760,0,0.0,0.0005
2015-11-07,RS03AXBS-MJ03A-06-PRESTA301,1,True,3650,5760,2110,36.6319,36.6323
2015-11-08,RS03AXBS-MJ03A-06-PRESTA301,1,True,5760,5760,0,0.0,0.0005
2015-11-09,RS03AXBS-MJ03A-06-PRESTA301,1,True,5760,5760,0,0.0,0.0005
2015-11-10,RS03AXBS-MJ03A-06-PRESTA301,1,True,5760,5760,0,0.0,0.0005
2015-11-11,RS03AXBS-MJ03A-06-PRESTA301,1,True,5760,5760,0,0.0,0.0005
2015-11-12,RS03AXBS-MJ03A-06-PRESTA301,1,True,5760,5760,0,0.0,0.0005
2015-11-13,RS03AXBS-MJ03A-06-PRESTA301,1,True,5760,5760,0,0.0,0.0005
2015-11-14,RS03AXBS-MJ03A-06-PRESTA301,1,True,5760,5760,0,0.0,0.0005
2015-11-15,RS03AXBS-MJ03A-06-PRESTA301,1,True,5760,5760,0,0.0,0.0005
2015-11-16,RS03AXBS-MJ03A-06-PRESTA301,1,True,5760,5760,0,0.0,0.0005
2015-11-17,RS03AXBS-MJ03A-06-PRESTA301,1,True,5760,5760,0,0.0,0.0005
2015-11-18,RS03AXBS-MJ03A-06-PRESTA301,1,True,5740,5760,20,0.3472,0.3477
2015-11-19,RS03AXBS-MJ03A-06-PRESTA301,1,True,5760,5760,0,0.0,0.0005
2015-11-20,RS03AXBS-MJ03A-06-PRESTA301,1,True,5760,5760,0,0.0,0.0005
2015-11-21,RS03AXBS-MJ03A-06-PRESTA301,1,True,5760,5760,0,0.0,0.0005
2015-11-22,RS03AXBS-MJ03A-06-PRESTA301,1,True,5760,5760,0,0.0,0.0005
2015-11-23,RS03AXBS-MJ03A-06-PRESTA301,1,True,5760,5760,0,0.0,0.0005
2015-11-24,RS03AXBS-MJ03A-06-PRESTA301,1,True,5760,5760,0,0.0,0.0005
2015-11-25,RS03AXBS-MJ03A-06-PRESTA301,1,True,5739,5760,21,0.3646,0.3651
2015-11-26,RS03AXBS-MJ03A-06-PRESTA301,1,True,5760,5760,0,0.0,0.0005
2015-11-27,RS03AXBS-MJ03A-06-PRESTA301,1,True,5760,5760,0,0.0,0.0005
2015-11-28,RS03AXBS-MJ03A-06-PRESTA301,1,True,5760,5760,0,0.0,0.0005
2015-11-29,RS03AXBS-MJ03A-06-PRESTA301,1,True,4939,5760,821,14.2535,14.2539
2015-11-30,RS03AXBS-MJ03A-06-PRESTA301,1,True,5760,5760,0,0.0,0.0005
2015-12-01,RS03AXBS-MJ03A-06-PRESTA301,1,True,5760,5760,0,0.0,0.0005
2015-12-02,RS03AXBS-MJ03A-06-PRESTA301,1,True,5753,5760,7,0.1215,0.122
2015-12-03,RS03AXBS-MJ03A-06-PRESTA301,1,True,5755,5760,5,0.0868,0.0873
2015-12-04,RS03AXBS-MJ03A-06-PRESTA301,1,True,5760,5760,0,0.0,0.0005
2015-12-05,RS03AXBS-MJ03A-06-PRESTA301,1,True,5760,5760,0,0.0,0.0005
2015-12-06,RS03AXBS-MJ03A-06-PRESTA301,1,True,5760,5760,0,0.0,0.0005
2015-12-07,RS03AXBS-MJ03A-06-PRESTA301,1,True,5760,5760,0,0.0,0.0005
2015-12-08,RS03AXBS-MJ03A-06-PRESTA301,1,True,5760,5760,0,0.0,0.0005
2015-12-09,RS03AXBS-MJ03A-06-PRESTA301,1,True,5760,5760,0,0.0,0.0005
2015-12-10,RS03AXBS-MJ03A-06-PRESTA301,1,True,5760,5760,0,0.0,0.0005
2015-12-11,RS03AXBS-MJ03A-06-PRESTA301,1,True,5760,5760,0,0.0,0.0005
2015-12-12,RS03AXBS-MJ03A-06-PRESTA301,1,True,5760,5760,0,0.0,0.0005
2015-12-13,RS03AXBS-MJ03A-06-PRESTA301,1,True,5760,5760,0,0.0,0.0005
2015-12-14,RS03AXBS-MJ03A-06-PRESTA301,1,True,5760,5760,0,0.0,0.0005
2015-12-15,RS03AXBS-MJ03A-06-PRESTA301,1,True,5760,5760,0,0.0,0.0005
2015-12-16,RS03AXBS-MJ03A-06-PRESTA301,1,True,5760,5760,0,0.0,0.0005
2015-12-17,RS03AXBS-MJ03A-06-PRESTA301,1,True,5760,5760,0,0.0,0.0005
2015-12-18,RS03AXBS-MJ03A-06-PRESTA301,1,True,5760,5760,0,0.0,0.0005
2015-12-19,RS03AXBS-MJ03A-06-PRESTA301,1,True,5760,5760,0,0.0,0.0005
2015-12-20,RS03AXBS-MJ03A-06-PRESTA301,1,True,5760,5760,0,0.0,0.0005
2015-12-21,RS03AXBS-MJ03A-06-PRESTA301,1,True,5760,5760,0,0.0,0.0005
2015-12-22,RS03AXBS-MJ03A-06-PRESTA301,1,True,5760,5760,0,0.0,0.0005
2015-12-23,RS03AXBS-MJ03A-06-PRESTA301,1,True,5760,5760,0,0.0,0.0005
2015-12-24,RS03AXBS-MJ03A-06-PRESTA301,1,True,5760,5760,0,0.0,0.0005
2015-12-25,RS03AXBS-MJ03A-06-PRESTA301,1,True,5760,5760,0,0.0,0.0005
2015-12-26,RS03AXBS-MJ03A-06-PRESTA301,1,True,5760,5760,0,0.0,0.0005
2015-12-27,RS03AXBS-MJ03A-06-PRESTA301,1,True,5760,5760,0,0.0,0.0005
2015-12-28,RS03AXBS-MJ03A-06-PRESTA301,1,True,5760,5760,0,0.0,0.0005
2015-12-29,RS03AXBS-MJ03A-06-PRESTA301,1,True,5760,5760,0,0.0,0.0005
2015-12-30,RS03AXBS-MJ03A-06-PRESTA301,1,True,5760,5760,0,0.0,0.0005
2015-12-31,RS03AXBS-MJ03A-06-PRESTA301,1,True,5760,5760,0,0.0,0.0005
2016-01-01,RS03AXBS-MJ03A-06-PRESTA301,1,True,5760,5760,0,0.0,0.0005
2016-01-02,RS03AXBS-MJ03A-06-PRESTA301,1,True,5760,5760,0,0.0,0.0005
2016-01-03,RS03AXBS-MJ03A-06-PRESTA301,1,True,5760,5760,0,0.0,0.0005
2016-01-04,RS03AXBS-MJ03A-06-PRESTA301,1,True,5760,5760,0,0.0,0.0005
2016-01-05,RS03AXBS-MJ03A-06-PRESTA301,1,True,5760,5760,0,0.0,0.0005
2016-01-06,RS03AXBS-MJ03A-06-PRESTA301,1,True,5760,5760,0,0.0,0.0005
2016-01-07,RS03AXBS-MJ03A-06-PRESTA301,1,True,5733,5760,27,0.4688,0.4692
2016-01-08,RS03AXBS-MJ03A-06-PRESTA301,1,True,5760,5760,0,0.0,0.0005
2016-01-09,RS03AXBS-MJ03A-06-PRESTA301,1,True,5760,5760,0,0.0,0.0005
2016-01-10,RS03AXBS-MJ03A-06-PRESTA301,1,True,5760,5760,0,0.0,0.0005
2016-01-11,RS03AXBS-MJ03A-06-PRESTA301,1,True,5760,5760,0,0.0,0.0005
2016-01-12,RS03AXBS-MJ03A-06-PRESTA301,1,True,5760,5760,0,0.0,0.0005
2016-01-13,RS03AXBS-MJ03A-06-PRESTA301,1,True,5760,5760,0,0.0,0.0005
2016-01-14,RS03AXBS-MJ03A-06-PRESTA301,1,True,5760,5760,0,0.0,0.0005
2016-01-15,RS03AXBS-MJ03A-06-PRESTA301,1,True,5760,5760,0,0.0,0.0005
2016-01-16,RS03AXBS-MJ03A-06-PRESTA301,1,True,5760,5760,0,0.0,0.0005
2016-01-17,RS03AXBS-MJ03A-06-PRESTA301,1,True,5760,5760,0,0.0,0.0005
2016-01-18,RS03AXBS-MJ03A-06-PRESTA301,1,True,5760,5760,0,0.0,0.0005
2016-01-19,RS03AXBS-MJ03A-06-PRESTA301,1,True,5760,5760,0,0.0,0.0005
2016-01-20,RS03AXBS-MJ03A-06-PRESTA301,1,True,5759,5760,1,0.0174,0.0179
2016-01-21,RS03AXBS-MJ03A-06-PRESTA301,1,True,5760,5760,0,0.0,0.0005
2016-01-22,RS03AXBS-MJ03A-06-PRESTA301,1,True,5760,5760,0,0.0,0.0005
2016-01-23,RS03AXBS-MJ03A-06-PRESTA301,1,True,5760,5760,0,0.0,0.0005
2016-01-24,RS03AXBS-MJ03A-06-PRESTA301,1,True,5760,5760,0,0.0,0.0005
2016-01-25,RS03AXBS-MJ03A-06-PRESTA301,1,True,5760,5760,0,0.0,0.0005
2016-01-26,RS03AXBS-MJ03A-06-PRESTA301,1,True,5760,5760,0,0.0,0.0005
2016-01-27,RS03AXBS-MJ03A-06-PRESTA301,1,True,5760,5760,0,0.0,0.0005
2016-01-28,RS03AXBS-MJ03A-06-PRESTA301,1,True,5760,5760,0,0.0,0.0005
2016-01-29,RS03AXBS-MJ03A-06-PRESTA301,1,True,5760,5760,0,0.0,0.0005
2016-01-30,RS03AXBS-MJ03A-06-PRESTA301,1,True,4832,4832,0,0.0,16.1115
2016-01-31,RS03AXBS-MJ03A-06-PRESTA301,1,True,5146,5146,0,0.0,10.6602
2016-02-01,RS03AXBS-MJ03A-06-PRESTA301,1,True,5759,5760,1,0.0174,0.0179
2016-02-02,RS03AXBS-MJ03A-06-PRESTA301,1,True,5760,5760,0,0.0,0.0005
2016-02-03,RS03AXBS-MJ03A-06-PRESTA301,1,True,5760,5760,0,0.0,0.0005
2016-02-04,RS03AXBS-MJ03A-06-PRESTA301,1,True,5760,5760,0,0.0,0.0005
2016-02-05,RS03AXBS-MJ03A-06-PRESTA301,1,True,5760,5760,0,0.0,0.0005
2016-02-06,RS03AXBS-MJ03A-06-PRESTA301,1,True,5760,5760,0,0.0,0.0005
2016-02-07,RS03AXBS-MJ03A-06-PRESTA301,1,True,5760,5760,0,0.0,0.0005
2016-02-08,RS03AXBS-MJ03A-06-PRESTA301,1,True,5760,5760,0,0.0,0.0005
2016-02-09,RS03AXBS-MJ03A-06-PRESTA301,1,True,5760,5760,0,0.0,0.0005
2016-02-10,RS03AXBS-MJ03A-06-PRESTA301,1,True,5760,5760,0,0.0,0.0005
2016-02-11,RS03AXBS-MJ03A-06-PRESTA301,1,True,5760,5760,0,0.0,0.0005
2016-02-12,RS03AXBS-MJ03A-06-PRESTA301,1,True,5760,5760,0,0.0,0.0005
2016-02-13,RS03AXBS-MJ03A-06-PRESTA301,1,True,5760,5760,0,0.0,0.0005
2016-02-14,RS03AXBS-MJ03A-06-PRESTA301,1,True,5760,5760,0,0.0,0.0005
2016-02-15,RS03AXBS-MJ03A-06-PRESTA301,1,True,5759,5760,1,0.0174,0.0179
2016-02-16,RS03AXBS-MJ03A-06-PRESTA301,1,True,5760,5760,0,0.0,0.0005
2016-02-17,RS03AXBS-MJ03A-06-PRESTA301,1,True,5760,5760,0,0.0,0.0005
2016-02-18,RS03AXBS-MJ03A-06-PRESTA301,1,True,5760,5760,0,0.0,0.0005
2016-02-19,RS03AXBS-MJ03A-06-PRESTA301,1,True,5760,5760,0,0.0,0.0005
2016-02-20,RS03AXBS-MJ03A-06-PRESTA301,1,True,5760,5760,0,0.0,0.0005
2016-02-21,RS03AXBS-MJ03A-06-PRESTA301,1,True,5760,5760,0,0.0,0.0005
2016-02-22,RS03AXBS-MJ03A-06-PRESTA301,1,True,5760,5760,0,0.0,0.0005
2016-02-23,RS03AXBS-MJ03A-06-PRESTA301,1,True,5760,5760,0,0.0,0.0005
2016-02-24,RS03AXBS-MJ03A-06-PRESTA301,1,True,5760,5760,0,0.0,0.0005
2016-02-25,RS03AXBS-MJ03A-06-PRESTA301,1,True,5760,5760,0,0.0,0.0005
2016-02-26,RS03AXBS-MJ03A-06-PRESTA301,1,True,5760,5760,0,0.0,0.0005
2016-02-27,RS03AXBS-MJ03A-06-PRESTA301,1,True,5760,5760,0,0.0,0.0005
2016-02-28,RS03AXBS-MJ03A-06-PRESTA301,1,True,5760,5760,0,0.0,0.0005
2016-02-29,RS03AXBS-MJ03A-06-PRESTA301,1,True,5760,5760,0,0.0,0.0005
2016-03-01,RS03AXBS-MJ03A-06-PRESTA301,1,True,5754,5760,6,0.1042,0.1047
2016-03-02,RS03AXBS-MJ03A-06-PRESTA301,1,True,5760,5760,0,0.0,0.0005
2016-03-03,RS03AXBS-MJ03A-06-PRESTA301,1,True,5760,5760,0,0.0,0.0005
2016-03-04,RS03AXBS-MJ03A-06-PRESTA301,1,True,5760,5760,0,0.0,0.0005
2016-03-05,RS03AXBS-MJ03A-06-PRESTA301,1,True,5760,5760,0,0.0,0.0005
2016-03-06,RS03AXBS-MJ03A-06-PRESTA301,1,True,5760,5760,0,0.0,0.0005
2016-03-07,RS03AXBS-MJ03A-06-PRESTA301,1,True,5760,5760,0,0.0,0.0005
2016-03-08,RS03AXBS-MJ03A-06-PRESTA301,1,True,5760,5760,0,0.0,0.0005
2016-03-09,RS03AXBS-MJ03A-06-PRESTA301,1,True,5760,5760,0,0.0,0.0005
2016-03-10,RS03AXBS-MJ03A-06-PRESTA301,1,True,5547,5547,0,0.0,3.6984
2016-03-11,RS03AXBS-MJ03A-06-PRESTA301,1,True,3939,3939,0,0.0,31.6149
2016-03-12,RS03AXBS-MJ03A-06-PRESTA301,1,True,5760,5760,0,0.0,0.0005
2016-03-13,RS03AXBS-MJ03A-06-PRESTA301,1,True,5760,5760,0,0.0,0.0005
2016-03-14,RS03AXBS-MJ03A-06-PRESTA301,1,True,5760,5760,0,0.0,0.0005
2016-03-15,RS03AXBS-MJ03A-06-PRESTA301,1,True,5760,5760,0,0.0,0.0005
2016-03-16,RS03AXBS-MJ03A-06-PRESTA301,1,True,5724,5760,36,0.625,0.6255
2016-03-17,RS03AXBS-MJ03A-06-PRESTA301,1,True,5753,5760,7,0.1215,0.122
2016-03-18,RS03AXBS-MJ03A-06-PRESTA301,1,True,5760,5760,0,0.0,0.0005
2016-03-19,RS03AXBS-MJ03A-06-PRESTA301,1,True,5760,5760,0,0.0,0.0005
2016-03-20,RS03AXBS-MJ03A-06-PRESTA301,1,True,5760,5760,0,0.0,0.0005
2016-03-21,RS03AXBS-MJ03A-06-PRESTA301,1,True,5760,5760,0,0.0,0.0005
2016-03-22,RS03AXBS-MJ03A-06-PRESTA301,1,True,5760,5760,0,0.0,0.0005
2016-03-23,RS03AXBS-MJ03A-06-PRESTA301,1,True,5760,5760,0,0.0,0.0005
2016-03-24,RS03AXBS-MJ03A-06-PRESTA301,1,True,5760,5760,0,0.0,0.0005
2016-03-25,RS03AXBS-MJ03A-06-PRESTA301,1,True,5760,5760,0,0.0,0.0005
2016-03-26,RS03AXBS-MJ03A-06-PRESTA301,1,True,5760,5760,0,0.0,0.0005
2016-03-27,RS03AXBS-MJ03A-06-PRESTA301,1,True,5760,5760,0,0.0,0.0005
2016-03-28,RS03AXBS-MJ03A-06-PRESTA301,1,True,5760,5760,0,0.0,0.0005
2016-03-29,RS03AXBS-MJ03A-06-PRESTA301,1,True,5760,5760,0,0.0,0.0005
2016-03-30,RS03AXBS-MJ03A-06-PRESTA301,1,True,5760,5760,0,0.0,0.0005
2016-03-31,RS03AXBS-MJ03A-06-PRESTA301,1,True,5759,5760,1,0.0174,0.0179
2016-04-01,RS03AXBS-MJ03A-06-PRESTA301,1,True,5754,5760,6,0.1042,0.1047
2016-04-02,RS03AXBS-MJ03A-06-PRESTA301,1,True,5754,5760,6,0.1042,0.1047
2016-04-03,RS03AXBS-MJ03A-06-PRESTA301,1,True,5760,5760,0,0.0,0.0005
2016-04-04,RS03AXBS-MJ03A-06-PRESTA301,1,True,5760,5760,0,0.0,0.0005
2016-04-05,RS03AXBS-MJ03A-06-PRESTA301,1,True,5760,5760,0,0.0,0.0005
2016-04-06,RS03AXBS-MJ03A-06-PRESTA301,1,True,5760,5760,0,0.0,0.0005
2016-04-07,RS03AXBS-MJ03A-06-PRESTA301,1,True,5760,5760,0,0.0,0.0005
2016-04-08,RS03AXBS-MJ03A-06-PRESTA301,1,True,5731,5760,29,0.5035,0.504
2016-04-09,RS03AXBS-MJ03A-06-PRESTA301,1,True,5760,5760,0,0.0,0.0005
2016-04-10,RS03AXBS-MJ03A-06-PRESTA301,1,True,5760,5760,0,0.0,0.0005
2016-04-11,RS03AXBS-MJ03A-06-PRESTA301,1,True,5760,5760,0,0.0,0.0005
2016-04-12,RS03AXBS-MJ03A-06-PRESTA301,1,True,5760,5760,0,0.0,0.0005
2016-04-13,RS03AXBS-MJ03A-06-PRESTA301,1,True,5760,5760,0,0.0,0.0005
2016-04-14,RS03AXBS-MJ03A-06-PRESTA301,1,True,5738,5760,22,0.3819,0.3824
2016-04-15,RS03AXBS-MJ03A-06-PRESTA301,1,True,5760,5760,0,0.0,0.0005
2016-04-16,RS03AXBS-MJ03A-06-PRESTA301,1,True,5760,5760,0,0.0,0.0005
2016-04-17,RS03AXBS-MJ03A-06-PRESTA301,1,True,5760,5760,0,0.0,0.0005
2016-04-18,RS03AXBS-MJ03A-06-PRESTA301,1,True,5760,5760,0,0.0,0.0005
2016-04-19,RS03AXBS-MJ03A-06-PRESTA301,1,True,5760,5760,0,0.0,0.0005
2016-04-20,RS03AXBS-MJ03A-06-PRESTA301,1,True,5759,5760,1,0.0174,0.0179
2016-04-21,RS03AXBS-MJ03A-06-PRESTA301,1,True,5482,5482,0,0.0,4.8269
2016-04-22,RS03AXBS-MJ03A-06-PRESTA301,1,True,2220,2220,0,0.0,61.4585
2016-04-23,RS03AXBS-MJ03A-06-PRESTA301,1,True,5760,5760,0,0.0,0.0005
2016-04-24,RS03AXBS-MJ03A-06-PRESTA301,1,True,5760,5760,0,0.0,0.0005
2016-04-25,RS03AXBS-MJ03A-06-PRESTA301,1,True,5760,5760,0,0.0,0.0005
2016-04-26,RS03AXBS-MJ03A-06-PRESTA301,1,True,5760,5760,0,0.0,0.0005
2016-04-27,RS03AXBS-MJ03A-06-PRESTA301,1,True,5760,5760,0,0.0,0.0005
2016-04-28,RS03AXBS-MJ03A-06-PRESTA301,1,True,5760,5760,0,0.0,0.0005
2016-04-29,RS03AXBS-MJ03A-06-PRESTA301,1,True,5760,5760,0,0.0,0.0005
2016-04-30,RS03AXBS-MJ03A-06-PRESTA301,1,True,5760,5760,0,0.0,0.0005
2016-05-01,RS03AXBS-MJ03A-06-PRESTA301,1,True,5760,5760,0,0.0,0.0005
2016-05-02,RS03AXBS-MJ03A-06-PRESTA301,1,True,5760,5760,0,0.0,0.0005
2016-05-03,RS03AXBS-MJ03A-06-PRESTA301,1,True,5760,5760,0,0.0,0.0005
2016-05-04,RS03AXBS-MJ03A-06-PRESTA301,1,True,5760,5760,0,0.0,0.0005
2016-05-05,RS03AXBS-MJ03A-06-PRESTA301,1,True,5709,5760,51,0.8854,0.8859
2016-05-06,RS03AXBS-MJ03A-06-PRESTA301,1,True,5556,5760,204,3.5417,3.5421
2016-05-07,RS03AXBS-MJ03A-06-PRESTA301,1,True,3567,5760,2193,38.0729,38.0732
2016-05-08,RS03AXBS-MJ03A-06-PRESTA301,1,True,5761,5761,0,0.0,0.0
2016-05-09,RS03AXBS-MJ03A-06-PRESTA301,1,True,5759,5760,1,0.0174,0.0179
2016-05-10,RS03AXBS-MJ03A-06-PRESTA301,1,True,5760,5760,0,0.0,0.0005
2016-05-11,RS03AXBS-MJ03A-06-PRESTA301,1,True,5736,5760,24,0.4167,0.4172
2016-05-12,RS03AXBS-MJ03A-06-PRESTA301,1,True,5740,5760,20,0.3472,0.3477
2016-05-13,RS03AXBS-MJ03A-06-PRESTA301,1,True,5755,5760,5,0.0868,0.0873
2016-05-14,RS03AXBS-MJ03A-06-PRESTA301,1,True,5753,5760,7,0.1215,0.122
2016-05-15,RS03AXBS-MJ03A-06-PRESTA301,1,True,5760,5760,0,0.0,0.0005
2016-05-16,RS03AXBS-MJ03A-06-PRESTA301,1,True,5751,5760,9,0.1562,0.1567
2016-05-17,RS03AXBS-MJ03A-06-PRESTA301,1,True,5429,5760,331,5.7465,5.747
2016-05-18,RS03AXBS-MJ03A-06-PRESTA301,1,True,5720,5760,40,0.6944,0.6949
2016-05-19,RS03AXBS-MJ03A-06-PRESTA301,1,True,5618,5760,142,2.4653,2.4658
2016-05-20,RS03AXBS-MJ03A-06-PRESTA301,1,True,5751,5760,9,0.1562,0.1567
2016-05-21,RS03AXBS-MJ03A-06-PRESTA301,1,True,5754,5760,6,0.1042,0.1047
2016-05-22,RS03AXBS-MJ03A-06-PRESTA301,1,True,5759,5760,1,0.0174,0.0179
2016-05-23,RS03AXBS-MJ03A-06-PRESTA301,1,True,5757,5760,3,0.0521,0.0526
2016-05-24,RS03AXBS-MJ03A-06-PRESTA301,1,True,5760,5760,0,0.0,0.0005
2016-05-25,RS03AXBS-MJ03A-06-PRESTA301,1,True,5760,5760,0,0.0,0.0005
2016-05-26,RS03AXBS-MJ03A-06-PRESTA301,1,True,5760,5760,0,0.0,0.0005
2016-05-27,RS03AXBS-MJ03A-06-PRESTA301,1,True,5756,5760,4,0.0694,0.0699
2016-05-28,RS03AXBS-MJ03A-06-PRESTA301,1,True,5760,5760,0,0.0,0.0005
2016-05-29,RS03AXBS-MJ03A-06-PRESTA301,1,True,5759,5760,1,0.0174,0.0179
2016-05-30,RS03AXBS-MJ03A-06-PRESTA301,1,True,5759,5760,1,0.0174,0.0179
2016-05-31,RS03AXBS-MJ03A-06-PRESTA301,1,True,5760,5760,0,0.0,0.0005
2016-06-01,RS03AXBS-MJ03A-06-PRESTA301,1,True,5760,5760,0,0.0,0.0005
2016-06-02,RS03AXBS-MJ03A-06-PRESTA301,1,True,5755,5760,5,0.0868,0.0873
2016-06-03,RS03AXBS-MJ03A-06-PRESTA301,1,True,5759,5760,1,0.0174,0.0179
2016-06-04,RS03AXBS-MJ03A-06-PRESTA301,1,True,5759,5760,1,0.0174,0.0179
2016-06-05,RS03AXBS-MJ03A-06-PRESTA301,1,True,5725,5760,35,0.6076,0.6081
2016-06-06,RS03AXBS-MJ03A-06-PRESTA301,1,True,5760,5760,0,0.0,0.0005
2016-06-07,RS03AXBS-MJ03A-06-PRESTA301,1,True,5758,5760,2,0.0347,0.0352
2016-06-08,RS03AXBS-MJ03A-06-PRESTA301,1,True,5755,5760,5,0.0868,0.0873
2016-06-09,RS03AXBS-MJ03A-06-PRESTA301,1,True,5760,5760,0,0.0,0.0005
2016-06-10,RS03AXBS-MJ03A-06-PRESTA301,1,True,5760,5760,0,0.0,0.0005
2016-06-11,RS03AXBS-MJ03A-06-PRESTA301,1,True,5759,5760,1,0.0174,0.0179
2016-06-12,RS03AXBS-MJ03A-06-PRESTA301,1,True,5759,5760,1,0.0174,0.0179
2016-06-13,RS03AXBS-MJ03A-06-PRESTA301,1,True,5760,5760,0,0.0,0.0005
2016-06-14,RS03AXBS-MJ03A-06-PRESTA301,1,True,5759,5760,1,0.0174,0.0179
2016-06-15,RS03AXBS-MJ03A-06-PRESTA301,1,True,5753,5760,7,0.1215,0.122
2016-06-16,RS03AXBS-MJ03A-06-PRESTA301,1,True,5760,5760,0,0.0,0.0005
2016-06-17,RS03AXBS-MJ03A-06-PRESTA301,1,True,5760,5760,0,0.0,0.0005
2016-06-18,RS03AXBS-MJ03A-06-PRESTA301,1,True,5760,5760,0,0.0,0.0005
2016-06-19,RS03AXBS-MJ03A-06-PRESTA301,1,True,5760,5760,0,0.0,0.0005
2016-06-20,RS03AXBS-MJ03A-06-PRESTA301,1,True,5760,5760,0,0.0,0.0005
2016-06-21,RS03AXBS-MJ03A-06-PRESTA301,1,True,5754,5760,6,0.1042,0.1047
2016-06-22,RS03AXBS-MJ03A-06-PRESTA301,1,True,5757,5760,3,0.0521,0.0526
2016-06-23,RS03AXBS-MJ03A-06-PRESTA301,1,True,5760,5760,0,0.0,0.0005
2016-06-24,RS03AXBS-MJ03A-06-PRESTA301,1,True,5760,5760,0,0.0,0.0005
2016-06-25,RS03AXBS-MJ03A-06-PRESTA301,1,True,5760,5760,0,0.0,0.0005
2016-06-26,RS03AXBS-MJ03A-06-PRESTA301,1,True,5760,5760,0,0.0,0.0005
2016-06-27,RS03AXBS-MJ03A-06-PRESTA301,1,True,5760,5760,0,0.0,0.0005
2016-06-28,RS03AXBS-MJ03A-06-PRESTA301,1,True,5760,5760,0,0.0,0.0005
2016-06-29,RS03AXBS-MJ03A-06-PRESTA301,1,True,5760,5760,0,0.0,0.0005
2016-06-30,RS03AXBS-MJ03A-06-PRESTA301,1,True,5752,5760,8,0.1389,0.1394
2016-07-01,RS03AXBS-MJ03A-06-PRESTA301,1,True,5760,5760,0,0.0,0.0005
2016-07-02,RS03AXBS-MJ03A-06-PRESTA301,1,True,5760,5760,0,0.0,0.0005
2016-07-03,RS03AXBS-MJ03A-06-PRESTA301,1,True,5760,5760,0,0.0,0.0005
2016-07-04,RS03AXBS-MJ03A-06-PRESTA301,1,True,5760,5760,0,0.0,0.0005
2016-07-05,RS03AXBS-MJ03A-06-PRESTA301,1,True,5760,5760,0,0.0,0.0005
2016-07-06,RS03AXBS-MJ03A-06-PRESTA301,1,True,5760,5760,0,0.0,0.0005
2016-07-07,RS03AXBS-MJ03A-06-PRESTA301,1,True,5712,5760,48,0.8333,0.8338
2016-07-08,RS03AXBS-MJ03A-06-PRESTA301,1,True,5760,5760,0,0.0,0.0005
2016-07-09,RS03AXBS-MJ03A-06-PRESTA301,1,True,5760,5760,0,0.0,0.0005
2016-07-10,RS03AXBS-MJ03A-06-PRESTA301,1,True,5760,5760,0,0.0,0.0005
2016-07-11,RS03AXBS-MJ03A-06-PRESTA301,1,True,5750,5760,10,0.1736,0.1741
2016-07-12,RS03AXBS-MJ03A-06-PRESTA301,0,False,0,0,,,
2016-07-13,RS03AXBS-MJ03A-06-PRESTA301,2,True,672,685,13,1.8978,88.3334
2016-07-14,RS03AXBS-MJ03A-06-PRESTA301,2,True,5754,5760,6,0.1042,0.1047
2016-07-15,RS03AXBS-MJ03A-06-PRESTA301,2,True,5760,5760,0,0.0,0.0005
2016-07-16,RS03AXBS-MJ03A-06-PRESTA301,2,True,5760,5760,0,0.0,0.0005
2016-07-17,RS03AXBS-MJ03A-06-PRESTA301,2,True,5760,5760,0,0.0,0.0005
2016-07-18,RS03AXBS-MJ03A-06-PRESTA301,2,True,5760,5760,0,0.0,0.0005
2016-07-19,RS03AXBS-MJ03A-06-PRESTA301,2,True,5760,5760,0,0.0,0.0005
2016-07-20,RS03AXBS-MJ03A-06-PRESTA301,2,True,5707,5760,53,0.9201,0.9206
2016-07-21,RS03AXBS-MJ03A-06-PRESTA301,2,True,5754,5760,6,0.1042,0.1047
2016-07-22,RS03AXBS-MJ03A-06-PRESTA301,2,True,5760,5760,0,0.0,0.0005
2016-07-23,RS03AXBS-MJ03A-06-PRESTA301,2,True,5760,5760,0,0.0,0.0005
2016-07-24,RS03AXBS-MJ03A-06-PRESTA301,2,True,5760,5760,0,0.0,0.0005
2016-07-25,RS03AXBS-MJ03A-06-PRESTA301,2,True,5760,5760,0,0.0,0.0005
2016-07-26,RS03AXBS-MJ03A-06-PRESTA301,2,True,5760,5760,0,0.0,0.0005
2016-07-27,RS03AXBS-MJ03A-06-PRESTA301,2,True,5753,5760,7,0.1215,0.122
2016-07-28,RS03AXBS-MJ03A-06-PRESTA301,2,True,5760,5760,0,0.0,0.0005
2016-07-29,RS03AXBS-MJ03A-06-PRESTA301,2,True,5760,5760,0,0.0,0.0005
2016-07-30,RS03AXBS-MJ03A-06-PRESTA301,2,True,5760,5760,0,0.0,0.0005
2016-07-31,RS03AXBS-MJ03A-06-PRESTA301,2,True,5760,5760,0,0.0,0.0005
2016-08-01,RS03AXBS-MJ03A-06-PRESTA301,2,True,5760,5760,0,0.0,0.0005
2016-08-02,RS03AXBS-MJ03A-06-PRESTA301,2,True,5754,5760,6,0.1042,0.1047
2016-08-03,RS03AXBS-MJ03A-06-PRESTA301,2,True,5760,5760,0,0.0,0.0005
2016-08-04,RS03AXBS-MJ03A-06-PRESTA301,2,True,5760,5760,0,0.0,0.0005
2016-08-05,RS03AXBS-MJ03A-06-PRESTA301,2,True,5760,5760,0,0.0,0.0005
2016-08-06,RS03AXBS-MJ03A-06-PRESTA301,2,True,5760,5760,0,0.0,0.0005
2016-08-07,RS03AXBS-MJ03A-06-PRESTA301,2,True,5760,5760,0,0.0,0.0005
2016-08-08,RS03AXBS-MJ03A-06-PRESTA301,2,True,5760,5760,0,0.0,0.0005
2016-08-09,RS03AXBS-MJ03A-06-PRESTA301,2,True,5760,5760,0,0.0,0.0005
2016-08-10,RS03AXBS-MJ03A-06-PRESTA301,2,True,5760,5760,0,0.0,0.0005
2016-08-11,RS03AXBS-MJ03A-06-PRESTA301,2,True,5760,5760,0,0.0,0.0005
2016-08-12,RS03AXBS-MJ03A-06-PRESTA301,2,True,2456,2456,0,0.0,57.3613
2016-08-13,RS03AXBS-MJ03A-06-PRESTA301,2,True,5665,5665,0,0.0,1.6498
2016-08-14,RS03AXBS-MJ03A-06-PRESTA301,2,True,5760,5760,0,0.0,0.0005
2016-08-15,RS03AXBS-MJ03A-06-PRESTA301,2,True,5760,5760,0,0.0,0.0005
2016-08-16,RS03AXBS-MJ03A-06-PRESTA301,2,True,5760,5760,0,0.0,0.0005
2016-08-17,RS03AXBS-MJ03A-06-PRESTA301,2,True,5760,5760,0,0.0,0.0005
2016-08-18,RS03AXBS-MJ03A-06-PRESTA301,2,True,5760,5760,0,0.0,0.0005
2016-08-19,RS03AXBS-MJ03A-06-PRESTA301,2,True,5760,5760,0,0.0,0.0005
2016-08-20,RS03AXBS-MJ03A-06-PRESTA301,2,True,5760,5760,0,0.0,0.0005
2016-08-21,RS03AXBS-MJ03A-06-PRESTA301,2,True,5760,5760,0,0.0,0.0005
2016-08-22,RS03AXBS-MJ03A-06-PRESTA301,2,True,5760,5760,0,0.0,0.0005
2016-08-23,RS03AXBS-MJ03A-06-PRESTA301,2,True,5758,5760,2,0.0347,0.0352
2016-08-24,RS03AXBS-MJ03A-06-PRESTA301,2,True,5760,5760,0,0.0,0.0005
2016-08-25,RS03AXBS-MJ03A-06-PRESTA301,2,True,5760,5760,0,0.0,0.0005
2016-08-26,RS03AXBS-MJ03A-06-PRESTA301,2,True,5760,5760,0,0.0,0.0005
2016-08-27,RS03AXBS-MJ03A-06-PRESTA301,2,True,5760,5760,0,0.0,0.0005
2016-08-28,RS03AXBS-MJ03A-06-PRESTA301,2,True,5760,5760,0,0.0,0.0005
2016-08-29,RS03AXBS-MJ03A-06-PRESTA301,2,True,5760,5760,0,0.0,0.0005
2016-08-30,RS03AXBS-MJ03A-06-PRESTA301,2,True,5760,5760,0,0.0,0.0005
2016-08-31,RS03AXBS-MJ03A-06-PRESTA301,2,True,5760,5760,0,0.0,0.0005
2016-09-01,RS03AXBS-MJ03A-06-PRESTA301,2,True,5760,5760,0,0.0,0.0005
2016-09-02,RS03AXBS-MJ03A-06-PRESTA301,2,True,5760,5760,0,0.0,0.0005
2016-09-03,RS03AXBS-MJ03A-06-PRESTA301,2,True,5760,5760,0,0.0,0.0005
2016-09-04,RS03AXBS-MJ03A-06-PRESTA301,2,True,5760,5760,0,0.0,0.0005
2016-09-05,RS03AXBS-MJ03A-06-PRESTA301,2,True,5760,5760,0,0.0,0.0005
2016-09-06,RS03AXBS-MJ03A-06-PRESTA301,2,True,5363,5760,397,6.8924,6.8928
2016-09-07,RS03AXBS-MJ03A-06-PRESTA301,2,True,5760,5760,0,0.0,0.0005
2016-09-08,RS03AXBS-MJ03A-06-PRESTA301,2,True,5760,5760,0,0.0,0.0005
2016-09-09,RS03AXBS-MJ03A-06-PRESTA301,2,True,5760,5760,0,0.0,0.0005
2016-09-10,RS03AXBS-MJ03A-06-PRESTA301,2,True,5760,5760,0,0.0,0.0005
2016-09-11,RS03AXBS-MJ03A-06-PRESTA301,2,True,5760,5760,0,0.0,0.0005
2016-09-12,RS03AXBS-MJ03A-06-PRESTA301,2,True,5760,5760,0,0.0,0.0005
2016-09-13,RS03AXBS-MJ03A-06-PRESTA301,2,True,5760,5760,0,0.0,0.0005
2016-09-14,RS03AXBS-MJ03A-06-PRESTA301,2,True,5760,5760,0,0.0,0.0005
2016-09-15,RS03AXBS-MJ03A-06-PRESTA301,2,True,5760,5760,0,0.0,0.0005
2016-09-16,RS03AXBS-MJ03A-06-PRESTA301,2,True,5760,5760,0,0.0,0.0005
2016-09-17,RS03AXBS-MJ03A-06-PRESTA301,2,True,5760,5760,0,0.0,0.0005
2016-09-18,RS03AXBS-MJ03A-06-PRESTA301,2,True,5760,5760,0,0.0,0.0005
2016-09-19,RS03AXBS-MJ03A-06-PRESTA301,2,True,5760,5760,0,0.0,0.0005
2016-09-20,RS03AXBS-MJ03A-06-PRESTA301,2,True,5760,5760,0,0.0,0.0005
2016-09-21,RS03AXBS-MJ03A-06-PRESTA301,2,True,5760,5760,0,0.0,0.0005
2016-09-22,RS03AXBS-MJ03A-06-PRESTA301,2,True,5760,5760,0,0.0,0.0005
2016-09-23,RS03AXBS-MJ03A-06-PRESTA301,2,True,5760,5760,0,0.0,0.0005
2016-09-24,RS03AXBS-MJ03A-06-PRESTA301,2,True,5760,5760,0,0.0,0.0005
2016-09-25,RS03AXBS-MJ03A-06-PRESTA301,2,True,5760,5760,0,0.0,0.0005
2016-09-26,RS03AXBS-MJ03A-06-PRESTA301,2,True,5760,5760,0,0.0,0.0005
2016-09-27,RS03AXBS-MJ03A-06-PRESTA301,2,True,5760,5760,0,0.0,0.0005
2016-09-28,RS03AXBS-MJ03A-06-PRESTA301,2,True,5760,5760,0,0.0,0.0005
2016-09-29,RS03AXBS-MJ03A-06-PRESTA301,2,True,5760,5760,0,0.0,0.0005
2016-09-30,RS03AXBS-MJ03A-06-PRESTA301,2,True,5760,5760,0,0.0,0.0005
2016-10-01,RS03AXBS-MJ03A-06-PRESTA301,2,True,5760,5760,0,0.0,0.0005
2016-10-02,RS03AXBS-MJ03A-06-PRESTA301,2,True,5760,5760,0,0.0,0.0005
2016-10-03,RS03AXBS-MJ03A-06-PRESTA301,2,True,5760,5760,0,0.0,0.0005
2016-10-04,RS03AXBS-MJ03A-06-PRESTA301,2,True,5760,5760,0,0.0,0.0005
2016-10-05,RS03AXBS-MJ03A-06-PRESTA301,2,True,5760,5760,0,0.0,0.0005
2016-10-06,RS03AXBS-MJ03A-06-PRESTA301,2,True,5760,5760,0,0.0,0.0005
2016-10-07,RS03AXBS-MJ03A-06-PRESTA301,2,True,5760,5760,0,0.0,0.0005
2016-10-08,RS03AXBS-MJ03A-06-PRESTA301,2,True,5760,5760,0,0.0,0.0005
2016-10-09,RS03AXBS-MJ03A-06-PRESTA301,2,True,5760,5760,0,0.0,0.0005
2016-10-10,RS03AXBS-MJ03A-06-PRESTA301,2,True,5760,5760,0,0.0,0.0005
2016-10-11,RS03AXBS-MJ03A-06-PRESTA301,2,True,5760,5760,0,0.0,0.0005
2016-10-12,RS03AXBS-MJ03A-06-PRESTA301,2,True,5760,5760,0,0.0,0.0005
2016-10-13,RS03AXBS-MJ03A-06-PRESTA301,2,True,5727,5760,33,0.5729,0.5734
2016-10-14,RS03AXBS-MJ03A-06-PRESTA301,2,True,5760,5760,0,0.0,0.0005
2016-10-15,RS03AXBS-MJ03A-06-PRESTA301,2,True,5760,5760,0,0.0,0.0005
2016-10-16,RS03AXBS-MJ03A-06-PRESTA301,2,True,5760,5760,0,0.0,0.0005
2016-10-17,RS03AXBS-MJ03A-06-PRESTA301,2,True,5760,5760,0,0.0,0.0005
2016-10-18,RS03AXBS-MJ03A-06-PRESTA301,2,True,5760,5760,0,0.0,0.0005
2016-10-19,RS03AXBS-MJ03A-06-PRESTA301,2,True,5760,5760,0,0.0,0.0005
2016-10-20,RS03AXBS-MJ03A-06-PRESTA301,2,True,5760,5760,0,0.0,0.0005
2016-10-21,RS03AXBS-MJ03A-06-PRESTA301,2,True,5760,5760,0,0.0,0.0005
2016-10-22,RS03AXBS-MJ03A-06-PRESTA301,2,True,5760,5760,0,0.0,0.0005
2016-10-23,RS03AXBS-MJ03A-06-PRESTA301,2,True,5760,5760,0,0.0,0.0005
2016-10-24,RS03AXBS-MJ03A-06-PRESTA301,2,True,5760,5760,0,0.0,0.0005
2016-10-25,RS03AXBS-MJ03A-06-PRESTA301,2,True,5760,5760,0,0.0,0.0005
2016-10-26,RS03AXBS-MJ03A-06-PRESTA301,2,False,0,0,,,
2016-10-27,RS03AXBS-MJ03A-06-PRESTA301,2,True,5760,5760,0,0.0,0.0005
2016-10-28,RS03AXBS-MJ03A-06-PRESTA301,2,True,5760,5760,0,0.0,0.0005
2016-10-29,RS03AXBS-MJ03A-06-PRESTA301,2,True,5760,5760,0,0.0,0.0005
2016-10-30,RS03AXBS-MJ03A-06-PRESTA301,2,True,5760,5760,0,0.0,0.0005
2016-10-31,RS03AXBS-MJ03A-06-PRESTA301,2,True,5760,5760,0,0.0,0.0005
2016-11-01,RS03AXBS-MJ03A-06-PRESTA301,2,True,5760,5760,0,0.0,0.0005
2016-11-02,RS03AXBS-MJ03A-06-PRESTA301,2,True,5760,5760,0,0.0,0.0005
2016-11-03,RS03AXBS-MJ03A-06-PRESTA301,2,True,5760,5760,0,0.0,0.0005
2016-11-04,RS03AXBS-MJ03A-06-PRESTA301,2,True,5760,5760,0,0.0,0.0005
2016-11-05,RS03AXBS-MJ03A-06-PRESTA301,2,True,5760,5760,0,0.0,0.0005
2016-11-06,RS03AXBS-MJ03A-06-PRESTA301,2,True,5760,5760,0,0.0,0.0005
2016-11-07,RS03AXBS-MJ03A-06-PRESTA301,2,True,5760,5760,0,0.0,0.0005
2016-11-08,RS03AXBS-MJ03A-06-PRESTA301,2,True,5760,5760,0,0.0,0.0005
2016-11-09,RS03AXBS-MJ03A-06-PRESTA301,2,True,5760,5760,0,0.0,0.0005
2016-11-10,RS03AXBS-MJ03A-06-PRESTA301,2,True,5760,5760,0,0.0,0.0005
2016-11-11,RS03AXBS-MJ03A-06-PRESTA301,2,True,5760,5760,0,0.0,0.0005
2016-11-12,RS03AXBS-MJ03A-06-PRESTA301,2,True,5760,5760,0,0.0,0.0005
2016-11-13,RS03AXBS-MJ03A-06-PRESTA301,2,True,5760,5760,0,0.0,0.0005
2016-11-14,RS03AXBS-MJ03A-06-PRESTA301,2,True,5760,5760,0,0.0,0.0005
2016-11-15,RS03AXBS-MJ03A-06-PRESTA301,2,True,5760,5760,0,0.0,0.0005
2016-11-16,RS03AXBS-MJ03A-06-PRESTA301,2,True,5760,5760,0,0.0,0.0005
2016-11-17,RS03AXBS-MJ03A-06-PRESTA301,2,True,5758,5760,2,0.0347,0.0352
2016-11-18,RS03AXBS-MJ03A-06-PRESTA301,2,True,5756,5760,4,0.0694,0.0699
2016-11-19,RS03AXBS-MJ03A-06-PRESTA301,2,True,5760,5760,0,0.0,0.0005
2016-11-20,RS03AXBS-MJ03A-06-PRESTA301,2,True,5760,5760,0,0.0,0.0005
2016-11-21,RS03AXBS-MJ03A-06-PRESTA301,2,True,5760,5760,0,0.0,0.0005
2016-11-22,RS03AXBS-MJ03A-06-PRESTA301,2,True,5760,5760,0,0.0,0.0005
2016-11-23,RS03AXBS-MJ03A-06-PRESTA301,2,True,5760,5760,0,0.0,0.0005
2016-11-24,RS03AXBS-MJ03A-06-PRESTA301,2,True,5760,5760,0,0.0,0.0005
2016-11-25,RS03AXBS-MJ03A-06-PRESTA301,2,True,5760,5760,0,0.0,0.0005
2016-11-26,RS03AXBS-MJ03A-06-PRESTA301,2,True,5760,5760,0,0.0,0.0005
2016-11-27,RS03AXBS-MJ03A-06-PRESTA301,2,True,5760,5760,0,0.0,0.0005
2016-11-28,RS03AXBS-MJ03A-06-PRESTA301,2,True,5760,5760,0,0.0,0.0005
2016-11-29,RS03AXBS-MJ03A-06-PRESTA301,2,True,5760,5760,0,0.0,0.0005
2016-11-30,RS03AXBS-MJ03A-06-PRESTA301,2,True,5760,5760,0,0.0,0.0005
2016-12-01,RS03AXBS-MJ03A-06-PRESTA301,2,True,5702,5760,58,1.0069,1.0074
2016-12-02,RS03AXBS-MJ03A-06-PRESTA301,2,True,5760,5760,0,0.0,0.0005
2016-12-03,RS03AXBS-MJ03A-06-PRESTA301,2,True,5760,5760,0,0.0,0.0005
2016-12-04,RS03AXBS-MJ03A-06-PRESTA301,2,True,5760,5760,0,0.0,0.0005
2016-12-05,RS03AXBS-MJ03A-06-PRESTA301,2,True,5760,5760,0,0.0,0.0005
2016-12-06,RS03AXBS-MJ03A-06-PRESTA301,2,True,5760,5760,0,0.0,0.0005
2016-12-07,RS03AXBS-MJ03A-06-PRESTA301,2,True,5701,5760,59,1.0243,1.0248
2016-12-08,RS03AXBS-MJ03A-06-PRESTA301,2,True,5760,5760,0,0.0,0.0005
2016-12-09,RS03AXBS-MJ03A-06-PRESTA301,2,True,5760,5760,0,0.0,0.0005
2016-12-10,RS03AXBS-MJ03A-06-PRESTA301,2,True,5760,5760,0,0.0,0.0005
2016-12-11,RS03AXBS-MJ03A-06-PRESTA301,2,True,5724,5760,36,0.625,0.6255
2016-12-12,RS03AXBS-MJ03A-06-PRESTA301,2,True,5760,5760,0,0.0,0.0005
2016-12-13,RS03AXBS-MJ03A-06-PRESTA301,2,True,5760,5760,0,0.0,0.0005
2016-12-14,RS03AXBS-MJ03A-06-PRESTA301,2,True,5760,5760,0,0.0,0.0005
2016-12-15,RS03AXBS-MJ03A-06-PRESTA301,2,True,5760,5760,0,0.0,0.0005
2016-12-16,RS03AXBS-MJ03A-06-PRESTA301,2,True,5760,5760,0,0.0,0.0005
2016-12-17,RS03AXBS-MJ03A-06-PRESTA301,2,True,5760,5760,0,0.0,0.0005
2016-12-18,RS03AXBS-MJ03A-06-PRESTA301,2,True,5760,5760,0,0.0,0.0005
2016-12-19,RS03AXBS-MJ03A-06-PRESTA301,2,True,5760,5760,0,0.0,0.0005
2016-12-20,RS03AXBS-MJ03A-06-PRESTA301,2,True,5760,5760,0,0.0,0.0005
2016-12-21,RS03AXBS-MJ03A-06-PRESTA301,2,True,5760,5760,0,0.0,0.0005
2016-12-22,RS03AXBS-MJ03A-06-PRESTA301,2,True,5760,5760,0,0.0,0.0005
2016-12-23,RS03AXBS-MJ03A-06-PRESTA301,2,True,5760,5760,0,0.0,0.0005
2016-12-24,RS03AXBS-MJ03A-06-PRESTA301,2,True,5760,5760,0,0.0,0.0005
2016-12-25,RS03AXBS-MJ03A-06-PRESTA301,2,True,5760,5760,0,0.0,0.0005
2016-12-26,RS03AXBS-MJ03A-06-PRESTA301,2,True,5760,5760,0,0.0,0.0005
2016-12-27,RS03AXBS-MJ03A-06-PRESTA301,2,True,5760,5760,0,0.0,0.0005
2016-12-28,RS03AXBS-MJ03A-06-PRESTA301,2,True,5760,5760,0,0.0,0.0005
2016-12-29,RS03AXBS-MJ03A-06-PRESTA301,2,True,5760,5760,0,0.0,0.0005
2016-12-30,RS03AXBS-MJ03A-06-PRESTA301,2,True,5760,5760,0,0.0,0.0005
2016-12-31,RS03AXBS-MJ03A-06-PRESTA301,2,True,5760,5760,0,0.0,0.0005
2017-01-01,RS03AXBS-MJ03A-06-PRESTA301,2,True,5760,5760,0,0.0,0.0005
2017-01-02,RS03AXBS-MJ03A-06-PRESTA301,2,True,5760,5760,0,0.0,0.0005
2017-01-03,RS03AXBS-MJ03A-06-PRESTA301,2,True,5760,5760,0,0.0,0.0005
2017-01-04,RS03AXBS-MJ03A-06-PRESTA301,2,True,5760,5760,0,0.0,0.0005
2017-01-05,RS03AXBS-MJ03A-06-PRESTA301,2,True,5760,5760,0,0.0,0.0005
2017-01-06,RS03AXBS-MJ03A-06-PRESTA301,2,True,5760,5760,0,0.0,0.0005
2017-01-07,RS03AXBS-MJ03A-06-PRESTA301,2,True,5760,5760,0,0.0,0.0005
2017-01-08,RS03AXBS-MJ03A-06-PRESTA301,2,True,5760,5760,0,0.0,0.0005
2017-01-09,RS03AXBS-MJ03A-06-PRESTA301,2,True,4444,4444,0,0.0,22.8476
2017-01-10,RS03AXBS-MJ03A-06-PRESTA301,2,True,5471,5471,0,0.0,5.0178
2017-01-11,RS03AXBS-MJ03A-06-PRESTA301,2,True,5754,5760,6,0.1042,0.1047
2017-01-12,RS03AXBS-MJ03A-06-PRESTA301,2,True,5760,5760,0,0.0,0.0005
2017-01-13,RS03AXBS-MJ03A-06-PRESTA301,2,True,5760,5760,0,0.0,0.0005
2017-01-14,RS03AXBS-MJ03A-06-PRESTA301,2,True,5760,5760,0,0.0,0.0005
2017-01-15,RS03AXBS-MJ03A-06-PRESTA301,2,True,5760,5760,0,0.0,0.0005
2017-01-16,RS03AXBS-MJ03A-06-PRESTA301,2,True,5760,5760,0,0.0,0.0005
2017-01-17,RS03AXBS-MJ03A-06-PRESTA301,2,True,5760,5760,0,0.0,0.0005
2017-01-18,RS03AXBS-MJ03A-06-PRESTA301,2,True,5760,5760,0,0.0,0.0005
2017-01-19,RS03AXBS-MJ03A-06-PRESTA301,2,True,5656,5760,104,1.8056,1.806
2017-01-20,RS03AXBS-MJ03A-06-PRESTA301,2,True,5760,5760,0,0.0,0.0005
2017-01-21,RS03AXBS-MJ03A-06-PRESTA301,2,True,5760,5760,0,0.0,0.0005
2017-01-22,RS03AXBS-MJ03A-06-PRESTA301,2,True,5760,5760,0,0.0,0.0005
2017-01-23,RS03AXBS-MJ03A-06-PRESTA301,2,True,5760,5760,0,0.0,0.0005
2017-01-24,RS03AXBS-MJ03A-06-PRESTA301,2,True,5760,5760,0,0.0,0.0005
2017-01-25,RS03AXBS-MJ03A-06-PRESTA301,2,True,5760,5760,0,0.0,0.0005
2017-01-26,RS03AXBS-MJ03A-06-PRESTA301,2,True,5760,5760,0,0.0,0.0005
2017-01-27,RS03AXBS-MJ03A-06-PRESTA301,2,True,5760,5760,0,0.0,0.0005
2017-01-28,RS03AXBS-MJ03A-06-PRESTA301,2,True,5760,5760,0,0.0,0.0005
2017-01-29,RS03AXBS-MJ03A-06-PRESTA301,2,True,5760,5760,0,0.0,0.0005
2017-01-30,RS03AXBS-MJ03A-06-PRESTA301,2,True,5731,5760,29,0.5035,0.504
2017-01-31,RS03AXBS-MJ03A-06-PRESTA301,2,True,5697,5760,63,1.0938,1.0942
2017-02-01,RS03AXBS-MJ03A-06-PRESTA301,2,True,5760,5760,0,0.0,0.0005
2017-02-02,RS03AXBS-MJ03A-06-PRESTA301,2,True,5760,5760,0,0.0,0.0005
2017-02-03,RS03AXBS-MJ03A-06-PRESTA301,2,True,5760,5760,0,0.0,0.0005
2017-02-04,RS03AXBS-MJ03A-06-PRESTA301,2,True,5760,5760,0,0.0,0.0005
2017-02-05,RS03AXBS-MJ03A-06-PRESTA301,2,True,5760,5760,0,0.0,0.0005
2017-02-06,RS03AXBS-MJ03A-06-PRESTA301,2,True,5760,5760,0,0.0,0.0005
2017-02-07,RS03AXBS-MJ03A-06-PRESTA301,2,True,5707,5760,53,0.9201,0.9206
2017-02-08,RS03AXBS-MJ03A-06-PRESTA301,2,True,5760,5760,0,0.0,0.0005
2017-02-09,RS03AXBS-MJ03A-06-PRESTA301,2,True,5760,5760,0,0.0,0.0005
2017-02-10,RS03AXBS-MJ03A-06-PRESTA301,2,True,5760,5760,0,0.0,0.0005
2017-02-11,RS03AXBS-MJ03A-06-PRESTA301,2,True,5760,5760,0,0.0,0.0005
2017-02-12,RS03AXBS-MJ03A-06-PRESTA301,2,True,5760,5760,0,0.0,0.0005
2017-02-13,RS03AXBS-MJ03A-06-PRESTA301,2,True,5760,5760,0,0.0,0.0005
2017-02-14,RS03AXBS-MJ03A-06-PRESTA301,2,True,5760,5760,0,0.0,0.0005
2017-02-15,RS03AXBS-MJ03A-06-PRESTA301,2,True,3533,3533,0,0.0,38.6635
2017-02-16,RS03AXBS-MJ03A-06-PRESTA301,2,True,503,505,2,0.396,91.2674
2017-02-17,RS03AXBS-MJ03A-06-PRESTA301,2,True,5760,5760,0,0.0,0.0005
2017-02-18,RS03AXBS-MJ03A-06-PRESTA301,2,True,5760,5760,0,0.0,0.0005
2017-02-19,RS03AXBS-MJ03A-06-PRESTA301,2,True,5760,5760,0,0.0,0.0005
2017-02-20,RS03AXBS-MJ03A-06-PRESTA301,2,True,5760,5760,0,0.0,0.0005
2017-02-21,RS03AXBS-MJ03A-06-PRESTA301,2,True,5760,5760,0,0.0,0.0005
2017-02-22,RS03AXBS-MJ03A-06-PRESTA301,2,True,5760,5760,0,0.0,0.0005
2017-02-23,RS03AXBS-MJ03A-06-PRESTA301,2,True,5760,5760,0,0.0,0.0005
2017-02-24,RS03AXBS-MJ03A-06-PRESTA301,2,True,5760,5760,0,0.0,0.0005
2017-02-25,RS03AXBS-MJ03A-06-PRESTA301,2,True,5760,5760,0,0.0,0.0005
2017-02-26,RS03AXBS-MJ03A-06-PRESTA301,2,True,5760,5760,0,0.0,0.0005
2017-02-27,RS03AXBS-MJ03A-06-PRESTA301,2,True,5760,5760,0,0.0,0.0005
2017-02-28,RS03AXBS-MJ03A-06-PRESTA301,2,True,5760,5760,0,0.0,0.0005
2017-03-01,RS03AXBS-MJ03A-06-PRESTA301,2,True,5760,5760,0,0.0,0.0005
2017-03-02,RS03AXBS-MJ03A-06-PRESTA301,2,True,5760,5760,0,0.0,0.0005
2017-03-03,RS03AXBS-MJ03A-06-PRESTA301,2,True,5760,5760,0,0.0,0.0005
2017-03-04,RS03AXBS-MJ03A-06-PRESTA301,2,True,5760,5760,0,0.0,0.0005
2017-03-05,RS03AXBS-MJ03A-06-PRESTA301,2,True,5760,5760,0,0.0,0.0005
2017-03-06,RS03AXBS-MJ03A-06-PRESTA301,2,True,5760,5760,0,0.0,0.0005
2017-03-07,RS03AXBS-MJ03A-06-PRESTA301,2,True,5760,5760,0,0.0,0.0005
2017-03-08,RS03AXBS-MJ03A-06-PRESTA301,2,True,5760,5760,0,0.0,0.0005
2017-03-09,RS03AXBS-MJ03A-06-PRESTA301,2,True,5760,5760,0,0.0,0.0005
2017-03-10,RS03AXBS-MJ03A-06-PRESTA301,2,True,5760,5760,0,0.0,0.0005
2017-03-11,RS03AXBS-MJ03A-06-PRESTA301,2,True,5760,5760,0,0.0,0.0005
2017-03-12,RS03AXBS-MJ03A-06-PRESTA301,2,True,5760,5760,0,0.0,0.0005
2017-03-13,RS03AXBS-MJ03A-06-PRESTA301,2,True,5760,5760,0,0.0,0.0005
2017-03-14,RS03AXBS-MJ03A-06-PRESTA301,2,True,5760,5760,0,0.0,0.0005
2017-03-15,RS03AXBS-MJ03A-06-PRESTA301,2,True,5760,5760,0,0.0,0.0005
2017-03-16,RS03AXBS-MJ03A-06-PRESTA301,2,True,5760,5760,0,0.0,0.0005
2017-03-17,RS03AXBS-MJ03A-06-PRESTA301,2,True,5760,5760,0,0.0,0.0005
2017-03-18,RS03AXBS-MJ03A-06-PRESTA301,2,True,5755,5760,5,0.0868,0.0873
2017-03-19,RS03AXBS-MJ03A-06-PRESTA301,2,True,5760,5760,0,0.0,0.0005
2017-03-20,RS03AXBS-MJ03A-06-PRESTA301,2,True,5760,5760,0,0.0,0.0005
2017-03-21,RS03AXBS-MJ03A-06-PRESTA301,2,True,5760,5760,0,0.0,0.0005
2017-03-22,RS03AXBS-MJ03A-06-PRESTA301,2,True,5760,5760,0,0.0,0.0005
2017-03-23,RS03AXBS-MJ03A-06-PRESTA301,2,True,5760,5760,0,0.0,0.0005
2017-03-24,RS03AXBS-MJ03A-06-PRESTA301,2,True,5760,5760,0,0.0,0.0005
2017-03-25,RS03AXBS-MJ03A-06-PRESTA301,2,True,5760,5760,0,0.0,0.0005
2017-03-26,RS03AXBS-MJ03A-06-PRESTA301,2,True,5760,5760,0,0.0,0.0005
2017-03-27,RS03AXBS-MJ03A-06-PRESTA301,2,True,5760,5760,0,0.0,0.0005
2017-03-28,RS03AXBS-MJ03A-06-PRESTA301,2,True,5760,5760,0,0.0,0.0005
2017-03-29,RS03AXBS-MJ03A-06-PRESTA301,2,True,5760,5760,0,0.0,0.0005
2017-03-30,RS03AXBS-MJ03A-06-PRESTA301,2,True,5760,5760,0,0.0,0.0005
2017-03-31,RS03AXBS-MJ03A-06-PRESTA301,2,True,5760,5760,0,0.0,0.0005
2017-04-01,RS03AXBS-MJ03A-06-PRESTA301,2,True,5760,5760,0,0.0,0.0005
2017-04-02,RS03AXBS-MJ03A-06-PRESTA301,2,True,5760,5760,0,0.0,0.0005
2017-04-03,RS03AXBS-MJ03A-06-PRESTA301,2,True,5760,5760,0,0.0,0.0005
2017-04-04,RS03AXBS-MJ03A-06-PRESTA301,2,True,5760,5760,0,0.0,0.0005
2017-04-05,RS03AXBS-MJ03A-06-PRESTA301,2,True,5760,5760,0,0.0,0.0005
2017-04-06,RS03AXBS-MJ03A-06-PRESTA301,2,True,5760,5760,0,0.0,0.0005
2017-04-07,RS03AXBS-MJ03A-06-PRESTA301,2,True,5760,5760,0,0.0,0.0005
2017-04-08,RS03AXBS-MJ03A-06-PRESTA301,2,True,5760,5760,0,0.0,0.0005
2017-04-09,RS03AXBS-MJ03A-06-PRESTA301,2,True,5760,5760,0,0.0,0.0005
2017-04-10,RS03AXBS-MJ03A-06-PRESTA301,2,True,5760,5760,0,0.0,0.0005
2017-04-11,RS03AXBS-MJ03A-06-PRESTA301,2,True,5760,5760,0,0.0,0.0005
2017-04-12,RS03AXBS-MJ03A-06-PRESTA301,2,True,5760,5760,0,0.0,0.0005
2017-04-13,RS03AXBS-MJ03A-06-PRESTA301,2,True,5760,5760,0,0.0,0.0005
2017-04-14,RS03AXBS-MJ03A-06-PRESTA301,2,True,5760,5760,0,0.0,0.0005
2017-04-15,RS03AXBS-MJ03A-06-PRESTA301,2,True,5760,5760,0,0.0,0.0005
2017-04-16,RS03AXBS-MJ03A-06-PRESTA301,2,True,5760,5760,0,0.0,0.0005
2017-04-17,RS03AXBS-MJ03A-06-PRESTA301,2,True,5760,5760,0,0.0,0.0005
2017-04-18,RS03AXBS-MJ03A-06-PRESTA301,2,True,5760,5760,0,0.0,0.0005
2017-04-19,RS03AXBS-MJ03A-06-PRESTA301,2,True,5760,5760,0,0.0,0.0005
2017-04-20,RS03AXBS-MJ03A-06-PRESTA301,2,True,5760,5760,0,0.0,0.0005
2017-04-21,RS03AXBS-MJ03A-06-PRESTA301,2,True,5760,5760,0,0.0,0.0005
2017-04-22,RS03AXBS-MJ03A-06-PRESTA301,2,True,5760,5760,0,0.0,0.0005
2017-04-23,RS03AXBS-MJ03A-06-PRESTA301,2,True,5760,5760,0,0.0,0.0005
2017-04-24,RS03AXBS-MJ03A-06-PRESTA301,2,True,5760,5760,0,0.0,0.0005
2017-04-25,RS03AXBS-MJ03A-06-PRESTA301,2,True,5760,5760,0,0.0,0.0005
2017-04-26,RS03AXBS-MJ03A-06-PRESTA301,2,True,5760,5760,0,0.0,0.0005
2017-04-27,RS03AXBS-MJ03A-06-PRESTA301,2,True,5760,5760,0,0.0,0.0005
2017-04-28,RS03AXBS-MJ03A-06-PRESTA301,2,True,5760,5760,0,0.0,0.0005
2017-04-29,RS03AXBS-MJ03A-06-PRESTA301,2,True,5760,5760,0,0.0,0.0005
2017-04-30,RS03AXBS-MJ03A-06-PRESTA301,2,True,5760,5760,0,0.0,0.0005
2017-05-01,RS03AXBS-MJ03A-06-PRESTA301,2,True,5760,5760,0,0.0,0.0005
2017-05-02,RS03AXBS-MJ03A-06-PRESTA301,2,True,5760,5760,0,0.0,0.0005
2017-05-03,RS03AXBS-MJ03A-06-PRESTA301,2,True,5760,5760,0,0.0,0.0005
2017-05-04,RS03AXBS-MJ03A-06-PRESTA301,2,True,5760,5760,0,0.0,0.0005
2017-05-05,RS03AXBS-MJ03A-06-PRESTA301,2,True,5760,5760,0,0.0,0.0005
2017-05-06,RS03AXBS-MJ03A-06-PRESTA301,2,True,5760,5760,0,0.0,0.0005
2017-05-07,RS03AXBS-MJ03A-06-PRESTA301,2,True,5760,5760,0,0.0,0.0005
2017-05-08,RS03AXBS-MJ03A-06-PRESTA301,2,True,5760,5760,0,0.0,0.0005
2017-05-09,RS03AXBS-MJ03A-06-PRESTA301,2,True,5760,5760,0,0.0,0.0005
2017-05-10,RS03AXBS-MJ03A-06-PRESTA301,2,True,5760,5760,0,0.0,0.0005
2017-05-11,RS03AXBS-MJ03A-06-PRESTA301,2,True,5760,5760,0,0.0,0.0005
2017-05-12,RS03AXBS-MJ03A-06-PRESTA301,2,True,5760,5760,0,0.0,0.0005
2017-05-13,RS03AXBS-MJ03A-06-PRESTA301,2,True,5760,5760,0,0.0,0.0005
2017-05-14,RS03AXBS-MJ03A-06-PRESTA301,2,True,5760,5760,0,0.0,0.0005
2017-05-15,RS03AXBS-MJ03A-06-PRESTA301,2,True,5760,5760,0,0.0,0.0005
2017-05-16,RS03AXBS-MJ03A-06-PRESTA301,2,True,5760,5760,0,0.0,0.0005
2017-05-17,RS03AXBS-MJ03A-06-PRESTA301,2,True,5760,5760,0,0.0,0.0005
2017-05-18,RS03AXBS-MJ03A-06-PRESTA301,2,True,5760,5760,0,0.0,0.0005
2017-05-19,RS03AXBS-MJ03A-06-PRESTA301,2,True,5757,5760,3,0.0521,0.0526
2017-05-20,RS03AXBS-MJ03A-06-PRESTA301,2,True,5752,5760,8,0.1389,0.1394
2017-05-21,RS03AXBS-MJ03A-06-PRESTA301,2,True,5760,5760,0,0.0,0.0005
2017-05-22,RS03AXBS-MJ03A-06-PRESTA301,2,True,5760,5760,0,0.0,0.0005
2017-05-23,RS03AXBS-MJ03A-06-PRESTA301,2,True,5760,5760,0,0.0,0.0005
2017-05-24,RS03AXBS-MJ03A-06-PRESTA301,2,True,5760,5760,0,0.0,0.0005
2017-05-25,RS03AXBS-MJ03A-06-PRESTA301,2,True,5760,5760,0,0.0,0.0005
2017-05-26,RS03AXBS-MJ03A-06-PRESTA301,2,True,5695,5760,65,1.1285,1.129
2017-05-27,RS03AXBS-MJ03A-06-PRESTA301,2,True,5760,5760,0,0.0,0.0005
2017-05-28,RS03AXBS-MJ03A-06-PRESTA301,2,True,5760,5760,0,0.0,0.0005
2017-05-29,RS03AXBS-MJ03A-06-PRESTA301,2,True,5760,5760,0,0.0,0.0005
2017-05-30,RS03AXBS-MJ03A-06-PRESTA301,2,True,5760,5760,0,0.0,0.0005
2017-05-31,RS03AXBS-MJ03A-06-PRESTA301,2,True,5760,5760,0,0.0,0.0005
2017-06-01,RS03AXBS-MJ03A-06-PRESTA301,2,True,5760,5760,0,0.0,0.0005
2017-06-02,RS03AXBS-MJ03A-06-PRESTA301,2,True,5760,5760,0,0.0,0.0005
2017-06-03,RS03AXBS-MJ03A-06-PRESTA301,2,True,5760,5760,0,0.0,0.0005
2017-06-04,RS03AXBS-MJ03A-06-PRESTA301,2,True,5760,5760,0,0.0,0.0005
2017-06-05,RS03AXBS-MJ03A-06-PRESTA301,2,True,5760,5760,0,0.0,0.0005
2017-06-06,RS03AXBS-MJ03A-06-PRESTA301,2,True,5760,5760,0,0.0,0.0005
2017-06-07,RS03AXBS-MJ03A-06-PRESTA301,2,True,5758,5760,2,0.0347,0.0352
2017-06-08,RS03AXBS-MJ03A-06-PRESTA301,2,True,5760,5760,0,0.0,0.0005
2017-06-09,RS03AXBS-MJ03A-06-PRESTA301,2,True,5760,5760,0,0.0,0.0005
2017-06-10,RS03AXBS-MJ03A-06-PRESTA301,2,True,5760,5760,0,0.0,0.0005
2017-06-11,RS03AXBS-MJ03A-06-PRESTA301,2,True,5760,5760,0,0.0,0.0005
2017-06-12,RS03AXBS-MJ03A-06-PRESTA301,2,True,5760,5760,0,0.0,0.0005
2017-06-13,RS03AXBS-MJ03A-06-PRESTA301,2,True,5760,5760,0,0.0,0.0005
2017-06-14,RS03AXBS-MJ03A-06-PRESTA301,2,True,5760,5760,0,0.0,0.0005
2017-06-15,RS03AXBS-MJ03A-06-PRESTA301,2,True,5760,5760,0,0.0,0.0005
2017-06-16,RS03AXBS-MJ03A-06-PRESTA301,2,True,5760,5760,0,0.0,0.0005
2017-06-17,RS03AXBS-MJ03A-06-PRESTA301,2,True,5760,5760,0,0.0,0.0005
2017-06-18,RS03AXBS-MJ03A-06-PRESTA301,2,True,5760,5760,0,0.0,0.0005
2017-06-19,RS03AXBS-MJ03A-06-PRESTA301,2,True,5760,5760,0,0.0,0.0005
2017-06-20,RS03AXBS-MJ03A-06-PRESTA301,2,True,5760,5760,0,0.0,0.0005
2017-06-21,RS03AXBS-MJ03A-06-PRESTA301,2,True,5760,5760,0,0.0,0.0005
2017-06-22,RS03AXBS-MJ03A-06-PRESTA301,2,True,5760,5760,0,0.0,0.0005
2017-06-23,RS03AXBS-MJ03A-06-PRESTA301,2,True,5760,5760,0,0.0,0.0005
2017-06-24,RS03AXBS-MJ03A-06-PRESTA301,2,True,5760,5760,0,0.0,0.0005
2017-06-25,RS03AXBS-MJ03A-06-PRESTA301,2,True,5760,5760,0,0.0,0.0005
2017-06-26,RS03AXBS-MJ03A-06-PRESTA301,2,True,5760,5760,0,0.0,0.0005
2017-06-27,RS03AXBS-MJ03A-06-PRESTA301,2,True,5760,5760,0,0.0,0.0005
2017-06-28,RS03AXBS-MJ03A-06-PRESTA301,2,True,5760,5760,0,0.0,0.0005
2017-06-29,RS03AXBS-MJ03A-06-PRESTA301,2,True,5760,5760,0,0.0,0.0005
2017-06-30,RS03AXBS-MJ03A-06-PRESTA301,2,True,5760,5760,0,0.0,0.0005
2017-07-01,RS03AXBS-MJ03A-06-PRESTA301,2,True,5760,5760,0,0.0,0.0005
2017-07-02,RS03AXBS-MJ03A-06-PRESTA301,2,True,5760,5760,0,0.0,0.0005
2017-07-03,RS03AXBS-MJ03A-06-PRESTA301,2,True,5760,5760,0,0.0,0.0005
2017-07-04,RS03AXBS-MJ03A-06-PRESTA301,2,True,5760,5760,0,0.0,0.0005
2017-07-05,RS03AXBS-MJ03A-06-PRESTA301,2,True,5760,5760,0,0.0,0.0005
2017-07-06,RS03AXBS-MJ03A-06-PRESTA301,2,True,5760,5760,0,0.0,0.0005
2017-07-07,RS03AXBS-MJ03A-06-PRESTA301,2,True,5751,5760,9,0.1562,0.1567
2017-07-08,RS03AXBS-MJ03A-06-PRESTA301,2,True,5760,5760,0,0.0,0.0005
2017-07-09,RS03AXBS-MJ03A-06-PRESTA301,2,True,5760,5760,0,0.0,0.0005
2017-07-10,RS03AXBS-MJ03A-06-PRESTA301,2,True,5760,5760,0,0.0,0.0005
2017-07-11,RS03AXBS-MJ03A-06-PRESTA301,2,True,5760,5760,0,0.0,0.0005
2017-07-12,RS03AXBS-MJ03A-06-PRESTA301,2,True,5760,5760,0,0.0,0.0005
2017-07-13,RS03AXBS-MJ03A-06-PRESTA301,2,True,5760,5760,0,0.0,0.0005
2017-07-14,RS03AXBS-MJ03A-06-PRESTA301,2,True,5760,5760,0,0.0,0.0005
2017-07-15,RS03AXBS-MJ03A-06-PRESTA301,2,True,5760,5760,0,0.0,0.0005
2017-07-16,RS03AXBS-MJ03A-06-PRESTA301,2,True,5760,5760,0,0.0,0.0005
2017-07-17,RS03AXBS-MJ03A-06-PRESTA301,2,True,5760,5760,0,0.0,0.0005
2017-07-18,RS03AXBS-MJ03A-06-PRESTA301,2,True,5760,5760,0,0.0,0.0005
2017-07-19,RS03AXBS-MJ03A-06-PRESTA301,2,True,5760,5760,0,0.0,0.0005
2017-07-20,RS03AXBS-MJ03A-06-PRESTA301,2,True,5760,5760,0,0.0,0.0005
2017-07-21,RS03AXBS-MJ03A-06-PRESTA301,2,True,5760,5760,0,0.0,0.0005
2017-07-22,RS03AXBS-MJ03A-06-PRESTA301,2,True,5760,5760,0,0.0,0.0005
2017-07-23,RS03AXBS-MJ03A-06-PRESTA301,2,True,5760,5760,0,0.0,0.0005
2017-07-24,RS03AXBS-MJ03A-06-PRESTA301,2,True,5760,5760,0,0.0,0.0005
2017-07-25,RS03AXBS-MJ03A-06-PRESTA301,2,True,5760,5760,0,0.0,0.0005
2017-07-26,RS03AXBS-MJ03A-06-PRESTA301,2,True,5760,5760,0,0.0,0.0005
2017-07-27,RS03AXBS-MJ03A-06-PRESTA301,2,True,5760,5760,0,0.0,0.0005
2017-07-28,RS03AXBS-MJ03A-06-PRESTA301,2,True,5758,5760,2,0.0347,0.0352
2017-07-29,RS03AXBS-MJ03A-06-PRESTA301,2,True,5760,5760,0,0.0,0.0005
2017-07-30,RS03AXBS-MJ03A-06-PRESTA301,2,True,5760,5760,0,0.0,0.0005
2017-07-31,RS03AXBS-MJ03A-06-PRESTA301,2,True,5760,5760,0,0.0,0.0005
2017-08-01,RS03AXBS-MJ03A-06-PRESTA301,2,True,5760,5760,0,0.0,0.0005
2017-08-02,RS03AXBS-MJ03A-06-PRESTA301,2,True,5760,5760,0,0.0,0.0005
2017-08-03,RS03AXBS-MJ03A-06-PRESTA301,2,True,5760,5760,0,0.0,0.0005
2017-08-04,RS03AXBS-MJ03A-06-PRESTA301,2,True,5760,5760,0,0.0,0.0005
2017-08-05,RS03AXBS-MJ03A-06-PRESTA301,2,True,5760,5760,0,0.0,0.0005
2017-08-06,RS03AXBS-MJ03A-06-PRESTA301,2,True,5760,5760,0,0.0,0.0005
2017-08-07,RS03AXBS-MJ03A-06-PRESTA301,2,True,5760,5760,0,0.0,0.0005
2017-08-08,RS03AXBS-MJ03A-06-PRESTA301,2,True,5760,5760,0,0.0,0.0005
2017-08-09,RS03AXBS-MJ03A-06-PRESTA301,2,True,5758,5760,2,0.0347,0.0352
2017-08-10,RS03AXBS-MJ03A-06-PRESTA301,2,True,5760,5760,0,0.0,0.0005
2017-08-11,RS03AXBS-MJ03A-06-PRESTA301,2,True,5760,5760,0,0.0,0.0005
2017-08-12,RS03AXBS-MJ03A-06-PRESTA301,2,True,5760,5760,0,0.0,0.0005
2017-08-13,RS03AXBS-MJ03A-06-PRESTA301,2,True,5760,5760,0,0.0,0.0005
2017-08-14,RS03AXBS-MJ03A-06-PRESTA301,2,True,5753,5760,7,0.1215,0.122
2017-08-15,RS03AXBS-MJ03A-06-PRESTA301,2,True,5760,5760,0,0.0,0.0005
2017-08-16,RS03AXBS-MJ03A-06-PRESTA301,2,True,5758,5760,2,0.0347,0.0352
2017-08-17,RS03AXBS-MJ03A-06-PRESTA301,2,True,5760,5760,0,0.0,0.0005
2017-08-18,RS03AXBS-MJ03A-06-PRESTA301,2,True,5760,5760,0,0.0,0.0005
2017-08-19,RS03AXBS-MJ03A-06-PRESTA301,2,True,5760,5760,0,0.0,0.0005
2017-08-20,RS03AXBS-MJ03A-06-PRESTA301,2,True,5760,5760,0,0.0,0.0005
2017-08-21,RS03AXBS-MJ03A-06-PRESTA301,2,True,5760,5760,0,0.0,0.0005
2017-08-22,RS03AXBS-MJ03A-06-PRESTA301,2,True,5760,5760,0,0.0,0.0005
2017-08-23,RS03AXBS-MJ03A-06-PRESTA301,2,True,5760,5760,0,0.0,0.0005
2017-08-24,RS03AXBS-MJ03A-06-PRESTA301,2,True,5759,5759,0,0.0,0.0179
2017-08-25,RS03AXBS-MJ03A-06-PRESTA301,2,True,5712,5760,48,0.8333,0.8338
2017-08-26,RS03AXBS-MJ03A-06-PRESTA301,2,True,5760,5760,0,0.0,0.0005
2017-08-27,RS03AXBS-MJ03A-06-PRESTA301,2,True,5760,5760,0,0.0,0.0005
2017-08-28,RS03AXBS-MJ03A-06-PRESTA301,2,True,5760,5760,0,0.0,0.0005
2017-08-29,RS03AXBS-MJ03A-06-PRESTA301,2,True,5760,5760,0,0.0,0.0005
2017-08-30,RS03AXBS-MJ03A-06-PRESTA301,2,True,5760,5760,0,0.0,0.0005
2017-08-31,RS03AXBS-MJ03A-06-PRESTA301,2,True,5760,5760,0,0.0,0.0005
2017-09-01,RS03AXBS-MJ03A-06-PRESTA301,2,True,5760,5760,0,0.0,0.0005
2017-09-02,RS03AXBS-MJ03A-06-PRESTA301,2,True,5760,5760,0,0.0,0.0005
2017-09-03,RS03AXBS-MJ03A-06-PRESTA301,2,True,5760,5760,0,0.0,0.0005
2017-09-04,RS03AXBS-MJ03A-06-PRESTA301,2,True,5760,5760,0,0.0,0.0005
2017-09-05,RS03AXBS-MJ03A-06-PRESTA301,2,True,5760,5760,0,0.0,0.0005
2017-09-06,RS03AXBS-MJ03A-06-PRESTA301,2,True,5760,5760,0,0.0,0.0005
2017-09-07,RS03AXBS-MJ03A-06-PRESTA301,2,True,5760,5760,0,0.0,0.0005
2017-09-08,RS03AXBS-MJ03A-06-PRESTA301,2,True,5760,5760,0,0.0,0.0005
2017-09-09,RS03AXBS-MJ03A-06-PRESTA301,2,True,5760,5760,0,0.0,0.0005
2017-09-10,RS03AXBS-MJ03A-06-PRESTA301,2,True,5760,5760,0,0.0,0.0005
2017-09-11,RS03AXBS-MJ03A-06-PRESTA301,2,True,5760,5760,0,0.0,0.0005
2017-09-12,RS03AXBS-MJ03A-06-PRESTA301,2,True,5760,5760,0,0.0,0.0005
2017-09-13,RS03AXBS-MJ03A-06-PRESTA301,2,True,5752,5760,8,0.1389,0.1394
2017-09-14,RS03AXBS-MJ03A-06-PRESTA301,2,True,5760,5760,0,0.0,0.0005
2017-09-15,RS03AXBS-MJ03A-06-PRESTA301,2,True,5760,5760,0,0.0,0.0005
2017-09-16,RS03AXBS-MJ03A-06-PRESTA301,2,True,5760,5760,0,0.0,0.0005
2017-09-17,RS03AXBS-MJ03A-06-PRESTA301,2,True,5760,5760,0,0.0,0.0005
2017-09-18,RS03AXBS-MJ03A-06-PRESTA301,2,True,5760,5760,0,0.0,0.0005
2017-09-19,RS03AXBS-MJ03A-06-PRESTA301,2,True,5760,5760,0,0.0,0.0005
2017-09-20,RS03AXBS-MJ03A-06-PRESTA301,2,True,5760,5760,0,0.0,0.0005
2017-09-21,RS03AXBS-MJ03A-06-PRESTA301,2,True,5760,5760,0,0.0,0.0005
2017-09-22,RS03AXBS-MJ03A-06-PRESTA301,2,True,5760,5760,0,0.0,0.0005
2017-09-23,RS03AXBS-MJ03A-06-PRESTA301,2,True,5760,5760,0,0.0,0.0005
2017-09-24,RS03AXBS-MJ03A-06-PRESTA301,2,True,5760,5760,0,0.0,0.0005
2017-09-25,RS03AXBS-MJ03A-06-PRESTA301,2,True,5760,5760,0,0.0,0.0005
2017-09-26,RS03AXBS-MJ03A-06-PRESTA301,2,True,5760,5760,0,0.0,0.0005
2017-09-27,RS03AXBS-MJ03A-06-PRESTA301,2,True,5760,5760,0,0.0,0.0005
2017-09-28,RS03AXBS-MJ03A-06-PRESTA301,2,True,5760,5760,0,0.0,0.0005
2017-09-29,RS03AXBS-MJ03A-06-PRESTA301,2,True,5760,5760,0,0.0,0.0005
2017-09-30,RS03AXBS-MJ03A-06-PRESTA301,2,True,5760,5760,0,0.0,0.0005
2017-10-01,RS03AXBS-MJ03A-06-PRESTA301,2,True,5760,5760,0,0.0,0.0005
2017-10-02,RS03AXBS-MJ03A-06-PRESTA301,2,True,5760,5760,0,0.0,0.0005
2017-10-03,RS03AXBS-MJ03A-06-PRESTA301,2,True,5760,5760,0,0.0,0.0005
2017-10-04,RS03AXBS-MJ03A-06-PRESTA301,2,True,5760,5760,0,0.0,0.0005
2017-10-05,RS03AXBS-MJ03A-06-PRESTA301,2,True,5760,5760,0,0.0,0.0005
2017-10-06,RS03AXBS-MJ03A-06-PRESTA301,2,True,5760,5760,0,0.0,0.0005
2017-10-07,RS03AXBS-MJ03A-06-PRESTA301,2,True,5760,5760,0,0.0,0.0005
2017-10-08,RS03AXBS-MJ03A-06-PRESTA301,2,True,5760,5760,0,0.0,0.0005
2017-10-09,RS03AXBS-MJ03A-06-PRESTA301,2,True,5760,5760,0,0.0,0.0005
2017-10-10,RS03AXBS-MJ03A-06-PRESTA301,2,True,5760,5760,0,0.0,0.0005
2017-10-11,RS03AXBS-MJ03A-06-PRESTA301,2,True,5760,5760,0,0.0,0.0005
2017-10-12,RS03AXBS-MJ03A-06-PRESTA301,2,True,5760,5760,0,0.0,0.0005
2017-10-13,RS03AXBS-MJ03A-06-PRESTA301,2,True,5760,5760,0,0.0,0.0005
2017-10-14,RS03AXBS-MJ03A-06-PRESTA301,2,True,5760,5760,0,0.0,0.0005
2017-10-15,RS03AXBS-MJ03A-06-PRESTA301,2,True,5760,5760,0,0.0,0.0005
2017-10-16,RS03AXBS-MJ03A-06-PRESTA301,2,True,5760,5760,0,0.0,0.0005
2017-10-17,RS03AXBS-MJ03A-06-PRESTA301,2,True,5760,5760,0,0.0,0.0005
2017-10-18,RS03AXBS-MJ03A-06-PRESTA301,2,True,5760,5760,0,0.0,0.0005
2017-10-19,RS03AXBS-MJ03A-06-PRESTA301,2,True,5760,5760,0,0.0,0.0005
2017-10-20,RS03AXBS-MJ03A-06-PRESTA301,2,True,5760,5760,0,0.0,0.0005
2017-10-21,RS03AXBS-MJ03A-06-PRESTA301,2,True,5760,5760,0,0.0,0.0005
2017-10-22,RS03AXBS-MJ03A-06-PRESTA301,2,True,5760,5760,0,0.0,0.0005
2017-10-23,RS03AXBS-MJ03A-06-PRESTA301,2,True,5760,5760,0,0.0,0.0005
2017-10-24,RS03AXBS-MJ03A-06-PRESTA301,2,True,5760,5760,0,0.0,0.0005
2017-10-25,RS03AXBS-MJ03A-06-PRESTA301,2,True,5760,5760,0,0.0,0.0005
2017-10-26,RS03AXBS-MJ03A-06-PRESTA301,2,True,5760,5760,0,0.0,0.0005
2017-10-27,RS03AXBS-MJ03A-06-PRESTA301,2,True,5760,5760,0,0.0,0.0005
2017-10-28,RS03AXBS-MJ03A-06-PRESTA301,2,True,5760,5760,0,0.0,0.0005
2017-10-29,RS03AXBS-MJ03A-06-PRESTA301,2,True,5760,5760,0,0.0,0.0005
2017-10-30,RS03AXBS-MJ03A-06-PRESTA301,2,True,5760,5760,0,0.0,0.0005
2017-10-31,RS03AXBS-MJ03A-06-PRESTA301,2,True,5760,5760,0,0.0,0.0005
2017-11-01,RS03AXBS-MJ03A-06-PRESTA301,2,True,5760,5760,0,0.0,0.0005
2017-11-02,RS03AXBS-MJ03A-06-PRESTA301,2,True,5760,5760,0,0.0,0.0005
2017-11-03,RS03AXBS-MJ03A-06-PRESTA301,2,True,5760,5760,0,0.0,0.0005
2017-11-04,RS03AXBS-MJ03A-06-PRESTA301,2,True,5760,5760,0,0.0,0.0005
2017-11-05,RS03AXBS-MJ03A-06-PRESTA301,2,True,5760,5760,0,0.0,0.0005
2017-11-06,RS03AXBS-MJ03A-06-PRESTA301,2,True,5760,5760,0,0.0,0.0005
2017-11-07,RS03AXBS-MJ03A-06-PRESTA301,2,True,5760,5760,0,0.0,0.0005
2017-11-08,RS03AXBS-MJ03A-06-PRESTA301,2,True,5760,5760,0,0.0,0.0005
2017-11-09,RS03AXBS-MJ03A-06-PRESTA301,2,True,5760,5760,0,0.0,0.0005
2017-11-10,RS03AXBS-MJ03A-06-PRESTA301,2,True,5760,5760,0,0.0,0.0005
2017-11-11,RS03AXBS-MJ03A-06-PRESTA301,2,True,5760,5760,0,0.0,0.0005
2017-11-12,RS03AXBS-MJ03A-06-PRESTA301,2,True,5760,5760,0,0.0,0.0005
2017-11-13,RS03AXBS-MJ03A-06-PRESTA301,2,True,5531,5531,0,0.0,3.9762
2017-11-14,RS03AXBS-MJ03A-06-PRESTA301,2,False,0,0,,,
2017-11-15,RS03AXBS-MJ03A-06-PRESTA301,2,True,5717,5717,0,0.0,0.747
2017-11-16,RS03AXBS-MJ03A-06-PRESTA301,2,True,5760,5760,0,0.0,0.0005
2017-11-17,RS03AXBS-MJ03A-06-PRESTA301,2,True,5760,5760,0,0.0,0.0005
2017-11-18,RS03AXBS-MJ03A-06-PRESTA301,2,True,5760,5760,0,0.0,0.0005
2017-11-19,RS03AXBS-MJ03A-06-PRESTA301,2,True,5760,5760,0,0.0,0.0005
2017-11-20,RS03AXBS-MJ03A-06-PRESTA301,2,True,5760,5760,0,0.0,0.0005
2017-11-21,RS03AXBS-MJ03A-06-PRESTA301,2,True,5760,5760,0,0.0,0.0005
2017-11-22,RS03AXBS-MJ03A-06-PRESTA301,2,True,5760,5760,0,0.0,0.0005
2017-11-23,RS03AXBS-MJ03A-06-PRESTA301,2,True,5760,5760,0,0.0,0.0005
2017-11-24,RS03AXBS-MJ03A-06-PRESTA301,2,True,5760,5760,0,0.0,0.0005
2017-11-25,RS03AXBS-MJ03A-06-PRESTA301,2,True,5760,5760,0,0.0,0.0005
2017-11-26,RS03AXBS-MJ03A-06-PRESTA301,2,True,5760,5760,0,0.0,0.0005
2017-11-27,RS03AXBS-MJ03A-06-PRESTA301,2,True,5760,5760,0,0.0,0.0005
2017-11-28,RS03AXBS-MJ03A-06-PRESTA301,2,True,5760,5760,0,0.0,0.0005
2017-11-29,RS03AXBS-MJ03A-06-PRESTA301,2,True,5760,5760,0,0.0,0.0005
2017-11-30,RS03AXBS-MJ03A-06-PRESTA301,2,True,5760,5760,0,0.0,0.0005
2017-12-01,RS03AXBS-MJ03A-06-PRESTA301,2,True,5710,5760,50,0.8681,0.8686
2017-12-02,RS03AXBS-MJ03A-06-PRESTA301,2,True,5760,5760,0,0.0,0.0005
2017-12-03,RS03AXBS-MJ03A-06-PRESTA301,2,True,5760,5760,0,0.0,0.0005
2017-12-04,RS03AXBS-MJ03A-06-PRESTA301,2,True,5760,5760,0,0.0,0.0005
2017-12-05,RS03AXBS-MJ03A-06-PRESTA301,2,True,5760,5760,0,0.0,0.0005
2017-12-06,RS03AXBS-MJ03A-06-PRESTA301,2,True,5760,5760,0,0.0,0.0005
2017-12-07,RS03AXBS-MJ03A-06-PRESTA301,2,True,5760,5760,0,0.0,0.0005
2017-12-08,RS03AXBS-MJ03A-06-PRESTA301,2,True,5760,5760,0,0.0,0.0005
2017-12-09,RS03AXBS-MJ03A-06-PRESTA301,2,False,0,0,,,
2017-12-10,RS03AXBS-MJ03A-06-PRESTA301,2,False,0,0,,,
2017-12-11,RS03AXBS-MJ03A-06-PRESTA301,2,True,5760,5760,0,0.0,0.0005
2017-12-12,RS03AXBS-MJ03A-06-PRESTA301,2,True,5760,5760,0,0.0,0.0005
2017-12-13,RS03AXBS-MJ03A-06-PRESTA301,2,True,5756,5760,4,0.0694,0.0699
2017-12-14,RS03AXBS-MJ03A-06-PRESTA301,2,True,5760,5760,0,0.0,0.0005
2017-12-15,RS03AXBS-MJ03A-06-PRESTA301,2,True,5760,5760,0,0.0,0.0005
2017-12-16,RS03AXBS-MJ03A-06-PRESTA301,2,True,5760,5760,0,0.0,0.0005
2017-12-17,RS03AXBS-MJ03A-06-PRESTA301,2,True,5760,5760,0,0.0,0.0005
2017-12-18,RS03AXBS-MJ03A-06-PRESTA301,2,True,5760,5760,0,0.0,0.0005
2017-12-19,RS03AXBS-MJ03A-06-PRESTA301,2,True,5760,5760,0,0.0,0.0005
2017-12-20,RS03AXBS-MJ03A-06-PRESTA301,2,True,5760,5760,0,0.0,0.0005
2017-12-21,RS03AXBS-MJ03A-06-PRESTA301,2,True,5760,5760,0,0.0,0.0005
2017-12-22,RS03AXBS-MJ03A-06-PRESTA301,2,True,5760,5760,0,0.0,0.0005
2017-12-23,RS03AXBS-MJ03A-06-PRESTA301,2,True,5760,5760,0,0.0,0.0005
2017-12-24,RS03AXBS-MJ03A-06-PRESTA301,2,True,5760,5760,0,0.0,0.0005
2017-12-25,RS03AXBS-MJ03A-06-PRESTA301,2,True,5760,5760,0,0.0,0.0005
2017-12-26,RS03AXBS-MJ03A-06-PRESTA301,2,True,5760,5760,0,0.0,0.0005
2017-12-27,RS03AXBS-MJ03A-06-PRESTA301,2,True,5760,5760,0,0.0,0.0005
2017-12-28,RS03AXBS-MJ03A-06-PRESTA301,2,True,5760,5760,0,0.0,0.0005
2017-12-29,RS03AXBS-MJ03A-06-PRESTA301,2,True,5760,5760,0,0.0,0.0005
2017-12-30,RS03AXBS-MJ03A-06-PRESTA301,2,True,5760,5760,0,0.0,0.0005
2017-12-31,RS03AXBS-MJ03A-06-PRESTA301,2,True,5760,5760,0,0.0,0.0005
2018-01-01,RS03AXBS-MJ03A-06-PRESTA301,2,True,5760,5760,0,0.0,0.0005
2018-01-02,RS03AXBS-MJ03A-06-PRESTA301,2,True,5760,5760,0,0.0,0.0005
2018-01-03,RS03AXBS-MJ03A-06-PRESTA301,2,True,5760,5760,0,0.0,0.0005
2018-01-04,RS03AXBS-MJ03A-06-PRESTA301,2,True,5760,5760,0,0.0,0.0005
2018-01-05,RS03AXBS-MJ03A-06-PRESTA301,2,True,5760,5760,0,0.0,0.0005
2018-01-06,RS03AXBS-MJ03A-06-PRESTA301,2,True,5760,5760,0,0.0,0.0005
2018-01-07,RS03AXBS-MJ03A-06-PRESTA301,2,True,5760,5760,0,0.0,0.0005
2018-01-08,RS03AXBS-MJ03A-06-PRESTA301,2,True,5760,5760,0,0.0,0.0005
2018-01-09,RS03AXBS-MJ03A-06-PRESTA301,2,True,5760,5760,0,0.0,0.0005
2018-01-10,RS03AXBS-MJ03A-06-PRESTA301,2,True,5760,5760,0,0.0,0.0005
2018-01-11,RS03AXBS-MJ03A-06-PRESTA301,2,True,5760,5760,0,0.0,0.0005
2018-01-12,RS03AXBS-MJ03A-06-PRESTA301,2,True,5760,5760,0,0.0,0.0005
2018-01-13,RS03AXBS-MJ03A-06-PRESTA301,2,True,5760,5760,0,0.0,0.0005
2018-01-14,RS03AXBS-MJ03A-06-PRESTA301,2,True,5760,5760,0,0.0,0.0005
2018-01-15,RS03AXBS-MJ03A-06-PRESTA301,2,True,5760,5760,0,0.0,0.0005
2018-01-16,RS03AXBS-MJ03A-06-PRESTA301,2,True,5760,5760,0,0.0,0.0005
2018-01-17,RS03AXBS-MJ03A-06-PRESTA301,2,True,5760,5760,0,0.0,0.0005
2018-01-18,RS03AXBS-MJ03A-06-PRESTA301,2,True,5760,5760,0,0.0,0.0005
2018-01-19,RS03AXBS-MJ03A-06-PRESTA301,2,True,1549,5760,4211,73.1076,73.1078
2018-01-20,RS03AXBS-MJ03A-06-PRESTA301,2,True,5760,5760,0,0.0,0.0005
2018-01-21,RS03AXBS-MJ03A-06-PRESTA301,2,True,5760,5760,0,0.0,0.0005
2018-01-22,RS03AXBS-MJ03A-06-PRESTA301,2,True,5760,5760,0,0.0,0.0005
2018-01-23,RS03AXBS-MJ03A-06-PRESTA301,2,True,5760,5760,0,0.0,0.0005
2018-01-24,RS03AXBS-MJ03A-06-PRESTA301,2,True,5760,5760,0,0.0,0.0005
2018-01-25,RS03AXBS-MJ03A-06-PRESTA301,2,True,5760,5760,0,0.0,0.0005
2018-01-26,RS03AXBS-MJ03A-06-PRESTA301,2,True,5760,5760,0,0.0,0.0005
2018-01-27,RS03AXBS-MJ03A-06-PRESTA301,2,True,5760,5760,0,0.0,0.0005
2018-01-28,RS03AXBS-MJ03A-06-PRESTA301,2,True,5760,5760,0,0.0,0.0005
2018-01-29,RS03AXBS-MJ03A-06-PRESTA301,2,True,5760,5760,0,0.0,0.0005
2018-01-30,RS03AXBS-MJ03A-06-PRESTA301,2,True,5760,5760,0,0.0,0.0005
2018-01-31,RS03AXBS-MJ03A-06-PRESTA301,2,True,5760,5760,0,0.0,0.0005
2018-02-01,RS03AXBS-MJ03A-06-PRESTA301,2,True,5760,5760,0,0.0,0.0005
2018-02-02,RS03AXBS-MJ03A-06-PRESTA301,2,True,5760,5760,0,0.0,0.0005
2018-02-03,RS03AXBS-MJ03A-06-PRESTA301,2,True,5760,5760,0,0.0,0.0005
2018-02-04,RS03AXBS-MJ03A-06-PRESTA301,2,True,5760,5760,0,0.0,0.0005
2018-02-05,RS03AXBS-MJ03A-06-PRESTA301,2,True,5760,5760,0,0.0,0.0005
2018-02-06,RS03AXBS-MJ03A-06-PRESTA301,2,True,5760,5760,0,0.0,0.0005
2018-02-07,RS03AXBS-MJ03A-06-PRESTA301,2,True,5760,5760,0,0.0,0.0005
2018-02-08,RS03AXBS-MJ03A-06-PRESTA301,2,True,5760,5760,0,0.0,0.0005
2018-02-09,RS03AXBS-MJ03A-06-PRESTA301,2,True,5760,5760,0,0.0,0.0005
2018-02-10,RS03AXBS-MJ03A-06-PRESTA301,2,True,5760,5760,0,0.0,0.0005
2018-02-11,RS03AXBS-MJ03A-06-PRESTA301,2,True,5760,5760,0,0.0,0.0005
2018-02-12,RS03AXBS-MJ03A-06-PRESTA301,2,True,5760,5760,0,0.0,0.0005
2018-02-13,RS03AXBS-MJ03A-06-PRESTA301,2,True,5760,5760,0,0.0,0.0005
2018-02-14,RS03AXBS-MJ03A-06-PRESTA301,2,True,5760,5760,0,0.0,0.0005
2018-02-15,RS03AXBS-MJ03A-06-PRESTA301,2,True,5760,5760,0,0.0,0.0005
2018-02-16,RS03AXBS-MJ03A-06-PRESTA301,2,True,5760,5760,0,0.0,0.0005
2018-02-17,RS03AXBS-MJ03A-06-PRESTA301,2,True,5760,5760,0,0.0,0.0005
2018-02-18,RS03AXBS-MJ03A-06-PRESTA301,2,True,5760,5760,0,0.0,0.0005
2018-02-19,RS03AXBS-MJ03A-06-PRESTA301,2,True,5760,5760,0,0.0,0.0005
2018-02-20,RS03AXBS-MJ03A-06-PRESTA301,2,True,5140,5760,620,10.7639,10.7643
2018-02-21,RS03AXBS-MJ03A-06-PRESTA301,2,True,5760,5760,0,0.0,0.0005
2018-02-22,RS03AXBS-MJ03A-06-PRESTA301,2,True,5686,5760,74,1.2847,1.2852
2018-02-23,RS03AXBS-MJ03A-06-PRESTA301,2,True,5760,5760,0,0.0,0.0005
2018-02-24,RS03AXBS-MJ03A-06-PRESTA301,2,True,5760,5760,0,0.0,0.0005
2018-02-25,RS03AXBS-MJ03A-06-PRESTA301,2,True,5760,5760,0,0.0,0.0005
2018-02-26,RS03AXBS-MJ03A-06-PRESTA301,2,True,5760,5760,0,0.0,0.0005
2018-02-27,RS03AXBS-MJ03A-06-PRESTA301,2,True,5760,5760,0,0.0,0.0005
2018-02-28,RS03AXBS-MJ03A-06-PRESTA301,2,True,5760,5760,0,0.0,0.0005
2018-03-01,RS03AXBS-MJ03A-06-PRESTA301,2,True,5760,5760,0,0.0,0.0005
2018-03-02,RS03AXBS-MJ03A-06-PRESTA301,2,True,5760,5760,0,0.0,0.0005
2018-03-03,RS03AXBS-MJ03A-06-PRESTA301,2,True,5760,5760,0,0.0,0.0005
2018-03-04,RS03AXBS-MJ03A-06-PRESTA301,2,True,5760,5760,0,0.0,0.0005
2018-03-05,RS03AXBS-MJ03A-06-PRESTA301,2,True,5760,5760,0,0.0,0.0005
2018-03-06,RS03AXBS-MJ03A-06-PRESTA301,2,True,5760,5760,0,0.0,0.0005
2018-03-07,RS03AXBS-MJ03A-06-PRESTA301,2,True,5731,5760,29,0.5035,0.504
2018-03-08,RS03AXBS-MJ03A-06-PRESTA301,2,True,5760,5760,0,0.0,0.0005
2018-03-09,RS03AXBS-MJ03A-06-PRESTA301,2,True,5760,5760,0,0.0,0.0005
2018-03-10,RS03AXBS-MJ03A-06-PRESTA301,2,True,4844,4844,0,0.0,15.9032
2018-03-11,RS03AXBS-MJ03A-06-PRESTA301,2,False,0,0,,,
2018-03-12,RS03AXBS-MJ03A-06-PRESTA301,2,True,1535,1535,0,0.0,73.3508
2018-03-13,RS03AXBS-MJ03A-06-PRESTA301,2,True,5760,5760,0,0.0,0.0005
2018-03-14,RS03AXBS-MJ03A-06-PRESTA301,2,True,5760,5760,0,0.0,0.0005
2018-03-15,RS03AXBS-MJ03A-06-PRESTA301,2,True,5760,5760,0,0.0,0.0005
2018-03-16,RS03AXBS-MJ03A-06-PRESTA301,2,True,5760,5760,0,0.0,0.0005
2018-03-17,RS03AXBS-MJ03A-06-PRESTA301,2,True,5760,5760,0,0.0,0.0005
2018-03-18,RS03AXBS-MJ03A-06-PRESTA301,2,True,5760,5760,0,0.0,0.0005
2018-03-19,RS03AXBS-MJ03A-06-PRESTA301,2,True,5760,5760,0,0.0,0.0005
2018-03-20,RS03AXBS-MJ03A-06-PRESTA301,2,True,5760,5760,0,0.0,0.0005
2018-03-21,RS03AXBS-MJ03A-06-PRESTA301,2,True,5760,5760,0,0.0,0.0005
2018-03-22,RS03AXBS-MJ03A-06-PRESTA301,2,True,5760,5760,0,0.0,0.0005
2018-03-23,RS03AXBS-MJ03A-06-PRESTA301,2,True,5760,5760,0,0.0,0.0005
2018-03-24,RS03AXBS-MJ03A-06-PRESTA301,2,True,5760,5760,0,0.0,0.0005
2018-03-25,RS03AXBS-MJ03A-06-PRESTA301,2,True,5760,5760,0,0.0,0.0005
2018-03-26,RS03AXBS-MJ03A-06-PRESTA301,2,True,5760,5760,0,0.0,0.0005
2018-03-27,RS03AXBS-MJ03A-06-PRESTA301,2,True,5760,5760,0,0.0,0.0005
2018-03-28,RS03AXBS-MJ03A-06-PRESTA301,2,True,5760,5760,0,0.0,0.0005
2018-03-29,RS03AXBS-MJ03A-06-PRESTA301,2,True,5760,5760,0,0.0,0.0005
2018-03-30,RS03AXBS-MJ03A-06-PRESTA301,2,True,5760,5760,0,0.0,0.0005
2018-03-31,RS03AXBS-MJ03A-06-PRESTA301,2,True,5760,5760,0,0.0,0.0005
2018-04-01,RS03AXBS-MJ03A-06-PRESTA301,2,True,5760,5760,0,0.0,0.0005
2018-04-02,RS03AXBS-MJ03A-06-PRESTA301,2,True,5760,5760,0,0.0,0.0005
2018-04-03,RS03AXBS-MJ03A-06-PRESTA301,2,True,5760,5760,0,0.0,0.0005
2018-04-04,RS03AXBS-MJ03A-06-PRESTA301,2,True,5760,5760,0,0.0,0.0005
2018-04-05,RS03AXBS-MJ03A-06-PRESTA301,2,True,5760,5760,0,0.0,0.0005
2018-04-06,RS03AXBS-MJ03A-06-PRESTA301,2,True,5760,5760,0,0.0,0.0005
2018-04-07,RS03AXBS-MJ03A-06-PRESTA301,2,True,5760,5760,0,0.0,0.0005
2018-04-08,RS03AXBS-MJ03A-06-PRESTA301,2,True,5760,5760,0,0.0,0.0005
2018-04-09,RS03AXBS-MJ03A-06-PRESTA301,2,True,5760,5760,0,0.0,0.0005
2018-04-10,RS03AXBS-MJ03A-06-PRESTA301,2,True,5760,5760,0,0.0,0.0005
2018-04-11,RS03AXBS-MJ03A-06-PRESTA301,2,True,5760,5760,0,0.0,0.0005
2018-04-12,RS03AXBS-MJ03A-06-PRESTA301,2,True,5760,5760,0,0.0,0.0005
2018-04-13,RS03AXBS-MJ03A-06-PRESTA301,2,True,5760,5760,0,0.0,0.0005
2018-04-14,RS03AXBS-MJ03A-06-PRESTA301,2,True,5760,5760,0,0.0,0.0005
2018-04-15,RS03AXBS-MJ03A-06-PRESTA301,2,True,5760,5760,0,0.0,0.0005
2018-04-16,RS03AXBS-MJ03A-06-PRESTA301,2,True,5760,5760,0,0.0,0.0005
2018-04-17,RS03AXBS-MJ03A-06-PRESTA301,2,True,5760,5760,0,0.0,0.0005
2018-04-18,RS03AXBS-MJ03A-06-PRESTA301,2,True,5760,5760,0,0.0,0.0005
2018-04-19,RS03AXBS-MJ03A-06-PRESTA301,2,True,5756,5760,4,0.0694,0.0699
2018-04-20,RS03AXBS-MJ03A-06-PRESTA301,2,True,5760,5760,0,0.0,0.0005
2018-04-21,RS03AXBS-MJ03A-06-PRESTA301,2,True,5760,5760,0,0.0,0.0005
2018-04-22,RS03AXBS-MJ03A-06-PRESTA301,2,True,5760,5760,0,0.0,0.0005
2018-04-23,RS03AXBS-MJ03A-06-PRESTA301,2,True,5760,5760,0,0.0,0.0005
2018-04-24,RS03AXBS-MJ03A-06-PRESTA301,2,True,5760,5760,0,0.0,0.0005
2018-04-25,RS03AXBS-MJ03A-06-PRESTA301,2,True,5760,5760,0,0.0,0.0005
2018-04-26,RS03AXBS-MJ03A-06-PRESTA301,2,True,5752,5760,8,0.1389,0.1394
2018-04-27,RS03AXBS-MJ03A-06-PRESTA301,2,True,5760,5760,0,0.0,0.0005
2018-04-28,RS03AXBS-MJ03A-06-PRESTA301,2,True,5760,5760,0,0.0,0.0005
2018-04-29,RS03AXBS-MJ03A-06-PRESTA301,2,True,5760,5760,0,0.0,0.0005
2018-04-30,RS03AXBS-MJ03A-06-PRESTA301,2,True,5760,5760,0,0.0,0.0005
2018-05-01,RS03AXBS-MJ03A-06-PRESTA301,2,True,5760,5760,0,0.0,0.0005
2018-05-02,RS03AXBS-MJ03A-06-PRESTA301,2,True,5760,5760,0,0.0,0.0005
2018-05-03,RS03AXBS-MJ03A-06-PRESTA301,2,True,5760,5760,0,0.0,0.0005
2018-05-04,RS03AXBS-MJ03A-06-PRESTA301,2,True,5760,5760,0,0.0,0.0005
2018-05-05,RS03AXBS-MJ03A-06-PRESTA301,2,True,5760,5760,0,0.0,0.0005
2018-05-06,RS03AXBS-MJ03A-06-PRESTA301,2,True,5760,5760,0,0.0,0.0005
2018-05-07,RS03AXBS-MJ03A-06-PRESTA301,2,True,5760,5760,0,0.0,0.0005
2018-05-08,RS03AXBS-MJ03A-06-PRESTA301,2,True,5760,5760,0,0.0,0.0005
2018-05-09,RS03AXBS-MJ03A-06-PRESTA301,2,True,5760,5760,0,0.0,0.0005
2018-05-10,RS03AXBS-MJ03A-06-PRESTA301,2,True,5760,5760,0,0.0,0.0005
2018-05-11,RS03AXBS-MJ03A-06-PRESTA301,2,True,5760,5760,0,0.0,0.0005
2018-05-12,RS03AXBS-MJ03A-06-PRESTA301,2,True,5760,5760,0,0.0,0.0005
2018-05-13,RS03AXBS-MJ03A-06-PRESTA301,2,True,5760,5760,0,0.0,0.0005
2018-05-14,RS03AXBS-MJ03A-06-PRESTA301,2,True,5760,5760,0,0.0,0.0005
2018-05-15,RS03AXBS-MJ03A-06-PRESTA301,2,True,5760,5760,0,0.0,0.0005
2018-05-16,RS03AXBS-MJ03A-06-PRESTA301,2,True,5760,5760,0,0.0,0.0005
2018-05-17,RS03AXBS-MJ03A-06-PRESTA301,2,True,5760,5760,0,0.0,0.0005
2018-05-18,RS03AXBS-MJ03A-06-PRESTA301,2,True,5753,5760,7,0.1215,0.122
2018-05-19,RS03AXBS-MJ03A-06-PRESTA301,2,True,5760,5760,0,0.0,0.0005
2018-05-20,RS03AXBS-MJ03A-06-PRESTA301,2,True,5760,5760,0,0.0,0.0005
2018-05-21,RS03AXBS-MJ03A-06-PRESTA301,2,True,5760,5760,0,0.0,0.0005
2018-05-22,RS03AXBS-MJ03A-06-PRESTA301,2,True,5760,5760,0,0.0,0.0005
2018-05-23,RS03AXBS-MJ03A-06-PRESTA301,2,True,5760,5760,0,0.0,0.0005
2018-05-24,RS03AXBS-MJ03A-06-PRESTA301,2,True,5760,5760,0,0.0,0.0005
2018-05-25,RS03AXBS-MJ03A-06-PRESTA301,2,True,5760,5760,0,0.0,0.0005
2018-05-26,RS03AXBS-MJ03A-06-PRESTA301,2,True,5760,5760,0,0.0,0.0005
2018-05-27,RS03AXBS-MJ03A-06-PRESTA301,2,True,5760,5760,0,0.0,0.0005
2018-05-28,RS03AXBS-MJ03A-06-PRESTA301,2,True,5760,5760,0,0.0,0.0005
2018-05-29,RS03AXBS-MJ03A-06-PRESTA301,2,True,5760,5760,0,0.0,0.0005
2018-05-30,RS03AXBS-MJ03A-06-PRESTA301,2,True,5760,5760,0,0.0,0.0005
2018-05-31,RS03AXBS-MJ03A-06-PRESTA301,2,True,5760,5760,0,0.0,0.0005
2018-06-01,RS03AXBS-MJ03A-06-PRESTA301,2,True,5760,5760,0,0.0,0.0005
2018-06-02,RS03AXBS-MJ03A-06-PRESTA301,2,True,5760,5760,0,0.0,0.0005
2018-06-03,RS03AXBS-MJ03A-06-PRESTA301,2,True,5760,5760,0,0.0,0.0005
2018-06-04,RS03AXBS-MJ03A-06-PRESTA301,2,True,5760,5760,0,0.0,0.0005
2018-06-05,RS03AXBS-MJ03A-06-PRESTA301,2,True,5760,5760,0,0.0,0.0005
2018-06-06,RS03AXBS-MJ03A-06-PRESTA301,2,True,5760,5760,0,0.0,0.0005
2018-06-07,RS03AXBS-MJ03A-06-PRESTA301,2,True,5760,5760,0,0.0,0.0005
2018-06-08,RS03AXBS-MJ03A-06-PRESTA301,2,True,5760,5760,0,0.0,0.0005
2018-06-09,RS03AXBS-MJ03A-06-PRESTA301,2,True,5760,5760,0,0.0,0.0005
2018-06-10,RS03AXBS-MJ03A-06-PRESTA301,2,True,5760,5760,0,0.0,0.0005
2018-06-11,RS03AXBS-MJ03A-06-PRESTA301,2,True,5760,5760,0,0.0,0.0005
2018-06-12,RS03AXBS-MJ03A-06-PRESTA301,2,True,5760,5760,0,0.0,0.0005
2018-06-13,RS03AXBS-MJ03A-06-PRESTA301,2,True,5760,5760,0,0.0,0.0005
2018-06-14,RS03AXBS-MJ03A-06-PRESTA301,2,True,5760,5760,0,0.0,0.0005
2018-06-15,RS03AXBS-MJ03A-06-PRESTA301,2,True,5760,5760,0,0.0,0.0005
2018-06-16,RS03AXBS-MJ03A-06-PRESTA301,2,True,5754,5760,6,0.1042,0.1047
2018-06-17,RS03AXBS-MJ03A-06-PRESTA301,2,True,5760,5760,0,0.0,0.0005
2018-06-18,RS03AXBS-MJ03A-06-PRESTA301,2,True,5760,5760,0,0.0,0.0005
2018-06-19,RS03AXBS-MJ03A-06-PRESTA301,2,True,5760,5760,0,0.0,0.0005
2018-06-20,RS03AXBS-MJ03A-06-PRESTA301,2,True,5760,5760,0,0.0,0.0005
2018-06-21,RS03AXBS-MJ03A-06-PRESTA301,2,True,5760,5760,0,0.0,0.0005
2018-06-22,RS03AXBS-MJ03A-06-PRESTA301,2,True,5760,5760,0,0.0,0.0005
2018-06-23,RS03AXBS-MJ03A-06-PRESTA301,2,True,5760,5760,0,0.0,0.0005
2018-06-24,RS03AXBS-MJ03A-06-PRESTA301,2,True,5760,5760,0,0.0,0.0005
2018-06-25,RS03AXBS-MJ03A-06-PRESTA301,2,True,5760,5760,0,0.0,0.0005
2018-06-26,RS03AXBS-MJ03A-06-PRESTA301,2,True,5760,5760,0,0.0,0.0005
2018-06-27,RS03AXBS-MJ03A-06-PRESTA301,2,True,5760,5760,0,0.0,0.0005
2018-06-28,RS03AXBS-MJ03A-06-PRESTA301,2,True,5760,5760,0,0.0,0.0005
2018-06-29,RS03AXBS-MJ03A-06-PRESTA301,2,True,5760,5760,0,0.0,0.0005
2018-06-30,RS03AXBS-MJ03A-06-PRESTA301,2,True,5760,5760,0,0.0,0.0005
2018-07-01,RS03AXBS-MJ03A-06-PRESTA301,2,True,5760,5760,0,0.0,0.0005
2018-07-02,RS03AXBS-MJ03A-06-PRESTA301,2,True,5760,5760,0,0.0,0.0005
2018-07-03,RS03AXBS-MJ03A-06-PRESTA301,2,True,5760,5760,0,0.0,0.0005
2018-07-04,RS03AXBS-MJ03A-06-PRESTA301,2,True,5760,5760,0,0.0,0.0005
2018-07-05,RS03AXBS-MJ03A-06-PRESTA301,2,True,5758,5760,2,0.0347,0.0352
2018-07-06,RS03AXBS-MJ03A-06-PRESTA301,2,True,5760,5760,0,0.0,0.0005
2018-07-07,RS03AXBS-MJ03A-06-PRESTA301,2,True,5760,5760,0,0.0,0.0005
2018-07-08,RS03AXBS-MJ03A-06-PRESTA301,2,True,5760,5760,0,0.0,0.0005
2018-07-09,RS03AXBS-MJ03A-06-PRESTA301,2,True,5760,5760,0,0.0,0.0005
2018-07-10,RS03AXBS-MJ03A-06-PRESTA301,2,True,5760,5760,0,0.0,0.0005
2018-07-11,RS03AXBS-MJ03A-06-PRESTA301,2,True,5760,5760,0,0.0,0.0005
2018-07-12,RS03AXBS-MJ03A-06-PRESTA301,2,True,5760,5760,0,0.0,0.0005
2018-07-13,RS03AXBS-MJ03A-06-PRESTA301,2,True,5760,5760,0,0.0,0.0005
2018-07-14,RS03AXBS-MJ03A-06-PRESTA301,2,True,5760,5760,0,0.0,0.0005
2018-07-15,RS03AXBS-MJ03A-06-PRESTA301,2,True,5760,5760,0,0.0,0.0005
2018-07-16,RS03AXBS-MJ03A-06-PRESTA301,2,True,5760,5760,0,0.0,0.0005
2018-07-17,RS03AXBS-MJ03A-06-PRESTA301,2,True,5709,5760,51,0.8854,0.8859
2018-07-18,RS03AXBS-MJ03A-06-PRESTA301,2,True,5760,5760,0,0.0,0.0005
2018-07-19,RS03AXBS-MJ03A-06-PRESTA301,2,True,5760,5760,0,0.0,0.0005
2018-07-20,RS03AXBS-MJ03A-06-PRESTA301,2,True,5760,5760,0,0.0,0.0005
2018-07-21,RS03AXBS-MJ03A-06-PRESTA301,2,True,5760,5760,0,0.0,0.0005
2018-07-22,RS03AXBS-MJ03A-06-PRESTA301,2,True,5760,5760,0,0.0,0.0005
2018-07-23,RS03AXBS-MJ03A-06-PRESTA301,2,True,5760,5760,0,0.0,0.0005
2018-07-24,RS03AXBS-MJ03A-06-PRESTA301,2,True,5760,5760,0,0.0,0.0005
2018-07-25,RS03AXBS-MJ03A-06-PRESTA301,2,True,5760,5760,0,0.0,0.0005
2018-07-26,RS03AXBS-MJ03A-06-PRESTA301,2,True,5760,5760,0,0.0,0.0005
2018-07-27,RS03AXBS-MJ03A-06-PRESTA301,2,True,5760,5760,0,0.0,0.0005
2018-07-28,RS03AXBS-MJ03A-06-PRESTA301,2,True,5760,5760,0,0.0,0.0005
2018-07-29,RS03AXBS-MJ03A-06-PRESTA301,2,True,5760,5760,0,0.0,0.0005
2018-07-30,RS03AXBS-MJ03A-06-PRESTA301,2,True,5760,5760,0,0.0,0.0005
2018-07-31,RS03AXBS-MJ03A-06-PRESTA301,2,True,5760,5760,0,0.0,0.0005
2018-08-01,RS03AXBS-MJ03A-06-PRESTA301,2,True,5760,5760,0,0.0,0.0005
2018-08-02,RS03AXBS-MJ03A-06-PRESTA301,2,True,5760,5760,0,0.0,0.0005
2018-08-03,RS03AXBS-MJ03A-06-PRESTA301,2,True,5760,5760,0,0.0,0.0005
2018-08-04,RS03AXBS-MJ03A-06-PRESTA301,2,True,5760,5760,0,0.0,0.0005
2018-08-05,RS03AXBS-MJ03A-06-PRESTA301,2,True,5760,5760,0,0.0,0.0005
2018-08-06,RS03AXBS-MJ03A-06-PRESTA301,2,True,5760,5760,0,0.0,0.0005
2018-08-07,RS03AXBS-MJ03A-06-PRESTA301,2,True,5760,5760,0,0.0,0.0005
2018-08-08,RS03AXBS-MJ03A-06-PRESTA301,2,True,5760,5760,0,0.0,0.0005
2018-08-09,RS03AXBS-MJ03A-06-PRESTA301,2,True,5760,5760,0,0.0,0.0005
2018-08-10,RS03AXBS-MJ03A-06-PRESTA301,2,True,5150,5150,0,0.0,10.5907
2018-08-11,RS03AXBS-MJ03A-06-PRESTA301,2,True,1707,1707,0,0.0,70.3647
2018-08-12,RS03AXBS-MJ03A-06-PRESTA301,2,True,5760,5760,0,0.0,0.0005
2018-08-13,RS03AXBS-MJ03A-06-PRESTA301,2,True,5759,5760,1,0.0174,0.0179
2018-08-14,RS03AXBS-MJ03A-06-PRESTA301,2,True,5760,5760,0,0.0,0.0005
2018-08-15,RS03AXBS-MJ03A-06-PRESTA301,2,True,5760,5760,0,0.0,0.0005
2018-08-16,RS03AXBS-MJ03A-06-PRESTA301,2,True,5760,5760,0,0.0,0.0005
2018-08-17,RS03AXBS-MJ03A-06-PRESTA301,2,True,5760,5760,0,0.0,0.0005
2018-08-18,RS03AXBS-MJ03A-06-PRESTA301,2,True,5760,5760,0,0.0,0.0005
2018-08-19,RS03AXBS-MJ03A-06-PRESTA301,2,True,5760,5760,0,0.0,0.0005
2018-08-20,RS03AXBS-MJ03A-06-PRESTA301,2,True,5759,5760,1,0.0174,0.0179
2018-08-21,RS03AXBS-MJ03A-06-PRESTA301,2,True,5760,5760,0,0.0,0.0005
2018-08-22,RS03AXBS-MJ03A-06-PRESTA301,2,True,4248,4248,0,0.0,26.2504
2018-08-23,RS03AXBS-MJ03A-06-PRESTA301,2,False,0,0,,,
2018-08-24,RS03AXBS-MJ03A-06-PRESTA301,2,True,703,703,0,0.0,87.7952
2018-08-25,RS03AXBS-MJ03A-06-PRESTA301,2,True,5760,5760,0,0.0,0.0005
2018-08-26,RS03AXBS-MJ03A-06-PRESTA301,2,True,5760,5760,0,0.0,0.0005
2018-08-27,RS03AXBS-MJ03A-06-PRESTA301,2,True,5759,5760,1,0.0174,0.0179
2018-08-28,RS03AXBS-MJ03A-06-PRESTA301,2,True,3707,3707,0,0.0,35.6427
2018-08-29,RS03AXBS-MJ03A-06-PRESTA301,2,False,0,0,,,
2018-08-30,RS03AXBS-MJ03A-06-PRESTA301,2,True,378,379,1,0.2639,93.4375
2018-08-31,RS03AXBS-MJ03A-06-PRESTA301,2,True,5760,5760,0,0.0,0.0005
2018-09-01,RS03AXBS-MJ03A-06-PRESTA301,2,True,5760,5760,0,0.0,0.0005
2018-09-02,RS03AXBS-MJ03A-06-PRESTA301,2,True,5760,5760,0,0.0,0.0005
2018-09-03,RS03AXBS-MJ03A-06-PRESTA301,2,True,5760,5760,0,0.0,0.0005
2018-09-04,RS03AXBS-MJ03A-06-PRESTA301,2,True,5760,5760,0,0.0,0.0005
2018-09-05,RS03AXBS-MJ03A-06-PRESTA301,2,True,5483,5760,277,4.809,4.8095
2018-09-06,RS03AXBS-MJ03A-06-PRESTA301,2,True,5760,5760,0,0.0,0.0005
2018-09-07,RS03AXBS-MJ03A-06-PRESTA301,2,True,5760,5760,0,0.0,0.0005
2018-09-08,RS03AXBS-MJ03A-06-PRESTA301,2,True,2172,2172,0,0.0,62.2919
2018-09-09,RS03AXBS-MJ03A-06-PRESTA301,2,False,0,0,,,
2018-09-10,RS03AXBS-MJ03A-06-PRESTA301,2,True,1069,1070,1,0.0935,81.4411
2018-09-11,RS03AXBS-MJ03A-06-PRESTA301,2,True,5760,5760,0,0.0,0.0005
2018-09-12,RS03AXBS-MJ03A-06-PRESTA301,2,True,5760,5760,0,0.0,0.0005
2018-09-13,RS03AXBS-MJ03A-06-PRESTA301,2,False,0,0,,,
2018-09-14,RS03AXBS-MJ03A-06-PRESTA301,2,True,762,763,1,0.1311,86.7709
2018-09-15,RS03AXBS-MJ03A-06-PRESTA301,2,True,5760,5760,0,0.0,0.0005
2018-09-16,RS03AXBS-MJ03A-06-PRESTA301,2,True,5760,5760,0,0.0,0.0005
2018-09-17,RS03AXBS-MJ03A-06-PRESTA301,2,True,5760,5760,0,0.0,0.0005
2018-09-18,RS03AXBS-MJ03A-06-PRESTA301,2,True,5760,5760,0,0.0,0.0005
2018-09-19,RS03AXBS-MJ03A-06-PRESTA301,2,True,5728,5760,32,0.5556,0.5561
2018-09-20,RS03AXBS-MJ03A-06-PRESTA301,2,True,5728,5760,32,0.5556,0.5561
2018-09-21,RS03AXBS-MJ03A-06-PRESTA301,2,True,5760,5760,0,0.0,0.0005
2018-09-22,RS03AXBS-MJ03A-06-PRESTA301,2,True,5760,5760,0,0.0,0.0005
2018-09-23,RS03AXBS-MJ03A-06-PRESTA301,2,True,5736,5760,24,0.4167,0.4172
2018-09-24,RS03AXBS-MJ03A-06-PRESTA301,2,True,5522,5760,238,4.1319,4.1324
2018-09-25,RS03AXBS-MJ03A-06-PRESTA301,2,True,5760,5760,0,0.0,0.0005
2018-09-26,RS03AXBS-MJ03A-06-PRESTA301,2,True,5760,5760,0,0.0,0.0005
2018-09-27,RS03AXBS-MJ03A-06-PRESTA301,2,True,5760,5760,0,0.0,0.0005
2018-09-28,RS03AXBS-MJ03A-06-PRESTA301,2,True,635,635,0,0.0,88.9757
2018-09-29,RS03AXBS-MJ03A-06-PRESTA301,2,False,0,0,,,
2018-09-30,RS03AXBS-MJ03A-06-PRESTA301,2,False,0,0,,,
2018-10-01,RS03AXBS-MJ03A-06-PRESTA301,2,False,0,0,,,
2018-10-02,RS03AXBS-MJ03A-06-PRESTA301,2,True,1653,1670,17,1.018,71.3022
2018-10-03,RS03AXBS-MJ03A-06-PRESTA301,2,True,5751,5760,9,0.1562,0.1567
2018-10-04,RS03AXBS-MJ03A-06-PRESTA301,2,True,5760,5760,0,0.0,0.0005
2018-10-05,RS03AXBS-MJ03A-06-PRESTA301,2,True,5760,5760,0,0.0,0.0005
2018-10-06,RS03AXBS-MJ03A-06-PRESTA301,2,True,5760,5760,0,0.0,0.0005
2018-10-07,RS03AXBS-MJ03A-06-PRESTA301,2,True,5760,5760,0,0.0,0.0005
2018-10-08,RS03AXBS-MJ03A-06-PRESTA301,2,True,5760,5760,0,0.0,0.0005
2018-10-09,RS03AXBS-MJ03A-06-PRESTA301,2,True,5760,5760,0,0.0,0.0005
2018-10-10,RS03AXBS-MJ03A-06-PRESTA301,2,True,5760,5760,0,0.0,0.0005
2018-10-11,RS03AXBS-MJ03A-06-PRESTA301,2,True,5760,5760,0,0.0,0.0005
2018-10-12,RS03AXBS-MJ03A-06-PRESTA301,2,True,5760,5760,0,0.0,0.0005
2018-10-13,RS03AXBS-MJ03A-06-PRESTA301,2,True,5760,5760,0,0.0,0.0005
2018-10-14,RS03AXBS-MJ03A-06-PRESTA301,2,True,5760,5760,0,0.0,0.0005
2018-10-15,RS03AXBS-MJ03A-06-PRESTA301,2,True,5760,5760,0,0.0,0.0005
2018-10-16,RS03AXBS-MJ03A-06-PRESTA301,2,True,5735,5760,25,0.434,0.4345
2018-10-17,RS03AXBS-MJ03A-06-PRESTA301,2,True,5760,5760,0,0.0,0.0005
2018-10-18,RS03AXBS-MJ03A-06-PRESTA301,2,True,2027,2090,63,3.0144,64.8092
2018-10-19,RS03AXBS-MJ03A-06-PRESTA301,2,True,903,903,0,0.0,84.323
2018-10-20,RS03AXBS-MJ03A-06-PRESTA301,2,True,5760,5760,0,0.0,0.0005
2018-10-21,RS03AXBS-MJ03A-06-PRESTA301,2,True,5760,5760,0,0.0,0.0005
2018-10-22,RS03AXBS-MJ03A-06-PRESTA301,2,True,5760,5760,0,0.0,0.0005
2018-10-23,RS03AXBS-MJ03A-06-PRESTA301,2,True,5760,5760,0,0.0,0.0005
2018-10-24,RS03AXBS-MJ03A-06-PRESTA301,2,True,5760,5760,0,0.0,0.0005
2018-10-25,RS03AXBS-MJ03A-06-PRESTA301,2,True,5760,5760,0,0.0,0.0005
2018-10-26,RS03AXBS-MJ03A-06-PRESTA301,2,True,5760,5760,0,0.0,0.0005
2018-10-27,RS03AXBS-MJ03A-06-PRESTA301,2,True,5760,5760,0,0.0,0.0005
2018-10-28,RS03AXBS-MJ03A-06-PRESTA301,2,True,5760,5760,0,0.0,0.0005
2018-10-29,RS03AXBS-MJ03A-06-PRESTA301,2,True,5760,5760,0,0.0,0.0005
2018-10-30,RS03AXBS-MJ03A-06-PRESTA301,2,True,5760,5760,0,0.0,0.0005
2018-10-31,RS03AXBS-MJ03A-06-PRESTA301,2,True,5752,5760,8,0.1389,0.1394
2018-11-01,RS03AXBS-MJ03A-06-PRESTA301,2,True,5760,5760,0,0.0,0.0005
2018-11-02,RS03AXBS-MJ03A-06-PRESTA301,2,True,5760,5760,0,0.0,0.0005
2018-11-03,RS03AXBS-MJ03A-06-PRESTA301,2,True,5760,5760,0,0.0,0.0005
2018-11-04,RS03AXBS-MJ03A-06-PRESTA301,2,True,5760,5760,0,0.0,0.0005
2018-11-05,RS03AXBS-MJ03A-06-PRESTA301,2,True,5760,5760,0,0.0,0.0005
2018-11-06,RS03AXBS-MJ03A-06-PRESTA301,2,True,5760,5760,0,0.0,0.0005
2018-11-07,RS03AXBS-MJ03A-06-PRESTA301,2,True,5760,5760,0,0.0,0.0005
2018-11-08,RS03AXBS-MJ03A-06-PRESTA301,2,True,5724,5760,36,0.625,0.6255
2018-11-09,RS03AXBS-MJ03A-06-PRESTA301,2,True,5760,5760,0,0.0,0.0005
2018-11-10,RS03AXBS-MJ03A-06-PRESTA301,2,True,5760,5760,0,0.0,0.0005
2018-11-11,RS03AXBS-MJ03A-06-PRESTA301,2,True,5760,5760,0,0.0,0.0005
2018-11-12,RS03AXBS-MJ03A-06-PRESTA301,2,True,5760,5760,0,0.0,0.0005
2018-11-13,RS03AXBS-MJ03A-06-PRESTA301,2,True,5760,5760,0,0.0,0.0005
2018-11-14,RS03AXBS-MJ03A-06-PRESTA301,2,True,5760,5760,0,0.0,0.0005
2018-11-15,RS03AXBS-MJ03A-06-PRESTA301,2,True,5760,5760,0,0.0,0.0005
2018-11-16,RS03AXBS-MJ03A-06-PRESTA301,2,True,5760,5760,0,0.0,0.0005
2018-11-17,RS03AXBS-MJ03A-06-PRESTA301,2,True,5760,5760,0,0.0,0.0005
2018-11-18,RS03AXBS-MJ03A-06-PRESTA301,2,True,5760,5760,0,0.0,0.0005
2018-11-19,RS03AXBS-MJ03A-06-PRESTA301,2,True,5760,5760,0,0.0,0.0005
2018-11-20,RS03AXBS-MJ03A-06-PRESTA301,2,True,5490,5760,270,4.6875,4.688
2018-11-21,RS03AXBS-MJ03A-06-PRESTA301,2,True,5760,5760,0,0.0,0.0005
2018-11-22,RS03AXBS-MJ03A-06-PRESTA301,2,True,5760,5760,0,0.0,0.0005
2018-11-23,RS03AXBS-MJ03A-06-PRESTA301,2,True,5760,5760,0,0.0,0.0005
2018-11-24,RS03AXBS-MJ03A-06-PRESTA301,2,True,5760,5760,0,0.0,0.0005
2018-11-25,RS03AXBS-MJ03A-06-PRESTA301,2,True,5760,5760,0,0.0,0.0005
2018-11-26,RS03AXBS-MJ03A-06-PRESTA301,2,True,5760,5760,0,0.0,0.0005
2018-11-27,RS03AXBS-MJ03A-06-PRESTA301,2,True,5760,5760,0,0.0,0.0005
2018-11-28,RS03AXBS-MJ03A-06-PRESTA301,2,True,5760,5760,0,0.0,0.0005
2018-11-29,RS03AXBS-MJ03A-06-PRESTA301,2,True,5760,5760,0,0.0,0.0005
2018-11-30,RS03AXBS-MJ03A-06-PRESTA301,2,True,5760,5760,0,0.0,0.0005
2018-12-01,RS03AXBS-MJ03A-06-PRESTA301,2,True,5760,5760,0,0.0,0.0005
2018-12-02,RS03AXBS-MJ03A-06-PRESTA301,2,True,5760,5760,0,0.0,0.0005
2018-12-03,RS03AXBS-MJ03A-06-PRESTA301,2,True,5760,5760,0,0.0,0.0005
2018-12-04,RS03AXBS-MJ03A-06-PRESTA301,2,True,5760,5760,0,0.0,0.0005
2018-12-05,RS03AXBS-MJ03A-06-PRESTA301,2,True,5760,5760,0,0.0,0.0005
2018-12-06,RS03AXBS-MJ03A-06-PRESTA301,2,True,5760,5760,0,0.0,0.0005
2018-12-07,RS03AXBS-MJ03A-06-PRESTA301,2,True,5695,5760,65,1.1285,1.129
2018-12-08,RS03AXBS-MJ03A-06-PRESTA301,2,True,5760,5760,0,0.0,0.0005
2018-12-09,RS03AXBS-MJ03A-06-PRESTA301,2,True,5760,5760,0,0.0,0.0005
2018-12-10,RS03AXBS-MJ03A-06-PRESTA301,2,True,5760,5760,0,0.0,0.0005
2018-12-11,RS03AXBS-MJ03A-06-PRESTA301,2,True,5760,5760,0,0.0,0.0005
2018-12-12,RS03AXBS-MJ03A-06-PRESTA301,2,True,5760,5760,0,0.0,0.0005
2018-12-13,RS03AXBS-MJ03A-06-PRESTA301,2,True,5760,5760,0,0.0,0.0005
2018-12-14,RS03AXBS-MJ03A-06-PRESTA301,2,True,5760,5760,0,0.0,0.0005
2018-12-15,RS03AXBS-MJ03A-06-PRESTA301,2,True,5760,5760,0,0.0,0.0005
2018-12-16,RS03AXBS-MJ03A-06-PRESTA301,2,True,5760,5760,0,0.0,0.0005
2018-12-17,RS03AXBS-MJ03A-06-PRESTA301,2,True,5760,5760,0,0.0,0.0005
2018-12-18,RS03AXBS-MJ03A-06-PRESTA301,2,True,5760,5760,0,0.0,0.0005
2018-12-19,RS03AXBS-MJ03A-06-PRESTA301,2,True,5760,5760,0,0.0,0.0005
2018-12-20,RS03AXBS-MJ03A-06-PRESTA301,2,True,5760,5760,0,0.0,0.0005
2018-12-21,RS03AXBS-MJ03A-06-PRESTA301,2,True,5760,5760,0,0.0,0.0005
2018-12-22,RS03AXBS-MJ03A-06-PRESTA301,2,True,5760,5760,0,0.0,0.0005
2018-12-23,RS03AXBS-MJ03A-06-PRESTA301,2,True,5760,5760,0,0.0,0.0005
2018-12-24,RS03AXBS-MJ03A-06-PRESTA301,2,True,5760,5760,0,0.0,0.0005
2018-12-25,RS03AXBS-MJ03A-06-PRESTA301,2,True,5760,5760,0,0.0,0.0005
2018-12-26,RS03AXBS-MJ03A-06-PRESTA301,2,True,5760,5760,0,0.0,0.0005
2018-12-27,RS03AXBS-MJ03A-06-PRESTA301,2,True,5760,5760,0,0.0,0.0005
2018-12-28,RS03AXBS-MJ03A-06-PRESTA301,2,True,5760,5760,0,0.0,0.0005
2018-12-29,RS03AXBS-MJ03A-06-PRESTA301,2,True,5760,5760,0,0.0,0.0005
2018-12-30,RS03AXBS-MJ03A-06-PRESTA301,2,True,5760,5760,0,0.0,0.0005
2018-12-31,RS03AXBS-MJ03A-06-PRESTA301,2,True,5760,5760,0,0.0,0.0005
2019-01-01,RS03AXBS-MJ03A-06-PRESTA301,2,True,5760,5760,0,0.0,0.0005
2019-01-02,RS03AXBS-MJ03A-06-PRESTA301,2,True,5760,5760,0,0.0,0.0005
2019-01-03,RS03AXBS-MJ03A-06-PRESTA301,2,True,5760,5760,0,0.0,0.0005
2019-01-04,RS03AXBS-MJ03A-06-PRESTA301,2,True,5760,5760,0,0.0,0.0005
2019-01-05,RS03AXBS-MJ03A-06-PRESTA301,2,True,5760,5760,0,0.0,0.0005
2019-01-06,RS03AXBS-MJ03A-06-PRESTA301,2,True,5760,5760,0,0.0,0.0005
2019-01-07,RS03AXBS-MJ03A-06-PRESTA301,2,True,5760,5760,0,0.0,0.0005
2019-01-08,RS03AXBS-MJ03A-06-PRESTA301,2,True,5760,5760,0,0.0,0.0005
2019-01-09,RS03AXBS-MJ03A-06-PRESTA301,2,True,5760,5760,0,0.0,0.0005
2019-01-10,RS03AXBS-MJ03A-06-PRESTA301,2,True,5760,5760,0,0.0,0.0005
2019-01-11,RS03AXBS-MJ03A-06-PRESTA301,2,True,5760,5760,0,0.0,0.0005
2019-01-12,RS03AXBS-MJ03A-06-PRESTA301,2,True,5760,5760,0,0.0,0.0005
2019-01-13,RS03AXBS-MJ03A-06-PRESTA301,2,True,5760,5760,0,0.0,0.0005
2019-01-14,RS03AXBS-MJ03A-06-PRESTA301,2,True,5760,5760,0,0.0,0.0005
2019-01-15,RS03AXBS-MJ03A-06-PRESTA301,2,True,5760,5760,0,0.0,0.0005
2019-01-16,RS03AXBS-MJ03A-06-PRESTA301,2,True,5760,5760,0,0.0,0.0005
2019-01-17,RS03AXBS-MJ03A-06-PRESTA301,2,True,5760,5760,0,0.0,0.0005
2019-01-18,RS03AXBS-MJ03A-06-PRESTA301,2,True,5760,5760,0,0.0,0.0005
2019-01-19,RS03AXBS-MJ03A-06-PRESTA301,2,True,5760,5760,0,0.0,0.0005
2019-01-20,RS03AXBS-MJ03A-06-PRESTA301,2,True,5760,5760,0,0.0,0.0005
2019-01-21,RS03AXBS-MJ03A-06-PRESTA301,2,True,5760,5760,0,0.0,0.0005
2019-01-22,RS03AXBS-MJ03A-06-PRESTA301,2,True,5760,5760,0,0.0,0.0005
2019-01-23,RS03AXBS-MJ03A-06-PRESTA301,2,True,5760,5760,0,0.0,0.0005
2019-01-24,RS03AXBS-MJ03A-06-PRESTA301,2,True,5760,5760,0,0.0,0.0005
2019-01-25,RS03AXBS-MJ03A-06-PRESTA301,2,True,5741,5760,19,0.3299,0.3304
2019-01-26,RS03AXBS-MJ03A-06-PRESTA301,2,True,5760,5760,0,0.0,0.0005
2019-01-27,RS03AXBS-MJ03A-06-PRESTA301,2,True,5760,5760,0,0.0,0.0005
2019-01-28,RS03AXBS-MJ03A-06-PRESTA301,2,True,5760,5760,0,0.0,0.0005
2019-01-29,RS03AXBS-MJ03A-06-PRESTA301,2,True,5760,5760,0,0.0,0.0005
2019-01-30,RS03AXBS-MJ03A-06-PRESTA301,2,True,5751,5760,9,0.1562,0.1567
2019-01-31,RS03AXBS-MJ03A-06-PRESTA301,2,True,5760,5760,0,0.0,0.0005
2019-02-01,RS03AXBS-MJ03A-06-PRESTA301,2,True,5760,5760,0,0.0,0.0005
2019-02-02,RS03AXBS-MJ03A-06-PRESTA301,2,True,5760,5760,0,0.0,0.0005
2019-02-03,RS03AXBS-MJ03A-06-PRESTA301,2,True,5760,5760,0,0.0,0.0005
2019-02-04,RS03AXBS-MJ03A-06-PRESTA301,2,True,5760,5760,0,0.0,0.0005
2019-02-05,RS03AXBS-MJ03A-06-PRESTA301,2,True,5760,5760,0,0.0,0.0005
2019-02-06,RS03AXBS-MJ03A-06-PRESTA301,2,True,5760,5760,0,0.0,0.0005
2019-02-07,RS03AXBS-MJ03A-06-PRESTA301,2,True,5760,5760,0,0.0,0.0005
2019-02-08,RS03AXBS-MJ03A-06-PRESTA301,2,True,5760,5760,0,0.0,0.0005
2019-02-09,RS03AXBS-MJ03A-06-PRESTA301,2,True,5760,5760,0,0.0,0.0005
2019-02-10,RS03AXBS-MJ03A-06-PRESTA301,2,True,5760,5760,0,0.0,0.0005
2019-02-11,RS03AXBS-MJ03A-06-PRESTA301,2,True,5760,5760,0,0.0,0.0005
2019-02-12,RS03AXBS-MJ03A-06-PRESTA301,2,True,5760,5760,0,0.0,0.0005
2019-02-13,RS03AXBS-MJ03A-06-PRESTA301,2,True,5760,5760,0,0.0,0.0005
2019-02-14,RS03AXBS-MJ03A-06-PRESTA301,2,True,5760,5760,0,0.0,0.0005
2019-02-15,RS03AXBS-MJ03A-06-PRESTA301,2,True,5760,5760,0,0.0,0.0005
2019-02-16,RS03AXBS-MJ03A-06-PRESTA301,2,True,5760,5760,0,0.0,0.0005
2019-02-17,RS03AXBS-MJ03A-06-PRESTA301,2,True,5760,5760,0,0.0,0.0005
2019-02-18,RS03AXBS-MJ03A-06-PRESTA301,2,True,5760,5760,0,0.0,0.0005
2019-02-19,RS03AXBS-MJ03A-06-PRESTA301,2,True,5760,5760,0,0.0,0.0005
2019-02-20,RS03AXBS-MJ03A-06-PRESTA301,2,True,5760,5760,0,0.0,0.0005
2019-02-21,RS03AXBS-MJ03A-06-PRESTA301,2,True,5760,5760,0,0.0,0.0005
2019-02-22,RS03AXBS-MJ03A-06-PRESTA301,2,True,5760,5760,0,0.0,0.0005
2019-02-23,RS03AXBS-MJ03A-06-PRESTA301,2,True,5760,5760,0,0.0,0.0005
2019-02-24,RS03AXBS-MJ03A-06-PRESTA301,2,True,5760,5760,0,0.0,0.0005
2019-02-25,RS03AXBS-MJ03A-06-PRESTA301,2,True,5760,5760,0,0.0,0.0005
2019-02-26,RS03AXBS-MJ03A-06-PRESTA301,2,True,5760,5760,0,0.0,0.0005
2019-02-27,RS03AXBS-MJ03A-06-PRESTA301,2,True,5760,5760,0,0.0,0.0005
2019-02-28,RS03AXBS-MJ03A-06-PRESTA301,2,True,5760,5760,0,0.0,0.0005
2019-03-01,RS03AXBS-MJ03A-06-PRESTA301,2,True,5760,5760,0,0.0,0.0005
2019-03-02,RS03AXBS-MJ03A-06-PRESTA301,2,True,5760,5760,0,0.0,0.0005
2019-03-03,RS03AXBS-MJ03A-06-PRESTA301,2,True,5760,5760,0,0.0,0.0005
2019-03-04,RS03AXBS-MJ03A-06-PRESTA301,2,True,5760,5760,0,0.0,0.0005
2019-03-05,RS03AXBS-MJ03A-06-PRESTA301,2,True,5760,5760,0,0.0,0.0005
2019-03-06,RS03AXBS-MJ03A-06-PRESTA301,2,True,5760,5760,0,0.0,0.0005
2019-03-07,RS03AXBS-MJ03A-06-PRESTA301,2,True,5760,5760,0,0.0,0.0005
2019-03-08,RS03AXBS-MJ03A-06-PRESTA301,2,True,5760,5760,0,0.0,0.0005
2019-03-09,RS03AXBS-MJ03A-06-PRESTA301,2,True,5760,5760,0,0.0,0.0005
2019-03-10,RS03AXBS-MJ03A-06-PRESTA301,2,True,5760,5760,0,0.0,0.0005
2019-03-11,RS03AXBS-MJ03A-06-PRESTA301,2,True,5760,5760,0,0.0,0.0005
2019-03-12,RS03AXBS-MJ03A-06-PRESTA301,2,True,5760,5760,0,0.0,0.0005
2019-03-13,RS03AXBS-MJ03A-06-PRESTA301,2,True,5760,5760,0,0.0,0.0005
2019-03-14,RS03AXBS-MJ03A-06-PRESTA301,2,True,5760,5760,0,0.0,0.0005
2019-03-15,RS03AXBS-MJ03A-06-PRESTA301,2,True,5532,5760,228,3.9583,3.9588
2019-03-16,RS03AXBS-MJ03A-06-PRESTA301,2,True,5760,5760,0,0.0,0.0005
2019-03-17,RS03AXBS-MJ03A-06-PRESTA301,2,True,5760,5760,0,0.0,0.0005
2019-03-18,RS03AXBS-MJ03A-06-PRESTA301,2,True,5760,5760,0,0.0,0.0005
2019-03-19,RS03AXBS-MJ03A-06-PRESTA301,2,True,5760,5760,0,0.0,0.0005
2019-03-20,RS03AXBS-MJ03A-06-PRESTA301,2,True,5760,5760,0,0.0,0.0005
2019-03-21,RS03AXBS-MJ03A-06-PRESTA301,2,True,5760,5760,0,0.0,0.0005
2019-03-22,RS03AXBS-MJ03A-06-PRESTA301,2,True,5760,5760,0,0.0,0.0005
2019-03-23,RS03AXBS-MJ03A-06-PRESTA301,2,True,5760,5760,0,0.0,0.0005
2019-03-24,RS03AXBS-MJ03A-06-PRESTA301,2,True,5760,5760,0,0.0,0.0005
2019-03-25,RS03AXBS-MJ03A-06-PRESTA301,2,True,5760,5760,0,0.0,0.0005
2019-03-26,RS03AXBS-MJ03A-06-PRESTA301,2,True,5760,5760,0,0.0,0.0005
2019-03-27,RS03AXBS-MJ03A-06-PRESTA301,2,True,5760,5760,0,0.0,0.0005
2019-03-28,RS03AXBS-MJ03A-06-PRESTA301,2,True,5760,5760,0,0.0,0.0005
2019-03-29,RS03AXBS-MJ03A-06-PRESTA301,2,True,5760,5760,0,0.0,0.0005
2019-03-30,RS03AXBS-MJ03A-06-PRESTA301,2,True,5760,5760,0,0.0,0.0005
2019-03-31,RS03AXBS-MJ03A-06-PRESTA301,2,True,5760,5760,0,0.0,0.0005
2019-04-01,RS03AXBS-MJ03A-06-PRESTA301,2,True,5760,5760,0,0.0,0.0005
2019-04-02,RS03AXBS-MJ03A-06-PRESTA301,2,True,5760,5760,0,0.0,0.0005
2019-04-03,RS03AXBS-MJ03A-06-PRESTA301,2,True,5760,5760,0,0.0,0.0005
2019-04-04,RS03AXBS-MJ03A-06-PRESTA301,2,True,5588,5596,8,0.143,2.9866
2019-04-05,RS03AXBS-MJ03A-06-PRESTA301,2,True,5393,5393,0,0.0,6.372
2019-04-06,RS03AXBS-MJ03A-06-PRESTA301,2,True,5760,5760,0,0.0,0.0005
2019-04-07,RS03AXBS-MJ03A-06-PRESTA301,2,True,5760,5760,0,0.0,0.0005
2019-04-08,RS03AXBS-MJ03A-06-PRESTA301,2,True,5760,5760,0,0.0,0.0005
2019-04-09,RS03AXBS-MJ03A-06-PRESTA301,2,True,5760,5760,0,0.0,0.0005
2019-04-10,RS03AXBS-MJ03A-06-PRESTA301,2,True,5760,5760,0,0.0,0.0005
2019-04-11,RS03AXBS-MJ03A-06-PRESTA301,2,True,5760,5760,0,0.0,0.0005
2019-04-12,RS03AXBS-MJ03A-06-PRESTA301,2,True,5760,5760,0,0.0,0.0005
2019-04-13,RS03AXBS-MJ03A-06-PRESTA301,2,True,5760,5760,0,0.0,0.0005
2019-04-14,RS03AXBS-MJ03A-06-PRESTA301,2,True,5760,5760,0,0.0,0.0005
2019-04-15,RS03AXBS-MJ03A-06-PRESTA301,2,True,5760,5760,0,0.0,0.0005
2019-04-16,RS03AXBS-MJ03A-06-PRESTA301,2,True,5760,5760,0,0.0,0.0005
2019-04-17,RS03AXBS-MJ03A-06-PRESTA301,2,True,5760,5760,0,0.0,0.0005
2019-04-18,RS03AXBS-MJ03A-06-PRESTA301,2,True,5760,5760,0,0.0,0.0005
2019-04-19,RS03AXBS-MJ03A-06-PRESTA301,2,True,5760,5760,0,0.0,0.0005
2019-04-20,RS03AXBS-MJ03A-06-PRESTA301,2,True,5760,5760,0,0.0,0.0005
2019-04-21,RS03AXBS-MJ03A-06-PRESTA301,2,True,5760,5760,0,0.0,0.0005
2019-04-22,RS03AXBS-MJ03A-06-PRESTA301,2,True,1777,5760,3983,69.1493,69.1495
2019-04-23,RS03AXBS-MJ03A-06-PRESTA301,2,True,5760,5760,0,0.0,0.0005
2019-04-24,RS03AXBS-MJ03A-06-PRESTA301,2,True,5760,5760,0,0.0,0.0005
2019-04-25,RS03AXBS-MJ03A-06-PRESTA301,2,True,5760,5760,0,0.0,0.0005
2019-04-26,RS03AXBS-MJ03A-06-PRESTA301,2,True,5736,5760,24,0.4167,0.4172
2019-04-27,RS03AXBS-MJ03A-06-PRESTA301,2,True,5760,5760,0,0.0,0.0005
2019-04-28,RS03AXBS-MJ03A-06-PRESTA301,2,True,5760,5760,0,0.0,0.0005
2019-04-29,RS03AXBS-MJ03A-06-PRESTA301,2,True,5760,5760,0,0.0,0.0005
2019-04-30,RS03AXBS-MJ03A-06-PRESTA301,2,True,5760,5760,0,0.0,0.0005
2019-05-01,RS03AXBS-MJ03A-06-PRESTA301,2,True,5760,5760,0,0.0,0.0005
2019-05-02,RS03AXBS-MJ03A-06-PRESTA301,2,True,5760,5760,0,0.0,0.0005
2019-05-03,RS03AXBS-MJ03A-06-PRESTA301,2,True,5760,5760,0,0.0,0.0005
2019-05-04,RS03AXBS-MJ03A-06-PRESTA301,2,True,5760,5760,0,0.0,0.0005
2019-05-05,RS03AXBS-MJ03A-06-PRESTA301,2,True,5760,5760,0,0.0,0.0005
2019-05-06,RS03AXBS-MJ03A-06-PRESTA301,2,True,5760,5760,0,0.0,0.0005
2019-05-07,RS03AXBS-MJ03A-06-PRESTA301,2,True,5760,5760,0,0.0,0.0005
2019-05-08,RS03AXBS-MJ03A-06-PRESTA301,2,True,5760,5760,0,0.0,0.0005
2019-05-09,RS03AXBS-MJ03A-06-PRESTA301,2,True,5760,5760,0,0.0,0.0005
2019-05-10,RS03AXBS-MJ03A-06-PRESTA301,2,True,5760,5760,0,0.0,0.0005
2019-05-11,RS03AXBS-MJ03A-06-PRESTA301,2,True,5760,5760,0,0.0,0.0005
2019-05-12,RS03AXBS-MJ03A-06-PRESTA301,2,True,5760,5760,0,0.0,0.0005
2019-05-13,RS03AXBS-MJ03A-06-PRESTA301,2,True,5760,5760,0,0.0,0.0005
2019-05-14,RS03AXBS-MJ03A-06-PRESTA301,2,True,5760,5760,0,0.0,0.0005
2019-05-15,RS03AXBS-MJ03A-06-PRESTA301,2,True,5760,5760,0,0.0,0.0005
2019-05-16,RS03AXBS-MJ03A-06-PRESTA301,2,True,5760,5760,0,0.0,0.0005
2019-05-17,RS03AXBS-MJ03A-06-PRESTA301,2,True,5760,5760,0,0.0,0.0005
2019-05-18,RS03AXBS-MJ03A-06-PRESTA301,2,True,5760,5760,0,0.0,0.0005
2019-05-19,RS03AXBS-MJ03A-06-PRESTA301,2,True,5760,5760,0,0.0,0.0005
2019-05-20,RS03AXBS-MJ03A-06-PRESTA301,2,False,0,0,,,
2019-05-21,RS03AXBS-MJ03A-06-PRESTA301,2,True,5760,5760,0,0.0,0.0005
2019-05-22,RS03AXBS-MJ03A-06-PRESTA301,2,True,5735,5760,25,0.434,0.4345
2019-05-23,RS03AXBS-MJ03A-06-PRESTA301,2,True,5760,5760,0,0.0,0.0005
2019-05-24,RS03AXBS-MJ03A-06-PRESTA301,2,True,5648,5760,112,1.9444,1.9449
2019-05-25,RS03AXBS-MJ03A-06-PRESTA301,2,True,5760,5760,0,0.0,0.0005
2019-05-26,RS03AXBS-MJ03A-06-PRESTA301,2,True,5760,5760,0,0.0,0.0005
2019-05-27,RS03AXBS-MJ03A-06-PRESTA301,2,True,5760,5760,0,0.0,0.0005
2019-05-28,RS03AXBS-MJ03A-06-PRESTA301,2,True,5760,5760,0,0.0,0.0005
2019-05-29,RS03AXBS-MJ03A-06-PRESTA301,2,True,5760,5760,0,0.0,0.0005
2019-05-30,RS03AXBS-MJ03A-06-PRESTA301,2,True,5760,5760,0,0.0,0.0005
2019-05-31,RS03AXBS-MJ03A-06-PRESTA301,2,True,5760,5760,0,0.0,0.0005
2019-06-01,RS03AXBS-MJ03A-06-PRESTA301,2,True,5760,5760,0,0.0,0.0005
2019-06-02,RS03AXBS-MJ03A-06-PRESTA301,2,True,5760,5760,0,0.0,0.0005
2019-06-03,RS03AXBS-MJ03A-06-PRESTA301,2,True,5760,5760,0,0.0,0.0005
2019-06-04,RS03AXBS-MJ03A-06-PRESTA301,2,True,5760,5760,0,0.0,0.0005
2019-06-05,RS03AXBS-MJ03A-06-PRESTA301,2,True,5760,5760,0,0.0,0.0005
2019-06-06,RS03AXBS-MJ03A-06-PRESTA301,2,True,5754,5760,6,0.1042,0.1047
2019-06-07,RS03AXBS-MJ03A-06-PRESTA301,2,True,5754,5760,6,0.1042,0.1047
2019-06-08,RS03AXBS-MJ03A-06-PRESTA301,2,True,5760,5760,0,0.0,0.0005
2019-06-09,RS03AXBS-MJ03A-06-PRESTA301,2,True,5760,5760,0,0.0,0.0005
2019-06-10,RS03AXBS-MJ03A-06-PRESTA301,2,True,5754,5760,6,0.1042,0.1047
2019-06-11,RS03AXBS-MJ03A-06-PRESTA301,2,True,5760,5760,0,0.0,0.0005
2019-06-12,RS03AXBS-MJ03A-06-PRESTA301,2,True,5760,5760,0,0.0,0.0005
2019-06-13,RS03AXBS-MJ03A-06-PRESTA301,2,True,5759,5760,1,0.0174,0.0179
2019-06-14,RS03AXBS-MJ03A-06-PRESTA301,2,True,5729,5760,31,0.5382,0.5387
2019-06-15,RS03AXBS-MJ03A-06-PRESTA301,2,True,5754,5760,6,0.1042,0.1047
2019-06-16,RS03AXBS-MJ03A-06-PRESTA301,2,True,5716,5760,44,0.7639,0.7644
2019-06-17,RS03AXBS-MJ03A-06-PRESTA301,2,True,4852,5760,908,15.7639,15.7643
2019-06-18,RS03AXBS-MJ03A-06-PRESTA301,2,True,5760,5760,0,0.0,0.0005
2019-06-19,RS03AXBS-MJ03A-06-PRESTA301,2,True,5760,5760,0,0.0,0.0005
2019-06-20,RS03AXBS-MJ03A-06-PRESTA301,2,True,5698,5760,62,1.0764,1.0769
2019-06-21,RS03AXBS-MJ03A-06-PRESTA301,2,True,4536,4894,358,7.3151,21.2504
2019-06-22,RS03AXBS-MJ03A-06-PRESTA301,2,False,0,0,,,
2019-06-23,RS03AXBS-MJ03A-06-PRESTA301,2,True,1782,1819,37,2.0341,69.0627
2019-06-24,RS03AXBS-MJ03A-06-PRESTA301,2,True,5233,5245,12,0.2288,9.1498
2019-06-25,RS03AXBS-MJ03A-06-PRESTA301,2,False,0,0,,,
2019-06-26,RS03AXBS-MJ03A-06-PRESTA301,2,False,0,0,,,
2019-06-27,RS03AXBS-MJ03A-06-PRESTA301,2,False,0,0,,,
2019-06-28,RS03AXBS-MJ03A-06-PRESTA301,2,False,0,0,,,
2019-06-29,RS03AXBS-MJ03A-06-PRESTA301,2,False,0,0,,,
2019-06-30,RS03AXBS-MJ03A-06-PRESTA301,2,False,0,0,,,
2019-07-01,RS03AXBS-MJ03A-06-PRESTA301,2,False,0,0,,,
2019-07-02,RS03AXBS-MJ03A-06-PRESTA301,2,False,0,0,,,
2019-07-03,RS03AXBS-MJ03A-06-PRESTA301,2,False,0,0,,,
2019-07-04,RS03AXBS-MJ03A-06-PRESTA301,2,False,0,0,,,
2019-07-05,RS03AXBS-MJ03A-06-PRESTA301,2,False,0,0,,,
2019-07-06,RS03AXBS-MJ03A-06-PRESTA301,2,False,0,0,,,
2019-07-07,RS03AXBS-MJ03A-06-PRESTA301,2,True,4666,4667,1,0.0214,18.9935
2019-07-08,RS03AXBS-MJ03A-06-PRESTA301,2,True,5760,5760,0,0.0,0.0005
2019-07-09,RS03AXBS-MJ03A-06-PRESTA301,2,True,5760,5760,0,0.0,0.0005
2019-07-10,RS03AXBS-MJ03A-06-PRESTA301,2,True,5760,5760,0,0.0,0.0005
2019-07-11,RS03AXBS-MJ03A-06-PRESTA301,2,True,5760,5760,0,0.0,0.0005
2019-07-12,RS03AXBS-MJ03A-06-PRESTA301,2,True,5760,5760,0,0.0,0.0005
2019-07-13,RS03AXBS-MJ03A-06-PRESTA301,2,True,5760,5760,0,0.0,0.0005
2019-07-14,RS03AXBS-MJ03A-06-PRESTA301,2,True,5760,5760,0,0.0,0.0005
2019-07-15,RS03AXBS-MJ03A-06-PRESTA301,2,True,5760,5760,0,0.0,0.0005
2019-07-16,RS03AXBS-MJ03A-06-PRESTA301,2,True,5760,5760,0,0.0,0.0005
2019-07-17,RS03AXBS-MJ03A-06-PRESTA301,2,True,5760,5760,0,0.0,0.0005
2019-07-18,RS03AXBS-MJ03A-06-PRESTA301,2,True,5760,5760,0,0.0,0.0005
2019-07-19,RS03AXBS-MJ03A-06-PRESTA301,2,True,5760,5760,0,0.0,0.0005
2019-07-20,RS03AXBS-MJ03A-06-PRESTA301,2,True,5760,5760,0,0.0,0.0005
2019-07-21,RS03AXBS-MJ03A-06-PRESTA301,2,True,5760,5760,0,0.0,0.0005
2019-07-22,RS03AXBS-MJ03A-06-PRESTA301,2,True,5760,5760,0,0.0,0.0005
2019-07-23,RS03AXBS-MJ03A-06-PRESTA301,2,True,5760,5760,0,0.0,0.0005
2019-07-24,RS03AXBS-MJ03A-06-PRESTA301,2,True,5760,5760,0,0.0,0.0005
2019-07-25,RS03AXBS-MJ03A-06-PRESTA301,2,True,4724,5760,1036,17.9861,17.9865
2019-07-26,RS03AXBS-MJ03A-06-PRESTA301,2,True,2709,2709,0,0.0,52.969
2019-07-27,RS03AXBS-MJ03A-06-PRESTA301,2,False,0,0,,,
2019-07-28,RS03AXBS-MJ03A-06-PRESTA301,2,False,0,0,,,
2019-07-29,RS03AXBS-MJ03A-06-PRESTA301,2,True,500,500,0,0.0,91.3195
2019-07-30,RS03AXBS-MJ03A-06-PRESTA301,2,True,1568,2056,488,23.7354,72.7779
2019-07-31,RS03AXBS-MJ03A-06-PRESTA301,2,True,5760,5760,0,0.0,0.0005
2019-08-01,RS03AXBS-MJ03A-06-PRESTA301,2,True,5760,5760,0,0.0,0.0005
2019-08-02,RS03AXBS-MJ03A-06-PRESTA301,2,True,5760,5760,0,0.0,0.0005
2019-08-03,RS03AXBS-MJ03A-06-PRESTA301,2,True,5760,5760,0,0.0,0.0005
2019-08-04,RS03AXBS-MJ03A-06-PRESTA301,2,True,5760,5760,0,0.0,0.0005
2019-08-05,RS03AXBS-MJ03A-06-PRESTA301,2,True,5760,5760,0,0.0,0.0005
2019-08-06,RS03AXBS-MJ03A-06-PRESTA301,2,True,5322,5760,438,7.6042,7.6046
2019-08-07,RS03AXBS-MJ03A-06-PRESTA301,2,True,5760,5760,0,0.0,0.0005
2019-08-08,RS03AXBS-MJ03A-06-PRESTA301,2,True,5741,5760,19,0.3299,0.3304
2019-08-09,RS03AXBS-MJ03A-06-PRESTA301,2,True,5760,5760,0,0.0,0.0005
2019-08-10,RS03AXBS-MJ03A-06-PRESTA301,2,True,5760,5760,0,0.0,0.0005
2019-08-11,RS03AXBS-MJ03A-06-PRESTA301,2,True,5760,5760,0,0.0,0.0005
2019-08-12,RS03AXBS-MJ03A-06-PRESTA301,2,True,5760,5760,0,0.0,0.0005
2019-08-13,RS03AXBS-MJ03A-06-PRESTA301,2,True,5760,5760,0,0.0,0.0005
2019-08-14,RS03AXBS-MJ03A-06-PRESTA301,2,True,5760,5760,0,0.0,0.0005
2019-08-15,RS03AXBS-MJ03A-06-PRESTA301,2,True,5760,5760,0,0.0,0.0005
2019-08-16,RS03AXBS-MJ03A-06-PRESTA301,2,True,5760,5760,0,0.0,0.0005
2019-08-17,RS03AXBS-MJ03A-06-PRESTA301,2,True,5760,5760,0,0.0,0.0005
2019-08-18,RS03AXBS-MJ03A-06-PRESTA301,2,True,5760,5760,0,0.0,0.0005
2019-08-19,RS03AXBS-MJ03A-06-PRESTA301,2,True,5760,5760,0,0.0,0.0005
2019-08-20,RS03AXBS-MJ03A-06-PRESTA301,2,True,5760,5760,0,0.0,0.0005
2019-08-21,RS03AXBS-MJ03A-06-PRESTA301,2,True,5760,5760,0,0.0,0.0005
2019-08-22,RS03AXBS-MJ03A-06-PRESTA301,2,True,5760,5760,0,0.0,0.0005
2019-08-23,RS03AXBS-MJ03A-06-PRESTA301,2,True,5760,5760,0,0.0,0.0005
2019-08-24,RS03AXBS-MJ03A-06-PRESTA301,2,True,5760,5760,0,0.0,0.0005
2019-08-25,RS03AXBS-MJ03A-06-PRESTA301,2,True,5760,5760,0,0.0,0.0005
2019-08-26,RS03AXBS-MJ03A-06-PRESTA301,2,True,5760,5760,0,0.0,0.0005
2019-08-27,RS03AXBS-MJ03A-06-PRESTA301,2,True,5760,5760,0,0.0,0.0005
2019-08-28,RS03AXBS-MJ03A-06-PRESTA301,2,True,5760,5760,0,0.0,0.0005
2019-08-29,RS03AXBS-MJ03A-06-PRESTA301,2,True,5760,5760,0,0.0,0.0005
2019-08-30,RS03AXBS-MJ03A-06-PRESTA301,2,True,5760,5760,0,0.0,0.0005
2019-08-31,RS03AXBS-MJ03A-06-PRESTA301,2,True,5760,5760,0,0.0,0.0005
2019-09-01,RS03AXBS-MJ03A-06-PRESTA301,2,True,5760,5760,0,0.0,0.0005
2019-09-02,RS03AXBS-MJ03A-06-PRESTA301,2,True,5760,5760,0,0.0,0.0005
2019-09-03,RS03AXBS-MJ03A-06-PRESTA301,2,True,5760,5760,0,0.0,0.0005
2019-09-04,RS03AXBS-MJ03A-06-PRESTA301,2,True,5760,5760,0,0.0,0.0005
2019-09-05,RS03AXBS-MJ03A-06-PRESTA301,2,True,5100,5760,660,11.4583,11.4588
2019-09-06,RS03AXBS-MJ03A-06-PRESTA301,2,True,5760,5760,0,0.0,0.0005
2019-09-07,RS03AXBS-MJ03A-06-PRESTA301,2,True,5760,5760,0,0.0,0.0005
2019-09-08,RS03AXBS-MJ03A-06-PRESTA301,2,True,5760,5760,0,0.0,0.0005
2019-09-09,RS03AXBS-MJ03A-06-PRESTA301,2,True,5760,5760,0,0.0,0.0005
2019-09-10,RS03AXBS-MJ03A-06-PRESTA301,2,True,5723,5760,37,0.6424,0.6429
2019-09-11,RS03AXBS-MJ03A-06-PRESTA301,2,True,5760,5760,0,0.0,0.0005
2019-09-12,RS03AXBS-MJ03A-06-PRESTA301,2,True,5760,5760,0,0.0,0.0005
2019-09-13,RS03AXBS-MJ03A-06-PRESTA301,2,True,2132,5761,3629,62.9925,62.9863
2019-09-14,RS03AXBS-MJ03A-06-PRESTA301,2,True,5760,5760,0,0.0,0.0005
2019-09-15,RS03AXBS-MJ03A-06-PRESTA301,2,True,5760,5760,0,0.0,0.0005
2019-09-16,RS03AXBS-MJ03A-06-PRESTA301,2,True,5760,5760,0,0.0,0.0005
2019-09-17,RS03AXBS-MJ03A-06-PRESTA301,2,True,5760,5760,0,0.0,0.0005
2019-09-18,RS03AXBS-MJ03A-06-PRESTA301,2,True,5760,5760,0,0.0,0.0005
2019-09-19,RS03AXBS-MJ03A-06-PRESTA301,2,True,5697,5760,63,1.0938,1.0942
2019-09-20,RS03AXBS-MJ03A-06-PRESTA301,2,True,5760,5760,0,0.0,0.0005
2019-09-21,RS03AXBS-MJ03A-06-PRESTA301,2,True,5760,5760,0,0.0,0.0005
2019-09-22,RS03AXBS-MJ03A-06-PRESTA301,2,True,5760,5760,0,0.0,0.0005
2019-09-23,RS03AXBS-MJ03A-06-PRESTA301,2,True,5760,5760,0,0.0,0.0005
2019-09-24,RS03AXBS-MJ03A-06-PRESTA301,2,True,5760,5760,0,0.0,0.0005
2019-09-25,RS03AXBS-MJ03A-06-PRESTA301,2,True,5760,5760,0,0.0,0.0005
2019-09-26,RS03AXBS-MJ03A-06-PRESTA301,2,True,5760,5760,0,0.0,0.0005
2019-09-27,RS03AXBS-MJ03A-06-PRESTA301,2,True,5760,5760,0,0.0,0.0005
2019-09-28,RS03AXBS-MJ03A-06-PRESTA301,2,True,5760,5760,0,0.0,0.0005
2019-09-29,RS03AXBS-MJ03A-06-PRESTA301,2,True,5760,5760,0,0.0,0.0005
2019-09-30,RS03AXBS-MJ03A-06-PRESTA301,2,True,5760,5760,0,0.0,0.0005
2019-10-01,RS03AXBS-MJ03A-06-PRESTA301,2,True,5760,5760,0,0.0,0.0005
2019-10-02,RS03AXBS-MJ03A-06-PRESTA301,2,True,5760,5760,0,0.0,0.0005
2019-10-03,RS03AXBS-MJ03A-06-PRESTA301,2,True,5760,5760,0,0.0,0.0005
2019-10-04,RS03AXBS-MJ03A-06-PRESTA301,2,True,5760,5760,0,0.0,0.0005
2019-10-05,RS03AXBS-MJ03A-06-PRESTA301,2,True,5760,5760,0,0.0,0.0005
2019-10-06,RS03AXBS-MJ03A-06-PRESTA301,2,True,5760,5760,0,0.0,0.0005
2019-10-07,RS03AXBS-MJ03A-06-PRESTA301,2,True,5760,5760,0,0.0,0.0005
2019-10-08,RS03AXBS-MJ03A-06-PRESTA301,2,True,5760,5760,0,0.0,0.0005
2019-10-09,RS03AXBS-MJ03A-06-PRESTA301,2,True,5760,5760,0,0.0,0.0005
2019-10-10,RS03AXBS-MJ03A-06-PRESTA301,2,True,5760,5760,0,0.0,0.0005
2019-10-11,RS03AXBS-MJ03A-06-PRESTA301,2,True,3742,5760,2018,35.0347,35.035
2019-10-12,RS03AXBS-MJ03A-06-PRESTA301,2,True,5760,5760,0,0.0,0.0005
2019-10-13,RS03AXBS-MJ03A-06-PRESTA301,2,True,5760,5760,0,0.0,0.0005
2019-10-14,RS03AXBS-MJ03A-06-PRESTA301,2,True,5760,5760,0,0.0,0.0005
2019-10-15,RS03AXBS-MJ03A-06-PRESTA301,2,True,5704,5760,56,0.9722,0.9727
2019-10-16,RS03AXBS-MJ03A-06-PRESTA301,2,True,5760,5760,0,0.0,0.0005
2019-10-17,RS03AXBS-MJ03A-06-PRESTA301,2,True,5760,5760,0,0.0,0.0005
2019-10-18,RS03AXBS-MJ03A-06-PRESTA301,2,True,5760,5760,0,0.0,0.0005
2019-10-19,RS03AXBS-MJ03A-06-PRESTA301,2,True,5760,5760,0,0.0,0.0005
2019-10-20,RS03AXBS-MJ03A-06-PRESTA301,2,True,5760,5760,0,0.0,0.0005
2019-10-21,RS03AXBS-MJ03A-06-PRESTA301,2,True,5760,5760,0,0.0,0.0005
2019-10-22,RS03AXBS-MJ03A-06-PRESTA301,2,True,5760,5760,0,0.0,0.0005
2019-10-23,RS03AXBS-MJ03A-06-PRESTA301,2,True,1993,5760,3767,65.3993,65.3995
2019-10-24,RS03AXBS-MJ03A-06-PRESTA301,2,True,5750,5760,10,0.1736,0.1741
2019-10-25,RS03AXBS-MJ03A-06-PRESTA301,2,True,5760,5760,0,0.0,0.0005
2019-10-26,RS03AXBS-MJ03A-06-PRESTA301,2,True,5760,5760,0,0.0,0.0005
2019-10-27,RS03AXBS-MJ03A-06-PRESTA301,2,True,3933,3933,0,0.0,31.7191
2019-10-28,RS03AXBS-MJ03A-06-PRESTA301,2,True,1798,1798,0,0.0,68.7849
2019-10-29,RS03AXBS-MJ03A-06-PRESTA301,2,True,5760,5760,0,0.0,0.0005
2019-10-30,RS03AXBS-MJ03A-06-PRESTA301,2,True,5760,5760,0,0.0,0.0005
2019-10-31,RS03AXBS-MJ03A-06-PRESTA301,2,True,5760,5760,0,0.0,0.0005
2019-11-01,RS03AXBS-MJ03A-06-PRESTA301,2,True,5760,5760,0,0.0,0.0005
2019-11-02,RS03AXBS-MJ03A-06-PRESTA301,2,True,5760,5760,0,0.0,0.0005
2019-11-03,RS03AXBS-MJ03A-06-PRESTA301,2,True,5760,5760,0,0.0,0.0005
2019-11-04,RS03AXBS-MJ03A-06-PRESTA301,2,True,5760,5760,0,0.0,0.0005
2019-11-05,RS03AXBS-MJ03A-06-PRESTA301,2,True,5760,5760,0,0.0,0.0005
2019-11-06,RS03AXBS-MJ03A-06-PRESTA301,2,True,5760,5760,0,0.0,0.0005
2019-11-07,RS03AXBS-MJ03A-06-PRESTA301,2,True,5760,5760,0,0.0,0.0005
2019-11-08,RS03AXBS-MJ03A-06-PRESTA301,2,True,5760,5760,0,0.0,0.0005
2019-11-09,RS03AXBS-MJ03A-06-PRESTA301,2,True,5760,5760,0,0.0,0.0005
2019-11-10,RS03AXBS-MJ03A-06-PRESTA301,2,True,5760,5760,0,0.0,0.0005
2019-11-11,RS03AXBS-MJ03A-06-PRESTA301,2,True,5760,5760,0,0.0,0.0005
2019-11-12,RS03AXBS-MJ03A-06-PRESTA301,2,True,5760,5760,0,0.0,0.0005
2019-11-13,RS03AXBS-MJ03A-06-PRESTA301,2,True,5760,5760,0,0.0,0.0005
2019-11-14,RS03AXBS-MJ03A-06-PRESTA301,2,True,5760,5760,0,0.0,0.0005
2019-11-15,RS03AXBS-MJ03A-06-PRESTA301,2,True,5760,5760,0,0.0,0.0005
2019-11-16,RS03AXBS-MJ03A-06-PRESTA301,2,True,5760,5760,0,0.0,0.0005
2019-11-17,RS03AXBS-MJ03A-06-PRESTA301,2,True,5760,5760,0,0.0,0.0005
2019-11-18,RS03AXBS-MJ03A-06-PRESTA301,2,True,5760,5760,0,0.0,0.0005
2019-11-19,RS03AXBS-MJ03A-06-PRESTA301,2,True,5760,5760,0,0.0,0.0005
2019-11-20,RS03AXBS-MJ03A-06-PRESTA301,2,True,5760,5760,0,0.0,0.0005
2019-11-21,RS03AXBS-MJ03A-06-PRESTA301,2,True,5760,5760,0,0.0,0.0005
2019-11-22,RS03AXBS-MJ03A-06-PRESTA301,2,True,5760,5760,0,0.0,0.0005
2019-11-23,RS03AXBS-MJ03A-06-PRESTA301,2,True,5760,5760,0,0.0,0.0005
2019-11-24,RS03AXBS-MJ03A-06-PRESTA301,2,True,5760,5760,0,0.0,0.0005
2019-11-25,RS03AXBS-MJ03A-06-PRESTA301,2,True,5760,5760,0,0.0,0.0005
2019-11-26,RS03AXBS-MJ03A-06-PRESTA301,2,True,5760,5760,0,0.0,0.0005
2019-11-27,RS03AXBS-MJ03A-06-PRESTA301,2,True,5760,5760,0,0.0,0.0005
2019-11-28,RS03AXBS-MJ03A-06-PRESTA301,2,True,5760,5760,0,0.0,0.0005
2019-11-29,RS03AXBS-MJ03A-06-PRESTA301,2,True,5760,5760,0,0.0,0.0005
2019-11-30,RS03AXBS-MJ03A-06-PRESTA301,2,True,5760,5760,0,0.0,0.0005
2019-12-01,RS03AXBS-MJ03A-06-PRESTA301,2,True,5760,5760,0,0.0,0.0005
2019-12-02,RS03AXBS-MJ03A-06-PRESTA301,2,True,5760,5760,0,0.0,0.0005
2019-12-03,RS03AXBS-MJ03A-06-PRESTA301,2,True,5760,5760,0,0.0,0.0005
2019-12-04,RS03AXBS-MJ03A-06-PRESTA301,2,True,5760,5760,0,0.0,0.0005
2019-12-05,RS03AXBS-MJ03A-06-PRESTA301,2,True,5760,5760,0,0.0,0.0005
2019-12-06,RS03AXBS-MJ03A-06-PRESTA301,2,True,5760,5760,0,0.0,0.0005
2019-12-07,RS03AXBS-MJ03A-06-PRESTA301,2,True,5760,5760,0,0.0,0.0005
2019-12-08,RS03AXBS-MJ03A-06-PRESTA301,2,True,5701,5760,59,1.0243,1.0248
2019-12-09,RS03AXBS-MJ03A-06-PRESTA301,2,True,5760,5760,0,0.0,0.0005
2019-12-10,RS03AXBS-MJ03A-06-PRESTA301,2,False,0,0,,,
2019-12-11,RS03AXBS-MJ03A-06-PRESTA301,2,True,5760,5760,0,0.0,0.0005
2019-12-12,RS03AXBS-MJ03A-06-PRESTA301,2,True,5655,5760,105,1.8229,1.8234
2019-12-13,RS03AXBS-MJ03A-06-PRESTA301,2,True,5760,5760,0,0.0,0.0005
2019-12-14,RS03AXBS-MJ03A-06-PRESTA301,2,True,5760,5760,0,0.0,0.0005
2019-12-15,RS03AXBS-MJ03A-06-PRESTA301,2,True,5760,5760,0,0.0,0.0005
2019-12-16,RS03AXBS-MJ03A-06-PRESTA301,2,True,5760,5760,0,0.0,0.0005
2019-12-17,RS03AXBS-MJ03A-06-PRESTA301,2,True,5760,5760,0,0.0,0.0005
2019-12-18,RS03AXBS-MJ03A-06-PRESTA301,2,True,5760,5760,0,0.0,0.0005
2019-12-19,RS03AXBS-MJ03A-06-PRESTA301,2,True,5760,5760,0,0.0,0.0005
2019-12-20,RS03AXBS-MJ03A-06-PRESTA301,2,True,5760,5760,0,0.0,0.0005
2019-12-21,RS03AXBS-MJ03A-06-PRESTA301,2,True,5760,5760,0,0.0,0.0005
2019-12-22,RS03AXBS-MJ03A-06-PRESTA301,2,True,5760,5760,0,0.0,0.0005
2019-12-23,RS03AXBS-MJ03A-06-PRESTA301,2,True,5760,5760,0,0.0,0.0005
2019-12-24,RS03AXBS-MJ03A-06-PRESTA301,2,True,5760,5760,0,0.0,0.0005
2019-12-25,RS03AXBS-MJ03A-06-PRESTA301,2,True,5760,5760,0,0.0,0.0005
2019-12-26,RS03AXBS-MJ03A-06-PRESTA301,2,True,5760,5760,0,0.0,0.0005
2019-12-27,RS03AXBS-MJ03A-06-PRESTA301,2,True,5760,5760,0,0.0,0.0005
2019-12-28,RS03AXBS-MJ03A-06-PRESTA301,2,True,5760,5760,0,0.0,0.0005
2019-12-29,RS03AXBS-MJ03A-06-PRESTA301,2,True,5760,5760,0,0.0,0.0005
2019-12-30,RS03AXBS-MJ03A-06-PRESTA301,2,True,5760,5760,0,0.0,0.0005
2019-12-31,RS03AXBS-MJ03A-06-PRESTA301,2,True,5760,5760,0,0.0,0.0005
2020-01-01,RS03AXBS-MJ03A-06-PRESTA301,2,True,5760,5760,0,0.0,0.0005
2020-01-02,RS03AXBS-MJ03A-06-PRESTA301,2,True,5760,5760,0,0.0,0.0005
2020-01-03,RS03AXBS-MJ03A-06-PRESTA301,2,True,5760,5760,0,0.0,0.0005
2020-01-04,RS03AXBS-MJ03A-06-PRESTA301,2,True,5760,5760,0,0.0,0.0005
2020-01-05,RS03AXBS-MJ03A-06-PRESTA301,2,True,5760,5760,0,0.0,0.0005
2020-01-06,RS03AXBS-MJ03A-06-PRESTA301,2,True,5760,5760,0,0.0,0.0005
2020-01-07,RS03AXBS-MJ03A-06-PRESTA301,2,True,5760,5760,0,0.0,0.0005
2020-01-08,RS03AXBS-MJ03A-06-PRESTA301,2,True,5760,5760,0,0.0,0.0005
2020-01-09,RS03AXBS-MJ03A-06-PRESTA301,2,True,5760,5760,0,0.0,0.0005
2020-01-10,RS03AXBS-MJ03A-06-PRESTA301,2,True,5711,5760,49,0.8507,0.8512
2020-01-11,RS03AXBS-MJ03A-06-PRESTA301,2,True,5760,5760,0,0.0,0.0005
2020-01-12,RS03AXBS-MJ03A-06-PRESTA301,2,True,5760,5760,0,0.0,0.0005
2020-01-13,RS03AXBS-MJ03A-06-PRESTA301,2,True,5760,5760,0,0.0,0.0005
2020-01-14,RS03AXBS-MJ03A-06-PRESTA301,2,True,5760,5760,0,0.0,0.0005
2020-01-15,RS03AXBS-MJ03A-06-PRESTA301,2,False,0,0,,,
2020-01-16,RS03AXBS-MJ03A-06-PRESTA301,2,True,5760,5760,0,0.0,0.0005
2020-01-17,RS03AXBS-MJ03A-06-PRESTA301,2,True,5760,5760,0,0.0,0.0005
2020-01-18,RS03AXBS-MJ03A-06-PRESTA301,2,True,5760,5760,0,0.0,0.0005
2020-01-19,RS03AXBS-MJ03A-06-PRESTA301,2,True,5760,5760,0,0.0,0.0005
2020-01-20,RS03AXBS-MJ03A-06-PRESTA301,2,True,5760,5760,0,0.0,0.0005
2020-01-21,RS03AXBS-MJ03A-06-PRESTA301,2,True,5760,5760,0,0.0,0.0005
2020-01-22,RS03AXBS-MJ03A-06-PRESTA301,2,True,5760,5760,0,0.0,0.0005
2020-01-23,RS03AXBS-MJ03A-06-PRESTA301,2,True,5760,5760,0,0.0,0.0005
2020-01-24,RS03AXBS-MJ03A-06-PRESTA301,2,True,5760,5760,0,0.0,0.0005
2020-01-25,RS03AXBS-MJ03A-06-PRESTA301,2,True,5760,5760,0,0.0,0.0005
2020-01-26,RS03AXBS-MJ03A-06-PRESTA301,2,True,5760,5760,0,0.0,0.0005
2020-01-27,RS03AXBS-MJ03A-06-PRESTA301,2,True,5760,5760,0,0.0,0.0005
2020-01-28,RS03AXBS-MJ03A-06-PRESTA301,2,True,5717,5760,43,0.7465,0.747
2020-01-29,RS03AXBS-MJ03A-06-PRESTA301,2,True,5760,5760,0,0.0,0.0005
2020-01-30,RS03AXBS-MJ03A-06-PRESTA301,2,True,5760,5760,0,0.0,0.0005
2020-01-31,RS03AXBS-MJ03A-06-PRESTA301,2,True,5760,5760,0,0.0,0.0005
2020-02-01,RS03AXBS-MJ03A-06-PRESTA301,2,True,5760,5760,0,0.0,0.0005
2020-02-02,RS03AXBS-MJ03A-06-PRESTA301,2,True,5760,5760,0,0.0,0.0005
2020-02-03,RS03AXBS-MJ03A-06-PRESTA301,2,True,5760,5760,0,0.0,0.0005
2020-02-04,RS03AXBS-MJ03A-06-PRESTA301,2,True,5760,5760,0,0.0,0.0005
2020-02-05,RS03AXBS-MJ03A-06-PRESTA301,2,True,5760,5760,0,0.0,0.0005
2020-02-06,RS03AXBS-MJ03A-06-PRESTA301,2,True,5760,5760,0,0.0,0.0005
2020-02-07,RS03AXBS-MJ03A-06-PRESTA301,2,True,5760,5760,0,0.0,0.0005
2020-02-08,RS03AXBS-MJ03A-06-PRESTA301,2,True,5760,5760,0,0.0,0.0005
2020-02-09,RS03AXBS-MJ03A-06-PRESTA301,2,True,5760,5760,0,0.0,0.0005
2020-02-10,RS03AXBS-MJ03A-06-PRESTA301,2,True,5760,5760,0,0.0,0.0005
2020-02-11,RS03AXBS-MJ03A-06-PRESTA301,2,True,5760,5760,0,0.0,0.0005
2020-02-12,RS03AXBS-MJ03A-06-PRESTA301,2,True,5760,5760,0,0.0,0.0005
2020-02-13,RS03AXBS-MJ03A-06-PRESTA301,2,True,5760,5760,0,0.0,0.0005
2020-02-14,RS03AXBS-MJ03A-06-PRESTA301,2,True,5760,5760,0,0.0,0.0005
2020-02-15,RS03AXBS-MJ03A-06-PRESTA301,2,True,2370,3729,1359,36.4441,58.8544
2020-02-17,RS03AXBS-MJ03A-06-PRESTA301,2,False,0,0,,,
2020-02-18,RS03AXBS-MJ03A-06-PRESTA301,2,False,0,0,,,
2020-02-19,RS03AXBS-MJ03A-06-PRESTA301,2,False,0,0,,,
2020-02-20,RS03AXBS-MJ03A-06-PRESTA301,2,False,0,0,,,
2020-02-21,RS03AXBS-MJ03A-06-PRESTA301,2,False,0,0,,,
2020-02-22,RS03AXBS-MJ03A-06-PRESTA301,2,False,0,0,,,
2020-02-23,RS03AXBS-MJ03A-06-PRESTA301,2,False,0,0,,,
2020-02-24,RS03AXBS-MJ03A-06-PRESTA301,2,False,0,0,,,
2020-02-25,RS03AXBS-MJ03A-06-PRESTA301,2,False,0,0,,,
2020-02-26,RS03AXBS-MJ03A-06-PRESTA301,2,False,0,0,,,
2020-02-27,RS03AXBS-MJ03A-06-PRESTA301,2,False,0,0,,,
2020-02-28,RS03AXBS-MJ03A-06-PRESTA301,2,False,0,0,,,
2020-02-29,RS03AXBS-MJ03A-06-PRESTA301,2,False,0,0,,,
2020-03-01,RS03AXBS-MJ03A-06-PRESTA301,2,False,0,0,,,
2020-03-02,RS03AXBS-MJ03A-06-PRESTA301,2,False,0,0,,,
2020-03-03,RS03AXBS-MJ03A-06-PRESTA301,2,False,0,0,,,
2020-03-04,RS03AXBS-MJ03A-06-PRESTA301,2,False,0,0,,,
2020-03-05,RS03AXBS-MJ03A-06-PRESTA301,2,False,0,0,,,
2020-03-06,RS03AXBS-MJ03A-06-PRESTA301,2,False,0,0,,,
2020-03-07,RS03AXBS-MJ03A-06-PRESTA301,2,False,0,0,,,
2020-03-08,RS03AXBS-MJ03A-06-PRESTA301,2,False,0,0,,,
2020-03-09,RS03AXBS-MJ03A-06-PRESTA301,2,False,0,0,,,
2020-03-10,RS03AXBS-MJ03A-06-PRESTA301,2,False,0,0,,,
2020-03-11,RS03AXBS-MJ03A-06-PRESTA301,2,False,0,0,,,
2020-03-12,RS03AXBS-MJ03A-06-PRESTA301,2,False,0,0,,,
2020-03-13,RS03AXBS-MJ03A-06-PRESTA301,2,False,0,0,,,
2020-03-14,RS03AXBS-MJ03A-06-PRESTA301,2,False,0,0,,,
2020-03-15,RS03AXBS-MJ03A-06-PRESTA301,2,False,0,0,,,
2020-03-16,RS03AXBS-MJ03A-06-PRESTA301,2,False,0,0,,,
2020-03-17,RS03AXBS-MJ03A-06-PRESTA301,2,False,0,0,,,
2020-03-18,RS03AXBS-MJ03A-06-PRESTA301,2,False,0,0,,,
2020-03-19,RS03AXBS-MJ03A-06-PRESTA301,2,False,0,0,,,
2020-03-20,RS03AXBS-MJ03A-06-PRESTA301,2,False,0,0,,,
2020-03-21,RS03AXBS-MJ03A-06-PRESTA301,2,False,0,0,,,
2020-03-22,RS03AXBS-MJ03A-06-PRESTA301,2,False,0,0,,,
2020-03-23,RS03AXBS-MJ03A-06-PRESTA301,2,False,0,0,,,
2020-03-24,RS03AXBS-MJ03A-06-PRESTA301,2,False,0,0,,,
2020-03-25,RS03AXBS-MJ03A-06-PRESTA301,2,False,0,0,,,
2020-03-26,RS03AXBS-MJ03A-06-PRESTA301,2,False,0,0,,,
2020-03-27,RS03AXBS-MJ03A-06-PRESTA301,2,False,0,0,,,
2020-03-28,RS03AXBS-MJ03A-06-PRESTA301,2,False,0,0,,,
2020-03-29,RS03AXBS-MJ03A-06-PRESTA301,2,False,0,0,,,
2020-03-30,RS03AXBS-MJ03A-06-PRESTA301,2,False,0,0,,,
2020-03-31,RS03AXBS-MJ03A-06-PRESTA301,2,False,0,0,,,
2020-04-01,RS03AXBS-MJ03A-06-PRESTA301,2,False,0,0,,,
2020-04-02,RS03AXBS-MJ03A-06-PRESTA301,2,False,0,0,,,
2020-04-03,RS03AXBS-MJ03A-06-PRESTA301,2,False,0,0,,,
2020-04-04,RS03AXBS-MJ03A-06-PRESTA301,2,False,0,0,,,
2020-04-05,RS03AXBS-MJ03A-06-PRESTA301,2,False,0,0,,,
2020-04-06,RS03AXBS-MJ03A-06-PRESTA301,2,False,0,0,,,
2020-04-07,RS03AXBS-MJ03A-06-PRESTA301,2,False,0,0,,,
2020-04-08,RS03AXBS-MJ03A-06-PRESTA301,2,False,0,0,,,
2020-04-09,RS03AXBS-MJ03A-06-PRESTA301,2,False,0,0,,,
2020-04-10,RS03AXBS-MJ03A-06-PRESTA301,2,False,0,0,,,
2020-04-11,RS03AXBS-MJ03A-06-PRESTA301,2,False,0,0,,,
2020-04-12,RS03AXBS-MJ03A-06-PRESTA301,2,False,0,0,,,
2020-04-13,RS03AXBS-MJ03A-06-PRESTA301,2,False,0,0,,,
2020-04-14,RS03AXBS-MJ03A-06-PRESTA301,2,False,0,0,,,
2020-04-15,RS03AXBS-MJ03A-06-PRESTA301,2,False,0,0,,,
2020-04-16,RS03AXBS-MJ03A-06-PRESTA301,2,False,0,0,,,
2020-04-17,RS03AXBS-MJ03A-06-PRESTA301,2,False,0,0,,,
2020-04-18,RS03AXBS-MJ03A-06-PRESTA301,2,False,0,0,,,
2020-04-19,RS03AXBS-MJ03A-06-PRESTA301,2,False,0,0,,,
2020-04-20,RS03AXBS-MJ03A-06-PRESTA301,2,False,0,0,,,
2020-04-21,RS03AXBS-MJ03A-06-PRESTA301,2,False,0,0,,,
2020-04-22,RS03AXBS-MJ03A-06-PRESTA301,2,False,0,0,,,
2020-04-23,RS03AXBS-MJ03A-06-PRESTA301,2,False,0,0,,,
2020-04-24,RS03AXBS-MJ03A-06-PRESTA301,2,False,0,0,,,
2020-04-25,RS03AXBS-MJ03A-06-PRESTA301,2,False,0,0,,,
2020-04-26,RS03AXBS-MJ03A-06-PRESTA301,2,False,0,0,,,
2020-04-27,RS03AXBS-MJ03A-06-PRESTA301,2,False,0,0,,,
2020-04-28,RS03AXBS-MJ03A-06-PRESTA301,2,False,0,0,,,
2020-04-29,RS03AXBS-MJ03A-06-PRESTA301,2,False,0,0,,,
2020-04-30,RS03AXBS-MJ03A-06-PRESTA301,2,False,0,0,,,
2020-05-01,RS03AXBS-MJ03A-06-PRESTA301,2,False,0,0,,,
2020-05-02,RS03AXBS-MJ03A-06-PRESTA301,2,False,0,0,,,
2020-05-03,RS03AXBS-MJ03A-06-PRESTA301,2,False,0,0,,,
2020-05-04,RS03AXBS-MJ03A-06-PRESTA301,2,False,0,0,,,
2020-05-05,RS03AXBS-MJ03A-06-PRESTA301,2,False,0,0,,,
2020-05-06,RS03AXBS-MJ03A-06-PRESTA301,2,False,0,0,,,
2020-05-07,RS03AXBS-MJ03A-06-PRESTA301,2,False,0,0,,,
2020-05-08,RS03AXBS-MJ03A-06-PRESTA301,2,False,0,0,,,
2020-05-09,RS03AXBS-MJ03A-06-PRESTA301,2,False,0,0,,,
2020-05-10,RS03AXBS-MJ03A-06-PRESTA301,2,False,0,0,,,
2020-05-11,RS03AXBS-MJ03A-06-PRESTA301,2,False,0,0,,,
2020-05-12,RS03AXBS-MJ03A-06-PRESTA301,2,False,0,0,,,
2020-05-13,RS03AXBS-MJ03A-06-PRESTA301,2,False,0,0,,,
2020-05-14,RS03AXBS-MJ03A-06-PRESTA301,2,False,0,0,,,
2020-05-15,RS03AXBS-MJ03A-06-PRESTA301,2,False,0,0,,,
2020-05-16,RS03AXBS-MJ03A-06-PRESTA301,2,False,0,0,,,
2020-05-17,RS03AXBS-MJ03A-06-PRESTA301,2,False,0,0,,,
2020-05-18,RS03AXBS-MJ03A-06-PRESTA301,2,False,0,0,,,
2020-05-19,RS03AXBS-MJ03A-06-PRESTA301,2,False,0,0,,,
2020-05-20,RS03AXBS-MJ03A-06-PRESTA301,2,False,0,0,,,
2020-05-21,RS03AXBS-MJ03A-06-PRESTA301,2,False,0,0,,,
2020-05-22,RS03AXBS-MJ03A-06-PRESTA301,2,False,0,0,,,
2020-05-23,RS03AXBS-MJ03A-06-PRESTA301,2,False,0,0,,,
2020-05-24,RS03AXBS-MJ03A-06-PRESTA301,2,False,0,0,,,
2020-05-25,RS03AXBS-MJ03A-06-PRESTA301,2,False,0,0,,,
2020-05-26,RS03AXBS-MJ03A-06-PRESTA301,2,False,0,0,,,
2020-05-27,RS03AXBS-MJ03A-06-PRESTA301,2,False,0,0,,,
2020-05-28,RS03AXBS-MJ03A-06-PRESTA301,2,False,0,0,,,
2020-05-29,RS03AXBS-MJ03A-06-PRESTA301,2,False,0,0,,,
2020-05-30,RS03AXBS-MJ03A-06-PRESTA301,2,False,0,0,,,
2020-05-31,RS03AXBS-MJ03A-06-PRESTA301,2,False,0,0,,,
2020-06-01,RS03AXBS-MJ03A-06-PRESTA301,2,False,0,0,,,
2020-06-02,RS03AXBS-MJ03A-06-PRESTA301,2,False,0,0,,,
2020-06-03,RS03AXBS-MJ03A-06-PRESTA301,2,False,0,0,,,
2020-06-04,RS03AXBS-MJ03A-06-PRESTA301,2,False,0,0,,,
2020-06-05,RS03AXBS-MJ03A-06-PRESTA301,2,False,0,0,,,
2020-06-06,RS03AXBS-MJ03A-06-PRESTA301,2,False,0,0,,,
2020-06-07,RS03AXBS-MJ03A-06-PRESTA301,2,False,0,0,,,
2020-06-08,RS03AXBS-MJ03A-06-PRESTA301,2,False,0,0,,,
2020-06-09,RS03AXBS-MJ03A-06-PRESTA301,2,False,0,0,,,
2020-06-10,RS03AXBS-MJ03A-06-PRESTA301,2,False,0,0,,,
2020-06-11,RS03AXBS-MJ03A-06-PRESTA301,2,False,0,0,,,
2020-06-12,RS03AXBS-MJ03A-06-PRESTA301,2,False,0,0,,,
2020-06-13,RS03AXBS-MJ03A-06-PRESTA301,2,False,0,0,,,
2020-06-14,RS03AXBS-MJ03A-06-PRESTA301,2,False,0,0,,,
2020-06-15,RS03AXBS-MJ03A-06-PRESTA301,2,False,0,0,,,
2020-06-16,RS03AXBS-MJ03A-06-PRESTA301,2,False,0,0,,,
2020-06-17,RS03AXBS-MJ03A-06-PRESTA301,2,False,0,0,,,
2020-06-18,RS03AXBS-MJ03A-06-PRESTA301,2,False,0,0,,,
2020-06-19,RS03AXBS-MJ03A-06-PRESTA301,2,False,0,0,,,
2020-06-20,RS03AXBS-MJ03A-06-PRESTA301,2,False,0,0,,,
2020-06-21,RS03AXBS-MJ03A-06-PRESTA301,2,False,0,0,,,
2020-06-22,RS03AXBS-MJ03A-06-PRESTA301,2,False,0,0,,,
2020-06-23,RS03AXBS-MJ03A-06-PRESTA301,2,False,0,0,,,
2020-06-24,RS03AXBS-MJ03A-06-PRESTA301,2,False,0,0,,,
2020-06-25,RS03AXBS-MJ03A-06-PRESTA301,2,False,0,0,,,
2020-06-26,RS03AXBS-MJ03A-06-PRESTA301,2,False,0,0,,,
2020-06-27,RS03AXBS-MJ03A-06-PRESTA301,2,False,0,0,,,
2020-06-28,RS03AXBS-MJ03A-06-PRESTA301,2,False,0,0,,,
2020-06-29,RS03AXBS-MJ03A-06-PRESTA301,2,False,0,0,,,
2020-06-30,RS03AXBS-MJ03A-06-PRESTA301,2,False,0,0,,,
2020-07-01,RS03AXBS-MJ03A-06-PRESTA301,2,False,0,0,,,
2020-07-02,RS03AXBS-MJ03A-06-PRESTA301,2,False,0,0,,,
2020-07-03,RS03AXBS-MJ03A-06-PRESTA301,2,False,0,0,,,
2020-07-04,RS03AXBS-MJ03A-06-PRESTA301,2,False,0,0,,,
2020-07-05,RS03AXBS-MJ03A-06-PRESTA301,2,False,0,0,,,
2020-07-06,RS03AXBS-MJ03A-06-PRESTA301,2,False,0,0,,,
2020-07-07,RS03AXBS-MJ03A-06-PRESTA301,2,False,0,0,,,
2020-07-08,RS03AXBS-MJ03A-06-PRESTA301,2,False,0,0,,,
2020-07-09,RS03AXBS-MJ03A-06-PRESTA301,2,False,0,0,,,
2020-07-10,RS03AXBS-MJ03A-06-PRESTA301,2,False,0,0,,,
2020-07-11,RS03AXBS-MJ03A-06-PRESTA301,2,False,0,0,,,
2020-07-12,RS03AXBS-MJ03A-06-PRESTA301,2,False,0,0,,,
2020-07-13,RS03AXBS-MJ03A-06-PRESTA301,2,False,0,0,,,
2020-07-14,RS03AXBS-MJ03A-06-PRESTA301,2,False,0,0,,,
2020-07-15,RS03AXBS-MJ03A-06-PRESTA301,2,False,0,0,,,
2020-07-16,RS03AXBS-MJ03A-06-PRESTA301,2,False,0,0,,,
2020-07-17,RS03AXBS-MJ03A-06-PRESTA301,2,False,0,0,,,
2020-07-18,RS03AXBS-MJ03A-06-PRESTA301,2,False,0,0,,,
2020-07-19,RS03AXBS-MJ03A-06-PRESTA301,2,False,0,0,,,
2020-07-20,RS03AXBS-MJ03A-06-PRESTA301,2,False,0,0,,,
2020-07-21,RS03AXBS-MJ03A-06-PRESTA301,2,False,0,0,,,
2020-07-22,RS03AXBS-MJ03A-06-PRESTA301,2,False,0,0,,,
2020-07-23,RS03AXBS-MJ03A-06-PRESTA301,2,False,0,0,,,
2020-07-24,RS03AXBS-MJ03A-06-PRESTA301,2,False,0,0,,,
2020-07-25,RS03AXBS-MJ03A-06-PRESTA301,2,False,0,0,,,
2020-07-26,RS03AXBS-MJ03A-06-PRESTA301,2,False,0,0,,,
2020-07-27,RS03AXBS-MJ03A-06-PRESTA301,2,False,0,0,,,
2020-07-28,RS03AXBS-MJ03A-06-PRESTA301,2,False,0,0,,,
2020-07-29,RS03AXBS-MJ03A-06-PRESTA301,2,False,0,0,,,
2020-07-30,RS03AXBS-MJ03A-06-PRESTA301,2,False,0,0,,,
2020-07-31,RS03AXBS-MJ03A-06-PRESTA301,2,False,0,0,,,
2020-08-01,RS03AXBS-MJ03A-06-PRESTA301,2,False,0,0,,,
2020-08-02,RS03AXBS-MJ03A-06-PRESTA301,2,False,0,0,,,
2020-08-03,RS03AXBS-MJ03A-06-PRESTA301,2,False,0,0,,,
2020-08-04,RS03AXBS-MJ03A-06-PRESTA301,2,False,0,0,,,
2020-08-05,RS03AXBS-MJ03A-06-PRESTA301,2,False,0,0,,,
2020-08-06,RS03AXBS-MJ03A-06-PRESTA301,0,False,0,0,,,
2020-08-07,RS03AXBS-MJ03A-06-PRESTA301,3,False,0,0,,,
2020-08-08,RS03AXBS-MJ03A-06-PRESTA301,3,False,0,0,,,
2020-08-09,RS03AXBS-MJ03A-06-PRESTA301,3,False,0,0,,,
2020-08-10,RS03AXBS-MJ03A-06-PRESTA301,3,False,0,0,,,
2020-08-11,RS03AXBS-MJ03A-06-PRESTA301,3,False,0,0,,,
2020-08-12,RS03AXBS-MJ03A-06-PRESTA301,3,False,0,0,,,
2020-08-13,RS03AXBS-MJ03A-06-PRESTA301,3,False,0,0,,,
2020-08-14,RS03AXBS-MJ03A-06-PRESTA301,3,False,0,0,,,
2020-08-15,RS03AXBS-MJ03A-06-PRESTA301,3,False,0,0,,,
2020-08-16,RS03AXBS-MJ03A-06-PRESTA301,3,False,0,0,,,
2020-08-17,RS03AXBS-MJ03A-06-PRESTA301,3,True,5760,5760,0,0.0,0.0005
2020-08-18,RS03AXBS-MJ03A-06-PRESTA301,3,True,5760,5760,0,0.0,0.0005
2020-08-19,RS03AXBS-MJ03A-06-PRESTA301,3,True,5760,5760,0,0.0,0.0005
2020-08-20,RS03AXBS-MJ03A-06-PRESTA301,3,True,5760,5760,0,0.0,0.0005
2020-08-21,RS03AXBS-MJ03A-06-PRESTA301,3,True,5760,5760,0,0.0,0.0005
2020-08-22,RS03AXBS-MJ03A-06-PRESTA301,3,True,5760,5760,0,0.0,0.0005
2020-08-23,RS03AXBS-MJ03A-06-PRESTA301,3,True,5760,5760,0,0.0,0.0005
2020-08-24,RS03AXBS-MJ03A-06-PRESTA301,3,True,5714,5761,47,0.8158,0.7991
2020-08-25,RS03AXBS-MJ03A-06-PRESTA301,3,True,5760,5760,0,0.0,0.0005
2020-08-26,RS03AXBS-MJ03A-06-PRESTA301,3,True,5760,5760,0,0.0,0.0005
2020-08-27,RS03AXBS-MJ03A-06-PRESTA301,3,True,5760,5760,0,0.0,0.0005
2020-08-28,RS03AXBS-MJ03A-06-PRESTA301,3,True,5724,5760,36,0.625,0.6255
2020-08-29,RS03AXBS-MJ03A-06-PRESTA301,3,True,5760,5760,0,0.0,0.0005
2020-08-30,RS03AXBS-MJ03A-06-PRESTA301,3,True,5760,5760,0,0.0,0.0005
2020-08-31,RS03AXBS-MJ03A-06-PRESTA301,3,True,5760,5760,0,0.0,0.0005
2020-09-01,RS03AXBS-MJ03A-06-PRESTA301,3,True,5760,5760,0,0.0,0.0005
2020-09-02,RS03AXBS-MJ03A-06-PRESTA301,3,True,5760,5760,0,0.0,0.0005
2020-09-03,RS03AXBS-MJ03A-06-PRESTA301,3,True,5760,5760,0,0.0,0.0005
2020-09-04,RS03AXBS-MJ03A-06-PRESTA301,3,False,0,0,,,
2020-09-05,RS03AXBS-MJ03A-06-PRESTA301,3,True,5760,5760,0,0.0,0.0005
2020-09-06,RS03AXBS-MJ03A-06-PRESTA301,3,True,5760,5760,0,0.0,0.0005
2020-09-07,RS03AXBS-MJ03A-06-PRESTA301,3,True,5723,5760,37,0.6424,0.6429
2020-09-08,RS03AXBS-MJ03A-06-PRESTA301,3,True,2923,5760,2837,49.2535,49.2537
2020-09-09,RS03AXBS-MJ03A-06-PRESTA301,3,True,5760,5760,0,0.0,0.0005
2020-09-10,RS03AXBS-MJ03A-06-PRESTA301,3,True,5760,5760,0,0.0,0.0005
2020-09-11,RS03AXBS-MJ03A-06-PRESTA301,3,True,5760,5760,0,0.0,0.0005
2020-09-12,RS03AXBS-MJ03A-06-PRESTA301,3,True,5760,5760,0,0.0,0.0005
2020-09-13,RS03AXBS-MJ03A-06-PRESTA301,3,True,5760,5760,0,0.0,0.0005
2020-09-14,RS03AXBS-MJ03A-06-PRESTA301,3,True,5760,5760,0,0.0,0.0005
2020-09-15,RS03AXBS-MJ03A-06-PRESTA301,3,True,5760,5760,0,0.0,0.0005
2020-09-16,RS03AXBS-MJ03A-06-PRESTA301,3,True,5760,5760,0,0.0,0.0005
2020-09-17,RS03AXBS-MJ03A-06-PRESTA301,3,True,5760,5760,0,0.0,0.0005
2020-09-18,RS03AXBS-MJ03A-06-PRESTA301,3,True,5760,5760,0,0.0,0.0005
2020-09-19,RS03AXBS-MJ03A-06-PRESTA301,3,True,5760,5760,0,0.0,0.0005
2020-09-20,RS03AXBS-MJ03A-06-PRESTA301,3,True,5760,5760,0,0.0,0.0005
2020-09-21,RS03AXBS-MJ03A-06-PRESTA301,3,True,5760,5760,0,0.0,0.0005
2020-09-22,RS03AXBS-MJ03A-06-PRESTA301,3,True,3735,5760,2025,35.1562,35.1566
2020-09-23,RS03AXBS-MJ03A-06-PRESTA301,3,True,5713,5760,47,0.816,0.8165
2020-09-24,RS03AXBS-MJ03A-06-PRESTA301,3,True,5760,5760,0,0.0,0.0005
2020-09-25,RS03AXBS-MJ03A-06-PRESTA301,3,True,5760,5760,0,0.0,0.0005
2020-09-26,RS03AXBS-MJ03A-06-PRESTA301,3,True,5760,5760,0,0.0,0.0005
2020-09-27,RS03AXBS-MJ03A-06-PRESTA301,3,True,5760,5760,0,0.0,0.0005
2020-09-28,RS03AXBS-MJ03A-06-PRESTA301,3,True,5760,5760,0,0.0,0.0005
2020-09-29,RS03AXBS-MJ03A-06-PRESTA301,3,True,5760,5760,0,0.0,0.0005
2020-09-30,RS03AXBS-MJ03A-06-PRESTA301,3,True,5760,5760,0,0.0,0.0005
2020-10-01,RS03AXBS-MJ03A-06-PRESTA301,3,True,5760,5760,0,0.0,0.0005
2020-10-02,RS03AXBS-MJ03A-06-PRESTA301,3,True,5760,5760,0,0.0,0.0005
2020-10-03,RS03AXBS-MJ03A-06-PRESTA301,3,True,5760,5760,0,0.0,0.0005
2020-10-04,RS03AXBS-MJ03A-06-PRESTA301,3,True,5760,5760,0,0.0,0.0005
2020-10-05,RS03AXBS-MJ03A-06-PRESTA301,3,True,5760,5760,0,0.0,0.0005
2020-10-06,RS03AXBS-MJ03A-06-PRESTA301,3,True,5760,5760,0,0.0,0.0005
2020-10-07,RS03AXBS-MJ03A-06-PRESTA301,3,True,5760,5760,0,0.0,0.0005
2020-10-08,RS03AXBS-MJ03A-06-PRESTA301,3,True,5760,5760,0,0.0,0.0005
2020-10-09,RS03AXBS-MJ03A-06-PRESTA301,3,True,5760,5760,0,0.0,0.0005
2020-10-10,RS03AXBS-MJ03A-06-PRESTA301,3,True,5760,5760,0,0.0,0.0005
2020-10-11,RS03AXBS-MJ03A-06-PRESTA301,3,True,5760,5760,0,0.0,0.0005
2020-10-12,RS03AXBS-MJ03A-06-PRESTA301,3,True,5760,5760,0,0.0,0.0005
2020-10-13,RS03AXBS-MJ03A-06-PRESTA301,3,True,5760,5760,0,0.0,0.0005
2020-10-14,RS03AXBS-MJ03A-06-PRESTA301,3,True,5760,5760,0,0.0,0.0005
2020-10-15,RS03AXBS-MJ03A-06-PRESTA301,3,True,5760,5760,0,0.0,0.0005
2020-10-16,RS03AXBS-MJ03A-06-PRESTA301,3,True,5760,5760,0,0.0,0.0005
2020-10-17,RS03AXBS-MJ03A-06-PRESTA301,3,True,5760,5760,0,0.0,0.0005
2020-10-18,RS03AXBS-MJ03A-06-PRESTA301,3,True,5760,5760,0,0.0,0.0005
2020-10-19,RS03AXBS-MJ03A-06-PRESTA301,3,True,5760,5760,0,0.0,0.0005
2020-10-20,RS03AXBS-MJ03A-06-PRESTA301,3,True,5760,5760,0,0.0,0.0005
2020-10-21,RS03AXBS-MJ03A-06-PRESTA301,3,True,5760,5760,0,0.0,0.0005
2020-10-22,RS03AXBS-MJ03A-06-PRESTA301,3,True,5760,5760,0,0.0,0.0005
2020-10-23,RS03AXBS-MJ03A-06-PRESTA301,3,True,5760,5760,0,0.0,0.0005
2020-10-24,RS03AXBS-MJ03A-06-PRESTA301,3,True,5760,5760,0,0.0,0.0005
2020-10-25,RS03AXBS-MJ03A-06-PRESTA301,3,True,5760,5760,0,0.0,0.0005
2020-10-26,RS03AXBS-MJ03A-06-PRESTA301,3,True,5760,5760,0,0.0,0.0005
2020-10-27,RS03AXBS-MJ03A-06-PRESTA301,3,True,5760,5760,0,0.0,0.0005
2020-10-28,RS03AXBS-MJ03A-06-PRESTA301,3,True,5760,5760,0,0.0,0.0005
2020-10-29,RS03AXBS-MJ03A-06-PRESTA301,3,True,5760,5760,0,0.0,0.0005
2020-10-30,RS03AXBS-MJ03A-06-PRESTA301,3,True,5760,5760,0,0.0,0.0005
2020-10-31,RS03AXBS-MJ03A-06-PRESTA301,3,True,5760,5760,0,0.0,0.0005
2020-11-01,RS03AXBS-MJ03A-06-PRESTA301,3,True,2054,2117,63,2.9759,64.3405
2020-11-02,RS03AXBS-MJ03A-06-PRESTA301,3,True,1473,1474,1,0.0678,74.4272
2020-11-03,RS03AXBS-MJ03A-06-PRESTA301,3,True,5760,5760,0,0.0,0.0005
2020-11-04,RS03AXBS-MJ03A-06-PRESTA301,3,True,5760,5760,0,0.0,0.0005
2020-11-05,RS03AXBS-MJ03A-06-PRESTA301,3,True,5760,5760,0,0.0,0.0005
2020-11-06,RS03AXBS-MJ03A-06-PRESTA301,3,True,5760,5760,0,0.0,0.0005
2020-11-07,RS03AXBS-MJ03A-06-PRESTA301,3,True,5760,5760,0,0.0,0.0005
2020-11-08,RS03AXBS-MJ03A-06-PRESTA301,3,True,5760,5760,0,0.0,0.0005
2020-11-09,RS03AXBS-MJ03A-06-PRESTA301,3,True,5760,5760,0,0.0,0.0005
2020-11-10,RS03AXBS-MJ03A-06-PRESTA301,3,True,5760,5760,0,0.0,0.0005
2020-11-11,RS03AXBS-MJ03A-06-PRESTA301,3,True,5760,5760,0,0.0,0.0005
2020-11-12,RS03AXBS-MJ03A-06-PRESTA301,3,True,5760,5760,0,0.0,0.0005
2020-11-13,RS03AXBS-MJ03A-06-PRESTA301,3,True,5760,5760,0,0.0,0.0005
2020-11-14,RS03AXBS-MJ03A-06-PRESTA301,3,True,5760,5760,0,0.0,0.0005
2020-11-15,RS03AXBS-MJ03A-06-PRESTA301,3,True,5760,5760,0,0.0,0.0005
2020-11-16,RS03AXBS-MJ03A-06-PRESTA301,3,True,5760,5760,0,0.0,0.0005
2020-11-17,RS03AXBS-MJ03A-06-PRESTA301,3,True,5760,5760,0,0.0,0.0005
2020-11-18,RS03AXBS-MJ03A-06-PRESTA301,3,True,5760,5760,0,0.0,0.0005
2020-11-19,RS03AXBS-MJ03A-06-PRESTA301,3,True,5760,5760,0,0.0,0.0005
2020-11-20,RS03AXBS-MJ03A-06-PRESTA301,3,True,5760,5760,0,0.0,0.0005
2020-11-21,RS03AXBS-MJ03A-06-PRESTA301,3,True,5760,5760,0,0.0,0.0005
2020-11-22,RS03AXBS-MJ03A-06-PRESTA301,3,True,5760,5760,0,0.0,0.0005
2020-11-23,RS03AXBS-MJ03A-06-PRESTA301,3,True,5760,5760,0,0.0,0.0005
2020-11-24,RS03AXBS-MJ03A-06-PRESTA301,3,True,5760,5760,0,0.0,0.0005
2020-11-25,RS03AXBS-MJ03A-06-PRESTA301,3,True,5760,5760,0,0.0,0.0005
2020-11-26,RS03AXBS-MJ03A-06-PRESTA301,3,True,5760,5760,0,0.0,0.0005
2020-11-27,RS03AXBS-MJ03A-06-PRESTA301,3,True,5760,5760,0,0.0,0.0005
2020-11-28,RS03AXBS-MJ03A-06-PRESTA301,3,True,5760,5760,0,0.0,0.0005
2020-11-29,RS03AXBS-MJ03A-06-PRESTA301,3,True,5760,5760,0,0.0,0.0005
2020-11-30,RS03AXBS-MJ03A-06-PRESTA301,3,True,5760,5760,0,0.0,0.0005
2020-12-01,RS03AXBS-MJ03A-06-PRESTA301,3,True,5760,5760,0,0.0,0.0005
2020-12-02,RS03AXBS-MJ03A-06-PRESTA301,3,True,5760,5760,0,0.0,0.0005
2020-12-03,RS03AXBS-MJ03A-06-PRESTA301,3,True,5760,5760,0,0.0,0.0005
2020-12-04,RS03AXBS-MJ03A-06-PRESTA301,3,True,5760,5760,0,0.0,0.0005
2020-12-05,RS03AXBS-MJ03A-06-PRESTA301,3,True,5760,5760,0,0.0,0.0005
2020-12-06,RS03AXBS-MJ03A-06-PRESTA301,3,True,5760,5760,0,0.0,0.0005
2020-12-07,RS03AXBS-MJ03A-06-PRESTA301,3,True,5760,5760,0,0.0,0.0005
2020-12-08,RS03AXBS-MJ03A-06-PRESTA301,3,True,5727,5760,33,0.5729,0.5734
2020-12-09,RS03AXBS-MJ03A-06-PRESTA301,3,True,5760,5760,0,0.0,0.0005
2020-12-10,RS03AXBS-MJ03A-06-PRESTA301,3,True,5730,5760,30,0.5208,0.5213
2020-12-11,RS03AXBS-MJ03A-06-PRESTA301,3,True,5760,5760,0,0.0,0.0005
2020-12-12,RS03AXBS-MJ03A-06-PRESTA301,3,True,5727,5760,33,0.5729,0.5734
2020-12-13,RS03AXBS-MJ03A-06-PRESTA301,3,True,5760,5760,0,0.0,0.0005
2020-12-14,RS03AXBS-MJ03A-06-PRESTA301,3,True,5760,5760,0,0.0,0.0005
2020-12-15,RS03AXBS-MJ03A-06-PRESTA301,3,True,5760,5760,0,0.0,0.0005
2020-12-16,RS03AXBS-MJ03A-06-PRESTA301,3,True,5760,5760,0,0.0,0.0005
2020-12-17,RS03AXBS-MJ03A-06-PRESTA301,3,True,5760,5760,0,0.0,0.0005
2020-12-18,RS03AXBS-MJ03A-06-PRESTA301,3,True,5760,5760,0,0.0,0.0005
2020-12-19,RS03AXBS-MJ03A-06-PRESTA301,3,True,5760,5760,0,0.0,0.0005
2020-12-20,RS03AXBS-MJ03A-06-PRESTA301,3,True,5760,5760,0,0.0,0.0005
2020-12-21,RS03AXBS-MJ03A-06-PRESTA301,3,True,5760,5760,0,0.0,0.0005
2020-12-22,RS03AXBS-MJ03A-06-PRESTA301,3,True,5760,5760,0,0.0,0.0005
2020-12-23,RS03AXBS-MJ03A-06-PRESTA301,3,True,5760,5760,0,0.0,0.0005
2020-12-24,RS03AXBS-MJ03A-06-PRESTA301,3,True,5760,5760,0,0.0,0.0005
2020-12-25,RS03AXBS-MJ03A-06-PRESTA301,3,True,5760,5760,0,0.0,0.0005
2020-12-26,RS03AXBS-MJ03A-06-PRESTA301,3,True,5760,5760,0,0.0,0.0005
2020-12-27,RS03AXBS-MJ03A-06-PRESTA301,3,True,5760,5760,0,0.0,0.0005
2020-12-28,RS03AXBS-MJ03A-06-PRESTA301,3,True,5760,5760,0,0.0,0.0005
2020-12-29,RS03AXBS-MJ03A-06-PRESTA301,3,True,5760,5760,0,0.0,0.0005
2020-12-30,RS03AXBS-MJ03A-06-PRESTA301,3,True,5760,5760,0,0.0,0.0005
2020-12-31,RS03AXBS-MJ03A-06-PRESTA301,3,True,5760,5760,0,0.0,0.0005
2021-01-01,RS03AXBS-MJ03A-06-PRESTA301,3,True,5760,5760,0,0.0,0.0005
2021-01-02,RS03AXBS-MJ03A-06-PRESTA301,3,True,5760,5760,0,0.0,0.0005
2021-01-03,RS03AXBS-MJ03A-06-PRESTA301,3,True,5760,5760,0,0.0,0.0005
2021-01-04,RS03AXBS-MJ03A-06-PRESTA301,3,True,5760,5760,0,0.0,0.0005
2021-01-05,RS03AXBS-MJ03A-06-PRESTA301,3,True,5760,5760,0,0.0,0.0005
2021-01-06,RS03AXBS-MJ03A-06-PRESTA301,3,True,5760,5760,0,0.0,0.0005
2021-01-07,RS03AXBS-MJ03A-06-PRESTA301,3,True,5760,5760,0,0.0,0.0005
2021-01-08,RS03AXBS-MJ03A-06-PRESTA301,3,True,5760,5760,0,0.0,0.0005
2021-01-09,RS03AXBS-MJ03A-06-PRESTA301,3,True,5760,5760,0,0.0,0.0005
2021-01-10,RS03AXBS-MJ03A-06-PRESTA301,3,True,5760,5760,0,0.0,0.0005
2021-01-11,RS03AXBS-MJ03A-06-PRESTA301,3,True,5760,5760,0,0.0,0.0005
2021-01-12,RS03AXBS-MJ03A-06-PRESTA301,3,True,5760,5760,0,0.0,0.0005
2021-01-13,RS03AXBS-MJ03A-06-PRESTA301,3,True,2544,2544,0,0.0,55.8336
2021-01-14,RS03AXBS-MJ03A-06-PRESTA301,3,False,0,0,,,
2021-01-15,RS03AXBS-MJ03A-06-PRESTA301,3,True,1041,1043,2,0.1918,81.9272
2021-01-16,RS03AXBS-MJ03A-06-PRESTA301,3,True,5760,5760,0,0.0,0.0005
2021-01-17,RS03AXBS-MJ03A-06-PRESTA301,3,True,5760,5760,0,0.0,0.0005
2021-01-18,RS03AXBS-MJ03A-06-PRESTA301,3,True,5760,5760,0,0.0,0.0005
2021-01-19,RS03AXBS-MJ03A-06-PRESTA301,3,True,5760,5760,0,0.0,0.0005
2021-01-20,RS03AXBS-MJ03A-06-PRESTA301,3,True,5760,5760,0,0.0,0.0005
2021-01-21,RS03AXBS-MJ03A-06-PRESTA301,3,True,5760,5760,0,0.0,0.0005
2021-01-22,RS03AXBS-MJ03A-06-PRESTA301,3,True,5760,5760,0,0.0,0.0005
2021-01-23,RS03AXBS-MJ03A-06-PRESTA301,3,True,5760,5760,0,0.0,0.0005
2021-01-24,RS03AXBS-MJ03A-06-PRESTA301,3,True,5760,5760,0,0.0,0.0005
2021-01-25,RS03AXBS-MJ03A-06-PRESTA301,3,True,5760,5760,0,0.0,0.0005
2021-01-26,RS03AXBS-MJ03A-06-PRESTA301,3,True,5760,5760,0,0.0,0.0005
2021-01-27,RS03AXBS-MJ03A-06-PRESTA301,3,True,5760,5760,0,0.0,0.0005
2021-01-28,RS03AXBS-MJ03A-06-PRESTA301,3,True,5760,5760,0,0.0,0.0005
2021-01-29,RS03AXBS-MJ03A-06-PRESTA301,3,True,5760,5760,0,0.0,0.0005
2021-01-30,RS03AXBS-MJ03A-06-PRESTA301,3,True,5760,5760,0,0.0,0.0005
2021-01-31,RS03AXBS-MJ03A-06-PRESTA301,3,True,5760,5760,0,0.0,0.0005
2021-02-01,RS03AXBS-MJ03A-06-PRESTA301,3,True,5760,5760,0,0.0,0.0005
2021-02-02,RS03AXBS-MJ03A-06-PRESTA301,3,True,5760,5760,0,0.0,0.0005
2021-02-03,RS03AXBS-MJ03A-06-PRESTA301,3,True,5760,5760,0,0.0,0.0005
2021-02-04,RS03AXBS-MJ03A-06-PRESTA301,3,True,5760,5760,0,0.0,0.0005
2021-02-05,RS03AXBS-MJ03A-06-PRESTA301,3,True,5761,5761,0,0.0,0.0
2021-02-06,RS03AXBS-MJ03A-06-PRESTA301,3,True,5760,5760,0,0.0,0.0005
2021-02-07,RS03AXBS-MJ03A-06-PRESTA301,3,True,5760,5760,0,0.0,0.0005
2021-02-08,RS03AXBS-MJ03A-06-PRESTA301,3,True,5760,5760,0,0.0,0.0005
2021-02-09,RS03AXBS-MJ03A-06-PRESTA301,3,True,5760,5760,0,0.0,0.0005
2021-02-10,RS03AXBS-MJ03A-06-PRESTA301,3,True,5760,5760,0,0.0,0.0005
2021-02-11,RS03AXBS-MJ03A-06-PRESTA301,3,True,5760,5760,0,0.0,0.0005
2021-02-12,RS03AXBS-MJ03A-06-PRESTA301,3,True,5760,5760,0,0.0,0.0005
2021-02-13,RS03AXBS-MJ03A-06-PRESTA301,3,True,5760,5760,0,0.0,0.0005
2021-02-14,RS03AXBS-MJ03A-06-PRESTA301,3,True,5760,5760,0,0.0,0.0005
2021-02-15,RS03AXBS-MJ03A-06-PRESTA301,3,True,5760,5760,0,0.0,0.0005
2021-02-16,RS03AXBS-MJ03A-06-PRESTA301,3,True,5760,5760,0,0.0,0.0005
2021-02-17,RS03AXBS-MJ03A-06-PRESTA301,3,True,5760,5760,0,0.0,0.0005
2021-02-18,RS03AXBS-MJ03A-06-PRESTA301,3,True,5760,5760,0,0.0,0.0005
2021-02-19,RS03AXBS-MJ03A-06-PRESTA301,3,True,5760,5760,0,0.0,0.0005
2021-02-20,RS03AXBS-MJ03A-06-PRESTA301,3,True,5760,5760,0,0.0,0.0005
2021-02-21,RS03AXBS-MJ03A-06-PRESTA301,3,True,5760,5760,0,0.0,0.0005
2021-02-22,RS03AXBS-MJ03A-06-PRESTA301,3,True,5760,5760,0,0.0,0.0005
2021-02-23,RS03AXBS-MJ03A-06-PRESTA301,3,True,5760,5760,0,0.0,0.0005
2021-02-24,RS03AXBS-MJ03A-06-PRESTA301,3,True,5760,5760,0,0.0,0.0005
2021-02-25,RS03AXBS-MJ03A-06-PRESTA301,3,True,5760,5760,0,0.0,0.0005
2021-02-26,RS03AXBS-MJ03A-06-PRESTA301,3,True,5760,5760,0,0.0,0.0005
2021-02-27,RS03AXBS-MJ03A-06-PRESTA301,3,True,5760,5760,0,0.0,0.0005
2021-02-28,RS03AXBS-MJ03A-06-PRESTA301,3,True,5760,5760,0,0.0,0.0005
2021-03-01,RS03AXBS-MJ03A-06-PRESTA301,3,True,5760,5760,0,0.0,0.0005
2021-03-02,RS03AXBS-MJ03A-06-PRESTA301,3,True,5760,5760,0,0.0,0.0005
2021-03-03,RS03AXBS-MJ03A-06-PRESTA301,3,True,5760,5760,0,0.0,0.0005
2021-03-04,RS03AXBS-MJ03A-06-PRESTA301,3,True,5760,5760,0,0.0,0.0005
2021-03-05,RS03AXBS-MJ03A-06-PRESTA301,3,True,5760,5760,0,0.0,0.0005
2021-03-06,RS03AXBS-MJ03A-06-PRESTA301,3,True,5760,5760,0,0.0,0.0005
2021-03-07,RS03AXBS-MJ03A-06-PRESTA301,3,True,5760,5760,0,0.0,0.0005
2021-03-08,RS03AXBS-MJ03A-06-PRESTA301,3,True,5760,5760,0,0.0,0.0005
2021-03-09,RS03AXBS-MJ03A-06-PRESTA301,3,True,5760,5760,0,0.0,0.0005
2021-03-10,RS03AXBS-MJ03A-06-PRESTA301,3,True,5760,5760,0,0.0,0.0005
2021-03-11,RS03AXBS-MJ03A-06-PRESTA301,3,True,5760,5760,0,0.0,0.0005
2021-03-12,RS03AXBS-MJ03A-06-PRESTA301,3,True,5760,5760,0,0.0,0.0005
2021-03-13,RS03AXBS-MJ03A-06-PRESTA301,3,True,5760,5760,0,0.0,0.0005
2021-03-14,RS03AXBS-MJ03A-06-PRESTA301,3,True,5760,5760,0,0.0,0.0005
2021-03-15,RS03AXBS-MJ03A-06-PRESTA301,3,True,5760,5760,0,0.0,0.0005
2021-03-16,RS03AXBS-MJ03A-06-PRESTA301,3,True,5760,5760,0,0.0,0.0005
2021-03-17,RS03AXBS-MJ03A-06-PRESTA301,3,True,5760,5760,0,0.0,0.0005
2021-03-18,RS03AXBS-MJ03A-06-PRESTA301,3,True,5760,5760,0,0.0,0.0005
2021-03-19,RS03AXBS-MJ03A-06-PRESTA301,3,True,5760,5760,0,0.0,0.0005
2021-03-20,RS03AXBS-MJ03A-06-PRESTA301,3,True,5760,5760,0,0.0,0.0005
2021-03-21,RS03AXBS-MJ03A-06-PRESTA301,3,True,5760,5760,0,0.0,0.0005
2021-03-22,RS03AXBS-MJ03A-06-PRESTA301,3,True,5760,5760,0,0.0,0.0005
2021-03-23,RS03AXBS-MJ03A-06-PRESTA301,3,True,5760,5760,0,0.0,0.0005
2021-03-24,RS03AXBS-MJ03A-06-PRESTA301,3,True,5738,5760,22,0.3819,0.3824
2021-03-25,RS03AXBS-MJ03A-06-PRESTA301,3,True,5754,5760,6,0.1042,0.1047
2021-03-26,RS03AXBS-MJ03A-06-PRESTA301,3,True,5713,5760,47,0.816,0.8165
2021-03-27,RS03AXBS-MJ03A-06-PRESTA301,3,True,5760,5760,0,0.0,0.0005
2021-03-28,RS03AXBS-MJ03A-06-PRESTA301,3,True,5760,5760,0,0.0,0.0005
2021-03-29,RS03AXBS-MJ03A-06-PRESTA301,3,True,5760,5760,0,0.0,0.0005
2021-03-30,RS03AXBS-MJ03A-06-PRESTA301,3,True,5760,5760,0,0.0,0.0005
2021-03-31,RS03AXBS-MJ03A-06-PRESTA301,3,True,5760,5760,0,0.0,0.0005
2021-04-01,RS03AXBS-MJ03A-06-PRESTA301,3,True,5760,5760,0,0.0,0.0005
2021-04-02,RS03AXBS-MJ03A-06-PRESTA301,3,True,5760,5760,0,0.0,0.0005
2021-04-03,RS03AXBS-MJ03A-06-PRESTA301,3,True,5760,5760,0,0.0,0.0005
2021-04-04,RS03AXBS-MJ03A-06-PRESTA301,3,True,5760,5760,0,0.0,0.0005
2021-04-05,RS03AXBS-MJ03A-06-PRESTA301,3,True,5760,5760,0,0.0,0.0005
2021-04-06,RS03AXBS-MJ03A-06-PRESTA301,3,True,5760,5760,0,0.0,0.0005
2021-04-07,RS03AXBS-MJ03A-06-PRESTA301,3,True,5760,5760,0,0.0,0.0005
2021-04-08,RS03AXBS-MJ03A-06-PRESTA301,3,True,5760,5760,0,0.0,0.0005
2021-04-09,RS03AXBS-MJ03A-06-PRESTA301,3,True,5760,5760,0,0.0,0.0005
2021-04-10,RS03AXBS-MJ03A-06-PRESTA301,3,True,5760,5760,0,0.0,0.0005
2021-04-11,RS03AXBS-MJ03A-06-PRESTA301,3,True,5760,5760,0,0.0,0.0005
2021-04-12,RS03AXBS-MJ03A-06-PRESTA301,3,True,5760,5760,0,0.0,0.0005
2021-04-13,RS03AXBS-MJ03A-06-PRESTA301,3,True,5760,5760,0,0.0,0.0005
2021-04-14,RS03AXBS-MJ03A-06-PRESTA301,3,True,5760,5760,0,0.0,0.0005
2021-04-15,RS03AXBS-MJ03A-06-PRESTA301,3,True,5760,5760,0,0.0,0.0005
2021-04-16,RS03AXBS-MJ03A-06-PRESTA301,3,True,5760,5760,0,0.0,0.0005
2021-04-17,RS03AXBS-MJ03A-06-PRESTA301,3,True,5760,5760,0,0.0,0.0005
2021-04-18,RS03AXBS-MJ03A-06-PRESTA301,3,True,5760,5760,0,0.0,0.0005
2021-04-19,RS03AXBS-MJ03A-06-PRESTA301,3,True,5760,5760,0,0.0,0.0005
2021-04-20,RS03AXBS-MJ03A-06-PRESTA301,3,True,5760,5760,0,0.0,0.0005
2021-04-21,RS03AXBS-MJ03A-06-PRESTA301,3,True,5760,5760,0,0.0,0.0005
2021-04-22,RS03AXBS-MJ03A-06-PRESTA301,3,True,5760,5760,0,0.0,0.0005
2021-04-23,RS03AXBS-MJ03A-06-PRESTA301,3,True,5760,5760,0,0.0,0.0005
2021-04-24,RS03AXBS-MJ03A-06-PRESTA301,3,True,5760,5760,0,0.0,0.0005
2021-04-25,RS03AXBS-MJ03A-06-PRESTA301,3,True,5760,5760,0,0.0,0.0005
2021-04-26,RS03AXBS-MJ03A-06-PRESTA301,3,True,5760,5760,0,0.0,0.0005
2021-04-27,RS03AXBS-MJ03A-06-PRESTA301,3,True,5760,5760,0,0.0,0.0005
2021-04-28,RS03AXBS-MJ03A-06-PRESTA301,3,True,5760,5760,0,0.0,0.0005
2021-04-29,RS03AXBS-MJ03A-06-PRESTA301,3,True,5760,5760,0,0.0,0.0005
2021-04-30,RS03AXBS-MJ03A-06-PRESTA301,3,True,5760,5760,0,0.0,0.0005
2021-05-01,RS03AXBS-MJ03A-06-PRESTA301,3,True,5760,5760,0,0.0,0.0005
2021-05-02,RS03AXBS-MJ03A-06-PRESTA301,3,True,5760,5760,0,0.0,0.0005
2021-05-03,RS03AXBS-MJ03A-06-PRESTA301,3,True,5760,5760,0,0.0,0.0005
2021-05-04,RS03AXBS-MJ03A-06-PRESTA301,3,True,5760,5760,0,0.0,0.0005
2021-05-05,RS03AXBS-MJ03A-06-PRESTA301,3,True,5760,5760,0,0.0,0.0005
2021-05-06,RS03AXBS-MJ03A-06-PRESTA301,3,True,5760,5760,0,0.0,0.0005
2021-05-07,RS03AXBS-MJ03A-06-PRESTA301,3,True,5760,5760,0,0.0,0.0005
2021-05-08,RS03AXBS-MJ03A-06-PRESTA301,3,True,5760,5760,0,0.0,0.0005
2021-05-09,RS03AXBS-MJ03A-06-PRESTA301,3,True,5760,5760,0,0.0,0.0005
2021-05-10,RS03AXBS-MJ03A-06-PRESTA301,3,True,5760,5760,0,0.0,0.0005
2021-05-11,RS03AXBS-MJ03A-06-PRESTA301,3,True,5760,5760,0,0.0,0.0005
2021-05-12,RS03AXBS-MJ03A-06-PRESTA301,3,True,5760,5760,0,0.0,0.0005
2021-05-13,RS03AXBS-MJ03A-06-PRESTA301,3,True,5760,5760,0,0.0,0.0005
2021-05-14,RS03AXBS-MJ03A-06-PRESTA301,3,True,5760,5760,0,0.0,0.0005
2021-05-15,RS03AXBS-MJ03A-06-PRESTA301,3,True,5760,5760,0,0.0,0.0005
2021-05-16,RS03AXBS-MJ03A-06-PRESTA301,3,True,5760,5760,0,0.0,0.0005
2021-05-17,RS03AXBS-MJ03A-06-PRESTA301,3,True,5760,5760,0,0.0,0.0005
2021-05-18,RS03AXBS-MJ03A-06-PRESTA301,3,True,5760,5760,0,0.0,0.0005
2021-05-19,RS03AXBS-MJ03A-06-PRESTA301,3,True,5760,5760,0,0.0,0.0005
2021-05-20,RS03AXBS-MJ03A-06-PRESTA301,3,True,5760,5760,0,0.0,0.0005
2021-05-21,RS03AXBS-MJ03A-06-PRESTA301,3,True,5760,5760,0,0.0,0.0005
2021-05-22,RS03AXBS-MJ03A-06-PRESTA301,3,True,5760,5760,0,0.0,0.0005
2021-05-23,RS03AXBS-MJ03A-06-PRESTA301,3,True,5760,5760,0,0.0,0.0005
2021-05-24,RS03AXBS-MJ03A-06-PRESTA301,3,True,5760,5760,0,0.0,0.0005
2021-05-25,RS03AXBS-MJ03A-06-PRESTA301,3,True,5760,5760,0,0.0,0.0005
2021-05-26,RS03AXBS-MJ03A-06-PRESTA301,3,True,5760,5760,0,0.0,0.0005
2021-05-27,RS03AXBS-MJ03A-06-PRESTA301,3,True,5760,5760,0,0.0,0.0005
2021-05-28,RS03AXBS-MJ03A-06-PRESTA301,3,True,5760,5760,0,0.0,0.0005
2021-05-29,RS03AXBS-MJ03A-06-PRESTA301,3,True,5760,5760,0,0.0,0.0005
2021-05-30,RS03AXBS-MJ03A-06-PRESTA301,3,True,5760,5760,0,0.0,0.0005
2021-05-31,RS03AXBS-MJ03A-06-PRESTA301,3,True,5760,5760,0,0.0,0.0005
2021-06-01,RS03AXBS-MJ03A-06-PRESTA301,3,True,5760,5760,0,0.0,0.0005
2021-06-02,RS03AXBS-MJ03A-06-PRESTA301,3,True,5760,5760,0,0.0,0.0005
2021-06-03,RS03AXBS-MJ03A-06-PRESTA301,3,True,5760,5760,0,0.0,0.0005
2021-06-04,RS03AXBS-MJ03A-06-PRESTA301,3,True,5760,5760,0,0.0,0.0005
2021-06-05,RS03AXBS-MJ03A-06-PRESTA301,3,True,5760,5760,0,0.0,0.0005
2021-06-06,RS03AXBS-MJ03A-06-PRESTA301,3,True,5760,5760,0,0.0,0.0005
2021-06-07,RS03AXBS-MJ03A-06-PRESTA301,3,True,5760,5760,0,0.0,0.0005
2021-06-08,RS03AXBS-MJ03A-06-PRESTA301,3,True,5760,5760,0,0.0,0.0005
2021-06-09,RS03AXBS-MJ03A-06-PRESTA301,3,True,3883,3883,0,0.0,32.5871
2021-06-10,RS03AXBS-MJ03A-06-PRESTA301,3,True,1713,1713,0,0.0,70.2606
2021-06-11,RS03AXBS-MJ03A-06-PRESTA301,3,True,5760,5760,0,0.0,0.0005
2021-06-12,RS03AXBS-MJ03A-06-PRESTA301,3,True,5760,5760,0,0.0,0.0005
2021-06-13,RS03AXBS-MJ03A-06-PRESTA301,3,True,5760,5760,0,0.0,0.0005
2021-06-14,RS03AXBS-MJ03A-06-PRESTA301,3,True,5729,5760,31,0.5382,0.5387
2021-06-15,RS03AXBS-MJ03A-06-PRESTA301,3,True,5760,5760,0,0.0,0.0005
2021-06-16,RS03AXBS-MJ03A-06-PRESTA301,3,True,5760,5760,0,0.0,0.0005
2021-06-17,RS03AXBS-MJ03A-06-PRESTA301,3,True,5760,5760,0,0.0,0.0005
2021-06-18,RS03AXBS-MJ03A-06-PRESTA301,3,True,5760,5760,0,0.0,0.0005
2021-06-19,RS03AXBS-MJ03A-06-PRESTA301,3,True,5760,5760,0,0.0,0.0005
2021-06-20,RS03AXBS-MJ03A-06-PRESTA301,3,True,5760,5760,0,0.0,0.0005
2021-06-21,RS03AXBS-MJ03A-06-PRESTA301,3,True,5760,5760,0,0.0,0.0005
2021-06-22,RS03AXBS-MJ03A-06-PRESTA301,3,True,5760,5760,0,0.0,0.0005
2021-06-23,RS03AXBS-MJ03A-06-PRESTA301,3,True,5760,5760,0,0.0,0.0005
2021-06-24,RS03AXBS-MJ03A-06-PRESTA301,3,True,5760,5760,0,0.0,0.0005
2021-06-25,RS03AXBS-MJ03A-06-PRESTA301,3,True,5731,5760,29,0.5035,0.504
2021-06-26,RS03AXBS-MJ03A-06-PRESTA301,3,True,5760,5760,0,0.0,0.0005
2021-06-27,RS03AXBS-MJ03A-06-PRESTA301,3,True,5760,5760,0,0.0,0.0005
2021-06-28,RS03AXBS-MJ03A-06-PRESTA301,3,True,5760,5760,0,0.0,0.0005
2021-06-29,RS03AXBS-MJ03A-06-PRESTA301,3,True,5760,5760,0,0.0,0.0005
2021-06-30,RS03AXBS-MJ03A-06-PRESTA301,3,True,5760,5760,0,0.0,0.0005
2021-07-01,RS03AXBS-MJ03A-06-PRESTA301,3,True,5760,5760,0,0.0,0.0005
2021-07-02,RS03AXBS-MJ03A-06-PRESTA301,3,True,5760,5760,0,0.0,0.0005
2021-07-03,RS03AXBS-MJ03A-06-PRESTA301,3,True,5760,5760,0,0.0,0.0005
2021-07-04,RS03AXBS-MJ03A-06-PRESTA301,3,True,5760,5760,0,0.0,0.0005
2021-07-05,RS03AXBS-MJ03A-06-PRESTA301,3,True,5760,5760,0,0.0,0.0005
2021-07-06,RS03AXBS-MJ03A-06-PRESTA301,3,True,5760,5760,0,0.0,0.0005
2021-07-07,RS03AXBS-MJ03A-06-PRESTA301,3,True,5760,5760,0,0.0,0.0005
2021-07-08,RS03AXBS-MJ03A-06-PRESTA301,3,True,5760,5760,0,0.0,0.0005
2021-07-09,RS03AXBS-MJ03A-06-PRESTA301,3,True,5760,5760,0,0.0,0.0005
2021-07-10,RS03AXBS-MJ03A-06-PRESTA301,3,True,5760,5760,0,0.0,0.0005
2021-07-11,RS03AXBS-MJ03A-06-PRESTA301,3,True,5760,5760,0,0.0,0.0005
2021-07-12,RS03AXBS-MJ03A-06-PRESTA301,3,True,5760,5760,0,0.0,0.0005
2021-07-13,RS03AXBS-MJ03A-06-PRESTA301,3,True,5760,5760,0,0.0,0.0005
2021-07-14,RS03AXBS-MJ03A-06-PRESTA301,3,True,5760,5760,0,0.0,0.0005
2021-07-15,RS03AXBS-MJ03A-06-PRESTA301,3,True,5760,5760,0,0.0,0.0005
2021-07-16,RS03AXBS-MJ03A-06-PRESTA301,3,True,5760,5760,0,0.0,0.0005
2021-07-17,RS03AXBS-MJ03A-06-PRESTA301,3,True,5760,5760,0,0.0,0.0005
2021-07-18,RS03AXBS-MJ03A-06-PRESTA301,3,True,5760,5760,0,0.0,0.0005
2021-07-19,RS03AXBS-MJ03A-06-PRESTA301,3,True,5760,5760,0,0.0,0.0005
2021-07-20,RS03AXBS-MJ03A-06-PRESTA301,3,True,5760,5760,0,0.0,0.0005
2021-07-21,RS03AXBS-MJ03A-06-PRESTA301,3,True,5760,5760,0,0.0,0.0005
2021-07-22,RS03AXBS-MJ03A-06-PRESTA301,3,True,5760,5760,0,0.0,0.0005
2021-07-23,RS03AXBS-MJ03A-06-PRESTA301,3,True,5760,5760,0,0.0,0.0005
2021-07-24,RS03AXBS-MJ03A-06-PRESTA301,3,True,5760,5760,0,0.0,0.0005
2021-07-25,RS03AXBS-MJ03A-06-PRESTA301,3,True,5760,5760,0,0.0,0.0005
2021-07-26,RS03AXBS-MJ03A-06-PRESTA301,3,True,5760,5760,0,0.0,0.0005
2021-07-27,RS03AXBS-MJ03A-06-PRESTA301,3,True,5760,5760,0,0.0,0.0005
2021-07-28,RS03AXBS-MJ03A-06-PRESTA301,3,True,5760,5760,0,0.0,0.0005
2021-07-29,RS03AXBS-MJ03A-06-PRESTA301,3,True,5760,5760,0,0.0,0.0005
2021-07-30,RS03AXBS-MJ03A-06-PRESTA301,3,True,5760,5760,0,0.0,0.0005
2021-07-31,RS03AXBS-MJ03A-06-PRESTA301,3,True,5760,5760,0,0.0,0.0005
2021-08-01,RS03AXBS-MJ03A-06-PRESTA301,3,True,5760,5760,0,0.0,0.0005
2021-08-02,RS03AXBS-MJ03A-06-PRESTA301,3,True,5760,5760,0,0.0,0.0005
2021-08-03,RS03AXBS-MJ03A-06-PRESTA301,3,True,5760,5760,0,0.0,0.0005
2021-08-04,RS03AXBS-MJ03A-06-PRESTA301,3,True,5760,5760,0,0.0,0.0005
2021-08-05,RS03AXBS-MJ03A-06-PRESTA301,3,True,5760,5760,0,0.0,0.0005
2021-08-06,RS03AXBS-MJ03A-06-PRESTA301,3,True,5760,5760,0,0.0,0.0005
2021-08-07,RS03AXBS-MJ03A-06-PRESTA301,3,True,5760,5760,0,0.0,0.0005
2021-08-08,RS03AXBS-MJ03A-06-PRESTA301,3,True,5760,5760,0,0.0,0.0005
2021-08-09,RS03AXBS-MJ03A-06-PRESTA301,3,True,5760,5760,0,0.0,0.0005
2021-08-10,RS03AXBS-MJ03A-06-PRESTA301,3,True,5760,5760,0,0.0,0.0005
2021-08-11,RS03AXBS-MJ03A-06-PRESTA301,3,True,5760,5760,0,0.0,0.0005
2021-08-12,RS03AXBS-MJ03A-06-PRESTA301,3,True,5760,5760,0,0.0,0.0005
2021-08-13,RS03AXBS-MJ03A-06-PRESTA301,3,True,5760,5760,0,0.0,0.0005
2021-08-14,RS03AXBS-MJ03A-06-PRESTA301,3,True,5760,5760,0,0.0,0.0005
2021-08-15,RS03AXBS-MJ03A-06-PRESTA301,3,True,5760,5760,0,0.0,0.0005
2021-08-16,RS03AXBS-MJ03A-06-PRESTA301,3,True,5760,5760,0,0.0,0.0005
2021-08-17,RS03AXBS-MJ03A-06-PRESTA301,3,True,5760,5760,0,0.0,0.0005
2021-08-18,RS03AXBS-MJ03A-06-PRESTA301,3,True,5760,5760,0,0.0,0.0005
2021-08-19,RS03AXBS-MJ03A-06-PRESTA301,3,True,5760,5760,0,0.0,0.0005
2021-08-20,RS03AXBS-MJ03A-06-PRESTA301,3,True,5760,5760,0,0.0,0.0005
2021-08-21,RS03AXBS-MJ03A-06-PRESTA301,3,True,5760,5760,0,0.0,0.0005
2021-08-22,RS03AXBS-MJ03A-06-PRESTA301,3,True,5760,5760,0,0.0,0.0005
2021-08-23,RS03AXBS-MJ03A-06-PRESTA301,3,True,5760,5760,0,0.0,0.0005
2021-08-24,RS03AXBS-MJ03A-06-PRESTA301,3,True,5752,5760,8,0.1389,0.1394
2021-08-25,RS03AXBS-MJ03A-06-PRESTA301,3,True,5760,5760,0,0.0,0.0005
2021-08-26,RS03AXBS-MJ03A-06-PRESTA301,3,True,5760,5760,0,0.0,0.0005
2021-08-27,RS03AXBS-MJ03A-06-PRESTA301,3,True,5760,5760,0,0.0,0.0005
2021-08-28,RS03AXBS-MJ03A-06-PRESTA301,3,True,5760,5760,0,0.0,0.0005
2021-08-29,RS03AXBS-MJ03A-06-PRESTA301,3,True,5760,5760,0,0.0,0.0005
2021-08-30,RS03AXBS-MJ03A-06-PRESTA301,3,True,5760,5760,0,0.0,0.0005
2021-08-31,RS03AXBS-MJ03A-06-PRESTA301,3,True,5760,5760,0,0.0,0.0005
2021-09-01,RS03AXBS-MJ03A-06-PRESTA301,3,True,5760,5760,0,0.0,0.0005
2021-09-02,RS03AXBS-MJ03A-06-PRESTA301,3,True,5760,5760,0,0.0,0.0005
2021-09-03,RS03AXBS-MJ03A-06-PRESTA301,3,True,5760,5760,0,0.0,0.0005
2021-09-04,RS03AXBS-MJ03A-06-PRESTA301,3,True,5760,5760,0,0.0,0.0005
2021-09-05,RS03AXBS-MJ03A-06-PRESTA301,3,True,5760,5760,0,0.0,0.0005
2021-09-06,RS03AXBS-MJ03A-06-PRESTA301,3,True,5760,5760,0,0.0,0.0005
2021-09-07,RS03AXBS-MJ03A-06-PRESTA301,3,True,5760,5760,0,0.0,0.0005
2021-09-08,RS03AXBS-MJ03A-06-PRESTA301,3,True,5760,5760,0,0.0,0.0005
2021-09-09,RS03AXBS-MJ03A-06-PRESTA301,3,True,5714,5760,46,0.7986,0.7991
2021-09-10,RS03AXBS-MJ03A-06-PRESTA301,3,True,5760,5760,0,0.0,0.0005
2021-09-11,RS03AXBS-MJ03A-06-PRESTA301,3,True,5760,5760,0,0.0,0.0005
2021-09-12,RS03AXBS-MJ03A-06-PRESTA301,3,True,5760,5760,0,0.0,0.0005
2021-09-13,RS03AXBS-MJ03A-06-PRESTA301,3,True,5760,5760,0,0.0,0.0005
2021-09-14,RS03AXBS-MJ03A-06-PRESTA301,3,True,5741,5760,19,0.3299,0.3304
2021-09-15,RS03AXBS-MJ03A-06-PRESTA301,3,True,5760,5760,0,0.0,0.0005
2021-09-16,RS03AXBS-MJ03A-06-PRESTA301,3,True,5760,5760,0,0.0,0.0005
2021-09-17,RS03AXBS-MJ03A-06-PRESTA301,3,True,5760,5760,0,0.0,0.0005
2021-09-18,RS03AXBS-MJ03A-06-PRESTA301,3,True,5760,5760,0,0.0,0.0005
2021-09-19,RS03AXBS-MJ03A-06-PRESTA301,3,True,5760,5760,0,0.0,0.0005
2021-09-20,RS03AXBS-MJ03A-06-PRESTA301,3,True,5760,5760,0,0.0,0.0005
2021-09-21,RS03AXBS-MJ03A-06-PRESTA301,3,True,5760,5760,0,0.0,0.0005
2021-09-22,RS03AXBS-MJ03A-06-PRESTA301,3,True,5760,5760,0,0.0,0.0005
2021-09-23,RS03AXBS-MJ03A-06-PRESTA301,3,True,5750,5760,10,0.1736,0.1741
2021-09-24,RS03AXBS-MJ03A-06-PRESTA301,3,True,5760,5760,0,0.0,0.0005
2021-09-25,RS03AXBS-MJ03A-06-PRESTA301,3,True,5760,5760,0,0.0,0.0005
2021-09-26,RS03AXBS-MJ03A-06-PRESTA301,3,True,5760,5760,0,0.0,0.0005
2021-09-27,RS03AXBS-MJ03A-06-PRESTA301,3,True,5760,5760,0,0.0,0.0005
2021-09-28,RS03AXBS-MJ03A-06-PRESTA301,3,True,5760,5760,0,0.0,0.0005
2021-09-29,RS03AXBS-MJ03A-06-PRESTA301,3,True,5760,5760,0,0.0,0.0005
2021-09-30,RS03AXBS-MJ03A-06-PRESTA301,3,True,5761,5761,0,0.0,0.0
2021-10-01,RS03AXBS-MJ03A-06-PRESTA301,3,True,5760,5760,0,0.0,0.0005
2021-10-02,RS03AXBS-MJ03A-06-PRESTA301,3,True,5760,5760,0,0.0,0.0005
2021-10-03,RS03AXBS-MJ03A-06-PRESTA301,3,True,5760,5760,0,0.0,0.0005
2021-10-04,RS03AXBS-MJ03A-06-PRESTA301,3,True,5760,5760,0,0.0,0.0005
2021-10-05,RS03AXBS-MJ03A-06-PRESTA301,3,True,3268,3268,0,0.0,43.2642
2021-10-06,RS03AXBS-MJ03A-06-PRESTA301,3,True,906,907,1,0.1103,84.2709
2021-10-07,RS03AXBS-MJ03A-06-PRESTA301,3,True,5760,5760,0,0.0,0.0005
2021-10-08,RS03AXBS-MJ03A-06-PRESTA301,3,True,5760,5760,0,0.0,0.0005
2021-10-09,RS03AXBS-MJ03A-06-PRESTA301,3,True,5760,5760,0,0.0,0.0005
2021-10-10,RS03AXBS-MJ03A-06-PRESTA301,3,True,5760,5760,0,0.0,0.0005
2021-10-11,RS03AXBS-MJ03A-06-PRESTA301,3,True,5760,5760,0,0.0,0.0005
2021-10-12,RS03AXBS-MJ03A-06-PRESTA301,3,True,5760,5760,0,0.0,0.0005
2021-10-13,RS03AXBS-MJ03A-06-PRESTA301,3,True,5760,5760,0,0.0,0.0005
2021-10-14,RS03AXBS-MJ03A-06-PRESTA301,3,True,5760,5760,0,0.0,0.0005
2021-10-15,RS03AXBS-MJ03A-06-PRESTA301,3,True,5760,5760,0,0.0,0.0005
2021-10-16,RS03AXBS-MJ03A-06-PRESTA301,3,True,5760,5760,0,0.0,0.0005
2021-10-17,RS03AXBS-MJ03A-06-PRESTA301,3,True,5760,5760,0,0.0,0.0005
2021-10-18,RS03AXBS-MJ03A-06-PRESTA301,3,True,5760,5760,0,0.0,0.0005
2021-10-19,RS03AXBS-MJ03A-06-PRESTA301,3,True,5760,5760,0,0.0,0.0005
2021-10-20,RS03AXBS-MJ03A-06-PRESTA301,3,True,5760,5760,0,0.0,0.0005
2021-10-21,RS03AXBS-MJ03A-06-PRESTA301,3,True,5760,5760,0,0.0,0.0005
2021-10-22,RS03AXBS-MJ03A-06-PRESTA301,3,True,5760,5760,0,0.0,0.0005
2021-10-23,RS03AXBS-MJ03A-06-PRESTA301,3,True,5760,5760,0,0.0,0.0005
2021-10-24,RS03AXBS-MJ03A-06-PRESTA301,3,True,5760,5760,0,0.0,0.0005
2021-10-25,RS03AXBS-MJ03A-06-PRESTA301,3,True,5760,5760,0,0.0,0.0005
2021-10-26,RS03AXBS-MJ03A-06-PRESTA301,3,True,5760,5760,0,0.0,0.0005
2021-10-27,RS03AXBS-MJ03A-06-PRESTA301,3,True,5704,5760,56,0.9722,0.9727
2021-10-28,RS03AXBS-MJ03A-06-PRESTA301,3,True,5760,5760,0,0.0,0.0005
2021-10-29,RS03AXBS-MJ03A-06-PRESTA301,3,True,5760,5760,0,0.0,0.0005
2021-10-30,RS03AXBS-MJ03A-06-PRESTA301,3,True,5760,5760,0,0.0,0.0005
2021-10-31,RS03AXBS-MJ03A-06-PRESTA301,3,True,5760,5760,0,0.0,0.0005
2021-11-01,RS03AXBS-MJ03A-06-PRESTA301,3,True,3599,3599,0,0.0,37.5177
2021-11-02,RS03AXBS-MJ03A-06-PRESTA301,3,False,0,0,,,
2021-11-03,RS03AXBS-MJ03A-06-PRESTA301,3,False,0,0,,,
2021-11-04,RS03AXBS-MJ03A-06-PRESTA301,3,False,0,0,,,
2021-11-05,RS03AXBS-MJ03A-06-PRESTA301,3,False,0,0,,,
2021-11-06,RS03AXBS-MJ03A-06-PRESTA301,3,True,5692,5693,1,0.0176,1.181
2021-11-07,RS03AXBS-MJ03A-06-PRESTA301,3,True,5760,5760,0,0.0,0.0005
2021-11-08,RS03AXBS-MJ03A-06-PRESTA301,3,True,5760,5760,0,0.0,0.0005
2021-11-09,RS03AXBS-MJ03A-06-PRESTA301,3,True,5760,5760,0,0.0,0.0005
2021-11-10,RS03AXBS-MJ03A-06-PRESTA301,3,True,5760,5760,0,0.0,0.0005
2021-11-11,RS03AXBS-MJ03A-06-PRESTA301,3,True,5760,5760,0,0.0,0.0005
2021-11-12,RS03AXBS-MJ03A-06-PRESTA301,3,True,5760,5760,0,0.0,0.0005
2021-11-13,RS03AXBS-MJ03A-06-PRESTA301,3,True,5760,5760,0,0.0,0.0005
2021-11-14,RS03AXBS-MJ03A-06-PRESTA301,3,True,5760,5760,0,0.0,0.0005
2021-11-15,RS03AXBS-MJ03A-06-PRESTA301,3,True,5760,5760,0,0.0,0.0005
2021-11-16,RS03AXBS-MJ03A-06-PRESTA301,3,True,5760,5760,0,0.0,0.0005
2021-11-17,RS03AXBS-MJ03A-06-PRESTA301,3,True,5760,5760,0,0.0,0.0005
2021-11-18,RS03AXBS-MJ03A-06-PRESTA301,3,True,5760,5760,0,0.0,0.0005
2021-11-19,RS03AXBS-MJ03A-06-PRESTA301,3,True,5760,5760,0,0.0,0.0005
2021-11-20,RS03AXBS-MJ03A-06-PRESTA301,3,True,5760,5760,0,0.0,0.0005
2021-11-21,RS03AXBS-MJ03A-06-PRESTA301,3,True,5760,5760,0,0.0,0.0005
2021-11-22,RS03AXBS-MJ03A-06-PRESTA301,3,True,5760,5760,0,0.0,0.0005
2021-11-23,RS03AXBS-MJ03A-06-PRESTA301,3,True,5760,5760,0,0.0,0.0005
2021-11-24,RS03AXBS-MJ03A-06-PRESTA301,3,True,5760,5760,0,0.0,0.0005
2021-11-25,RS03AXBS-MJ03A-06-PRESTA301,3,True,5760,5760,0,0.0,0.0005
2021-11-26,RS03AXBS-MJ03A-06-PRESTA301,3,True,5760,5760,0,0.0,0.0005
2021-11-27,RS03AXBS-MJ03A-06-PRESTA301,3,True,5760,5760,0,0.0,0.0005
2021-11-28,RS03AXBS-MJ03A-06-PRESTA301,3,True,5760,5760,0,0.0,0.0005
2021-11-29,RS03AXBS-MJ03A-06-PRESTA301,3,True,5760,5760,0,0.0,0.0005
2021-11-30,RS03AXBS-MJ03A-06-PRESTA301,3,True,5760,5760,0,0.0,0.0005
2021-12-01,RS03AXBS-MJ03A-06-PRESTA301,3,True,5760,5760,0,0.0,0.0005
2021-12-02,RS03AXBS-MJ03A-06-PRESTA301,3,True,5760,5760,0,0.0,0.0005
2021-12-03,RS03AXBS-MJ03A-06-PRESTA301,3,True,5760,5760,0,0.0,0.0005
2021-12-04,RS03AXBS-MJ03A-06-PRESTA301,3,True,5760,5760,0,0.0,0.0005
2021-12-05,RS03AXBS-MJ03A-06-PRESTA301,3,True,5760,5760,0,0.0,0.0005
2021-12-06,RS03AXBS-MJ03A-06-PRESTA301,3,True,5760,5760,0,0.0,0.0005
2021-12-07,RS03AXBS-MJ03A-06-PRESTA301,3,True,5760,5760,0,0.0,0.0005
2021-12-08,RS03AXBS-MJ03A-06-PRESTA301,3,True,5760,5760,0,0.0,0.0005
2021-12-09,RS03AXBS-MJ03A-06-PRESTA301,3,True,5760,5760,0,0.0,0.0005
2021-12-10,RS03AXBS-MJ03A-06-PRESTA301,3,True,5760,5760,0,0.0,0.0005
2021-12-11,RS03AXBS-MJ03A-06-PRESTA301,3,True,5760,5760,0,0.0,0.0005
2021-12-12,RS03AXBS-MJ03A-06-PRESTA301,3,True,5760,5760,0,0.0,0.0005
2021-12-13,RS03AXBS-MJ03A-06-PRESTA301,3,True,5760,5760,0,0.0,0.0005
2021-12-14,RS03AXBS-MJ03A-06-PRESTA301,3,True,5760,5760,0,0.0,0.0005
2021-12-15,RS03AXBS-MJ03A-06-PRESTA301,3,True,5760,5760,0,0.0,0.0005
2021-12-16,RS03AXBS-MJ03A-06-PRESTA301,3,True,5760,5760,0,0.0,0.0005
2021-12-17,RS03AXBS-MJ03A-06-PRESTA301,3,True,5760,5760,0,0.0,0.0005
2021-12-18,RS03AXBS-MJ03A-06-PRESTA301,3,True,5760,5760,0,0.0,0.0005
2021-12-19,RS03AXBS-MJ03A-06-PRESTA301,3,True,5760,5760,0,0.0,0.0005
2021-12-20,RS03AXBS-MJ03A-06-PRESTA301,3,True,5742,5760,18,0.3125,0.313
2021-12-21,RS03AXBS-MJ03A-06-PRESTA301,3,True,5760,5760,0,0.0,0.0005
2021-12-22,RS03AXBS-MJ03A-06-PRESTA301,3,True,5760,5760,0,0.0,0.0005
2021-12-23,RS03AXBS-MJ03A-06-PRESTA301,3,True,5760,5760,0,0.0,0.0005
2021-12-24,RS03AXBS-MJ03A-06-PRESTA301,3,True,5760,5760,0,0.0,0.0005
2021-12-25,RS03AXBS-MJ03A-06-PRESTA301,3,True,5760,5760,0,0.0,0.0005
2021-12-26,RS03AXBS-MJ03A-06-PRESTA301,3,True,5760,5760,0,0.0,0.0005
2021-12-27,RS03AXBS-MJ03A-06-PRESTA301,3,True,5760,5760,0,0.0,0.0005
2021-12-28,RS03AXBS-MJ03A-06-PRESTA301,3,True,5760,5760,0,0.0,0.0005
2021-12-29,RS03AXBS-MJ03A-06-PRESTA301,3,True,5760,5760,0,0.0,0.0005
2021-12-30,RS03AXBS-MJ03A-06-PRESTA301,3,True,5760,5760,0,0.0,0.0005
2021-12-31,RS03AXBS-MJ03A-06-PRESTA301,3,True,5760,5760,0,0.0,0.0005
2022-01-01,RS03AXBS-MJ03A-06-PRESTA301,3,True,5760,5760,0,0.0,0.0005
2022-01-02,RS03AXBS-MJ03A-06-PRESTA301,3,True,5760,5760,0,0.0,0.0005
2022-01-03,RS03AXBS-MJ03A-06-PRESTA301,3,True,5744,5760,16,0.2778,0.2783
2022-01-04,RS03AXBS-MJ03A-06-PRESTA301,3,True,5760,5760,0,0.0,0.0005
2022-01-05,RS03AXBS-MJ03A-06-PRESTA301,3,True,5760,5760,0,0.0,0.0005
2022-01-06,RS03AXBS-MJ03A-06-PRESTA301,3,True,5760,5760,0,0.0,0.0005
2022-01-07,RS03AXBS-MJ03A-06-PRESTA301,3,True,5760,5760,0,0.0,0.0005
2022-01-08,RS03AXBS-MJ03A-06-PRESTA301,3,True,5760,5760,0,0.0,0.0005
2022-01-09,RS03AXBS-MJ03A-06-PRESTA301,3,True,5760,5760,0,0.0,0.0005
2022-01-10,RS03AXBS-MJ03A-06-PRESTA301,3,True,5760,5760,0,0.0,0.0005
2022-01-11,RS03AXBS-MJ03A-06-PRESTA301,3,True,5760,5760,0,0.0,0.0005
2022-01-12,RS03AXBS-MJ03A-06-PRESTA301,3,True,5760,5760,0,0.0,0.0005
2022-01-13,RS03AXBS-MJ03A-06-PRESTA301,3,True,5760,5760,0,0.0,0.0005
2022-01-14,RS03AXBS-MJ03A-06-PRESTA301,3,True,5760,5760,0,0.0,0.0005
2022-01-15,RS03AXBS-MJ03A-06-PRESTA301,3,True,5760,5760,0,0.0,0.0005
2022-01-16,RS03AXBS-MJ03A-06-PRESTA301,3,True,5760,5760,0,0.0,0.0005
2022-01-17,RS03AXBS-MJ03A-06-PRESTA301,3,True,5760,5760,0,0.0,0.0005
2022-01-18,RS03AXBS-MJ03A-06-PRESTA301,3,True,5760,5760,0,0.0,0.0005
2022-01-19,RS03AXBS-MJ03A-06-PRESTA301,3,True,5760,5760,0,0.0,0.0005
2022-01-20,RS03AXBS-MJ03A-06-PRESTA301,3,True,5760,5760,0,0.0,0.0005
2022-01-21,RS03AXBS-MJ03A-06-PRESTA301,3,True,5760,5760,0,0.0,0.0005
2022-01-22,RS03AXBS-MJ03A-06-PRESTA301,3,True,5760,5760,0,0.0,0.0005
2022-01-23,RS03AXBS-MJ03A-06-PRESTA301,3,True,5760,5760,0,0.0,0.0005
2022-01-24,RS03AXBS-MJ03A-06-PRESTA301,3,True,5760,5760,0,0.0,0.0005
2022-01-25,RS03AXBS-MJ03A-06-PRESTA301,3,True,5760,5760,0,0.0,0.0005
2022-01-26,RS03AXBS-MJ03A-06-PRESTA301,3,True,5760,5760,0,0.0,0.0005
2022-01-27,RS03AXBS-MJ03A-06-PRESTA301,3,True,5760,5760,0,0.0,0.0005
2022-01-28,RS03AXBS-MJ03A-06-PRESTA301,3,True,5760,5760,0,0.0,0.0005
2022-01-29,RS03AXBS-MJ03A-06-PRESTA301,3,True,5760,5760,0,0.0,0.0005
2022-01-30,RS03AXBS-MJ03A-06-PRESTA301,3,True,5760,5760,0,0.0,0.0005
2022-01-31,RS03AXBS-MJ03A-06-PRESTA301,3,True,5760,5760,0,0.0,0.0005
2022-02-01,RS03AXBS-MJ03A-06-PRESTA301,3,True,5760,5760,0,0.0,0.0005
2022-02-02,RS03AXBS-MJ03A-06-PRESTA301,3,True,5760,5760,0,0.0,0.0005
2022-02-03,RS03AXBS-MJ03A-06-PRESTA301,3,True,5760,5760,0,0.0,0.0005
2022-02-04,RS03AXBS-MJ03A-06-PRESTA301,3,True,5760,5760,0,0.0,0.0005
2022-02-05,RS03AXBS-MJ03A-06-PRESTA301,3,True,5760,5760,0,0.0,0.0005
2022-02-06,RS03AXBS-MJ03A-06-PRESTA301,3,True,5760,5760,0,0.0,0.0005
2022-02-07,RS03AXBS-MJ03A-06-PRESTA301,3,True,5760,5760,0,0.0,0.0005
2022-02-08,RS03AXBS-MJ03A-06-PRESTA301,3,True,5760,5760,0,0.0,0.0005
2022-02-09,RS03AXBS-MJ03A-06-PRESTA301,3,True,5760,5760,0,0.0,0.0005
2022-02-10,RS03AXBS-MJ03A-06-PRESTA301,3,True,5760,5760,0,0.0,0.0005
2022-02-11,RS03AXBS-MJ03A-06-PRESTA301,3,True,5760,5760,0,0.0,0.0005
2022-02-12,RS03AXBS-MJ03A-06-PRESTA301,3,True,5760,5760,0,0.0,0.0005
2022-02-13,RS03AXBS-MJ03A-06-PRESTA301,3,True,3280,3280,0,0.0,43.0558
2022-02-14,RS03AXBS-MJ03A-06-PRESTA301,3,False,0,0,,,
2022-02-15,RS03AXBS-MJ03A-06-PRESTA301,3,True,368,369,1,0.271,93.6111
2022-02-16,RS03AXBS-MJ03A-06-PRESTA301,3,True,5760,5760,0,0.0,0.0005
2022-02-17,RS03AXBS-MJ03A-06-PRESTA301,3,True,5760,5760,0,0.0,0.0005
2022-02-18,RS03AXBS-MJ03A-06-PRESTA301,3,True,5760,5760,0,0.0,0.0005
2022-02-19,RS03AXBS-MJ03A-06-PRESTA301,3,True,5252,5252,0,0.0,8.8199
2022-02-20,RS03AXBS-MJ03A-06-PRESTA301,3,False,0,0,,,
2022-02-21,RS03AXBS-MJ03A-06-PRESTA301,3,False,0,0,,,
2022-02-22,RS03AXBS-MJ03A-06-PRESTA301,3,True,1400,1401,1,0.0714,75.6946
2022-02-23,RS03AXBS-MJ03A-06-PRESTA301,3,True,5760,5760,0,0.0,0.0005
2022-02-24,RS03AXBS-MJ03A-06-PRESTA301,3,True,5760,5760,0,0.0,0.0005
2022-02-25,RS03AXBS-MJ03A-06-PRESTA301,3,True,5760,5760,0,0.0,0.0005
2022-02-26,RS03AXBS-MJ03A-06-PRESTA301,3,True,5760,5760,0,0.0,0.0005
2022-02-27,RS03AXBS-MJ03A-06-PRESTA301,3,True,5760,5760,0,0.0,0.0005
2022-02-28,RS03AXBS-MJ03A-06-PRESTA301,3,True,3296,3296,0,0.0,42.7781
2022-03-01,RS03AXBS-MJ03A-06-PRESTA301,3,False,0,0,,,
2022-03-02,RS03AXBS-MJ03A-06-PRESTA301,3,True,61,63,2,3.1746,98.941
2022-03-03,RS03AXBS-MJ03A-06-PRESTA301,3,True,5760,5760,0,0.0,0.0005
2022-03-04,RS03AXBS-MJ03A-06-PRESTA301,3,True,5760,5760,0,0.0,0.0005
2022-03-05,RS03AXBS-MJ03A-06-PRESTA301,3,True,5760,5760,0,0.0,0.0005
2022-03-06,RS03AXBS-MJ03A-06-PRESTA301,3,True,5760,5760,0,0.0,0.0005
2022-03-07,RS03AXBS-MJ03A-06-PRESTA301,3,True,5760,5760,0,0.0,0.0005
2022-03-08,RS03AXBS-MJ03A-06-PRESTA301,3,True,5760,5760,0,0.0,0.0005
2022-03-09,RS03AXBS-MJ03A-06-PRESTA301,3,True,5760,5760,0,0.0,0.0005
2022-03-10,RS03AXBS-MJ03A-06-PRESTA301,3,True,5760,5760,0,0.0,0.0005
2022-03-11,RS03AXBS-MJ03A-06-PRESTA301,3,True,5760,5760,0,0.0,0.0005
2022-03-12,RS03AXBS-MJ03A-06-PRESTA301,3,True,5760,5760,0,0.0,0.0005
2022-03-13,RS03AXBS-MJ03A-06-PRESTA301,3,True,5760,5760,0,0.0,0.0005
2022-03-14,RS03AXBS-MJ03A-06-PRESTA301,3,True,5760,5760,0,0.0,0.0005
2022-03-15,RS03AXBS-MJ03A-06-PRESTA301,3,True,5760,5760,0,0.0,0.0005
2022-03-16,RS03AXBS-MJ03A-06-PRESTA301,3,True,5760,5760,0,0.0,0.0005
2022-03-17,RS03AXBS-MJ03A-06-PRESTA301,3,True,5760,5760,0,0.0,0.0005
2022-03-18,RS03AXBS-MJ03A-06-PRESTA301,3,True,5760,5760,0,0.0,0.0005
2022-03-19,RS03AXBS-MJ03A-06-PRESTA301,3,True,5760,5760,0,0.0,0.0005
2022-03-20,RS03AXBS-MJ03A-06-PRESTA301,3,True,5760,5760,0,0.0,0.0005
2022-03-21,RS03AXBS-MJ03A-06-PRESTA301,3,True,5760,5760,0,0.0,0.0005
2022-03-22,RS03AXBS-MJ03A-06-PRESTA301,3,True,5760,5760,0,0.0,0.0005
2022-03-23,RS03AXBS-MJ03A-06-PRESTA301,3,True,5760,5760,0,0.0,0.0005
2022-03-24,RS03AXBS-MJ03A-06-PRESTA301,3,True,5760,5760,0,0.0,0.0005
2022-03-25,RS03AXBS-MJ03A-06-PRESTA301,3,True,5760,5760,0,0.0,0.0005
2022-03-26,RS03AXBS-MJ03A-06-PRESTA301,3,True,5760,5760,0,0.0,0.0005
2022-03-27,RS03AXBS-MJ03A-06-PRESTA301,3,True,5760,5760,0,0.0,0.0005
2022-03-28,RS03AXBS-MJ03A-06-PRESTA301,3,True,5760,5760,0,0.0,0.0005
2022-03-29,RS03AXBS-MJ03A-06-PRESTA301,3,True,5760,5760,0,0.0,0.0005
2022-03-30,RS03AXBS-MJ03A-06-PRESTA301,3,True,5760,5760,0,0.0,0.0005
2022-03-31,RS03AXBS-MJ03A-06-PRESTA301,3,True,5760,5760,0,0.0,0.0005
2022-04-01,RS03AXBS-MJ03A-06-PRESTA301,3,True,5760,5760,0,0.0,0.0005
2022-04-02,RS03AXBS-MJ03A-06-PRESTA301,3,True,5760,5760,0,0.0,0.0005
2022-04-03,RS03AXBS-MJ03A-06-PRESTA301,3,True,5760,5760,0,0.0,0.0005
2022-04-04,RS03AXBS-MJ03A-06-PRESTA301,3,True,5760,5760,0,0.0,0.0005
2022-04-05,RS03AXBS-MJ03A-06-PRESTA301,3,True,5760,5760,0,0.0,0.0005
2022-04-06,RS03AXBS-MJ03A-06-PRESTA301,3,True,5760,5760,0,0.0,0.0005
2022-04-07,RS03AXBS-MJ03A-06-PRESTA301,3,True,5760,5760,0,0.0,0.0005
2022-04-08,RS03AXBS-MJ03A-06-PRESTA301,3,True,5760,5760,0,0.0,0.0005
2022-04-09,RS03AXBS-MJ03A-06-PRESTA301,3,True,5760,5760,0,0.0,0.0005
2022-04-10,RS03AXBS-MJ03A-06-PRESTA301,3,True,5760,5760,0,0.0,0.0005
2022-04-11,RS03AXBS-MJ03A-06-PRESTA301,3,True,5760,5760,0,0.0,0.0005
2022-04-12,RS03AXBS-MJ03A-06-PRESTA301,3,True,5760,5760,0,0.0,0.0005
2022-04-13,RS03AXBS-MJ03A-06-PRESTA301,3,True,5760,5760,0,0.0,0.0005
2022-04-14,RS03AXBS-MJ03A-06-PRESTA301,3,True,5760,5760,0,0.0,0.0005
2022-04-15,RS03AXBS-MJ03A-06-PRESTA301,3,True,5760,5760,0,0.0,0.0005
2022-04-16,RS03AXBS-MJ03A-06-PRESTA301,3,True,5760,5760,0,0.0,0.0005
2022-04-17,RS03AXBS-MJ03A-06-PRESTA301,3,True,5760,5760,0,0.0,0.0005
2022-04-18,RS03AXBS-MJ03A-06-PRESTA301,3,True,5760,5760,0,0.0,0.0005
2022-04-19,RS03AXBS-MJ03A-06-PRESTA301,3,True,5760,5760,0,0.0,0.0005
2022-04-20,RS03AXBS-MJ03A-06-PRESTA301,3,True,5760,5760,0,0.0,0.0005
2022-04-21,RS03AXBS-MJ03A-06-PRESTA301,3,True,5760,5760,0,0.0,0.0005
2022-04-22,RS03AXBS-MJ03A-06-PRESTA301,3,True,5741,5760,19,0.3299,0.3304
2022-04-23,RS03AXBS-MJ03A-06-PRESTA301,3,True,5760,5760,0,0.0,0.0005
2022-04-24,RS03AXBS-MJ03A-06-PRESTA301,3,True,5760,5760,0,0.0,0.0005
2022-04-25,RS03AXBS-MJ03A-06-PRESTA301,3,True,5760,5760,0,0.0,0.0005
2022-04-26,RS03AXBS-MJ03A-06-PRESTA301,3,True,5760,5760,0,0.0,0.0005
2022-04-27,RS03AXBS-MJ03A-06-PRESTA301,3,True,5760,5760,0,0.0,0.0005
2022-04-28,RS03AXBS-MJ03A-06-PRESTA301,3,True,5760,5760,0,0.0,0.0005
2022-04-29,RS03AXBS-MJ03A-06-PRESTA301,3,True,5742,5760,18,0.3125,0.313
2022-04-30,RS03AXBS-MJ03A-06-PRESTA301,3,True,5760,5760,0,0.0,0.0005
2022-05-01,RS03AXBS-MJ03A-06-PRESTA301,3,True,5760,5760,0,0.0,0.0005
2022-05-02,RS03AXBS-MJ03A-06-PRESTA301,3,True,5760,5760,0,0.0,0.0005
2022-05-03,RS03AXBS-MJ03A-06-PRESTA301,3,True,5760,5760,0,0.0,0.0005
2022-05-04,RS03AXBS-MJ03A-06-PRESTA301,3,True,5760,5760,0,0.0,0.0005
2022-05-05,RS03AXBS-MJ03A-06-PRESTA301,3,True,5760,5760,0,0.0,0.0005
2022-05-06,RS03AXBS-MJ03A-06-PRESTA301,3,True,5760,5760,0,0.0,0.0005
2022-05-07,RS03AXBS-MJ03A-06-PRESTA301,3,True,5760,5760,0,0.0,0.0005
2022-05-08,RS03AXBS-MJ03A-06-PRESTA301,3,True,5760,5760,0,0.0,0.0005
2022-05-09,RS03AXBS-MJ03A-06-PRESTA301,3,True,5760,5760,0,0.0,0.0005
2022-05-10,RS03AXBS-MJ03A-06-PRESTA301,3,True,5760,5760,0,0.0,0.0005
2022-05-11,RS03AXBS-MJ03A-06-PRESTA301,3,True,5760,5760,0,0.0,0.0005
2022-05-12,RS03AXBS-MJ03A-06-PRESTA301,3,True,5760,5760,0,0.0,0.0005
2022-05-13,RS03AXBS-MJ03A-06-PRESTA301,3,True,5760,5760,0,0.0,0.0005
2022-05-14,RS03AXBS-MJ03A-06-PRESTA301,3,True,5760,5760,0,0.0,0.0005
2022-05-15,RS03AXBS-MJ03A-06-PRESTA301,3,True,5760,5760,0,0.0,0.0005
2022-05-16,RS03AXBS-MJ03A-06-PRESTA301,3,True,5760,5760,0,0.0,0.0005
2022-05-17,RS03AXBS-MJ03A-06-PRESTA301,3,True,5760,5760,0,0.0,0.0005
2022-05-18,RS03AXBS-MJ03A-06-PRESTA301,3,True,5760,5760,0,0.0,0.0005
2022-05-19,RS03AXBS-MJ03A-06-PRESTA301,3,True,5760,5760,0,0.0,0.0005
2022-05-20,RS03AXBS-MJ03A-06-PRESTA301,3,True,5760,5760,0,0.0,0.0005
2022-05-21,RS03AXBS-MJ03A-06-PRESTA301,3,True,5760,5760,0,0.0,0.0005
2022-05-22,RS03AXBS-MJ03A-06-PRESTA301,3,True,5760,5760,0,0.0,0.0005
2022-05-23,RS03AXBS-MJ03A-06-PRESTA301,3,True,5760,5760,0,0.0,0.0005
2022-05-24,RS03AXBS-MJ03A-06-PRESTA301,3,True,5760,5760,0,0.0,0.0005
2022-05-25,RS03AXBS-MJ03A-06-PRESTA301,3,True,5760,5760,0,0.0,0.0005
2022-05-26,RS03AXBS-MJ03A-06-PRESTA301,3,True,5760,5760,0,0.0,0.0005
2022-05-27,RS03AXBS-MJ03A-06-PRESTA301,3,True,5760,5760,0,0.0,0.0005
2022-05-28,RS03AXBS-MJ03A-06-PRESTA301,3,True,5760,5760,0,0.0,0.0005
2022-05-29,RS03AXBS-MJ03A-06-PRESTA301,3,True,5760,5760,0,0.0,0.0005
2022-05-30,RS03AXBS-MJ03A-06-PRESTA301,3,True,5760,5760,0,0.0,0.0005
2022-05-31,RS03AXBS-MJ03A-06-PRESTA301,3,True,5760,5760,0,0.0,0.0005
2022-06-01,RS03AXBS-MJ03A-06-PRESTA301,3,True,5760,5760,0,0.0,0.0005
2022-06-02,RS03AXBS-MJ03A-06-PRESTA301,3,True,5760,5760,0,0.0,0.0005
2022-06-03,RS03AXBS-MJ03A-06-PRESTA301,3,True,5760,5760,0,0.0,0.0005
2022-06-04,RS03AXBS-MJ03A-06-PRESTA301,3,True,5760,5760,0,0.0,0.0005
2022-06-05,RS03AXBS-MJ03A-06-PRESTA301,3,True,5760,5760,0,0.0,0.0005
2022-06-06,RS03AXBS-MJ03A-06-PRESTA301,3,True,5760,5760,0,0.0,0.0005
2022-06-07,RS03AXBS-MJ03A-06-PRESTA301,3,True,5759,5760,1,0.0174,0.0179
2022-06-08,RS03AXBS-MJ03A-06-PRESTA301,3,True,5760,5760,0,0.0,0.0005
2022-06-09,RS03AXBS-MJ03A-06-PRESTA301,3,True,5760,5760,0,0.0,0.0005
2022-06-10,RS03AXBS-MJ03A-06-PRESTA301,3,True,5760,5760,0,0.0,0.0005
2022-06-11,RS03AXBS-MJ03A-06-PRESTA301,3,True,5760,5760,0,0.0,0.0005
2022-06-12,RS03AXBS-MJ03A-06-PRESTA301,3,True,5760,5760,0,0.0,0.0005
2022-06-13,RS03AXBS-MJ03A-06-PRESTA301,3,True,5760,5760,0,0.0,0.0005
2022-06-14,RS03AXBS-MJ03A-06-PRESTA301,3,True,5760,5760,0,0.0,0.0005
2022-06-15,RS03AXBS-MJ03A-06-PRESTA301,3,True,2733,2733,0,0.0,52.5523
2022-06-16,RS03AXBS-MJ03A-06-PRESTA301,3,False,0,0,,,
2022-06-17,RS03AXBS-MJ03A-06-PRESTA301,3,True,354,355,1,0.2817,93.8542
2022-06-18,RS03AXBS-MJ03A-06-PRESTA301,3,True,5760,5760,0,0.0,0.0005
2022-06-19,RS03AXBS-MJ03A-06-PRESTA301,3,True,5760,5760,0,0.0,0.0005
2022-06-20,RS03AXBS-MJ03A-06-PRESTA301,3,True,5760,5760,0,0.0,0.0005
2022-06-21,RS03AXBS-MJ03A-06-PRESTA301,3,True,5760,5760,0,0.0,0.0005
2022-06-22,RS03AXBS-MJ03A-06-PRESTA301,3,True,5760,5760,0,0.0,0.0005
2022-06-23,RS03AXBS-MJ03A-06-PRESTA301,3,True,5760,5760,0,0.0,0.0005
2022-06-24,RS03AXBS-MJ03A-06-PRESTA301,3,True,5760,5760,0,0.0,0.0005
2022-06-25,RS03AXBS-MJ03A-06-PRESTA301,3,True,5760,5760,0,0.0,0.0005
2022-06-26,RS03AXBS-MJ03A-06-PRESTA301,3,True,5760,5760,0,0.0,0.0005
2022-06-27,RS03AXBS-MJ03A-06-PRESTA301,3,True,5760,5760,0,0.0,0.0005
2022-06-28,RS03AXBS-MJ03A-06-PRESTA301,3,True,5760,5760,0,0.0,0.0005
2022-06-29,RS03AXBS-MJ03A-06-PRESTA301,3,True,5760,5760,0,0.0,0.0005
2022-06-30,RS03AXBS-MJ03A-06-PRESTA301,3,True,5760,5760,0,0.0,0.0005
2022-07-01,RS03AXBS-MJ03A-06-PRESTA301,3,True,5760,5760,0,0.0,0.0005
2022-07-02,RS03AXBS-MJ03A-06-PRESTA301,3,True,5760,5760,0,0.0,0.0005
2022-07-03,RS03AXBS-MJ03A-06-PRESTA301,3,True,5760,5760,0,0.0,0.0005
2022-07-04,RS03AXBS-MJ03A-06-PRESTA301,3,True,5760,5760,0,0.0,0.0005
2022-07-05,RS03AXBS-MJ03A-06-PRESTA301,3,True,5274,5761,487,8.4534,8.438
2022-07-06,RS03AXBS-MJ03A-06-PRESTA301,3,True,5760,5760,0,0.0,0.0005
2022-07-07,RS03AXBS-MJ03A-06-PRESTA301,3,True,5760,5760,0,0.0,0.0005
2022-07-08,RS03AXBS-MJ03A-06-PRESTA301,3,True,5760,5760,0,0.0,0.0005
2022-07-09,RS03AXBS-MJ03A-06-PRESTA301,3,True,5760,5760,0,0.0,0.0005
2022-07-10,RS03AXBS-MJ03A-06-PRESTA301,3,True,5760,5760,0,0.0,0.0005
2022-07-11,RS03AXBS-MJ03A-06-PRESTA301,3,True,5760,5760,0,0.0,0.0005
2022-07-12,RS03AXBS-MJ03A-06-PRESTA301,3,True,5760,5760,0,0.0,0.0005
2022-07-13,RS03AXBS-MJ03A-06-PRESTA301,3,True,5760,5760,0,0.0,0.0005
2022-07-14,RS03AXBS-MJ03A-06-PRESTA301,3,True,5760,5760,0,0.0,0.0005
2022-07-15,RS03AXBS-MJ03A-06-PRESTA301,3,True,5760,5760,0,0.0,0.0005
2022-07-16,RS03AXBS-MJ03A-06-PRESTA301,3,True,5760,5760,0,0.0,0.0005
2022-07-17,RS03AXBS-MJ03A-06-PRESTA301,3,True,5760,5760,0,0.0,0.0005
2022-07-18,RS03AXBS-MJ03A-06-PRESTA301,3,True,5760,5760,0,0.0,0.0005
2022-07-19,RS03AXBS-MJ03A-06-PRESTA301,3,True,5760,5760,0,0.0,0.0005
2022-07-20,RS03AXBS-MJ03A-06-PRESTA301,3,True,5760,5760,0,0.0,0.0005
2022-07-21,RS03AXBS-MJ03A-06-PRESTA301,3,True,5760,5760,0,0.0,0.0005
2022-07-22,RS03AXBS-MJ03A-06-PRESTA301,3,True,5760,5760,0,0.0,0.0005
2022-07-23,RS03AXBS-MJ03A-06-PRESTA301,3,True,5760,5760,0,0.0,0.0005
2022-07-24,RS03AXBS-MJ03A-06-PRESTA301,3,True,5760,5760,0,0.0,0.0005
2022-07-25,RS03AXBS-MJ03A-06-PRESTA301,3,True,5760,5760,0,0.0,0.0005
2022-07-26,RS03AXBS-MJ03A-06-PRESTA301,3,True,5760,5760,0,0.0,0.0005
2022-07-27,RS03AXBS-MJ03A-06-PRESTA301,3,True,5760,5760,0,0.0,0.0005
2022-07-28,RS03AXBS-MJ03A-06-PRESTA301,3,True,5759,5760,1,0.0174,0.0179
2022-07-29,RS03AXBS-MJ03A-06-PRESTA301,3,True,5760,5760,0,0.0,0.0005
2022-07-30,RS03AXBS-MJ03A-06-PRESTA301,3,True,5760,5760,0,0.0,0.0005
2022-07-31,RS03AXBS-MJ03A-06-PRESTA301,3,True,5760,5760,0,0.0,0.0005
2022-08-01,RS03AXBS-MJ03A-06-PRESTA301,3,True,5760,5760,0,0.0,0.0005
2022-08-02,RS03AXBS-MJ03A-06-PRESTA301,3,True,5621,5760,139,2.4132,2.4137
2022-08-03,RS03AXBS-MJ03A-06-PRESTA301,3,True,5760,5760,0,0.0,0.0005
2022-08-04,RS03AXBS-MJ03A-06-PRESTA301,3,True,5760,5760,0,0.0,0.0005
2022-08-05,RS03AXBS-MJ03A-06-PRESTA301,3,True,5760,5760,0,0.0,0.0005
2022-08-06,RS03AXBS-MJ03A-06-PRESTA301,3,True,5760,5760,0,0.0,0.0005
2022-08-07,RS03AXBS-MJ03A-06-PRESTA301,3,True,5760,5760,0,0.0,0.0005
2022-08-08,RS03AXBS-MJ03A-06-PRESTA301,3,True,5760,5760,0,0.0,0.0005
2022-08-09,RS03AXBS-MJ03A-06-PRESTA301,3,True,5760,5760,0,0.0,0.0005
2022-08-10,RS03AXBS-MJ03A-06-PRESTA301,3,True,5760,5760,0,0.0,0.0005
2022-08-11,RS03AXBS-MJ03A-06-PRESTA301,3,True,5760,5760,0,0.0,0.0005
2022-08-12,RS03AXBS-MJ03A-06-PRESTA301,3,True,5760,5760,0,0.0,0.0005
2022-08-13,RS03AXBS-MJ03A-06-PRESTA301,3,True,5153,5760,607,10.5382,10.5386
2022-08-14,RS03AXBS-MJ03A-06-PRESTA301,3,True,5760,5760,0,0.0,0.0005
2022-08-15,RS03AXBS-MJ03A-06-PRESTA301,3,True,5760,5760,0,0.0,0.0005
2022-08-16,RS03AXBS-MJ03A-06-PRESTA301,3,True,5760,5760,0,0.0,0.0005
2022-08-17,RS03AXBS-MJ03A-06-PRESTA301,3,True,5760,5760,0,0.0,0.0005
2022-08-18,RS03AXBS-MJ03A-06-PRESTA301,3,True,5760,5760,0,0.0,0.0005
2022-08-19,RS03AXBS-MJ03A-06-PRESTA301,3,True,5760,5760,0,0.0,0.0005
2022-08-20,RS03AXBS-MJ03A-06-PRESTA301,3,True,5760,5760,0,0.0,0.0005
2022-08-21,RS03AXBS-MJ03A-06-PRESTA301,3,True,5760,5760,0,0.0,0.0005
2022-08-22,RS03AXBS-MJ03A-06-PRESTA301,3,True,5760,5760,0,0.0,0.0005
2022-08-23,RS03AXBS-MJ03A-06-PRESTA301,3,True,5760,5760,0,0.0,0.0005
2022-08-24,RS03AXBS-MJ03A-06-PRESTA301,3,True,5760,5760,0,0.0,0.0005
2022-08-25,RS03AXBS-MJ03A-06-PRESTA301,3,True,5760,5760,0,0.0,0.0005
2022-08-26,RS03AXBS-MJ03A-06-PRESTA301,3,True,5760,5760,0,0.0,0.0005
2022-08-27,RS03AXBS-MJ03A-06-PRESTA301,3,True,5760,5760,0,0.0,0.0005
2022-08-28,RS03AXBS-MJ03A-06-PRESTA301,3,True,5760,5760,0,0.0,0.0005
2022-08-29,RS03AXBS-MJ03A-06-PRESTA301,3,True,553,553,0,0.0,90.3994
2022-08-30,RS03AXBS-MJ03A-06-PRESTA301,0,False,0,0,,,
2022-08-31,RS03AXBS-MJ03A-06-PRESTA301,4,True,5707,5760,53,0.9201,0.9206
2022-09-01,RS03AXBS-MJ03A-06-PRESTA301,4,True,5760,5760,0,0.0,0.0005
2022-09-02,RS03AXBS-MJ03A-06-PRESTA301,4,True,5760,5760,0,0.0,0.0005
2022-09-03,RS03AXBS-MJ03A-06-PRESTA301,4,True,5760,5760,0,0.0,0.0005
2022-09-04,RS03AXBS-MJ03A-06-PRESTA301,4,True,5760,5760,0,0.0,0.0005
2022-09-05,RS03AXBS-MJ03A-06-PRESTA301,4,True,5760,5760,0,0.0,0.0005
2022-09-06,RS03AXBS-MJ03A-06-PRESTA301,4,True,5760,5760,0,0.0,0.0005
2022-09-07,RS03AXBS-MJ03A-06-PRESTA301,4,True,5760,5760,0,0.0,0.0005
2022-09-08,RS03AXBS-MJ03A-06-PRESTA301,4,True,5760,5760,0,0.0,0.0005
2022-09-09,RS03AXBS-MJ03A-06-PRESTA301,4,True,5760,5760,0,0.0,0.0005
2022-09-10,RS03AXBS-MJ03A-06-PRESTA301,4,True,5760,5760,0,0.0,0.0005
2022-09-11,RS03AXBS-MJ03A-06-PRESTA301,4,True,5760,5760,0,0.0,0.0005
2022-09-12,RS03AXBS-MJ03A-06-PRESTA301,4,True,5760,5760,0,0.0,0.0005
2022-09-13,RS03AXBS-MJ03A-06-PRESTA301,4,True,5760,5760,0,0.0,0.0005
2022-09-14,RS03AXBS-MJ03A-06-PRESTA301,4,True,5760,5760,0,0.0,0.0005
2022-09-15,RS03AXBS-MJ03A-06-PRESTA301,4,True,5760,5760,0,0.0,0.0005
2022-09-16,RS03AXBS-MJ03A-06-PRESTA301,4,True,5760,5760,0,0.0,0.0005
2022-09-17,RS03AXBS-MJ03A-06-PRESTA301,4,True,5760,5760,0,0.0,0.0005
2022-09-18,RS03AXBS-MJ03A-06-PRESTA301,4,True,5760,5760,0,0.0,0.0005
2022-09-19,RS03AXBS-MJ03A-06-PRESTA301,4,True,5760,5760,0,0.0,0.0005
2022-09-20,RS03AXBS-MJ03A-06-PRESTA301,4,True,5760,5760,0,0.0,0.0005
2022-09-21,RS03AXBS-MJ03A-06-PRESTA301,4,True,5760,5760,0,0.0,0.0005
2022-09-22,RS03AXBS-MJ03A-06-PRESTA301,4,True,5760,5760,0,0.0,0.0005
2022-09-23,RS03AXBS-MJ03A-06-PRESTA301,4,True,5760,5760,0,0.0,0.0005
2022-09-24,RS03AXBS-MJ03A-06-PRESTA301,4,True,5760,5760,0,0.0,0.0005
2022-09-25,RS03AXBS-MJ03A-06-PRESTA301,4,True,5760,5760,0,0.0,0.0005
2022-09-26,RS03AXBS-MJ03A-06-PRESTA301,4,True,5760,5760,0,0.0,0.0005
2022-09-27,RS03AXBS-MJ03A-06-PRESTA301,4,True,5760,5760,0,0.0,0.0005
2022-09-28,RS03AXBS-MJ03A-06-PRESTA301,4,True,5760,5760,0,0.0,0.0005
2022-09-29,RS03AXBS-MJ03A-06-PRESTA301,4,True,5760,5760,0,0.0,0.0005
2022-09-30,RS03AXBS-MJ03A-06-PRESTA301,4,True,5760,5760,0,0.0,0.0005
2022-10-01,RS03AXBS-MJ03A-06-PRESTA301,4,True,5760,5760,0,0.0,0.0005
2022-10-02,RS03AXBS-MJ03A-06-PRESTA301,4,True,5760,5760,0,0.0,0.0005
2022-10-03,RS03AXBS-MJ03A-06-PRESTA301,4,True,5760,5760,0,0.0,0.0005
2022-10-04,RS03AXBS-MJ03A-06-PRESTA301,4,True,5760,5760,0,0.0,0.0005
2022-10-05,RS03AXBS-MJ03A-06-PRESTA301,4,True,5760,5760,0,0.0,0.0005
2022-10-06,RS03AXBS-MJ03A-06-PRESTA301,4,True,5760,5760,0,0.0,0.0005
2022-10-07,RS03AXBS-MJ03A-06-PRESTA301,4,True,5760,5760,0,0.0,0.0005
2022-10-08,RS03AXBS-MJ03A-06-PRESTA301,4,True,5758,5760,2,0.0347,0.0352
2022-10-09,RS03AXBS-MJ03A-06-PRESTA301,4,True,5760,5760,0,0.0,0.0005
2022-10-10,RS03AXBS-MJ03A-06-PRESTA301,4,True,5760,5760,0,0.0,0.0005
2022-10-11,RS03AXBS-MJ03A-06-PRESTA301,4,True,5760,5760,0,0.0,0.0005
2022-10-12,RS03AXBS-MJ03A-06-PRESTA301,4,True,5760,5760,0,0.0,0.0005
2022-10-13,RS03AXBS-MJ03A-06-PRESTA301,4,True,5760,5760,0,0.0,0.0005
2022-10-14,RS03AXBS-MJ03A-06-PRESTA301,4,True,5760,5760,0,0.0,0.0005
2022-10-15,RS03AXBS-MJ03A-06-PRESTA301,4,True,5760,5760,0,0.0,0.0005
2022-10-16,RS03AXBS-MJ03A-06-PRESTA301,4,True,5760,5760,0,0.0,0.0005
2022-10-17,RS03AXBS-MJ03A-06-PRESTA301,4,True,5760,5760,0,0.0,0.0005
2022-10-18,RS03AXBS-MJ03A-06-PRESTA301,4,True,5760,5760,0,0.0,0.0005
2022-10-19,RS03AXBS-MJ03A-06-PRESTA301,4,True,5729,5760,31,0.5382,0.5387
2022-10-20,RS03AXBS-MJ03A-06-PRESTA301,4,True,5760,5760,0,0.0,0.0005
2022-10-21,RS03AXBS-MJ03A-06-PRESTA301,4,True,5760,5760,0,0.0,0.0005
2022-10-22,RS03AXBS-MJ03A-06-PRESTA301,4,True,5760,5760,0,0.0,0.0005
2022-10-23,RS03AXBS-MJ03A-06-PRESTA301,4,True,5760,5760,0,0.0,0.0005
2022-10-24,RS03AXBS-MJ03A-06-PRESTA301,4,True,5760,5760,0,0.0,0.0005
2022-10-25,RS03AXBS-MJ03A-06-PRESTA301,4,True,5760,5760,0,0.0,0.0005
2022-10-26,RS03AXBS-MJ03A-06-PRESTA301,4,True,5760,5760,0,0.0,0.0005
2022-10-27,RS03AXBS-MJ03A-06-PRESTA301,4,True,5760,5760,0,0.0,0.0005
2022-10-28,RS03AXBS-MJ03A-06-PRESTA301,4,True,5760,5760,0,0.0,0.0005
2022-10-29,RS03AXBS-MJ03A-06-PRESTA301,4,True,5760,5760,0,0.0,0.0005
2022-10-30,RS03AXBS-MJ03A-06-PRESTA301,4,True,5760,5760,0,0.0,0.0005
2022-10-31,RS03AXBS-MJ03A-06-PRESTA301,4,True,5578,5760,182,3.1597,3.1602
2022-11-01,RS03AXBS-MJ03A-06-PRESTA301,4,True,5760,5760,0,0.0,0.0005
2022-11-02,RS03AXBS-MJ03A-06-PRESTA301,4,True,5760,5760,0,0.0,0.0005
2022-11-03,RS03AXBS-MJ03A-06-PRESTA301,4,True,5731,5760,29,0.5035,0.504
2022-11-04,RS03AXBS-MJ03A-06-PRESTA301,4,True,5760,5760,0,0.0,0.0005
2022-11-05,RS03AXBS-MJ03A-06-PRESTA301,4,True,5760,5760,0,0.0,0.0005
2022-11-06,RS03AXBS-MJ03A-06-PRESTA301,4,True,5760,5760,0,0.0,0.0005
2022-11-07,RS03AXBS-MJ03A-06-PRESTA301,4,True,5760,5760,0,0.0,0.0005
2022-11-08,RS03AXBS-MJ03A-06-PRESTA301,4,True,5760,5760,0,0.0,0.0005
2022-11-09,RS03AXBS-MJ03A-06-PRESTA301,4,True,5760,5760,0,0.0,0.0005
2022-11-10,RS03AXBS-MJ03A-06-PRESTA301,4,True,5760,5760,0,0.0,0.0005
2022-11-11,RS03AXBS-MJ03A-06-PRESTA301,4,True,5760,5760,0,0.0,0.0005
2022-11-12,RS03AXBS-MJ03A-06-PRESTA301,4,True,5760,5760,0,0.0,0.0005
2022-11-13,RS03AXBS-MJ03A-06-PRESTA301,4,True,5760,5760,0,0.0,0.0005
2022-11-14,RS03AXBS-MJ03A-06-PRESTA301,4,True,5760,5760,0,0.0,0.0005
2022-11-15,RS03AXBS-MJ03A-06-PRESTA301,4,True,5760,5760,0,0.0,0.0005
2022-11-16,RS03AXBS-MJ03A-06-PRESTA301,4,True,5760,5760,0,0.0,0.0005
2022-11-17,RS03AXBS-MJ03A-06-PRESTA301,4,True,5760,5760,0,0.0,0.0005
2022-11-18,RS03AXBS-MJ03A-06-PRESTA301,4,True,5760,5760,0,0.0,0.0005
2022-11-19,RS03AXBS-MJ03A-06-PRESTA301,4,True,5760,5760,0,0.0,0.0005
2022-11-20,RS03AXBS-MJ03A-06-PRESTA301,4,True,5760,5760,0,0.0,0.0005
2022-11-21,RS03AXBS-MJ03A-06-PRESTA301,4,True,5760,5760,0,0.0,0.0005
2022-11-22,RS03AXBS-MJ03A-06-PRESTA301,4,True,5760,5760,0,0.0,0.0005
2022-11-23,RS03AXBS-MJ03A-06-PRESTA301,4,True,5760,5760,0,0.0,0.0005
2022-11-24,RS03AXBS-MJ03A-06-PRESTA301,4,True,5760,5760,0,0.0,0.0005
2022-11-25,RS03AXBS-MJ03A-06-PRESTA301,4,True,5760,5760,0,0.0,0.0005
2022-11-26,RS03AXBS-MJ03A-06-PRESTA301,4,True,5760,5760,0,0.0,0.0005
2022-11-27,RS03AXBS-MJ03A-06-PRESTA301,4,True,5760,5760,0,0.0,0.0005
2022-11-28,RS03AXBS-MJ03A-06-PRESTA301,4,True,5760,5760,0,0.0,0.0005
2022-11-29,RS03AXBS-MJ03A-06-PRESTA301,4,True,4952,4952,0,0.0,14.0282
2022-11-30,RS03AXBS-MJ03A-06-PRESTA301,4,False,0,0,,,
2022-12-01,RS03AXBS-MJ03A-06-PRESTA301,4,True,160,162,2,1.2346,97.2222
2022-12-02,RS03AXBS-MJ03A-06-PRESTA301,4,True,5760,5760,0,0.0,0.0005
2022-12-03,RS03AXBS-MJ03A-06-PRESTA301,4,True,5760,5760,0,0.0,0.0005
2022-12-04,RS03AXBS-MJ03A-06-PRESTA301,4,True,5760,5760,0,0.0,0.0005
2022-12-05,RS03AXBS-MJ03A-06-PRESTA301,4,True,5760,5760,0,0.0,0.0005
2022-12-06,RS03AXBS-MJ03A-06-PRESTA301,4,True,5760,5760,0,0.0,0.0005
2022-12-07,RS03AXBS-MJ03A-06-PRESTA301,4,True,5760,5760,0,0.0,0.0005
2022-12-08,RS03AXBS-MJ03A-06-PRESTA301,4,True,5760,5760,0,0.0,0.0005
2022-12-09,RS03AXBS-MJ03A-06-PRESTA301,4,True,5760,5760,0,0.0,0.0005
2022-12-10,RS03AXBS-MJ03A-06-PRESTA301,4,True,5760,5760,0,0.0,0.0005
2022-12-11,RS03AXBS-MJ03A-06-PRESTA301,4,True,5760,5760,0,0.0,0.0005
2022-12-12,RS03AXBS-MJ03A-06-PRESTA301,4,True,5760,5760,0,0.0,0.0005
2022-12-13,RS03AXBS-MJ03A-06-PRESTA301,4,True,5760,5760,0,0.0,0.0005
2022-12-14,RS03AXBS-MJ03A-06-PRESTA301,4,True,5760,5760,0,0.0,0.0005
2022-12-15,RS03AXBS-MJ03A-06-PRESTA301,4,True,5760,5760,0,0.0,0.0005
2022-12-16,RS03AXBS-MJ03A-06-PRESTA301,4,True,5760,5760,0,0.0,0.0005
2022-12-17,RS03AXBS-MJ03A-06-PRESTA301,4,True,5760,5760,0,0.0,0.0005
2022-12-18,RS03AXBS-MJ03A-06-PRESTA301,4,True,5760,5760,0,0.0,0.0005
2022-12-19,RS03AXBS-MJ03A-06-PRESTA301,4,True,5760,5760,0,0.0,0.0005
2022-12-20,RS03AXBS-MJ03A-06-PRESTA301,4,True,5760,5760,0,0.0,0.0005
2022-12-21,RS03AXBS-MJ03A-06-PRESTA301,4,True,5760,5760,0,0.0,0.0005
2022-12-22,RS03AXBS-MJ03A-06-PRESTA301,4,True,5760,5760,0,0.0,0.0005
2022-12-23,RS03AXBS-MJ03A-06-PRESTA301,4,True,5760,5760,0,0.0,0.0005
2022-12-24,RS03AXBS-MJ03A-06-PRESTA301,4,True,5760,5760,0,0.0,0.0005
2022-12-25,RS03AXBS-MJ03A-06-PRESTA301,4,True,5760,5760,0,0.0,0.0005
2022-12-26,RS03AXBS-MJ03A-06-PRESTA301,4,True,5760,5760,0,0.0,0.0005
2022-12-27,RS03AXBS-MJ03A-06-PRESTA301,4,True,5567,5760,193,3.3507,3.3512
2022-12-28,RS03AXBS-MJ03A-06-PRESTA301,4,True,5760,5760,0,0.0,0.0005
2022-12-29,RS03AXBS-MJ03A-06-PRESTA301,4,True,5760,5760,0,0.0,0.0005
2022-12-30,RS03AXBS-MJ03A-06-PRESTA301,4,True,5760,5760,0,0.0,0.0005
2022-12-31,RS03AXBS-MJ03A-06-PRESTA301,4,True,5760,5760,0,0.0,0.0005
2023-01-01,RS03AXBS-MJ03A-06-PRESTA301,4,True,5760,5760,0,0.0,0.0005
2023-01-02,RS03AXBS-MJ03A-06-PRESTA301,4,True,5760,5760,0,0.0,0.0005
2023-01-03,RS03AXBS-MJ03A-06-PRESTA301,4,True,5760,5760,0,0.0,0.0005
2023-01-04,RS03AXBS-MJ03A-06-PRESTA301,4,True,5760,5760,0,0.0,0.0005
2023-01-05,RS03AXBS-MJ03A-06-PRESTA301,4,True,5760,5760,0,0.0,0.0005
2023-01-06,RS03AXBS-MJ03A-06-PRESTA301,4,True,5760,5760,0,0.0,0.0005
2023-01-07,RS03AXBS-MJ03A-06-PRESTA301,4,True,5760,5760,0,0.0,0.0005
2023-01-08,RS03AXBS-MJ03A-06-PRESTA301,4,True,5760,5760,0,0.0,0.0005
2023-01-09,RS03AXBS-MJ03A-06-PRESTA301,4,True,5760,5760,0,0.0,0.0005
2023-01-10,RS03AXBS-MJ03A-06-PRESTA301,4,True,5760,5760,0,0.0,0.0005
2023-01-11,RS03AXBS-MJ03A-06-PRESTA301,4,True,4908,4908,0,0.0,14.7921
2023-01-12,RS03AXBS-MJ03A-06-PRESTA301,4,False,0,0,,,
2023-01-13,RS03AXBS-MJ03A-06-PRESTA301,4,True,5319,5320,1,0.0188,7.6567
2023-01-14,RS03AXBS-MJ03A-06-PRESTA301,4,True,5760,5760,0,0.0,0.0005
2023-01-15,RS03AXBS-MJ03A-06-PRESTA301,4,True,5760,5760,0,0.0,0.0005
2023-01-16,RS03AXBS-MJ03A-06-PRESTA301,4,True,5760,5760,0,0.0,0.0005
2023-01-17,RS03AXBS-MJ03A-06-PRESTA301,4,True,5760,5760,0,0.0,0.0005
2023-01-18,RS03AXBS-MJ03A-06-PRESTA301,4,True,5760,5760,0,0.0,0.0005
2023-01-19,RS03AXBS-MJ03A-06-PRESTA301,4,True,5760,5760,0,0.0,0.0005
2023-01-20,RS03AXBS-MJ03A-06-PRESTA301,4,True,5760,5760,0,0.0,0.0005
2023-01-21,RS03AXBS-MJ03A-06-PRESTA301,4,True,5760,5760,0,0.0,0.0005
2023-01-22,RS03AXBS-MJ03A-06-PRESTA301,4,True,5760,5760,0,0.0,0.0005
2023-01-23,RS03AXBS-MJ03A-06-PRESTA301,4,True,5760,5760,0,0.0,0.0005
2023-01-24,RS03AXBS-MJ03A-06-PRESTA301,4,True,5760,5760,0,0.0,0.0005
2023-01-25,RS03AXBS-MJ03A-06-PRESTA301,4,True,5760,5760,0,0.0,0.0005
2023-01-26,RS03AXBS-MJ03A-06-PRESTA301,4,True,5760,5760,0,0.0,0.0005
2023-01-27,RS03AXBS-MJ03A-06-PRESTA301,4,True,5760,5760,0,0.0,0.0005
2023-01-28,RS03AXBS-MJ03A-06-PRESTA301,4,True,5760,5760,0,0.0,0.0005
2023-01-29,RS03AXBS-MJ03A-06-PRESTA301,4,True,5760,5760,0,0.0,0.0005
2023-01-30,RS03AXBS-MJ03A-06-PRESTA301,4,True,5760,5760,0,0.0,0.0005
2023-01-31,RS03AXBS-MJ03A-06-PRESTA301,4,True,5760,5760,0,0.0,0.0005
2023-02-01,RS03AXBS-MJ03A-06-PRESTA301,4,True,5760,5760,0,0.0,0.0005
2023-02-02,RS03AXBS-MJ03A-06-PRESTA301,4,True,5760,5760,0,0.0,0.0005
2023-02-03,RS03AXBS-MJ03A-06-PRESTA301,4,True,5760,5760,0,0.0,0.0005
2023-02-04,RS03AXBS-MJ03A-06-PRESTA301,4,True,5760,5760,0,0.0,0.0005
2023-02-05,RS03AXBS-MJ03A-06-PRESTA301,4,True,5760,5760,0,0.0,0.0005
2023-02-06,RS03AXBS-MJ03A-06-PRESTA301,4,True,5760,5760,0,0.0,0.0005
2023-02-07,RS03AXBS-MJ03A-06-PRESTA301,4,True,5735,5760,25,0.434,0.4345
2023-02-08,RS03AXBS-MJ03A-06-PRESTA301,4,True,5760,5760,0,0.0,0.0005
2023-02-09,RS03AXBS-MJ03A-06-PRESTA301,4,True,5760,5760,0,0.0,0.0005
2023-02-10,RS03AXBS-MJ03A-06-PRESTA301,4,True,5760,5760,0,0.0,0.0005
2023-02-11,RS03AXBS-MJ03A-06-PRESTA301,4,True,5760,5760,0,0.0,0.0005
2023-02-12,RS03AXBS-MJ03A-06-PRESTA301,4,True,5760,5760,0,0.0,0.0005
2023-02-13,RS03AXBS-MJ03A-06-PRESTA301,4,True,5760,5760,0,0.0,0.0005
2023-02-14,RS03AXBS-MJ03A-06-PRESTA301,4,True,5760,5760,0,0.0,0.0005
2023-02-15,RS03AXBS-MJ03A-06-PRESTA301,4,True,5760,5760,0,0.0,0.0005
2023-02-16,RS03AXBS-MJ03A-06-PRESTA301,4,True,5760,5760,0,0.0,0.0005
2023-02-17,RS03AXBS-MJ03A-06-PRESTA301,4,True,5760,5760,0,0.0,0.0005
2023-02-18,RS03AXBS-MJ03A-06-PRESTA301,4,True,5760,5760,0,0.0,0.0005
2023-02-19,RS03AXBS-MJ03A-06-PRESTA301,4,True,5760,5760,0,0.0,0.0005
2023-02-20,RS03AXBS-MJ03A-06-PRESTA301,4,True,5760,5760,0,0.0,0.0005
2023-02-21,RS03AXBS-MJ03A-06-PRESTA301,4,True,5760,5760,0,0.0,0.0005
2023-02-22,RS03AXBS-MJ03A-06-PRESTA301,4,True,4572,5760,1188,20.625,20.6254
2023-02-23,RS03AXBS-MJ03A-06-PRESTA301,4,True,5760,5760,0,0.0,0.0005
2023-02-24,RS03AXBS-MJ03A-06-PRESTA301,4,True,5760,5760,0,0.0,0.0005
2023-02-25,RS03AXBS-MJ03A-06-PRESTA301,4,True,5760,5760,0,0.0,0.0005
2023-02-26,RS03AXBS-MJ03A-06-PRESTA301,4,True,5760,5760,0,0.0,0.0005
2023-02-27,RS03AXBS-MJ03A-06-PRESTA301,4,True,5760,5760,0,0.0,0.0005
2023-02-28,RS03AXBS-MJ03A-06-PRESTA301,4,True,5760,5760,0,0.0,0.0005
2023-03-01,RS03AXBS-MJ03A-06-PRESTA301,4,True,5760,5760,0,0.0,0.0005
2023-03-02,RS03AXBS-MJ03A-06-PRESTA301,4,True,5760,5760,0,0.0,0.0005
2023-03-03,RS03AXBS-MJ03A-06-PRESTA301,4,True,5760,5760,0,0.0,0.0005
2023-03-04,RS03AXBS-MJ03A-06-PRESTA301,4,True,5760,5760,0,0.0,0.0005
2023-03-05,RS03AXBS-MJ03A-06-PRESTA301,4,True,5760,5760,0,0.0,0.0005
2023-03-06,RS03AXBS-MJ03A-06-PRESTA301,4,True,5760,5760,0,0.0,0.0005
2023-03-07,RS03AXBS-MJ03A-06-PRESTA301,4,True,5760,5760,0,0.0,0.0005
2023-03-08,RS03AXBS-MJ03A-06-PRESTA301,4,True,5760,5760,0,0.0,0.0005
2023-03-09,RS03AXBS-MJ03A-06-PRESTA301,4,True,5760,5760,0,0.0,0.0005
2023-03-10,RS03AXBS-MJ03A-06-PRESTA301,4,True,5760,5760,0,0.0,0.0005
2023-03-11,RS03AXBS-MJ03A-06-PRESTA301,4,True,5760,5760,0,0.0,0.0005
2023-03-12,RS03AXBS-MJ03A-06-PRESTA301,4,True,5760,5760,0,0.0,0.0005
2023-03-13,RS03AXBS-MJ03A-06-PRESTA301,4,True,5760,5760,0,0.0,0.0005
2023-03-14,RS03AXBS-MJ03A-06-PRESTA301,4,True,5760,5760,0,0.0,0.0005
2023-03-15,RS03AXBS-MJ03A-06-PRESTA301,4,True,5760,5760,0,0.0,0.0005
2023-03-16,RS03AXBS-MJ03A-06-PRESTA301,4,True,5760,5760,0,0.0,0.0005
2023-03-17,RS03AXBS-MJ03A-06-PRESTA301,4,True,5760,5760,0,0.0,0.0005
2023-03-18,RS03AXBS-MJ03A-06-PRESTA301,4,True,5760,5760,0,0.0,0.0005
2023-03-19,RS03AXBS-MJ03A-06-PRESTA301,4,True,5760,5760,0,0.0,0.0005
2023-03-20,RS03AXBS-MJ03A-06-PRESTA301,4,True,5760,5760,0,0.0,0.0005
2023-03-21,RS03AXBS-MJ03A-06-PRESTA301,4,True,5760,5760,0,0.0,0.0005
2023-03-22,RS03AXBS-MJ03A-06-PRESTA301,4,True,5760,5760,0,0.0,0.0005
2023-03-23,RS03AXBS-MJ03A-06-PRESTA301,4,True,5760,5760,0,0.0,0.0005
2023-03-24,RS03AXBS-MJ03A-06-PRESTA301,4,True,5760,5760,0,0.0,0.0005
2023-03-25,RS03AXBS-MJ03A-06-PRESTA301,4,True,5760,5760,0,0.0,0.0005
2023-03-26,RS03AXBS-MJ03A-06-PRESTA301,4,True,5760,5760,0,0.0,0.0005
2023-03-27,RS03AXBS-MJ03A-06-PRESTA301,4,True,5760,5760,0,0.0,0.0005
2023-03-28,RS03AXBS-MJ03A-06-PRESTA301,4,True,5760,5760,0,0.0,0.0005
2023-03-29,RS03AXBS-MJ03A-06-PRESTA301,4,True,5760,5760,0,0.0,0.0005
2023-03-30,RS03AXBS-MJ03A-06-PRESTA301,4,True,5760,5760,0,0.0,0.0005
2023-03-31,RS03AXBS-MJ03A-06-PRESTA301,4,True,5760,5760,0,0.0,0.0005
2023-04-01,RS03AXBS-MJ03A-06-PRESTA301,4,True,5760,5760,0,0.0,0.0005
2023-04-02,RS03AXBS-MJ03A-06-PRESTA301,4,True,5760,5760,0,0.0,0.0005
2023-04-03,RS03AXBS-MJ03A-06-PRESTA301,4,True,5760,5760,0,0.0,0.0005
2023-04-04,RS03AXBS-MJ03A-06-PRESTA301,4,True,5760,5760,0,0.0,0.0005
2023-04-05,RS03AXBS-MJ03A-06-PRESTA301,4,True,5760,5760,0,0.0,0.0005
2023-04-06,RS03AXBS-MJ03A-06-PRESTA301,4,True,5760,5760,0,0.0,0.0005
2023-04-07,RS03AXBS-MJ03A-06-PRESTA301,4,True,5760,5760,0,0.0,0.0005
2023-04-08,RS03AXBS-MJ03A-06-PRESTA301,4,True,5760,5760,0,0.0,0.0005
2023-04-09,RS03AXBS-MJ03A-06-PRESTA301,4,True,5760,5760,0,0.0,0.0005
2023-04-10,RS03AXBS-MJ03A-06-PRESTA301,4,True,5760,5760,0,0.0,0.0005
2023-04-11,RS03AXBS-MJ03A-06-PRESTA301,4,True,5760,5760,0,0.0,0.0005
2023-04-12,RS03AXBS-MJ03A-06-PRESTA301,4,True,5760,5760,0,0.0,0.0005
2023-04-13,RS03AXBS-MJ03A-06-PRESTA301,4,True,5760,5760,0,0.0,0.0005
2023-04-14,RS03AXBS-MJ03A-06-PRESTA301,4,True,5760,5760,0,0.0,0.0005
2023-04-15,RS03AXBS-MJ03A-06-PRESTA301,4,True,5760,5760,0,0.0,0.0005
2023-04-16,RS03AXBS-MJ03A-06-PRESTA301,4,True,5760,5760,0,0.0,0.0005
2023-04-17,RS03AXBS-MJ03A-06-PRESTA301,4,True,5760,5760,0,0.0,0.0005
2023-04-18,RS03AXBS-MJ03A-06-PRESTA301,4,True,5760,5760,0,0.0,0.0005
2023-04-19,RS03AXBS-MJ03A-06-PRESTA301,4,True,5760,5760,0,0.0,0.0005
2023-04-20,RS03AXBS-MJ03A-06-PRESTA301,4,True,5760,5760,0,0.0,0.0005
2023-04-21,RS03AXBS-MJ03A-06-PRESTA301,4,True,5760,5760,0,0.0,0.0005
2023-04-22,RS03AXBS-MJ03A-06-PRESTA301,4,True,5760,5760,0,0.0,0.0005
2023-04-23,RS03AXBS-MJ03A-06-PRESTA301,4,True,5760,5760,0,0.0,0.0005
2023-04-24,RS03AXBS-MJ03A-06-PRESTA301,4,True,5760,5760,0,0.0,0.0005
2023-04-25,RS03AXBS-MJ03A-06-PRESTA301,4,True,5760,5760,0,0.0,0.0005
2023-04-26,RS03AXBS-MJ03A-06-PRESTA301,4,True,5744,5760,16,0.2778,0.2783
2023-04-27,RS03AXBS-MJ03A-06-PRESTA301,4,True,5760,5760,0,0.0,0.0005
2023-04-28,RS03AXBS-MJ03A-06-PRESTA301,4,True,5760,5760,0,0.0,0.0005
2023-04-29,RS03AXBS-MJ03A-06-PRESTA301,4,True,5760,5760,0,0.0,0.0005
2023-04-30,RS03AXBS-MJ03A-06-PRESTA301,4,True,5760,5760,0,0.0,0.0005
2023-05-01,RS03AXBS-MJ03A-06-PRESTA301,4,True,5760,5760,0,0.0,0.0005
2023-05-02,RS03AXBS-MJ03A-06-PRESTA301,4,True,5760,5760,0,0.0,0.0005
2023-05-03,RS03AXBS-MJ03A-06-PRESTA301,4,True,5759,5760,1,0.0174,0.0179
2023-05-04,RS03AXBS-MJ03A-06-PRESTA301,4,True,5760,5760,0,0.0,0.0005
2023-05-05,RS03AXBS-MJ03A-06-PRESTA301,4,True,5760,5760,0,0.0,0.0005
2023-05-06,RS03AXBS-MJ03A-06-PRESTA301,4,True,5760,5760,0,0.0,0.0005
2023-05-07,RS03AXBS-MJ03A-06-PRESTA301,4,True,5760,5760,0,0.0,0.0005
2023-05-08,RS03AXBS-MJ03A-06-PRESTA301,4,True,5760,5760,0,0.0,0.0005
2023-05-09,RS03AXBS-MJ03A-06-PRESTA301,4,True,5760,5760,0,0.0,0.0005
2023-05-10,RS03AXBS-MJ03A-06-PRESTA301,4,True,5760,5760,0,0.0,0.0005
2023-05-11,RS03AXBS-MJ03A-06-PRESTA301,4,True,5260,5760,500,8.6806,8.681
2023-05-12,RS03AXBS-MJ03A-06-PRESTA301,4,True,5716,5760,44,0.7639,0.7644
2023-05-13,RS03AXBS-MJ03A-06-PRESTA301,4,True,5727,5760,33,0.5729,0.5734
2023-05-14,RS03AXBS-MJ03A-06-PRESTA301,4,True,5760,5760,0,0.0,0.0005
2023-05-15,RS03AXBS-MJ03A-06-PRESTA301,4,True,5760,5760,0,0.0,0.0005
2023-05-16,RS03AXBS-MJ03A-06-PRESTA301,4,True,5760,5760,0,0.0,0.0005
2023-05-17,RS03AXBS-MJ03A-06-PRESTA301,4,True,5760,5760,0,0.0,0.0005
2023-05-18,RS03AXBS-MJ03A-06-PRESTA301,4,True,5760,5760,0,0.0,0.0005
2023-05-19,RS03AXBS-MJ03A-06-PRESTA301,4,True,5760,5760,0,0.0,0.0005
2023-05-20,RS03AXBS-MJ03A-06-PRESTA301,4,True,5760,5760,0,0.0,0.0005
2023-05-21,RS03AXBS-MJ03A-06-PRESTA301,4,True,5760,5760,0,0.0,0.0005
2023-05-22,RS03AXBS-MJ03A-06-PRESTA301,4,True,5760,5760,0,0.0,0.0005
2023-05-23,RS03AXBS-MJ03A-06-PRESTA301,4,True,5760,5760,0,0.0,0.0005
2023-05-24,RS03AXBS-MJ03A-06-PRESTA301,4,True,5760,5760,0,0.0,0.0005
2023-05-25,RS03AXBS-MJ03A-06-PRESTA301,4,True,5760,5760,0,0.0,0.0005
2023-05-26,RS03AXBS-MJ03A-06-PRESTA301,4,True,5760,5760,0,0.0,0.0005
2023-05-27,RS03AXBS-MJ03A-06-PRESTA301,4,True,5760,5760,0,0.0,0.0005
2023-05-28,RS03AXBS-MJ03A-06-PRESTA301,4,True,5760,5760,0,0.0,0.0005
2023-05-29,RS03AXBS-MJ03A-06-PRESTA301,4,True,5760,5760,0,0.0,0.0005
2023-05-30,RS03AXBS-MJ03A-06-PRESTA301,4,True,5760,5760,0,0.0,0.0005
2023-05-31,RS03AXBS-MJ03A-06-PRESTA301,4,True,5760,5760,0,0.0,0.0005
2023-06-01,RS03AXBS-MJ03A-06-PRESTA301,4,True,5760,5760,0,0.0,0.0005
2023-06-02,RS03AXBS-MJ03A-06-PRESTA301,4,True,5760,5760,0,0.0,0.0005
2023-06-03,RS03AXBS-MJ03A-06-PRESTA301,4,True,5760,5760,0,0.0,0.0005
2023-06-04,RS03AXBS-MJ03A-06-PRESTA301,4,True,5760,5760,0,0.0,0.0005
2023-06-05,RS03AXBS-MJ03A-06-PRESTA301,4,True,5760,5760,0,0.0,0.0005
2023-06-06,RS03AXBS-MJ03A-06-PRESTA301,4,True,5760,5760,0,0.0,0.0005
2023-06-07,RS03AXBS-MJ03A-06-PRESTA301,4,True,5760,5760,0,0.0,0.0005
2023-06-08,RS03AXBS-MJ03A-06-PRESTA301,4,True,5760,5760,0,0.0,0.0005
2023-06-09,RS03AXBS-MJ03A-06-PRESTA301,4,True,5695,5760,65,1.1285,1.129
2023-06-10,RS03AXBS-MJ03A-06-PRESTA301,4,True,5760,5760,0,0.0,0.0005
2023-06-11,RS03AXBS-MJ03A-06-PRESTA301,4,True,5760,5760,0,0.0,0.0005
2023-06-12,RS03AXBS-MJ03A-06-PRESTA301,4,True,5760,5760,0,0.0,0.0005
2023-06-13,RS03AXBS-MJ03A-06-PRESTA301,4,True,5760,5760,0,0.0,0.0005
2023-06-14,RS03AXBS-MJ03A-06-PRESTA301,4,True,5760,5760,0,0.0,0.0005
2023-06-15,RS03AXBS-MJ03A-06-PRESTA301,4,True,5760,5760,0,0.0,0.0005
2023-06-16,RS03AXBS-MJ03A-06-PRESTA301,4,True,5760,5760,0,0.0,0.0005
2023-06-17,RS03AXBS-MJ03A-06-PRESTA301,4,True,5760,5760,0,0.0,0.0005
2023-06-18,RS03AXBS-MJ03A-06-PRESTA301,4,True,1544,1544,0,0.0,73.1946
2023-06-19,RS03AXBS-MJ03A-06-PRESTA301,4,False,0,0,,,
2023-06-20,RS03AXBS-MJ03A-06-PRESTA301,4,True,665,666,1,0.1502,88.4549
2023-06-21,RS03AXBS-MJ03A-06-PRESTA301,4,True,5760,5760,0,0.0,0.0005
2023-06-22,RS03AXBS-MJ03A-06-PRESTA301,4,True,5760,5760,0,0.0,0.0005
2023-06-23,RS03AXBS-MJ03A-06-PRESTA301,4,True,5760,5760,0,0.0,0.0005
2023-06-24,RS03AXBS-MJ03A-06-PRESTA301,4,True,5760,5760,0,0.0,0.0005
2023-06-25,RS03AXBS-MJ03A-06-PRESTA301,4,True,5760,5760,0,0.0,0.0005
2023-06-26,RS03AXBS-MJ03A-06-PRESTA301,4,True,5760,5760,0,0.0,0.0005
2023-06-27,RS03AXBS-MJ03A-06-PRESTA301,4,True,5760,5760,0,0.0,0.0005
2023-06-28,RS03AXBS-MJ03A-06-PRESTA301,4,True,5760,5760,0,0.0,0.0005
2023-06-29,RS03AXBS-MJ03A-06-PRESTA301,4,True,5760,5760,0,0.0,0.0005
2023-06-30,RS03AXBS-MJ03A-06-PRESTA301,4,True,5738,5760,22,0.3819,0.3824
2023-07-01,RS03AXBS-MJ03A-06-PRESTA301,4,True,5760,5760,0,0.0,0.0005
2023-07-02,RS03AXBS-MJ03A-06-PRESTA301,4,True,5760,5760,0,0.0,0.0005
2023-07-03,RS03AXBS-MJ03A-06-PRESTA301,4,True,5760,5760,0,0.0,0.0005
2023-07-04,RS03AXBS-MJ03A-06-PRESTA301,4,True,5760,5760,0,0.0,0.0005
2023-07-05,RS03AXBS-MJ03A-06-PRESTA301,4,True,5760,5760,0,0.0,0.0005
2023-07-06,RS03AXBS-MJ03A-06-PRESTA301,4,True,5760,5760,0,0.0,0.0005
2023-07-07,RS03AXBS-MJ03A-06-PRESTA301,4,True,5760,5760,0,0.0,0.0005
2023-07-08,RS03AXBS-MJ03A-06-PRESTA301,4,True,5760,5760,0,0.0,0.0005
2023-07-09,RS03AXBS-MJ03A-06-PRESTA301,4,True,5760,5760,0,0.0,0.0005
2023-07-10,RS03AXBS-MJ03A-06-PRESTA301,4,True,5418,5760,342,5.9375,5.938
2023-07-11,RS03AXBS-MJ03A-06-PRESTA301,4,True,5760,5760,0,0.0,0.0005
2023-07-12,RS03AXBS-MJ03A-06-PRESTA301,4,True,5760,5760,0,0.0,0.0005
2023-07-13,RS03AXBS-MJ03A-06-PRESTA301,4,True,5760,5760,0,0.0,0.0005
2023-07-14,RS03AXBS-MJ03A-06-PRESTA301,4,True,5760,5760,0,0.0,0.0005
2023-07-15,RS03AXBS-MJ03A-06-PRESTA301,4,True,5760,5760,0,0.0,0.0005
2023-07-16,RS03AXBS-MJ03A-06-PRESTA301,4,True,5760,5760,0,0.0,0.0005
2023-07-17,RS03AXBS-MJ03A-06-PRESTA301,4,True,5760,5760,0,0.0,0.0005
2023-07-18,RS03AXBS-MJ03A-06-PRESTA301,4,True,5760,5760,0,0.0,0.0005
2023-07-19,RS03AXBS-MJ03A-06-PRESTA301,4,True,5760,5760,0,0.0,0.0005
2023-07-20,RS03AXBS-MJ03A-06-PRESTA301,4,True,5719,5760,41,0.7118,0.7123
2023-07-21,RS03AXBS-MJ03A-06-PRESTA301,4,True,5760,5760,0,0.0,0.0005
2023-07-22,RS03AXBS-MJ03A-06-PRESTA301,4,True,3289,3289,0,0.0,42.8996
2023-07-23,RS03AXBS-MJ03A-06-PRESTA301,4,False,0,0,,,
2023-07-24,RS03AXBS-MJ03A-06-PRESTA301,4,False,0,0,,,
2023-07-25,RS03AXBS-MJ03A-06-PRESTA301,4,False,0,0,,,
2023-07-26,RS03AXBS-MJ03A-06-PRESTA301,4,True,1365,1365,0,0.0,76.3022
2023-07-27,RS03AXBS-MJ03A-06-PRESTA301,4,True,5760,5760,0,0.0,0.0005
2023-07-28,RS03AXBS-MJ03A-06-PRESTA301,4,True,5760,5760,0,0.0,0.0005
2023-07-29,RS03AXBS-MJ03A-06-PRESTA301,4,True,5760,5760,0,0.0,0.0005
2023-07-30,RS03AXBS-MJ03A-06-PRESTA301,4,True,5760,5760,0,0.0,0.0005
2023-07-31,RS03AXBS-MJ03A-06-PRESTA301,4,True,5760,5760,0,0.0,0.0005
2023-08-01,RS03AXBS-MJ03A-06-PRESTA301,4,True,5731,5760,29,0.5035,0.504
2023-08-02,RS03AXBS-MJ03A-06-PRESTA301,4,True,5760,5760,0,0.0,0.0005
2023-08-03,RS03AXBS-MJ03A-06-PRESTA301,4,True,5760,5760,0,0.0,0.0005
2023-08-04,RS03AXBS-MJ03A-06-PRESTA301,4,True,5760,5760,0,0.0,0.0005
2023-08-05,RS03AXBS-MJ03A-06-PRESTA301,4,True,5760,5760,0,0.0,0.0005
2023-08-06,RS03AXBS-MJ03A-06-PRESTA301,4,True,5760,5760,0,0.0,0.0005
2023-08-07,RS03AXBS-MJ03A-06-PRESTA301,4,True,5760,5760,0,0.0,0.0005
2023-08-08,RS03AXBS-MJ03A-06-PRESTA301,4,True,5760,5760,0,0.0,0.0005
2023-08-09,RS03AXBS-MJ03A-06-PRESTA301,4,True,5692,5760,68,1.1806,1.181
2023-08-10,RS03AXBS-MJ03A-06-PRESTA301,4,True,5760,5760,0,0.0,0.0005
2023-08-11,RS03AXBS-MJ03A-06-PRESTA301,4,True,5760,5760,0,0.0,0.0005
2023-08-12,RS03AXBS-MJ03A-06-PRESTA301,4,True,5760,5760,0,0.0,0.0005
2023-08-13,RS03AXBS-MJ03A-06-PRESTA301,4,True,5760,5760,0,0.0,0.0005
2023-08-14,RS03AXBS-MJ03A-06-PRESTA301,4,True,5760,5760,0,0.0,0.0005
2023-08-15,RS03AXBS-MJ03A-06-PRESTA301,4,True,5760,5760,0,0.0,0.0005
2023-08-16,RS03AXBS-MJ03A-06-PRESTA301,4,True,5759,5760,1,0.0174,0.0179
2023-08-17,RS03AXBS-MJ03A-06-PRESTA301,4,True,5753,5760,7,0.1215,0.122
2023-08-18,RS03AXBS-MJ03A-06-PRESTA301,4,True,5760,5760,0,0.0,0.0005
2023-08-19,RS03AXBS-MJ03A-06-PRESTA301,4,True,5760,5760,0,0.0,0.0005
2023-08-20,RS03AXBS-MJ03A-06-PRESTA301,4,True,5760,5760,0,0.0,0.0005
2023-08-21,RS03AXBS-MJ03A-06-PRESTA301,4,True,5760,5760,0,0.0,0.0005
2023-08-22,RS03AXBS-MJ03A-06-PRESTA301,4,True,5760,5760,0,0.0,0.0005
2023-08-23,RS03AXBS-MJ03A-06-PRESTA301,4,True,5760,5760,0,0.0,0.0005
2023-08-24,RS03AXBS-MJ03A-06-PRESTA301,4,True,5760,5760,0,0.0,0.0005
2023-08-25,RS03AXBS-MJ03A-06-PRESTA301,4,True,5760,5760,0,0.0,0.0005
2023-08-26,RS03AXBS-MJ03A-06-PRESTA301,4,True,5760,5760,0,0.0,0.0005
2023-08-27,RS03AXBS-MJ03A-06-PRESTA301,4,True,5760,5760,0,0.0,0.0005
2023-08-28,RS03AXBS-MJ03A-06-PRESTA301,4,True,5760,5760,0,0.0,0.0005
2023-08-29,RS03AXBS-MJ03A-06-PRESTA301,4,True,5760,5760,0,0.0,0.0005
2023-08-30,RS03AXBS-MJ03A-06-PRESTA301,4,True,5760,5760,0,0.0,0.0005
2023-08-31,RS03AXBS-MJ03A-06-PRESTA301,4,True,5760,5760,0,0.0,0.0005
2023-09-01,RS03AXBS-MJ03A-06-PRESTA301,4,True,5760,5760,0,0.0,0.0005
2023-09-02,RS03AXBS-MJ03A-06-PRESTA301,4,True,5760,5760,0,0.0,0.0005
2023-09-03,RS03AXBS-MJ03A-06-PRESTA301,4,True,5760,5760,0,0.0,0.0005
2023-09-04,RS03AXBS-MJ03A-06-PRESTA301,4,True,5760,5760,0,0.0,0.0005
2023-09-05,RS03AXBS-MJ03A-06-PRESTA301,4,True,5760,5760,0,0.0,0.0005
2023-09-06,RS03AXBS-MJ03A-06-PRESTA301,4,True,5760,5760,0,0.0,0.0005
2023-09-07,RS03AXBS-MJ03A-06-PRESTA301,4,True,5760,5760,0,0.0,0.0005
2023-09-08,RS03AXBS-MJ03A-06-PRESTA301,4,True,5760,5760,0,0.0,0.0005
2023-09-09,RS03AXBS-MJ03A-06-PRESTA301,4,True,5760,5760,0,0.0,0.0005
2023-09-10,RS03AXBS-MJ03A-06-PRESTA301,4,True,5760,5760,0,0.0,0.0005
2023-09-11,RS03AXBS-MJ03A-06-PRESTA301,4,True,3389,3389,0,0.0,41.1635
2023-09-12,RS03AXBS-MJ03A-06-PRESTA301,4,True,1792,1793,1,0.0558,68.889
2023-09-13,RS03AXBS-MJ03A-06-PRESTA301,4,True,5725,5760,35,0.6076,0.6081
2023-09-14,RS03AXBS-MJ03A-06-PRESTA301,4,True,5760,5760,0,0.0,0.0005
2023-09-15,RS03AXBS-MJ03A-06-PRESTA301,4,True,5760,5760,0,0.0,0.0005
2023-09-16,RS03AXBS-MJ03A-06-PRESTA301,4,True,5760,5760,0,0.0,0.0005
2023-09-17,RS03AXBS-MJ03A-06-PRESTA301,4,True,5760,5760,0,0.0,0.0005
2023-09-18,RS03AXBS-MJ03A-06-PRESTA301,4,True,5760,5760,0,0.0,0.0005
2023-09-19,RS03AXBS-MJ03A-06-PRESTA301,4,True,5760,5760,0,0.0,0.0005
2023-09-20,RS03AXBS-MJ03A-06-PRESTA301,4,True,5760,5760,0,0.0,0.0005
2023-09-21,RS03AXBS-MJ03A-06-PRESTA301,4,True,5760,5760,0,0.0,0.0005
2023-09-22,RS03AXBS-MJ03A-06-PRESTA301,4,True,5760,5760,0,0.0,0.0005
2023-09-23,RS03AXBS-MJ03A-06-PRESTA301,4,True,5760,5760,0,0.0,0.0005
2023-09-24,RS03AXBS-MJ03A-06-PRESTA301,4,True,5760,5760,0,0.0,0.0005
2023-09-25,RS03AXBS-MJ03A-06-PRESTA301,4,True,5760,5760,0,0.0,0.0005
2023-09-26,RS03AXBS-MJ03A-06-PRESTA301,4,True,5549,5760,211,3.6632,3.6637
2023-09-27,RS03AXBS-MJ03A-06-PRESTA301,4,True,5697,5760,63,1.0938,1.0942
2023-09-28,RS03AXBS-MJ03A-06-PRESTA301,4,True,5760,5760,0,0.0,0.0005
2023-09-29,RS03AXBS-MJ03A-06-PRESTA301,4,True,5718,5760,42,0.7292,0.7297
2023-09-30,RS03AXBS-MJ03A-06-PRESTA301,4,True,5760,5760,0,0.0,0.0005
2023-10-01,RS03AXBS-MJ03A-06-PRESTA301,4,True,5760,5760,0,0.0,0.0005
2023-10-02,RS03AXBS-MJ03A-06-PRESTA301,4,True,5760,5760,0,0.0,0.0005
2023-10-03,RS03AXBS-MJ03A-06-PRESTA301,4,True,5760,5760,0,0.0,0.0005
2023-10-04,RS03AXBS-MJ03A-06-PRESTA301,4,True,5760,5760,0,0.0,0.0005
2023-10-05,RS03AXBS-MJ03A-06-PRESTA301,4,True,5760,5760,0,0.0,0.0005
2023-10-06,RS03AXBS-MJ03A-06-PRESTA301,4,True,5760,5760,0,0.0,0.0005
2023-10-07,RS03AXBS-MJ03A-06-PRESTA301,4,True,5760,5760,0,0.0,0.0005
2023-10-08,RS03AXBS-MJ03A-06-PRESTA301,4,True,5760,5760,0,0.0,0.0005
2023-10-09,RS03AXBS-MJ03A-06-PRESTA301,4,True,5760,5760,0,0.0,0.0005
2023-10-10,RS03AXBS-MJ03A-06-PRESTA301,4,True,5760,5760,0,0.0,0.0005
2023-10-11,RS03AXBS-MJ03A-06-PRESTA301,4,True,5760,5760,0,0.0,0.0005
2023-10-12,RS03AXBS-MJ03A-06-PRESTA301,4,True,5760,5760,0,0.0,0.0005
2023-10-13,RS03AXBS-MJ03A-06-PRESTA301,4,True,5760,5760,0,0.0,0.0005
2023-10-14,RS03AXBS-MJ03A-06-PRESTA301,4,True,5760,5760,0,0.0,0.0005
2023-10-15,RS03AXBS-MJ03A-06-PRESTA301,4,True,5760,5760,0,0.0,0.0005
2023-10-16,RS03AXBS-MJ03A-06-PRESTA301,4,True,5760,5760,0,0.0,0.0005
2023-10-17,RS03AXBS-MJ03A-06-PRESTA301,4,True,5760,5760,0,0.0,0.0005
2023-10-18,RS03AXBS-MJ03A-06-PRESTA301,4,True,5760,5760,0,0.0,0.0005
2023-10-19,RS03AXBS-MJ03A-06-PRESTA301,4,True,5760,5760,0,0.0,0.0005
2023-10-20,RS03AXBS-MJ03A-06-PRESTA301,4,True,5760,5760,0,0.0,0.0005
2023-10-21,RS03AXBS-MJ03A-06-PRESTA301,4,True,5760,5760,0,0.0,0.0005
2023-10-22,RS03AXBS-MJ03A-06-PRESTA301,4,True,5760,5760,0,0.0,0.0005
2023-10-23,RS03AXBS-MJ03A-06-PRESTA301,4,True,5760,5760,0,0.0,0.0005
2023-10-24,RS03AXBS-MJ03A-06-PRESTA301,4,True,5760,5760,0,0.0,0.0005
2023-10-25,RS03AXBS-MJ03A-06-PRESTA301,4,True,5760,5760,0,0.0,0.0005
2023-10-26,RS03AXBS-MJ03A-06-PRESTA301,4,True,5760,5760,0,0.0,0.0005
2023-10-27,RS03AXBS-MJ03A-06-PRESTA301,4,True,5760,5760,0,0.0,0.0005
2023-10-28,RS03AXBS-MJ03A-06-PRESTA301,4,True,5760,5760,0,0.0,0.0005
2023-10-29,RS03AXBS-MJ03A-06-PRESTA301,4,True,5760,5760,0,0.0,0.0005
2023-10-30,RS03AXBS-MJ03A-06-PRESTA301,4,True,5760,5760,0,0.0,0.0005
2023-10-31,RS03AXBS-MJ03A-06-PRESTA301,4,True,5760,5760,0,0.0,0.0005
2023-11-01,RS03AXBS-MJ03A-06-PRESTA301,4,True,5760,5760,0,0.0,0.0005
2023-11-02,RS03AXBS-MJ03A-06-PRESTA301,4,True,5760,5760,0,0.0,0.0005
2023-11-03,RS03AXBS-MJ03A-06-PRESTA301,4,True,5760,5760,0,0.0,0.0005
2023-11-04,RS03AXBS-MJ03A-06-PRESTA301,4,True,5760,5760,0,0.0,0.0005
2023-11-05,RS03AXBS-MJ03A-06-PRESTA301,4,True,5760,5760,0,0.0,0.0005
2023-11-06,RS03AXBS-MJ03A-06-PRESTA301,4,True,5760,5760,0,0.0,0.0005
2023-11-07,RS03AXBS-MJ03A-06-PRESTA301,4,True,5760,5760,0,0.0,0.0005
2023-11-08,RS03AXBS-MJ03A-06-PRESTA301,4,True,5760,5760,0,0.0,0.0005
2023-11-09,RS03AXBS-MJ03A-06-PRESTA301,4,True,5760,5760,0,0.0,0.0005
2023-11-10,RS03AXBS-MJ03A-06-PRESTA301,4,True,5760,5760,0,0.0,0.0005
2023-11-11,RS03AXBS-MJ03A-06-PRESTA301,4,True,5760,5760,0,0.0,0.0005
2023-11-12,RS03AXBS-MJ03A-06-PRESTA301,4,True,4881,4881,0,0.0,15.2608
2023-11-13,RS03AXBS-MJ03A-06-PRESTA301,4,True,5551,5760,209,3.6285,3.629
2023-11-14,RS03AXBS-MJ03A-06-PRESTA301,4,True,5760,5760,0,0.0,0.0005
2023-11-15,RS03AXBS-MJ03A-06-PRESTA301,4,True,5760,5760,0,0.0,0.0005
2023-11-16,RS03AXBS-MJ03A-06-PRESTA301,4,True,5760,5760,0,0.0,0.0005
2023-11-17,RS03AXBS-MJ03A-06-PRESTA301,4,True,5760,5760,0,0.0,0.0005
2023-11-18,RS03AXBS-MJ03A-06-PRESTA301,4,True,5760,5760,0,0.0,0.0005
2023-11-19,RS03AXBS-MJ03A-06-PRESTA301,4,True,5760,5760,0,0.0,0.0005
2023-11-20,RS03AXBS-MJ03A-06-PRESTA301,4,True,5760,5760,0,0.0,0.0005
2023-11-21,RS03AXBS-MJ03A-06-PRESTA301,4,True,5760,5760,0,0.0,0.0005
2023-11-22,RS03AXBS-MJ03A-06-PRESTA301,4,True,5760,5760,0,0.0,0.0005
2023-11-23,RS03AXBS-MJ03A-06-PRESTA301,4,True,5760,5760,0,0.0,0.0005
2023-11-24,RS03AXBS-MJ03A-06-PRESTA301,4,True,5760,5760,0,0.0,0.0005
2023-11-25,RS03AXBS-MJ03A-06-PRESTA301,4,True,5760,5760,0,0.0,0.0005
2023-11-26,RS03AXBS-MJ03A-06-PRESTA301,4,True,3531,3531,0,0.0,38.6982
2023-11-27,RS03AXBS-MJ03A-06-PRESTA301,4,False,0,0,,,
2023-11-28,RS03AXBS-MJ03A-06-PRESTA301,4,False,0,0,,,
2023-11-29,RS03AXBS-MJ03A-06-PRESTA301,4,False,0,0,,,
2023-11-30,RS03AXBS-MJ03A-06-PRESTA301,4,False,0,0,,,
2023-12-01,RS03AXBS-MJ03A-06-PRESTA301,4,False,0,0,,,
2023-12-02,RS03AXBS-MJ03A-06-PRESTA301,4,False,0,0,,,
2023-12-03,RS03AXBS-MJ03A-06-PRESTA301,4,False,0,0,,,
2023-12-04,RS03AXBS-MJ03A-06-PRESTA301,4,False,0,0,,,
2023-12-05,RS03AXBS-MJ03A-06-PRESTA301,4,False,0,0,,,
2023-12-06,RS03AXBS-MJ03A-06-PRESTA301,4,False,0,0,,,
2023-12-07,RS03AXBS-MJ03A-06-PRESTA301,4,False,0,0,,,
2023-12-08,RS03AXBS-MJ03A-06-PRESTA301,4,False,0,0,,,
2023-12-09,RS03AXBS-MJ03A-06-PRESTA301,4,False,0,0,,,
2023-12-10,RS03AXBS-MJ03A-06-PRESTA301,4,False,0,0,,,
2023-12-11,RS03AXBS-MJ03A-06-PRESTA301,4,False,0,0,,,
2023-12-12,RS03AXBS-MJ03A-06-PRESTA301,4,False,0,0,,,
2023-12-13,RS03AXBS-MJ03A-06-PRESTA301,4,False,0,0,,,
2023-12-14,RS03AXBS-MJ03A-06-PRESTA301,4,True,101,101,0,0.0,98.2465
2023-12-15,RS03AXBS-MJ03A-06-PRESTA301,4,True,5722,5760,38,0.6597,0.6602
2023-12-16,RS03AXBS-MJ03A-06-PRESTA301,4,True,5760,5760,0,0.0,0.0005
2023-12-17,RS03AXBS-MJ03A-06-PRESTA301,4,True,5760,5760,0,0.0,0.0005
2023-12-18,RS03AXBS-MJ03A-06-PRESTA301,4,True,5760,5760,0,0.0,0.0005
2023-12-19,RS03AXBS-MJ03A-06-PRESTA301,4,True,5760,5760,0,0.0,0.0005
2023-12-20,RS03AXBS-MJ03A-06-PRESTA301,4,True,5760,5760,0,0.0,0.0005
2023-12-21,RS03AXBS-MJ03A-06-PRESTA301,4,True,5760,5760,0,0.0,0.0005
2023-12-22,RS03AXBS-MJ03A-06-PRESTA301,4,True,5760,5760,0,0.0,0.0005
2023-12-23,RS03AXBS-MJ03A-06-PRESTA301,4,True,5760,5760,0,0.0,0.0005
2023-12-24,RS03AXBS-MJ03A-06-PRESTA301,4,True,5760,5760,0,0.0,0.0005
2023-12-25,RS03AXBS-MJ03A-06-PRESTA301,4,True,5760,5760,0,0.0,0.0005
2023-12-26,RS03AXBS-MJ03A-06-PRESTA301,4,True,5760,5760,0,0.0,0.0005
2023-12-27,RS03AXBS-MJ03A-06-PRESTA301,4,True,5760,5760,0,0.0,0.0005
2023-12-28,RS03AXBS-MJ03A-06-PRESTA301,4,True,5760,5760,0,0.0,0.0005
2023-12-29,RS03AXBS-MJ03A-06-PRESTA301,4,True,5760,5760,0,0.0,0.0005
2023-12-30,RS03AXBS-MJ03A-06-PRESTA301,4,True,5760,5760,0,0.0,0.0005
2023-12-31,RS03AXBS-MJ03A-06-PRESTA301,4,True,5760,5760,0,0.0,0.0005
2024-01-01,RS03AXBS-MJ03A-06-PRESTA301,4,True,5760,5760,0,0.0,0.0005
2024-01-02,RS03AXBS-MJ03A-06-PRESTA301,4,True,5760,5760,0,0.0,0.0005
2024-01-03,RS03AXBS-MJ03A-06-PRESTA301,4,True,5760,5760,0,0.0,0.0005
2024-01-04,RS03AXBS-MJ03A-06-PRESTA301,4,True,5760,5760,0,0.0,0.0005
2024-01-05,RS03AXBS-MJ03A-06-PRESTA301,4,True,5760,5760,0,0.0,0.0005
2024-01-06,RS03AXBS-MJ03A-06-PRESTA301,4,True,5760,5760,0,0.0,0.0005
2024-01-07,RS03AXBS-MJ03A-06-PRESTA301,4,True,5760,5760,0,0.0,0.0005
2024-01-08,RS03AXBS-MJ03A-06-PRESTA301,4,True,5760,5760,0,0.0,0.0005
2024-01-09,RS03AXBS-MJ03A-06-PRESTA301,4,True,5760,5760,0,0.0,0.0005
2024-01-10,RS03AXBS-MJ03A-06-PRESTA301,4,True,5760,5760,0,0.0,0.0005
2024-01-11,RS03AXBS-MJ03A-06-PRESTA301,4,True,5760,5760,0,0.0,0.0005
2024-01-12,RS03AXBS-MJ03A-06-PRESTA301,4,True,5760,5760,0,0.0,0.0005
2024-01-13,RS03AXBS-MJ03A-06-PRESTA301,4,True,5760,5760,0,0.0,0.0005
2024-01-14,RS03AXBS-MJ03A-06-PRESTA301,4,True,5760,5760,0,0.0,0.0005
2024-01-15,RS03AXBS-MJ03A-06-PRESTA301,4,True,5760,5760,0,0.0,0.0005
2024-01-16,RS03AXBS-MJ03A-06-PRESTA301,4,True,5760,5760,0,0.0,0.0005
2024-01-17,RS03AXBS-MJ03A-06-PRESTA301,4,True,5760,5760,0,0.0,0.0005
2024-01-18,RS03AXBS-MJ03A-06-PRESTA301,4,True,5760,5760,0,0.0,0.0005
2024-01-19,RS03AXBS-MJ03A-06-PRESTA301,4,True,5760,5760,0,0.0,0.0005
2024-01-20,RS03AXBS-MJ03A-06-PRESTA301,4,True,5760,5760,0,0.0,0.0005
2024-01-21,RS03AXBS-MJ03A-06-PRESTA301,4,True,5760,5760,0,0.0,0.0005
2024-01-22,RS03AXBS-MJ03A-06-PRESTA301,4,True,5760,5760,0,0.0,0.0005
2024-01-23,RS03AXBS-MJ03A-06-PRESTA301,4,True,5760,5760,0,0.0,0.0005
2024-01-24,RS03AXBS-MJ03A-06-PRESTA301,4,True,4242,4242,0,0.0,26.3545
2024-01-25,RS03AXBS-MJ03A-06-PRESTA301,4,True,5602,5602,0,0.0,2.7435
2024-01-26,RS03AXBS-MJ03A-06-PRESTA301,4,True,5760,5760,0,0.0,0.0005
2024-01-27,RS03AXBS-MJ03A-06-PRESTA301,4,True,5760,5760,0,0.0,0.0005
2024-01-28,RS03AXBS-MJ03A-06-PRESTA301,4,True,5760,5760,0,0.0,0.0005
2024-01-29,RS03AXBS-MJ03A-06-PRESTA301,4,True,5760,5760,0,0.0,0.0005
2024-01-30,RS03AXBS-MJ03A-06-PRESTA301,4,True,5760,5760,0,0.0,0.0005
2024-01-31,RS03AXBS-MJ03A-06-PRESTA301,4,True,5760,5760,0,0.0,0.0005
2024-02-01,RS03AXBS-MJ03A-06-PRESTA301,4,True,5760,5760,0,0.0,0.0005
2024-02-02,RS03AXBS-MJ03A-06-PRESTA301,4,True,5760,5760,0,0.0,0.0005
2024-02-03,RS03AXBS-MJ03A-06-PRESTA301,4,True,5760,5760,0,0.0,0.0005
2024-02-04,RS03AXBS-MJ03A-06-PRESTA301,4,True,5760,5760,0,0.0,0.0005
2024-02-05,RS03AXBS-MJ03A-06-PRESTA301,4,True,5760,5760,0,0.0,0.0005
2024-02-06,RS03AXBS-MJ03A-06-PRESTA301,4,True,5754,5760,6,0.1042,0.1047
2024-02-07,RS03AXBS-MJ03A-06-PRESTA301,4,True,5760,5760,0,0.0,0.0005
2024-02-08,RS03AXBS-MJ03A-06-PRESTA301,4,True,5760,5760,0,0.0,0.0005
2024-02-09,RS03AXBS-MJ03A-06-PRESTA301,4,True,5760,5760,0,0.0,0.0005
2024-02-10,RS03AXBS-MJ03A-06-PRESTA301,4,True,5760,5760,0,0.0,0.0005
2024-02-11,RS03AXBS-MJ03A-06-PRESTA301,4,True,5760,5760,0,0.0,0.0005
2024-02-12,RS03AXBS-MJ03A-06-PRESTA301,4,True,5760,5760,0,0.0,0.0005
2024-02-13,RS03AXBS-MJ03A-06-PRESTA301,4,True,5760,5760,0,0.0,0.0005
2024-02-14,RS03AXBS-MJ03A-06-PRESTA301,4,True,5728,5760,32,0.5556,0.5561
2024-02-15,RS03AXBS-MJ03A-06-PRESTA301,4,True,5760,5760,0,0.0,0.0005
2024-02-16,RS03AXBS-MJ03A-06-PRESTA301,4,True,5760,5760,0,0.0,0.0005
2024-02-17,RS03AXBS-MJ03A-06-PRESTA301,4,True,5760,5760,0,0.0,0.0005
2024-02-18,RS03AXBS-MJ03A-06-PRESTA301,4,True,5760,5760,0,0.0,0.0005
2024-02-19,RS03AXBS-MJ03A-06-PRESTA301,4,True,5760,5760,0,0.0,0.0005
2024-02-20,RS03AXBS-MJ03A-06-PRESTA301,4,True,5760,5760,0,0.0,0.0005
2024-02-21,RS03AXBS-MJ03A-06-PRESTA301,4,True,5737,5760,23,0.3993,0.3998
2024-02-22,RS03AXBS-MJ03A-06-PRESTA301,4,True,4971,5760,789,13.6979,13.6983
2024-02-23,RS03AXBS-MJ03A-06-PRESTA301,4,True,5760,5760,0,0.0,0.0005
2024-02-24,RS03AXBS-MJ03A-06-PRESTA301,4,True,5760,5760,0,0.0,0.0005
2024-02-25,RS03AXBS-MJ03A-06-PRESTA301,4,True,5760,5760,0,0.0,0.0005
2024-02-26,RS03AXBS-MJ03A-06-PRESTA301,4,True,5760,5760,0,0.0,0.0005
2024-02-27,RS03AXBS-MJ03A-06-PRESTA301,4,True,5760,5760,0,0.0,0.0005
2024-02-28,RS03AXBS-MJ03A-06-PRESTA301,4,True,5760,5760,0,0.0,0.0005
2024-02-29,RS03AXBS-MJ03A-06-PRESTA301,4,True,5760,5760,0,0.0,0.0005
2024-03-01,RS03AXBS-MJ03A-06-PRESTA301,4,True,5760,5760,0,0.0,0.0005
2024-03-02,RS03AXBS-MJ03A-06-PRESTA301,4,True,5760,5760,0,0.0,0.0005
2024-03-03,RS03AXBS-MJ03A-06-PRESTA301,4,True,5760,5760,0,0.0,0.0005
2024-03-04,RS03AXBS-MJ03A-06-PRESTA301,4,True,5760,5760,0,0.0,0.0005
2024-03-05,RS03AXBS-MJ03A-06-PRESTA301,4,True,5760,5760,0,0.0,0.0005
2024-03-06,RS03AXBS-MJ03A-06-PRESTA301,4,True,5760,5760,0,0.0,0.0005
2024-03-07,RS03AXBS-MJ03A-06-PRESTA301,4,True,5760,5760,0,0.0,0.0005
2024-03-08,RS03AXBS-MJ03A-06-PRESTA301,4,True,5760,5760,0,0.0,0.0005
2024-03-09,RS03AXBS-MJ03A-06-PRESTA301,4,True,5760,5760,0,0.0,0.0005
2024-03-10,RS03AXBS-MJ03A-06-PRESTA301,4,True,5760,5760,0,0.0,0.0005
2024-03-11,RS03AXBS-MJ03A-06-PRESTA301,4,True,5760,5760,0,0.0,0.0005
2024-03-12,RS03AXBS-MJ03A-06-PRESTA301,4,True,5760,5760,0,0.0,0.0005
2024-03-13,RS03AXBS-MJ03A-06-PRESTA301,4,True,5760,5760,0,0.0,0.0005
2024-03-14,RS03AXBS-MJ03A-06-PRESTA301,4,True,5760,5760,0,0.0,0.0005
2024-03-15,RS03AXBS-MJ03A-06-PRESTA301,4,True,5760,5760,0,0.0,0.0005
2024-03-16,RS03AXBS-MJ03A-06-PRESTA301,4,True,5760,5760,0,0.0,0.0005
2024-03-17,RS03AXBS-MJ03A-06-PRESTA301,4,True,5760,5760,0,0.0,0.0005
2024-03-18,RS03AXBS-MJ03A-06-PRESTA301,4,True,5760,5760,0,0.0,0.0005
2024-03-19,RS03AXBS-MJ03A-06-PRESTA301,4,True,5760,5760,0,0.0,0.0005
2024-03-20,RS03AXBS-MJ03A-06-PRESTA301,4,True,5760,5760,0,0.0,0.0005
2024-03-21,RS03AXBS-MJ03A-06-PRESTA301,4,True,5760,5760,0,0.0,0.0005
2024-03-22,RS03AXBS-MJ03A-06-PRESTA301,4,True,5760,5760,0,0.0,0.0005
2024-03-23,RS03AXBS-MJ03A-06-PRESTA301,4,True,5760,5760,0,0.0,0.0005
2024-03-24,RS03AXBS-MJ03A-06-PRESTA301,4,True,5760,5760,0,0.0,0.0005
2024-03-25,RS03AXBS-MJ03A-06-PRESTA301,4,True,5760,5760,0,0.0,0.0005
2024-03-26,RS03AXBS-MJ03A-06-PRESTA301,4,True,5760,5760,0,0.0,0.0005
2024-03-27,RS03AXBS-MJ03A-06-PRESTA301,4,True,5760,5760,0,0.0,0.0005
2024-03-28,RS03AXBS-MJ03A-06-PRESTA301,4,True,5760,5760,0,0.0,0.0005
2024-03-29,RS03AXBS-MJ03A-06-PRESTA301,4,True,5760,5760,0,0.0,0.0005
2024-03-30,RS03AXBS-MJ03A-06-PRESTA301,4,True,5760,5760,0,0.0,0.0005
2024-03-31,RS03AXBS-MJ03A-06-PRESTA301,4,True,5760,5760,0,0.0,0.0005
2024-04-01,RS03AXBS-MJ03A-06-PRESTA301,4,True,5760,5760,0,0.0,0.0005
2024-04-02,RS03AXBS-MJ03A-06-PRESTA301,4,True,297,297,0,0.0,94.8438
2024-04-03,RS03AXBS-MJ03A-06-PRESTA301,4,False,0,0,,,
2024-04-04,RS03AXBS-MJ03A-06-PRESTA301,4,True,5437,5437,0,0.0,5.6081
2024-04-05,RS03AXBS-MJ03A-06-PRESTA301,4,True,5697,5760,63,1.0938,1.0942
2024-04-06,RS03AXBS-MJ03A-06-PRESTA301,4,True,5760,5760,0,0.0,0.0005
2024-04-07,RS03AXBS-MJ03A-06-PRESTA301,4,True,5760,5760,0,0.0,0.0005
2024-04-08,RS03AXBS-MJ03A-06-PRESTA301,4,True,5760,5760,0,0.0,0.0005
2024-04-09,RS03AXBS-MJ03A-06-PRESTA301,4,True,5282,5282,0,0.0,8.2991
2024-04-10,RS03AXBS-MJ03A-06-PRESTA301,4,True,2249,5294,3045,57.5179,60.9551
2024-04-11,RS03AXBS-MJ03A-06-PRESTA301,4,True,5760,5760,0,0.0,0.0005
2024-04-12,RS03AXBS-MJ03A-06-PRESTA301,4,True,5760,5760,0,0.0,0.0005
2024-04-13,RS03AXBS-MJ03A-06-PRESTA301,4,True,5760,5760,0,0.0,0.0005
2024-04-14,RS03AXBS-MJ03A-06-PRESTA301,4,True,5760,5760,0,0.0,0.0005
2024-04-15,RS03AXBS-MJ03A-06-PRESTA301,4,True,5760,5760,0,0.0,0.0005
2024-04-16,RS03AXBS-MJ03A-06-PRESTA301,4,True,5760,5760,0,0.0,0.0005
2024-04-17,RS03AXBS-MJ03A-06-PRESTA301,4,True,5760,5760,0,0.0,0.0005
2024-04-18,RS03AXBS-MJ03A-06-PRESTA301,4,True,5760,5760,0,0.0,0.0005
2024-04-19,RS03AXBS-MJ03A-06-PRESTA301,4,True,5760,5760,0,0.0,0.0005
2024-04-20,RS03AXBS-MJ03A-06-PRESTA301,4,True,5760,5760,0,0.0,0.0005
2024-04-21,RS03AXBS-MJ03A-06-PRESTA301,4,True,5760,5760,0,0.0,0.0005
2024-04-22,RS03AXBS-MJ03A-06-PRESTA301,4,True,5760,5760,0,0.0,0.0005
2024-04-23,RS03AXBS-MJ03A-06-PRESTA301,4,True,5760,5760,0,0.0,0.0005
2024-04-24,RS03AXBS-MJ03A-06-PRESTA301,4,True,5760,5760,0,0.0,0.0005
2024-04-25,RS03AXBS-MJ03A-06-PRESTA301,4,True,5760,5760,0,0.0,0.0005
2024-04-26,RS03AXBS-MJ03A-06-PRESTA301,4,True,5760,5760,0,0.0,0.0005
2024-04-27,RS03AXBS-MJ03A-06-PRESTA301,4,True,5760,5760,0,0.0,0.0005
2024-04-28,RS03AXBS-MJ03A-06-PRESTA301,4,True,5760,5760,0,0.0,0.0005
2024-04-29,RS03AXBS-MJ03A-06-PRESTA301,4,True,5760,5760,0,0.0,0.0005
2024-04-30,RS03AXBS-MJ03A-06-PRESTA301,4,True,5760,5760,0,0.0,0.0005
2024-05-01,RS03AXBS-MJ03A-06-PRESTA301,4,True,5760,5760,0,0.0,0.0005
2024-05-02,RS03AXBS-MJ03A-06-PRESTA301,4,True,5733,5760,27,0.4688,0.4692
2024-05-03,RS03AXBS-MJ03A-06-PRESTA301,4,True,5760,5760,0,0.0,0.0005
2024-05-04,RS03AXBS-MJ03A-06-PRESTA301,4,True,5760,5760,0,0.0,0.0005
2024-05-05,RS03AXBS-MJ03A-06-PRESTA301,4,True,5760,5760,0,0.0,0.0005
2024-05-06,RS03AXBS-MJ03A-06-PRESTA301,4,True,3668,3668,0,0.0,36.3198
2024-05-07,RS03AXBS-MJ03A-06-PRESTA301,4,True,4460,4461,1,0.0224,22.5698
2024-05-08,RS03AXBS-MJ03A-06-PRESTA301,4,True,5760,5760,0,0.0,0.0005
2024-05-09,RS03AXBS-MJ03A-06-PRESTA301,4,True,5760,5760,0,0.0,0.0005
2024-05-10,RS03AXBS-MJ03A-06-PRESTA301,4,True,5760,5760,0,0.0,0.0005
2024-05-11,RS03AXBS-MJ03A-06-PRESTA301,4,True,5760,5760,0,0.0,0.0005
2024-05-12,RS03AXBS-MJ03A-06-PRESTA301,4,True,5760,5760,0,0.0,0.0005
2024-05-13,RS03AXBS-MJ03A-06-PRESTA301,4,True,5760,5760,0,0.0,0.0005
2024-05-14,RS03AXBS-MJ03A-06-PRESTA301,4,True,5760,5760,0,0.0,0.0005
2024-05-15,RS03AXBS-MJ03A-06-PRESTA301,4,True,5760,5760,0,0.0,0.0005
2024-05-16,RS03AXBS-MJ03A-06-PRESTA301,4,True,5760,5760,0,0.0,0.0005
2024-05-17,RS03AXBS-MJ03A-06-PRESTA301,4,True,5760,5760,0,0.0,0.0005
2024-05-18,RS03AXBS-MJ03A-06-PRESTA301,4,True,5760,5760,0,0.0,0.0005
2024-05-19,RS03AXBS-MJ03A-06-PRESTA301,4,True,5760,5760,0,0.0,0.0005
2024-05-20,RS03AXBS-MJ03A-06-PRESTA301,4,True,5760,5760,0,0.0,0.0005
2024-05-21,RS03AXBS-MJ03A-06-PRESTA301,4,True,5760,5760,0,0.0,0.0005
2024-05-22,RS03AXBS-MJ03A-06-PRESTA301,4,True,5760,5760,0,0.0,0.0005
2024-05-23,RS03AXBS-MJ03A-06-PRESTA301,4,True,5760,5760,0,0.0,0.0005
2024-05-24,RS03AXBS-MJ03A-06-PRESTA301,4,True,5760,5760,0,0.0,0.0005
2024-05-25,RS03AXBS-MJ03A-06-PRESTA301,4,True,5760,5760,0,0.0,0.0005
2024-05-26,RS03AXBS-MJ03A-06-PRESTA301,4,True,5760,5760,0,0.0,0.0005
2024-05-27,RS03AXBS-MJ03A-06-PRESTA301,4,True,5760,5760,0,0.0,0.0005
2024-05-28,RS03AXBS-MJ03A-06-PRESTA301,4,True,5760,5760,0,0.0,0.0005
2024-05-29,RS03AXBS-MJ03A-06-PRESTA301,4,True,3255,3255,0,0.0,43.4899
2024-05-30,RS03AXBS-MJ03A-06-PRESTA301,4,True,2044,2044,0,0.0,64.5141
2024-05-31,RS03AXBS-MJ03A-06-PRESTA301,4,True,5760,5760,0,0.0,0.0005
2024-06-01,RS03AXBS-MJ03A-06-PRESTA301,4,True,5760,5760,0,0.0,0.0005
2024-06-02,RS03AXBS-MJ03A-06-PRESTA301,4,True,5760,5760,0,0.0,0.0005
2024-06-03,RS03AXBS-MJ03A-06-PRESTA301,4,True,5760,5760,0,0.0,0.0005
2024-06-04,RS03AXBS-MJ03A-06-PRESTA301,4,True,5760,5760,0,0.0,0.0005
2024-06-05,RS03AXBS-MJ03A-06-PRESTA301,4,True,5760,5760,0,0.0,0.0005
2024-06-06,RS03AXBS-MJ03A-06-PRESTA301,4,True,5760,5760,0,0.0,0.0005
2024-06-07,RS03AXBS-MJ03A-06-PRESTA301,4,True,5760,5760,0,0.0,0.0005
2024-06-08,RS03AXBS-MJ03A-06-PRESTA301,4,True,5760,5760,0,0.0,0.0005
2024-06-09,RS03AXBS-MJ03A-06-PRESTA301,4,True,5760,5760,0,0.0,0.0005
2024-06-10,RS03AXBS-MJ03A-06-PRESTA301,4,True,5760,5760,0,0.0,0.0005
2024-06-11,RS03AXBS-MJ03A-06-PRESTA301,4,True,5760,5760,0,0.0,0.0005
2024-06-12,RS03AXBS-MJ03A-06-PRESTA301,4,True,5760,5760,0,0.0,0.0005
2024-06-13,RS03AXBS-MJ03A-06-PRESTA301,4,True,5760,5760,0,0.0,0.0005
2024-06-14,RS03AXBS-MJ03A-06-PRESTA301,4,True,5760,5760,0,0.0,0.0005
2024-06-15,RS03AXBS-MJ03A-06-PRESTA301,4,True,5760,5760,0,0.0,0.0005
2024-06-16,RS03AXBS-MJ03A-06-PRESTA301,4,True,5760,5760,0,0.0,0.0005
2024-06-17,RS03AXBS-MJ03A-06-PRESTA301,4,True,5760,5760,0,0.0,0.0005
2024-06-18,RS03AXBS-MJ03A-06-PRESTA301,4,True,5682,5760,78,1.3542,1.3547
2024-06-19,RS03AXBS-MJ03A-06-PRESTA301,4,True,5690,5760,70,1.2153,1.2158
2024-06-20,RS03AXBS-MJ03A-06-PRESTA301,4,True,5760,5760,0,0.0,0.0005
2024-06-21,RS03AXBS-MJ03A-06-PRESTA301,4,True,5760,5760,0,0.0,0.0005
2024-06-22,RS03AXBS-MJ03A-06-PRESTA301,4,True,5760,5760,0,0.0,0.0005
2024-06-23,RS03AXBS-MJ03A-06-PRESTA301,4,True,5760,5760,0,0.0,0.0005
2024-06-24,RS03AXBS-MJ03A-06-PRESTA301,4,True,5760,5760,0,0.0,0.0005
2024-06-25,RS03AXBS-MJ03A-06-PRESTA301,4,True,5760,5760,0,0.0,0.0005
2024-06-26,RS03AXBS-MJ03A-06-PRESTA301,4,True,5760,5760,0,0.0,0.0005
2024-06-27,RS03AXBS-MJ03A-06-PRESTA301,4,True,5760,5760,0,0.0,0.0005
2024-06-28,RS03AXBS-MJ03A-06-PRESTA301,4,True,5760,5760,0,0.0,0.0005
2024-06-29,RS03AXBS-MJ03A-06-PRESTA301,4,True,5760,5760,0,0.0,0.0005
2024-06-30,RS03AXBS-MJ03A-06-PRESTA301,4,True,5760,5760,0,0.0,0.0005
2024-07-01,RS03AXBS-MJ03A-06-PRESTA301,4,True,5760,5760,0,0.0,0.0005
2024-07-02,RS03AXBS-MJ03A-06-PRESTA301,4,True,5760,5760,0,0.0,0.0005
2024-07-03,RS03AXBS-MJ03A-06-PRESTA301,4,True,2464,2464,0,0.0,57.2224
2024-07-04,RS03AXBS-MJ03A-06-PRESTA301,4,False,0,0,,,
2024-07-05,RS03AXBS-MJ03A-06-PRESTA301,4,True,1534,1534,0,0.0,73.3682
2024-07-06,RS03AXBS-MJ03A-06-PRESTA301,4,True,5760,5760,0,0.0,0.0005
2024-07-07,RS03AXBS-MJ03A-06-PRESTA301,4,True,5760,5760,0,0.0,0.0005
2024-07-08,RS03AXBS-MJ03A-06-PRESTA301,4,True,5760,5760,0,0.0,0.0005
2024-07-09,RS03AXBS-MJ03A-06-PRESTA301,4,True,5760,5760,0,0.0,0.0005
2024-07-10,RS03AXBS-MJ03A-06-PRESTA301,4,True,5760,5760,0,0.0,0.0005
2024-07-11,RS03AXBS-MJ03A-06-PRESTA301,4,True,5722,5760,38,0.6597,0.6602
2024-07-12,RS03AXBS-MJ03A-06-PRESTA301,4,True,5760,5760,0,0.0,0.0005
2024-07-13,RS03AXBS-MJ03A-06-PRESTA301,4,True,5760,5760,0,0.0,0.0005
2024-07-14,RS03AXBS-MJ03A-06-PRESTA301,4,True,5760,5760,0,0.0,0.0005
2024-07-15,RS03AXBS-MJ03A-06-PRESTA301,4,True,5760,5760,0,0.0,0.0005
2024-07-16,RS03AXBS-MJ03A-06-PRESTA301,4,True,5760,5760,0,0.0,0.0005
2024-07-17,RS03AXBS-MJ03A-06-PRESTA301,4,True,5760,5760,0,0.0,0.0005
2024-07-18,RS03AXBS-MJ03A-06-PRESTA301,4,True,5760,5760,0,0.0,0.0005
2024-07-19,RS03AXBS-MJ03A-06-PRESTA301,4,True,5760,5760,0,0.0,0.0005
2024-07-20,RS03AXBS-MJ03A-06-PRESTA301,4,True,5760,5760,0,0.0,0.0005
2024-07-21,RS03AXBS-MJ03A-06-PRESTA301,4,True,5760,5760,0,0.0,0.0005
2024-07-22,RS03AXBS-MJ03A-06-PRESTA301,4,True,5760,5760,0,0.0,0.0005
2024-07-23,RS03AXBS-MJ03A-06-PRESTA301,4,True,5760,5760,0,0.0,0.0005
2024-07-24,RS03AXBS-MJ03A-06-PRESTA301,4,True,5760,5760,0,0.0,0.0005
2024-07-25,RS03AXBS-MJ03A-06-PRESTA301,4,True,5760,5760,0,0.0,0.0005
2024-07-26,RS03AXBS-MJ03A-06-PRESTA301,4,True,5760,5760,0,0.0,0.0005
2024-07-27,RS03AXBS-MJ03A-06-PRESTA301,4,True,5760,5760,0,0.0,0.0005
2024-07-28,RS03AXBS-MJ03A-06-PRESTA301,4,True,5760,5760,0,0.0,0.0005
2024-07-29,RS03AXBS-MJ03A-06-PRESTA301,4,True,5760,5760,0,0.0,0.0005
2024-07-30,RS03AXBS-MJ03A-06-PRESTA301,4,True,5760,5760,0,0.0,0.0005
2024-07-31,RS03AXBS-MJ03A-06-PRESTA301,4,True,5760,5760,0,0.0,0.0005
2024-08-01,RS03AXBS-MJ03A-06-PRESTA301,4,True,5760,5760,0,0.0,0.0005
2024-08-02,RS03AXBS-MJ03A-06-PRESTA301,4,True,5760,5760,0,0.0,0.0005
2024-08-03,RS03AXBS-MJ03A-06-PRESTA301,4,True,5760,5760,0,0.0,0.0005
2024-08-04,RS03AXBS-MJ03A-06-PRESTA301,4,True,5760,5760,0,0.0,0.0005
2024-08-05,RS03AXBS-MJ03A-06-PRESTA301,4,True,5760,5760,0,0.0,0.0005
2024-08-06,RS03AXBS-MJ03A-06-PRESTA301,4,True,5760,5760,0,0.0,0.0005
2024-08-07,RS03AXBS-MJ03A-06-PRESTA301,4,True,5760,5760,0,0.0,0.0005
2024-08-08,RS03AXBS-MJ03A-06-PRESTA301,4,True,5719,5760,41,0.7118,0.7123
2024-08-09,RS03AXBS-MJ03A-06-PRESTA301,4,True,5760,5760,0,0.0,0.0005
2024-08-10,RS03AXBS-MJ03A-06-PRESTA301,4,True,5760,5760,0,0.0,0.0005
2024-08-11,RS03AXBS-MJ03A-06-PRESTA301,4,True,5760,5760,0,0.0,0.0005
2024-08-12,RS03AXBS-MJ03A-06-PRESTA301,4,True,5760,5760,0,0.0,0.0005
2024-08-13,RS03AXBS-MJ03A-06-PRESTA301,4,True,5721,5760,39,0.6771,0.6776
2024-08-14,RS03AXBS-MJ03A-06-PRESTA301,4,True,5760,5760,0,0.0,0.0005
2024-08-15,RS03AXBS-MJ03A-06-PRESTA301,4,True,5760,5760,0,0.0,0.0005
2024-08-16,RS03AXBS-MJ03A-06-PRESTA301,4,True,5760,5760,0,0.0,0.0005
2024-08-17,RS03AXBS-MJ03A-06-PRESTA301,4,True,5760,5760,0,0.0,0.0005
2024-08-18,RS03AXBS-MJ03A-06-PRESTA301,4,True,5760,5760,0,0.0,0.0005
2024-08-19,RS03AXBS-MJ03A-06-PRESTA301,4,True,5760,5760,0,0.0,0.0005
2024-08-20,RS03AXBS-MJ03A-06-PRESTA301,4,True,5760,5760,0,0.0,0.0005
2024-08-21,RS03AXBS-MJ03A-06-PRESTA301,4,True,5760,5760,0,0.0,0.0005
2024-08-22,RS03AXBS-MJ03A-06-PRESTA301,4,True,5760,5760,0,0.0,0.0005
2024-08-23,RS03AXBS-MJ03A-06-PRESTA301,4,True,5760,5760,0,0.0,0.0005
2024-08-24,RS03AXBS-MJ03A-06-PRESTA301,4,True,5760,5760,0,0.0,0.0005
2024-08-25,RS03AXBS-MJ03A-06-PRESTA301,4,True,5760,5760,0,0.0,0.0005
2024-08-26,RS03AXBS-MJ03A-06-PRESTA301,4,True,5760,5760,0,0.0,0.0005
2024-08-27,RS03AXBS-MJ03A-06-PRESTA301,4,True,5723,5760,37,0.6424,0.6429
2024-08-28,RS03AXBS-MJ03A-06-PRESTA301,4,True,5760,5760,0,0.0,0.0005
2024-08-29,RS03AXBS-MJ03A-06-PRESTA301,4,True,5760,5760,0,0.0,0.0005
2024-08-30,RS03AXBS-MJ03A-06-PRESTA301,4,True,5760,5760,0,0.0,0.0005
2024-08-31,RS03AXBS-MJ03A-06-PRESTA301,4,True,5760,5760,0,0.0,0.0005
2024-09-01,RS03AXBS-MJ03A-06-PRESTA301,4,True,5760,5760,0,0.0,0.0005
2024-09-02,RS03AXBS-MJ03A-06-PRESTA301,4,True,5760,5760,0,0.0,0.0005
2024-09-03,RS03AXBS-MJ03A-06-PRESTA301,4,True,5760,5760,0,0.0,0.0005
2024-09-04,RS03AXBS-MJ03A-06-PRESTA301,4,True,5760,5760,0,0.0,0.0005
2024-09-05,RS03AXBS-MJ03A-06-PRESTA301,4,True,5759,5760,1,0.0174,0.0179
2024-09-06,RS03AXBS-MJ03A-06-PRESTA301,4,True,5760,5760,0,0.0,0.0005
2024-09-07,RS03AXBS-MJ03A-06-PRESTA301,4,True,5760,5760,0,0.0,0.0005
2024-09-08,RS03AXBS-MJ03A-06-PRESTA301,4,True,5760,5760,0,0.0,0.0005
2024-09-09,RS03AXBS-MJ03A-06-PRESTA301,4,True,5760,5760,0,0.0,0.0005
2024-09-10,RS03AXBS-MJ03A-06-PRESTA301,4,True,5760,5760,0,0.0,0.0005
2024-09-11,RS03AXBS-MJ03A-06-PRESTA301,4,True,5760,5760,0,0.0,0.0005
2024-09-12,RS03AXBS-MJ03A-06-PRESTA301,4,True,5760,5760,0,0.0,0.0005
2024-09-13,RS03AXBS-MJ03A-06-PRESTA301,4,True,5760,5760,0,0.0,0.0005
2024-09-14,RS03AXBS-MJ03A-06-PRESTA301,4,True,5760,5760,0,0.0,0.0005
2024-09-15,RS03AXBS-MJ03A-06-PRESTA301,4,True,5760,5760,0,0.0,0.0005
2024-09-16,RS03AXBS-MJ03A-06-PRESTA301,4,True,5760,5760,0,0.0,0.0005
2024-09-17,RS03AXBS-MJ03A-06-PRESTA301,4,True,5760,5760,0,0.0,0.0005
2024-09-18,RS03AXBS-MJ03A-06-PRESTA301,4,True,449,449,0,0.0,92.2049
2024-09-19,RS03AXBS-MJ03A-06-PRESTA301,4,True,5718,5719,1,0.0175,0.7297
2024-09-20,RS03AXBS-MJ03A-06-PRESTA301,4,True,5760,5760,0,0.0,0.0005
2024-09-21,RS03AXBS-MJ03A-06-PRESTA301,4,True,5760,5760,0,0.0,0.0005
2024-09-22,RS03AXBS-MJ03A-06-PRESTA301,4,True,5760,5760,0,0.0,0.0005
2024-09-23,RS03AXBS-MJ03A-06-PRESTA301,4,True,5760,5760,0,0.0,0.0005
2024-09-24,RS03AXBS-MJ03A-06-PRESTA301,4,True,5760,5760,0,0.0,0.0005
2024-09-25,RS03AXBS-MJ03A-06-PRESTA301,4,True,5760,5760,0,0.0,0.0005
2024-09-26,RS03AXBS-MJ03A-06-PRESTA301,4,True,5760,5760,0,0.0,0.0005
2024-09-27,RS03AXBS-MJ03A-06-PRESTA301,4,True,5760,5760,0,0.0,0.0005
2024-09-28,RS03AXBS-MJ03A-06-PRESTA301,4,True,5760,5760,0,0.0,0.0005
2024-09-29,RS03AXBS-MJ03A-06-PRESTA301,4,True,5760,5760,0,0.0,0.0005
2024-09-30,RS03AXBS-MJ03A-06-PRESTA301,4,True,5760,5760,0,0.0,0.0005
2024-10-01,RS03AXBS-MJ03A-06-PRESTA301,4,True,5760,5760,0,0.0,0.0005
2024-10-02,RS03AXBS-MJ03A-06-PRESTA301,4,True,5760,5760,0,0.0,0.0005
2024-10-03,RS03AXBS-MJ03A-06-PRESTA301,4,True,5654,5760,106,1.8403,1.8408
2024-10-04,RS03AXBS-MJ03A-06-PRESTA301,4,True,5760,5760,0,0.0,0.0005
2024-10-05,RS03AXBS-MJ03A-06-PRESTA301,4,True,5760,5760,0,0.0,0.0005
2024-10-06,RS03AXBS-MJ03A-06-PRESTA301,4,True,5682,5760,78,1.3542,1.3547
2024-10-07,RS03AXBS-MJ03A-06-PRESTA301,4,True,5760,5760,0,0.0,0.0005
2024-10-08,RS03AXBS-MJ03A-06-PRESTA301,4,True,5760,5760,0,0.0,0.0005
2024-10-09,RS03AXBS-MJ03A-06-PRESTA301,4,True,5760,5760,0,0.0,0.0005
2024-10-10,RS03AXBS-MJ03A-06-PRESTA301,4,True,5760,5760,0,0.0,0.0005
2024-10-11,RS03AXBS-MJ03A-06-PRESTA301,4,True,5760,5760,0,0.0,0.0005
2024-10-12,RS03AXBS-MJ03A-06-PRESTA301,4,True,5760,5760,0,0.0,0.0005
2024-10-13,RS03AXBS-MJ03A-06-PRESTA301,4,True,5748,5760,12,0.2083,0.2088
2024-10-14,RS03AXBS-MJ03A-06-PRESTA301,4,True,5730,5760,30,0.5208,0.5213
2024-10-15,RS03AXBS-MJ03A-06-PRESTA301,4,True,5760,5760,0,0.0,0.0005
2024-10-16,RS03AXBS-MJ03A-06-PRESTA301,4,True,5760,5760,0,0.0,0.0005
2024-10-17,RS03AXBS-MJ03A-06-PRESTA301,4,True,5760,5760,0,0.0,0.0005
2024-10-18,RS03AXBS-MJ03A-06-PRESTA301,4,True,5760,5760,0,0.0,0.0005
2024-10-19,RS03AXBS-MJ03A-06-PRESTA301,4,True,5760,5760,0,0.0,0.0005
2024-10-20,RS03AXBS-MJ03A-06-PRESTA301,4,True,5760,5760,0,0.0,0.0005
2024-10-21,RS03AXBS-MJ03A-06-PRESTA301,4,True,5760,5760,0,0.0,0.0005
2024-10-22,RS03AXBS-MJ03A-06-PRESTA301,4,True,5760,5760,0,0.0,0.0005
2024-10-23,RS03AXBS-MJ03A-06-PRESTA301,4,True,5760,5760,0,0.0,0.0005
2024-10-24,RS03AXBS-MJ03A-06-PRESTA301,4,True,5760,5760,0,0.0,0.0005
2024-10-25,RS03AXBS-MJ03A-06-PRESTA301,4,True,5760,5760,0,0.0,0.0005
2024-10-26,RS03AXBS-MJ03A-06-PRESTA301,4,True,5760,5760,0,0.0,0.0005
2024-10-27,RS03AXBS-MJ03A-06-PRESTA301,4,True,5760,5760,0,0.0,0.0005
2024-10-28,RS03AXBS-MJ03A-06-PRESTA301,4,True,5702,5760,58,1.0069,1.0074
2024-10-29,RS03AXBS-MJ03A-06-PRESTA301,4,True,5720,5760,40,0.6944,0.6949
2024-10-30,RS03AXBS-MJ03A-06-PRESTA301,4,True,5760,5760,0,0.0,0.0005
2024-10-31,RS03AXBS-MJ03A-06-PRESTA301,4,True,5760,5760,0,0.0,0.0005
2024-11-01,RS03AXBS-MJ03A-06-PRESTA301,4,True,5760,5760,0,0.0,0.0005
2024-11-02,RS03AXBS-MJ03A-06-PRESTA301,4,True,5760,5760,0,0.0,0.0005
2024-11-03,RS03AXBS-MJ03A-06-PRESTA301,4,True,5760,5760,0,0.0,0.0005
2024-11-04,RS03AXBS-MJ03A-06-PRESTA301,4,True,5760,5760,0,0.0,0.0005
2024-11-05,RS03AXBS-MJ03A-06-PRESTA301,4,True,5760,5760,0,0.0,0.0005
2024-11-06,RS03AXBS-MJ03A-06-PRESTA301,4,True,5760,5760,0,0.0,0.0005
2024-11-07,RS03AXBS-MJ03A-06-PRESTA301,4,True,5760,5760,0,0.0,0.0005
2024-11-08,RS03AXBS-MJ03A-06-PRESTA301,4,True,5760,5760,0,0.0,0.0005
2024-11-09,RS03AXBS-MJ03A-06-PRESTA301,4,True,5760,5760,0,0.0,0.0005
2024-11-10,RS03AXBS-MJ03A-06-PRESTA301,4,True,5760,5760,0,0.0,0.0005
2024-11-11,RS03AXBS-MJ03A-06-PRESTA301,4,True,5760,5760,0,0.0,0.0005
2024-11-12,RS03AXBS-MJ03A-06-PRESTA301,4,True,5760,5760,0,0.0,0.0005
2024-11-13,RS03AXBS-MJ03A-06-PRESTA301,4,True,5760,5760,0,0.0,0.0005
2024-11-14,RS03AXBS-MJ03A-06-PRESTA301,4,True,5760,5760,0,0.0,0.0005
2024-11-15,RS03AXBS-MJ03A-06-PRESTA301,4,True,5760,5760,0,0.0,0.0005
2024-11-16,RS03AXBS-MJ03A-06-PRESTA301,4,True,5760,5760,0,0.0,0.0005
2024-11-17,RS03AXBS-MJ03A-06-PRESTA301,4,True,5760,5760,0,0.0,0.0005
2024-11-18,RS03AXBS-MJ03A-06-PRESTA301,4,True,5760,5760,0,0.0,0.0005
2024-11-19,RS03AXBS-MJ03A-06-PRESTA301,4,True,5760,5760,0,0.0,0.0005
2024-11-20,RS03AXBS-MJ03A-06-PRESTA301,4,True,5760,5760,0,0.0,0.0005
2024-11-21,RS03AXBS-MJ03A-06-PRESTA301,4,True,5760,5760,0,0.0,0.0005
2024-11-22,RS03AXBS-MJ03A-06-PRESTA301,4,True,5760,5760,0,0.0,0.0005
2024-11-23,RS03AXBS-MJ03A-06-PRESTA301,4,True,5760,5760,0,0.0,0.0005
2024-11-24,RS03AXBS-MJ03A-06-PRESTA301,4,True,5760,5760,0,0.0,0.0005
2024-11-25,RS03AXBS-MJ03A-06-PRESTA301,4,True,5760,5760,0,0.0,0.0005
2024-11-26,RS03AXBS-MJ03A-06-PRESTA301,4,True,5760,5760,0,0.0,0.0005
2024-11-27,RS03AXBS-MJ03A-06-PRESTA301,4,True,5760,5760,0,0.0,0.0005
2024-11-28,RS03AXBS-MJ03A-06-PRESTA301,4,True,5760,5760,0,0.0,0.0005
2024-11-29,RS03AXBS-MJ03A-06-PRESTA301,4,True,5760,5760,0,0.0,0.0005
2024-11-30,RS03AXBS-MJ03A-06-PRESTA301,4,True,5760,5760,0,0.0,0.0005
2024-12-01,RS03AXBS-MJ03A-06-PRESTA301,4,True,5760,5760,0,0.0,0.0005
2024-12-02,RS03AXBS-MJ03A-06-PRESTA301,4,True,5760,5760,0,0.0,0.0005
2024-12-03,RS03AXBS-MJ03A-06-PRESTA301,4,True,5760,5760,0,0.0,0.0005
2024-12-04,RS03AXBS-MJ03A-06-PRESTA301,4,True,5760,5760,0,0.0,0.0005
2024-12-05,RS03AXBS-MJ03A-06-PRESTA301,4,True,5760,5760,0,0.0,0.0005
2024-12-06,RS03AXBS-MJ03A-06-PRESTA301,4,True,5760,5760,0,0.0,0.0005
2024-12-07,RS03AXBS-MJ03A-06-PRESTA301,4,True,5760,5760,0,0.0,0.0005
2024-12-08,RS03AXBS-MJ03A-06-PRESTA301,4,True,5760,5760,0,0.0,0.0005
2024-12-09,RS03AXBS-MJ03A-06-PRESTA301,4,True,5760,5760,0,0.0,0.0005
2024-12-10,RS03AXBS-MJ03A-06-PRESTA301,4,True,5760,5760,0,0.0,0.0005
2024-12-11,RS03AXBS-MJ03A-06-PRESTA301,4,True,3502,3502,0,0.0,39.2017
2024-12-12,RS03AXBS-MJ03A-06-PRESTA301,4,True,4862,4864,2,0.0411,15.5907
2024-12-13,RS03AXBS-MJ03A-06-PRESTA301,4,True,5760,5760,0,0.0,0.0005
2024-12-14,RS03AXBS-MJ03A-06-PRESTA301,4,True,3575,5760,2185,37.934,37.9343
2024-12-15,RS03AXBS-MJ03A-06-PRESTA301,4,True,5760,5760,0,0.0,0.0005
2024-12-16,RS03AXBS-MJ03A-06-PRESTA301,4,True,5760,5760,0,0.0,0.0005
2024-12-17,RS03AXBS-MJ03A-06-PRESTA301,4,True,5760,5760,0,0.0,0.0005
2024-12-18,RS03AXBS-MJ03A-06-PRESTA301,4,True,5760,5760,0,0.0,0.0005
2024-12-19,RS03AXBS-MJ03A-06-PRESTA301,4,True,5760,5760,0,0.0,0.0005
2024-12-20,RS03AXBS-MJ03A-06-PRESTA301,4,True,5760,5760,0,0.0,0.0005
2024-12-21,RS03AXBS-MJ03A-06-PRESTA301,4,True,5760,5760,0,0.0,0.0005
2024-12-22,RS03AXBS-MJ03A-06-PRESTA301,4,True,5760,5760,0,0.0,0.0005
2024-12-23,RS03AXBS-MJ03A-06-PRESTA301,4,True,5760,5760,0,0.0,0.0005
2024-12-24,RS03AXBS-MJ03A-06-PRESTA301,4,True,5760,5760,0,0.0,0.0005
2024-12-25,RS03AXBS-MJ03A-06-PRESTA301,4,True,5760,5760,0,0.0,0.0005
2024-12-26,RS03AXBS-MJ03A-06-PRESTA301,4,True,5760,5760,0,0.0,0.0005
2024-12-27,RS03AXBS-MJ03A-06-PRESTA301,4,True,5760,5760,0,0.0,0.0005
2024-12-28,RS03AXBS-MJ03A-06-PRESTA301,4,True,5760,5760,0,0.0,0.0005
2024-12-29,RS03AXBS-MJ03A-06-PRESTA301,4,True,5760,5760,0,0.0,0.0005
2024-12-30,RS03AXBS-MJ03A-06-PRESTA301,4,True,5760,5760,0,0.0,0.0005
2024-12-31,RS03AXBS-MJ03A-06-PRESTA301,4,True,5760,5760,0,0.0,0.0005
2025-01-01,RS03AXBS-MJ03A-06-PRESTA301,4,True,5760,5760,0,0.0,0.0005
2025-01-02,RS03AXBS-MJ03A-06-PRESTA301,4,True,5760,5760,0,0.0,0.0005
2025-01-03,RS03AXBS-MJ03A-06-PRESTA301,4,True,5760,5760,0,0.0,0.0005
2025-01-04,RS03AXBS-MJ03A-06-PRESTA301,4,True,5760,5760,0,0.0,0.0005
2025-01-05,RS03AXBS-MJ03A-06-PRESTA301,4,True,5760,5760,0,0.0,0.0005
2025-01-06,RS03AXBS-MJ03A-06-PRESTA301,4,True,5760,5760,0,0.0,0.0005
2025-01-07,RS03AXBS-MJ03A-06-PRESTA301,4,True,5760,5760,0,0.0,0.0005
2025-01-08,RS03AXBS-MJ03A-06-PRESTA301,4,True,5698,5760,62,1.0764,1.0769
2025-01-09,RS03AXBS-MJ03A-06-PRESTA301,4,True,5760,5760,0,0.0,0.0005
2025-01-10,RS03AXBS-MJ03A-06-PRESTA301,4,True,5760,5760,0,0.0,0.0005
2025-01-11,RS03AXBS-MJ03A-06-PRESTA301,4,True,5760,5760,0,0.0,0.0005
2025-01-12,RS03AXBS-MJ03A-06-PRESTA301,4,True,5760,5760,0,0.0,0.0005
2025-01-13,RS03AXBS-MJ03A-06-PRESTA301,4,True,5760,5760,0,0.0,0.0005
2025-01-14,RS03AXBS-MJ03A-06-PRESTA301,4,True,5758,5759,1,0.0174,0.0352
2025-01-15,RS03AXBS-MJ03A-06-PRESTA301,4,True,5760,5760,0,0.0,0.0005
2025-01-16,RS03AXBS-MJ03A-06-PRESTA301,4,True,5760,5760,0,0.0,0.0005
2025-01-17,RS03AXBS-MJ03A-06-PRESTA301,4,True,5760,5760,0,0.0,0.0005
2025-01-18,RS03AXBS-MJ03A-06-PRESTA301,4,True,5760,5760,0,0.0,0.0005
2025-01-19,RS03AXBS-MJ03A-06-PRESTA301,4,True,5760,5760,0,0.0,0.0005
2025-01-20,RS03AXBS-MJ03A-06-PRESTA301,4,True,5760,5760,0,0.0,0.0005
2025-01-21,RS03AXBS-MJ03A-06-PRESTA301,4,True,5760,5760,0,0.0,0.0005
2025-01-22,RS03AXBS-MJ03A-06-PRESTA301,4,True,5760,5760,0,0.0,0.0005
2025-01-23,RS03AXBS-MJ03A-06-PRESTA301,4,True,5760,5760,0,0.0,0.0005
2025-01-24,RS03AXBS-MJ03A-06-PRESTA301,4,True,5675,5760,85,1.4757,1.4762
2025-01-25,RS03AXBS-MJ03A-06-PRESTA301,4,True,5650,5760,110,1.9097,1.9102
2025-01-26,RS03AXBS-MJ03A-06-PRESTA301,4,True,5760,5760,0,0.0,0.0005
2025-01-27,RS03AXBS-MJ03A-06-PRESTA301,4,True,5760,5760,0,0.0,0.0005
2025-01-28,RS03AXBS-MJ03A-06-PRESTA301,4,True,5760,5760,0,0.0,0.0005
2025-01-29,RS03AXBS-MJ03A-06-PRESTA301,4,True,4899,4899,0,0.0,14.9483
2025-01-30,RS03AXBS-MJ03A-06-PRESTA301,4,True,5034,5034,0,0.0,12.6046
2025-01-31,RS03AXBS-MJ03A-06-PRESTA301,4,True,2056,5760,3704,64.3056,64.3057
2025-02-01,RS03AXBS-MJ03A-06-PRESTA301,4,True,5760,5760,0,0.0,0.0005
2025-02-02,RS03AXBS-MJ03A-06-PRESTA301,4,True,5760,5760,0,0.0,0.0005
2025-02-03,RS03AXBS-MJ03A-06-PRESTA301,4,True,5760,5760,0,0.0,0.0005
2025-02-04,RS03AXBS-MJ03A-06-PRESTA301,4,True,5760,5760,0,0.0,0.0005
2025-02-05,RS03AXBS-MJ03A-06-PRESTA301,4,True,5760,5760,0,0.0,0.0005
2025-02-06,RS03AXBS-MJ03A-06-PRESTA301,4,True,5760,5760,0,0.0,0.0005
2025-02-07,RS03AXBS-MJ03A-06-PRESTA301,4,True,5760,5760,0,0.0,0.0005
2025-02-08,RS03AXBS-MJ03A-06-PRESTA301,4,True,5760,5760,0,0.0,0.0005
2025-02-09,RS03AXBS-MJ03A-06-PRESTA301,4,True,5760,5760,0,0.0,0.0005
2025-02-10,RS03AXBS-MJ03A-06-PRESTA301,4,True,5760,5760,0,0.0,0.0005
2025-02-11,RS03AXBS-MJ03A-06-PRESTA301,4,True,5760,5760,0,0.0,0.0005
2025-02-12,RS03AXBS-MJ03A-06-PRESTA301,4,True,5760,5760,0,0.0,0.0005
2025-02-13,RS03AXBS-MJ03A-06-PRESTA301,4,True,5760,5760,0,0.0,0.0005
2025-02-14,RS03AXBS-MJ03A-06-PRESTA301,4,True,5760,5760,0,0.0,0.0005
2025-02-15,RS03AXBS-MJ03A-06-PRESTA301,4,True,5760,5760,0,0.0,0.0005
2025-02-16,RS03AXBS-MJ03A-06-PRESTA301,4,True,5760,5760,0,0.0,0.0005
2025-02-17,RS03AXBS-MJ03A-06-PRESTA301,4,True,5760,5760,0,0.0,0.0005
2025-02-18,RS03AXBS-MJ03A-06-PRESTA301,4,True,5760,5760,0,0.0,0.0005
2025-02-19,RS03AXBS-MJ03A-06-PRESTA301,4,True,5760,5760,0,0.0,0.0005
2025-02-20,RS03AXBS-MJ03A-06-PRESTA301,4,True,5760,5760,0,0.0,0.0005
2025-02-21,RS03AXBS-MJ03A-06-PRESTA301,4,True,5760,5760,0,0.0,0.0005
2025-02-22,RS03AXBS-MJ03A-06-PRESTA301,4,True,5760,5760,0,0.0,0.0005
2025-02-23,RS03AXBS-MJ03A-06-PRESTA301,4,True,5760,5760,0,0.0,0.0005
2025-02-24,RS03AXBS-MJ03A-06-PRESTA301,4,True,5760,5760,0,0.0,0.0005
2025-02-25,RS03AXBS-MJ03A-06-PRESTA301,4,True,5760,5760,0,0.0,0.0005
2025-02-26,RS03AXBS-MJ03A-06-PRESTA301,4,True,5760,5760,0,0.0,0.0005
2025-02-27,RS03AXBS-MJ03A-06-PRESTA301,4,True,5760,5760,0,0.0,0.0005
2025-02-28,RS03AXBS-MJ03A-06-PRESTA301,4,True,5760,5760,0,0.0,0.0005
2025-03-01,RS03AXBS-MJ03A-06-PRESTA301,4,True,5760,5760,0,0.0,0.0005
2025-03-02,RS03AXBS-MJ03A-06-PRESTA301,4,True,5760,5760,0,0.0,0.0005
2025-03-03,RS03AXBS-MJ03A-06-PRESTA301,4,True,5760,5760,0,0.0,0.0005
2025-03-04,RS03AXBS-MJ03A-06-PRESTA301,4,True,5760,5760,0,0.0,0.0005
2025-03-05,RS03AXBS-MJ03A-06-PRESTA301,4,True,5760,5760,0,0.0,0.0005
2025-03-06,RS03AXBS-MJ03A-06-PRESTA301,4,True,5760,5760,0,0.0,0.0005
2025-03-07,RS03AXBS-MJ03A-06-PRESTA301,4,True,5760,5760,0,0.0,0.0005
2025-03-08,RS03AXBS-MJ03A-06-PRESTA301,4,True,5760,5760,0,0.0,0.0005
2025-03-09,RS03AXBS-MJ03A-06-PRESTA301,4,True,5760,5760,0,0.0,0.0005
2025-03-10,RS03AXBS-MJ03A-06-PRESTA301,4,True,5760,5760,0,0.0,0.0005
2025-03-11,RS03AXBS-MJ03A-06-PRESTA301,4,True,5760,5760,0,0.0,0.0005
2025-03-12,RS03AXBS-MJ03A-06-PRESTA301,4,True,5760,5760,0,0.0,0.0005
2025-03-13,RS03AXBS-MJ03A-06-PRESTA301,4,True,5760,5760,0,0.0,0.0005
2025-03-14,RS03AXBS-MJ03A-06-PRESTA301,4,True,5760,5760,0,0.0,0.0005
2025-03-15,RS03AXBS-MJ03A-06-PRESTA301,4,True,5760,5760,0,0.0,0.0005
2025-03-16,RS03AXBS-MJ03A-06-PRESTA301,4,True,5760,5760,0,0.0,0.0005
2025-03-17,RS03AXBS-MJ03A-06-PRESTA301,4,True,5760,5760,0,0.0,0.0005
2025-03-18,RS03AXBS-MJ03A-06-PRESTA301,4,True,5760,5760,0,0.0,0.0005
2025-03-19,RS03AXBS-MJ03A-06-PRESTA301,4,True,5760,5760,0,0.0,0.0005
2025-03-20,RS03AXBS-MJ03A-06-PRESTA301,4,True,5760,5760,0,0.0,0.0005
2025-03-21,RS03AXBS-MJ03A-06-PRESTA301,4,True,5720,5760,40,0.6944,0.6949
2025-03-22,RS03AXBS-MJ03A-06-PRESTA301,4,True,5760,5760,0,0.0,0.0005
2025-03-23,RS03AXBS-MJ03A-06-PRESTA301,4,True,5760,5760,0,0.0,0.0005
2025-03-24,RS03AXBS-MJ03A-06-PRESTA301,4,True,5760,5760,0,0.0,0.0005
2025-03-25,RS03AXBS-MJ03A-06-PRESTA301,4,True,5760,5760,0,0.0,0.0005
2025-03-26,RS03AXBS-MJ03A-06-PRESTA301,4,True,5721,5760,39,0.6771,0.6776
2025-03-27,RS03AXBS-MJ03A-06-PRESTA301,4,True,5760,5760,0,0.0,0.0005
2025-03-28,RS03AXBS-MJ03A-06-PRESTA301,4,True,5760,5760,0,0.0,0.0005
2025-03-29,RS03AXBS-MJ03A-06-PRESTA301,4,True,5760,5760,0,0.0,0.0005
2025-03-30,RS03AXBS-MJ03A-06-PRESTA301,4,True,5760,5760,0,0.0,0.0005
2025-03-31,RS03AXBS-MJ03A-06-PRESTA301,4,True,5760,5760,0,0.0,0.0005
2025-04-01,RS03AXBS-MJ03A-06-PRESTA301,4,True,4231,5760,1529,26.5451,26.5455
2025-04-02,RS03AXBS-MJ03A-06-PRESTA301,4,True,5760,5760,0,0.0,0.0005
2025-04-03,RS03AXBS-MJ03A-06-PRESTA301,4,True,5760,5760,0,0.0,0.0005
2025-04-04,RS03AXBS-MJ03A-06-PRESTA301,4,True,5760,5760,0,0.0,0.0005
2025-04-05,RS03AXBS-MJ03A-06-PRESTA301,4,True,5760,5760,0,0.0,0.0005
2025-04-06,RS03AXBS-MJ03A-06-PRESTA301,4,True,5760,5760,0,0.0,0.0005
2025-04-07,RS03AXBS-MJ03A-06-PRESTA301,4,True,5760,5760,0,0.0,0.0005
2025-04-08,RS03AXBS-MJ03A-06-PRESTA301,4,True,5760,5760,0,0.0,0.0005
2025-04-09,RS03AXBS-MJ03A-06-PRESTA301,4,True,5760,5760,0,0.0,0.0005
2025-04-10,RS03AXBS-MJ03A-06-PRESTA301,4,True,242,242,0,0.0,95.7986
2025-04-11,RS03AXBS-MJ03A-06-PRESTA301,4,False,0,0,,,
2025-04-12,RS03AXBS-MJ03A-06-PRESTA301,4,False,0,0,,,
2025-04-13,RS03AXBS-MJ03A-06-PRESTA301,4,False,0,0,,,
2025-04-14,RS03AXBS-MJ03A-06-PRESTA301,4,False,0,0,,,
2025-04-15,RS03AXBS-MJ03A-06-PRESTA301,4,False,0,0,,,
2025-04-16,RS03AXBS-MJ03A-06-PRESTA301,4,False,0,0,,,
2025-04-17,RS03AXBS-MJ03A-06-PRESTA301,4,True,5060,5060,0,0.0,12.1532
2025-04-18,RS03AXBS-MJ03A-06-PRESTA301,4,True,5760,5760,0,0.0,0.0005
2025-04-19,RS03AXBS-MJ03A-06-PRESTA301,4,True,5760,5760,0,0.0,0.0005
2025-04-20,RS03AXBS-MJ03A-06-PRESTA301,4,True,5760,5760,0,0.0,0.0005
2025-04-21,RS03AXBS-MJ03A-06-PRESTA301,4,True,5760,5760,0,0.0,0.0005
2025-04-22,RS03AXBS-MJ03A-06-PRESTA301,4,True,5760,5760,0,0.0,0.0005
2025-04-23,RS03AXBS-MJ03A-06-PRESTA301,4,True,5760,5760,0,0.0,0.0005
2025-04-24,RS03AXBS-MJ03A-06-PRESTA301,4,True,5760,5760,0,0.0,0.0005
2025-04-25,RS03AXBS-MJ03A-06-PRESTA301,4,True,5760,5760,0,0.0,0.0005
2025-04-26,RS03AXBS-MJ03A-06-PRESTA301,4,True,5760,5760,0,0.0,0.0005
2025-04-27,RS03AXBS-MJ03A-06-PRESTA301,4,True,5760,5760,0,0.0,0.0005
2025-04-28,RS03AXBS-MJ03A-06-PRESTA301,4,True,5760,5760,0,0.0,0.0005
2025-04-29,RS03AXBS-MJ03A-06-PRESTA301,4,True,5760,5760,0,0.0,0.0005
2025-04-30,RS03AXBS-MJ03A-06-PRESTA301,4,True,5760,5760,0,0.0,0.0005
2025-05-01,RS03AXBS-MJ03A-06-PRESTA301,4,True,5760,5760,0,0.0,0.0005
2025-05-02,RS03AXBS-MJ03A-06-PRESTA301,4,True,5760,5760,0,0.0,0.0005
2025-05-03,RS03AXBS-MJ03A-06-PRESTA301,4,True,5760,5760,0,0.0,0.0005
2025-05-04,RS03AXBS-MJ03A-06-PRESTA301,4,True,5760,5760,0,0.0,0.0005
2025-05-05,RS03AXBS-MJ03A-06-PRESTA301,4,True,5760,5760,0,0.0,0.0005
2025-05-06,RS03AXBS-MJ03A-06-PRESTA301,4,True,5760,5760,0,0.0,0.0005
2025-05-07,RS03AXBS-MJ03A-06-PRESTA301,4,True,5760,5760,0,0.0,0.0005
2025-05-08,RS03AXBS-MJ03A-06-PRESTA301,4,True,5760,5760,0,0.0,0.0005
2025-05-09,RS03AXBS-MJ03A-06-PRESTA301,4,True,5760,5760,0,0.0,0.0005
2025-05-10,RS03AXBS-MJ03A-06-PRESTA301,4,True,5760,5760,0,0.0,0.0005
2025-05-11,RS03AXBS-MJ03A-06-PRESTA301,4,True,5760,5760,0,0.0,0.0005
2025-05-12,RS03AXBS-MJ03A-06-PRESTA301,4,True,5760,5760,0,0.0,0.0005
2025-05-13,RS03AXBS-MJ03A-06-PRESTA301,4,True,4906,5759,853,14.8116,14.8268
2025-05-14,RS03AXBS-MJ03A-06-PRESTA301,4,True,5760,5760,0,0.0,0.0005
2025-05-15,RS03AXBS-MJ03A-06-PRESTA301,4,True,5760,5760,0,0.0,0.0005
2025-05-16,RS03AXBS-MJ03A-06-PRESTA301,4,True,5760,5760,0,0.0,0.0005
2025-05-17,RS03AXBS-MJ03A-06-PRESTA301,4,True,5760,5760,0,0.0,0.0005
2025-05-18,RS03AXBS-MJ03A-06-PRESTA301,4,True,5760,5760,0,0.0,0.0005
2025-05-19,RS03AXBS-MJ03A-06-PRESTA301,4,True,5760,5760,0,0.0,0.0005
2025-05-20,RS03AXBS-MJ03A-06-PRESTA301,4,True,5760,5760,0,0.0,0.0005
2025-05-21,RS03AXBS-MJ03A-06-PRESTA301,4,True,5760,5760,0,0.0,0.0005
2025-05-22,RS03AXBS-MJ03A-06-PRESTA301,4,True,5760,5760,0,0.0,0.0005
2025-05-23,RS03AXBS-MJ03A-06-PRESTA301,4,True,5760,5760,0,0.0,0.0005
2025-05-24,RS03AXBS-MJ03A-06-PRESTA301,4,True,5760,5760,0,0.0,0.0005
2025-05-25,RS03AXBS-MJ03A-06-PRESTA301,4,True,5760,5760,0,0.0,0.0005
2025-05-26,RS03AXBS-MJ03A-06-PRESTA301,4,True,5760,5760,0,0.0,0.0005
2025-05-27,RS03AXBS-MJ03A-06-PRESTA301,4,True,5760,5760,0,0.0,0.0005
2025-05-28,RS03AXBS-MJ03A-06-PRESTA301,4,True,5760,5760,0,0.0,0.0005
2025-05-29,RS03AXBS-MJ03A-06-PRESTA301,4,True,5760,5760,0,0.0,0.0005
2025-05-30,RS03AXBS-MJ03A-06-PRESTA301,4,True,5760,5760,0,0.0,0.0005
2025-05-31,RS03AXBS-MJ03A-06-PRESTA301,4,True,5760,5760,0,0.0,0.0005
2025-06-01,RS03AXBS-MJ03A-06-PRESTA301,4,True,5760,5760,0,0.0,0.0005
2025-06-02,RS03AXBS-MJ03A-06-PRESTA301,4,True,5760,5760,0,0.0,0.0005
2025-06-03,RS03AXBS-MJ03A-06-PRESTA301,4,True,5760,5760,0,0.0,0.0005
2025-06-04,RS03AXBS-MJ03A-06-PRESTA301,4,True,5760,5760,0,0.0,0.0005
2025-06-05,RS03AXBS-MJ03A-06-PRESTA301,4,True,5760,5760,0,0.0,0.0005
2025-06-06,RS03AXBS-MJ03A-06-PRESTA301,4,True,5760,5760,0,0.0,0.0005
2025-06-07,RS03AXBS-MJ03A-06-PRESTA301,4,True,5760,5760,0,0.0,0.0005
2025-06-08,RS03AXBS-MJ03A-06-PRESTA301,4,True,5760,5760,0,0.0,0.0005
2025-06-09,RS03AXBS-MJ03A-06-PRESTA301,4,True,5760,5760,0,0.0,0.0005
2025-06-10,RS03AXBS-MJ03A-06-PRESTA301,4,True,5760,5760,0,0.0,0.0005
2025-06-11,RS03AXBS-MJ03A-06-PRESTA301,4,True,5760,5760,0,0.0,0.0005
2025-06-12,RS03AXBS-MJ03A-06-PRESTA301,4,True,5760,5760,0,0.0,0.0005
2025-06-13,RS03AXBS-MJ03A-06-PRESTA301,4,True,5760,5760,0,0.0,0.0005
2025-06-14,RS03AXBS-MJ03A-06-PRESTA301,4,True,5760,5760,0,0.0,0.0005
2025-06-15,RS03AXBS-MJ03A-06-PRESTA301,4,True,5760,5760,0,0.0,0.0005
2025-06-16,RS03AXBS-MJ03A-06-PRESTA301,4,True,5760,5760,0,0.0,0.0005
2025-06-17,RS03AXBS-MJ03A-06-PRESTA301,4,True,5760,5760,0,0.0,0.0005
2025-06-18,RS03AXBS-MJ03A-06-PRESTA301,4,True,5760,5760,0,0.0,0.0005
2025-06-19,RS03AXBS-MJ03A-06-PRESTA301,4,True,5760,5760,0,0.0,0.0005
2025-06-20,RS03AXBS-MJ03A-06-PRESTA301,4,True,5760,5760,0,0.0,0.0005
2025-06-21,RS03AXBS-MJ03A-06-PRESTA301,4,True,5760,5760,0,0.0,0.0005
2025-06-22,RS03AXBS-MJ03A-06-PRESTA301,4,True,5760,5760,0,0.0,0.0005
2025-06-23,RS03AXBS-MJ03A-06-PRESTA301,4,True,5760,5760,0,0.0,0.0005
2025-06-24,RS03AXBS-MJ03A-06-PRESTA301,4,True,5760,5760,0,0.0,0.0005
2025-06-25,RS03AXBS-MJ03A-06-PRESTA301,4,True,5760,5760,0,0.0,0.0005
2025-06-26,RS03AXBS-MJ03A-06-PRESTA301,4,True,5760,5760,0,0.0,0.0005
2025-06-27,RS03AXBS-MJ03A-06-PRESTA301,4,True,5760,5760,0,0.0,0.0005
2025-06-28,RS03AXBS-MJ03A-06-PRESTA301,4,True,5760,5760,0,0.0,0.0005
2025-06-29,RS03AXBS-MJ03A-06-PRESTA301,4,True,5760,5760,0,0.0,0.0005
2025-06-30,RS03AXBS-MJ03A-06-PRESTA301,4,True,5760,5760,0,0.0,0.0005
2025-07-01,RS03AXBS-MJ03A-06-PRESTA301,4,True,5760,5760,0,0.0,0.0005
2025-07-02,RS03AXBS-MJ03A-06-PRESTA301,4,True,5760,5760,0,0.0,0.0005
2025-07-03,RS03AXBS-MJ03A-06-PRESTA301,4,True,5760,5760,0,0.0,0.0005
2025-07-04,RS03AXBS-MJ03A-06-PRESTA301,4,True,5760,5760,0,0.0,0.0005
2025-07-05,RS03AXBS-MJ03A-06-PRESTA301,4,True,5760,5760,0,0.0,0.0005
2025-07-06,RS03AXBS-MJ03A-06-PRESTA301,4,True,5760,5760,0,0.0,0.0005
2025-07-07,RS03AXBS-MJ03A-06-PRESTA301,4,True,5760,5760,0,0.0,0.0005
2025-07-08,RS03AXBS-MJ03A-06-PRESTA301,4,True,5760,5760,0,0.0,0.0005
2025-07-09,RS03AXBS-MJ03A-06-PRESTA301,4,True,5760,5760,0,0.0,0.0005
2025-07-10,RS03AXBS-MJ03A-06-PRESTA301,4,True,5760,5760,0,0.0,0.0005
2025-07-11,RS03AXBS-MJ03A-06-PRESTA301,4,True,5760,5760,0,0.0,0.0005
2025-07-12,RS03AXBS-MJ03A-06-PRESTA301,4,True,5760,5760,0,0.0,0.0005
2025-07-13,RS03AXBS-MJ03A-06-PRESTA301,4,True,5760,5760,0,0.0,0.0005
2025-07-14,RS03AXBS-MJ03A-06-PRESTA301,4,True,5760,5760,0,0.0,0.0005
2025-07-15,RS03AXBS-MJ03A-06-PRESTA301,4,True,5760,5760,0,0.0,0.0005
2025-07-16,RS03AXBS-MJ03A-06-PRESTA301,4,True,5760,5760,0,0.0,0.0005
2025-07-17,RS03AXBS-MJ03A-06-PRESTA301,4,True,5760,5760,0,0.0,0.0005
2025-07-18,RS03AXBS-MJ03A-06-PRESTA301,4,True,5760,5760,0,0.0,0.0005
2025-07-19,RS03AXBS-MJ03A-06-PRESTA301,4,True,5760,5760,0,0.0,0.0005
2025-07-20,RS03AXBS-MJ03A-06-PRESTA301,4,True,5760,5760,0,0.0,0.0005
2025-07-21,RS03AXBS-MJ03A-06-PRESTA301,4,True,5760,5760,0,0.0,0.0005
2025-07-22,RS03AXBS-MJ03A-06-PRESTA301,4,True,5760,5760,0,0.0,0.0005
2025-07-23,RS03AXBS-MJ03A-06-PRESTA301,4,True,5760,5760,0,0.0,0.0005
2025-07-24,RS03AXBS-MJ03A-06-PRESTA301,4,True,5760,5760,0,0.0,0.0005
2025-07-25,RS03AXBS-MJ03A-06-PRESTA301,4,True,5760,5760,0,0.0,0.0005
2025-07-26,RS03AXBS-MJ03A-06-PRESTA301,4,True,5760,5760,0,0.0,0.0005
2025-07-27,RS03AXBS-MJ03A-06-PRESTA301,4,True,5760,5760,0,0.0,0.0005
2025-07-28,RS03AXBS-MJ03A-06-PRESTA301,4,True,5760,5760,0,0.0,0.0005
2025-07-29,RS03AXBS-MJ03A-06-PRESTA301,4,True,5760,5760,0,0.0,0.0005
2025-07-30,RS03AXBS-MJ03A-06-PRESTA301,4,True,5760,5760,0,0.0,0.0005
2025-07-31,RS03AXBS-MJ03A-06-PRESTA301,4,True,5760,5760,0,0.0,0.0005
2025-08-01,RS03AXBS-MJ03A-06-PRESTA301,4,True,5760,5760,0,0.0,0.0005
2025-08-02,RS03AXBS-MJ03A-06-PRESTA301,4,True,5760,5760,0,0.0,0.0005
2025-08-03,RS03AXBS-MJ03A-06-PRESTA301,4,True,5760,5760,0,0.0,0.0005
2025-08-04,RS03AXBS-MJ03A-06-PRESTA301,4,True,5760,5760,0,0.0,0.0005
2025-08-05,RS03AXBS-MJ03A-06-PRESTA301,4,True,5760,5760,0,0.0,0.0005
2025-08-06,RS03AXBS-MJ03A-06-PRESTA301,4,True,5760,5760,0,0.0,0.0005
2025-08-07,RS03AXBS-MJ03A-06-PRESTA301,4,True,2624,5760,3136,54.4444,54.4447
2025-08-08,RS03AXBS-MJ03A-06-PRESTA301,4,True,5760,5760,0,0.0,0.0005
2025-08-09,RS03AXBS-MJ03A-06-PRESTA301,4,True,5760,5760,0,0.0,0.0005
2025-08-10,RS03AXBS-MJ03A-06-PRESTA301,4,True,5760,5760,0,0.0,0.0005
2025-08-11,RS03AXBS-MJ03A-06-PRESTA301,4,True,5760,5760,0,0.0,0.0005
2025-08-12,RS03AXBS-MJ03A-06-PRESTA301,4,True,5760,5760,0,0.0,0.0005
2025-08-13,RS03AXBS-MJ03A-06-PRESTA301,4,True,5760,5760,0,0.0,0.0005
2025-08-14,RS03AXBS-MJ03A-06-PRESTA301,4,True,5760,5760,0,0.0,0.0005
2025-08-15,RS03AXBS-MJ03A-06-PRESTA301,4,True,5760,5760,0,0.0,0.0005
2025-08-16,RS03AXBS-MJ03A-06-PRESTA301,4,True,5760,5760,0,0.0,0.0005
2025-08-17,RS03AXBS-MJ03A-06-PRESTA301,4,True,5760,5760,0,0.0,0.0005
2025-08-18,RS03AXBS-MJ03A-06-PRESTA301,4,True,5760,5760,0,0.0,0.0005
2025-08-19,RS03AXBS-MJ03A-06-PRESTA301,4,True,5760,5760,0,0.0,0.0005
2025-08-20,RS03AXBS-MJ03A-06-PRESTA301,4,True,5760,5760,0,0.0,0.0005
2025-08-21,RS03AXBS-MJ03A-06-PRESTA301,4,True,5760,5760,0,0.0,0.0005
2025-08-22,RS03AXBS-MJ03A-06-PRESTA301,4,True,5760,5760,0,0.0,0.0005
2025-08-23,RS03AXBS-MJ03A-06-PRESTA301,4,True,5760,5760,0,0.0,0.0005
2025-08-24,RS03AXBS-MJ03A-06-PRESTA301,4,True,5760,5760,0,0.0,0.0005
2025-08-25,RS03AXBS-MJ03A-06-PRESTA301,4,True,5760,5760,0,0.0,0.0005
2025-08-26,RS03AXBS-MJ03A-06-PRESTA301,4,True,5760,5760,0,0.0,0.0005
2025-08-27,RS03AXBS-MJ03A-06-PRESTA301,4,True,5760,5760,0,0.0,0.0005
2025-08-28,RS03AXBS-MJ03A-06-PRESTA301,4,True,5760,5760,0,0.0,0.0005
2025-08-29,RS03AXBS-MJ03A-06-PRESTA301,4,True,5760,5760,0,0.0,0.0005
2025-08-30,RS03AXBS-MJ03A-06-PRESTA301,4,True,5760,5760,0,0.0,0.0005
2025-08-31,RS03AXBS-MJ03A-06-PRESTA301,4,True,5760,5760,0,0.0,0.0005
2025-09-01,RS03AXBS-MJ03A-06-PRESTA301,4,True,5760,5760,0,0.0,0.0005
2025-09-02,RS03AXBS-MJ03A-06-PRESTA301,4,True,5760,5760,0,0.0,0.0005
2025-09-03,RS03AXBS-MJ03A-06-PRESTA301,4,True,5760,5760,0,0.0,0.0005
2025-09-04,RS03AXBS-MJ03A-06-PRESTA301,4,True,5760,5760,0,0.0,0.0005
2025-09-05,RS03AXBS-MJ03A-06-PRESTA301,4,True,5760,5760,0,0.0,0.0005
2025-09-06,RS03AXBS-MJ03A-06-PRESTA301,4,True,5760,5760,0,0.0,0.0005
2025-09-07,RS03AXBS-MJ03A-06-PRESTA301,4,True,5760,5760,0,0.0,0.0005
2025-09-08,RS03AXBS-MJ03A-06-PRESTA301,4,True,5760,5760,0,0.0,0.0005
2025-09-09,RS03AXBS-MJ03A-06-PRESTA301,4,True,5760,5760,0,0.0,0.0005
2025-09-10,RS03AXBS-MJ03A-06-PRESTA301,4,True,5760,5760,0,0.0,0.0005
2025-09-11,RS03AXBS-MJ03A-06-PRESTA301,4,True,5760,5760,0,0.0,0.0005
2025-09-12,RS03AXBS-MJ03A-06-PRESTA301,4,True,5760,5760,0,0.0,0.0005
2025-09-13,RS03AXBS-MJ03A-06-PRESTA301,4,True,5760,5760,0,0.0,0.0005
2025-09-14,RS03AXBS-MJ03A-06-PRESTA301,4,True,5760,5760,0,0.0,0.0005
2025-09-15,RS03AXBS-MJ03A-06-PRESTA301,4,True,5760,5760,0,0.0,0.0005
2025-09-16,RS03AXBS-MJ03A-06-PRESTA301,4,True,5760,5760,0,0.0,0.0005
2025-09-17,RS03AXBS-MJ03A-06-PRESTA301,4,True,5760,5760,0,0.0,0.0005
2025-09-18,RS03AXBS-MJ03A-06-PRESTA301,4,True,5760,5760,0,0.0,0.0005
2025-09-19,RS03AXBS-MJ03A-06-PRESTA301,4,True,5760,5760,0,0.0,0.0005
2025-09-20,RS03AXBS-MJ03A-06-PRESTA301,4,True,5760,5760,0,0.0,0.0005
2025-09-21,RS03AXBS-MJ03A-06-PRESTA301,4,True,5760,5760,0,0.0,0.0005
2025-09-22,RS03AXBS-MJ03A-06-PRESTA301,4,True,5760,5760,0,0.0,0.0005
2025-09-23,RS03AXBS-MJ03A-06-PRESTA301,4,True,5760,5760,0,0.0,0.0005
2025-09-24,RS03AXBS-MJ03A-06-PRESTA301,4,True,5760,5760,0,0.0,0.0005
2025-09-25,RS03AXBS-MJ03A-06-PRESTA301,4,True,5760,5760,0,0.0,0.0005
2025-09-26,RS03AXBS-MJ03A-06-PRESTA301,4,True,5760,5760,0,0.0,0.0005
2025-09-27,RS03AXBS-MJ03A-06-PRESTA301,4,True,5760,5760,0,0.0,0.0005
2025-09-28,RS03AXBS-MJ03A-06-PRESTA301,4,True,5760,5760,0,0.0,0.0005
2025-09-29,RS03AXBS-MJ03A-06-PRESTA301,4,True,5760,5760,0,0.0,0.0005
2025-09-30,RS03AXBS-MJ03A-06-PRESTA301,4,True,5760,5760,0,0.0,0.0005
2025-10-01,RS03AXBS-MJ03A-06-PRESTA301,4,True,5760,5760,0,0.0,0.0005
2025-10-02,RS03AXBS-MJ03A-06-PRESTA301,4,True,5760,5760,0,0.0,0.0005
2025-10-03,RS03AXBS-MJ03A-06-PRESTA301,4,True,5760,5760,0,0.0,0.0005
2025-10-04,RS03AXBS-MJ03A-06-PRESTA301,4,True,5760,5760,0,0.0,0.0005
2025-10-05,RS03AXBS-MJ03A-06-PRESTA301,4,True,5760,5760,0,0.0,0.0005
2025-10-06,RS03AXBS-MJ03A-06-PRESTA301,4,True,5760,5760,0,0.0,0.0005
2025-10-07,RS03AXBS-MJ03A-06-PRESTA301,4,True,5760,5760,0,0.0,0.0005
2025-10-08,RS03AXBS-MJ03A-06-PRESTA301,4,True,5760,5760,0,0.0,0.0005
2025-10-09,RS03AXBS-MJ03A-06-PRESTA301,4,True,5760,5760,0,0.0,0.0005
2025-10-10,RS03AXBS-MJ03A-06-PRESTA301,4,True,5760,5760,0,0.0,0.0005
2025-10-11,RS03AXBS-MJ03A-06-PRESTA301,4,True,5760,5760,0,0.0,0.0005
2025-10-12,RS03AXBS-MJ03A-06-PRESTA301,4,True,5760,5760,0,0.0,0.0005
2025-10-13,RS03AXBS-MJ03A-06-PRESTA301,4,True,5760,5760,0,0.0,0.0005
2025-10-14,RS03AXBS-MJ03A-06-PRESTA301,4,True,5760,5760,0,0.0,0.0005
2025-10-15,RS03AXBS-MJ03A-06-PRESTA301,4,True,5760,5760,0,0.0,0.0005
2025-10-16,RS03AXBS-MJ03A-06-PRESTA301,4,True,5760,5760,0,0.0,0.0005
2025-10-17,RS03AXBS-MJ03A-06-PRESTA301,4,True,5760,5760,0,0.0,0.0005
2025-10-18,RS03AXBS-MJ03A-06-PRESTA301,4,True,5760,5760,0,0.0,0.0005
2025-10-19,RS03AXBS-MJ03A-06-PRESTA301,4,True,5760,5760,0,0.0,0.0005
2025-10-20,RS03AXBS-MJ03A-06-PRESTA301,4,True,5760,5760,0,0.0,0.0005
2025-10-21,RS03AXBS-MJ03A-06-PRESTA301,4,True,5760,5760,0,0.0,0.0005
2025-10-22,RS03AXBS-MJ03A-06-PRESTA301,4,True,5760,5760,0,0.0,0.0005
2025-10-23,RS03AXBS-MJ03A-06-PRESTA301,4,True,5760,5760,0,0.0,0.0005
2025-10-24,RS03AXBS-MJ03A-06-PRESTA301,4,True,5760,5760,0,0.0,0.0005
2025-10-25,RS03AXBS-MJ03A-06-PRESTA301,4,True,5760,5760,0,0.0,0.0005
2025-10-26,RS03AXBS-MJ03A-06-PRESTA301,4,True,5760,5760,0,0.0,0.0005
2025-10-27,RS03AXBS-MJ03A-06-PRESTA301,4,True,5760,5760,0,0.0,0.0005
2025-10-28,RS03AXBS-MJ03A-06-PRESTA301,4,True,5760,5760,0,0.0,0.0005
2025-10-29,RS03AXBS-MJ03A-06-PRESTA301,4,True,5760,5760,0,0.0,0.0005
2025-10-30,RS03AXBS-MJ03A-06-PRESTA301,4,True,5760,5760,0,0.0,0.0005
2025-10-31,RS03AXBS-MJ03A-06-PRESTA301,4,True,5719,5760,41,0.7118,0.7123
2025-11-01,RS03AXBS-MJ03A-06-PRESTA301,4,True,5760,5760,0,0.0,0.0005
2025-11-02,RS03AXBS-MJ03A-06-PRESTA301,4,True,5760,5760,0,0.0,0.0005
2025-11-03,RS03AXBS-MJ03A-06-PRESTA301,4,True,5754,5760,6,0.1042,0.1047
2025-11-04,RS03AXBS-MJ03A-06-PRESTA301,4,True,5747,5760,13,0.2257,0.2262
2025-11-05,RS03AXBS-MJ03A-06-PRESTA301,4,True,5760,5760,0,0.0,0.0005
2025-11-06,RS03AXBS-MJ03A-06-PRESTA301,4,True,5760,5760,0,0.0,0.0005
2025-11-07,RS03AXBS-MJ03A-06-PRESTA301,4,True,5760,5760,0,0.0,0.0005
2025-11-08,RS03AXBS-MJ03A-06-PRESTA301,4,True,5760,5760,0,0.0,0.0005
2025-11-09,RS03AXBS-MJ03A-06-PRESTA301,4,True,5760,5760,0,0.0,0.0005
2025-11-10,RS03AXBS-MJ03A-06-PRESTA301,4,True,5760,5760,0,0.0,0.0005
2025-11-11,RS03AXBS-MJ03A-06-PRESTA301,4,True,5760,5760,0,0.0,0.0005
2025-11-12,RS03AXBS-MJ03A-06-PRESTA301,4,True,5760,5760,0,0.0,0.0005
2025-11-13,RS03AXBS-MJ03A-06-PRESTA301,4,True,5760,5760,0,0.0,0.0005
2025-11-14,RS03AXBS-MJ03A-06-PRESTA301,4,True,5760,5760,0,0.0,0.0005
2025-11-15,RS03AXBS-MJ03A-06-PRESTA301,4,True,5760,5760,0,0.0,0.0005
2025-11-16,RS03AXBS-MJ03A-06-PRESTA301,4,True,5760,5760,0,0.0,0.0005
2025-11-17,RS03AXBS-MJ03A-06-PRESTA301,4,True,5760,5760,0,0.0,0.0005
2025-11-18,RS03AXBS-MJ03A-06-PRESTA301,4,True,5760,5760,0,0.0,0.0005
2025-11-19,RS03AXBS-MJ03A-06-PRESTA301,4,True,5760,5760,0,0.0,0.0005
2025-11-20,RS03AXBS-MJ03A-06-PRESTA301,4,True,5760,5760,0,0.0,0.0005
2025-11-21,RS03AXBS-MJ03A-06-PRESTA301,4,True,5760,5760,0,0.0,0.0005
2025-11-22,RS03AXBS-MJ03A-06-PRESTA301,4,True,5760,5760,0,0.0,0.0005
2025-11-23,RS03AXBS-MJ03A-06-PRESTA301,4,True,5760,5760,0,0.0,0.0005
2025-11-24,RS03AXBS-MJ03A-06-PRESTA301,4,True,5760,5760,0,0.0,0.0005
2025-11-25,RS03AXBS-MJ03A-06-PRESTA301,4,True,5760,5760,0,0.0,0.0005
2025-11-26,RS03AXBS-MJ03A-06-PRESTA301,4,True,5760,5760,0,0.0,0.0005
2025-11-27,RS03AXBS-MJ03A-06-PRESTA301,4,True,5760,5760,0,0.0,0.0005
2025-11-28,RS03AXBS-MJ03A-06-PRESTA301,4,True,5760,5760,0,0.0,0.0005
2025-11-29,RS03AXBS-MJ03A-06-PRESTA301,4,True,5760,5760,0,0.0,0.0005
2025-11-30,RS03AXBS-MJ03A-06-PRESTA301,4,True,5760,5760,0,0.0,0.0005
2025-12-01,RS03AXBS-MJ03A-06-PRESTA301,4,True,5760,5760,0,0.0,0.0005
2025-12-02,RS03AXBS-MJ03A-06-PRESTA301,4,True,5760,5760,0,0.0,0.0005
2025-12-03,RS03AXBS-MJ03A-06-PRESTA301,4,True,5760,5760,0,0.0,0.0005
2025-12-04,RS03AXBS-MJ03A-06-PRESTA301,4,True,5760,5760,0,0.0,0.0005
2025-12-05,RS03AXBS-MJ03A-06-PRESTA301,4,True,5760,5760,0,0.0,0.0005
2025-12-06,RS03AXBS-MJ03A-06-PRESTA301,4,True,5760,5760,0,0.0,0.0005
2025-12-07,RS03AXBS-MJ03A-06-PRESTA301,4,True,5760,5760,0,0.0,0.0005
2025-12-08,RS03AXBS-MJ03A-06-PRESTA301,4,True,5760,5760,0,0.0,0.0005
2025-12-09,RS03AXBS-MJ03A-06-PRESTA301,4,True,5760,5760,0,0.0,0.0005
2025-12-10,RS03AXBS-MJ03A-06-PRESTA301,4,True,5760,5760,0,0.0,0.0005
2025-12-11,RS03AXBS-MJ03A-06-PRESTA301,4,True,5760,5760,0,0.0,0.0005
2025-12-12,RS03AXBS-MJ03A-06-PRESTA301,4,True,5760,5760,0,0.0,0.0005
2025-12-13,RS03AXBS-MJ03A-06-PRESTA301,4,True,5760,5760,0,0.0,0.0005
2025-12-14,RS03AXBS-MJ03A-06-PRESTA301,4,True,5760,5760,0,0.0,0.0005
2025-12-15,RS03AXBS-MJ03A-06-PRESTA301,4,True,5760,5760,0,0.0,0.0005
2025-12-16,RS03AXBS-MJ03A-06-PRESTA301,4,True,5760,5760,0,0.0,0.0005
2025-12-17,RS03AXBS-MJ03A-06-PRESTA301,4,True,5760,5760,0,0.0,0.0005
2025-12-18,RS03AXBS-MJ03A-06-PRESTA301,4,True,5760,5760,0,0.0,0.0005
2025-12-19,RS03AXBS-MJ03A-06-PRESTA301,4,True,5760,5760,0,0.0,0.0005
2025-12-20,RS03AXBS-MJ03A-06-PRESTA301,4,True,5760,5760,0,0.0,0.0005
2025-12-21,RS03AXBS-MJ03A-06-PRESTA301,4,True,5760,5760,0,0.0,0.0005
2025-12-22,RS03AXBS-MJ03A-06-PRESTA301,4,True,5760,5760,0,0.0,0.0005
2025-12-23,RS03AXBS-MJ03A-06-PRESTA301,4,True,5760,5760,0,0.0,0.0005
2025-12-24,RS03AXBS-MJ03A-06-PRESTA301,4,True,5760,5760,0,0.0,0.0005
2025-12-25,RS03AXBS-MJ03A-06-PRESTA301,4,True,5760,5760,0,0.0,0.0005
2025-12-26,RS03AXBS-MJ03A-06-PRESTA301,4,True,5760,5760,0,0.0,0.0005
2025-12-27,RS03AXBS-MJ03A-06-PRESTA301,4,True,5760,5760,0,0.0,0.0005
2025-12-28,RS03AXBS-MJ03A-06-PRESTA301,4,True,5760,5760,0,0.0,0.0005
2025-12-29,RS03AXBS-MJ03A-06-PRESTA301,4,True,5760,5760,0,0.0,0.0005
2025-12-30,RS03AXBS-MJ03A-06-PRESTA301,4,True,5760,5760,0,0.0,0.0005
2025-12-31,RS03AXBS-MJ03A-06-PRESTA301,4,True,5760,5760,0,0.0,0.0005
2026-01-01,RS03AXBS-MJ03A-06-PRESTA301,4,True,5760,5760,0,0.0,0.0005
2026-01-02,RS03AXBS-MJ03A-06-PRESTA301,4,True,5760,5760,0,0.0,0.0005
2026-01-03,RS03AXBS-MJ03A-06-PRESTA301,4,True,5760,5760,0,0.0,0.0005
2026-01-04,RS03AXBS-MJ03A-06-PRESTA301,4,True,5750,5760,10,0.1736,0.1741
2026-01-05,RS03AXBS-MJ03A-06-PRESTA301,4,True,5760,5760,0,0.0,0.0005
2026-01-06,RS03AXBS-MJ03A-06-PRESTA301,4,True,5760,5760,0,0.0,0.0005
2026-01-07,RS03AXBS-MJ03A-06-PRESTA301,4,True,5760,5760,0,0.0,0.0005
2026-01-08,RS03AXBS-MJ03A-06-PRESTA301,4,True,5760,5760,0,0.0,0.0005
2026-01-09,RS03AXBS-MJ03A-06-PRESTA301,4,True,5760,5760,0,0.0,0.0005
2026-01-10,RS03AXBS-MJ03A-06-PRESTA301,4,True,5760,5760,0,0.0,0.0005
2026-01-11,RS03AXBS-MJ03A-06-PRESTA301,4,True,5760,5760,0,0.0,0.0005
2026-01-12,RS03AXBS-MJ03A-06-PRESTA301,4,True,5760,5760,0,0.0,0.0005
2026-01-13,RS03AXBS-MJ03A-06-PRESTA301,4,True,5760,5760,0,0.0,0.0005
2026-01-14,RS03AXBS-MJ03A-06-PRESTA301,4,True,5760,5760,0,0.0,0.0005
2026-01-15,RS03AXBS-MJ03A-06-PRESTA301,4,True,5760,5760,0,0.0,0.0005
2026-01-16,RS03AXBS-MJ03A-06-PRESTA301,4,True,5760,5760,0,0.0,0.0005
2026-01-17,RS03AXBS-MJ03A-06-PRESTA301,4,True,5760,5760,0,0.0,0.0005
2026-01-18,RS03AXBS-MJ03A-06-PRESTA301,4,True,5760,5760,0,0.0,0.0005
2026-01-19,RS03AXBS-MJ03A-06-PRESTA301,4,True,5760,5760,0,0.0,0.0005
2026-01-20,RS03AXBS-MJ03A-06-PRESTA301,4,True,5760,5760,0,0.0,0.0005
2026-01-21,RS03AXBS-MJ03A-06-PRESTA301,4,True,5760,5760,0,0.0,0.0005
2026-01-22,RS03AXBS-MJ03A-06-PRESTA301,4,True,5760,5760,0,0.0,0.0005
2026-01-23,RS03AXBS-MJ03A-06-PRESTA301,4,True,5760,5760,0,0.0,0.0005
2026-01-24,RS03AXBS-MJ03A-06-PRESTA301,4,True,5760,5760,0,0.0,0.0005
2026-01-25,RS03AXBS-MJ03A-06-PRESTA301,4,True,5760,5760,0,0.0,0.0005
2026-01-26,RS03AXBS-MJ03A-06-PRESTA301,4,True,5760,5760,0,0.0,0.0005
2026-01-27,RS03AXBS-MJ03A-06-PRESTA301,4,True,5760,5760,0,0.0,0.0005
2026-01-28,RS03AXBS-MJ03A-06-PRESTA301,4,True,5735,5760,25,0.434,0.4345
2026-01-29,RS03AXBS-MJ03A-06-PRESTA301,4,True,5760,5760,0,0.0,0.0005
2026-01-30,RS03AXBS-MJ03A-06-PRESTA301,4,True,5760,5760,0,0.0,0.0005
2026-01-31,RS03AXBS-MJ03A-06-PRESTA301,4,True,5760,5760,0,0.0,0.0005
2026-02-01,RS03AXBS-MJ03A-06-PRESTA301,4,True,5760,5760,0,0.0,0.0005
2026-02-02,RS03AXBS-MJ03A-06-PRESTA301,4,True,5760,5760,0,0.0,0.0005
2026-02-03,RS03AXBS-MJ03A-06-PRESTA301,4,True,5760,5760,0,0.0,0.0005
2026-02-04,RS03AXBS-MJ03A-06-PRESTA301,4,True,5759,5760,1,0.0174,0.0179
2026-02-05,RS03AXBS-MJ03A-06-PRESTA301,4,True,5760,5760,0,0.0,0.0005
2026-02-06,RS03AXBS-MJ03A-06-PRESTA301,4,True,5760,5760,0,0.0,0.0005
2026-02-07,RS03AXBS-MJ03A-06-PRESTA301,4,True,5760,5760,0,0.0,0.0005
2026-02-08,RS03AXBS-MJ03A-06-PRESTA301,4,True,5760,5760,0,0.0,0.0005
2026-02-09,RS03AXBS-MJ03A-06-PRESTA301,4,True,5760,5760,0,0.0,0.0005
2026-02-10,RS03AXBS-MJ03A-06-PRESTA301,4,True,5760,5760,0,0.0,0.0005
2026-02-11,RS03AXBS-MJ03A-06-PRESTA301,4,True,5760,5760,0,0.0,0.0005
2026-02-12,RS03AXBS-MJ03A-06-PRESTA301,4,True,5760,5760,0,0.0,0.0005
2026-02-13,RS03AXBS-MJ03A-06-PRESTA301,4,True,5760,5760,0,0.0,0.0005
2026-02-14,RS03AXBS-MJ03A-06-PRESTA301,4,True,5760,5760,0,0.0,0.0005
2026-02-15,RS03AXBS-MJ03A-06-PRESTA301,4,True,5760,5760,0,0.0,0.0005
2026-02-16,RS03AXBS-MJ03A-06-PRESTA301,4,True,5760,5760,0,0.0,0.0005
2026-02-17,RS03AXBS-MJ03A-06-PRESTA301,4,True,5760,5760,0,0.0,0.0005
2026-02-18,RS03AXBS-MJ03A-06-PRESTA301,4,True,5760,5760,0,0.0,0.0005
2026-02-19,RS03AXBS-MJ03A-06-PRESTA301,4,True,5760,5760,0,0.0,0.0005
2026-02-20,RS03AXBS-MJ03A-06-PRESTA301,4,True,5760,5760,0,0.0,0.0005
2026-02-21,RS03AXBS-MJ03A-06-PRESTA301,4,True,5760,5760,0,0.0,0.0005
2026-02-22,RS03AXBS-MJ03A-06-PRESTA301,4,True,5760,5760,0,0.0,0.0005
2026-02-23,RS03AXBS-MJ03A-06-PRESTA301,4,True,5760,5760,0,0.0,0.0005
2026-02-24,RS03AXBS-MJ03A-06-PRESTA301,4,True,5760,5760,0,0.0,0.0005
2026-02-25,RS03AXBS-MJ03A-06-PRESTA301,4,True,5760,5760,0,0.0,0.0005
2026-02-26,RS03AXBS-MJ03A-06-PRESTA301,4,True,5760,5760,0,0.0,0.0005
2026-02-27,RS03AXBS-MJ03A-06-PRESTA301,4,True,5720,5760,40,0.6944,0.6949
2026-02-28,RS03AXBS-MJ03A-06-PRESTA301,4,True,5760,5760,0,0.0,0.0005
2026-03-01,RS03AXBS-MJ03A-06-PRESTA301,4,True,5760,5760,0,0.0,0.0005
2026-03-02,RS03AXBS-MJ03A-06-PRESTA301,4,True,5760,5760,0,0.0,0.0005
2026-03-03,RS03AXBS-MJ03A-06-PRESTA301,4,True,5760,5760,0,0.0,0.0005
2026-03-04,RS03AXBS-MJ03A-06-PRESTA301,4,True,5760,5760,0,0.0,0.0005
2026-03-05,RS03AXBS-MJ03A-06-PRESTA301,4,True,5760,5760,0,0.0,0.0005
2026-03-06,RS03AXBS-MJ03A-06-PRESTA301,4,True,5760,5760,0,0.0,0.0005
2026-03-07,RS03AXBS-MJ03A-06-PRESTA301,4,True,5760,5760,0,0.0,0.0005
2026-03-08,RS03AXBS-MJ03A-06-PRESTA301,4,True,5760,5760,0,0.0,0.0005
2026-03-09,RS03AXBS-MJ03A-06-PRESTA301,4,True,5760,5760,0,0.0,0.0005
2026-03-10,RS03AXBS-MJ03A-06-PRESTA301,4,True,5760,5760,0,0.0,0.0005
2026-03-11,RS03AXBS-MJ03A-06-PRESTA301,4,True,5760,5760,0,0.0,0.0005
2026-03-12,RS03AXBS-MJ03A-06-PRESTA301,4,True,5760,5760,0,0.0,0.0005
2026-03-13,RS03AXBS-MJ03A-06-PRESTA301,4,True,5760,5760,0,0.0,0.0005
2026-03-14,RS03AXBS-MJ03A-06-PRESTA301,4,True,5760,5760,0,0.0,0.0005
2026-03-15,RS03AXBS-MJ03A-06-PRESTA301,4,True,5760,5760,0,0.0,0.0005
2026-03-16,RS03AXBS-MJ03A-06-PRESTA301,4,True,5760,5760,0,0.0,0.0005
2026-03-17,RS03AXBS-MJ03A-06-PRESTA301,4,True,5727,5760,33,0.5729,0.5734
2026-03-18,RS03AXBS-MJ03A-06-PRESTA301,4,True,5760,5760,0,0.0,0.0005
2026-03-19,RS03AXBS-MJ03A-06-PRESTA301,4,True,5760,5760,0,0.0,0.0005
2026-03-20,RS03AXBS-MJ03A-06-PRESTA301,4,True,5760,5760,0,0.0,0.0005
2026-03-21,RS03AXBS-MJ03A-06-PRESTA301,4,True,5760,5760,0,0.0,0.0005
2026-03-22,RS03AXBS-MJ03A-06-PRESTA301,4,True,5760,5760,0,0.0,0.0005
2026-03-23,RS03AXBS-MJ03A-06-PRESTA301,4,True,5760,5760,0,0.0,0.0005
2026-03-24,RS03AXBS-MJ03A-06-PRESTA301,4,True,5760,5760,0,0.0,0.0005
2026-03-25,RS03AXBS-MJ03A-06-PRESTA301,4,True,5760,5760,0,0.0,0.0005
2026-03-26,RS03AXBS-MJ03A-06-PRESTA301,4,True,5760,5760,0,0.0,0.0005
2026-03-27,RS03AXBS-MJ03A-06-PRESTA301,4,True,5760,5760,0,0.0,0.0005
2026-03-28,RS03AXBS-MJ03A-06-PRESTA301,4,True,5760,5760,0,0.0,0.0005
2026-03-29,RS03AXBS-MJ03A-06-PRESTA301,4,True,5760,5760,0,0.0,0.0005
2026-03-30,RS03AXBS-MJ03A-06-PRESTA301,4,True,5760,5760,0,0.0,0.0005
2026-03-31,RS03AXBS-MJ03A-06-PRESTA301,4,True,5760,5760,0,0.0,0.0005
2026-04-01,RS03AXBS-MJ03A-06-PRESTA301,4,True,5760,5760,0,0.0,0.0005
2026-04-02,RS03AXBS-MJ03A-06-PRESTA301,4,True,5760,5760,0,0.0,0.0005
2026-04-03,RS03AXBS-MJ03A-06-PRESTA301,4,True,5760,5760,0,0.0,0.0005
2026-04-04,RS03AXBS-MJ03A-06-PRESTA301,4,True,5760,5760,0,0.0,0.0005
2026-04-05,RS03AXBS-MJ03A-06-PRESTA301,4,True,5760,5760,0,0.0,0.0005
2026-04-06,RS03AXBS-MJ03A-06-PRESTA301,4,True,5760,5760,0,0.0,0.0005
2026-04-07,RS03AXBS-MJ03A-06-PRESTA301,4,True,5760,5760,0,0.0,0.0005
2026-04-08,RS03AXBS-MJ03A-06-PRESTA301,4,True,5760,5760,0,0.0,0.0005
2026-04-09,RS03AXBS-MJ03A-06-PRESTA301,4,True,5760,5760,0,0.0,0.0005
2026-04-10,RS03AXBS-MJ03A-06-PRESTA301,4,True,5760,5760,0,0.0,0.0005
2026-04-11,RS03AXBS-MJ03A-06-PRESTA301,4,True,5760,5760,0,0.0,0.0005
2026-04-12,RS03AXBS-MJ03A-06-PRESTA301,4,True,5760,5760,0,0.0,0.0005
2026-04-13,RS03AXBS-MJ03A-06-PRESTA301,4,True,5760,5760,0,0.0,0.0005
2026-04-14,RS03AXBS-MJ03A-06-PRESTA301,4,True,5760,5760,0,0.0,0.0005
2026-04-15,RS03AXBS-MJ03A-06-PRESTA301,4,True,5760,5760,0,0.0,0.0005
2026-04-16,RS03AXBS-MJ03A-06-PRESTA301,4,True,5760,5760,0,0.0,0.0005
2026-04-17,RS03AXBS-MJ03A-06-PRESTA301,4,True,5760,5760,0,0.0,0.0005
2026-04-18,RS03AXBS-MJ03A-06-PRESTA301,4,True,5760,5760,0,0.0,0.0005
2026-04-19,RS03AXBS-MJ03A-06-PRESTA301,4,True,5760,5760,0,0.0,0.0005
2026-04-20,RS03AXBS-MJ03A-06-PRESTA301,4,True,5760,5760,0,0.0,0.0005
2026-04-21,RS03AXBS-MJ03A-06-PRESTA301,4,True,5756,5760,4,0.0694,0.0699
2026-04-22,RS03AXBS-MJ03A-06-PRESTA301,4,True,5720,5760,40,0.6944,0.6949
2026-04-23,RS03AXBS-MJ03A-06-PRESTA301,4,True,5760,5760,0,0.0,0.0005
2026-04-24,RS03AXBS-MJ03A-06-PRESTA301,4,True,5760,5760,0,0.0,0.0005
2026-04-25,RS03AXBS-MJ03A-06-PRESTA301,4,True,5760,5760,0,0.0,0.0005
2026-04-26,RS03AXBS-MJ03A-06-PRESTA301,4,True,5760,5760,0,0.0,0.0005
2026-04-27,RS03AXBS-MJ03A-06-PRESTA301,4,True,5760,5760,0,0.0,0.0005
2026-04-28,RS03AXBS-MJ03A-06-PRESTA301,4,True,5760,5760,0,0.0,0.0005
2026-04-29,RS03AXBS-MJ03A-06-PRESTA301,4,True,5760,5760,0,0.0,0.0005
2026-04-30,RS03AXBS-MJ03A-06-PRESTA301,4,True,5760,5760,0,0.0,0.0005
2026-05-01,RS03AXBS-MJ03A-06-PRESTA301,4,True,5760,5760,0,0.0,0.0005
