date,station,deployment,has_data,data_start,data_end,n_points,n_ideal,true_missing,sp_nominal,dt_FG,dt_true,t_i0_offset_s,n_gaps,gap_total_missing,n_gaps_raw,gap_total_missing_raw,jitter_mean_ms,jitter_std_ms,jitter_maxabs_ms,frac_mean,frac_std,frac_maxabs,jitter_unstable,max_abs_epsilon,figure_generated
2014-09-01,RS01SUM1-LJ01B-09-PRESTB102,0,False,,,0,0,,,,,,,,,,,,,,,,,,False
2014-09-02,RS01SUM1-LJ01B-09-PRESTB102,0,False,,,0,0,,,,,,,,,,,,,,,,,,False
2014-09-03,RS01SUM1-LJ01B-09-PRESTB102,0,False,,,0,0,,,,,,,,,,,,,,,,,,False
2014-09-04,RS01SUM1-LJ01B-09-PRESTB102,0,False,,,0,0,,,,,,,,,,,,,,,,,,False
2014-09-05,RS01SUM1-LJ01B-09-PRESTB102,0,False,,,0,0,,,,,,,,,,,,,,,,,,False
2014-09-06,RS01SUM1-LJ01B-09-PRESTB102,0,False,,,0,0,,,,,,,,,,,,,,,,,,False
2014-09-07,RS01SUM1-LJ01B-09-PRESTB102,0,False,,,0,0,,,,,,,,,,,,,,,,,,False
2014-09-08,RS01SUM1-LJ01B-09-PRESTB102,1,False,,,0,0,,14.999925,,,,,,,,,,,,,,,,False
2014-09-09,RS01SUM1-LJ01B-09-PRESTB102,1,False,,,0,0,,14.999925,,,,,,,,,,,,,,,,False
2014-09-10,RS01SUM1-LJ01B-09-PRESTB102,1,False,,,0,0,,14.999925,,,,,,,,,,,,,,,,False
2014-09-11,RS01SUM1-LJ01B-09-PRESTB102,1,False,,,0,0,,14.999925,,,,,,,,,,,,,,,,False
2014-09-12,RS01SUM1-LJ01B-09-PRESTB102,1,False,,,0,0,,14.999925,,,,,,,,,,,,,,,,False
2014-09-13,RS01SUM1-LJ01B-09-PRESTB102,1,False,,,0,0,,14.999925,,,,,,,,,,,,,,,,False
2014-09-14,RS01SUM1-LJ01B-09-PRESTB102,1,False,,,0,0,,14.999925,,,,,,,,,,,,,,,,False
2014-09-15,RS01SUM1-LJ01B-09-PRESTB102,1,False,,,0,0,,14.999925,,,,,,,,,,,,,,,,False
2014-09-16,RS01SUM1-LJ01B-09-PRESTB102,1,False,,,0,0,,14.999925,,,,,,,,,,,,,,,,False
2014-09-17,RS01SUM1-LJ01B-09-PRESTB102,1,False,,,0,0,,14.999925,,,,,,,,,,,,,,,,False
2014-09-18,RS01SUM1-LJ01B-09-PRESTB102,1,True,2014-09-18T13:30:30Z,2014-09-18T23:59:50Z,558,2519,1961,14.999925,15.0,14.997141411,-3.507744125,5,1961,5,1961,-0.0,614.735274,3524.89566,-5.854003e-13,0.04099016,0.2350378,False,0.466667,True
2014-09-19,RS01SUM1-LJ01B-09-PRESTB102,1,True,2014-09-19T00:00:05Z,2014-09-19T23:59:50Z,5760,5760,0,14.999925,15.0,15.0,-0.0,0,0,0,0,0.0,0.0,0.0,2.805148e-12,1.486283e-12,5.820766e-12,False,0.0,False
2014-09-20,RS01SUM1-LJ01B-09-PRESTB102,1,True,2014-09-20T00:00:05Z,2014-09-20T23:59:50Z,5760,5760,0,14.999925,15.0,15.0,-0.0,0,0,0,0,0.0,0.0,0.0,2.805148e-12,1.486283e-12,5.820766e-12,False,0.0,False
2014-09-21,RS01SUM1-LJ01B-09-PRESTB102,1,True,2014-09-21T00:00:05Z,2014-09-21T23:59:50Z,5760,5760,0,14.999925,15.0,15.0,-0.0,0,0,0,0,0.0,0.0,0.0,2.805148e-12,1.486283e-12,5.820766e-12,False,0.0,False
2014-09-22,RS01SUM1-LJ01B-09-PRESTB102,1,True,2014-09-22T00:00:05Z,2014-09-22T23:59:50Z,5760,5760,0,14.999925,15.0,15.0,-0.0,0,0,0,0,0.0,0.0,0.0,2.805148e-12,1.486283e-12,5.820766e-12,False,0.0,False
2014-09-23,RS01SUM1-LJ01B-09-PRESTB102,1,True,2014-09-23T00:00:05Z,2014-09-23T23:59:50Z,5760,5760,0,14.999925,15.0,15.0,-0.0,0,0,0,0,0.0,0.0,0.0,2.805148e-12,1.486283e-12,5.820766e-12,False,0.0,False
2014-09-24,RS01SUM1-LJ01B-09-PRESTB102,1,True,2014-09-24T00:00:05Z,2014-09-24T23:59:50Z,5760,5760,0,14.999925,15.0,15.0,-0.0,0,0,0,0,0.0,0.0,0.0,2.805148e-12,1.486283e-12,5.820766e-12,False,0.0,False
2014-09-25,RS01SUM1-LJ01B-09-PRESTB102,1,True,2014-09-25T00:00:05Z,2014-09-25T23:59:50Z,5760,5760,0,14.999925,15.0,15.0,-0.0,0,0,0,0,0.0,0.0,0.0,2.805148e-12,1.486283e-12,5.820766e-12,False,0.0,False
2014-09-26,RS01SUM1-LJ01B-09-PRESTB102,1,True,2014-09-26T00:00:05Z,2014-09-26T23:59:50Z,5760,5760,0,14.999925,15.0,15.0,-0.0,0,0,0,0,0.0,0.0,0.0,2.805148e-12,1.486283e-12,5.820766e-12,False,0.0,False
2014-09-27,RS01SUM1-LJ01B-09-PRESTB102,1,True,2014-09-27T00:00:05Z,2014-09-27T23:59:50Z,5580,5760,180,14.999925,15.0,15.0,-0.0,1,180,1,180,0.0,0.0,0.0,2.744948e-13,2.927534e-13,8.311737e-13,False,0.0,True
2014-09-28,RS01SUM1-LJ01B-09-PRESTB102,1,True,2014-09-28T00:00:05Z,2014-09-28T23:59:50Z,5760,5760,0,14.999925,15.0,15.0,-0.0,0,0,0,0,0.0,0.0,0.0,2.805148e-12,1.486283e-12,5.820766e-12,False,0.0,False
2014-09-29,RS01SUM1-LJ01B-09-PRESTB102,1,True,2014-09-29T00:00:05Z,2014-09-29T23:59:50Z,5760,5760,0,14.999925,15.0,15.0,-0.0,0,0,0,0,0.0,0.0,0.0,2.805148e-12,1.486283e-12,5.820766e-12,False,0.0,False
2014-09-30,RS01SUM1-LJ01B-09-PRESTB102,1,True,2014-09-30T00:00:05Z,2014-09-30T23:59:50Z,5760,5760,0,14.999925,15.0,15.0,-0.0,0,0,0,0,0.0,0.0,0.0,2.805148e-12,1.486283e-12,5.820766e-12,False,0.0,False
2014-10-01,RS01SUM1-LJ01B-09-PRESTB102,1,True,2014-10-01T00:00:05Z,2014-10-01T23:59:50Z,5760,5760,0,14.999925,15.0,15.0,-0.0,0,0,0,0,0.0,0.0,0.0,2.805148e-12,1.486283e-12,5.820766e-12,False,0.0,False
2014-10-02,RS01SUM1-LJ01B-09-PRESTB102,1,True,2014-10-02T00:00:05Z,2014-10-02T23:59:50Z,5760,5760,0,14.999925,15.0,15.0,-0.0,0,0,0,0,0.0,0.0,0.0,2.805148e-12,1.486283e-12,5.820766e-12,False,0.0,False
2014-10-03,RS01SUM1-LJ01B-09-PRESTB102,1,True,2014-10-03T00:00:05Z,2014-10-03T23:59:50Z,5760,5760,0,14.999925,15.0,15.0,-0.0,0,0,0,0,0.0,0.0,0.0,2.805148e-12,1.486283e-12,5.820766e-12,False,0.0,False
2014-10-04,RS01SUM1-LJ01B-09-PRESTB102,1,True,2014-10-04T00:00:05Z,2014-10-04T23:59:50Z,5760,5760,0,14.999925,15.0,15.0,-0.0,0,0,0,0,0.0,0.0,0.0,2.805148e-12,1.486283e-12,5.820766e-12,False,0.0,False
2014-10-05,RS01SUM1-LJ01B-09-PRESTB102,1,True,2014-10-05T00:00:05Z,2014-10-05T23:59:50Z,5760,5760,0,14.999925,15.0,15.0,-0.0,0,0,0,0,0.0,0.0,0.0,2.805148e-12,1.486283e-12,5.820766e-12,False,0.0,False
2014-10-06,RS01SUM1-LJ01B-09-PRESTB102,1,True,2014-10-06T00:00:05Z,2014-10-06T23:59:50Z,5760,5760,0,14.999925,15.0,15.0,-0.0,0,0,0,0,0.0,0.0,0.0,2.805148e-12,1.486283e-12,5.820766e-12,False,0.0,False
2014-10-07,RS01SUM1-LJ01B-09-PRESTB102,1,True,2014-10-07T00:00:05Z,2014-10-07T23:59:50Z,5760,5760,0,14.999925,15.0,15.0,-0.0,0,0,0,0,0.0,0.0,0.0,2.805148e-12,1.486283e-12,5.820766e-12,False,0.0,False
2014-10-08,RS01SUM1-LJ01B-09-PRESTB102,1,True,2014-10-08T00:00:05Z,2014-10-08T23:59:50Z,5760,5760,0,14.999925,15.0,15.0,-0.0,0,0,0,0,0.0,0.0,0.0,2.805148e-12,1.486283e-12,5.820766e-12,False,0.0,False
2014-10-09,RS01SUM1-LJ01B-09-PRESTB102,1,True,2014-10-09T00:00:05Z,2014-10-09T23:59:50Z,5760,5760,0,14.999925,15.0,15.0,-0.0,0,0,0,0,0.0,0.0,0.0,2.805148e-12,1.486283e-12,5.820766e-12,False,0.0,False
2014-10-10,RS01SUM1-LJ01B-09-PRESTB102,1,True,2014-10-10T00:00:05Z,2014-10-10T23:59:50Z,5760,5760,0,14.999925,15.0,15.0,-0.0,0,0,0,0,0.0,0.0,0.0,2.805148e-12,1.486283e-12,5.820766e-12,False,0.0,False
2014-10-11,RS01SUM1-LJ01B-09-PRESTB102,1,True,2014-10-11T00:00:05Z,2014-10-11T23:59:50Z,5760,5760,0,14.999925,15.0,15.0,-0.0,0,0,0,0,0.0,0.0,0.0,2.805148e-12,1.486283e-12,5.820766e-12,False,0.0,False
2014-10-12,RS01SUM1-LJ01B-09-PRESTB102,1,True,2014-10-12T00:00:05Z,2014-10-12T23:59:50Z,5760,5760,0,14.999925,15.0,15.0,-0.0,0,0,0,0,0.0,0.0,0.0,2.805148e-12,1.486283e-12,5.820766e-12,False,0.0,False
2014-10-13,RS01SUM1-LJ01B-09-PRESTB102,1,True,2014-10-13T00:00:05Z,2014-10-13T23:59:50Z,5760,5760,0,14.999925,15.0,15.0,-0.0,0,0,0,0,0.0,0.0,0.0,2.805148e-12,1.486283e-12,5.820766e-12,False,0.0,False
2014-10-14,RS01SUM1-LJ01B-09-PRESTB102,1,True,2014-10-14T00:00:05Z,2014-10-14T23:59:50Z,5760,5760,0,14.999925,15.0,15.0,-0.0,0,0,0,0,0.0,0.0,0.0,2.805148e-12,1.486283e-12,5.820766e-12,False,0.0,False
2014-10-15,RS01SUM1-LJ01B-09-PRESTB102,1,True,2014-10-15T00:00:05Z,2014-10-15T23:59:50Z,5760,5760,0,14.999925,15.0,15.0,-0.0,0,0,0,0,0.0,0.0,0.0,2.805148e-12,1.486283e-12,5.820766e-12,False,0.0,False
2014-10-16,RS01SUM1-LJ01B-09-PRESTB102,1,True,2014-10-16T00:00:05Z,2014-10-16T23:59:50Z,5760,5760,0,14.999925,15.0,15.0,-0.0,0,0,0,0,0.0,0.0,0.0,2.805148e-12,1.486283e-12,5.820766e-12,False,0.0,False
2014-10-17,RS01SUM1-LJ01B-09-PRESTB102,1,True,2014-10-17T00:00:05Z,2014-10-17T23:59:50Z,5760,5760,0,14.999925,15.0,15.0,-0.0,0,0,0,0,0.0,0.0,0.0,2.805148e-12,1.486283e-12,5.820766e-12,False,0.0,False
2014-10-18,RS01SUM1-LJ01B-09-PRESTB102,1,True,2014-10-18T00:00:05Z,2014-10-18T23:59:50Z,5760,5760,0,14.999925,15.0,15.0,-0.0,0,0,0,0,0.0,0.0,0.0,2.805148e-12,1.486283e-12,5.820766e-12,False,0.0,False
2014-10-19,RS01SUM1-LJ01B-09-PRESTB102,1,True,2014-10-19T00:00:05Z,2014-10-19T23:59:50Z,5760,5760,0,14.999925,15.0,15.0,-0.0,0,0,0,0,0.0,0.0,0.0,2.805148e-12,1.486283e-12,5.820766e-12,False,0.0,False
2014-10-20,RS01SUM1-LJ01B-09-PRESTB102,1,True,2014-10-20T00:00:05Z,2014-10-20T23:59:50Z,5760,5760,0,14.999925,15.0,15.0,-0.0,0,0,0,0,0.0,0.0,0.0,2.805148e-12,1.486283e-12,5.820766e-12,False,0.0,False
2014-10-21,RS01SUM1-LJ01B-09-PRESTB102,1,True,2014-10-21T00:00:05Z,2014-10-21T23:59:50Z,5760,5760,0,14.999925,15.0,15.0,-0.0,0,0,0,0,0.0,0.0,0.0,2.805148e-12,1.486283e-12,5.820766e-12,False,0.0,False
2014-10-22,RS01SUM1-LJ01B-09-PRESTB102,1,True,2014-10-22T00:00:05Z,2014-10-22T23:59:50Z,5760,5760,0,14.999925,15.0,15.0,-0.0,0,0,0,0,0.0,0.0,0.0,2.805148e-12,1.486283e-12,5.820766e-12,False,0.0,False
2014-10-23,RS01SUM1-LJ01B-09-PRESTB102,1,True,2014-10-23T00:00:05Z,2014-10-23T23:59:50Z,5760,5760,0,14.999925,15.0,15.0,-0.0,0,0,0,0,0.0,0.0,0.0,2.805148e-12,1.486283e-12,5.820766e-12,False,0.0,False
2014-10-24,RS01SUM1-LJ01B-09-PRESTB102,1,False,,,0,0,,14.999925,,,,,,,,,,,,,,,,False
2014-10-25,RS01SUM1-LJ01B-09-PRESTB102,1,True,2014-10-25T00:00:05Z,2014-10-25T23:59:50Z,5760,5760,0,14.999925,15.0,15.0,-0.0,0,0,0,0,0.0,0.0,0.0,2.805148e-12,1.486283e-12,5.820766e-12,False,0.0,False
2014-10-26,RS01SUM1-LJ01B-09-PRESTB102,1,True,2014-10-26T00:00:05Z,2014-10-26T23:59:50Z,5760,5760,0,14.999925,15.0,15.0,-0.0,0,0,0,0,0.0,0.0,0.0,2.805148e-12,1.486283e-12,5.820766e-12,False,0.0,False
2014-10-27,RS01SUM1-LJ01B-09-PRESTB102,1,True,2014-10-27T00:00:05Z,2014-10-27T23:59:50Z,5760,5760,0,14.999925,15.0,15.0,-0.0,0,0,0,0,0.0,0.0,0.0,2.805148e-12,1.486283e-12,5.820766e-12,False,0.0,False
2014-10-28,RS01SUM1-LJ01B-09-PRESTB102,1,True,2014-10-28T00:00:05Z,2014-10-28T23:59:50Z,5760,5760,0,14.999925,15.0,15.0,-0.0,0,0,0,0,0.0,0.0,0.0,2.805148e-12,1.486283e-12,5.820766e-12,False,0.0,False
2014-10-29,RS01SUM1-LJ01B-09-PRESTB102,1,True,2014-10-29T00:00:05Z,2014-10-29T23:59:50Z,5760,5760,0,14.999925,15.0,15.0,-0.0,0,0,0,0,0.0,0.0,0.0,2.805148e-12,1.486283e-12,5.820766e-12,False,0.0,False
2014-10-30,RS01SUM1-LJ01B-09-PRESTB102,1,True,2014-10-30T00:00:05Z,2014-10-30T23:59:50Z,2802,5760,2958,14.999925,15.0,15.0,0.0,1,2958,1,2958,-0.0,0.0,0.0,-1.335238e-12,6.061081e-13,1.940255e-12,False,0.0,True
2014-10-31,RS01SUM1-LJ01B-09-PRESTB102,1,True,2014-10-31T00:00:05Z,2014-10-31T23:59:50Z,5760,5760,0,14.999925,15.0,15.0,-0.0,0,0,0,0,0.0,0.0,0.0,2.805148e-12,1.486283e-12,5.820766e-12,False,0.0,False
2014-11-01,RS01SUM1-LJ01B-09-PRESTB102,1,True,2014-11-01T00:00:05Z,2014-11-01T23:59:50Z,5760,5760,0,14.999925,15.0,15.0,-0.0,0,0,0,0,0.0,0.0,0.0,2.805148e-12,1.486283e-12,5.820766e-12,False,0.0,False
2014-11-02,RS01SUM1-LJ01B-09-PRESTB102,1,True,2014-11-02T00:00:05Z,2014-11-02T23:59:50Z,5760,5760,0,14.999925,15.0,15.0,-0.0,0,0,0,0,0.0,0.0,0.0,2.805148e-12,1.486283e-12,5.820766e-12,False,0.0,False
2014-11-03,RS01SUM1-LJ01B-09-PRESTB102,1,True,2014-11-03T00:00:05Z,2014-11-03T23:59:50Z,5760,5760,0,14.999925,15.0,15.0,-0.0,0,0,0,0,0.0,0.0,0.0,2.805148e-12,1.486283e-12,5.820766e-12,False,0.0,False
2014-11-04,RS01SUM1-LJ01B-09-PRESTB102,1,True,2014-11-04T00:00:05Z,2014-11-04T16:05:50Z,3864,3864,0,14.999925,15.0,15.0,-0.0,0,0,0,0,0.0,0.0,0.0,6.50216e-13,2.878011e-13,9.701277e-13,False,0.0,False
2014-11-05,RS01SUM1-LJ01B-09-PRESTB102,1,True,2014-11-05T18:54:50Z,2014-11-05T23:59:50Z,1221,1221,0,14.999925,15.0,15.0,-0.0,0,0,0,0,0.0,0.0,0.0,2.049305e-13,4.521934e-14,2.425319e-13,False,0.0,False
2014-11-06,RS01SUM1-LJ01B-09-PRESTB102,1,True,2014-11-06T00:00:05Z,2014-11-06T23:59:50Z,5760,5760,0,14.999925,15.0,15.0,-0.0,0,0,0,0,0.0,0.0,0.0,2.805148e-12,1.486283e-12,5.820766e-12,False,0.0,False
2014-11-07,RS01SUM1-LJ01B-09-PRESTB102,1,True,2014-11-07T00:00:05Z,2014-11-07T23:59:50Z,5760,5760,0,14.999925,15.0,15.0,-0.0,0,0,0,0,0.0,0.0,0.0,2.805148e-12,1.486283e-12,5.820766e-12,False,0.0,False
2014-11-08,RS01SUM1-LJ01B-09-PRESTB102,1,True,2014-11-08T00:00:05Z,2014-11-08T23:59:50Z,5760,5760,0,14.999925,15.0,15.0,-0.0,0,0,0,0,0.0,0.0,0.0,2.805148e-12,1.486283e-12,5.820766e-12,False,0.0,False
2014-11-09,RS01SUM1-LJ01B-09-PRESTB102,1,True,2014-11-09T00:00:05Z,2014-11-09T23:59:50Z,5760,5760,0,14.999925,15.0,15.0,-0.0,0,0,0,0,0.0,0.0,0.0,2.805148e-12,1.486283e-12,5.820766e-12,False,0.0,False
2014-11-10,RS01SUM1-LJ01B-09-PRESTB102,1,True,2014-11-10T00:00:05Z,2014-11-10T23:59:50Z,5760,5760,0,14.999925,15.0,15.0,-0.0,0,0,0,0,0.0,0.0,0.0,2.805148e-12,1.486283e-12,5.820766e-12,False,0.0,False
2014-11-11,RS01SUM1-LJ01B-09-PRESTB102,1,True,2014-11-11T00:00:05Z,2014-11-11T23:59:50Z,5760,5760,0,14.999925,15.0,15.0,-0.0,0,0,0,0,0.0,0.0,0.0,2.805148e-12,1.486283e-12,5.820766e-12,False,0.0,False
2014-11-12,RS01SUM1-LJ01B-09-PRESTB102,1,True,2014-11-12T00:00:05Z,2014-11-12T23:59:50Z,5760,5760,0,14.999925,15.0,15.0,-0.0,0,0,0,0,0.0,0.0,0.0,2.805148e-12,1.486283e-12,5.820766e-12,False,0.0,False
2014-11-13,RS01SUM1-LJ01B-09-PRESTB102,1,True,2014-11-13T00:00:05Z,2014-11-13T23:59:50Z,5760,5760,0,14.999925,15.0,15.0,-0.0,0,0,0,0,0.0,0.0,0.0,2.805148e-12,1.486283e-12,5.820766e-12,False,0.0,False
2014-11-14,RS01SUM1-LJ01B-09-PRESTB102,1,True,2014-11-14T00:00:05Z,2014-11-14T18:36:05Z,4465,4465,0,14.999925,15.0,15.0,0.0,0,0,0,0,-0.0,0.0,0.0,-1.168398e-12,5.178944e-13,1.940255e-12,False,0.0,False
2014-11-15,RS01SUM1-LJ01B-09-PRESTB102,1,False,,,0,0,,14.999925,,,,,,,,,,,,,,,,False
2014-11-16,RS01SUM1-LJ01B-09-PRESTB102,1,False,,,0,0,,14.999925,,,,,,,,,,,,,,,,False
2014-11-17,RS01SUM1-LJ01B-09-PRESTB102,1,True,2014-11-17T18:01:50Z,2014-11-17T23:59:50Z,1433,1433,0,14.999925,15.0,15.0,-0.0,0,0,0,0,-0.0,0.0,0.0,-6.782273e-14,1.180371e-13,2.425319e-13,False,0.0,False
2014-11-18,RS01SUM1-LJ01B-09-PRESTB102,1,False,,,0,0,,14.999925,,,,,,,,,,,,,,,,False
2014-11-19,RS01SUM1-LJ01B-09-PRESTB102,1,True,2014-11-19T00:00:05Z,2014-11-19T23:59:50Z,5760,5760,0,14.999925,15.0,15.0,-0.0,0,0,0,0,0.0,0.0,0.0,2.805148e-12,1.486283e-12,5.820766e-12,False,0.0,False
2014-11-20,RS01SUM1-LJ01B-09-PRESTB102,1,True,2014-11-20T00:00:05Z,2014-11-20T23:59:50Z,5760,5760,0,14.999925,15.0,15.0,-0.0,0,0,0,0,0.0,0.0,0.0,2.805148e-12,1.486283e-12,5.820766e-12,False,0.0,False
2014-11-21,RS01SUM1-LJ01B-09-PRESTB102,1,True,2014-11-21T00:00:05Z,2014-11-21T23:59:50Z,5760,5760,0,14.999925,15.0,15.0,-0.0,0,0,0,0,0.0,0.0,0.0,2.805148e-12,1.486283e-12,5.820766e-12,False,0.0,False
2014-11-22,RS01SUM1-LJ01B-09-PRESTB102,1,True,2014-11-22T00:00:05Z,2014-11-22T23:59:50Z,5760,5760,0,14.999925,15.0,15.0,-0.0,0,0,0,0,0.0,0.0,0.0,2.805148e-12,1.486283e-12,5.820766e-12,False,0.0,False
2014-11-23,RS01SUM1-LJ01B-09-PRESTB102,1,True,2014-11-23T00:00:05Z,2014-11-23T23:59:50Z,5760,5760,0,14.999925,15.0,15.0,-0.0,0,0,0,0,0.0,0.0,0.0,2.805148e-12,1.486283e-12,5.820766e-12,False,0.0,False
2014-11-24,RS01SUM1-LJ01B-09-PRESTB102,1,True,2014-11-24T00:00:05Z,2014-11-24T23:59:50Z,5760,5760,0,14.999925,15.0,15.0,-0.0,0,0,0,0,0.0,0.0,0.0,2.805148e-12,1.486283e-12,5.820766e-12,False,0.0,False
2014-11-25,RS01SUM1-LJ01B-09-PRESTB102,1,True,2014-11-25T00:00:05Z,2014-11-25T23:59:50Z,5760,5760,0,14.999925,15.0,15.0,-0.0,0,0,0,0,0.0,0.0,0.0,2.805148e-12,1.486283e-12,5.820766e-12,False,0.0,False
2014-11-26,RS01SUM1-LJ01B-09-PRESTB102,1,True,2014-11-26T00:00:05Z,2014-11-26T23:59:50Z,5760,5760,0,14.999925,15.0,15.0,-0.0,0,0,0,0,0.0,0.0,0.0,2.805148e-12,1.486283e-12,5.820766e-12,False,0.0,False
2014-11-27,RS01SUM1-LJ01B-09-PRESTB102,1,True,2014-11-27T00:00:05Z,2014-11-27T23:59:50Z,5760,5760,0,14.999925,15.0,15.0,-0.0,0,0,0,0,0.0,0.0,0.0,2.805148e-12,1.486283e-12,5.820766e-12,False,0.0,False
2014-11-28,RS01SUM1-LJ01B-09-PRESTB102,1,True,2014-11-28T00:00:05Z,2014-11-28T23:59:50Z,5760,5760,0,14.999925,15.0,15.0,-0.0,0,0,0,0,0.0,0.0,0.0,2.805148e-12,1.486283e-12,5.820766e-12,False,0.0,False
2014-11-29,RS01SUM1-LJ01B-09-PRESTB102,1,True,2014-11-29T00:00:05Z,2014-11-29T23:59:50Z,5760,5760,0,14.999925,15.0,15.0,-0.0,0,0,0,0,0.0,0.0,0.0,2.805148e-12,1.486283e-12,5.820766e-12,False,0.0,False
2014-11-30,RS01SUM1-LJ01B-09-PRESTB102,1,True,2014-11-30T00:00:05Z,2014-11-30T23:59:50Z,5760,5760,0,14.999925,15.0,15.0,-0.0,0,0,0,0,0.0,0.0,0.0,2.805148e-12,1.486283e-12,5.820766e-12,False,0.0,False
2014-12-01,RS01SUM1-LJ01B-09-PRESTB102,1,True,2014-12-01T00:00:05Z,2014-12-01T23:59:50Z,5760,5760,0,14.999925,15.0,15.0,-0.0,0,0,0,0,0.0,0.0,0.0,2.805148e-12,1.486283e-12,5.820766e-12,False,0.0,False
2014-12-02,RS01SUM1-LJ01B-09-PRESTB102,1,True,2014-12-02T00:00:05Z,2014-12-02T23:59:50Z,5760,5760,0,14.999925,15.0,15.0,-0.0,0,0,0,0,0.0,0.0,0.0,2.805148e-12,1.486283e-12,5.820766e-12,False,0.0,False
2014-12-03,RS01SUM1-LJ01B-09-PRESTB102,1,True,2014-12-03T00:00:05Z,2014-12-03T23:59:50Z,5760,5760,0,14.999925,15.0,15.0,-0.0,0,0,0,0,0.0,0.0,0.0,2.805148e-12,1.486283e-12,5.820766e-12,False,0.0,False
2014-12-04,RS01SUM1-LJ01B-09-PRESTB102,1,True,2014-12-04T00:00:05Z,2014-12-04T23:59:50Z,5760,5760,0,14.999925,15.0,15.0,-0.0,0,0,0,0,0.0,0.0,0.0,2.805148e-12,1.486283e-12,5.820766e-12,False,0.0,False
2014-12-05,RS01SUM1-LJ01B-09-PRESTB102,1,True,2014-12-05T00:00:05Z,2014-12-05T23:59:50Z,5760,5760,0,14.999925,15.0,15.0,-0.0,0,0,0,0,0.0,0.0,0.0,2.805148e-12,1.486283e-12,5.820766e-12,False,0.0,False
2014-12-06,RS01SUM1-LJ01B-09-PRESTB102,1,True,2014-12-06T00:00:05Z,2014-12-06T23:59:50Z,5760,5760,0,14.999925,15.0,15.0,-0.0,0,0,0,0,0.0,0.0,0.0,2.805148e-12,1.486283e-12,5.820766e-12,False,0.0,False
2014-12-07,RS01SUM1-LJ01B-09-PRESTB102,1,True,2014-12-07T00:00:05Z,2014-12-07T20:59:35Z,5039,5039,0,14.999925,15.0,15.0,0.0,0,0,0,0,0.0,0.0,0.0,1.047869e-12,7.490275e-13,1.940255e-12,False,0.0,False
2014-12-08,RS01SUM1-LJ01B-09-PRESTB102,1,False,,,0,0,,14.999925,,,,,,,,,,,,,,,,False
2014-12-09,RS01SUM1-LJ01B-09-PRESTB102,1,False,,,0,0,,14.999925,,,,,,,,,,,,,,,,False
2014-12-10,RS01SUM1-LJ01B-09-PRESTB102,1,False,,,0,0,,14.999925,,,,,,,,,,,,,,,,False
2014-12-11,RS01SUM1-LJ01B-09-PRESTB102,1,True,2014-12-11T23:38:54Z,2014-12-11T23:59:58Z,83,85,2,14.999925,15.0,15.019933416,2.856588407,1,2,1,2,-0.0,916.739421,2956.255489,-2.208349e-14,0.06103485,0.1968221,False,0.266667,True
2014-12-12,RS01SUM1-LJ01B-09-PRESTB102,1,True,2014-12-12T00:00:13Z,2014-12-12T23:59:58Z,5760,5760,0,14.999925,15.0,15.0,-0.0,0,0,0,0,0.0,0.0,0.0,2.805148e-12,1.486283e-12,5.820766e-12,False,0.0,False
2014-12-13,RS01SUM1-LJ01B-09-PRESTB102,1,True,2014-12-13T00:00:13Z,2014-12-13T23:59:58Z,5760,5760,0,14.999925,15.0,15.0,-0.0,0,0,0,0,0.0,0.0,0.0,2.805148e-12,1.486283e-12,5.820766e-12,False,0.0,False
2014-12-14,RS01SUM1-LJ01B-09-PRESTB102,1,True,2014-12-14T00:00:13Z,2014-12-14T23:59:58Z,5760,5760,0,14.999925,15.0,15.0,-0.0,0,0,0,0,0.0,0.0,0.0,2.805148e-12,1.486283e-12,5.820766e-12,False,0.0,False
2014-12-15,RS01SUM1-LJ01B-09-PRESTB102,1,True,2014-12-15T00:00:13Z,2014-12-15T23:59:58Z,5760,5760,0,14.999925,15.0,15.0,-0.0,0,0,0,0,0.0,0.0,0.0,2.805148e-12,1.486283e-12,5.820766e-12,False,0.0,False
2014-12-16,RS01SUM1-LJ01B-09-PRESTB102,1,True,2014-12-16T00:00:13Z,2014-12-16T23:59:58Z,5760,5760,0,14.999925,15.0,15.0,-0.0,0,0,0,0,0.0,0.0,0.0,2.805148e-12,1.486283e-12,5.820766e-12,False,0.0,False
2014-12-17,RS01SUM1-LJ01B-09-PRESTB102,1,True,2014-12-17T00:00:13Z,2014-12-17T23:59:58Z,5760,5760,0,14.999925,15.0,15.0,-0.0,0,0,0,0,0.0,0.0,0.0,2.805148e-12,1.486283e-12,5.820766e-12,False,0.0,False
2014-12-18,RS01SUM1-LJ01B-09-PRESTB102,1,True,2014-12-18T00:00:13Z,2014-12-18T23:59:58Z,5760,5760,0,14.999925,15.0,15.0,-0.0,0,0,0,0,0.0,0.0,0.0,2.805148e-12,1.486283e-12,5.820766e-12,False,0.0,False
2014-12-19,RS01SUM1-LJ01B-09-PRESTB102,1,True,2014-12-19T00:00:13Z,2014-12-19T23:59:58Z,5760,5760,0,14.999925,15.0,15.0,-0.0,0,0,0,0,0.0,0.0,0.0,2.805148e-12,1.486283e-12,5.820766e-12,False,0.0,False
2014-12-20,RS01SUM1-LJ01B-09-PRESTB102,1,True,2014-12-20T00:00:13Z,2014-12-20T23:59:58Z,5760,5760,0,14.999925,15.0,15.0,-0.0,0,0,0,0,0.0,0.0,0.0,2.805148e-12,1.486283e-12,5.820766e-12,False,0.0,False
2014-12-21,RS01SUM1-LJ01B-09-PRESTB102,1,True,2014-12-21T00:00:13Z,2014-12-21T23:59:58Z,5760,5760,0,14.999925,15.0,15.0,-0.0,0,0,0,0,0.0,0.0,0.0,2.805148e-12,1.486283e-12,5.820766e-12,False,0.0,False
2014-12-22,RS01SUM1-LJ01B-09-PRESTB102,1,True,2014-12-22T00:00:13Z,2014-12-22T23:59:58Z,5760,5760,0,14.999925,15.0,15.0,-0.0,0,0,0,0,0.0,0.0,0.0,2.805148e-12,1.486283e-12,5.820766e-12,False,0.0,False
2014-12-23,RS01SUM1-LJ01B-09-PRESTB102,1,True,2014-12-23T00:00:13Z,2014-12-23T23:59:58Z,5760,5760,0,14.999925,15.0,15.0,-0.0,0,0,0,0,0.0,0.0,0.0,2.805148e-12,1.486283e-12,5.820766e-12,False,0.0,False
2014-12-24,RS01SUM1-LJ01B-09-PRESTB102,1,True,2014-12-24T00:00:13Z,2014-12-24T23:59:58Z,5760,5760,0,14.999925,15.0,15.0,-0.0,0,0,0,0,0.0,0.0,0.0,2.805148e-12,1.486283e-12,5.820766e-12,False,0.0,False
2014-12-25,RS01SUM1-LJ01B-09-PRESTB102,1,True,2014-12-25T00:00:13Z,2014-12-25T23:59:58Z,5760,5760,0,14.999925,15.0,15.0,-0.0,0,0,0,0,0.0,0.0,0.0,2.805148e-12,1.486283e-12,5.820766e-12,False,0.0,False
2014-12-26,RS01SUM1-LJ01B-09-PRESTB102,1,True,2014-12-26T00:00:13Z,2014-12-26T23:59:58Z,5760,5760,0,14.999925,15.0,15.0,-0.0,0,0,0,0,0.0,0.0,0.0,2.805148e-12,1.486283e-12,5.820766e-12,False,0.0,False
2014-12-27,RS01SUM1-LJ01B-09-PRESTB102,1,True,2014-12-27T00:00:13Z,2014-12-27T23:59:58Z,5760,5760,0,14.999925,15.0,15.0,-0.0,0,0,0,0,0.0,0.0,0.0,2.805148e-12,1.486283e-12,5.820766e-12,False,0.0,False
2014-12-28,RS01SUM1-LJ01B-09-PRESTB102,1,True,2014-12-28T00:00:13Z,2014-12-28T23:59:58Z,5760,5760,0,14.999925,15.0,15.0,-0.0,0,0,0,0,0.0,0.0,0.0,2.805148e-12,1.486283e-12,5.820766e-12,False,0.0,False
2014-12-29,RS01SUM1-LJ01B-09-PRESTB102,1,True,2014-12-29T00:00:13Z,2014-12-29T23:59:58Z,5760,5760,0,14.999925,15.0,15.0,-0.0,0,0,0,0,0.0,0.0,0.0,2.805148e-12,1.486283e-12,5.820766e-12,False,0.0,False
2014-12-30,RS01SUM1-LJ01B-09-PRESTB102,1,True,2014-12-30T00:00:13Z,2014-12-30T23:59:58Z,5760,5760,0,14.999925,15.0,15.0,-0.0,0,0,0,0,0.0,0.0,0.0,2.805148e-12,1.486283e-12,5.820766e-12,False,0.0,False
2014-12-31,RS01SUM1-LJ01B-09-PRESTB102,1,False,,,0,0,,14.999925,,,,,,,,,,,,,,,,False
2015-01-01,RS01SUM1-LJ01B-09-PRESTB102,1,True,2015-01-01T00:00:13Z,2015-01-01T23:59:58Z,5760,5760,0,14.999925,15.0,15.0,-0.0,0,0,0,0,0.0,0.0,0.0,1.104548e-12,4.855498e-13,1.940255e-12,False,0.0,False
2015-01-02,RS01SUM1-LJ01B-09-PRESTB102,1,True,2015-01-02T00:00:13Z,2015-01-02T23:59:58Z,5760,5760,0,14.999925,15.0,15.0,-0.0,0,0,0,0,0.0,0.0,0.0,1.104548e-12,4.855498e-13,1.940255e-12,False,0.0,False
2015-01-03,RS01SUM1-LJ01B-09-PRESTB102,1,True,2015-01-03T00:00:13Z,2015-01-03T23:59:58Z,5760,5760,0,14.999925,15.0,15.0,-0.0,0,0,0,0,0.0,0.0,0.0,1.104548e-12,4.855498e-13,1.940255e-12,False,0.0,False
2015-01-04,RS01SUM1-LJ01B-09-PRESTB102,1,True,2015-01-04T00:00:13Z,2015-01-04T23:59:58Z,5760,5760,0,14.999925,15.0,15.0,-0.0,0,0,0,0,0.0,0.0,0.0,1.104548e-12,4.855498e-13,1.940255e-12,False,0.0,False
2015-01-05,RS01SUM1-LJ01B-09-PRESTB102,1,True,2015-01-05T00:00:13Z,2015-01-05T23:59:58Z,5760,5760,0,14.999925,15.0,15.0,-0.0,0,0,0,0,0.0,0.0,0.0,1.104548e-12,4.855498e-13,1.940255e-12,False,0.0,False
2015-01-06,RS01SUM1-LJ01B-09-PRESTB102,1,True,2015-01-06T00:00:13Z,2015-01-06T23:59:58Z,5760,5760,0,14.999925,15.0,15.0,-0.0,0,0,0,0,0.0,0.0,0.0,1.104548e-12,4.855498e-13,1.940255e-12,False,0.0,False
2015-01-07,RS01SUM1-LJ01B-09-PRESTB102,1,False,,,0,0,,14.999925,,,,,,,,,,,,,,,,False
2015-01-08,RS01SUM1-LJ01B-09-PRESTB102,1,True,2015-01-08T00:00:13Z,2015-01-08T23:59:58Z,5760,5760,0,14.999925,15.0,15.0,-0.0,0,0,0,0,0.0,0.0,0.0,1.104548e-12,4.855498e-13,1.940255e-12,False,0.0,False
2015-01-09,RS01SUM1-LJ01B-09-PRESTB102,1,True,2015-01-09T00:00:13Z,2015-01-09T23:59:58Z,5760,5760,0,14.999925,15.0,15.0,-0.0,0,0,0,0,0.0,0.0,0.0,1.104548e-12,4.855498e-13,1.940255e-12,False,0.0,False
2015-01-10,RS01SUM1-LJ01B-09-PRESTB102,1,True,2015-01-10T00:00:13Z,2015-01-10T23:59:58Z,5760,5760,0,14.999925,15.0,15.0,-0.0,0,0,0,0,0.0,0.0,0.0,1.104548e-12,4.855498e-13,1.940255e-12,False,0.0,False
2015-01-11,RS01SUM1-LJ01B-09-PRESTB102,1,True,2015-01-11T00:00:13Z,2015-01-11T23:59:58Z,5760,5760,0,14.999925,15.0,15.0,-0.0,0,0,0,0,0.0,0.0,0.0,1.104548e-12,4.855498e-13,1.940255e-12,False,0.0,False
2015-01-12,RS01SUM1-LJ01B-09-PRESTB102,1,True,2015-01-12T00:00:13Z,2015-01-12T23:59:58Z,5760,5760,0,14.999925,15.0,15.0,-0.0,0,0,0,0,0.0,0.0,0.0,1.104548e-12,4.855498e-13,1.940255e-12,False,0.0,False
2015-01-13,RS01SUM1-LJ01B-09-PRESTB102,1,True,2015-01-13T00:00:13Z,2015-01-13T23:59:58Z,5760,5760,0,14.999925,15.0,15.0,-0.0,0,0,0,0,0.0,0.0,0.0,1.104548e-12,4.855498e-13,1.940255e-12,False,0.0,False
2015-01-14,RS01SUM1-LJ01B-09-PRESTB102,1,True,2015-01-14T00:00:13Z,2015-01-14T23:59:58Z,5760,5760,0,14.999925,15.0,15.0,-0.0,0,0,0,0,0.0,0.0,0.0,1.104548e-12,4.855498e-13,1.940255e-12,False,0.0,False
2015-01-15,RS01SUM1-LJ01B-09-PRESTB102,1,True,2015-01-15T00:00:13Z,2015-01-15T23:59:58Z,5760,5760,0,14.999925,15.0,15.0,-0.0,0,0,0,0,0.0,0.0,0.0,1.104548e-12,4.855498e-13,1.940255e-12,False,0.0,False
2015-01-16,RS01SUM1-LJ01B-09-PRESTB102,1,True,2015-01-16T00:00:13Z,2015-01-16T23:59:58Z,5760,5760,0,14.999925,15.0,15.0,-0.0,0,0,0,0,0.0,0.0,0.0,1.104548e-12,4.855498e-13,1.940255e-12,False,0.0,False
2015-01-17,RS01SUM1-LJ01B-09-PRESTB102,1,True,2015-01-17T00:00:13Z,2015-01-17T23:59:58Z,5760,5760,0,14.999925,15.0,15.0,-0.0,0,0,0,0,0.0,0.0,0.0,1.104548e-12,4.855498e-13,1.940255e-12,False,0.0,False
2015-01-18,RS01SUM1-LJ01B-09-PRESTB102,1,True,2015-01-18T00:00:13Z,2015-01-18T23:59:58Z,5760,5760,0,14.999925,15.0,15.0,-0.0,0,0,0,0,0.0,0.0,0.0,1.104548e-12,4.855498e-13,1.940255e-12,False,0.0,False
2015-01-19,RS01SUM1-LJ01B-09-PRESTB102,1,True,2015-01-19T00:00:13Z,2015-01-19T23:59:58Z,5760,5760,0,14.999925,15.0,15.0,-0.0,0,0,0,0,0.0,0.0,0.0,1.104548e-12,4.855498e-13,1.940255e-12,False,0.0,False
2015-01-20,RS01SUM1-LJ01B-09-PRESTB102,1,True,2015-01-20T00:00:13Z,2015-01-20T23:59:58Z,5760,5760,0,14.999925,15.0,15.0,-0.0,0,0,0,0,0.0,0.0,0.0,1.104548e-12,4.855498e-13,1.940255e-12,False,0.0,False
2015-01-21,RS01SUM1-LJ01B-09-PRESTB102,1,True,2015-01-21T00:00:13Z,2015-01-21T23:59:58Z,5760,5760,0,14.999925,15.0,15.0,-0.0,0,0,0,0,0.0,0.0,0.0,1.104548e-12,4.855498e-13,1.940255e-12,False,0.0,False
2015-01-22,RS01SUM1-LJ01B-09-PRESTB102,1,True,2015-01-22T00:00:13Z,2015-01-22T23:59:58Z,5760,5760,0,14.999925,15.0,15.0,-0.0,0,0,0,0,0.0,0.0,0.0,1.104548e-12,4.855498e-13,1.940255e-12,False,0.0,False
2015-01-23,RS01SUM1-LJ01B-09-PRESTB102,1,True,2015-01-23T00:00:13Z,2015-01-23T23:59:58Z,5760,5760,0,14.999925,15.0,15.0,-0.0,0,0,0,0,0.0,0.0,0.0,1.104548e-12,4.855498e-13,1.940255e-12,False,0.0,False
2015-01-24,RS01SUM1-LJ01B-09-PRESTB102,1,True,2015-01-24T00:00:13Z,2015-01-24T23:59:58Z,5760,5760,0,14.999925,15.0,15.0,-0.0,0,0,0,0,0.0,0.0,0.0,1.104548e-12,4.855498e-13,1.940255e-12,False,0.0,False
2015-01-25,RS01SUM1-LJ01B-09-PRESTB102,1,True,2015-01-25T00:00:13Z,2015-01-25T23:59:58Z,5760,5760,0,14.999925,15.0,15.0,-0.0,0,0,0,0,0.0,0.0,0.0,1.104548e-12,4.855498e-13,1.940255e-12,False,0.0,False
2015-01-26,RS01SUM1-LJ01B-09-PRESTB102,1,True,2015-01-26T00:00:13Z,2015-01-26T23:59:58Z,5760,5760,0,14.999925,15.0,15.0,-0.0,0,0,0,0,0.0,0.0,0.0,1.104548e-12,4.855498e-13,1.940255e-12,False,0.0,False
2015-01-27,RS01SUM1-LJ01B-09-PRESTB102,1,True,2015-01-27T00:00:13Z,2015-01-27T23:59:58Z,5760,5760,0,14.999925,15.0,15.0,-0.0,0,0,0,0,0.0,0.0,0.0,1.104548e-12,4.855498e-13,1.940255e-12,False,0.0,False
2015-01-28,RS01SUM1-LJ01B-09-PRESTB102,1,True,2015-01-28T00:00:13Z,2015-01-28T23:59:58Z,5760,5760,0,14.999925,15.0,15.0,-0.0,0,0,0,0,0.0,0.0,0.0,1.104548e-12,4.855498e-13,1.940255e-12,False,0.0,False
2015-01-29,RS01SUM1-LJ01B-09-PRESTB102,1,True,2015-01-29T00:00:13Z,2015-01-29T23:59:58Z,5760,5760,0,14.999925,15.0,15.0,-0.0,0,0,0,0,0.0,0.0,0.0,1.104548e-12,4.855498e-13,1.940255e-12,False,0.0,False
2015-01-30,RS01SUM1-LJ01B-09-PRESTB102,1,True,2015-01-30T00:00:13Z,2015-01-30T23:59:58Z,5735,5760,25,14.999925,15.0,15.0,0.0,1,25,1,25,-0.0,0.0,0.0,-1.150365e-12,5.466997e-13,1.940255e-12,False,0.0,True
2015-01-31,RS01SUM1-LJ01B-09-PRESTB102,1,True,2015-01-31T00:00:13Z,2015-01-31T23:59:58Z,5497,5760,263,14.999925,15.0,15.0,0.0,1,263,1,263,0.0,0.0,0.0,2.41242e-13,4.596475e-13,9.701277e-13,False,0.0,True
2015-02-01,RS01SUM1-LJ01B-09-PRESTB102,1,False,,,0,0,,14.999925,,,,,,,,,,,,,,,,False
2015-02-02,RS01SUM1-LJ01B-09-PRESTB102,1,False,,,0,0,,14.999925,,,,,,,,,,,,,,,,False
2015-02-03,RS01SUM1-LJ01B-09-PRESTB102,1,True,2015-02-03T09:57:13Z,2015-02-03T23:59:58Z,3372,3372,0,14.999925,15.0,15.0,0.0,0,0,0,0,-0.0,0.0,0.0,-7.111609e-13,3.336102e-13,1.455192e-12,False,0.0,False
2015-02-04,RS01SUM1-LJ01B-09-PRESTB102,1,True,2015-02-04T00:00:13Z,2015-02-04T23:09:58Z,5560,5560,0,14.999925,15.0,15.0,0.0,0,0,0,0,0.0,0.0,0.0,6.716643e-13,7.647598e-13,1.940255e-12,False,0.0,False
2015-02-05,RS01SUM1-LJ01B-09-PRESTB102,1,True,2015-02-05T01:58:13Z,2015-02-05T23:59:58Z,5288,5288,0,14.999925,15.0,15.0,-0.0,0,0,0,0,0.0,0.0,0.0,1.637326e-12,6.838629e-13,2.910383e-12,False,0.0,False
2015-02-06,RS01SUM1-LJ01B-09-PRESTB102,1,True,2015-02-06T00:00:13Z,2015-02-06T23:59:58Z,5760,5760,0,14.999925,15.0,15.0,-0.0,0,0,0,0,0.0,0.0,0.0,2.805148e-12,1.486283e-12,5.820766e-12,False,0.0,False
2015-02-07,RS01SUM1-LJ01B-09-PRESTB102,1,True,2015-02-07T00:00:13Z,2015-02-07T23:59:58Z,5760,5760,0,14.999925,15.0,15.0,-0.0,0,0,0,0,0.0,0.0,0.0,2.805148e-12,1.486283e-12,5.820766e-12,False,0.0,False
2015-02-08,RS01SUM1-LJ01B-09-PRESTB102,1,True,2015-02-08T00:00:13Z,2015-02-08T23:59:58Z,5760,5760,0,14.999925,15.0,15.0,-0.0,0,0,0,0,0.0,0.0,0.0,2.805148e-12,1.486283e-12,5.820766e-12,False,0.0,False
2015-02-09,RS01SUM1-LJ01B-09-PRESTB102,1,True,2015-02-09T00:00:13Z,2015-02-09T23:59:58Z,5760,5760,0,14.999925,15.0,15.0,-0.0,0,0,0,0,0.0,0.0,0.0,2.805148e-12,1.486283e-12,5.820766e-12,False,0.0,False
2015-02-10,RS01SUM1-LJ01B-09-PRESTB102,1,True,2015-02-10T00:00:13Z,2015-02-10T23:59:58Z,5760,5760,0,14.999925,15.0,15.0,-0.0,0,0,0,0,0.0,0.0,0.0,2.805148e-12,1.486283e-12,5.820766e-12,False,0.0,False
2015-02-11,RS01SUM1-LJ01B-09-PRESTB102,1,True,2015-02-11T00:00:13Z,2015-02-11T23:59:58Z,5760,5760,0,14.999925,15.0,15.0,-0.0,0,0,0,0,0.0,0.0,0.0,2.805148e-12,1.486283e-12,5.820766e-12,False,0.0,False
2015-02-12,RS01SUM1-LJ01B-09-PRESTB102,1,True,2015-02-12T00:00:13Z,2015-02-12T23:59:58Z,5760,5760,0,14.999925,15.0,15.0,-0.0,0,0,0,0,0.0,0.0,0.0,2.805148e-12,1.486283e-12,5.820766e-12,False,0.0,False
2015-02-13,RS01SUM1-LJ01B-09-PRESTB102,1,True,2015-02-13T00:00:13Z,2015-02-13T23:59:58Z,5760,5760,0,14.999925,15.0,15.0,-0.0,0,0,0,0,0.0,0.0,0.0,2.805148e-12,1.486283e-12,5.820766e-12,False,0.0,False
2015-02-14,RS01SUM1-LJ01B-09-PRESTB102,1,True,2015-02-14T00:00:13Z,2015-02-14T23:59:58Z,5760,5760,0,14.999925,15.0,15.0,-0.0,0,0,0,0,0.0,0.0,0.0,2.805148e-12,1.486283e-12,5.820766e-12,False,0.0,False
2015-02-15,RS01SUM1-LJ01B-09-PRESTB102,1,True,2015-02-15T00:00:13Z,2015-02-15T23:59:58Z,5760,5760,0,14.999925,15.0,15.0,-0.0,0,0,0,0,0.0,0.0,0.0,2.805148e-12,1.486283e-12,5.820766e-12,False,0.0,False
2015-02-16,RS01SUM1-LJ01B-09-PRESTB102,1,True,2015-02-16T00:00:13Z,2015-02-16T23:59:58Z,5760,5760,0,14.999925,15.0,15.0,-0.0,0,0,0,0,0.0,0.0,0.0,2.805148e-12,1.486283e-12,5.820766e-12,False,0.0,False
2015-02-17,RS01SUM1-LJ01B-09-PRESTB102,1,True,2015-02-17T00:00:13Z,2015-02-17T23:59:58Z,5760,5760,0,14.999925,15.0,15.0,-0.0,0,0,0,0,0.0,0.0,0.0,2.805148e-12,1.486283e-12,5.820766e-12,False,0.0,False
2015-02-18,RS01SUM1-LJ01B-09-PRESTB102,1,True,2015-02-18T00:00:13Z,2015-02-18T23:59:58Z,5760,5760,0,14.999925,15.0,15.0,-0.0,0,0,0,0,0.0,0.0,0.0,2.805148e-12,1.486283e-12,5.820766e-12,False,0.0,False
2015-02-19,RS01SUM1-LJ01B-09-PRESTB102,1,True,2015-02-19T00:00:13Z,2015-02-19T23:59:58Z,5760,5760,0,14.999925,15.0,15.0,-0.0,0,0,0,0,0.0,0.0,0.0,2.805148e-12,1.486283e-12,5.820766e-12,False,0.0,False
2015-02-20,RS01SUM1-LJ01B-09-PRESTB102,1,True,2015-02-20T00:00:13Z,2015-02-20T23:59:58Z,5730,5760,30,14.999925,15.0,15.0,0.0,2,30,2,30,-0.0,0.0,0.0,-1.442847e-12,7.374077e-13,2.910383e-12,False,0.0,True
2015-02-21,RS01SUM1-LJ01B-09-PRESTB102,1,True,2015-02-21T00:00:13Z,2015-02-21T23:59:58Z,5760,5760,0,14.999925,15.0,15.0,-0.0,0,0,0,0,0.0,0.0,0.0,2.805148e-12,1.486283e-12,5.820766e-12,False,0.0,False
2015-02-22,RS01SUM1-LJ01B-09-PRESTB102,1,True,2015-02-22T00:00:13Z,2015-02-22T23:59:58Z,5760,5760,0,14.999925,15.0,15.0,-0.0,0,0,0,0,0.0,0.0,0.0,2.805148e-12,1.486283e-12,5.820766e-12,False,0.0,False
2015-02-23,RS01SUM1-LJ01B-09-PRESTB102,1,True,2015-02-23T00:00:13Z,2015-02-23T23:59:58Z,5760,5760,0,14.999925,15.0,15.0,-0.0,0,0,0,0,0.0,0.0,0.0,2.805148e-12,1.486283e-12,5.820766e-12,False,0.0,False
2015-02-24,RS01SUM1-LJ01B-09-PRESTB102,1,True,2015-02-24T00:00:13Z,2015-02-24T23:59:58Z,5760,5760,0,14.999925,15.0,15.0,-0.0,0,0,0,0,0.0,0.0,0.0,2.805148e-12,1.486283e-12,5.820766e-12,False,0.0,False
2015-02-25,RS01SUM1-LJ01B-09-PRESTB102,1,True,2015-02-25T00:00:13Z,2015-02-25T23:59:58Z,5760,5760,0,14.999925,15.0,15.0,-0.0,0,0,0,0,0.0,0.0,0.0,2.805148e-12,1.486283e-12,5.820766e-12,False,0.0,False
2015-02-26,RS01SUM1-LJ01B-09-PRESTB102,1,True,2015-02-26T00:00:13Z,2015-02-26T23:59:58Z,5760,5760,0,14.999925,15.0,15.0,-0.0,0,0,0,0,0.0,0.0,0.0,2.805148e-12,1.486283e-12,5.820766e-12,False,0.0,False
2015-02-27,RS01SUM1-LJ01B-09-PRESTB102,1,True,2015-02-27T00:00:13Z,2015-02-27T23:59:58Z,5760,5760,0,14.999925,15.0,15.0,-0.0,0,0,0,0,0.0,0.0,0.0,2.805148e-12,1.486283e-12,5.820766e-12,False,0.0,False
2015-02-28,RS01SUM1-LJ01B-09-PRESTB102,1,True,2015-02-28T00:00:13Z,2015-02-28T23:59:58Z,5760,5760,0,14.999925,15.0,15.0,-0.0,0,0,0,0,0.0,0.0,0.0,2.805148e-12,1.486283e-12,5.820766e-12,False,0.0,False
2015-03-01,RS01SUM1-LJ01B-09-PRESTB102,1,True,2015-03-01T00:00:13Z,2015-03-01T23:59:58Z,5760,5760,0,14.999925,15.0,15.0,-0.0,0,0,0,0,0.0,0.0,0.0,2.805148e-12,1.486283e-12,5.820766e-12,False,0.0,False
2015-03-02,RS01SUM1-LJ01B-09-PRESTB102,1,True,2015-03-02T00:00:13Z,2015-03-02T23:59:58Z,5760,5760,0,14.999925,15.0,15.0,-0.0,0,0,0,0,0.0,0.0,0.0,2.805148e-12,1.486283e-12,5.820766e-12,False,0.0,False
2015-03-03,RS01SUM1-LJ01B-09-PRESTB102,1,True,2015-03-03T00:00:13Z,2015-03-03T23:59:58Z,5760,5760,0,14.999925,15.0,15.0,-0.0,0,0,0,0,0.0,0.0,0.0,2.805148e-12,1.486283e-12,5.820766e-12,False,0.0,False
2015-03-04,RS01SUM1-LJ01B-09-PRESTB102,1,True,2015-03-04T00:00:13Z,2015-03-04T23:59:58Z,5760,5760,0,14.999925,15.0,15.0,-0.0,0,0,0,0,0.0,0.0,0.0,2.805148e-12,1.486283e-12,5.820766e-12,False,0.0,False
2015-03-05,RS01SUM1-LJ01B-09-PRESTB102,1,True,2015-03-05T00:00:13Z,2015-03-05T23:59:58Z,5760,5760,0,14.999925,15.0,15.0,-0.0,0,0,0,0,0.0,0.0,0.0,2.805148e-12,1.486283e-12,5.820766e-12,False,0.0,False
2015-03-06,RS01SUM1-LJ01B-09-PRESTB102,1,True,2015-03-06T00:00:13Z,2015-03-06T23:59:58Z,5760,5760,0,14.999925,15.0,15.0,-0.0,0,0,0,0,0.0,0.0,0.0,2.805148e-12,1.486283e-12,5.820766e-12,False,0.0,False
2015-03-07,RS01SUM1-LJ01B-09-PRESTB102,1,True,2015-03-07T00:00:13Z,2015-03-07T23:00:43Z,5523,5523,0,14.999925,15.0,15.0,0.0,0,0,0,0,0.0,0.0,0.0,9.372648e-13,7.158235e-13,1.940255e-12,False,0.0,False
2015-03-08,RS01SUM1-LJ01B-09-PRESTB102,1,False,,,0,0,,14.999925,,,,,,,,,,,,,,,,False
2015-03-09,RS01SUM1-LJ01B-09-PRESTB102,1,True,2015-03-09T07:40:13Z,2015-03-09T23:59:58Z,3920,3920,0,14.999925,15.0,15.0,0.0,0,0,0,0,-0.0,0.0,0.0,-4.632854e-13,3.071262e-13,9.701277e-13,False,0.0,False
2015-03-10,RS01SUM1-LJ01B-09-PRESTB102,1,True,2015-03-10T00:00:13Z,2015-03-10T23:59:58Z,5760,5760,0,14.999925,15.0,15.0,-0.0,0,0,0,0,0.0,0.0,0.0,2.805148e-12,1.486283e-12,5.820766e-12,False,0.0,False
2015-03-11,RS01SUM1-LJ01B-09-PRESTB102,1,True,2015-03-11T00:00:13Z,2015-03-11T23:59:58Z,5760,5760,0,14.999925,15.0,15.0,-0.0,0,0,0,0,0.0,0.0,0.0,2.805148e-12,1.486283e-12,5.820766e-12,False,0.0,False
2015-03-12,RS01SUM1-LJ01B-09-PRESTB102,1,True,2015-03-12T00:00:13Z,2015-03-12T23:59:58Z,5760,5760,0,14.999925,15.0,15.0,-0.0,0,0,0,0,0.0,0.0,0.0,2.805148e-12,1.486283e-12,5.820766e-12,False,0.0,False
2015-03-13,RS01SUM1-LJ01B-09-PRESTB102,1,True,2015-03-13T00:00:13Z,2015-03-13T23:59:58Z,5752,5760,8,14.999925,15.0,15.0,-0.0,1,8,1,8,-0.0,0.0,0.0,-1.267965e-12,9.101515e-13,2.910383e-12,False,0.0,True
2015-03-14,RS01SUM1-LJ01B-09-PRESTB102,1,True,2015-03-14T00:00:13Z,2015-03-14T23:59:58Z,5760,5760,0,14.999925,15.0,15.0,-0.0,0,0,0,0,0.0,0.0,0.0,2.805148e-12,1.486283e-12,5.820766e-12,False,0.0,False
2015-03-15,RS01SUM1-LJ01B-09-PRESTB102,1,True,2015-03-15T00:00:13Z,2015-03-15T23:59:58Z,5760,5760,0,14.999925,15.0,15.0,-0.0,0,0,0,0,0.0,0.0,0.0,2.805148e-12,1.486283e-12,5.820766e-12,False,0.0,False
2015-03-16,RS01SUM1-LJ01B-09-PRESTB102,1,True,2015-03-16T00:00:13Z,2015-03-16T23:59:58Z,5760,5760,0,14.999925,15.0,15.0,-0.0,0,0,0,0,0.0,0.0,0.0,2.805148e-12,1.486283e-12,5.820766e-12,False,0.0,False
2015-03-17,RS01SUM1-LJ01B-09-PRESTB102,1,True,2015-03-17T00:00:13Z,2015-03-17T23:59:58Z,5760,5760,0,14.999925,15.0,15.0,-0.0,0,0,0,0,0.0,0.0,0.0,2.805148e-12,1.486283e-12,5.820766e-12,False,0.0,False
2015-03-18,RS01SUM1-LJ01B-09-PRESTB102,1,True,2015-03-18T00:00:13Z,2015-03-18T23:59:58Z,5760,5760,0,14.999925,15.0,15.0,-0.0,0,0,0,0,0.0,0.0,0.0,2.805148e-12,1.486283e-12,5.820766e-12,False,0.0,False
2015-03-19,RS01SUM1-LJ01B-09-PRESTB102,1,True,2015-03-19T00:00:13Z,2015-03-19T23:59:58Z,5760,5760,0,14.999925,15.0,15.0,-0.0,0,0,0,0,0.0,0.0,0.0,2.805148e-12,1.486283e-12,5.820766e-12,False,0.0,False
2015-03-20,RS01SUM1-LJ01B-09-PRESTB102,1,True,2015-03-20T00:00:13Z,2015-03-20T23:59:58Z,5760,5760,0,14.999925,15.0,15.0,-0.0,0,0,0,0,0.0,0.0,0.0,2.805148e-12,1.486283e-12,5.820766e-12,False,0.0,False
2015-03-21,RS01SUM1-LJ01B-09-PRESTB102,1,True,2015-03-21T00:00:13Z,2015-03-21T14:06:58Z,3388,3388,0,14.999925,15.0,15.0,-0.0,0,0,0,0,-0.0,0.0,0.0,-2.658298e-13,3.038354e-13,9.701277e-13,False,0.0,False
2015-03-22,RS01SUM1-LJ01B-09-PRESTB102,1,True,2015-03-22T02:14:28Z,2015-03-22T23:59:58Z,5223,5223,0,14.999925,15.0,15.0,0.0,0,0,0,0,-0.0,0.0,0.0,-1.298109e-12,5.905358e-13,2.910383e-12,False,0.0,False
2015-03-23,RS01SUM1-LJ01B-09-PRESTB102,1,True,2015-03-23T00:00:13Z,2015-03-23T23:59:58Z,5760,5760,0,14.999925,15.0,15.0,-0.0,0,0,0,0,0.0,0.0,0.0,2.805148e-12,1.486283e-12,5.820766e-12,False,0.0,False
2015-03-24,RS01SUM1-LJ01B-09-PRESTB102,1,True,2015-03-24T00:00:13Z,2015-03-24T23:59:58Z,5760,5760,0,14.999925,15.0,15.0,-0.0,0,0,0,0,0.0,0.0,0.0,2.805148e-12,1.486283e-12,5.820766e-12,False,0.0,False
2015-03-25,RS01SUM1-LJ01B-09-PRESTB102,1,True,2015-03-25T00:00:13Z,2015-03-25T23:59:58Z,5760,5760,0,14.999925,15.0,15.0,-0.0,0,0,0,0,0.0,0.0,0.0,2.805148e-12,1.486283e-12,5.820766e-12,False,0.0,False
2015-03-26,RS01SUM1-LJ01B-09-PRESTB102,1,True,2015-03-26T00:00:13Z,2015-03-26T23:59:58Z,5760,5760,0,14.999925,15.0,15.0,-0.0,0,0,0,0,0.0,0.0,0.0,2.805148e-12,1.486283e-12,5.820766e-12,False,0.0,False
2015-03-27,RS01SUM1-LJ01B-09-PRESTB102,1,True,2015-03-27T00:00:13Z,2015-03-27T23:59:58Z,5760,5760,0,14.999925,15.0,15.0,-0.0,0,0,0,0,0.0,0.0,0.0,2.805148e-12,1.486283e-12,5.820766e-12,False,0.0,False
2015-03-28,RS01SUM1-LJ01B-09-PRESTB102,1,True,2015-03-28T00:00:13Z,2015-03-28T23:59:58Z,5760,5760,0,14.999925,15.0,15.0,-0.0,0,0,0,0,0.0,0.0,0.0,2.805148e-12,1.486283e-12,5.820766e-12,False,0.0,False
2015-03-29,RS01SUM1-LJ01B-09-PRESTB102,1,True,2015-03-29T00:00:13Z,2015-03-29T23:59:58Z,5760,5760,0,14.999925,15.0,15.0,-0.0,0,0,0,0,0.0,0.0,0.0,2.805148e-12,1.486283e-12,5.820766e-12,False,0.0,False
2015-03-30,RS01SUM1-LJ01B-09-PRESTB102,1,True,2015-03-30T00:00:13Z,2015-03-30T23:59:58Z,5760,5760,0,14.999925,15.0,15.0,-0.0,0,0,0,0,0.0,0.0,0.0,2.805148e-12,1.486283e-12,5.820766e-12,False,0.0,False
2015-03-31,RS01SUM1-LJ01B-09-PRESTB102,1,True,2015-03-31T00:00:13Z,2015-03-31T23:59:58Z,5760,5760,0,14.999925,15.0,15.0,-0.0,0,0,0,0,0.0,0.0,0.0,2.805148e-12,1.486283e-12,5.820766e-12,False,0.0,False
2015-04-01,RS01SUM1-LJ01B-09-PRESTB102,1,True,2015-04-01T00:00:13Z,2015-04-01T23:59:58Z,5760,5760,0,14.999925,15.0,15.0,-0.0,0,0,0,0,0.0,0.0,0.0,2.805148e-12,1.486283e-12,5.820766e-12,False,0.0,False
2015-04-02,RS01SUM1-LJ01B-09-PRESTB102,1,True,2015-04-02T00:00:13Z,2015-04-02T23:59:58Z,5760,5760,0,14.999925,15.0,15.0,-0.0,0,0,0,0,0.0,0.0,0.0,2.805148e-12,1.486283e-12,5.820766e-12,False,0.0,False
2015-04-03,RS01SUM1-LJ01B-09-PRESTB102,1,True,2015-04-03T00:00:13Z,2015-04-03T23:59:58Z,5760,5760,0,14.999925,15.0,15.0,-0.0,0,0,0,0,0.0,0.0,0.0,2.805148e-12,1.486283e-12,5.820766e-12,False,0.0,False
2015-04-04,RS01SUM1-LJ01B-09-PRESTB102,1,True,2015-04-04T00:00:13Z,2015-04-04T23:59:58Z,5760,5760,0,14.999925,15.0,15.0,-0.0,0,0,0,0,0.0,0.0,0.0,2.805148e-12,1.486283e-12,5.820766e-12,False,0.0,False
2015-04-05,RS01SUM1-LJ01B-09-PRESTB102,1,True,2015-04-05T00:00:13Z,2015-04-05T23:59:58Z,5760,5760,0,14.999925,15.0,15.0,-0.0,0,0,0,0,0.0,0.0,0.0,2.805148e-12,1.486283e-12,5.820766e-12,False,0.0,False
2015-04-06,RS01SUM1-LJ01B-09-PRESTB102,1,True,2015-04-06T00:00:13Z,2015-04-06T23:59:58Z,5760,5760,0,14.999925,15.0,15.0,-0.0,0,0,0,0,0.0,0.0,0.0,2.805148e-12,1.486283e-12,5.820766e-12,False,0.0,False
2015-04-07,RS01SUM1-LJ01B-09-PRESTB102,1,True,2015-04-07T00:00:13Z,2015-04-07T23:59:58Z,5760,5760,0,14.999925,15.0,15.0,-0.0,0,0,0,0,0.0,0.0,0.0,2.805148e-12,1.486283e-12,5.820766e-12,False,0.0,False
2015-04-08,RS01SUM1-LJ01B-09-PRESTB102,1,True,2015-04-08T00:00:13Z,2015-04-08T23:59:58Z,5760,5760,0,14.999925,15.0,15.0,-0.0,0,0,0,0,0.0,0.0,0.0,2.805148e-12,1.486283e-12,5.820766e-12,False,0.0,False
2015-04-09,RS01SUM1-LJ01B-09-PRESTB102,1,True,2015-04-09T00:00:13Z,2015-04-09T23:59:58Z,5760,5760,0,14.999925,15.0,15.0,-0.0,0,0,0,0,0.0,0.0,0.0,2.805148e-12,1.486283e-12,5.820766e-12,False,0.0,False
2015-04-10,RS01SUM1-LJ01B-09-PRESTB102,1,True,2015-04-10T00:00:13Z,2015-04-10T23:59:58Z,5760,5760,0,14.999925,15.0,15.0,-0.0,0,0,0,0,0.0,0.0,0.0,2.805148e-12,1.486283e-12,5.820766e-12,False,0.0,False
2015-04-11,RS01SUM1-LJ01B-09-PRESTB102,1,True,2015-04-11T00:00:13Z,2015-04-11T23:59:58Z,5760,5760,0,14.999925,15.0,15.0,-0.0,0,0,0,0,0.0,0.0,0.0,2.805148e-12,1.486283e-12,5.820766e-12,False,0.0,False
2015-04-12,RS01SUM1-LJ01B-09-PRESTB102,1,True,2015-04-12T00:00:13Z,2015-04-12T23:59:58Z,5760,5760,0,14.999925,15.0,15.0,-0.0,0,0,0,0,0.0,0.0,0.0,2.805148e-12,1.486283e-12,5.820766e-12,False,0.0,False
2015-04-13,RS01SUM1-LJ01B-09-PRESTB102,1,True,2015-04-13T00:00:13Z,2015-04-13T23:59:58Z,5760,5760,0,14.999925,15.0,15.0,-0.0,0,0,0,0,0.0,0.0,0.0,2.805148e-12,1.486283e-12,5.820766e-12,False,0.0,False
2015-04-14,RS01SUM1-LJ01B-09-PRESTB102,1,True,2015-04-14T00:00:13Z,2015-04-14T23:59:58Z,5760,5760,0,14.999925,15.0,15.0,-0.0,0,0,0,0,0.0,0.0,0.0,2.805148e-12,1.486283e-12,5.820766e-12,False,0.0,False
2015-04-15,RS01SUM1-LJ01B-09-PRESTB102,1,True,2015-04-15T00:00:13Z,2015-04-15T23:59:58Z,5760,5760,0,14.999925,15.0,15.0,-0.0,0,0,0,0,0.0,0.0,0.0,2.805148e-12,1.486283e-12,5.820766e-12,False,0.0,False
2015-04-16,RS01SUM1-LJ01B-09-PRESTB102,1,True,2015-04-16T00:00:13Z,2015-04-16T23:59:58Z,5760,5760,0,14.999925,15.0,15.0,-0.0,0,0,0,0,0.0,0.0,0.0,2.805148e-12,1.486283e-12,5.820766e-12,False,0.0,False
2015-04-17,RS01SUM1-LJ01B-09-PRESTB102,1,True,2015-04-17T00:00:13Z,2015-04-17T23:59:58Z,5760,5760,0,14.999925,15.0,15.0,-0.0,0,0,0,0,0.0,0.0,0.0,2.805148e-12,1.486283e-12,5.820766e-12,False,0.0,False
2015-04-18,RS01SUM1-LJ01B-09-PRESTB102,1,True,2015-04-18T00:00:13Z,2015-04-18T23:59:58Z,5760,5760,0,14.999925,15.0,15.0,-0.0,0,0,0,0,0.0,0.0,0.0,2.805148e-12,1.486283e-12,5.820766e-12,False,0.0,False
2015-04-19,RS01SUM1-LJ01B-09-PRESTB102,1,True,2015-04-19T00:00:13Z,2015-04-19T23:59:58Z,5760,5760,0,14.999925,15.0,15.0,-0.0,0,0,0,0,0.0,0.0,0.0,2.805148e-12,1.486283e-12,5.820766e-12,False,0.0,False
2015-04-20,RS01SUM1-LJ01B-09-PRESTB102,1,True,2015-04-20T00:00:13Z,2015-04-20T23:59:58Z,5760,5760,0,14.999925,15.0,15.0,-0.0,0,0,0,0,0.0,0.0,0.0,2.805148e-12,1.486283e-12,5.820766e-12,False,0.0,False
2015-04-21,RS01SUM1-LJ01B-09-PRESTB102,1,True,2015-04-21T00:00:13Z,2015-04-21T23:59:58Z,5760,5760,0,14.999925,15.0,15.0,-0.0,0,0,0,0,0.0,0.0,0.0,2.805148e-12,1.486283e-12,5.820766e-12,False,0.0,False
2015-04-22,RS01SUM1-LJ01B-09-PRESTB102,1,True,2015-04-22T00:00:13Z,2015-04-22T23:59:58Z,5760,5760,0,14.999925,15.0,15.0,-0.0,0,0,0,0,0.0,0.0,0.0,2.805148e-12,1.486283e-12,5.820766e-12,False,0.0,False
2015-04-23,RS01SUM1-LJ01B-09-PRESTB102,1,True,2015-04-23T00:00:13Z,2015-04-23T23:59:58Z,5760,5760,0,14.999925,15.0,15.0,-0.0,0,0,0,0,0.0,0.0,0.0,2.805148e-12,1.486283e-12,5.820766e-12,False,0.0,False
2015-04-24,RS01SUM1-LJ01B-09-PRESTB102,1,True,2015-04-24T00:00:13Z,2015-04-24T23:59:58Z,5760,5760,0,14.999925,15.0,15.0,-0.0,0,0,0,0,0.0,0.0,0.0,2.805148e-12,1.486283e-12,5.820766e-12,False,0.0,False
2015-04-25,RS01SUM1-LJ01B-09-PRESTB102,1,True,2015-04-25T00:00:13Z,2015-04-25T23:59:58Z,5760,5760,0,14.999925,15.0,15.0,-0.0,0,0,0,0,0.0,0.0,0.0,2.805148e-12,1.486283e-12,5.820766e-12,False,0.0,False
2015-04-26,RS01SUM1-LJ01B-09-PRESTB102,1,True,2015-04-26T00:00:13Z,2015-04-26T23:59:58Z,5760,5760,0,14.999925,15.0,15.0,-0.0,0,0,0,0,0.0,0.0,0.0,2.805148e-12,1.486283e-12,5.820766e-12,False,0.0,False
2015-04-27,RS01SUM1-LJ01B-09-PRESTB102,1,True,2015-04-27T00:00:13Z,2015-04-27T23:59:58Z,5760,5760,0,14.999925,15.0,15.0,-0.0,0,0,0,0,0.0,0.0,0.0,2.805148e-12,1.486283e-12,5.820766e-12,False,0.0,False
2015-04-28,RS01SUM1-LJ01B-09-PRESTB102,1,True,2015-04-28T00:00:13Z,2015-04-28T23:59:58Z,5760,5760,0,14.999925,15.0,15.0,-0.0,0,0,0,0,0.0,0.0,0.0,2.805148e-12,1.486283e-12,5.820766e-12,False,0.0,False
2015-04-29,RS01SUM1-LJ01B-09-PRESTB102,1,True,2015-04-29T00:00:13Z,2015-04-29T23:59:58Z,5760,5760,0,14.999925,15.0,15.0,-0.0,0,0,0,0,0.0,0.0,0.0,2.805148e-12,1.486283e-12,5.820766e-12,False,0.0,False
2015-04-30,RS01SUM1-LJ01B-09-PRESTB102,1,True,2015-04-30T00:00:13Z,2015-04-30T23:59:58Z,5760,5760,0,14.999925,15.0,15.0,-0.0,0,0,0,0,0.0,0.0,0.0,2.805148e-12,1.486283e-12,5.820766e-12,False,0.0,False
2015-05-01,RS01SUM1-LJ01B-09-PRESTB102,1,True,2015-05-01T00:00:13Z,2015-05-01T23:59:58Z,5760,5760,0,14.999925,15.0,15.0,-0.0,0,0,0,0,0.0,0.0,0.0,2.805148e-12,1.486283e-12,5.820766e-12,False,0.0,False
2015-05-02,RS01SUM1-LJ01B-09-PRESTB102,1,True,2015-05-02T00:00:13Z,2015-05-02T23:59:58Z,5760,5760,0,14.999925,15.0,15.0,-0.0,0,0,0,0,0.0,0.0,0.0,2.805148e-12,1.486283e-12,5.820766e-12,False,0.0,False
2015-05-03,RS01SUM1-LJ01B-09-PRESTB102,1,True,2015-05-03T00:00:13Z,2015-05-03T23:59:58Z,5760,5760,0,14.999925,15.0,15.0,-0.0,0,0,0,0,0.0,0.0,0.0,2.805148e-12,1.486283e-12,5.820766e-12,False,0.0,False
2015-05-04,RS01SUM1-LJ01B-09-PRESTB102,1,True,2015-05-04T00:00:13Z,2015-05-04T23:59:58Z,5760,5760,0,14.999925,15.0,15.0,-0.0,0,0,0,0,0.0,0.0,0.0,2.805148e-12,1.486283e-12,5.820766e-12,False,0.0,False
2015-05-05,RS01SUM1-LJ01B-09-PRESTB102,1,True,2015-05-05T00:00:13Z,2015-05-05T23:59:58Z,5760,5760,0,14.999925,15.0,15.0,-0.0,0,0,0,0,0.0,0.0,0.0,2.805148e-12,1.486283e-12,5.820766e-12,False,0.0,False
2015-05-06,RS01SUM1-LJ01B-09-PRESTB102,1,True,2015-05-06T00:00:13Z,2015-05-06T23:59:58Z,5760,5760,0,14.999925,15.0,15.0,-0.0,0,0,0,0,0.0,0.0,0.0,2.805148e-12,1.486283e-12,5.820766e-12,False,0.0,False
2015-05-07,RS01SUM1-LJ01B-09-PRESTB102,1,True,2015-05-07T00:00:13Z,2015-05-07T23:59:58Z,5760,5760,0,14.999925,15.0,15.0,-0.0,0,0,0,0,0.0,0.0,0.0,2.805148e-12,1.486283e-12,5.820766e-12,False,0.0,False
2015-05-08,RS01SUM1-LJ01B-09-PRESTB102,1,True,2015-05-08T00:00:13Z,2015-05-08T23:59:58Z,5760,5760,0,14.999925,15.0,15.0,-0.0,0,0,0,0,0.0,0.0,0.0,2.805148e-12,1.486283e-12,5.820766e-12,False,0.0,False
2015-05-09,RS01SUM1-LJ01B-09-PRESTB102,1,True,2015-05-09T00:00:13Z,2015-05-09T23:59:58Z,5760,5760,0,14.999925,15.0,15.0,-0.0,0,0,0,0,0.0,0.0,0.0,2.805148e-12,1.486283e-12,5.820766e-12,False,0.0,False
2015-05-10,RS01SUM1-LJ01B-09-PRESTB102,1,True,2015-05-10T00:00:13Z,2015-05-10T23:59:58Z,5760,5760,0,14.999925,15.0,15.0,-0.0,0,0,0,0,0.0,0.0,0.0,2.805148e-12,1.486283e-12,5.820766e-12,False,0.0,False
2015-05-11,RS01SUM1-LJ01B-09-PRESTB102,1,True,2015-05-11T00:00:13Z,2015-05-11T23:59:58Z,5760,5760,0,14.999925,15.0,15.0,-0.0,0,0,0,0,0.0,0.0,0.0,2.805148e-12,1.486283e-12,5.820766e-12,False,0.0,False
2015-05-12,RS01SUM1-LJ01B-09-PRESTB102,1,True,2015-05-12T00:00:13Z,2015-05-12T23:59:58Z,5760,5760,0,14.999925,15.0,15.0,-0.0,0,0,0,0,0.0,0.0,0.0,2.805148e-12,1.486283e-12,5.820766e-12,False,0.0,False
2015-05-13,RS01SUM1-LJ01B-09-PRESTB102,1,True,2015-05-13T00:00:13Z,2015-05-13T23:59:58Z,5760,5760,0,14.999925,15.0,15.0,-0.0,0,0,0,0,0.0,0.0,0.0,2.805148e-12,1.486283e-12,5.820766e-12,False,0.0,False
2015-05-14,RS01SUM1-LJ01B-09-PRESTB102,1,True,2015-05-14T00:00:13Z,2015-05-14T23:59:58Z,5760,5760,0,14.999925,15.0,15.0,-0.0,0,0,0,0,0.0,0.0,0.0,2.805148e-12,1.486283e-12,5.820766e-12,False,0.0,False
2015-05-15,RS01SUM1-LJ01B-09-PRESTB102,1,True,2015-05-15T00:00:13Z,2015-05-15T23:59:58Z,5760,5760,0,14.999925,15.0,15.0,-0.0,0,0,0,0,0.0,0.0,0.0,2.805148e-12,1.486283e-12,5.820766e-12,False,0.0,False
2015-05-16,RS01SUM1-LJ01B-09-PRESTB102,1,True,2015-05-16T00:00:13Z,2015-05-16T23:59:58Z,5760,5760,0,14.999925,15.0,15.0,-0.0,0,0,0,0,0.0,0.0,0.0,2.805148e-12,1.486283e-12,5.820766e-12,False,0.0,False
2015-05-17,RS01SUM1-LJ01B-09-PRESTB102,1,True,2015-05-17T00:00:13Z,2015-05-17T23:59:58Z,5760,5760,0,14.999925,15.0,15.0,-0.0,0,0,0,0,0.0,0.0,0.0,2.805148e-12,1.486283e-12,5.820766e-12,False,0.0,False
2015-05-18,RS01SUM1-LJ01B-09-PRESTB102,1,True,2015-05-18T00:00:13Z,2015-05-18T23:59:58Z,5760,5760,0,14.999925,15.0,15.0,-0.0,0,0,0,0,0.0,0.0,0.0,2.805148e-12,1.486283e-12,5.820766e-12,False,0.0,False
2015-05-19,RS01SUM1-LJ01B-09-PRESTB102,1,True,2015-05-19T00:00:13Z,2015-05-19T22:15:43Z,5343,5343,0,14.999925,15.0,15.0,0.0,0,0,0,0,0.0,0.0,0.0,9.003526e-13,7.075832e-13,1.940255e-12,False,0.0,False
2015-05-20,RS01SUM1-LJ01B-09-PRESTB102,1,True,2015-05-20T00:00:13Z,2015-05-20T23:59:58Z,5760,5760,0,14.999925,15.0,15.0,-0.0,0,0,0,0,0.0,0.0,0.0,2.805148e-12,1.486283e-12,5.820766e-12,False,0.0,False
2015-05-21,RS01SUM1-LJ01B-09-PRESTB102,1,True,2015-05-21T00:00:13Z,2015-05-21T23:59:58Z,5760,5760,0,14.999925,15.0,15.0,-0.0,0,0,0,0,0.0,0.0,0.0,2.805148e-12,1.486283e-12,5.820766e-12,False,0.0,False
2015-05-22,RS01SUM1-LJ01B-09-PRESTB102,1,True,2015-05-22T00:00:13Z,2015-05-22T23:59:58Z,5760,5760,0,14.999925,15.0,15.0,-0.0,0,0,0,0,0.0,0.0,0.0,2.805148e-12,1.486283e-12,5.820766e-12,False,0.0,False
2015-05-23,RS01SUM1-LJ01B-09-PRESTB102,1,True,2015-05-23T00:00:13Z,2015-05-23T23:59:58Z,5760,5760,0,14.999925,15.0,15.0,-0.0,0,0,0,0,0.0,0.0,0.0,2.805148e-12,1.486283e-12,5.820766e-12,False,0.0,False
2015-05-24,RS01SUM1-LJ01B-09-PRESTB102,1,True,2015-05-24T00:00:13Z,2015-05-24T23:59:58Z,5760,5760,0,14.999925,15.0,15.0,-0.0,0,0,0,0,0.0,0.0,0.0,2.805148e-12,1.486283e-12,5.820766e-12,False,0.0,False
2015-05-25,RS01SUM1-LJ01B-09-PRESTB102,1,True,2015-05-25T00:00:13Z,2015-05-25T23:59:58Z,5760,5760,0,14.999925,15.0,15.0,-0.0,0,0,0,0,0.0,0.0,0.0,2.805148e-12,1.486283e-12,5.820766e-12,False,0.0,False
2015-05-26,RS01SUM1-LJ01B-09-PRESTB102,1,True,2015-05-26T00:00:13Z,2015-05-26T23:59:58Z,5760,5760,0,14.999925,15.0,15.0,-0.0,0,0,0,0,0.0,0.0,0.0,2.805148e-12,1.486283e-12,5.820766e-12,False,0.0,False
2015-05-27,RS01SUM1-LJ01B-09-PRESTB102,1,True,2015-05-27T00:00:13Z,2015-05-27T23:59:58Z,5760,5760,0,14.999925,15.0,15.0,-0.0,0,0,0,0,0.0,0.0,0.0,2.805148e-12,1.486283e-12,5.820766e-12,False,0.0,False
2015-05-28,RS01SUM1-LJ01B-09-PRESTB102,1,True,2015-05-28T00:00:13Z,2015-05-28T23:59:58Z,5760,5760,0,14.999925,15.0,15.0,-0.0,0,0,0,0,0.0,0.0,0.0,2.805148e-12,1.486283e-12,5.820766e-12,False,0.0,False
2015-05-29,RS01SUM1-LJ01B-09-PRESTB102,1,True,2015-05-29T00:00:13Z,2015-05-29T23:59:58Z,5760,5760,0,14.999925,15.0,15.0,-0.0,0,0,0,0,0.0,0.0,0.0,2.805148e-12,1.486283e-12,5.820766e-12,False,0.0,False
2015-05-30,RS01SUM1-LJ01B-09-PRESTB102,1,True,2015-05-30T00:00:13Z,2015-05-30T23:59:58Z,5760,5760,0,14.999925,15.0,15.0,-0.0,0,0,0,0,0.0,0.0,0.0,2.805148e-12,1.486283e-12,5.820766e-12,False,0.0,False
2015-05-31,RS01SUM1-LJ01B-09-PRESTB102,1,True,2015-05-31T00:00:13Z,2015-05-31T23:59:58Z,5760,5760,0,14.999925,15.0,15.0,-0.0,0,0,0,0,0.0,0.0,0.0,2.805148e-12,1.486283e-12,5.820766e-12,False,0.0,False
2015-06-01,RS01SUM1-LJ01B-09-PRESTB102,1,True,2015-06-01T00:00:13Z,2015-06-01T23:59:58Z,5760,5760,0,14.999925,15.0,15.0,-0.0,0,0,0,0,0.0,0.0,0.0,2.805148e-12,1.486283e-12,5.820766e-12,False,0.0,False
2015-06-02,RS01SUM1-LJ01B-09-PRESTB102,1,True,2015-06-02T00:00:13Z,2015-06-02T23:59:58Z,5760,5760,0,14.999925,15.0,15.0,-0.0,0,0,0,0,0.0,0.0,0.0,2.805148e-12,1.486283e-12,5.820766e-12,False,0.0,False
2015-06-03,RS01SUM1-LJ01B-09-PRESTB102,1,True,2015-06-03T00:00:13Z,2015-06-03T23:59:58Z,5760,5760,0,14.999925,15.0,15.0,-0.0,0,0,0,0,0.0,0.0,0.0,2.805148e-12,1.486283e-12,5.820766e-12,False,0.0,False
2015-06-04,RS01SUM1-LJ01B-09-PRESTB102,1,True,2015-06-04T00:00:13Z,2015-06-04T23:59:58Z,5760,5760,0,14.999925,15.0,15.0,-0.0,0,0,0,0,0.0,0.0,0.0,2.805148e-12,1.486283e-12,5.820766e-12,False,0.0,False
2015-06-05,RS01SUM1-LJ01B-09-PRESTB102,1,True,2015-06-05T00:00:13Z,2015-06-05T23:59:58Z,5760,5760,0,14.999925,15.0,15.0,-0.0,0,0,0,0,0.0,0.0,0.0,2.805148e-12,1.486283e-12,5.820766e-12,False,0.0,False
2015-06-06,RS01SUM1-LJ01B-09-PRESTB102,1,True,2015-06-06T00:00:13Z,2015-06-06T23:59:58Z,5760,5760,0,14.999925,15.0,15.0,-0.0,0,0,0,0,0.0,0.0,0.0,2.805148e-12,1.486283e-12,5.820766e-12,False,0.0,False
2015-06-07,RS01SUM1-LJ01B-09-PRESTB102,1,True,2015-06-07T00:00:13Z,2015-06-07T23:59:58Z,5760,5760,0,14.999925,15.0,15.0,-0.0,0,0,0,0,0.0,0.0,0.0,2.805148e-12,1.486283e-12,5.820766e-12,False,0.0,False
2015-06-08,RS01SUM1-LJ01B-09-PRESTB102,1,True,2015-06-08T00:00:13Z,2015-06-08T23:59:58Z,5760,5760,0,14.999925,15.0,15.0,-0.0,0,0,0,0,0.0,0.0,0.0,2.805148e-12,1.486283e-12,5.820766e-12,False,0.0,False
2015-06-09,RS01SUM1-LJ01B-09-PRESTB102,1,True,2015-06-09T00:00:13Z,2015-06-09T23:59:58Z,5760,5760,0,14.999925,15.0,15.0,-0.0,0,0,0,0,0.0,0.0,0.0,2.805148e-12,1.486283e-12,5.820766e-12,False,0.0,False
2015-06-10,RS01SUM1-LJ01B-09-PRESTB102,1,True,2015-06-10T00:00:13Z,2015-06-10T23:59:58Z,5760,5760,0,14.999925,15.0,15.0,-0.0,0,0,0,0,0.0,0.0,0.0,2.805148e-12,1.486283e-12,5.820766e-12,False,0.0,False
2015-06-11,RS01SUM1-LJ01B-09-PRESTB102,1,True,2015-06-11T00:00:13Z,2015-06-11T23:59:58Z,5760,5760,0,14.999925,15.0,15.0,-0.0,0,0,0,0,0.0,0.0,0.0,2.805148e-12,1.486283e-12,5.820766e-12,False,0.0,False
2015-06-12,RS01SUM1-LJ01B-09-PRESTB102,1,True,2015-06-12T00:00:13Z,2015-06-12T23:59:58Z,5760,5760,0,14.999925,15.0,15.0,-0.0,0,0,0,0,0.0,0.0,0.0,2.805148e-12,1.486283e-12,5.820766e-12,False,0.0,False
2015-06-13,RS01SUM1-LJ01B-09-PRESTB102,1,True,2015-06-13T00:00:13Z,2015-06-13T23:59:58Z,5760,5760,0,14.999925,15.0,15.0,-0.0,0,0,0,0,0.0,0.0,0.0,2.805148e-12,1.486283e-12,5.820766e-12,False,0.0,False
2015-06-14,RS01SUM1-LJ01B-09-PRESTB102,1,True,2015-06-14T00:00:13Z,2015-06-14T23:59:58Z,5760,5760,0,14.999925,15.0,15.0,-0.0,0,0,0,0,0.0,0.0,0.0,2.805148e-12,1.486283e-12,5.820766e-12,False,0.0,False
2015-06-15,RS01SUM1-LJ01B-09-PRESTB102,1,True,2015-06-15T00:00:13Z,2015-06-15T23:59:58Z,2574,5760,3186,14.999925,15.0,15.0,0.0,2,3186,2,3186,0.0,0.0,0.0,2.067408e-12,1.188353e-12,3.880511e-12,False,0.0,True
2015-06-16,RS01SUM1-LJ01B-09-PRESTB102,1,True,2015-06-16T00:00:13Z,2015-06-16T23:59:58Z,5760,5760,0,14.999925,15.0,15.0,-0.0,0,0,0,0,0.0,0.0,0.0,2.805148e-12,1.486283e-12,5.820766e-12,False,0.0,False
2015-06-17,RS01SUM1-LJ01B-09-PRESTB102,1,True,2015-06-17T00:00:13Z,2015-06-17T23:59:58Z,5760,5760,0,14.999925,15.0,15.0,-0.0,0,0,0,0,0.0,0.0,0.0,2.805148e-12,1.486283e-12,5.820766e-12,False,0.0,False
2015-06-18,RS01SUM1-LJ01B-09-PRESTB102,1,True,2015-06-18T00:00:13Z,2015-06-18T23:59:58Z,5760,5760,0,14.999925,15.0,15.0,-0.0,0,0,0,0,0.0,0.0,0.0,2.805148e-12,1.486283e-12,5.820766e-12,False,0.0,False
2015-06-19,RS01SUM1-LJ01B-09-PRESTB102,1,True,2015-06-19T00:00:13Z,2015-06-19T23:59:58Z,5760,5760,0,14.999925,15.0,15.0,-0.0,0,0,0,0,0.0,0.0,0.0,2.805148e-12,1.486283e-12,5.820766e-12,False,0.0,False
2015-06-20,RS01SUM1-LJ01B-09-PRESTB102,1,True,2015-06-20T00:00:13Z,2015-06-20T23:59:58Z,5760,5760,0,14.999925,15.0,15.0,-0.0,0,0,0,0,0.0,0.0,0.0,2.805148e-12,1.486283e-12,5.820766e-12,False,0.0,False
2015-06-21,RS01SUM1-LJ01B-09-PRESTB102,1,True,2015-06-21T00:00:13Z,2015-06-21T23:59:58Z,5760,5760,0,14.999925,15.0,15.0,-0.0,0,0,0,0,0.0,0.0,0.0,2.805148e-12,1.486283e-12,5.820766e-12,False,0.0,False
2015-06-22,RS01SUM1-LJ01B-09-PRESTB102,1,True,2015-06-22T00:00:13Z,2015-06-22T23:59:58Z,5760,5760,0,14.999925,15.0,15.0,-0.0,0,0,0,0,0.0,0.0,0.0,2.805148e-12,1.486283e-12,5.820766e-12,False,0.0,False
2015-06-23,RS01SUM1-LJ01B-09-PRESTB102,1,True,2015-06-23T00:00:13Z,2015-06-23T23:59:58Z,5760,5760,0,14.999925,15.0,15.0,-0.0,0,0,0,0,0.0,0.0,0.0,2.805148e-12,1.486283e-12,5.820766e-12,False,0.0,False
2015-06-24,RS01SUM1-LJ01B-09-PRESTB102,1,True,2015-06-24T00:00:13Z,2015-06-24T23:59:58Z,5760,5760,0,14.999925,15.0,15.0,-0.0,0,0,0,0,0.0,0.0,0.0,2.805148e-12,1.486283e-12,5.820766e-12,False,0.0,False
2015-06-25,RS01SUM1-LJ01B-09-PRESTB102,1,True,2015-06-25T00:00:13Z,2015-06-25T23:59:58Z,5760,5760,0,14.999925,15.0,15.0,-0.0,0,0,0,0,0.0,0.0,0.0,2.805148e-12,1.486283e-12,5.820766e-12,False,0.0,False
2015-06-26,RS01SUM1-LJ01B-09-PRESTB102,1,True,2015-06-26T00:00:13Z,2015-06-26T23:59:58Z,5760,5760,0,14.999925,15.0,15.0,-0.0,0,0,0,0,0.0,0.0,0.0,2.805148e-12,1.486283e-12,5.820766e-12,False,0.0,False
2015-06-27,RS01SUM1-LJ01B-09-PRESTB102,1,True,2015-06-27T00:00:13Z,2015-06-27T23:59:58Z,5760,5760,0,14.999925,15.0,15.0,-0.0,0,0,0,0,0.0,0.0,0.0,2.805148e-12,1.486283e-12,5.820766e-12,False,0.0,False
2015-06-28,RS01SUM1-LJ01B-09-PRESTB102,1,True,2015-06-28T00:00:13Z,2015-06-28T23:59:58Z,5760,5760,0,14.999925,15.0,15.0,-0.0,0,0,0,0,0.0,0.0,0.0,2.805148e-12,1.486283e-12,5.820766e-12,False,0.0,False
2015-06-29,RS01SUM1-LJ01B-09-PRESTB102,1,True,2015-06-29T00:00:13Z,2015-06-29T23:59:58Z,5760,5760,0,14.999925,15.0,15.0,-0.0,0,0,0,0,0.0,0.0,0.0,2.805148e-12,1.486283e-12,5.820766e-12,False,0.0,False
2015-06-30,RS01SUM1-LJ01B-09-PRESTB102,1,True,2015-06-30T00:00:13Z,2015-06-30T23:59:58Z,5645,5760,115,14.999925,15.0,15.0,0.0,1,115,1,115,-0.0,0.0,0.0,-4.833042e-13,3.167831e-13,9.701277e-13,False,0.0,True
2015-07-01,RS01SUM1-LJ01B-09-PRESTB102,1,True,2015-07-01T00:00:13Z,2015-07-01T23:59:58Z,5760,5760,0,14.999925,15.0,15.0,-0.0,0,0,0,0,0.0,0.0,0.0,2.805148e-12,1.486283e-12,5.820766e-12,False,0.0,False
2015-07-02,RS01SUM1-LJ01B-09-PRESTB102,1,True,2015-07-02T00:00:13Z,2015-07-02T23:59:58Z,5760,5760,0,14.999925,15.0,15.0,-0.0,0,0,0,0,0.0,0.0,0.0,2.805148e-12,1.486283e-12,5.820766e-12,False,0.0,False
2015-07-03,RS01SUM1-LJ01B-09-PRESTB102,1,True,2015-07-03T00:00:13Z,2015-07-03T23:59:58Z,5752,5760,8,14.999925,15.0,15.0,0.0,1,8,1,8,-0.0,0.0,0.0,-8.771728e-14,1.128457e-13,2.425319e-13,False,0.0,True
2015-07-04,RS01SUM1-LJ01B-09-PRESTB102,1,True,2015-07-04T00:00:13Z,2015-07-04T23:59:58Z,5760,5760,0,14.999925,15.0,15.0,-0.0,0,0,0,0,0.0,0.0,0.0,2.805148e-12,1.486283e-12,5.820766e-12,False,0.0,False
2015-07-05,RS01SUM1-LJ01B-09-PRESTB102,1,True,2015-07-05T00:00:13Z,2015-07-05T23:59:58Z,5760,5760,0,14.999925,15.0,15.0,-0.0,0,0,0,0,0.0,0.0,0.0,2.805148e-12,1.486283e-12,5.820766e-12,False,0.0,False
2015-07-06,RS01SUM1-LJ01B-09-PRESTB102,1,True,2015-07-06T00:00:13Z,2015-07-06T23:59:58Z,5760,5760,0,14.999925,15.0,15.0,-0.0,0,0,0,0,0.0,0.0,0.0,2.805148e-12,1.486283e-12,5.820766e-12,False,0.0,False
2015-07-07,RS01SUM1-LJ01B-09-PRESTB102,1,True,2015-07-07T00:00:13Z,2015-07-07T23:59:58Z,5760,5760,0,14.999925,15.0,15.0,-0.0,0,0,0,0,0.0,0.0,0.0,2.805148e-12,1.486283e-12,5.820766e-12,False,0.0,False
2015-07-08,RS01SUM1-LJ01B-09-PRESTB102,1,True,2015-07-08T00:00:13Z,2015-07-08T23:59:58Z,5760,5760,0,14.999925,15.0,15.0,-0.0,0,0,0,0,0.0,0.0,0.0,2.805148e-12,1.486283e-12,5.820766e-12,False,0.0,False
2015-07-09,RS01SUM1-LJ01B-09-PRESTB102,1,True,2015-07-09T00:00:13Z,2015-07-09T23:59:58Z,5760,5760,0,14.999925,15.0,15.0,-0.0,0,0,0,0,0.0,0.0,0.0,2.805148e-12,1.486283e-12,5.820766e-12,False,0.0,False
2015-07-10,RS01SUM1-LJ01B-09-PRESTB102,1,True,2015-07-10T00:00:13Z,2015-07-10T23:59:58Z,5730,5760,30,14.999925,15.0,15.0,-0.0,1,30,1,30,-0.0,0.0,0.0,-2.775055e-13,4.734736e-13,9.701277e-13,False,0.0,True
2015-07-11,RS01SUM1-LJ01B-09-PRESTB102,1,True,2015-07-11T00:00:13Z,2015-07-11T23:59:58Z,5760,5760,0,14.999925,15.0,15.0,-0.0,0,0,0,0,0.0,0.0,0.0,2.805148e-12,1.486283e-12,5.820766e-12,False,0.0,False
2015-07-12,RS01SUM1-LJ01B-09-PRESTB102,1,True,2015-07-12T00:00:13Z,2015-07-12T23:59:58Z,5760,5760,0,14.999925,15.0,15.0,-0.0,0,0,0,0,0.0,0.0,0.0,2.805148e-12,1.486283e-12,5.820766e-12,False,0.0,False
2015-07-13,RS01SUM1-LJ01B-09-PRESTB102,1,True,2015-07-13T00:00:13Z,2015-07-13T23:59:58Z,5760,5760,0,14.999925,15.0,15.0,-0.0,0,0,0,0,0.0,0.0,0.0,2.805148e-12,1.486283e-12,5.820766e-12,False,0.0,False
2015-07-14,RS01SUM1-LJ01B-09-PRESTB102,1,True,2015-07-14T00:00:13Z,2015-07-14T23:59:58Z,5760,5760,0,14.999925,15.0,15.0,-0.0,0,0,0,0,0.0,0.0,0.0,2.805148e-12,1.486283e-12,5.820766e-12,False,0.0,False
2015-07-15,RS01SUM1-LJ01B-09-PRESTB102,1,True,2015-07-15T00:00:13Z,2015-07-15T23:59:58Z,3353,5760,2407,14.999925,15.0,15.0,-0.0,1,2407,1,2407,0.0,0.0,0.0,1.388827e-12,7.958836e-13,3.880511e-12,False,0.0,True
2015-07-16,RS01SUM1-LJ01B-09-PRESTB102,1,True,2015-07-16T00:00:13Z,2015-07-16T23:59:58Z,5730,5760,30,14.999925,15.0,15.0,-0.0,1,30,1,30,0.0,0.0,0.0,9.756183e-13,3.115294e-13,1.455192e-12,False,0.0,True
2015-07-17,RS01SUM1-LJ01B-09-PRESTB102,1,True,2015-07-17T00:00:13Z,2015-07-17T23:59:58Z,5760,5760,0,14.999925,15.0,15.0,-0.0,0,0,0,0,0.0,0.0,0.0,2.805148e-12,1.486283e-12,5.820766e-12,False,0.0,False
2015-07-18,RS01SUM1-LJ01B-09-PRESTB102,1,True,2015-07-18T00:00:13Z,2015-07-18T23:59:58Z,5760,5760,0,14.999925,15.0,15.0,-0.0,0,0,0,0,0.0,0.0,0.0,2.805148e-12,1.486283e-12,5.820766e-12,False,0.0,False
2015-07-19,RS01SUM1-LJ01B-09-PRESTB102,1,True,2015-07-19T00:00:13Z,2015-07-19T23:59:58Z,5760,5760,0,14.999925,15.0,15.0,-0.0,0,0,0,0,0.0,0.0,0.0,2.805148e-12,1.486283e-12,5.820766e-12,False,0.0,False
2015-07-20,RS01SUM1-LJ01B-09-PRESTB102,1,True,2015-07-20T00:00:13Z,2015-07-20T23:59:58Z,5760,5760,0,14.999925,15.0,15.0,-0.0,0,0,0,0,0.0,0.0,0.0,2.805148e-12,1.486283e-12,5.820766e-12,False,0.0,False
2015-07-21,RS01SUM1-LJ01B-09-PRESTB102,1,True,2015-07-21T00:00:13Z,2015-07-21T23:59:58Z,5760,5760,0,14.999925,15.0,15.0,-0.0,0,0,0,0,0.0,0.0,0.0,2.805148e-12,1.486283e-12,5.820766e-12,False,0.0,False
2015-07-22,RS01SUM1-LJ01B-09-PRESTB102,1,True,2015-07-22T00:00:13Z,2015-07-22T23:59:58Z,5760,5760,0,14.999925,15.0,15.0,-0.0,0,0,0,0,0.0,0.0,0.0,2.805148e-12,1.486283e-12,5.820766e-12,False,0.0,False
2015-07-23,RS01SUM1-LJ01B-09-PRESTB102,1,True,2015-07-23T00:00:13Z,2015-07-23T23:59:58Z,5760,5760,0,14.999925,15.0,15.0,-0.0,0,0,0,0,0.0,0.0,0.0,2.805148e-12,1.486283e-12,5.820766e-12,False,0.0,False
2015-07-24,RS01SUM1-LJ01B-09-PRESTB102,1,True,2015-07-24T00:00:13Z,2015-07-24T23:59:58Z,5760,5760,0,14.999925,15.0,15.0,-0.0,0,0,0,0,0.0,0.0,0.0,2.805148e-12,1.486283e-12,5.820766e-12,False,0.0,False
2015-07-25,RS01SUM1-LJ01B-09-PRESTB102,1,True,2015-07-25T00:00:13Z,2015-07-25T23:59:58Z,5760,5760,0,14.999925,15.0,15.0,-0.0,0,0,0,0,0.0,0.0,0.0,2.805148e-12,1.486283e-12,5.820766e-12,False,0.0,False
2015-07-26,RS01SUM1-LJ01B-09-PRESTB102,1,True,2015-07-26T00:00:13Z,2015-07-26T23:59:58Z,5760,5760,0,14.999925,15.0,15.0,-0.0,0,0,0,0,0.0,0.0,0.0,2.805148e-12,1.486283e-12,5.820766e-12,False,0.0,False
2015-07-27,RS01SUM1-LJ01B-09-PRESTB102,1,True,2015-07-27T00:00:13Z,2015-07-27T23:59:58Z,5760,5760,0,14.999925,15.0,15.0,-0.0,0,0,0,0,0.0,0.0,0.0,2.805148e-12,1.486283e-12,5.820766e-12,False,0.0,False
2015-07-28,RS01SUM1-LJ01B-09-PRESTB102,1,True,2015-07-28T00:00:13Z,2015-07-28T23:59:58Z,5760,5760,0,14.999925,15.0,15.0,-0.0,0,0,0,0,0.0,0.0,0.0,2.805148e-12,1.486283e-12,5.820766e-12,False,0.0,False
2015-07-29,RS01SUM1-LJ01B-09-PRESTB102,1,True,2015-07-29T00:00:13Z,2015-07-29T23:59:58Z,5760,5760,0,14.999925,15.0,15.0,-0.0,0,0,0,0,0.0,0.0,0.0,2.805148e-12,1.486283e-12,5.820766e-12,False,0.0,False
2015-07-30,RS01SUM1-LJ01B-09-PRESTB102,1,True,2015-07-30T00:00:13Z,2015-07-30T23:59:58Z,5760,5760,0,14.999925,15.0,15.0,-0.0,0,0,0,0,0.0,0.0,0.0,2.805148e-12,1.486283e-12,5.820766e-12,False,0.0,False
2015-07-31,RS01SUM1-LJ01B-09-PRESTB102,1,True,2015-07-31T00:00:13Z,2015-07-31T23:59:58Z,5760,5760,0,14.999925,15.0,15.0,-0.0,0,0,0,0,0.0,0.0,0.0,2.805148e-12,1.486283e-12,5.820766e-12,False,0.0,False
2015-08-01,RS01SUM1-LJ01B-09-PRESTB102,1,True,2015-08-01T00:00:13Z,2015-08-01T23:59:58Z,5760,5760,0,14.999925,15.0,15.0,-0.0,0,0,0,0,0.0,0.0,0.0,2.805148e-12,1.486283e-12,5.820766e-12,False,0.0,False
2015-08-02,RS01SUM1-LJ01B-09-PRESTB102,1,True,2015-08-02T00:00:13Z,2015-08-02T23:59:58Z,5760,5760,0,14.999925,15.0,15.0,-0.0,0,0,0,0,0.0,0.0,0.0,2.805148e-12,1.486283e-12,5.820766e-12,False,0.0,False
2015-08-03,RS01SUM1-LJ01B-09-PRESTB102,1,True,2015-08-03T00:00:13Z,2015-08-03T23:59:58Z,5760,5760,0,14.999925,15.0,15.0,-0.0,0,0,0,0,0.0,0.0,0.0,2.805148e-12,1.486283e-12,5.820766e-12,False,0.0,False
2015-08-04,RS01SUM1-LJ01B-09-PRESTB102,1,True,2015-08-04T00:00:13Z,2015-08-04T23:59:58Z,5760,5760,0,14.999925,15.0,15.0,-0.0,0,0,0,0,0.0,0.0,0.0,2.805148e-12,1.486283e-12,5.820766e-12,False,0.0,False
2015-08-05,RS01SUM1-LJ01B-09-PRESTB102,1,True,2015-08-05T00:00:13Z,2015-08-05T23:59:58Z,5760,5760,0,14.999925,15.0,15.0,-0.0,0,0,0,0,0.0,0.0,0.0,2.805148e-12,1.486283e-12,5.820766e-12,False,0.0,False
2015-08-06,RS01SUM1-LJ01B-09-PRESTB102,1,True,2015-08-06T00:00:13Z,2015-08-06T23:59:58Z,5760,5760,0,14.999925,15.0,15.0,-0.0,0,0,0,0,0.0,0.0,0.0,2.805148e-12,1.486283e-12,5.820766e-12,False,0.0,False
2015-08-07,RS01SUM1-LJ01B-09-PRESTB102,1,True,2015-08-07T00:00:13Z,2015-08-07T23:59:58Z,5760,5760,0,14.999925,15.0,15.0,-0.0,0,0,0,0,0.0,0.0,0.0,2.805148e-12,1.486283e-12,5.820766e-12,False,0.0,False
2015-08-08,RS01SUM1-LJ01B-09-PRESTB102,1,True,2015-08-08T00:00:13Z,2015-08-08T23:59:58Z,5760,5760,0,14.999925,15.0,15.0,-0.0,0,0,0,0,0.0,0.0,0.0,2.805148e-12,1.486283e-12,5.820766e-12,False,0.0,False
2015-08-09,RS01SUM1-LJ01B-09-PRESTB102,1,True,2015-08-09T00:00:13Z,2015-08-09T23:59:58Z,5760,5760,0,14.999925,15.0,15.0,-0.0,0,0,0,0,0.0,0.0,0.0,2.805148e-12,1.486283e-12,5.820766e-12,False,0.0,False
2015-08-10,RS01SUM1-LJ01B-09-PRESTB102,1,True,2015-08-10T00:00:13Z,2015-08-10T23:59:58Z,5760,5760,0,14.999925,15.0,15.0,-0.0,0,0,0,0,0.0,0.0,0.0,2.805148e-12,1.486283e-12,5.820766e-12,False,0.0,False
2015-08-11,RS01SUM1-LJ01B-09-PRESTB102,1,True,2015-08-11T00:00:13Z,2015-08-11T23:59:58Z,5760,5760,0,14.999925,15.0,15.0,-0.0,0,0,0,0,0.0,0.0,0.0,2.805148e-12,1.486283e-12,5.820766e-12,False,0.0,False
2015-08-12,RS01SUM1-LJ01B-09-PRESTB102,1,True,2015-08-12T00:00:00Z,2015-08-12T23:59:58Z,11520,5761,0,14.999925,12.523490429,14.999995752,-1.229644132,0,0,0,0,-0.0,1220.65446,1244.143383,-2.228436e-12,0.08137699,0.08294292,False,0.197749,False
2015-08-13,RS01SUM1-LJ01B-09-PRESTB102,1,True,2015-08-13T00:00:00Z,2015-08-13T23:59:58Z,11520,5761,0,14.999925,12.569601536,14.999995601,-1.207313712,0,0,0,0,0.0,1196.075643,1222.00848,3.427468e-13,0.0797384,0.08146726,False,0.193355,False
2015-08-14,RS01SUM1-LJ01B-09-PRESTB102,1,True,2015-08-14T00:00:00Z,2015-08-14T23:59:58Z,11520,5761,0,14.999925,12.618778229,14.99999611,-1.184327408,0,0,0,0,-0.0,1173.215476,1197.321394,-2.626552e-12,0.07821439,0.07982145,False,0.188705,False
2015-08-15,RS01SUM1-LJ01B-09-PRESTB102,1,True,2015-08-15T00:00:00Z,2015-08-15T14:05:28Z,6764,3383,0,14.999925,12.660358429,14.999995105,-1.158205534,0,0,0,0,-0.0,1156.211411,1176.438409,-1.81047e-13,0.07708079,0.07842925,False,0.184801,False
2015-08-16,RS01SUM1-LJ01B-09-PRESTB102,1,True,2015-08-16T02:31:00Z,2015-08-16T23:59:58Z,10312,5157,0,14.999925,12.710954666,14.999996223,-1.137369149,0,0,0,0,0.0,1128.111329,1152.007243,1.684672e-12,0.07520744,0.0768005,False,0.180084,False
2015-08-17,RS01SUM1-LJ01B-09-PRESTB102,1,True,2015-08-17T00:00:00Z,2015-08-17T23:59:58Z,11520,5761,0,14.999925,12.751585007,14.999995494,-1.11047363,0,0,0,0,-0.0,1106.335583,1130.438183,-3.061886e-12,0.07375573,0.07536257,False,0.176324,False
2015-08-18,RS01SUM1-LJ01B-09-PRESTB102,1,True,2015-08-18T00:00:00Z,2015-08-18T23:59:58Z,11520,5761,0,14.999925,12.797205448,14.999995587,-1.094595846,0,0,0,0,-0.0,1082.975135,1108.648202,-3.099543e-12,0.07219836,0.0739099,False,0.172131,False
2015-08-19,RS01SUM1-LJ01B-09-PRESTB102,1,True,2015-08-19T00:00:00Z,2015-08-19T23:59:58Z,11520,5761,0,14.999925,12.836175919,14.999995579,-1.070765498,0,0,0,0,-0.0,1058.484142,1093.192809,-1.311443e-12,0.07056563,0.07287954,False,0.168572,False
2015-08-20,RS01SUM1-LJ01B-09-PRESTB102,1,True,2015-08-20T00:00:00Z,2015-08-20T23:59:58Z,11520,5761,0,14.999925,12.890282154,14.999995562,-1.045311641,0,0,0,0,-0.0,1035.400752,1062.363165,-3.688288e-12,0.06902674,0.07082423,False,0.163667,False
2015-08-21,RS01SUM1-LJ01B-09-PRESTB102,1,True,2015-08-21T00:00:00Z,2015-08-21T23:59:59Z,10921,11521,600,14.999925,7.5,7.49999773,-1.020853514,5460,600,5460,6060,0.0,1011.670967,1038.911915,1.948409e-13,0.1348895,0.1385216,False,0.27502,True
2015-08-22,RS01SUM1-LJ01B-09-PRESTB102,1,True,2015-08-22T00:00:13Z,2015-08-22T23:59:59Z,11520,40315,28795,14.999925,2.010268211,2.142856517,-0.07296306,5759,28795,5759,28795,-0.0,85.910263,107.333748,-7.07536e-13,0.04009147,0.0500891,False,0.497466,True
2015-08-23,RS01SUM1-LJ01B-09-PRESTB102,1,True,2015-08-23T00:00:13Z,2015-08-23T23:59:59Z,11520,46074,34554,14.999925,1.960913181,1.874999517,0.03566072,5759,34554,5759,34554,-0.0,25.461633,50.782044,-3.365475e-12,0.01357954,0.02708376,False,0.350503,True
2015-08-24,RS01SUM1-LJ01B-09-PRESTB102,1,True,2015-08-24T00:00:13Z,2015-08-24T23:59:59Z,11520,46074,34554,14.999925,1.916742802,1.874999498,0.013270111,5759,34554,5759,34554,0.0,7.31673,28.830312,4.724741e-12,0.003902257,0.01537617,False,0.174224,True
2015-08-25,RS01SUM1-LJ01B-09-PRESTB102,1,True,2015-08-25T00:00:13Z,2015-08-25T23:59:59Z,11520,46074,34554,14.999925,1.870981693,1.874999512,-0.009700109,5759,34554,5759,34554,-0.0,22.031999,38.691611,-7.762782e-12,0.0117504,0.02063553,False,0.052701,True
2015-08-26,RS01SUM1-LJ01B-09-PRESTB102,1,True,2015-08-26T00:00:13Z,2015-08-26T23:59:59Z,11520,46074,34554,14.999925,1.825103283,1.874999473,-0.032421366,5759,34554,5759,34554,0.0,45.149771,62.027028,2.388701e-12,0.02407988,0.03308109,False,0.255848,True
2015-08-27,RS01SUM1-LJ01B-09-PRESTB102,1,True,2015-08-27T00:00:13Z,2015-08-27T23:59:59Z,11520,46074,34554,14.999925,1.774599075,1.874999422,-0.055373663,5759,34554,5759,34554,-0.0,69.147397,86.984137,-3.212509e-12,0.03687862,0.04639155,False,0.490616,True
2015-08-28,RS01SUM1-LJ01B-09-PRESTB102,1,True,2015-08-28T00:00:13Z,2015-08-28T23:59:59Z,11520,51833,40313,14.999925,1.730323792,1.666666207,0.023868213,5759,40313,5759,40313,0.0,14.008959,41.889784,5.784079e-12,0.008405378,0.02513388,False,0.331102,True
2015-08-29,RS01SUM1-LJ01B-09-PRESTB102,1,True,2015-08-29T00:00:13Z,2015-08-29T23:59:59Z,11338,5772,0,14.999925,13.318835735,14.969554491,51.832610777,0,0,1,102,-0.0,51025.474075,90504.556925,-1.88581e-12,3.408617,6.045909,True,0.391625,False
2015-08-30,RS01SUM1-LJ01B-09-PRESTB102,1,True,2015-08-30T00:00:13Z,2015-08-30T23:59:59Z,11520,51833,40313,14.999925,1.631717682,1.66666621,-0.024931258,5759,40313,5759,40313,0.0,37.452286,53.645748,8.680856e-13,0.02247138,0.03218746,False,0.233329,True
2015-08-31,RS01SUM1-LJ01B-09-PRESTB102,1,True,2015-08-31T00:00:13Z,2015-08-31T23:59:59Z,11520,52055,40535,14.999925,1.585438251,1.663516067,50.230748878,5759,40535,5759,40535,0.0,58458.3396,256400.505137,2.404792e-11,35.14143,154.1317,True,0.5,True
2015-09-01,RS01SUM1-LJ01B-09-PRESTB102,1,True,2015-09-01T00:00:13Z,2015-09-01T23:59:59Z,11520,57592,46072,14.999925,1.538448334,1.499999566,0.012080401,5759,46072,5759,46072,-0.0,7.558781,27.963343,-2.645966e-11,0.005039189,0.01864223,False,0.249916,True
2015-09-02,RS01SUM1-LJ01B-09-PRESTB102,1,True,2015-09-02T00:00:13Z,2015-09-02T23:59:59Z,11520,57592,46072,14.999925,1.489444733,1.499999534,-0.01002327,5759,46072,5759,46072,0.0,24.895491,42.048444,1.022288e-12,0.016597,0.0280323,False,0.114688,True
2015-09-03,RS01SUM1-LJ01B-09-PRESTB102,1,True,2015-09-03T00:00:13Z,2015-09-03T23:59:59Z,11520,57592,46072,14.999925,1.446298599,1.499999618,-0.034340586,5759,46072,5759,46072,-0.0,45.830202,61.410298,-9.038976e-13,0.03055348,0.04094021,False,0.415189,True
2015-09-04,RS01SUM1-LJ01B-09-PRESTB102,1,True,2015-09-04T00:00:13Z,2015-09-04T23:59:59Z,11520,63351,51831,14.999925,1.40211916,1.363636006,0.011001854,5759,51831,5759,51831,-0.0,6.943045,27.886341,-2.075998e-12,0.005091568,0.02044999,False,0.301908,True
2015-09-05,RS01SUM1-LJ01B-09-PRESTB102,1,True,2015-09-05T00:00:13Z,2015-09-05T23:59:59Z,11520,63351,51831,14.999925,1.356136799,1.363635988,-0.011264712,5759,51831,5759,51831,0.0,24.246619,39.095213,1.145783e-12,0.01778086,0.02866983,False,0.109044,True
2015-09-06,RS01SUM1-LJ01B-09-PRESTB102,1,True,2015-09-06T00:00:13Z,2015-09-06T23:59:59Z,11520,63351,51831,14.999925,1.310824394,1.363636019,-0.034090393,5759,51831,5759,51831,-0.0,45.504899,62.147567,-2.077811e-13,0.03337027,0.04557489,False,0.492655,True
2015-09-07,RS01SUM1-LJ01B-09-PRESTB102,1,True,2015-09-07T00:00:13Z,2015-09-07T23:59:59Z,11520,69110,57590,14.999925,1.266668797,1.249999686,0.000861397,5759,57590,5759,57590,0.0,11.998998,26.563946,7.755568e-12,0.009599201,0.02125116,False,0.157915,True
2015-09-08,RS01SUM1-LJ01B-09-PRESTB102,1,True,2015-09-08T00:00:13Z,2015-09-08T23:59:59Z,11520,69110,57590,14.999925,1.223713875,1.249999667,-0.020851505,5759,57590,5759,57590,-0.0,33.128325,51.689327,-1.475137e-11,0.02650267,0.04135147,False,0.313903,True
2015-09-09,RS01SUM1-LJ01B-09-PRESTB102,1,True,2015-09-09T00:00:13Z,2015-09-09T23:59:59Z,11482,5762,0,14.999925,13.826817513,14.992638344,10.227038176,0,0,2,18,-0.0,6927.197338,15502.592776,-7.729853e-13,0.4620399,1.034014,True,0.168101,False
2015-09-10,RS01SUM1-LJ01B-09-PRESTB102,1,True,2015-09-10T00:00:13Z,2015-09-10T23:59:59Z,11520,74869,63349,14.999925,1.130053997,1.153845884,-0.018495476,5759,63349,5759,63349,-0.0,29.255156,47.850447,-2.955158e-11,0.02535447,0.0414704,False,0.328526,True
2015-09-11,RS01SUM1-LJ01B-09-PRESTB102,1,True,2015-09-11T00:00:13Z,2015-09-11T23:59:59Z,11520,80628,69108,14.999925,1.090573788,1.071428254,0.003512986,5759,69108,5759,69108,-0.0,12.143733,30.748587,-2.822215e-11,0.01133415,0.02869869,False,0.245772,True
2015-09-12,RS01SUM1-LJ01B-09-PRESTB102,1,True,2015-09-12T00:00:13Z,2015-09-12T23:59:58Z,11520,83017,71497,14.999925,1.037232399,1.043043866,613.587729185,5759,71497,5759,71498,-0.0,399821.298101,816942.822068,-1.377379e-11,383.3217,783.2296,True,0.499992,True
2015-09-13,RS01SUM1-LJ01B-09-PRESTB102,1,True,2015-09-13T00:00:13Z,2015-09-13T23:59:58Z,11520,86387,74867,14.999925,0.987586498,0.999999728,-0.012327492,5759,74867,5759,74867,0.0,25.148884,43.591475,6.740787e-12,0.02514889,0.04359149,False,0.25545,True
2015-09-14,RS01SUM1-LJ01B-09-PRESTB102,1,True,2015-09-14T00:00:13Z,2015-09-14T23:59:58Z,11520,92146,80626,14.999925,0.943367958,0.937499745,-0.003736318,5759,80626,5759,80626,-0.0,17.083333,38.153773,-1.53708e-12,0.01822223,0.04069737,False,0.099524,True
2015-09-15,RS01SUM1-LJ01B-09-PRESTB102,1,True,2015-09-15T00:00:13Z,2015-09-15T23:59:58Z,11520,97905,86385,14.999925,0.898183823,0.882352688,0.001278408,5759,86385,5759,86385,-0.0,13.417956,27.767242,-4.357118e-11,0.01520702,0.03146955,False,0.299632,True
2015-09-16,RS01SUM1-LJ01B-09-PRESTB102,1,True,2015-09-16T00:00:13Z,2015-09-16T23:59:58Z,11520,103664,92144,14.999925,0.851137638,0.833333083,0.002087608,5759,92144,5759,92144,-0.0,13.434722,28.087521,-2.551493e-11,0.01612167,0.03370504,False,0.376528,True
2015-09-17,RS01SUM1-LJ01B-09-PRESTB102,1,True,2015-09-17T00:00:13Z,2015-09-17T23:59:58Z,11520,109423,97903,14.999925,0.800741196,0.789473446,-0.00110353,5759,97903,5759,97903,-0.0,16.219919,44.430019,-4.291903e-11,0.02054524,0.05627804,False,0.267356,True
2015-09-18,RS01SUM1-LJ01B-09-PRESTB102,1,True,2015-09-18T00:00:13Z,2015-09-18T23:59:58Z,11520,115182,103662,14.999925,0.752114773,0.749999793,-0.006165244,5759,103662,5759,103662,-0.0,19.476357,40.211416,-3.8309e-11,0.02596848,0.05361524,False,0.094702,True
2015-09-19,RS01SUM1-LJ01B-09-PRESTB102,1,True,2015-09-19T00:00:13Z,2015-09-19T23:59:58Z,11520,120941,109421,14.999925,0.703885555,0.714285528,-0.013207189,5759,109421,5759,109421,-0.0,25.391761,42.55573,-1.419777e-11,0.03554847,0.05957804,False,0.404065,True
2015-09-20,RS01SUM1-LJ01B-09-PRESTB102,1,True,2015-09-20T00:00:13Z,2015-09-20T23:59:58Z,11520,132459,120939,14.999925,0.658396244,0.652173744,-0.00589673,5759,120939,5759,120939,0.0,18.44551,34.919029,5.737108e-12,0.02828312,0.05354253,False,0.217367,True
2015-09-21,RS01SUM1-LJ01B-09-PRESTB102,1,True,2015-09-21T00:00:13Z,2015-09-21T23:59:58Z,11520,143977,132457,14.999925,0.61130476,0.599999837,-0.001751374,5759,132457,5759,132457,0.0,15.308609,29.116277,2.858885e-11,0.02551436,0.04852714,False,0.462321,True
2015-09-22,RS01SUM1-LJ01B-09-PRESTB102,1,True,2015-09-22T00:00:13Z,2015-09-22T23:59:58Z,11520,155494,143974,14.999925,0.566049099,0.555555873,0.5059579,5759,143974,5759,143974,0.0,78.620894,516.380307,1.699558e-11,0.1415175,0.929484,True,0.499468,True
2015-09-23,RS01SUM1-LJ01B-09-PRESTB102,1,True,2015-09-23T00:00:13Z,2015-09-23T23:59:58Z,11520,167013,155493,14.999925,0.522567749,0.517241238,-0.004949119,5759,155493,5759,155493,-0.0,18.189308,32.821491,-6.421721e-11,0.035166,0.0634549,False,0.295588,True
2015-09-24,RS01SUM1-LJ01B-09-PRESTB102,1,True,2015-09-24T00:00:13Z,2015-09-24T23:59:58Z,11520,184290,172770,14.999925,0.475865841,0.468749883,-0.003135762,5759,172770,5759,172770,-0.0,15.469543,31.491806,-7.24255e-12,0.0330017,0.06718254,False,0.478511,True
2015-09-25,RS01SUM1-LJ01B-09-PRESTB102,1,True,2015-09-25T00:00:13Z,2015-09-25T23:59:58Z,11520,195808,184288,14.999925,0.437939167,0.441176355,-0.010082949,5759,184288,5759,184288,0.0,22.605195,48.874437,4.552012e-11,0.05123845,0.1107821,False,0.428036,True
2015-09-26,RS01SUM1-LJ01B-09-PRESTB102,1,True,2015-09-26T00:00:13Z,2015-09-26T23:59:58Z,11520,230362,218842,14.999925,0.379211903,0.374999916,-0.0022001,5759,218842,5759,218842,-0.0,13.659757,30.311053,-3.877362e-11,0.03642603,0.08082949,False,0.44428,True
2015-09-27,RS01SUM1-LJ01B-09-PRESTB102,1,True,2015-09-27T00:00:13Z,2015-09-27T23:59:58Z,11520,253398,241878,14.999925,0.342625618,0.340909009,-0.005317176,5759,241878,5759,241878,-0.0,16.990535,32.905922,-3.279065e-11,0.04983891,0.09652406,False,0.220436,True
2015-09-28,RS01SUM1-LJ01B-09-PRESTB102,1,True,2015-09-28T00:00:13Z,2015-09-28T23:59:58Z,11520,284794,273274,14.999925,0.303933144,0.303448011,190.775513464,5759,273274,5759,273274,-0.0,113850.417704,225407.339854,-3.153926e-11,375.1892,742.8203,True,0.499998,True
2015-09-29,RS01SUM1-LJ01B-09-PRESTB102,1,True,2015-09-29T00:00:13Z,2015-09-29T23:59:58Z,11520,342839,331319,14.999925,0.252697945,0.251893162,189.596566219,5759,331319,5759,331319,-0.0,99685.243918,189609.602589,-4.036135e-11,395.7441,752.7382,True,0.499994,True
2015-09-30,RS01SUM1-LJ01B-09-PRESTB102,1,True,2015-09-30T00:00:13Z,2015-09-30T23:59:58Z,11520,408891,397371,14.999925,0.211373806,0.211267547,-0.008623818,5759,397371,5759,397371,0.0,21.830307,37.317973,5.112512e-12,0.1033301,0.1766385,False,0.324987,True
2015-10-01,RS01SUM1-LJ01B-09-PRESTB102,1,True,2015-10-01T00:00:13Z,2015-10-01T23:59:58Z,11520,529830,518310,14.999925,0.163246155,0.163043434,-0.006451038,5759,518310,5759,518310,0.0,19.567148,35.166701,6.012269e-11,0.1200119,0.2156892,False,0.393279,True
2015-10-02,RS01SUM1-LJ01B-09-PRESTB102,1,True,2015-10-02T00:00:13Z,2015-10-02T23:59:58Z,11520,731273,719753,14.999925,0.118124008,0.118114455,-1.010758489,5759,719753,5759,720013,0.0,1899.792175,12389.74738,1.055285e-10,16.08433,104.8961,True,0.499988,True
2015-10-03,RS01SUM1-LJ01B-09-PRESTB102,1,True,2015-10-03T00:00:13Z,2015-10-03T23:59:58Z,11520,1217723,1206203,14.999925,0.070933342,0.070947306,-52.234928185,5759,1206203,5759,1209386,-0.0,25826.948492,52234.928185,-2.766178e-10,364.03,736.2496,True,0.499993,True
2015-10-04,RS01SUM1-LJ01B-09-PRESTB102,1,True,2015-10-04T00:00:13Z,2015-10-04T23:59:57Z,5929,5760,0,14.999925,14.999838591,14.999992298,0.009026611,0,0,0,0,0.0,4.567861,21.955877,6.848746e-14,0.0003045242,0.001463726,False,0.001595,False
2015-10-05,RS01SUM1-LJ01B-09-PRESTB102,1,True,2015-10-05T00:00:12Z,2015-10-05T23:59:57Z,5760,5760,0,14.999925,15.000276089,14.999991659,0.002612126,0,0,0,0,0.0,3.67396,19.942974,2.210287e-12,0.0002449308,0.001329532,False,0.001329,False
2015-10-06,RS01SUM1-LJ01B-09-PRESTB102,1,True,2015-10-06T00:00:12Z,2015-10-06T23:59:57Z,5760,5760,0,14.999925,15.000243187,14.999991353,-0.001059747,0,0,0,0,0.0,3.082531,24.938711,1.035929e-12,0.0002055022,0.001662582,False,0.001864,False
2015-10-07,RS01SUM1-LJ01B-09-PRESTB102,1,True,2015-10-07T00:00:12Z,2015-10-07T23:59:57Z,5760,5760,0,14.999925,15.000145912,14.99999195,0.000303026,0,0,0,0,0.0,3.155984,17.920872,8.164503e-13,0.000210399,0.001194725,False,0.001304,False
2015-10-08,RS01SUM1-LJ01B-09-PRESTB102,1,True,2015-10-08T00:00:12Z,2015-10-08T23:59:57Z,5760,5760,0,14.999925,15.000306129,14.999989928,0.00471771,0,0,0,0,0.0,3.420298,17.851466,1.825166e-12,0.00022802,0.001190099,False,0.001246,False
2015-10-09,RS01SUM1-LJ01B-09-PRESTB102,1,True,2015-10-09T00:00:12Z,2015-10-09T23:59:57Z,5760,5760,0,14.999925,15.0002141,14.99999176,0.006828774,0,0,0,0,0.0,4.005541,21.048182,1.267326e-12,0.0002670362,0.001403213,False,0.001246,False
2015-10-10,RS01SUM1-LJ01B-09-PRESTB102,1,True,2015-10-10T00:00:12Z,2015-10-10T23:59:57Z,5760,5760,0,14.999925,15.00017786,14.999991373,0.002965123,0,0,0,0,0.0,3.323951,20.338272,2.537811e-12,0.0002215968,0.001355886,False,0.001366,False
2015-10-11,RS01SUM1-LJ01B-09-PRESTB102,1,True,2015-10-11T00:00:12Z,2015-10-11T23:59:57Z,5760,5760,0,14.999925,15.00032711,14.999990767,0.003140305,0,0,0,0,0.0,3.534614,18.089925,1.023691e-12,0.0002356411,0.001205996,False,0.001261,False
2015-10-12,RS01SUM1-LJ01B-09-PRESTB102,1,True,2015-10-12T00:00:12Z,2015-10-12T23:59:57Z,5760,5760,0,14.999925,15.000154018,14.999991685,0.000151987,0,0,0,0,0.0,3.024466,18.805093,1.892358e-12,0.0002016312,0.001253674,False,0.001596,False
2015-10-13,RS01SUM1-LJ01B-09-PRESTB102,1,True,2015-10-13T00:00:12Z,2015-10-13T23:59:57Z,5760,5760,0,14.999925,15.000221729,14.999991369,0.000207032,0,0,0,0,0.0,3.283869,19.345148,1.370412e-12,0.0002189247,0.001289677,False,0.001295,False
2015-10-14,RS01SUM1-LJ01B-09-PRESTB102,1,True,2015-10-14T00:00:12Z,2015-10-14T23:59:57Z,5760,5760,0,14.999925,15.000170231,14.999991115,0.002622683,0,0,0,0,0.0,3.299078,18.63585,1.868992e-12,0.0002199386,0.001242391,False,0.001234,False
2015-10-15,RS01SUM1-LJ01B-09-PRESTB102,1,True,2015-10-15T00:00:12Z,2015-10-15T23:59:57Z,5760,5760,0,14.999925,15.000194073,14.999991897,-0.012573935,0,0,0,0,0.0,3.237449,21.393784,1.208582e-12,0.0002158301,0.001426253,False,0.001467,False
2015-10-16,RS01SUM1-LJ01B-09-PRESTB102,1,True,2015-10-16T00:00:12Z,2015-10-16T23:59:57Z,5760,5760,0,14.999925,15.000213623,14.99999202,0.000617804,0,0,0,0,0.0,3.431208,18.226344,9.501789e-13,0.0002287473,0.00121509,False,0.001371,False
2015-10-17,RS01SUM1-LJ01B-09-PRESTB102,1,True,2015-10-17T00:00:12Z,2015-10-17T23:59:57Z,5760,5760,0,14.999925,15.000174999,14.999991858,-0.000899468,0,0,0,0,0.0,3.134183,17.235224,2.777724e-12,0.0002089456,0.001149016,False,0.001249,False
2015-10-18,RS01SUM1-LJ01B-09-PRESTB102,1,True,2015-10-18T00:00:12Z,2015-10-18T23:59:57Z,5760,5760,0,14.999925,15.000143051,14.999991616,0.004683002,0,0,0,0,0.0,3.153848,18.434148,1.629951e-12,0.0002102566,0.001228944,False,0.001335,False
2015-10-19,RS01SUM1-LJ01B-09-PRESTB102,1,True,2015-10-19T00:00:12Z,2015-10-19T23:59:57Z,5699,5760,61,14.999925,15.000210047,14.999991403,0.005936932,1,61,1,61,-0.0,3.395855,18.781749,-1.098202e-12,0.0002263904,0.001252117,False,0.001394,True
2015-10-20,RS01SUM1-LJ01B-09-PRESTB102,1,True,2015-10-20T00:00:12Z,2015-10-20T23:59:57Z,5760,5760,0,14.999925,15.000210285,14.999991294,0.003114444,0,0,0,0,0.0,3.552365,18.455301,4.646611e-13,0.0002368245,0.001230354,False,0.001232,False
2015-10-21,RS01SUM1-LJ01B-09-PRESTB102,1,True,2015-10-21T00:00:12Z,2015-10-21T23:59:57Z,5760,5760,0,14.999925,15.000172138,14.999991933,0.001176259,0,0,0,0,0.0,3.505114,20.573749,1.172234e-12,0.0002336744,0.001371584,False,0.001274,False
2015-10-22,RS01SUM1-LJ01B-09-PRESTB102,1,True,2015-10-22T00:00:12Z,2015-10-22T23:59:57Z,5760,5760,0,14.999925,15.000233173,14.999991752,-0.001815179,0,0,0,0,0.0,3.294809,18.136767,9.80687e-13,0.000219654,0.001209118,False,0.001388,False
2015-10-23,RS01SUM1-LJ01B-09-PRESTB102,1,True,2015-10-23T00:00:12Z,2015-10-23T23:59:57Z,5741,5760,19,14.999925,15.000222445,14.999991771,0.001384417,2,19,2,19,-0.0,3.724308,19.269123,-6.569269e-13,0.0002482873,0.001284609,False,0.001291,True
2015-10-24,RS01SUM1-LJ01B-09-PRESTB102,1,True,2015-10-24T00:00:12Z,2015-10-24T23:59:57Z,5760,5760,0,14.999925,15.000169754,14.999991525,0.006098753,0,0,0,0,0.0,5.120769,24.977028,2.542839e-12,0.0003413848,0.001665136,False,0.001545,False
2015-10-25,RS01SUM1-LJ01B-09-PRESTB102,1,True,2015-10-25T00:00:12Z,2015-10-25T23:59:56Z,5760,5760,0,14.999925,15.000259399,14.999991973,0.007097369,0,0,0,0,0.0,3.398171,18.605231,3.34456e-12,0.0002265449,0.001240349,False,0.001265,False
2015-10-26,RS01SUM1-LJ01B-09-PRESTB102,1,True,2015-10-26T00:00:11Z,2015-10-26T23:59:56Z,5760,5760,0,14.999925,15.000205994,14.999992193,-7.8477e-05,0,0,0,0,-0.0,3.285668,20.728022,-2.871703e-13,0.0002190447,0.001381869,False,0.001446,False
2015-10-27,RS01SUM1-LJ01B-09-PRESTB102,1,True,2015-10-27T00:00:11Z,2015-10-27T23:59:56Z,5760,5760,0,14.999925,15.000248909,14.999992189,-0.011933689,0,0,0,0,0.0,3.098667,20.824178,2.056593e-12,0.0002065779,0.001388279,False,0.001409,False
2015-10-28,RS01SUM1-LJ01B-09-PRESTB102,1,True,2015-10-28T00:00:11Z,2015-10-28T23:59:56Z,5527,5760,233,14.999925,15.0001719,14.999992043,-8.5901e-05,1,233,1,233,0.0,3.381246,17.0604,6.679356e-13,0.0002254165,0.001137361,False,0.002925,True
2015-10-29,RS01SUM1-LJ01B-09-PRESTB102,1,True,2015-10-29T00:00:11Z,2015-10-29T23:59:56Z,5754,5760,6,14.999925,15.000194073,14.999991582,-0.000134083,1,6,1,6,-0.0,3.065059,18.992284,-6.091444e-13,0.0002043374,0.001266153,False,0.001419,True
2015-10-30,RS01SUM1-LJ01B-09-PRESTB102,1,True,2015-10-30T00:00:11Z,2015-10-30T23:59:56Z,5760,5760,0,14.999925,15.000135899,14.999992465,0.004216215,0,0,0,0,0.0,3.772608,23.434121,2.071617e-12,0.0002515073,0.001562276,False,0.001548,False
2015-10-31,RS01SUM1-LJ01B-09-PRESTB102,1,True,2015-10-31T00:00:11Z,2015-10-31T23:59:56Z,5760,5760,0,14.999925,15.000174046,14.99999223,0.000223468,0,0,0,0,0.0,3.468176,18.254086,2.397132e-12,0.0002312119,0.00121694,False,0.001392,False
2015-11-01,RS01SUM1-LJ01B-09-PRESTB102,1,True,2015-11-01T00:00:11Z,2015-11-01T23:59:56Z,5760,5760,0,14.999925,15.000255108,14.99999133,0.000948671,0,0,0,0,0.0,3.674075,18.36182,3.549738e-12,0.0002449385,0.001224122,False,0.001303,False
2015-11-02,RS01SUM1-LJ01B-09-PRESTB102,1,True,2015-11-02T00:00:11Z,2015-11-02T23:59:56Z,5760,5760,0,14.999925,15.0001688,14.999991354,0.003559304,0,0,0,0,0.0,3.446604,23.098503,1.09295e-12,0.0002297738,0.001539901,False,0.001514,False
2015-11-03,RS01SUM1-LJ01B-09-PRESTB102,1,True,2015-11-03T00:00:11Z,2015-11-03T23:59:56Z,5760,5760,0,14.999925,15.000123978,14.999992714,-0.001160758,0,0,0,0,0.0,3.140623,16.877229,3.244396e-12,0.000209375,0.001125149,False,0.00123,False
2015-11-04,RS01SUM1-LJ01B-09-PRESTB102,1,True,2015-11-04T00:00:11Z,2015-11-04T23:59:56Z,5760,5760,0,14.999925,15.000210285,14.999992153,-0.002440355,0,0,0,0,0.0,3.279776,17.561984,1.518642e-12,0.0002186518,0.0011708,False,0.001304,False
2015-11-05,RS01SUM1-LJ01B-09-PRESTB102,1,True,2015-11-05T00:00:11Z,2015-11-05T23:59:56Z,5760,5760,0,14.999925,15.000180244,14.999992171,0.004826689,0,0,0,0,0.0,3.356285,22.721621,3.06988e-12,0.0002237524,0.001514776,False,0.001528,False
2015-11-06,RS01SUM1-LJ01B-09-PRESTB102,1,True,2015-11-06T00:00:11Z,2015-11-06T23:59:56Z,5760,5760,0,14.999925,15.00031805,14.999993539,0.000215797,0,0,0,0,0.0,3.058623,16.802732,8.792943e-13,0.0002039083,0.001120183,False,0.00124,False
2015-11-07,RS01SUM1-LJ01B-09-PRESTB102,1,True,2015-11-07T00:00:11Z,2015-11-07T23:59:56Z,3650,5760,2110,14.999925,15.000330448,14.999992347,-0.002559138,2,2110,2,2110,-0.0,3.247241,17.603067,-2.15067e-12,0.0002164829,0.001173538,False,0.046678,True
2015-11-08,RS01SUM1-LJ01B-09-PRESTB102,1,True,2015-11-08T00:00:11Z,2015-11-08T23:59:56Z,5760,5760,0,14.999925,15.000207901,14.999992386,-0.013723552,0,0,0,0,0.0,3.266951,18.015385,3.229437e-12,0.0002177968,0.001201026,False,0.001249,False
2015-11-09,RS01SUM1-LJ01B-09-PRESTB102,1,True,2015-11-09T00:00:11Z,2015-11-09T23:59:56Z,5758,5760,2,14.999925,15.000190735,14.999991649,-2.6045e-05,1,2,1,2,0.0,3.049413,16.471255,1.599584e-13,0.0002032943,0.001098084,False,0.001269,True
2015-11-10,RS01SUM1-LJ01B-09-PRESTB102,1,True,2015-11-10T00:00:11Z,2015-11-10T23:59:56Z,5760,5760,0,14.999925,15.000277996,14.999991574,0.004883167,0,0,0,0,0.0,3.215645,23.07539,8.435279e-13,0.0002143765,0.00153836,False,0.00162,False
2015-11-11,RS01SUM1-LJ01B-09-PRESTB102,1,True,2015-11-11T00:00:11Z,2015-11-11T23:59:56Z,5760,5760,0,14.999925,15.000168324,14.999991587,0.001291332,0,0,0,0,0.0,3.270804,18.848977,2.497594e-12,0.0002180537,0.001256599,False,0.001645,False
2015-11-12,RS01SUM1-LJ01B-09-PRESTB102,1,True,2015-11-12T00:00:11Z,2015-11-12T23:59:56Z,5760,5760,0,14.999925,15.000216007,14.999991609,-0.003474656,0,0,0,0,0.0,3.829131,18.815805,1.898792e-12,0.0002552755,0.001254388,False,0.001256,False
2015-11-13,RS01SUM1-LJ01B-09-PRESTB102,1,True,2015-11-13T00:00:11Z,2015-11-13T23:59:56Z,5760,5760,0,14.999925,15.000211239,14.999991664,-0.000382036,0,0,0,0,0.0,3.110157,17.43439,1.682845e-12,0.0002073439,0.001162293,False,0.001275,False
2015-11-14,RS01SUM1-LJ01B-09-PRESTB102,1,True,2015-11-14T00:00:11Z,2015-11-14T23:59:56Z,5760,5760,0,14.999925,15.000226974,14.999992058,-0.000863163,0,0,0,0,0.0,3.237903,19.03582,2.538685e-12,0.0002158603,0.001269055,False,0.001378,False
2015-11-15,RS01SUM1-LJ01B-09-PRESTB102,1,True,2015-11-15T00:00:11Z,2015-11-15T23:59:56Z,5760,5760,0,14.999925,15.000220776,14.999990925,0.003437457,0,0,0,0,0.0,3.597472,17.421842,1.816484e-12,0.0002398316,0.001161457,False,0.001273,False
2015-11-16,RS01SUM1-LJ01B-09-PRESTB102,1,True,2015-11-16T00:00:11Z,2015-11-16T23:59:55Z,5760,5760,0,14.999925,15.000205994,14.999992012,0.003813807,0,0,0,0,0.0,3.426025,19.485779,1.886512e-12,0.0002284018,0.001299053,False,0.001313,False
2015-11-17,RS01SUM1-LJ01B-09-PRESTB102,1,True,2015-11-17T00:00:10Z,2015-11-17T23:59:55Z,5760,5760,0,14.999925,15.000263214,14.999991898,-0.001083952,0,0,0,0,0.0,3.244048,18.526264,2.233079e-12,0.00021627,0.001235085,False,0.001451,False
2015-11-18,RS01SUM1-LJ01B-09-PRESTB102,1,True,2015-11-18T00:00:10Z,2015-11-18T23:59:55Z,5740,5760,20,14.999925,15.000164986,14.999992289,-0.001778603,1,20,1,20,-0.0,3.632876,18.389166,-1.729058e-12,0.0002421919,0.001225945,False,0.001321,True
2015-11-19,RS01SUM1-LJ01B-09-PRESTB102,1,True,2015-11-19T00:00:10Z,2015-11-19T23:59:55Z,5760,5760,0,14.999925,15.000176907,14.999990024,0.0035052,0,0,0,0,0.0,4.030481,19.934988,1.092678e-12,0.0002686989,0.001329,False,0.001242,False
2015-11-20,RS01SUM1-LJ01B-09-PRESTB102,1,True,2015-11-20T00:00:10Z,2015-11-20T23:59:55Z,5760,5760,0,14.999925,15.000192642,14.999990976,-0.01338447,0,0,0,0,0.0,3.174699,21.057809,2.212708e-12,0.0002116467,0.001403855,False,0.00146,False
2015-11-21,RS01SUM1-LJ01B-09-PRESTB102,1,True,2015-11-21T00:00:10Z,2015-11-21T23:59:55Z,5760,5760,0,14.999925,15.000247002,14.999990571,-0.00376146,0,0,0,0,0.0,3.06509,16.981517,1.770847e-12,0.0002043395,0.001132102,False,0.001311,False
2015-11-22,RS01SUM1-LJ01B-09-PRESTB102,1,True,2015-11-22T00:00:10Z,2015-11-22T23:59:55Z,5760,5760,0,14.999925,15.00028801,14.999991411,-0.002714133,0,0,0,0,0.0,3.120253,20.683537,1.073136e-12,0.000208017,0.001378903,False,0.001689,False
2015-11-23,RS01SUM1-LJ01B-09-PRESTB102,1,True,2015-11-23T00:00:10Z,2015-11-23T23:59:55Z,5760,5760,0,14.999925,15.000196934,14.999991757,0.001886602,0,0,0,0,0.0,3.096837,22.349409,2.443721e-12,0.0002064559,0.001489961,False,0.001413,False
2015-11-24,RS01SUM1-LJ01B-09-PRESTB102,1,True,2015-11-24T00:00:10Z,2015-11-24T23:59:55Z,5760,5760,0,14.999925,15.000176907,14.999991922,-0.003321548,0,0,0,0,0.0,3.361936,19.904111,2.255782e-12,0.0002241292,0.001326941,False,0.001239,False
2015-11-25,RS01SUM1-LJ01B-09-PRESTB102,1,True,2015-11-25T00:00:10Z,2015-11-25T23:59:55Z,5759,5760,1,14.999925,15.000237942,14.999991031,0.000521189,1,1,1,1,0.0,3.247666,17.800127,9.759113e-14,0.0002165112,0.001186676,False,0.001395,True
2015-11-26,RS01SUM1-LJ01B-09-PRESTB102,1,True,2015-11-26T00:00:10Z,2015-11-26T23:59:55Z,5760,5760,0,14.999925,15.000220776,14.999991179,-0.000284933,0,0,0,0,0.0,3.140987,18.074471,2.359317e-12,0.0002093993,0.001204965,False,0.001355,False
2015-11-27,RS01SUM1-LJ01B-09-PRESTB102,1,True,2015-11-27T00:00:10Z,2015-11-27T23:59:55Z,5760,5760,0,14.999925,15.000215054,14.999991631,0.000815867,0,0,0,0,0.0,3.189129,16.808197,3.267881e-13,0.0002126087,0.001120547,False,0.001271,False
2015-11-28,RS01SUM1-LJ01B-09-PRESTB102,1,True,2015-11-28T00:00:10Z,2015-11-28T23:59:55Z,5760,5760,0,14.999925,15.000172615,14.999991811,-0.001510498,0,0,0,0,0.0,3.131605,18.233649,2.887214e-12,0.0002087738,0.001215577,False,0.001273,False
2015-11-29,RS01SUM1-LJ01B-09-PRESTB102,1,True,2015-11-29T00:00:10Z,2015-11-29T23:59:55Z,4940,5760,820,14.999925,15.000211239,14.99999229,-0.000868796,1,820,1,820,0.0,3.251564,17.508349,1.663121e-12,0.000216771,0.001167224,False,0.012249,True
2015-11-30,RS01SUM1-LJ01B-09-PRESTB102,1,True,2015-11-30T00:00:10Z,2015-11-30T23:59:55Z,5760,5760,0,14.999925,15.000135899,14.9999917,6.958e-06,0,0,0,0,0.0,3.231696,18.454171,2.700123e-12,0.0002154465,0.001230279,False,0.001249,False
2015-12-01,RS01SUM1-LJ01B-09-PRESTB102,1,True,2015-12-01T00:00:10Z,2015-12-01T23:59:55Z,5760,5760,0,14.999925,15.000118256,14.999991915,-0.002085,0,0,0,0,0.0,4.289558,19.832151,2.305186e-12,0.0002859707,0.001322144,False,0.001583,False
2015-12-02,RS01SUM1-LJ01B-09-PRESTB102,1,True,2015-12-02T00:00:10Z,2015-12-02T23:59:55Z,5752,5760,8,14.999925,15.000213146,14.999991383,-0.000380118,2,8,2,8,-0.0,3.389817,18.630237,-1.503296e-12,0.0002259879,0.001242017,False,0.001273,True
2015-12-03,RS01SUM1-LJ01B-09-PRESTB102,1,True,2015-12-03T00:00:10Z,2015-12-03T23:59:55Z,5754,5760,6,14.999925,15.000142097,14.9999908,-0.000747219,1,6,1,6,0.0,3.747029,18.637403,1.395465e-13,0.0002498021,0.001242494,False,0.001314,True
2015-12-04,RS01SUM1-LJ01B-09-PRESTB102,1,True,2015-12-04T00:00:10Z,2015-12-04T23:59:55Z,5760,5760,0,14.999925,15.00025177,14.99999166,0.001553695,0,0,0,0,0.0,3.190957,19.458461,1.509626e-12,0.0002127306,0.001297231,False,0.001377,False
2015-12-05,RS01SUM1-LJ01B-09-PRESTB102,1,True,2015-12-05T00:00:10Z,2015-12-05T23:59:55Z,5760,5760,0,14.999925,15.000287056,14.999992512,0.004467641,0,0,0,0,0.0,3.53314,18.975966,2.792667e-12,0.0002355428,0.001265065,False,0.001283,False
2015-12-06,RS01SUM1-LJ01B-09-PRESTB102,1,True,2015-12-06T00:00:10Z,2015-12-06T23:59:54Z,5760,5760,0,14.999925,15.000289917,14.999992316,6.2587e-05,0,0,0,0,0.0,13.629202,998.925593,1.507683e-12,0.000908614,0.06659507,False,0.066883,False
2015-12-07,RS01SUM1-LJ01B-09-PRESTB102,1,True,2015-12-07T00:00:09Z,2015-12-07T23:59:54Z,5760,5760,0,14.999925,15.000294685,14.999992232,-0.000697752,0,0,0,0,0.0,3.226901,18.944458,8.252428e-13,0.0002151268,0.001262965,False,0.001365,False
2015-12-08,RS01SUM1-LJ01B-09-PRESTB102,1,True,2015-12-08T00:00:09Z,2015-12-08T23:59:54Z,5760,5760,0,14.999925,15.000123024,14.999991757,-0.001284081,0,0,0,0,0.0,3.413075,22.915755,8.012467e-13,0.0002275385,0.001527718,False,0.001566,False
2015-12-09,RS01SUM1-LJ01B-09-PRESTB102,1,True,2015-12-09T00:00:09Z,2015-12-09T23:59:54Z,5760,5760,0,14.999925,15.000221252,14.99999146,0.003634884,0,0,0,0,0.0,3.478576,18.576705,1.111059e-12,0.0002319052,0.001238448,False,0.001316,False
2015-12-10,RS01SUM1-LJ01B-09-PRESTB102,1,True,2015-12-10T00:00:09Z,2015-12-10T23:59:54Z,5760,5760,0,14.999925,15.000246048,14.99999233,0.000183562,0,0,0,0,0.0,3.030882,21.098665,2.148451e-12,0.0002020589,0.001406578,False,0.001648,False
2015-12-11,RS01SUM1-LJ01B-09-PRESTB102,1,True,2015-12-11T00:00:09Z,2015-12-11T23:59:54Z,5760,5760,0,14.999925,15.000212193,14.999991452,-0.004142536,0,0,0,0,0.0,3.39335,19.368545,2.62818e-12,0.0002262235,0.001291237,False,0.00137,False
2015-12-12,RS01SUM1-LJ01B-09-PRESTB102,1,True,2015-12-12T00:00:09Z,2015-12-12T23:59:54Z,5760,5760,0,14.999925,15.000133991,14.99999147,-0.002208323,0,0,0,0,0.0,3.150325,17.173359,1.759217e-12,0.0002100218,0.001144891,False,0.001258,False
2015-12-13,RS01SUM1-LJ01B-09-PRESTB102,1,True,2015-12-13T00:00:09Z,2015-12-13T23:59:54Z,5760,5760,0,14.999925,15.000178337,14.999991643,-0.001967647,0,0,0,0,0.0,3.064553,21.369083,2.469845e-12,0.0002043037,0.001424606,False,0.001496,False
2015-12-14,RS01SUM1-LJ01B-09-PRESTB102,1,True,2015-12-14T00:00:09Z,2015-12-14T23:59:54Z,5760,5760,0,14.999925,15.000141144,14.999991628,0.003286133,0,0,0,0,0.0,3.282836,17.423869,1.793646e-12,0.0002188559,0.001161592,False,0.001253,False
2015-12-15,RS01SUM1-LJ01B-09-PRESTB102,1,True,2015-12-15T00:00:09Z,2015-12-15T23:59:54Z,5760,5760,0,14.999925,15.00014782,14.999991679,0.006121652,0,0,0,0,0.0,3.631282,19.19647,2.730661e-12,0.0002420856,0.001279765,False,0.001235,False
2015-12-16,RS01SUM1-LJ01B-09-PRESTB102,1,True,2015-12-16T00:00:09Z,2015-12-16T23:59:54Z,5760,5760,0,14.999925,15.000191212,14.999991525,-0.004933096,0,0,0,0,0.0,3.193243,22.314336,1.976544e-12,0.000212883,0.001487623,False,0.00153,False
2015-12-17,RS01SUM1-LJ01B-09-PRESTB102,1,True,2015-12-17T00:00:09Z,2015-12-17T23:59:54Z,5760,5760,0,14.999925,15.000207901,14.999991239,-0.00066534,0,0,0,0,0.0,3.549923,19.544817,1.26924e-12,0.0002366617,0.001302989,False,0.001547,False
2015-12-18,RS01SUM1-LJ01B-09-PRESTB102,1,True,2015-12-18T00:00:09Z,2015-12-18T23:59:54Z,5760,5760,0,14.999925,15.000256062,14.999991553,0.007624706,0,0,0,0,0.0,3.446004,17.921686,1.116063e-12,0.0002297337,0.00119478,False,0.001271,False
2015-12-19,RS01SUM1-LJ01B-09-PRESTB102,1,True,2015-12-19T00:00:09Z,2015-12-19T23:59:54Z,5760,5760,0,14.999925,15.000185966,14.999992434,-0.001023185,0,0,0,0,0.0,3.229081,21.200924,1.330913e-12,0.0002152722,0.001413396,False,0.001637,False
2015-12-20,RS01SUM1-LJ01B-09-PRESTB102,1,True,2015-12-20T00:00:09Z,2015-12-20T23:59:54Z,5760,5760,0,14.999925,15.00020504,14.999991876,-7.0741e-05,0,0,0,0,-0.0,3.036662,21.941625,-1.395549e-12,0.0002024442,0.001462776,False,0.001552,False
2015-12-21,RS01SUM1-LJ01B-09-PRESTB102,1,True,2015-12-21T00:00:09Z,2015-12-21T23:59:54Z,5760,5760,0,14.999925,15.000190735,14.999991766,0.005467286,0,0,0,0,0.0,3.192192,17.469137,2.864876e-12,0.0002128129,0.00116461,False,0.001333,False
2015-12-22,RS01SUM1-LJ01B-09-PRESTB102,1,True,2015-12-22T00:00:09Z,2015-12-22T23:59:54Z,5760,5760,0,14.999925,15.000209808,14.999992111,-0.000272545,0,0,0,0,0.0,3.118975,22.781041,3.141268e-12,0.0002079318,0.001518737,False,0.001418,False
2015-12-23,RS01SUM1-LJ01B-09-PRESTB102,1,True,2015-12-23T00:00:09Z,2015-12-23T23:59:54Z,5760,5760,0,14.999925,15.000200272,14.999992071,-0.003182938,0,0,0,0,0.0,3.295473,17.930664,1.225754e-12,0.0002196983,0.001195378,False,0.001574,False
2015-12-24,RS01SUM1-LJ01B-09-PRESTB102,1,True,2015-12-24T00:00:09Z,2015-12-24T23:59:54Z,5760,5760,0,14.999925,15.000228882,14.999993318,0.001497242,0,0,0,0,0.0,3.362608,17.431661,2.593981e-12,0.000224174,0.001162111,False,0.001293,False
2015-12-25,RS01SUM1-LJ01B-09-PRESTB102,1,True,2015-12-25T00:00:09Z,2015-12-25T23:59:54Z,5760,5760,0,14.999925,15.000164986,14.999992105,-0.002067713,0,0,0,0,0.0,3.288434,22.359931,8.767143e-13,0.000219229,0.001490663,False,0.001397,False
2015-12-26,RS01SUM1-LJ01B-09-PRESTB102,1,True,2015-12-26T00:00:09Z,2015-12-26T23:59:54Z,5760,5760,0,14.999925,15.000216961,14.999991318,0.001277179,0,0,0,0,0.0,4.680072,21.945185,1.869701e-13,0.000312005,0.001463013,False,0.001635,False
2015-12-27,RS01SUM1-LJ01B-09-PRESTB102,1,True,2015-12-27T00:00:09Z,2015-12-27T23:59:53Z,5760,5760,0,14.999925,15.000226974,14.9999908,0.001630319,0,0,0,0,0.0,13.577518,1000.753494,4.993282e-13,0.0009051684,0.06671694,False,0.066757,False
2015-12-28,RS01SUM1-LJ01B-09-PRESTB102,1,True,2015-12-28T00:00:08Z,2015-12-28T23:59:53Z,5760,5760,0,14.999925,15.000205994,14.999990911,0.000298476,0,0,0,0,0.0,3.667055,25.678137,2.554368e-12,0.0002444705,0.001711877,False,0.001518,False
2015-12-29,RS01SUM1-LJ01B-09-PRESTB102,1,True,2015-12-29T00:00:08Z,2015-12-29T23:59:53Z,5760,5760,0,14.999925,15.000181675,14.999991716,0.001370902,0,0,0,0,0.0,4.079956,24.269923,1.574265e-12,0.0002719972,0.001617996,False,0.001711,False
2015-12-30,RS01SUM1-LJ01B-09-PRESTB102,1,True,2015-12-30T00:00:08Z,2015-12-30T23:59:53Z,5760,5760,0,14.999925,15.000185013,14.999992577,-0.003047193,0,0,0,0,0.0,3.453972,18.881193,1.915617e-12,0.0002302649,0.001258747,False,0.001278,False
2015-12-31,RS01SUM1-LJ01B-09-PRESTB102,1,True,2015-12-31T00:00:08Z,2015-12-31T23:59:53Z,5760,5760,0,14.999925,15.000182152,14.999991403,-0.001165682,0,0,0,0,0.0,3.126855,22.669237,1.53667e-12,0.0002084571,0.001511283,False,0.001472,False
2016-01-01,RS01SUM1-LJ01B-09-PRESTB102,1,True,2016-01-01T00:00:08Z,2016-01-01T23:59:53Z,5760,5760,0,14.999925,15.000223637,14.999991679,-0.00042267,0,0,0,0,0.0,3.153934,16.800522,1.381093e-12,0.0002102624,0.001120035,False,0.001351,False
2016-01-02,RS01SUM1-LJ01B-09-PRESTB102,1,True,2016-01-02T00:00:08Z,2016-01-02T23:59:53Z,5760,5760,0,14.999925,15.000173092,14.99999309,0.000246209,0,0,0,0,0.0,3.974623,20.673638,1.41615e-12,0.000264975,0.001378243,False,0.001652,False
2016-01-03,RS01SUM1-LJ01B-09-PRESTB102,1,True,2016-01-03T00:00:08Z,2016-01-03T23:59:53Z,5760,5760,0,14.999925,15.000166893,14.999992702,6.9445e-05,0,0,0,0,0.0,3.129192,19.402918,2.046032e-12,0.0002086129,0.001293528,False,0.001314,False
2016-01-04,RS01SUM1-LJ01B-09-PRESTB102,1,True,2016-01-04T00:00:08Z,2016-01-04T23:59:53Z,5760,5760,0,14.999925,15.000264168,14.999991791,-0.001317349,0,0,0,0,0.0,3.155017,17.32006,1.874604e-12,0.0002103346,0.001154671,False,0.001315,False
2016-01-05,RS01SUM1-LJ01B-09-PRESTB102,1,True,2016-01-05T00:00:08Z,2016-01-05T23:59:53Z,5760,5760,0,14.999925,15.000250816,14.999992751,-0.002221802,0,0,0,0,0.0,3.107632,22.018358,1.357988e-12,0.0002071756,0.001467891,False,0.001607,False
2016-01-06,RS01SUM1-LJ01B-09-PRESTB102,1,True,2016-01-06T00:00:08Z,2016-01-06T23:59:53Z,5760,5760,0,14.999925,15.000216961,14.999991816,-0.0034494,0,0,0,0,0.0,3.190107,17.397886,2.230286e-12,0.0002126739,0.00115986,False,0.001309,False
2016-01-07,RS01SUM1-LJ01B-09-PRESTB102,1,True,2016-01-07T00:00:08Z,2016-01-07T23:59:53Z,5739,5760,21,14.999925,15.000239372,14.999991349,0.000557104,3,21,3,21,0.0,3.205034,16.705635,8.959714e-14,0.0002136691,0.00111371,False,0.001278,True
2016-01-08,RS01SUM1-LJ01B-09-PRESTB102,1,True,2016-01-08T00:00:08Z,2016-01-08T23:59:53Z,5760,5760,0,14.999925,15.000290871,14.999992266,-0.000790453,0,0,0,0,0.0,3.089852,17.754485,1.852586e-12,0.0002059902,0.001183633,False,0.001391,False
2016-01-09,RS01SUM1-LJ01B-09-PRESTB102,1,True,2016-01-09T00:00:08Z,2016-01-09T23:59:53Z,5760,5760,0,14.999925,15.000227928,14.999991665,-0.000525236,0,0,0,0,0.0,3.234726,18.381546,1.908381e-12,0.0002156485,0.001225437,False,0.001424,False
2016-01-10,RS01SUM1-LJ01B-09-PRESTB102,1,True,2016-01-10T00:00:08Z,2016-01-10T23:59:53Z,5760,5760,0,14.999925,15.00012207,14.999991296,-0.001062095,0,0,0,0,0.0,3.296844,18.025294,1.878372e-12,0.0002197897,0.001201687,False,0.001312,False
2016-01-11,RS01SUM1-LJ01B-09-PRESTB102,1,True,2016-01-11T00:00:08Z,2016-01-11T23:59:53Z,5760,5760,0,14.999925,15.000143051,14.99999072,0.005105235,0,0,0,0,0.0,3.901937,19.381197,2.63277e-12,0.0002601293,0.001292081,False,0.001469,False
2016-01-12,RS01SUM1-LJ01B-09-PRESTB102,1,True,2016-01-12T00:00:08Z,2016-01-12T23:59:53Z,5760,5760,0,14.999925,15.000096798,14.999990882,0.00650409,0,0,0,0,0.0,3.33135,21.050822,1.265382e-12,0.0002220901,0.001403389,False,0.001521,False
2016-01-13,RS01SUM1-LJ01B-09-PRESTB102,1,True,2016-01-13T00:00:08Z,2016-01-13T23:59:53Z,5760,5760,0,14.999925,15.000193119,14.999992061,0.007999829,0,0,0,0,0.0,3.525977,17.362936,2.875836e-12,0.0002350653,0.00115753,False,0.001259,False
2016-01-14,RS01SUM1-LJ01B-09-PRESTB102,1,True,2016-01-14T00:00:08Z,2016-01-14T23:59:53Z,5760,5760,0,14.999925,15.000231743,14.999991451,-0.000598744,0,0,0,0,0.0,3.217866,20.356529,2.317481e-12,0.0002145245,0.001357103,False,0.001285,False
2016-01-15,RS01SUM1-LJ01B-09-PRESTB102,1,True,2016-01-15T00:00:08Z,2016-01-15T23:59:53Z,5760,5760,0,14.999925,15.000212669,14.9999919,0.003938473,0,0,0,0,0.0,3.124848,17.216309,8.368698e-13,0.0002083233,0.001147755,False,0.001277,False
2016-01-16,RS01SUM1-LJ01B-09-PRESTB102,1,True,2016-01-16T00:00:08Z,2016-01-16T23:59:53Z,5760,5760,0,14.999925,15.000200272,14.999990426,0.003741756,0,0,0,0,0.0,3.358881,18.826407,1.68459e-12,0.0002239255,0.001255095,False,0.001317,False
2016-01-17,RS01SUM1-LJ01B-09-PRESTB102,1,True,2016-01-17T00:00:08Z,2016-01-17T23:59:52Z,5760,5760,0,14.999925,15.00013113,14.999992383,0.000588124,0,0,0,0,0.0,3.867735,20.255539,1.498524e-12,0.0002578491,0.00135037,False,0.001307,False
2016-01-18,RS01SUM1-LJ01B-09-PRESTB102,1,True,2016-01-18T00:00:07Z,2016-01-18T23:59:52Z,5760,5760,0,14.999925,15.000247955,14.999992362,0.008747678,0,0,0,0,0.0,3.701411,23.436782,4.455251e-12,0.0002467608,0.001562453,False,0.001392,False
2016-01-19,RS01SUM1-LJ01B-09-PRESTB102,1,True,2016-01-19T00:00:07Z,2016-01-19T23:59:52Z,5760,5760,0,14.999925,15.000229359,14.999991875,0.001810106,0,0,0,0,0.0,3.518128,18.100433,1.531483e-12,0.000234542,0.001206696,False,0.001257,False
2016-01-20,RS01SUM1-LJ01B-09-PRESTB102,1,True,2016-01-20T00:00:07Z,2016-01-20T23:59:52Z,5760,5760,0,14.999925,15.000223637,14.99999153,0.000958967,0,0,0,0,0.0,3.973038,20.302769,1.438683e-12,0.0002648694,0.001353519,False,0.001387,False
2016-01-21,RS01SUM1-LJ01B-09-PRESTB102,1,True,2016-01-21T00:00:07Z,2016-01-21T23:59:52Z,5760,5760,0,14.999925,15.000213146,14.999990339,-0.001469792,0,0,0,0,0.0,3.191327,17.94344,1.278346e-12,0.0002127553,0.00119623,False,0.001299,False
2016-01-22,RS01SUM1-LJ01B-09-PRESTB102,1,True,2016-01-22T00:00:07Z,2016-01-22T23:59:52Z,5760,5760,0,14.999925,15.000161171,14.999992715,-0.000158767,0,0,0,0,0.0,4.037356,20.753736,2.616345e-12,0.0002691572,0.001383583,False,0.001313,False
2016-01-23,RS01SUM1-LJ01B-09-PRESTB102,1,True,2016-01-23T00:00:07Z,2016-01-23T23:59:52Z,5760,5760,0,14.999925,15.0001688,14.999992792,-0.004573353,0,0,0,0,0.0,3.185572,22.166496,3.244013e-12,0.0002123715,0.001477767,False,0.001663,False
2016-01-24,RS01SUM1-LJ01B-09-PRESTB102,1,True,2016-01-24T00:00:07Z,2016-01-24T23:59:52Z,5760,5760,0,14.999925,15.000074387,14.999991168,0.001640427,0,0,0,0,0.0,3.13695,18.504919,2.749372e-12,0.0002091301,0.001233662,False,0.001461,False
2016-01-25,RS01SUM1-LJ01B-09-PRESTB102,1,True,2016-01-25T00:00:07Z,2016-01-25T23:59:52Z,5760,5760,0,14.999925,15.000144005,14.999991952,0.003194328,0,0,0,0,0.0,3.131009,17.315691,1.103208e-12,0.0002087341,0.00115438,False,0.001431,False
2016-01-26,RS01SUM1-LJ01B-09-PRESTB102,1,True,2016-01-26T00:00:07Z,2016-01-26T23:59:52Z,5760,5760,0,14.999925,15.000203133,14.999990951,0.002586689,0,0,0,0,0.0,3.263942,19.919164,7.851212e-13,0.0002175963,0.001327945,False,0.001305,False
2016-01-27,RS01SUM1-LJ01B-09-PRESTB102,1,True,2016-01-27T00:00:07Z,2016-01-27T23:59:52Z,5760,5760,0,14.999925,15.000180721,14.999991292,-0.000253532,0,0,0,0,0.0,3.17813,18.969668,1.713174e-12,0.0002118754,0.001264645,False,0.001587,False
2016-01-28,RS01SUM1-LJ01B-09-PRESTB102,1,True,2016-01-28T00:00:07Z,2016-01-28T23:59:52Z,5760,5760,0,14.999925,15.000198364,14.999990151,0.002490074,0,0,0,0,0.0,3.160693,17.227867,2.420981e-12,0.000210713,0.001148525,False,0.001422,False
2016-01-29,RS01SUM1-LJ01B-09-PRESTB102,1,True,2016-01-29T00:00:07Z,2016-01-29T23:59:52Z,5760,5760,0,14.999925,15.000196934,14.999992929,-0.003054768,0,0,0,0,0.0,3.540858,18.45168,1.100111e-12,0.0002360573,0.001230113,False,0.001501,False
2016-01-30,RS01SUM1-LJ01B-09-PRESTB102,1,True,2016-01-30T00:00:07Z,2016-01-30T20:07:52Z,4832,4832,0,14.999925,15.000234127,14.999991596,-0.001716197,0,0,0,0,-0.0,3.349685,18.031168,-9.789998e-13,0.0002233125,0.001202079,False,0.001304,False
2016-01-31,RS01SUM1-LJ01B-09-PRESTB102,1,True,2016-01-31T02:32:37Z,2016-01-31T23:59:52Z,5150,5150,0,14.999925,15.000071049,14.999991968,0.000929506,0,0,0,0,-0.0,3.378887,18.81326,-6.091681e-13,0.0002252593,0.001254218,False,0.001355,False
2016-02-01,RS01SUM1-LJ01B-09-PRESTB102,1,True,2016-02-01T00:00:07Z,2016-02-01T23:59:52Z,5759,5760,1,14.999925,15.000247478,14.999991753,-0.000668828,1,1,1,1,-0.0,3.20716,21.309839,-1.274429e-14,0.0002138108,0.001420657,False,0.001374,True
2016-02-02,RS01SUM1-LJ01B-09-PRESTB102,1,True,2016-02-02T00:00:07Z,2016-02-02T23:59:52Z,5760,5760,0,14.999925,15.000249863,14.999992215,-0.00488553,0,0,0,0,0.0,4.048258,22.117153,1.398822e-12,0.000269884,0.001474478,False,0.001318,False
2016-02-03,RS01SUM1-LJ01B-09-PRESTB102,1,True,2016-02-03T00:00:07Z,2016-02-03T23:59:52Z,5760,5760,0,14.999925,15.000229359,14.99999175,-0.00078967,0,0,0,0,0.0,3.737756,18.956463,1.105248e-12,0.0002491839,0.001263765,False,0.001258,False
2016-02-04,RS01SUM1-LJ01B-09-PRESTB102,1,True,2016-02-04T00:00:07Z,2016-02-04T23:59:52Z,5760,5760,0,14.999925,15.000196934,14.999993658,0.00498798,0,0,0,0,0.0,3.411897,20.701928,3.015642e-12,0.0002274599,0.001380129,False,0.001642,False
2016-02-05,RS01SUM1-LJ01B-09-PRESTB102,1,True,2016-02-05T00:00:07Z,2016-02-05T23:59:52Z,5760,5760,0,14.999925,15.000298023,14.999991276,-0.003350664,0,0,0,0,0.0,3.346705,21.435001,1.046977e-12,0.0002231138,0.001429001,False,0.001398,False
2016-02-06,RS01SUM1-LJ01B-09-PRESTB102,1,True,2016-02-06T00:00:07Z,2016-02-06T23:59:52Z,5760,5760,0,14.999925,15.000178337,14.999991604,-0.001147926,0,0,0,0,0.0,3.144429,17.146037,2.760411e-12,0.0002096287,0.00114307,False,0.001313,False
2016-02-07,RS01SUM1-LJ01B-09-PRESTB102,1,True,2016-02-07T00:00:07Z,2016-02-07T23:59:51Z,5760,5760,0,14.999925,15.000174046,14.999991283,-0.000907175,0,0,0,0,0.0,3.110193,17.036706,2.552983e-12,0.0002073463,0.001135781,False,0.001482,False
2016-02-08,RS01SUM1-LJ01B-09-PRESTB102,1,True,2016-02-08T00:00:06Z,2016-02-08T23:59:51Z,5760,5760,0,14.999925,15.000228405,14.999992106,0.000697017,0,0,0,0,0.0,3.133271,22.229977,1.068187e-13,0.0002088848,0.001481999,False,0.001631,False
2016-02-09,RS01SUM1-LJ01B-09-PRESTB102,1,True,2016-02-09T00:00:06Z,2016-02-09T23:59:51Z,5760,5760,0,14.999925,15.000200272,14.999991567,-0.001530293,0,0,0,0,0.0,3.16584,16.714815,1.29824e-12,0.0002110561,0.001114322,False,0.001276,False
2016-02-10,RS01SUM1-LJ01B-09-PRESTB102,1,True,2016-02-10T00:00:06Z,2016-02-10T23:59:51Z,5760,5760,0,14.999925,15.000160217,14.999991062,-0.000830634,0,0,0,0,0.0,3.196858,19.114029,1.873868e-12,0.000213124,0.001274269,False,0.001299,False
2016-02-11,RS01SUM1-LJ01B-09-PRESTB102,1,True,2016-02-11T00:00:06Z,2016-02-11T23:59:51Z,5760,5760,0,14.999925,15.000125885,14.99999179,0.00259574,0,0,0,0,0.0,3.152894,19.480261,2.078826e-12,0.0002101931,0.001298685,False,0.001306,False
2016-02-12,RS01SUM1-LJ01B-09-PRESTB102,1,True,2016-02-12T00:00:06Z,2016-02-12T23:59:51Z,5760,5760,0,14.999925,15.000160217,14.999992054,0.004319434,0,0,0,0,0.0,3.355751,18.267887,1.960038e-12,0.0002237168,0.00121786,False,0.001331,False
2016-02-13,RS01SUM1-LJ01B-09-PRESTB102,1,True,2016-02-13T00:00:06Z,2016-02-13T23:59:51Z,5760,5760,0,14.999925,15.000171185,14.999991296,0.002216939,0,0,0,0,0.0,3.211065,23.816377,1.81588e-12,0.0002140711,0.001587759,False,0.001641,False
2016-02-14,RS01SUM1-LJ01B-09-PRESTB102,1,True,2016-02-14T00:00:06Z,2016-02-14T23:59:51Z,5760,5760,0,14.999925,15.00012064,14.999991513,-0.001611822,0,0,0,0,0.0,3.195805,23.195612,1.570147e-12,0.0002130538,0.001546375,False,0.001597,False
2016-02-15,RS01SUM1-LJ01B-09-PRESTB102,1,True,2016-02-15T00:00:06Z,2016-02-15T23:59:51Z,5759,5760,1,14.999925,15.000178576,14.999991808,-0.000857528,1,1,1,1,-0.0,3.306236,17.795894,-5.166473e-13,0.0002204159,0.001186394,False,0.001415,True
2016-02-16,RS01SUM1-LJ01B-09-PRESTB102,1,True,2016-02-16T00:00:06Z,2016-02-16T23:59:51Z,5760,5760,0,14.999925,15.000236988,14.999991924,0.001953244,0,0,0,0,0.0,3.106106,21.84972,1.704767e-12,0.0002070738,0.001456649,False,0.001614,False
2016-02-17,RS01SUM1-LJ01B-09-PRESTB102,1,True,2016-02-17T00:00:06Z,2016-02-17T23:59:51Z,5760,5760,0,14.999925,15.000295162,14.99999181,-0.016496551,0,0,0,0,0.0,3.171989,18.691493,1.007022e-12,0.0002114661,0.0012461,False,0.001478,False
2016-02-18,RS01SUM1-LJ01B-09-PRESTB102,1,True,2016-02-18T00:00:06Z,2016-02-18T23:59:51Z,5760,5760,0,14.999925,15.00018692,14.999991651,0.000402731,0,0,0,0,0.0,3.081883,17.41065,2.618602e-12,0.000205459,0.001160711,False,0.001279,False
2016-02-19,RS01SUM1-LJ01B-09-PRESTB102,1,True,2016-02-19T00:00:06Z,2016-02-19T23:59:51Z,5760,5760,0,14.999925,15.000207901,14.999992115,0.001222442,0,0,0,0,0.0,3.158943,17.214925,2.546016e-12,0.0002105963,0.001147662,False,0.001303,False
2016-02-20,RS01SUM1-LJ01B-09-PRESTB102,1,True,2016-02-20T00:00:06Z,2016-02-20T23:59:51Z,5760,5760,0,14.999925,15.000218391,14.999991688,0.000666126,0,0,0,0,0.0,3.4701,19.653649,2.156224e-12,0.0002313401,0.001310244,False,0.001299,False
2016-02-21,RS01SUM1-LJ01B-09-PRESTB102,1,True,2016-02-21T00:00:06Z,2016-02-21T23:59:51Z,5760,5760,0,14.999925,15.000196934,14.999991892,-0.00188046,0,0,0,0,0.0,3.599893,18.852818,1.476133e-12,0.000239993,0.001256855,False,0.001295,False
2016-02-22,RS01SUM1-LJ01B-09-PRESTB102,1,True,2016-02-22T00:00:06Z,2016-02-22T23:59:51Z,5760,5760,0,14.999925,15.000220299,14.999991371,0.002203161,0,0,0,0,0.0,3.535266,19.798191,5.058357e-13,0.0002356845,0.00131988,False,0.001358,False
2016-02-23,RS01SUM1-LJ01B-09-PRESTB102,1,True,2016-02-23T00:00:06Z,2016-02-23T23:59:51Z,5760,5760,0,14.999925,15.000201225,14.999991899,0.004440111,0,0,0,0,0.0,3.959694,19.022099,2.848906e-12,0.0002639798,0.001268141,False,0.001542,False
2016-02-24,RS01SUM1-LJ01B-09-PRESTB102,1,True,2016-02-24T00:00:06Z,2016-02-24T23:59:51Z,5760,5760,0,14.999925,15.000136375,14.999990844,0.000192512,0,0,0,0,0.0,3.271114,18.071337,2.026296e-12,0.0002180744,0.001204757,False,0.001263,False
2016-02-25,RS01SUM1-LJ01B-09-PRESTB102,1,True,2016-02-25T00:00:06Z,2016-02-25T23:59:51Z,5760,5760,0,14.999925,15.00020504,14.999991482,0.001842231,0,0,0,0,0.0,3.340911,21.547815,1.469926e-12,0.0002227275,0.001436522,False,0.001717,False
2016-02-26,RS01SUM1-LJ01B-09-PRESTB102,1,True,2016-02-26T00:00:06Z,2016-02-26T23:59:51Z,5760,5760,0,14.999925,15.000261784,14.999991637,0.004137954,0,0,0,0,0.0,3.246105,20.144203,1.150293e-12,0.0002164071,0.001342948,False,0.001364,False
2016-02-27,RS01SUM1-LJ01B-09-PRESTB102,1,True,2016-02-27T00:00:06Z,2016-02-27T23:59:51Z,5760,5760,0,14.999925,15.000151634,14.999991605,-0.002180342,0,0,0,0,0.0,4.004901,19.932199,1.905218e-12,0.0002669936,0.001328814,False,0.001224,False
2016-02-28,RS01SUM1-LJ01B-09-PRESTB102,1,True,2016-02-28T00:00:06Z,2016-02-28T23:59:50Z,5760,5760,0,14.999925,15.000162125,14.999992011,-2.9272e-05,0,0,0,0,0.0,3.341232,24.309231,2.53221e-12,0.0002227489,0.001620616,False,0.001693,False
2016-02-29,RS01SUM1-LJ01B-09-PRESTB102,1,True,2016-02-29T00:00:05Z,2016-02-29T23:59:50Z,5760,5760,0,14.999925,15.000129223,14.999991095,-0.014728967,0,0,0,0,0.0,3.477466,18.546915,1.823549e-12,0.0002318312,0.001236462,False,0.001226,False
2016-03-01,RS01SUM1-LJ01B-09-PRESTB102,1,True,2016-03-01T00:00:05Z,2016-03-01T23:59:50Z,5754,5760,6,14.999925,15.00024128,14.999990794,0.004155799,1,6,1,6,-0.0,3.560673,18.446027,-5.276138e-13,0.0002373783,0.001229736,False,0.001313,True
2016-03-02,RS01SUM1-LJ01B-09-PRESTB102,1,True,2016-03-02T00:00:05Z,2016-03-02T23:59:50Z,5760,5760,0,14.999925,15.000247002,14.999991054,0.000140504,0,0,0,0,0.0,3.253486,21.160543,1.671056e-12,0.0002168992,0.001410704,False,0.001318,False
2016-03-03,RS01SUM1-LJ01B-09-PRESTB102,1,True,2016-03-03T00:00:05Z,2016-03-03T23:59:50Z,4840,5760,920,14.999925,15.000153065,14.999991849,-0.000331188,3,920,3,920,0.0,3.154409,20.51245,1.366498e-12,0.000210294,0.001367497,False,0.008287,True
2016-03-04,RS01SUM1-LJ01B-09-PRESTB102,1,True,2016-03-04T00:00:05Z,2016-03-04T23:59:50Z,5760,5760,0,14.999925,15.000279427,14.999991804,-0.000151677,0,0,0,0,0.0,3.262572,18.647156,1.949884e-12,0.0002175049,0.001243144,False,0.00131,False
2016-03-05,RS01SUM1-LJ01B-09-PRESTB102,1,True,2016-03-05T00:00:05Z,2016-03-05T23:59:50Z,5760,5760,0,14.999925,15.000212193,14.999991592,0.004838599,0,0,0,0,0.0,3.481537,20.73337,7.067617e-13,0.0002321026,0.001382225,False,0.001299,False
2016-03-06,RS01SUM1-LJ01B-09-PRESTB102,1,True,2016-03-06T00:00:05Z,2016-03-06T23:59:50Z,5760,5760,0,14.999925,15.000178814,14.999990457,-0.003926582,0,0,0,0,0.0,3.097407,20.32765,1.86724e-12,0.0002064939,0.001355177,False,0.001573,False
2016-03-07,RS01SUM1-LJ01B-09-PRESTB102,1,True,2016-03-07T00:00:05Z,2016-03-07T23:59:50Z,5760,5760,0,14.999925,15.000179768,14.999992489,-0.003218922,0,0,0,0,0.0,3.322476,17.806849,2.120548e-12,0.0002214985,0.001187124,False,0.001386,False
2016-03-08,RS01SUM1-LJ01B-09-PRESTB102,1,True,2016-03-08T00:00:05Z,2016-03-08T23:59:50Z,5754,5760,6,14.999925,15.000161171,14.999990765,0.001715578,1,6,1,6,0.0,3.303607,22.551197,3.178617e-12,0.0002202406,0.001503414,False,0.001374,True
2016-03-09,RS01SUM1-LJ01B-09-PRESTB102,1,True,2016-03-09T00:00:05Z,2016-03-09T23:59:50Z,5760,5760,0,14.999925,15.000083923,14.999991236,0.000366744,0,0,0,0,0.0,3.151993,17.249784,1.960184e-12,0.000210133,0.001149986,False,0.001276,False
2016-03-10,RS01SUM1-LJ01B-09-PRESTB102,1,True,2016-03-10T00:00:05Z,2016-03-10T23:06:35Z,5547,5547,0,14.999925,15.000064373,14.999991635,-0.001028603,0,0,0,0,0.0,3.154125,18.003877,1.190495e-12,0.0002102751,0.001200259,False,0.00124,False
2016-03-11,RS01SUM1-LJ01B-09-PRESTB102,1,True,2016-03-11T07:36:35Z,2016-03-11T23:59:50Z,3934,3934,0,14.999925,15.000145912,14.999992049,-0.001602353,0,0,0,0,0.0,3.060561,20.77961,7.16961e-15,0.0002040375,0.001385308,False,0.001459,False
2016-03-12,RS01SUM1-LJ01B-09-PRESTB102,1,True,2016-03-12T00:00:05Z,2016-03-12T23:59:50Z,5760,5760,0,14.999925,15.000164032,14.999991589,-0.013756797,0,0,0,0,0.0,3.572551,18.785701,1.494667e-12,0.0002381702,0.001252381,False,0.001298,False
2016-03-13,RS01SUM1-LJ01B-09-PRESTB102,1,True,2016-03-13T00:00:05Z,2016-03-13T23:59:50Z,5760,5760,0,14.999925,15.000120163,14.99999218,0.002097554,0,0,0,0,0.0,3.400147,18.756124,2.077386e-12,0.0002266766,0.001250409,False,0.001605,False
2016-03-14,RS01SUM1-LJ01B-09-PRESTB102,1,True,2016-03-14T00:00:05Z,2016-03-14T23:59:50Z,5760,5760,0,14.999925,15.000200748,14.999991776,-0.001945136,0,0,0,0,0.0,3.561621,19.089543,1.598993e-12,0.0002374415,0.001272637,False,0.001426,False
2016-03-15,RS01SUM1-LJ01B-09-PRESTB102,1,True,2016-03-15T00:00:05Z,2016-03-15T23:59:50Z,5760,5760,0,14.999925,15.000182152,14.999991108,-0.002071615,0,0,0,0,0.0,3.181353,17.63933,1.897586e-12,0.0002120903,0.001175956,False,0.001346,False
2016-03-16,RS01SUM1-LJ01B-09-PRESTB102,1,True,2016-03-16T00:00:05Z,2016-03-16T23:59:50Z,5731,5760,29,14.999925,15.000250101,14.999990941,0.002636611,1,29,1,29,0.0,3.066589,18.202313,2.350939e-13,0.0002044394,0.001213488,False,0.001352,True
2016-03-17,RS01SUM1-LJ01B-09-PRESTB102,1,True,2016-03-17T00:00:05Z,2016-03-17T23:59:50Z,5753,5760,7,14.999925,15.000220299,14.999990962,0.002827269,1,7,1,7,0.0,3.107965,21.028254,6.763749e-13,0.0002071978,0.001401884,False,0.001369,True
2016-03-18,RS01SUM1-LJ01B-09-PRESTB102,1,True,2016-03-18T00:00:05Z,2016-03-18T23:59:49Z,5760,5760,0,14.999925,15.000224113,14.999991744,0.000185184,0,0,0,0,0.0,13.567837,1001.985263,3.003557e-12,0.000904523,0.06679905,False,0.066615,False
2016-03-19,RS01SUM1-LJ01B-09-PRESTB102,1,True,2016-03-19T00:00:05Z,2016-03-19T23:59:49Z,5760,5760,0,14.999925,15.000185966,14.999990985,-0.004042353,0,0,0,0,0.0,3.270138,18.060144,4.800318e-13,0.0002180094,0.00120401,False,0.001512,False
2016-03-20,RS01SUM1-LJ01B-09-PRESTB102,1,True,2016-03-20T00:00:04Z,2016-03-20T23:59:49Z,5760,5760,0,14.999925,15.000247002,14.99999122,-0.000214915,0,0,0,0,0.0,3.095565,19.23596,1.073699e-12,0.0002063711,0.001282398,False,0.001494,False
2016-03-21,RS01SUM1-LJ01B-09-PRESTB102,1,True,2016-03-21T00:00:04Z,2016-03-21T23:59:49Z,5760,5760,0,14.999925,15.00026226,14.999990696,0.000255959,0,0,0,0,0.0,3.242448,17.026293,4.716937e-13,0.0002161634,0.001135087,False,0.00127,False
2016-03-22,RS01SUM1-LJ01B-09-PRESTB102,1,True,2016-03-22T00:00:04Z,2016-03-22T23:59:49Z,5760,5760,0,14.999925,15.000139236,14.999991564,-0.002253266,0,0,0,0,0.0,3.346503,17.720987,1.873164e-12,0.0002231004,0.0011814,False,0.001249,False
2016-03-23,RS01SUM1-LJ01B-09-PRESTB102,1,True,2016-03-23T00:00:04Z,2016-03-23T23:59:49Z,5760,5760,0,14.999925,15.000209332,14.999990059,0.00393453,0,0,0,0,0.0,3.508966,19.772312,2.389031e-12,0.0002339312,0.001318155,False,0.00127,False
2016-03-24,RS01SUM1-LJ01B-09-PRESTB102,1,True,2016-03-24T00:00:04Z,2016-03-24T23:59:49Z,5760,5760,0,14.999925,15.000241756,14.999992152,-0.000134964,0,0,0,0,0.0,3.102686,16.634463,1.868382e-12,0.0002068458,0.001108965,False,0.001298,False
2016-03-25,RS01SUM1-LJ01B-09-PRESTB102,1,True,2016-03-25T00:00:04Z,2016-03-25T23:59:49Z,5760,5760,0,14.999925,15.00028801,14.999991456,-0.003118381,0,0,0,0,0.0,3.253066,21.196869,1.680836e-12,0.0002168712,0.001413125,False,0.001441,False
2016-03-26,RS01SUM1-LJ01B-09-PRESTB102,1,True,2016-03-26T00:00:04Z,2016-03-26T23:59:49Z,5760,5760,0,14.999925,15.000236034,14.999991598,0.000680567,0,0,0,0,0.0,3.543291,18.857225,2.755928e-12,0.0002362195,0.001257149,False,0.001471,False
2016-03-27,RS01SUM1-LJ01B-09-PRESTB102,1,True,2016-03-27T00:00:04Z,2016-03-27T23:59:49Z,5760,5760,0,14.999925,15.00018692,14.999990728,-0.002070503,0,0,0,0,0.0,3.616941,17.696036,2.670081e-12,0.0002411295,0.001179736,False,0.00127,False
2016-03-28,RS01SUM1-LJ01B-09-PRESTB102,1,True,2016-03-28T00:00:04Z,2016-03-28T23:59:49Z,5760,5760,0,14.999925,15.000182152,14.999991381,0.001358341,0,0,0,0,0.0,4.144734,18.973192,2.383905e-12,0.0002763158,0.00126488,False,0.001355,False
2016-03-29,RS01SUM1-LJ01B-09-PRESTB102,1,True,2016-03-29T00:00:04Z,2016-03-29T23:59:49Z,5760,5760,0,14.999925,15.000167847,14.99999069,3.0517e-05,0,0,0,0,0.0,3.316438,20.176134,1.779202e-12,0.000221096,0.001345076,False,0.001515,False
2016-03-30,RS01SUM1-LJ01B-09-PRESTB102,1,True,2016-03-30T00:00:04Z,2016-03-30T23:59:49Z,5760,5760,0,14.999925,15.000210762,14.999991627,-0.002721054,0,0,0,0,0.0,3.144861,17.996077,1.605904e-12,0.0002096575,0.001199739,False,0.00128,False
2016-03-31,RS01SUM1-LJ01B-09-PRESTB102,1,True,2016-03-31T00:00:04Z,2016-03-31T23:59:49Z,5760,5760,0,14.999925,15.000164986,14.999990613,0.003197445,0,0,0,0,0.0,3.233881,18.484187,2.601393e-12,0.0002155922,0.00123228,False,0.001276,False
2016-04-01,RS01SUM1-LJ01B-09-PRESTB102,1,True,2016-04-01T00:00:04Z,2016-04-01T23:59:49Z,5754,5760,6,14.999925,15.000212193,14.99999133,0.003362895,1,6,1,6,-0.0,3.506401,22.581831,-1.412999e-12,0.0002337602,0.001505456,False,0.001351,True
2016-04-02,RS01SUM1-LJ01B-09-PRESTB102,1,True,2016-04-02T00:00:04Z,2016-04-02T23:59:49Z,5754,5760,6,14.999925,15.000261307,14.999990722,8.6667e-05,1,6,1,6,-0.0,3.158823,16.825697,-1.410219e-12,0.0002105883,0.001121714,False,0.001356,True
2016-04-03,RS01SUM1-LJ01B-09-PRESTB102,1,True,2016-04-03T00:00:04Z,2016-04-03T23:59:49Z,5760,5760,0,14.999925,15.000217915,14.999991591,-0.002535584,0,0,0,0,0.0,3.786817,20.065124,2.583422e-12,0.0002524546,0.001337676,False,0.001396,False
2016-04-04,RS01SUM1-LJ01B-09-PRESTB102,1,True,2016-04-04T00:00:04Z,2016-04-04T23:59:49Z,5760,5760,0,14.999925,15.000211716,14.99998995,0.002044324,0,0,0,0,0.0,3.696096,19.39072,1.653183e-12,0.0002464066,0.001292716,False,0.001334,False
2016-04-05,RS01SUM1-LJ01B-09-PRESTB102,1,True,2016-04-05T00:00:04Z,2016-04-05T23:59:49Z,5760,5760,0,14.999925,15.000163078,14.999990984,-0.002106944,0,0,0,0,0.0,3.247826,17.958611,2.953184e-12,0.0002165219,0.001197241,False,0.001284,False
2016-04-06,RS01SUM1-LJ01B-09-PRESTB102,1,True,2016-04-06T00:00:04Z,2016-04-06T23:59:49Z,5760,5760,0,14.999925,15.000176907,14.999992177,-0.00185425,0,0,0,0,0.0,3.37737,21.288123,2.150414e-12,0.0002251581,0.001419209,False,0.001449,False
2016-04-07,RS01SUM1-LJ01B-09-PRESTB102,1,True,2016-04-07T00:00:04Z,2016-04-07T23:59:48Z,5760,5760,0,14.999925,15.000089645,14.999991179,0.003211703,0,0,0,0,0.0,3.441835,20.321764,1.635619e-12,0.0002294558,0.001354785,False,0.001418,False
2016-04-08,RS01SUM1-LJ01B-09-PRESTB102,1,True,2016-04-08T00:00:03Z,2016-04-08T23:59:48Z,5723,5760,37,14.999925,15.000109196,14.999991706,-0.002268563,2,37,2,37,-0.0,3.46232,18.778937,-1.096911e-12,0.0002308214,0.00125193,False,0.001306,True
2016-04-09,RS01SUM1-LJ01B-09-PRESTB102,1,True,2016-04-09T00:00:03Z,2016-04-09T23:59:48Z,5760,5760,0,14.999925,15.000079632,14.999991209,-0.001030291,0,0,0,0,0.0,3.214874,19.520842,1.479228e-12,0.0002143251,0.00130139,False,0.001296,False
2016-04-10,RS01SUM1-LJ01B-09-PRESTB102,1,True,2016-04-10T00:00:03Z,2016-04-10T23:59:48Z,5760,5760,0,14.999925,15.000185013,14.99999169,-0.002341475,0,0,0,0,0.0,3.568722,18.919069,9.862557e-13,0.0002379149,0.001261272,False,0.001431,False
2016-04-11,RS01SUM1-LJ01B-09-PRESTB102,1,True,2016-04-11T00:00:03Z,2016-04-11T23:59:48Z,5760,5760,0,14.999925,15.000117302,14.999991821,-0.001150977,0,0,0,0,0.0,3.00842,16.610313,1.474267e-12,0.0002005615,0.001107355,False,0.001257,False
2016-04-12,RS01SUM1-LJ01B-09-PRESTB102,1,True,2016-04-12T00:00:03Z,2016-04-12T23:59:48Z,5760,5760,0,14.999925,15.000178814,14.999991775,-0.001847167,0,0,0,0,0.0,3.388049,18.269286,2.710937e-12,0.00022587,0.001217953,False,0.001308,False
2016-04-13,RS01SUM1-LJ01B-09-PRESTB102,1,True,2016-04-13T00:00:03Z,2016-04-13T23:59:48Z,5760,5760,0,14.999925,15.000162125,14.999991911,-0.000813017,0,0,0,0,0.0,3.193739,17.27077,3.299824e-12,0.0002129161,0.001151385,False,0.001319,False
2016-04-14,RS01SUM1-LJ01B-09-PRESTB102,1,True,2016-04-14T00:00:03Z,2016-04-14T23:59:48Z,5739,5760,21,14.999925,15.000144243,14.999991585,0.001449225,2,21,2,21,-0.0,3.811928,20.322105,-1.244042e-12,0.0002541286,0.001354808,False,0.001262,True
2016-04-15,RS01SUM1-LJ01B-09-PRESTB102,1,True,2016-04-15T00:00:03Z,2016-04-15T23:59:48Z,5760,5760,0,14.999925,15.000195026,14.999991537,0.002093596,0,0,0,0,0.0,3.597077,23.327901,2.420497e-12,0.0002398052,0.001555194,False,0.001371,False
2016-04-16,RS01SUM1-LJ01B-09-PRESTB102,1,True,2016-04-16T00:00:03Z,2016-04-16T23:59:48Z,5760,5760,0,14.999925,15.000160217,14.999991204,0.001878748,0,0,0,0,0.0,3.465831,18.624893,2.810502e-12,0.0002310555,0.00124166,False,0.001272,False
2016-04-17,RS01SUM1-LJ01B-09-PRESTB102,1,True,2016-04-17T00:00:03Z,2016-04-17T23:59:48Z,5760,5760,0,14.999925,15.000253201,14.999990947,-0.001863776,0,0,0,0,0.0,3.498491,17.874299,1.613118e-12,0.0002332329,0.001191621,False,0.001252,False
2016-04-18,RS01SUM1-LJ01B-09-PRESTB102,1,True,2016-04-18T00:00:03Z,2016-04-18T23:59:48Z,5760,5760,0,14.999925,15.000116348,14.999991588,0.000509111,0,0,0,0,0.0,3.471582,19.457673,2.553666e-12,0.0002314389,0.001297179,False,0.001284,False
2016-04-19,RS01SUM1-LJ01B-09-PRESTB102,1,True,2016-04-19T00:00:03Z,2016-04-19T23:59:48Z,5760,5760,0,14.999925,15.000201702,14.999991317,0.002494276,0,0,0,0,0.0,3.121124,17.459664,1.275722e-12,0.0002080751,0.001163978,False,0.00135,False
2016-04-20,RS01SUM1-LJ01B-09-PRESTB102,1,True,2016-04-20T00:00:03Z,2016-04-20T23:59:48Z,5760,5760,0,14.999925,15.000235081,14.999991738,-0.00257798,0,0,0,0,0.0,3.282328,18.259043,1.904716e-12,0.000218822,0.00121727,False,0.00123,False
2016-04-21,RS01SUM1-LJ01B-09-PRESTB102,1,True,2016-04-21T00:00:03Z,2016-04-21T22:50:18Z,5482,5482,0,14.999925,15.000226974,14.999992127,-5.83e-06,0,0,0,0,-0.0,3.300284,20.805709,-4.160714e-13,0.0002200191,0.001387048,False,0.001537,False
2016-04-22,RS01SUM1-LJ01B-09-PRESTB102,1,True,2016-04-22T14:45:03Z,2016-04-22T23:59:48Z,2220,2220,0,14.999925,15.000150204,14.999992661,0.002088052,0,0,0,0,0.0,3.719514,18.464694,1.622759e-13,0.0002479677,0.00123098,False,0.001311,False
2016-04-23,RS01SUM1-LJ01B-09-PRESTB102,1,True,2016-04-23T00:00:03Z,2016-04-23T23:59:48Z,5760,5760,0,14.999925,15.000184059,14.999991903,-0.003876349,0,0,0,0,0.0,3.330361,18.837088,1.587654e-12,0.0002220242,0.001255807,False,0.00131,False
2016-04-24,RS01SUM1-LJ01B-09-PRESTB102,1,True,2016-04-24T00:00:03Z,2016-04-24T23:59:48Z,5760,5760,0,14.999925,15.000204086,14.999991998,-0.001235792,0,0,0,0,0.0,3.151108,20.830457,3.601229e-12,0.000210074,0.001388698,False,0.001444,False
2016-04-25,RS01SUM1-LJ01B-09-PRESTB102,1,True,2016-04-25T00:00:03Z,2016-04-25T23:59:48Z,5760,5760,0,14.999925,15.000183105,14.999991574,0.001967432,0,0,0,0,0.0,3.342041,20.621779,2.168115e-12,0.0002228029,0.001374786,False,0.001317,False
2016-04-26,RS01SUM1-LJ01B-09-PRESTB102,1,True,2016-04-26T00:00:03Z,2016-04-26T23:59:48Z,5760,5760,0,14.999925,15.000174999,14.999991318,0.001315086,0,0,0,0,0.0,3.23214,18.062004,1.856587e-12,0.0002154762,0.001204134,False,0.00132,False
2016-04-27,RS01SUM1-LJ01B-09-PRESTB102,1,True,2016-04-27T00:00:03Z,2016-04-27T23:59:48Z,5760,5760,0,14.999925,15.000133038,14.999991134,-0.002095802,0,0,0,0,0.0,3.445259,18.391394,1.553562e-12,0.0002296841,0.001226094,False,0.001348,False
2016-04-28,RS01SUM1-LJ01B-09-PRESTB102,1,True,2016-04-28T00:00:03Z,2016-04-28T23:59:47Z,5760,5760,0,14.999925,15.000144005,14.999991989,0.002727303,0,0,0,0,0.0,18.887987,1000.32325,2.236732e-12,0.0012592,0.06668825,False,0.067726,False
2016-04-29,RS01SUM1-LJ01B-09-PRESTB102,1,True,2016-04-29T00:00:02Z,2016-04-29T23:59:47Z,5760,5760,0,14.999925,15.000161171,14.999991634,0.000116851,0,0,0,0,0.0,3.45415,17.687107,2.947612e-12,0.0002302768,0.001179141,False,0.001313,False
2016-04-30,RS01SUM1-LJ01B-09-PRESTB102,1,True,2016-04-30T00:00:02Z,2016-04-30T23:59:47Z,5760,5760,0,14.999925,15.00014019,14.999991844,-0.001897771,0,0,0,0,0.0,3.13057,19.532785,1.134693e-12,0.0002087048,0.001302186,False,0.001406,False
2016-05-01,RS01SUM1-LJ01B-09-PRESTB102,1,True,2016-05-01T00:00:02Z,2016-05-01T23:59:47Z,5760,5760,0,14.999925,15.000135899,14.999990527,-7.8312e-05,0,0,0,0,0.0,3.13816,18.601606,9.977272e-13,0.0002092108,0.001240108,False,0.001308,False
2016-05-02,RS01SUM1-LJ01B-09-PRESTB102,1,True,2016-05-02T00:00:02Z,2016-05-02T23:59:47Z,5760,5760,0,14.999925,15.000173092,14.999991412,0.002946053,0,0,0,0,0.0,3.549034,18.316207,1.655337e-12,0.0002366024,0.001221081,False,0.001267,False
2016-05-03,RS01SUM1-LJ01B-09-PRESTB102,1,True,2016-05-03T00:00:02Z,2016-05-03T23:59:47Z,5760,5760,0,14.999925,15.000149727,14.999990826,0.000389757,0,0,0,0,0.0,4.236794,19.952235,2.018843e-12,0.0002824531,0.00133015,False,0.001564,False
2016-05-04,RS01SUM1-LJ01B-09-PRESTB102,1,True,2016-05-04T00:00:02Z,2016-05-04T23:59:47Z,5760,5760,0,14.999925,15.000216007,14.999991198,0.001065771,0,0,0,0,0.0,3.159997,18.269598,2.07947e-12,0.0002106666,0.001217974,False,0.001325,False
2016-05-05,RS01SUM1-LJ01B-09-PRESTB102,1,True,2016-05-05T00:00:02Z,2016-05-05T23:59:47Z,5709,5760,51,14.999925,15.000145674,14.99999129,0.001678441,1,51,1,51,-0.0,3.257003,16.915078,-1.018168e-12,0.0002171337,0.001127672,False,0.001291,True
2016-05-06,RS01SUM1-LJ01B-09-PRESTB102,1,True,2016-05-06T00:00:02Z,2016-05-06T23:59:47Z,5556,5760,204,14.999925,15.000148773,14.99999165,0.000298434,6,204,6,204,-0.0,3.342739,21.53947,-1.44082e-12,0.0002228494,0.001435965,False,0.001603,True
2016-05-07,RS01SUM1-LJ01B-09-PRESTB102,1,True,2016-05-07T00:00:02Z,2016-05-07T23:59:47Z,3569,5760,2191,14.999925,15.000312805,14.999991299,0.0023197,78,2191,78,2191,-0.0,3.050667,21.250586,-9.342489e-13,0.0002033779,0.001416707,False,0.002937,True
2016-05-08,RS01SUM1-LJ01B-09-PRESTB102,1,True,2016-05-08T00:00:02Z,2016-05-08T23:59:47Z,5760,5760,0,14.999925,15.00013876,14.999991405,-0.000918107,0,0,0,0,0.0,3.275226,17.794475,2.397129e-12,0.0002183485,0.001186299,False,0.001302,False
2016-05-09,RS01SUM1-LJ01B-09-PRESTB102,1,True,2016-05-09T00:00:02Z,2016-05-09T23:59:47Z,5760,5760,0,14.999925,15.000181198,14.999991747,0.00020238,0,0,0,0,0.0,3.210593,18.052036,1.847878e-12,0.0002140397,0.00120347,False,0.001316,False
2016-05-10,RS01SUM1-LJ01B-09-PRESTB102,1,True,2016-05-10T00:00:02Z,2016-05-10T23:59:47Z,5759,5760,1,14.999925,15.000097275,14.999992244,0.000129911,1,1,1,1,0.0,3.156059,19.151503,4.494147e-13,0.0002104041,0.001276767,False,0.001345,True
2016-05-11,RS01SUM1-LJ01B-09-PRESTB102,1,True,2016-05-11T00:00:02Z,2016-05-11T23:59:47Z,5737,5760,23,14.999925,15.000204086,14.999991794,-0.001799724,6,23,6,23,-0.0,3.248526,17.762604,-2.371569e-12,0.0002165685,0.001184174,False,0.00128,True
2016-05-12,RS01SUM1-LJ01B-09-PRESTB102,1,True,2016-05-12T00:00:02Z,2016-05-12T23:59:47Z,5739,5760,21,14.999925,15.000203371,14.999991513,-0.00280156,3,21,3,21,-0.0,3.394419,18.151564,-2.137085e-13,0.0002262947,0.001210105,False,0.00146,True
2016-05-13,RS01SUM1-LJ01B-09-PRESTB102,1,True,2016-05-13T00:00:02Z,2016-05-13T23:59:47Z,5755,5760,5,14.999925,15.000206709,14.999990904,-0.003561475,4,5,4,5,-0.0,3.379141,17.617593,-7.395281e-13,0.0002252762,0.001174507,False,0.001289,True
2016-05-14,RS01SUM1-LJ01B-09-PRESTB102,1,True,2016-05-14T00:00:02Z,2016-05-14T23:59:47Z,5754,5760,6,14.999925,15.000295162,14.999991235,-0.000464141,2,6,2,6,0.0,3.753336,18.543726,1.167349e-12,0.0002502225,0.001236249,False,0.00125,True
2016-05-15,RS01SUM1-LJ01B-09-PRESTB102,1,True,2016-05-15T00:00:02Z,2016-05-15T23:59:47Z,5760,5760,0,14.999925,15.000261307,14.999991515,2.8537e-05,0,0,0,0,0.0,3.16321,20.604363,2.745362e-12,0.0002108808,0.001373625,False,0.001513,False
2016-05-16,RS01SUM1-LJ01B-09-PRESTB102,1,True,2016-05-16T00:00:02Z,2016-05-16T23:59:47Z,5749,5760,11,14.999925,15.000215054,14.999992072,-0.003256031,5,11,5,11,-0.0,3.116703,17.775022,-2.122859e-12,0.0002077803,0.001185002,False,0.001318,True
2016-05-17,RS01SUM1-LJ01B-09-PRESTB102,1,True,2016-05-17T00:00:02Z,2016-05-17T23:59:47Z,5430,5760,330,14.999925,15.000284195,14.999992287,-0.001023511,3,330,3,330,-0.0,3.193192,17.979675,-1.417508e-12,0.0002128796,0.001198646,False,0.005868,True
2016-05-18,RS01SUM1-LJ01B-09-PRESTB102,1,True,2016-05-18T00:00:02Z,2016-05-18T23:59:46Z,5720,5760,40,14.999925,15.000229836,14.999991843,-0.001536555,1,40,1,40,-0.0,23.212351,1002.955691,-1.946829e-13,0.001547491,0.06686375,False,0.06687,True
2016-05-19,RS01SUM1-LJ01B-09-PRESTB102,1,True,2016-05-19T00:00:01Z,2016-05-19T23:59:46Z,5618,5760,142,14.999925,15.000182152,14.999991618,0.001598373,2,142,2,142,-0.0,3.275967,18.043622,-3.191694e-13,0.0002183979,0.001202909,False,0.001819,True
2016-05-20,RS01SUM1-LJ01B-09-PRESTB102,1,True,2016-05-20T00:00:01Z,2016-05-20T23:59:46Z,5746,5760,14,14.999925,15.000172138,14.999991366,0.001456369,5,14,5,14,-0.0,3.376024,20.211495,-6.920787e-13,0.0002250684,0.001347434,False,0.001507,True
2016-05-21,RS01SUM1-LJ01B-09-PRESTB102,1,True,2016-05-21T00:00:01Z,2016-05-21T23:59:46Z,5757,5760,3,14.999925,15.000235081,14.999991107,-0.003263344,3,3,3,3,0.0,3.210558,22.033039,1.421495e-12,0.0002140373,0.00146887,False,0.001521,True
2016-05-22,RS01SUM1-LJ01B-09-PRESTB102,1,True,2016-05-22T00:00:01Z,2016-05-22T23:59:46Z,5759,5760,1,14.999925,15.000154495,14.999991495,-0.001024521,1,1,1,1,0.0,3.201253,17.087722,1.08223e-12,0.000213417,0.001139182,False,0.001308,True
2016-05-23,RS01SUM1-LJ01B-09-PRESTB102,1,True,2016-05-23T00:00:01Z,2016-05-23T23:59:46Z,5759,5760,1,14.999925,15.000146627,14.999991012,0.00029481,1,1,1,1,-0.0,3.156562,17.097108,-2.247271e-12,0.0002104376,0.001139808,False,0.001309,True
2016-05-24,RS01SUM1-LJ01B-09-PRESTB102,1,True,2016-05-24T00:00:01Z,2016-05-24T23:59:46Z,5760,5760,0,14.999925,15.000189781,14.99999188,-0.000810518,0,0,0,0,0.0,3.259827,18.909387,7.118178e-13,0.0002173219,0.001260626,False,0.001594,False
2016-05-25,RS01SUM1-LJ01B-09-PRESTB102,1,True,2016-05-25T00:00:01Z,2016-05-25T23:59:46Z,5760,5760,0,14.999925,15.000202656,14.99999163,0.00167765,0,0,0,0,0.0,3.256631,18.008467,1.608594e-12,0.0002171089,0.001200565,False,0.001284,False
2016-05-26,RS01SUM1-LJ01B-09-PRESTB102,1,True,2016-05-26T00:00:01Z,2016-05-26T23:59:46Z,5760,5760,0,14.999925,15.000237942,14.999991323,-0.004556042,0,0,0,0,0.0,3.596549,18.022736,8.201145e-13,0.0002397701,0.001201516,False,0.001377,False
2016-05-27,RS01SUM1-LJ01B-09-PRESTB102,1,True,2016-05-27T00:00:01Z,2016-05-27T23:59:46Z,5757,5760,3,14.999925,15.000232935,14.999992053,-0.005480781,3,3,3,3,0.0,3.336622,20.123779,8.113174e-15,0.0002224416,0.001341586,False,0.001524,True
2016-05-28,RS01SUM1-LJ01B-09-PRESTB102,1,True,2016-05-28T00:00:01Z,2016-05-28T23:59:46Z,5760,5760,0,14.999925,15.000210285,14.99999105,0.004868414,0,0,0,0,0.0,3.305854,18.652242,6.670198e-13,0.0002203904,0.001243484,False,0.001312,False
2016-05-29,RS01SUM1-LJ01B-09-PRESTB102,1,True,2016-05-29T00:00:01Z,2016-05-29T23:59:46Z,5760,5760,0,14.999925,15.000165939,14.999990452,0.000307826,0,0,0,0,0.0,3.278053,18.019177,2.259292e-12,0.000218537,0.001201279,False,0.001279,False
2016-05-30,RS01SUM1-LJ01B-09-PRESTB102,1,True,2016-05-30T00:00:01Z,2016-05-30T23:59:46Z,5760,5760,0,14.999925,15.000191212,14.999992053,-0.000559004,0,0,0,0,0.0,3.209809,20.60031,1.683677e-12,0.0002139874,0.001373355,False,0.001461,False
2016-05-31,RS01SUM1-LJ01B-09-PRESTB102,1,True,2016-05-31T00:00:01Z,2016-05-31T23:59:46Z,5760,5760,0,14.999925,15.000189304,14.999992298,-0.001800286,0,0,0,0,0.0,3.151311,18.161618,1.878877e-12,0.0002100875,0.001210775,False,0.00126,False
2016-06-01,RS01SUM1-LJ01B-09-PRESTB102,1,True,2016-06-01T00:00:01Z,2016-06-01T23:59:46Z,5760,5760,0,14.999925,15.00013876,14.999991622,-0.000568551,0,0,0,0,0.0,4.440585,21.187123,1.124894e-12,0.0002960392,0.001412476,False,0.001293,False
2016-06-02,RS01SUM1-LJ01B-09-PRESTB102,1,True,2016-06-02T00:00:01Z,2016-06-02T23:59:46Z,5758,5760,2,14.999925,15.000188828,14.999991494,0.000227753,1,2,1,2,-0.0,4.126151,20.358144,-1.623349e-13,0.0002750769,0.00135721,False,0.001298,True
2016-06-03,RS01SUM1-LJ01B-09-PRESTB102,1,True,2016-06-03T00:00:01Z,2016-06-03T23:59:46Z,5760,5760,0,14.999925,15.000248909,14.999990768,0.00300743,0,0,0,0,0.0,3.113649,17.338763,2.464855e-12,0.0002075767,0.001155918,False,0.001265,False
2016-06-04,RS01SUM1-LJ01B-09-PRESTB102,1,True,2016-06-04T00:00:01Z,2016-06-04T23:59:46Z,5760,5760,0,14.999925,15.000146866,14.999991693,0.000844399,0,0,0,0,0.0,3.057033,16.695919,2.955694e-12,0.0002038023,0.001113062,False,0.001393,False
2016-06-05,RS01SUM1-LJ01B-09-PRESTB102,1,True,2016-06-05T00:00:01Z,2016-06-05T23:59:46Z,5727,5760,33,14.999925,15.000110149,14.999991722,-0.004387233,5,33,5,33,-0.0,3.411328,23.288478,-2.372672e-12,0.000227422,0.001552566,False,0.001601,True
2016-06-06,RS01SUM1-LJ01B-09-PRESTB102,1,True,2016-06-06T00:00:01Z,2016-06-06T23:59:46Z,5760,5760,0,14.999925,15.00023222,14.999991917,3.9804e-05,0,0,0,0,0.0,3.468313,18.074997,2.306668e-12,0.000231221,0.001205,False,0.001297,False
2016-06-07,RS01SUM1-LJ01B-09-PRESTB102,1,True,2016-06-07T00:00:01Z,2016-06-07T23:59:59Z,5750,5760,10,14.999925,15.000182152,15.00241179,-3.941477101,4,10,4,10,-0.0,3696.521507,6679.009243,-1.415451e-12,0.2463952,0.4451957,True,0.402873,True
2016-06-08,RS01SUM1-LJ01B-09-PRESTB102,1,True,2016-06-08T00:00:14Z,2016-06-08T23:59:58Z,5755,5760,5,14.999925,15.000151396,14.999991484,0.003179346,2,5,2,5,-0.0,23.077839,1004.351334,-1.534087e-13,0.001538523,0.06695679,False,0.067829,True
2016-06-09,RS01SUM1-LJ01B-09-PRESTB102,1,True,2016-06-09T00:00:13Z,2016-06-09T23:59:58Z,5758,5760,2,14.999925,15.000216007,14.999991816,-0.00037529,2,2,2,2,-0.0,3.234286,17.149995,-2.04777e-13,0.0002156192,0.001143334,False,0.00125,True
2016-06-10,RS01SUM1-LJ01B-09-PRESTB102,1,True,2016-06-10T00:00:13Z,2016-06-10T23:59:58Z,5760,5760,0,14.999925,15.000226021,14.999991509,0.003995694,0,0,0,0,0.0,3.068692,16.746631,1.001235e-12,0.0002045796,0.001116443,False,0.001276,False
2016-06-11,RS01SUM1-LJ01B-09-PRESTB102,1,True,2016-06-11T00:00:13Z,2016-06-11T23:59:58Z,5758,5760,2,14.999925,15.000256062,14.999991752,0.001001528,2,2,2,2,0.0,3.227179,23.432697,1.895557e-12,0.0002151454,0.001562181,False,0.001548,True
2016-06-12,RS01SUM1-LJ01B-09-PRESTB102,1,True,2016-06-12T00:00:13Z,2016-06-12T23:59:58Z,5760,5760,0,14.999925,15.000239849,14.999991298,0.002327699,0,0,0,0,0.0,3.855267,20.278072,1.211297e-12,0.000257018,0.001351872,False,0.001276,False
2016-06-13,RS01SUM1-LJ01B-09-PRESTB102,1,True,2016-06-13T00:00:13Z,2016-06-13T23:59:58Z,5759,5760,1,14.999925,15.000296354,14.999992409,-0.002057294,1,1,1,1,-0.0,3.739269,20.939709,-1.126504e-12,0.0002492847,0.001395981,False,0.001626,True
2016-06-14,RS01SUM1-LJ01B-09-PRESTB102,1,True,2016-06-14T00:00:13Z,2016-06-14T23:59:58Z,5759,5760,1,14.999925,15.000178099,14.999992031,-5.2153e-05,1,1,1,1,-0.0,3.666025,22.503419,-7.022066e-13,0.0002444018,0.001500229,False,0.001478,True
2016-06-15,RS01SUM1-LJ01B-09-PRESTB102,1,True,2016-06-15T00:00:13Z,2016-06-15T23:59:58Z,5752,5760,8,14.999925,15.000206947,14.999992373,-0.005893532,1,8,1,8,0.0,3.753512,19.94219,5.760368e-13,0.0002502343,0.00132948,False,0.001305,True
2016-06-16,RS01SUM1-LJ01B-09-PRESTB102,1,True,2016-06-16T00:00:13Z,2016-06-16T23:59:58Z,5760,5760,0,14.999925,15.000211716,14.999992265,-0.004291902,0,0,0,0,0.0,3.823861,20.347327,2.541836e-12,0.0002549242,0.001356489,False,0.00129,False
2016-06-17,RS01SUM1-LJ01B-09-PRESTB102,1,True,2016-06-17T00:00:13Z,2016-06-17T23:59:58Z,5759,5760,1,14.999925,15.000267982,14.999991255,0.00090282,1,1,1,1,-0.0,3.467723,18.893669,-1.079421e-12,0.0002311817,0.001259579,False,0.001341,True
2016-06-18,RS01SUM1-LJ01B-09-PRESTB102,1,True,2016-06-18T00:00:13Z,2016-06-18T23:59:58Z,5760,5760,0,14.999925,15.000238895,14.999991603,0.004425885,0,0,0,0,0.0,3.140249,17.137187,4.180415e-12,0.00020935,0.00114248,False,0.001273,False
2016-06-19,RS01SUM1-LJ01B-09-PRESTB102,1,True,2016-06-19T00:00:13Z,2016-06-19T23:59:58Z,5760,5760,0,14.999925,15.000219822,14.999991586,-0.001282342,0,0,0,0,0.0,3.211856,18.276589,3.941087e-12,0.0002141238,0.00121844,False,0.001397,False
2016-06-20,RS01SUM1-LJ01B-09-PRESTB102,1,True,2016-06-20T00:00:13Z,2016-06-20T23:59:58Z,5760,5760,0,14.999925,15.000196934,14.999991231,0.001775142,0,0,0,0,0.0,3.127252,20.379073,3.090184e-12,0.0002084836,0.001358606,False,0.001491,False
2016-06-21,RS01SUM1-LJ01B-09-PRESTB102,1,True,2016-06-21T00:00:13Z,2016-06-21T23:59:58Z,5752,5760,8,14.999925,15.000197887,14.999991115,-0.000781077,3,8,3,8,-0.0,3.21126,16.947272,-4.984178e-13,0.0002140841,0.001129819,False,0.001266,True
2016-06-22,RS01SUM1-LJ01B-09-PRESTB102,1,True,2016-06-22T00:00:13Z,2016-06-22T23:59:58Z,5760,5760,0,14.999925,15.000185966,14.999991577,0.003309204,0,0,0,0,0.0,3.156943,18.552027,1.546537e-12,0.000210463,0.001236803,False,0.001315,False
2016-06-23,RS01SUM1-LJ01B-09-PRESTB102,1,True,2016-06-23T00:00:13Z,2016-06-23T23:59:58Z,5758,5760,2,14.999925,15.000195026,14.999991492,0.001953904,2,2,2,2,-0.0,3.256877,17.995898,-1.194359e-12,0.0002171252,0.001199727,False,0.001283,True
2016-06-24,RS01SUM1-LJ01B-09-PRESTB102,1,True,2016-06-24T00:00:13Z,2016-06-24T23:59:58Z,5760,5760,0,14.999925,15.000257969,14.999991331,0.003772923,0,0,0,0,0.0,3.158518,17.02834,2.188035e-12,0.000210568,0.001135223,False,0.001312,False
2016-06-25,RS01SUM1-LJ01B-09-PRESTB102,1,True,2016-06-25T00:00:13Z,2016-06-25T23:59:58Z,5760,5760,0,14.999925,15.000213146,14.999991264,0.000464591,0,0,0,0,0.0,3.156101,23.652347,2.266639e-12,0.0002104068,0.001576824,False,0.001665,False
2016-06-26,RS01SUM1-LJ01B-09-PRESTB102,1,True,2016-06-26T00:00:13Z,2016-06-26T23:59:58Z,5760,5760,0,14.999925,15.000209808,14.999990553,0.001821314,0,0,0,0,0.0,3.172721,17.426429,1.152722e-12,0.0002115149,0.001161763,False,0.00125,False
2016-06-27,RS01SUM1-LJ01B-09-PRESTB102,1,True,2016-06-27T00:00:13Z,2016-06-27T23:59:58Z,5760,5760,0,14.999925,15.000252724,14.999991482,-5.539e-06,0,0,0,0,0.0,3.552831,18.022609,3.008857e-12,0.0002368555,0.001201508,False,0.001303,False
2016-06-28,RS01SUM1-LJ01B-09-PRESTB102,1,True,2016-06-28T00:00:13Z,2016-06-28T23:59:57Z,5760,5760,0,14.999925,15.0002141,14.999991346,-0.001903286,0,0,0,0,0.0,13.707934,999.539904,2.317311e-12,0.0009138628,0.06663603,False,0.066669,False
2016-06-29,RS01SUM1-LJ01B-09-PRESTB102,1,True,2016-06-29T00:00:12Z,2016-06-29T23:59:57Z,5760,5760,0,14.999925,15.00026989,14.999990863,0.004710911,0,0,0,0,0.0,3.242527,18.448679,1.264192e-12,0.0002161686,0.001229913,False,0.001273,False
2016-06-30,RS01SUM1-LJ01B-09-PRESTB102,1,True,2016-06-30T00:00:12Z,2016-06-30T23:59:57Z,5751,5760,9,14.999925,15.000239849,14.999990275,0.001322453,2,9,2,9,-0.0,3.721865,19.050129,-1.585473e-12,0.0002481245,0.001270009,False,0.001316,True
2016-07-01,RS01SUM1-LJ01B-09-PRESTB102,1,True,2016-07-01T00:00:12Z,2016-07-01T23:59:57Z,5760,5760,0,14.999925,15.000281811,14.999991057,0.002111576,0,0,0,0,0.0,3.20106,21.393537,1.39055e-12,0.0002134042,0.001426237,False,0.001501,False
2016-07-02,RS01SUM1-LJ01B-09-PRESTB102,1,True,2016-07-02T00:00:12Z,2016-07-02T23:59:57Z,5760,5760,0,14.999925,15.000277996,14.999991483,0.006690406,0,0,0,0,0.0,3.105729,21.873161,2.31173e-12,0.0002070487,0.001458212,False,0.00152,False
2016-07-03,RS01SUM1-LJ01B-09-PRESTB102,1,True,2016-07-03T00:00:12Z,2016-07-03T23:59:57Z,5760,5760,0,14.999925,15.000224113,14.999990836,-0.001598077,0,0,0,0,0.0,3.101749,17.655955,4.904629e-13,0.0002067834,0.001177064,False,0.001269,False
2016-07-04,RS01SUM1-LJ01B-09-PRESTB102,1,True,2016-07-04T00:00:12Z,2016-07-04T23:59:57Z,5760,5760,0,14.999925,15.000164032,14.999991564,0.003585284,0,0,0,0,0.0,3.267641,17.526929,1.151836e-12,0.0002178428,0.001168463,False,0.001488,False
2016-07-05,RS01SUM1-LJ01B-09-PRESTB102,1,True,2016-07-05T00:00:12Z,2016-07-05T23:59:57Z,5760,5760,0,14.999925,15.000153065,14.999991527,0.004410465,0,0,0,0,0.0,3.212941,18.12411,9.975126e-13,0.0002141962,0.001208275,False,0.001359,False
2016-07-06,RS01SUM1-LJ01B-09-PRESTB102,1,True,2016-07-06T00:00:12Z,2016-07-06T23:59:57Z,5760,5760,0,14.999925,15.000102997,14.999991106,-0.000188731,0,0,0,0,0.0,3.213656,17.342219,1.475766e-12,0.0002142439,0.001156149,False,0.001246,False
2016-07-07,RS01SUM1-LJ01B-09-PRESTB102,1,True,2016-07-07T00:00:12Z,2016-07-07T23:59:57Z,5712,5760,48,14.999925,15.000236988,14.999990869,-0.005333937,3,48,3,48,-0.0,3.49245,17.900087,-3.100592e-12,0.0002328301,0.00119334,False,0.001559,True
2016-07-08,RS01SUM1-LJ01B-09-PRESTB102,1,True,2016-07-08T00:00:12Z,2016-07-08T23:59:57Z,5760,5760,0,14.999925,15.000268936,14.999991192,-0.006489845,0,0,0,0,0.0,3.387077,20.494184,1.545598e-12,0.0002258053,0.00136628,False,0.001323,False
2016-07-09,RS01SUM1-LJ01B-09-PRESTB102,1,True,2016-07-09T00:00:12Z,2016-07-09T23:59:57Z,5760,5760,0,14.999925,15.000277996,14.999991779,2.2932e-05,0,0,0,0,0.0,4.258405,21.588748,2.267145e-12,0.0002838938,0.001439251,False,0.001237,False
2016-07-10,RS01SUM1-LJ01B-09-PRESTB102,1,True,2016-07-10T00:00:12Z,2016-07-10T23:59:57Z,5760,5760,0,14.999925,15.00027895,14.999991607,0.004720882,0,0,0,0,0.0,3.170019,21.587351,1.369204e-12,0.0002113347,0.001439158,False,0.001574,False
2016-07-11,RS01SUM1-LJ01B-09-PRESTB102,1,True,2016-07-11T00:00:12Z,2016-07-11T23:59:57Z,5751,5760,9,14.999925,15.000319481,14.999991482,0.002131155,3,9,3,9,-0.0,3.312907,19.575837,-4.191399e-14,0.0002208606,0.001305057,False,0.001402,True
2016-07-12,RS01SUM1-LJ01B-09-PRESTB102,1,True,2016-07-12T00:00:12Z,2016-07-12T23:59:57Z,5759,5760,1,14.999925,15.000250578,14.999991749,0.001779275,1,1,1,1,0.0,3.353383,18.184629,1.06906e-12,0.000223559,0.001212309,False,0.001565,True
2016-07-13,RS01SUM1-LJ01B-09-PRESTB102,1,True,2016-07-13T00:00:12Z,2016-07-13T23:59:57Z,5392,5760,368,14.999925,15.000168324,14.99999116,-0.001932338,2,368,2,368,0.0,3.265171,19.679298,1.214286e-13,0.0002176782,0.001311954,False,0.0043,True
2016-07-14,RS01SUM1-LJ01B-09-PRESTB102,1,True,2016-07-14T00:00:12Z,2016-07-14T23:59:57Z,5753,5760,7,14.999925,15.000282049,14.999990729,-0.00121966,1,7,1,7,0.0,3.335425,20.334069,1.015574e-12,0.0002223618,0.001355605,False,0.001312,True
2016-07-15,RS01SUM1-LJ01B-09-PRESTB102,1,True,2016-07-15T00:00:12Z,2016-07-15T23:59:57Z,5760,5760,0,14.999925,15.000230789,14.999990883,0.001429101,0,0,0,0,0.0,3.200186,17.017124,5.640783e-13,0.0002133459,0.001134476,False,0.00128,False
2016-07-16,RS01SUM1-LJ01B-09-PRESTB102,1,True,2016-07-16T00:00:12Z,2016-07-16T23:59:57Z,5760,5760,0,14.999925,15.000277042,14.999991094,0.001013638,0,0,0,0,0.0,3.481661,22.395864,2.05663e-12,0.0002321109,0.001493058,False,0.001268,False
2016-07-17,RS01SUM1-LJ01B-09-PRESTB102,1,True,2016-07-17T00:00:12Z,2016-07-17T23:59:57Z,5760,5760,0,14.999925,15.000216961,14.999991197,0.001533948,0,0,0,0,0.0,3.162332,17.524375,2.990708e-12,0.0002108222,0.001168292,False,0.001315,False
2016-07-18,RS01SUM1-LJ01B-09-PRESTB102,1,True,2016-07-18T00:00:12Z,2016-07-18T23:59:56Z,5760,5760,0,14.999925,15.000230312,14.999992291,-0.000909534,0,0,0,0,0.0,23.204748,1004.530028,1.54871e-12,0.001546984,0.0669687,False,0.066856,False
2016-07-19,RS01SUM1-LJ01B-09-PRESTB102,1,True,2016-07-19T00:00:11Z,2016-07-19T23:59:56Z,5760,5760,0,14.999925,15.000138283,14.999990562,-0.001994377,0,0,0,0,0.0,4.042623,23.940926,1.850001e-12,0.0002695084,0.001596063,False,0.001586,False
2016-07-20,RS01SUM1-LJ01B-09-PRESTB102,1,True,2016-07-20T00:00:11Z,2016-07-20T23:59:56Z,5760,5760,0,14.999925,15.000195026,14.999990694,-0.001740747,0,0,0,0,0.0,3.740773,24.402714,2.931386e-12,0.000249385,0.001626849,False,0.001418,False
2016-07-21,RS01SUM1-LJ01B-09-PRESTB102,1,True,2016-07-21T00:00:11Z,2016-07-21T23:59:56Z,5760,5760,0,14.999925,15.000208378,14.999992588,-0.008019922,0,0,0,0,0.0,4.470851,20.189158,8.785056e-13,0.0002980569,0.001345945,False,0.001278,False
2016-07-22,RS01SUM1-LJ01B-09-PRESTB102,1,True,2016-07-22T00:00:11Z,2016-07-22T23:59:56Z,5760,5760,0,14.999925,15.00019598,14.999990824,-0.005836351,0,0,0,0,0.0,4.057258,22.796351,2.372874e-12,0.000270484,0.001519758,False,0.001386,False
2016-07-23,RS01SUM1-LJ01B-09-PRESTB102,1,True,2016-07-23T00:00:11Z,2016-07-23T01:27:56Z,352,352,0,14.999925,15.000482082,14.999985876,0.003279585,0,0,0,0,-0.0,3.00079,14.926073,-1.111323e-13,0.0002000529,0.0009950725,False,0.001063,False
2016-07-24,RS01SUM1-LJ01B-09-PRESTB102,1,False,,,0,0,,14.999925,,,,,,,,,,,,,,,,False
2016-07-25,RS01SUM1-LJ01B-09-PRESTB102,1,True,2016-07-25T18:25:16Z,2016-07-25T23:59:46Z,1339,1339,0,14.999925,15.000140667,14.999990328,-0.001125849,0,0,0,0,-0.0,2.919922,15.530998,-4.066329e-14,0.0001946616,0.001035401,False,0.001186,False
2016-07-26,RS01SUM1-LJ01B-09-PRESTB102,1,True,2016-07-26T00:00:01Z,2016-07-26T23:59:46Z,5760,5760,0,14.999925,15.000212193,14.999991179,-0.001928504,0,0,0,0,0.0,3.021708,18.541973,2.169841e-12,0.0002014473,0.001236132,False,0.001267,False
2016-07-27,RS01SUM1-LJ01B-09-PRESTB102,1,True,2016-07-27T00:00:01Z,2016-07-27T23:59:46Z,5753,5760,7,14.999925,15.000207901,14.99999075,-0.001037756,1,7,1,7,0.0,3.366995,17.900381,4.630415e-13,0.0002244664,0.001193359,False,0.001287,True
2016-07-28,RS01SUM1-LJ01B-09-PRESTB102,1,True,2016-07-28T00:00:01Z,2016-07-28T23:59:46Z,5760,5760,0,14.999925,15.000233173,14.999989804,0.005290121,0,0,0,0,0.0,3.075597,22.809413,1.467155e-12,0.0002050399,0.001520629,False,0.001636,False
2016-07-29,RS01SUM1-LJ01B-09-PRESTB102,1,True,2016-07-29T00:00:01Z,2016-07-29T23:59:46Z,5760,5760,0,14.999925,15.000248909,14.99998988,0.004662294,0,0,0,0,0.0,3.297763,18.24158,2.268549e-12,0.000219851,0.001216106,False,0.001466,False
2016-07-30,RS01SUM1-LJ01B-09-PRESTB102,1,True,2016-07-30T00:00:01Z,2016-07-30T23:59:46Z,5760,5760,0,14.999925,15.000205994,14.999990466,-0.000897958,0,0,0,0,0.0,3.277307,16.948967,1.919746e-12,0.0002184873,0.001129932,False,0.001318,False
2016-07-31,RS01SUM1-LJ01B-09-PRESTB102,1,True,2016-07-31T00:00:01Z,2016-07-31T23:59:46Z,5760,5760,0,14.999925,15.000226021,14.999990079,0.004620692,0,0,0,0,0.0,3.704591,19.579954,1.874482e-12,0.0002469729,0.001305331,False,0.001394,False
2016-08-01,RS01SUM1-LJ01B-09-PRESTB102,1,True,2016-08-01T00:00:01Z,2016-08-01T23:59:46Z,5760,5760,0,14.999925,15.000194073,14.999990803,0.002660705,0,0,0,0,0.0,3.724024,19.805879,4.76692e-13,0.0002482684,0.001320393,False,0.001438,False
2016-08-02,RS01SUM1-LJ01B-09-PRESTB102,1,True,2016-08-02T00:00:01Z,2016-08-02T23:59:46Z,5760,5760,0,14.999925,15.000250816,14.999989958,-0.007755377,0,0,0,0,0.0,3.628133,18.89164,1.536813e-12,0.0002418757,0.001259444,False,0.001316,False
2016-08-03,RS01SUM1-LJ01B-09-PRESTB102,1,True,2016-08-03T00:00:01Z,2016-08-03T23:59:46Z,5760,5760,0,14.999925,15.000178814,14.9999915,0.004283584,0,0,0,0,0.0,3.358069,20.686126,1.105672e-12,0.0002238714,0.001379076,False,0.001579,False
2016-08-04,RS01SUM1-LJ01B-09-PRESTB102,1,True,2016-08-04T00:00:01Z,2016-08-04T23:59:46Z,5760,5760,0,14.999925,15.000162125,14.999990026,0.003423201,0,0,0,0,0.0,3.230303,22.511801,1.326864e-12,0.0002153537,0.001500788,False,0.001594,False
2016-08-05,RS01SUM1-LJ01B-09-PRESTB102,1,True,2016-08-05T00:00:01Z,2016-08-05T23:59:46Z,5760,5760,0,14.999925,15.000220776,14.999991164,0.002803468,0,0,0,0,0.0,3.459884,19.923362,1.936161e-12,0.000230659,0.001328225,False,0.00132,False
2016-08-06,RS01SUM1-LJ01B-09-PRESTB102,1,True,2016-08-06T00:00:01Z,2016-08-06T23:59:45Z,5760,5760,0,14.999925,15.00028801,14.999989862,-0.001635691,0,0,0,0,0.0,13.867208,1002.559563,1.462358e-12,0.0009244812,0.06683735,False,0.066529,False
2016-08-07,RS01SUM1-LJ01B-09-PRESTB102,1,True,2016-08-07T00:00:00Z,2016-08-07T23:59:45Z,5760,5760,0,14.999925,15.000246048,14.999991699,-0.006104139,0,0,0,0,0.0,3.474492,19.151922,1.717048e-12,0.000231633,0.001276796,False,0.001313,False
2016-08-08,RS01SUM1-LJ01B-09-PRESTB102,1,True,2016-08-08T00:00:00Z,2016-08-08T23:59:45Z,5760,5760,0,14.999925,15.000216961,14.999990652,0.003187106,0,0,0,0,0.0,3.050269,17.202908,1.286866e-12,0.0002033514,0.001146861,False,0.001264,False
2016-08-09,RS01SUM1-LJ01B-09-PRESTB102,1,True,2016-08-09T00:00:00Z,2016-08-09T23:59:45Z,5760,5760,0,14.999925,15.000216961,14.999989802,0.001920588,0,0,0,0,0.0,3.02754,20.450058,1.582784e-12,0.0002018361,0.001363338,False,0.001554,False
2016-08-10,RS01SUM1-LJ01B-09-PRESTB102,1,True,2016-08-10T00:00:00Z,2016-08-10T23:59:45Z,5757,5760,3,14.999925,15.000285864,14.999990004,0.006994885,1,3,1,3,-0.0,3.526251,20.424544,-4.672621e-14,0.0002350836,0.001361637,False,0.001424,True
2016-08-11,RS01SUM1-LJ01B-09-PRESTB102,1,True,2016-08-11T00:00:00Z,2016-08-11T23:59:45Z,5760,5760,0,14.999925,15.000271797,14.999991405,0.003971338,0,0,0,0,0.0,3.202686,17.260718,1.486613e-12,0.0002135125,0.001150715,False,0.001318,False
2016-08-12,RS01SUM1-LJ01B-09-PRESTB102,1,True,2016-08-12T00:00:00Z,2016-08-12T10:13:45Z,2456,2456,0,14.999925,15.000358105,14.999988115,0.00480567,0,0,0,0,-0.0,2.992384,21.198961,-3.199139e-13,0.0001994924,0.001413265,False,0.001513,False
2016-08-13,RS01SUM1-LJ01B-09-PRESTB102,1,True,2016-08-13T00:23:45Z,2016-08-13T23:59:45Z,5665,5665,0,14.999925,15.000315428,14.999991574,0.001685494,0,0,0,0,-0.0,3.605484,20.417395,-6.000414e-14,0.0002403657,0.00136116,False,0.001375,False
2016-08-14,RS01SUM1-LJ01B-09-PRESTB102,1,True,2016-08-14T00:00:00Z,2016-08-14T23:59:45Z,5760,5760,0,14.999925,15.000227451,14.999991929,0.001222281,0,0,0,0,0.0,3.118811,16.8953,1.604654e-12,0.0002079209,0.001126354,False,0.001281,False
2016-08-15,RS01SUM1-LJ01B-09-PRESTB102,1,True,2016-08-15T00:00:00Z,2016-08-15T23:59:45Z,5760,5760,0,14.999925,15.000203133,14.999990478,-0.000462811,0,0,0,0,0.0,3.407181,17.922116,2.995407e-12,0.0002271456,0.001194809,False,0.001319,False
2016-08-16,RS01SUM1-LJ01B-09-PRESTB102,1,True,2016-08-16T00:00:00Z,2016-08-16T23:59:45Z,5760,5760,0,14.999925,15.000191212,14.999990954,0.005683477,0,0,0,0,0.0,3.648173,19.41303,2.387463e-12,0.0002432117,0.001294203,False,0.001315,False
2016-08-17,RS01SUM1-LJ01B-09-PRESTB102,1,True,2016-08-17T00:00:00Z,2016-08-17T23:59:45Z,5760,5760,0,14.999925,15.000218868,14.99999115,0.000392261,0,0,0,0,0.0,3.140448,18.14939,2.550692e-12,0.0002093633,0.00120996,False,0.001287,False
2016-08-18,RS01SUM1-LJ01B-09-PRESTB102,1,True,2016-08-18T00:00:00Z,2016-08-18T23:59:45Z,5760,5760,0,14.999925,15.00022316,14.999990897,-0.002858875,0,0,0,0,0.0,3.15492,19.62503,1.790184e-12,0.0002103281,0.001308336,False,0.001391,False
2016-08-19,RS01SUM1-LJ01B-09-PRESTB102,1,True,2016-08-19T00:00:00Z,2016-08-19T23:59:45Z,5760,5760,0,14.999925,15.000216007,14.999991018,0.002242367,0,0,0,0,0.0,4.469909,24.131761,2.340901e-12,0.0002979941,0.001608785,False,0.001393,False
2016-08-20,RS01SUM1-LJ01B-09-PRESTB102,1,True,2016-08-20T00:00:00Z,2016-08-20T23:59:45Z,5760,5760,0,14.999925,15.000252724,14.999991473,-0.004006262,0,0,0,0,0.0,3.168623,17.916506,2.695361e-12,0.0002112416,0.001194434,False,0.001289,False
2016-08-21,RS01SUM1-LJ01B-09-PRESTB102,1,True,2016-08-21T00:00:00Z,2016-08-21T23:59:45Z,5760,5760,0,14.999925,15.000247002,14.999991242,0.000285288,0,0,0,0,0.0,3.308176,19.213172,2.966108e-12,0.0002205452,0.001280879,False,0.001291,False
2016-08-22,RS01SUM1-LJ01B-09-PRESTB102,1,True,2016-08-22T00:00:00Z,2016-08-22T23:59:45Z,5760,5760,0,14.999925,15.000241756,14.999991128,0.005866849,0,0,0,0,0.0,3.111118,19.600632,3.249588e-12,0.000207408,0.00130671,False,0.001358,False
2016-08-23,RS01SUM1-LJ01B-09-PRESTB102,1,True,2016-08-23T00:00:00Z,2016-08-23T23:59:45Z,5758,5760,2,14.999925,15.000247955,14.999991676,-0.003686312,2,2,2,2,-0.0,3.159767,17.928489,-1.764467e-12,0.0002106512,0.001195233,False,0.001303,True
2016-08-24,RS01SUM1-LJ01B-09-PRESTB102,1,True,2016-08-24T00:00:00Z,2016-08-24T23:59:45Z,5760,5760,0,14.999925,15.000155926,14.999991903,0.002374361,0,0,0,0,0.0,3.082316,20.249279,3.43275e-12,0.0002054878,0.001349953,False,0.001578,False
2016-08-25,RS01SUM1-LJ01B-09-PRESTB102,1,True,2016-08-25T00:00:00Z,2016-08-25T23:59:45Z,5760,5760,0,14.999925,15.000206947,14.999991158,-0.001224639,0,0,0,0,0.0,3.282943,22.524365,1.369576e-12,0.000218863,0.001501625,False,0.001513,False
2016-08-26,RS01SUM1-LJ01B-09-PRESTB102,1,True,2016-08-26T00:00:00Z,2016-08-26T23:59:59Z,5761,5761,0,14.999925,15.000242472,14.999990985,0.002549846,0,0,0,0,0.0,3.159451,17.673878,5.037643e-14,0.0002106302,0.001178259,False,0.001248,False
2016-08-27,RS01SUM1-LJ01B-09-PRESTB102,1,True,2016-08-27T00:00:14Z,2016-08-27T23:59:59Z,5760,5760,0,14.999925,15.000326157,14.999990976,0.001293185,0,0,0,0,0.0,3.546772,19.458251,2.211842e-12,0.0002364516,0.001297218,False,0.001438,False
2016-08-28,RS01SUM1-LJ01B-09-PRESTB102,1,True,2016-08-28T00:00:14Z,2016-08-28T23:59:59Z,5760,5760,0,14.999925,15.000244617,14.999989615,0.001531322,0,0,0,0,0.0,3.384162,21.057702,7.847156e-13,0.0002256109,0.001403848,False,0.001616,False
2016-08-29,RS01SUM1-LJ01B-09-PRESTB102,1,True,2016-08-29T00:00:14Z,2016-08-29T23:59:59Z,5760,5760,0,14.999925,15.000156879,14.999990665,0.003531933,0,0,0,0,0.0,3.162625,16.960116,1.961319e-12,0.0002108418,0.001130675,False,0.001308,False
2016-08-30,RS01SUM1-LJ01B-09-PRESTB102,1,True,2016-08-30T00:00:14Z,2016-08-30T23:59:59Z,5760,5760,0,14.999925,15.000203609,14.999990516,-0.000463939,0,0,0,0,0.0,3.189453,17.875941,2.232541e-12,0.0002126304,0.00119173,False,0.00131,False
2016-08-31,RS01SUM1-LJ01B-09-PRESTB102,1,True,2016-08-31T00:00:14Z,2016-08-31T23:59:59Z,5760,5760,0,14.999925,15.000216007,14.999990768,0.000822099,0,0,0,0,0.0,3.267002,17.772571,2.036329e-12,0.0002178003,0.001184839,False,0.001639,False
2016-09-01,RS01SUM1-LJ01B-09-PRESTB102,1,True,2016-09-01T00:00:14Z,2016-09-01T23:59:59Z,5760,5760,0,14.999925,15.000220299,14.999990566,-0.002993793,0,0,0,0,0.0,3.403381,17.971655,2.247996e-12,0.0002268922,0.001198111,False,0.00132,False
2016-09-02,RS01SUM1-LJ01B-09-PRESTB102,1,True,2016-09-02T00:00:14Z,2016-09-02T23:59:59Z,5760,5760,0,14.999925,15.000305176,14.999990586,-0.005177349,0,0,0,0,0.0,3.219216,18.179814,1.116959e-12,0.0002146146,0.001211988,False,0.001386,False
2016-09-03,RS01SUM1-LJ01B-09-PRESTB102,1,True,2016-09-03T00:00:14Z,2016-09-03T23:59:59Z,5760,5760,0,14.999925,15.000157356,14.999991237,-0.000768076,0,0,0,0,0.0,3.239636,17.138427,1.731492e-12,0.0002159758,0.001142562,False,0.001297,False
2016-09-04,RS01SUM1-LJ01B-09-PRESTB102,1,True,2016-09-04T00:00:14Z,2016-09-04T23:59:59Z,5760,5760,0,14.999925,15.000211239,14.999992097,-0.000247818,0,0,0,0,0.0,3.524811,18.126374,2.792977e-12,0.0002349875,0.001208426,False,0.001242,False
2016-09-05,RS01SUM1-LJ01B-09-PRESTB102,1,True,2016-09-05T00:00:14Z,2016-09-05T23:59:59Z,5760,5760,0,14.999925,15.000178337,14.999992014,-0.005833246,0,0,0,0,0.0,4.509499,20.448534,2.035844e-12,0.0003006334,0.001363236,False,0.001457,False
2016-09-06,RS01SUM1-LJ01B-09-PRESTB102,1,True,2016-09-06T00:00:14Z,2016-09-06T23:59:59Z,5363,5760,397,14.999925,15.000156879,14.999992609,-0.007753348,1,397,1,397,-0.0,3.945886,19.220593,-2.660431e-12,0.0002630592,0.001281373,False,0.00418,True
2016-09-07,RS01SUM1-LJ01B-09-PRESTB102,1,True,2016-09-07T00:00:14Z,2016-09-07T23:59:59Z,5760,5760,0,14.999925,15.000312328,14.999991162,-0.012537785,0,0,0,0,0.0,3.384504,17.432971,1.193552e-12,0.0002256337,0.001162199,False,0.001405,False
2016-09-08,RS01SUM1-LJ01B-09-PRESTB102,1,True,2016-09-08T00:00:14Z,2016-09-08T23:59:59Z,5760,5760,0,14.999925,15.000183105,14.999988916,0.000292673,0,0,0,0,0.0,3.568704,22.878561,2.539818e-12,0.0002379138,0.001525239,False,0.001477,False
2016-09-09,RS01SUM1-LJ01B-09-PRESTB102,1,True,2016-09-09T00:00:14Z,2016-09-09T23:59:59Z,5760,5760,0,14.999925,15.00027132,14.999990194,-0.002031677,0,0,0,0,0.0,3.287779,18.427395,1.679135e-12,0.0002191854,0.001228494,False,0.001274,False
2016-09-10,RS01SUM1-LJ01B-09-PRESTB102,1,True,2016-09-10T00:00:14Z,2016-09-10T23:59:59Z,5760,5760,0,14.999925,15.00034523,14.999991064,0.003732797,0,0,0,0,0.0,3.215733,18.282021,8.944032e-13,0.0002143823,0.001218802,False,0.001388,False
2016-09-11,RS01SUM1-LJ01B-09-PRESTB102,1,True,2016-09-11T00:00:14Z,2016-09-11T23:59:59Z,5760,5760,0,14.999925,15.000289917,14.999992139,-0.002503097,0,0,0,0,0.0,4.79846,21.000046,2.240284e-12,0.0003198975,0.001400004,False,0.001527,False
2016-09-12,RS01SUM1-LJ01B-09-PRESTB102,1,True,2016-09-12T00:00:14Z,2016-09-12T23:59:59Z,5760,5760,0,14.999925,15.000232697,14.999992981,0.001708968,0,0,0,0,0.0,6.001696,23.896056,1.99104e-12,0.0004001133,0.001593071,False,0.00124,False
2016-09-13,RS01SUM1-LJ01B-09-PRESTB102,1,True,2016-09-13T00:00:14Z,2016-09-13T23:59:59Z,5760,5760,0,14.999925,15.000248909,14.99999409,-5.178e-05,0,0,0,0,0.0,3.839375,19.741048,7.129029e-13,0.0002559584,0.00131607,False,0.001484,False
2016-09-14,RS01SUM1-LJ01B-09-PRESTB102,1,True,2016-09-14T00:00:14Z,2016-09-14T23:59:58Z,5760,5760,0,14.999925,15.000292778,14.999992082,-0.002468204,0,0,0,0,0.0,13.589652,1000.019522,2.803161e-12,0.0009059773,0.066668,False,0.066746,False
2016-09-15,RS01SUM1-LJ01B-09-PRESTB102,1,True,2016-09-15T00:00:13Z,2016-09-15T23:59:58Z,5760,5760,0,14.999925,15.000165939,14.99999278,0.000568848,0,0,0,0,0.0,3.962449,18.312266,6.571888e-13,0.0002641634,0.001220818,False,0.001299,False
2016-09-16,RS01SUM1-LJ01B-09-PRESTB102,1,True,2016-09-16T00:00:13Z,2016-09-16T23:59:58Z,5760,5760,0,14.999925,15.000245571,14.999992014,-0.003621168,0,0,0,0,0.0,3.279016,20.927,2.638047e-12,0.0002186012,0.001395134,False,0.00144,False
2016-09-17,RS01SUM1-LJ01B-09-PRESTB102,1,True,2016-09-17T00:00:13Z,2016-09-17T23:59:58Z,5760,5760,0,14.999925,15.000176907,14.999991049,0.001203069,0,0,0,0,0.0,3.433906,18.340637,2.955031e-12,0.0002289272,0.00122271,False,0.001267,False
2016-09-18,RS01SUM1-LJ01B-09-PRESTB102,1,True,2016-09-18T00:00:13Z,2016-09-18T23:59:58Z,5760,5760,0,14.999925,15.000152111,14.99999134,-0.000579901,0,0,0,0,0.0,3.148664,17.720526,3.30244e-12,0.000209911,0.001181369,False,0.001305,False
2016-09-19,RS01SUM1-LJ01B-09-PRESTB102,1,True,2016-09-19T00:00:13Z,2016-09-19T23:59:58Z,5760,5760,0,14.999925,15.00019598,14.999991848,-0.000376791,0,0,0,0,0.0,3.07391,17.118893,1.236636e-12,0.0002049275,0.00114126,False,0.001301,False
2016-09-20,RS01SUM1-LJ01B-09-PRESTB102,1,True,2016-09-20T00:00:13Z,2016-09-20T23:59:58Z,5760,5760,0,14.999925,15.000250816,14.999991847,-0.002098022,0,0,0,0,0.0,3.294277,17.95736,7.160516e-13,0.0002196186,0.001197158,False,0.001534,False
2016-09-21,RS01SUM1-LJ01B-09-PRESTB102,1,True,2016-09-21T00:00:13Z,2016-09-21T23:59:58Z,5760,5760,0,14.999925,15.00030899,14.999990955,0.002389303,0,0,0,0,0.0,3.435946,21.66296,3.244965e-12,0.0002290632,0.001444198,False,0.001613,False
2016-09-22,RS01SUM1-LJ01B-09-PRESTB102,1,True,2016-09-22T00:00:13Z,2016-09-22T23:59:58Z,5760,5760,0,14.999925,15.000280857,14.999991175,0.000638531,0,0,0,0,0.0,3.286088,17.535737,2.815242e-12,0.0002190727,0.00116905,False,0.001395,False
2016-09-23,RS01SUM1-LJ01B-09-PRESTB102,1,True,2016-09-23T00:00:13Z,2016-09-23T23:59:58Z,5760,5760,0,14.999925,15.000220776,14.999991555,-0.000839897,0,0,0,0,0.0,3.066113,18.859411,2.269794e-12,0.0002044077,0.001257295,False,0.001391,False
2016-09-24,RS01SUM1-LJ01B-09-PRESTB102,1,True,2016-09-24T00:00:13Z,2016-09-24T23:59:58Z,5760,5760,0,14.999925,15.000235081,14.999992086,-0.000850152,0,0,0,0,0.0,3.139287,16.665956,1.755636e-12,0.0002092859,0.001111064,False,0.001268,False
2016-09-25,RS01SUM1-LJ01B-09-PRESTB102,1,True,2016-09-25T00:00:13Z,2016-09-25T23:59:58Z,5760,5760,0,14.999925,15.000123978,14.999990839,-0.002056824,0,0,0,0,0.0,3.131194,17.663842,2.493386e-12,0.0002087464,0.00117759,False,0.001229,False
2016-09-26,RS01SUM1-LJ01B-09-PRESTB102,1,True,2016-09-26T00:00:13Z,2016-09-26T23:59:58Z,5760,5760,0,14.999925,15.000221252,14.999991329,-0.000305617,0,0,0,0,0.0,3.135232,20.538033,2.25976e-12,0.0002090156,0.001369203,False,0.001392,False
2016-09-27,RS01SUM1-LJ01B-09-PRESTB102,1,True,2016-09-27T00:00:13Z,2016-09-27T23:59:58Z,5760,5760,0,14.999925,15.000251293,14.999991005,-0.000450412,0,0,0,0,0.0,3.246327,17.908111,2.79263e-12,0.0002164219,0.001193875,False,0.001271,False
2016-09-28,RS01SUM1-LJ01B-09-PRESTB102,1,True,2016-09-28T00:00:13Z,2016-09-28T23:59:58Z,5760,5760,0,14.999925,15.000230312,14.999991223,-0.006042391,0,0,0,0,0.0,3.403403,20.07811,2.309899e-12,0.0002268936,0.001338541,False,0.001275,False
2016-09-29,RS01SUM1-LJ01B-09-PRESTB102,1,True,2016-09-29T00:00:13Z,2016-09-29T23:59:58Z,5760,5760,0,14.999925,15.000204086,14.999991106,-0.002642965,0,0,0,0,0.0,3.16101,20.265844,1.962207e-12,0.0002107341,0.001351057,False,0.00137,False
2016-09-30,RS01SUM1-LJ01B-09-PRESTB102,1,True,2016-09-30T00:00:13Z,2016-09-30T23:59:58Z,5760,5760,0,14.999925,15.000270844,14.999991607,0.000282115,0,0,0,0,0.0,3.229303,17.337184,1.354584e-12,0.000215287,0.001155813,False,0.001262,False
2016-10-01,RS01SUM1-LJ01B-09-PRESTB102,1,True,2016-10-01T00:00:13Z,2016-10-01T23:59:58Z,5760,5760,0,14.999925,15.000267029,14.999991297,-0.000479173,0,0,0,0,0.0,3.147733,21.783432,1.525507e-12,0.000209849,0.00145223,False,0.001504,False
2016-10-02,RS01SUM1-LJ01B-09-PRESTB102,1,True,2016-10-02T00:00:13Z,2016-10-02T23:59:58Z,5760,5760,0,14.999925,15.000208855,14.999990583,0.001695054,0,0,0,0,0.0,3.04734,20.156199,2.87747e-12,0.0002031561,0.001343747,False,0.00132,False
2016-10-03,RS01SUM1-LJ01B-09-PRESTB102,1,True,2016-10-03T00:00:13Z,2016-10-03T23:59:58Z,5760,5760,0,14.999925,15.000272274,14.99999198,-0.000520832,0,0,0,0,0.0,3.305667,17.537106,6.024458e-13,0.0002203779,0.001169141,False,0.001298,False
2016-10-04,RS01SUM1-LJ01B-09-PRESTB102,1,True,2016-10-04T00:00:13Z,2016-10-04T23:59:57Z,5760,5760,0,14.999925,15.00027895,14.999989843,-0.002216049,0,0,0,0,0.0,3.191331,23.025211,2.793138e-12,0.0002127555,0.001535015,False,0.001588,False
2016-10-05,RS01SUM1-LJ01B-09-PRESTB102,1,True,2016-10-05T00:00:12Z,2016-10-05T23:59:57Z,5760,5760,0,14.999925,15.000276089,14.999990442,0.000948345,0,0,0,0,0.0,13.418737,985.493531,2.38724e-12,0.000894583,0.06569961,False,0.066072,False
2016-10-06,RS01SUM1-LJ01B-09-PRESTB102,1,True,2016-10-06T00:00:12Z,2016-10-06T23:59:57Z,5760,5760,0,14.999925,15.000270844,14.999989946,0.003317951,0,0,0,0,0.0,3.205159,17.533527,1.953901e-12,0.0002136774,0.001168903,False,0.001239,False
2016-10-07,RS01SUM1-LJ01B-09-PRESTB102,1,True,2016-10-07T00:00:12Z,2016-10-07T23:59:57Z,5760,5760,0,14.999925,15.000180244,14.999990306,0.005982159,0,0,0,0,0.0,3.40098,22.241925,1.877046e-12,0.0002267322,0.001482796,False,0.001512,False
2016-10-08,RS01SUM1-LJ01B-09-PRESTB102,1,True,2016-10-08T00:00:12Z,2016-10-08T23:59:57Z,5760,5760,0,14.999925,15.000165939,14.999990799,-0.000651882,0,0,0,0,0.0,3.830657,20.553215,2.95497e-12,0.0002553773,0.001370215,False,0.001654,False
2016-10-09,RS01SUM1-LJ01B-09-PRESTB102,1,True,2016-10-09T00:00:12Z,2016-10-09T23:59:57Z,5760,5760,0,14.999925,15.000254154,14.999991254,-0.001185376,0,0,0,0,0.0,3.084857,16.815792,1.521342e-12,0.0002056573,0.001121053,False,0.001276,False
2016-10-10,RS01SUM1-LJ01B-09-PRESTB102,1,True,2016-10-10T00:00:12Z,2016-10-10T23:59:57Z,5760,5760,0,14.999925,15.000249863,14.999990839,-0.00093606,0,0,0,0,0.0,3.310827,21.564215,1.633783e-12,0.0002207219,0.001437615,False,0.001396,False
2016-10-11,RS01SUM1-LJ01B-09-PRESTB102,1,True,2016-10-11T00:00:12Z,2016-10-11T23:59:57Z,5760,5760,0,14.999925,15.000155926,14.999991092,-0.003741699,0,0,0,0,0.0,4.087823,22.619137,2.108922e-12,0.0002725217,0.001507943,False,0.001657,False
2016-10-12,RS01SUM1-LJ01B-09-PRESTB102,1,True,2016-10-12T00:00:12Z,2016-10-12T23:59:57Z,5760,5760,0,14.999925,15.000216007,14.999990454,0.001937717,0,0,0,0,0.0,4.81705,20.066696,1.399503e-12,0.0003211369,0.001337781,False,0.001266,False
2016-10-13,RS01SUM1-LJ01B-09-PRESTB102,1,True,2016-10-13T00:00:12Z,2016-10-13T23:59:57Z,5727,5760,33,14.999925,15.000226498,14.999992697,-0.005190906,1,33,1,33,-0.0,3.311926,20.811508,-2.739841e-12,0.0002207952,0.001387435,False,0.001533,True
2016-10-14,RS01SUM1-LJ01B-09-PRESTB102,1,True,2016-10-14T00:00:12Z,2016-10-14T23:59:57Z,5760,5760,0,14.999925,15.000268936,14.999990834,0.00431193,0,0,0,0,0.0,3.795567,20.637422,1.67946e-12,0.0002530379,0.001375829,False,0.001343,False
2016-10-15,RS01SUM1-LJ01B-09-PRESTB102,1,True,2016-10-15T00:00:12Z,2016-10-15T23:59:57Z,5760,5760,0,14.999925,15.00020504,14.99999145,-0.001067773,0,0,0,0,0.0,3.11907,17.076832,1.980663e-12,0.0002079381,0.001138456,False,0.001288,False
2016-10-16,RS01SUM1-LJ01B-09-PRESTB102,1,True,2016-10-16T00:00:12Z,2016-10-16T23:59:57Z,5760,5760,0,14.999925,15.000249386,14.999990763,-0.000776106,0,0,0,0,0.0,3.176295,20.831049,2.135868e-12,0.0002117532,0.001388737,False,0.001311,False
2016-10-17,RS01SUM1-LJ01B-09-PRESTB102,1,True,2016-10-17T00:00:12Z,2016-10-17T23:59:57Z,5760,5760,0,14.999925,15.000196934,14.999991065,0.000697986,0,0,0,0,0.0,4.041201,24.163346,2.593049e-12,0.0002694136,0.001610891,False,0.001384,False
2016-10-18,RS01SUM1-LJ01B-09-PRESTB102,1,True,2016-10-18T00:00:12Z,2016-10-18T23:59:57Z,5760,5760,0,14.999925,15.000262737,14.99999237,-0.000237087,0,0,0,0,0.0,4.161956,21.812907,2.525122e-12,0.0002774639,0.001454195,False,0.0013,False
2016-10-19,RS01SUM1-LJ01B-09-PRESTB102,1,True,2016-10-19T00:00:12Z,2016-10-19T23:59:57Z,5760,5760,0,14.999925,15.000237942,14.999991064,-0.002003678,0,0,0,0,0.0,3.634204,19.344076,2.316344e-12,0.0002422804,0.001289606,False,0.001325,False
2016-10-20,RS01SUM1-LJ01B-09-PRESTB102,1,True,2016-10-20T00:00:12Z,2016-10-20T23:59:57Z,5760,5760,0,14.999925,15.00014019,14.999991322,-0.003630379,0,0,0,0,0.0,3.597931,19.237915,1.733694e-12,0.0002398622,0.001282528,False,0.001602,False
2016-10-21,RS01SUM1-LJ01B-09-PRESTB102,1,True,2016-10-21T00:00:12Z,2016-10-21T23:59:57Z,5760,5760,0,14.999925,15.000274658,14.999990913,-0.001175197,0,0,0,0,0.0,3.839346,19.515147,7.866475e-13,0.0002559566,0.001301011,False,0.001244,False
2016-10-22,RS01SUM1-LJ01B-09-PRESTB102,1,True,2016-10-22T00:00:12Z,2016-10-22T23:59:57Z,5760,5760,0,14.999925,15.000224113,14.999990857,-7.4623e-05,0,0,0,0,0.0,3.854446,20.101445,1.617851e-12,0.0002569632,0.001340097,False,0.001316,False
2016-10-23,RS01SUM1-LJ01B-09-PRESTB102,1,True,2016-10-23T00:00:12Z,2016-10-23T23:59:57Z,5760,5760,0,14.999925,15.000185966,14.999990228,1.2117e-05,0,0,0,0,0.0,3.498999,19.548048,1.762859e-12,0.0002332668,0.001303204,False,0.0015,False
2016-10-24,RS01SUM1-LJ01B-09-PRESTB102,1,True,2016-10-24T00:00:12Z,2016-10-24T23:59:56Z,5760,5760,0,14.999925,15.000209808,14.99999101,0.002720177,0,0,0,0,0.0,13.623865,999.292531,2.230638e-12,0.0009082582,0.06661954,False,0.066711,False
2016-10-25,RS01SUM1-LJ01B-09-PRESTB102,1,True,2016-10-25T00:00:11Z,2016-10-25T23:59:56Z,5760,5760,0,14.999925,15.000323296,14.999991277,0.002172864,0,0,0,0,0.0,3.471466,19.32264,2.673146e-12,0.0002314312,0.001288177,False,0.001594,False
2016-10-26,RS01SUM1-LJ01B-09-PRESTB102,1,False,,,0,0,,14.999925,,,,,,,,,,,,,,,,False
2016-10-27,RS01SUM1-LJ01B-09-PRESTB102,1,True,2016-10-27T00:00:11Z,2016-10-27T23:59:56Z,5760,5760,0,14.999925,15.000267982,14.999990948,-0.000261085,0,0,0,0,0.0,3.234963,16.906424,2.129951e-12,0.0002156643,0.001127096,False,0.001327,False
2016-10-28,RS01SUM1-LJ01B-09-PRESTB102,1,True,2016-10-28T00:00:11Z,2016-10-28T23:59:56Z,5760,5760,0,14.999925,15.000208855,14.999990607,0.014878746,0,0,0,0,0.0,3.284759,19.304753,1.125399e-12,0.0002189841,0.001286984,False,0.001605,False
2016-10-29,RS01SUM1-LJ01B-09-PRESTB102,1,True,2016-10-29T00:00:11Z,2016-10-29T23:59:56Z,5760,5760,0,14.999925,15.000263214,14.999991014,0.001767117,0,0,0,0,0.0,3.185613,22.570828,2.596587e-12,0.0002123744,0.001504723,False,0.001662,False
2016-10-30,RS01SUM1-LJ01B-09-PRESTB102,1,True,2016-10-30T00:00:11Z,2016-10-30T23:59:56Z,5760,5760,0,14.999925,15.000125885,14.999990566,-0.001124796,0,0,0,0,0.0,3.206154,17.254743,1.233695e-12,0.0002137437,0.001150317,False,0.001308,False
2016-10-31,RS01SUM1-LJ01B-09-PRESTB102,1,True,2016-10-31T00:00:11Z,2016-10-31T23:59:56Z,5760,5760,0,14.999925,15.000272274,14.999991186,0.003446027,0,0,0,0,0.0,3.153055,17.447636,1.189118e-12,0.0002102038,0.001163176,False,0.00129,False
2016-11-01,RS01SUM1-LJ01B-09-PRESTB102,1,True,2016-11-01T00:00:11Z,2016-11-01T23:59:56Z,5760,5760,0,14.999925,15.000213146,14.99999058,-0.002453012,0,0,0,0,0.0,3.257571,20.218097,1.774179e-12,0.0002171715,0.001347874,False,0.001354,False
2016-11-02,RS01SUM1-LJ01B-09-PRESTB102,1,True,2016-11-02T00:00:11Z,2016-11-02T23:59:56Z,5760,5760,0,14.999925,15.00022316,14.99999004,-0.003365366,0,0,0,0,0.0,3.256891,17.707868,3.330765e-12,0.0002171262,0.001180525,False,0.00134,False
2016-11-03,RS01SUM1-LJ01B-09-PRESTB102,1,True,2016-11-03T00:00:11Z,2016-11-03T23:59:56Z,5760,5760,0,14.999925,15.000254154,14.999990164,0.00038514,0,0,0,0,0.0,3.183114,22.083056,6.989081e-13,0.0002122077,0.001472205,False,0.001446,False
2016-11-04,RS01SUM1-LJ01B-09-PRESTB102,1,True,2016-11-04T00:00:11Z,2016-11-04T23:59:56Z,5760,5760,0,14.999925,15.000226974,14.99999015,0.00116042,0,0,0,0,0.0,3.365345,21.212001,1.626975e-12,0.0002243565,0.001414134,False,0.001658,False
2016-11-05,RS01SUM1-LJ01B-09-PRESTB102,1,True,2016-11-05T00:00:11Z,2016-11-05T23:59:56Z,5760,5760,0,14.999925,15.00028801,14.999990717,-0.000122935,0,0,0,0,0.0,3.34459,18.536942,2.055007e-12,0.0002229728,0.001235797,False,0.001253,False
2016-11-06,RS01SUM1-LJ01B-09-PRESTB102,1,True,2016-11-06T00:00:11Z,2016-11-06T23:59:56Z,5760,5760,0,14.999925,15.000155926,14.999992032,0.001509105,0,0,0,0,0.0,3.171448,19.889914,3.391605e-12,0.00021143,0.001325995,False,0.001316,False
2016-11-07,RS01SUM1-LJ01B-09-PRESTB102,1,True,2016-11-07T00:00:11Z,2016-11-07T23:59:56Z,5760,5760,0,14.999925,15.00026083,14.999991491,-0.002089977,0,0,0,0,0.0,3.45705,18.995175,2.076711e-12,0.0002304701,0.001266346,False,0.001353,False
2016-11-08,RS01SUM1-LJ01B-09-PRESTB102,1,True,2016-11-08T00:00:11Z,2016-11-08T23:59:56Z,5760,5760,0,14.999925,15.000267982,14.999990961,0.003053618,0,0,0,0,0.0,3.260134,17.354299,1.234196e-12,0.0002173424,0.001156954,False,0.001258,False
2016-11-09,RS01SUM1-LJ01B-09-PRESTB102,1,True,2016-11-09T00:00:11Z,2016-11-09T23:59:56Z,5760,5760,0,14.999925,15.000210285,14.999991969,0.003781183,0,0,0,0,0.0,3.174409,22.047481,1.944841e-12,0.0002116274,0.001469833,False,0.001543,False
2016-11-10,RS01SUM1-LJ01B-09-PRESTB102,1,True,2016-11-10T00:00:11Z,2016-11-10T23:59:56Z,5760,5760,0,14.999925,15.000213146,14.999991793,0.004680352,0,0,0,0,0.0,3.159795,18.350751,2.991018e-12,0.0002106531,0.001223384,False,0.001303,False
2016-11-11,RS01SUM1-LJ01B-09-PRESTB102,1,True,2016-11-11T00:00:11Z,2016-11-11T23:59:56Z,5760,5760,0,14.999925,15.000195026,14.999992083,-0.003437193,0,0,0,0,0.0,3.233299,18.115534,1.599934e-12,0.0002155534,0.001207703,False,0.001383,False
2016-11-12,RS01SUM1-LJ01B-09-PRESTB102,1,True,2016-11-12T00:00:11Z,2016-11-12T23:59:55Z,5760,5760,0,14.999925,15.000256062,14.999991253,-0.002228768,0,0,0,0,0.0,3.438214,21.456893,1.99495e-12,0.0002292144,0.00143046,False,0.001318,False
2016-11-13,RS01SUM1-LJ01B-09-PRESTB102,1,True,2016-11-13T00:00:10Z,2016-11-13T23:59:55Z,5760,5760,0,14.999925,15.000204086,14.999991836,0.000639427,0,0,0,0,0.0,3.349657,17.785909,2.835924e-12,0.0002233106,0.001185728,False,0.001279,False
2016-11-14,RS01SUM1-LJ01B-09-PRESTB102,1,True,2016-11-14T00:00:10Z,2016-11-14T23:59:55Z,5760,5760,0,14.999925,15.000169754,14.999991295,0.006684688,0,0,0,0,0.0,3.55482,17.881752,3.364587e-12,0.0002369881,0.001192117,False,0.001281,False
2016-11-15,RS01SUM1-LJ01B-09-PRESTB102,1,True,2016-11-15T00:00:10Z,2016-11-15T23:59:55Z,5760,5760,0,14.999925,15.000203133,14.999991711,0.002501021,0,0,0,0,0.0,3.369415,18.885289,2.992898e-12,0.0002246278,0.00125902,False,0.001557,False
2016-11-16,RS01SUM1-LJ01B-09-PRESTB102,1,True,2016-11-16T00:00:10Z,2016-11-16T23:59:55Z,5760,5760,0,14.999925,15.000056744,14.999991125,-0.000418689,0,0,0,0,0.0,3.542605,18.639417,2.094298e-12,0.0002361738,0.001242629,False,0.001263,False
2016-11-17,RS01SUM1-LJ01B-09-PRESTB102,1,True,2016-11-17T00:00:10Z,2016-11-17T23:59:55Z,5758,5760,2,14.999925,15.000148773,14.999990883,0.003935656,1,2,1,2,-0.0,3.127868,22.164083,-1.88096e-12,0.0002085246,0.001477606,False,0.001338,True
2016-11-18,RS01SUM1-LJ01B-09-PRESTB102,1,True,2016-11-18T00:00:10Z,2016-11-18T23:59:55Z,5756,5760,4,14.999925,15.000156879,14.999991342,0.00088559,2,4,2,4,-0.0,3.303287,21.583726,-1.092131e-12,0.0002202192,0.001438916,False,0.001428,True
2016-11-19,RS01SUM1-LJ01B-09-PRESTB102,1,True,2016-11-19T00:00:10Z,2016-11-19T23:59:55Z,5760,5760,0,14.999925,15.000207901,14.999990679,-0.000581876,0,0,0,0,0.0,3.254149,18.700782,2.801395e-12,0.0002169434,0.00124672,False,0.001259,False
2016-11-20,RS01SUM1-LJ01B-09-PRESTB102,1,True,2016-11-20T00:00:10Z,2016-11-20T23:59:55Z,5760,5760,0,14.999925,15.000116825,14.999991959,-0.001108388,0,0,0,0,0.0,3.462109,19.980247,2.115281e-12,0.0002308074,0.001332017,False,0.001349,False
2016-11-21,RS01SUM1-LJ01B-09-PRESTB102,1,True,2016-11-21T00:00:10Z,2016-11-21T23:59:55Z,5760,5760,0,14.999925,15.000239849,14.999992162,-0.002900454,0,0,0,0,0.0,3.15918,19.91753,2.018041e-12,0.0002106121,0.001327836,False,0.001594,False
2016-11-22,RS01SUM1-LJ01B-09-PRESTB102,1,True,2016-11-22T00:00:10Z,2016-11-22T23:59:55Z,5760,5760,0,14.999925,15.000229836,14.999991856,-0.00164,0,0,0,0,0.0,3.450367,18.775075,1.167362e-12,0.0002300246,0.001251672,False,0.001251,False
2016-11-23,RS01SUM1-LJ01B-09-PRESTB102,1,True,2016-11-23T00:00:10Z,2016-11-23T23:59:55Z,5760,5760,0,14.999925,15.000213146,14.999991164,0.000725286,0,0,0,0,0.0,3.335285,17.918726,1.400565e-12,0.0002223525,0.001194582,False,0.001244,False
2016-11-24,RS01SUM1-LJ01B-09-PRESTB102,1,True,2016-11-24T00:00:10Z,2016-11-24T23:59:55Z,5760,5760,0,14.999925,15.000184059,14.999991207,0.000496072,0,0,0,0,0.0,3.195386,18.923668,2.624888e-12,0.0002130259,0.001261579,False,0.001358,False
2016-11-25,RS01SUM1-LJ01B-09-PRESTB102,1,True,2016-11-25T00:00:10Z,2016-11-25T23:59:55Z,5760,5760,0,14.999925,15.000195026,14.999992046,-0.002545597,0,0,0,0,0.0,3.380836,19.090385,1.719413e-12,0.0002253892,0.001272693,False,0.001236,False
2016-11-26,RS01SUM1-LJ01B-09-PRESTB102,1,True,2016-11-26T00:00:10Z,2016-11-26T23:59:55Z,5760,5760,0,14.999925,15.000209332,14.999990876,0.006710859,0,0,0,0,0.0,3.408774,20.767418,2.335407e-12,0.0002272518,0.001384495,False,0.001272,False
2016-11-27,RS01SUM1-LJ01B-09-PRESTB102,1,True,2016-11-27T00:00:10Z,2016-11-27T23:59:55Z,5760,5760,0,14.999925,15.000288963,14.999991238,0.004284819,0,0,0,0,0.0,3.25847,19.058132,2.126146e-12,0.0002172314,0.001270543,False,0.001316,False
2016-11-28,RS01SUM1-LJ01B-09-PRESTB102,1,True,2016-11-28T00:00:10Z,2016-11-28T23:59:55Z,5760,5760,0,14.999925,15.000246048,14.999991332,0.003813927,0,0,0,0,0.0,3.218668,18.272289,3.230887e-12,0.000214578,0.001218153,False,0.00137,False
2016-11-29,RS01SUM1-LJ01B-09-PRESTB102,1,True,2016-11-29T00:00:10Z,2016-11-29T23:59:55Z,5760,5760,0,14.999925,15.0002141,14.999991227,-0.001308881,0,0,0,0,0.0,3.226958,23.452512,1.240155e-12,0.0002151307,0.001563502,False,0.001583,False
2016-11-30,RS01SUM1-LJ01B-09-PRESTB102,1,True,2016-11-30T00:00:10Z,2016-11-30T23:59:55Z,5760,5760,0,14.999925,15.000226021,14.999991375,0.003504425,0,0,0,0,0.0,3.097354,19.814838,8.281184e-13,0.0002064904,0.00132099,False,0.001272,False
2016-12-01,RS01SUM1-LJ01B-09-PRESTB102,1,True,2016-12-01T00:00:10Z,2016-12-01T23:59:55Z,5702,5760,58,14.999925,15.000243187,14.999990766,0.0016769,1,58,1,58,0.0,3.415237,18.609183,1.597335e-13,0.0002276826,0.001240613,False,0.001263,True
2016-12-02,RS01SUM1-LJ01B-09-PRESTB102,1,True,2016-12-02T00:00:10Z,2016-12-02T23:59:54Z,5760,5760,0,14.999925,15.000127792,14.999990423,-0.003241614,0,0,0,0,0.0,3.248202,20.800987,1.922051e-12,0.0002165469,0.001386733,False,0.001303,False
2016-12-03,RS01SUM1-LJ01B-09-PRESTB102,1,True,2016-12-03T00:00:09Z,2016-12-03T23:59:54Z,5760,5760,0,14.999925,15.000152111,14.999991149,-0.001490268,0,0,0,0,0.0,3.159874,19.851063,2.271747e-12,0.0002106584,0.001323405,False,0.001583,False
2016-12-04,RS01SUM1-LJ01B-09-PRESTB102,1,True,2016-12-04T00:00:09Z,2016-12-04T23:59:54Z,5760,5760,0,14.999925,15.000189781,14.999991225,-0.001572739,0,0,0,0,0.0,3.190121,18.401749,1.235365e-12,0.0002126748,0.001226784,False,0.001264,False
2016-12-05,RS01SUM1-LJ01B-09-PRESTB102,1,True,2016-12-05T00:00:09Z,2016-12-05T23:59:54Z,5760,5760,0,14.999925,15.000209808,14.999990732,-0.014038435,0,0,0,0,0.0,3.375079,21.838166,2.873976e-12,0.0002250054,0.001455879,False,0.001374,False
2016-12-06,RS01SUM1-LJ01B-09-PRESTB102,1,True,2016-12-06T00:00:09Z,2016-12-06T23:59:54Z,5760,5760,0,14.999925,15.000164032,14.999991564,-0.001750692,0,0,0,0,0.0,3.18814,21.905601,1.526537e-12,0.0002125428,0.001460374,False,0.001478,False
2016-12-07,RS01SUM1-LJ01B-09-PRESTB102,1,True,2016-12-07T00:00:09Z,2016-12-07T23:59:54Z,5702,5760,58,14.999925,15.000228882,14.999990518,0.002552948,1,58,1,58,0.0,3.132723,16.840112,1.207942e-12,0.0002088483,0.001122675,False,0.001362,True
2016-12-08,RS01SUM1-LJ01B-09-PRESTB102,1,True,2016-12-08T00:00:09Z,2016-12-08T23:59:54Z,5760,5760,0,14.999925,15.000226974,14.999991378,-9.4689e-05,0,0,0,0,0.0,3.486946,18.91973,2.149334e-12,0.0002324632,0.001261316,False,0.001286,False
2016-12-09,RS01SUM1-LJ01B-09-PRESTB102,1,True,2016-12-09T00:00:09Z,2016-12-09T23:59:54Z,5760,5760,0,14.999925,15.000196934,14.999991481,-0.000895849,0,0,0,0,0.0,3.789742,22.481001,3.162926e-12,0.0002526496,0.001498734,False,0.001462,False
2016-12-10,RS01SUM1-LJ01B-09-PRESTB102,1,True,2016-12-10T00:00:09Z,2016-12-10T23:59:54Z,5760,5760,0,14.999925,15.000144958,14.999991247,-0.002573184,0,0,0,0,0.0,3.479301,18.308648,1.054748e-12,0.0002319535,0.001220577,False,0.001258,False
2016-12-11,RS01SUM1-LJ01B-09-PRESTB102,1,True,2016-12-11T00:00:09Z,2016-12-11T23:59:54Z,5724,5760,36,14.999925,15.000262737,14.999991586,-0.002215282,1,36,1,36,-0.0,3.111506,20.384597,-6.013555e-13,0.0002074339,0.001358974,False,0.0014,True
2016-12-12,RS01SUM1-LJ01B-09-PRESTB102,1,True,2016-12-12T00:00:09Z,2016-12-12T23:59:54Z,5760,5760,0,14.999925,15.000251293,14.999991116,-0.00362028,0,0,0,0,0.0,3.13733,17.162308,1.9168e-12,0.0002091554,0.001144155,False,0.001289,False
2016-12-13,RS01SUM1-LJ01B-09-PRESTB102,1,True,2016-12-13T00:00:09Z,2016-12-13T23:59:54Z,5760,5760,0,14.999925,15.000169277,14.999991153,-0.003044013,0,0,0,0,0.0,3.249692,18.492084,1.009759e-12,0.0002166463,0.001232806,False,0.001298,False
2016-12-14,RS01SUM1-LJ01B-09-PRESTB102,1,True,2016-12-14T00:00:09Z,2016-12-14T23:59:54Z,5760,5760,0,14.999925,15.000162125,14.999991581,0.00397693,0,0,0,0,0.0,3.10794,17.034115,1.796612e-12,0.0002071961,0.001135608,False,0.001288,False
2016-12-15,RS01SUM1-LJ01B-09-PRESTB102,1,True,2016-12-15T00:00:09Z,2016-12-15T23:59:54Z,5760,5760,0,14.999925,15.000164032,14.999991073,0.000748387,0,0,0,0,0.0,3.610419,20.842687,1.503145e-12,0.0002406948,0.001389513,False,0.001564,False
2016-12-16,RS01SUM1-LJ01B-09-PRESTB102,1,True,2016-12-16T00:00:09Z,2016-12-16T23:59:54Z,5760,5760,0,14.999925,15.000083923,14.999991282,-0.000524329,0,0,0,0,0.0,3.083122,17.839409,3.17726e-12,0.0002055416,0.001189295,False,0.001275,False
2016-12-17,RS01SUM1-LJ01B-09-PRESTB102,1,True,2016-12-17T00:00:09Z,2016-12-17T23:59:54Z,5760,5760,0,14.999925,15.000155926,14.999990597,-0.013571198,0,0,0,0,0.0,3.100212,20.290665,2.031174e-12,0.0002066809,0.001352712,False,0.00142,False
2016-12-18,RS01SUM1-LJ01B-09-PRESTB102,1,True,2016-12-18T00:00:09Z,2016-12-18T23:59:54Z,5760,5760,0,14.999925,15.000188351,14.999991409,-0.002322883,0,0,0,0,0.0,3.492215,24.493748,1.292092e-12,0.0002328145,0.001632917,False,0.001608,False
2016-12-19,RS01SUM1-LJ01B-09-PRESTB102,1,True,2016-12-19T00:00:09Z,2016-12-19T23:59:54Z,5760,5760,0,14.999925,15.00011301,14.999990954,0.001831435,0,0,0,0,0.0,3.169002,17.393648,1.950805e-12,0.0002112669,0.001159577,False,0.001251,False
2016-12-20,RS01SUM1-LJ01B-09-PRESTB102,1,True,2016-12-20T00:00:09Z,2016-12-20T23:59:54Z,5760,5760,0,14.999925,15.000296116,14.999990036,0.003139564,0,0,0,0,0.0,3.072854,21.908863,1.349121e-12,0.000204857,0.001460592,False,0.0013,False
2016-12-21,RS01SUM1-LJ01B-09-PRESTB102,1,True,2016-12-21T00:00:09Z,2016-12-21T23:59:53Z,5760,5760,0,14.999925,15.000230312,14.999989972,-0.001488299,0,0,0,0,-0.0,23.082761,1003.603716,-2.016151e-13,0.001538852,0.06690696,False,0.066878,False
2016-12-22,RS01SUM1-LJ01B-09-PRESTB102,1,True,2016-12-22T00:00:08Z,2016-12-22T23:59:53Z,5760,5760,0,14.999925,15.000238895,14.999990338,-0.00194926,0,0,0,0,0.0,3.809416,20.002642,2.872271e-12,0.0002539612,0.00133351,False,0.001281,False
2016-12-23,RS01SUM1-LJ01B-09-PRESTB102,1,True,2016-12-23T00:00:08Z,2016-12-23T23:59:53Z,5760,5760,0,14.999925,15.000242233,14.999990174,0.001021727,0,0,0,0,0.0,3.289769,17.845863,1.356111e-12,0.0002193181,0.001189725,False,0.001315,False
2016-12-24,RS01SUM1-LJ01B-09-PRESTB102,1,True,2016-12-24T00:00:08Z,2016-12-24T23:59:53Z,5760,5760,0,14.999925,15.000322342,14.999991675,0.002427181,0,0,0,0,0.0,3.482884,19.49723,1.692932e-12,0.0002321924,0.001299816,False,0.001446,False
2016-12-25,RS01SUM1-LJ01B-09-PRESTB102,1,True,2016-12-25T00:00:08Z,2016-12-25T23:59:53Z,5760,5760,0,14.999925,15.000237942,14.999990562,0.000697166,0,0,0,0,0.0,3.245837,17.934727,2.102645e-12,0.0002163893,0.001195649,False,0.001253,False
2016-12-26,RS01SUM1-LJ01B-09-PRESTB102,1,True,2016-12-26T00:00:08Z,2016-12-26T23:59:53Z,5760,5760,0,14.999925,15.000201225,14.999991505,0.003521978,0,0,0,0,0.0,3.627112,20.441678,1.773263e-12,0.0002418076,0.001362779,False,0.001566,False
2016-12-27,RS01SUM1-LJ01B-09-PRESTB102,1,True,2016-12-27T00:00:08Z,2016-12-27T23:59:53Z,5760,5760,0,14.999925,15.000260353,14.999990767,0.005547281,0,0,0,0,0.0,3.429181,18.308606,2.253914e-12,0.0002286122,0.001220575,False,0.00155,False
2016-12-28,RS01SUM1-LJ01B-09-PRESTB102,1,True,2016-12-28T00:00:08Z,2016-12-28T23:59:53Z,5760,5760,0,14.999925,15.000263691,14.999990564,0.002062925,0,0,0,0,0.0,3.49688,17.727689,1.04374e-12,0.0002331255,0.001181847,False,0.001309,False
2016-12-29,RS01SUM1-LJ01B-09-PRESTB102,1,True,2016-12-29T00:00:08Z,2016-12-29T23:59:53Z,5760,5760,0,14.999925,15.000247002,14.999991083,-0.012458477,0,0,0,0,0.0,3.144683,19.760488,1.402194e-12,0.0002096456,0.001317367,False,0.001657,False
2016-12-30,RS01SUM1-LJ01B-09-PRESTB102,1,True,2016-12-30T00:00:08Z,2016-12-30T23:59:53Z,5760,5760,0,14.999925,15.000166893,14.999991054,-0.001131716,0,0,0,0,0.0,3.216395,18.236285,2.293828e-12,0.0002144264,0.001215753,False,0.00139,False
2016-12-31,RS01SUM1-LJ01B-09-PRESTB102,1,True,2016-12-31T00:00:08Z,2016-12-31T23:59:53Z,5760,5760,0,14.999925,15.000258923,14.999991785,0.000506114,0,0,0,0,0.0,3.446708,18.871151,1.390373e-12,0.0002297807,0.001258077,False,0.001305,False
2017-01-01,RS01SUM1-LJ01B-09-PRESTB102,1,True,2017-01-01T00:00:08Z,2017-01-01T23:59:52Z,5760,5760,0,14.999925,15.000043392,14.999990486,-1.00008931,0,0,0,0,0.0,59.725209,1005.413489,2.171831e-12,0.003981683,0.06702761,False,0.06699,False
2017-01-02,RS01SUM1-LJ01B-09-PRESTB102,1,True,2017-01-02T00:00:07Z,2017-01-02T23:59:52Z,5760,5760,0,14.999925,15.000225067,14.999990812,-0.00391017,0,0,0,0,0.0,3.062504,18.445616,1.309146e-12,0.000204167,0.001229708,False,0.001422,False
2017-01-03,RS01SUM1-LJ01B-09-PRESTB102,1,True,2017-01-03T00:00:07Z,2017-01-03T23:59:52Z,5760,5760,0,14.999925,15.000268936,14.999989821,-0.002258706,0,0,0,0,0.0,3.141019,17.996767,2.316202e-12,0.0002094014,0.001199785,False,0.00131,False
2017-01-04,RS01SUM1-LJ01B-09-PRESTB102,1,True,2017-01-04T00:00:07Z,2017-01-04T23:59:52Z,5760,5760,0,14.999925,15.000239849,14.999990598,0.002179166,0,0,0,0,0.0,3.49981,19.191343,2.293554e-12,0.0002333208,0.001279424,False,0.001314,False
2017-01-05,RS01SUM1-LJ01B-09-PRESTB102,1,True,2017-01-05T00:00:07Z,2017-01-05T23:59:52Z,5760,5760,0,14.999925,15.000226974,14.999990402,-0.000632512,0,0,0,0,0.0,3.472956,18.817311,1.862847e-12,0.0002315306,0.001254488,False,0.001311,False
2017-01-06,RS01SUM1-LJ01B-09-PRESTB102,1,True,2017-01-06T00:00:07Z,2017-01-06T23:59:52Z,5760,5760,0,14.999925,15.000218391,14.999990566,0.001774802,0,0,0,0,0.0,4.136915,20.890688,3.164101e-12,0.0002757945,0.001392713,False,0.001311,False
2017-01-07,RS01SUM1-LJ01B-09-PRESTB102,1,True,2017-01-07T00:00:07Z,2017-01-07T23:59:52Z,5760,5760,0,14.999925,15.000279903,14.999991469,0.002510303,0,0,0,0,0.0,5.117761,24.471069,7.537238e-13,0.0003411842,0.001631406,False,0.001628,False
2017-01-08,RS01SUM1-LJ01B-09-PRESTB102,1,True,2017-01-08T00:00:07Z,2017-01-08T23:59:52Z,5760,5760,0,14.999925,15.000255108,14.999990975,-0.000988088,0,0,0,0,0.0,3.210067,20.828515,2.071003e-12,0.0002140046,0.001388568,False,0.001595,False
2017-01-09,RS01SUM1-LJ01B-09-PRESTB102,1,True,2017-01-09T00:00:07Z,2017-01-09T18:30:52Z,4444,4444,0,14.999925,15.000250816,14.99999069,0.00212927,0,0,0,0,-0.0,3.304951,18.009895,-3.205155e-13,0.0002203302,0.00120066,False,0.001266,False
2017-01-10,RS01SUM1-LJ01B-09-PRESTB102,1,True,2017-01-10T01:24:01Z,2017-01-10T23:59:46Z,5424,5424,0,14.999925,15.000247955,14.999992252,-0.000798428,0,0,0,0,0.0,3.135314,20.777622,1.234479e-12,0.0002090211,0.001385176,False,0.001328,False
2017-01-11,RS01SUM1-LJ01B-09-PRESTB102,1,True,2017-01-11T00:00:01Z,2017-01-11T23:59:46Z,5760,5760,0,14.999925,15.00020504,14.999991632,0.002906943,0,0,0,0,0.0,3.112572,17.242246,2.110178e-12,0.0002075049,0.001149484,False,0.001237,False
2017-01-12,RS01SUM1-LJ01B-09-PRESTB102,1,True,2017-01-12T00:00:01Z,2017-01-12T23:59:46Z,5760,5760,0,14.999925,15.000203133,14.999991944,-0.001305048,0,0,0,0,0.0,3.037727,16.914835,2.290034e-12,0.0002025152,0.001127656,False,0.001318,False
2017-01-13,RS01SUM1-LJ01B-09-PRESTB102,1,True,2017-01-13T00:00:01Z,2017-01-13T23:59:46Z,5760,5760,0,14.999925,15.00023365,14.999991604,-0.00098754,0,0,0,0,0.0,3.310808,17.935884,2.235533e-12,0.0002207206,0.001195726,False,0.001295,False
2017-01-14,RS01SUM1-LJ01B-09-PRESTB102,1,True,2017-01-14T00:00:01Z,2017-01-14T23:59:46Z,5760,5760,0,14.999925,15.000265121,14.999992178,-0.000540407,0,0,0,0,0.0,3.342394,19.516269,1.724702e-12,0.0002228264,0.001301085,False,0.001285,False
2017-01-15,RS01SUM1-LJ01B-09-PRESTB102,1,True,2017-01-15T00:00:01Z,2017-01-15T23:59:46Z,5760,5760,0,14.999925,15.000109196,14.99999152,-0.003744115,0,0,0,0,0.0,3.459568,18.951806,1.922876e-13,0.000230638,0.001263454,False,0.001588,False
2017-01-16,RS01SUM1-LJ01B-09-PRESTB102,1,True,2017-01-16T00:00:01Z,2017-01-16T23:59:46Z,5760,5760,0,14.999925,15.000154972,14.999991473,0.001844182,0,0,0,0,0.0,3.182089,19.440816,1.652216e-12,0.0002121394,0.001296055,False,0.001335,False
2017-01-17,RS01SUM1-LJ01B-09-PRESTB102,1,True,2017-01-17T00:00:01Z,2017-01-17T23:59:46Z,5760,5760,0,14.999925,15.000154018,14.999990732,-0.00035521,0,0,0,0,0.0,3.097933,17.018624,7.219356e-13,0.000206529,0.001134576,False,0.001301,False
2017-01-18,RS01SUM1-LJ01B-09-PRESTB102,1,True,2017-01-18T00:00:01Z,2017-01-18T23:59:46Z,5760,5760,0,14.999925,15.000216007,14.999991871,0.00057702,0,0,0,0,0.0,3.218133,17.86407,2.335899e-12,0.0002145423,0.001190939,False,0.001378,False
2017-01-19,RS01SUM1-LJ01B-09-PRESTB102,1,True,2017-01-19T00:00:01Z,2017-01-19T23:59:46Z,5656,5760,104,14.999925,15.000211239,14.999991685,-0.001489295,1,104,1,104,-0.0,3.093989,20.36534,-2.370047e-12,0.000206266,0.00135769,False,0.0014,True
2017-01-20,RS01SUM1-LJ01B-09-PRESTB102,1,True,2017-01-20T00:00:01Z,2017-01-20T23:59:46Z,5760,5760,0,14.999925,15.000220299,14.999992189,-0.002106876,0,0,0,0,0.0,3.112148,16.405785,2.508508e-12,0.0002074766,0.00109372,False,0.001229,False
2017-01-21,RS01SUM1-LJ01B-09-PRESTB102,1,True,2017-01-21T00:00:01Z,2017-01-21T23:59:46Z,5760,5760,0,14.999925,15.000246048,14.999991969,-0.000869926,0,0,0,0,0.0,3.146564,18.20593,1.833537e-12,0.000209771,0.001213729,False,0.001315,False
2017-01-22,RS01SUM1-LJ01B-09-PRESTB102,1,True,2017-01-22T00:00:01Z,2017-01-22T23:59:46Z,5760,5760,0,14.999925,15.000195026,14.99999234,-0.000501686,0,0,0,0,0.0,3.44089,19.236341,1.530405e-12,0.0002293928,0.001282423,False,0.001637,False
2017-01-23,RS01SUM1-LJ01B-09-PRESTB102,1,True,2017-01-23T00:00:01Z,2017-01-23T23:59:46Z,5760,5760,0,14.999925,15.000180721,14.999992274,0.001414218,0,0,0,0,0.0,3.141675,17.619306,1.265104e-12,0.0002094451,0.001174621,False,0.00126,False
2017-01-24,RS01SUM1-LJ01B-09-PRESTB102,1,True,2017-01-24T00:00:01Z,2017-01-24T23:59:46Z,5760,5760,0,14.999925,15.000236988,14.999992,0.00062718,0,0,0,0,0.0,3.208688,18.194657,3.159813e-12,0.0002139126,0.001212978,False,0.001464,False
2017-01-25,RS01SUM1-LJ01B-09-PRESTB102,1,True,2017-01-25T00:00:01Z,2017-01-25T23:59:46Z,5760,5760,0,14.999925,15.000230789,14.999991552,0.000266991,0,0,0,0,0.0,3.170456,20.137485,2.09534e-12,0.0002113639,0.0013425,False,0.001584,False
2017-01-26,RS01SUM1-LJ01B-09-PRESTB102,1,True,2017-01-26T00:00:01Z,2017-01-26T23:59:46Z,5760,5760,0,14.999925,15.000225067,14.999991781,0.000810081,0,0,0,0,0.0,3.190109,17.746431,1.221493e-12,0.0002126741,0.001183096,False,0.001273,False
2017-01-27,RS01SUM1-LJ01B-09-PRESTB102,1,True,2017-01-27T00:00:01Z,2017-01-27T23:59:46Z,5760,5760,0,14.999925,15.000274181,14.999991467,-0.000292847,0,0,0,0,0.0,3.392472,18.302421,1.623619e-12,0.0002261649,0.001220162,False,0.001354,False
2017-01-28,RS01SUM1-LJ01B-09-PRESTB102,1,True,2017-01-28T00:00:01Z,2017-01-28T23:59:46Z,5760,5760,0,14.999925,15.000129223,14.999990459,0.000873613,0,0,0,0,0.0,3.146936,21.139525,1.801357e-12,0.0002097959,0.001409303,False,0.001298,False
2017-01-29,RS01SUM1-LJ01B-09-PRESTB102,1,True,2017-01-29T00:00:01Z,2017-01-29T23:59:46Z,5760,5760,0,14.999925,15.000180244,14.999991503,0.002802945,0,0,0,0,0.0,3.714687,18.530748,1.508117e-12,0.0002476459,0.001235384,False,0.001264,False
2017-01-30,RS01SUM1-LJ01B-09-PRESTB102,1,True,2017-01-30T00:00:01Z,2017-01-30T23:59:45Z,5730,5760,30,14.999925,15.000226974,14.999992547,-0.002234972,2,30,2,30,-0.0,13.781828,1005.706788,-4.400881e-13,0.000918789,0.06704715,False,0.066749,True
2017-01-31,RS01SUM1-LJ01B-09-PRESTB102,1,True,2017-01-31T00:00:00Z,2017-01-31T23:59:45Z,5706,5760,54,14.999925,15.000166416,14.999991826,-0.004905599,10,54,10,54,0.0,3.926658,20.208148,5.075738e-13,0.0002617773,0.001347211,False,0.001364,True
2017-02-01,RS01SUM1-LJ01B-09-PRESTB102,1,True,2017-02-01T00:00:00Z,2017-02-01T23:59:45Z,5760,5760,0,14.999925,15.000166416,14.999990581,0.015605401,0,0,0,0,0.0,3.735742,17.804991,1.815445e-12,0.0002490496,0.001187,False,0.001248,False
2017-02-02,RS01SUM1-LJ01B-09-PRESTB102,1,True,2017-02-02T00:00:00Z,2017-02-02T23:59:45Z,5760,5760,0,14.999925,15.00013876,14.999990993,0.002392056,0,0,0,0,0.0,3.66617,19.885043,1.862647e-12,0.0002444115,0.00132567,False,0.001242,False
2017-02-03,RS01SUM1-LJ01B-09-PRESTB102,1,True,2017-02-03T00:00:00Z,2017-02-03T23:59:45Z,5760,5760,0,14.999925,15.000167847,14.999991634,-0.000242862,0,0,0,0,0.0,3.179452,20.494923,1.48281e-12,0.0002119636,0.001366329,False,0.001342,False
2017-02-04,RS01SUM1-LJ01B-09-PRESTB102,1,True,2017-02-04T00:00:00Z,2017-02-04T23:59:45Z,5760,5760,0,14.999925,15.000174999,14.999991929,0.000618868,0,0,0,0,0.0,3.113173,17.059382,8.013638e-13,0.000207545,0.001137293,False,0.001271,False
2017-02-05,RS01SUM1-LJ01B-09-PRESTB102,1,True,2017-02-05T00:00:00Z,2017-02-05T23:59:45Z,5760,5760,0,14.999925,15.000192165,14.999991803,0.000535668,0,0,0,0,0.0,3.308054,17.143442,9.60401e-13,0.0002205371,0.001142897,False,0.001415,False
2017-02-06,RS01SUM1-LJ01B-09-PRESTB102,1,True,2017-02-06T00:00:00Z,2017-02-06T23:59:45Z,5760,5760,0,14.999925,15.000219345,14.999991793,-0.005456447,0,0,0,0,0.0,3.237097,23.061414,2.233691e-12,0.0002158066,0.001537428,False,0.001543,False
2017-02-07,RS01SUM1-LJ01B-09-PRESTB102,1,True,2017-02-07T00:00:00Z,2017-02-07T23:59:45Z,5708,5760,52,14.999925,15.00018692,14.999991775,-0.001479347,1,52,1,52,0.0,3.225139,17.280359,6.500124e-13,0.0002150094,0.001152025,False,0.001299,True
2017-02-08,RS01SUM1-LJ01B-09-PRESTB102,1,True,2017-02-08T00:00:00Z,2017-02-08T23:59:45Z,5760,5760,0,14.999925,15.000213146,14.999991037,0.003826166,0,0,0,0,0.0,4.272396,24.805001,3.058166e-12,0.0002848266,0.001653668,False,0.001589,False
2017-02-09,RS01SUM1-LJ01B-09-PRESTB102,1,True,2017-02-09T00:00:00Z,2017-02-09T23:59:45Z,5760,5760,0,14.999925,15.000202179,14.999991227,0.001680468,0,0,0,0,0.0,3.157098,19.755519,3.032097e-12,0.0002104733,0.001317035,False,0.001388,False
2017-02-10,RS01SUM1-LJ01B-09-PRESTB102,1,True,2017-02-10T00:00:00Z,2017-02-10T23:59:45Z,5760,5760,0,14.999925,15.000203133,14.999991675,0.003194149,0,0,0,0,0.0,3.220756,18.082644,1.579805e-12,0.0002147172,0.00120551,False,0.001304,False
2017-02-11,RS01SUM1-LJ01B-09-PRESTB102,1,True,2017-02-11T00:00:00Z,2017-02-11T23:59:45Z,5760,5760,0,14.999925,15.000183105,14.999991464,-0.001860817,0,0,0,0,0.0,3.963172,20.466515,2.716767e-12,0.0002642116,0.001364435,False,0.001374,False
2017-02-12,RS01SUM1-LJ01B-09-PRESTB102,1,True,2017-02-12T00:00:00Z,2017-02-12T23:59:45Z,5760,5760,0,14.999925,15.00018692,14.999991314,0.006280437,0,0,0,0,0.0,4.452426,20.242561,1.601101e-12,0.0002968286,0.001349505,False,0.001406,False
2017-02-13,RS01SUM1-LJ01B-09-PRESTB102,1,True,2017-02-13T00:00:00Z,2017-02-13T23:59:45Z,5760,5760,0,14.999925,15.000155926,14.999992318,-0.001495327,0,0,0,0,0.0,3.472128,19.732704,2.532239e-12,0.0002314753,0.001315514,False,0.001282,False
2017-02-14,RS01SUM1-LJ01B-09-PRESTB102,1,True,2017-02-14T00:00:00Z,2017-02-14T23:59:45Z,5760,5760,0,14.999925,15.00018692,14.999991136,-0.003672429,0,0,0,0,0.0,3.295473,20.837482,1.218084e-12,0.0002196983,0.001389166,False,0.001432,False
2017-02-15,RS01SUM1-LJ01B-09-PRESTB102,1,True,2017-02-15T00:00:00Z,2017-02-15T14:43:00Z,3533,3533,0,14.999925,15.000181437,14.999989921,-0.000457946,0,0,0,0,-0.0,3.288308,17.208142,-9.063556e-13,0.0002192207,0.00114721,False,0.00126,False
2017-02-16,RS01SUM1-LJ01B-09-PRESTB102,1,True,2017-02-16T22:30:36Z,2017-02-16T23:59:53Z,355,358,3,14.999925,15.000452757,15.000562248,1.863845157,1,3,1,3,-0.0,251.253207,1869.741533,-8.942557e-14,0.01674959,0.1246448,False,0.133511,True
2017-02-17,RS01SUM1-LJ01B-09-PRESTB102,1,True,2017-02-17T00:00:08Z,2017-02-17T23:59:53Z,5760,5760,0,14.999925,15.000229836,14.999991605,-0.004311147,0,0,0,0,0.0,3.547724,19.245911,4.776896e-13,0.0002365151,0.001283061,False,0.0015,False
2017-02-18,RS01SUM1-LJ01B-09-PRESTB102,1,True,2017-02-18T00:00:08Z,2017-02-18T23:59:53Z,5760,5760,0,14.999925,15.000236988,14.999990585,0.000376948,0,0,0,0,0.0,3.186289,17.398845,1.714193e-12,0.0002124194,0.001159924,False,0.001278,False
2017-02-19,RS01SUM1-LJ01B-09-PRESTB102,1,True,2017-02-19T00:00:08Z,2017-02-19T23:59:53Z,5760,5760,0,14.999925,15.000226021,14.999991903,0.00174604,0,0,0,0,0.0,3.234068,18.375633,7.69225e-13,0.0002156047,0.001225043,False,0.001265,False
2017-02-20,RS01SUM1-LJ01B-09-PRESTB102,1,True,2017-02-20T00:00:08Z,2017-02-20T23:59:52Z,5760,5760,0,14.999925,15.00029707,14.999992138,0.002143076,0,0,0,0,0.0,26.571492,1004.949826,2.562883e-12,0.001771434,0.06699669,False,0.066764,False
2017-02-21,RS01SUM1-LJ01B-09-PRESTB102,1,True,2017-02-21T00:00:07Z,2017-02-21T23:59:52Z,5760,5760,0,14.999925,15.000227928,14.999990423,1.5313e-05,0,0,0,0,0.0,4.685698,21.90218,1.429303e-12,0.0003123801,0.001460146,False,0.001495,False
2017-02-22,RS01SUM1-LJ01B-09-PRESTB102,1,True,2017-02-22T00:00:07Z,2017-02-22T23:59:52Z,5760,5760,0,14.999925,15.000255108,14.999990472,0.00564333,0,0,0,0,0.0,4.403469,20.193247,2.03484e-12,0.0002935648,0.001346217,False,0.001361,False
2017-02-23,RS01SUM1-LJ01B-09-PRESTB102,1,True,2017-02-23T00:00:07Z,2017-02-23T23:59:52Z,5760,5760,0,14.999925,15.000267982,14.999990376,-0.00219664,0,0,0,0,0.0,3.220712,20.831213,1.802922e-12,0.0002147143,0.001388748,False,0.001426,False
2017-02-24,RS01SUM1-LJ01B-09-PRESTB102,1,True,2017-02-24T00:00:07Z,2017-02-24T23:59:52Z,5760,5760,0,14.999925,15.000156879,14.999991279,0.002445912,0,0,0,0,0.0,3.39943,20.967188,2.304365e-12,0.0002266288,0.001397813,False,0.001479,False
2017-02-25,RS01SUM1-LJ01B-09-PRESTB102,1,True,2017-02-25T00:00:07Z,2017-02-25T23:59:52Z,5760,5760,0,14.999925,15.000216007,14.999991337,0.001626878,0,0,0,0,0.0,3.074732,17.741859,2.479381e-12,0.0002049823,0.001182791,False,0.001301,False
2017-02-26,RS01SUM1-LJ01B-09-PRESTB102,1,True,2017-02-26T00:00:07Z,2017-02-26T23:59:52Z,5760,5760,0,14.999925,15.000206947,14.999991176,0.002394531,0,0,0,0,0.0,3.084006,20.168985,2.114322e-12,0.0002056005,0.0013446,False,0.001419,False
2017-02-27,RS01SUM1-LJ01B-09-PRESTB102,1,True,2017-02-27T00:00:07Z,2017-02-27T23:59:52Z,5760,5760,0,14.999925,15.000231266,14.999991421,-0.001912948,0,0,0,0,0.0,3.14914,21.657531,2.634273e-12,0.0002099428,0.001443836,False,0.001391,False
2017-02-28,RS01SUM1-LJ01B-09-PRESTB102,1,True,2017-02-28T00:00:07Z,2017-02-28T23:59:52Z,5760,5760,0,14.999925,15.000174046,14.999990629,-0.001217299,0,0,0,0,0.0,3.272453,17.965246,3.056368e-12,0.0002181637,0.001197684,False,0.001259,False
2017-03-01,RS01SUM1-LJ01B-09-PRESTB102,1,True,2017-03-01T00:00:07Z,2017-03-01T23:59:52Z,5760,5760,0,14.999925,15.000161171,14.999991955,0.002007458,0,0,0,0,0.0,3.228254,21.222713,1.49189e-12,0.0002152171,0.001414848,False,0.001363,False
2017-03-02,RS01SUM1-LJ01B-09-PRESTB102,1,True,2017-03-02T00:00:07Z,2017-03-02T23:59:52Z,5760,5760,0,14.999925,15.000247002,14.99999119,0.004241337,0,0,0,0,0.0,3.45113,19.108149,2.526831e-12,0.0002300755,0.001273877,False,0.001434,False
2017-03-03,RS01SUM1-LJ01B-09-PRESTB102,1,True,2017-03-03T00:00:07Z,2017-03-03T23:59:52Z,5760,5760,0,14.999925,15.000176907,14.999991112,0.004373932,0,0,0,0,0.0,3.564715,18.184331,2.828488e-12,0.0002376478,0.001212289,False,0.001307,False
2017-03-04,RS01SUM1-LJ01B-09-PRESTB102,1,True,2017-03-04T00:00:07Z,2017-03-04T23:59:52Z,5760,5760,0,14.999925,15.000149727,14.999990363,-0.001170673,0,0,0,0,0.0,3.657662,19.519011,1.189759e-12,0.0002438443,0.001301268,False,0.001271,False
2017-03-05,RS01SUM1-LJ01B-09-PRESTB102,1,True,2017-03-05T00:00:07Z,2017-03-05T23:59:52Z,5760,5760,0,14.999925,15.000244617,14.999990146,0.004291686,0,0,0,0,0.0,4.116128,20.011731,1.815925e-12,0.0002744087,0.001334116,False,0.001272,False
2017-03-06,RS01SUM1-LJ01B-09-PRESTB102,1,True,2017-03-06T00:00:07Z,2017-03-06T23:59:52Z,5760,5760,0,14.999925,15.000220299,14.999989468,-0.002143236,0,0,0,0,0.0,3.656681,20.631699,1.479352e-12,0.0002437789,0.001375448,False,0.001247,False
2017-03-07,RS01SUM1-LJ01B-09-PRESTB102,1,True,2017-03-07T00:00:07Z,2017-03-07T23:59:52Z,5760,5760,0,14.999925,15.000216007,14.999989871,0.009576968,0,0,0,0,0.0,3.343804,18.11529,1.404104e-12,0.0002229204,0.001207687,False,0.001254,False
2017-03-08,RS01SUM1-LJ01B-09-PRESTB102,1,True,2017-03-08T00:00:07Z,2017-03-08T23:59:52Z,5760,5760,0,14.999925,15.00026226,14.999989666,0.000437166,0,0,0,0,0.0,3.702082,25.61237,2.905552e-12,0.0002468056,0.001707492,False,0.001552,False
2017-03-09,RS01SUM1-LJ01B-09-PRESTB102,1,True,2017-03-09T00:00:07Z,2017-03-09T23:59:52Z,5760,5760,0,14.999925,15.000222206,14.999990013,0.000807978,0,0,0,0,0.0,3.121609,17.148768,1.051756e-12,0.0002081074,0.001143252,False,0.001246,False
2017-03-10,RS01SUM1-LJ01B-09-PRESTB102,1,True,2017-03-10T00:00:07Z,2017-03-10T23:59:52Z,5760,5760,0,14.999925,15.000192165,14.999990815,0.004377135,0,0,0,0,0.0,3.522027,23.97624,1.674115e-12,0.0002348019,0.001598417,False,0.001623,False
2017-03-11,RS01SUM1-LJ01B-09-PRESTB102,1,True,2017-03-11T00:00:07Z,2017-03-11T23:59:51Z,5760,5760,0,14.999925,15.000162125,14.999991405,-0.002719081,0,0,0,0,0.0,3.138385,22.438505,3.029074e-12,0.0002092258,0.001495901,False,0.001382,False
2017-03-12,RS01SUM1-LJ01B-09-PRESTB102,1,True,2017-03-12T00:00:06Z,2017-03-12T23:59:51Z,5760,5760,0,14.999925,15.000222206,14.999991033,-0.000688122,0,0,0,0,0.0,3.310302,18.25489,2.877014e-12,0.0002206869,0.001216993,False,0.001288,False
2017-03-13,RS01SUM1-LJ01B-09-PRESTB102,1,True,2017-03-13T00:00:06Z,2017-03-13T23:59:51Z,5760,5760,0,14.999925,15.000192642,14.999990875,0.002934441,0,0,0,0,0.0,3.217907,19.625295,2.909438e-12,0.0002145273,0.001308354,False,0.001272,False
2017-03-14,RS01SUM1-LJ01B-09-PRESTB102,1,True,2017-03-14T00:00:06Z,2017-03-14T23:59:51Z,5760,5760,0,14.999925,15.000271797,14.999991018,-0.000877414,0,0,0,0,0.0,3.126148,17.737821,1.77705e-12,0.00020841,0.001182522,False,0.001458,False
2017-03-15,RS01SUM1-LJ01B-09-PRESTB102,1,True,2017-03-15T00:00:06Z,2017-03-15T23:59:51Z,5760,5760,0,14.999925,15.000191212,14.999991815,-0.001387229,0,0,0,0,0.0,3.416612,18.573822,1.368908e-12,0.0002277743,0.001238255,False,0.001308,False
2017-03-16,RS01SUM1-LJ01B-09-PRESTB102,1,True,2017-03-16T00:00:06Z,2017-03-16T23:59:51Z,5760,5760,0,14.999925,15.000241756,14.999991637,0.00213937,0,0,0,0,0.0,3.423719,18.647956,2.356988e-12,0.0002282481,0.001243198,False,0.001431,False
2017-03-17,RS01SUM1-LJ01B-09-PRESTB102,1,True,2017-03-17T00:00:06Z,2017-03-17T23:59:51Z,5760,5760,0,14.999925,15.000266075,14.999991495,0.001818057,0,0,0,0,0.0,3.400301,18.406604,2.410325e-12,0.0002266868,0.001227108,False,0.001326,False
2017-03-18,RS01SUM1-LJ01B-09-PRESTB102,1,True,2017-03-18T00:00:06Z,2017-03-18T23:59:51Z,5756,5760,4,14.999925,15.000223637,14.999991056,0.003285276,1,4,1,4,0.0,4.044707,20.230564,4.211969e-13,0.0002696473,0.001348705,False,0.00125,True
2017-03-19,RS01SUM1-LJ01B-09-PRESTB102,1,True,2017-03-19T00:00:06Z,2017-03-19T23:59:51Z,5760,5760,0,14.999925,15.000298977,14.99999187,-0.003264635,0,0,0,0,0.0,3.839101,20.799605,2.038085e-12,0.0002559402,0.001386641,False,0.001303,False
2017-03-20,RS01SUM1-LJ01B-09-PRESTB102,1,True,2017-03-20T00:00:06Z,2017-03-20T23:59:51Z,5760,5760,0,14.999925,15.00023222,14.999992067,0.002334471,0,0,0,0,0.0,3.14309,16.89105,2.055612e-12,0.0002095395,0.001126071,False,0.001232,False
2017-03-21,RS01SUM1-LJ01B-09-PRESTB102,1,True,2017-03-21T00:00:06Z,2017-03-21T23:59:51Z,5760,5760,0,14.999925,15.000216961,14.999992038,0.001463113,0,0,0,0,0.0,3.110413,22.10228,2.91342e-12,0.0002073609,0.001473486,False,0.001664,False
2017-03-22,RS01SUM1-LJ01B-09-PRESTB102,1,True,2017-03-22T00:00:06Z,2017-03-22T23:59:51Z,5760,5760,0,14.999925,15.000292301,14.999992083,-0.01651322,0,0,0,0,0.0,3.245266,19.713735,2.872138e-12,0.0002163512,0.00131425,False,0.001284,False
2017-03-23,RS01SUM1-LJ01B-09-PRESTB102,1,True,2017-03-23T00:00:06Z,2017-03-23T23:59:51Z,5760,5760,0,14.999925,15.000244141,14.999991298,-0.002338064,0,0,0,0,0.0,3.285864,17.265328,3.680015e-12,0.0002190577,0.001151023,False,0.001235,False
2017-03-24,RS01SUM1-LJ01B-09-PRESTB102,1,True,2017-03-24T00:00:06Z,2017-03-24T23:59:51Z,5760,5760,0,14.999925,15.000211239,14.999990695,-0.001303824,0,0,0,0,0.0,3.204083,22.50989,3.789351e-12,0.0002136057,0.00150066,False,0.001551,False
2017-03-25,RS01SUM1-LJ01B-09-PRESTB102,1,True,2017-03-25T00:00:06Z,2017-03-25T23:59:51Z,5760,5760,0,14.999925,15.000153065,14.999991459,-0.001664209,0,0,0,0,0.0,3.161575,21.868155,1.944306e-12,0.0002107718,0.001457878,False,0.001502,False
2017-03-26,RS01SUM1-LJ01B-09-PRESTB102,1,True,2017-03-26T00:00:06Z,2017-03-26T23:59:51Z,5760,5760,0,14.999925,15.000185013,14.999991282,-0.002751857,0,0,0,0,0.0,3.234099,20.274776,3.273558e-12,0.0002156067,0.001351653,False,0.001306,False
2017-03-27,RS01SUM1-LJ01B-09-PRESTB102,1,True,2017-03-27T00:00:06Z,2017-03-27T23:59:51Z,5760,5760,0,14.999925,15.000218868,14.999991373,-0.001604555,0,0,0,0,0.0,3.535533,22.929316,2.255423e-12,0.0002357023,0.001528622,False,0.001318,False
2017-03-28,RS01SUM1-LJ01B-09-PRESTB102,1,True,2017-03-28T00:00:06Z,2017-03-28T23:59:51Z,5760,5760,0,14.999925,15.0001688,14.999991719,-0.003250463,0,0,0,0,0.0,3.41188,18.28927,3.227391e-12,0.0002274588,0.001219285,False,0.001294,False
2017-03-29,RS01SUM1-LJ01B-09-PRESTB102,1,True,2017-03-29T00:00:06Z,2017-03-29T23:59:51Z,5760,5760,0,14.999925,15.000202179,14.999992067,-0.000999325,0,0,0,0,0.0,3.402879,18.060466,2.492448e-12,0.0002268587,0.001204032,False,0.001215,False
2017-03-30,RS01SUM1-LJ01B-09-PRESTB102,1,True,2017-03-30T00:00:06Z,2017-03-30T23:59:51Z,5760,5760,0,14.999925,15.000100136,14.999992104,-0.004766056,0,0,0,0,0.0,3.089993,19.282152,1.958776e-12,0.0002059996,0.001285477,False,0.001366,False
2017-03-31,RS01SUM1-LJ01B-09-PRESTB102,1,True,2017-03-31T00:00:06Z,2017-03-31T23:59:51Z,5760,5760,0,14.999925,15.000086784,14.999990826,-0.004010086,0,0,0,0,0.0,3.385775,18.948536,1.14537e-12,0.0002257184,0.001263237,False,0.001597,False
2017-04-01,RS01SUM1-LJ01B-09-PRESTB102,1,True,2017-04-01T00:00:06Z,2017-04-01T23:59:50Z,5760,5760,0,14.999925,15.000243187,14.999990943,-0.002403079,0,0,0,0,0.0,3.267608,17.280045,2.39073e-12,0.0002178406,0.001152004,False,0.001274,False
2017-04-02,RS01SUM1-LJ01B-09-PRESTB102,1,True,2017-04-02T00:00:05Z,2017-04-02T23:59:50Z,5760,5760,0,14.999925,15.000222206,14.999990936,0.004482988,0,0,0,0,0.0,3.248948,22.312877,2.527087e-12,0.0002165966,0.001487526,False,0.001269,False
2017-04-03,RS01SUM1-LJ01B-09-PRESTB102,1,True,2017-04-03T00:00:05Z,2017-04-03T23:59:50Z,5760,5760,0,14.999925,15.000184059,14.999991446,-0.011022245,0,0,0,0,0.0,3.060343,16.983534,2.106626e-12,0.000204023,0.001132236,False,0.001351,False
2017-04-04,RS01SUM1-LJ01B-09-PRESTB102,1,True,2017-04-04T00:00:05Z,2017-04-04T23:59:50Z,5760,5760,0,14.999925,15.000278473,14.999990518,-0.002372941,0,0,0,0,0.0,3.228262,17.022805,1.564199e-12,0.0002152176,0.001134854,False,0.001315,False
2017-04-05,RS01SUM1-LJ01B-09-PRESTB102,1,True,2017-04-05T00:00:05Z,2017-04-05T23:59:50Z,5760,5760,0,14.999925,15.000172138,14.999989895,0.000126226,0,0,0,0,0.0,3.168605,19.182792,2.880687e-12,0.0002112405,0.001278854,False,0.001384,False
2017-04-06,RS01SUM1-LJ01B-09-PRESTB102,1,True,2017-04-06T00:00:05Z,2017-04-06T23:59:50Z,5760,5760,0,14.999925,15.000234127,14.999990397,-0.002390407,0,0,0,0,0.0,3.332531,20.083825,1.616864e-12,0.0002221689,0.001338923,False,0.001445,False
2017-04-07,RS01SUM1-LJ01B-09-PRESTB102,1,True,2017-04-07T00:00:05Z,2017-04-07T23:59:50Z,5760,5760,0,14.999925,15.000285149,14.999990056,-0.003168052,0,0,0,0,0.0,3.299934,16.75623,1.674964e-12,0.0002199957,0.001117083,False,0.001313,False
2017-04-08,RS01SUM1-LJ01B-09-PRESTB102,1,True,2017-04-08T00:00:05Z,2017-04-08T23:59:50Z,5760,5760,0,14.999925,15.000283241,14.999991588,-0.001476333,0,0,0,0,0.0,3.09121,20.768659,1.888382e-12,0.0002060808,0.001384578,False,0.001377,False
2017-04-09,RS01SUM1-LJ01B-09-PRESTB102,1,True,2017-04-09T00:00:05Z,2017-04-09T23:59:50Z,5760,5760,0,14.999925,15.000247955,14.999991742,0.003542254,0,0,0,0,0.0,3.53271,22.606371,1.741571e-12,0.0002355141,0.001507092,False,0.001514,False
2017-04-10,RS01SUM1-LJ01B-09-PRESTB102,1,True,2017-04-10T00:00:05Z,2017-04-10T23:59:50Z,5760,5760,0,14.999925,15.000257015,14.999991712,-0.000348273,0,0,0,0,0.0,3.280188,18.666876,1.981629e-12,0.0002186793,0.001244459,False,0.001314,False
2017-04-11,RS01SUM1-LJ01B-09-PRESTB102,1,True,2017-04-11T00:00:05Z,2017-04-11T23:59:50Z,5760,5760,0,14.999925,15.000289917,14.999992238,0.000889516,0,0,0,0,0.0,3.335742,17.503909,2.591133e-12,0.0002223829,0.001166928,False,0.001255,False
2017-04-12,RS01SUM1-LJ01B-09-PRESTB102,1,True,2017-04-12T00:00:05Z,2017-04-12T23:59:50Z,5760,5760,0,14.999925,15.000251293,14.999992387,-0.001150913,0,0,0,0,0.0,3.903897,23.192304,2.059175e-12,0.0002602599,0.001546154,False,0.001349,False
2017-04-13,RS01SUM1-LJ01B-09-PRESTB102,1,True,2017-04-13T00:00:05Z,2017-04-13T23:59:50Z,5760,5760,0,14.999925,15.000190735,14.999991838,0.003586157,0,0,0,0,0.0,3.967868,20.422533,1.913762e-12,0.0002645247,0.001361503,False,0.001278,False
2017-04-14,RS01SUM1-LJ01B-09-PRESTB102,1,True,2017-04-14T00:00:05Z,2017-04-14T23:59:50Z,5760,5760,0,14.999925,15.000221252,14.999991342,0.002736838,0,0,0,0,0.0,5.062898,23.180783,4.45182e-12,0.0003375267,0.001545386,False,0.001565,False
2017-04-15,RS01SUM1-LJ01B-09-PRESTB102,1,True,2017-04-15T00:00:05Z,2017-04-15T23:59:50Z,5760,5760,0,14.999925,15.000169754,14.999990873,-0.013033436,0,0,0,0,0.0,3.76097,19.997183,9.44827e-13,0.0002507315,0.001333146,False,0.001356,False
2017-04-16,RS01SUM1-LJ01B-09-PRESTB102,1,True,2017-04-16T00:00:05Z,2017-04-16T23:59:50Z,5760,5760,0,14.999925,15.000209332,14.999991782,0.001806136,0,0,0,0,0.0,3.188288,17.282537,2.54507e-12,0.0002125526,0.00115217,False,0.00132,False
2017-04-17,RS01SUM1-LJ01B-09-PRESTB102,1,True,2017-04-17T00:00:05Z,2017-04-17T23:59:50Z,5760,5760,0,14.999925,15.000215054,14.999990725,0.001332076,0,0,0,0,0.0,3.485599,24.89342,1.538977e-12,0.0002323734,0.001659562,False,0.00162,False
2017-04-18,RS01SUM1-LJ01B-09-PRESTB102,1,True,2017-04-18T00:00:05Z,2017-04-18T23:59:50Z,5760,5760,0,14.999925,15.000173092,14.999990885,0.002749186,0,0,0,0,0.0,3.183872,22.928616,2.106933e-12,0.0002122583,0.001528575,False,0.001509,False
2017-04-19,RS01SUM1-LJ01B-09-PRESTB102,1,True,2017-04-19T00:00:05Z,2017-04-19T23:59:50Z,5760,5760,0,14.999925,15.000253677,14.999991277,-0.000526705,0,0,0,0,0.0,3.246483,18.511768,3.297964e-12,0.0002164323,0.001234119,False,0.001249,False
2017-04-20,RS01SUM1-LJ01B-09-PRESTB102,1,True,2017-04-20T00:00:05Z,2017-04-20T23:59:49Z,5760,5760,0,14.999925,15.000237942,14.999991576,-0.000995983,0,0,0,0,0.0,13.548477,999.144383,5.159328e-13,0.0009032323,0.06660966,False,0.066495,False
2017-04-21,RS01SUM1-LJ01B-09-PRESTB102,1,True,2017-04-21T00:00:04Z,2017-04-21T23:59:49Z,5760,5760,0,14.999925,15.000205994,14.999991792,-0.001167423,0,0,0,0,0.0,3.328665,17.904032,1.368604e-12,0.0002219111,0.001193603,False,0.00171,False
2017-04-22,RS01SUM1-LJ01B-09-PRESTB102,1,True,2017-04-22T00:00:04Z,2017-04-22T23:59:49Z,5760,5760,0,14.999925,15.000263214,14.999992288,-0.000663479,0,0,0,0,0.0,4.172573,20.238627,2.148772e-12,0.0002781717,0.001349242,False,0.00124,False
2017-04-23,RS01SUM1-LJ01B-09-PRESTB102,1,True,2017-04-23T00:00:04Z,2017-04-23T23:59:49Z,5760,5760,0,14.999925,15.000229836,14.999991705,0.004252599,0,0,0,0,0.0,3.967345,20.068481,1.372424e-12,0.0002644898,0.001337899,False,0.001318,False
2017-04-24,RS01SUM1-LJ01B-09-PRESTB102,1,True,2017-04-24T00:00:04Z,2017-04-24T23:59:49Z,5760,5760,0,14.999925,15.000139236,14.999992174,-0.001125996,0,0,0,0,0.0,3.317093,21.149029,1.208747e-12,0.0002211397,0.001409936,False,0.001393,False
2017-04-25,RS01SUM1-LJ01B-09-PRESTB102,1,True,2017-04-25T00:00:04Z,2017-04-25T23:59:49Z,5760,5760,0,14.999925,15.000174999,14.999991236,-0.001564256,0,0,0,0,0.0,3.146526,17.336049,2.108349e-12,0.0002097685,0.001155737,False,0.001267,False
2017-04-26,RS01SUM1-LJ01B-09-PRESTB102,1,True,2017-04-26T00:00:04Z,2017-04-26T23:59:49Z,5760,5760,0,14.999925,15.000240326,14.999991366,-0.003219422,0,0,0,0,0.0,3.204886,20.009495,3.58822e-12,0.0002136592,0.001333967,False,0.001424,False
2017-04-27,RS01SUM1-LJ01B-09-PRESTB102,1,True,2017-04-27T00:00:04Z,2017-04-27T23:59:49Z,5760,5760,0,14.999925,15.00020504,14.999991202,0.000377209,0,0,0,0,0.0,3.614384,19.503153,1.027702e-12,0.0002409591,0.001300211,False,0.001546,False
2017-04-28,RS01SUM1-LJ01B-09-PRESTB102,1,True,2017-04-28T00:00:04Z,2017-04-28T23:59:49Z,5760,5760,0,14.999925,15.000206947,14.999991351,-0.000983821,0,0,0,0,0.0,3.14199,17.65904,1.69842e-12,0.0002094661,0.00117727,False,0.001312,False
2017-04-29,RS01SUM1-LJ01B-09-PRESTB102,1,True,2017-04-29T00:00:04Z,2017-04-29T23:59:49Z,5760,5760,0,14.999925,15.000196934,14.99999104,0.002794454,0,0,0,0,0.0,4.729786,21.843926,2.381383e-12,0.0003153193,0.001456263,False,0.001439,False
2017-04-30,RS01SUM1-LJ01B-09-PRESTB102,1,True,2017-04-30T00:00:04Z,2017-04-30T23:59:49Z,5760,5760,0,14.999925,15.000148296,14.999992828,0.010063102,0,0,0,0,0.0,5.024323,23.88828,3.042374e-12,0.000334955,0.001592553,False,0.001383,False
2017-05-01,RS01SUM1-LJ01B-09-PRESTB102,1,True,2017-05-01T00:00:04Z,2017-05-01T23:59:49Z,5760,5760,0,14.999925,15.000156879,14.999991988,-0.00292585,0,0,0,0,0.0,4.219528,19.650256,1.214318e-12,0.000281302,0.001310018,False,0.001265,False
2017-05-02,RS01SUM1-LJ01B-09-PRESTB102,1,True,2017-05-02T00:00:04Z,2017-05-02T23:59:49Z,5760,5760,0,14.999925,15.000227928,14.999990619,0.000669643,0,0,0,0,0.0,3.179263,17.833819,1.053088e-12,0.000211951,0.001188922,False,0.001356,False
2017-05-03,RS01SUM1-LJ01B-09-PRESTB102,1,True,2017-05-03T00:00:04Z,2017-05-03T23:59:49Z,5760,5760,0,14.999925,15.00023222,14.999990683,-5.1635e-05,0,0,0,0,0.0,3.780433,22.408848,1.587345e-12,0.000252029,0.001493924,False,0.001498,False
2017-05-04,RS01SUM1-LJ01B-09-PRESTB102,1,True,2017-05-04T00:00:04Z,2017-05-04T23:59:49Z,5760,5760,0,14.999925,15.000189781,14.999990133,0.001599276,0,0,0,0,0.0,3.507467,18.264104,2.286445e-12,0.0002338313,0.001217608,False,0.001238,False
2017-05-05,RS01SUM1-LJ01B-09-PRESTB102,1,True,2017-05-05T00:00:04Z,2017-05-05T23:59:49Z,5760,5760,0,14.999925,15.000273228,14.999990928,0.001767184,0,0,0,0,0.0,3.086767,20.724185,1.817992e-12,0.0002057846,0.001381613,False,0.001464,False
2017-05-06,RS01SUM1-LJ01B-09-PRESTB102,1,True,2017-05-06T00:00:04Z,2017-05-06T23:59:49Z,5760,5760,0,14.999925,15.000195026,14.999990357,0.002622484,0,0,0,0,0.0,3.532105,22.187107,1.543867e-12,0.0002354738,0.001479141,False,0.001619,False
2017-05-07,RS01SUM1-LJ01B-09-PRESTB102,1,True,2017-05-07T00:00:04Z,2017-05-07T23:59:49Z,5760,5760,0,14.999925,15.000287056,14.999990793,0.006864941,0,0,0,0,0.0,5.062061,20.377312,2.378859e-12,0.0003374709,0.001358488,False,0.001282,False
2017-05-08,RS01SUM1-LJ01B-09-PRESTB102,1,True,2017-05-08T00:00:04Z,2017-05-08T23:59:49Z,5760,5760,0,14.999925,15.000187874,14.999990116,-0.001944535,0,0,0,0,0.0,4.187057,21.95287,1.270705e-12,0.0002791373,0.001463526,False,0.001293,False
2017-05-09,RS01SUM1-LJ01B-09-PRESTB102,1,True,2017-05-09T00:00:04Z,2017-05-09T23:59:49Z,5760,5760,0,14.999925,15.000239849,14.999990883,0.004861231,0,0,0,0,0.0,3.691669,19.811595,2.429011e-12,0.0002461114,0.001320774,False,0.001658,False
2017-05-10,RS01SUM1-LJ01B-09-PRESTB102,1,True,2017-05-10T00:00:04Z,2017-05-10T23:59:48Z,5760,5760,0,14.999925,15.000229836,14.999990486,-0.005282306,0,0,0,0,0.0,13.785237,1004.633344,2.771095e-12,0.0009190164,0.0669756,False,0.066963,False
2017-05-11,RS01SUM1-LJ01B-09-PRESTB102,1,True,2017-05-11T00:00:03Z,2017-05-11T23:59:48Z,5760,5760,0,14.999925,15.000205994,14.999989926,0.000442534,0,0,0,0,0.0,3.275946,17.800472,1.949041e-12,0.0002183966,0.001186699,False,0.001306,False
2017-05-12,RS01SUM1-LJ01B-09-PRESTB102,1,True,2017-05-12T00:00:03Z,2017-05-12T23:59:48Z,5760,5760,0,14.999925,15.00017786,14.999991892,0.000142121,0,0,0,0,0.0,3.087456,17.773345,1.66695e-12,0.0002058305,0.00118489,False,0.001317,False
2017-05-13,RS01SUM1-LJ01B-09-PRESTB102,1,True,2017-05-13T00:00:03Z,2017-05-13T23:59:48Z,5760,5760,0,14.999925,15.000216961,14.999992077,-0.001105394,0,0,0,0,0.0,3.240164,17.476012,7.152156e-13,0.000216011,0.001165068,False,0.001311,False
2017-05-14,RS01SUM1-LJ01B-09-PRESTB102,1,True,2017-05-14T00:00:03Z,2017-05-14T23:59:48Z,5760,5760,0,14.999925,15.000259876,14.999991472,0.001543142,0,0,0,0,0.0,3.216267,20.835804,1.507109e-12,0.0002144179,0.001389054,False,0.00143,False
2017-05-15,RS01SUM1-LJ01B-09-PRESTB102,1,True,2017-05-15T00:00:03Z,2017-05-15T23:59:48Z,5760,5760,0,14.999925,15.000261307,14.999992013,-0.000368163,0,0,0,0,0.0,3.328978,22.494567,1.603962e-12,0.000221932,0.001499639,False,0.001403,False
2017-05-16,RS01SUM1-LJ01B-09-PRESTB102,1,True,2017-05-16T00:00:03Z,2017-05-16T23:59:48Z,5760,5760,0,14.999925,15.00014782,14.999991527,-0.0024539,0,0,0,0,0.0,4.136719,19.618045,2.04152e-12,0.0002757814,0.00130787,False,0.001313,False
2017-05-17,RS01SUM1-LJ01B-09-PRESTB102,1,True,2017-05-17T00:00:03Z,2017-05-17T23:59:48Z,5760,5760,0,14.999925,15.000217915,14.999992243,0.000306596,0,0,0,0,0.0,3.129109,21.137221,1.501861e-12,0.0002086074,0.001409149,False,0.001377,False
2017-05-18,RS01SUM1-LJ01B-09-PRESTB102,1,True,2017-05-18T00:00:03Z,2017-05-18T23:59:48Z,5760,5760,0,14.999925,15.000197887,14.999991979,0.002277825,0,0,0,0,0.0,3.057763,21.427499,1.692108e-12,0.000203851,0.001428501,False,0.001499,False
2017-05-19,RS01SUM1-LJ01B-09-PRESTB102,1,True,2017-05-19T00:00:03Z,2017-05-19T23:59:48Z,5757,5760,3,14.999925,15.00022316,14.999991728,0.003123599,2,3,2,3,-0.0,3.16739,16.882361,-1.058294e-14,0.0002111594,0.001125491,False,0.001283,True
2017-05-20,RS01SUM1-LJ01B-09-PRESTB102,1,True,2017-05-20T00:00:03Z,2017-05-20T23:59:48Z,5755,5760,5,14.999925,15.00023818,14.999990993,-0.000942573,4,5,4,5,-0.0,3.078374,21.167791,-6.419668e-13,0.000205225,0.001411187,False,0.001629,True
2017-05-21,RS01SUM1-LJ01B-09-PRESTB102,1,True,2017-05-21T00:00:03Z,2017-05-21T23:59:48Z,5760,5760,0,14.999925,15.000176907,14.999990226,0.000695809,0,0,0,0,0.0,3.506966,21.678463,8.712259e-13,0.0002337979,0.001445232,False,0.001603,False
2017-05-22,RS01SUM1-LJ01B-09-PRESTB102,1,True,2017-05-22T00:00:03Z,2017-05-22T23:59:48Z,5760,5760,0,14.999925,15.000246048,14.999990084,-0.00325466,0,0,0,0,0.0,3.365337,18.862736,1.785134e-12,0.000224356,0.001257517,False,0.001262,False
2017-05-23,RS01SUM1-LJ01B-09-PRESTB102,1,True,2017-05-23T00:00:03Z,2017-05-23T23:59:48Z,5760,5760,0,14.999925,15.000226974,14.999991168,-0.001535788,0,0,0,0,0.0,3.272784,18.97949,1.893157e-12,0.0002181857,0.0012653,False,0.001615,False
2017-05-24,RS01SUM1-LJ01B-09-PRESTB102,1,True,2017-05-24T00:00:03Z,2017-05-24T23:59:48Z,5760,5760,0,14.999925,15.000210285,14.999991751,6.8853e-05,0,0,0,0,0.0,3.078099,23.132476,1.556464e-12,0.0002052067,0.001542166,False,0.001606,False
2017-05-25,RS01SUM1-LJ01B-09-PRESTB102,1,True,2017-05-25T00:00:03Z,2017-05-25T23:59:48Z,5760,5760,0,14.999925,15.000255108,14.99999076,0.002787499,0,0,0,0,0.0,4.04496,20.299149,3.324853e-12,0.0002696642,0.001353277,False,0.001349,False
2017-05-26,RS01SUM1-LJ01B-09-PRESTB102,1,True,2017-05-26T00:00:03Z,2017-05-26T23:59:48Z,5694,5760,66,14.999925,15.000216961,14.999990676,0.000245709,1,66,1,66,0.0,3.465564,20.41806,1.815449e-12,0.0002310377,0.001361205,False,0.001312,True
2017-05-27,RS01SUM1-LJ01B-09-PRESTB102,1,True,2017-05-27T00:00:03Z,2017-05-27T23:59:48Z,5760,5760,0,14.999925,15.000234127,14.99999085,0.002468113,0,0,0,0,0.0,3.001668,16.761588,3.189503e-12,0.0002001113,0.00111744,False,0.001312,False
2017-05-28,RS01SUM1-LJ01B-09-PRESTB102,1,True,2017-05-28T00:00:03Z,2017-05-28T23:59:48Z,5760,5760,0,14.999925,15.000142097,14.99999178,0.000447346,0,0,0,0,0.0,3.147254,22.711304,2.266798e-12,0.0002098171,0.001514088,False,0.001582,False
2017-05-29,RS01SUM1-LJ01B-09-PRESTB102,1,True,2017-05-29T00:00:03Z,2017-05-29T23:59:48Z,5760,5760,0,14.999925,15.000164032,14.999992285,-0.001469366,0,0,0,0,0.0,3.96382,19.070002,1.664177e-12,0.0002642548,0.001271334,False,0.001312,False
2017-05-30,RS01SUM1-LJ01B-09-PRESTB102,1,True,2017-05-30T00:00:03Z,2017-05-30T23:59:47Z,5760,5760,0,14.999925,15.00013113,14.999991022,5.268e-06,0,0,0,0,0.0,13.574159,999.818868,2.460658e-12,0.0009049445,0.06665463,False,0.066742,False
2017-05-31,RS01SUM1-LJ01B-09-PRESTB102,1,True,2017-05-31T00:00:02Z,2017-05-31T23:59:47Z,5760,5760,0,14.999925,15.00019598,14.999991444,-0.003862288,0,0,0,0,0.0,3.267831,19.156602,2.438164e-12,0.0002178555,0.001277108,False,0.001445,False
2017-06-01,RS01SUM1-LJ01B-09-PRESTB102,1,True,2017-06-01T00:00:02Z,2017-06-01T23:59:47Z,5760,5760,0,14.999925,15.000170708,14.99999105,0.001217661,0,0,0,0,0.0,3.210362,19.190439,2.771378e-12,0.0002140243,0.001279363,False,0.001388,False
2017-06-02,RS01SUM1-LJ01B-09-PRESTB102,1,True,2017-06-02T00:00:02Z,2017-06-02T23:59:47Z,5760,5760,0,14.999925,15.00030756,14.999991258,0.001693801,0,0,0,0,0.0,3.281035,18.035549,2.107785e-12,0.0002187358,0.001202371,False,0.001273,False
2017-06-03,RS01SUM1-LJ01B-09-PRESTB102,1,True,2017-06-03T00:00:02Z,2017-06-03T23:59:47Z,5760,5760,0,14.999925,15.000215054,14.999991289,0.003495053,0,0,0,0,0.0,3.943292,20.946297,2.75714e-12,0.0002628863,0.001396421,False,0.001387,False
2017-06-04,RS01SUM1-LJ01B-09-PRESTB102,1,True,2017-06-04T00:00:02Z,2017-06-04T23:59:47Z,5760,5760,0,14.999925,15.000261307,14.999990566,0.001705394,0,0,0,0,0.0,3.145045,19.005327,1.865175e-12,0.0002096698,0.001267023,False,0.001491,False
2017-06-05,RS01SUM1-LJ01B-09-PRESTB102,1,True,2017-06-05T00:00:02Z,2017-06-05T23:59:47Z,5760,5760,0,14.999925,15.00023222,14.999991068,0.003729926,0,0,0,0,0.0,3.349653,17.780904,2.545185e-12,0.0002233103,0.001185394,False,0.001371,False
2017-06-06,RS01SUM1-LJ01B-09-PRESTB102,1,True,2017-06-06T00:00:02Z,2017-06-06T23:59:47Z,5760,5760,0,14.999925,15.000226974,14.999991179,0.002166935,0,0,0,0,0.0,3.31348,20.809993,2.864512e-12,0.0002208988,0.001387334,False,0.001686,False
2017-06-07,RS01SUM1-LJ01B-09-PRESTB102,1,True,2017-06-07T00:00:02Z,2017-06-07T23:59:47Z,5760,5760,0,14.999925,15.000216961,14.999991467,0.000928583,0,0,0,0,0.0,3.793705,20.144933,1.31649e-12,0.0002529138,0.001342996,False,0.001564,False
2017-06-08,RS01SUM1-LJ01B-09-PRESTB102,1,True,2017-06-08T00:00:02Z,2017-06-08T23:59:47Z,5760,5760,0,14.999925,15.000205994,14.999991557,-0.004204108,0,0,0,0,0.0,3.273471,18.621478,2.415048e-12,0.0002182315,0.001241433,False,0.001283,False
2017-06-09,RS01SUM1-LJ01B-09-PRESTB102,1,True,2017-06-09T00:00:02Z,2017-06-09T23:59:47Z,5760,5760,0,14.999925,15.000206947,14.99999126,0.000934615,0,0,0,0,0.0,3.668978,21.521981,2.933711e-12,0.0002445987,0.0014348,False,0.001665,False
2017-06-10,RS01SUM1-LJ01B-09-PRESTB102,1,True,2017-06-10T00:00:02Z,2017-06-10T23:59:47Z,5760,5760,0,14.999925,15.000200272,14.999991245,0.006490653,0,0,0,0,0.0,3.676843,20.651401,8.826717e-13,0.000245123,0.001376761,False,0.001272,False
2017-06-11,RS01SUM1-LJ01B-09-PRESTB102,1,True,2017-06-11T00:00:02Z,2017-06-11T23:59:47Z,5760,5760,0,14.999925,15.000164986,14.999991983,0.00158648,0,0,0,0,0.0,3.417912,18.15474,3.881438e-12,0.000227861,0.001210317,False,0.001241,False
2017-06-12,RS01SUM1-LJ01B-09-PRESTB102,1,True,2017-06-12T00:00:02Z,2017-06-12T23:59:47Z,5760,5760,0,14.999925,15.000290871,14.999992476,0.000899557,0,0,0,0,0.0,3.263212,19.966569,2.51153e-12,0.0002175476,0.001331105,False,0.001561,False
2017-06-13,RS01SUM1-LJ01B-09-PRESTB102,1,True,2017-06-13T00:00:02Z,2017-06-13T23:59:47Z,5760,5760,0,14.999925,15.000182152,14.99999202,-0.005701286,0,0,0,0,0.0,3.446074,20.663378,1.641328e-12,0.0002297384,0.001377559,False,0.001589,False
2017-06-14,RS01SUM1-LJ01B-09-PRESTB102,1,True,2017-06-14T00:00:02Z,2017-06-14T23:59:47Z,5760,5760,0,14.999925,15.000240326,14.999991444,0.003363949,0,0,0,0,0.0,3.200984,17.1381,2.038303e-12,0.0002133991,0.001142541,False,0.001256,False
2017-06-15,RS01SUM1-LJ01B-09-PRESTB102,1,True,2017-06-15T00:00:02Z,2017-06-15T23:59:47Z,5760,5760,0,14.999925,15.000162125,14.999991615,0.001051868,0,0,0,0,0.0,3.132268,21.250615,6.900235e-13,0.000208818,0.001416708,False,0.001551,False
2017-06-16,RS01SUM1-LJ01B-09-PRESTB102,1,True,2017-06-16T00:00:02Z,2017-06-16T23:59:47Z,5760,5760,0,14.999925,15.000218868,14.999991415,0.004656738,0,0,0,0,0.0,3.453658,20.770901,1.089698e-12,0.000230244,0.001384728,False,0.001479,False
2017-06-17,RS01SUM1-LJ01B-09-PRESTB102,1,True,2017-06-17T00:00:02Z,2017-06-17T23:59:47Z,5760,5760,0,14.999925,15.000252247,14.999991275,-0.002639817,0,0,0,0,0.0,3.81573,18.546925,1.464588e-12,0.0002543822,0.001236462,False,0.001359,False
2017-06-18,RS01SUM1-LJ01B-09-PRESTB102,1,True,2017-06-18T00:00:02Z,2017-06-18T23:59:47Z,5760,5760,0,14.999925,15.000240326,14.99999172,-0.001038136,0,0,0,0,0.0,3.428074,18.799789,1.183706e-12,0.0002285384,0.00125332,False,0.001323,False
2017-06-19,RS01SUM1-LJ01B-09-PRESTB102,1,True,2017-06-19T00:00:02Z,2017-06-19T23:59:46Z,5760,5760,0,14.999925,15.000225067,14.999991933,-0.0017091,0,0,0,0,0.0,3.511626,23.360831,2.922378e-12,0.0002341085,0.00155739,False,0.001495,False
2017-06-20,RS01SUM1-LJ01B-09-PRESTB102,1,True,2017-06-20T00:00:01Z,2017-06-20T23:59:46Z,5760,5760,0,14.999925,15.000207901,14.999991728,-0.001204216,0,0,0,0,0.0,3.253701,18.045582,5.609929e-13,0.0002169135,0.001203039,False,0.001274,False
2017-06-21,RS01SUM1-LJ01B-09-PRESTB102,1,True,2017-06-21T00:00:01Z,2017-06-21T23:59:46Z,5760,5760,0,14.999925,15.000236988,14.999991225,-0.000238373,0,0,0,0,0.0,3.92312,19.767562,3.057711e-12,0.0002615415,0.001317838,False,0.001475,False
2017-06-22,RS01SUM1-LJ01B-09-PRESTB102,1,True,2017-06-22T00:00:01Z,2017-06-22T23:59:46Z,5760,5760,0,14.999925,15.000098705,14.999992114,0.000831183,0,0,0,0,0.0,3.756841,19.086763,1.916848e-12,0.0002504562,0.001272452,False,0.001676,False
2017-06-23,RS01SUM1-LJ01B-09-PRESTB102,1,True,2017-06-23T00:00:01Z,2017-06-23T23:59:46Z,5760,5760,0,14.999925,15.000179768,14.999991047,-0.003310869,0,0,0,0,0.0,3.276197,18.304589,1.537229e-12,0.0002184133,0.001220307,False,0.001309,False
2017-06-24,RS01SUM1-LJ01B-09-PRESTB102,1,True,2017-06-24T00:00:01Z,2017-06-24T23:59:46Z,5760,5760,0,14.999925,15.000172138,14.999991275,-0.00128994,0,0,0,0,0.0,3.205881,19.2436,1.33065e-12,0.0002137255,0.001282907,False,0.001364,False
2017-06-25,RS01SUM1-LJ01B-09-PRESTB102,1,True,2017-06-25T00:00:01Z,2017-06-25T23:59:46Z,5760,5760,0,14.999925,15.0001688,14.999990483,-0.002014997,0,0,0,0,0.0,3.455168,19.883275,2.296652e-12,0.0002303447,0.001325553,False,0.0015,False
2017-06-26,RS01SUM1-LJ01B-09-PRESTB102,1,True,2017-06-26T00:00:01Z,2017-06-26T23:59:46Z,5760,5760,0,14.999925,15.000195026,14.999991097,0.001052284,0,0,0,0,0.0,3.672853,19.359453,1.574015e-12,0.000244857,0.001290631,False,0.001268,False
2017-06-27,RS01SUM1-LJ01B-09-PRESTB102,1,True,2017-06-27T00:00:01Z,2017-06-27T23:59:46Z,5760,5760,0,14.999925,15.000206947,14.999990923,-0.003966171,0,0,0,0,0.0,3.218955,19.797854,2.020563e-12,0.0002145972,0.001319858,False,0.001671,False
2017-06-28,RS01SUM1-LJ01B-09-PRESTB102,1,True,2017-06-28T00:00:01Z,2017-06-28T23:59:46Z,5760,5760,0,14.999925,15.000170231,14.999990556,0.001168143,0,0,0,0,0.0,3.099835,18.005286,3.54552e-12,0.0002066558,0.001200353,False,0.001259,False
2017-06-29,RS01SUM1-LJ01B-09-PRESTB102,1,True,2017-06-29T00:00:01Z,2017-06-29T23:59:46Z,5760,5760,0,14.999925,15.000233173,14.999992014,0.003311032,0,0,0,0,0.0,4.21958,20.690004,1.885637e-12,0.0002813055,0.001379334,False,0.001252,False
2017-06-30,RS01SUM1-LJ01B-09-PRESTB102,1,True,2017-06-30T00:00:01Z,2017-06-30T23:59:46Z,5760,5760,0,14.999925,15.000248909,14.999992374,-0.002735926,0,0,0,0,0.0,3.731653,20.279131,1.615045e-12,0.000248777,0.001351943,False,0.001291,False
2017-07-01,RS01SUM1-LJ01B-09-PRESTB102,1,True,2017-07-01T00:00:01Z,2017-07-01T23:59:46Z,5760,5760,0,14.999925,15.000299931,14.999992594,0.002335665,0,0,0,0,0.0,3.384446,20.330413,1.2762e-12,0.0002256298,0.001355362,False,0.001642,False
2017-07-02,RS01SUM1-LJ01B-09-PRESTB102,1,True,2017-07-02T00:00:01Z,2017-07-02T23:59:46Z,5760,5760,0,14.999925,15.0001688,14.999991655,-0.002350832,0,0,0,0,0.0,3.224087,19.295577,2.526922e-12,0.0002149393,0.001286373,False,0.001327,False
2017-07-03,RS01SUM1-LJ01B-09-PRESTB102,1,True,2017-07-03T00:00:01Z,2017-07-03T23:59:46Z,5760,5760,0,14.999925,15.000224113,14.99998981,0.001807454,0,0,0,0,0.0,3.63977,23.36053,1.583092e-12,0.0002426515,0.00155737,False,0.00157,False
2017-07-04,RS01SUM1-LJ01B-09-PRESTB102,1,True,2017-07-04T00:00:01Z,2017-07-04T23:59:46Z,5760,5760,0,14.999925,15.000146866,14.999991737,-0.002262954,0,0,0,0,0.0,3.490305,18.409709,8.831202e-13,0.0002326872,0.001227315,False,0.001354,False
2017-07-05,RS01SUM1-LJ01B-09-PRESTB102,1,True,2017-07-05T00:00:01Z,2017-07-05T23:59:46Z,5760,5760,0,14.999925,15.00027132,14.999991312,-0.001838719,0,0,0,0,0.0,3.260711,17.802277,2.26645e-12,0.0002173809,0.001186819,False,0.00128,False
2017-07-06,RS01SUM1-LJ01B-09-PRESTB102,1,True,2017-07-06T00:00:01Z,2017-07-06T23:59:46Z,5760,5760,0,14.999925,15.000329018,14.999991848,0.000255124,0,0,0,0,0.0,3.108546,21.080282,2.611584e-12,0.0002072365,0.001405353,False,0.001422,False
2017-07-07,RS01SUM1-LJ01B-09-PRESTB102,1,True,2017-07-07T00:00:01Z,2017-07-07T23:59:46Z,5751,5760,9,14.999925,15.00024581,14.999991672,0.000915074,1,9,1,9,-0.0,4.040889,21.337322,-3.969214e-13,0.0002693927,0.001422489,False,0.001553,True
2017-07-08,RS01SUM1-LJ01B-09-PRESTB102,1,True,2017-07-08T00:00:01Z,2017-07-08T23:59:46Z,5760,5760,0,14.999925,15.000230312,14.999992134,-0.000786097,0,0,0,0,0.0,3.206382,17.062725,2.063535e-12,0.0002137589,0.001137516,False,0.001269,False
2017-07-09,RS01SUM1-LJ01B-09-PRESTB102,1,True,2017-07-09T00:00:01Z,2017-07-09T23:59:46Z,5760,5760,0,14.999925,15.00015831,14.999991461,0.002300032,0,0,0,0,0.0,3.459278,22.530499,1.826655e-12,0.0002306187,0.001502034,False,0.001497,False
2017-07-10,RS01SUM1-LJ01B-09-PRESTB102,1,True,2017-07-10T00:00:01Z,2017-07-10T23:59:45Z,5760,5760,0,14.999925,15.000197887,14.999992137,0.003213028,0,0,0,0,0.0,13.73125,996.815106,2.257262e-12,0.0009154172,0.06645438,False,0.066577,False
2017-07-11,RS01SUM1-LJ01B-09-PRESTB102,1,True,2017-07-11T00:00:00Z,2017-07-11T23:59:45Z,5760,5760,0,14.999925,15.000137329,14.999990919,0.000143698,0,0,0,0,0.0,3.414958,18.65856,1.657989e-13,0.000227664,0.001243905,False,0.001303,False
2017-07-12,RS01SUM1-LJ01B-09-PRESTB102,1,True,2017-07-12T00:00:00Z,2017-07-12T23:59:45Z,5760,5760,0,14.999925,15.000207901,14.999990962,0.001039451,0,0,0,0,0.0,3.295664,18.738288,3.07855e-12,0.0002197111,0.00124922,False,0.001421,False
2017-07-13,RS01SUM1-LJ01B-09-PRESTB102,1,True,2017-07-13T00:00:00Z,2017-07-13T23:59:45Z,5760,5760,0,14.999925,15.000211239,14.999991302,-0.011733568,0,0,0,0,0.0,3.196344,18.370605,2.642864e-12,0.0002130897,0.001224708,False,0.001276,False
2017-07-14,RS01SUM1-LJ01B-09-PRESTB102,1,True,2017-07-14T00:00:00Z,2017-07-14T23:59:45Z,5760,5760,0,14.999925,15.000252247,14.999991542,-0.001397051,0,0,0,0,0.0,3.287868,17.729692,2.253599e-12,0.0002191913,0.00118198,False,0.001286,False
2017-07-15,RS01SUM1-LJ01B-09-PRESTB102,1,True,2017-07-15T00:00:00Z,2017-07-15T23:59:45Z,5760,5760,0,14.999925,15.000124931,14.999990382,-0.001294253,0,0,0,0,0.0,3.232395,18.882528,9.946231e-13,0.0002154931,0.001258836,False,0.001407,False
2017-07-16,RS01SUM1-LJ01B-09-PRESTB102,1,True,2017-07-16T00:00:00Z,2017-07-16T23:59:45Z,5760,5760,0,14.999925,15.00019598,14.999991232,0.002826683,0,0,0,0,0.0,3.538646,20.033747,2.393194e-12,0.0002359099,0.001335584,False,0.001592,False
2017-07-17,RS01SUM1-LJ01B-09-PRESTB102,1,True,2017-07-17T00:00:00Z,2017-07-17T23:59:45Z,5760,5760,0,14.999925,15.000178337,14.999991032,0.005332696,0,0,0,0,0.0,4.844549,20.90071,2.233585e-12,0.0003229701,0.001393382,False,0.001271,False
2017-07-18,RS01SUM1-LJ01B-09-PRESTB102,1,True,2017-07-18T00:00:00Z,2017-07-18T23:59:45Z,5760,5760,0,14.999925,15.000220776,14.99999186,-0.004835667,0,0,0,0,0.0,3.942949,19.137281,3.839419e-12,0.0002628634,0.001275819,False,0.001314,False
2017-07-19,RS01SUM1-LJ01B-09-PRESTB102,1,True,2017-07-19T00:00:00Z,2017-07-19T23:59:45Z,5760,5760,0,14.999925,15.00019598,14.999991825,-0.003912259,0,0,0,0,0.0,3.177801,20.786027,2.966244e-12,0.0002118535,0.001385736,False,0.001581,False
2017-07-20,RS01SUM1-LJ01B-09-PRESTB102,1,True,2017-07-20T00:00:00Z,2017-07-20T23:59:45Z,5760,5760,0,14.999925,15.00022316,14.999991706,0.000355174,0,0,0,0,0.0,3.272639,17.993422,1.636818e-12,0.000218176,0.001199562,False,0.001296,False
2017-07-21,RS01SUM1-LJ01B-09-PRESTB102,1,True,2017-07-21T00:00:00Z,2017-07-21T23:59:45Z,5760,5760,0,14.999925,15.000164032,14.999990939,0.002091656,0,0,0,0,0.0,3.728646,19.955411,3.333214e-12,0.0002485766,0.001330362,False,0.001303,False
2017-07-22,RS01SUM1-LJ01B-09-PRESTB102,1,True,2017-07-22T00:00:00Z,2017-07-22T23:59:45Z,5760,5760,0,14.999925,15.000268936,14.999991306,0.003088592,0,0,0,0,0.0,3.727263,19.484828,2.266457e-12,0.0002484843,0.001298989,False,0.001393,False
2017-07-23,RS01SUM1-LJ01B-09-PRESTB102,1,True,2017-07-23T00:00:00Z,2017-07-23T23:59:45Z,5760,5760,0,14.999925,15.000207901,14.999991121,0.004374191,0,0,0,0,0.0,3.227144,17.591129,1.952836e-12,0.0002151431,0.001172743,False,0.00132,False
2017-07-24,RS01SUM1-LJ01B-09-PRESTB102,1,True,2017-07-24T00:00:00Z,2017-07-24T23:59:45Z,5760,5760,0,14.999925,15.000247955,14.999991587,-0.001093552,0,0,0,0,0.0,3.224457,20.813108,1.230762e-12,0.0002149639,0.001387541,False,0.001385,False
2017-07-25,RS01SUM1-LJ01B-09-PRESTB102,1,True,2017-07-25T00:00:00Z,2017-07-25T23:59:45Z,5760,5760,0,14.999925,15.000157833,14.999991503,-0.011451179,0,0,0,0,0.0,3.183153,22.286839,2.588028e-13,0.0002122103,0.00148579,False,0.001325,False
2017-07-26,RS01SUM1-LJ01B-09-PRESTB102,1,True,2017-07-26T00:00:00Z,2017-07-26T23:59:45Z,5760,5760,0,14.999925,15.000218868,14.999990907,0.00039445,0,0,0,0,0.0,3.14934,16.80887,5.282946e-13,0.0002099561,0.001120592,False,0.001315,False
2017-07-27,RS01SUM1-LJ01B-09-PRESTB102,1,True,2017-07-27T00:00:00Z,2017-07-27T23:59:45Z,5760,5760,0,14.999925,15.000224113,14.999991224,-0.004053186,0,0,0,0,0.0,3.027191,22.772835,1.274142e-12,0.0002018129,0.00151819,False,0.001667,False
2017-07-28,RS01SUM1-LJ01B-09-PRESTB102,1,True,2017-07-28T00:00:00Z,2017-07-28T23:59:45Z,5754,5760,6,14.999925,15.000277996,14.999991222,-0.00079187,1,6,1,6,-0.0,3.487394,18.205099,-6.842339e-13,0.0002324931,0.001213674,False,0.001422,True
2017-07-29,RS01SUM1-LJ01B-09-PRESTB102,1,True,2017-07-29T00:00:00Z,2017-07-29T23:59:45Z,5759,5760,1,14.999925,15.000191689,14.999991503,0.000936211,1,1,1,1,-0.0,3.286961,16.949859,-3.505171e-13,0.0002191308,0.001129991,False,0.00129,True
2017-07-30,RS01SUM1-LJ01B-09-PRESTB102,1,True,2017-07-30T00:00:00Z,2017-07-30T23:59:59Z,5761,5761,0,14.999925,15.000294447,14.999991617,0.000489953,0,0,0,0,-0.0,3.284294,22.566302,-2.547853e-12,0.000218953,0.001504421,False,0.001694,False
2017-07-31,RS01SUM1-LJ01B-09-PRESTB102,1,True,2017-07-31T00:00:14Z,2017-07-31T23:59:59Z,5760,5760,0,14.999925,15.000281811,14.999991231,-0.000552154,0,0,0,0,0.0,3.460797,19.474062,1.692584e-12,0.0002307199,0.001298272,False,0.001269,False
2017-08-01,RS01SUM1-LJ01B-09-PRESTB102,1,True,2017-08-01T00:00:14Z,2017-08-01T23:59:59Z,5760,5760,0,14.999925,15.000133991,14.999991705,0.00214792,0,0,0,0,0.0,3.689625,20.258138,2.602381e-12,0.0002459751,0.001350543,False,0.001235,False
2017-08-02,RS01SUM1-LJ01B-09-PRESTB102,1,True,2017-08-02T00:00:14Z,2017-08-02T23:59:59Z,5760,5760,0,14.999925,15.000339031,14.999991145,0.002977141,0,0,0,0,0.0,3.389407,19.551602,4.123923e-12,0.0002259606,0.001303441,False,0.001598,False
2017-08-03,RS01SUM1-LJ01B-09-PRESTB102,1,True,2017-08-03T00:00:14Z,2017-08-03T23:59:59Z,5760,5760,0,14.999925,15.000268936,14.99999143,0.002436279,0,0,0,0,0.0,3.731739,18.867319,3.28916e-12,0.0002487828,0.001257822,False,0.001564,False
2017-08-04,RS01SUM1-LJ01B-09-PRESTB102,1,True,2017-08-04T00:00:14Z,2017-08-04T23:59:59Z,5760,5760,0,14.999925,15.000256062,14.999991171,-0.000119786,0,0,0,0,0.0,3.156389,19.525384,1.788278e-12,0.0002104261,0.001301693,False,0.001233,False
2017-08-05,RS01SUM1-LJ01B-09-PRESTB102,1,True,2017-08-05T00:00:14Z,2017-08-05T23:59:59Z,5760,5760,0,14.999925,15.000217915,14.999992887,-0.001029693,0,0,0,0,0.0,3.505219,17.817758,2.423215e-12,0.0002336814,0.001187851,False,0.001491,False
2017-08-06,RS01SUM1-LJ01B-09-PRESTB102,1,True,2017-08-06T00:00:14Z,2017-08-06T23:59:59Z,5760,5760,0,14.999925,15.000267029,14.999991934,-0.00922337,0,0,0,0,0.0,3.914419,21.239812,3.402857e-12,0.0002609614,0.001415988,False,0.00132,False
2017-08-07,RS01SUM1-LJ01B-09-PRESTB102,1,True,2017-08-07T00:00:14Z,2017-08-07T23:59:59Z,5760,5760,0,14.999925,15.000253201,14.999991165,0.001662531,0,0,0,0,0.0,3.480107,18.137762,1.857662e-12,0.0002320073,0.001209185,False,0.001477,False
2017-08-08,RS01SUM1-LJ01B-09-PRESTB102,1,True,2017-08-08T00:00:14Z,2017-08-08T23:59:59Z,5760,5760,0,14.999925,15.000234604,14.999991318,-0.004855347,0,0,0,0,0.0,3.630439,20.121812,2.201984e-13,0.0002420294,0.001341455,False,0.001252,False
2017-08-09,RS01SUM1-LJ01B-09-PRESTB102,1,True,2017-08-09T00:00:14Z,2017-08-09T23:59:59Z,5751,5760,9,14.999925,15.000237942,14.9999909,-6.7255e-05,1,9,1,9,-0.0,3.094147,17.881313,-1.044241e-12,0.0002062766,0.001192088,False,0.00127,True
2017-08-10,RS01SUM1-LJ01B-09-PRESTB102,1,True,2017-08-10T00:00:14Z,2017-08-10T23:08:59Z,5556,5556,0,14.999925,15.000209332,14.999990755,0.00083919,0,0,0,0,0.0,3.450696,18.541946,7.606714e-13,0.0002300465,0.001236131,False,0.001378,False
2017-08-11,RS01SUM1-LJ01B-09-PRESTB102,1,False,,,0,0,,14.999925,,,,,,,,,,,,,,,,False
2017-08-12,RS01SUM1-LJ01B-09-PRESTB102,2,True,2017-08-12T00:00:00Z,2017-08-12T23:59:59Z,86400,86400,0,1.0,0.999466896,0.999999846,-0.004664386,0,0,0,0,0.0,3.532022,22.740606,2.38041e-11,0.003532023,0.02274061,False,0.023881,False
2017-08-13,RS01SUM1-LJ01B-09-PRESTB102,2,True,2017-08-13T00:00:00Z,2017-08-13T23:59:59Z,86400,86400,0,1.0,0.999267578,0.999999805,-0.012402837,0,0,2,2,-0.0,3.230221,22.719627,-4.64305e-11,0.003230221,0.02271963,False,0.024529,False
2017-08-14,RS01SUM1-LJ01B-09-PRESTB102,2,True,2017-08-14T00:00:00Z,2017-08-14T23:59:59Z,86372,86401,29,1.0,0.999245167,0.999999856,0.001055403,57,29,57,84,-0.0,3.101602,22.831804,-2.562752e-11,0.003101603,0.02283181,False,0.0259,True
2017-08-15,RS01SUM1-LJ01B-09-PRESTB102,2,True,2017-08-15T00:00:00Z,2017-08-15T23:59:59Z,86400,86400,0,1.0,0.999249935,0.999999858,0.001526044,0,0,2,2,0.0,3.360788,23.390807,1.710971e-11,0.003360789,0.02339081,False,0.026574,False
2017-08-16,RS01SUM1-LJ01B-09-PRESTB102,2,True,2017-08-16T00:00:00Z,2017-08-16T23:59:59Z,86400,86400,0,1.0,0.999253273,0.999999816,-0.000705925,0,0,0,0,0.0,3.306554,23.721866,2.563971e-12,0.003306555,0.02372187,False,0.025148,False
2017-08-17,RS01SUM1-LJ01B-09-PRESTB102,2,True,2017-08-17T00:00:00Z,2017-08-17T23:59:59Z,86400,86400,0,1.0,0.99924612,0.99999981,-0.000990097,0,0,0,0,-0.0,3.182415,23.702024,-3.594078e-11,0.003182416,0.02370203,False,0.026541,False
2017-08-18,RS01SUM1-LJ01B-09-PRESTB102,2,True,2017-08-18T00:00:00Z,2017-08-18T23:59:59Z,86400,86400,0,1.0,0.999402046,0.999999724,0.005224831,0,0,0,0,-0.0,3.299411,24.145298,-2.071785e-11,0.003299411,0.0241453,False,0.026538,False
2017-08-19,RS01SUM1-LJ01B-09-PRESTB102,2,True,2017-08-19T00:00:00Z,2017-08-19T23:59:59Z,86400,86400,0,1.0,0.99924612,0.999999736,0.00386398,0,0,0,0,-0.0,3.206457,23.837887,-6.76063e-11,0.003206458,0.02383789,False,0.025149,False
2017-08-20,RS01SUM1-LJ01B-09-PRESTB102,2,True,2017-08-20T00:00:00Z,2017-08-20T23:59:59Z,86400,86400,0,1.0,0.999253273,0.999999762,0.003050609,0,0,0,0,-0.0,3.122686,21.96173,-6.585238e-11,0.003122686,0.02196173,False,0.022212,False
2017-08-21,RS01SUM1-LJ01B-09-PRESTB102,2,True,2017-08-21T00:00:00Z,2017-08-21T23:59:59Z,86400,86400,0,1.0,0.999256134,0.999999777,0.004343829,0,0,0,0,-0.0,3.327793,23.586278,-5.063423e-11,0.003327794,0.02358628,False,0.02659,False
2017-08-22,RS01SUM1-LJ01B-09-PRESTB102,2,True,2017-08-22T00:00:00Z,2017-08-22T23:59:59Z,86400,86400,0,1.0,0.999242783,0.999999795,0.000441742,0,0,0,0,0.0,3.116763,24.876384,7.124356e-12,0.003116763,0.02487639,False,0.026542,False
2017-08-23,RS01SUM1-LJ01B-09-PRESTB102,2,True,2017-08-23T00:00:00Z,2017-08-23T23:59:59Z,86400,86400,0,1.0,0.999314308,0.999999752,0.000777535,0,0,0,0,-0.0,3.27717,22.559257,-7.399895e-11,0.003277171,0.02255926,False,0.025323,False
2017-08-24,RS01SUM1-LJ01B-09-PRESTB102,2,True,2017-08-24T00:00:00Z,2017-08-24T23:59:59Z,86400,86400,0,1.0,0.99938488,0.99999971,-0.012870677,0,0,0,0,-0.0,3.44533,24.795758,-2.010079e-11,0.003445331,0.02479576,False,0.026055,False
2017-08-25,RS01SUM1-LJ01B-09-PRESTB102,2,True,2017-08-25T00:00:00Z,2017-08-25T23:59:59Z,85682,86401,719,1.0,0.999260902,0.999985176,-0.07661673,1,719,1,719,-0.0,277.543789,554.517562,-2.217265e-11,0.2775479,0.5545258,True,0.479876,True
2017-08-26,RS01SUM1-LJ01B-09-PRESTB102,2,True,2017-08-26T00:00:00Z,2017-08-26T23:59:59Z,86400,86400,0,1.0,0.999378204,0.999999744,-0.000797234,0,0,0,0,-0.0,3.47995,21.774307,-4.571059e-11,0.003479951,0.02177431,False,0.025956,False
2017-08-27,RS01SUM1-LJ01B-09-PRESTB102,2,True,2017-08-27T00:00:00Z,2017-08-27T23:59:59Z,86400,86400,0,1.0,0.999382973,0.999999756,-0.00165534,0,0,0,0,-0.0,3.445587,22.326422,-1.176939e-11,0.003445587,0.02232643,False,0.024411,False
2017-08-28,RS01SUM1-LJ01B-09-PRESTB102,2,True,2017-08-28T00:00:00Z,2017-08-28T23:59:59Z,86400,86400,0,1.0,0.999396801,0.999999758,0.001335096,0,0,0,0,-0.0,3.461661,23.46725,-2.392838e-11,0.003461662,0.02346726,False,0.024075,False
2017-08-29,RS01SUM1-LJ01B-09-PRESTB102,2,True,2017-08-29T00:00:00Z,2017-08-29T23:59:59Z,86400,86400,0,1.0,0.99939394,0.999999772,0.000347965,0,0,0,0,-0.0,3.205816,21.851006,-2.586994e-11,0.003205817,0.02185101,False,0.026218,False
2017-08-30,RS01SUM1-LJ01B-09-PRESTB102,2,True,2017-08-30T00:00:00Z,2017-08-30T23:59:59Z,86400,86400,0,1.0,0.999391556,0.999999741,8.1869e-05,0,0,0,0,-0.0,3.358705,24.905194,-1.995934e-11,0.003358706,0.0249052,False,0.025434,False
2017-08-31,RS01SUM1-LJ01B-09-PRESTB102,2,True,2017-08-31T00:00:00Z,2017-08-31T23:59:59Z,86400,86400,0,1.0,0.999391079,0.999999641,0.003308648,0,0,0,0,0.0,4.383497,26.110127,1.67902e-11,0.004383499,0.02611014,False,0.024706,False
2017-09-01,RS01SUM1-LJ01B-09-PRESTB102,2,True,2017-09-01T00:00:00Z,2017-09-01T23:59:59Z,86400,86400,0,1.0,0.999274731,0.999999717,0.008081075,0,0,0,0,-0.0,3.746243,25.580885,-4.415421e-12,0.003746244,0.02558089,False,0.025933,False
2017-09-02,RS01SUM1-LJ01B-09-PRESTB102,2,True,2017-09-02T00:00:00Z,2017-09-02T23:59:59Z,86400,86400,0,1.0,0.999379158,0.999999803,-0.000741984,0,0,0,0,-0.0,3.20399,23.258356,-3.456541e-11,0.00320399,0.02325836,False,0.025667,False
2017-09-03,RS01SUM1-LJ01B-09-PRESTB102,2,True,2017-09-03T00:00:00Z,2017-09-03T23:59:59Z,86400,86400,0,1.0,0.999392986,0.999999797,-0.002358748,0,0,0,0,0.0,3.10515,23.447033,1.776795e-12,0.003105151,0.02344704,False,0.024846,False
2017-09-04,RS01SUM1-LJ01B-09-PRESTB102,2,True,2017-09-04T00:00:00Z,2017-09-04T23:59:59Z,86400,86400,0,1.0,0.999387741,0.999999805,-0.01556149,0,0,0,0,-0.0,3.360708,22.680388,-7.291367e-11,0.003360709,0.02268039,False,0.023254,False
2017-09-05,RS01SUM1-LJ01B-09-PRESTB102,2,True,2017-09-05T00:00:00Z,2017-09-05T23:59:59Z,86400,86400,0,1.0,0.999382019,0.999999729,-0.000924623,0,0,0,0,-0.0,3.125729,23.801242,-6.38616e-11,0.00312573,0.02380125,False,0.025455,False
2017-09-06,RS01SUM1-LJ01B-09-PRESTB102,2,True,2017-09-06T00:00:00Z,2017-09-06T23:59:59Z,86400,86400,0,1.0,0.999391079,0.999999745,0.00154409,0,0,0,0,-0.0,3.21346,22.575061,-2.436815e-11,0.003213461,0.02257507,False,0.025481,False
2017-09-07,RS01SUM1-LJ01B-09-PRESTB102,2,True,2017-09-07T00:00:00Z,2017-09-07T23:59:59Z,86400,86400,0,1.0,0.999392986,0.999999719,-0.001427118,0,0,0,0,-0.0,3.476709,22.549933,-4.060302e-11,0.00347671,0.02254994,False,0.025684,False
2017-09-08,RS01SUM1-LJ01B-09-PRESTB102,2,True,2017-09-08T00:00:00Z,2017-09-08T23:59:59Z,86400,86400,0,1.0,0.999284744,0.999999764,0.002474443,0,0,0,0,0.0,3.790701,23.956945,1.62392e-11,0.003790702,0.02395695,False,0.024797,False
2017-09-09,RS01SUM1-LJ01B-09-PRESTB102,2,True,2017-09-09T00:00:00Z,2017-09-09T23:59:59Z,86400,86400,0,1.0,0.999380589,0.999999782,0.000867994,0,0,0,0,0.0,3.234512,24.351109,2.465694e-11,0.003234513,0.02435111,False,0.024743,False
2017-09-10,RS01SUM1-LJ01B-09-PRESTB102,2,True,2017-09-10T00:00:00Z,2017-09-10T23:59:59Z,86400,86400,0,1.0,0.999391079,0.999999787,-0.001421591,0,0,0,0,-0.0,3.366427,22.63388,-2.856487e-11,0.003366427,0.02263388,False,0.02631,False
2017-09-11,RS01SUM1-LJ01B-09-PRESTB102,2,True,2017-09-11T00:00:00Z,2017-09-11T23:59:59Z,86400,86400,0,1.0,0.999396801,0.99999979,-0.002432142,0,0,0,0,-0.0,3.627507,23.217128,-2.844589e-11,0.003627508,0.02321713,False,0.023367,False
2017-09-12,RS01SUM1-LJ01B-09-PRESTB102,2,True,2017-09-12T00:00:00Z,2017-09-12T23:59:59Z,86400,86400,0,1.0,0.999382973,0.999999768,-0.001326486,0,0,0,0,-0.0,3.320501,23.360766,-5.537204e-11,0.003320501,0.02336077,False,0.024515,False
2017-09-13,RS01SUM1-LJ01B-09-PRESTB102,2,True,2017-09-13T00:00:00Z,2017-09-13T23:59:59Z,85778,86400,622,1.0,0.999398708,0.999999734,0.004049977,27,622,27,622,-0.0,3.113629,23.104883,-8.782071e-11,0.003113629,0.02310489,False,0.034154,True
2017-09-14,RS01SUM1-LJ01B-09-PRESTB102,2,True,2017-09-14T00:00:00Z,2017-09-14T23:59:59Z,86289,86400,111,1.0,0.999401093,0.999999754,0.001126675,6,111,6,111,0.0,3.388262,24.565315,1.165241e-11,0.003388262,0.02456532,False,0.02484,True
2017-09-15,RS01SUM1-LJ01B-09-PRESTB102,2,True,2017-09-15T00:00:00Z,2017-09-15T23:59:59Z,86400,86400,0,1.0,0.999286175,0.999999813,-0.00226282,0,0,0,0,-0.0,3.157617,21.056886,-5.531687e-11,0.003157618,0.02105689,False,0.023491,False
2017-09-16,RS01SUM1-LJ01B-09-PRESTB102,2,True,2017-09-16T00:00:00Z,2017-09-16T23:59:59Z,86400,86400,0,1.0,0.999400616,0.999999735,0.004119384,0,0,0,0,-0.0,3.302551,23.430944,-6.096054e-11,0.003302552,0.02343095,False,0.025841,False
2017-09-17,RS01SUM1-LJ01B-09-PRESTB102,2,True,2017-09-17T00:00:00Z,2017-09-17T23:59:59Z,86400,86400,0,1.0,0.999401093,0.999999868,-0.003540564,0,0,0,0,0.0,4.176173,25.515192,6.382795e-12,0.004176173,0.0255152,False,0.022667,False
2017-09-18,RS01SUM1-LJ01B-09-PRESTB102,2,True,2017-09-18T00:00:00Z,2017-09-18T23:59:59Z,86400,86400,0,1.0,0.999383926,0.999999739,-0.006376854,0,0,0,0,-0.0,4.598406,28.173364,-4.112147e-11,0.004598408,0.02817337,False,0.024058,False
2017-09-19,RS01SUM1-LJ01B-09-PRESTB102,2,True,2017-09-19T00:00:00Z,2017-09-19T23:59:59Z,86400,86400,0,1.0,0.999390125,0.999999783,0.003013232,0,0,0,0,-0.0,3.317636,22.189721,-3.44206e-11,0.003317637,0.02218973,False,0.021818,False
2017-09-20,RS01SUM1-LJ01B-09-PRESTB102,2,True,2017-09-20T00:00:00Z,2017-09-20T23:59:59Z,86400,86400,0,1.0,0.999391079,0.999999741,0.006770006,0,0,0,0,-0.0,3.452593,23.504973,-9.286474e-11,0.003452594,0.02350498,False,0.024897,False
2017-09-21,RS01SUM1-LJ01B-09-PRESTB102,2,True,2017-09-21T00:00:00Z,2017-09-21T23:59:59Z,86400,86400,0,1.0,0.999403,0.999999753,0.001121103,0,0,0,0,0.0,3.382482,22.662129,3.469565e-11,0.003382483,0.02266213,False,0.026846,False
2017-09-22,RS01SUM1-LJ01B-09-PRESTB102,2,True,2017-09-22T00:00:00Z,2017-09-22T23:59:59Z,86400,86400,0,1.0,0.999267578,0.999999807,-0.002060894,0,0,0,0,-0.0,3.383099,24.618312,-3.676933e-11,0.0033831,0.02461832,False,0.026683,False
2017-09-23,RS01SUM1-LJ01B-09-PRESTB102,2,True,2017-09-23T00:00:00Z,2017-09-23T23:59:59Z,86400,86400,0,1.0,0.99939537,0.999999748,-0.003112434,0,0,0,0,-0.0,3.628422,23.212249,-1.025247e-12,0.003628423,0.02321225,False,0.02629,False
2017-09-24,RS01SUM1-LJ01B-09-PRESTB102,2,True,2017-09-24T00:00:00Z,2017-09-24T23:59:59Z,86400,86400,0,1.0,0.999376297,0.999999761,0.002496705,0,0,0,0,-0.0,3.489517,23.534644,-3.931673e-11,0.003489517,0.02353465,False,0.026074,False
2017-09-25,RS01SUM1-LJ01B-09-PRESTB102,2,True,2017-09-25T00:00:00Z,2017-09-25T23:59:59Z,86400,86400,0,1.0,0.999386311,0.999999764,-0.000506658,0,0,0,0,-0.0,3.99319,24.552233,-6.642783e-11,0.003993191,0.02455224,False,0.026238,False
2017-09-26,RS01SUM1-LJ01B-09-PRESTB102,2,True,2017-09-26T00:00:00Z,2017-09-26T23:59:59Z,86400,86400,0,1.0,0.999382973,0.999999689,0.001973512,0,0,0,0,-0.0,3.465758,23.204442,-1.292599e-10,0.003465759,0.02320445,False,0.023024,False
2017-09-27,RS01SUM1-LJ01B-09-PRESTB102,2,True,2017-09-27T00:00:00Z,2017-09-27T23:59:59Z,86400,86400,0,1.0,0.999392033,0.999999776,0.001981299,0,0,0,0,-0.0,3.222168,21.956607,-3.329822e-11,0.003222169,0.02195661,False,0.023919,False
2017-09-28,RS01SUM1-LJ01B-09-PRESTB102,2,True,2017-09-28T00:00:00Z,2017-09-28T23:59:59Z,86400,86400,0,1.0,0.999382019,0.999999759,0.003444882,0,0,0,0,-0.0,3.505411,24.339479,-5.304565e-12,0.003505412,0.02433948,False,0.026267,False
2017-09-29,RS01SUM1-LJ01B-09-PRESTB102,2,True,2017-09-29T00:00:00Z,2017-09-29T23:59:59Z,86400,86400,0,1.0,0.999288082,0.999999721,0.006975887,0,0,0,0,-0.0,3.538714,23.326447,-5.897802e-11,0.003538715,0.02332645,False,0.025167,False
2017-09-30,RS01SUM1-LJ01B-09-PRESTB102,2,True,2017-09-30T00:00:00Z,2017-09-30T23:59:59Z,86400,86400,0,1.0,0.999392986,0.999999635,0.001834958,0,0,0,0,0.0,3.29575,23.006363,2.926047e-11,0.003295752,0.02300637,False,0.022861,False
2017-10-01,RS01SUM1-LJ01B-09-PRESTB102,2,True,2017-10-01T00:00:00Z,2017-10-01T23:59:59Z,86400,86400,0,1.0,0.999389172,0.999999677,0.002512708,0,0,0,0,-0.0,4.378763,25.254479,-7.60007e-11,0.004378764,0.02525449,False,0.024928,False
2017-10-02,RS01SUM1-LJ01B-09-PRESTB102,2,True,2017-10-02T00:00:00Z,2017-10-02T23:59:59Z,86401,86401,0,1.0,0.999396801,0.99999979,-0.000712557,0,0,24,24,0.0,3.611684,22.885263,2.212484e-11,0.003611685,0.02288527,False,0.022548,False
2017-10-03,RS01SUM1-LJ01B-09-PRESTB102,2,True,2017-10-03T00:00:00Z,2017-10-03T23:59:59Z,86400,86400,0,1.0,0.999391079,0.999999803,-0.00058364,0,0,8,8,-0.0,3.242159,23.382006,-9.503346e-11,0.00324216,0.02338201,False,0.021954,False
2017-10-04,RS01SUM1-LJ01B-09-PRESTB102,2,True,2017-10-04T00:00:00Z,2017-10-04T23:59:59Z,86400,86400,0,1.0,0.999410152,0.999999754,0.004354826,0,0,0,0,-0.0,3.362815,25.728962,-5.040648e-11,0.003362816,0.02572897,False,0.024042,False
2017-10-05,RS01SUM1-LJ01B-09-PRESTB102,2,True,2017-10-05T00:00:00Z,2017-10-05T23:59:59Z,86400,86400,0,1.0,0.999390125,0.999999794,0.002944407,0,0,0,0,-0.0,3.059123,22.490629,-4.923653e-11,0.003059124,0.02249063,False,0.025409,False
2017-10-06,RS01SUM1-LJ01B-09-PRESTB102,2,True,2017-10-06T00:00:00Z,2017-10-06T23:59:59Z,86400,86400,0,1.0,0.999261856,0.999999754,-0.000726957,0,0,0,0,-0.0,3.219473,23.078229,-8.308024e-11,0.003219474,0.02307823,False,0.024731,False
2017-10-07,RS01SUM1-LJ01B-09-PRESTB102,2,True,2017-10-07T00:00:00Z,2017-10-07T23:59:59Z,86400,86400,0,1.0,0.999403,0.999999749,-0.010940897,0,0,0,0,-0.0,3.298851,23.23032,-5.670427e-12,0.003298851,0.02323033,False,0.025692,False
2017-10-08,RS01SUM1-LJ01B-09-PRESTB102,2,True,2017-10-08T00:00:00Z,2017-10-08T23:59:59Z,86400,86400,0,1.0,0.999390125,0.999999752,-0.00227749,0,0,0,0,-0.0,3.194709,22.414948,-5.09363e-11,0.00319471,0.02241495,False,0.023225,False
2017-10-09,RS01SUM1-LJ01B-09-PRESTB102,2,True,2017-10-09T00:00:00Z,2017-10-09T23:59:59Z,86400,86400,0,1.0,0.999392986,0.999999812,0.004356114,0,0,0,0,-0.0,3.491635,24.880829,-5.523896e-11,0.003491636,0.02488083,False,0.024696,False
2017-10-10,RS01SUM1-LJ01B-09-PRESTB102,2,True,2017-10-10T00:00:00Z,2017-10-10T23:59:59Z,86400,86400,0,1.0,0.999392986,0.999999775,-0.000688114,0,0,0,0,-0.0,3.202491,22.870371,-6.866768e-11,0.003202492,0.02287038,False,0.025656,False
2017-10-11,RS01SUM1-LJ01B-09-PRESTB102,2,True,2017-10-11T00:00:00Z,2017-10-11T23:59:59Z,86400,86400,0,1.0,0.999389172,0.999999781,0.004107272,0,0,0,0,-0.0,3.237326,23.337855,-3.950092e-11,0.003237326,0.02333786,False,0.024469,False
2017-10-12,RS01SUM1-LJ01B-09-PRESTB102,2,True,2017-10-12T00:00:00Z,2017-10-12T23:59:59Z,86400,86400,0,1.0,0.999399185,0.999999743,0.000112303,0,0,0,0,-0.0,3.231112,22.745661,-2.453634e-11,0.003231113,0.02274567,False,0.026184,False
2017-10-13,RS01SUM1-LJ01B-09-PRESTB102,2,True,2017-10-13T00:00:00Z,2017-10-13T23:59:59Z,86400,86400,0,1.0,0.99928236,0.999999773,0.00096677,0,0,0,0,-0.0,3.187585,23.870489,-3.338687e-11,0.003187586,0.02387049,False,0.026398,False
2017-10-14,RS01SUM1-LJ01B-09-PRESTB102,2,True,2017-10-14T00:00:00Z,2017-10-14T23:59:59Z,86400,86400,0,1.0,0.999410152,0.999999764,0.004177747,0,0,0,0,0.0,3.16233,21.719152,1.641617e-12,0.00316233,0.02171916,False,0.022095,False
2017-10-15,RS01SUM1-LJ01B-09-PRESTB102,2,True,2017-10-15T00:00:00Z,2017-10-15T23:59:59Z,86400,86400,0,1.0,0.99939394,0.999999797,0.003148641,0,0,0,0,-0.0,3.287014,23.465631,-8.463833e-11,0.003287015,0.02346564,False,0.024539,False
2017-10-16,RS01SUM1-LJ01B-09-PRESTB102,2,True,2017-10-16T00:00:00Z,2017-10-16T23:59:59Z,86400,86400,0,1.0,0.999397755,0.999999741,-0.001951565,0,0,0,0,-0.0,3.551527,24.661235,-1.774817e-11,0.003551528,0.02466124,False,0.02388,False
2017-10-17,RS01SUM1-LJ01B-09-PRESTB102,2,True,2017-10-17T00:00:00Z,2017-10-17T23:59:59Z,86400,86400,0,1.0,0.999388218,0.99999985,-0.001955739,0,0,0,0,-0.0,3.331492,24.719053,-1.218343e-10,0.003331492,0.02471906,False,0.026774,False
2017-10-18,RS01SUM1-LJ01B-09-PRESTB102,2,True,2017-10-18T00:00:00Z,2017-10-18T23:59:59Z,86400,86400,0,1.0,0.999400139,0.999999763,0.00414223,0,0,0,0,-0.0,3.334012,23.044698,-5.139894e-12,0.003334013,0.0230447,False,0.02579,False
2017-10-19,RS01SUM1-LJ01B-09-PRESTB102,2,True,2017-10-19T00:00:00Z,2017-10-19T23:59:59Z,86400,86400,0,1.0,0.999392986,0.999999754,0.005314646,0,0,0,0,0.0,3.199529,23.813984,9.987077e-12,0.00319953,0.02381399,False,0.024564,False
2017-10-20,RS01SUM1-LJ01B-09-PRESTB102,2,True,2017-10-20T00:00:00Z,2017-10-20T23:59:59Z,86400,86400,0,1.0,0.999260902,0.999999779,0.001100086,0,0,0,0,-0.0,3.08226,22.35312,-1.214302e-11,0.003082261,0.02235312,False,0.026668,False
2017-10-21,RS01SUM1-LJ01B-09-PRESTB102,2,True,2017-10-21T00:00:00Z,2017-10-21T23:59:59Z,86400,86400,0,1.0,0.999383926,0.999999753,0.003788739,0,0,0,0,-0.0,3.174729,23.942846,-6.522012e-11,0.00317473,0.02394285,False,0.025525,False
2017-10-22,RS01SUM1-LJ01B-09-PRESTB102,2,True,2017-10-22T00:00:00Z,2017-10-22T23:59:59Z,86400,86400,0,1.0,0.999395847,0.999999803,0.000655166,0,0,0,0,-0.0,3.049325,22.271489,-4.423173e-11,0.003049326,0.02227149,False,0.026099,False
2017-10-23,RS01SUM1-LJ01B-09-PRESTB102,2,True,2017-10-23T00:00:00Z,2017-10-23T23:59:59Z,86400,86400,0,1.0,0.999399185,0.999999646,0.003997811,0,0,0,0,-0.0,3.489984,24.999586,-3.880827e-11,0.003489985,0.02499959,False,0.026087,False
2017-10-24,RS01SUM1-LJ01B-09-PRESTB102,2,True,2017-10-24T00:00:00Z,2017-10-24T23:59:59Z,86400,86400,0,1.0,0.999397755,0.999999787,0.001489241,0,0,0,0,-0.0,3.355779,22.033229,-4.07552e-11,0.00335578,0.02203323,False,0.024643,False
2017-10-25,RS01SUM1-LJ01B-09-PRESTB102,2,True,2017-10-25T00:00:00Z,2017-10-25T23:59:59Z,86400,86400,0,1.0,0.999388218,0.999999717,0.00104616,0,0,0,0,0.0,4.512228,24.463067,1.15553e-11,0.004512229,0.02446307,False,0.026454,False
2017-10-26,RS01SUM1-LJ01B-09-PRESTB102,2,True,2017-10-26T00:00:00Z,2017-10-26T23:59:59Z,86400,86400,0,1.0,0.999381065,0.999999755,-0.001935343,0,0,0,0,0.0,3.318277,23.4649,4.454333e-11,0.003318277,0.02346491,False,0.02624,False
2017-10-27,RS01SUM1-LJ01B-09-PRESTB102,2,True,2017-10-27T00:00:00Z,2017-10-27T23:59:59Z,86400,86400,0,1.0,0.999272823,0.999999803,0.001722905,0,0,0,0,-0.0,3.504117,21.592754,-7.414483e-11,0.003504118,0.02159276,False,0.023768,False
2017-10-28,RS01SUM1-LJ01B-09-PRESTB102,2,True,2017-10-28T00:00:00Z,2017-10-28T23:59:59Z,86400,86400,0,1.0,0.999396324,0.999999803,0.000757387,0,0,0,0,-0.0,3.156991,22.000271,-5.074224e-11,0.003156992,0.02200028,False,0.025617,False
2017-10-29,RS01SUM1-LJ01B-09-PRESTB102,2,True,2017-10-29T00:00:00Z,2017-10-29T23:59:59Z,86400,86400,0,1.0,0.999392033,0.999999772,0.005861872,0,0,0,0,-0.0,3.254431,23.665783,-8.495975e-11,0.003254431,0.02366579,False,0.025345,False
2017-10-30,RS01SUM1-LJ01B-09-PRESTB102,2,True,2017-10-30T00:00:00Z,2017-10-30T23:59:59Z,86400,86400,0,1.0,0.999387264,0.999999758,0.001263176,0,0,0,0,-0.0,3.088943,23.023164,-3.778732e-11,0.003088943,0.02302317,False,0.02366,False
2017-10-31,RS01SUM1-LJ01B-09-PRESTB102,2,True,2017-10-31T00:00:00Z,2017-10-31T23:59:59Z,86400,86400,0,1.0,0.999397755,0.999999814,-0.000883398,0,0,0,0,-0.0,3.101936,22.343492,-6.81955e-11,0.003101937,0.0223435,False,0.02445,False
2017-11-01,RS01SUM1-LJ01B-09-PRESTB102,2,True,2017-11-01T00:00:00Z,2017-11-01T23:59:59Z,86400,86400,0,1.0,0.999388218,0.999999744,-0.001000058,0,0,0,0,-0.0,3.173624,23.674803,-3.751515e-11,0.003173625,0.02367481,False,0.025627,False
2017-11-02,RS01SUM1-LJ01B-09-PRESTB102,2,True,2017-11-02T00:00:00Z,2017-11-02T23:59:59Z,86400,86400,0,1.0,0.999388218,0.999999734,-0.001640844,0,0,0,0,-0.0,3.194605,21.516954,-4.040062e-12,0.003194606,0.02151696,False,0.023394,False
2017-11-03,RS01SUM1-LJ01B-09-PRESTB102,2,True,2017-11-03T00:00:00Z,2017-11-03T23:59:59Z,86400,86400,0,1.0,0.99925375,0.999999798,0.002494761,0,0,0,0,-0.0,3.20653,23.643528,-6.171125e-11,0.003206531,0.02364353,False,0.026407,False
2017-11-04,RS01SUM1-LJ01B-09-PRESTB102,2,True,2017-11-04T00:00:00Z,2017-11-04T23:59:59Z,86400,86400,0,1.0,0.99939537,0.999999811,-0.002619441,0,0,0,0,-0.0,3.501214,22.050411,-6.732727e-11,0.003501215,0.02205042,False,0.025834,False
2017-11-05,RS01SUM1-LJ01B-09-PRESTB102,2,True,2017-11-05T00:00:00Z,2017-11-05T23:59:59Z,86400,86400,0,1.0,0.999386311,0.999999738,-0.001419356,0,0,0,0,0.0,3.268652,22.52356,4.224782e-12,0.003268652,0.02252357,False,0.02145,False
2017-11-06,RS01SUM1-LJ01B-09-PRESTB102,2,True,2017-11-06T00:00:00Z,2017-11-06T23:59:59Z,86400,86400,0,1.0,0.999388218,0.999999749,0.00197827,0,0,0,0,-0.0,3.533617,23.353913,-9.316566e-11,0.003533617,0.02335392,False,0.02463,False
2017-11-07,RS01SUM1-LJ01B-09-PRESTB102,2,True,2017-11-07T00:00:00Z,2017-11-07T23:59:59Z,86400,86400,0,1.0,0.999388218,0.999999739,0.002912235,0,0,0,0,-0.0,3.270131,22.04356,-3.596766e-13,0.003270132,0.02204357,False,0.023454,False
2017-11-08,RS01SUM1-LJ01B-09-PRESTB102,2,True,2017-11-08T00:00:00Z,2017-11-08T23:59:59Z,86400,86400,0,1.0,0.999387741,0.999999776,-0.001101001,0,0,0,0,-0.0,3.553169,23.264472,-8.218245e-11,0.00355317,0.02326448,False,0.022639,False
2017-11-09,RS01SUM1-LJ01B-09-PRESTB102,2,True,2017-11-09T00:00:00Z,2017-11-09T23:59:59Z,86400,86400,0,1.0,0.999392986,0.999999777,0.002919193,0,0,0,0,-0.0,3.404143,22.999577,-1.131517e-11,0.003404144,0.02299958,False,0.024823,False
2017-11-10,RS01SUM1-LJ01B-09-PRESTB102,2,True,2017-11-10T00:00:00Z,2017-11-10T23:59:59Z,86400,86400,0,1.0,0.999274254,0.999999733,-0.000389049,0,0,0,0,-0.0,4.330738,26.396815,-4.472255e-11,0.004330739,0.02639682,False,0.025864,False
2017-11-11,RS01SUM1-LJ01B-09-PRESTB102,2,True,2017-11-11T00:00:00Z,2017-11-11T23:59:59Z,86400,86400,0,1.0,0.999383926,0.999999729,0.005097688,0,0,0,0,-0.0,3.38479,24.255331,-6.538419e-11,0.00338479,0.02425534,False,0.026275,False
2017-11-12,RS01SUM1-LJ01B-09-PRESTB102,2,True,2017-11-12T00:00:00Z,2017-11-12T23:59:59Z,86400,86400,0,1.0,0.999386311,0.999999779,0.002705486,0,0,0,0,-0.0,3.309451,22.673536,-6.59843e-11,0.003309452,0.02267354,False,0.026175,False
2017-11-13,RS01SUM1-LJ01B-09-PRESTB102,2,True,2017-11-13T00:00:00Z,2017-11-13T23:02:38Z,82959,82959,0,1.0,0.999397278,0.999999766,-0.002020952,0,0,0,0,0.0,3.400234,22.949367,4.749699e-11,0.003400235,0.02294937,False,0.026741,False
2017-11-14,RS01SUM1-LJ01B-09-PRESTB102,2,True,2017-11-14T23:48:45Z,2017-11-14T23:59:59Z,675,675,0,1.0,0.999335289,0.999997871,0.001463301,0,0,0,0,0.0,2.811264,15.260963,8.599587e-15,0.00281127,0.015261,False,0.018855,False
2017-11-15,RS01SUM1-LJ01B-09-PRESTB102,2,True,2017-11-15T00:00:00Z,2017-11-15T23:59:59Z,86400,86400,0,1.0,0.999226093,0.999999806,-0.00072775,0,0,0,0,-0.0,3.117213,21.844829,-1.163193e-11,0.003117213,0.02184483,False,0.021865,False
2017-11-16,RS01SUM1-LJ01B-09-PRESTB102,2,True,2017-11-16T00:00:00Z,2017-11-16T23:59:59Z,86400,86400,0,1.0,0.999227047,0.999999745,0.004890014,0,0,0,0,-0.0,3.093159,23.139705,-1.175207e-11,0.003093159,0.02313971,False,0.026678,False
2017-11-17,RS01SUM1-LJ01B-09-PRESTB102,2,True,2017-11-17T00:00:00Z,2017-11-17T23:59:59Z,86400,86400,0,1.0,0.999211788,0.999999758,-0.001830128,0,0,0,0,-0.0,3.157567,22.618788,-2.06715e-11,0.003157568,0.02261879,False,0.024807,False
2017-11-18,RS01SUM1-LJ01B-09-PRESTB102,2,True,2017-11-18T00:00:00Z,2017-11-18T23:59:59Z,86400,86400,0,1.0,0.999228001,0.999999804,0.001540433,0,0,0,0,0.0,3.172007,22.94789,1.6619e-11,0.003172008,0.02294789,False,0.024646,False
2017-11-19,RS01SUM1-LJ01B-09-PRESTB102,2,True,2017-11-19T00:00:00Z,2017-11-19T23:59:59Z,86400,86400,0,1.0,0.999220848,0.999999853,0.001925612,0,0,0,0,-0.0,3.248499,23.552347,-5.510787e-11,0.003248499,0.02355235,False,0.024728,False
2017-11-20,RS01SUM1-LJ01B-09-PRESTB102,2,True,2017-11-20T00:00:00Z,2017-11-20T23:59:59Z,86400,86400,0,1.0,0.99922657,0.999999781,0.000305022,0,0,0,0,-0.0,3.128342,22.890245,-5.000979e-11,0.003128342,0.02289025,False,0.0265,False
2017-11-21,RS01SUM1-LJ01B-09-PRESTB102,2,True,2017-11-21T00:00:00Z,2017-11-21T23:59:59Z,86400,86400,0,1.0,0.999387264,0.999999781,0.001049226,0,0,0,0,0.0,3.329945,23.642975,6.030095e-12,0.003329946,0.02364298,False,0.024637,False
2017-11-22,RS01SUM1-LJ01B-09-PRESTB102,2,True,2017-11-22T00:00:00Z,2017-11-22T23:59:59Z,86400,86400,0,1.0,0.999628067,0.999999739,-0.000241046,0,0,0,0,-0.0,3.701277,22.94661,-9.519802e-11,0.003701278,0.02294662,False,0.024102,False
2017-11-23,RS01SUM1-LJ01B-09-PRESTB102,2,True,2017-11-23T00:00:00Z,2017-11-23T23:59:59Z,86401,86401,0,1.0,0.999606848,0.999999742,-0.001030899,0,0,44,44,-0.0,3.306351,22.400595,-8.242342e-11,0.003306352,0.0224006,False,0.026132,False
2017-11-24,RS01SUM1-LJ01B-09-PRESTB102,2,True,2017-11-24T00:00:00Z,2017-11-24T23:59:59Z,86400,86400,0,1.0,0.999650002,0.999999807,-0.002990198,0,0,1,1,0.0,3.256256,22.163609,2.474036e-11,0.003256256,0.02216361,False,0.02602,False
2017-11-25,RS01SUM1-LJ01B-09-PRESTB102,2,True,2017-11-25T00:00:00Z,2017-11-25T23:59:59Z,86400,86400,0,1.0,0.99963665,0.999999786,0.002274203,0,0,0,0,0.0,3.72551,26.10199,1.616798e-11,0.003725511,0.026102,False,0.026089,False
2017-11-26,RS01SUM1-LJ01B-09-PRESTB102,2,True,2017-11-26T00:00:00Z,2017-11-26T23:59:59Z,86400,86400,0,1.0,0.999639988,0.999999836,-0.003541222,0,0,0,0,-0.0,4.607278,29.743775,-5.921361e-11,0.004607278,0.02974378,False,0.026458,False
2017-11-27,RS01SUM1-LJ01B-09-PRESTB102,2,True,2017-11-27T00:00:00Z,2017-11-27T23:59:59Z,86400,86400,0,1.0,0.999630928,0.999999738,0.00120684,0,0,0,0,-0.0,3.203029,22.170031,-1.70857e-11,0.00320303,0.02217004,False,0.025451,False
2017-11-28,RS01SUM1-LJ01B-09-PRESTB102,2,True,2017-11-28T00:00:00Z,2017-11-28T23:59:59Z,86400,86400,0,1.0,0.999638081,0.999999746,-0.001366794,0,0,0,0,-0.0,3.459242,23.428316,-3.161717e-11,0.003459243,0.02342832,False,0.026013,False
2017-11-29,RS01SUM1-LJ01B-09-PRESTB102,2,True,2017-11-29T00:00:00Z,2017-11-29T23:59:59Z,86400,86400,0,1.0,0.99963522,0.999999765,-0.003226087,0,0,0,0,-0.0,4.160027,24.647949,-5.908428e-11,0.004160028,0.02464795,False,0.025925,False
2017-11-30,RS01SUM1-LJ01B-09-PRESTB102,2,True,2017-11-30T00:00:00Z,2017-11-30T23:59:59Z,86400,86400,0,1.0,0.999632835,0.999999759,0.002445379,0,0,0,0,-0.0,3.201043,22.288919,-2.132773e-11,0.003201044,0.02228892,False,0.024751,False
2017-12-01,RS01SUM1-LJ01B-09-PRESTB102,2,True,2017-12-01T00:00:00Z,2017-12-01T23:59:59Z,85651,86400,749,1.0,0.999633312,0.999999759,0.001057864,1,749,1,749,0.0,3.26008,23.255214,5.401913e-11,0.00326008,0.02325522,False,0.272201,True
2017-12-02,RS01SUM1-LJ01B-09-PRESTB102,2,True,2017-12-02T00:00:00Z,2017-12-02T23:59:59Z,86400,86400,0,1.0,0.999637127,0.999999763,0.002619823,0,0,0,0,-0.0,3.171096,21.680859,-7.900436e-12,0.003171097,0.02168086,False,0.025337,False
2017-12-03,RS01SUM1-LJ01B-09-PRESTB102,2,True,2017-12-03T00:00:00Z,2017-12-03T23:59:59Z,86400,86400,0,1.0,0.999628067,0.999999765,0.006440851,0,0,0,0,-0.0,3.091409,23.909754,-6.95029e-11,0.00309141,0.02390976,False,0.02619,False
2017-12-04,RS01SUM1-LJ01B-09-PRESTB102,2,True,2017-12-04T00:00:00Z,2017-12-04T23:59:59Z,86400,86400,0,1.0,0.999639988,0.999999784,-0.000849205,0,0,0,0,-0.0,2.948872,21.09012,-7.319879e-11,0.002948872,0.02109012,False,0.025355,False
2017-12-05,RS01SUM1-LJ01B-09-PRESTB102,2,True,2017-12-05T00:00:00Z,2017-12-05T23:59:59Z,86400,86400,0,1.0,0.999630451,0.999999756,0.00342661,0,0,0,0,-0.0,3.381392,23.399559,-6.159992e-11,0.003381393,0.02339957,False,0.02468,False
2017-12-06,RS01SUM1-LJ01B-09-PRESTB102,2,True,2017-12-06T00:00:00Z,2017-12-06T23:59:59Z,86400,86400,0,1.0,0.999542236,0.999999767,-0.002021208,0,0,0,0,-0.0,3.246413,24.482977,-5.710173e-11,0.003246414,0.02448298,False,0.024624,False
2017-12-07,RS01SUM1-LJ01B-09-PRESTB102,2,True,2017-12-07T00:00:00Z,2017-12-07T23:59:59Z,86400,86400,0,1.0,0.999265194,0.999999776,-0.000754811,0,0,0,0,-0.0,3.438807,22.106925,-4.204664e-11,0.003438807,0.02210693,False,0.022136,False
2017-12-08,RS01SUM1-LJ01B-09-PRESTB102,2,True,2017-12-08T00:00:00Z,2017-12-08T23:59:59Z,86400,86400,0,1.0,0.999268055,0.999999772,-0.003915253,0,0,0,0,-0.0,3.147003,24.230363,-3.820397e-11,0.003147004,0.02423037,False,0.026667,False
2017-12-09,RS01SUM1-LJ01B-09-PRESTB102,2,False,,,0,0,,1.0,,,,,,,,,,,,,,,,False
2017-12-10,RS01SUM1-LJ01B-09-PRESTB102,2,False,,,0,0,,1.0,,,,,,,,,,,,,,,,False
2017-12-11,RS01SUM1-LJ01B-09-PRESTB102,2,True,2017-12-11T00:00:00Z,2017-12-11T23:59:59Z,86400,86400,0,1.0,0.999282837,0.999999748,-0.003378795,0,0,0,0,-0.0,3.445875,21.409964,-3.85052e-12,0.003445876,0.02140997,False,0.024737,False
2017-12-12,RS01SUM1-LJ01B-09-PRESTB102,2,True,2017-12-12T00:00:00Z,2017-12-12T23:59:59Z,86400,86400,0,1.0,0.999266148,0.999999791,0.001259674,0,0,0,0,0.0,3.404519,24.741897,1.354622e-12,0.00340452,0.0247419,False,0.026673,False
2017-12-13,RS01SUM1-LJ01B-09-PRESTB102,2,True,2017-12-13T00:00:00Z,2017-12-13T23:59:59Z,86139,86400,261,1.0,0.999263763,0.999999716,-0.003181367,13,261,13,261,-0.0,3.623597,23.482871,-6.219968e-11,0.003623598,0.02348288,False,0.025976,True
2017-12-14,RS01SUM1-LJ01B-09-PRESTB102,2,True,2017-12-14T00:00:00Z,2017-12-14T23:59:59Z,86384,86400,16,1.0,0.999279976,0.999999751,-0.000973298,1,16,1,16,-0.0,3.124549,23.448931,-1.716935e-11,0.003124549,0.02344894,False,0.026586,True
2017-12-15,RS01SUM1-LJ01B-09-PRESTB102,2,True,2017-12-15T00:00:00Z,2017-12-15T23:59:59Z,86400,86400,0,1.0,0.999269009,0.999999776,-0.001513533,0,0,0,0,0.0,3.246933,21.67278,1.242153e-12,0.003246933,0.02167278,False,0.023866,False
2017-12-16,RS01SUM1-LJ01B-09-PRESTB102,2,True,2017-12-16T00:00:00Z,2017-12-16T23:59:59Z,86400,86400,0,1.0,0.999290943,0.999999813,-0.005912474,0,0,0,0,0.0,3.79451,23.337599,2.242629e-11,0.00379451,0.0233376,False,0.025216,False
2017-12-17,RS01SUM1-LJ01B-09-PRESTB102,2,True,2017-12-17T00:00:00Z,2017-12-17T23:59:59Z,86400,86400,0,1.0,0.999272823,0.999999792,-0.000679434,0,0,0,0,-0.0,3.453842,24.214921,-6.969647e-11,0.003453842,0.02421493,False,0.026735,False
2017-12-18,RS01SUM1-LJ01B-09-PRESTB102,2,True,2017-12-18T00:00:00Z,2017-12-18T23:59:59Z,86400,86400,0,1.0,0.999284267,0.999999744,0.001646582,0,0,0,0,-0.0,3.153448,23.499897,-5.995767e-11,0.003153448,0.0234999,False,0.026677,False
2017-12-19,RS01SUM1-LJ01B-09-PRESTB102,2,True,2017-12-19T00:00:00Z,2017-12-19T23:59:59Z,86400,86400,0,1.0,0.999257088,0.999999764,-0.000224645,0,0,0,0,-0.0,4.482677,24.158617,-3.913382e-11,0.004482678,0.02415862,False,0.022342,False
2017-12-20,RS01SUM1-LJ01B-09-PRESTB102,2,True,2017-12-20T00:00:00Z,2017-12-20T23:59:59Z,86400,86400,0,1.0,0.999269009,0.999999769,0.003377877,0,0,0,0,-0.0,3.411012,24.398651,-2.49943e-11,0.003411012,0.02439866,False,0.026705,False
2017-12-21,RS01SUM1-LJ01B-09-PRESTB102,2,True,2017-12-21T00:00:00Z,2017-12-21T23:59:59Z,86400,86400,0,1.0,0.999281883,0.999999716,0.003881634,0,0,0,0,-0.0,3.005354,22.110316,-2.960531e-11,0.003005355,0.02211032,False,0.021483,False
2017-12-22,RS01SUM1-LJ01B-09-PRESTB102,2,True,2017-12-22T00:00:00Z,2017-12-22T23:59:59Z,86400,86400,0,1.0,0.999270439,0.999999718,0.003071582,0,0,0,0,0.0,3.280244,22.065767,7.658827e-12,0.003280245,0.02206577,False,0.022474,False
2017-12-23,RS01SUM1-LJ01B-09-PRESTB102,2,True,2017-12-23T00:00:00Z,2017-12-23T23:59:59Z,86400,86400,0,1.0,0.999274731,0.999999777,0.00185101,0,0,0,0,-0.0,3.225215,22.813587,-5.995551e-12,0.003225216,0.02281359,False,0.023824,False
2017-12-24,RS01SUM1-LJ01B-09-PRESTB102,2,True,2017-12-24T00:00:00Z,2017-12-24T23:59:59Z,86400,86400,0,1.0,0.99926424,0.999999784,0.001682473,0,0,0,0,-0.0,3.056009,20.956655,-5.422751e-11,0.00305601,0.02095666,False,0.021243,False
2017-12-25,RS01SUM1-LJ01B-09-PRESTB102,2,True,2017-12-25T00:00:00Z,2017-12-25T23:59:59Z,86400,86400,0,1.0,0.99927187,0.999999784,-0.005691965,0,0,0,0,-0.0,3.326315,21.848982,-4.969083e-11,0.003326316,0.02184899,False,0.023743,False
2017-12-26,RS01SUM1-LJ01B-09-PRESTB102,2,True,2017-12-26T00:00:00Z,2017-12-26T23:59:59Z,86400,86400,0,1.0,0.999265194,0.999999815,0.000370489,0,0,0,0,-0.0,3.178963,22.616213,-9.475064e-11,0.003178964,0.02261622,False,0.02406,False
2017-12-27,RS01SUM1-LJ01B-09-PRESTB102,2,True,2017-12-27T00:00:00Z,2017-12-27T23:59:59Z,86400,86400,0,1.0,0.999279976,0.99999976,0.001274845,0,0,0,0,-0.0,3.177816,24.023571,-5.866074e-11,0.003177817,0.02402358,False,0.025615,False
2017-12-28,RS01SUM1-LJ01B-09-PRESTB102,2,True,2017-12-28T00:00:00Z,2017-12-28T23:59:59Z,86400,86400,0,1.0,0.999277115,0.999999783,0.002255964,0,0,0,0,-0.0,3.902077,23.255203,-2.970311e-11,0.003902078,0.02325521,False,0.026092,False
2017-12-29,RS01SUM1-LJ01B-09-PRESTB102,2,True,2017-12-29T00:00:00Z,2017-12-29T23:59:59Z,86400,86400,0,1.0,0.999268055,0.999999785,0.002687247,0,0,0,0,-0.0,3.126154,24.149899,-4.85776e-11,0.003126154,0.0241499,False,0.026785,False
2017-12-30,RS01SUM1-LJ01B-09-PRESTB102,2,True,2017-12-30T00:00:00Z,2017-12-30T23:59:59Z,86400,86400,0,1.0,0.999281883,0.999999709,0.000731955,0,0,0,0,-0.0,3.308098,23.536487,-3.420204e-11,0.003308099,0.02353649,False,0.026712,False
2017-12-31,RS01SUM1-LJ01B-09-PRESTB102,2,True,2017-12-31T00:00:00Z,2017-12-31T23:59:59Z,86400,86400,0,1.0,0.999281406,0.999999782,0.000785407,0,0,0,0,-0.0,3.502064,24.015746,-1.193643e-11,0.003502064,0.02401575,False,0.024667,False
2018-01-01,RS01SUM1-LJ01B-09-PRESTB102,2,True,2018-01-01T00:00:00Z,2018-01-01T23:59:59Z,86400,86400,0,1.0,0.999277115,0.99999976,-0.00197865,0,0,0,0,-0.0,3.242233,23.317469,-5.043691e-11,0.003242234,0.02331747,False,0.020931,False
2018-01-02,RS01SUM1-LJ01B-09-PRESTB102,2,True,2018-01-02T00:00:00Z,2018-01-02T23:59:59Z,86400,86400,0,1.0,0.999276638,0.999999778,0.001680281,0,0,0,0,-0.0,3.319707,22.86675,-3.059332e-11,0.003319708,0.02286676,False,0.025454,False
2018-01-03,RS01SUM1-LJ01B-09-PRESTB102,2,True,2018-01-03T00:00:00Z,2018-01-03T23:59:59Z,86400,86400,0,1.0,0.999277115,0.99999978,-0.003503982,0,0,0,0,-0.0,3.350602,22.369245,-3.101822e-12,0.003350603,0.02236925,False,0.021414,False
2018-01-04,RS01SUM1-LJ01B-09-PRESTB102,2,True,2018-01-04T00:00:00Z,2018-01-04T23:59:59Z,86400,86400,0,1.0,0.99926424,0.999999779,-0.001973859,0,0,0,0,-0.0,3.212908,23.193768,-8.213671e-11,0.003212909,0.02319377,False,0.026627,False
2018-01-05,RS01SUM1-LJ01B-09-PRESTB102,2,True,2018-01-05T00:00:00Z,2018-01-05T23:59:59Z,86400,86400,0,1.0,0.999284744,0.999999749,0.00193995,0,0,0,0,-0.0,3.014346,23.241808,-7.844772e-11,0.003014346,0.02324181,False,0.02657,False
2018-01-06,RS01SUM1-LJ01B-09-PRESTB102,2,True,2018-01-06T00:00:00Z,2018-01-06T23:59:59Z,86400,86400,0,1.0,0.999296665,0.999999753,0.003033661,0,0,0,0,0.0,3.362214,23.792858,2.70947e-11,0.003362215,0.02379286,False,0.026676,False
2018-01-07,RS01SUM1-LJ01B-09-PRESTB102,2,True,2018-01-07T00:00:00Z,2018-01-07T23:59:59Z,86400,86400,0,1.0,0.999279022,0.999999733,0.002900348,0,0,0,0,0.0,3.197296,23.969971,1.571425e-12,0.003197297,0.02396998,False,0.026688,False
2018-01-08,RS01SUM1-LJ01B-09-PRESTB102,2,True,2018-01-08T00:00:00Z,2018-01-08T23:59:59Z,86400,86400,0,1.0,0.999287128,0.999999727,0.004443693,0,0,0,0,-0.0,3.356165,23.201123,-2.921407e-11,0.003356166,0.02320113,False,0.024717,False
2018-01-09,RS01SUM1-LJ01B-09-PRESTB102,2,True,2018-01-09T00:00:00Z,2018-01-09T23:59:59Z,86400,86400,0,1.0,0.999285221,0.999999706,0.000117924,0,0,0,0,-0.0,3.104812,21.07901,-3.91849e-11,0.003104813,0.02107902,False,0.02196,False
2018-01-10,RS01SUM1-LJ01B-09-PRESTB102,2,True,2018-01-10T00:00:00Z,2018-01-10T23:59:59Z,86400,86400,0,1.0,0.999284744,0.999999715,-0.001656041,0,0,3,3,0.0,3.121603,22.035752,9.575094e-12,0.003121604,0.02203576,False,0.026216,False
2018-01-11,RS01SUM1-LJ01B-09-PRESTB102,2,True,2018-01-11T00:00:00Z,2018-01-11T23:59:59Z,86401,86401,0,1.0,0.999276161,0.999999663,0.00058369,0,0,28,28,0.0,3.484286,22.6199,9.22236e-11,0.003484287,0.02261991,False,0.021454,False
2018-01-12,RS01SUM1-LJ01B-09-PRESTB102,2,True,2018-01-12T00:00:00Z,2018-01-12T23:59:59Z,86400,86400,0,1.0,0.999287128,0.999999705,0.001231565,0,0,0,0,-0.0,3.147662,23.260633,-7.298445e-11,0.003147663,0.02326064,False,0.024206,False
2018-01-13,RS01SUM1-LJ01B-09-PRESTB102,2,True,2018-01-13T00:00:00Z,2018-01-13T23:59:59Z,86400,86400,0,1.0,0.99928236,0.99999972,-0.000469305,0,0,0,0,-0.0,3.520028,20.69928,-5.294791e-11,0.003520029,0.02069929,False,0.026096,False
2018-01-14,RS01SUM1-LJ01B-09-PRESTB102,2,True,2018-01-14T00:00:00Z,2018-01-14T23:59:59Z,86400,86400,0,1.0,0.999281883,0.99999973,-0.003732636,0,0,0,0,-0.0,3.278098,22.233896,-4.203605e-11,0.003278099,0.0222339,False,0.023159,False
2018-01-15,RS01SUM1-LJ01B-09-PRESTB102,2,True,2018-01-15T00:00:00Z,2018-01-15T23:59:59Z,86400,86400,0,1.0,0.999285221,0.999999651,0.004452435,0,0,0,0,-0.0,4.085772,24.418918,-2.811653e-11,0.004085773,0.02441893,False,0.025249,False
2018-01-16,RS01SUM1-LJ01B-09-PRESTB102,2,True,2018-01-16T00:00:00Z,2018-01-16T23:59:59Z,86400,86400,0,1.0,0.999266148,0.999999698,0.000722601,0,0,0,0,-0.0,3.202563,21.721253,-2.426948e-11,0.003202564,0.02172126,False,0.023725,False
2018-01-17,RS01SUM1-LJ01B-09-PRESTB102,2,True,2018-01-17T00:00:00Z,2018-01-17T23:59:59Z,86400,86400,0,1.0,0.999265671,0.999999723,0.005455781,0,0,0,0,-0.0,3.231792,23.482472,-2.194418e-11,0.003231793,0.02348248,False,0.026135,False
2018-01-18,RS01SUM1-LJ01B-09-PRESTB102,2,True,2018-01-18T00:00:00Z,2018-01-18T23:59:59Z,86400,86400,0,1.0,0.999276638,0.999999731,0.004981022,0,0,0,0,-0.0,3.196494,21.901239,-1.526147e-11,0.003196495,0.02190124,False,0.023467,False
2018-01-19,RS01SUM1-LJ01B-09-PRESTB102,2,True,2018-01-19T00:00:00Z,2018-01-19T23:59:59Z,20790,86441,65651,1.0,0.999370098,0.999464688,1.925880675,1,65651,1,65651,-0.0,1741.935298,3560.478047,-2.250061e-11,1.742868,3.562385,True,0.33487,True
2018-01-20,RS01SUM1-LJ01B-09-PRESTB102,2,True,2018-01-20T00:00:00Z,2018-01-20T23:59:59Z,86400,86400,0,1.0,0.999382019,0.999999707,0.002955949,0,0,0,0,-0.0,3.074249,21.227584,-7.369941e-11,0.00307425,0.02122759,False,0.02267,False
2018-01-21,RS01SUM1-LJ01B-09-PRESTB102,2,True,2018-01-21T00:00:00Z,2018-01-21T23:59:59Z,86400,86400,0,1.0,0.999398232,0.99999974,0.000307257,0,0,0,0,-0.0,3.150513,23.050095,-4.092405e-11,0.003150514,0.0230501,False,0.02617,False
2018-01-22,RS01SUM1-LJ01B-09-PRESTB102,2,True,2018-01-22T00:00:00Z,2018-01-22T23:59:59Z,86400,86400,0,1.0,0.99935627,0.999999743,0.001259926,0,0,0,0,-0.0,3.214227,22.359573,-7.471729e-11,0.003214228,0.02235958,False,0.026349,False
2018-01-23,RS01SUM1-LJ01B-09-PRESTB102,2,True,2018-01-23T00:00:00Z,2018-01-23T23:59:59Z,86400,86400,0,1.0,0.999378204,0.999999779,0.001289655,0,0,0,0,-0.0,3.216274,24.044335,-2.108498e-11,0.003216275,0.02404434,False,0.025974,False
2018-01-24,RS01SUM1-LJ01B-09-PRESTB102,2,True,2018-01-24T00:00:00Z,2018-01-24T23:59:59Z,86400,86400,0,1.0,0.999378204,0.999999762,-0.002493111,0,0,0,0,0.0,3.177801,22.461898,3.613465e-11,0.003177801,0.0224619,False,0.025507,False
2018-01-25,RS01SUM1-LJ01B-09-PRESTB102,2,True,2018-01-25T00:00:00Z,2018-01-25T23:59:59Z,86400,86400,0,1.0,0.999380112,0.999999676,-0.0021935,0,0,0,0,0.0,3.433283,23.579466,2.422134e-11,0.003433284,0.02357947,False,0.026088,False
2018-01-26,RS01SUM1-LJ01B-09-PRESTB102,2,True,2018-01-26T00:00:00Z,2018-01-26T23:59:59Z,86400,86400,0,1.0,0.99923563,0.999999634,0.00744616,0,0,0,0,-0.0,3.502515,22.819988,-1.222475e-10,0.003502516,0.02282,False,0.021843,False
2018-01-27,RS01SUM1-LJ01B-09-PRESTB102,2,True,2018-01-27T00:00:00Z,2018-01-27T23:59:59Z,86400,86400,0,1.0,0.999289989,0.999999694,-0.000314828,0,0,0,0,-0.0,3.19753,23.188218,-5.838068e-12,0.003197531,0.02318823,False,0.026117,False
2018-01-28,RS01SUM1-LJ01B-09-PRESTB102,2,True,2018-01-28T00:00:00Z,2018-01-28T23:59:59Z,86400,86400,0,1.0,0.999277592,0.999999723,0.002400771,0,0,0,0,-0.0,3.260585,20.536636,-3.812005e-11,0.003260586,0.02053664,False,0.02148,False
2018-01-29,RS01SUM1-LJ01B-09-PRESTB102,2,True,2018-01-29T00:00:00Z,2018-01-29T23:59:59Z,86400,86400,0,1.0,0.999269009,0.99999971,-0.000116661,0,0,0,0,-0.0,3.150113,23.030121,-1.438037e-11,0.003150114,0.02303013,False,0.024591,False
2018-01-30,RS01SUM1-LJ01B-09-PRESTB102,2,True,2018-01-30T00:00:00Z,2018-01-30T23:59:59Z,86400,86400,0,1.0,0.999277115,0.999999785,-0.001090698,0,0,0,0,-0.0,3.348211,22.802712,-1.884829e-11,0.003348212,0.02280272,False,0.021543,False
2018-01-31,RS01SUM1-LJ01B-09-PRESTB102,2,True,2018-01-31T00:00:00Z,2018-01-31T23:59:59Z,86400,86400,0,1.0,0.9992733,0.999999786,-0.016669139,0,0,0,0,-0.0,3.317504,22.325421,-1.914163e-11,0.003317505,0.02232543,False,0.024172,False
2018-02-01,RS01SUM1-LJ01B-09-PRESTB102,2,True,2018-02-01T00:00:00Z,2018-02-01T23:59:59Z,86400,86400,0,1.0,0.999263287,0.999999743,-0.003742754,0,0,0,0,0.0,3.112209,22.141007,3.501265e-12,0.00311221,0.02214101,False,0.026734,False
2018-02-02,RS01SUM1-LJ01B-09-PRESTB102,2,True,2018-02-02T00:00:00Z,2018-02-02T23:59:59Z,86400,86400,0,1.0,0.999298573,0.999999808,0.001151056,0,0,0,0,0.0,3.239227,22.517304,4.022245e-12,0.003239228,0.02251731,False,0.021594,False
2018-02-03,RS01SUM1-LJ01B-09-PRESTB102,2,True,2018-02-03T00:00:00Z,2018-02-03T23:59:59Z,86400,86400,0,1.0,0.999274731,0.99999985,-0.005932233,0,0,0,0,-0.0,4.798926,26.259861,-3.702325e-11,0.004798926,0.02625987,False,0.026109,False
2018-02-04,RS01SUM1-LJ01B-09-PRESTB102,2,True,2018-02-04T00:00:00Z,2018-02-04T23:59:59Z,86400,86400,0,1.0,0.999268055,0.999999796,-0.001048256,0,0,0,0,-0.0,3.275312,24.155722,-1.207125e-10,0.003275312,0.02415573,False,0.022949,False
2018-02-05,RS01SUM1-LJ01B-09-PRESTB102,2,True,2018-02-05T00:00:00Z,2018-02-05T23:59:59Z,86400,86400,0,1.0,0.99925375,0.999999803,0.006354531,0,0,0,0,-0.0,3.164961,24.28672,-2.405407e-11,0.003164962,0.02428672,False,0.024728,False
2018-02-06,RS01SUM1-LJ01B-09-PRESTB102,2,True,2018-02-06T00:00:00Z,2018-02-06T23:59:59Z,86400,86400,0,1.0,0.999270916,0.999999723,0.007207187,0,0,0,0,-0.0,3.213002,23.784655,-5.635769e-12,0.003213003,0.02378466,False,0.026191,False
2018-02-07,RS01SUM1-LJ01B-09-PRESTB102,2,True,2018-02-07T00:00:00Z,2018-02-07T23:59:59Z,86400,86400,0,1.0,0.999289989,0.999999755,0.004609928,0,0,0,0,-0.0,3.153626,23.660922,-1.592231e-11,0.003153626,0.02366093,False,0.024975,False
2018-02-08,RS01SUM1-LJ01B-09-PRESTB102,2,True,2018-02-08T00:00:00Z,2018-02-08T23:59:59Z,86400,86400,0,1.0,0.999285221,0.999999797,-0.000656629,0,0,0,0,-0.0,3.440088,22.765358,-3.63943e-11,0.003440088,0.02276536,False,0.026529,False
2018-02-09,RS01SUM1-LJ01B-09-PRESTB102,2,True,2018-02-09T00:00:00Z,2018-02-09T23:59:59Z,86400,86400,0,1.0,0.999259949,0.999999825,0.00070505,0,0,0,0,-0.0,3.167092,24.948125,-2.801581e-11,0.003167092,0.02494813,False,0.026733,False
2018-02-10,RS01SUM1-LJ01B-09-PRESTB102,2,True,2018-02-10T00:00:00Z,2018-02-10T23:59:59Z,86400,86400,0,1.0,0.99926281,0.999999815,-0.002273843,0,0,0,0,-0.0,3.414581,22.436908,-3.867271e-11,0.003414582,0.02243691,False,0.026658,False
2018-02-11,RS01SUM1-LJ01B-09-PRESTB102,2,True,2018-02-11T00:00:00Z,2018-02-11T23:59:59Z,86400,86400,0,1.0,0.999258041,0.999999781,0.000966908,0,0,0,0,0.0,3.510421,23.524271,3.662034e-11,0.003510422,0.02352428,False,0.023283,False
2018-02-12,RS01SUM1-LJ01B-09-PRESTB102,2,True,2018-02-12T00:00:00Z,2018-02-12T23:59:59Z,86400,86400,0,1.0,0.999277115,0.99999979,-0.000164969,0,0,0,0,0.0,3.46339,22.800262,1.882511e-11,0.003463391,0.02280027,False,0.021632,False
2018-02-13,RS01SUM1-LJ01B-09-PRESTB102,2,True,2018-02-13T00:00:00Z,2018-02-13T23:59:59Z,86400,86400,0,1.0,0.999253273,0.999999765,-0.003085043,0,0,0,0,-0.0,3.322218,23.08309,-6.179716e-11,0.003322219,0.0230831,False,0.026715,False
2018-02-14,RS01SUM1-LJ01B-09-PRESTB102,2,True,2018-02-14T00:00:00Z,2018-02-14T23:59:59Z,86400,86400,0,1.0,0.999272823,0.999999732,0.001978856,0,0,0,0,-0.0,3.137081,21.262684,-7.212252e-11,0.003137082,0.02126269,False,0.026736,False
2018-02-15,RS01SUM1-LJ01B-09-PRESTB102,2,True,2018-02-15T00:00:00Z,2018-02-15T23:59:59Z,86400,86400,0,1.0,0.99927187,0.999999757,0.004780504,0,0,0,0,-0.0,4.031561,24.374128,-3.600734e-11,0.004031562,0.02437413,False,0.024581,False
2018-02-16,RS01SUM1-LJ01B-09-PRESTB102,2,True,2018-02-16T00:00:00Z,2018-02-16T23:59:59Z,86400,86400,0,1.0,0.999279976,0.99999983,-0.000720273,0,0,0,0,-0.0,3.443699,23.275887,-4.716857e-11,0.0034437,0.02327589,False,0.024148,False
2018-02-17,RS01SUM1-LJ01B-09-PRESTB102,2,True,2018-02-17T00:00:00Z,2018-02-17T23:59:59Z,86400,86400,0,1.0,0.999269962,0.999999779,-0.008522049,0,0,0,0,-0.0,3.277202,22.6453,-5.420851e-11,0.003277202,0.0226453,False,0.023263,False
2018-02-18,RS01SUM1-LJ01B-09-PRESTB102,2,True,2018-02-18T00:00:00Z,2018-02-18T23:59:59Z,86400,86400,0,1.0,0.999298096,0.999999752,0.001824656,0,0,0,0,-0.0,3.26299,22.692029,-9.482297e-12,0.003262991,0.02269203,False,0.026768,False
2018-02-19,RS01SUM1-LJ01B-09-PRESTB102,2,True,2018-02-19T00:00:00Z,2018-02-19T23:59:59Z,86400,86400,0,1.0,0.999266148,0.99999975,0.001881567,0,0,0,0,-0.0,3.326141,24.586273,-5.080768e-11,0.003326142,0.02458628,False,0.026704,False
2018-02-20,RS01SUM1-LJ01B-09-PRESTB102,2,True,2018-02-20T00:00:00Z,2018-02-20T23:59:59Z,76957,86407,9450,1.0,0.999276161,0.999916873,-1.854013945,1,9450,1,9450,-0.0,1798.866452,3158.992692,-7.221492e-11,1.799016,3.159255,True,0.157975,True
2018-02-21,RS01SUM1-LJ01B-09-PRESTB102,2,True,2018-02-21T00:00:00Z,2018-02-21T23:59:59Z,86400,86400,0,1.0,0.99928236,0.99999984,-0.004909375,0,0,0,0,-0.0,4.034247,25.16926,-4.563956e-11,0.004034248,0.02516926,False,0.024714,False
2018-02-22,RS01SUM1-LJ01B-09-PRESTB102,2,True,2018-02-22T00:00:00Z,2018-02-22T23:59:59Z,85160,86401,1241,1.0,0.99927187,0.999990407,0.242557183,2,1241,2,1241,-0.0,280.157653,568.099364,-2.842662e-11,0.2801603,0.5681048,True,0.339932,True
2018-02-23,RS01SUM1-LJ01B-09-PRESTB102,2,True,2018-02-23T00:00:00Z,2018-02-23T23:59:59Z,86400,86400,0,1.0,0.999274254,0.99999982,-0.000487903,0,0,0,0,0.0,3.168066,21.404904,3.491978e-11,0.003168067,0.02140491,False,0.02241,False
2018-02-24,RS01SUM1-LJ01B-09-PRESTB102,2,True,2018-02-24T00:00:00Z,2018-02-24T23:59:59Z,86400,86400,0,1.0,0.999273777,0.999999774,0.000428772,0,0,0,0,-0.0,3.407117,21.841888,-1.74299e-11,0.003407117,0.02184189,False,0.022795,False
2018-02-25,RS01SUM1-LJ01B-09-PRESTB102,2,True,2018-02-25T00:00:00Z,2018-02-25T23:59:59Z,86400,86400,0,1.0,0.999269962,0.999999799,-0.001367267,0,0,0,0,0.0,3.258294,23.411473,1.857936e-11,0.003258294,0.02341148,False,0.026631,False
2018-02-26,RS01SUM1-LJ01B-09-PRESTB102,2,True,2018-02-26T00:00:00Z,2018-02-26T23:59:59Z,86400,86400,0,1.0,0.999263287,0.999999799,0.000983647,0,0,0,0,-0.0,3.094434,22.700107,-4.838562e-11,0.003094435,0.02270011,False,0.023962,False
2018-02-27,RS01SUM1-LJ01B-09-PRESTB102,2,True,2018-02-27T00:00:00Z,2018-02-27T23:59:59Z,86401,86401,0,1.0,0.999270916,0.999999758,-0.000141582,0,0,27,27,0.0,3.254332,23.261033,4.180139e-11,0.003254332,0.02326104,False,0.026209,False
2018-02-28,RS01SUM1-LJ01B-09-PRESTB102,2,True,2018-02-28T00:00:00Z,2018-02-28T23:59:59Z,86400,86400,0,1.0,0.999285221,0.999999755,0.004566013,0,0,20,20,0.0,3.248937,23.41495,2.122753e-11,0.003248938,0.02341496,False,0.026872,False
2018-03-01,RS01SUM1-LJ01B-09-PRESTB102,2,True,2018-03-01T00:00:00Z,2018-03-01T23:59:59Z,86400,86400,0,1.0,0.99929285,0.999999766,0.004389997,0,0,0,0,-0.0,3.178595,22.023255,-1.049065e-11,0.003178596,0.02202326,False,0.026724,False
2018-03-02,RS01SUM1-LJ01B-09-PRESTB102,2,True,2018-03-02T00:00:00Z,2018-03-02T23:59:59Z,86400,86400,0,1.0,0.999269009,0.999999818,0.00191838,0,0,0,0,-0.0,3.380207,22.874072,-6.050246e-11,0.003380207,0.02287408,False,0.026784,False
2018-03-03,RS01SUM1-LJ01B-09-PRESTB102,2,True,2018-03-03T00:00:00Z,2018-03-03T23:59:59Z,86400,86400,0,1.0,0.999255657,0.999999817,-0.001339262,0,0,0,0,-0.0,3.110546,22.892874,-1.658698e-11,0.003110547,0.02289288,False,0.025382,False
2018-03-04,RS01SUM1-LJ01B-09-PRESTB102,2,True,2018-03-04T00:00:00Z,2018-03-04T23:59:59Z,86400,86400,0,1.0,0.999265671,0.999999817,-0.001979025,0,0,0,0,-0.0,3.306447,23.679004,-3.113874e-11,0.003306448,0.02367901,False,0.024735,False
2018-03-05,RS01SUM1-LJ01B-09-PRESTB102,2,True,2018-03-05T00:00:00Z,2018-03-05T23:59:59Z,86400,86400,0,1.0,0.999271393,0.999999783,-0.003079121,0,0,0,0,-0.0,3.077389,20.342017,-2.89796e-11,0.003077389,0.02034202,False,0.021441,False
2018-03-06,RS01SUM1-LJ01B-09-PRESTB102,2,True,2018-03-06T00:00:00Z,2018-03-06T23:59:59Z,86400,86400,0,1.0,0.99928093,0.999999762,-0.002615529,0,0,0,0,-0.0,3.312801,24.713606,-5.885133e-11,0.003312801,0.02471361,False,0.026663,False
2018-03-07,RS01SUM1-LJ01B-09-PRESTB102,2,True,2018-03-07T00:00:00Z,2018-03-07T23:59:59Z,85950,86400,450,1.0,0.999264717,0.999999797,-0.002766075,3,450,3,450,0.0,3.262529,24.296744,7.371079e-11,0.00326253,0.02429675,False,0.117714,True
2018-03-08,RS01SUM1-LJ01B-09-PRESTB102,2,True,2018-03-08T00:00:00Z,2018-03-08T23:59:59Z,86400,86400,0,1.0,0.999279022,0.999999724,0.002157176,0,0,0,0,-0.0,3.244548,22.319183,-5.096777e-11,0.003244549,0.02231919,False,0.026194,False
2018-03-09,RS01SUM1-LJ01B-09-PRESTB102,2,True,2018-03-09T00:00:00Z,2018-03-09T23:59:59Z,86400,86400,0,1.0,0.999294758,0.99999971,0.002083014,0,0,0,0,-0.0,3.015832,24.450571,-7.671604e-11,0.003015833,0.02445058,False,0.02659,False
2018-03-10,RS01SUM1-LJ01B-09-PRESTB102,2,True,2018-03-10T00:00:00Z,2018-03-10T20:11:00Z,72661,72661,0,1.0,0.999284506,0.999999704,0.002328413,0,0,0,0,-0.0,3.564423,23.983875,-6.039573e-12,0.003564424,0.02398388,False,0.026095,False
2018-03-11,RS01SUM1-LJ01B-09-PRESTB102,2,False,,,0,0,,1.0,,,,,,,,,,,,,,,,False
2018-03-12,RS01SUM1-LJ01B-09-PRESTB102,2,True,2018-03-12T16:23:38Z,2018-03-12T23:59:59Z,27382,27382,0,1.0,0.999376297,0.999999795,0.005121761,0,0,0,0,-0.0,3.051852,22.779768,-2.201744e-12,0.003051853,0.02277977,False,0.02477,False
2018-03-13,RS01SUM1-LJ01B-09-PRESTB102,2,True,2018-03-13T00:00:00Z,2018-03-13T23:59:59Z,86400,86400,0,1.0,0.999372959,0.999999613,0.003291124,0,0,0,0,0.0,3.513454,23.235572,4.778462e-11,0.003513455,0.02323558,False,0.023842,False
2018-03-14,RS01SUM1-LJ01B-09-PRESTB102,2,True,2018-03-14T00:00:00Z,2018-03-14T23:59:59Z,86400,86400,0,1.0,0.999378204,0.999999671,-0.000451631,0,0,0,0,-0.0,3.373838,23.565765,-2.475937e-12,0.003373839,0.02356577,False,0.02492,False
2018-03-15,RS01SUM1-LJ01B-09-PRESTB102,2,True,2018-03-15T00:00:00Z,2018-03-15T23:59:59Z,86400,86400,0,1.0,0.999382973,0.999999737,-0.002716442,0,0,0,0,-0.0,3.341214,21.742745,-3.008863e-11,0.003341215,0.02174275,False,0.022031,False
2018-03-16,RS01SUM1-LJ01B-09-PRESTB102,2,True,2018-03-16T00:00:00Z,2018-03-16T23:59:59Z,86400,86400,0,1.0,0.999368668,0.999999727,-0.005901911,0,0,0,0,-0.0,3.4049,24.337238,-5.612892e-11,0.003404901,0.02433724,False,0.025279,False
2018-03-17,RS01SUM1-LJ01B-09-PRESTB102,2,True,2018-03-17T00:00:00Z,2018-03-17T23:59:59Z,86400,86400,0,1.0,0.999379158,0.999999713,6.2801e-05,0,0,0,0,-0.0,3.113755,22.582314,-8.355491e-11,0.003113756,0.02258232,False,0.024595,False
2018-03-18,RS01SUM1-LJ01B-09-PRESTB102,2,True,2018-03-18T00:00:00Z,2018-03-18T23:59:59Z,86400,86400,0,1.0,0.999376297,0.999999683,-0.000890543,0,0,0,0,-0.0,3.228134,23.83824,-5.309511e-11,0.003228135,0.02383825,False,0.026152,False
2018-03-19,RS01SUM1-LJ01B-09-PRESTB102,2,True,2018-03-19T00:00:00Z,2018-03-19T23:59:59Z,86400,86400,0,1.0,0.999248028,0.999999657,-0.002755877,0,0,0,0,-0.0,3.19278,21.819086,-8.593542e-11,0.003192781,0.02181909,False,0.025235,False
2018-03-20,RS01SUM1-LJ01B-09-PRESTB102,2,True,2018-03-20T00:00:00Z,2018-03-20T23:59:59Z,86400,86400,0,1.0,0.999299049,0.999999652,0.000484664,0,0,0,0,-0.0,3.186215,22.835148,-8.638386e-11,0.003186216,0.02283516,False,0.026106,False
2018-03-21,RS01SUM1-LJ01B-09-PRESTB102,2,True,2018-03-21T00:00:00Z,2018-03-21T23:59:59Z,86400,86400,0,1.0,0.999290943,0.999999699,0.000711812,0,0,0,0,-0.0,3.304205,23.478508,-6.790422e-11,0.003304206,0.02347852,False,0.021972,False
2018-03-22,RS01SUM1-LJ01B-09-PRESTB102,2,True,2018-03-22T00:00:00Z,2018-03-22T23:59:59Z,86400,86400,0,1.0,0.999279022,0.999999781,-0.004275343,0,0,0,0,-0.0,3.293723,24.577411,-7.882048e-11,0.003293723,0.02457742,False,0.024762,False
2018-03-23,RS01SUM1-LJ01B-09-PRESTB102,2,True,2018-03-23T00:00:00Z,2018-03-23T23:59:59Z,86400,86400,0,1.0,0.999302864,0.999999773,-0.004636907,0,0,0,0,-0.0,3.404094,24.471037,-3.263418e-11,0.003404095,0.02447104,False,0.024653,False
2018-03-24,RS01SUM1-LJ01B-09-PRESTB102,2,True,2018-03-24T00:00:00Z,2018-03-24T23:59:59Z,86400,86400,0,1.0,0.999276161,0.999999696,0.004450573,0,0,0,0,-0.0,3.728407,23.760457,-2.891157e-11,0.003728408,0.02376046,False,0.021662,False
2018-03-25,RS01SUM1-LJ01B-09-PRESTB102,2,True,2018-03-25T00:00:00Z,2018-03-25T23:59:59Z,86400,86400,0,1.0,0.999276161,0.999999706,0.007886154,0,0,0,0,-0.0,5.186039,27.169283,-1.932921e-11,0.00518604,0.02716929,False,0.026102,False
2018-03-26,RS01SUM1-LJ01B-09-PRESTB102,2,True,2018-03-26T00:00:00Z,2018-03-26T23:59:59Z,86400,86400,0,1.0,0.999289036,0.999999709,0.00685624,0,0,0,0,-0.0,4.163493,24.17278,-8.574676e-11,0.004163494,0.02417279,False,0.023351,False
2018-03-27,RS01SUM1-LJ01B-09-PRESTB102,2,True,2018-03-27T00:00:00Z,2018-03-27T23:59:59Z,86400,86400,0,1.0,0.999288082,0.999999725,0.003237868,0,0,0,0,-0.0,3.648841,21.979576,-4.523842e-11,0.003648842,0.02197958,False,0.02624,False
2018-03-28,RS01SUM1-LJ01B-09-PRESTB102,2,True,2018-03-28T00:00:00Z,2018-03-28T23:59:59Z,86400,86400,0,1.0,0.999277592,0.999999745,0.002352262,0,0,0,0,-0.0,3.22804,23.565111,-5.088531e-11,0.003228041,0.02356512,False,0.024597,False
2018-03-29,RS01SUM1-LJ01B-09-PRESTB102,2,True,2018-03-29T00:00:00Z,2018-03-29T23:59:59Z,86400,86400,0,1.0,0.999289989,0.999999718,-0.000458128,0,0,0,0,-0.0,3.120272,22.607973,-6.187862e-11,0.003120273,0.02260798,False,0.026593,False
2018-03-30,RS01SUM1-LJ01B-09-PRESTB102,2,True,2018-03-30T00:00:00Z,2018-03-30T23:59:59Z,86400,86400,0,1.0,0.999303818,0.999999707,0.003058379,0,0,0,0,-0.0,3.357931,24.353743,-7.471068e-11,0.003357932,0.02435375,False,0.026066,False
2018-03-31,RS01SUM1-LJ01B-09-PRESTB102,2,True,2018-03-31T00:00:00Z,2018-03-31T23:59:59Z,86400,86400,0,1.0,0.999273777,0.999999776,-0.000674518,0,0,0,0,-0.0,3.121175,22.573383,-3.362872e-11,0.003121176,0.02257339,False,0.024685,False
2018-04-01,RS01SUM1-LJ01B-09-PRESTB102,2,True,2018-04-01T00:00:00Z,2018-04-01T23:59:59Z,86400,86400,0,1.0,0.999270439,0.99999977,-0.002473398,0,0,0,0,0.0,3.667191,22.833484,3.13569e-12,0.003667192,0.02283349,False,0.026026,False
2018-04-02,RS01SUM1-LJ01B-09-PRESTB102,2,True,2018-04-02T00:00:00Z,2018-04-02T23:59:59Z,86400,86400,0,1.0,0.9992733,0.99999977,0.000589179,0,0,0,0,0.0,3.224911,23.330913,3.333371e-11,0.003224912,0.02333092,False,0.025498,False
2018-04-03,RS01SUM1-LJ01B-09-PRESTB102,2,True,2018-04-03T00:00:00Z,2018-04-03T23:59:59Z,86400,86400,0,1.0,0.99928093,0.999999699,-0.000470253,0,0,0,0,0.0,3.267627,21.939855,2.606549e-11,0.003267628,0.02193986,False,0.025447,False
2018-04-04,RS01SUM1-LJ01B-09-PRESTB102,2,True,2018-04-04T00:00:00Z,2018-04-04T23:59:59Z,86400,86400,0,1.0,0.999288559,0.999999678,-0.000409632,0,0,0,0,-0.0,3.150593,23.361324,-1.136843e-11,0.003150594,0.02336133,False,0.022508,False
2018-04-05,RS01SUM1-LJ01B-09-PRESTB102,2,True,2018-04-05T00:00:00Z,2018-04-05T23:59:59Z,86400,86400,0,1.0,0.999279022,0.999999781,0.001669634,0,0,0,0,0.0,3.318554,25.900642,1.305616e-11,0.003318555,0.02590065,False,0.026682,False
2018-04-06,RS01SUM1-LJ01B-09-PRESTB102,2,True,2018-04-06T00:00:00Z,2018-04-06T23:59:59Z,86400,86400,0,1.0,0.999285698,0.999999666,-0.001085666,0,0,0,0,-0.0,5.144395,27.578188,-7.263113e-11,0.005144397,0.0275782,False,0.026683,False
2018-04-07,RS01SUM1-LJ01B-09-PRESTB102,2,True,2018-04-07T00:00:00Z,2018-04-07T23:59:59Z,86400,86400,0,1.0,0.999270916,0.99999969,0.002641474,0,0,0,0,0.0,3.348888,24.966451,4.299791e-11,0.003348889,0.02496646,False,0.024642,False
2018-04-08,RS01SUM1-LJ01B-09-PRESTB102,2,True,2018-04-08T00:00:00Z,2018-04-08T23:59:59Z,86400,86400,0,1.0,0.999279976,0.999999751,0.001317529,0,0,0,0,0.0,3.911338,24.116431,1.083011e-11,0.003911339,0.02411644,False,0.022814,False
2018-04-09,RS01SUM1-LJ01B-09-PRESTB102,2,True,2018-04-09T00:00:00Z,2018-04-09T23:59:59Z,86400,86400,0,1.0,0.999256611,0.999999682,0.001756394,0,0,0,0,0.0,3.238081,20.62326,2.51625e-11,0.003238082,0.02062327,False,0.021267,False
2018-04-10,RS01SUM1-LJ01B-09-PRESTB102,2,True,2018-04-10T00:00:00Z,2018-04-10T23:59:59Z,86401,86401,0,1.0,0.99927783,0.999999685,0.001254152,0,0,33,33,-0.0,3.133017,25.026381,-3.472384e-11,0.003133018,0.02502639,False,0.026767,False
2018-04-11,RS01SUM1-LJ01B-09-PRESTB102,2,True,2018-04-11T00:00:00Z,2018-04-11T23:59:59Z,86400,86400,0,1.0,0.999262333,0.999999726,-0.002775588,0,0,0,0,0.0,3.296964,22.951172,1.961079e-11,0.003296965,0.02295118,False,0.021922,False
2018-04-12,RS01SUM1-LJ01B-09-PRESTB102,2,True,2018-04-12T00:00:00Z,2018-04-12T23:59:59Z,86400,86400,0,1.0,0.999289036,0.999999727,0.001253372,0,0,0,0,-0.0,3.187351,22.588711,-6.936315e-12,0.003187352,0.02258872,False,0.023283,False
2018-04-13,RS01SUM1-LJ01B-09-PRESTB102,2,True,2018-04-13T00:00:00Z,2018-04-13T23:59:59Z,86400,86400,0,1.0,0.999273777,0.99999981,-0.001067953,0,0,0,0,-0.0,3.577969,24.273368,-7.669492e-11,0.00357797,0.02427337,False,0.025423,False
2018-04-14,RS01SUM1-LJ01B-09-PRESTB102,2,True,2018-04-14T00:00:00Z,2018-04-14T23:59:59Z,86400,86400,0,1.0,0.999300003,0.999999733,0.000176766,0,0,0,0,0.0,3.186134,22.082659,2.184122e-11,0.003186135,0.02208266,False,0.026819,False
2018-04-15,RS01SUM1-LJ01B-09-PRESTB102,2,True,2018-04-15T00:00:00Z,2018-04-15T23:59:59Z,86400,86400,0,1.0,0.999278069,0.999999722,-0.001736717,0,0,0,0,-0.0,3.186169,22.880371,-7.08781e-11,0.00318617,0.02288038,False,0.026155,False
2018-04-16,RS01SUM1-LJ01B-09-PRESTB102,2,True,2018-04-16T00:00:00Z,2018-04-16T23:59:59Z,86400,86400,0,1.0,0.999286175,0.999999693,0.00277022,0,0,0,0,0.0,3.107037,21.694806,1.575653e-11,0.003107038,0.02169481,False,0.022855,False
2018-04-17,RS01SUM1-LJ01B-09-PRESTB102,2,True,2018-04-17T00:00:00Z,2018-04-17T23:59:59Z,86400,86400,0,1.0,0.999284744,0.999999694,0.005930497,0,0,0,0,-0.0,3.282654,23.15033,-4.708246e-11,0.003282656,0.02315034,False,0.025547,False
2018-04-18,RS01SUM1-LJ01B-09-PRESTB102,2,True,2018-04-18T00:00:00Z,2018-04-18T23:59:59Z,86400,86400,0,1.0,0.99928093,0.999999677,0.005825532,0,0,0,0,-0.0,3.425522,24.088168,-2.886265e-11,0.003425523,0.02408818,False,0.026023,False
2018-04-19,RS01SUM1-LJ01B-09-PRESTB102,2,True,2018-04-19T00:00:00Z,2018-04-19T23:59:59Z,85551,86400,849,1.0,0.999263287,0.999999718,0.000118399,27,849,27,874,-0.0,6.111135,452.281313,-5.498514e-12,0.006111137,0.4522814,True,0.449619,True
2018-04-20,RS01SUM1-LJ01B-09-PRESTB102,2,True,2018-04-20T00:00:00Z,2018-04-20T23:59:59Z,86400,86400,0,1.0,0.999282837,0.999999724,0.000818159,0,0,0,0,-0.0,3.462468,24.357385,-2.815066e-11,0.003462469,0.02435739,False,0.023457,False
2018-04-21,RS01SUM1-LJ01B-09-PRESTB102,2,True,2018-04-21T00:00:00Z,2018-04-21T23:59:59Z,86400,86400,0,1.0,0.999287128,0.999999732,-0.004911258,0,0,0,0,-0.0,3.31539,25.028938,-3.072032e-11,0.003315391,0.02502894,False,0.026607,False
2018-04-22,RS01SUM1-LJ01B-09-PRESTB102,2,True,2018-04-22T00:00:00Z,2018-04-22T23:59:59Z,86400,86400,0,1.0,0.999279022,0.999999741,0.003642663,0,0,0,0,-0.0,4.383027,24.995722,-5.108869e-11,0.004383029,0.02499573,False,0.026712,False
2018-04-23,RS01SUM1-LJ01B-09-PRESTB102,2,True,2018-04-23T00:00:00Z,2018-04-23T23:59:59Z,86400,86400,0,1.0,0.999269962,0.999999711,0.002273456,0,0,0,0,-0.0,3.461802,25.695073,-1.340867e-11,0.003461803,0.02569508,False,0.026713,False
2018-04-24,RS01SUM1-LJ01B-09-PRESTB102,2,True,2018-04-24T00:00:00Z,2018-04-24T23:59:59Z,86400,86400,0,1.0,0.999277115,0.999999739,0.002470115,0,0,0,0,-0.0,3.127086,24.673033,-5.358746e-11,0.003127087,0.02467304,False,0.026222,False
2018-04-25,RS01SUM1-LJ01B-09-PRESTB102,2,True,2018-04-25T00:00:00Z,2018-04-25T23:59:59Z,86400,86400,0,1.0,0.999286175,0.999999696,-0.010838329,0,0,0,0,-0.0,3.247373,23.442618,-5.932846e-11,0.003247374,0.02344262,False,0.024773,False
2018-04-26,RS01SUM1-LJ01B-09-PRESTB102,2,True,2018-04-26T00:00:00Z,2018-04-26T23:59:59Z,86091,86400,309,1.0,0.999267101,0.999999685,0.004057625,14,309,14,311,-0.0,3.659252,133.322861,-3.093282e-12,0.003659253,0.1333229,False,0.167032,True
2018-04-27,RS01SUM1-LJ01B-09-PRESTB102,2,True,2018-04-27T00:00:00Z,2018-04-27T23:59:59Z,86400,86400,0,1.0,0.999276161,0.999999711,-0.004159345,0,0,0,0,-0.0,3.491184,22.890268,-6.912654e-11,0.003491185,0.02289027,False,0.026139,False
2018-04-28,RS01SUM1-LJ01B-09-PRESTB102,2,True,2018-04-28T00:00:00Z,2018-04-28T23:59:59Z,86400,86400,0,1.0,0.999268055,0.999999727,0.002865666,0,0,0,0,-0.0,3.805766,24.304692,-8.091896e-11,0.003805767,0.0243047,False,0.025467,False
2018-04-29,RS01SUM1-LJ01B-09-PRESTB102,2,True,2018-04-29T00:00:00Z,2018-04-29T23:59:59Z,86400,86400,0,1.0,0.99927187,0.999999769,-0.00741217,0,0,0,0,-0.0,3.974611,26.38019,-1.472758e-11,0.003974612,0.0263802,False,0.026699,False
2018-04-30,RS01SUM1-LJ01B-09-PRESTB102,2,True,2018-04-30T00:00:00Z,2018-04-30T23:59:59Z,86400,86400,0,1.0,0.999290943,0.999999726,0.000604091,0,0,0,0,-0.0,3.048516,21.583795,-3.506166e-11,0.003048517,0.0215838,False,0.026029,False
2018-05-01,RS01SUM1-LJ01B-09-PRESTB102,2,True,2018-05-01T00:00:00Z,2018-05-01T23:59:59Z,86400,86400,0,1.0,0.999285221,0.999999694,0.001989422,0,0,0,0,-0.0,3.590384,24.825085,-6.032266e-11,0.003590385,0.02482509,False,0.025265,False
2018-05-02,RS01SUM1-LJ01B-09-PRESTB102,2,True,2018-05-02T00:00:00Z,2018-05-02T23:59:59Z,86400,86400,0,1.0,0.999269962,0.999999633,0.000256037,0,0,0,0,-0.0,3.387459,22.816637,-1.257652e-10,0.00338746,0.02281665,False,0.021544,False
2018-05-03,RS01SUM1-LJ01B-09-PRESTB102,2,True,2018-05-03T00:00:00Z,2018-05-03T23:59:59Z,86400,86400,0,1.0,0.999263287,0.999999758,0.004624009,0,0,0,0,-0.0,3.367053,23.555906,-2.296137e-11,0.003367054,0.02355591,False,0.026864,False
2018-05-04,RS01SUM1-LJ01B-09-PRESTB102,2,True,2018-05-04T00:00:00Z,2018-05-04T23:59:59Z,86400,86400,0,1.0,0.999285221,0.99999978,0.001222866,0,0,0,0,-0.0,3.590961,22.895725,-6.014003e-11,0.003590961,0.02289573,False,0.026648,False
2018-05-05,RS01SUM1-LJ01B-09-PRESTB102,2,True,2018-05-05T00:00:00Z,2018-05-05T23:59:59Z,86400,86400,0,1.0,0.999259949,0.999999825,-0.000427607,0,0,0,0,-0.0,4.371524,26.737684,-4.302496e-11,0.004371524,0.02673769,False,0.026629,False
2018-05-06,RS01SUM1-LJ01B-09-PRESTB102,2,True,2018-05-06T00:00:00Z,2018-05-06T23:59:59Z,86400,86400,0,1.0,0.999279022,0.999999657,0.0041972,0,0,0,0,-0.0,3.15976,23.125004,-5.71119e-11,0.003159761,0.02312501,False,0.026876,False
2018-05-07,RS01SUM1-LJ01B-09-PRESTB102,2,True,2018-05-07T00:00:00Z,2018-05-07T23:59:59Z,86400,86400,0,1.0,0.999285221,0.999999611,0.003370941,0,0,0,0,-0.0,3.218056,24.784846,-7.585989e-11,0.003218057,0.02478486,False,0.026089,False
2018-05-08,RS01SUM1-LJ01B-09-PRESTB102,2,True,2018-05-08T00:00:00Z,2018-05-08T23:59:59Z,86400,86400,0,1.0,0.99926424,0.999999691,0.004106748,0,0,0,0,-0.0,3.688217,24.346509,-3.908945e-11,0.003688218,0.02434652,False,0.025343,False
2018-05-09,RS01SUM1-LJ01B-09-PRESTB102,2,True,2018-05-09T00:00:00Z,2018-05-09T23:59:59Z,86400,86400,0,1.0,0.999295712,0.999999667,0.000454661,0,0,0,0,-0.0,3.479334,22.52972,-1.328476e-12,0.003479336,0.02252973,False,0.022617,False
2018-05-10,RS01SUM1-LJ01B-09-PRESTB102,2,True,2018-05-10T00:00:00Z,2018-05-10T23:59:59Z,86400,86400,0,1.0,0.999280453,0.999999644,2.9517e-05,0,0,0,0,-0.0,3.359402,22.649244,-5.426545e-11,0.003359404,0.02264925,False,0.026101,False
2018-05-11,RS01SUM1-LJ01B-09-PRESTB102,2,True,2018-05-11T00:00:00Z,2018-05-11T23:59:59Z,86400,86400,0,1.0,0.999285698,0.999999693,0.005297591,0,0,0,0,-0.0,5.433131,24.207484,-5.090615e-11,0.005433133,0.02420749,False,0.026567,False
2018-05-12,RS01SUM1-LJ01B-09-PRESTB102,2,True,2018-05-12T00:00:00Z,2018-05-12T23:59:59Z,86400,86400,0,1.0,0.999279022,0.999999606,-0.009099785,0,0,0,0,-0.0,3.148975,21.525953,-8.885307e-12,0.003148977,0.02152596,False,0.026084,False
2018-05-13,RS01SUM1-LJ01B-09-PRESTB102,2,True,2018-05-13T00:00:00Z,2018-05-13T23:59:59Z,86400,86400,0,1.0,0.999270916,0.999999726,0.002970167,0,0,0,0,-0.0,3.317149,23.010124,-4.005247e-11,0.00331715,0.02301013,False,0.024751,False
2018-05-14,RS01SUM1-LJ01B-09-PRESTB102,2,True,2018-05-14T00:00:00Z,2018-05-14T23:59:59Z,86400,86400,0,1.0,0.999289989,0.999999702,0.002690661,0,0,0,0,-0.0,3.716484,22.110583,-8.006139e-11,0.003716485,0.02211059,False,0.025405,False
2018-05-15,RS01SUM1-LJ01B-09-PRESTB102,2,True,2018-05-15T00:00:00Z,2018-05-15T23:59:59Z,86400,86400,0,1.0,0.999263763,0.999999649,0.002359632,0,0,0,0,-0.0,4.074227,25.747821,-6.460783e-11,0.004074229,0.02574783,False,0.026211,False
2018-05-16,RS01SUM1-LJ01B-09-PRESTB102,2,True,2018-05-16T00:00:00Z,2018-05-16T23:59:59Z,86400,86400,0,1.0,0.99926281,0.999999686,0.001546667,0,0,0,0,-0.0,3.533041,23.784489,-4.118101e-11,0.003533042,0.0237845,False,0.026116,False
2018-05-17,RS01SUM1-LJ01B-09-PRESTB102,2,True,2018-05-17T00:00:00Z,2018-05-17T23:59:59Z,86400,86400,0,1.0,0.999285698,0.99999973,-0.00329575,0,0,0,0,-0.0,4.700654,29.75034,-1.868233e-12,0.004700655,0.02975035,False,0.026083,False
2018-05-18,RS01SUM1-LJ01B-09-PRESTB102,2,True,2018-05-18T00:00:00Z,2018-05-18T23:59:59Z,86244,86400,156,1.0,0.999287128,1.000000033,-0.003484102,4,156,4,156,-0.0,5.143215,25.581627,-5.202681e-12,0.005143215,0.02558163,False,0.075584,True
2018-05-19,RS01SUM1-LJ01B-09-PRESTB102,2,True,2018-05-19T00:00:00Z,2018-05-19T23:59:59Z,86400,86400,0,1.0,0.999266148,0.999999768,-0.006033192,0,0,0,0,0.0,3.749334,23.293211,6.920244e-12,0.003749335,0.02329322,False,0.026824,False
2018-05-20,RS01SUM1-LJ01B-09-PRESTB102,2,True,2018-05-20T00:00:00Z,2018-05-20T23:59:59Z,86400,86400,0,1.0,0.999279022,0.999999667,-0.000128837,0,0,0,0,0.0,3.57942,22.78037,1.428304e-11,0.003579421,0.02278038,False,0.026042,False
2018-05-21,RS01SUM1-LJ01B-09-PRESTB102,2,True,2018-05-21T00:00:00Z,2018-05-21T23:59:59Z,86401,86401,0,1.0,0.999269962,0.999999763,0.004243502,0,0,36,36,-0.0,3.202039,23.371736,-8.006225e-11,0.00320204,0.02337174,False,0.024121,False
2018-05-22,RS01SUM1-LJ01B-09-PRESTB102,2,True,2018-05-22T00:00:00Z,2018-05-22T23:59:59Z,86400,86400,0,1.0,0.999270916,0.999999736,0.003059617,0,0,0,0,-0.0,3.555449,23.507602,-5.354561e-11,0.00355545,0.02350761,False,0.02477,False
2018-05-23,RS01SUM1-LJ01B-09-PRESTB102,2,True,2018-05-23T00:00:00Z,2018-05-23T23:59:59Z,86400,86400,0,1.0,0.999277115,0.999999682,0.001263227,0,0,0,0,-0.0,4.739507,23.737872,-4.855602e-11,0.004739508,0.02373788,False,0.021354,False
2018-05-24,RS01SUM1-LJ01B-09-PRESTB102,2,True,2018-05-24T00:00:00Z,2018-05-24T23:59:59Z,86400,86400,0,1.0,0.999311924,0.999999762,0.005472224,0,0,0,0,-0.0,3.594731,22.949852,-4.498484e-11,0.003594731,0.02294986,False,0.021474,False
2018-05-25,RS01SUM1-LJ01B-09-PRESTB102,2,True,2018-05-25T00:00:00Z,2018-05-25T23:59:59Z,86400,86400,0,1.0,0.999265671,0.999999711,0.000660431,0,0,0,0,-0.0,3.848879,24.196785,-7.681417e-12,0.00384888,0.02419679,False,0.024677,False
2018-05-26,RS01SUM1-LJ01B-09-PRESTB102,2,True,2018-05-26T00:00:00Z,2018-05-26T23:59:59Z,86400,86400,0,1.0,0.999289036,0.999999725,-0.003577252,0,0,0,0,-0.0,3.660316,23.151446,-4.227218e-11,0.003660317,0.02315145,False,0.024264,False
2018-05-27,RS01SUM1-LJ01B-09-PRESTB102,2,True,2018-05-27T00:00:00Z,2018-05-27T23:59:59Z,86400,86400,0,1.0,0.999269009,0.999999729,-0.005821106,0,0,0,0,-0.0,4.062552,23.773927,-1.510219e-11,0.004062554,0.02377393,False,0.024745,False
2018-05-28,RS01SUM1-LJ01B-09-PRESTB102,2,True,2018-05-28T00:00:00Z,2018-05-28T23:59:59Z,86400,86400,0,1.0,0.999278069,0.999999714,0.001403274,0,0,0,0,-0.0,3.426196,23.964528,-2.353824e-12,0.003426197,0.02396454,False,0.02674,False
2018-05-29,RS01SUM1-LJ01B-09-PRESTB102,2,True,2018-05-29T00:00:00Z,2018-05-29T23:59:59Z,86400,86400,0,1.0,0.99928093,0.999999722,0.0023634,0,0,0,0,-0.0,3.210398,23.331996,-3.380571e-11,0.003210399,0.023332,False,0.024624,False
2018-05-30,RS01SUM1-LJ01B-09-PRESTB102,2,False,,,0,0,,1.0,,,,,,,,,,,,,,,,False
2018-05-31,RS01SUM1-LJ01B-09-PRESTB102,2,True,2018-05-31T00:00:00Z,2018-05-31T23:59:59Z,86400,86400,0,1.0,0.999279976,0.999999723,-0.00362867,0,0,0,0,-0.0,3.451788,25.382735,-1.392361e-11,0.003451789,0.02538274,False,0.0238,False
2018-06-01,RS01SUM1-LJ01B-09-PRESTB102,2,True,2018-06-01T00:00:00Z,2018-06-01T23:59:59Z,86400,86400,0,1.0,0.999267578,0.999999737,-0.000139612,0,0,0,0,-0.0,3.404495,23.286613,-5.451759e-11,0.003404496,0.02328662,False,0.022555,False
2018-06-02,RS01SUM1-LJ01B-09-PRESTB102,2,True,2018-06-02T00:00:00Z,2018-06-02T23:59:59Z,86400,86400,0,1.0,0.99927187,0.999999689,-0.000171213,0,0,0,0,0.0,3.481057,24.62602,9.397164e-13,0.003481058,0.02462603,False,0.026118,False
2018-06-03,RS01SUM1-LJ01B-09-PRESTB102,2,True,2018-06-03T00:00:00Z,2018-06-03T23:59:59Z,86400,86400,0,1.0,0.999279976,0.999999693,0.001776821,0,0,0,0,-0.0,3.095937,21.167084,-1.047136e-11,0.003095938,0.02116709,False,0.021636,False
2018-06-04,RS01SUM1-LJ01B-09-PRESTB102,2,True,2018-06-04T00:00:00Z,2018-06-04T23:59:59Z,86400,86400,0,1.0,0.999275684,0.999999695,-0.002794718,0,0,0,0,-0.0,3.794527,25.516595,-3.126305e-11,0.003794528,0.0255166,False,0.026783,False
2018-06-05,RS01SUM1-LJ01B-09-PRESTB102,2,True,2018-06-05T00:00:00Z,2018-06-05T23:59:59Z,86295,86400,105,1.0,0.99927187,0.999999763,0.00654792,1,105,1,105,-0.0,4.082271,24.555447,-1.02842e-11,0.004082272,0.02455545,False,0.080735,True
2018-06-06,RS01SUM1-LJ01B-09-PRESTB102,2,True,2018-06-06T00:00:00Z,2018-06-06T23:59:59Z,86400,86400,0,1.0,0.999277115,0.999999708,-0.005557703,0,0,0,0,0.0,3.344308,23.007727,3.533005e-11,0.003344309,0.02300773,False,0.02672,False
2018-06-07,RS01SUM1-LJ01B-09-PRESTB102,2,True,2018-06-07T00:00:00Z,2018-06-07T23:59:59Z,86400,86400,0,1.0,0.999286175,0.999999658,0.001732002,0,0,0,0,-0.0,3.435182,25.46555,-3.431481e-11,0.003435183,0.02546556,False,0.026072,False
2018-06-08,RS01SUM1-LJ01B-09-PRESTB102,2,True,2018-06-08T00:00:00Z,2018-06-08T23:59:59Z,82170,86403,4233,1.0,0.999300957,0.999965303,0.858449256,1,4233,1,4233,-0.0,822.327261,1445.383033,-8.085081e-11,0.8223558,1.445433,True,0.046826,True
2018-06-09,RS01SUM1-LJ01B-09-PRESTB102,2,True,2018-06-09T00:00:00Z,2018-06-09T23:59:59Z,86400,86400,0,1.0,0.999372005,0.999999689,-0.001420118,0,0,0,0,-0.0,3.239085,22.620266,-6.967395e-11,0.003239086,0.02262027,False,0.0226,False
2018-06-10,RS01SUM1-LJ01B-09-PRESTB102,2,True,2018-06-10T00:00:00Z,2018-06-10T23:59:59Z,86400,86400,0,1.0,0.999382019,0.999999682,0.000698483,0,0,0,0,-0.0,3.211888,23.173671,-3.943572e-11,0.003211889,0.02317368,False,0.025498,False
2018-06-11,RS01SUM1-LJ01B-09-PRESTB102,2,True,2018-06-11T00:00:00Z,2018-06-11T23:59:59Z,86400,86400,0,1.0,0.999376297,0.999999696,0.003644131,0,0,0,0,-0.0,3.988196,25.977236,-4.793945e-11,0.003988197,0.02597724,False,0.025578,False
2018-06-12,RS01SUM1-LJ01B-09-PRESTB102,2,True,2018-06-12T00:00:00Z,2018-06-12T23:59:59Z,86400,86400,0,1.0,0.999367237,0.999999643,0.00096502,0,0,0,0,-0.0,3.32494,23.608017,-3.087975e-11,0.003324942,0.02360803,False,0.024705,False
2018-06-13,RS01SUM1-LJ01B-09-PRESTB102,2,True,2018-06-13T00:00:00Z,2018-06-13T23:59:59Z,86400,86400,0,1.0,0.999379158,0.999999681,0.000777531,0,0,0,0,-0.0,3.110238,23.079408,-1.041777e-10,0.003110239,0.02307941,False,0.023898,False
2018-06-14,RS01SUM1-LJ01B-09-PRESTB102,2,True,2018-06-14T00:00:00Z,2018-06-14T23:59:59Z,86400,86400,0,1.0,0.99938488,0.999999744,0.001920452,0,0,0,0,-0.0,3.759819,25.419325,-8.124296e-12,0.00375982,0.02541933,False,0.026241,False
2018-06-15,RS01SUM1-LJ01B-09-PRESTB102,2,True,2018-06-15T00:00:00Z,2018-06-15T23:59:59Z,86400,86400,0,1.0,0.999256134,0.999999751,-0.001423869,0,0,0,0,0.0,3.160686,23.231307,1.307087e-11,0.003160687,0.02323131,False,0.026738,False
2018-06-16,RS01SUM1-LJ01B-09-PRESTB102,2,True,2018-06-16T00:00:00Z,2018-06-16T23:59:59Z,86299,86400,101,1.0,0.999263763,0.999999778,0.000956447,1,101,1,101,-0.0,3.161864,22.622977,-4.628024e-11,0.003161865,0.02262298,False,0.076832,True
2018-06-17,RS01SUM1-LJ01B-09-PRESTB102,2,True,2018-06-17T00:00:00Z,2018-06-17T23:59:59Z,86400,86400,0,1.0,0.99928093,0.99999976,-0.001708308,0,0,0,0,-0.0,3.148714,23.255963,-1.490777e-11,0.003148714,0.02325597,False,0.026625,False
2018-06-18,RS01SUM1-LJ01B-09-PRESTB102,2,True,2018-06-18T00:00:00Z,2018-06-18T23:59:59Z,86400,86400,0,1.0,0.999269009,0.999999788,-0.00627296,0,0,0,0,-0.0,4.662483,28.969713,-6.339357e-11,0.004662484,0.02896972,False,0.026116,False
2018-06-19,RS01SUM1-LJ01B-09-PRESTB102,2,True,2018-06-19T00:00:00Z,2018-06-19T23:59:59Z,86400,86400,0,1.0,0.999269962,0.999999749,0.003445419,0,0,0,0,0.0,4.191045,25.416945,3.617596e-11,0.004191046,0.02541695,False,0.026758,False
2018-06-20,RS01SUM1-LJ01B-09-PRESTB102,2,True,2018-06-20T00:00:00Z,2018-06-20T23:59:59Z,86400,86400,0,1.0,0.999281883,0.999999708,-0.002087077,0,0,0,0,-0.0,3.357618,23.826757,-3.864153e-11,0.003357619,0.02382676,False,0.024863,False
2018-06-21,RS01SUM1-LJ01B-09-PRESTB102,2,True,2018-06-21T00:00:00Z,2018-06-21T23:59:59Z,86400,86400,0,1.0,0.999275208,0.999999698,-0.000523584,0,0,0,0,-0.0,3.20094,22.365555,-4.658135e-11,0.003200941,0.02236556,False,0.026075,False
2018-06-22,RS01SUM1-LJ01B-09-PRESTB102,2,True,2018-06-22T00:00:00Z,2018-06-22T23:59:59Z,86400,86400,0,1.0,0.999279976,0.999999739,0.003349524,0,0,0,0,-0.0,3.060942,21.597405,-2.844546e-12,0.003060942,0.02159741,False,0.025422,False
2018-06-23,RS01SUM1-LJ01B-09-PRESTB102,2,True,2018-06-23T00:00:00Z,2018-06-23T23:59:59Z,86299,86400,101,1.0,0.999275923,0.999999735,0.00461287,1,101,1,101,0.0,3.246147,23.597953,6.84333e-11,0.003246148,0.02359796,False,0.072351,True
2018-06-24,RS01SUM1-LJ01B-09-PRESTB102,2,True,2018-06-24T00:00:00Z,2018-06-24T23:59:59Z,86400,86400,0,1.0,0.999285698,0.999999742,0.001210214,0,0,0,0,-0.0,3.179742,21.91727,-1.86268e-11,0.003179743,0.02191728,False,0.021759,False
2018-06-25,RS01SUM1-LJ01B-09-PRESTB102,2,True,2018-06-25T00:00:00Z,2018-06-25T23:59:59Z,86400,86400,0,1.0,0.999273777,0.999999655,0.004068969,0,0,0,0,-0.0,3.215587,22.660278,-4.424351e-11,0.003215588,0.02266029,False,0.026726,False
2018-06-26,RS01SUM1-LJ01B-09-PRESTB102,2,True,2018-06-26T00:00:00Z,2018-06-26T23:59:59Z,86400,86400,0,1.0,0.999272823,0.999999619,0.003049307,0,0,0,0,-0.0,3.928303,24.581257,-1.42606e-11,0.003928304,0.02458127,False,0.026833,False
2018-06-27,RS01SUM1-LJ01B-09-PRESTB102,2,True,2018-06-27T00:00:00Z,2018-06-27T23:59:59Z,86400,86400,0,1.0,0.999279022,0.99999968,5.9805e-05,0,0,0,0,-0.0,4.708064,25.607445,-8.3488e-11,0.004708066,0.02560745,False,0.026665,False
2018-06-28,RS01SUM1-LJ01B-09-PRESTB102,2,True,2018-06-28T00:00:00Z,2018-06-28T23:59:59Z,86400,86400,0,1.0,0.999277115,0.999999656,0.001316652,0,0,0,0,-0.0,3.439219,25.216834,-3.052075e-11,0.00343922,0.02521684,False,0.026596,False
2018-06-29,RS01SUM1-LJ01B-09-PRESTB102,2,True,2018-06-29T00:00:00Z,2018-06-29T23:59:59Z,86400,86400,0,1.0,0.999309063,0.999999702,-3.1407e-05,0,0,0,0,0.0,3.162477,21.612364,4.593505e-11,0.003162478,0.02161237,False,0.021905,False
2018-06-30,RS01SUM1-LJ01B-09-PRESTB102,2,True,2018-06-30T00:00:00Z,2018-06-30T23:59:59Z,86401,86401,0,1.0,0.999274492,0.999999679,-0.000189431,0,0,26,26,-0.0,3.080439,23.092421,-1.142873e-10,0.00308044,0.02309243,False,0.025366,False
2018-07-01,RS01SUM1-LJ01B-09-PRESTB102,2,True,2018-07-01T00:00:00Z,2018-07-01T23:59:59Z,86400,86400,0,1.0,0.999279976,0.999999733,-0.004433267,0,0,3,3,0.0,3.420241,21.853702,5.209487e-11,0.003420241,0.02185371,False,0.02344,False
2018-07-02,RS01SUM1-LJ01B-09-PRESTB102,2,True,2018-07-02T00:00:00Z,2018-07-02T23:59:59Z,86400,86400,0,1.0,0.999278545,0.999999738,-0.011351584,0,0,0,0,-0.0,3.761559,23.009774,-7.107888e-11,0.00376156,0.02300978,False,0.026751,False
2018-07-03,RS01SUM1-LJ01B-09-PRESTB102,2,True,2018-07-03T00:00:00Z,2018-07-03T23:59:59Z,86400,86400,0,1.0,0.999272823,0.999999773,0.007067008,0,0,0,0,0.0,3.39253,22.270688,2.073101e-11,0.003392531,0.02227069,False,0.024039,False
2018-07-04,RS01SUM1-LJ01B-09-PRESTB102,2,True,2018-07-04T00:00:00Z,2018-07-04T23:59:59Z,86400,86400,0,1.0,0.999279022,0.999999684,0.002228721,0,0,0,0,-0.0,3.451362,22.416156,-6.089e-12,0.003451363,0.02241616,False,0.022629,False
2018-07-05,RS01SUM1-LJ01B-09-PRESTB102,2,True,2018-07-05T00:00:00Z,2018-07-05T23:59:59Z,86290,86400,110,1.0,0.99929285,0.99999973,0.001698454,6,110,6,110,-0.0,3.103188,21.834868,-3.212071e-11,0.003103189,0.02183487,False,0.0299,True
2018-07-06,RS01SUM1-LJ01B-09-PRESTB102,2,True,2018-07-06T00:00:00Z,2018-07-06T23:59:59Z,86232,86400,168,1.0,0.999270916,0.99999965,-0.00188275,5,168,5,169,-0.0,3.173665,130.698965,-2.505863e-11,0.003173666,0.130699,False,0.132407,True
2018-07-07,RS01SUM1-LJ01B-09-PRESTB102,2,True,2018-07-07T00:00:00Z,2018-07-07T23:59:59Z,86400,86400,0,1.0,0.999279976,0.999999789,0.004573854,0,0,0,0,-0.0,3.424943,25.068222,-5.821817e-11,0.003424944,0.02506823,False,0.026569,False
2018-07-08,RS01SUM1-LJ01B-09-PRESTB102,2,True,2018-07-08T00:00:00Z,2018-07-08T23:59:59Z,86400,86400,0,1.0,0.999290943,0.999999761,0.001873855,0,0,0,0,-0.0,3.213886,23.404791,-9.977013e-11,0.003213887,0.0234048,False,0.026659,False
2018-07-09,RS01SUM1-LJ01B-09-PRESTB102,2,True,2018-07-09T00:00:00Z,2018-07-09T23:59:59Z,86400,86400,0,1.0,0.999298096,0.999999812,0.003070044,0,0,0,0,-0.0,3.177426,22.845811,-6.830871e-11,0.003177426,0.02284581,False,0.024666,False
2018-07-10,RS01SUM1-LJ01B-09-PRESTB102,2,True,2018-07-10T00:00:00Z,2018-07-10T23:59:59Z,86400,86400,0,1.0,0.999300003,0.999999776,0.000343329,0,0,0,0,-0.0,3.247887,21.96222,-9.85784e-11,0.003247888,0.02196222,False,0.021346,False
2018-07-11,RS01SUM1-LJ01B-09-PRESTB102,2,True,2018-07-11T00:00:00Z,2018-07-11T23:59:59Z,86400,86400,0,1.0,0.999303818,0.999999721,-0.001486419,0,0,0,0,0.0,3.16317,22.315792,2.851944e-13,0.003163171,0.0223158,False,0.024657,False
2018-07-12,RS01SUM1-LJ01B-09-PRESTB102,2,True,2018-07-12T00:00:00Z,2018-07-12T23:59:59Z,86400,86400,0,1.0,0.999286175,0.999999759,-0.000660097,0,0,0,0,-0.0,3.15093,22.198075,-2.776367e-11,0.003150931,0.02219808,False,0.025371,False
2018-07-13,RS01SUM1-LJ01B-09-PRESTB102,2,True,2018-07-13T00:00:00Z,2018-07-13T23:59:59Z,86400,86400,0,1.0,0.999279976,0.999999759,0.000739542,0,0,0,0,0.0,3.116645,22.608565,2.497855e-11,0.003116645,0.02260857,False,0.026108,False
2018-07-14,RS01SUM1-LJ01B-09-PRESTB102,2,True,2018-07-14T00:00:00Z,2018-07-14T23:59:59Z,86400,86400,0,1.0,0.99928236,0.999999718,0.004071403,0,0,0,0,-0.0,3.601477,23.209162,-3.457189e-11,0.003601478,0.02320917,False,0.026542,False
2018-07-15,RS01SUM1-LJ01B-09-PRESTB102,2,True,2018-07-15T00:00:00Z,2018-07-15T23:59:59Z,86400,86400,0,1.0,0.999275208,0.999999764,0.003953172,0,0,0,0,-0.0,3.168745,20.870174,-1.218633e-11,0.003168746,0.02087018,False,0.023391,False
2018-07-16,RS01SUM1-LJ01B-09-PRESTB102,2,True,2018-07-16T00:00:00Z,2018-07-16T23:59:59Z,86400,86400,0,1.0,0.99928093,0.999999803,0.000154603,0,0,0,0,-0.0,3.387451,23.975759,-5.152702e-11,0.003387452,0.02397576,False,0.025963,False
2018-07-17,RS01SUM1-LJ01B-09-PRESTB102,2,True,2018-07-17T00:00:00Z,2018-07-17T23:59:59Z,85641,86401,760,1.0,0.999282598,0.999984399,-0.005755548,1,760,1,760,-0.0,269.739716,554.546165,-1.956676e-11,0.2697439,0.5545548,True,0.455102,True
2018-07-18,RS01SUM1-LJ01B-09-PRESTB102,2,True,2018-07-18T00:00:00Z,2018-07-18T23:59:59Z,86400,86400,0,1.0,0.999281883,0.999999753,-0.00360436,0,0,0,0,-0.0,3.203283,22.704219,-4.787466e-11,0.003203284,0.02270422,False,0.025218,False
2018-07-19,RS01SUM1-LJ01B-09-PRESTB102,2,True,2018-07-19T00:00:00Z,2018-07-19T23:59:59Z,86400,86400,0,1.0,0.999276638,0.999999803,-0.008205601,0,0,0,0,-0.0,3.317528,25.197529,-4.079542e-11,0.003317529,0.02519753,False,0.025502,False
2018-07-20,RS01SUM1-LJ01B-09-PRESTB102,2,True,2018-07-20T00:00:00Z,2018-07-20T23:59:59Z,86400,86400,0,1.0,0.999289989,0.999999711,0.001373413,0,0,0,0,0.0,3.234264,22.576151,1.741759e-11,0.003234265,0.02257616,False,0.0261,False
2018-07-21,RS01SUM1-LJ01B-09-PRESTB102,2,True,2018-07-21T00:00:00Z,2018-07-21T23:59:59Z,86400,86400,0,1.0,0.999279022,0.99999976,0.004007389,0,0,0,0,-0.0,3.670312,24.005122,-6.329686e-11,0.003670313,0.02400513,False,0.026576,False
2018-07-22,RS01SUM1-LJ01B-09-PRESTB102,2,True,2018-07-22T00:00:00Z,2018-07-22T23:59:59Z,86400,86400,0,1.0,0.999277115,0.999999775,0.000598755,0,0,0,0,-0.0,3.414983,24.380761,-7.64246e-11,0.003414984,0.02438077,False,0.026676,False
2018-07-23,RS01SUM1-LJ01B-09-PRESTB102,2,True,2018-07-23T00:00:00Z,2018-07-23T23:59:59Z,86400,86400,0,1.0,0.999269009,0.999999783,-0.002585377,0,0,0,0,-0.0,3.301537,23.513792,-4.432797e-11,0.003301538,0.0235138,False,0.021836,False
2018-07-24,RS01SUM1-LJ01B-09-PRESTB102,2,True,2018-07-24T00:00:00Z,2018-07-24T23:59:59Z,86400,86400,0,1.0,0.999284744,0.999999758,0.004414107,0,0,0,0,-0.0,3.191685,22.862222,-9.537994e-11,0.003191686,0.02286223,False,0.025991,False
2018-07-25,RS01SUM1-LJ01B-09-PRESTB102,2,True,2018-07-25T00:00:00Z,2018-07-25T23:59:59Z,86400,86400,0,1.0,0.999275208,0.999999744,0.000599223,0,0,0,0,-0.0,3.114126,23.554616,-6.811434e-12,0.003114127,0.02355462,False,0.024817,False
2018-07-26,RS01SUM1-LJ01B-09-PRESTB102,2,True,2018-07-26T00:00:00Z,2018-07-26T23:59:59Z,86400,86400,0,1.0,0.99928093,0.999999808,-0.003867899,0,0,0,0,-0.0,3.313418,24.341882,-1.056365e-11,0.003313418,0.02434189,False,0.026179,False
2018-07-27,RS01SUM1-LJ01B-09-PRESTB102,2,True,2018-07-27T00:00:00Z,2018-07-27T23:59:59Z,86400,86400,0,1.0,0.999274254,0.999999774,0.001717123,0,0,0,0,0.0,3.640601,22.70873,2.167243e-11,0.003640602,0.02270873,False,0.024644,False
2018-07-28,RS01SUM1-LJ01B-09-PRESTB102,2,True,2018-07-28T00:00:00Z,2018-07-28T23:59:59Z,86400,86400,0,1.0,0.999297142,0.999999734,-0.000845759,0,0,0,0,-0.0,3.396782,22.84751,-1.504326e-11,0.003396782,0.02284752,False,0.0266,False
2018-07-29,RS01SUM1-LJ01B-09-PRESTB102,2,True,2018-07-29T00:00:00Z,2018-07-29T23:59:59Z,86400,86400,0,1.0,0.99928236,0.999999678,-0.00546393,0,0,0,0,-0.0,3.627976,24.173896,-7.621957e-12,0.003627977,0.0241739,False,0.022498,False
2018-07-30,RS01SUM1-LJ01B-09-PRESTB102,2,True,2018-07-30T00:00:00Z,2018-07-30T23:59:59Z,86400,86400,0,1.0,0.999283791,0.999999796,0.001578332,0,0,0,0,-0.0,3.817064,24.751959,-6.241662e-11,0.003817065,0.02475196,False,0.024762,False
2018-07-31,RS01SUM1-LJ01B-09-PRESTB102,2,True,2018-07-31T00:00:00Z,2018-07-31T23:59:59Z,86400,86400,0,1.0,0.999281406,0.999999796,-0.000923399,0,0,0,0,-0.0,3.58143,23.584255,-4.258051e-11,0.003581431,0.02358426,False,0.025605,False
2018-08-01,RS01SUM1-LJ01B-09-PRESTB102,2,True,2018-08-01T00:00:00Z,2018-08-01T23:59:59Z,86400,86400,0,1.0,0.999280453,0.999999801,0.001509446,0,0,0,0,-0.0,3.451636,23.138073,-2.963401e-12,0.003451637,0.02313808,False,0.026738,False
2018-08-02,RS01SUM1-LJ01B-09-PRESTB102,2,True,2018-08-02T00:00:00Z,2018-08-02T23:59:59Z,86400,86400,0,1.0,0.999294758,0.99999978,-0.002505921,0,0,0,0,-0.0,3.29489,21.678453,-4.012631e-11,0.003294891,0.02167846,False,0.022394,False
2018-08-03,RS01SUM1-LJ01B-09-PRESTB102,2,True,2018-08-03T00:00:00Z,2018-08-03T23:59:59Z,86400,86400,0,1.0,0.99928093,0.999999825,-0.003009082,0,0,0,0,-0.0,3.263196,24.0034,-9.070497e-12,0.003263197,0.0240034,False,0.023817,False
2018-08-04,RS01SUM1-LJ01B-09-PRESTB102,2,True,2018-08-04T00:00:00Z,2018-08-04T23:59:59Z,86400,86400,0,1.0,0.999287128,0.999999773,0.002974136,0,0,0,0,-0.0,3.199101,22.01703,-5.316577e-11,0.003199102,0.02201703,False,0.024674,False
2018-08-05,RS01SUM1-LJ01B-09-PRESTB102,2,True,2018-08-05T00:00:00Z,2018-08-05T23:59:59Z,86400,86400,0,1.0,0.999277115,0.999999742,-0.007890431,0,0,0,0,-0.0,3.394907,23.440707,-8.486018e-11,0.003394908,0.02344071,False,0.022336,False
2018-08-06,RS01SUM1-LJ01B-09-PRESTB102,2,True,2018-08-06T00:00:00Z,2018-08-06T23:59:59Z,86400,86400,0,1.0,0.999314785,0.999999809,-0.002216,0,0,0,0,-0.0,3.235631,20.709229,-1.246711e-11,0.003235632,0.02070923,False,0.023878,False
2018-08-07,RS01SUM1-LJ01B-09-PRESTB102,2,True,2018-08-07T00:00:00Z,2018-08-07T23:59:59Z,86400,86400,0,1.0,0.999289989,0.999999756,0.004613454,0,0,0,0,-0.0,3.797297,23.671813,-6.510169e-11,0.003797298,0.02367182,False,0.026635,False
2018-08-08,RS01SUM1-LJ01B-09-PRESTB102,2,True,2018-08-08T00:00:00Z,2018-08-08T23:59:59Z,86400,86400,0,1.0,0.999289036,0.999999789,0.000805035,0,0,0,0,-0.0,3.281316,24.684669,-2.217874e-11,0.003281317,0.02468467,False,0.026652,False
2018-08-09,RS01SUM1-LJ01B-09-PRESTB102,2,True,2018-08-09T00:00:00Z,2018-08-09T23:59:59Z,86400,86400,0,1.0,0.999296665,0.999999744,0.001452739,0,0,0,0,0.0,3.346716,23.625158,2.886713e-11,0.003346717,0.02362516,False,0.024655,False
2018-08-10,RS01SUM1-LJ01B-09-PRESTB102,2,True,2018-08-10T00:00:00Z,2018-08-10T21:27:31Z,77252,77252,0,1.0,0.999284267,0.999999734,-0.001377832,0,0,0,0,0.0,3.152719,22.170337,3.924251e-11,0.00315272,0.02217034,False,0.026799,False
2018-08-11,RS01SUM1-LJ01B-09-PRESTB102,2,False,,,0,0,,1.0,,,,,,,,,,,,,,,,False
2018-08-12,RS01SUM1-LJ01B-09-PRESTB102,2,False,,,0,0,,1.0,,,,,,,,,,,,,,,,False
2018-08-13,RS01SUM1-LJ01B-09-PRESTB102,2,True,2018-08-13T18:15:54Z,2018-08-13T23:59:59Z,20504,20646,142,1.0,0.999642849,0.999999751,-0.000946118,2,142,2,142,-0.0,3.17732,20.205772,-6.88172e-12,0.003177321,0.02020578,False,0.051589,True
2018-08-14,RS01SUM1-LJ01B-09-PRESTB102,2,True,2018-08-14T00:00:00Z,2018-08-14T23:59:59Z,86400,86400,0,1.0,0.999611855,0.999999719,0.003876874,0,0,0,0,-0.0,3.359274,23.371607,-3.010268e-11,0.003359274,0.02337161,False,0.026191,False
2018-08-15,RS01SUM1-LJ01B-09-PRESTB102,2,True,2018-08-15T00:00:00Z,2018-08-15T23:59:59Z,86400,86400,0,1.0,0.99960804,0.999999803,-0.001268259,0,0,0,0,-0.0,3.466025,25.668738,-6.801703e-11,0.003466026,0.02566874,False,0.024902,False
2018-08-16,RS01SUM1-LJ01B-09-PRESTB102,2,True,2018-08-16T00:00:00Z,2018-08-16T23:59:59Z,86400,86400,0,1.0,0.999605656,0.999999741,-0.00165252,0,0,2,2,-0.0,3.119719,23.357203,-5.171516e-11,0.00311972,0.02335721,False,0.024011,False
2018-08-17,RS01SUM1-LJ01B-09-PRESTB102,2,True,2018-08-17T00:00:00Z,2018-08-17T23:59:59Z,86401,86401,0,1.0,0.999609947,0.999999719,-0.003245289,0,0,16,16,-0.0,3.699291,24.963115,-4.354716e-11,0.003699292,0.02496312,False,0.021468,False
2018-08-18,RS01SUM1-LJ01B-09-PRESTB102,2,True,2018-08-18T00:00:00Z,2018-08-18T23:59:59Z,86400,86400,0,1.0,0.999614716,0.999999715,0.001165661,0,0,0,0,-0.0,3.063913,22.2474,-6.652559e-11,0.003063914,0.02224741,False,0.02501,False
2018-08-19,RS01SUM1-LJ01B-09-PRESTB102,2,True,2018-08-19T00:00:00Z,2018-08-19T23:59:59Z,86400,86400,0,1.0,0.999591351,0.999999701,-0.001321215,0,0,0,0,-0.0,3.361932,23.106114,-4.729037e-11,0.003361933,0.02310612,False,0.024466,False
2018-08-20,RS01SUM1-LJ01B-09-PRESTB102,2,True,2018-08-20T00:00:00Z,2018-08-20T23:59:59Z,86400,86400,0,1.0,0.999446869,0.999999656,-0.001966157,0,0,0,0,-0.0,3.141267,23.051078,-2.642405e-11,0.003141269,0.02305109,False,0.026222,False
2018-08-21,RS01SUM1-LJ01B-09-PRESTB102,2,True,2018-08-21T00:00:00Z,2018-08-21T23:59:59Z,86400,86400,0,1.0,0.999588013,0.99999976,0.001155004,0,0,0,0,-0.0,3.302377,23.936184,-9.702817e-12,0.003302378,0.02393619,False,0.026227,False
2018-08-22,RS01SUM1-LJ01B-09-PRESTB102,2,True,2018-08-22T00:00:00Z,2018-08-22T17:41:59Z,63720,63720,0,1.0,0.999591351,0.999999678,0.00338078,0,0,0,0,-0.0,3.200581,22.022522,-2.100921e-11,0.003200582,0.02202253,False,0.025527,False
2018-08-23,RS01SUM1-LJ01B-09-PRESTB102,2,False,,,0,0,,1.0,,,,,,,,,,,,,,,,False
2018-08-24,RS01SUM1-LJ01B-09-PRESTB102,2,True,2018-08-24T20:48:35Z,2018-08-24T23:59:59Z,11485,11485,0,1.0,0.999408007,1.000000086,0.006480169,0,0,0,0,0.0,3.266283,21.32624,3.64586e-12,0.003266283,0.02132624,False,0.021447,False
2018-08-25,RS01SUM1-LJ01B-09-PRESTB102,2,True,2018-08-25T00:00:00Z,2018-08-25T23:59:59Z,86400,86400,0,1.0,0.999382019,0.999999721,-0.002094662,0,0,0,0,-0.0,3.635856,23.620214,-6.696783e-12,0.003635857,0.02362022,False,0.024146,False
2018-08-26,RS01SUM1-LJ01B-09-PRESTB102,2,True,2018-08-26T00:00:00Z,2018-08-26T23:59:59Z,86400,86400,0,1.0,0.999380589,0.999999737,-0.012172745,0,0,0,0,-0.0,3.243757,23.114292,-4.529214e-11,0.003243758,0.0231143,False,0.025987,False
2018-08-27,RS01SUM1-LJ01B-09-PRESTB102,2,True,2018-08-27T00:00:00Z,2018-08-27T23:59:59Z,86387,86400,13,1.0,0.999464989,0.999999764,0.003005655,1,13,1,13,0.0,3.673806,23.773575,6.490891e-11,0.003673807,0.02377358,False,0.024732,True
2018-08-28,RS01SUM1-LJ01B-09-PRESTB102,2,True,2018-08-28T00:00:00Z,2018-08-28T15:26:42Z,55603,55603,0,1.0,0.999588013,0.999999861,-0.002541123,0,0,0,0,-0.0,3.183117,22.119722,-1.326142e-11,0.003183117,0.02211973,False,0.024955,False
2018-08-29,RS01SUM1-LJ01B-09-PRESTB102,2,False,,,0,0,,1.0,,,,,,,,,,,,,,,,False
2018-08-30,RS01SUM1-LJ01B-09-PRESTB102,2,True,2018-08-30T22:33:07Z,2018-08-30T23:59:59Z,5199,5213,14,1.0,0.999567986,0.999999888,-0.003538975,1,14,1,14,-0.0,3.005663,18.699365,-5.442924e-13,0.003005663,0.01869937,False,0.020536,True
2018-08-31,RS01SUM1-LJ01B-09-PRESTB102,2,True,2018-08-31T00:00:00Z,2018-08-31T23:59:59Z,86400,86400,0,1.0,0.999603748,0.999999746,-0.01217897,0,0,0,0,-0.0,3.238635,23.243325,-2.009333e-11,0.003238636,0.02324333,False,0.024951,False
2018-09-01,RS01SUM1-LJ01B-09-PRESTB102,2,True,2018-09-01T00:00:00Z,2018-09-01T23:59:59Z,86400,86400,0,1.0,0.999609947,0.999999733,-0.004130165,0,0,0,0,-0.0,3.74331,24.050556,-3.286567e-11,0.003743311,0.02405056,False,0.024208,False
2018-09-02,RS01SUM1-LJ01B-09-PRESTB102,2,True,2018-09-02T00:00:00Z,2018-09-02T23:59:59Z,86400,86400,0,1.0,0.999604702,0.999999854,-0.000983886,0,0,0,0,0.0,3.265178,22.079827,1.296293e-11,0.003265179,0.02207983,False,0.02562,False
2018-09-03,RS01SUM1-LJ01B-09-PRESTB102,2,True,2018-09-03T00:00:00Z,2018-09-03T23:59:59Z,86400,86400,0,1.0,0.999610424,0.999999724,0.000907962,0,0,0,0,-0.0,3.328457,23.362293,-3.711298e-11,0.003328458,0.0233623,False,0.023832,False
2018-09-04,RS01SUM1-LJ01B-09-PRESTB102,2,True,2018-09-04T00:00:00Z,2018-09-04T23:59:59Z,86400,86400,0,1.0,0.999606133,0.999999715,7.7115e-05,0,0,0,0,-0.0,3.072815,23.000352,-9.669e-11,0.003072816,0.02300036,False,0.02166,False
2018-09-05,RS01SUM1-LJ01B-09-PRESTB102,2,True,2018-09-05T00:00:00Z,2018-09-05T14:42:18Z,52562,52939,377,1.0,0.999625683,0.999999777,0.001879726,1,377,1,377,-0.0,3.056987,22.577151,-2.812579e-12,0.003056988,0.02257716,False,0.140467,True
2018-09-06,RS01SUM1-LJ01B-09-PRESTB102,2,False,,,0,0,,1.0,,,,,,,,,,,,,,,,False
2018-09-07,RS01SUM1-LJ01B-09-PRESTB102,2,True,2018-09-07T03:13:59Z,2018-09-07T23:59:59Z,74261,74761,500,1.0,0.99960947,0.999999707,-0.000519907,1,500,1,500,-0.0,3.236741,22.104817,-8.857219e-12,0.003236742,0.02210482,False,0.20003,True
2018-09-08,RS01SUM1-LJ01B-09-PRESTB102,2,True,2018-09-08T00:00:00Z,2018-09-08T23:59:59Z,86400,86400,0,1.0,0.99962616,0.99999972,0.001087329,0,0,0,0,-0.0,3.973943,25.865904,-3.387322e-11,0.003973944,0.02586591,False,0.025149,False
2018-09-09,RS01SUM1-LJ01B-09-PRESTB102,2,True,2018-09-09T00:00:00Z,2018-09-09T23:59:59Z,86400,86400,0,1.0,0.999594688,0.99999979,0.001835291,0,0,0,0,-0.0,3.45681,24.256868,-2.6016e-11,0.003456811,0.02425687,False,0.026291,False
2018-09-10,RS01SUM1-LJ01B-09-PRESTB102,2,True,2018-09-10T00:00:00Z,2018-09-10T23:59:59Z,86400,86400,0,1.0,0.999609947,0.999999706,0.004687196,0,0,0,0,-0.0,3.785781,22.802451,-5.917699e-11,0.003785782,0.02280246,False,0.024962,False
2018-09-11,RS01SUM1-LJ01B-09-PRESTB102,2,True,2018-09-11T00:00:00Z,2018-09-11T23:59:59Z,86400,86400,0,1.0,0.999621868,0.999999702,0.002784246,0,0,0,0,-0.0,4.597547,26.442413,-4.592217e-11,0.004597548,0.02644242,False,0.025473,False
2018-09-12,RS01SUM1-LJ01B-09-PRESTB102,2,True,2018-09-12T00:00:00Z,2018-09-12T23:59:59Z,86400,86400,0,1.0,0.99959898,0.999999751,-0.001244804,0,0,0,0,-0.0,3.187204,23.968075,-7.914247e-11,0.003187205,0.02396808,False,0.026213,False
2018-09-13,RS01SUM1-LJ01B-09-PRESTB102,2,False,,,0,0,,1.0,,,,,,,,,,,,,,,,False
2018-09-14,RS01SUM1-LJ01B-09-PRESTB102,2,True,2018-09-14T20:34:58Z,2018-09-14T23:59:59Z,12302,12302,0,1.0,0.99960804,0.999999247,-0.004012861,0,0,0,0,0.0,3.075415,22.666372,4.495571e-13,0.003075418,0.02266639,False,0.025535,False
2018-09-15,RS01SUM1-LJ01B-09-PRESTB102,2,True,2018-09-15T00:00:00Z,2018-09-15T23:59:59Z,86400,86400,0,1.0,0.999619961,0.99999989,0.008247206,0,0,0,0,-0.0,6.845708,28.645022,-2.26263e-11,0.006845709,0.02864503,False,0.025008,False
2018-09-16,RS01SUM1-LJ01B-09-PRESTB102,2,True,2018-09-16T00:00:00Z,2018-09-16T23:59:59Z,86400,86400,0,1.0,0.999604702,0.999999733,-0.006932698,0,0,0,0,-0.0,4.691959,27.315796,-4.878092e-11,0.004691961,0.0273158,False,0.026231,False
2018-09-17,RS01SUM1-LJ01B-09-PRESTB102,2,True,2018-09-17T00:00:00Z,2018-09-17T23:59:59Z,86400,86400,0,1.0,0.999612808,0.999999836,0.001779677,0,0,0,0,-0.0,3.93902,25.328244,-2.851037e-11,0.003939021,0.02532825,False,0.025068,False
2018-09-18,RS01SUM1-LJ01B-09-PRESTB102,2,True,2018-09-18T00:00:00Z,2018-09-18T23:59:59Z,86400,86400,0,1.0,0.999616146,0.999999797,-0.001137061,0,0,0,0,-0.0,3.531501,22.8121,-1.289142e-10,0.003531501,0.0228121,False,0.025504,False
2018-09-19,RS01SUM1-LJ01B-09-PRESTB102,2,True,2018-09-19T00:00:00Z,2018-09-19T23:59:59Z,85810,86400,590,1.0,0.999602318,0.99999979,-0.006595018,8,590,8,592,0.0,3.902783,195.731323,4.115562e-11,0.003902784,0.1957314,False,0.183547,True
2018-09-20,RS01SUM1-LJ01B-09-PRESTB102,2,True,2018-09-20T00:00:00Z,2018-09-20T23:59:59Z,85880,86400,520,1.0,0.999614716,0.999999778,0.006627012,4,520,4,520,-0.0,3.212989,22.539206,-4.751034e-13,0.00321299,0.02253921,False,0.052908,True
2018-09-21,RS01SUM1-LJ01B-09-PRESTB102,2,True,2018-09-21T00:00:00Z,2018-09-21T23:59:59Z,86400,86400,0,1.0,0.99945116,0.999999738,-0.003981245,0,0,0,0,0.0,3.450688,25.031607,8.797518e-12,0.003450689,0.02503161,False,0.02596,False
2018-09-22,RS01SUM1-LJ01B-09-PRESTB102,2,True,2018-09-22T00:00:00Z,2018-09-22T23:59:59Z,86400,86400,0,1.0,0.999595642,0.999999814,-0.004715041,0,0,0,0,-0.0,3.380103,22.476026,-4.583653e-11,0.003380104,0.02247603,False,0.026277,False
2018-09-23,RS01SUM1-LJ01B-09-PRESTB102,2,True,2018-09-23T00:00:00Z,2018-09-23T23:59:59Z,85850,86400,550,1.0,0.999619961,0.999999799,-0.003206575,6,550,6,550,0.0,4.121374,26.468792,1.993489e-12,0.004121375,0.0264688,False,0.050238,True
2018-09-24,RS01SUM1-LJ01B-09-PRESTB102,2,True,2018-09-24T00:00:00Z,2018-09-24T23:59:59Z,82835,86401,3566,1.0,0.999615431,0.999986153,0.315529923,3,3566,3,3566,0.0,273.19432,541.234032,3.024561e-11,0.2731981,0.5412415,True,0.216126,True
2018-09-25,RS01SUM1-LJ01B-09-PRESTB102,2,True,2018-09-25T00:00:00Z,2018-09-25T23:59:58Z,86399,86399,0,1.0,0.999608994,0.999999746,0.002679764,0,0,0,0,0.0,3.983411,23.172624,6.420711e-11,0.003983412,0.02317263,False,0.022496,False
2018-09-26,RS01SUM1-LJ01B-09-PRESTB102,2,True,2018-09-26T00:00:00Z,2018-09-26T23:59:59Z,86400,86400,0,1.0,0.99960804,0.999999702,0.006221923,0,0,0,0,-0.0,3.272189,21.590941,-3.168159e-11,0.00327219,0.02159095,False,0.024477,False
2018-09-27,RS01SUM1-LJ01B-09-PRESTB102,2,True,2018-09-27T00:00:00Z,2018-09-27T23:59:59Z,86400,86400,0,1.0,0.999598026,0.999999669,3.5903e-05,0,0,0,0,-0.0,3.565372,24.539211,-4.462209e-11,0.003565373,0.02453922,False,0.025702,False
2018-09-28,RS01SUM1-LJ01B-09-PRESTB102,2,True,2018-09-28T00:00:00Z,2018-09-28T02:38:38Z,9519,9519,0,1.0,0.999518394,0.999999628,-0.000729916,0,0,0,0,0.0,2.915019,21.017101,1.11488e-12,0.00291502,0.02101711,False,0.021902,False
2018-09-29,RS01SUM1-LJ01B-09-PRESTB102,2,False,,,0,0,,1.0,,,,,,,,,,,,,,,,False
2018-09-30,RS01SUM1-LJ01B-09-PRESTB102,2,False,,,0,0,,1.0,,,,,,,,,,,,,,,,False
2018-10-01,RS01SUM1-LJ01B-09-PRESTB102,2,False,,,0,0,,1.0,,,,,,,,,,,,,,,,False
2018-10-02,RS01SUM1-LJ01B-09-PRESTB102,2,True,2018-10-02T17:41:04Z,2018-10-02T23:59:59Z,22677,22736,59,1.0,0.999588966,1.000000424,0.000957315,25,59,25,81,-0.0,6.340871,34.868001,-1.667626e-13,0.006340869,0.03486799,False,0.038601,True
2018-10-03,RS01SUM1-LJ01B-09-PRESTB102,2,True,2018-10-03T00:00:00Z,2018-10-03T23:59:59Z,85179,86400,1221,1.0,0.999601126,0.999999773,0.001495556,16,1221,16,1228,-0.0,3.294069,22.813292,-5.159686e-11,0.003294069,0.0228133,False,0.082485,True
2018-10-04,RS01SUM1-LJ01B-09-PRESTB102,2,True,2018-10-04T00:00:00Z,2018-10-04T23:59:59Z,86400,86400,0,1.0,0.999597073,0.99999975,-0.000557344,0,0,0,0,-0.0,3.288882,22.899143,-4.746189e-11,0.003288883,0.02289915,False,0.024855,False
2018-10-05,RS01SUM1-LJ01B-09-PRESTB102,2,True,2018-10-05T00:00:00Z,2018-10-05T23:59:59Z,86400,86400,0,1.0,0.999613285,0.999999757,-0.00295412,0,0,0,0,-0.0,3.704794,23.423359,-5.702245e-11,0.003704795,0.02342336,False,0.025607,False
2018-10-06,RS01SUM1-LJ01B-09-PRESTB102,2,True,2018-10-06T00:00:00Z,2018-10-06T23:59:59Z,86400,86400,0,1.0,0.999613285,0.999999743,7.7052e-05,0,0,0,0,-0.0,3.374033,25.910184,-9.188215e-11,0.003374034,0.02591019,False,0.024191,False
2018-10-07,RS01SUM1-LJ01B-09-PRESTB102,2,True,2018-10-07T00:00:00Z,2018-10-07T23:59:59Z,86399,86400,1,1.0,0.999607086,0.999999724,0.002906122,1,1,1,1,0.0,3.33189,23.511931,2.441545e-11,0.003331891,0.02351194,False,0.023847,True
2018-10-08,RS01SUM1-LJ01B-09-PRESTB102,2,True,2018-10-08T00:00:00Z,2018-10-08T23:59:58Z,86399,86399,0,1.0,0.999616146,0.999999689,-0.004468631,0,0,0,0,-0.0,3.180462,23.026823,-9.745662e-12,0.003180463,0.02302683,False,0.024319,False
2018-10-09,RS01SUM1-LJ01B-09-PRESTB102,2,True,2018-10-09T00:00:00Z,2018-10-09T23:59:58Z,86399,86399,0,1.0,0.999452114,0.999999793,-0.000776596,0,0,0,0,0.0,3.119306,21.857399,3.435023e-11,0.003119307,0.0218574,False,0.025374,False
2018-10-10,RS01SUM1-LJ01B-09-PRESTB102,2,True,2018-10-10T00:00:00Z,2018-10-10T23:59:58Z,86399,86399,0,1.0,0.999612808,0.999999748,-0.002935345,0,0,0,0,0.0,4.109141,26.778654,1.060213e-11,0.004109142,0.02677866,False,0.024934,False
2018-10-11,RS01SUM1-LJ01B-09-PRESTB102,2,True,2018-10-11T00:00:00Z,2018-10-11T23:59:59Z,86400,86400,0,1.0,0.999619961,0.99999974,0.005784844,0,0,0,0,-0.0,3.73144,22.242566,-7.141844e-11,0.003731441,0.02224257,False,0.02213,False
2018-10-12,RS01SUM1-LJ01B-09-PRESTB102,2,True,2018-10-12T00:00:00Z,2018-10-12T23:59:59Z,86400,86400,0,1.0,0.999615192,0.999999725,0.001183353,0,0,0,0,-0.0,3.482563,23.519197,-4.850777e-11,0.003482564,0.0235192,False,0.023192,False
2018-10-13,RS01SUM1-LJ01B-09-PRESTB102,2,True,2018-10-13T00:00:00Z,2018-10-13T23:59:59Z,86400,86400,0,1.0,0.999601841,0.999999729,-0.000964962,0,0,0,0,-0.0,3.139727,22.6135,-6.07267e-12,0.003139728,0.02261351,False,0.02508,False
2018-10-14,RS01SUM1-LJ01B-09-PRESTB102,2,True,2018-10-14T00:00:00Z,2018-10-14T23:59:59Z,86400,86400,0,1.0,0.999598026,0.999999723,0.002172965,0,0,0,0,0.0,3.152337,21.024998,3.955874e-12,0.003152338,0.021025,False,0.021463,False
2018-10-15,RS01SUM1-LJ01B-09-PRESTB102,2,True,2018-10-15T00:00:00Z,2018-10-15T23:59:59Z,86400,86400,0,1.0,0.999613762,0.999999693,-0.001586909,0,0,0,0,-0.0,3.372067,24.151141,-5.157681e-11,0.003372068,0.02415115,False,0.02499,False
2018-10-16,RS01SUM1-LJ01B-09-PRESTB102,2,True,2018-10-16T00:00:00Z,2018-10-16T23:59:59Z,86019,86400,381,1.0,0.999438763,0.999999722,0.00229546,1,381,1,381,-0.0,3.654694,22.481263,-1.541006e-11,0.003654695,0.02248127,False,0.213453,True
2018-10-17,RS01SUM1-LJ01B-09-PRESTB102,2,True,2018-10-17T00:00:00Z,2018-10-17T23:59:59Z,86400,86400,0,1.0,0.999615192,0.999999697,0.004932424,0,0,0,0,-0.0,3.154676,22.891349,-5.158476e-11,0.003154677,0.02289136,False,0.025456,False
2018-10-18,RS01SUM1-LJ01B-09-PRESTB102,2,True,2018-10-18T00:00:00Z,2018-10-18T08:42:15Z,30396,31336,940,1.0,0.999611378,0.999999734,0.000803883,1,940,1,940,-0.0,3.088882,21.324516,-3.880958e-12,0.003088883,0.02132452,False,0.350599,True
2018-10-19,RS01SUM1-LJ01B-09-PRESTB102,2,True,2018-10-19T20:14:04Z,2018-10-19T23:59:59Z,13556,13556,0,1.0,0.999619007,0.999999595,0.000345623,0,0,0,0,-0.0,3.025842,18.106949,-4.152099e-13,0.003025843,0.01810696,False,0.019558,False
2018-10-20,RS01SUM1-LJ01B-09-PRESTB102,2,True,2018-10-20T00:00:00Z,2018-10-20T23:59:59Z,86400,86400,0,1.0,0.999627113,0.999999714,0.002643474,0,0,0,0,-0.0,4.611097,24.665639,-1.191172e-11,0.004611098,0.02466565,False,0.024338,False
2018-10-21,RS01SUM1-LJ01B-09-PRESTB102,2,True,2018-10-21T00:00:00Z,2018-10-21T23:59:59Z,86400,86400,0,1.0,0.999599934,0.999999615,0.002076032,0,0,0,0,-0.0,5.839858,25.64267,-1.952463e-11,0.00583986,0.02564268,False,0.026305,False
2018-10-22,RS01SUM1-LJ01B-09-PRESTB102,2,True,2018-10-22T00:00:00Z,2018-10-22T23:59:59Z,86400,86400,0,1.0,0.999610901,0.999999731,0.002788297,0,0,0,0,-0.0,3.059357,22.069022,-1.566277e-11,0.003059358,0.02206903,False,0.023479,False
2018-10-23,RS01SUM1-LJ01B-09-PRESTB102,2,True,2018-10-23T00:00:00Z,2018-10-23T23:59:59Z,86400,86400,0,1.0,0.999446869,0.999999762,0.002729002,0,0,0,0,-0.0,3.168235,23.144461,-4.800256e-11,0.003168236,0.02314447,False,0.026031,False
2018-10-24,RS01SUM1-LJ01B-09-PRESTB102,2,True,2018-10-24T00:00:00Z,2018-10-24T23:59:59Z,86400,86400,0,1.0,0.9996171,0.999999724,-0.001675018,0,0,0,0,-0.0,3.568407,24.047691,-5.51956e-11,0.003568408,0.0240477,False,0.024858,False
2018-10-25,RS01SUM1-LJ01B-09-PRESTB102,2,True,2018-10-25T00:00:00Z,2018-10-25T23:59:59Z,86400,86400,0,1.0,0.999597073,0.999999686,0.004876781,0,0,0,0,0.0,3.367281,22.372584,2.967564e-11,0.003367282,0.02237259,False,0.024788,False
2018-10-26,RS01SUM1-LJ01B-09-PRESTB102,2,True,2018-10-26T00:00:00Z,2018-10-26T23:59:59Z,86400,86400,0,1.0,0.999607086,0.999999698,0.004826608,0,0,0,0,-0.0,3.164054,24.268117,-2.652284e-11,0.003164055,0.02426812,False,0.026195,False
2018-10-27,RS01SUM1-LJ01B-09-PRESTB102,2,True,2018-10-27T00:00:00Z,2018-10-27T23:59:59Z,86400,86400,0,1.0,0.99960804,0.999999707,-0.001610336,0,0,0,0,-0.0,3.279995,23.257561,-8.427648e-11,0.003279996,0.02325757,False,0.026191,False
2018-10-28,RS01SUM1-LJ01B-09-PRESTB102,2,True,2018-10-28T00:00:00Z,2018-10-28T23:59:59Z,86400,86400,0,1.0,0.999612331,0.999999724,-0.001568611,0,0,0,0,-0.0,3.228809,23.232023,-7.72868e-11,0.00322881,0.02323203,False,0.025639,False
2018-10-29,RS01SUM1-LJ01B-09-PRESTB102,2,True,2018-10-29T00:00:00Z,2018-10-29T23:59:59Z,86400,86400,0,1.0,0.999599934,0.999999682,0.003326395,0,0,0,0,-0.0,3.435273,22.67846,-9.944475e-11,0.003435275,0.02267847,False,0.021353,False
2018-10-30,RS01SUM1-LJ01B-09-PRESTB102,2,True,2018-10-30T00:00:00Z,2018-10-30T23:59:59Z,86400,86400,0,1.0,0.999445915,0.999999682,9.8516e-05,0,0,0,0,-0.0,3.287582,23.199276,-5.113187e-11,0.003287583,0.02319928,False,0.026171,False
2018-10-31,RS01SUM1-LJ01B-09-PRESTB102,2,True,2018-10-31T00:00:00Z,2018-10-31T23:59:59Z,86274,86400,126,1.0,0.999606133,0.999999729,0.006229135,1,126,1,126,-0.0,3.146251,21.040205,-1.025873e-11,0.003146252,0.02104021,False,0.044762,True
2018-11-01,RS01SUM1-LJ01B-09-PRESTB102,2,True,2018-11-01T00:00:00Z,2018-11-01T23:59:59Z,86400,86400,0,1.0,0.999608994,0.999999687,-0.001464979,0,0,0,0,-0.0,3.416995,21.9616,-2.735656e-11,0.003416996,0.02196161,False,0.023825,False
2018-11-02,RS01SUM1-LJ01B-09-PRESTB102,2,True,2018-11-02T00:00:00Z,2018-11-02T23:59:59Z,86400,86400,0,1.0,0.999599934,0.999999638,0.004929393,0,0,0,0,-0.0,4.906395,26.953786,-2.574018e-11,0.004906397,0.0269538,False,0.026175,False
2018-11-03,RS01SUM1-LJ01B-09-PRESTB102,2,True,2018-11-03T00:00:00Z,2018-11-03T23:59:59Z,86400,86400,0,1.0,0.999613285,0.999999588,0.005999704,0,0,0,0,-0.0,5.97143,28.054543,-5.441877e-11,0.005971432,0.02805455,False,0.021347,False
2018-11-04,RS01SUM1-LJ01B-09-PRESTB102,2,True,2018-11-04T00:00:00Z,2018-11-04T23:59:59Z,86400,86400,0,1.0,0.999615192,0.999999751,0.001380719,0,0,0,0,-0.0,3.199851,22.960596,-6.270775e-11,0.003199852,0.0229606,False,0.025007,False
2018-11-05,RS01SUM1-LJ01B-09-PRESTB102,2,True,2018-11-05T00:00:00Z,2018-11-05T23:59:59Z,86400,86400,0,1.0,0.999611855,0.999999748,-0.00023435,0,0,0,0,-0.0,3.222836,22.05969,-3.466628e-11,0.003222837,0.0220597,False,0.025038,False
2018-11-06,RS01SUM1-LJ01B-09-PRESTB102,2,True,2018-11-06T00:00:00Z,2018-11-06T23:59:59Z,86400,86400,0,1.0,0.999461174,0.999999731,-0.000152474,0,0,0,0,-0.0,3.096443,23.313852,-3.966669e-11,0.003096444,0.02331386,False,0.024977,False
2018-11-07,RS01SUM1-LJ01B-09-PRESTB102,2,True,2018-11-07T00:00:00Z,2018-11-07T23:59:59Z,86400,86400,0,1.0,0.999614716,0.999999771,0.001764791,0,0,0,0,-0.0,3.708758,25.326863,-5.006517e-11,0.003708759,0.02532687,False,0.025441,False
2018-11-08,RS01SUM1-LJ01B-09-PRESTB102,2,True,2018-11-08T00:00:00Z,2018-11-08T23:59:59Z,85805,86400,595,1.0,0.999606133,0.999999744,-0.001554634,1,595,1,595,0.0,3.193925,21.325093,5.086898e-11,0.003193926,0.0213251,False,0.230991,True
2018-11-09,RS01SUM1-LJ01B-09-PRESTB102,2,True,2018-11-09T00:00:00Z,2018-11-09T23:59:59Z,86400,86400,0,1.0,0.999612808,0.999999725,0.001508631,0,0,0,0,-0.0,3.098675,23.567424,-6.724707e-11,0.003098676,0.02356743,False,0.026298,False
2018-11-10,RS01SUM1-LJ01B-09-PRESTB102,2,True,2018-11-10T00:00:00Z,2018-11-10T23:59:59Z,86400,86400,0,1.0,0.999603271,0.999999703,-0.000752806,0,0,0,0,-0.0,3.142053,24.889349,-4.43265e-11,0.003142054,0.02488936,False,0.02494,False
2018-11-11,RS01SUM1-LJ01B-09-PRESTB102,2,True,2018-11-11T00:00:00Z,2018-11-11T23:59:59Z,86400,86400,0,1.0,0.999617577,0.999999764,-0.013343713,0,0,0,0,-0.0,3.157199,23.593946,-1.29671e-11,0.0031572,0.02359395,False,0.024221,False
2018-11-12,RS01SUM1-LJ01B-09-PRESTB102,2,True,2018-11-12T00:00:00Z,2018-11-12T23:59:59Z,86400,86400,0,1.0,0.9996171,0.999999736,-0.004701843,0,0,0,0,-0.0,3.324574,24.687465,-5.909976e-11,0.003324575,0.02468747,False,0.025102,False
2018-11-13,RS01SUM1-LJ01B-09-PRESTB102,2,True,2018-11-13T00:00:00Z,2018-11-13T23:59:59Z,86400,86400,0,1.0,0.999461174,0.999999719,0.00080679,0,0,0,0,-0.0,3.418135,25.517492,-1.578934e-11,0.003418136,0.0255175,False,0.026326,False
2018-11-14,RS01SUM1-LJ01B-09-PRESTB102,2,True,2018-11-14T00:00:00Z,2018-11-14T23:59:59Z,86401,86401,0,1.0,0.999592781,0.999999673,-0.001178726,0,0,42,42,-0.0,3.747301,23.930759,-2.149782e-11,0.003747302,0.02393077,False,0.02199,False
2018-11-15,RS01SUM1-LJ01B-09-PRESTB102,2,True,2018-11-15T00:00:00Z,2018-11-15T23:59:59Z,86400,86400,0,1.0,0.99960804,0.999999746,0.002386916,0,0,0,0,-0.0,3.392247,23.831447,-8.657531e-11,0.003392247,0.02383145,False,0.022741,False
2018-11-16,RS01SUM1-LJ01B-09-PRESTB102,2,True,2018-11-16T00:00:00Z,2018-11-16T23:59:59Z,86400,86400,0,1.0,0.999603271,0.999999652,-0.00131155,0,0,0,0,-0.0,3.228287,22.559988,-2.014467e-11,0.003228288,0.02256,False,0.025635,False
2018-11-17,RS01SUM1-LJ01B-09-PRESTB102,2,True,2018-11-17T00:00:00Z,2018-11-17T23:59:59Z,86400,86400,0,1.0,0.999615669,0.999999726,0.000413582,0,0,0,0,-0.0,4.014489,27.885095,-1.277407e-11,0.00401449,0.0278851,False,0.026227,False
2018-11-18,RS01SUM1-LJ01B-09-PRESTB102,2,True,2018-11-18T00:00:00Z,2018-11-18T23:59:59Z,86400,86400,0,1.0,0.999616146,0.999999744,-0.007115485,0,0,0,0,-0.0,3.507538,21.445659,-5.110326e-11,0.003507539,0.02144566,False,0.023851,False
2018-11-19,RS01SUM1-LJ01B-09-PRESTB102,2,True,2018-11-19T00:00:00Z,2018-11-19T23:59:59Z,86400,86400,0,1.0,0.999601841,0.99999974,-0.005529217,0,0,0,0,-0.0,3.237623,23.715501,-6.252862e-11,0.003237624,0.02371551,False,0.021304,False
2018-11-20,RS01SUM1-LJ01B-09-PRESTB102,2,True,2018-11-20T00:00:00Z,2018-11-20T23:59:59Z,82472,86402,3930,1.0,0.999462128,0.99996517,0.446333005,1,3930,1,3930,-0.0,467.364148,959.37623,-7.315867e-11,0.4673804,0.9594096,True,0.110022,True
2018-11-21,RS01SUM1-LJ01B-09-PRESTB102,2,True,2018-11-21T00:00:00Z,2018-11-21T23:59:59Z,86400,86400,0,1.0,0.999596119,0.999999713,0.002264279,0,0,0,0,-0.0,3.141805,22.493853,-5.046691e-11,0.003141806,0.02249386,False,0.024418,False
2018-11-22,RS01SUM1-LJ01B-09-PRESTB102,2,True,2018-11-22T00:00:00Z,2018-11-22T23:59:59Z,86400,86400,0,1.0,0.999606133,0.999999743,-0.005917826,0,0,0,0,-0.0,3.209144,23.553849,-6.730284e-11,0.003209145,0.02355385,False,0.025754,False
2018-11-23,RS01SUM1-LJ01B-09-PRESTB102,2,True,2018-11-23T00:00:00Z,2018-11-23T23:59:59Z,86400,86400,0,1.0,0.999593258,0.99999969,0.002680695,0,0,0,0,-0.0,3.130659,21.653787,-6.328504e-11,0.00313066,0.02165379,False,0.021126,False
2018-11-24,RS01SUM1-LJ01B-09-PRESTB102,2,True,2018-11-24T00:00:00Z,2018-11-24T23:59:59Z,86400,86400,0,1.0,0.999602795,0.999999713,0.003553076,0,0,0,0,-0.0,3.056264,23.595685,-6.948881e-11,0.003056265,0.02359569,False,0.026334,False
2018-11-25,RS01SUM1-LJ01B-09-PRESTB102,2,True,2018-11-25T00:00:00Z,2018-11-25T23:59:59Z,86400,86400,0,1.0,0.999594212,0.999999789,-0.001672107,0,0,0,0,-0.0,3.847425,22.241755,-2.211251e-11,0.003847426,0.02224176,False,0.026283,False
2018-11-26,RS01SUM1-LJ01B-09-PRESTB102,2,True,2018-11-26T00:00:00Z,2018-11-26T23:59:59Z,86400,86400,0,1.0,0.999597073,0.999999723,0.001241292,0,0,0,0,-0.0,3.408055,23.479271,-1.912304e-11,0.003408056,0.02347928,False,0.026311,False
2018-11-27,RS01SUM1-LJ01B-09-PRESTB102,2,True,2018-11-27T00:00:00Z,2018-11-27T23:59:59Z,86400,86400,0,1.0,0.999434948,0.999999756,-0.003707577,0,0,0,0,-0.0,3.172671,23.220212,-7.227089e-12,0.003172672,0.02322022,False,0.026036,False
2018-11-28,RS01SUM1-LJ01B-09-PRESTB102,2,True,2018-11-28T00:00:00Z,2018-11-28T23:59:59Z,86400,86400,0,1.0,0.999601841,0.999999742,2.2623e-05,0,0,0,0,-0.0,3.411605,23.402161,-3.599553e-11,0.003411606,0.02340217,False,0.024471,False
2018-11-29,RS01SUM1-LJ01B-09-PRESTB102,2,True,2018-11-29T00:00:00Z,2018-11-29T23:59:59Z,86400,86400,0,1.0,0.999602318,0.999999724,-0.002053771,0,0,0,0,-0.0,3.10972,23.33374,-4.616296e-11,0.003109721,0.02333375,False,0.026306,False
2018-11-30,RS01SUM1-LJ01B-09-PRESTB102,2,True,2018-11-30T00:00:00Z,2018-11-30T23:59:59Z,86400,86400,0,1.0,0.999607086,0.999999761,-0.002731609,0,0,0,0,-0.0,3.15274,23.918595,-4.904808e-11,0.003152741,0.0239186,False,0.0263,False
2018-12-01,RS01SUM1-LJ01B-09-PRESTB102,2,True,2018-12-01T00:00:00Z,2018-12-01T23:59:59Z,86400,86400,0,1.0,0.999606609,0.999999764,-0.000504234,0,0,0,0,-0.0,3.080856,21.665454,-4.271391e-11,0.003080857,0.02166546,False,0.02259,False
2018-12-02,RS01SUM1-LJ01B-09-PRESTB102,2,True,2018-12-02T00:00:00Z,2018-12-02T23:59:59Z,86400,86400,0,1.0,0.999605179,0.999999748,-0.000675625,0,0,0,0,-0.0,3.364007,22.45062,-5.863121e-11,0.003364008,0.02245063,False,0.025647,False
2018-12-03,RS01SUM1-LJ01B-09-PRESTB102,2,True,2018-12-03T00:00:00Z,2018-12-03T23:59:59Z,86400,86400,0,1.0,0.999620914,0.999999737,-0.014356459,0,0,0,0,-0.0,3.45484,26.138927,-2.915021e-11,0.003454841,0.02613893,False,0.024802,False
2018-12-04,RS01SUM1-LJ01B-09-PRESTB102,2,True,2018-12-04T00:00:00Z,2018-12-04T23:59:59Z,86400,86400,0,1.0,0.999454021,0.9999998,-0.005188485,0,0,0,0,-0.0,7.430227,29.792886,-2.219872e-11,0.007430228,0.02979289,False,0.025926,False
2018-12-05,RS01SUM1-LJ01B-09-PRESTB102,2,True,2018-12-05T00:00:00Z,2018-12-05T23:59:59Z,86400,86400,0,1.0,0.999602318,0.999999794,0.003174649,0,0,0,0,-0.0,4.112742,26.016848,-5.120858e-11,0.004112743,0.02601685,False,0.022632,False
2018-12-06,RS01SUM1-LJ01B-09-PRESTB102,2,True,2018-12-06T00:00:00Z,2018-12-06T23:59:59Z,86400,86400,0,1.0,0.999610901,0.999999677,-0.000732458,0,0,0,0,-0.0,3.245076,22.997913,-3.852719e-11,0.003245077,0.02299792,False,0.024799,False
2018-12-07,RS01SUM1-LJ01B-09-PRESTB102,2,True,2018-12-07T00:00:00Z,2018-12-07T23:59:59Z,85407,86400,993,1.0,0.999619484,0.999999701,-0.003019357,1,993,1,993,-0.0,4.137127,25.691916,-5.237596e-11,0.004137128,0.02569192,False,0.381916,True
2018-12-08,RS01SUM1-LJ01B-09-PRESTB102,2,True,2018-12-08T00:00:00Z,2018-12-08T23:59:59Z,86400,86400,0,1.0,0.999603271,0.999999744,-0.009304602,0,0,0,0,-0.0,4.09357,24.998907,-3.029649e-11,0.004093571,0.02499891,False,0.025095,False
2018-12-09,RS01SUM1-LJ01B-09-PRESTB102,2,True,2018-12-09T00:00:00Z,2018-12-09T23:59:59Z,86400,86400,0,1.0,0.999595165,0.999999708,-0.001323208,0,0,0,0,-0.0,3.960246,25.142506,-1.295624e-10,0.003960247,0.02514251,False,0.025661,False
2018-12-10,RS01SUM1-LJ01B-09-PRESTB102,2,True,2018-12-10T00:00:00Z,2018-12-10T23:59:59Z,86400,86400,0,1.0,0.999601841,0.999999786,0.007790694,0,0,0,0,-0.0,3.404444,24.296201,-7.535249e-11,0.003404444,0.02429621,False,0.022016,False
2018-12-11,RS01SUM1-LJ01B-09-PRESTB102,2,True,2018-12-11T00:00:00Z,2018-12-11T23:59:59Z,86400,86400,0,1.0,0.999435902,0.999999741,0.002540743,0,0,0,0,0.0,3.07109,21.724349,1.567209e-11,0.003071091,0.02172435,False,0.022705,False
2018-12-12,RS01SUM1-LJ01B-09-PRESTB102,2,True,2018-12-12T00:00:00Z,2018-12-12T23:59:59Z,86400,86400,0,1.0,0.999622345,0.999999755,0.00097954,0,0,0,0,-0.0,3.760564,24.99378,-5.12267e-11,0.003760565,0.02499379,False,0.023369,False
2018-12-13,RS01SUM1-LJ01B-09-PRESTB102,2,True,2018-12-13T00:00:00Z,2018-12-13T23:59:59Z,86400,86400,0,1.0,0.999594688,0.999999731,-0.006218785,0,0,0,0,-0.0,3.487778,24.402503,-8.130124e-11,0.003487779,0.02440251,False,0.025635,False
2018-12-14,RS01SUM1-LJ01B-09-PRESTB102,2,True,2018-12-14T00:00:00Z,2018-12-14T23:59:59Z,86400,86400,0,1.0,0.999604225,0.99999967,-0.009316743,0,0,0,0,-0.0,3.394985,21.325823,-1.372507e-11,0.003394986,0.02132583,False,0.026317,False
2018-12-15,RS01SUM1-LJ01B-09-PRESTB102,2,True,2018-12-15T00:00:00Z,2018-12-15T23:59:59Z,86400,86400,0,1.0,0.999606133,0.999999813,0.000172373,0,0,0,0,-0.0,3.344662,22.969816,-9.444819e-11,0.003344663,0.02296982,False,0.025081,False
2018-12-16,RS01SUM1-LJ01B-09-PRESTB102,2,True,2018-12-16T00:00:00Z,2018-12-16T23:59:59Z,86400,86400,0,1.0,0.99959898,0.999999847,-0.004789307,0,0,0,0,-0.0,4.206103,24.06277,-6.450686e-11,0.004206104,0.02406277,False,0.024048,False
2018-12-17,RS01SUM1-LJ01B-09-PRESTB102,2,True,2018-12-17T00:00:00Z,2018-12-17T23:59:59Z,86400,86400,0,1.0,0.999598026,0.999999806,-0.010589113,0,0,0,0,-0.0,5.579722,30.462834,-3.646607e-11,0.005579723,0.03046284,False,0.026194,False
2018-12-18,RS01SUM1-LJ01B-09-PRESTB102,2,True,2018-12-18T00:00:00Z,2018-12-18T23:59:59Z,86400,86400,0,1.0,0.999441147,0.999999761,-0.000717618,0,0,0,0,-0.0,3.190856,22.577164,-4.058146e-11,0.003190857,0.02257717,False,0.024305,False
2018-12-19,RS01SUM1-LJ01B-09-PRESTB102,2,True,2018-12-19T00:00:00Z,2018-12-19T23:59:59Z,86400,86400,0,1.0,0.999598026,0.99999978,-0.000743319,0,0,0,0,0.0,3.527686,24.139903,4.727629e-11,0.003527686,0.02413991,False,0.026251,False
2018-12-20,RS01SUM1-LJ01B-09-PRESTB102,2,True,2018-12-20T00:00:00Z,2018-12-20T23:59:59Z,86400,86400,0,1.0,0.999590874,0.999999753,-0.000342069,0,0,0,0,-0.0,3.15997,22.199451,-1.390713e-10,0.003159971,0.02219946,False,0.023321,False
2018-12-21,RS01SUM1-LJ01B-09-PRESTB102,2,True,2018-12-21T00:00:00Z,2018-12-21T23:59:59Z,86400,86400,0,1.0,0.999608994,0.999999731,0.003902186,0,0,0,0,-0.0,3.398612,23.413617,-3.769038e-11,0.003398612,0.02341362,False,0.023459,False
2018-12-22,RS01SUM1-LJ01B-09-PRESTB102,2,True,2018-12-22T00:00:00Z,2018-12-22T23:59:59Z,86400,86400,0,1.0,0.999600887,0.99999968,0.002099905,0,0,0,0,-0.0,3.539702,22.893248,-8.689901e-11,0.003539703,0.02289326,False,0.023256,False
2018-12-23,RS01SUM1-LJ01B-09-PRESTB102,2,True,2018-12-23T00:00:00Z,2018-12-23T23:59:59Z,86400,86400,0,1.0,0.999600887,0.999999822,-0.0019031,0,0,0,0,-0.0,3.213145,21.752825,-1.108573e-11,0.003213145,0.02175283,False,0.026266,False
2018-12-24,RS01SUM1-LJ01B-09-PRESTB102,2,True,2018-12-24T00:00:00Z,2018-12-24T23:59:59Z,86400,86400,0,1.0,0.999608994,0.999999784,-0.006554331,0,0,0,0,-0.0,3.936069,23.886701,-2.414578e-11,0.003936069,0.02388671,False,0.025225,False
2018-12-25,RS01SUM1-LJ01B-09-PRESTB102,2,True,2018-12-25T00:00:00Z,2018-12-25T23:59:59Z,86400,86400,0,1.0,0.999457836,0.999999805,0.000708717,0,0,0,0,-0.0,3.304876,23.143109,-1.210775e-10,0.003304876,0.02314311,False,0.023952,False
2018-12-26,RS01SUM1-LJ01B-09-PRESTB102,2,True,2018-12-26T00:00:00Z,2018-12-26T23:59:59Z,86400,86400,0,1.0,0.999609947,0.999999803,0.000931668,0,0,4,4,-0.0,3.658117,24.782081,-3.489723e-12,0.003658118,0.02478209,False,0.025498,False
2018-12-27,RS01SUM1-LJ01B-09-PRESTB102,2,True,2018-12-27T00:00:00Z,2018-12-27T23:59:59Z,86401,86401,0,1.0,0.999614239,0.999999775,-0.003906488,0,0,4,4,-0.0,4.166355,24.589647,-4.791806e-11,0.004166356,0.02458965,False,0.022584,False
2018-12-28,RS01SUM1-LJ01B-09-PRESTB102,2,True,2018-12-28T00:00:00Z,2018-12-28T23:59:59Z,86400,86400,0,1.0,0.999607086,0.999999723,-0.001494833,0,0,0,0,-0.0,3.243066,24.734538,-5.196011e-11,0.003243067,0.02473454,False,0.02505,False
2018-12-29,RS01SUM1-LJ01B-09-PRESTB102,2,True,2018-12-29T00:00:00Z,2018-12-29T23:59:59Z,86400,86400,0,1.0,0.999601841,0.999999744,-0.002254675,0,0,0,0,-0.0,3.41642,22.743262,-3.835012e-11,0.003416421,0.02274327,False,0.021383,False
2018-12-30,RS01SUM1-LJ01B-09-PRESTB102,2,True,2018-12-30T00:00:00Z,2018-12-30T23:59:59Z,86400,86400,0,1.0,0.999597073,0.999999715,0.004116175,0,0,0,0,0.0,3.949047,25.22189,1.615673e-11,0.003949048,0.0252219,False,0.025043,False
2018-12-31,RS01SUM1-LJ01B-09-PRESTB102,2,True,2018-12-31T00:00:00Z,2018-12-31T23:59:59Z,86400,86400,0,1.0,0.99960804,0.999999796,0.001616147,0,0,0,0,-0.0,3.053076,24.355816,-1.560663e-11,0.003053076,0.02435582,False,0.024962,False
2019-01-01,RS01SUM1-LJ01B-09-PRESTB102,2,True,2019-01-01T00:00:00Z,2019-01-01T23:59:59Z,86400,86400,0,1.0,0.999438286,0.999999763,-0.003679008,0,0,0,0,-0.0,3.173146,22.767627,-6.126419e-12,0.003173147,0.02276763,False,0.025598,False
2019-01-02,RS01SUM1-LJ01B-09-PRESTB102,2,True,2019-01-02T00:00:00Z,2019-01-02T23:59:59Z,86400,86400,0,1.0,0.99958992,0.999999749,-0.000483029,0,0,0,0,-0.0,3.136463,22.616628,-7.161881e-11,0.003136464,0.02261663,False,0.025664,False
2019-01-03,RS01SUM1-LJ01B-09-PRESTB102,2,True,2019-01-03T00:00:00Z,2019-01-03T23:59:59Z,86400,86400,0,1.0,0.999618053,0.999999705,0.001639722,0,0,0,0,-0.0,3.236057,23.211762,-2.318081e-11,0.003236058,0.02321177,False,0.022449,False
2019-01-04,RS01SUM1-LJ01B-09-PRESTB102,2,True,2019-01-04T00:00:00Z,2019-01-04T23:59:59Z,86400,86400,0,1.0,0.999609947,0.999999754,-0.00070297,0,0,0,0,-0.0,3.256384,22.011774,-1.778651e-11,0.003256385,0.02201178,False,0.026225,False
2019-01-05,RS01SUM1-LJ01B-09-PRESTB102,2,True,2019-01-05T00:00:00Z,2019-01-05T23:59:59Z,86400,86400,0,1.0,0.999592304,0.999999818,-0.017057491,0,0,0,0,-0.0,3.586219,25.378835,-6.112495e-11,0.00358622,0.02537884,False,0.025506,False
2019-01-06,RS01SUM1-LJ01B-09-PRESTB102,2,True,2019-01-06T00:00:00Z,2019-01-06T23:59:59Z,86400,86400,0,1.0,0.999609947,0.999999753,-0.00125743,0,0,0,0,0.0,3.195923,22.231884,2.235762e-11,0.003195923,0.02223189,False,0.024893,False
2019-01-07,RS01SUM1-LJ01B-09-PRESTB102,2,True,2019-01-07T00:00:00Z,2019-01-07T23:59:59Z,86400,86400,0,1.0,0.999611855,0.999999669,-0.001499566,0,0,0,0,-0.0,3.077462,21.943004,-3.893179e-11,0.003077463,0.02194301,False,0.024582,False
2019-01-08,RS01SUM1-LJ01B-09-PRESTB102,2,True,2019-01-08T00:00:00Z,2019-01-08T23:59:59Z,86400,86400,0,1.0,0.999437809,0.999999767,0.002700325,0,0,0,0,-0.0,3.108745,23.386676,-3.57534e-11,0.003108745,0.02338668,False,0.025334,False
2019-01-09,RS01SUM1-LJ01B-09-PRESTB102,2,True,2019-01-09T00:00:00Z,2019-01-09T23:59:59Z,86400,86400,0,1.0,0.999610901,0.999999732,0.000766968,0,0,0,0,0.0,3.058609,22.282657,3.397868e-13,0.00305861,0.02228266,False,0.025002,False
2019-01-10,RS01SUM1-LJ01B-09-PRESTB102,2,True,2019-01-10T00:00:00Z,2019-01-10T23:59:59Z,86400,86400,0,1.0,0.999603271,0.999999724,0.001411628,0,0,0,0,-0.0,3.117769,23.446874,-1.40923e-11,0.00311777,0.02344688,False,0.025664,False
2019-01-11,RS01SUM1-LJ01B-09-PRESTB102,2,True,2019-01-11T00:00:00Z,2019-01-11T23:59:59Z,86400,86400,0,1.0,0.999594212,0.999999758,0.00486084,0,0,0,0,-0.0,3.500032,23.456239,-5.464778e-11,0.003500033,0.02345624,False,0.023541,False
2019-01-12,RS01SUM1-LJ01B-09-PRESTB102,2,True,2019-01-12T00:00:00Z,2019-01-12T23:59:59Z,86400,86400,0,1.0,0.999587059,0.999999762,0.006249882,0,0,0,0,-0.0,3.402507,22.135437,-7.27121e-11,0.003402508,0.02213544,False,0.026329,False
2019-01-13,RS01SUM1-LJ01B-09-PRESTB102,2,True,2019-01-13T00:00:00Z,2019-01-13T23:59:59Z,86400,86400,0,1.0,0.99959898,0.999999733,0.003825313,0,0,0,0,-0.0,3.550434,25.386966,-7.08884e-11,0.003550435,0.02538697,False,0.026244,False
2019-01-14,RS01SUM1-LJ01B-09-PRESTB102,2,True,2019-01-14T00:00:00Z,2019-01-14T23:59:59Z,86400,86400,0,1.0,0.999588966,0.999999727,0.000271906,0,0,0,0,-0.0,3.072385,22.246952,-6.979302e-11,0.003072385,0.02224696,False,0.023867,False
2019-01-15,RS01SUM1-LJ01B-09-PRESTB102,2,True,2019-01-15T00:00:00Z,2019-01-15T23:59:59Z,86400,86400,0,1.0,0.999435902,0.999999736,0.003231807,0,0,0,0,0.0,3.408042,21.591532,1.354538e-11,0.003408042,0.02159154,False,0.026223,False
2019-01-16,RS01SUM1-LJ01B-09-PRESTB102,2,True,2019-01-16T00:00:00Z,2019-01-16T23:59:59Z,86400,86400,0,1.0,0.999605179,0.999999795,-0.013772737,0,0,0,0,-0.0,3.644004,24.12472,-7.980054e-11,0.003644004,0.02412472,False,0.026315,False
2019-01-17,RS01SUM1-LJ01B-09-PRESTB102,2,True,2019-01-17T00:00:00Z,2019-01-17T23:59:59Z,86400,86400,0,1.0,0.999599934,0.99999978,0.002089981,0,0,1,1,0.0,3.889769,345.189904,5.17881e-11,0.00388977,0.34519,False,0.351284,False
2019-01-18,RS01SUM1-LJ01B-09-PRESTB102,2,True,2019-01-18T00:00:00Z,2019-01-18T23:59:59Z,86400,86400,0,1.0,0.999587059,0.999999739,0.000555084,0,0,0,0,-0.0,3.476084,24.019973,-1.108977e-10,0.003476085,0.02401998,False,0.026299,False
2019-01-19,RS01SUM1-LJ01B-09-PRESTB102,2,True,2019-01-19T00:00:00Z,2019-01-19T23:59:59Z,86400,86400,0,1.0,0.999603748,0.999999835,-0.000340793,0,0,0,0,-0.0,3.094874,23.140143,-7.694119e-11,0.003094874,0.02314015,False,0.023561,False
2019-01-20,RS01SUM1-LJ01B-09-PRESTB102,2,True,2019-01-20T00:00:00Z,2019-01-20T23:59:59Z,86400,86400,0,1.0,0.999594212,0.999999687,-7.4437e-05,0,0,0,0,-0.0,3.076626,22.966104,-1.444606e-11,0.003076627,0.02296611,False,0.022832,False
2019-01-21,RS01SUM1-LJ01B-09-PRESTB102,2,True,2019-01-21T00:00:00Z,2019-01-21T23:59:59Z,86400,86400,0,1.0,0.999592781,0.999999695,0.000738277,0,0,0,0,-0.0,3.73346,23.129439,-7.623364e-11,0.003733461,0.02312945,False,0.024364,False
2019-01-22,RS01SUM1-LJ01B-09-PRESTB102,2,True,2019-01-22T00:00:00Z,2019-01-22T23:59:59Z,86400,86400,0,1.0,0.999459743,0.99999973,0.001854482,0,0,0,0,0.0,3.644944,23.928455,1.15964e-12,0.003644945,0.02392846,False,0.02612,False
2019-01-23,RS01SUM1-LJ01B-09-PRESTB102,2,True,2019-01-23T00:00:00Z,2019-01-23T23:59:59Z,86400,86400,0,1.0,0.999614716,0.999999771,-0.001318428,0,0,0,0,0.0,3.153949,22.831099,9.449681e-12,0.00315395,0.0228311,False,0.024377,False
2019-01-24,RS01SUM1-LJ01B-09-PRESTB102,2,True,2019-01-24T00:00:00Z,2019-01-24T23:59:59Z,86400,86400,0,1.0,0.999588966,0.999999701,0.000768341,0,0,0,0,-0.0,3.084111,21.986525,-9.359075e-11,0.003084112,0.02198653,False,0.025421,False
2019-01-25,RS01SUM1-LJ01B-09-PRESTB102,2,True,2019-01-25T00:00:00Z,2019-01-25T23:59:59Z,86110,86400,290,1.0,0.99960804,0.999999737,0.001394782,1,290,1,290,0.0,3.270121,22.560046,2.4062e-11,0.003270122,0.02256005,False,0.116173,True
2019-01-26,RS01SUM1-LJ01B-09-PRESTB102,2,True,2019-01-26T00:00:00Z,2019-01-26T23:59:59Z,86400,86400,0,1.0,0.999615669,0.999999814,-0.000859551,0,0,0,0,-0.0,3.123874,22.835744,-1.082481e-10,0.003123875,0.02283575,False,0.024377,False
2019-01-27,RS01SUM1-LJ01B-09-PRESTB102,2,True,2019-01-27T00:00:00Z,2019-01-27T23:59:59Z,86400,86400,0,1.0,0.999587059,0.999999698,0.000230758,0,0,0,0,0.0,3.902502,24.543141,1.015673e-11,0.003902503,0.02454315,False,0.025672,False
2019-01-28,RS01SUM1-LJ01B-09-PRESTB102,2,True,2019-01-28T00:00:00Z,2019-01-28T23:59:59Z,86400,86400,0,1.0,0.999588966,0.999999697,0.00350378,0,0,0,0,0.0,4.219839,24.553152,1.173899e-11,0.00421984,0.02455316,False,0.026227,False
2019-01-29,RS01SUM1-LJ01B-09-PRESTB102,2,True,2019-01-29T00:00:00Z,2019-01-29T23:59:59Z,86400,86400,0,1.0,0.999433041,0.999999765,0.002669229,0,0,0,0,0.0,3.700352,25.03245,4.403147e-11,0.003700353,0.02503246,False,0.026156,False
2019-01-30,RS01SUM1-LJ01B-09-PRESTB102,2,True,2019-01-30T00:00:00Z,2019-01-30T23:59:59Z,86250,86400,150,1.0,0.99959898,0.999999686,0.001070574,1,150,1,150,0.0,3.101788,22.985053,4.572175e-12,0.003101789,0.02298506,False,0.058723,True
2019-01-31,RS01SUM1-LJ01B-09-PRESTB102,2,True,2019-01-31T00:00:00Z,2019-01-31T23:59:59Z,86400,86400,0,1.0,0.999608994,0.999999788,-0.002392005,0,0,0,0,-0.0,3.847661,23.255335,-2.689872e-11,0.003847662,0.02325534,False,0.024296,False
2019-02-01,RS01SUM1-LJ01B-09-PRESTB102,2,True,2019-02-01T00:00:00Z,2019-02-01T23:59:59Z,86400,86400,0,1.0,0.999611855,0.999999763,-0.004805637,0,0,0,0,-0.0,4.304624,24.323245,-5.901284e-11,0.004304625,0.02432325,False,0.021933,False
2019-02-02,RS01SUM1-LJ01B-09-PRESTB102,2,True,2019-02-02T00:00:00Z,2019-02-02T23:59:59Z,86400,86400,0,1.0,0.99960804,0.999999745,0.001926018,0,0,0,0,-0.0,3.280431,24.414348,-4.692198e-11,0.003280432,0.02441435,False,0.024875,False
2019-02-03,RS01SUM1-LJ01B-09-PRESTB102,2,True,2019-02-03T00:00:00Z,2019-02-03T23:59:59Z,86400,86400,0,1.0,0.999618053,0.99999981,-0.001858954,0,0,0,0,-0.0,3.10226,23.02547,-2.504323e-11,0.00310226,0.02302547,False,0.023228,False
2019-02-04,RS01SUM1-LJ01B-09-PRESTB102,2,True,2019-02-04T00:00:00Z,2019-02-04T23:59:59Z,86400,86400,0,1.0,0.999601841,0.99999975,-0.00249841,0,0,0,0,0.0,3.267692,23.859235,1.145333e-11,0.003267693,0.02385924,False,0.026195,False
2019-02-05,RS01SUM1-LJ01B-09-PRESTB102,2,True,2019-02-05T00:00:00Z,2019-02-05T23:59:59Z,86299,86400,101,1.0,0.999454975,0.999999701,0.005140023,1,101,1,101,-0.0,2.98728,23.355888,-7.281012e-11,0.00298728,0.02335589,False,0.053471,True
2019-02-06,RS01SUM1-LJ01B-09-PRESTB102,2,True,2019-02-06T00:00:00Z,2019-02-06T23:59:59Z,86400,86400,0,1.0,0.999613762,0.999999798,-0.000423826,0,0,0,0,0.0,3.194674,22.498331,2.22726e-12,0.003194675,0.02249834,False,0.025499,False
2019-02-07,RS01SUM1-LJ01B-09-PRESTB102,2,True,2019-02-07T00:00:00Z,2019-02-07T23:59:59Z,86395,86400,5,1.0,0.999620438,0.999999735,-0.005379085,1,5,1,6,-0.0,3.105513,121.306636,-4.396252e-12,0.003105514,0.1213067,False,0.125881,True
2019-02-08,RS01SUM1-LJ01B-09-PRESTB102,2,True,2019-02-08T00:00:00Z,2019-02-08T23:59:59Z,86400,86400,0,1.0,0.999610901,0.999999712,-0.001496088,0,0,0,0,-0.0,3.088453,22.445293,-9.141058e-11,0.003088453,0.0224453,False,0.025598,False
2019-02-09,RS01SUM1-LJ01B-09-PRESTB102,2,True,2019-02-09T00:00:00Z,2019-02-09T23:59:59Z,86401,86401,0,1.0,0.999588013,0.999999676,3.4821e-05,0,0,11,11,-0.0,3.582983,23.043551,-3.96883e-11,0.003582984,0.02304356,False,0.023446,False
2019-02-10,RS01SUM1-LJ01B-09-PRESTB102,2,True,2019-02-10T00:00:00Z,2019-02-10T23:59:59Z,86400,86400,0,1.0,0.999598026,0.999999702,0.00115332,0,0,1,1,0.0,3.225354,23.851232,3.991684e-11,0.003225355,0.02385124,False,0.022568,False
2019-02-11,RS01SUM1-LJ01B-09-PRESTB102,2,True,2019-02-11T00:00:00Z,2019-02-11T23:59:59Z,86400,86400,0,1.0,0.999607086,0.999999656,0.001518974,0,0,0,0,-0.0,3.356643,23.458154,-6.329627e-11,0.003356645,0.02345816,False,0.025703,False
2019-02-12,RS01SUM1-LJ01B-09-PRESTB102,2,True,2019-02-12T00:00:00Z,2019-02-12T23:59:59Z,86400,86400,0,1.0,0.999442101,0.999999745,-0.001971118,0,0,0,0,0.0,4.66663,26.320757,1.704571e-12,0.004666632,0.02632076,False,0.025863,False
2019-02-13,RS01SUM1-LJ01B-09-PRESTB102,2,True,2019-02-13T00:00:00Z,2019-02-13T23:59:59Z,86400,86400,0,1.0,0.99959898,0.999999697,-0.001359364,0,0,0,0,-0.0,3.445462,22.76208,-1.773221e-11,0.003445463,0.02276209,False,0.025026,False
2019-02-14,RS01SUM1-LJ01B-09-PRESTB102,2,True,2019-02-14T00:00:00Z,2019-02-14T23:59:59Z,86400,86400,0,1.0,0.99960804,0.999999646,-0.000475516,0,0,0,0,-0.0,3.252513,24.057524,-4.831421e-11,0.003252514,0.02405753,False,0.025006,False
2019-02-15,RS01SUM1-LJ01B-09-PRESTB102,2,True,2019-02-15T00:00:00Z,2019-02-15T23:59:59Z,86400,86400,0,1.0,0.999607086,0.999999719,0.001506885,0,0,0,0,-0.0,3.335334,23.804949,-1.065661e-10,0.003335335,0.02380496,False,0.025068,False
2019-02-16,RS01SUM1-LJ01B-09-PRESTB102,2,True,2019-02-16T00:00:00Z,2019-02-16T23:59:59Z,86400,86400,0,1.0,0.999587059,0.999999756,-0.002294777,0,0,0,0,0.0,3.213883,22.828797,5.210596e-13,0.003213884,0.0228288,False,0.026377,False
2019-02-17,RS01SUM1-LJ01B-09-PRESTB102,2,True,2019-02-17T00:00:00Z,2019-02-17T23:59:59Z,86400,86400,0,1.0,0.99960041,0.999999691,0.000556318,0,0,0,0,-0.0,3.298435,21.556267,-1.281852e-11,0.003298436,0.02155627,False,0.025392,False
2019-02-18,RS01SUM1-LJ01B-09-PRESTB102,2,True,2019-02-18T00:00:00Z,2019-02-18T23:59:59Z,86400,86400,0,1.0,0.999590874,0.99999972,-0.001136509,0,0,0,0,-0.0,3.045603,22.156734,-1.838451e-11,0.003045604,0.02215674,False,0.026838,False
2019-02-19,RS01SUM1-LJ01B-09-PRESTB102,2,True,2019-02-19T00:00:00Z,2019-02-19T23:59:59Z,86400,86400,0,1.0,0.999445438,0.999999712,-0.001982949,0,0,0,0,0.0,3.186018,24.058186,5.407914e-11,0.003186019,0.02405819,False,0.026031,False
2019-02-20,RS01SUM1-LJ01B-09-PRESTB102,2,True,2019-02-20T00:00:00Z,2019-02-20T23:59:59Z,86400,86400,0,1.0,0.99959898,0.999999712,0.003028471,0,0,0,0,-0.0,3.346855,21.858253,-3.415981e-11,0.003346856,0.02185826,False,0.023803,False
2019-02-21,RS01SUM1-LJ01B-09-PRESTB102,2,True,2019-02-21T00:00:00Z,2019-02-21T23:59:59Z,86400,86400,0,1.0,0.999620914,0.999999739,-0.001397422,0,0,0,0,-0.0,3.221492,23.348729,-3.946461e-11,0.003221493,0.02334874,False,0.02382,False
2019-02-22,RS01SUM1-LJ01B-09-PRESTB102,2,True,2019-02-22T00:00:00Z,2019-02-22T23:59:59Z,86400,86400,0,1.0,0.999619007,0.999999727,0.003096473,0,0,0,0,-0.0,3.479921,24.10274,-3.85084e-11,0.003479922,0.02410275,False,0.023577,False
2019-02-23,RS01SUM1-LJ01B-09-PRESTB102,2,True,2019-02-23T00:00:00Z,2019-02-23T23:59:59Z,86298,86400,102,1.0,0.999600887,0.999999711,0.000525812,1,102,1,102,-0.0,3.533872,25.985045,-3.790348e-11,0.003533873,0.02598505,False,0.043066,True
2019-02-24,RS01SUM1-LJ01B-09-PRESTB102,2,True,2019-02-24T00:00:00Z,2019-02-24T23:59:59Z,86400,86400,0,1.0,0.999614239,0.999999774,0.005888041,0,0,0,0,0.0,3.970567,24.808106,8.00126e-12,0.003970568,0.02480811,False,0.026134,False
2019-02-25,RS01SUM1-LJ01B-09-PRESTB102,2,True,2019-02-25T00:00:00Z,2019-02-25T23:59:59Z,86400,86400,0,1.0,0.999608994,0.999999844,-0.00347805,0,0,0,0,-0.0,3.905552,24.158536,-9.734163e-11,0.003905553,0.02415854,False,0.024516,False
2019-02-26,RS01SUM1-LJ01B-09-PRESTB102,2,True,2019-02-26T00:00:00Z,2019-02-26T23:59:59Z,86400,86400,0,1.0,0.999459743,0.999999726,0.003149403,0,0,0,0,-0.0,3.387825,23.57958,-5.320403e-13,0.003387826,0.02357959,False,0.024288,False
2019-02-27,RS01SUM1-LJ01B-09-PRESTB102,2,True,2019-02-27T00:00:00Z,2019-02-27T23:59:59Z,86400,86400,0,1.0,0.999608994,0.999999686,-0.00191604,0,0,0,0,-0.0,3.032113,21.79554,-3.247296e-11,0.003032114,0.02179555,False,0.02441,False
2019-02-28,RS01SUM1-LJ01B-09-PRESTB102,2,True,2019-02-28T00:00:00Z,2019-02-28T23:59:59Z,86299,86400,101,1.0,0.999618053,0.999999698,0.000441464,1,101,1,101,0.0,3.116406,21.667111,3.129583e-11,0.003116407,0.02166712,False,0.03832,True
2019-03-01,RS01SUM1-LJ01B-09-PRESTB102,2,True,2019-03-01T00:00:00Z,2019-03-01T23:59:59Z,86400,86400,0,1.0,0.999607086,0.999999706,-0.002621186,0,0,0,0,-0.0,3.234917,22.88772,-2.98672e-11,0.003234918,0.02288773,False,0.02628,False
2019-03-02,RS01SUM1-LJ01B-09-PRESTB102,2,True,2019-03-02T00:00:00Z,2019-03-02T23:59:47Z,86388,86388,0,1.0,0.999599934,0.999999754,0.000680852,0,0,0,0,-0.0,3.22377,22.760344,-1.585419e-11,0.003223771,0.02276035,False,0.025196,False
2019-03-03,RS01SUM1-LJ01B-09-PRESTB102,2,True,2019-03-03T00:01:30Z,2019-03-03T23:59:59Z,86062,86310,248,1.0,0.99960804,0.999999718,0.001275195,2,248,2,248,-0.0,3.096951,22.308318,-2.628447e-11,0.003096951,0.02230832,False,0.055433,True
2019-03-04,RS01SUM1-LJ01B-09-PRESTB102,2,True,2019-03-04T00:00:00Z,2019-03-04T23:59:59Z,86400,86400,0,1.0,0.999596119,0.999999731,0.003798008,0,0,0,0,-0.0,3.478444,25.557406,-7.274507e-11,0.003478445,0.02555741,False,0.025707,False
2019-03-05,RS01SUM1-LJ01B-09-PRESTB102,2,True,2019-03-05T00:00:00Z,2019-03-05T23:59:59Z,86400,86400,0,1.0,0.999447823,0.999999657,0.000548849,0,0,0,0,-0.0,3.31287,22.882871,-1.469383e-11,0.003312871,0.02288288,False,0.025417,False
2019-03-06,RS01SUM1-LJ01B-09-PRESTB102,2,True,2019-03-06T00:00:00Z,2019-03-06T23:59:59Z,86400,86400,0,1.0,0.999608994,0.999999705,0.003577476,0,0,0,0,-0.0,3.436959,24.394334,-4.152989e-11,0.00343696,0.02439434,False,0.021926,False
2019-03-07,RS01SUM1-LJ01B-09-PRESTB102,2,True,2019-03-07T00:00:00Z,2019-03-07T23:59:59Z,86294,86400,106,1.0,0.999602795,0.999999716,-0.000979757,1,106,1,106,0.0,3.033689,20.827391,1.842537e-11,0.00303369,0.0208274,False,0.041498,True
2019-03-08,RS01SUM1-LJ01B-09-PRESTB102,2,True,2019-03-08T00:00:00Z,2019-03-08T23:59:59Z,86298,86400,102,1.0,0.999592781,0.999999642,0.003193169,1,102,1,102,-0.0,3.941197,25.951828,-5.474917e-11,0.003941199,0.02595184,False,0.043253,True
2019-03-09,RS01SUM1-LJ01B-09-PRESTB102,2,True,2019-03-09T00:00:00Z,2019-03-09T23:59:59Z,86298,86400,102,1.0,0.999613762,0.999999723,0.002267334,1,102,1,102,-0.0,5.812688,27.101584,-8.726863e-11,0.005812689,0.02710159,False,0.040499,True
2019-03-10,RS01SUM1-LJ01B-09-PRESTB102,2,True,2019-03-10T00:00:00Z,2019-03-10T23:59:59Z,86298,86400,102,1.0,0.999605179,0.99999975,-0.003812405,1,102,1,102,-0.0,3.198923,22.167533,-2.626087e-11,0.003198924,0.02216754,False,0.047241,True
2019-03-11,RS01SUM1-LJ01B-09-PRESTB102,2,True,2019-03-11T00:00:00Z,2019-03-11T23:59:59Z,86298,86400,102,1.0,0.999606133,0.999999751,0.002863283,1,102,1,102,-0.0,3.22994,23.338112,-2.16425e-11,0.00322994,0.02333812,False,0.041214,True
2019-03-12,RS01SUM1-LJ01B-09-PRESTB102,2,True,2019-03-12T00:00:00Z,2019-03-12T23:59:59Z,86400,86400,0,1.0,0.999427319,0.999999791,-0.001871306,0,0,0,0,-0.0,3.459144,25.127952,-1.079174e-10,0.003459144,0.02512796,False,0.026109,False
2019-03-13,RS01SUM1-LJ01B-09-PRESTB102,2,True,2019-03-13T00:00:00Z,2019-03-13T23:59:59Z,86400,86400,0,1.0,0.999613762,0.999999709,-0.003189695,0,0,0,0,0.0,3.947873,25.115718,4.89479e-11,0.003947875,0.02511573,False,0.025102,False
2019-03-14,RS01SUM1-LJ01B-09-PRESTB102,2,True,2019-03-14T00:00:00Z,2019-03-14T23:59:59Z,86400,86400,0,1.0,0.999595165,0.999999744,-0.004243739,0,0,0,0,-0.0,3.183809,21.432386,-9.806884e-12,0.00318381,0.02143239,False,0.022034,False
2019-03-15,RS01SUM1-LJ01B-09-PRESTB102,2,True,2019-03-15T00:00:00Z,2019-03-15T23:59:59Z,82926,86401,3475,1.0,0.999605179,0.999984716,-0.032050717,1,3475,1,3475,-0.0,263.198277,534.586882,-3.085055e-11,0.2632023,0.5345951,True,0.367718,True
2019-03-16,RS01SUM1-LJ01B-09-PRESTB102,2,True,2019-03-16T00:00:00Z,2019-03-16T23:59:59Z,86400,86400,0,1.0,0.999618053,0.999999728,-0.003643703,0,0,0,0,-0.0,3.278439,22.830762,-6.596139e-11,0.00327844,0.02283077,False,0.024591,False
2019-03-17,RS01SUM1-LJ01B-09-PRESTB102,2,True,2019-03-17T00:00:00Z,2019-03-17T23:59:59Z,86386,86400,14,1.0,0.999615192,0.999999709,-0.002368559,1,14,1,14,0.0,3.18405,21.097367,7.059625e-11,0.003184051,0.02109737,False,0.024479,True
2019-03-18,RS01SUM1-LJ01B-09-PRESTB102,2,True,2019-03-18T00:00:00Z,2019-03-18T23:59:59Z,86385,86400,15,1.0,0.999606133,0.999999725,-0.001841132,1,15,1,15,0.0,3.033117,23.305132,6.494157e-11,0.003033117,0.02330514,False,0.026284,True
2019-03-19,RS01SUM1-LJ01B-09-PRESTB102,2,True,2019-03-19T00:00:00Z,2019-03-19T23:59:59Z,86299,86400,101,1.0,0.999454975,0.999999749,-0.003485557,1,101,1,101,-0.0,3.409711,23.056812,-2.932257e-11,0.003409712,0.02305682,False,0.051611,True
2019-03-20,RS01SUM1-LJ01B-09-PRESTB102,2,True,2019-03-20T00:00:00Z,2019-03-20T23:59:59Z,86400,86400,0,1.0,0.999643803,0.999999732,-0.002215354,0,0,0,0,-0.0,4.374884,25.078208,-7.413896e-11,0.004374886,0.02507822,False,0.024631,False
2019-03-21,RS01SUM1-LJ01B-09-PRESTB102,2,True,2019-03-21T00:00:00Z,2019-03-21T23:59:59Z,86094,86400,306,1.0,0.999619007,0.999999715,0.00136966,3,306,3,306,-0.0,3.672993,23.922088,-6.281095e-11,0.003672995,0.02392209,False,0.042453,True
2019-03-22,RS01SUM1-LJ01B-09-PRESTB102,2,True,2019-03-22T00:00:00Z,2019-03-22T23:59:58Z,86298,86400,102,1.0,0.999621868,0.999999722,-0.001831098,14,102,14,115,-0.0,3.33187,22.678296,-2.407559e-11,0.003331871,0.0226783,False,0.041912,True
2019-03-23,RS01SUM1-LJ01B-09-PRESTB102,2,True,2019-03-23T00:00:00Z,2019-03-23T23:59:59Z,86401,86401,0,1.0,0.999598026,0.999999717,-0.00105017,0,0,8,8,0.0,3.339205,24.966543,1.126794e-11,0.003339206,0.02496655,False,0.025697,False
2019-03-24,RS01SUM1-LJ01B-09-PRESTB102,2,True,2019-03-24T00:00:00Z,2019-03-24T23:59:59Z,86361,86400,39,1.0,0.9996171,0.999999734,0.004192423,2,39,2,41,-0.0,3.340179,235.882457,-2.419689e-11,0.00334018,0.2358825,False,0.237536,True
2019-03-25,RS01SUM1-LJ01B-09-PRESTB102,2,True,2019-03-25T00:00:00Z,2019-03-25T23:59:59Z,86400,86400,0,1.0,0.999631405,0.999999774,0.000990885,0,0,0,0,-0.0,3.022888,23.556966,-1.849636e-11,0.003022889,0.02355697,False,0.026385,False
2019-03-26,RS01SUM1-LJ01B-09-PRESTB102,2,True,2019-03-26T00:00:00Z,2019-03-26T23:59:59Z,86196,86400,204,1.0,0.999455929,0.999999729,0.00188328,2,204,2,204,0.0,3.076637,23.414895,2.29715e-11,0.003076638,0.0234149,False,0.058794,True
2019-03-27,RS01SUM1-LJ01B-09-PRESTB102,2,True,2019-03-27T00:00:00Z,2019-03-27T23:59:59Z,86196,86400,204,1.0,0.999603271,0.999999786,0.002955822,2,204,2,204,0.0,3.535376,25.851793,4.043437e-11,0.003535376,0.0258518,False,0.041208,True
2019-03-28,RS01SUM1-LJ01B-09-PRESTB102,2,True,2019-03-28T00:00:00Z,2019-03-28T23:59:59Z,86400,86400,0,1.0,0.999614239,0.99999973,-0.002160606,0,0,0,0,-0.0,3.862853,24.905468,-8.601137e-11,0.003862854,0.02490547,False,0.026276,False
2019-03-29,RS01SUM1-LJ01B-09-PRESTB102,2,True,2019-03-29T00:00:00Z,2019-03-29T23:59:59Z,86400,86400,0,1.0,0.999607086,0.999999615,-0.000683272,0,0,0,0,0.0,3.540252,22.48133,3.748795e-11,0.003540254,0.02248134,False,0.021252,False
2019-03-30,RS01SUM1-LJ01B-09-PRESTB102,2,True,2019-03-30T00:00:00Z,2019-03-30T23:59:59Z,86400,86400,0,1.0,0.999597073,0.999999744,0.000884419,0,0,0,0,-0.0,3.612438,24.577576,-1.119257e-10,0.003612439,0.02457758,False,0.021427,False
2019-03-31,RS01SUM1-LJ01B-09-PRESTB102,2,True,2019-03-31T00:00:00Z,2019-03-31T23:59:59Z,86400,86400,0,1.0,0.999587059,0.999999668,-0.000932198,0,0,0,0,-0.0,3.277476,23.248142,-4.458556e-11,0.003277477,0.02324815,False,0.023814,False
2019-04-01,RS01SUM1-LJ01B-09-PRESTB102,2,True,2019-04-01T00:00:00Z,2019-04-01T23:59:59Z,86397,86400,3,1.0,0.999629021,0.9999997,0.00331894,1,3,1,4,0.0,3.698033,132.20638,6.67638e-11,0.003698034,0.1322064,False,0.135258,True
2019-04-02,RS01SUM1-LJ01B-09-PRESTB102,2,True,2019-04-02T00:00:00Z,2019-04-02T23:59:59Z,86299,86400,101,1.0,0.999459267,0.999999742,-0.000430077,1,101,1,101,-0.0,4.925223,27.91019,-6.397026e-11,0.004925224,0.0279102,False,0.049664,True
2019-04-03,RS01SUM1-LJ01B-09-PRESTB102,2,True,2019-04-03T00:00:00Z,2019-04-03T23:59:59Z,86400,86400,0,1.0,0.999624729,0.999999698,0.003439561,0,0,0,0,-0.0,3.248324,21.740813,-5.490411e-11,0.003248325,0.02174082,False,0.025057,False
2019-04-04,RS01SUM1-LJ01B-09-PRESTB102,2,True,2019-04-04T00:00:00Z,2019-04-04T23:18:53Z,83629,83934,305,1.0,0.999605417,0.999999894,-0.000630009,3,305,3,305,0.0,7.207853,49.586704,7.175009e-11,0.007207853,0.04958671,False,0.043815,True
2019-04-05,RS01SUM1-LJ01B-09-PRESTB102,2,True,2019-04-05T01:33:30Z,2019-04-05T23:59:59Z,80790,80790,0,1.0,0.999608994,0.999999547,0.005996397,0,0,0,0,-0.0,4.504396,27.73364,-1.175231e-10,0.004504398,0.02773365,False,0.024425,False
2019-04-06,RS01SUM1-LJ01B-09-PRESTB102,2,True,2019-04-06T00:00:00Z,2019-04-06T23:59:06Z,86042,86347,305,1.0,0.999601841,0.999999752,0.006837355,3,305,3,305,-0.0,4.279404,22.743049,-2.411273e-12,0.004279405,0.02274306,False,0.040164,True
2019-04-07,RS01SUM1-LJ01B-09-PRESTB102,2,True,2019-04-07T00:00:52Z,2019-04-07T23:59:59Z,86246,86348,102,1.0,0.999622822,0.99999975,0.00487081,1,102,1,102,-0.0,2.95386,22.490486,-2.962804e-12,0.00295386,0.02249049,False,0.042905,True
2019-04-08,RS01SUM1-LJ01B-09-PRESTB102,2,True,2019-04-08T00:00:00Z,2019-04-08T23:59:59Z,86289,86400,111,1.0,0.999613285,0.999999711,0.000169594,1,111,1,111,0.0,2.835478,23.954025,3.714097e-11,0.002835479,0.02395403,False,0.048663,True
2019-04-09,RS01SUM1-LJ01B-09-PRESTB102,2,True,2019-04-09T00:00:00Z,2019-04-09T23:59:59Z,86178,86400,222,1.0,0.99945879,0.999999716,-0.000254641,3,222,3,222,0.0,3.08274,25.178938,1.129672e-11,0.003082741,0.02517895,False,0.054175,True
2019-04-10,RS01SUM1-LJ01B-09-PRESTB102,2,True,2019-04-10T00:00:00Z,2019-04-10T23:59:59Z,86198,86400,202,1.0,0.999615669,0.999999726,0.00252254,2,202,2,202,-0.0,2.857951,22.472279,-5.927386e-12,0.002857951,0.02247229,False,0.041848,True
2019-04-11,RS01SUM1-LJ01B-09-PRESTB102,2,True,2019-04-11T00:00:00Z,2019-04-11T23:59:59Z,86197,86400,203,1.0,0.999608994,0.999999734,-0.001784092,2,203,2,203,0.0,3.012884,23.653704,3.244641e-12,0.003012885,0.02365371,False,0.036886,True
2019-04-12,RS01SUM1-LJ01B-09-PRESTB102,2,True,2019-04-12T00:00:00Z,2019-04-12T23:59:59Z,85770,86400,630,1.0,0.999610901,0.999999776,0.003107439,7,630,7,630,-0.0,2.811104,21.619056,-2.04626e-11,0.002811105,0.02161906,False,0.045796,True
2019-04-13,RS01SUM1-LJ01B-09-PRESTB102,2,True,2019-04-13T00:00:00Z,2019-04-13T23:59:59Z,86400,86400,0,1.0,0.999615192,0.999999763,0.00140692,0,0,0,0,0.0,2.852302,22.12518,7.93188e-12,0.002852303,0.02212519,False,0.023582,False
2019-04-14,RS01SUM1-LJ01B-09-PRESTB102,2,True,2019-04-14T00:00:00Z,2019-04-14T23:59:59Z,86298,86400,102,1.0,0.999622822,0.999999724,0.003141446,1,102,1,102,-0.0,2.784858,20.353725,-1.002885e-11,0.002784859,0.02035373,False,0.040061,True
2019-04-15,RS01SUM1-LJ01B-09-PRESTB102,2,True,2019-04-15T00:00:00Z,2019-04-15T23:59:59Z,86168,86400,232,1.0,0.999611855,0.99999972,-0.001969128,4,232,4,232,0.0,2.797758,21.058006,6.183026e-12,0.002797759,0.02105801,False,0.04245,True
2019-04-16,RS01SUM1-LJ01B-09-PRESTB102,2,True,2019-04-16T00:00:00Z,2019-04-16T23:59:59Z,85892,86400,508,1.0,0.999438286,0.999999743,0.000892664,5,508,5,508,0.0,2.801289,22.553514,1.327382e-11,0.00280129,0.02255352,False,0.061315,True
2019-04-17,RS01SUM1-LJ01B-09-PRESTB102,2,True,2019-04-17T00:00:00Z,2019-04-17T23:59:59Z,86283,86400,117,1.0,0.999613762,0.99999972,-0.000446538,2,117,2,117,-0.0,2.932195,22.150476,-6.651493e-13,0.002932196,0.02215048,False,0.037475,True
2019-04-18,RS01SUM1-LJ01B-09-PRESTB102,2,True,2019-04-18T00:00:00Z,2019-04-18T23:59:59Z,85877,86399,522,1.0,0.99963665,1.000016788,-0.166981673,6,522,6,526,-0.0,254.969424,543.744412,-1.385962e-10,0.2549651,0.5437353,True,0.481773,True
2019-04-19,RS01SUM1-LJ01B-09-PRESTB102,2,True,2019-04-19T00:00:00Z,2019-04-19T23:59:59Z,85958,86400,442,1.0,0.999623299,0.999999778,-0.001190751,3,442,3,442,-0.0,2.801647,20.55666,-2.788654e-11,0.002801647,0.02055666,False,0.08987,True
2019-04-20,RS01SUM1-LJ01B-09-PRESTB102,2,True,2019-04-20T00:00:00Z,2019-04-20T23:59:59Z,86192,86400,208,1.0,0.999606133,0.999999741,-0.000550388,2,208,2,208,-0.0,2.968808,21.164847,-3.974038e-11,0.002968809,0.02116485,False,0.044309,True
2019-04-21,RS01SUM1-LJ01B-09-PRESTB102,2,True,2019-04-21T00:00:00Z,2019-04-21T23:59:59Z,86192,86400,208,1.0,0.999612808,0.999999701,0.003009691,2,208,2,208,-0.0,4.677776,23.105769,-6.95001e-11,0.004677778,0.02310578,False,0.041081,True
2019-04-22,RS01SUM1-LJ01B-09-PRESTB102,2,True,2019-04-22T00:00:00Z,2019-04-22T23:59:59Z,85637,86400,763,1.0,0.999636173,0.999999747,-0.004935835,8,763,8,763,0.0,3.025599,24.23557,6.59129e-11,0.0030256,0.02423558,False,0.05652,True
2019-04-23,RS01SUM1-LJ01B-09-PRESTB102,2,True,2019-04-23T00:00:00Z,2019-04-23T23:59:59Z,85675,86400,725,1.0,0.999471664,0.999999704,0.003462105,7,725,7,725,0.0,2.834432,21.502687,7.610794e-11,0.002834433,0.02150269,False,0.069076,True
2019-04-24,RS01SUM1-LJ01B-09-PRESTB102,2,True,2019-04-24T00:00:00Z,2019-04-24T23:59:59Z,86090,86400,310,1.0,0.999614239,0.999999726,0.001688845,4,310,4,311,0.0,2.880999,118.202022,2.07502e-11,0.002881,0.1182021,False,0.117544,True
2019-04-25,RS01SUM1-LJ01B-09-PRESTB102,2,True,2019-04-25T00:00:00Z,2019-04-25T23:59:59Z,86095,86400,305,1.0,0.999620914,0.999999693,0.002083007,3,305,3,305,0.0,2.898419,20.276907,6.556053e-12,0.00289842,0.02027691,False,0.039143,True
2019-04-26,RS01SUM1-LJ01B-09-PRESTB102,2,True,2019-04-26T00:00:00Z,2019-04-26T23:59:59Z,85220,86400,1180,1.0,0.99960804,0.999999647,0.004784224,9,1180,9,1180,-0.0,3.237542,24.463075,-1.384669e-10,0.003237544,0.02446308,False,0.139091,True
2019-04-27,RS01SUM1-LJ01B-09-PRESTB102,2,True,2019-04-27T00:00:00Z,2019-04-27T23:59:59Z,86066,86400,334,1.0,0.999619961,0.999999659,0.003681431,5,334,5,334,-0.0,2.822372,22.355102,-3.642797e-11,0.002822373,0.02235511,False,0.040857,True
2019-04-28,RS01SUM1-LJ01B-09-PRESTB102,2,True,2019-04-28T00:00:00Z,2019-04-28T23:59:59Z,85543,86400,857,1.0,0.999610901,0.9999997,0.000503527,10,857,10,858,-0.0,2.915241,133.710554,-4.651406e-11,0.002915242,0.1337106,False,0.134217,True
2019-04-29,RS01SUM1-LJ01B-09-PRESTB102,2,True,2019-04-29T00:00:00Z,2019-04-29T23:59:59Z,85961,86400,439,1.0,0.999613285,0.999999743,-0.000147833,5,439,5,439,-0.0,4.060778,24.425342,-1.025638e-11,0.004060779,0.02442535,False,0.04344,True
2019-04-30,RS01SUM1-LJ01B-09-PRESTB102,2,True,2019-04-30T00:00:00Z,2019-04-30T23:59:59Z,85991,86400,409,1.0,0.999453068,0.999999762,0.001730093,4,409,4,409,-0.0,4.405719,27.549523,-2.889976e-11,0.00440572,0.02754953,False,0.056362,True
2019-05-01,RS01SUM1-LJ01B-09-PRESTB102,2,True,2019-05-01T00:00:00Z,2019-05-01T23:59:59Z,85865,86400,535,1.0,0.999601841,0.999999718,-0.00064567,6,535,6,535,0.0,2.845811,21.03471,3.206119e-13,0.002845812,0.02103472,False,0.046004,True
2019-05-02,RS01SUM1-LJ01B-09-PRESTB102,2,True,2019-05-02T00:00:00Z,2019-05-02T23:59:59Z,85892,86400,508,1.0,0.999610901,0.99999975,0.000747178,5,508,5,508,-0.0,3.795667,25.872403,-5.089421e-11,0.003795668,0.02587241,False,0.04244,True
2019-05-03,RS01SUM1-LJ01B-09-PRESTB102,2,True,2019-05-03T00:00:00Z,2019-05-03T23:59:59Z,85316,86400,1084,1.0,0.999614239,0.999999711,0.005040119,11,1084,11,1085,-0.0,3.326606,287.838115,-4.353393e-11,0.003326607,0.2878382,False,0.292622,True
2019-05-04,RS01SUM1-LJ01B-09-PRESTB102,2,True,2019-05-04T00:00:00Z,2019-05-04T23:59:59Z,85563,86401,838,1.0,0.99960804,0.999999748,-0.001251102,26,838,26,855,-0.0,2.896289,21.346639,-2.954518e-11,0.00289629,0.02134664,False,0.046164,True
2019-05-05,RS01SUM1-LJ01B-09-PRESTB102,2,True,2019-05-05T00:00:00Z,2019-05-05T23:59:59Z,85247,86399,1152,1.0,0.999624252,1.000011981,0.243385426,12,1152,12,1156,-0.0,289.031498,532.773234,-4.938182e-11,0.289028,0.5327669,True,0.453521,True
2019-05-06,RS01SUM1-LJ01B-09-PRESTB102,2,True,2019-05-06T00:00:00Z,2019-05-06T23:58:42Z,85682,86323,641,1.0,0.999601841,0.999999696,0.005211049,8,641,8,641,0.0,2.792718,22.626525,8.451802e-11,0.002792719,0.02262653,False,0.042023,True
2019-05-07,RS01SUM1-LJ01B-09-PRESTB102,2,True,2019-05-07T00:00:25Z,2019-05-07T23:59:59Z,85844,86375,531,1.0,0.999463081,0.999999712,0.00135123,6,531,6,531,0.0,2.822664,21.406324,1.868977e-13,0.002822665,0.02140633,False,0.056276,True
2019-05-08,RS01SUM1-LJ01B-09-PRESTB102,2,True,2019-05-08T00:00:00Z,2019-05-08T23:59:59Z,84857,86400,1543,1.0,0.999615192,0.999999707,-0.001443792,15,1543,15,1543,0.0,2.798909,22.303702,8.879037e-12,0.00279891,0.02230371,False,0.046542,True
2019-05-09,RS01SUM1-LJ01B-09-PRESTB102,2,True,2019-05-09T00:00:00Z,2019-05-09T23:59:59Z,85472,86400,928,1.0,0.999612808,0.999999656,-0.000121637,10,928,10,928,-0.0,2.828204,23.032135,-6.783843e-12,0.002828205,0.02303214,False,0.041749,True
2019-05-10,RS01SUM1-LJ01B-09-PRESTB102,2,True,2019-05-10T00:00:00Z,2019-05-10T23:59:59Z,84991,86400,1409,1.0,0.999586582,0.999999642,0.001150143,15,1409,15,1409,-0.0,2.909005,23.583455,-5.832462e-11,0.002909006,0.02358346,False,0.058156,True
2019-05-11,RS01SUM1-LJ01B-09-PRESTB102,2,True,2019-05-11T00:00:00Z,2019-05-11T23:59:59Z,84761,86400,1639,1.0,0.999601126,0.999999713,-0.001063818,16,1639,16,1639,-0.0,2.810262,20.601424,-7.228963e-11,0.002810263,0.02060143,False,0.04489,True
2019-05-12,RS01SUM1-LJ01B-09-PRESTB102,2,True,2019-05-12T00:00:00Z,2019-05-12T23:59:59Z,85057,86400,1343,1.0,0.999615192,0.999999745,-0.00261684,13,1343,13,1343,0.0,2.781088,22.914044,7.370868e-11,0.002781088,0.02291405,False,0.043764,True
2019-05-13,RS01SUM1-LJ01B-09-PRESTB102,2,True,2019-05-13T00:00:00Z,2019-05-13T23:59:59Z,85358,86400,1042,1.0,0.999615192,0.99999971,-0.000156343,11,1042,11,1042,0.0,2.917983,22.700521,1.473265e-11,0.002917984,0.02270053,False,0.044496,True
2019-05-14,RS01SUM1-LJ01B-09-PRESTB102,2,True,2019-05-14T00:00:00Z,2019-05-14T23:59:59Z,84956,86400,1444,1.0,0.999454021,0.999999734,0.003574115,14,1444,14,1444,0.0,3.267104,23.674134,5.407597e-11,0.003267105,0.02367414,False,0.069841,True
2019-05-15,RS01SUM1-LJ01B-09-PRESTB102,2,True,2019-05-15T00:00:00Z,2019-05-15T23:59:59Z,85053,86400,1347,1.0,0.999605417,0.999999715,0.001682329,14,1347,14,1347,0.0,3.432938,21.595172,4.521581e-11,0.003432939,0.02159518,False,0.043635,True
2019-05-16,RS01SUM1-LJ01B-09-PRESTB102,2,True,2019-05-16T00:00:00Z,2019-05-16T23:59:59Z,84724,86400,1676,1.0,0.999613762,0.999999705,-0.000561067,18,1676,18,1676,-0.0,2.98406,23.518002,-6.785128e-12,0.002984061,0.02351801,False,0.048523,True
2019-05-17,RS01SUM1-LJ01B-09-PRESTB102,2,True,2019-05-17T00:00:00Z,2019-05-17T23:59:59Z,85142,86400,1258,1.0,0.999592781,0.999999766,-0.003824284,13,1258,13,1258,-0.0,2.889125,22.086291,-3.820225e-12,0.002889125,0.0220863,False,0.04623,True
2019-05-18,RS01SUM1-LJ01B-09-PRESTB102,2,True,2019-05-18T00:00:00Z,2019-05-18T23:59:59Z,84346,86400,2054,1.0,0.999602318,0.999999705,0.000626092,20,2054,20,2054,0.0,2.833924,21.202704,5.63846e-11,0.002833925,0.02120271,False,0.044228,True
2019-05-19,RS01SUM1-LJ01B-09-PRESTB102,2,False,,,0,0,,1.0,,,,,,,,,,,,,,,,False
2019-05-20,RS01SUM1-LJ01B-09-PRESTB102,2,True,2019-05-20T00:00:00Z,2019-05-20T23:59:59Z,85032,86400,1368,1.0,0.999585152,0.999999716,0.001076868,15,1368,15,1368,0.0,2.866619,22.638006,2.356185e-11,0.00286662,0.02263801,False,0.047802,True
2019-05-21,RS01SUM1-LJ01B-09-PRESTB102,2,True,2019-05-21T00:00:00Z,2019-05-21T23:59:59Z,85351,86400,1049,1.0,0.999454021,0.999999691,0.000592433,11,1049,11,1049,0.0,2.810627,22.046029,3.180954e-11,0.002810628,0.02204604,False,0.060083,True
2019-05-22,RS01SUM1-LJ01B-09-PRESTB102,2,True,2019-05-22T00:00:00Z,2019-05-22T23:59:59Z,84143,86400,2257,1.0,0.999629974,0.999999708,-0.000485628,22,2257,22,2257,-0.0,2.871421,22.480607,-5.93749e-11,0.002871421,0.02248061,False,0.137267,True
2019-05-23,RS01SUM1-LJ01B-09-PRESTB102,2,True,2019-05-23T00:00:00Z,2019-05-23T23:59:59Z,85124,86400,1276,1.0,0.999607086,0.999999727,-0.002829793,15,1276,15,1276,-0.0,2.910848,23.021601,-5.394928e-11,0.002910848,0.02302161,False,0.045366,True
2019-05-24,RS01SUM1-LJ01B-09-PRESTB102,2,True,2019-05-24T00:00:00Z,2019-05-24T23:59:59Z,82627,86401,3774,1.0,0.999600887,0.999983981,0.030661821,22,3774,22,3774,-0.0,263.139857,545.10519,-1.25068e-11,0.2631441,0.5451139,True,0.286475,True
2019-05-25,RS01SUM1-LJ01B-09-PRESTB102,2,True,2019-05-25T00:00:00Z,2019-05-25T23:59:59Z,84828,86400,1572,1.0,0.999614239,0.999999697,0.003659505,17,1572,17,1572,-0.0,2.841514,21.972549,-3.351559e-11,0.002841514,0.02197256,False,0.043674,True
2019-05-26,RS01SUM1-LJ01B-09-PRESTB102,2,True,2019-05-26T00:00:00Z,2019-05-26T23:59:59Z,83757,86400,2643,1.0,0.999592781,0.999999738,0.002938174,26,2643,26,2643,0.0,2.917943,22.173436,1.00631e-10,0.002917943,0.02217344,False,0.045963,True
2019-05-27,RS01SUM1-LJ01B-09-PRESTB102,2,True,2019-05-27T00:00:00Z,2019-05-27T23:59:59Z,84415,86400,1985,1.0,0.999606133,0.999999788,0.000176991,21,1985,21,1985,0.0,2.773921,22.500673,3.28121e-11,0.002773922,0.02250068,False,0.043341,True
2019-05-28,RS01SUM1-LJ01B-09-PRESTB102,2,True,2019-05-28T00:00:00Z,2019-05-28T23:59:59Z,83927,86400,2473,1.0,0.999444962,0.999999748,0.001776358,24,2473,24,2473,-0.0,2.826589,22.484767,-1.374165e-11,0.00282659,0.02248477,False,0.064642,True
2019-05-29,RS01SUM1-LJ01B-09-PRESTB102,2,True,2019-05-29T00:00:00Z,2019-05-29T23:59:59Z,82610,86400,3790,1.0,0.999619961,0.999999792,-0.000568666,42,3790,42,3790,-0.0,2.891248,177.011705,-7.746207e-12,0.002891248,0.1770117,False,0.182385,True
2019-05-30,RS01SUM1-LJ01B-09-PRESTB102,2,True,2019-05-30T00:00:00Z,2019-05-30T23:59:59Z,82387,86400,4013,1.0,0.999632597,0.999999752,0.002334689,40,4013,40,4013,0.0,2.791273,21.839628,7.182625e-11,0.002791274,0.02183963,False,0.050934,True
2019-05-31,RS01SUM1-LJ01B-09-PRESTB102,2,True,2019-05-31T00:00:00Z,2019-05-31T23:59:59Z,83239,86400,3161,1.0,0.999598026,0.999999761,-0.001267056,33,3161,33,3161,0.0,2.787218,21.915482,8.119034e-11,0.002787218,0.02191549,False,0.054734,True
2019-06-01,RS01SUM1-LJ01B-09-PRESTB102,2,True,2019-06-01T00:00:00Z,2019-06-01T23:59:59Z,82358,86400,4042,1.0,0.999616146,0.999999787,0.000878426,42,4042,42,4042,0.0,3.226123,416.006807,1.809254e-11,0.003226123,0.4160069,True,0.417425,True
2019-06-02,RS01SUM1-LJ01B-09-PRESTB102,2,True,2019-06-02T00:00:00Z,2019-06-02T23:59:59Z,82611,86400,3789,1.0,0.999637842,0.999999741,-0.002432303,38,3789,38,3789,-0.0,2.835232,22.354821,-3.867113e-11,0.002835233,0.02235483,False,0.040028,True
2019-06-03,RS01SUM1-LJ01B-09-PRESTB102,2,True,2019-06-03T00:00:00Z,2019-06-03T23:59:59Z,83490,86400,2910,1.0,0.999612808,0.999999701,-0.012033607,31,2910,31,2910,0.0,3.017388,22.462846,1.901628e-11,0.003017389,0.02246285,False,0.043773,True
2019-06-04,RS01SUM1-LJ01B-09-PRESTB102,2,True,2019-06-04T00:00:00Z,2019-06-04T23:59:59Z,84173,86400,2227,1.0,0.99946022,0.999999783,-0.003011545,24,2227,24,2230,-0.0,3.747034,407.709109,-6.262711e-11,0.003747035,0.4077092,True,0.408115,True
2019-06-05,RS01SUM1-LJ01B-09-PRESTB102,2,True,2019-06-05T00:00:00Z,2019-06-05T23:59:59Z,83626,86400,2774,1.0,0.999614239,0.999999825,-0.002417802,28,2774,28,2774,-0.0,3.024971,21.494436,-1.394525e-10,0.003024971,0.02149444,False,0.044033,True
2019-06-06,RS01SUM1-LJ01B-09-PRESTB102,2,True,2019-06-06T00:00:00Z,2019-06-06T23:59:59Z,83024,86400,3376,1.0,0.999624252,0.999999775,-0.003479649,34,3376,34,3376,-0.0,3.980266,24.997895,-8.657451e-11,0.003980267,0.0249979,False,0.050251,True
2019-06-07,RS01SUM1-LJ01B-09-PRESTB102,2,True,2019-06-07T00:00:00Z,2019-06-07T23:59:59Z,83937,86400,2463,1.0,0.999616146,0.999999798,-0.000316892,27,2463,27,2465,0.0,3.418025,274.334231,6.602591e-11,0.003418025,0.2743343,False,0.276724,True
2019-06-08,RS01SUM1-LJ01B-09-PRESTB102,2,True,2019-06-08T00:00:00Z,2019-06-08T23:59:59Z,81649,86400,4751,1.0,0.999629974,0.999999678,0.001520693,48,4751,48,4751,-0.0,2.881206,22.129935,-1.206985e-11,0.002881207,0.02212994,False,0.053284,True
2019-06-09,RS01SUM1-LJ01B-09-PRESTB102,2,True,2019-06-09T00:00:00Z,2019-06-09T23:59:59Z,82393,86400,4007,1.0,0.999604702,0.999999735,0.00048519,40,4007,40,4007,-0.0,3.334211,24.467834,-1.534244e-11,0.003334212,0.02446784,False,0.043884,True
2019-06-10,RS01SUM1-LJ01B-09-PRESTB102,2,True,2019-06-10T00:00:00Z,2019-06-10T23:59:59Z,82781,86400,3619,1.0,0.999619007,0.999999895,-0.004353547,35,3619,35,3619,0.0,3.484686,22.735671,1.465886e-11,0.003484686,0.02273567,False,0.059305,True
2019-06-11,RS01SUM1-LJ01B-09-PRESTB102,2,True,2019-06-11T00:00:00Z,2019-06-11T23:59:59Z,81399,86401,5002,1.0,0.999433041,0.999988148,0.29502693,54,5002,54,5005,-0.0,289.138671,512.442407,-4.573198e-11,0.2891421,0.5124485,True,0.49875,True
2019-06-12,RS01SUM1-LJ01B-09-PRESTB102,2,True,2019-06-12T00:00:00Z,2019-06-12T23:59:59Z,77721,86400,8679,1.0,0.999618053,0.999999756,0.001187916,86,8679,86,8683,-0.0,3.256475,253.142541,-1.94244e-11,0.003256476,0.2531426,False,0.251761,True
2019-06-13,RS01SUM1-LJ01B-09-PRESTB102,2,True,2019-06-13T00:00:00Z,2019-06-13T23:58:21Z,74453,86302,11849,1.0,0.999613762,0.999999739,0.00213784,124,11849,124,11849,0.0,2.882077,22.306625,3.06463e-11,0.002882078,0.02230663,False,0.045067,True
2019-06-14,RS01SUM1-LJ01B-09-PRESTB102,2,True,2019-06-14T00:00:08Z,2019-06-14T23:59:59Z,73643,86392,12749,1.0,0.999618053,0.999999672,0.002801716,132,12749,132,12754,-0.0,3.53513,346.207808,-6.222727e-11,0.003535132,0.3462079,False,0.480431,True
2019-06-15,RS01SUM1-LJ01B-09-PRESTB102,2,True,2019-06-15T00:00:00Z,2019-06-15T23:59:59Z,73500,86400,12900,1.0,0.999606609,0.999999652,0.000836583,128,12900,128,12902,0.0,2.936575,124.23944,2.178283e-11,0.002936576,0.1242395,False,0.140971,True
2019-06-16,RS01SUM1-LJ01B-09-PRESTB102,2,True,2019-06-16T00:00:00Z,2019-06-16T23:58:55Z,71422,86337,14915,1.0,0.999604702,0.999999676,-0.003039949,180,14915,180,14948,0.0,3.772424,349.996407,5.827156e-11,0.003772425,0.3499965,False,0.353808,True
2019-06-17,RS01SUM1-LJ01B-09-PRESTB102,2,True,2019-06-17T00:00:37Z,2019-06-17T23:59:59Z,71659,86363,14704,1.0,0.999627113,0.99999968,-0.001207308,149,14704,149,14705,-0.0,2.95632,23.920265,-2.687141e-11,0.002956321,0.02392027,False,0.058444,True
2019-06-18,RS01SUM1-LJ01B-09-PRESTB102,2,True,2019-06-18T00:00:00Z,2019-06-18T23:59:59Z,72134,86400,14266,1.0,0.999457836,0.999999726,-0.000625405,144,14266,144,14273,-0.0,3.457188,255.361467,-8.076454e-11,0.003457189,0.2553615,False,0.389899,True
2019-06-19,RS01SUM1-LJ01B-09-PRESTB102,2,True,2019-06-19T00:00:00Z,2019-06-19T23:59:59Z,73049,86400,13351,1.0,0.999620914,0.999999725,-0.000604673,135,13351,135,13356,0.0,3.41449,244.668734,1.070731e-11,0.003414491,0.2446688,False,0.319681,True
2019-06-20,RS01SUM1-LJ01B-09-PRESTB102,2,True,2019-06-20T00:00:00Z,2019-06-20T23:59:59Z,72874,86400,13526,1.0,0.999609947,0.999999719,-0.000256126,135,13526,135,13531,-0.0,3.717698,361.166414,-8.970599e-11,0.003717699,0.3611665,False,0.480427,True
2019-06-21,RS01SUM1-LJ01B-09-PRESTB102,2,True,2019-06-21T00:00:00Z,2019-06-21T23:59:59Z,71999,86400,14401,1.0,0.999601841,0.999999748,-0.001576418,146,14401,146,14401,-0.0,2.808892,21.494357,-5.00465e-11,0.002808893,0.02149436,False,0.05754,True
2019-06-22,RS01SUM1-LJ01B-09-PRESTB102,2,True,2019-06-22T00:00:00Z,2019-06-22T23:59:59Z,70686,86400,15714,1.0,0.9996171,0.999999734,0.002490496,161,15714,161,15716,-0.0,3.611626,367.378607,-8.01784e-11,0.003611627,0.3673787,False,0.367432,True
2019-06-23,RS01SUM1-LJ01B-09-PRESTB102,2,True,2019-06-23T00:00:00Z,2019-06-23T23:59:18Z,68983,86359,17376,1.0,0.999622345,0.999999723,0.001489522,175,17376,175,17377,-0.0,2.963986,220.21739,-5.879363e-11,0.002963987,0.2202175,False,0.218772,True
2019-06-24,RS01SUM1-LJ01B-09-PRESTB102,2,True,2019-06-24T00:01:06Z,2019-06-24T23:59:59Z,69117,86334,17217,1.0,0.999621391,0.999999687,-0.001582884,177,17217,177,17219,-0.0,3.375941,317.623158,-1.629901e-11,0.003375942,0.3176233,False,0.318587,True
2019-06-25,RS01SUM1-LJ01B-09-PRESTB102,2,True,2019-06-25T00:00:00Z,2019-06-25T23:59:59Z,29440,86436,56996,1.0,0.999369621,0.999589595,-5.890112439,5,56996,5,56996,0.0,3543.512045,6717.604826,9.235264e-11,3.544967,6.720363,True,0.33597,True
2019-06-26,RS01SUM1-LJ01B-09-PRESTB102,2,True,2019-06-26T00:00:00Z,2019-06-26T23:59:59Z,86353,86400,47,1.0,0.999568939,0.999999692,0.00223854,1,47,1,47,0.0,2.994138,22.579482,6.820168e-11,0.002994138,0.02257949,False,0.026312,True
2019-06-27,RS01SUM1-LJ01B-09-PRESTB102,2,True,2019-06-27T00:00:00Z,2019-06-27T23:59:59Z,86400,86400,0,1.0,0.999601841,0.9999997,0.002610343,0,0,0,0,-0.0,2.858585,20.90339,-7.013701e-11,0.002858586,0.0209034,False,0.024953,False
2019-06-28,RS01SUM1-LJ01B-09-PRESTB102,2,True,2019-06-28T00:00:00Z,2019-06-28T23:59:59Z,86400,86400,0,1.0,0.999608994,0.999999712,-0.00123575,0,0,0,0,-0.0,2.952003,22.652045,-1.959449e-11,0.002952004,0.02265205,False,0.025556,False
2019-06-29,RS01SUM1-LJ01B-09-PRESTB102,2,True,2019-06-29T00:00:00Z,2019-06-29T23:59:59Z,86400,86400,0,1.0,0.999605179,0.999999724,0.001563734,0,0,0,0,-0.0,3.662119,22.86842,-5.183466e-11,0.00366212,0.02286843,False,0.022861,False
2019-06-30,RS01SUM1-LJ01B-09-PRESTB102,2,True,2019-06-30T00:00:00Z,2019-06-30T23:59:59Z,86400,86400,0,1.0,0.999600887,0.999999764,-0.000500279,0,0,0,0,-0.0,3.022881,21.948852,-1.623474e-11,0.003022881,0.02194886,False,0.021237,False
2019-07-01,RS01SUM1-LJ01B-09-PRESTB102,2,True,2019-07-01T00:00:00Z,2019-07-01T23:59:59Z,86400,86400,0,1.0,0.999599934,0.999999759,0.00091584,0,0,0,0,-0.0,2.834557,21.622122,-2.862667e-11,0.002834558,0.02162213,False,0.02266,False
2019-07-02,RS01SUM1-LJ01B-09-PRESTB102,2,True,2019-07-02T00:00:00Z,2019-07-02T23:59:59Z,86400,86400,0,1.0,0.999492168,0.999999755,0.001659091,0,0,0,0,-0.0,2.954067,22.489402,-2.192734e-11,0.002954068,0.02248941,False,0.021123,False
2019-07-03,RS01SUM1-LJ01B-09-PRESTB102,2,True,2019-07-03T00:00:00Z,2019-07-03T23:59:59Z,86377,86400,23,1.0,0.999588966,0.99999976,0.004970279,1,23,1,23,0.0,3.045878,22.766412,7.798267e-11,0.003045879,0.02276642,False,0.022545,True
2019-07-04,RS01SUM1-LJ01B-09-PRESTB102,2,True,2019-07-04T00:00:00Z,2019-07-04T23:59:59Z,86400,86400,0,1.0,0.999599934,0.999999778,0.003729027,0,0,0,0,-0.0,2.957149,23.568464,-3.023463e-11,0.00295715,0.02356847,False,0.022843,False
2019-07-05,RS01SUM1-LJ01B-09-PRESTB102,2,True,2019-07-05T00:00:00Z,2019-07-05T23:59:59Z,86400,86400,0,1.0,0.999619007,0.999999727,0.002008862,0,0,0,0,-0.0,2.882919,22.347934,-3.956677e-11,0.00288292,0.02234794,False,0.025502,False
2019-07-06,RS01SUM1-LJ01B-09-PRESTB102,2,True,2019-07-06T00:00:00Z,2019-07-06T23:59:59Z,86400,86400,0,1.0,0.999600887,0.999999705,0.000177649,0,0,0,0,-0.0,2.801181,21.503425,-6.118173e-11,0.002801181,0.02150343,False,0.021306,False
2019-07-07,RS01SUM1-LJ01B-09-PRESTB102,2,True,2019-07-07T00:00:00Z,2019-07-07T23:59:59Z,86400,86400,0,1.0,0.999608994,0.999999721,0.003307929,0,0,0,0,-0.0,2.894119,21.68148,-1.157318e-10,0.002894119,0.02168149,False,0.025566,False
2019-07-08,RS01SUM1-LJ01B-09-PRESTB102,2,True,2019-07-08T00:00:00Z,2019-07-08T23:59:59Z,86400,86400,0,1.0,0.999625206,0.999999763,-0.002959857,0,0,0,0,0.0,2.853193,21.360175,2.009936e-11,0.002853194,0.02136018,False,0.025529,False
2019-07-09,RS01SUM1-LJ01B-09-PRESTB102,2,True,2019-07-09T00:00:00Z,2019-07-09T23:59:59Z,86400,86400,0,1.0,0.999483109,0.999999733,-0.001123641,0,0,0,0,-0.0,2.895716,22.207246,-8.232196e-11,0.002895717,0.02220725,False,0.026078,False
2019-07-10,RS01SUM1-LJ01B-09-PRESTB102,2,True,2019-07-10T00:00:00Z,2019-07-10T23:59:59Z,86400,86400,0,1.0,0.999583721,0.999999752,-0.001309983,0,0,0,0,-0.0,2.79517,21.113765,-2.042653e-11,0.00279517,0.02111377,False,0.024456,False
2019-07-11,RS01SUM1-LJ01B-09-PRESTB102,2,True,2019-07-11T00:00:00Z,2019-07-11T23:59:59Z,86400,86400,0,1.0,0.999612808,0.999999746,0.002435114,0,0,0,0,-0.0,2.791508,22.612553,-1.338763e-10,0.002791509,0.02261256,False,0.026322,False
2019-07-12,RS01SUM1-LJ01B-09-PRESTB102,2,True,2019-07-12T00:00:00Z,2019-07-12T23:59:59Z,86400,86400,0,1.0,0.999619007,0.999999727,3.4796e-05,0,0,0,0,-0.0,2.796418,22.070629,-4.042833e-11,0.002796419,0.02207063,False,0.025609,False
2019-07-13,RS01SUM1-LJ01B-09-PRESTB102,2,True,2019-07-13T00:00:00Z,2019-07-13T23:59:59Z,86400,86400,0,1.0,0.999609947,0.999999687,0.002068421,0,0,0,0,-0.0,2.83564,22.862101,-8.159114e-11,0.002835641,0.02286211,False,0.021471,False
2019-07-14,RS01SUM1-LJ01B-09-PRESTB102,2,True,2019-07-14T00:00:00Z,2019-07-14T23:59:59Z,86400,86400,0,1.0,0.999608994,0.999999688,-0.000884993,0,0,0,0,-0.0,2.983004,21.151914,-5.831878e-11,0.002983005,0.02115192,False,0.022558,False
2019-07-15,RS01SUM1-LJ01B-09-PRESTB102,2,True,2019-07-15T00:00:00Z,2019-07-15T23:59:59Z,86400,86400,0,1.0,0.99960804,0.999999698,8.8447e-05,0,0,0,0,-0.0,2.848638,21.748941,-4.98866e-11,0.002848639,0.02174895,False,0.025589,False
2019-07-16,RS01SUM1-LJ01B-09-PRESTB102,2,True,2019-07-16T00:00:00Z,2019-07-16T23:59:59Z,86400,86400,0,1.0,0.999480724,0.999999693,-0.015582423,0,0,0,0,0.0,2.902576,22.096124,1.912561e-11,0.002902577,0.02209613,False,0.025275,False
2019-07-17,RS01SUM1-LJ01B-09-PRESTB102,2,True,2019-07-17T00:00:00Z,2019-07-17T23:59:59Z,86400,86400,0,1.0,0.999569893,0.999999706,0.000354103,0,0,0,0,-0.0,2.870897,23.225671,-3.806798e-11,0.002870898,0.02322568,False,0.026329,False
2019-07-18,RS01SUM1-LJ01B-09-PRESTB102,2,True,2019-07-18T00:00:00Z,2019-07-18T23:59:59Z,86400,86400,0,1.0,0.999612808,0.999999752,-0.000683562,0,0,0,0,-0.0,2.829301,21.893272,-8.417423e-11,0.002829302,0.02189328,False,0.025019,False
2019-07-19,RS01SUM1-LJ01B-09-PRESTB102,2,True,2019-07-19T00:00:00Z,2019-07-19T23:59:59Z,86400,86400,0,1.0,0.999610901,0.999999722,-1.04e-05,0,0,0,0,-0.0,2.881353,22.189307,-1.100531e-11,0.002881354,0.02218931,False,0.025525,False
2019-07-20,RS01SUM1-LJ01B-09-PRESTB102,2,True,2019-07-20T00:00:00Z,2019-07-20T23:59:59Z,86400,86400,0,1.0,0.999616146,0.999999705,0.001819729,0,0,0,0,-0.0,2.978778,23.625005,-2.914508e-11,0.002978779,0.02362501,False,0.025576,False
2019-07-21,RS01SUM1-LJ01B-09-PRESTB102,2,True,2019-07-21T00:00:00Z,2019-07-21T23:59:59Z,86400,86400,0,1.0,0.999612808,0.999999685,0.001549804,0,0,0,0,-0.0,2.839693,21.846227,-3.389341e-11,0.002839694,0.02184623,False,0.024379,False
2019-07-22,RS01SUM1-LJ01B-09-PRESTB102,2,True,2019-07-22T00:00:00Z,2019-07-22T23:59:59Z,86400,86400,0,1.0,0.99959898,0.999999718,0.000377684,0,0,0,0,-0.0,2.862535,22.730577,-8.899657e-11,0.002862536,0.02273058,False,0.025486,False
2019-07-23,RS01SUM1-LJ01B-09-PRESTB102,2,True,2019-07-23T00:00:00Z,2019-07-23T23:59:59Z,86400,86400,0,1.0,0.999479294,0.999999671,-0.000961794,0,0,0,0,-0.0,2.965635,23.163792,-1.310933e-11,0.002965636,0.0231638,False,0.025935,False
2019-07-24,RS01SUM1-LJ01B-09-PRESTB102,2,True,2019-07-24T00:00:00Z,2019-07-24T23:59:59Z,86400,86400,0,1.0,0.999573708,0.999999708,0.001655953,0,0,0,0,-0.0,3.097714,21.902818,-5.931508e-11,0.003097715,0.02190282,False,0.024739,False
2019-07-25,RS01SUM1-LJ01B-09-PRESTB102,2,True,2019-07-25T00:00:00Z,2019-07-25T23:59:59Z,70850,86406,15556,1.0,0.9996171,0.999900867,0.796754095,1,15556,1,15556,-0.0,1174.442024,2501.354531,-4.708115e-12,1.174558,2.501603,True,0.047032,True
2019-07-26,RS01SUM1-LJ01B-09-PRESTB102,2,True,2019-07-26T00:00:00Z,2019-07-26T11:17:12Z,40633,40633,0,1.0,0.999599934,0.999999704,0.000322996,0,0,0,0,-0.0,2.834733,22.22434,-2.002896e-11,0.002834734,0.02222435,False,0.024865,False
2019-07-27,RS01SUM1-LJ01B-09-PRESTB102,2,False,,,0,0,,1.0,,,,,,,,,,,,,,,,False
2019-07-28,RS01SUM1-LJ01B-09-PRESTB102,2,False,,,0,0,,1.0,,,,,,,,,,,,,,,,False
2019-07-29,RS01SUM1-LJ01B-09-PRESTB102,2,True,2019-07-29T16:04:51Z,2019-07-29T17:03:10Z,1000,3501,2501,1.0,0.999679089,0.999669472,0.076418689,1,2501,1,2501,-0.0,47.960845,92.523835,-4.878906e-13,0.0479767,0.09255443,False,0.200966,True
2019-07-30,RS01SUM1-LJ01B-09-PRESTB102,2,True,2019-07-30T06:06:31Z,2019-07-30T23:59:59Z,35409,64427,29018,1.0,0.99939394,0.999802875,-8.077631549,3,29018,3,29018,0.0,2382.689185,8382.95294,8.0422e-11,2.383159,8.384606,True,0.395977,True
2019-07-31,RS01SUM1-LJ01B-09-PRESTB102,2,True,2019-07-31T00:00:00Z,2019-07-31T23:59:59Z,86400,86400,0,1.0,0.999568939,0.999999716,0.00128555,0,0,0,0,-0.0,2.967305,22.452329,-8.333314e-11,0.002967305,0.02245234,False,0.025212,False
2019-08-01,RS01SUM1-LJ01B-09-PRESTB102,2,True,2019-08-01T00:00:00Z,2019-08-01T23:59:59Z,86400,86400,0,1.0,0.999602795,0.999999704,0.000906503,0,0,0,0,0.0,2.903637,21.51388,2.156135e-11,0.002903638,0.02151389,False,0.023396,False
2019-08-02,RS01SUM1-LJ01B-09-PRESTB102,2,True,2019-08-02T00:00:00Z,2019-08-02T23:59:59Z,86400,86400,0,1.0,0.999604225,0.999999726,0.00021031,0,0,0,0,-0.0,2.917804,23.126026,-2.712072e-12,0.002917805,0.02312603,False,0.026383,False
2019-08-03,RS01SUM1-LJ01B-09-PRESTB102,2,True,2019-08-03T00:00:00Z,2019-08-03T23:59:59Z,86400,86400,0,1.0,0.999598026,0.999999717,-9.748e-06,0,0,0,0,0.0,2.790774,22.191432,8.821068e-12,0.002790775,0.02219144,False,0.021382,False
2019-08-04,RS01SUM1-LJ01B-09-PRESTB102,2,True,2019-08-04T00:00:00Z,2019-08-04T23:59:59Z,86400,86400,0,1.0,0.999610901,0.999999732,0.003047395,0,0,0,0,-0.0,2.874401,21.286576,-2.211272e-11,0.002874402,0.02128658,False,0.021229,False
2019-08-05,RS01SUM1-LJ01B-09-PRESTB102,2,True,2019-08-05T00:00:00Z,2019-08-05T23:59:59Z,86400,86400,0,1.0,0.999611855,0.999999722,-0.000218775,0,0,0,0,-0.0,2.843383,23.005527,-5.615481e-11,0.002843384,0.02300553,False,0.022535,False
2019-08-06,RS01SUM1-LJ01B-09-PRESTB102,2,True,2019-08-06T00:00:00Z,2019-08-06T23:59:59Z,79656,86404,6748,1.0,0.999478817,0.999936894,0.120725422,1,6748,1,6748,-0.0,976.297678,2033.116828,-5.405104e-11,0.9763593,2.033245,True,0.482512,True
2019-08-07,RS01SUM1-LJ01B-09-PRESTB102,2,True,2019-08-07T00:00:00Z,2019-08-07T23:59:59Z,86400,86400,0,1.0,0.999567986,0.999999673,-0.010861554,0,0,0,0,-0.0,2.804614,21.804593,-1.424066e-11,0.002804615,0.0218046,False,0.025767,False
2019-08-08,RS01SUM1-LJ01B-09-PRESTB102,2,True,2019-08-08T00:00:00Z,2019-08-08T23:59:59Z,86131,86400,269,1.0,0.999594212,0.999999689,-0.002418338,1,269,1,269,0.0,3.030264,22.522106,8.019367e-11,0.003030265,0.02252211,False,0.108669,True
2019-08-09,RS01SUM1-LJ01B-09-PRESTB102,2,True,2019-08-09T00:00:00Z,2019-08-09T23:59:59Z,86400,86400,0,1.0,0.999594688,0.999999704,-0.000733796,0,0,0,0,-0.0,2.926789,22.317159,-5.266539e-12,0.00292679,0.02231717,False,0.02561,False
2019-08-10,RS01SUM1-LJ01B-09-PRESTB102,2,True,2019-08-10T00:00:00Z,2019-08-10T23:59:59Z,86400,86400,0,1.0,0.999597073,0.99999969,0.003877149,0,0,0,0,-0.0,2.7959,23.629862,-1.979987e-11,0.002795901,0.02362987,False,0.025585,False
2019-08-11,RS01SUM1-LJ01B-09-PRESTB102,2,True,2019-08-11T00:00:00Z,2019-08-11T23:59:59Z,86400,86400,0,1.0,0.999592781,0.99999977,0.002411901,0,0,0,0,0.0,2.796479,21.855144,1.919106e-11,0.00279648,0.02185515,False,0.025653,False
2019-08-12,RS01SUM1-LJ01B-09-PRESTB102,2,True,2019-08-12T00:00:00Z,2019-08-12T23:59:59Z,86400,86400,0,1.0,0.999597073,0.999999731,-0.001366842,0,0,0,0,0.0,2.913984,21.76927,2.975006e-11,0.002913985,0.02176928,False,0.026336,False
2019-08-13,RS01SUM1-LJ01B-09-PRESTB102,2,True,2019-08-13T00:00:00Z,2019-08-13T23:59:59Z,86400,86400,0,1.0,0.999495029,0.999999765,-0.00295755,0,0,0,0,-0.0,2.867868,22.074443,-7.696263e-11,0.002867869,0.02207445,False,0.025337,False
2019-08-14,RS01SUM1-LJ01B-09-PRESTB102,2,True,2019-08-14T00:00:00Z,2019-08-14T23:59:59Z,86400,86400,0,1.0,0.999582767,0.999999771,0.002021255,0,0,0,0,0.0,2.790229,22.317262,3.527484e-11,0.002790229,0.02231727,False,0.025204,False
2019-08-15,RS01SUM1-LJ01B-09-PRESTB102,2,True,2019-08-15T00:00:00Z,2019-08-15T23:59:59Z,86400,86400,0,1.0,0.999609947,0.999999746,0.002172377,0,0,0,0,-0.0,2.869018,23.518799,-8.071805e-11,0.002869019,0.0235188,False,0.024885,False
2019-08-16,RS01SUM1-LJ01B-09-PRESTB102,2,True,2019-08-16T00:00:00Z,2019-08-16T23:59:59Z,86400,86400,0,1.0,0.999606133,0.99999973,-0.001762362,0,0,0,0,-0.0,2.99557,22.473937,-3.582319e-11,0.002995571,0.02247394,False,0.025039,False
2019-08-17,RS01SUM1-LJ01B-09-PRESTB102,2,True,2019-08-17T00:00:00Z,2019-08-17T23:59:59Z,86400,86400,0,1.0,0.999619961,0.999999699,0.001929029,0,0,0,0,-0.0,3.127605,22.575299,-2.834134e-11,0.003127606,0.02257531,False,0.023749,False
2019-08-18,RS01SUM1-LJ01B-09-PRESTB102,2,True,2019-08-18T00:00:00Z,2019-08-18T23:59:59Z,86400,86400,0,1.0,0.999612808,0.999999711,-0.011368915,0,0,0,0,0.0,2.957324,24.451758,4.896946e-12,0.002957325,0.02445177,False,0.025694,False
2019-08-19,RS01SUM1-LJ01B-09-PRESTB102,2,True,2019-08-19T00:00:00Z,2019-08-19T23:59:59Z,86400,86400,0,1.0,0.99959898,0.999999735,0.003766422,0,0,0,0,-0.0,2.832252,23.343808,-9.15441e-12,0.002832252,0.02334381,False,0.024998,False
2019-08-20,RS01SUM1-LJ01B-09-PRESTB102,2,True,2019-08-20T00:00:00Z,2019-08-20T23:59:59Z,86400,86400,0,1.0,0.999473095,0.999999709,-0.000916982,0,0,0,0,-0.0,2.875598,23.30928,-1.634061e-11,0.002875599,0.02330929,False,0.024716,False
2019-08-21,RS01SUM1-LJ01B-09-PRESTB102,2,True,2019-08-21T00:00:00Z,2019-08-21T23:59:59Z,86400,86400,0,1.0,0.999581337,0.999999717,-0.001818432,0,0,0,0,-0.0,3.044841,22.347886,-1.068071e-11,0.003044842,0.02234789,False,0.025,False
2019-08-22,RS01SUM1-LJ01B-09-PRESTB102,2,True,2019-08-22T00:00:00Z,2019-08-22T23:59:59Z,86400,86400,0,1.0,0.999593258,0.999999694,-0.001320884,0,0,0,0,-0.0,3.077428,22.671907,-8.249367e-11,0.003077429,0.02267191,False,0.025454,False
2019-08-23,RS01SUM1-LJ01B-09-PRESTB102,2,True,2019-08-23T00:00:00Z,2019-08-23T23:59:59Z,86400,86400,0,1.0,0.999597073,0.999999712,-0.002870917,0,0,0,0,-0.0,3.271955,22.607054,-9.782557e-11,0.003271956,0.02260706,False,0.0263,False
2019-08-24,RS01SUM1-LJ01B-09-PRESTB102,2,True,2019-08-24T00:00:00Z,2019-08-24T23:59:59Z,86400,86400,0,1.0,0.999597073,0.999999706,-0.002048927,0,0,0,0,-0.0,3.165439,22.395778,-2.348088e-11,0.00316544,0.02239578,False,0.025525,False
2019-08-25,RS01SUM1-LJ01B-09-PRESTB102,2,True,2019-08-25T00:00:00Z,2019-08-25T23:59:59Z,86400,86400,0,1.0,0.999619007,0.999999751,0.002841573,0,0,0,0,-0.0,2.8205,22.379795,-7.642965e-11,0.002820501,0.0223798,False,0.024045,False
2019-08-26,RS01SUM1-LJ01B-09-PRESTB102,2,True,2019-08-26T00:00:00Z,2019-08-26T23:59:59Z,86400,86400,0,1.0,0.9996171,0.999999786,-0.002455873,0,0,0,0,-0.0,2.906705,23.011592,-4.228795e-11,0.002906706,0.0230116,False,0.024889,False
2019-08-27,RS01SUM1-LJ01B-09-PRESTB102,2,True,2019-08-27T00:00:00Z,2019-08-27T23:59:59Z,86400,86400,0,1.0,0.999489784,0.999999795,0.002660807,0,0,0,0,-0.0,3.189993,22.617091,-3.526673e-11,0.003189993,0.0226171,False,0.025024,False
2019-08-28,RS01SUM1-LJ01B-09-PRESTB102,2,True,2019-08-28T00:00:00Z,2019-08-28T23:59:59Z,86400,86400,0,1.0,0.999570847,0.999999775,-0.001193392,0,0,0,0,-0.0,2.927749,22.207556,-1.189485e-11,0.00292775,0.02220756,False,0.026287,False
2019-08-29,RS01SUM1-LJ01B-09-PRESTB102,2,True,2019-08-29T00:00:00Z,2019-08-29T23:59:59Z,86400,86400,0,1.0,0.999618053,0.999999834,-0.016054919,0,0,0,0,-0.0,3.157403,23.302065,-3.778679e-11,0.003157403,0.02330207,False,0.023324,False
2019-08-30,RS01SUM1-LJ01B-09-PRESTB102,2,True,2019-08-30T00:00:00Z,2019-08-30T23:59:59Z,86400,86400,0,1.0,0.999633789,0.999999741,-0.001613106,0,0,0,0,-0.0,3.447513,21.523487,-6.018952e-12,0.003447514,0.02152349,False,0.025357,False
2019-08-31,RS01SUM1-LJ01B-09-PRESTB102,2,True,2019-08-31T00:00:00Z,2019-08-31T23:59:59Z,86400,86400,0,1.0,0.999629021,0.999999739,0.000353493,0,0,0,0,-0.0,2.857971,22.163944,-1.763975e-11,0.002857972,0.02216395,False,0.022186,False
2019-09-01,RS01SUM1-LJ01B-09-PRESTB102,2,True,2019-09-01T00:00:00Z,2019-09-01T23:59:59Z,86400,86400,0,1.0,0.999610901,0.999999724,-0.002662474,0,0,0,0,-0.0,2.932809,23.199673,-6.00147e-11,0.002932809,0.02319968,False,0.026335,False
2019-09-02,RS01SUM1-LJ01B-09-PRESTB102,2,True,2019-09-02T00:00:00Z,2019-09-02T23:59:59Z,86400,86400,0,1.0,0.999621868,0.999999775,-0.002097946,0,0,0,0,-0.0,2.823479,22.193017,-8.377751e-12,0.00282348,0.02219302,False,0.025658,False
2019-09-03,RS01SUM1-LJ01B-09-PRESTB102,2,True,2019-09-03T00:00:00Z,2019-09-03T23:59:59Z,86400,86400,0,1.0,0.999494076,0.999999726,0.000702763,0,0,0,0,-0.0,3.020929,23.191417,-2.544342e-11,0.00302093,0.02319142,False,0.025001,False
2019-09-04,RS01SUM1-LJ01B-09-PRESTB102,2,True,2019-09-04T00:00:00Z,2019-09-04T23:59:59Z,86400,86400,0,1.0,0.999565125,0.999999708,0.000551773,0,0,0,0,-0.0,2.82183,21.826821,-4.892541e-11,0.002821831,0.02182683,False,0.025695,False
2019-09-05,RS01SUM1-LJ01B-09-PRESTB102,2,True,2019-09-05T00:00:00Z,2019-09-05T23:59:59Z,76314,86404,10090,1.0,0.999613285,0.999936665,0.162900865,1,10090,1,10090,-0.0,921.38428,1929.272733,-7.129101e-11,0.9214426,1.929395,True,0.10301,True
2019-09-06,RS01SUM1-LJ01B-09-PRESTB102,2,True,2019-09-06T00:00:00Z,2019-09-06T23:59:59Z,86400,86400,0,1.0,0.999592781,0.999999729,-0.00221678,0,0,0,0,0.0,3.385106,23.80656,2.196734e-11,0.003385107,0.02380657,False,0.024457,False
2019-09-07,RS01SUM1-LJ01B-09-PRESTB102,2,True,2019-09-07T00:00:00Z,2019-09-07T23:59:59Z,86400,86400,0,1.0,0.999610901,0.999999708,0.001703745,0,0,0,0,-0.0,3.041368,22.208645,-7.306929e-11,0.003041369,0.02220865,False,0.026188,False
2019-09-08,RS01SUM1-LJ01B-09-PRESTB102,2,True,2019-09-08T00:00:00Z,2019-09-08T23:59:59Z,86400,86400,0,1.0,0.999620914,0.999999736,-0.000346864,0,0,4,4,-0.0,2.855809,20.855973,-2.611839e-11,0.00285581,0.02085598,False,0.021282,False
2019-09-09,RS01SUM1-LJ01B-09-PRESTB102,2,True,2019-09-09T00:00:00Z,2019-09-09T23:59:59Z,86401,86401,0,1.0,0.999602318,0.999999729,-0.001002752,0,0,22,22,0.0,2.827747,22.230765,6.56625e-11,0.002827748,0.02223077,False,0.025169,False
2019-09-10,RS01SUM1-LJ01B-09-PRESTB102,2,True,2019-09-10T00:00:00Z,2019-09-10T23:59:59Z,85812,86400,588,1.0,0.9994874,0.999999736,-0.004007384,4,588,4,588,0.0,3.038058,23.492566,9.351152e-11,0.003038059,0.02349257,False,0.078002,True
2019-09-11,RS01SUM1-LJ01B-09-PRESTB102,2,True,2019-09-11T00:00:00Z,2019-09-11T23:59:59Z,86400,86400,0,1.0,0.999564171,0.999999754,0.004097035,0,0,0,0,-0.0,2.975462,22.372693,-4.26862e-11,0.002975463,0.0223727,False,0.024467,False
2019-09-12,RS01SUM1-LJ01B-09-PRESTB102,2,True,2019-09-12T00:00:00Z,2019-09-12T23:59:59Z,86400,86400,0,1.0,0.999608994,0.999999738,0.003935016,0,0,0,0,-0.0,3.030558,21.821405,-9.76387e-12,0.003030558,0.02182141,False,0.024983,False
2019-09-13,RS01SUM1-LJ01B-09-PRESTB102,2,True,2019-09-13T00:00:00Z,2019-09-13T23:59:59Z,32194,86423,54229,1.0,0.999579906,0.999693942,3.810310621,2,54229,2,54229,-0.0,2220.614296,4345.736245,-1.330298e-11,2.221294,4.347067,True,0.240573,True
2019-09-14,RS01SUM1-LJ01B-09-PRESTB102,2,True,2019-09-14T00:00:00Z,2019-09-14T23:59:59Z,86400,86400,0,1.0,0.999629974,0.999999638,0.001750265,0,0,0,0,0.0,2.983094,21.847597,1.18342e-11,0.002983095,0.0218476,False,0.021509,False
2019-09-15,RS01SUM1-LJ01B-09-PRESTB102,2,True,2019-09-15T00:00:00Z,2019-09-15T23:59:59Z,86400,86400,0,1.0,0.999613762,0.999999711,-0.007881211,0,0,0,0,-0.0,2.85982,23.988183,-6.641473e-11,0.00285982,0.02398819,False,0.025663,False
2019-09-16,RS01SUM1-LJ01B-09-PRESTB102,2,True,2019-09-16T00:00:00Z,2019-09-16T23:59:59Z,86400,86400,0,1.0,0.999597073,0.999999716,8.0082e-05,0,0,0,0,-0.0,2.893933,23.045187,-1.57579e-11,0.002893934,0.02304519,False,0.025738,False
2019-09-17,RS01SUM1-LJ01B-09-PRESTB102,2,True,2019-09-17T00:00:00Z,2019-09-17T23:59:59Z,86400,86400,0,1.0,0.99959898,0.999999749,-0.001976997,0,0,0,0,-0.0,3.262651,23.093893,-1.344743e-10,0.003262652,0.0230939,False,0.026386,False
2019-09-18,RS01SUM1-LJ01B-09-PRESTB102,2,True,2019-09-18T00:00:00Z,2019-09-18T23:59:59Z,86400,86400,0,1.0,0.999616146,0.999999737,-0.007971984,0,0,0,0,-0.0,6.702739,26.747258,-2.314397e-11,0.006702741,0.02674727,False,0.023347,False
2019-09-19,RS01SUM1-LJ01B-09-PRESTB102,2,True,2019-09-19T00:00:00Z,2019-09-19T23:59:59Z,85455,86400,945,1.0,0.999610424,0.999999774,0.003073624,1,945,1,945,-0.0,7.256458,29.86503,-1.768762e-11,0.00725646,0.02986504,False,0.369401,True
2019-09-20,RS01SUM1-LJ01B-09-PRESTB102,2,True,2019-09-20T00:00:00Z,2019-09-20T23:59:59Z,86400,86400,0,1.0,0.999430656,0.999999583,0.001866256,0,0,0,0,-0.0,4.654679,24.906988,-1.014696e-10,0.004654681,0.024907,False,0.023208,False
2019-09-21,RS01SUM1-LJ01B-09-PRESTB102,2,True,2019-09-21T00:00:00Z,2019-09-21T23:59:59Z,86400,86400,0,1.0,0.999587059,0.999999681,0.004112824,0,0,0,0,-0.0,3.030003,23.24766,-9.651384e-12,0.003030004,0.02324767,False,0.024375,False
2019-09-22,RS01SUM1-LJ01B-09-PRESTB102,2,True,2019-09-22T00:00:00Z,2019-09-22T23:59:59Z,86400,86400,0,1.0,0.999604225,0.999999661,-0.002126662,0,0,1,1,0.0,3.074079,347.453252,8.605672e-11,0.00307408,0.3474534,False,0.349785,False
2019-09-23,RS01SUM1-LJ01B-09-PRESTB102,2,True,2019-09-23T00:00:00Z,2019-09-23T23:59:59Z,86400,86400,0,1.0,0.99960804,0.999999733,0.002828316,0,0,0,0,0.0,3.10812,24.101407,2.307797e-12,0.003108121,0.02410141,False,0.025472,False
2019-09-24,RS01SUM1-LJ01B-09-PRESTB102,2,True,2019-09-24T00:00:00Z,2019-09-24T23:59:59Z,86400,86400,0,1.0,0.999598026,0.999999724,-0.001980202,0,0,0,0,-0.0,2.85264,22.579274,-9.165169e-12,0.002852641,0.02257928,False,0.024415,False
2019-09-25,RS01SUM1-LJ01B-09-PRESTB102,2,True,2019-09-25T00:00:00Z,2019-09-25T23:59:59Z,86400,86400,0,1.0,0.999594688,0.999999708,0.003115656,0,0,0,0,0.0,2.81978,21.711487,6.429276e-11,0.002819781,0.02171149,False,0.024263,False
2019-09-26,RS01SUM1-LJ01B-09-PRESTB102,2,True,2019-09-26T00:00:00Z,2019-09-26T23:59:59Z,86400,86400,0,1.0,0.999610901,0.999999724,-0.002116731,0,0,0,0,-0.0,2.851038,23.295726,-5.294716e-11,0.002851039,0.02329573,False,0.026261,False
2019-09-27,RS01SUM1-LJ01B-09-PRESTB102,2,True,2019-09-27T00:00:00Z,2019-09-27T23:59:59Z,86400,86400,0,1.0,0.999456882,0.999999715,-0.000999955,0,0,0,0,-0.0,3.30865,23.469322,-2.117626e-11,0.003308651,0.02346933,False,0.021429,False
2019-09-28,RS01SUM1-LJ01B-09-PRESTB102,2,True,2019-09-28T00:00:00Z,2019-09-28T23:59:59Z,86400,86400,0,1.0,0.999598026,0.999999733,-0.003798934,0,0,0,0,0.0,3.063703,22.527356,4.059501e-11,0.003063704,0.02252736,False,0.022823,False
2019-09-29,RS01SUM1-LJ01B-09-PRESTB102,2,True,2019-09-29T00:00:00Z,2019-09-29T23:59:59Z,86400,86400,0,1.0,0.999593735,0.999999733,-0.001528381,0,0,0,0,-0.0,2.857682,21.933422,-7.198831e-11,0.002857683,0.02193343,False,0.024853,False
2019-09-30,RS01SUM1-LJ01B-09-PRESTB102,2,True,2019-09-30T00:00:00Z,2019-09-30T23:59:59Z,86400,86400,0,1.0,0.999619007,0.999999716,0.003298161,0,0,0,0,-0.0,2.815544,22.045211,-6.011026e-11,0.002815544,0.02204522,False,0.025084,False
2019-10-01,RS01SUM1-LJ01B-09-PRESTB102,2,True,2019-10-01T00:00:00Z,2019-10-01T23:59:59Z,86400,86400,0,1.0,0.999614239,0.999999677,0.005322784,0,0,0,0,0.0,3.396723,25.272328,1.219154e-11,0.003396724,0.02527234,False,0.025089,False
2019-10-02,RS01SUM1-LJ01B-09-PRESTB102,2,True,2019-10-02T00:00:00Z,2019-10-02T23:59:59Z,86400,86400,0,1.0,0.999600887,0.999999694,0.002339565,0,0,0,0,0.0,4.072703,23.636865,1.925664e-11,0.004072704,0.02363687,False,0.025472,False
2019-10-03,RS01SUM1-LJ01B-09-PRESTB102,2,True,2019-10-03T00:00:00Z,2019-10-03T23:59:59Z,86400,86400,0,1.0,0.99962616,0.999999791,-0.006365763,0,0,0,0,-0.0,3.380782,22.039288,-5.96424e-11,0.003380783,0.02203929,False,0.024955,False
2019-10-04,RS01SUM1-LJ01B-09-PRESTB102,2,True,2019-10-04T00:00:00Z,2019-10-04T23:59:59Z,86400,86400,0,1.0,0.999458313,0.99999973,-0.002684293,0,0,0,0,-0.0,3.067622,23.755713,-4.382689e-11,0.003067622,0.02375572,False,0.02616,False
2019-10-05,RS01SUM1-LJ01B-09-PRESTB102,2,True,2019-10-05T00:00:00Z,2019-10-05T23:59:59Z,86400,86400,0,1.0,0.999619961,0.999999705,0.004679395,0,0,0,0,-0.0,2.967952,22.462303,-3.591151e-11,0.002967953,0.02246231,False,0.02511,False
2019-10-06,RS01SUM1-LJ01B-09-PRESTB102,2,True,2019-10-06T00:00:00Z,2019-10-06T23:59:59Z,86400,86400,0,1.0,0.999614239,0.999999765,-0.000999544,0,0,0,0,-0.0,2.852028,22.183029,-7.060197e-11,0.002852029,0.02218303,False,0.026251,False
2019-10-07,RS01SUM1-LJ01B-09-PRESTB102,2,True,2019-10-07T00:00:00Z,2019-10-07T23:59:59Z,86400,86400,0,1.0,0.99958992,0.999999731,-0.002721897,0,0,0,0,-0.0,2.910754,21.506529,-9.08113e-11,0.002910755,0.02150653,False,0.023242,False
2019-10-08,RS01SUM1-LJ01B-09-PRESTB102,2,True,2019-10-08T00:00:00Z,2019-10-08T23:59:59Z,86400,86400,0,1.0,0.999591827,0.999999739,0.000737988,0,0,0,0,-0.0,3.082565,21.80237,-4.864563e-11,0.003082565,0.02180238,False,0.02574,False
2019-10-09,RS01SUM1-LJ01B-09-PRESTB102,2,True,2019-10-09T00:00:00Z,2019-10-09T23:59:59Z,86400,86400,0,1.0,0.999604225,0.999999758,-0.000128824,0,0,0,0,-0.0,3.308634,25.70476,-3.787977e-11,0.003308635,0.02570477,False,0.023427,False
2019-10-10,RS01SUM1-LJ01B-09-PRESTB102,2,True,2019-10-10T00:00:00Z,2019-10-10T23:59:59Z,86400,86400,0,1.0,0.999624729,0.999999694,0.002911909,0,0,0,0,0.0,2.904015,21.958616,2.555908e-11,0.002904016,0.02195862,False,0.02431,False
2019-10-11,RS01SUM1-LJ01B-09-PRESTB102,2,True,2019-10-11T00:00:00Z,2019-10-11T23:59:59Z,56123,86416,30293,1.0,0.999468803,0.999750691,3.918357499,2,30293,2,30293,-0.0,2352.063814,5009.707813,-4.611225e-12,2.35265,5.010957,True,0.059227,True
2019-10-12,RS01SUM1-LJ01B-09-PRESTB102,2,True,2019-10-12T00:00:00Z,2019-10-12T23:59:59Z,86400,86400,0,1.0,0.999623775,0.99999974,0.002911,0,0,0,0,-0.0,3.028057,21.836881,-2.105591e-11,0.003028058,0.02183689,False,0.023773,False
2019-10-13,RS01SUM1-LJ01B-09-PRESTB102,2,True,2019-10-13T00:00:00Z,2019-10-13T23:59:59Z,86400,86400,0,1.0,0.999603748,0.999999695,-0.004126715,0,0,0,0,-0.0,3.4337,23.374262,-5.509255e-11,0.003433701,0.02337427,False,0.02439,False
2019-10-14,RS01SUM1-LJ01B-09-PRESTB102,2,True,2019-10-14T00:00:00Z,2019-10-14T23:59:59Z,86400,86400,0,1.0,0.999610901,0.999999764,0.004040783,0,0,0,0,-0.0,3.303385,23.424111,-1.227583e-10,0.003303385,0.02342412,False,0.024849,False
2019-10-15,RS01SUM1-LJ01B-09-PRESTB102,2,True,2019-10-15T00:00:00Z,2019-10-15T23:59:59Z,85558,86400,842,1.0,0.999604225,0.999999709,0.00012024,1,842,1,842,-0.0,3.325575,23.705236,-3.823767e-11,0.003325576,0.02370524,False,0.334536,True
2019-10-16,RS01SUM1-LJ01B-09-PRESTB102,2,True,2019-10-16T00:00:00Z,2019-10-16T23:59:59Z,86400,86400,0,1.0,0.999639988,0.999999825,9.4719e-05,0,0,0,0,0.0,3.120253,22.775348,7.162223e-12,0.003120253,0.02277535,False,0.022584,False
2019-10-17,RS01SUM1-LJ01B-09-PRESTB102,2,True,2019-10-17T00:00:00Z,2019-10-17T23:59:59Z,86400,86400,0,1.0,0.999619961,0.999999733,0.000625735,0,0,0,0,-0.0,2.946349,22.334135,-1.551193e-11,0.00294635,0.02233414,False,0.024953,False
2019-10-18,RS01SUM1-LJ01B-09-PRESTB102,2,True,2019-10-18T00:00:00Z,2019-10-18T23:59:59Z,86400,86400,0,1.0,0.999444008,0.999999711,-0.001260184,0,0,0,0,-0.0,2.933526,21.264333,-7.336873e-11,0.002933527,0.02126434,False,0.025504,False
2019-10-19,RS01SUM1-LJ01B-09-PRESTB102,2,True,2019-10-19T00:00:00Z,2019-10-19T23:59:59Z,86401,86401,0,1.0,0.99963069,0.999999758,0.002539911,0,0,15,15,0.0,2.87336,22.333807,7.720455e-12,0.00287336,0.02233381,False,0.025702,False
2019-10-20,RS01SUM1-LJ01B-09-PRESTB102,2,True,2019-10-20T00:00:01Z,2019-10-20T23:59:59Z,86400,86400,0,1.0,0.999606133,0.999999722,-0.00030991,0,0,22,22,0.0,2.873065,22.852775,9.846192e-12,0.002873066,0.02285278,False,0.02497,False
2019-10-21,RS01SUM1-LJ01B-09-PRESTB102,2,True,2019-10-21T00:00:00Z,2019-10-21T23:59:59Z,86400,86400,0,1.0,0.999630928,0.999999686,-0.00112813,0,0,0,0,-0.0,3.09279,21.963064,-6.688781e-11,0.003092791,0.02196307,False,0.025678,False
2019-10-22,RS01SUM1-LJ01B-09-PRESTB102,2,True,2019-10-22T00:00:00Z,2019-10-22T23:59:59Z,86400,86400,0,1.0,0.99960804,0.999999695,0.003802102,0,0,0,0,-0.0,2.954208,22.038468,-9.48487e-12,0.002954209,0.02203847,False,0.026224,False
2019-10-23,RS01SUM1-LJ01B-09-PRESTB102,2,True,2019-10-23T00:00:00Z,2019-10-23T23:59:59Z,29892,86421,56529,1.0,0.999630928,0.99974288,-2.089444081,1,56529,1,56529,-0.0,2075.359123,3739.480288,-1.255585e-11,2.075893,3.740442,True,0.150776,True
2019-10-24,RS01SUM1-LJ01B-09-PRESTB102,2,True,2019-10-24T00:00:00Z,2019-10-24T23:59:59Z,86305,86400,95,1.0,0.999615669,0.999999698,0.001276388,1,95,1,95,0.0,3.410978,22.944608,1.896409e-12,0.003410979,0.02294462,False,0.041647,True
2019-10-25,RS01SUM1-LJ01B-09-PRESTB102,2,True,2019-10-25T00:00:00Z,2019-10-25T23:59:59Z,86400,86400,0,1.0,0.999454975,0.999999762,0.000880096,0,0,0,0,-0.0,2.89906,22.371266,-4.110449e-11,0.002899061,0.02237127,False,0.026111,False
2019-10-26,RS01SUM1-LJ01B-09-PRESTB102,2,True,2019-10-26T00:00:00Z,2019-10-26T23:59:59Z,86400,86400,0,1.0,0.999615192,0.999999731,0.002420039,0,0,0,0,0.0,2.809017,21.754078,1.006943e-12,0.002809018,0.02175408,False,0.025187,False
2019-10-27,RS01SUM1-LJ01B-09-PRESTB102,2,True,2019-10-27T00:00:00Z,2019-10-27T16:23:15Z,58996,58996,0,1.0,0.999622822,0.999999712,-0.002075833,0,0,0,0,0.0,2.818975,22.183825,3.126698e-13,0.002818975,0.02218383,False,0.024531,False
2019-10-28,RS01SUM1-LJ01B-09-PRESTB102,2,True,2019-10-28T16:30:34Z,2019-10-28T23:59:59Z,26966,26966,0,1.0,0.999628067,0.999999542,0.004478231,0,0,0,0,-0.0,2.905136,19.547355,-7.164462e-12,0.002905138,0.01954736,False,0.021366,False
2019-10-29,RS01SUM1-LJ01B-09-PRESTB102,2,True,2019-10-29T00:00:00Z,2019-10-29T23:59:59Z,86400,86400,0,1.0,0.99960804,0.999999772,-0.002474555,0,0,0,0,-0.0,3.066464,22.918884,-3.348773e-11,0.003066465,0.02291889,False,0.024512,False
2019-10-30,RS01SUM1-LJ01B-09-PRESTB102,2,True,2019-10-30T00:00:00Z,2019-10-30T23:59:59Z,86400,86400,0,1.0,0.999606133,0.999999752,-0.003200248,0,0,0,0,-0.0,2.878725,23.178225,-9.954388e-11,0.002878726,0.02317823,False,0.023418,False
2019-10-31,RS01SUM1-LJ01B-09-PRESTB102,2,True,2019-10-31T00:00:00Z,2019-10-31T23:59:59Z,86400,86400,0,1.0,0.999613762,0.99999977,-0.000512786,0,0,0,0,-0.0,3.071737,22.548159,-1.426652e-11,0.003071738,0.02254816,False,0.025633,False
2019-11-01,RS01SUM1-LJ01B-09-PRESTB102,2,True,2019-11-01T00:00:00Z,2019-11-01T23:59:59Z,86400,86400,0,1.0,0.99946022,0.999999726,-0.001704434,0,0,0,0,-0.0,2.976892,22.194493,-5.131267e-11,0.002976893,0.0221945,False,0.026401,False
2019-11-02,RS01SUM1-LJ01B-09-PRESTB102,2,True,2019-11-02T00:00:00Z,2019-11-02T23:59:59Z,86400,86400,0,1.0,0.999613762,0.999999743,0.001476066,0,0,0,0,-0.0,3.076934,23.21768,-6.549e-11,0.003076935,0.02321769,False,0.024355,False
2019-11-03,RS01SUM1-LJ01B-09-PRESTB102,2,True,2019-11-03T00:00:00Z,2019-11-03T23:59:59Z,86400,86400,0,1.0,0.99959898,0.999999782,0.001702476,0,0,0,0,-0.0,3.621093,24.104772,-8.665988e-11,0.003621094,0.02410478,False,0.026249,False
2019-11-04,RS01SUM1-LJ01B-09-PRESTB102,2,True,2019-11-04T00:00:00Z,2019-11-04T23:59:59Z,86400,86400,0,1.0,0.999603748,0.999999676,0.002442214,0,0,0,0,-0.0,3.001811,22.998911,-1.915469e-11,0.003001812,0.02299892,False,0.023421,False
2019-11-05,RS01SUM1-LJ01B-09-PRESTB102,2,True,2019-11-05T00:00:00Z,2019-11-05T23:59:59Z,86400,86400,0,1.0,0.99959898,0.99999971,0.005092764,0,0,0,0,-0.0,2.920247,22.225237,-1.191491e-11,0.002920248,0.02222524,False,0.025611,False
2019-11-06,RS01SUM1-LJ01B-09-PRESTB102,2,True,2019-11-06T00:00:00Z,2019-11-06T23:59:59Z,86400,86400,0,1.0,0.999607086,0.999999751,-0.000790135,0,0,0,0,-0.0,2.872698,21.762985,-1.217812e-11,0.002872699,0.02176299,False,0.023859,False
2019-11-07,RS01SUM1-LJ01B-09-PRESTB102,2,True,2019-11-07T00:00:00Z,2019-11-07T23:59:59Z,86400,86400,0,1.0,0.99962759,0.999999742,-0.002357209,0,0,0,0,-0.0,2.898481,23.725975,-7.191454e-11,0.002898482,0.02372598,False,0.026315,False
2019-11-08,RS01SUM1-LJ01B-09-PRESTB102,2,True,2019-11-08T00:00:00Z,2019-11-08T23:59:59Z,86400,86400,0,1.0,0.999448776,0.999999709,0.003657703,0,0,0,0,0.0,3.640627,23.505834,5.644153e-12,0.003640628,0.02350584,False,0.025392,False
2019-11-09,RS01SUM1-LJ01B-09-PRESTB102,2,True,2019-11-09T00:00:00Z,2019-11-09T23:59:59Z,86400,86400,0,1.0,0.999602795,0.999999737,0.001464519,0,0,0,0,-0.0,2.871062,22.219462,-3.569032e-11,0.002871063,0.02221947,False,0.025521,False
2019-11-10,RS01SUM1-LJ01B-09-PRESTB102,2,True,2019-11-10T00:00:00Z,2019-11-10T23:59:59Z,86400,86400,0,1.0,0.999619007,0.999999702,0.001933327,0,0,0,0,-0.0,2.893709,21.27313,-4.323419e-11,0.00289371,0.02127314,False,0.024497,False
2019-11-11,RS01SUM1-LJ01B-09-PRESTB102,2,True,2019-11-11T00:00:00Z,2019-11-11T23:59:59Z,86400,86400,0,1.0,0.999620914,0.999999756,0.001612988,0,0,0,0,0.0,3.173792,21.777449,7.53749e-12,0.003173792,0.02177745,False,0.02544,False
2019-11-12,RS01SUM1-LJ01B-09-PRESTB102,2,True,2019-11-12T00:00:00Z,2019-11-12T23:59:59Z,86400,86400,0,1.0,0.999606133,0.999999739,0.000378302,0,0,0,0,-0.0,2.837536,21.75647,-4.747586e-11,0.002837537,0.02175648,False,0.026289,False
2019-11-13,RS01SUM1-LJ01B-09-PRESTB102,2,True,2019-11-13T00:00:00Z,2019-11-13T23:59:59Z,86400,86400,0,1.0,0.999620914,0.999999756,0.001156343,0,0,0,0,-0.0,2.819399,22.222238,-4.89123e-11,0.0028194,0.02222224,False,0.022098,False
2019-11-14,RS01SUM1-LJ01B-09-PRESTB102,2,True,2019-11-14T00:00:00Z,2019-11-14T23:59:59Z,86400,86400,0,1.0,0.999620914,0.999999759,0.001188855,0,0,0,0,0.0,3.543924,25.771505,5.018877e-11,0.003543925,0.02577151,False,0.024336,False
2019-11-15,RS01SUM1-LJ01B-09-PRESTB102,2,True,2019-11-15T00:00:00Z,2019-11-15T23:59:59Z,86400,86401,1,1.0,0.999446869,0.999992345,-0.559598947,1,1,1,2,-0.0,264.217365,647.044358,-1.9188e-11,0.2642194,0.6470493,True,0.473443,True
2019-11-16,RS01SUM1-LJ01B-09-PRESTB102,2,True,2019-11-16T00:00:00Z,2019-11-16T23:59:59Z,86400,86400,0,1.0,0.999619961,0.999999692,-0.001406455,0,0,0,0,-0.0,2.865666,21.411706,-3.312304e-11,0.002865667,0.02141171,False,0.021196,False
2019-11-17,RS01SUM1-LJ01B-09-PRESTB102,2,True,2019-11-17T00:00:00Z,2019-11-17T23:59:59Z,86400,86400,0,1.0,0.999604702,0.999999701,0.001519073,0,0,0,0,-0.0,3.043076,23.094267,-1.142657e-11,0.003043077,0.02309427,False,0.023807,False
2019-11-18,RS01SUM1-LJ01B-09-PRESTB102,2,True,2019-11-18T00:00:00Z,2019-11-18T23:59:59Z,86400,86400,0,1.0,0.99958992,0.999999647,0.003381716,0,0,0,0,-0.0,3.224582,21.763733,-1.080391e-10,0.003224583,0.02176374,False,0.024998,False
2019-11-19,RS01SUM1-LJ01B-09-PRESTB102,2,True,2019-11-19T00:00:00Z,2019-11-19T23:59:59Z,86400,86400,0,1.0,0.999601841,0.9999997,0.00178363,0,0,0,0,-0.0,3.32868,24.462417,-3.722428e-11,0.003328681,0.02446242,False,0.025483,False
2019-11-20,RS01SUM1-LJ01B-09-PRESTB102,2,True,2019-11-20T00:00:00Z,2019-11-20T23:59:59Z,86400,86400,0,1.0,0.999613285,0.99999976,-0.001355396,0,0,0,0,-0.0,4.835135,27.188717,-3.621972e-11,0.004835136,0.02718872,False,0.025652,False
2019-11-21,RS01SUM1-LJ01B-09-PRESTB102,2,True,2019-11-21T00:00:00Z,2019-11-21T23:59:59Z,86400,86400,0,1.0,0.999604702,0.999999734,0.001198943,0,0,0,0,-0.0,2.946312,23.824556,-8.708584e-11,0.002946312,0.02382456,False,0.025066,False
2019-11-22,RS01SUM1-LJ01B-09-PRESTB102,2,True,2019-11-22T00:00:00Z,2019-11-22T23:59:59Z,86400,86400,0,1.0,0.99945879,0.999999781,-0.003538566,0,0,0,0,-0.0,3.004014,22.189695,-2.001495e-11,0.003004015,0.0221897,False,0.024926,False
2019-11-23,RS01SUM1-LJ01B-09-PRESTB102,2,True,2019-11-23T00:00:00Z,2019-11-23T23:59:59Z,86400,86400,0,1.0,0.999596119,0.999999677,0.001234657,0,0,0,0,-0.0,3.693292,24.469661,-5.493796e-11,0.003693294,0.02446967,False,0.024424,False
2019-11-24,RS01SUM1-LJ01B-09-PRESTB102,2,True,2019-11-24T00:00:00Z,2019-11-24T23:59:59Z,86400,86400,0,1.0,0.999632835,0.999999734,-0.000969816,0,0,0,0,-0.0,2.916993,22.1471,-1.827707e-11,0.002916994,0.02214711,False,0.024528,False
2019-11-25,RS01SUM1-LJ01B-09-PRESTB102,2,True,2019-11-25T00:00:00Z,2019-11-25T23:59:59Z,86400,86400,0,1.0,0.999619007,0.999999727,-0.001056943,0,0,0,0,-0.0,2.910427,22.1262,-1.124352e-10,0.002910427,0.02212621,False,0.025155,False
2019-11-26,RS01SUM1-LJ01B-09-PRESTB102,2,True,2019-11-26T00:00:00Z,2019-11-26T23:59:59Z,86400,86400,0,1.0,0.999601841,0.999999711,-0.002111029,0,0,0,0,-0.0,3.002208,23.724894,-7.552241e-11,0.003002209,0.0237249,False,0.026217,False
2019-11-27,RS01SUM1-LJ01B-09-PRESTB102,2,True,2019-11-27T00:00:00Z,2019-11-27T23:59:59Z,86400,86400,0,1.0,0.999618053,0.999999697,-0.000880745,0,0,0,0,-0.0,3.012936,23.480625,-2.842299e-11,0.003012936,0.02348063,False,0.026238,False
2019-11-28,RS01SUM1-LJ01B-09-PRESTB102,2,True,2019-11-28T00:00:00Z,2019-11-28T23:59:59Z,86400,86400,0,1.0,0.999599934,0.999999845,-0.006533084,0,0,0,0,-0.0,3.71471,23.622694,-6.418908e-11,0.003714711,0.0236227,False,0.024307,False
2019-11-29,RS01SUM1-LJ01B-09-PRESTB102,2,True,2019-11-29T00:00:00Z,2019-11-29T23:59:59Z,86400,86400,0,1.0,0.999448299,0.999999599,0.002099755,0,0,0,0,0.0,3.056836,22.339621,4.30248e-12,0.003056837,0.02233963,False,0.023748,False
2019-11-30,RS01SUM1-LJ01B-09-PRESTB102,2,True,2019-11-30T00:00:00Z,2019-11-30T23:59:59Z,86401,86401,0,1.0,0.999615669,0.999999823,0.000858945,0,0,12,12,-0.0,3.165017,21.972291,-2.722136e-11,0.003165017,0.02197229,False,0.024215,False
2019-12-01,RS01SUM1-LJ01B-09-PRESTB102,2,True,2019-12-01T00:00:00Z,2019-12-01T23:59:59Z,86400,86400,0,1.0,0.999603271,0.999999796,-0.00205756,0,0,2,2,-0.0,2.96991,23.464301,-1.302916e-13,0.00296991,0.02346431,False,0.023908,False
2019-12-02,RS01SUM1-LJ01B-09-PRESTB102,2,True,2019-12-02T00:00:00Z,2019-12-02T23:59:59Z,86400,86400,0,1.0,0.999610901,0.999999653,0.003632039,0,0,0,0,-0.0,3.077319,22.005554,-3.146596e-12,0.00307732,0.02200556,False,0.025158,False
2019-12-03,RS01SUM1-LJ01B-09-PRESTB102,2,True,2019-12-03T00:00:00Z,2019-12-03T23:59:59Z,86400,86400,0,1.0,0.999621391,0.99999967,-0.000444361,0,0,0,0,-0.0,2.906069,21.502054,-5.151324e-12,0.00290607,0.02150206,False,0.025665,False
2019-12-04,RS01SUM1-LJ01B-09-PRESTB102,2,True,2019-12-04T00:00:00Z,2019-12-04T23:59:59Z,86400,86400,0,1.0,0.999593735,0.999999705,-0.002061206,0,0,0,0,-0.0,2.901479,21.828901,-3.322597e-11,0.00290148,0.02182891,False,0.025397,False
2019-12-05,RS01SUM1-LJ01B-09-PRESTB102,2,True,2019-12-05T00:00:00Z,2019-12-05T23:59:59Z,86400,86400,0,1.0,0.999613285,0.999999741,-0.000966671,0,0,0,0,-0.0,2.853976,22.087802,-5.924443e-11,0.002853977,0.02208781,False,0.024444,False
2019-12-06,RS01SUM1-LJ01B-09-PRESTB102,2,True,2019-12-06T00:00:00Z,2019-12-06T23:59:59Z,86400,86400,0,1.0,0.999448776,0.999999742,0.00354575,0,0,0,0,-0.0,2.892102,22.442747,-1.13966e-10,0.002892103,0.02244275,False,0.023133,False
2019-12-07,RS01SUM1-LJ01B-09-PRESTB102,2,True,2019-12-07T00:00:00Z,2019-12-07T23:59:59Z,86400,86400,0,1.0,0.999594212,0.9999998,-0.000281408,0,0,0,0,0.0,2.948221,24.272801,9.084045e-12,0.002948222,0.02427281,False,0.025472,False
2019-12-08,RS01SUM1-LJ01B-09-PRESTB102,2,True,2019-12-08T00:00:00Z,2019-12-08T23:59:59Z,85528,86400,872,1.0,0.999590874,0.999999778,-0.001976693,1,872,1,872,-0.0,2.824301,22.058143,-2.413818e-11,0.002824302,0.02205815,False,0.35479,True
2019-12-09,RS01SUM1-LJ01B-09-PRESTB102,2,True,2019-12-09T00:00:00Z,2019-12-09T23:59:59Z,86400,86400,0,1.0,0.999597073,0.999999772,-0.001131714,0,0,0,0,-0.0,2.826176,22.454395,-3.874005e-11,0.002826177,0.0224544,False,0.025612,False
2019-12-10,RS01SUM1-LJ01B-09-PRESTB102,2,True,2019-12-10T00:00:00Z,2019-12-10T23:59:59Z,84436,86400,1964,1.0,0.999591827,0.999999731,-0.000203695,2,1964,2,1964,0.0,2.900187,21.81411,3.491899e-11,0.002900187,0.02181412,False,0.405952,True
2019-12-11,RS01SUM1-LJ01B-09-PRESTB102,2,True,2019-12-11T00:00:00Z,2019-12-11T23:59:59Z,86400,86400,0,1.0,0.999588013,0.999999718,-0.001570397,0,0,0,0,-0.0,2.806584,22.38327,-1.601619e-11,0.002806584,0.02238328,False,0.026292,False
2019-12-12,RS01SUM1-LJ01B-09-PRESTB102,2,True,2019-12-12T00:00:00Z,2019-12-12T23:59:59Z,84832,86400,1568,1.0,0.999595165,0.999999739,-0.002030685,2,1568,2,1568,0.0,2.927588,22.911969,5.294616e-11,0.002927588,0.02291198,False,0.359948,True
2019-12-13,RS01SUM1-LJ01B-09-PRESTB102,2,True,2019-12-13T00:00:00Z,2019-12-13T23:59:59Z,86400,86400,0,1.0,0.999439716,0.999999782,-0.000968175,0,0,0,0,0.0,2.881109,22.0381,4.019343e-11,0.00288111,0.02203811,False,0.024621,False
2019-12-14,RS01SUM1-LJ01B-09-PRESTB102,2,True,2019-12-14T00:00:00Z,2019-12-14T23:59:59Z,86400,86400,0,1.0,0.999582767,0.999999695,-0.000663317,0,0,0,0,-0.0,3.221741,22.347609,-7.956152e-11,0.003221742,0.02234762,False,0.026138,False
2019-12-15,RS01SUM1-LJ01B-09-PRESTB102,2,True,2019-12-15T00:00:00Z,2019-12-15T23:59:59Z,86400,86400,0,1.0,0.999592781,0.999999716,0.000628547,0,0,0,0,0.0,3.096102,24.113701,9.540386e-12,0.003096103,0.02411371,False,0.025555,False
2019-12-16,RS01SUM1-LJ01B-09-PRESTB102,2,True,2019-12-16T00:00:00Z,2019-12-16T23:59:59Z,86400,86400,0,1.0,0.999608994,0.999999738,0.000367299,0,0,0,0,-0.0,2.862498,21.988852,-6.94646e-11,0.002862499,0.02198886,False,0.026125,False
2019-12-17,RS01SUM1-LJ01B-09-PRESTB102,2,True,2019-12-17T00:00:00Z,2019-12-17T23:59:59Z,86400,86400,0,1.0,0.999588013,0.999999784,-0.000187116,0,0,0,0,-0.0,2.950009,21.68943,-3.800186e-11,0.002950009,0.02168943,False,0.022099,False
2019-12-18,RS01SUM1-LJ01B-09-PRESTB102,2,True,2019-12-18T00:00:00Z,2019-12-18T23:59:59Z,86400,86400,0,1.0,0.999595165,0.999999711,0.004141122,0,0,0,0,-0.0,3.370507,23.209234,-6.383438e-11,0.003370508,0.02320924,False,0.02454,False
2019-12-19,RS01SUM1-LJ01B-09-PRESTB102,2,True,2019-12-19T00:00:00Z,2019-12-19T23:59:59Z,86400,86400,0,1.0,0.999624729,0.999999659,-0.001534189,0,0,0,0,-0.0,2.801588,22.288059,-8.462817e-12,0.002801588,0.02228807,False,0.026271,False
2019-12-20,RS01SUM1-LJ01B-09-PRESTB102,2,True,2019-12-20T00:00:00Z,2019-12-20T23:59:59Z,86400,86400,0,1.0,0.999436855,0.999999671,0.00320444,0,0,0,0,-0.0,2.851359,22.671985,-5.971256e-11,0.00285136,0.02267199,False,0.026233,False
2019-12-21,RS01SUM1-LJ01B-09-PRESTB102,2,True,2019-12-21T00:00:00Z,2019-12-21T23:59:59Z,86400,86400,0,1.0,0.99958992,0.999999702,-0.00240982,0,0,0,0,-0.0,2.827865,22.500285,-6.893189e-11,0.002827866,0.02250029,False,0.023531,False
2019-12-22,RS01SUM1-LJ01B-09-PRESTB102,2,True,2019-12-22T00:00:00Z,2019-12-22T23:59:59Z,86400,86400,0,1.0,0.999595165,0.999999755,-0.001608215,0,0,0,0,-0.0,2.829866,22.243106,-2.797195e-11,0.002829867,0.02224311,False,0.025601,False
2019-12-23,RS01SUM1-LJ01B-09-PRESTB102,2,True,2019-12-23T00:00:00Z,2019-12-23T23:59:59Z,86400,86400,0,1.0,0.999618053,0.999999712,0.002819041,0,0,0,0,-0.0,2.786856,21.933983,-8.308139e-11,0.002786856,0.02193399,False,0.024516,False
2019-12-24,RS01SUM1-LJ01B-09-PRESTB102,2,True,2019-12-24T00:00:00Z,2019-12-24T23:59:59Z,86400,86400,0,1.0,0.999611855,0.999999707,-0.001540992,0,0,0,0,-0.0,2.82251,21.104298,-3.763803e-11,0.002822511,0.0211043,False,0.023931,False
2019-12-25,RS01SUM1-LJ01B-09-PRESTB102,2,True,2019-12-25T00:00:00Z,2019-12-25T23:59:59Z,86400,86400,0,1.0,0.999628067,0.999999702,0.002370736,0,0,0,0,-0.0,2.814492,21.851317,-5.844926e-11,0.002814493,0.02185132,False,0.023679,False
2019-12-26,RS01SUM1-LJ01B-09-PRESTB102,2,True,2019-12-26T00:00:00Z,2019-12-26T23:59:59Z,86400,86400,0,1.0,0.999623775,0.999999711,0.004356943,0,0,0,0,-0.0,2.782846,21.590905,-5.154853e-11,0.002782847,0.02159091,False,0.024137,False
2019-12-27,RS01SUM1-LJ01B-09-PRESTB102,2,True,2019-12-27T00:00:00Z,2019-12-27T23:59:59Z,86400,86400,0,1.0,0.999452114,0.999999693,0.003830888,0,0,0,0,-0.0,2.882517,22.246708,-3.0405e-11,0.002882518,0.02224672,False,0.025646,False
2019-12-28,RS01SUM1-LJ01B-09-PRESTB102,2,True,2019-12-28T00:00:00Z,2019-12-28T23:59:59Z,86400,86400,0,1.0,0.999615192,0.999999749,-0.000184152,0,0,0,0,-0.0,2.857666,22.911799,-4.423231e-11,0.002857667,0.0229118,False,0.02421,False
2019-12-29,RS01SUM1-LJ01B-09-PRESTB102,2,True,2019-12-29T00:00:00Z,2019-12-29T23:59:59Z,86400,86400,0,1.0,0.999602795,0.999999735,-0.000362116,0,0,0,0,-0.0,2.798866,21.504497,-1.1717e-10,0.002798867,0.0215045,False,0.024461,False
2019-12-30,RS01SUM1-LJ01B-09-PRESTB102,2,True,2019-12-30T00:00:00Z,2019-12-30T23:59:59Z,86400,86400,0,1.0,0.999608994,0.999999721,-0.000728476,0,0,0,0,-0.0,2.814563,21.46608,-2.642685e-11,0.002814564,0.02146609,False,0.025063,False
2019-12-31,RS01SUM1-LJ01B-09-PRESTB102,2,True,2019-12-31T00:00:00Z,2019-12-31T23:59:59Z,86400,86400,0,1.0,0.999598026,0.999999753,0.002325123,0,0,0,0,-0.0,2.980382,23.456113,-2.188104e-11,0.002980383,0.02345612,False,0.025493,False
2020-01-01,RS01SUM1-LJ01B-09-PRESTB102,2,True,2020-01-01T00:00:00Z,2020-01-01T23:59:59Z,86400,86400,0,1.0,0.999592781,0.999999793,-0.007510062,0,0,0,0,0.0,4.914186,24.873886,6.074064e-11,0.004914187,0.02487389,False,0.022075,False
2020-01-02,RS01SUM1-LJ01B-09-PRESTB102,2,True,2020-01-02T00:00:00Z,2020-01-02T23:59:59Z,86400,86400,0,1.0,0.999611855,0.999999892,-0.003236891,0,0,0,0,-0.0,3.346028,21.907575,-1.093575e-10,0.003346029,0.02190758,False,0.025077,False
2020-01-03,RS01SUM1-LJ01B-09-PRESTB102,2,True,2020-01-03T00:00:00Z,2020-01-03T23:59:59Z,86400,86400,0,1.0,0.999445915,0.999999776,-0.003015496,0,0,0,0,0.0,5.062031,24.41628,4.365322e-11,0.005062032,0.02441629,False,0.02596,False
2020-01-04,RS01SUM1-LJ01B-09-PRESTB102,2,True,2020-01-04T00:00:00Z,2020-01-04T23:59:59Z,86400,86400,0,1.0,0.999603271,0.999999668,0.002023953,0,0,0,0,-0.0,2.960565,22.031704,-8.089783e-11,0.002960566,0.02203171,False,0.025016,False
2020-01-05,RS01SUM1-LJ01B-09-PRESTB102,2,True,2020-01-05T00:00:00Z,2020-01-05T23:59:59Z,86400,86400,0,1.0,0.999600887,0.999999744,0.002980363,0,0,0,0,0.0,2.818117,21.332811,3.270034e-12,0.002818117,0.02133282,False,0.025191,False
2020-01-06,RS01SUM1-LJ01B-09-PRESTB102,2,True,2020-01-06T00:00:00Z,2020-01-06T23:59:59Z,86400,86400,0,1.0,0.999591827,0.999999713,0.003275435,0,0,0,0,-0.0,2.829643,22.556,-2.51659e-11,0.002829644,0.02255601,False,0.026264,False
2020-01-07,RS01SUM1-LJ01B-09-PRESTB102,2,True,2020-01-07T00:00:00Z,2020-01-07T23:59:59Z,86400,86400,0,1.0,0.999605179,0.999999708,4.2682e-05,0,0,0,0,-0.0,2.818147,22.075558,-3.3267e-11,0.002818148,0.02207556,False,0.026286,False
2020-01-08,RS01SUM1-LJ01B-09-PRESTB102,2,True,2020-01-08T00:00:00Z,2020-01-08T23:59:59Z,86400,86400,0,1.0,0.999608994,0.999999744,-0.001261928,0,0,0,0,0.0,2.986372,21.000491,4.099283e-11,0.002986373,0.0210005,False,0.024956,False
2020-01-09,RS01SUM1-LJ01B-09-PRESTB102,2,True,2020-01-09T00:00:00Z,2020-01-09T23:59:59Z,86400,86400,0,1.0,0.999584198,0.999999742,-0.013767782,0,0,0,0,-0.0,2.847478,22.175184,-1.144618e-11,0.002847479,0.02217519,False,0.025622,False
2020-01-10,RS01SUM1-LJ01B-09-PRESTB102,2,True,2020-01-10T00:00:00Z,2020-01-10T23:59:59Z,85664,86400,736,1.0,0.999459267,0.999999733,0.000752118,1,736,1,736,0.0,2.866467,22.249248,2.099444e-11,0.002866468,0.02224925,False,0.398637,True
2020-01-11,RS01SUM1-LJ01B-09-PRESTB102,2,True,2020-01-11T00:00:00Z,2020-01-11T23:59:59Z,86401,86401,0,1.0,0.999615908,0.999999762,-0.003453699,0,0,32,32,0.0,2.838025,22.22344,1.738783e-11,0.002838026,0.02222344,False,0.026267,False
2020-01-12,RS01SUM1-LJ01B-09-PRESTB102,2,True,2020-01-12T00:00:00Z,2020-01-12T23:59:59Z,86400,86400,0,1.0,0.999588966,0.999999727,0.002450781,0,0,0,0,-0.0,3.106945,23.648958,-6.146486e-11,0.003106946,0.02364896,False,0.026241,False
2020-01-13,RS01SUM1-LJ01B-09-PRESTB102,2,True,2020-01-13T00:00:00Z,2020-01-13T23:59:59Z,86400,86400,0,1.0,0.999604702,0.999999788,-0.004811151,0,0,0,0,-0.0,2.974261,23.880298,-4.071998e-11,0.002974262,0.0238803,False,0.024062,False
2020-01-14,RS01SUM1-LJ01B-09-PRESTB102,2,True,2020-01-14T00:00:00Z,2020-01-14T23:59:59Z,86400,86400,0,1.0,0.999604702,0.999999759,-0.002519283,0,0,0,0,-0.0,3.067978,24.452907,-1.784466e-11,0.003067979,0.02445291,False,0.025313,False
2020-01-15,RS01SUM1-LJ01B-09-PRESTB102,2,True,2020-01-15T00:00:00Z,2020-01-15T23:59:59Z,84450,86400,1950,1.0,0.999607086,0.999999751,0.00288633,2,1950,2,1950,-0.0,3.664384,24.021215,-2.249474e-11,0.003664385,0.02402122,False,0.387813,True
2020-01-16,RS01SUM1-LJ01B-09-PRESTB102,2,True,2020-01-16T00:00:00Z,2020-01-16T23:59:59Z,86400,86400,0,1.0,0.999611378,0.999999702,0.000582218,0,0,0,0,0.0,2.797866,22.287267,2.147778e-11,0.002797866,0.02228727,False,0.025082,False
2020-01-17,RS01SUM1-LJ01B-09-PRESTB102,2,True,2020-01-17T00:00:00Z,2020-01-17T23:59:59Z,86400,86400,0,1.0,0.999459743,0.999999726,-0.002676073,0,0,0,0,-0.0,2.864554,22.427579,-6.473455e-12,0.002864554,0.02242759,False,0.025792,False
2020-01-18,RS01SUM1-LJ01B-09-PRESTB102,2,True,2020-01-18T00:00:00Z,2020-01-18T23:59:59Z,86400,86400,0,1.0,0.999610424,0.999999723,0.000487432,0,0,0,0,-0.0,2.883132,21.714459,-2.917828e-11,0.002883133,0.02171446,False,0.026305,False
2020-01-19,RS01SUM1-LJ01B-09-PRESTB102,2,True,2020-01-19T00:00:00Z,2020-01-19T23:59:59Z,86400,86400,0,1.0,0.99959898,0.999999675,-0.001639967,0,0,0,0,-0.0,2.814853,22.823451,-6.125082e-11,0.002814854,0.02282346,False,0.024832,False
2020-01-20,RS01SUM1-LJ01B-09-PRESTB102,2,True,2020-01-20T00:00:00Z,2020-01-20T23:59:59Z,86400,86400,0,1.0,0.999616146,0.999999768,-0.00331197,0,0,0,0,-0.0,2.798865,21.891079,-7.741931e-11,0.002798866,0.02189108,False,0.026254,False
2020-01-21,RS01SUM1-LJ01B-09-PRESTB102,2,True,2020-01-21T00:00:00Z,2020-01-21T23:59:59Z,86400,86400,0,1.0,0.99962759,0.99999969,-0.001537373,0,0,0,0,-0.0,2.808503,20.955673,-9.679038e-11,0.002808504,0.02095568,False,0.026311,False
2020-01-22,RS01SUM1-LJ01B-09-PRESTB102,2,True,2020-01-22T00:00:00Z,2020-01-22T23:59:59Z,86400,86400,0,1.0,0.999609947,0.99999971,0.000362796,0,0,0,0,-0.0,2.807699,22.498179,-7.788687e-11,0.0028077,0.02249819,False,0.025579,False
2020-01-23,RS01SUM1-LJ01B-09-PRESTB102,2,True,2020-01-23T00:00:00Z,2020-01-23T23:59:59Z,86400,86400,0,1.0,0.999601841,0.999999728,-0.000972005,0,0,0,0,-0.0,2.786854,23.373656,-1.060093e-10,0.002786855,0.02337366,False,0.02551,False
2020-01-24,RS01SUM1-LJ01B-09-PRESTB102,2,True,2020-01-24T00:00:00Z,2020-01-24T23:59:59Z,86400,86400,0,1.0,0.999450684,0.999999738,0.001883721,0,0,0,0,-0.0,2.985051,21.749456,-3.971372e-11,0.002985051,0.02174946,False,0.023677,False
2020-01-25,RS01SUM1-LJ01B-09-PRESTB102,2,True,2020-01-25T00:00:00Z,2020-01-25T23:59:59Z,86400,86400,0,1.0,0.999604225,0.999999777,-0.002662402,0,0,0,0,-0.0,2.882746,22.283954,-3.731371e-11,0.002882746,0.02228396,False,0.024775,False
2020-01-26,RS01SUM1-LJ01B-09-PRESTB102,2,True,2020-01-26T00:00:00Z,2020-01-26T23:59:59Z,86400,86400,0,1.0,0.999614716,0.999999773,0.000957045,0,0,0,0,-0.0,2.797008,22.054104,-3.461852e-11,0.002797009,0.02205411,False,0.02107,False
2020-01-27,RS01SUM1-LJ01B-09-PRESTB102,2,True,2020-01-27T00:00:00Z,2020-01-27T23:59:59Z,86400,86400,0,1.0,0.999613762,0.999999736,-0.002236554,0,0,0,0,-0.0,2.794344,22.554991,-3.45999e-11,0.002794345,0.022555,False,0.024909,False
2020-01-28,RS01SUM1-LJ01B-09-PRESTB102,2,True,2020-01-28T00:00:00Z,2020-01-28T23:59:59Z,85754,86400,646,1.0,0.999616623,0.999999711,-0.001611438,1,646,1,646,0.0,2.781556,22.037182,3.269745e-11,0.002781556,0.02203719,False,0.251974,True
2020-01-29,RS01SUM1-LJ01B-09-PRESTB102,2,True,2020-01-29T00:00:00Z,2020-01-29T23:59:59Z,86400,86400,0,1.0,0.999605179,0.999999697,0.002682943,0,0,0,0,-0.0,2.861809,20.96827,-3.221058e-11,0.002861809,0.02096828,False,0.022617,False
2020-01-30,RS01SUM1-LJ01B-09-PRESTB102,2,True,2020-01-30T00:00:00Z,2020-01-30T23:59:59Z,86400,86400,0,1.0,0.999600887,0.999999707,-0.001669645,0,0,0,0,-0.0,2.800351,23.335501,-9.442818e-12,0.002800352,0.02333551,False,0.024015,False
2020-01-31,RS01SUM1-LJ01B-09-PRESTB102,2,True,2020-01-31T00:00:00Z,2020-01-31T23:59:59Z,86400,86400,0,1.0,0.999453068,0.999999777,-0.013393917,0,0,0,0,-0.0,2.859669,23.276331,-2.615053e-11,0.00285967,0.02327634,False,0.025261,False
2020-02-01,RS01SUM1-LJ01B-09-PRESTB102,2,True,2020-02-01T00:00:00Z,2020-02-01T23:59:59Z,86400,86400,0,1.0,0.999594688,0.999999764,0.001920115,0,0,0,0,-0.0,2.946695,22.427076,-1.039454e-11,0.002946696,0.02242708,False,0.026201,False
2020-02-02,RS01SUM1-LJ01B-09-PRESTB102,2,True,2020-02-02T00:00:00Z,2020-02-02T23:59:59Z,86400,86400,0,1.0,0.999619961,0.999999748,-0.003368319,0,0,0,0,-0.0,2.853648,21.255747,-4.328958e-11,0.002853649,0.02125575,False,0.024495,False
2020-02-03,RS01SUM1-LJ01B-09-PRESTB102,2,True,2020-02-03T00:00:00Z,2020-02-03T23:59:59Z,86400,86400,0,1.0,0.99960804,0.999999761,0.001164083,0,0,0,0,0.0,3.003094,22.092578,3.682109e-11,0.003003094,0.02209258,False,0.025285,False
2020-02-04,RS01SUM1-LJ01B-09-PRESTB102,2,True,2020-02-04T00:00:00Z,2020-02-04T23:59:59Z,86400,86400,0,1.0,0.999610901,0.999999762,-0.001010637,0,0,0,0,0.0,3.61422,25.165577,1.329763e-11,0.003614221,0.02516558,False,0.022893,False
2020-02-05,RS01SUM1-LJ01B-09-PRESTB102,2,True,2020-02-05T00:00:00Z,2020-02-05T23:59:59Z,86400,86400,0,1.0,0.999609947,0.999999724,0.000751851,0,0,0,0,0.0,2.880972,22.382628,9.192321e-12,0.002880973,0.02238263,False,0.025082,False
2020-02-06,RS01SUM1-LJ01B-09-PRESTB102,2,True,2020-02-06T00:00:00Z,2020-02-06T23:59:59Z,86400,86400,0,1.0,0.999602318,0.999999787,0.000655114,0,0,0,0,-0.0,2.831693,23.287572,-4.556269e-11,0.002831694,0.02328758,False,0.024182,False
2020-02-07,RS01SUM1-LJ01B-09-PRESTB102,2,True,2020-02-07T00:00:00Z,2020-02-07T23:59:59Z,86400,86400,0,1.0,0.999454975,0.999999797,0.001377273,0,0,0,0,-0.0,2.964141,22.11268,-1.942886e-11,0.002964141,0.02211268,False,0.023739,False
2020-02-08,RS01SUM1-LJ01B-09-PRESTB102,2,True,2020-02-08T00:00:00Z,2020-02-08T23:59:59Z,86400,86400,0,1.0,0.999612808,0.99999979,-5.5001e-05,0,0,0,0,0.0,2.980152,22.96506,2.780065e-11,0.002980153,0.02296506,False,0.024445,False
2020-02-09,RS01SUM1-LJ01B-09-PRESTB102,2,True,2020-02-09T00:00:00Z,2020-02-09T23:59:59Z,86400,86400,0,1.0,0.9996171,0.999999725,-0.002887557,0,0,0,0,-0.0,2.908647,22.697925,-7.104179e-11,0.002908648,0.02269793,False,0.022836,False
2020-02-10,RS01SUM1-LJ01B-09-PRESTB102,2,True,2020-02-10T00:00:00Z,2020-02-10T23:59:59Z,86400,86400,0,1.0,0.99960804,0.999999719,-0.001459591,0,0,0,0,-0.0,2.816251,22.657616,-9.438486e-11,0.002816252,0.02265762,False,0.025128,False
2020-02-11,RS01SUM1-LJ01B-09-PRESTB102,2,True,2020-02-11T00:00:00Z,2020-02-11T23:59:59Z,86400,86400,0,1.0,0.999616146,0.999999699,-0.013922617,0,0,0,0,-0.0,2.851594,21.535038,-6.185671e-11,0.002851595,0.02153504,False,0.02571,False
2020-02-12,RS01SUM1-LJ01B-09-PRESTB102,2,True,2020-02-12T00:00:00Z,2020-02-12T23:59:59Z,86400,86400,0,1.0,0.999607086,0.999999708,-0.000331292,0,0,0,0,-0.0,2.846166,24.007344,-2.617418e-11,0.002846167,0.02400735,False,0.023773,False
2020-02-13,RS01SUM1-LJ01B-09-PRESTB102,2,True,2020-02-13T00:00:00Z,2020-02-13T23:59:59Z,86400,86400,0,1.0,0.999597073,0.999999696,0.001359669,0,0,0,0,-0.0,3.368302,24.572622,-3.427842e-11,0.003368303,0.02457263,False,0.025436,False
2020-02-14,RS01SUM1-LJ01B-09-PRESTB102,2,True,2020-02-14T00:00:00Z,2020-02-14T23:59:59Z,86400,86400,0,1.0,0.999445915,0.999999653,0.009479251,0,0,0,0,0.0,3.726638,23.771243,1.48905e-11,0.003726639,0.02377125,False,0.021818,False
2020-02-15,RS01SUM1-LJ01B-09-PRESTB102,2,True,2020-02-15T00:00:00Z,2020-02-15T23:59:59Z,86400,86400,0,1.0,0.999615669,0.999999673,0.00020976,0,0,0,0,-0.0,2.804458,22.537319,-7.871525e-12,0.002804459,0.02253733,False,0.025684,False2020-02-16,RS01SUM1-LJ01B-09-PRESTB102,2,True,2020-02-16T00:00:00Z,2020-02-16T23:59:59Z,86400,86400,0,1.0,0.999592781,0.999999641,-0.001142417,0,0,0,0,-0.0,2.817013,22.824833,-8.443316e-11,0.002817014,0.02282484,False,0.024405,False
2020-02-17,RS01SUM1-LJ01B-09-PRESTB102,2,True,2020-02-17T00:00:00Z,2020-02-17T23:59:59Z,86400,86400,0,1.0,0.999603748,0.999999702,0.000421939,0,0,0,0,-0.0,3.031889,23.878505,-6.204842e-11,0.00303189,0.02387851,False,0.025653,False
2020-02-18,RS01SUM1-LJ01B-09-PRESTB102,2,True,2020-02-18T00:00:00Z,2020-02-18T23:59:59Z,86400,86400,0,1.0,0.999597073,0.999999702,0.005549658,0,0,0,0,-0.0,3.071706,22.752064,-5.694891e-11,0.003071707,0.02275207,False,0.025607,False
2020-02-19,RS01SUM1-LJ01B-09-PRESTB102,2,True,2020-02-19T00:00:00Z,2020-02-19T23:59:59Z,86400,86400,0,1.0,0.99958992,0.999999773,-0.00341821,0,0,0,0,0.0,3.031534,22.684789,2.096955e-12,0.003031535,0.02268479,False,0.026542,False
2020-02-20,RS01SUM1-LJ01B-09-PRESTB102,2,True,2020-02-20T00:00:00Z,2020-02-20T23:59:59Z,85663,86400,737,1.0,0.999602318,0.999999788,-0.001678356,1,737,1,737,0.0,2.921019,22.340452,7.733581e-11,0.00292102,0.02234046,False,0.292871,True
2020-02-21,RS01SUM1-LJ01B-09-PRESTB102,2,True,2020-02-21T00:00:00Z,2020-02-21T23:59:59Z,86400,86400,0,1.0,0.999446869,0.99999984,-0.003088713,0,0,0,0,-0.0,3.242951,24.623517,-6.260679e-11,0.003242952,0.02462352,False,0.024901,False
2020-02-22,RS01SUM1-LJ01B-09-PRESTB102,2,True,2020-02-22T00:00:00Z,2020-02-22T23:59:59Z,86401,86401,0,1.0,0.999595404,0.999999809,-0.013337199,0,0,25,25,-0.0,3.103457,22.171766,-2.94985e-11,0.003103457,0.02217177,False,0.025611,False
2020-02-23,RS01SUM1-LJ01B-09-PRESTB102,2,True,2020-02-23T00:00:00Z,2020-02-23T23:59:59Z,86400,86400,0,1.0,0.99960804,0.999999771,-0.000552732,0,0,1,1,0.0,2.77795,21.100443,6.037608e-11,0.002777951,0.02110045,False,0.02139,False
2020-02-24,RS01SUM1-LJ01B-09-PRESTB102,2,True,2020-02-24T00:00:00Z,2020-02-24T23:59:59Z,86400,86400,0,1.0,0.999596119,0.999999774,-0.000568218,0,0,0,0,-0.0,2.817714,21.553586,-2.671449e-11,0.002817714,0.02155359,False,0.021486,False
2020-02-25,RS01SUM1-LJ01B-09-PRESTB102,2,True,2020-02-25T00:00:00Z,2020-02-25T23:59:59Z,86400,86400,0,1.0,0.999593258,0.999999758,0.001487142,0,0,0,0,-0.0,2.813828,22.286342,-2.576565e-12,0.002813828,0.02228635,False,0.026236,False
2020-02-26,RS01SUM1-LJ01B-09-PRESTB102,2,True,2020-02-26T00:00:00Z,2020-02-26T23:59:59Z,86400,86400,0,1.0,0.999608994,0.999999766,0.002565656,0,0,0,0,-0.0,2.821391,22.803403,-1.299702e-11,0.002821392,0.02280341,False,0.025181,False
2020-02-27,RS01SUM1-LJ01B-09-PRESTB102,2,True,2020-02-27T00:00:00Z,2020-02-27T23:59:59Z,86400,86400,0,1.0,0.99958992,0.999999762,-0.001148311,0,0,0,0,-0.0,2.812647,21.901809,-8.391499e-11,0.002812648,0.02190181,False,0.024365,False
2020-02-28,RS01SUM1-LJ01B-09-PRESTB102,2,True,2020-02-28T00:00:00Z,2020-02-28T23:59:59Z,86400,86400,0,1.0,0.999444008,0.999999757,-0.002407908,0,0,0,0,-0.0,2.972282,22.487551,-4.58644e-11,0.002972282,0.02248756,False,0.023327,False
2020-02-29,RS01SUM1-LJ01B-09-PRESTB102,2,True,2020-02-29T00:00:00Z,2020-02-29T23:59:59Z,85929,86400,471,1.0,0.999583244,0.999999735,7.9505e-05,2,471,2,471,-0.0,3.020071,22.992331,-4.749481e-11,0.003020072,0.02299234,False,0.195859,True
2020-03-01,RS01SUM1-LJ01B-09-PRESTB102,2,True,2020-03-01T00:00:00Z,2020-03-01T23:59:59Z,86400,86400,0,1.0,0.999605656,0.99999979,0.002090166,0,0,0,0,-0.0,2.910983,24.018346,-7.679034e-11,0.002910984,0.02401835,False,0.025626,False
2020-03-02,RS01SUM1-LJ01B-09-PRESTB102,2,True,2020-03-02T00:00:00Z,2020-03-02T23:59:59Z,86400,86400,0,1.0,0.999603748,0.999999706,0.004622165,0,0,0,0,-0.0,2.863857,22.851736,-2.882529e-11,0.002863858,0.02285174,False,0.02629,False
2020-03-03,RS01SUM1-LJ01B-09-PRESTB102,2,True,2020-03-03T00:00:00Z,2020-03-03T23:59:59Z,86400,86400,0,1.0,0.999586105,0.999999657,0.00206448,0,0,0,0,0.0,2.983144,23.174045,1.702562e-11,0.002983145,0.02317405,False,0.024932,False
2020-03-04,RS01SUM1-LJ01B-09-PRESTB102,2,True,2020-03-04T00:00:00Z,2020-03-04T23:59:59Z,86400,86400,0,1.0,0.999614239,0.999999653,-0.010230203,0,0,0,0,-0.0,2.912556,21.317925,-2.623029e-11,0.002912557,0.02131793,False,0.026258,False
2020-03-05,RS01SUM1-LJ01B-09-PRESTB102,2,True,2020-03-05T00:00:00Z,2020-03-05T23:59:59Z,86400,86400,0,1.0,0.999613285,0.999999641,-0.000537783,0,0,0,0,-0.0,2.773331,21.522759,-2.329974e-11,0.002773332,0.02152277,False,0.026223,False
2020-03-06,RS01SUM1-LJ01B-09-PRESTB102,2,True,2020-03-06T00:00:00Z,2020-03-06T23:59:59Z,86400,86400,0,1.0,0.999441147,0.999999686,-7.054e-06,0,0,0,0,-0.0,2.901486,23.16937,-8.938109e-11,0.002901487,0.02316938,False,0.025404,False
2020-03-07,RS01SUM1-LJ01B-09-PRESTB102,2,True,2020-03-07T00:00:00Z,2020-03-07T23:59:59Z,86400,86400,0,1.0,0.999615192,0.99999974,2.8416e-05,0,0,0,0,-0.0,2.937284,21.894704,-4.499841e-11,0.002937284,0.02189471,False,0.025588,False
2020-03-08,RS01SUM1-LJ01B-09-PRESTB102,2,True,2020-03-08T00:00:00Z,2020-03-08T23:59:59Z,86400,86400,0,1.0,0.999586105,0.999999698,-0.001925879,0,0,0,0,-0.0,3.136091,24.119587,-1.069021e-10,0.003136092,0.02411959,False,0.025664,False
2020-03-09,RS01SUM1-LJ01B-09-PRESTB102,2,True,2020-03-09T00:00:00Z,2020-03-09T23:59:59Z,86400,86400,0,1.0,0.999591827,0.999999651,0.001184954,0,0,0,0,-0.0,3.226715,23.36358,-3.144726e-11,0.003226716,0.02336359,False,0.02417,False
2020-03-10,RS01SUM1-LJ01B-09-PRESTB102,2,True,2020-03-10T00:00:00Z,2020-03-10T23:59:59Z,86400,86400,0,1.0,0.999601841,0.999999725,-0.000266589,0,0,0,0,-0.0,2.99277,22.613663,-4.791292e-11,0.002992771,0.02261367,False,0.024215,False
2020-03-11,RS01SUM1-LJ01B-09-PRESTB102,2,True,2020-03-11T00:00:00Z,2020-03-11T23:59:59Z,86400,86400,0,1.0,0.999600887,0.999999746,1.099e-06,0,0,0,0,-0.0,3.12067,23.870389,-7.435356e-11,0.003120671,0.0238704,False,0.025663,False
2020-03-12,RS01SUM1-LJ01B-09-PRESTB102,2,True,2020-03-12T00:00:00Z,2020-03-12T23:59:59Z,86400,86400,0,1.0,0.999596596,0.999999702,0.001388806,0,0,0,0,-0.0,3.010826,23.27928,-2.770693e-11,0.003010827,0.02327929,False,0.025741,False
2020-03-13,RS01SUM1-LJ01B-09-PRESTB102,2,True,2020-03-13T00:00:00Z,2020-03-13T23:59:59Z,86400,86400,0,1.0,0.999452114,0.999999702,0.001215798,0,0,0,0,-0.0,2.868622,22.502577,-3.691335e-11,0.002868623,0.02250258,False,0.025647,False
2020-03-14,RS01SUM1-LJ01B-09-PRESTB102,2,True,2020-03-14T00:00:00Z,2020-03-14T23:59:59Z,85644,86400,756,1.0,0.99960804,0.999999662,0.001917974,1,756,1,756,-0.0,2.81157,23.448802,-1.648192e-11,0.002811571,0.02344881,False,0.299955,True
2020-03-15,RS01SUM1-LJ01B-09-PRESTB102,2,True,2020-03-15T00:00:00Z,2020-03-15T23:59:59Z,86400,86400,0,1.0,0.999605656,0.999999718,-0.01520752,0,0,0,0,-0.0,2.961214,22.905418,-6.721463e-11,0.002961215,0.02290542,False,0.023948,False
2020-03-16,RS01SUM1-LJ01B-09-PRESTB102,2,True,2020-03-16T00:00:00Z,2020-03-16T23:59:59Z,86400,86400,0,1.0,0.9996171,0.999999607,-0.000577613,0,0,0,0,-0.0,3.668984,24.797976,-7.702954e-11,0.003668985,0.02479799,False,0.025388,False
2020-03-17,RS01SUM1-LJ01B-09-PRESTB102,2,True,2020-03-17T00:00:00Z,2020-03-17T23:59:59Z,86400,86400,0,1.0,0.999594688,0.999999479,0.003523183,0,0,0,0,-0.0,7.477109,29.73002,-5.14212e-11,0.007477113,0.02973004,False,0.02507,False
2020-03-18,RS01SUM1-LJ01B-09-PRESTB102,2,True,2020-03-18T00:00:00Z,2020-03-18T23:59:59Z,86400,86400,0,1.0,0.999601841,0.999999795,0.004324446,0,0,0,0,0.0,3.531617,24.639687,1.997545e-11,0.003531618,0.02463969,False,0.026488,False
2020-03-19,RS01SUM1-LJ01B-09-PRESTB102,2,True,2020-03-19T00:00:00Z,2020-03-19T23:59:59Z,86400,86400,0,1.0,0.999597073,0.999999713,-0.001772556,0,0,0,0,0.0,2.971252,23.936777,1.348055e-11,0.002971253,0.02393678,False,0.024419,False
2020-03-20,RS01SUM1-LJ01B-09-PRESTB102,2,True,2020-03-20T00:00:00Z,2020-03-20T23:59:59Z,86400,86400,0,1.0,0.999450207,0.999999737,0.002621613,0,0,0,0,-0.0,3.086566,23.484351,-2.563642e-11,0.003086567,0.02348436,False,0.026523,False
2020-03-21,RS01SUM1-LJ01B-09-PRESTB102,2,True,2020-03-21T00:00:00Z,2020-03-21T23:59:59Z,86400,86400,0,1.0,0.999568939,0.999999721,0.00074381,0,0,0,0,-0.0,2.860621,22.112464,-3.612115e-11,0.002860622,0.02211247,False,0.021494,False
2020-03-22,RS01SUM1-LJ01B-09-PRESTB102,2,True,2020-03-22T00:00:00Z,2020-03-22T23:59:59Z,86400,86400,0,1.0,0.999603748,0.999999746,0.001341532,0,0,0,0,-0.0,3.522638,24.05488,-6.177629e-11,0.003522639,0.02405489,False,0.024344,False
2020-03-23,RS01SUM1-LJ01B-09-PRESTB102,2,True,2020-03-23T00:00:00Z,2020-03-23T23:59:59Z,86400,86400,0,1.0,0.999588966,0.999999724,-0.001548379,0,0,0,0,-0.0,2.842783,23.179927,-1.320771e-11,0.002842784,0.02317993,False,0.023751,False
2020-03-24,RS01SUM1-LJ01B-09-PRESTB102,2,True,2020-03-24T00:00:00Z,2020-03-24T23:59:59Z,86400,86400,0,1.0,0.999612808,0.999999747,0.00362214,0,0,0,0,-0.0,2.935092,20.714773,-8.924719e-11,0.002935093,0.02071478,False,0.021232,False
2020-03-25,RS01SUM1-LJ01B-09-PRESTB102,2,True,2020-03-25T00:00:00Z,2020-03-25T23:59:59Z,86400,86400,0,1.0,0.999601841,0.999999732,0.002323336,0,0,0,0,-0.0,2.812064,22.699881,-3.24501e-11,0.002812064,0.02269989,False,0.025589,False
2020-03-26,RS01SUM1-LJ01B-09-PRESTB102,2,True,2020-03-26T00:00:00Z,2020-03-26T23:59:59Z,86400,86400,0,1.0,0.999591827,0.999999752,-0.001456626,0,0,0,0,-0.0,2.885945,22.143674,-4.470159e-13,0.002885945,0.02214368,False,0.025088,False
2020-03-27,RS01SUM1-LJ01B-09-PRESTB102,2,True,2020-03-27T00:00:00Z,2020-03-27T23:59:59Z,86400,86400,0,1.0,0.999444962,0.999999697,-0.000322253,0,0,0,0,-0.0,3.023097,22.065219,-4.491241e-11,0.003023098,0.02206523,False,0.022945,False
2020-03-28,RS01SUM1-LJ01B-09-PRESTB102,2,True,2020-03-28T00:00:00Z,2020-03-28T23:59:59Z,85453,86400,947,1.0,0.999593258,0.999999778,0.000494072,3,947,3,947,0.0,3.012745,23.238779,5.658327e-11,0.003012746,0.02323878,False,0.378659,True
2020-03-29,RS01SUM1-LJ01B-09-PRESTB102,2,True,2020-03-29T00:00:00Z,2020-03-29T23:59:59Z,86400,86400,0,1.0,0.999600887,0.999999827,-0.004248558,0,0,0,0,-0.0,3.150256,23.879393,-3.264073e-11,0.003150257,0.0238794,False,0.024063,False
2020-03-30,RS01SUM1-LJ01B-09-PRESTB102,2,True,2020-03-30T00:00:00Z,2020-03-30T23:59:59Z,86400,86400,0,1.0,0.999598026,0.999999715,-0.00557337,0,0,0,0,-0.0,5.143826,27.45267,-9.63527e-11,0.005143827,0.02745268,False,0.026444,False
2020-03-31,RS01SUM1-LJ01B-09-PRESTB102,2,True,2020-03-31T00:00:00Z,2020-03-31T23:59:59Z,86400,86400,0,1.0,0.999597073,0.999999699,0.001785658,0,0,0,0,-0.0,3.09389,23.312561,-4.64223e-11,0.003093891,0.02331257,False,0.024174,False
2020-04-01,RS01SUM1-LJ01B-09-PRESTB102,2,True,2020-04-01T00:00:00Z,2020-04-01T23:59:59Z,86400,86400,0,1.0,0.99959898,0.999999706,-0.002423135,0,0,0,0,-0.0,3.014851,21.726123,-1.116852e-10,0.003014852,0.02172613,False,0.025206,False
2020-04-02,RS01SUM1-LJ01B-09-PRESTB102,2,True,2020-04-02T00:00:00Z,2020-04-02T23:59:59Z,86401,86401,0,1.0,0.999608994,0.999999613,0.003600324,0,0,5,5,-0.0,3.388689,23.375485,-2.547957e-11,0.00338869,0.02337549,False,0.024246,False
2020-04-03,RS01SUM1-LJ01B-09-PRESTB102,2,True,2020-04-03T00:00:01Z,2020-04-03T23:59:59Z,86400,86400,0,1.0,0.999444008,0.999999705,-0.001237595,0,0,14,14,0.0,2.998385,21.921404,2.813421e-11,0.002998386,0.02192141,False,0.025862,False
2020-04-04,RS01SUM1-LJ01B-09-PRESTB102,2,True,2020-04-04T00:00:00Z,2020-04-04T23:59:59Z,86400,86400,0,1.0,0.999612808,0.999999698,0.002154936,0,0,0,0,0.0,3.015642,21.904351,5.944637e-13,0.003015642,0.02190436,False,0.023202,False
2020-04-05,RS01SUM1-LJ01B-09-PRESTB102,2,True,2020-04-05T00:00:00Z,2020-04-05T23:59:59Z,86400,86400,0,1.0,0.999613762,0.99999975,-0.010281476,0,0,0,0,-0.0,5.147882,27.969416,-1.710022e-10,0.005147883,0.02796942,False,0.023942,False
2020-04-06,RS01SUM1-LJ01B-09-PRESTB102,2,True,2020-04-06T00:00:00Z,2020-04-06T23:59:59Z,86400,86400,0,1.0,0.999587059,0.999999737,-0.018253507,0,0,0,0,-0.0,4.046321,22.245726,-1.738984e-11,0.004046322,0.02224573,False,0.023935,False
2020-04-07,RS01SUM1-LJ01B-09-PRESTB102,2,True,2020-04-07T00:00:00Z,2020-04-07T23:59:59Z,86400,86400,0,1.0,0.999626637,0.999999703,-0.001185319,0,0,0,0,-0.0,2.906007,22.668963,-2.783926e-11,0.002906008,0.02266897,False,0.026235,False
2020-04-08,RS01SUM1-LJ01B-09-PRESTB102,2,True,2020-04-08T00:00:00Z,2020-04-08T23:59:59Z,86400,86400,0,1.0,0.999619961,0.999999728,-0.002955039,0,0,0,0,-0.0,2.86952,22.350784,-5.314738e-11,0.002869521,0.02235079,False,0.023328,False
2020-04-09,RS01SUM1-LJ01B-09-PRESTB102,2,True,2020-04-09T00:00:00Z,2020-04-09T23:59:59Z,86400,86400,0,1.0,0.999621868,0.999999767,0.000766569,0,0,0,0,-0.0,2.782005,22.446325,-4.987745e-11,0.002782006,0.02244633,False,0.024458,False
2020-04-10,RS01SUM1-LJ01B-09-PRESTB102,2,True,2020-04-10T00:00:00Z,2020-04-10T23:59:59Z,86400,86400,0,1.0,0.999464035,0.999999754,-0.002088303,0,0,0,0,-0.0,2.871786,22.829195,-9.385778e-11,0.002871787,0.0228292,False,0.025486,False
2020-04-11,RS01SUM1-LJ01B-09-PRESTB102,2,True,2020-04-11T00:00:00Z,2020-04-11T23:59:59Z,86400,86400,0,1.0,0.999611855,0.999999779,0.001180629,0,0,0,0,0.0,2.844789,23.070079,1.564483e-11,0.00284479,0.02307008,False,0.025551,False
2020-04-12,RS01SUM1-LJ01B-09-PRESTB102,2,True,2020-04-12T00:00:00Z,2020-04-12T23:59:59Z,86400,86400,0,1.0,0.999614716,0.99999973,0.002634862,0,0,0,0,-0.0,2.849049,22.144053,-3.371884e-11,0.00284905,0.02214406,False,0.025582,False
2020-04-13,RS01SUM1-LJ01B-09-PRESTB102,2,True,2020-04-13T00:00:00Z,2020-04-13T23:59:59Z,86400,86400,0,1.0,0.999621868,0.999999765,0.003634171,0,0,0,0,-0.0,2.77654,21.760787,-1.335407e-10,0.002776541,0.02176079,False,0.025693,False
2020-04-14,RS01SUM1-LJ01B-09-PRESTB102,2,True,2020-04-14T00:00:00Z,2020-04-14T23:59:59Z,86400,86400,0,1.0,0.999613762,0.999999744,-0.000170047,0,0,0,0,-0.0,2.808001,22.593887,-1.081385e-10,0.002808002,0.02259389,False,0.025616,False
2020-04-15,RS01SUM1-LJ01B-09-PRESTB102,2,True,2020-04-15T00:00:00Z,2020-04-15T23:59:59Z,86400,86400,0,1.0,0.999640942,0.999999722,-0.00396839,0,0,0,0,-0.0,3.107431,24.682359,-7.491174e-11,0.003107431,0.02468237,False,0.024323,False
2020-04-16,RS01SUM1-LJ01B-09-PRESTB102,2,True,2020-04-16T00:00:00Z,2020-04-16T23:59:59Z,86400,86400,0,1.0,0.999633312,0.999999683,-0.001335189,0,0,0,0,0.0,3.000862,21.220752,1.171758e-11,0.003000863,0.02122076,False,0.025068,False
2020-04-17,RS01SUM1-LJ01B-09-PRESTB102,2,True,2020-04-17T00:00:00Z,2020-04-17T23:59:59Z,86400,86400,0,1.0,0.99945879,0.999999655,0.002598379,0,0,0,0,-0.0,2.803953,22.310352,-1.259156e-10,0.002803954,0.02231036,False,0.025826,False
2020-04-18,RS01SUM1-LJ01B-09-PRESTB102,2,True,2020-04-18T00:00:00Z,2020-04-18T23:59:59Z,86400,86400,0,1.0,0.999619007,0.99999972,0.002604871,0,0,0,0,-0.0,2.8153,22.601271,-7.613873e-11,0.002815301,0.02260128,False,0.025843,False
2020-04-19,RS01SUM1-LJ01B-09-PRESTB102,2,True,2020-04-19T00:00:00Z,2020-04-19T23:59:59Z,86400,86400,0,1.0,0.999627113,0.999999766,0.002098096,0,0,0,0,-0.0,2.793819,21.521298,-5.132344e-11,0.002793819,0.0215213,False,0.02627,False
2020-04-20,RS01SUM1-LJ01B-09-PRESTB102,2,True,2020-04-20T00:00:00Z,2020-04-20T23:59:59Z,86400,86400,0,1.0,0.999614239,0.999999738,0.00365091,0,0,0,0,-0.0,2.824939,22.676707,-6.517323e-11,0.00282494,0.02267671,False,0.026586,False
2020-04-21,RS01SUM1-LJ01B-09-PRESTB102,2,True,2020-04-21T00:00:00Z,2020-04-21T23:59:59Z,86400,86400,0,1.0,0.999613762,0.999999692,0.000378592,0,0,0,0,-0.0,2.793606,22.750475,-9.260507e-12,0.002793606,0.02275048,False,0.025006,False
2020-04-22,RS01SUM1-LJ01B-09-PRESTB102,2,True,2020-04-22T00:00:00Z,2020-04-22T23:59:59Z,86400,86400,0,1.0,0.999594212,0.999999677,-0.001742786,0,0,0,0,-0.0,2.806173,21.849781,-1.014509e-10,0.002806174,0.02184979,False,0.025033,False
2020-04-23,RS01SUM1-LJ01B-09-PRESTB102,2,True,2020-04-23T00:00:00Z,2020-04-23T23:59:59Z,86400,86400,0,1.0,0.999601841,0.999999706,-9.5368e-05,0,0,0,0,-0.0,2.874922,21.791299,-5.275444e-11,0.002874923,0.02179131,False,0.025128,False
2020-04-24,RS01SUM1-LJ01B-09-PRESTB102,2,True,2020-04-24T00:00:00Z,2020-04-24T23:59:59Z,86400,86400,0,1.0,0.999442101,0.999999686,-0.001423289,0,0,0,0,-0.0,2.837978,23.35283,-3.915511e-11,0.002837979,0.02335284,False,0.02616,False
2020-04-25,RS01SUM1-LJ01B-09-PRESTB102,2,True,2020-04-25T00:00:00Z,2020-04-25T23:59:59Z,86400,86400,0,1.0,0.999602795,0.999999736,0.002159951,0,0,0,0,-0.0,3.188297,23.532831,-1.062088e-11,0.003188298,0.02353284,False,0.024492,False
2020-04-26,RS01SUM1-LJ01B-09-PRESTB102,2,True,2020-04-26T00:00:00Z,2020-04-26T23:59:59Z,86400,86400,0,1.0,0.999612808,0.999999768,-0.001806585,0,0,0,0,-0.0,3.153391,24.16356,-3.183333e-11,0.003153392,0.02416357,False,0.02499,False
2020-04-27,RS01SUM1-LJ01B-09-PRESTB102,2,True,2020-04-27T00:00:00Z,2020-04-27T23:59:59Z,86400,86400,0,1.0,0.999623775,0.999999668,0.002990687,0,0,0,0,-0.0,2.838919,22.276966,-5.532279e-11,0.00283892,0.02227697,False,0.026277,False
2020-04-28,RS01SUM1-LJ01B-09-PRESTB102,2,True,2020-04-28T00:00:00Z,2020-04-28T23:59:59Z,86400,86400,0,1.0,0.999613285,0.999999713,0.000287014,0,0,0,0,-0.0,2.792874,22.531078,-7.094e-11,0.002792875,0.02253108,False,0.024921,False
2020-04-29,RS01SUM1-LJ01B-09-PRESTB102,2,True,2020-04-29T00:00:00Z,2020-04-29T23:59:59Z,86400,86400,0,1.0,0.999613762,0.999999732,-0.001923095,0,0,0,0,-0.0,2.884682,22.647012,-7.913132e-11,0.002884683,0.02264702,False,0.025489,False
2020-04-30,RS01SUM1-LJ01B-09-PRESTB102,2,True,2020-04-30T00:00:00Z,2020-04-30T23:59:59Z,86400,86400,0,1.0,0.999615669,0.999999748,-0.003152209,0,0,0,0,-0.0,4.428175,25.963641,-3.107518e-11,0.004428176,0.02596365,False,0.026301,False
2020-05-01,RS01SUM1-LJ01B-09-PRESTB102,2,True,2020-05-01T00:00:00Z,2020-05-01T23:59:59Z,86400,86400,0,1.0,0.999462128,0.999999681,-0.007546329,0,0,0,0,-0.0,4.910682,28.255793,-4.505182e-11,0.004910684,0.0282558,False,0.021861,False
2020-05-02,RS01SUM1-LJ01B-09-PRESTB102,2,True,2020-05-02T00:00:00Z,2020-05-02T23:59:59Z,86400,86400,0,1.0,0.999615669,0.999999858,0.001756408,0,0,0,0,-0.0,8.139088,35.223414,-5.066977e-11,0.00813909,0.03522342,False,0.024932,False
2020-05-03,RS01SUM1-LJ01B-09-PRESTB102,2,True,2020-05-03T00:00:00Z,2020-05-03T23:59:59Z,86400,86400,0,1.0,0.999628067,0.999999838,-0.007730509,0,0,0,0,-0.0,4.267098,25.221048,-5.942958e-11,0.004267099,0.02522105,False,0.024204,False
2020-05-04,RS01SUM1-LJ01B-09-PRESTB102,2,True,2020-05-04T00:00:00Z,2020-05-04T23:59:59Z,83356,86400,3044,1.0,0.999605179,0.999999727,-0.000994692,31,3044,31,3044,0.0,3.197086,23.560426,1.317583e-11,0.003197087,0.02356043,False,0.360001,True
2020-05-05,RS01SUM1-LJ01B-09-PRESTB102,2,False,,,0,0,,1.0,,,,,,,,,,,,,,,,False
2020-05-06,RS01SUM1-LJ01B-09-PRESTB102,2,True,2020-05-06T00:00:00Z,2020-05-06T23:59:59Z,86315,86400,85,1.0,0.999591827,0.99999978,-0.000843255,9,85,9,85,-0.0,3.451899,24.859188,-2.42893e-11,0.0034519,0.02485919,False,0.024757,True
2020-05-07,RS01SUM1-LJ01B-09-PRESTB102,2,True,2020-05-07T00:00:00Z,2020-05-07T23:59:59Z,86400,86400,0,1.0,0.999608994,0.99999975,-0.002921426,0,0,0,0,-0.0,2.906494,21.899084,-2.879349e-11,0.002906495,0.02189909,False,0.023484,False
2020-05-08,RS01SUM1-LJ01B-09-PRESTB102,2,True,2020-05-08T00:00:00Z,2020-05-08T23:59:59Z,86400,86400,0,1.0,0.999447823,0.999999748,0.001839833,0,0,0,0,-0.0,3.010967,20.964052,-1.875795e-11,0.003010968,0.02096406,False,0.024578,False
2020-05-09,RS01SUM1-LJ01B-09-PRESTB102,2,True,2020-05-09T00:00:00Z,2020-05-09T05:15:48Z,18949,18949,0,1.0,0.999577522,0.999999619,0.000464006,0,0,0,0,-0.0,2.74634,21.441823,-4.210073e-12,0.002746341,0.02144183,False,0.025695,False
2020-05-10,RS01SUM1-LJ01B-09-PRESTB102,2,False,,,0,0,,1.0,,,,,,,,,,,,,,,,False
2020-05-11,RS01SUM1-LJ01B-09-PRESTB102,2,False,,,0,0,,1.0,,,,,,,,,,,,,,,,False
2020-05-12,RS01SUM1-LJ01B-09-PRESTB102,2,False,,,0,0,,1.0,,,,,,,,,,,,,,,,False
2020-05-13,RS01SUM1-LJ01B-09-PRESTB102,2,False,,,0,0,,1.0,,,,,,,,,,,,,,,,False
2020-05-14,RS01SUM1-LJ01B-09-PRESTB102,2,False,,,0,0,,1.0,,,,,,,,,,,,,,,,False
2020-05-15,RS01SUM1-LJ01B-09-PRESTB102,2,False,,,0,0,,1.0,,,,,,,,,,,,,,,,False
2020-05-16,RS01SUM1-LJ01B-09-PRESTB102,2,False,,,0,0,,1.0,,,,,,,,,,,,,,,,False
2020-05-17,RS01SUM1-LJ01B-09-PRESTB102,2,False,,,0,0,,1.0,,,,,,,,,,,,,,,,False
2020-05-18,RS01SUM1-LJ01B-09-PRESTB102,2,False,,,0,0,,1.0,,,,,,,,,,,,,,,,False
2020-05-19,RS01SUM1-LJ01B-09-PRESTB102,2,False,,,0,0,,1.0,,,,,,,,,,,,,,,,False
2020-05-20,RS01SUM1-LJ01B-09-PRESTB102,2,False,,,0,0,,1.0,,,,,,,,,,,,,,,,False
2020-05-21,RS01SUM1-LJ01B-09-PRESTB102,2,False,,,0,0,,1.0,,,,,,,,,,,,,,,,False
2020-05-22,RS01SUM1-LJ01B-09-PRESTB102,2,False,,,0,0,,1.0,,,,,,,,,,,,,,,,False
2020-05-23,RS01SUM1-LJ01B-09-PRESTB102,2,False,,,0,0,,1.0,,,,,,,,,,,,,,,,False
2020-05-24,RS01SUM1-LJ01B-09-PRESTB102,2,False,,,0,0,,1.0,,,,,,,,,,,,,,,,False
2020-05-25,RS01SUM1-LJ01B-09-PRESTB102,2,False,,,0,0,,1.0,,,,,,,,,,,,,,,,False
2020-05-26,RS01SUM1-LJ01B-09-PRESTB102,2,False,,,0,0,,1.0,,,,,,,,,,,,,,,,False
2020-05-27,RS01SUM1-LJ01B-09-PRESTB102,2,False,,,0,0,,1.0,,,,,,,,,,,,,,,,False
2020-05-28,RS01SUM1-LJ01B-09-PRESTB102,2,False,,,0,0,,1.0,,,,,,,,,,,,,,,,False
2020-05-29,RS01SUM1-LJ01B-09-PRESTB102,2,False,,,0,0,,1.0,,,,,,,,,,,,,,,,False
2020-05-30,RS01SUM1-LJ01B-09-PRESTB102,2,False,,,0,0,,1.0,,,,,,,,,,,,,,,,False
2020-05-31,RS01SUM1-LJ01B-09-PRESTB102,2,False,,,0,0,,1.0,,,,,,,,,,,,,,,,False
2020-06-01,RS01SUM1-LJ01B-09-PRESTB102,2,True,2020-06-01T19:25:43Z,2020-06-01T23:59:59Z,16442,16457,15,1.0,0.999619961,0.999999888,0.001291249,1,15,1,15,-0.0,2.810463,19.177986,-4.362575e-12,0.002810463,0.01917799,False,0.023289,True
2020-06-02,RS01SUM1-LJ01B-09-PRESTB102,2,True,2020-06-02T00:00:00Z,2020-06-02T23:59:59Z,86400,86400,0,1.0,0.999600887,0.999999706,0.002201242,0,0,0,0,0.0,3.070844,22.445454,1.094375e-11,0.003070845,0.02244546,False,0.024939,False
2020-06-03,RS01SUM1-LJ01B-09-PRESTB102,2,True,2020-06-03T00:00:00Z,2020-06-03T23:59:59Z,86400,86400,0,1.0,0.999613285,0.999999673,0.001844388,0,0,0,0,-0.0,2.833182,21.547571,-1.198872e-11,0.002833183,0.02154758,False,0.026276,False
2020-06-04,RS01SUM1-LJ01B-09-PRESTB102,2,True,2020-06-04T00:00:00Z,2020-06-04T23:59:59Z,86400,86400,0,1.0,0.999620914,0.999999773,-0.001772309,0,0,0,0,-0.0,2.897792,22.930579,-6.807777e-11,0.002897793,0.02293058,False,0.02549,False
2020-06-05,RS01SUM1-LJ01B-09-PRESTB102,2,True,2020-06-05T00:00:00Z,2020-06-05T23:59:59Z,86400,86400,0,1.0,0.9996171,0.999999683,0.001163709,0,0,0,0,-0.0,2.950059,22.323078,-8.965901e-11,0.00295006,0.02232309,False,0.023768,False
2020-06-06,RS01SUM1-LJ01B-09-PRESTB102,2,True,2020-06-06T00:00:00Z,2020-06-06T23:59:59Z,86400,86400,0,1.0,0.999607086,0.999999752,-0.002281798,0,0,0,0,-0.0,2.797646,22.08691,-4.712744e-11,0.002797646,0.02208692,False,0.024897,False
2020-06-07,RS01SUM1-LJ01B-09-PRESTB102,2,True,2020-06-07T00:00:00Z,2020-06-07T23:59:59Z,86400,86400,0,1.0,0.99959898,0.999999726,8.8611e-05,0,0,0,0,-0.0,2.870684,22.887386,-3.121209e-11,0.002870685,0.02288739,False,0.025571,False
2020-06-08,RS01SUM1-LJ01B-09-PRESTB102,2,True,2020-06-08T00:00:00Z,2020-06-08T23:59:59Z,85869,86400,531,1.0,0.999454021,0.999999717,0.002409973,1,531,1,531,0.0,2.905169,22.543713,1.171583e-10,0.00290517,0.02254372,False,0.290014,True
2020-06-09,RS01SUM1-LJ01B-09-PRESTB102,2,True,2020-06-09T00:00:00Z,2020-06-09T23:59:59Z,86400,86400,0,1.0,0.99959898,0.999999716,-0.001890823,0,0,0,0,-0.0,2.954754,22.363088,-7.322193e-11,0.002954754,0.02236309,False,0.026238,False
2020-06-10,RS01SUM1-LJ01B-09-PRESTB102,2,True,2020-06-10T00:00:00Z,2020-06-10T23:59:59Z,86400,86400,0,1.0,0.999621868,0.999999744,0.001160863,0,0,0,0,-0.0,2.797447,21.132665,-9.634077e-11,0.002797447,0.02113267,False,0.021421,False
2020-06-11,RS01SUM1-LJ01B-09-PRESTB102,2,True,2020-06-11T00:00:00Z,2020-06-11T23:59:59Z,86400,86400,0,1.0,0.999610901,0.999999713,-7.1235e-05,0,0,0,0,-0.0,2.861781,23.830229,-5.231169e-11,0.002861782,0.02383024,False,0.026293,False
2020-06-12,RS01SUM1-LJ01B-09-PRESTB102,2,True,2020-06-12T00:00:00Z,2020-06-12T23:59:59Z,86400,86400,0,1.0,0.999625683,0.999999676,-0.001384788,0,0,0,0,0.0,3.032491,23.250078,8.095805e-12,0.003032492,0.02325009,False,0.025078,False
2020-06-13,RS01SUM1-LJ01B-09-PRESTB102,2,True,2020-06-13T00:00:00Z,2020-06-13T23:59:59Z,86400,86400,0,1.0,0.999612808,0.999999687,0.006479456,0,0,0,0,-0.0,3.16291,22.470028,-6.546478e-11,0.003162911,0.02247004,False,0.026418,False
2020-06-14,RS01SUM1-LJ01B-09-PRESTB102,2,True,2020-06-14T00:00:00Z,2020-06-14T23:59:59Z,86400,86400,0,1.0,0.999630928,0.999999712,-0.001808564,0,0,0,0,0.0,2.85918,22.690957,2.727222e-11,0.002859181,0.02269096,False,0.026274,False
2020-06-15,RS01SUM1-LJ01B-09-PRESTB102,2,True,2020-06-15T00:00:00Z,2020-06-15T23:59:59Z,86400,86400,0,1.0,0.999444008,0.999999717,-0.001304573,0,0,0,0,-0.0,2.869927,21.417519,-6.177387e-11,0.002869927,0.02141753,False,0.025393,False
2020-06-16,RS01SUM1-LJ01B-09-PRESTB102,2,True,2020-06-16T00:00:00Z,2020-06-16T23:59:59Z,86400,86400,0,1.0,0.999601841,0.999999714,0.001266337,0,0,0,0,-0.0,3.623508,23.895823,-4.625579e-11,0.003623509,0.02389583,False,0.025439,False
2020-06-17,RS01SUM1-LJ01B-09-PRESTB102,2,True,2020-06-17T00:00:00Z,2020-06-17T23:59:59Z,86400,86400,0,1.0,0.999603271,0.999999727,-0.002498112,0,0,0,0,-0.0,2.883477,24.104823,-6.876261e-11,0.002883478,0.02410483,False,0.025395,False
2020-06-18,RS01SUM1-LJ01B-09-PRESTB102,2,True,2020-06-18T00:00:00Z,2020-06-18T23:59:59Z,86400,86400,0,1.0,0.999615669,0.999999693,-0.000986623,0,0,0,0,0.0,2.824701,23.950442,2.387244e-12,0.002824702,0.02395045,False,0.025362,False
2020-06-19,RS01SUM1-LJ01B-09-PRESTB102,2,True,2020-06-19T00:00:00Z,2020-06-19T23:59:59Z,86400,86400,0,1.0,0.999634266,0.999999786,-0.004407667,0,0,0,0,-0.0,2.843402,21.166833,-6.662596e-11,0.002843403,0.02116684,False,0.025609,False
2020-06-20,RS01SUM1-LJ01B-09-PRESTB102,2,True,2020-06-20T00:00:00Z,2020-06-20T23:59:59Z,86400,86400,0,1.0,0.999628067,0.999999693,0.000358684,0,0,0,0,-0.0,2.787257,21.333389,-7.288061e-11,0.002787258,0.0213334,False,0.02511,False
2020-06-21,RS01SUM1-LJ01B-09-PRESTB102,2,True,2020-06-21T00:00:00Z,2020-06-21T23:59:59Z,86400,86400,0,1.0,0.999620914,0.999999743,-0.000820266,0,0,0,0,-0.0,2.807113,22.735542,-7.895719e-11,0.002807114,0.02273555,False,0.026725,False
2020-06-22,RS01SUM1-LJ01B-09-PRESTB102,2,True,2020-06-22T00:00:00Z,2020-06-22T23:59:59Z,86400,86400,0,1.0,0.999454975,0.999999772,-0.004743382,0,0,0,0,-0.0,3.068871,22.510411,-7.329676e-12,0.003068871,0.02251042,False,0.023005,False
2020-06-23,RS01SUM1-LJ01B-09-PRESTB102,2,True,2020-06-23T00:00:00Z,2020-06-23T23:59:59Z,86400,86400,0,1.0,0.999605179,0.999999775,-0.003318956,0,0,0,0,-0.0,3.386416,23.946245,-6.150663e-11,0.003386417,0.02394625,False,0.022123,False
2020-06-24,RS01SUM1-LJ01B-09-PRESTB102,2,True,2020-06-24T00:00:00Z,2020-06-24T23:59:59Z,86400,86400,0,1.0,0.999611855,0.999999767,-0.004032845,0,0,0,0,0.0,3.114234,23.939045,2.547483e-11,0.003114235,0.02393905,False,0.026218,False
2020-06-25,RS01SUM1-LJ01B-09-PRESTB102,2,True,2020-06-25T00:00:00Z,2020-06-25T23:59:59Z,86400,86400,0,1.0,0.99960804,0.999999766,0.001985399,0,0,0,0,-0.0,2.848282,21.777215,-9.245346e-12,0.002848282,0.02177722,False,0.021491,False
2020-06-26,RS01SUM1-LJ01B-09-PRESTB102,2,True,2020-06-26T00:00:00Z,2020-06-26T23:59:59Z,86400,86400,0,1.0,0.999625206,0.999999738,-0.001774682,0,0,0,0,-0.0,2.810656,21.661996,-9.176146e-11,0.002810657,0.021662,False,0.023932,False
2020-06-27,RS01SUM1-LJ01B-09-PRESTB102,2,True,2020-06-27T00:00:00Z,2020-06-27T23:59:59Z,86400,86400,0,1.0,0.999619961,0.999999698,0.000179693,0,0,0,0,-0.0,2.810923,22.067806,-1.131599e-10,0.002810923,0.02206781,False,0.023234,False
2020-06-28,RS01SUM1-LJ01B-09-PRESTB102,2,True,2020-06-28T00:00:00Z,2020-06-28T23:59:59Z,86400,86400,0,1.0,0.999597073,0.999999739,-0.002617059,0,0,0,0,-0.0,3.444616,23.950557,-4.382942e-11,0.003444617,0.02395056,False,0.023252,False
2020-06-29,RS01SUM1-LJ01B-09-PRESTB102,2,True,2020-06-29T00:00:00Z,2020-06-29T23:59:59Z,86400,86400,0,1.0,0.999453068,0.999999721,-0.00283818,0,0,0,0,-0.0,2.926731,23.152964,-5.6413e-11,0.002926731,0.02315297,False,0.026092,False
2020-06-30,RS01SUM1-LJ01B-09-PRESTB102,2,True,2020-06-30T00:00:00Z,2020-06-30T23:59:59Z,86400,86400,0,1.0,0.999612808,0.999999711,0.001818178,0,0,0,0,-0.0,2.861786,21.481916,-6.775447e-11,0.002861787,0.02148192,False,0.025041,False
2020-07-01,RS01SUM1-LJ01B-09-PRESTB102,2,True,2020-07-01T00:00:00Z,2020-07-01T23:59:59Z,86401,86401,0,1.0,0.999612808,0.999999645,0.000468446,0,0,22,22,0.0,3.093399,22.758054,3.386258e-11,0.0030934,0.02275806,False,0.023952,False
2020-07-02,RS01SUM1-LJ01B-09-PRESTB102,2,True,2020-07-02T00:00:00Z,2020-07-02T23:59:59Z,86400,86400,0,1.0,0.999599934,0.999999647,-6.7985e-05,0,0,0,0,-0.0,2.948716,23.630966,-1.19844e-11,0.002948717,0.02363097,False,0.02389,False
2020-07-03,RS01SUM1-LJ01B-09-PRESTB102,2,True,2020-07-03T00:00:00Z,2020-07-03T23:59:59Z,86400,86400,0,1.0,0.999612331,0.999999683,0.003297426,0,0,0,0,-0.0,4.20306,24.763234,-4.847596e-11,0.004203061,0.02476324,False,0.023752,False
2020-07-04,RS01SUM1-LJ01B-09-PRESTB102,2,True,2020-07-04T00:00:00Z,2020-07-04T23:59:59Z,86400,86400,0,1.0,0.999616146,0.99999972,-0.001067737,0,0,0,0,-0.0,3.070793,24.070412,-2.82577e-11,0.003070794,0.02407042,False,0.024859,False
2020-07-05,RS01SUM1-LJ01B-09-PRESTB102,2,True,2020-07-05T00:00:00Z,2020-07-05T23:59:59Z,86400,86400,0,1.0,0.999605179,0.99999971,-0.003190391,0,0,0,0,-0.0,2.794071,22.560686,-6.07165e-11,0.002794071,0.02256069,False,0.022601,False
2020-07-06,RS01SUM1-LJ01B-09-PRESTB102,2,True,2020-07-06T00:00:00Z,2020-07-06T23:59:59Z,86400,86400,0,1.0,0.999450207,0.999999736,-0.000649594,0,0,0,0,0.0,2.803012,21.973127,1.627008e-11,0.002803013,0.02197313,False,0.022885,False
2020-07-07,RS01SUM1-LJ01B-09-PRESTB102,2,True,2020-07-07T00:00:00Z,2020-07-07T23:59:59Z,86400,86400,0,1.0,0.999599934,0.999999639,0.003799844,0,0,0,0,-0.0,2.849754,21.954532,-3.007006e-11,0.002849755,0.02195454,False,0.026248,False
2020-07-08,RS01SUM1-LJ01B-09-PRESTB102,2,True,2020-07-08T00:00:00Z,2020-07-08T23:59:59Z,86400,86400,0,1.0,0.99960804,0.9999997,0.001862774,0,0,0,0,-0.0,2.830514,21.734904,-2.948196e-11,0.002830515,0.02173491,False,0.023765,False
2020-07-09,RS01SUM1-LJ01B-09-PRESTB102,2,True,2020-07-09T00:00:00Z,2020-07-09T23:59:59Z,86400,86400,0,1.0,0.999609947,0.999999702,0.000249983,0,0,0,0,-0.0,3.084238,22.288845,-7.490025e-11,0.003084239,0.02228885,False,0.021576,False
2020-07-10,RS01SUM1-LJ01B-09-PRESTB102,2,True,2020-07-10T00:00:00Z,2020-07-10T23:59:59Z,86400,86400,0,1.0,0.999601364,0.999999791,-0.002013348,0,0,0,0,0.0,3.166349,23.608958,3.329188e-11,0.00316635,0.02360896,False,0.026294,False
2020-07-11,RS01SUM1-LJ01B-09-PRESTB102,2,True,2020-07-11T00:00:00Z,2020-07-11T23:59:59Z,86400,86400,0,1.0,0.999609947,0.999999638,-0.001417032,0,0,0,0,-0.0,3.666352,21.964907,-1.666387e-11,0.003666353,0.02196491,False,0.026284,False
2020-07-12,RS01SUM1-LJ01B-09-PRESTB102,2,True,2020-07-12T00:00:00Z,2020-07-12T23:59:59Z,86400,86400,0,1.0,0.99960804,0.999999722,-0.001866322,0,0,0,0,-0.0,2.846277,22.44689,-9.280945e-11,0.002846278,0.0224469,False,0.02556,False
2020-07-13,RS01SUM1-LJ01B-09-PRESTB102,2,False,,,0,0,,1.0,,,,,,,,,,,,,,,,False
2020-07-14,RS01SUM1-LJ01B-09-PRESTB102,2,False,,,0,0,,1.0,,,,,,,,,,,,,,,,False
2020-07-15,RS01SUM1-LJ01B-09-PRESTB102,2,False,,,0,0,,1.0,,,,,,,,,,,,,,,,False
2020-07-16,RS01SUM1-LJ01B-09-PRESTB102,2,False,,,0,0,,1.0,,,,,,,,,,,,,,,,False
2020-07-17,RS01SUM1-LJ01B-09-PRESTB102,2,False,,,0,0,,1.0,,,,,,,,,,,,,,,,False
2020-07-18,RS01SUM1-LJ01B-09-PRESTB102,2,False,,,0,0,,1.0,,,,,,,,,,,,,,,,False
2020-07-19,RS01SUM1-LJ01B-09-PRESTB102,2,False,,,0,0,,1.0,,,,,,,,,,,,,,,,False
2020-07-20,RS01SUM1-LJ01B-09-PRESTB102,2,False,,,0,0,,1.0,,,,,,,,,,,,,,,,False
2020-07-21,RS01SUM1-LJ01B-09-PRESTB102,2,False,,,0,0,,1.0,,,,,,,,,,,,,,,,False
2020-07-22,RS01SUM1-LJ01B-09-PRESTB102,2,False,,,0,0,,1.0,,,,,,,,,,,,,,,,False
2020-07-23,RS01SUM1-LJ01B-09-PRESTB102,2,False,,,0,0,,1.0,,,,,,,,,,,,,,,,False
2020-07-24,RS01SUM1-LJ01B-09-PRESTB102,2,False,,,0,0,,1.0,,,,,,,,,,,,,,,,False
2020-07-25,RS01SUM1-LJ01B-09-PRESTB102,2,False,,,0,0,,1.0,,,,,,,,,,,,,,,,False
2020-07-26,RS01SUM1-LJ01B-09-PRESTB102,2,False,,,0,0,,1.0,,,,,,,,,,,,,,,,False
2020-07-27,RS01SUM1-LJ01B-09-PRESTB102,2,False,,,0,0,,1.0,,,,,,,,,,,,,,,,False
2020-07-28,RS01SUM1-LJ01B-09-PRESTB102,2,False,,,0,0,,1.0,,,,,,,,,,,,,,,,False
2020-07-29,RS01SUM1-LJ01B-09-PRESTB102,2,False,,,0,0,,1.0,,,,,,,,,,,,,,,,False
2020-07-30,RS01SUM1-LJ01B-09-PRESTB102,2,False,,,0,0,,1.0,,,,,,,,,,,,,,,,False
2020-07-31,RS01SUM1-LJ01B-09-PRESTB102,2,False,,,0,0,,1.0,,,,,,,,,,,,,,,,False
2020-08-01,RS01SUM1-LJ01B-09-PRESTB102,2,False,,,0,0,,1.0,,,,,,,,,,,,,,,,False
2020-08-02,RS01SUM1-LJ01B-09-PRESTB102,2,False,,,0,0,,1.0,,,,,,,,,,,,,,,,False
2020-08-03,RS01SUM1-LJ01B-09-PRESTB102,2,False,,,0,0,,1.0,,,,,,,,,,,,,,,,False
2020-08-04,RS01SUM1-LJ01B-09-PRESTB102,2,False,,,0,0,,1.0,,,,,,,,,,,,,,,,False
2020-08-05,RS01SUM1-LJ01B-09-PRESTB102,2,False,,,0,0,,1.0,,,,,,,,,,,,,,,,False
2020-08-06,RS01SUM1-LJ01B-09-PRESTB102,2,False,,,0,0,,1.0,,,,,,,,,,,,,,,,False
2020-08-07,RS01SUM1-LJ01B-09-PRESTB102,2,False,,,0,0,,1.0,,,,,,,,,,,,,,,,False
2020-08-08,RS01SUM1-LJ01B-09-PRESTB102,2,False,,,0,0,,1.0,,,,,,,,,,,,,,,,False
2020-08-09,RS01SUM1-LJ01B-09-PRESTB102,2,False,,,0,0,,1.0,,,,,,,,,,,,,,,,False
2020-08-10,RS01SUM1-LJ01B-09-PRESTB102,2,False,,,0,0,,1.0,,,,,,,,,,,,,,,,False
2020-08-11,RS01SUM1-LJ01B-09-PRESTB102,2,False,,,0,0,,1.0,,,,,,,,,,,,,,,,False
2020-08-12,RS01SUM1-LJ01B-09-PRESTB102,2,False,,,0,0,,1.0,,,,,,,,,,,,,,,,False
2020-08-13,RS01SUM1-LJ01B-09-PRESTB102,2,False,,,0,0,,1.0,,,,,,,,,,,,,,,,False
2020-08-14,RS01SUM1-LJ01B-09-PRESTB102,2,False,,,0,0,,1.0,,,,,,,,,,,,,,,,False
2020-08-15,RS01SUM1-LJ01B-09-PRESTB102,2,False,,,0,0,,1.0,,,,,,,,,,,,,,,,False
2020-08-16,RS01SUM1-LJ01B-09-PRESTB102,2,False,,,0,0,,1.0,,,,,,,,,,,,,,,,False
2020-08-17,RS01SUM1-LJ01B-09-PRESTB102,2,True,2020-08-17T00:00:00Z,2020-08-17T23:59:59Z,86400,86400,0,1.0,0.999459743,0.999999723,0.002115219,0,0,0,0,-0.0,3.148165,24.96197,-5.82509e-11,0.003148166,0.02496198,False,0.026665,False
2020-08-18,RS01SUM1-LJ01B-09-PRESTB102,2,True,2020-08-18T00:00:00Z,2020-08-18T01:23:18Z,4999,4999,0,1.0,0.999631166,0.999999667,-0.001303041,0,0,0,0,-0.0,2.736282,15.498927,-5.233413e-13,0.002736283,0.01549893,False,0.019271,False
2020-08-19,RS01SUM1-LJ01B-09-PRESTB102,2,False,,,0,0,,1.0,,,,,,,,,,,,,,,,False
2020-08-20,RS01SUM1-LJ01B-09-PRESTB102,2,False,,,0,0,,1.0,,,,,,,,,,,,,,,,False
2020-08-21,RS01SUM1-LJ01B-09-PRESTB102,2,False,,,0,0,,1.0,,,,,,,,,,,,,,,,False
2020-08-22,RS01SUM1-LJ01B-09-PRESTB102,2,False,,,0,0,,1.0,,,,,,,,,,,,,,,,False
2020-08-23,RS01SUM1-LJ01B-09-PRESTB102,2,False,,,0,0,,1.0,,,,,,,,,,,,,,,,False
2020-08-24,RS01SUM1-LJ01B-09-PRESTB102,2,False,,,0,0,,1.0,,,,,,,,,,,,,,,,False
2020-08-25,RS01SUM1-LJ01B-09-PRESTB102,2,False,,,0,0,,1.0,,,,,,,,,,,,,,,,False
2020-08-26,RS01SUM1-LJ01B-09-PRESTB102,2,False,,,0,0,,1.0,,,,,,,,,,,,,,,,False
2020-08-27,RS01SUM1-LJ01B-09-PRESTB102,2,False,,,0,0,,1.0,,,,,,,,,,,,,,,,False
2020-08-28,RS01SUM1-LJ01B-09-PRESTB102,2,False,,,0,0,,1.0,,,,,,,,,,,,,,,,False
2020-08-29,RS01SUM1-LJ01B-09-PRESTB102,2,False,,,0,0,,1.0,,,,,,,,,,,,,,,,False
2020-08-30,RS01SUM1-LJ01B-09-PRESTB102,2,False,,,0,0,,1.0,,,,,,,,,,,,,,,,False
2020-08-31,RS01SUM1-LJ01B-09-PRESTB102,2,False,,,0,0,,1.0,,,,,,,,,,,,,,,,False
2020-09-01,RS01SUM1-LJ01B-09-PRESTB102,2,False,,,0,0,,1.0,,,,,,,,,,,,,,,,False
2020-09-02,RS01SUM1-LJ01B-09-PRESTB102,2,False,,,0,0,,1.0,,,,,,,,,,,,,,,,False
2020-09-03,RS01SUM1-LJ01B-09-PRESTB102,2,False,,,0,0,,1.0,,,,,,,,,,,,,,,,False
2020-09-04,RS01SUM1-LJ01B-09-PRESTB102,2,False,,,0,0,,1.0,,,,,,,,,,,,,,,,False
2020-09-05,RS01SUM1-LJ01B-09-PRESTB102,2,False,,,0,0,,1.0,,,,,,,,,,,,,,,,False
2020-09-06,RS01SUM1-LJ01B-09-PRESTB102,2,False,,,0,0,,1.0,,,,,,,,,,,,,,,,False
2020-09-07,RS01SUM1-LJ01B-09-PRESTB102,2,False,,,0,0,,1.0,,,,,,,,,,,,,,,,False
2020-09-08,RS01SUM1-LJ01B-09-PRESTB102,2,False,,,0,0,,1.0,,,,,,,,,,,,,,,,False
2020-09-09,RS01SUM1-LJ01B-09-PRESTB102,2,False,,,0,0,,1.0,,,,,,,,,,,,,,,,False
2020-09-10,RS01SUM1-LJ01B-09-PRESTB102,2,False,,,0,0,,1.0,,,,,,,,,,,,,,,,False
2020-09-11,RS01SUM1-LJ01B-09-PRESTB102,2,False,,,0,0,,1.0,,,,,,,,,,,,,,,,False
2020-09-12,RS01SUM1-LJ01B-09-PRESTB102,2,False,,,0,0,,1.0,,,,,,,,,,,,,,,,False
2020-09-13,RS01SUM1-LJ01B-09-PRESTB102,2,False,,,0,0,,1.0,,,,,,,,,,,,,,,,False
2020-09-14,RS01SUM1-LJ01B-09-PRESTB102,2,False,,,0,0,,1.0,,,,,,,,,,,,,,,,False
2020-09-15,RS01SUM1-LJ01B-09-PRESTB102,2,False,,,0,0,,1.0,,,,,,,,,,,,,,,,False
2020-09-16,RS01SUM1-LJ01B-09-PRESTB102,2,False,,,0,0,,1.0,,,,,,,,,,,,,,,,False
2020-09-17,RS01SUM1-LJ01B-09-PRESTB102,2,False,,,0,0,,1.0,,,,,,,,,,,,,,,,False
2020-09-18,RS01SUM1-LJ01B-09-PRESTB102,2,False,,,0,0,,1.0,,,,,,,,,,,,,,,,False
2020-09-19,RS01SUM1-LJ01B-09-PRESTB102,2,False,,,0,0,,1.0,,,,,,,,,,,,,,,,False
2020-09-20,RS01SUM1-LJ01B-09-PRESTB102,2,False,,,0,0,,1.0,,,,,,,,,,,,,,,,False
2020-09-21,RS01SUM1-LJ01B-09-PRESTB102,2,False,,,0,0,,1.0,,,,,,,,,,,,,,,,False
2020-09-22,RS01SUM1-LJ01B-09-PRESTB102,2,False,,,0,0,,1.0,,,,,,,,,,,,,,,,False
2020-09-23,RS01SUM1-LJ01B-09-PRESTB102,2,False,,,0,0,,1.0,,,,,,,,,,,,,,,,False
2020-09-24,RS01SUM1-LJ01B-09-PRESTB102,2,False,,,0,0,,1.0,,,,,,,,,,,,,,,,False
2020-09-25,RS01SUM1-LJ01B-09-PRESTB102,2,False,,,0,0,,1.0,,,,,,,,,,,,,,,,False
2020-09-26,RS01SUM1-LJ01B-09-PRESTB102,2,False,,,0,0,,1.0,,,,,,,,,,,,,,,,False
2020-09-27,RS01SUM1-LJ01B-09-PRESTB102,2,False,,,0,0,,1.0,,,,,,,,,,,,,,,,False
2020-09-28,RS01SUM1-LJ01B-09-PRESTB102,2,False,,,0,0,,1.0,,,,,,,,,,,,,,,,False
2020-09-29,RS01SUM1-LJ01B-09-PRESTB102,2,False,,,0,0,,1.0,,,,,,,,,,,,,,,,False
2020-09-30,RS01SUM1-LJ01B-09-PRESTB102,2,False,,,0,0,,1.0,,,,,,,,,,,,,,,,False
2020-10-01,RS01SUM1-LJ01B-09-PRESTB102,2,False,,,0,0,,1.0,,,,,,,,,,,,,,,,False
2020-10-02,RS01SUM1-LJ01B-09-PRESTB102,2,False,,,0,0,,1.0,,,,,,,,,,,,,,,,False
2020-10-03,RS01SUM1-LJ01B-09-PRESTB102,2,False,,,0,0,,1.0,,,,,,,,,,,,,,,,False
2020-10-04,RS01SUM1-LJ01B-09-PRESTB102,2,False,,,0,0,,1.0,,,,,,,,,,,,,,,,False
2020-10-05,RS01SUM1-LJ01B-09-PRESTB102,2,False,,,0,0,,1.0,,,,,,,,,,,,,,,,False
2020-10-06,RS01SUM1-LJ01B-09-PRESTB102,2,False,,,0,0,,1.0,,,,,,,,,,,,,,,,False
2020-10-07,RS01SUM1-LJ01B-09-PRESTB102,2,False,,,0,0,,1.0,,,,,,,,,,,,,,,,False
2020-10-08,RS01SUM1-LJ01B-09-PRESTB102,2,False,,,0,0,,1.0,,,,,,,,,,,,,,,,False
2020-10-09,RS01SUM1-LJ01B-09-PRESTB102,2,False,,,0,0,,1.0,,,,,,,,,,,,,,,,False
2020-10-10,RS01SUM1-LJ01B-09-PRESTB102,2,False,,,0,0,,1.0,,,,,,,,,,,,,,,,False
2020-10-11,RS01SUM1-LJ01B-09-PRESTB102,2,False,,,0,0,,1.0,,,,,,,,,,,,,,,,False
2020-10-12,RS01SUM1-LJ01B-09-PRESTB102,2,False,,,0,0,,1.0,,,,,,,,,,,,,,,,False
2020-10-13,RS01SUM1-LJ01B-09-PRESTB102,2,False,,,0,0,,1.0,,,,,,,,,,,,,,,,False
2020-10-14,RS01SUM1-LJ01B-09-PRESTB102,2,False,,,0,0,,1.0,,,,,,,,,,,,,,,,False
2020-10-15,RS01SUM1-LJ01B-09-PRESTB102,2,False,,,0,0,,1.0,,,,,,,,,,,,,,,,False
2020-10-16,RS01SUM1-LJ01B-09-PRESTB102,2,False,,,0,0,,1.0,,,,,,,,,,,,,,,,False
2020-10-17,RS01SUM1-LJ01B-09-PRESTB102,2,False,,,0,0,,1.0,,,,,,,,,,,,,,,,False
2020-10-18,RS01SUM1-LJ01B-09-PRESTB102,2,False,,,0,0,,1.0,,,,,,,,,,,,,,,,False
2020-10-19,RS01SUM1-LJ01B-09-PRESTB102,2,False,,,0,0,,1.0,,,,,,,,,,,,,,,,False
2020-10-20,RS01SUM1-LJ01B-09-PRESTB102,2,False,,,0,0,,1.0,,,,,,,,,,,,,,,,False
2020-10-21,RS01SUM1-LJ01B-09-PRESTB102,2,False,,,0,0,,1.0,,,,,,,,,,,,,,,,False
2020-10-22,RS01SUM1-LJ01B-09-PRESTB102,2,False,,,0,0,,1.0,,,,,,,,,,,,,,,,False
2020-10-23,RS01SUM1-LJ01B-09-PRESTB102,2,False,,,0,0,,1.0,,,,,,,,,,,,,,,,False
2020-10-24,RS01SUM1-LJ01B-09-PRESTB102,2,False,,,0,0,,1.0,,,,,,,,,,,,,,,,False
2020-10-25,RS01SUM1-LJ01B-09-PRESTB102,2,False,,,0,0,,1.0,,,,,,,,,,,,,,,,False
2020-10-26,RS01SUM1-LJ01B-09-PRESTB102,2,False,,,0,0,,1.0,,,,,,,,,,,,,,,,False
2020-10-27,RS01SUM1-LJ01B-09-PRESTB102,2,False,,,0,0,,1.0,,,,,,,,,,,,,,,,False
2020-10-28,RS01SUM1-LJ01B-09-PRESTB102,2,False,,,0,0,,1.0,,,,,,,,,,,,,,,,False
2020-10-29,RS01SUM1-LJ01B-09-PRESTB102,2,False,,,0,0,,1.0,,,,,,,,,,,,,,,,False
2020-10-30,RS01SUM1-LJ01B-09-PRESTB102,2,False,,,0,0,,1.0,,,,,,,,,,,,,,,,False
2020-10-31,RS01SUM1-LJ01B-09-PRESTB102,2,False,,,0,0,,1.0,,,,,,,,,,,,,,,,False
2020-11-01,RS01SUM1-LJ01B-09-PRESTB102,2,False,,,0,0,,1.0,,,,,,,,,,,,,,,,False
2020-11-02,RS01SUM1-LJ01B-09-PRESTB102,2,False,,,0,0,,1.0,,,,,,,,,,,,,,,,False
2020-11-03,RS01SUM1-LJ01B-09-PRESTB102,2,False,,,0,0,,1.0,,,,,,,,,,,,,,,,False
2020-11-04,RS01SUM1-LJ01B-09-PRESTB102,2,False,,,0,0,,1.0,,,,,,,,,,,,,,,,False
2020-11-05,RS01SUM1-LJ01B-09-PRESTB102,2,False,,,0,0,,1.0,,,,,,,,,,,,,,,,False
2020-11-06,RS01SUM1-LJ01B-09-PRESTB102,2,False,,,0,0,,1.0,,,,,,,,,,,,,,,,False
2020-11-07,RS01SUM1-LJ01B-09-PRESTB102,2,False,,,0,0,,1.0,,,,,,,,,,,,,,,,False
2020-11-08,RS01SUM1-LJ01B-09-PRESTB102,2,False,,,0,0,,1.0,,,,,,,,,,,,,,,,False
2020-11-09,RS01SUM1-LJ01B-09-PRESTB102,2,False,,,0,0,,1.0,,,,,,,,,,,,,,,,False
2020-11-10,RS01SUM1-LJ01B-09-PRESTB102,2,False,,,0,0,,1.0,,,,,,,,,,,,,,,,False
2020-11-11,RS01SUM1-LJ01B-09-PRESTB102,2,False,,,0,0,,1.0,,,,,,,,,,,,,,,,False
2020-11-12,RS01SUM1-LJ01B-09-PRESTB102,2,False,,,0,0,,1.0,,,,,,,,,,,,,,,,False
2020-11-13,RS01SUM1-LJ01B-09-PRESTB102,2,False,,,0,0,,1.0,,,,,,,,,,,,,,,,False
2020-11-14,RS01SUM1-LJ01B-09-PRESTB102,2,False,,,0,0,,1.0,,,,,,,,,,,,,,,,False
2020-11-15,RS01SUM1-LJ01B-09-PRESTB102,2,False,,,0,0,,1.0,,,,,,,,,,,,,,,,False
2020-11-16,RS01SUM1-LJ01B-09-PRESTB102,2,False,,,0,0,,1.0,,,,,,,,,,,,,,,,False
2020-11-17,RS01SUM1-LJ01B-09-PRESTB102,2,False,,,0,0,,1.0,,,,,,,,,,,,,,,,False
2020-11-18,RS01SUM1-LJ01B-09-PRESTB102,2,False,,,0,0,,1.0,,,,,,,,,,,,,,,,False
2020-11-19,RS01SUM1-LJ01B-09-PRESTB102,2,False,,,0,0,,1.0,,,,,,,,,,,,,,,,False
2020-11-20,RS01SUM1-LJ01B-09-PRESTB102,2,False,,,0,0,,1.0,,,,,,,,,,,,,,,,False
2020-11-21,RS01SUM1-LJ01B-09-PRESTB102,2,False,,,0,0,,1.0,,,,,,,,,,,,,,,,False
2020-11-22,RS01SUM1-LJ01B-09-PRESTB102,2,False,,,0,0,,1.0,,,,,,,,,,,,,,,,False
2020-11-23,RS01SUM1-LJ01B-09-PRESTB102,2,False,,,0,0,,1.0,,,,,,,,,,,,,,,,False
2020-11-24,RS01SUM1-LJ01B-09-PRESTB102,2,False,,,0,0,,1.0,,,,,,,,,,,,,,,,False
2020-11-25,RS01SUM1-LJ01B-09-PRESTB102,2,False,,,0,0,,1.0,,,,,,,,,,,,,,,,False
2020-11-26,RS01SUM1-LJ01B-09-PRESTB102,2,False,,,0,0,,1.0,,,,,,,,,,,,,,,,False
2020-11-27,RS01SUM1-LJ01B-09-PRESTB102,2,False,,,0,0,,1.0,,,,,,,,,,,,,,,,False
2020-11-28,RS01SUM1-LJ01B-09-PRESTB102,2,False,,,0,0,,1.0,,,,,,,,,,,,,,,,False
2020-11-29,RS01SUM1-LJ01B-09-PRESTB102,2,False,,,0,0,,1.0,,,,,,,,,,,,,,,,False
2020-11-30,RS01SUM1-LJ01B-09-PRESTB102,2,False,,,0,0,,1.0,,,,,,,,,,,,,,,,False
2020-12-01,RS01SUM1-LJ01B-09-PRESTB102,2,False,,,0,0,,1.0,,,,,,,,,,,,,,,,False
2020-12-02,RS01SUM1-LJ01B-09-PRESTB102,2,False,,,0,0,,1.0,,,,,,,,,,,,,,,,False
2020-12-03,RS01SUM1-LJ01B-09-PRESTB102,2,False,,,0,0,,1.0,,,,,,,,,,,,,,,,False
2020-12-04,RS01SUM1-LJ01B-09-PRESTB102,2,False,,,0,0,,1.0,,,,,,,,,,,,,,,,False
2020-12-05,RS01SUM1-LJ01B-09-PRESTB102,2,False,,,0,0,,1.0,,,,,,,,,,,,,,,,False
2020-12-06,RS01SUM1-LJ01B-09-PRESTB102,2,False,,,0,0,,1.0,,,,,,,,,,,,,,,,False
2020-12-07,RS01SUM1-LJ01B-09-PRESTB102,2,False,,,0,0,,1.0,,,,,,,,,,,,,,,,False
2020-12-08,RS01SUM1-LJ01B-09-PRESTB102,2,False,,,0,0,,1.0,,,,,,,,,,,,,,,,False
2020-12-09,RS01SUM1-LJ01B-09-PRESTB102,2,False,,,0,0,,1.0,,,,,,,,,,,,,,,,False
2020-12-10,RS01SUM1-LJ01B-09-PRESTB102,2,False,,,0,0,,1.0,,,,,,,,,,,,,,,,False
2020-12-11,RS01SUM1-LJ01B-09-PRESTB102,2,False,,,0,0,,1.0,,,,,,,,,,,,,,,,False
2020-12-12,RS01SUM1-LJ01B-09-PRESTB102,2,False,,,0,0,,1.0,,,,,,,,,,,,,,,,False
2020-12-13,RS01SUM1-LJ01B-09-PRESTB102,2,False,,,0,0,,1.0,,,,,,,,,,,,,,,,False
2020-12-14,RS01SUM1-LJ01B-09-PRESTB102,2,False,,,0,0,,1.0,,,,,,,,,,,,,,,,False
2020-12-15,RS01SUM1-LJ01B-09-PRESTB102,2,False,,,0,0,,1.0,,,,,,,,,,,,,,,,False
2020-12-16,RS01SUM1-LJ01B-09-PRESTB102,2,False,,,0,0,,1.0,,,,,,,,,,,,,,,,False
2020-12-17,RS01SUM1-LJ01B-09-PRESTB102,2,False,,,0,0,,1.0,,,,,,,,,,,,,,,,False
2020-12-18,RS01SUM1-LJ01B-09-PRESTB102,2,False,,,0,0,,1.0,,,,,,,,,,,,,,,,False
2020-12-19,RS01SUM1-LJ01B-09-PRESTB102,2,False,,,0,0,,1.0,,,,,,,,,,,,,,,,False
2020-12-20,RS01SUM1-LJ01B-09-PRESTB102,2,False,,,0,0,,1.0,,,,,,,,,,,,,,,,False
2020-12-21,RS01SUM1-LJ01B-09-PRESTB102,2,False,,,0,0,,1.0,,,,,,,,,,,,,,,,False
2020-12-22,RS01SUM1-LJ01B-09-PRESTB102,2,False,,,0,0,,1.0,,,,,,,,,,,,,,,,False
2020-12-23,RS01SUM1-LJ01B-09-PRESTB102,2,False,,,0,0,,1.0,,,,,,,,,,,,,,,,False
2020-12-24,RS01SUM1-LJ01B-09-PRESTB102,2,False,,,0,0,,1.0,,,,,,,,,,,,,,,,False
2020-12-25,RS01SUM1-LJ01B-09-PRESTB102,2,False,,,0,0,,1.0,,,,,,,,,,,,,,,,False
2020-12-26,RS01SUM1-LJ01B-09-PRESTB102,2,False,,,0,0,,1.0,,,,,,,,,,,,,,,,False
2020-12-27,RS01SUM1-LJ01B-09-PRESTB102,2,False,,,0,0,,1.0,,,,,,,,,,,,,,,,False
2020-12-28,RS01SUM1-LJ01B-09-PRESTB102,2,False,,,0,0,,1.0,,,,,,,,,,,,,,,,False
2020-12-29,RS01SUM1-LJ01B-09-PRESTB102,2,False,,,0,0,,1.0,,,,,,,,,,,,,,,,False
2020-12-30,RS01SUM1-LJ01B-09-PRESTB102,2,False,,,0,0,,1.0,,,,,,,,,,,,,,,,False
2020-12-31,RS01SUM1-LJ01B-09-PRESTB102,2,False,,,0,0,,1.0,,,,,,,,,,,,,,,,False
2021-01-01,RS01SUM1-LJ01B-09-PRESTB102,2,False,,,0,0,,1.0,,,,,,,,,,,,,,,,False
2021-01-02,RS01SUM1-LJ01B-09-PRESTB102,2,False,,,0,0,,1.0,,,,,,,,,,,,,,,,False
2021-01-03,RS01SUM1-LJ01B-09-PRESTB102,2,False,,,0,0,,1.0,,,,,,,,,,,,,,,,False
2021-01-04,RS01SUM1-LJ01B-09-PRESTB102,2,False,,,0,0,,1.0,,,,,,,,,,,,,,,,False
2021-01-05,RS01SUM1-LJ01B-09-PRESTB102,2,False,,,0,0,,1.0,,,,,,,,,,,,,,,,False
2021-01-06,RS01SUM1-LJ01B-09-PRESTB102,2,False,,,0,0,,1.0,,,,,,,,,,,,,,,,False
2021-01-07,RS01SUM1-LJ01B-09-PRESTB102,2,False,,,0,0,,1.0,,,,,,,,,,,,,,,,False
2021-01-08,RS01SUM1-LJ01B-09-PRESTB102,2,False,,,0,0,,1.0,,,,,,,,,,,,,,,,False
2021-01-09,RS01SUM1-LJ01B-09-PRESTB102,2,False,,,0,0,,1.0,,,,,,,,,,,,,,,,False
2021-01-10,RS01SUM1-LJ01B-09-PRESTB102,2,False,,,0,0,,1.0,,,,,,,,,,,,,,,,False
2021-01-11,RS01SUM1-LJ01B-09-PRESTB102,2,False,,,0,0,,1.0,,,,,,,,,,,,,,,,False
2021-01-12,RS01SUM1-LJ01B-09-PRESTB102,2,False,,,0,0,,1.0,,,,,,,,,,,,,,,,False
2021-01-13,RS01SUM1-LJ01B-09-PRESTB102,2,False,,,0,0,,1.0,,,,,,,,,,,,,,,,False
2021-01-14,RS01SUM1-LJ01B-09-PRESTB102,2,False,,,0,0,,1.0,,,,,,,,,,,,,,,,False
2021-01-15,RS01SUM1-LJ01B-09-PRESTB102,2,False,,,0,0,,1.0,,,,,,,,,,,,,,,,False
2021-01-16,RS01SUM1-LJ01B-09-PRESTB102,2,False,,,0,0,,1.0,,,,,,,,,,,,,,,,False
2021-01-17,RS01SUM1-LJ01B-09-PRESTB102,2,False,,,0,0,,1.0,,,,,,,,,,,,,,,,False
2021-01-18,RS01SUM1-LJ01B-09-PRESTB102,2,False,,,0,0,,1.0,,,,,,,,,,,,,,,,False
2021-01-19,RS01SUM1-LJ01B-09-PRESTB102,2,False,,,0,0,,1.0,,,,,,,,,,,,,,,,False
2021-01-20,RS01SUM1-LJ01B-09-PRESTB102,2,False,,,0,0,,1.0,,,,,,,,,,,,,,,,False
2021-01-21,RS01SUM1-LJ01B-09-PRESTB102,2,False,,,0,0,,1.0,,,,,,,,,,,,,,,,False
2021-01-22,RS01SUM1-LJ01B-09-PRESTB102,2,False,,,0,0,,1.0,,,,,,,,,,,,,,,,False
2021-01-23,RS01SUM1-LJ01B-09-PRESTB102,2,False,,,0,0,,1.0,,,,,,,,,,,,,,,,False
2021-01-24,RS01SUM1-LJ01B-09-PRESTB102,2,False,,,0,0,,1.0,,,,,,,,,,,,,,,,False
2021-01-25,RS01SUM1-LJ01B-09-PRESTB102,2,False,,,0,0,,1.0,,,,,,,,,,,,,,,,False
2021-01-26,RS01SUM1-LJ01B-09-PRESTB102,2,False,,,0,0,,1.0,,,,,,,,,,,,,,,,False
2021-01-27,RS01SUM1-LJ01B-09-PRESTB102,2,False,,,0,0,,1.0,,,,,,,,,,,,,,,,False
2021-01-28,RS01SUM1-LJ01B-09-PRESTB102,2,False,,,0,0,,1.0,,,,,,,,,,,,,,,,False
2021-01-29,RS01SUM1-LJ01B-09-PRESTB102,2,False,,,0,0,,1.0,,,,,,,,,,,,,,,,False
2021-01-30,RS01SUM1-LJ01B-09-PRESTB102,2,False,,,0,0,,1.0,,,,,,,,,,,,,,,,False
2021-01-31,RS01SUM1-LJ01B-09-PRESTB102,2,False,,,0,0,,1.0,,,,,,,,,,,,,,,,False
2021-02-01,RS01SUM1-LJ01B-09-PRESTB102,2,False,,,0,0,,1.0,,,,,,,,,,,,,,,,False
2021-02-02,RS01SUM1-LJ01B-09-PRESTB102,2,False,,,0,0,,1.0,,,,,,,,,,,,,,,,False
2021-02-03,RS01SUM1-LJ01B-09-PRESTB102,2,False,,,0,0,,1.0,,,,,,,,,,,,,,,,False
2021-02-04,RS01SUM1-LJ01B-09-PRESTB102,2,False,,,0,0,,1.0,,,,,,,,,,,,,,,,False
2021-02-05,RS01SUM1-LJ01B-09-PRESTB102,2,False,,,0,0,,1.0,,,,,,,,,,,,,,,,False
2021-02-06,RS01SUM1-LJ01B-09-PRESTB102,2,False,,,0,0,,1.0,,,,,,,,,,,,,,,,False
2021-02-07,RS01SUM1-LJ01B-09-PRESTB102,2,False,,,0,0,,1.0,,,,,,,,,,,,,,,,False
2021-02-08,RS01SUM1-LJ01B-09-PRESTB102,2,False,,,0,0,,1.0,,,,,,,,,,,,,,,,False
2021-02-09,RS01SUM1-LJ01B-09-PRESTB102,2,False,,,0,0,,1.0,,,,,,,,,,,,,,,,False
2021-02-10,RS01SUM1-LJ01B-09-PRESTB102,2,False,,,0,0,,1.0,,,,,,,,,,,,,,,,False
2021-02-11,RS01SUM1-LJ01B-09-PRESTB102,2,False,,,0,0,,1.0,,,,,,,,,,,,,,,,False
2021-02-12,RS01SUM1-LJ01B-09-PRESTB102,2,False,,,0,0,,1.0,,,,,,,,,,,,,,,,False
2021-02-13,RS01SUM1-LJ01B-09-PRESTB102,2,False,,,0,0,,1.0,,,,,,,,,,,,,,,,False
2021-02-14,RS01SUM1-LJ01B-09-PRESTB102,2,False,,,0,0,,1.0,,,,,,,,,,,,,,,,False
2021-02-15,RS01SUM1-LJ01B-09-PRESTB102,2,False,,,0,0,,1.0,,,,,,,,,,,,,,,,False
2021-02-16,RS01SUM1-LJ01B-09-PRESTB102,2,False,,,0,0,,1.0,,,,,,,,,,,,,,,,False
2021-02-17,RS01SUM1-LJ01B-09-PRESTB102,2,False,,,0,0,,1.0,,,,,,,,,,,,,,,,False
2021-02-18,RS01SUM1-LJ01B-09-PRESTB102,2,False,,,0,0,,1.0,,,,,,,,,,,,,,,,False
2021-02-19,RS01SUM1-LJ01B-09-PRESTB102,2,False,,,0,0,,1.0,,,,,,,,,,,,,,,,False
2021-02-20,RS01SUM1-LJ01B-09-PRESTB102,2,False,,,0,0,,1.0,,,,,,,,,,,,,,,,False
2021-02-21,RS01SUM1-LJ01B-09-PRESTB102,2,False,,,0,0,,1.0,,,,,,,,,,,,,,,,False
2021-02-22,RS01SUM1-LJ01B-09-PRESTB102,2,False,,,0,0,,1.0,,,,,,,,,,,,,,,,False
2021-02-23,RS01SUM1-LJ01B-09-PRESTB102,2,False,,,0,0,,1.0,,,,,,,,,,,,,,,,False
2021-02-24,RS01SUM1-LJ01B-09-PRESTB102,2,False,,,0,0,,1.0,,,,,,,,,,,,,,,,False
2021-02-25,RS01SUM1-LJ01B-09-PRESTB102,2,False,,,0,0,,1.0,,,,,,,,,,,,,,,,False
2021-02-26,RS01SUM1-LJ01B-09-PRESTB102,2,False,,,0,0,,1.0,,,,,,,,,,,,,,,,False
2021-02-27,RS01SUM1-LJ01B-09-PRESTB102,2,False,,,0,0,,1.0,,,,,,,,,,,,,,,,False
2021-02-28,RS01SUM1-LJ01B-09-PRESTB102,2,False,,,0,0,,1.0,,,,,,,,,,,,,,,,False
2021-03-01,RS01SUM1-LJ01B-09-PRESTB102,2,False,,,0,0,,1.0,,,,,,,,,,,,,,,,False
2021-03-02,RS01SUM1-LJ01B-09-PRESTB102,2,False,,,0,0,,1.0,,,,,,,,,,,,,,,,False
2021-03-03,RS01SUM1-LJ01B-09-PRESTB102,2,False,,,0,0,,1.0,,,,,,,,,,,,,,,,False
2021-03-04,RS01SUM1-LJ01B-09-PRESTB102,2,False,,,0,0,,1.0,,,,,,,,,,,,,,,,False
2021-03-05,RS01SUM1-LJ01B-09-PRESTB102,2,False,,,0,0,,1.0,,,,,,,,,,,,,,,,False
2021-03-06,RS01SUM1-LJ01B-09-PRESTB102,2,False,,,0,0,,1.0,,,,,,,,,,,,,,,,False
2021-03-07,RS01SUM1-LJ01B-09-PRESTB102,2,False,,,0,0,,1.0,,,,,,,,,,,,,,,,False
2021-03-08,RS01SUM1-LJ01B-09-PRESTB102,2,False,,,0,0,,1.0,,,,,,,,,,,,,,,,False
2021-03-09,RS01SUM1-LJ01B-09-PRESTB102,2,False,,,0,0,,1.0,,,,,,,,,,,,,,,,False
2021-03-10,RS01SUM1-LJ01B-09-PRESTB102,2,False,,,0,0,,1.0,,,,,,,,,,,,,,,,False
2021-03-11,RS01SUM1-LJ01B-09-PRESTB102,2,False,,,0,0,,1.0,,,,,,,,,,,,,,,,False
2021-03-12,RS01SUM1-LJ01B-09-PRESTB102,2,False,,,0,0,,1.0,,,,,,,,,,,,,,,,False
2021-03-13,RS01SUM1-LJ01B-09-PRESTB102,2,False,,,0,0,,1.0,,,,,,,,,,,,,,,,False
2021-03-14,RS01SUM1-LJ01B-09-PRESTB102,2,False,,,0,0,,1.0,,,,,,,,,,,,,,,,False
2021-03-15,RS01SUM1-LJ01B-09-PRESTB102,2,False,,,0,0,,1.0,,,,,,,,,,,,,,,,False
2021-03-16,RS01SUM1-LJ01B-09-PRESTB102,2,False,,,0,0,,1.0,,,,,,,,,,,,,,,,False
2021-03-17,RS01SUM1-LJ01B-09-PRESTB102,2,False,,,0,0,,1.0,,,,,,,,,,,,,,,,False
2021-03-18,RS01SUM1-LJ01B-09-PRESTB102,2,False,,,0,0,,1.0,,,,,,,,,,,,,,,,False
2021-03-19,RS01SUM1-LJ01B-09-PRESTB102,2,False,,,0,0,,1.0,,,,,,,,,,,,,,,,False
2021-03-20,RS01SUM1-LJ01B-09-PRESTB102,2,False,,,0,0,,1.0,,,,,,,,,,,,,,,,False
2021-03-21,RS01SUM1-LJ01B-09-PRESTB102,2,False,,,0,0,,1.0,,,,,,,,,,,,,,,,False
2021-03-22,RS01SUM1-LJ01B-09-PRESTB102,2,False,,,0,0,,1.0,,,,,,,,,,,,,,,,False
2021-03-23,RS01SUM1-LJ01B-09-PRESTB102,2,False,,,0,0,,1.0,,,,,,,,,,,,,,,,False
2021-03-24,RS01SUM1-LJ01B-09-PRESTB102,2,False,,,0,0,,1.0,,,,,,,,,,,,,,,,False
2021-03-25,RS01SUM1-LJ01B-09-PRESTB102,2,False,,,0,0,,1.0,,,,,,,,,,,,,,,,False
2021-03-26,RS01SUM1-LJ01B-09-PRESTB102,2,False,,,0,0,,1.0,,,,,,,,,,,,,,,,False
2021-03-27,RS01SUM1-LJ01B-09-PRESTB102,2,False,,,0,0,,1.0,,,,,,,,,,,,,,,,False
2021-03-28,RS01SUM1-LJ01B-09-PRESTB102,2,False,,,0,0,,1.0,,,,,,,,,,,,,,,,False
2021-03-29,RS01SUM1-LJ01B-09-PRESTB102,2,False,,,0,0,,1.0,,,,,,,,,,,,,,,,False
2021-03-30,RS01SUM1-LJ01B-09-PRESTB102,2,False,,,0,0,,1.0,,,,,,,,,,,,,,,,False
2021-03-31,RS01SUM1-LJ01B-09-PRESTB102,2,False,,,0,0,,1.0,,,,,,,,,,,,,,,,False
2021-04-01,RS01SUM1-LJ01B-09-PRESTB102,2,False,,,0,0,,1.0,,,,,,,,,,,,,,,,False
2021-04-02,RS01SUM1-LJ01B-09-PRESTB102,2,False,,,0,0,,1.0,,,,,,,,,,,,,,,,False
2021-04-03,RS01SUM1-LJ01B-09-PRESTB102,2,False,,,0,0,,1.0,,,,,,,,,,,,,,,,False
2021-04-04,RS01SUM1-LJ01B-09-PRESTB102,2,False,,,0,0,,1.0,,,,,,,,,,,,,,,,False
2021-04-05,RS01SUM1-LJ01B-09-PRESTB102,2,False,,,0,0,,1.0,,,,,,,,,,,,,,,,False
2021-04-06,RS01SUM1-LJ01B-09-PRESTB102,2,False,,,0,0,,1.0,,,,,,,,,,,,,,,,False
2021-04-07,RS01SUM1-LJ01B-09-PRESTB102,2,False,,,0,0,,1.0,,,,,,,,,,,,,,,,False
2021-04-08,RS01SUM1-LJ01B-09-PRESTB102,2,False,,,0,0,,1.0,,,,,,,,,,,,,,,,False
2021-04-09,RS01SUM1-LJ01B-09-PRESTB102,2,False,,,0,0,,1.0,,,,,,,,,,,,,,,,False
2021-04-10,RS01SUM1-LJ01B-09-PRESTB102,2,False,,,0,0,,1.0,,,,,,,,,,,,,,,,False
2021-04-11,RS01SUM1-LJ01B-09-PRESTB102,2,False,,,0,0,,1.0,,,,,,,,,,,,,,,,False
2021-04-12,RS01SUM1-LJ01B-09-PRESTB102,2,False,,,0,0,,1.0,,,,,,,,,,,,,,,,False
2021-04-13,RS01SUM1-LJ01B-09-PRESTB102,2,False,,,0,0,,1.0,,,,,,,,,,,,,,,,False
2021-04-14,RS01SUM1-LJ01B-09-PRESTB102,2,False,,,0,0,,1.0,,,,,,,,,,,,,,,,False
2021-04-15,RS01SUM1-LJ01B-09-PRESTB102,2,False,,,0,0,,1.0,,,,,,,,,,,,,,,,False
2021-04-16,RS01SUM1-LJ01B-09-PRESTB102,2,False,,,0,0,,1.0,,,,,,,,,,,,,,,,False
2021-04-17,RS01SUM1-LJ01B-09-PRESTB102,2,False,,,0,0,,1.0,,,,,,,,,,,,,,,,False
2021-04-18,RS01SUM1-LJ01B-09-PRESTB102,2,False,,,0,0,,1.0,,,,,,,,,,,,,,,,False
2021-04-19,RS01SUM1-LJ01B-09-PRESTB102,2,False,,,0,0,,1.0,,,,,,,,,,,,,,,,False
2021-04-20,RS01SUM1-LJ01B-09-PRESTB102,2,False,,,0,0,,1.0,,,,,,,,,,,,,,,,False
2021-04-21,RS01SUM1-LJ01B-09-PRESTB102,2,False,,,0,0,,1.0,,,,,,,,,,,,,,,,False
2021-04-22,RS01SUM1-LJ01B-09-PRESTB102,2,False,,,0,0,,1.0,,,,,,,,,,,,,,,,False
2021-04-23,RS01SUM1-LJ01B-09-PRESTB102,2,False,,,0,0,,1.0,,,,,,,,,,,,,,,,False
2021-04-24,RS01SUM1-LJ01B-09-PRESTB102,2,False,,,0,0,,1.0,,,,,,,,,,,,,,,,False
2021-04-25,RS01SUM1-LJ01B-09-PRESTB102,2,False,,,0,0,,1.0,,,,,,,,,,,,,,,,False
2021-04-26,RS01SUM1-LJ01B-09-PRESTB102,2,False,,,0,0,,1.0,,,,,,,,,,,,,,,,False
2021-04-27,RS01SUM1-LJ01B-09-PRESTB102,2,False,,,0,0,,1.0,,,,,,,,,,,,,,,,False
2021-04-28,RS01SUM1-LJ01B-09-PRESTB102,2,False,,,0,0,,1.0,,,,,,,,,,,,,,,,False
2021-04-29,RS01SUM1-LJ01B-09-PRESTB102,2,False,,,0,0,,1.0,,,,,,,,,,,,,,,,False
2021-04-30,RS01SUM1-LJ01B-09-PRESTB102,2,False,,,0,0,,1.0,,,,,,,,,,,,,,,,False
2021-05-01,RS01SUM1-LJ01B-09-PRESTB102,2,False,,,0,0,,1.0,,,,,,,,,,,,,,,,False
2021-05-02,RS01SUM1-LJ01B-09-PRESTB102,2,False,,,0,0,,1.0,,,,,,,,,,,,,,,,False
2021-05-03,RS01SUM1-LJ01B-09-PRESTB102,2,False,,,0,0,,1.0,,,,,,,,,,,,,,,,False
2021-05-04,RS01SUM1-LJ01B-09-PRESTB102,2,False,,,0,0,,1.0,,,,,,,,,,,,,,,,False
2021-05-05,RS01SUM1-LJ01B-09-PRESTB102,2,False,,,0,0,,1.0,,,,,,,,,,,,,,,,False
2021-05-06,RS01SUM1-LJ01B-09-PRESTB102,2,False,,,0,0,,1.0,,,,,,,,,,,,,,,,False
2021-05-07,RS01SUM1-LJ01B-09-PRESTB102,2,False,,,0,0,,1.0,,,,,,,,,,,,,,,,False
2021-05-08,RS01SUM1-LJ01B-09-PRESTB102,2,False,,,0,0,,1.0,,,,,,,,,,,,,,,,False
2021-05-09,RS01SUM1-LJ01B-09-PRESTB102,2,False,,,0,0,,1.0,,,,,,,,,,,,,,,,False
2021-05-10,RS01SUM1-LJ01B-09-PRESTB102,2,False,,,0,0,,1.0,,,,,,,,,,,,,,,,False
2021-05-11,RS01SUM1-LJ01B-09-PRESTB102,2,False,,,0,0,,1.0,,,,,,,,,,,,,,,,False
2021-05-12,RS01SUM1-LJ01B-09-PRESTB102,2,False,,,0,0,,1.0,,,,,,,,,,,,,,,,False
2021-05-13,RS01SUM1-LJ01B-09-PRESTB102,2,False,,,0,0,,1.0,,,,,,,,,,,,,,,,False
2021-05-14,RS01SUM1-LJ01B-09-PRESTB102,2,False,,,0,0,,1.0,,,,,,,,,,,,,,,,False
2021-05-15,RS01SUM1-LJ01B-09-PRESTB102,2,False,,,0,0,,1.0,,,,,,,,,,,,,,,,False
2021-05-16,RS01SUM1-LJ01B-09-PRESTB102,2,False,,,0,0,,1.0,,,,,,,,,,,,,,,,False
2021-05-17,RS01SUM1-LJ01B-09-PRESTB102,2,False,,,0,0,,1.0,,,,,,,,,,,,,,,,False
2021-05-18,RS01SUM1-LJ01B-09-PRESTB102,2,False,,,0,0,,1.0,,,,,,,,,,,,,,,,False
2021-05-19,RS01SUM1-LJ01B-09-PRESTB102,2,False,,,0,0,,1.0,,,,,,,,,,,,,,,,False
2021-05-20,RS01SUM1-LJ01B-09-PRESTB102,2,False,,,0,0,,1.0,,,,,,,,,,,,,,,,False
2021-05-21,RS01SUM1-LJ01B-09-PRESTB102,2,False,,,0,0,,1.0,,,,,,,,,,,,,,,,False
2021-05-22,RS01SUM1-LJ01B-09-PRESTB102,2,False,,,0,0,,1.0,,,,,,,,,,,,,,,,False
2021-05-23,RS01SUM1-LJ01B-09-PRESTB102,2,False,,,0,0,,1.0,,,,,,,,,,,,,,,,False
2021-05-24,RS01SUM1-LJ01B-09-PRESTB102,2,False,,,0,0,,1.0,,,,,,,,,,,,,,,,False
2021-05-25,RS01SUM1-LJ01B-09-PRESTB102,2,False,,,0,0,,1.0,,,,,,,,,,,,,,,,False
2021-05-26,RS01SUM1-LJ01B-09-PRESTB102,2,False,,,0,0,,1.0,,,,,,,,,,,,,,,,False
2021-05-27,RS01SUM1-LJ01B-09-PRESTB102,2,False,,,0,0,,1.0,,,,,,,,,,,,,,,,False
2021-05-28,RS01SUM1-LJ01B-09-PRESTB102,2,False,,,0,0,,1.0,,,,,,,,,,,,,,,,False
2021-05-29,RS01SUM1-LJ01B-09-PRESTB102,2,False,,,0,0,,1.0,,,,,,,,,,,,,,,,False
2021-05-30,RS01SUM1-LJ01B-09-PRESTB102,2,False,,,0,0,,1.0,,,,,,,,,,,,,,,,False
2021-05-31,RS01SUM1-LJ01B-09-PRESTB102,2,False,,,0,0,,1.0,,,,,,,,,,,,,,,,False
2021-06-01,RS01SUM1-LJ01B-09-PRESTB102,2,False,,,0,0,,1.0,,,,,,,,,,,,,,,,False
2021-06-02,RS01SUM1-LJ01B-09-PRESTB102,2,False,,,0,0,,1.0,,,,,,,,,,,,,,,,False
2021-06-03,RS01SUM1-LJ01B-09-PRESTB102,2,False,,,0,0,,1.0,,,,,,,,,,,,,,,,False
2021-06-04,RS01SUM1-LJ01B-09-PRESTB102,2,False,,,0,0,,1.0,,,,,,,,,,,,,,,,False
2021-06-05,RS01SUM1-LJ01B-09-PRESTB102,2,False,,,0,0,,1.0,,,,,,,,,,,,,,,,False
2021-06-06,RS01SUM1-LJ01B-09-PRESTB102,2,False,,,0,0,,1.0,,,,,,,,,,,,,,,,False
2021-06-07,RS01SUM1-LJ01B-09-PRESTB102,2,False,,,0,0,,1.0,,,,,,,,,,,,,,,,False
2021-06-08,RS01SUM1-LJ01B-09-PRESTB102,2,False,,,0,0,,1.0,,,,,,,,,,,,,,,,False
2021-06-09,RS01SUM1-LJ01B-09-PRESTB102,2,False,,,0,0,,1.0,,,,,,,,,,,,,,,,False
2021-06-10,RS01SUM1-LJ01B-09-PRESTB102,2,False,,,0,0,,1.0,,,,,,,,,,,,,,,,False
2021-06-11,RS01SUM1-LJ01B-09-PRESTB102,2,False,,,0,0,,1.0,,,,,,,,,,,,,,,,False
2021-06-12,RS01SUM1-LJ01B-09-PRESTB102,2,False,,,0,0,,1.0,,,,,,,,,,,,,,,,False
2021-06-13,RS01SUM1-LJ01B-09-PRESTB102,2,False,,,0,0,,1.0,,,,,,,,,,,,,,,,False
2021-06-14,RS01SUM1-LJ01B-09-PRESTB102,2,False,,,0,0,,1.0,,,,,,,,,,,,,,,,False
2021-06-15,RS01SUM1-LJ01B-09-PRESTB102,2,False,,,0,0,,1.0,,,,,,,,,,,,,,,,False
2021-06-16,RS01SUM1-LJ01B-09-PRESTB102,2,False,,,0,0,,1.0,,,,,,,,,,,,,,,,False
2021-06-17,RS01SUM1-LJ01B-09-PRESTB102,2,False,,,0,0,,1.0,,,,,,,,,,,,,,,,False
2021-06-18,RS01SUM1-LJ01B-09-PRESTB102,2,False,,,0,0,,1.0,,,,,,,,,,,,,,,,False
2021-06-19,RS01SUM1-LJ01B-09-PRESTB102,2,False,,,0,0,,1.0,,,,,,,,,,,,,,,,False
2021-06-20,RS01SUM1-LJ01B-09-PRESTB102,2,False,,,0,0,,1.0,,,,,,,,,,,,,,,,False
2021-06-21,RS01SUM1-LJ01B-09-PRESTB102,2,False,,,0,0,,1.0,,,,,,,,,,,,,,,,False
2021-06-22,RS01SUM1-LJ01B-09-PRESTB102,2,False,,,0,0,,1.0,,,,,,,,,,,,,,,,False
2021-06-23,RS01SUM1-LJ01B-09-PRESTB102,2,False,,,0,0,,1.0,,,,,,,,,,,,,,,,False
2021-06-24,RS01SUM1-LJ01B-09-PRESTB102,2,False,,,0,0,,1.0,,,,,,,,,,,,,,,,False
2021-06-25,RS01SUM1-LJ01B-09-PRESTB102,2,False,,,0,0,,1.0,,,,,,,,,,,,,,,,False
2021-06-26,RS01SUM1-LJ01B-09-PRESTB102,2,False,,,0,0,,1.0,,,,,,,,,,,,,,,,False
2021-06-27,RS01SUM1-LJ01B-09-PRESTB102,2,False,,,0,0,,1.0,,,,,,,,,,,,,,,,False
2021-06-28,RS01SUM1-LJ01B-09-PRESTB102,2,False,,,0,0,,1.0,,,,,,,,,,,,,,,,False
2021-06-29,RS01SUM1-LJ01B-09-PRESTB102,2,False,,,0,0,,1.0,,,,,,,,,,,,,,,,False
2021-06-30,RS01SUM1-LJ01B-09-PRESTB102,2,False,,,0,0,,1.0,,,,,,,,,,,,,,,,False
2021-07-01,RS01SUM1-LJ01B-09-PRESTB102,2,False,,,0,0,,1.0,,,,,,,,,,,,,,,,False
2021-07-02,RS01SUM1-LJ01B-09-PRESTB102,2,False,,,0,0,,1.0,,,,,,,,,,,,,,,,False
2021-07-03,RS01SUM1-LJ01B-09-PRESTB102,2,False,,,0,0,,1.0,,,,,,,,,,,,,,,,False
2021-07-04,RS01SUM1-LJ01B-09-PRESTB102,2,False,,,0,0,,1.0,,,,,,,,,,,,,,,,False
2021-07-05,RS01SUM1-LJ01B-09-PRESTB102,2,False,,,0,0,,1.0,,,,,,,,,,,,,,,,False
2021-07-06,RS01SUM1-LJ01B-09-PRESTB102,2,False,,,0,0,,1.0,,,,,,,,,,,,,,,,False
2021-07-07,RS01SUM1-LJ01B-09-PRESTB102,2,False,,,0,0,,1.0,,,,,,,,,,,,,,,,False
2021-07-08,RS01SUM1-LJ01B-09-PRESTB102,2,False,,,0,0,,1.0,,,,,,,,,,,,,,,,False
2021-07-09,RS01SUM1-LJ01B-09-PRESTB102,2,False,,,0,0,,1.0,,,,,,,,,,,,,,,,False
2021-07-10,RS01SUM1-LJ01B-09-PRESTB102,2,False,,,0,0,,1.0,,,,,,,,,,,,,,,,False
2021-07-11,RS01SUM1-LJ01B-09-PRESTB102,2,False,,,0,0,,1.0,,,,,,,,,,,,,,,,False
2021-07-12,RS01SUM1-LJ01B-09-PRESTB102,2,False,,,0,0,,1.0,,,,,,,,,,,,,,,,False
2021-07-13,RS01SUM1-LJ01B-09-PRESTB102,2,False,,,0,0,,1.0,,,,,,,,,,,,,,,,False
2021-07-14,RS01SUM1-LJ01B-09-PRESTB102,2,False,,,0,0,,1.0,,,,,,,,,,,,,,,,False
2021-07-15,RS01SUM1-LJ01B-09-PRESTB102,2,False,,,0,0,,1.0,,,,,,,,,,,,,,,,False
2021-07-16,RS01SUM1-LJ01B-09-PRESTB102,2,False,,,0,0,,1.0,,,,,,,,,,,,,,,,False
2021-07-17,RS01SUM1-LJ01B-09-PRESTB102,2,False,,,0,0,,1.0,,,,,,,,,,,,,,,,False
2021-07-18,RS01SUM1-LJ01B-09-PRESTB102,2,False,,,0,0,,1.0,,,,,,,,,,,,,,,,False
2021-07-19,RS01SUM1-LJ01B-09-PRESTB102,2,False,,,0,0,,1.0,,,,,,,,,,,,,,,,False
2021-07-20,RS01SUM1-LJ01B-09-PRESTB102,2,False,,,0,0,,1.0,,,,,,,,,,,,,,,,False
2021-07-21,RS01SUM1-LJ01B-09-PRESTB102,2,False,,,0,0,,1.0,,,,,,,,,,,,,,,,False
2021-07-22,RS01SUM1-LJ01B-09-PRESTB102,2,False,,,0,0,,1.0,,,,,,,,,,,,,,,,False
2021-07-23,RS01SUM1-LJ01B-09-PRESTB102,2,False,,,0,0,,1.0,,,,,,,,,,,,,,,,False
2021-07-24,RS01SUM1-LJ01B-09-PRESTB102,2,False,,,0,0,,1.0,,,,,,,,,,,,,,,,False
2021-07-25,RS01SUM1-LJ01B-09-PRESTB102,2,False,,,0,0,,1.0,,,,,,,,,,,,,,,,False
2021-07-26,RS01SUM1-LJ01B-09-PRESTB102,2,False,,,0,0,,1.0,,,,,,,,,,,,,,,,False
2021-07-27,RS01SUM1-LJ01B-09-PRESTB102,2,False,,,0,0,,1.0,,,,,,,,,,,,,,,,False
2021-07-28,RS01SUM1-LJ01B-09-PRESTB102,2,False,,,0,0,,1.0,,,,,,,,,,,,,,,,False
2021-07-29,RS01SUM1-LJ01B-09-PRESTB102,2,False,,,0,0,,1.0,,,,,,,,,,,,,,,,False
2021-07-30,RS01SUM1-LJ01B-09-PRESTB102,2,False,,,0,0,,1.0,,,,,,,,,,,,,,,,False
2021-07-31,RS01SUM1-LJ01B-09-PRESTB102,2,False,,,0,0,,1.0,,,,,,,,,,,,,,,,False
2021-08-01,RS01SUM1-LJ01B-09-PRESTB102,2,False,,,0,0,,1.0,,,,,,,,,,,,,,,,False
2021-08-02,RS01SUM1-LJ01B-09-PRESTB102,2,False,,,0,0,,1.0,,,,,,,,,,,,,,,,False
2021-08-03,RS01SUM1-LJ01B-09-PRESTB102,2,False,,,0,0,,1.0,,,,,,,,,,,,,,,,False
2021-08-04,RS01SUM1-LJ01B-09-PRESTB102,2,False,,,0,0,,1.0,,,,,,,,,,,,,,,,False
2021-08-05,RS01SUM1-LJ01B-09-PRESTB102,2,False,,,0,0,,1.0,,,,,,,,,,,,,,,,False
2021-08-06,RS01SUM1-LJ01B-09-PRESTB102,2,False,,,0,0,,1.0,,,,,,,,,,,,,,,,False
2021-08-07,RS01SUM1-LJ01B-09-PRESTB102,2,False,,,0,0,,1.0,,,,,,,,,,,,,,,,False
2021-08-08,RS01SUM1-LJ01B-09-PRESTB102,2,False,,,0,0,,1.0,,,,,,,,,,,,,,,,False
2021-08-09,RS01SUM1-LJ01B-09-PRESTB102,2,False,,,0,0,,1.0,,,,,,,,,,,,,,,,False
2021-08-10,RS01SUM1-LJ01B-09-PRESTB102,2,False,,,0,0,,1.0,,,,,,,,,,,,,,,,False
2021-08-11,RS01SUM1-LJ01B-09-PRESTB102,2,False,,,0,0,,1.0,,,,,,,,,,,,,,,,False
2021-08-12,RS01SUM1-LJ01B-09-PRESTB102,2,False,,,0,0,,1.0,,,,,,,,,,,,,,,,False
2021-08-13,RS01SUM1-LJ01B-09-PRESTB102,2,False,,,0,0,,1.0,,,,,,,,,,,,,,,,False
2021-08-14,RS01SUM1-LJ01B-09-PRESTB102,2,False,,,0,0,,1.0,,,,,,,,,,,,,,,,False
2021-08-15,RS01SUM1-LJ01B-09-PRESTB102,2,False,,,0,0,,1.0,,,,,,,,,,,,,,,,False
2021-08-16,RS01SUM1-LJ01B-09-PRESTB102,2,False,,,0,0,,1.0,,,,,,,,,,,,,,,,False
2021-08-17,RS01SUM1-LJ01B-09-PRESTB102,2,False,,,0,0,,1.0,,,,,,,,,,,,,,,,False
2021-08-18,RS01SUM1-LJ01B-09-PRESTB102,2,False,,,0,0,,1.0,,,,,,,,,,,,,,,,False
2021-08-19,RS01SUM1-LJ01B-09-PRESTB102,2,False,,,0,0,,1.0,,,,,,,,,,,,,,,,False
2021-08-20,RS01SUM1-LJ01B-09-PRESTB102,2,False,,,0,0,,1.0,,,,,,,,,,,,,,,,False
2021-08-21,RS01SUM1-LJ01B-09-PRESTB102,2,False,,,0,0,,1.0,,,,,,,,,,,,,,,,False
2021-08-22,RS01SUM1-LJ01B-09-PRESTB102,2,False,,,0,0,,1.0,,,,,,,,,,,,,,,,False
2021-08-23,RS01SUM1-LJ01B-09-PRESTB102,2,False,,,0,0,,1.0,,,,,,,,,,,,,,,,False
2021-08-24,RS01SUM1-LJ01B-09-PRESTB102,2,False,,,0,0,,1.0,,,,,,,,,,,,,,,,False
2021-08-25,RS01SUM1-LJ01B-09-PRESTB102,2,False,,,0,0,,1.0,,,,,,,,,,,,,,,,False
2021-08-26,RS01SUM1-LJ01B-09-PRESTB102,2,False,,,0,0,,1.0,,,,,,,,,,,,,,,,False
2021-08-27,RS01SUM1-LJ01B-09-PRESTB102,2,False,,,0,0,,1.0,,,,,,,,,,,,,,,,False
2021-08-28,RS01SUM1-LJ01B-09-PRESTB102,2,False,,,0,0,,1.0,,,,,,,,,,,,,,,,False
2021-08-29,RS01SUM1-LJ01B-09-PRESTB102,2,False,,,0,0,,1.0,,,,,,,,,,,,,,,,False
2021-08-30,RS01SUM1-LJ01B-09-PRESTB102,2,False,,,0,0,,1.0,,,,,,,,,,,,,,,,False
2021-08-31,RS01SUM1-LJ01B-09-PRESTB102,2,False,,,0,0,,1.0,,,,,,,,,,,,,,,,False
2021-09-01,RS01SUM1-LJ01B-09-PRESTB102,2,False,,,0,0,,1.0,,,,,,,,,,,,,,,,False
2021-09-02,RS01SUM1-LJ01B-09-PRESTB102,2,False,,,0,0,,1.0,,,,,,,,,,,,,,,,False
2021-09-03,RS01SUM1-LJ01B-09-PRESTB102,2,False,,,0,0,,1.0,,,,,,,,,,,,,,,,False
2021-09-04,RS01SUM1-LJ01B-09-PRESTB102,2,False,,,0,0,,1.0,,,,,,,,,,,,,,,,False
2021-09-05,RS01SUM1-LJ01B-09-PRESTB102,2,False,,,0,0,,1.0,,,,,,,,,,,,,,,,False
2021-09-06,RS01SUM1-LJ01B-09-PRESTB102,2,False,,,0,0,,1.0,,,,,,,,,,,,,,,,False
2021-09-07,RS01SUM1-LJ01B-09-PRESTB102,2,False,,,0,0,,1.0,,,,,,,,,,,,,,,,False
2021-09-08,RS01SUM1-LJ01B-09-PRESTB102,2,False,,,0,0,,1.0,,,,,,,,,,,,,,,,False
2021-09-09,RS01SUM1-LJ01B-09-PRESTB102,2,False,,,0,0,,1.0,,,,,,,,,,,,,,,,False
2021-09-10,RS01SUM1-LJ01B-09-PRESTB102,2,False,,,0,0,,1.0,,,,,,,,,,,,,,,,False
2021-09-11,RS01SUM1-LJ01B-09-PRESTB102,2,False,,,0,0,,1.0,,,,,,,,,,,,,,,,False
2021-09-12,RS01SUM1-LJ01B-09-PRESTB102,2,False,,,0,0,,1.0,,,,,,,,,,,,,,,,False
2021-09-13,RS01SUM1-LJ01B-09-PRESTB102,2,False,,,0,0,,1.0,,,,,,,,,,,,,,,,False
2021-09-14,RS01SUM1-LJ01B-09-PRESTB102,2,False,,,0,0,,1.0,,,,,,,,,,,,,,,,False
2021-09-15,RS01SUM1-LJ01B-09-PRESTB102,2,False,,,0,0,,1.0,,,,,,,,,,,,,,,,False
2021-09-16,RS01SUM1-LJ01B-09-PRESTB102,2,False,,,0,0,,1.0,,,,,,,,,,,,,,,,False
2021-09-17,RS01SUM1-LJ01B-09-PRESTB102,2,False,,,0,0,,1.0,,,,,,,,,,,,,,,,False
2021-09-18,RS01SUM1-LJ01B-09-PRESTB102,2,False,,,0,0,,1.0,,,,,,,,,,,,,,,,False
2021-09-19,RS01SUM1-LJ01B-09-PRESTB102,2,False,,,0,0,,1.0,,,,,,,,,,,,,,,,False
2021-09-20,RS01SUM1-LJ01B-09-PRESTB102,2,False,,,0,0,,1.0,,,,,,,,,,,,,,,,False
2021-09-21,RS01SUM1-LJ01B-09-PRESTB102,2,False,,,0,0,,1.0,,,,,,,,,,,,,,,,False
2021-09-22,RS01SUM1-LJ01B-09-PRESTB102,2,False,,,0,0,,1.0,,,,,,,,,,,,,,,,False
2021-09-23,RS01SUM1-LJ01B-09-PRESTB102,2,False,,,0,0,,1.0,,,,,,,,,,,,,,,,False
2021-09-24,RS01SUM1-LJ01B-09-PRESTB102,2,False,,,0,0,,1.0,,,,,,,,,,,,,,,,False
2021-09-25,RS01SUM1-LJ01B-09-PRESTB102,2,False,,,0,0,,1.0,,,,,,,,,,,,,,,,False
2021-09-26,RS01SUM1-LJ01B-09-PRESTB102,2,False,,,0,0,,1.0,,,,,,,,,,,,,,,,False
2021-09-27,RS01SUM1-LJ01B-09-PRESTB102,2,False,,,0,0,,1.0,,,,,,,,,,,,,,,,False
2021-09-28,RS01SUM1-LJ01B-09-PRESTB102,2,False,,,0,0,,1.0,,,,,,,,,,,,,,,,False
2021-09-29,RS01SUM1-LJ01B-09-PRESTB102,2,False,,,0,0,,1.0,,,,,,,,,,,,,,,,False
2021-09-30,RS01SUM1-LJ01B-09-PRESTB102,2,False,,,0,0,,1.0,,,,,,,,,,,,,,,,False
2021-10-01,RS01SUM1-LJ01B-09-PRESTB102,2,False,,,0,0,,1.0,,,,,,,,,,,,,,,,False
2021-10-02,RS01SUM1-LJ01B-09-PRESTB102,2,False,,,0,0,,1.0,,,,,,,,,,,,,,,,False
2021-10-03,RS01SUM1-LJ01B-09-PRESTB102,2,False,,,0,0,,1.0,,,,,,,,,,,,,,,,False
2021-10-04,RS01SUM1-LJ01B-09-PRESTB102,2,False,,,0,0,,1.0,,,,,,,,,,,,,,,,False
2021-10-05,RS01SUM1-LJ01B-09-PRESTB102,2,False,,,0,0,,1.0,,,,,,,,,,,,,,,,False
2021-10-06,RS01SUM1-LJ01B-09-PRESTB102,2,False,,,0,0,,1.0,,,,,,,,,,,,,,,,False
2021-10-07,RS01SUM1-LJ01B-09-PRESTB102,2,False,,,0,0,,1.0,,,,,,,,,,,,,,,,False
2021-10-08,RS01SUM1-LJ01B-09-PRESTB102,2,False,,,0,0,,1.0,,,,,,,,,,,,,,,,False
2021-10-09,RS01SUM1-LJ01B-09-PRESTB102,2,False,,,0,0,,1.0,,,,,,,,,,,,,,,,False
2021-10-10,RS01SUM1-LJ01B-09-PRESTB102,2,False,,,0,0,,1.0,,,,,,,,,,,,,,,,False
2021-10-11,RS01SUM1-LJ01B-09-PRESTB102,2,False,,,0,0,,1.0,,,,,,,,,,,,,,,,False
2021-10-12,RS01SUM1-LJ01B-09-PRESTB102,2,False,,,0,0,,1.0,,,,,,,,,,,,,,,,False
2021-10-13,RS01SUM1-LJ01B-09-PRESTB102,2,False,,,0,0,,1.0,,,,,,,,,,,,,,,,False
2021-10-14,RS01SUM1-LJ01B-09-PRESTB102,2,False,,,0,0,,1.0,,,,,,,,,,,,,,,,False
2021-10-15,RS01SUM1-LJ01B-09-PRESTB102,2,False,,,0,0,,1.0,,,,,,,,,,,,,,,,False
2021-10-16,RS01SUM1-LJ01B-09-PRESTB102,2,False,,,0,0,,1.0,,,,,,,,,,,,,,,,False
2021-10-17,RS01SUM1-LJ01B-09-PRESTB102,2,False,,,0,0,,1.0,,,,,,,,,,,,,,,,False
2021-10-18,RS01SUM1-LJ01B-09-PRESTB102,2,False,,,0,0,,1.0,,,,,,,,,,,,,,,,False
2021-10-19,RS01SUM1-LJ01B-09-PRESTB102,2,False,,,0,0,,1.0,,,,,,,,,,,,,,,,False
2021-10-20,RS01SUM1-LJ01B-09-PRESTB102,2,False,,,0,0,,1.0,,,,,,,,,,,,,,,,False
2021-10-21,RS01SUM1-LJ01B-09-PRESTB102,2,False,,,0,0,,1.0,,,,,,,,,,,,,,,,False
2021-10-22,RS01SUM1-LJ01B-09-PRESTB102,2,False,,,0,0,,1.0,,,,,,,,,,,,,,,,False
2021-10-23,RS01SUM1-LJ01B-09-PRESTB102,2,False,,,0,0,,1.0,,,,,,,,,,,,,,,,False
2021-10-24,RS01SUM1-LJ01B-09-PRESTB102,2,False,,,0,0,,1.0,,,,,,,,,,,,,,,,False
2021-10-25,RS01SUM1-LJ01B-09-PRESTB102,2,False,,,0,0,,1.0,,,,,,,,,,,,,,,,False
2021-10-26,RS01SUM1-LJ01B-09-PRESTB102,2,False,,,0,0,,1.0,,,,,,,,,,,,,,,,False
2021-10-27,RS01SUM1-LJ01B-09-PRESTB102,2,False,,,0,0,,1.0,,,,,,,,,,,,,,,,False
2021-10-28,RS01SUM1-LJ01B-09-PRESTB102,2,False,,,0,0,,1.0,,,,,,,,,,,,,,,,False
2021-10-29,RS01SUM1-LJ01B-09-PRESTB102,2,False,,,0,0,,1.0,,,,,,,,,,,,,,,,False
2021-10-30,RS01SUM1-LJ01B-09-PRESTB102,2,False,,,0,0,,1.0,,,,,,,,,,,,,,,,False
2021-10-31,RS01SUM1-LJ01B-09-PRESTB102,2,False,,,0,0,,1.0,,,,,,,,,,,,,,,,False
2021-11-01,RS01SUM1-LJ01B-09-PRESTB102,2,False,,,0,0,,1.0,,,,,,,,,,,,,,,,False
2021-11-02,RS01SUM1-LJ01B-09-PRESTB102,2,False,,,0,0,,1.0,,,,,,,,,,,,,,,,False
2021-11-03,RS01SUM1-LJ01B-09-PRESTB102,2,False,,,0,0,,1.0,,,,,,,,,,,,,,,,False
2021-11-04,RS01SUM1-LJ01B-09-PRESTB102,2,False,,,0,0,,1.0,,,,,,,,,,,,,,,,False
2021-11-05,RS01SUM1-LJ01B-09-PRESTB102,2,False,,,0,0,,1.0,,,,,,,,,,,,,,,,False
2021-11-06,RS01SUM1-LJ01B-09-PRESTB102,2,False,,,0,0,,1.0,,,,,,,,,,,,,,,,False
2021-11-07,RS01SUM1-LJ01B-09-PRESTB102,2,False,,,0,0,,1.0,,,,,,,,,,,,,,,,False
2021-11-08,RS01SUM1-LJ01B-09-PRESTB102,2,False,,,0,0,,1.0,,,,,,,,,,,,,,,,False
2021-11-09,RS01SUM1-LJ01B-09-PRESTB102,2,False,,,0,0,,1.0,,,,,,,,,,,,,,,,False
2021-11-10,RS01SUM1-LJ01B-09-PRESTB102,2,False,,,0,0,,1.0,,,,,,,,,,,,,,,,False
2021-11-11,RS01SUM1-LJ01B-09-PRESTB102,2,False,,,0,0,,1.0,,,,,,,,,,,,,,,,False
2021-11-12,RS01SUM1-LJ01B-09-PRESTB102,2,False,,,0,0,,1.0,,,,,,,,,,,,,,,,False
2021-11-13,RS01SUM1-LJ01B-09-PRESTB102,2,False,,,0,0,,1.0,,,,,,,,,,,,,,,,False
2021-11-14,RS01SUM1-LJ01B-09-PRESTB102,2,False,,,0,0,,1.0,,,,,,,,,,,,,,,,False
2021-11-15,RS01SUM1-LJ01B-09-PRESTB102,2,False,,,0,0,,1.0,,,,,,,,,,,,,,,,False
2021-11-16,RS01SUM1-LJ01B-09-PRESTB102,2,False,,,0,0,,1.0,,,,,,,,,,,,,,,,False
2021-11-17,RS01SUM1-LJ01B-09-PRESTB102,2,False,,,0,0,,1.0,,,,,,,,,,,,,,,,False
2021-11-18,RS01SUM1-LJ01B-09-PRESTB102,2,False,,,0,0,,1.0,,,,,,,,,,,,,,,,False
2021-11-19,RS01SUM1-LJ01B-09-PRESTB102,2,False,,,0,0,,1.0,,,,,,,,,,,,,,,,False
2021-11-20,RS01SUM1-LJ01B-09-PRESTB102,2,False,,,0,0,,1.0,,,,,,,,,,,,,,,,False
2021-11-21,RS01SUM1-LJ01B-09-PRESTB102,2,False,,,0,0,,1.0,,,,,,,,,,,,,,,,False
2021-11-22,RS01SUM1-LJ01B-09-PRESTB102,2,False,,,0,0,,1.0,,,,,,,,,,,,,,,,False
2021-11-23,RS01SUM1-LJ01B-09-PRESTB102,2,False,,,0,0,,1.0,,,,,,,,,,,,,,,,False
2021-11-24,RS01SUM1-LJ01B-09-PRESTB102,2,False,,,0,0,,1.0,,,,,,,,,,,,,,,,False
2021-11-25,RS01SUM1-LJ01B-09-PRESTB102,2,False,,,0,0,,1.0,,,,,,,,,,,,,,,,False
2021-11-26,RS01SUM1-LJ01B-09-PRESTB102,2,False,,,0,0,,1.0,,,,,,,,,,,,,,,,False
2021-11-27,RS01SUM1-LJ01B-09-PRESTB102,2,False,,,0,0,,1.0,,,,,,,,,,,,,,,,False
2021-11-28,RS01SUM1-LJ01B-09-PRESTB102,2,False,,,0,0,,1.0,,,,,,,,,,,,,,,,False
2021-11-29,RS01SUM1-LJ01B-09-PRESTB102,2,False,,,0,0,,1.0,,,,,,,,,,,,,,,,False
2021-11-30,RS01SUM1-LJ01B-09-PRESTB102,2,False,,,0,0,,1.0,,,,,,,,,,,,,,,,False
2021-12-01,RS01SUM1-LJ01B-09-PRESTB102,2,False,,,0,0,,1.0,,,,,,,,,,,,,,,,False
2021-12-02,RS01SUM1-LJ01B-09-PRESTB102,2,False,,,0,0,,1.0,,,,,,,,,,,,,,,,False
2021-12-03,RS01SUM1-LJ01B-09-PRESTB102,2,False,,,0,0,,1.0,,,,,,,,,,,,,,,,False
2021-12-04,RS01SUM1-LJ01B-09-PRESTB102,2,False,,,0,0,,1.0,,,,,,,,,,,,,,,,False
2021-12-05,RS01SUM1-LJ01B-09-PRESTB102,2,False,,,0,0,,1.0,,,,,,,,,,,,,,,,False
2021-12-06,RS01SUM1-LJ01B-09-PRESTB102,2,False,,,0,0,,1.0,,,,,,,,,,,,,,,,False
2021-12-07,RS01SUM1-LJ01B-09-PRESTB102,2,False,,,0,0,,1.0,,,,,,,,,,,,,,,,False
2021-12-08,RS01SUM1-LJ01B-09-PRESTB102,2,False,,,0,0,,1.0,,,,,,,,,,,,,,,,False
2021-12-09,RS01SUM1-LJ01B-09-PRESTB102,2,False,,,0,0,,1.0,,,,,,,,,,,,,,,,False
2021-12-10,RS01SUM1-LJ01B-09-PRESTB102,2,False,,,0,0,,1.0,,,,,,,,,,,,,,,,False
2021-12-11,RS01SUM1-LJ01B-09-PRESTB102,2,False,,,0,0,,1.0,,,,,,,,,,,,,,,,False
2021-12-12,RS01SUM1-LJ01B-09-PRESTB102,2,False,,,0,0,,1.0,,,,,,,,,,,,,,,,False
2021-12-13,RS01SUM1-LJ01B-09-PRESTB102,2,False,,,0,0,,1.0,,,,,,,,,,,,,,,,False
2021-12-14,RS01SUM1-LJ01B-09-PRESTB102,2,False,,,0,0,,1.0,,,,,,,,,,,,,,,,False
2021-12-15,RS01SUM1-LJ01B-09-PRESTB102,2,False,,,0,0,,1.0,,,,,,,,,,,,,,,,False
2021-12-16,RS01SUM1-LJ01B-09-PRESTB102,2,False,,,0,0,,1.0,,,,,,,,,,,,,,,,False
2021-12-17,RS01SUM1-LJ01B-09-PRESTB102,2,False,,,0,0,,1.0,,,,,,,,,,,,,,,,False
2021-12-18,RS01SUM1-LJ01B-09-PRESTB102,2,False,,,0,0,,1.0,,,,,,,,,,,,,,,,False
2021-12-19,RS01SUM1-LJ01B-09-PRESTB102,2,False,,,0,0,,1.0,,,,,,,,,,,,,,,,False
2021-12-20,RS01SUM1-LJ01B-09-PRESTB102,2,False,,,0,0,,1.0,,,,,,,,,,,,,,,,False
2021-12-21,RS01SUM1-LJ01B-09-PRESTB102,2,False,,,0,0,,1.0,,,,,,,,,,,,,,,,False
2021-12-22,RS01SUM1-LJ01B-09-PRESTB102,2,False,,,0,0,,1.0,,,,,,,,,,,,,,,,False
2021-12-23,RS01SUM1-LJ01B-09-PRESTB102,2,False,,,0,0,,1.0,,,,,,,,,,,,,,,,False
2021-12-24,RS01SUM1-LJ01B-09-PRESTB102,2,False,,,0,0,,1.0,,,,,,,,,,,,,,,,False
2021-12-25,RS01SUM1-LJ01B-09-PRESTB102,2,False,,,0,0,,1.0,,,,,,,,,,,,,,,,False
2021-12-26,RS01SUM1-LJ01B-09-PRESTB102,2,False,,,0,0,,1.0,,,,,,,,,,,,,,,,False
2021-12-27,RS01SUM1-LJ01B-09-PRESTB102,2,False,,,0,0,,1.0,,,,,,,,,,,,,,,,False
2021-12-28,RS01SUM1-LJ01B-09-PRESTB102,2,False,,,0,0,,1.0,,,,,,,,,,,,,,,,False
2021-12-29,RS01SUM1-LJ01B-09-PRESTB102,2,False,,,0,0,,1.0,,,,,,,,,,,,,,,,False
2021-12-30,RS01SUM1-LJ01B-09-PRESTB102,2,False,,,0,0,,1.0,,,,,,,,,,,,,,,,False
2021-12-31,RS01SUM1-LJ01B-09-PRESTB102,2,False,,,0,0,,1.0,,,,,,,,,,,,,,,,False
2022-01-01,RS01SUM1-LJ01B-09-PRESTB102,2,False,,,0,0,,1.0,,,,,,,,,,,,,,,,False
2022-01-02,RS01SUM1-LJ01B-09-PRESTB102,2,False,,,0,0,,1.0,,,,,,,,,,,,,,,,False
2022-01-03,RS01SUM1-LJ01B-09-PRESTB102,2,False,,,0,0,,1.0,,,,,,,,,,,,,,,,False
2022-01-04,RS01SUM1-LJ01B-09-PRESTB102,2,False,,,0,0,,1.0,,,,,,,,,,,,,,,,False
2022-01-05,RS01SUM1-LJ01B-09-PRESTB102,2,False,,,0,0,,1.0,,,,,,,,,,,,,,,,False
2022-01-06,RS01SUM1-LJ01B-09-PRESTB102,2,False,,,0,0,,1.0,,,,,,,,,,,,,,,,False
2022-01-07,RS01SUM1-LJ01B-09-PRESTB102,2,False,,,0,0,,1.0,,,,,,,,,,,,,,,,False
2022-01-08,RS01SUM1-LJ01B-09-PRESTB102,2,False,,,0,0,,1.0,,,,,,,,,,,,,,,,False
2022-01-09,RS01SUM1-LJ01B-09-PRESTB102,2,False,,,0,0,,1.0,,,,,,,,,,,,,,,,False
2022-01-10,RS01SUM1-LJ01B-09-PRESTB102,2,False,,,0,0,,1.0,,,,,,,,,,,,,,,,False
2022-01-11,RS01SUM1-LJ01B-09-PRESTB102,2,False,,,0,0,,1.0,,,,,,,,,,,,,,,,False
2022-01-12,RS01SUM1-LJ01B-09-PRESTB102,2,False,,,0,0,,1.0,,,,,,,,,,,,,,,,False
2022-01-13,RS01SUM1-LJ01B-09-PRESTB102,2,False,,,0,0,,1.0,,,,,,,,,,,,,,,,False
2022-01-14,RS01SUM1-LJ01B-09-PRESTB102,2,False,,,0,0,,1.0,,,,,,,,,,,,,,,,False
2022-01-15,RS01SUM1-LJ01B-09-PRESTB102,2,False,,,0,0,,1.0,,,,,,,,,,,,,,,,False
2022-01-16,RS01SUM1-LJ01B-09-PRESTB102,2,False,,,0,0,,1.0,,,,,,,,,,,,,,,,False
2022-01-17,RS01SUM1-LJ01B-09-PRESTB102,2,False,,,0,0,,1.0,,,,,,,,,,,,,,,,False
2022-01-18,RS01SUM1-LJ01B-09-PRESTB102,2,False,,,0,0,,1.0,,,,,,,,,,,,,,,,False
2022-01-19,RS01SUM1-LJ01B-09-PRESTB102,2,False,,,0,0,,1.0,,,,,,,,,,,,,,,,False
2022-01-20,RS01SUM1-LJ01B-09-PRESTB102,2,False,,,0,0,,1.0,,,,,,,,,,,,,,,,False
2022-01-21,RS01SUM1-LJ01B-09-PRESTB102,2,False,,,0,0,,1.0,,,,,,,,,,,,,,,,False
2022-01-22,RS01SUM1-LJ01B-09-PRESTB102,2,False,,,0,0,,1.0,,,,,,,,,,,,,,,,False
2022-01-23,RS01SUM1-LJ01B-09-PRESTB102,2,False,,,0,0,,1.0,,,,,,,,,,,,,,,,False
2022-01-24,RS01SUM1-LJ01B-09-PRESTB102,2,False,,,0,0,,1.0,,,,,,,,,,,,,,,,False
2022-01-25,RS01SUM1-LJ01B-09-PRESTB102,2,False,,,0,0,,1.0,,,,,,,,,,,,,,,,False
2022-01-26,RS01SUM1-LJ01B-09-PRESTB102,2,False,,,0,0,,1.0,,,,,,,,,,,,,,,,False
2022-01-27,RS01SUM1-LJ01B-09-PRESTB102,2,False,,,0,0,,1.0,,,,,,,,,,,,,,,,False
2022-01-28,RS01SUM1-LJ01B-09-PRESTB102,2,False,,,0,0,,1.0,,,,,,,,,,,,,,,,False
2022-01-29,RS01SUM1-LJ01B-09-PRESTB102,2,False,,,0,0,,1.0,,,,,,,,,,,,,,,,False
2022-01-30,RS01SUM1-LJ01B-09-PRESTB102,2,False,,,0,0,,1.0,,,,,,,,,,,,,,,,False
2022-01-31,RS01SUM1-LJ01B-09-PRESTB102,2,False,,,0,0,,1.0,,,,,,,,,,,,,,,,False
2022-02-01,RS01SUM1-LJ01B-09-PRESTB102,2,False,,,0,0,,1.0,,,,,,,,,,,,,,,,False
2022-02-02,RS01SUM1-LJ01B-09-PRESTB102,2,False,,,0,0,,1.0,,,,,,,,,,,,,,,,False
2022-02-03,RS01SUM1-LJ01B-09-PRESTB102,2,False,,,0,0,,1.0,,,,,,,,,,,,,,,,False
2022-02-04,RS01SUM1-LJ01B-09-PRESTB102,2,False,,,0,0,,1.0,,,,,,,,,,,,,,,,False
2022-02-05,RS01SUM1-LJ01B-09-PRESTB102,2,False,,,0,0,,1.0,,,,,,,,,,,,,,,,False
2022-02-06,RS01SUM1-LJ01B-09-PRESTB102,2,False,,,0,0,,1.0,,,,,,,,,,,,,,,,False
2022-02-07,RS01SUM1-LJ01B-09-PRESTB102,2,False,,,0,0,,1.0,,,,,,,,,,,,,,,,False
2022-02-08,RS01SUM1-LJ01B-09-PRESTB102,2,False,,,0,0,,1.0,,,,,,,,,,,,,,,,False
2022-02-09,RS01SUM1-LJ01B-09-PRESTB102,2,False,,,0,0,,1.0,,,,,,,,,,,,,,,,False
2022-02-10,RS01SUM1-LJ01B-09-PRESTB102,2,False,,,0,0,,1.0,,,,,,,,,,,,,,,,False
2022-02-11,RS01SUM1-LJ01B-09-PRESTB102,2,False,,,0,0,,1.0,,,,,,,,,,,,,,,,False
2022-02-12,RS01SUM1-LJ01B-09-PRESTB102,2,False,,,0,0,,1.0,,,,,,,,,,,,,,,,False
2022-02-13,RS01SUM1-LJ01B-09-PRESTB102,2,False,,,0,0,,1.0,,,,,,,,,,,,,,,,False
2022-02-14,RS01SUM1-LJ01B-09-PRESTB102,2,False,,,0,0,,1.0,,,,,,,,,,,,,,,,False
2022-02-15,RS01SUM1-LJ01B-09-PRESTB102,2,False,,,0,0,,1.0,,,,,,,,,,,,,,,,False
2022-02-16,RS01SUM1-LJ01B-09-PRESTB102,2,False,,,0,0,,1.0,,,,,,,,,,,,,,,,False
2022-02-17,RS01SUM1-LJ01B-09-PRESTB102,2,False,,,0,0,,1.0,,,,,,,,,,,,,,,,False
2022-02-18,RS01SUM1-LJ01B-09-PRESTB102,2,False,,,0,0,,1.0,,,,,,,,,,,,,,,,False
2022-02-19,RS01SUM1-LJ01B-09-PRESTB102,2,False,,,0,0,,1.0,,,,,,,,,,,,,,,,False
2022-02-20,RS01SUM1-LJ01B-09-PRESTB102,2,False,,,0,0,,1.0,,,,,,,,,,,,,,,,False
2022-02-21,RS01SUM1-LJ01B-09-PRESTB102,2,False,,,0,0,,1.0,,,,,,,,,,,,,,,,False
2022-02-22,RS01SUM1-LJ01B-09-PRESTB102,2,False,,,0,0,,1.0,,,,,,,,,,,,,,,,False
2022-02-23,RS01SUM1-LJ01B-09-PRESTB102,2,False,,,0,0,,1.0,,,,,,,,,,,,,,,,False
2022-02-24,RS01SUM1-LJ01B-09-PRESTB102,2,False,,,0,0,,1.0,,,,,,,,,,,,,,,,False
2022-02-25,RS01SUM1-LJ01B-09-PRESTB102,2,False,,,0,0,,1.0,,,,,,,,,,,,,,,,False
2022-02-26,RS01SUM1-LJ01B-09-PRESTB102,2,False,,,0,0,,1.0,,,,,,,,,,,,,,,,False
2022-02-27,RS01SUM1-LJ01B-09-PRESTB102,2,False,,,0,0,,1.0,,,,,,,,,,,,,,,,False
2022-02-28,RS01SUM1-LJ01B-09-PRESTB102,2,False,,,0,0,,1.0,,,,,,,,,,,,,,,,False
2022-03-01,RS01SUM1-LJ01B-09-PRESTB102,2,False,,,0,0,,1.0,,,,,,,,,,,,,,,,False
2022-03-02,RS01SUM1-LJ01B-09-PRESTB102,2,False,,,0,0,,1.0,,,,,,,,,,,,,,,,False
2022-03-03,RS01SUM1-LJ01B-09-PRESTB102,2,False,,,0,0,,1.0,,,,,,,,,,,,,,,,False
2022-03-04,RS01SUM1-LJ01B-09-PRESTB102,2,False,,,0,0,,1.0,,,,,,,,,,,,,,,,False
2022-03-05,RS01SUM1-LJ01B-09-PRESTB102,2,False,,,0,0,,1.0,,,,,,,,,,,,,,,,False
2022-03-06,RS01SUM1-LJ01B-09-PRESTB102,2,False,,,0,0,,1.0,,,,,,,,,,,,,,,,False
2022-03-07,RS01SUM1-LJ01B-09-PRESTB102,2,False,,,0,0,,1.0,,,,,,,,,,,,,,,,False
2022-03-08,RS01SUM1-LJ01B-09-PRESTB102,2,False,,,0,0,,1.0,,,,,,,,,,,,,,,,False
2022-03-09,RS01SUM1-LJ01B-09-PRESTB102,2,False,,,0,0,,1.0,,,,,,,,,,,,,,,,False
2022-03-10,RS01SUM1-LJ01B-09-PRESTB102,2,False,,,0,0,,1.0,,,,,,,,,,,,,,,,False
2022-03-11,RS01SUM1-LJ01B-09-PRESTB102,2,False,,,0,0,,1.0,,,,,,,,,,,,,,,,False
2022-03-12,RS01SUM1-LJ01B-09-PRESTB102,2,False,,,0,0,,1.0,,,,,,,,,,,,,,,,False
2022-03-13,RS01SUM1-LJ01B-09-PRESTB102,2,False,,,0,0,,1.0,,,,,,,,,,,,,,,,False
2022-03-14,RS01SUM1-LJ01B-09-PRESTB102,2,False,,,0,0,,1.0,,,,,,,,,,,,,,,,False
2022-03-15,RS01SUM1-LJ01B-09-PRESTB102,2,False,,,0,0,,1.0,,,,,,,,,,,,,,,,False
2022-03-16,RS01SUM1-LJ01B-09-PRESTB102,2,False,,,0,0,,1.0,,,,,,,,,,,,,,,,False
2022-03-17,RS01SUM1-LJ01B-09-PRESTB102,2,False,,,0,0,,1.0,,,,,,,,,,,,,,,,False
2022-03-18,RS01SUM1-LJ01B-09-PRESTB102,2,False,,,0,0,,1.0,,,,,,,,,,,,,,,,False
2022-03-19,RS01SUM1-LJ01B-09-PRESTB102,2,False,,,0,0,,1.0,,,,,,,,,,,,,,,,False
2022-03-20,RS01SUM1-LJ01B-09-PRESTB102,2,False,,,0,0,,1.0,,,,,,,,,,,,,,,,False
2022-03-21,RS01SUM1-LJ01B-09-PRESTB102,2,False,,,0,0,,1.0,,,,,,,,,,,,,,,,False
2022-03-22,RS01SUM1-LJ01B-09-PRESTB102,2,False,,,0,0,,1.0,,,,,,,,,,,,,,,,False
2022-03-23,RS01SUM1-LJ01B-09-PRESTB102,2,False,,,0,0,,1.0,,,,,,,,,,,,,,,,False
2022-03-24,RS01SUM1-LJ01B-09-PRESTB102,2,False,,,0,0,,1.0,,,,,,,,,,,,,,,,False
2022-03-25,RS01SUM1-LJ01B-09-PRESTB102,2,False,,,0,0,,1.0,,,,,,,,,,,,,,,,False
2022-03-26,RS01SUM1-LJ01B-09-PRESTB102,2,False,,,0,0,,1.0,,,,,,,,,,,,,,,,False
2022-03-27,RS01SUM1-LJ01B-09-PRESTB102,2,False,,,0,0,,1.0,,,,,,,,,,,,,,,,False
2022-03-28,RS01SUM1-LJ01B-09-PRESTB102,2,False,,,0,0,,1.0,,,,,,,,,,,,,,,,False
2022-03-29,RS01SUM1-LJ01B-09-PRESTB102,2,False,,,0,0,,1.0,,,,,,,,,,,,,,,,False
2022-03-30,RS01SUM1-LJ01B-09-PRESTB102,2,False,,,0,0,,1.0,,,,,,,,,,,,,,,,False
2022-03-31,RS01SUM1-LJ01B-09-PRESTB102,2,False,,,0,0,,1.0,,,,,,,,,,,,,,,,False
2022-04-01,RS01SUM1-LJ01B-09-PRESTB102,2,False,,,0,0,,1.0,,,,,,,,,,,,,,,,False
2022-04-02,RS01SUM1-LJ01B-09-PRESTB102,2,False,,,0,0,,1.0,,,,,,,,,,,,,,,,False
2022-04-03,RS01SUM1-LJ01B-09-PRESTB102,2,False,,,0,0,,1.0,,,,,,,,,,,,,,,,False
2022-04-04,RS01SUM1-LJ01B-09-PRESTB102,2,False,,,0,0,,1.0,,,,,,,,,,,,,,,,False
2022-04-05,RS01SUM1-LJ01B-09-PRESTB102,2,False,,,0,0,,1.0,,,,,,,,,,,,,,,,False
2022-04-06,RS01SUM1-LJ01B-09-PRESTB102,2,False,,,0,0,,1.0,,,,,,,,,,,,,,,,False
2022-04-07,RS01SUM1-LJ01B-09-PRESTB102,2,False,,,0,0,,1.0,,,,,,,,,,,,,,,,False
2022-04-08,RS01SUM1-LJ01B-09-PRESTB102,2,False,,,0,0,,1.0,,,,,,,,,,,,,,,,False
2022-04-09,RS01SUM1-LJ01B-09-PRESTB102,2,False,,,0,0,,1.0,,,,,,,,,,,,,,,,False
2022-04-10,RS01SUM1-LJ01B-09-PRESTB102,2,False,,,0,0,,1.0,,,,,,,,,,,,,,,,False
2022-04-11,RS01SUM1-LJ01B-09-PRESTB102,2,False,,,0,0,,1.0,,,,,,,,,,,,,,,,False
2022-04-12,RS01SUM1-LJ01B-09-PRESTB102,2,False,,,0,0,,1.0,,,,,,,,,,,,,,,,False
2022-04-13,RS01SUM1-LJ01B-09-PRESTB102,2,False,,,0,0,,1.0,,,,,,,,,,,,,,,,False
2022-04-14,RS01SUM1-LJ01B-09-PRESTB102,2,False,,,0,0,,1.0,,,,,,,,,,,,,,,,False
2022-04-15,RS01SUM1-LJ01B-09-PRESTB102,2,False,,,0,0,,1.0,,,,,,,,,,,,,,,,False
2022-04-16,RS01SUM1-LJ01B-09-PRESTB102,2,False,,,0,0,,1.0,,,,,,,,,,,,,,,,False
2022-04-17,RS01SUM1-LJ01B-09-PRESTB102,2,False,,,0,0,,1.0,,,,,,,,,,,,,,,,False
2022-04-18,RS01SUM1-LJ01B-09-PRESTB102,2,False,,,0,0,,1.0,,,,,,,,,,,,,,,,False
2022-04-19,RS01SUM1-LJ01B-09-PRESTB102,2,False,,,0,0,,1.0,,,,,,,,,,,,,,,,False
2022-04-20,RS01SUM1-LJ01B-09-PRESTB102,2,False,,,0,0,,1.0,,,,,,,,,,,,,,,,False
2022-04-21,RS01SUM1-LJ01B-09-PRESTB102,2,False,,,0,0,,1.0,,,,,,,,,,,,,,,,False
2022-04-22,RS01SUM1-LJ01B-09-PRESTB102,2,False,,,0,0,,1.0,,,,,,,,,,,,,,,,False
2022-04-23,RS01SUM1-LJ01B-09-PRESTB102,2,False,,,0,0,,1.0,,,,,,,,,,,,,,,,False
2022-04-24,RS01SUM1-LJ01B-09-PRESTB102,2,False,,,0,0,,1.0,,,,,,,,,,,,,,,,False
2022-04-25,RS01SUM1-LJ01B-09-PRESTB102,2,False,,,0,0,,1.0,,,,,,,,,,,,,,,,False
2022-04-26,RS01SUM1-LJ01B-09-PRESTB102,2,False,,,0,0,,1.0,,,,,,,,,,,,,,,,False
2022-04-27,RS01SUM1-LJ01B-09-PRESTB102,2,False,,,0,0,,1.0,,,,,,,,,,,,,,,,False
2022-04-28,RS01SUM1-LJ01B-09-PRESTB102,2,False,,,0,0,,1.0,,,,,,,,,,,,,,,,False
2022-04-29,RS01SUM1-LJ01B-09-PRESTB102,2,False,,,0,0,,1.0,,,,,,,,,,,,,,,,False
2022-04-30,RS01SUM1-LJ01B-09-PRESTB102,2,False,,,0,0,,1.0,,,,,,,,,,,,,,,,False
2022-05-01,RS01SUM1-LJ01B-09-PRESTB102,2,False,,,0,0,,1.0,,,,,,,,,,,,,,,,False
2022-05-02,RS01SUM1-LJ01B-09-PRESTB102,2,False,,,0,0,,1.0,,,,,,,,,,,,,,,,False
2022-05-03,RS01SUM1-LJ01B-09-PRESTB102,2,False,,,0,0,,1.0,,,,,,,,,,,,,,,,False
2022-05-04,RS01SUM1-LJ01B-09-PRESTB102,2,False,,,0,0,,1.0,,,,,,,,,,,,,,,,False
2022-05-05,RS01SUM1-LJ01B-09-PRESTB102,2,False,,,0,0,,1.0,,,,,,,,,,,,,,,,False
2022-05-06,RS01SUM1-LJ01B-09-PRESTB102,2,False,,,0,0,,1.0,,,,,,,,,,,,,,,,False
2022-05-07,RS01SUM1-LJ01B-09-PRESTB102,2,False,,,0,0,,1.0,,,,,,,,,,,,,,,,False
2022-05-08,RS01SUM1-LJ01B-09-PRESTB102,2,False,,,0,0,,1.0,,,,,,,,,,,,,,,,False
2022-05-09,RS01SUM1-LJ01B-09-PRESTB102,2,False,,,0,0,,1.0,,,,,,,,,,,,,,,,False
2022-05-10,RS01SUM1-LJ01B-09-PRESTB102,2,False,,,0,0,,1.0,,,,,,,,,,,,,,,,False
2022-05-11,RS01SUM1-LJ01B-09-PRESTB102,2,False,,,0,0,,1.0,,,,,,,,,,,,,,,,False
2022-05-12,RS01SUM1-LJ01B-09-PRESTB102,2,False,,,0,0,,1.0,,,,,,,,,,,,,,,,False
2022-05-13,RS01SUM1-LJ01B-09-PRESTB102,2,False,,,0,0,,1.0,,,,,,,,,,,,,,,,False
2022-05-14,RS01SUM1-LJ01B-09-PRESTB102,2,False,,,0,0,,1.0,,,,,,,,,,,,,,,,False
2022-05-15,RS01SUM1-LJ01B-09-PRESTB102,2,False,,,0,0,,1.0,,,,,,,,,,,,,,,,False
2022-05-16,RS01SUM1-LJ01B-09-PRESTB102,2,False,,,0,0,,1.0,,,,,,,,,,,,,,,,False
2022-05-17,RS01SUM1-LJ01B-09-PRESTB102,2,False,,,0,0,,1.0,,,,,,,,,,,,,,,,False
2022-05-18,RS01SUM1-LJ01B-09-PRESTB102,2,False,,,0,0,,1.0,,,,,,,,,,,,,,,,False
2022-05-19,RS01SUM1-LJ01B-09-PRESTB102,2,False,,,0,0,,1.0,,,,,,,,,,,,,,,,False
2022-05-20,RS01SUM1-LJ01B-09-PRESTB102,2,False,,,0,0,,1.0,,,,,,,,,,,,,,,,False
2022-05-21,RS01SUM1-LJ01B-09-PRESTB102,2,False,,,0,0,,1.0,,,,,,,,,,,,,,,,False
2022-05-22,RS01SUM1-LJ01B-09-PRESTB102,2,False,,,0,0,,1.0,,,,,,,,,,,,,,,,False
2022-05-23,RS01SUM1-LJ01B-09-PRESTB102,2,False,,,0,0,,1.0,,,,,,,,,,,,,,,,False
2022-05-24,RS01SUM1-LJ01B-09-PRESTB102,2,False,,,0,0,,1.0,,,,,,,,,,,,,,,,False
2022-05-25,RS01SUM1-LJ01B-09-PRESTB102,2,False,,,0,0,,1.0,,,,,,,,,,,,,,,,False
2022-05-26,RS01SUM1-LJ01B-09-PRESTB102,2,False,,,0,0,,1.0,,,,,,,,,,,,,,,,False
2022-05-27,RS01SUM1-LJ01B-09-PRESTB102,2,False,,,0,0,,1.0,,,,,,,,,,,,,,,,False
2022-05-28,RS01SUM1-LJ01B-09-PRESTB102,2,False,,,0,0,,1.0,,,,,,,,,,,,,,,,False
2022-05-29,RS01SUM1-LJ01B-09-PRESTB102,2,False,,,0,0,,1.0,,,,,,,,,,,,,,,,False
2022-05-30,RS01SUM1-LJ01B-09-PRESTB102,2,False,,,0,0,,1.0,,,,,,,,,,,,,,,,False
2022-05-31,RS01SUM1-LJ01B-09-PRESTB102,2,False,,,0,0,,1.0,,,,,,,,,,,,,,,,False
2022-06-01,RS01SUM1-LJ01B-09-PRESTB102,2,False,,,0,0,,1.0,,,,,,,,,,,,,,,,False
2022-06-02,RS01SUM1-LJ01B-09-PRESTB102,2,False,,,0,0,,1.0,,,,,,,,,,,,,,,,False
2022-06-03,RS01SUM1-LJ01B-09-PRESTB102,2,False,,,0,0,,1.0,,,,,,,,,,,,,,,,False
2022-06-04,RS01SUM1-LJ01B-09-PRESTB102,2,False,,,0,0,,1.0,,,,,,,,,,,,,,,,False
2022-06-05,RS01SUM1-LJ01B-09-PRESTB102,2,False,,,0,0,,1.0,,,,,,,,,,,,,,,,False
2022-06-06,RS01SUM1-LJ01B-09-PRESTB102,2,False,,,0,0,,1.0,,,,,,,,,,,,,,,,False
2022-06-07,RS01SUM1-LJ01B-09-PRESTB102,2,False,,,0,0,,1.0,,,,,,,,,,,,,,,,False
2022-06-08,RS01SUM1-LJ01B-09-PRESTB102,2,False,,,0,0,,1.0,,,,,,,,,,,,,,,,False
2022-06-09,RS01SUM1-LJ01B-09-PRESTB102,2,False,,,0,0,,1.0,,,,,,,,,,,,,,,,False
2022-06-10,RS01SUM1-LJ01B-09-PRESTB102,2,False,,,0,0,,1.0,,,,,,,,,,,,,,,,False
2022-06-11,RS01SUM1-LJ01B-09-PRESTB102,2,False,,,0,0,,1.0,,,,,,,,,,,,,,,,False
2022-06-12,RS01SUM1-LJ01B-09-PRESTB102,2,False,,,0,0,,1.0,,,,,,,,,,,,,,,,False
2022-06-13,RS01SUM1-LJ01B-09-PRESTB102,2,False,,,0,0,,1.0,,,,,,,,,,,,,,,,False
2022-06-14,RS01SUM1-LJ01B-09-PRESTB102,2,False,,,0,0,,1.0,,,,,,,,,,,,,,,,False
2022-06-15,RS01SUM1-LJ01B-09-PRESTB102,2,False,,,0,0,,1.0,,,,,,,,,,,,,,,,False
2022-06-16,RS01SUM1-LJ01B-09-PRESTB102,2,False,,,0,0,,1.0,,,,,,,,,,,,,,,,False
2022-06-17,RS01SUM1-LJ01B-09-PRESTB102,2,False,,,0,0,,1.0,,,,,,,,,,,,,,,,False
2022-06-18,RS01SUM1-LJ01B-09-PRESTB102,2,False,,,0,0,,1.0,,,,,,,,,,,,,,,,False
2022-06-19,RS01SUM1-LJ01B-09-PRESTB102,2,False,,,0,0,,1.0,,,,,,,,,,,,,,,,False
2022-06-20,RS01SUM1-LJ01B-09-PRESTB102,2,False,,,0,0,,1.0,,,,,,,,,,,,,,,,False
2022-06-21,RS01SUM1-LJ01B-09-PRESTB102,2,False,,,0,0,,1.0,,,,,,,,,,,,,,,,False
2022-06-22,RS01SUM1-LJ01B-09-PRESTB102,2,False,,,0,0,,1.0,,,,,,,,,,,,,,,,False
2022-06-23,RS01SUM1-LJ01B-09-PRESTB102,2,False,,,0,0,,1.0,,,,,,,,,,,,,,,,False
2022-06-24,RS01SUM1-LJ01B-09-PRESTB102,2,False,,,0,0,,1.0,,,,,,,,,,,,,,,,False
2022-06-25,RS01SUM1-LJ01B-09-PRESTB102,2,False,,,0,0,,1.0,,,,,,,,,,,,,,,,False
2022-06-26,RS01SUM1-LJ01B-09-PRESTB102,2,False,,,0,0,,1.0,,,,,,,,,,,,,,,,False
2022-06-27,RS01SUM1-LJ01B-09-PRESTB102,2,False,,,0,0,,1.0,,,,,,,,,,,,,,,,False
2022-06-28,RS01SUM1-LJ01B-09-PRESTB102,2,False,,,0,0,,1.0,,,,,,,,,,,,,,,,False
2022-06-29,RS01SUM1-LJ01B-09-PRESTB102,2,False,,,0,0,,1.0,,,,,,,,,,,,,,,,False
2022-06-30,RS01SUM1-LJ01B-09-PRESTB102,2,False,,,0,0,,1.0,,,,,,,,,,,,,,,,False
2022-07-01,RS01SUM1-LJ01B-09-PRESTB102,2,False,,,0,0,,1.0,,,,,,,,,,,,,,,,False
2022-07-02,RS01SUM1-LJ01B-09-PRESTB102,2,False,,,0,0,,1.0,,,,,,,,,,,,,,,,False
2022-07-03,RS01SUM1-LJ01B-09-PRESTB102,2,False,,,0,0,,1.0,,,,,,,,,,,,,,,,False
2022-07-04,RS01SUM1-LJ01B-09-PRESTB102,2,False,,,0,0,,1.0,,,,,,,,,,,,,,,,False
2022-07-05,RS01SUM1-LJ01B-09-PRESTB102,2,False,,,0,0,,1.0,,,,,,,,,,,,,,,,False
2022-07-06,RS01SUM1-LJ01B-09-PRESTB102,2,False,,,0,0,,1.0,,,,,,,,,,,,,,,,False
2022-07-07,RS01SUM1-LJ01B-09-PRESTB102,2,False,,,0,0,,1.0,,,,,,,,,,,,,,,,False
2022-07-08,RS01SUM1-LJ01B-09-PRESTB102,2,False,,,0,0,,1.0,,,,,,,,,,,,,,,,False
2022-07-09,RS01SUM1-LJ01B-09-PRESTB102,2,False,,,0,0,,1.0,,,,,,,,,,,,,,,,False
2022-07-10,RS01SUM1-LJ01B-09-PRESTB102,2,False,,,0,0,,1.0,,,,,,,,,,,,,,,,False
2022-07-11,RS01SUM1-LJ01B-09-PRESTB102,2,False,,,0,0,,1.0,,,,,,,,,,,,,,,,False
2022-07-12,RS01SUM1-LJ01B-09-PRESTB102,2,False,,,0,0,,1.0,,,,,,,,,,,,,,,,False
2022-07-13,RS01SUM1-LJ01B-09-PRESTB102,2,False,,,0,0,,1.0,,,,,,,,,,,,,,,,False
2022-07-14,RS01SUM1-LJ01B-09-PRESTB102,2,False,,,0,0,,1.0,,,,,,,,,,,,,,,,False
2022-07-15,RS01SUM1-LJ01B-09-PRESTB102,2,False,,,0,0,,1.0,,,,,,,,,,,,,,,,False
2022-07-16,RS01SUM1-LJ01B-09-PRESTB102,2,False,,,0,0,,1.0,,,,,,,,,,,,,,,,False
2022-07-17,RS01SUM1-LJ01B-09-PRESTB102,2,False,,,0,0,,1.0,,,,,,,,,,,,,,,,False
2022-07-18,RS01SUM1-LJ01B-09-PRESTB102,2,False,,,0,0,,1.0,,,,,,,,,,,,,,,,False
2022-07-19,RS01SUM1-LJ01B-09-PRESTB102,2,False,,,0,0,,1.0,,,,,,,,,,,,,,,,False
2022-07-20,RS01SUM1-LJ01B-09-PRESTB102,2,False,,,0,0,,1.0,,,,,,,,,,,,,,,,False
2022-07-21,RS01SUM1-LJ01B-09-PRESTB102,2,False,,,0,0,,1.0,,,,,,,,,,,,,,,,False
2022-07-22,RS01SUM1-LJ01B-09-PRESTB102,2,False,,,0,0,,1.0,,,,,,,,,,,,,,,,False
2022-07-23,RS01SUM1-LJ01B-09-PRESTB102,2,False,,,0,0,,1.0,,,,,,,,,,,,,,,,False
2022-07-24,RS01SUM1-LJ01B-09-PRESTB102,2,False,,,0,0,,1.0,,,,,,,,,,,,,,,,False
2022-07-25,RS01SUM1-LJ01B-09-PRESTB102,2,False,,,0,0,,1.0,,,,,,,,,,,,,,,,False
2022-07-26,RS01SUM1-LJ01B-09-PRESTB102,2,False,,,0,0,,1.0,,,,,,,,,,,,,,,,False
2022-07-27,RS01SUM1-LJ01B-09-PRESTB102,2,False,,,0,0,,1.0,,,,,,,,,,,,,,,,False
2022-07-28,RS01SUM1-LJ01B-09-PRESTB102,2,False,,,0,0,,1.0,,,,,,,,,,,,,,,,False
2022-07-29,RS01SUM1-LJ01B-09-PRESTB102,2,False,,,0,0,,1.0,,,,,,,,,,,,,,,,False
2022-07-30,RS01SUM1-LJ01B-09-PRESTB102,2,False,,,0,0,,1.0,,,,,,,,,,,,,,,,False
2022-07-31,RS01SUM1-LJ01B-09-PRESTB102,2,False,,,0,0,,1.0,,,,,,,,,,,,,,,,False
2022-08-01,RS01SUM1-LJ01B-09-PRESTB102,2,False,,,0,0,,1.0,,,,,,,,,,,,,,,,False
2022-08-02,RS01SUM1-LJ01B-09-PRESTB102,2,False,,,0,0,,1.0,,,,,,,,,,,,,,,,False
2022-08-03,RS01SUM1-LJ01B-09-PRESTB102,2,False,,,0,0,,1.0,,,,,,,,,,,,,,,,False
2022-08-04,RS01SUM1-LJ01B-09-PRESTB102,2,False,,,0,0,,1.0,,,,,,,,,,,,,,,,False
2022-08-05,RS01SUM1-LJ01B-09-PRESTB102,2,False,,,0,0,,1.0,,,,,,,,,,,,,,,,False
2022-08-06,RS01SUM1-LJ01B-09-PRESTB102,2,False,,,0,0,,1.0,,,,,,,,,,,,,,,,False
2022-08-07,RS01SUM1-LJ01B-09-PRESTB102,2,False,,,0,0,,1.0,,,,,,,,,,,,,,,,False
2022-08-08,RS01SUM1-LJ01B-09-PRESTB102,2,False,,,0,0,,1.0,,,,,,,,,,,,,,,,False
2022-08-09,RS01SUM1-LJ01B-09-PRESTB102,2,False,,,0,0,,1.0,,,,,,,,,,,,,,,,False
2022-08-10,RS01SUM1-LJ01B-09-PRESTB102,2,False,,,0,0,,1.0,,,,,,,,,,,,,,,,False
2022-08-11,RS01SUM1-LJ01B-09-PRESTB102,2,False,,,0,0,,1.0,,,,,,,,,,,,,,,,False
2022-08-12,RS01SUM1-LJ01B-09-PRESTB102,2,False,,,0,0,,1.0,,,,,,,,,,,,,,,,False
2022-08-13,RS01SUM1-LJ01B-09-PRESTB102,2,True,2022-08-13T01:03:05Z,2022-08-13T23:59:59Z,82615,82615,0,1.0,0.999593735,0.999999722,0.002714784,0,0,0,0,-0.0,3.013908,22.604039,-4.724803e-12,0.003013908,0.02260405,False,0.022039,False
2022-08-14,RS01SUM1-LJ01B-09-PRESTB102,2,True,2022-08-14T00:00:00Z,2022-08-14T23:59:59Z,86400,86400,0,1.0,0.999599934,0.999999699,-0.001480534,0,0,0,0,-0.0,3.012717,23.057002,-7.674493e-11,0.003012717,0.02305701,False,0.025033,False
2022-08-15,RS01SUM1-LJ01B-09-PRESTB102,2,True,2022-08-15T00:00:00Z,2022-08-15T23:59:59Z,86400,86400,0,1.0,0.999601841,0.999999658,1.4542e-05,0,0,0,0,-0.0,2.96006,20.258033,-1.901924e-11,0.002960061,0.02025804,False,0.023182,False
2022-08-16,RS01SUM1-LJ01B-09-PRESTB102,2,True,2022-08-16T00:00:00Z,2022-08-16T23:59:59Z,86400,86400,0,1.0,0.99960041,0.999999625,0.000882775,0,0,0,0,-0.0,2.827784,21.456501,-1.31706e-11,0.002827785,0.02145651,False,0.025574,False
2022-08-17,RS01SUM1-LJ01B-09-PRESTB102,2,True,2022-08-17T00:00:00Z,2022-08-17T23:59:59Z,86400,86400,0,1.0,0.999588013,0.999999617,0.005399744,0,0,0,0,-0.0,3.383268,22.004145,-2.763236e-11,0.003383269,0.02200415,False,0.023159,False
2022-08-18,RS01SUM1-LJ01B-09-PRESTB102,2,True,2022-08-18T00:00:00Z,2022-08-18T23:59:59Z,86400,86400,0,1.0,0.999603271,0.999999668,0.000556466,0,0,0,0,-0.0,2.84604,23.070813,-9.119559e-11,0.002846041,0.02307082,False,0.02562,False
2022-08-19,RS01SUM1-LJ01B-09-PRESTB102,2,True,2022-08-19T00:00:00Z,2022-08-19T22:27:00Z,80821,80821,0,1.0,0.999441385,0.999999715,0.001391806,0,0,0,0,0.0,2.913317,23.524699,7.306562e-11,0.002913318,0.02352471,False,0.025118,False
2022-08-20,RS01SUM1-LJ01B-09-PRESTB102,2,True,2022-08-20T05:53:51Z,2022-08-20T23:59:59Z,65152,65169,17,1.0,0.999576092,0.999999679,0.006415273,1,17,1,17,-0.0,3.402038,22.433789,-2.02352e-11,0.003402039,0.0224338,False,0.022013,True
2022-08-21,RS01SUM1-LJ01B-09-PRESTB102,2,True,2022-08-21T00:00:00Z,2022-08-21T23:59:59Z,86400,86400,0,1.0,0.999604225,0.999999719,-0.010951656,0,0,0,0,-0.0,3.13158,23.625027,-1.605975e-12,0.003131581,0.02362503,False,0.026131,False
2022-08-22,RS01SUM1-LJ01B-09-PRESTB102,2,True,2022-08-22T00:00:00Z,2022-08-22T23:59:59Z,86400,86400,0,1.0,0.999599934,0.999999642,0.003102872,0,0,0,0,-0.0,3.077152,21.114367,-7.686733e-12,0.003077153,0.02111437,False,0.021444,False
2022-08-23,RS01SUM1-LJ01B-09-PRESTB102,2,True,2022-08-23T00:00:00Z,2022-08-23T23:59:59Z,86400,86400,0,1.0,0.999609947,0.999999683,0.011169519,0,0,0,0,-0.0,4.381986,27.977772,-6.05808e-11,0.004381987,0.02797778,False,0.025258,False
2022-08-24,RS01SUM1-LJ01B-09-PRESTB102,2,True,2022-08-24T00:00:00Z,2022-08-24T23:59:59Z,86400,86400,0,1.0,0.99959898,0.999999708,0.00129343,0,0,0,0,-0.0,3.49266,22.54456,-1.840412e-11,0.003492661,0.02254457,False,0.025037,False
2022-08-25,RS01SUM1-LJ01B-09-PRESTB102,2,True,2022-08-25T00:00:00Z,2022-08-25T23:59:59Z,86400,86400,0,1.0,0.999603748,0.999999671,0.002329379,0,0,0,0,-0.0,3.752106,25.497096,-6.065035e-11,0.003752107,0.0254971,False,0.025657,False
2022-08-26,RS01SUM1-LJ01B-09-PRESTB102,2,True,2022-08-26T00:00:00Z,2022-08-26T23:59:59Z,86400,86400,0,1.0,0.99950695,0.999999601,0.008178561,0,0,0,0,-0.0,4.043527,23.787822,-6.456825e-11,0.004043529,0.02378783,False,0.022562,False
2022-08-27,RS01SUM1-LJ01B-09-PRESTB102,2,True,2022-08-27T00:00:00Z,2022-08-27T23:59:59Z,86400,86400,0,1.0,0.999538898,0.999999642,0.008338311,0,0,0,0,-0.0,4.028255,26.255,-1.216138e-11,0.004028257,0.02625501,False,0.026007,False
2022-08-28,RS01SUM1-LJ01B-09-PRESTB102,2,True,2022-08-28T00:00:00Z,2022-08-28T23:59:59Z,86400,86400,0,1.0,0.999597073,0.999999682,0.002936405,0,0,0,0,-0.0,3.068916,21.865412,-2.065866e-11,0.003068917,0.02186542,False,0.025192,False
2022-08-29,RS01SUM1-LJ01B-09-PRESTB102,2,True,2022-08-29T00:00:00Z,2022-08-29T23:59:59Z,86400,86400,0,1.0,0.999602795,0.999999753,0.001212435,0,0,0,0,-0.0,2.898627,23.644688,-7.782926e-11,0.002898628,0.02364469,False,0.025395,False
2022-08-30,RS01SUM1-LJ01B-09-PRESTB102,2,True,2022-08-30T00:00:00Z,2022-08-30T23:59:59Z,85989,86400,411,1.0,0.999603987,0.999999689,0.001264248,1,411,1,411,0.0,3.004323,23.441004,4.142685e-11,0.003004324,0.02344101,False,0.162268,True
2022-08-31,RS01SUM1-LJ01B-09-PRESTB102,2,True,2022-08-31T00:00:00Z,2022-08-31T23:59:59Z,85598,86400,802,1.0,0.999599934,0.999999706,0.002887316,2,802,2,802,-0.0,2.865194,20.997594,-3.687523e-11,0.002865194,0.0209976,False,0.315842,True
2022-09-01,RS01SUM1-LJ01B-09-PRESTB102,2,True,2022-09-01T00:00:00Z,2022-09-01T23:59:59Z,86400,86400,0,1.0,0.999607086,0.999999724,0.001817579,0,0,0,0,-0.0,2.972661,22.937856,-5.490928e-11,0.002972662,0.02293786,False,0.024357,False
2022-09-02,RS01SUM1-LJ01B-09-PRESTB102,2,True,2022-09-02T00:00:00Z,2022-09-02T23:59:59Z,86400,86400,0,1.0,0.999502182,0.999999689,0.00491465,0,0,0,0,-0.0,3.165164,23.17316,-6.817296e-11,0.003165165,0.02317317,False,0.025817,False
2022-09-03,RS01SUM1-LJ01B-09-PRESTB102,2,True,2022-09-03T00:00:00Z,2022-09-03T23:59:59Z,86400,86400,0,1.0,0.999563694,0.999999782,0.002449526,0,0,0,0,-0.0,2.93304,23.370934,-4.804545e-11,0.002933041,0.02337094,False,0.025902,False
2022-09-04,RS01SUM1-LJ01B-09-PRESTB102,2,True,2022-09-04T00:00:00Z,2022-09-04T23:59:59Z,86400,86400,0,1.0,0.999606133,0.999999785,0.000555472,0,0,0,0,-0.0,3.019918,21.570551,-7.286696e-11,0.003019919,0.02157056,False,0.024373,False
2022-09-05,RS01SUM1-LJ01B-09-PRESTB102,2,True,2022-09-05T00:00:00Z,2022-09-05T23:59:59Z,86400,86400,0,1.0,0.999602795,0.999999699,-0.000102869,0,0,0,0,-0.0,2.943285,21.637989,-3.099492e-11,0.002943286,0.021638,False,0.024471,False
2022-09-06,RS01SUM1-LJ01B-09-PRESTB102,2,True,2022-09-06T00:00:00Z,2022-09-06T23:59:59Z,86400,86400,0,1.0,0.999600887,0.999999681,-0.000218691,0,0,0,0,-0.0,2.915447,22.661938,-5.524942e-11,0.002915448,0.02266194,False,0.02438,False
2022-09-07,RS01SUM1-LJ01B-09-PRESTB102,2,True,2022-09-07T00:00:00Z,2022-09-07T23:59:59Z,86400,86400,0,1.0,0.999595165,0.999999698,0.003915501,0,0,0,0,-0.0,2.811863,23.264824,-5.517311e-11,0.002811864,0.02326483,False,0.026234,False
2022-09-08,RS01SUM1-LJ01B-09-PRESTB102,2,True,2022-09-08T00:00:00Z,2022-09-08T23:59:59Z,86400,86400,0,1.0,0.999602795,0.999999654,0.001777097,0,0,0,0,-0.0,3.007658,22.689236,-2.969432e-11,0.003007659,0.02268924,False,0.02439,False
2022-09-09,RS01SUM1-LJ01B-09-PRESTB102,2,True,2022-09-09T00:00:00Z,2022-09-09T23:59:59Z,86400,86400,0,1.0,0.999510288,0.999999715,0.001494609,0,0,0,0,-0.0,3.076094,22.383824,-2.702331e-11,0.003076095,0.02238383,False,0.024522,False
2022-09-10,RS01SUM1-LJ01B-09-PRESTB102,2,True,2022-09-10T00:00:00Z,2022-09-10T23:59:59Z,86400,86400,0,1.0,0.999552727,0.999999636,0.003570927,0,0,0,0,-0.0,3.010811,23.737178,-6.008493e-11,0.003010812,0.02373719,False,0.025041,False
2022-09-11,RS01SUM1-LJ01B-09-PRESTB102,2,True,2022-09-11T00:00:00Z,2022-09-11T23:59:59Z,86400,86400,0,1.0,0.999598026,0.999999617,0.001731134,0,0,0,0,-0.0,2.921774,22.853955,-5.173793e-12,0.002921776,0.02285396,False,0.025518,False
2022-09-12,RS01SUM1-LJ01B-09-PRESTB102,2,True,2022-09-12T00:00:00Z,2022-09-12T23:59:59Z,86400,86400,0,1.0,0.999607086,0.999999635,0.000101264,0,0,0,0,-0.0,2.924031,23.496841,-5.583718e-11,0.002924032,0.02349685,False,0.025118,False
2022-09-13,RS01SUM1-LJ01B-09-PRESTB102,2,True,2022-09-13T00:00:00Z,2022-09-13T23:59:59Z,86400,86400,0,1.0,0.999602318,0.999999639,0.004445544,0,0,0,0,-0.0,2.915732,23.081353,-1.725603e-11,0.002915733,0.02308136,False,0.026313,False
2022-09-14,RS01SUM1-LJ01B-09-PRESTB102,2,True,2022-09-14T00:00:00Z,2022-09-14T23:59:59Z,86400,86400,0,1.0,0.999605179,0.999999663,-0.001951577,0,0,0,0,-0.0,3.036224,22.11769,-8.663597e-11,0.003036225,0.0221177,False,0.025499,False
2022-09-15,RS01SUM1-LJ01B-09-PRESTB102,2,True,2022-09-15T00:00:00Z,2022-09-15T23:59:59Z,86400,86400,0,1.0,0.999594212,0.999999607,-0.003044086,0,0,0,0,0.0,3.109666,22.667714,1.727398e-11,0.003109667,0.02266772,False,0.024308,False
2022-09-16,RS01SUM1-LJ01B-09-PRESTB102,2,True,2022-09-16T00:00:00Z,2022-09-16T23:59:59Z,86400,86400,0,1.0,0.999504566,0.999999652,0.001067557,0,0,0,0,0.0,2.836709,22.702981,1.020291e-11,0.00283671,0.02270299,False,0.02554,False
2022-09-17,RS01SUM1-LJ01B-09-PRESTB102,2,True,2022-09-17T00:00:00Z,2022-09-17T23:59:59Z,86400,86400,0,1.0,0.9995327,0.999999668,0.001147599,0,0,0,0,-0.0,2.90205,22.137667,-5.658142e-12,0.002902051,0.02213767,False,0.023893,False
2022-09-18,RS01SUM1-LJ01B-09-PRESTB102,2,True,2022-09-18T00:00:00Z,2022-09-18T23:59:59Z,86401,86401,0,1.0,0.999607086,0.999999661,0.004431337,0,0,24,24,0.0,2.81068,21.875718,6.111477e-11,0.002810681,0.02187573,False,0.025064,False
2022-09-19,RS01SUM1-LJ01B-09-PRESTB102,2,True,2022-09-19T00:00:00Z,2022-09-19T23:59:59Z,86400,86400,0,1.0,0.999603748,0.999999626,0.002699652,0,0,0,0,-0.0,2.950074,22.96629,-4.868796e-11,0.002950075,0.0229663,False,0.025018,False
2022-09-20,RS01SUM1-LJ01B-09-PRESTB102,2,True,2022-09-20T00:00:00Z,2022-09-20T23:59:59Z,86400,86400,0,1.0,0.999599934,0.999999614,0.003040529,0,0,0,0,0.0,3.135339,23.467579,2.585775e-12,0.00313534,0.02346759,False,0.026267,False
2022-09-21,RS01SUM1-LJ01B-09-PRESTB102,2,True,2022-09-21T00:00:00Z,2022-09-21T23:59:59Z,86400,86400,0,1.0,0.999599934,0.999999634,0.003225471,0,0,0,0,-0.0,3.099153,22.947607,-2.564659e-11,0.003099155,0.02294762,False,0.025199,False
2022-09-22,RS01SUM1-LJ01B-09-PRESTB102,2,True,2022-09-22T00:00:00Z,2022-09-22T23:59:59Z,86400,86400,0,1.0,0.999594212,0.999999638,0.001149153,0,0,0,0,-0.0,2.794264,20.763505,-1.165762e-11,0.002794265,0.02076351,False,0.021209,False
2022-09-23,RS01SUM1-LJ01B-09-PRESTB102,2,True,2022-09-23T00:00:00Z,2022-09-23T23:59:59Z,86400,86400,0,1.0,0.99950695,0.999999717,0.001307515,0,0,0,0,-0.0,2.897823,21.48954,-7.255822e-11,0.002897824,0.02148955,False,0.02407,False
2022-09-24,RS01SUM1-LJ01B-09-PRESTB102,2,True,2022-09-24T00:00:00Z,2022-09-24T23:59:59Z,86400,86400,0,1.0,0.999555111,0.999999713,0.00316868,0,0,0,0,-0.0,3.23319,23.429448,-2.350088e-11,0.003233191,0.02342945,False,0.02625,False
2022-09-25,RS01SUM1-LJ01B-09-PRESTB102,2,True,2022-09-25T00:00:00Z,2022-09-25T23:59:59Z,86400,86400,0,1.0,0.999594212,0.99999967,0.002409912,0,0,0,0,-0.0,2.863317,21.049953,-3.812962e-11,0.002863318,0.02104996,False,0.023697,False
2022-09-26,RS01SUM1-LJ01B-09-PRESTB102,2,True,2022-09-26T00:00:00Z,2022-09-26T23:59:59Z,86400,86400,0,1.0,0.9996171,0.999999666,0.001325977,0,0,0,0,0.0,2.977189,23.216877,2.680358e-11,0.00297719,0.02321688,False,0.02615,False
2022-09-27,RS01SUM1-LJ01B-09-PRESTB102,2,True,2022-09-27T00:00:00Z,2022-09-27T23:59:59Z,86400,86400,0,1.0,0.999593735,0.999999634,0.003047412,0,0,0,0,-0.0,2.819368,21.012038,-2.008531e-11,0.002819369,0.02101205,False,0.024464,False
2022-09-28,RS01SUM1-LJ01B-09-PRESTB102,2,True,2022-09-28T00:00:00Z,2022-09-28T23:59:59Z,86400,86400,0,1.0,0.999609947,0.999999645,0.00279253,0,0,0,0,-0.0,2.918969,23.395968,-2.591317e-11,0.00291897,0.02339598,False,0.025614,False
2022-09-29,RS01SUM1-LJ01B-09-PRESTB102,2,True,2022-09-29T00:00:00Z,2022-09-29T23:59:59Z,86400,86400,0,1.0,0.999619961,0.999999645,0.000901401,0,0,0,0,0.0,3.185789,21.740481,5.673279e-13,0.00318579,0.02174049,False,0.023751,False
2022-09-30,RS01SUM1-LJ01B-09-PRESTB102,2,True,2022-09-30T00:00:00Z,2022-09-30T23:59:59Z,86400,86400,0,1.0,0.999498844,0.999999719,0.002518573,0,0,0,0,-0.0,2.888683,22.091399,-4.568966e-11,0.002888683,0.0220914,False,0.024335,False
2022-10-01,RS01SUM1-LJ01B-09-PRESTB102,2,True,2022-10-01T00:00:00Z,2022-10-01T23:59:59Z,86400,86400,0,1.0,0.999557018,0.999999676,0.002527072,0,0,0,0,-0.0,2.835715,20.563974,-4.175633e-11,0.002835716,0.02056398,False,0.023196,False
2022-10-02,RS01SUM1-LJ01B-09-PRESTB102,2,True,2022-10-02T00:00:00Z,2022-10-02T23:59:59Z,86400,86400,0,1.0,0.999619961,0.999999668,0.003140612,0,0,0,0,-0.0,2.919812,22.459423,-6.664685e-11,0.002919813,0.02245943,False,0.024222,False
2022-10-03,RS01SUM1-LJ01B-09-PRESTB102,2,True,2022-10-03T00:00:00Z,2022-10-03T23:59:59Z,86400,86400,0,1.0,0.999595165,0.999999658,0.001677363,0,0,0,0,-0.0,3.02104,22.683285,-3.969161e-11,0.003021041,0.02268329,False,0.024392,False
2022-10-04,RS01SUM1-LJ01B-09-PRESTB102,2,True,2022-10-04T00:00:00Z,2022-10-04T23:59:59Z,86400,86400,0,1.0,0.999606609,0.999999625,0.001649878,0,0,0,0,0.0,2.846183,22.17177,2.325728e-12,0.002846184,0.02217178,False,0.026261,False
2022-10-05,RS01SUM1-LJ01B-09-PRESTB102,2,True,2022-10-05T00:00:00Z,2022-10-05T23:59:59Z,86400,86400,0,1.0,0.999599934,0.999999631,0.001436443,0,0,0,0,-0.0,2.893367,22.130937,-6.566912e-11,0.002893368,0.02213095,False,0.025678,False
2022-10-06,RS01SUM1-LJ01B-09-PRESTB102,2,True,2022-10-06T00:00:00Z,2022-10-06T23:59:59Z,86400,86400,0,1.0,0.999615669,0.999999657,-0.000103707,0,0,0,0,-0.0,2.940883,22.713481,-1.074673e-10,0.002940884,0.02271349,False,0.026277,False
2022-10-07,RS01SUM1-LJ01B-09-PRESTB102,2,True,2022-10-07T00:00:00Z,2022-10-07T23:59:59Z,86400,86400,0,1.0,0.99949789,0.999999582,0.002860417,0,0,0,0,-0.0,3.530978,22.019312,-5.493899e-11,0.003530979,0.02201932,False,0.025067,False
2022-10-08,RS01SUM1-LJ01B-09-PRESTB102,2,True,2022-10-08T00:00:00Z,2022-10-08T23:59:59Z,86382,86400,18,1.0,0.999554634,0.999999657,-0.002245552,1,18,1,18,-0.0,3.110103,22.553037,-4.548194e-11,0.003110104,0.02255304,False,0.026307,True
2022-10-09,RS01SUM1-LJ01B-09-PRESTB102,2,True,2022-10-09T00:00:00Z,2022-10-09T23:59:59Z,86400,86400,0,1.0,0.999607086,0.999999682,0.005037863,0,0,0,0,-0.0,3.305117,23.293457,-3.688473e-11,0.003305118,0.02329346,False,0.025234,False
2022-10-10,RS01SUM1-LJ01B-09-PRESTB102,2,True,2022-10-10T00:00:00Z,2022-10-10T23:59:59Z,86400,86400,0,1.0,0.999613762,0.999999692,-0.000216423,0,0,0,0,0.0,2.886817,22.050182,2.727576e-11,0.002886818,0.02205019,False,0.024427,False
2022-10-11,RS01SUM1-LJ01B-09-PRESTB102,2,True,2022-10-11T00:00:00Z,2022-10-11T23:59:59Z,86400,86400,0,1.0,0.999598026,0.999999689,0.001592772,0,0,0,0,-0.0,2.849024,22.233037,-2.839478e-11,0.002849024,0.02223304,False,0.026098,False
2022-10-12,RS01SUM1-LJ01B-09-PRESTB102,2,True,2022-10-12T00:00:00Z,2022-10-12T23:59:59Z,86400,86400,0,1.0,0.999608994,0.999999657,-0.000235882,0,0,0,0,-0.0,2.850422,22.368093,-4.522782e-11,0.002850423,0.0223681,False,0.023132,False
2022-10-13,RS01SUM1-LJ01B-09-PRESTB102,2,True,2022-10-13T00:00:00Z,2022-10-13T23:59:59Z,86400,86400,0,1.0,0.999603271,0.999999667,0.000752934,0,0,0,0,-0.0,3.15184,23.458792,-7.863059e-11,0.003151841,0.0234588,False,0.023756,False
2022-10-14,RS01SUM1-LJ01B-09-PRESTB102,2,True,2022-10-14T00:00:00Z,2022-10-14T23:59:59Z,86400,86400,0,1.0,0.999501228,0.999999644,-0.001149926,0,0,0,0,0.0,3.034634,23.794496,7.512442e-12,0.003034635,0.0237945,False,0.024989,False
2022-10-15,RS01SUM1-LJ01B-09-PRESTB102,2,True,2022-10-15T00:00:00Z,2022-10-15T23:59:59Z,86400,86400,0,1.0,0.999553204,0.999999691,-0.0007367,0,0,0,0,-0.0,2.885106,21.644677,-3.924874e-11,0.002885107,0.02164468,False,0.022598,False
2022-10-16,RS01SUM1-LJ01B-09-PRESTB102,2,True,2022-10-16T00:00:00Z,2022-10-16T23:59:59Z,86400,86400,0,1.0,0.99960804,0.999999736,0.004492571,0,0,0,0,0.0,2.842217,21.5759,7.575618e-12,0.002842218,0.02157591,False,0.024107,False
2022-10-17,RS01SUM1-LJ01B-09-PRESTB102,2,True,2022-10-17T00:00:00Z,2022-10-17T23:59:59Z,86400,86400,0,1.0,0.999618053,0.999999679,0.002708238,0,0,0,0,0.0,2.820424,21.606611,4.244012e-11,0.002820425,0.02160662,False,0.025117,False
2022-10-18,RS01SUM1-LJ01B-09-PRESTB102,2,True,2022-10-18T00:00:00Z,2022-10-18T23:59:59Z,86400,86400,0,1.0,0.999622822,0.999999656,-0.001888625,0,0,0,0,-0.0,4.301112,25.421983,-2.639778e-11,0.004301114,0.02542199,False,0.025104,False
2022-10-19,RS01SUM1-LJ01B-09-PRESTB102,2,True,2022-10-19T00:00:00Z,2022-10-19T23:59:59Z,85924,86400,476,1.0,0.99958992,0.999999627,0.000690914,1,476,1,476,0.0,3.251836,22.951999,6.55498e-11,0.003251838,0.02295201,False,0.196977,True
2022-10-20,RS01SUM1-LJ01B-09-PRESTB102,2,True,2022-10-20T00:00:00Z,2022-10-20T23:59:59Z,86400,86400,0,1.0,0.999577999,0.99999977,0.000535568,0,0,0,0,-0.0,4.098259,23.519522,-1.166254e-11,0.00409826,0.02351953,False,0.023744,False
2022-10-21,RS01SUM1-LJ01B-09-PRESTB102,2,True,2022-10-21T00:00:00Z,2022-10-21T23:59:59Z,86400,86400,0,1.0,0.999512672,0.999999822,-0.007892279,0,0,0,0,-0.0,4.578404,26.998835,-5.058652e-11,0.004578404,0.02699884,False,0.023273,False
2022-10-22,RS01SUM1-LJ01B-09-PRESTB102,2,True,2022-10-22T00:00:00Z,2022-10-22T23:59:59Z,86401,86401,0,1.0,0.999561787,0.99999967,-0.002398047,0,0,12,12,-0.0,3.045844,23.624777,-3.606944e-11,0.003045845,0.02362479,False,0.024208,False
2022-10-23,RS01SUM1-LJ01B-09-PRESTB102,2,True,2022-10-23T00:00:00Z,2022-10-23T23:59:59Z,86400,86400,0,1.0,0.999612331,0.999999684,-9.384e-06,0,0,1,1,0.0,2.81564,20.526215,8.170641e-11,0.002815641,0.02052622,False,0.021383,False
2022-10-24,RS01SUM1-LJ01B-09-PRESTB102,2,True,2022-10-24T00:00:00Z,2022-10-24T23:59:59Z,86400,86400,0,1.0,0.99959898,0.999999636,0.000651518,0,0,0,0,0.0,2.966905,22.801948,2.348339e-12,0.002966906,0.02280196,False,0.021271,False
2022-10-25,RS01SUM1-LJ01B-09-PRESTB102,2,True,2022-10-25T00:00:00Z,2022-10-25T23:59:59Z,86400,86400,0,1.0,0.999604225,0.99999967,0.002616478,0,0,0,0,0.0,2.797788,22.535637,1.229224e-12,0.002797789,0.02253564,False,0.026244,False
2022-10-26,RS01SUM1-LJ01B-09-PRESTB102,2,True,2022-10-26T00:00:00Z,2022-10-26T23:59:59Z,86400,86400,0,1.0,0.999611378,0.999999645,0.000642222,0,0,0,0,-0.0,2.798328,21.588361,-5.071598e-11,0.002798329,0.02158837,False,0.023875,False
2022-10-27,RS01SUM1-LJ01B-09-PRESTB102,2,True,2022-10-27T00:00:00Z,2022-10-27T23:59:59Z,86400,86400,0,1.0,0.999612331,0.999999729,-0.003669947,0,0,0,0,-0.0,3.024309,22.334584,-1.384411e-10,0.00302431,0.02233459,False,0.025138,False
2022-10-28,RS01SUM1-LJ01B-09-PRESTB102,2,True,2022-10-28T00:00:00Z,2022-10-28T23:59:59Z,86400,86400,0,1.0,0.999498844,0.999999711,-0.001719603,0,0,0,0,-0.0,2.946964,22.441326,-2.734385e-11,0.002946965,0.02244133,False,0.023008,False
2022-10-29,RS01SUM1-LJ01B-09-PRESTB102,2,True,2022-10-29T00:00:00Z,2022-10-29T23:59:59Z,86400,86400,0,1.0,0.999559879,0.999999692,-0.00057908,0,0,0,0,-0.0,3.364152,23.661796,-1.158628e-10,0.003364153,0.0236618,False,0.024414,False
2022-10-30,RS01SUM1-LJ01B-09-PRESTB102,2,True,2022-10-30T00:00:00Z,2022-10-30T23:59:59Z,86400,86400,0,1.0,0.999601841,0.999999626,0.005393649,0,0,0,0,-0.0,2.931288,22.788555,-4.085248e-11,0.002931289,0.02278856,False,0.023467,False
2022-10-31,RS01SUM1-LJ01B-09-PRESTB102,2,True,2022-10-31T00:00:00Z,2022-10-31T23:59:59Z,86400,86400,0,1.0,0.999592304,0.999999707,0.007548868,0,0,0,0,-0.0,3.158618,24.036665,-9.767117e-11,0.003158618,0.02403667,False,0.02492,False
2022-11-01,RS01SUM1-LJ01B-09-PRESTB102,2,True,2022-11-01T00:00:00Z,2022-11-01T23:59:59Z,86400,86400,0,1.0,0.999613762,0.999999749,0.001421358,0,0,0,0,-0.0,2.919551,20.892247,-9.0933e-11,0.002919552,0.02089225,False,0.025016,False
2022-11-02,RS01SUM1-LJ01B-09-PRESTB102,2,True,2022-11-02T00:00:00Z,2022-11-02T23:59:59Z,86400,86400,0,1.0,0.999630928,0.999999742,0.002671719,0,0,0,0,-0.0,2.900329,22.400446,-2.159484e-11,0.00290033,0.02240045,False,0.026242,False
2022-11-03,RS01SUM1-LJ01B-09-PRESTB102,2,True,2022-11-03T00:00:00Z,2022-11-03T23:59:59Z,85954,86400,446,1.0,0.999618053,0.999999742,8.4693e-05,1,446,1,446,-0.0,3.178998,24.72364,-6.461916e-12,0.003178999,0.02472365,False,0.172128,True
2022-11-04,RS01SUM1-LJ01B-09-PRESTB102,2,True,2022-11-04T00:00:00Z,2022-11-04T23:59:59Z,86400,86400,0,1.0,0.999500751,0.999999734,-0.003655309,0,0,0,0,-0.0,2.912052,22.309032,-3.762278e-11,0.002912053,0.02230904,False,0.025202,False
2022-11-05,RS01SUM1-LJ01B-09-PRESTB102,2,True,2022-11-05T00:00:00Z,2022-11-05T23:59:59Z,86400,86400,0,1.0,0.999558926,0.999999685,-0.001640463,0,0,0,0,0.0,2.861965,21.404112,1.713658e-11,0.002861966,0.02140412,False,0.022689,False
2022-11-06,RS01SUM1-LJ01B-09-PRESTB102,2,True,2022-11-06T00:00:00Z,2022-11-06T23:59:59Z,86400,86400,0,1.0,0.999604702,0.999999701,-0.000194655,0,0,0,0,0.0,2.939745,22.494699,3.373136e-11,0.002939746,0.02249471,False,0.02548,False
2022-11-07,RS01SUM1-LJ01B-09-PRESTB102,2,True,2022-11-07T00:00:00Z,2022-11-07T23:59:59Z,86400,86400,0,1.0,0.999616146,0.999999648,0.001021529,0,0,0,0,-0.0,2.851631,23.174531,-1.589931e-11,0.002851632,0.02317454,False,0.026364,False
2022-11-08,RS01SUM1-LJ01B-09-PRESTB102,2,True,2022-11-08T00:00:00Z,2022-11-08T23:59:59Z,86400,86400,0,1.0,0.99960804,0.999999652,-0.000406709,0,0,0,0,-0.0,2.803493,22.334683,-1.143768e-10,0.002803494,0.02233469,False,0.022578,False
2022-11-09,RS01SUM1-LJ01B-09-PRESTB102,2,True,2022-11-09T00:00:00Z,2022-11-09T23:59:59Z,86400,86400,0,1.0,0.99960804,0.999999693,0.002693124,0,0,0,0,-0.0,2.841124,22.416812,-5.115364e-11,0.002841125,0.02241682,False,0.025605,False
2022-11-10,RS01SUM1-LJ01B-09-PRESTB102,2,True,2022-11-10T00:00:00Z,2022-11-10T23:59:59Z,86400,86400,0,1.0,0.999615669,0.999999644,0.001352496,0,0,0,0,-0.0,2.772716,21.599662,-5.150137e-11,0.002772717,0.02159967,False,0.024907,False
2022-11-11,RS01SUM1-LJ01B-09-PRESTB102,2,True,2022-11-11T00:00:00Z,2022-11-11T23:59:59Z,86400,86400,0,1.0,0.999498367,0.999999648,-0.002355461,0,0,0,0,-0.0,2.819957,21.763643,-1.487112e-11,0.002819958,0.02176365,False,0.026637,False
2022-11-12,RS01SUM1-LJ01B-09-PRESTB102,2,True,2022-11-12T00:00:00Z,2022-11-12T23:59:59Z,86400,86400,0,1.0,0.999554157,0.999999722,-0.002850463,0,0,0,0,0.0,3.028737,22.492204,3.108319e-11,0.003028738,0.02249221,False,0.025142,False
2022-11-13,RS01SUM1-LJ01B-09-PRESTB102,2,True,2022-11-13T00:00:00Z,2022-11-13T23:59:59Z,86400,86400,0,1.0,0.999606133,0.999999651,-4.9915e-05,0,0,0,0,-0.0,2.796707,21.496483,-8.363706e-11,0.002796708,0.02149649,False,0.021424,False
2022-11-14,RS01SUM1-LJ01B-09-PRESTB102,2,True,2022-11-14T00:00:00Z,2022-11-14T23:59:59Z,86400,86400,0,1.0,0.999632835,0.999999701,2.2936e-05,0,0,0,0,-0.0,2.81078,22.11011,-7.313923e-11,0.00281078,0.02211012,False,0.025124,False
2022-11-15,RS01SUM1-LJ01B-09-PRESTB102,2,True,2022-11-15T00:00:00Z,2022-11-15T23:59:59Z,86400,86400,0,1.0,0.999619007,0.999999687,0.003984884,0,0,0,0,0.0,2.979408,23.96205,3.118799e-11,0.002979409,0.02396206,False,0.025058,False
2022-11-16,RS01SUM1-LJ01B-09-PRESTB102,2,True,2022-11-16T00:00:00Z,2022-11-16T23:59:59Z,86400,86400,0,1.0,0.999585152,0.999999767,-0.001095413,0,0,0,0,-0.0,3.228095,25.058137,-3.186005e-11,0.003228096,0.02505814,False,0.026352,False
2022-11-17,RS01SUM1-LJ01B-09-PRESTB102,2,True,2022-11-17T00:00:00Z,2022-11-17T23:59:59Z,86400,86400,0,1.0,0.999609947,0.99999974,0.003055929,0,0,0,0,-0.0,3.131514,22.849282,-1.437658e-11,0.003131515,0.02284929,False,0.024933,False
2022-11-18,RS01SUM1-LJ01B-09-PRESTB102,2,True,2022-11-18T00:00:00Z,2022-11-18T23:59:59Z,86400,86400,0,1.0,0.999601841,0.999999744,0.000920486,0,0,0,0,-0.0,2.793752,22.766358,-5.322725e-11,0.002793753,0.02276636,False,0.026463,False
2022-11-19,RS01SUM1-LJ01B-09-PRESTB102,2,True,2022-11-19T00:00:00Z,2022-11-19T23:59:59Z,86400,86400,0,1.0,0.999472618,0.999999729,-0.002241665,0,0,0,0,-0.0,2.816186,22.464052,-5.523999e-11,0.002816187,0.02246406,False,0.026026,False
2022-11-20,RS01SUM1-LJ01B-09-PRESTB102,2,True,2022-11-20T00:00:00Z,2022-11-20T23:59:59Z,86400,86400,0,1.0,0.999425888,0.999999738,-0.00172032,0,0,0,0,0.0,3.252517,21.708065,8.542763e-11,0.003252518,0.02170807,False,0.021437,False
2022-11-21,RS01SUM1-LJ01B-09-PRESTB102,2,True,2022-11-21T00:00:00Z,2022-11-21T23:59:59Z,86400,86400,0,1.0,0.999433994,0.999999714,-0.003014071,0,0,0,0,0.0,2.882613,21.726994,1.880871e-11,0.002882614,0.021727,False,0.025145,False
2022-11-22,RS01SUM1-LJ01B-09-PRESTB102,2,True,2022-11-22T00:00:00Z,2022-11-22T23:59:59Z,86400,86400,0,1.0,0.999436855,0.999999663,0.001730145,0,0,0,0,-0.0,2.831031,23.113308,-4.622525e-11,0.002831032,0.02311332,False,0.026143,False
2022-11-23,RS01SUM1-LJ01B-09-PRESTB102,2,True,2022-11-23T00:00:00Z,2022-11-23T23:59:59Z,86400,86400,0,1.0,0.999437809,0.999999681,0.000628315,0,0,0,0,-0.0,2.813733,22.869153,-3.139343e-11,0.002813734,0.02286916,False,0.026143,False
2022-11-24,RS01SUM1-LJ01B-09-PRESTB102,2,True,2022-11-24T00:00:00Z,2022-11-24T23:59:59Z,86400,86400,0,1.0,0.999441147,0.999999692,0.001757392,0,0,0,0,-0.0,2.819106,22.00499,-5.0388e-11,0.002819107,0.022005,False,0.026613,False
2022-11-25,RS01SUM1-LJ01B-09-PRESTB102,2,True,2022-11-25T00:00:00Z,2022-11-25T23:59:59Z,86400,86400,0,1.0,0.999539852,0.999999694,0.001603715,0,0,0,0,-0.0,2.808851,22.535222,-1.150404e-10,0.002808852,0.02253523,False,0.025088,False
2022-11-26,RS01SUM1-LJ01B-09-PRESTB102,2,True,2022-11-26T00:00:00Z,2022-11-26T23:59:59Z,86400,86400,0,1.0,0.99948597,0.999999664,-0.000621162,0,0,0,0,-0.0,2.791531,22.28247,-8.239834e-12,0.002791532,0.02228248,False,0.024763,False
2022-11-27,RS01SUM1-LJ01B-09-PRESTB102,2,True,2022-11-27T00:00:00Z,2022-11-27T23:59:59Z,86400,86400,0,1.0,0.999430656,0.999999693,-0.002930652,0,0,0,0,-0.0,2.826959,21.066497,-5.816278e-11,0.00282696,0.0210665,False,0.026075,False
2022-11-28,RS01SUM1-LJ01B-09-PRESTB102,2,True,2022-11-28T00:00:00Z,2022-11-28T23:59:59Z,86400,86400,0,1.0,0.999428272,0.999999678,-0.001330821,0,0,0,0,-0.0,2.827495,21.684824,-1.197343e-11,0.002827496,0.02168483,False,0.023944,False
2022-11-29,RS01SUM1-LJ01B-09-PRESTB102,2,True,2022-11-29T00:00:00Z,2022-11-29T20:37:58Z,74280,74280,0,1.0,0.999432087,0.999999698,-0.001211672,0,0,13,13,0.0,2.897823,20.591473,1.531834e-12,0.002897824,0.02059148,False,0.021439,False
2022-11-30,RS01SUM1-LJ01B-09-PRESTB102,2,False,,,0,0,,1.0,,,,,,,,,,,,,,,,False
2022-12-01,RS01SUM1-LJ01B-09-PRESTB102,2,True,2022-12-01T23:08:21Z,2022-12-01T23:59:59Z,3099,3099,0,1.0,0.999585867,1.000000086,0.003123907,0,0,0,0,-0.0,2.806105,15.827596,-3.719836e-13,0.002806105,0.01582759,False,0.018697,False
2022-12-02,RS01SUM1-LJ01B-09-PRESTB102,2,True,2022-12-02T00:00:00Z,2022-12-02T23:59:59Z,86400,86400,0,1.0,0.999641418,0.999999667,0.004629995,0,0,0,0,-0.0,2.785846,22.76235,-6.370122e-11,0.002785847,0.02276236,False,0.024799,False
2022-12-03,RS01SUM1-LJ01B-09-PRESTB102,2,True,2022-12-03T00:00:00Z,2022-12-03T23:59:59Z,86400,86400,0,1.0,0.999664783,0.999999659,0.001409387,0,0,0,0,0.0,2.918029,21.912228,2.003192e-11,0.00291803,0.02191224,False,0.023262,False
2022-12-04,RS01SUM1-LJ01B-09-PRESTB102,2,True,2022-12-04T00:00:00Z,2022-12-04T23:59:59Z,86400,86400,0,1.0,0.999670029,0.999999634,0.003252147,0,0,0,0,-0.0,2.796238,21.364293,-1.079359e-10,0.002796239,0.0213643,False,0.02614,False
2022-12-05,RS01SUM1-LJ01B-09-PRESTB102,2,True,2022-12-05T00:00:00Z,2022-12-05T23:59:59Z,86400,86400,0,1.0,0.999655724,0.999999664,-0.000352137,0,0,0,0,-0.0,2.91911,22.89424,-7.970402e-11,0.002919111,0.02289425,False,0.024833,False
2022-12-06,RS01SUM1-LJ01B-09-PRESTB102,2,True,2022-12-06T00:00:00Z,2022-12-06T23:59:59Z,86400,86400,0,1.0,0.999657154,0.999999644,0.000839222,0,0,0,0,-0.0,2.859452,21.546001,-3.793011e-11,0.002859453,0.02154601,False,0.024238,False
2022-12-07,RS01SUM1-LJ01B-09-PRESTB102,2,True,2022-12-07T00:00:00Z,2022-12-07T23:59:59Z,86400,86400,0,1.0,0.999649048,0.999999672,0.002729878,0,0,0,0,-0.0,2.814739,23.399697,-1.263974e-10,0.00281474,0.02339971,False,0.025424,False
2022-12-08,RS01SUM1-LJ01B-09-PRESTB102,2,True,2022-12-08T00:00:00Z,2022-12-08T23:59:59Z,86400,86400,0,1.0,0.999481678,0.999999684,-6.746e-06,0,0,0,0,-0.0,2.892332,22.995987,-2.67356e-11,0.002892333,0.02299599,False,0.025408,False
2022-12-09,RS01SUM1-LJ01B-09-PRESTB102,2,True,2022-12-09T00:00:00Z,2022-12-09T23:59:59Z,86400,86400,0,1.0,0.999394894,0.999999673,-0.000480788,0,0,0,0,0.0,2.836836,22.239777,1.050925e-11,0.002836837,0.02223978,False,0.026267,False
2022-12-10,RS01SUM1-LJ01B-09-PRESTB102,2,True,2022-12-10T00:00:00Z,2022-12-10T23:59:59Z,86400,86400,0,1.0,0.999399662,0.999999701,0.000486645,0,0,0,0,-0.0,2.892335,21.498338,-7.67489e-11,0.002892336,0.02149834,False,0.022056,False
2022-12-11,RS01SUM1-LJ01B-09-PRESTB102,2,True,2022-12-11T00:00:00Z,2022-12-11T23:59:59Z,86400,86400,0,1.0,0.999400139,0.99999966,0.000859116,0,0,0,0,-0.0,2.942199,21.659921,-1.641298e-11,0.0029422,0.02165993,False,0.025726,False
2022-12-12,RS01SUM1-LJ01B-09-PRESTB102,2,True,2022-12-12T00:00:00Z,2022-12-12T23:59:59Z,86400,86400,0,1.0,0.999411106,0.999999656,-3.3455e-05,0,0,0,0,0.0,2.949666,22.779102,1.448908e-11,0.002949667,0.02277911,False,0.026965,False
2022-12-13,RS01SUM1-LJ01B-09-PRESTB102,2,True,2022-12-13T00:00:00Z,2022-12-13T23:59:59Z,86400,86400,0,1.0,0.999403,0.999999694,0.005054781,0,0,0,0,-0.0,2.916596,21.2012,-1.300113e-11,0.002916597,0.02120121,False,0.024157,False
2022-12-14,RS01SUM1-LJ01B-09-PRESTB102,2,True,2022-12-14T00:00:00Z,2022-12-14T23:59:59Z,86400,86400,0,1.0,0.99939394,0.999999663,-0.001970717,0,0,0,0,-0.0,2.919033,22.487452,-4.616228e-11,0.002919034,0.02248746,False,0.025562,False
2022-12-15,RS01SUM1-LJ01B-09-PRESTB102,2,True,2022-12-15T00:00:00Z,2022-12-15T23:59:59Z,86400,86400,0,1.0,0.999387264,0.99999967,-0.002188937,0,0,0,0,0.0,3.118932,22.561656,1.251544e-11,0.003118933,0.02256166,False,0.025051,False
2022-12-16,RS01SUM1-LJ01B-09-PRESTB102,2,True,2022-12-16T00:00:00Z,2022-12-16T23:59:59Z,86400,86400,0,1.0,0.999394894,0.999999647,0.000754341,0,0,0,0,0.0,2.962614,20.916654,1.826259e-11,0.002962616,0.02091666,False,0.021233,False
2022-12-17,RS01SUM1-LJ01B-09-PRESTB102,2,True,2022-12-17T00:00:00Z,2022-12-17T23:59:59Z,86400,86400,0,1.0,0.999404907,0.999999678,0.004980418,0,0,0,0,-0.0,2.907484,23.451678,-1.431311e-11,0.002907485,0.02345169,False,0.026235,False
2022-12-18,RS01SUM1-LJ01B-09-PRESTB102,2,True,2022-12-18T00:00:00Z,2022-12-18T23:59:59Z,86400,86400,0,1.0,0.999404907,0.999999663,-0.012721293,0,0,0,0,-0.0,2.871001,21.796512,-1.212619e-10,0.002871002,0.02179652,False,0.024213,False
2022-12-19,RS01SUM1-LJ01B-09-PRESTB102,2,True,2022-12-19T00:00:00Z,2022-12-19T23:59:59Z,86400,86400,0,1.0,0.999403,0.999999649,-0.001238624,0,0,0,0,-0.0,3.0073,22.267003,-3.99783e-11,0.003007301,0.02226701,False,0.021222,False
2022-12-20,RS01SUM1-LJ01B-09-PRESTB102,2,True,2022-12-20T00:00:00Z,2022-12-20T23:59:59Z,86400,86400,0,1.0,0.99939537,0.999999665,0.002363991,0,0,0,0,-0.0,2.925023,22.721922,-5.950005e-11,0.002925024,0.02272193,False,0.024359,False
2022-12-21,RS01SUM1-LJ01B-09-PRESTB102,2,True,2022-12-21T00:00:00Z,2022-12-21T23:59:59Z,86400,86400,0,1.0,0.999383926,0.999999666,0.000554381,0,0,0,0,-0.0,2.958226,22.193426,-2.308349e-11,0.002958227,0.02219343,False,0.025034,False
2022-12-22,RS01SUM1-LJ01B-09-PRESTB102,2,True,2022-12-22T00:00:00Z,2022-12-22T23:59:59Z,86400,86400,0,1.0,0.999392986,0.999999651,-0.001442512,0,0,0,0,-0.0,2.846214,23.309377,-4.763277e-11,0.002846215,0.02330939,False,0.027042,False
2022-12-23,RS01SUM1-LJ01B-09-PRESTB102,2,True,2022-12-23T00:00:00Z,2022-12-23T23:59:59Z,86400,86400,0,1.0,0.999390125,0.999999645,-0.000571074,0,0,0,0,-0.0,3.02165,22.461256,-1.164012e-10,0.003021651,0.02246126,False,0.026276,False
2022-12-24,RS01SUM1-LJ01B-09-PRESTB102,2,True,2022-12-24T00:00:00Z,2022-12-24T23:59:59Z,86400,86400,0,1.0,0.99936676,0.999999632,6.762e-06,0,0,0,0,-0.0,2.862902,21.88488,-5.818971e-11,0.002862903,0.02188489,False,0.025586,False
2022-12-25,RS01SUM1-LJ01B-09-PRESTB102,2,True,2022-12-25T00:00:00Z,2022-12-25T23:59:59Z,86400,86400,0,1.0,0.999396801,0.99999963,0.000886424,0,0,0,0,0.0,2.851255,23.32505,4.561903e-11,0.002851256,0.02332506,False,0.024899,False
2022-12-26,RS01SUM1-LJ01B-09-PRESTB102,2,True,2022-12-26T00:00:00Z,2022-12-26T23:59:59Z,86400,86400,0,1.0,0.999387741,0.999999646,-0.001253808,0,0,0,0,-0.0,2.89242,22.454069,-3.101552e-11,0.002892421,0.02245408,False,0.023213,False
2022-12-27,RS01SUM1-LJ01B-09-PRESTB102,2,True,2022-12-27T00:00:00Z,2022-12-27T23:59:59Z,83523,86400,2877,1.0,0.999389172,0.999999687,-0.001358269,4,2877,4,2877,-0.0,3.109915,23.637701,-2.032526e-11,0.003109916,0.02363771,False,0.482757,True
2022-12-28,RS01SUM1-LJ01B-09-PRESTB102,2,True,2022-12-28T00:00:00Z,2022-12-28T23:59:59Z,86400,86400,0,1.0,0.999400616,0.999999688,0.003241439,0,0,0,0,-0.0,3.73146,24.860749,-4.210312e-11,0.003731461,0.02486076,False,0.026353,False
2022-12-29,RS01SUM1-LJ01B-09-PRESTB102,2,True,2022-12-29T00:00:00Z,2022-12-29T23:59:59Z,86400,86400,0,1.0,0.999392986,0.999999666,-0.000988971,0,0,0,0,-0.0,2.971427,22.607795,-1.23273e-11,0.002971428,0.0226078,False,0.02616,False
2022-12-30,RS01SUM1-LJ01B-09-PRESTB102,2,True,2022-12-30T00:00:00Z,2022-12-30T23:59:59Z,86400,86400,0,1.0,0.999392986,0.999999644,0.001732383,0,0,0,0,-0.0,3.004276,23.244027,-1.135429e-11,0.003004277,0.02324403,False,0.024755,False
2022-12-31,RS01SUM1-LJ01B-09-PRESTB102,2,True,2022-12-31T00:00:00Z,2022-12-31T23:59:59Z,86400,86400,0,1.0,0.999397755,0.9999997,0.002308836,0,0,0,0,-0.0,3.318222,21.776943,-2.260603e-11,0.003318223,0.02177695,False,0.024868,False
2023-01-01,RS01SUM1-LJ01B-09-PRESTB102,2,True,2023-01-01T00:00:00Z,2023-01-01T23:59:59Z,86400,86400,0,1.0,0.999401093,0.999999686,-0.001478239,0,0,0,0,-0.0,2.883467,22.735228,-4.029262e-11,0.002883468,0.02273524,False,0.026126,False
2023-01-02,RS01SUM1-LJ01B-09-PRESTB102,2,True,2023-01-02T00:00:00Z,2023-01-02T23:59:59Z,86401,86401,0,1.0,0.999392033,0.999999617,0.003612624,0,0,8,8,-0.0,3.329137,23.858231,-7.850296e-11,0.003329139,0.02385824,False,0.026309,False
2023-01-03,RS01SUM1-LJ01B-09-PRESTB102,2,True,2023-01-03T00:00:00Z,2023-01-03T23:59:59Z,86400,86400,0,1.0,0.999389172,0.999999655,-0.000401825,0,0,0,0,-0.0,2.999291,24.069265,-7.609909e-11,0.002999292,0.02406927,False,0.026174,False
2023-01-04,RS01SUM1-LJ01B-09-PRESTB102,2,True,2023-01-04T00:00:00Z,2023-01-04T23:59:59Z,86400,86400,0,1.0,0.999403954,0.99999968,0.000141268,0,0,0,0,-0.0,2.91803,22.074981,-8.296682e-11,0.002918031,0.02207499,False,0.025558,False
2023-01-05,RS01SUM1-LJ01B-09-PRESTB102,2,True,2023-01-05T00:00:00Z,2023-01-05T23:59:59Z,86400,86400,0,1.0,0.999398708,0.999999663,-0.00209703,0,0,0,0,-0.0,2.897745,22.025666,-7.368102e-11,0.002897746,0.02202567,False,0.025877,False
2023-01-06,RS01SUM1-LJ01B-09-PRESTB102,2,True,2023-01-06T00:00:00Z,2023-01-06T23:59:59Z,86400,86400,0,1.0,0.999391079,0.999999675,5.6189e-05,0,0,0,0,-0.0,2.947314,22.839818,-5.461784e-11,0.002947315,0.02283983,False,0.025658,False
2023-01-07,RS01SUM1-LJ01B-09-PRESTB102,2,True,2023-01-07T00:00:00Z,2023-01-07T23:59:59Z,86400,86400,0,1.0,0.999390125,0.999999593,-0.000954531,0,0,0,0,-0.0,2.914505,23.146469,-3.616178e-11,0.002914506,0.02314648,False,0.02553,False
2023-01-08,RS01SUM1-LJ01B-09-PRESTB102,2,True,2023-01-08T00:00:00Z,2023-01-08T23:59:59Z,86400,86400,0,1.0,0.999397755,0.999999721,-0.002812991,0,0,0,0,-0.0,2.855261,23.030063,-9.747705e-11,0.002855262,0.02303007,False,0.024946,False
2023-01-09,RS01SUM1-LJ01B-09-PRESTB102,2,True,2023-01-09T00:00:00Z,2023-01-09T23:59:59Z,86400,86400,0,1.0,0.999378681,0.999999642,0.000971548,0,0,0,0,-0.0,2.988747,21.685538,-8.44555e-12,0.002988748,0.02168555,False,0.025834,False
2023-01-10,RS01SUM1-LJ01B-09-PRESTB102,2,True,2023-01-10T00:00:00Z,2023-01-10T23:59:59Z,86400,86400,0,1.0,0.999401093,0.999999737,-0.003047128,0,0,0,0,-0.0,2.877462,23.444591,-8.19626e-11,0.002877462,0.0234446,False,0.026164,False
2023-01-11,RS01SUM1-LJ01B-09-PRESTB102,2,True,2023-01-11T00:00:00Z,2023-01-11T20:27:10Z,73631,73631,0,1.0,0.99938798,0.999999609,0.000219448,0,0,0,0,-0.0,2.954555,20.385721,-3.214159e-11,0.002954556,0.02038573,False,0.022145,False
2023-01-12,RS01SUM1-LJ01B-09-PRESTB102,2,False,,,0,0,,1.0,,,,,,,,,,,,,,,,False
2023-01-13,RS01SUM1-LJ01B-09-PRESTB102,2,True,2023-01-13T01:26:23Z,2023-01-13T23:59:59Z,81207,81217,10,1.0,0.999431133,0.999999704,0.003739731,1,10,1,10,0.0,2.848199,21.653252,2.952857e-12,0.0028482,0.02165326,False,0.023353,True
2023-01-14,RS01SUM1-LJ01B-09-PRESTB102,2,True,2023-01-14T00:00:00Z,2023-01-14T23:59:59Z,86400,86400,0,1.0,0.999427795,0.999999696,-0.000983316,0,0,0,0,-0.0,3.025187,22.931857,-1.083376e-10,0.003025188,0.02293186,False,0.0232,False
2023-01-15,RS01SUM1-LJ01B-09-PRESTB102,2,True,2023-01-15T00:00:00Z,2023-01-15T23:59:59Z,86400,86400,0,1.0,0.999430656,0.999999721,0.000969779,0,0,0,0,-0.0,3.001797,21.312916,-3.109834e-11,0.003001798,0.02131292,False,0.021502,False
2023-01-16,RS01SUM1-LJ01B-09-PRESTB102,2,True,2023-01-16T00:00:00Z,2023-01-16T23:59:59Z,86400,86400,0,1.0,0.999432087,0.999999677,0.003178584,0,0,0,0,-0.0,2.930863,22.80319,-2.530718e-11,0.002930864,0.0228032,False,0.0255,False
2023-01-17,RS01SUM1-LJ01B-09-PRESTB102,2,True,2023-01-17T00:00:00Z,2023-01-17T23:59:59Z,86400,86400,0,1.0,0.999425411,0.999999745,0.000696381,0,0,0,0,-0.0,2.920356,24.240168,-1.044034e-10,0.002920357,0.02424017,False,0.027047,False
2023-01-18,RS01SUM1-LJ01B-09-PRESTB102,2,True,2023-01-18T00:00:00Z,2023-01-18T23:59:59Z,86400,86400,0,1.0,0.999443054,0.999999725,0.002185701,0,0,0,0,-0.0,2.913227,22.240259,-5.631623e-11,0.002913228,0.02224026,False,0.021905,False
2023-01-19,RS01SUM1-LJ01B-09-PRESTB102,2,True,2023-01-19T00:00:00Z,2023-01-19T23:59:59Z,86400,86400,0,1.0,0.999581814,0.999999718,-0.011736866,0,0,0,0,-0.0,2.860731,23.127891,-4.221817e-11,0.002860732,0.0231279,False,0.024683,False
2023-01-20,RS01SUM1-LJ01B-09-PRESTB102,2,True,2023-01-20T00:00:00Z,2023-01-20T23:59:59Z,86400,86400,0,1.0,0.999453068,0.999999745,0.001526664,0,0,0,0,-0.0,2.898715,22.902134,-3.897057e-11,0.002898715,0.02290214,False,0.025697,False
2023-01-21,RS01SUM1-LJ01B-09-PRESTB102,2,True,2023-01-21T00:00:00Z,2023-01-21T23:59:59Z,86400,86400,0,1.0,0.999444962,0.999999711,-0.004009375,0,0,0,0,-0.0,3.01558,21.739826,-2.091348e-11,0.003015581,0.02173983,False,0.021664,False
2023-01-22,RS01SUM1-LJ01B-09-PRESTB102,2,True,2023-01-22T00:00:00Z,2023-01-22T23:59:59Z,86400,86400,0,1.0,0.999444008,0.999999687,-0.001207403,0,0,0,0,-0.0,2.937053,23.48965,-4.413915e-11,0.002937053,0.02348966,False,0.026022,False
2023-01-23,RS01SUM1-LJ01B-09-PRESTB102,2,True,2023-01-23T00:00:00Z,2023-01-23T23:59:59Z,86400,86400,0,1.0,0.999454021,0.999999713,-0.000146469,0,0,0,0,-0.0,3.018517,23.160305,-4.37298e-11,0.003018517,0.02316031,False,0.024687,False
2023-01-24,RS01SUM1-LJ01B-09-PRESTB102,2,True,2023-01-24T00:00:00Z,2023-01-24T23:59:59Z,86400,86400,0,1.0,0.999435902,0.999999678,-0.000682509,0,0,0,0,0.0,2.826669,20.800181,2.665779e-11,0.00282667,0.02080019,False,0.021393,False
2023-01-25,RS01SUM1-LJ01B-09-PRESTB102,2,True,2023-01-25T00:00:00Z,2023-01-25T23:59:59Z,86400,86400,0,1.0,0.999429226,0.999999696,-0.001066257,0,0,0,0,-0.0,2.86591,22.041308,-7.65236e-11,0.002865911,0.02204132,False,0.026682,False
2023-01-26,RS01SUM1-LJ01B-09-PRESTB102,2,True,2023-01-26T00:00:00Z,2023-01-26T23:59:59Z,86400,86400,0,1.0,0.999582291,0.999999717,-1.218e-06,0,0,0,0,-0.0,3.031917,21.8423,-5.94095e-11,0.003031918,0.02184231,False,0.023308,False
2023-01-27,RS01SUM1-LJ01B-09-PRESTB102,2,True,2023-01-27T00:00:00Z,2023-01-27T23:59:59Z,86400,86400,0,1.0,0.99944973,0.999999699,-0.001469671,0,0,0,0,-0.0,2.946016,23.661016,-4.448082e-11,0.002946017,0.02366102,False,0.026658,False
2023-01-28,RS01SUM1-LJ01B-09-PRESTB102,2,True,2023-01-28T00:00:00Z,2023-01-28T23:59:59Z,86400,86400,0,1.0,0.999430656,0.999999704,0.003861596,0,0,0,0,-0.0,3.297591,22.708704,-2.31012e-11,0.003297592,0.02270871,False,0.021363,False
2023-01-29,RS01SUM1-LJ01B-09-PRESTB102,2,True,2023-01-29T00:00:00Z,2023-01-29T23:59:59Z,86400,86400,0,1.0,0.999426365,0.999999683,-0.000935761,0,0,0,0,-0.0,2.920973,21.893703,-1.876397e-11,0.002920974,0.02189371,False,0.0266,False
2023-01-30,RS01SUM1-LJ01B-09-PRESTB102,2,True,2023-01-30T00:00:00Z,2023-01-30T23:59:59Z,86400,86400,0,1.0,0.999427319,0.999999647,-0.014325606,0,0,0,0,-0.0,2.969971,22.839101,-1.10263e-10,0.002969972,0.02283911,False,0.025954,False
2023-01-31,RS01SUM1-LJ01B-09-PRESTB102,2,True,2023-01-31T00:00:00Z,2023-01-31T23:59:59Z,86400,86400,0,1.0,0.999433994,0.999999672,-0.000556769,0,0,0,0,-0.0,2.893621,23.398203,-1.953138e-11,0.002893622,0.02339821,False,0.025428,False
2023-02-01,RS01SUM1-LJ01B-09-PRESTB102,2,True,2023-02-01T00:00:00Z,2023-02-01T23:59:59Z,86400,86400,0,1.0,0.999444008,0.99999967,-0.001569387,0,0,0,0,0.0,2.895554,22.118136,4.688379e-11,0.002895555,0.02211814,False,0.027766,False
2023-02-02,RS01SUM1-LJ01B-09-PRESTB102,2,True,2023-02-02T00:00:00Z,2023-02-02T23:59:59Z,86400,86400,0,1.0,0.999566078,0.999999611,-0.000678067,0,0,0,0,0.0,2.841206,21.779569,3.310517e-11,0.002841207,0.02177958,False,0.024003,False
2023-02-03,RS01SUM1-LJ01B-09-PRESTB102,2,True,2023-02-03T00:00:00Z,2023-02-03T23:59:59Z,86400,86400,0,1.0,0.999432087,0.999999641,0.000287263,0,0,0,0,-0.0,2.9792,21.874458,-9.941538e-11,0.002979201,0.02187447,False,0.02609,False
2023-02-04,RS01SUM1-LJ01B-09-PRESTB102,2,True,2023-02-04T00:00:00Z,2023-02-04T23:59:59Z,86400,86400,0,1.0,0.999448299,0.999999595,0.000833782,0,0,0,0,-0.0,2.887763,23.174918,-1.047533e-11,0.002887764,0.02317493,False,0.023254,False
2023-02-05,RS01SUM1-LJ01B-09-PRESTB102,2,True,2023-02-05T00:00:00Z,2023-02-05T23:59:59Z,86400,86400,0,1.0,0.999427319,0.999999662,1.1111e-05,0,0,0,0,-0.0,2.840508,21.490427,-2.014574e-11,0.002840509,0.02149043,False,0.025288,False
2023-02-06,RS01SUM1-LJ01B-09-PRESTB102,2,True,2023-02-06T00:00:00Z,2023-02-06T23:59:59Z,86401,86401,0,1.0,0.999437809,0.999999629,0.003663975,0,0,3,3,-0.0,2.992066,23.447167,-1.743971e-11,0.002992067,0.02344718,False,0.021334,False
2023-02-07,RS01SUM1-LJ01B-09-PRESTB102,2,True,2023-02-07T00:00:00Z,2023-02-07T23:59:59Z,86039,86400,361,1.0,0.999426842,0.999999647,0.002444807,17,361,17,377,0.0,2.902767,21.772012,3.557579e-11,0.002902768,0.02177202,False,0.209558,True
2023-02-08,RS01SUM1-LJ01B-09-PRESTB102,2,True,2023-02-08T00:00:00Z,2023-02-08T23:59:59Z,86400,86400,0,1.0,0.999433041,0.999999701,0.00239207,0,0,0,0,-0.0,2.857967,22.637844,-1.539675e-11,0.002857968,0.02263785,False,0.027074,False
2023-02-09,RS01SUM1-LJ01B-09-PRESTB102,2,True,2023-02-09T00:00:00Z,2023-02-09T23:59:59Z,86400,86400,0,1.0,0.999582767,0.999999633,0.002882349,0,0,0,0,0.0,3.434422,23.574628,1.272546e-12,0.003434423,0.02357464,False,0.02354,False
2023-02-10,RS01SUM1-LJ01B-09-PRESTB102,2,True,2023-02-10T00:00:00Z,2023-02-10T23:59:59Z,86400,86400,0,1.0,0.999453068,0.999999661,-0.010039635,0,0,0,0,-0.0,2.874498,23.401065,-2.165445e-11,0.002874498,0.02340107,False,0.026529,False
2023-02-11,RS01SUM1-LJ01B-09-PRESTB102,2,True,2023-02-11T00:00:00Z,2023-02-11T23:59:59Z,86400,86400,0,1.0,0.999432564,0.999999671,-0.004127757,0,0,0,0,0.0,3.312511,23.195372,7.951009e-12,0.003312513,0.02319538,False,0.026104,False
2023-02-12,RS01SUM1-LJ01B-09-PRESTB102,2,True,2023-02-12T00:00:00Z,2023-02-12T23:59:59Z,86400,86400,0,1.0,0.999431133,0.999999694,-0.002169018,0,0,0,0,-0.0,2.930382,23.534819,-4.177742e-12,0.002930382,0.02353483,False,0.02401,False
2023-02-13,RS01SUM1-LJ01B-09-PRESTB102,2,True,2023-02-13T00:00:00Z,2023-02-13T23:59:59Z,86400,86400,0,1.0,0.999433994,0.999999631,-0.000570239,0,0,0,0,-0.0,2.925976,22.342683,-1.011795e-12,0.002925977,0.02234269,False,0.026518,False
2023-02-14,RS01SUM1-LJ01B-09-PRESTB102,2,True,2023-02-14T00:00:00Z,2023-02-14T23:59:59Z,86400,86400,0,1.0,0.999433041,0.999999651,0.001161115,0,0,0,0,0.0,2.830183,22.767377,6.937485e-12,0.002830183,0.02276739,False,0.026093,False
2023-02-15,RS01SUM1-LJ01B-09-PRESTB102,2,True,2023-02-15T00:00:00Z,2023-02-15T23:59:59Z,86400,86400,0,1.0,0.999441147,0.999999695,0.000883788,0,0,0,0,-0.0,2.912487,21.658235,-2.426166e-11,0.002912488,0.02165824,False,0.02135,False
2023-02-16,RS01SUM1-LJ01B-09-PRESTB102,2,True,2023-02-16T00:00:00Z,2023-02-16T23:59:59Z,86400,86400,0,1.0,0.999577045,0.99999965,0.002373523,0,0,0,0,-0.0,3.518529,22.880944,-7.558252e-12,0.003518531,0.02288095,False,0.022712,False
2023-02-17,RS01SUM1-LJ01B-09-PRESTB102,2,True,2023-02-17T00:00:00Z,2023-02-17T23:59:59Z,86400,86400,0,1.0,0.999444962,0.999999628,0.001179803,0,0,0,0,-0.0,3.334637,23.777092,-7.683165e-11,0.003334638,0.0237771,False,0.025976,False
2023-02-18,RS01SUM1-LJ01B-09-PRESTB102,2,True,2023-02-18T00:00:00Z,2023-02-18T23:59:59Z,86400,86400,0,1.0,0.999440193,0.999999646,0.00369663,0,0,0,0,-0.0,3.134628,21.783315,-1.7093e-11,0.003134629,0.02178332,False,0.022864,False
2023-02-19,RS01SUM1-LJ01B-09-PRESTB102,2,True,2023-02-19T00:00:00Z,2023-02-19T23:59:59Z,86400,86400,0,1.0,0.999434948,0.999999665,0.000962935,0,0,0,0,-0.0,2.839041,22.584678,-1.903624e-11,0.002839042,0.02258469,False,0.026079,False
2023-02-20,RS01SUM1-LJ01B-09-PRESTB102,2,True,2023-02-20T00:00:00Z,2023-02-20T23:59:59Z,86400,86400,0,1.0,0.999443054,0.999999626,-0.001585735,0,0,0,0,-0.0,2.893156,21.952049,-7.852787e-12,0.002893157,0.02195206,False,0.026055,False
2023-02-21,RS01SUM1-LJ01B-09-PRESTB102,2,True,2023-02-21T00:00:00Z,2023-02-21T23:59:59Z,86400,86400,0,1.0,0.999433041,0.999999665,-0.010900561,0,0,0,0,-0.0,2.828498,23.321246,-1.705415e-11,0.002828499,0.02332125,False,0.026591,False
2023-02-22,RS01SUM1-LJ01B-09-PRESTB102,2,True,2023-02-22T00:00:00Z,2023-02-22T23:59:59Z,52212,86409,34197,1.0,0.999454021,0.99988172,1.513204449,163,34197,163,34199,-0.0,1298.411648,4376.936092,-1.275452e-11,1.298565,4.377454,True,0.492572,True
2023-02-23,RS01SUM1-LJ01B-09-PRESTB102,2,True,2023-02-23T00:00:00Z,2023-02-23T23:59:59Z,86400,86400,0,1.0,0.999573231,0.999999676,0.001765029,0,0,0,0,-0.0,2.849403,23.90397,-5.822695e-11,0.002849404,0.02390398,False,0.024438,False
2023-02-24,RS01SUM1-LJ01B-09-PRESTB102,2,True,2023-02-24T00:00:00Z,2023-02-24T23:59:59Z,86400,86400,0,1.0,0.999447346,0.999999611,0.001974219,0,0,0,0,-0.0,2.854631,21.529348,-4.631758e-11,0.002854633,0.02152936,False,0.023817,False
2023-02-25,RS01SUM1-LJ01B-09-PRESTB102,2,True,2023-02-25T00:00:00Z,2023-02-25T23:59:59Z,86400,86400,0,1.0,0.99943161,0.999999676,0.001011431,0,0,0,0,-0.0,2.837034,23.272789,-7.367055e-11,0.002837035,0.0232728,False,0.026039,False
2023-02-26,RS01SUM1-LJ01B-09-PRESTB102,2,True,2023-02-26T00:00:00Z,2023-02-26T23:59:59Z,86400,86400,0,1.0,0.999433994,0.99999967,0.00410739,0,0,0,0,-0.0,2.883569,21.981978,-4.453513e-11,0.00288357,0.02198198,False,0.024193,False
2023-02-27,RS01SUM1-LJ01B-09-PRESTB102,2,True,2023-02-27T00:00:00Z,2023-02-27T23:59:59Z,86400,86400,0,1.0,0.999439716,0.999999634,-0.00335544,0,0,0,0,0.0,2.963306,24.053741,5.058664e-12,0.002963307,0.02405375,False,0.02604,False
2023-02-28,RS01SUM1-LJ01B-09-PRESTB102,2,True,2023-02-28T00:00:00Z,2023-02-28T23:59:59Z,86400,86400,0,1.0,0.999446869,0.999999668,0.004262228,0,0,0,0,-0.0,2.923571,22.81709,-2.450333e-11,0.002923572,0.0228171,False,0.026589,False
2023-03-01,RS01SUM1-LJ01B-09-PRESTB102,2,True,2023-03-01T00:00:00Z,2023-03-01T23:59:59Z,86400,86400,0,1.0,0.999428749,0.999999696,0.00134733,0,0,0,0,-0.0,2.979929,22.491971,-2.154366e-11,0.00297993,0.02249198,False,0.026134,False
2023-03-02,RS01SUM1-LJ01B-09-PRESTB102,2,True,2023-03-02T00:00:00Z,2023-03-02T23:59:59Z,86400,86400,0,1.0,0.999569893,0.999999625,0.003532995,0,0,0,0,-0.0,2.901543,20.997833,-1.642365e-11,0.002901544,0.02099784,False,0.025869,False
2023-03-03,RS01SUM1-LJ01B-09-PRESTB102,2,True,2023-03-03T00:00:00Z,2023-03-03T23:59:59Z,86400,86400,0,1.0,0.999442101,0.999999618,0.004924582,0,0,0,0,-0.0,2.930013,22.220617,-2.885139e-11,0.002930014,0.02222063,False,0.024182,False
2023-03-04,RS01SUM1-LJ01B-09-PRESTB102,2,True,2023-03-04T00:00:00Z,2023-03-04T23:59:59Z,86400,86400,0,1.0,0.999447346,0.999999606,-0.01084284,0,0,0,0,-0.0,2.850862,22.409201,-4.241039e-11,0.002850863,0.02240921,False,0.024825,False
2023-03-05,RS01SUM1-LJ01B-09-PRESTB102,2,True,2023-03-05T00:00:00Z,2023-03-05T23:59:59Z,86400,86400,0,1.0,0.999433994,0.99999966,0.006480155,0,0,0,0,-0.0,3.066436,22.816628,-3.183435e-11,0.003066437,0.02281664,False,0.026807,False
2023-03-06,RS01SUM1-LJ01B-09-PRESTB102,2,True,2023-03-06T00:00:00Z,2023-03-06T23:59:59Z,86400,86400,0,1.0,0.999431133,0.99999964,-0.003744198,0,0,0,0,-0.0,2.885043,22.810838,-1.132613e-10,0.002885044,0.02281085,False,0.023957,False
2023-03-07,RS01SUM1-LJ01B-09-PRESTB102,2,True,2023-03-07T00:00:00Z,2023-03-07T23:59:59Z,86400,86400,0,1.0,0.999433994,0.999999643,-0.001413294,0,0,0,0,-0.0,2.897755,20.292306,-5.515189e-11,0.002897756,0.02029231,False,0.021415,False
2023-03-08,RS01SUM1-LJ01B-09-PRESTB102,2,True,2023-03-08T00:00:00Z,2023-03-08T23:59:59Z,86400,86400,0,1.0,0.999433041,0.999999677,-0.000647229,0,0,0,0,-0.0,2.866133,21.484592,-2.342616e-11,0.002866134,0.0214846,False,0.024796,False
2023-03-09,RS01SUM1-LJ01B-09-PRESTB102,2,True,2023-03-09T00:00:00Z,2023-03-09T23:59:59Z,86400,86400,0,1.0,0.999610901,0.999999688,0.001764086,0,0,0,0,-0.0,2.835656,22.964779,-4.288048e-11,0.002835657,0.02296479,False,0.025235,False
2023-03-10,RS01SUM1-LJ01B-09-PRESTB102,2,True,2023-03-10T00:00:00Z,2023-03-10T23:59:59Z,86400,86400,0,1.0,0.999456406,0.99999967,-0.002898401,0,0,0,0,-0.0,2.813792,20.38331,-9.082085e-11,0.002813793,0.02038332,False,0.021379,False
2023-03-11,RS01SUM1-LJ01B-09-PRESTB102,2,True,2023-03-11T00:00:00Z,2023-03-11T23:59:59Z,86400,86400,0,1.0,0.999433994,0.999999662,0.001601574,0,0,0,0,-0.0,2.817267,22.636533,-7.76505e-11,0.002817268,0.02263654,False,0.025364,False
2023-03-12,RS01SUM1-LJ01B-09-PRESTB102,2,True,2023-03-12T00:00:00Z,2023-03-12T23:59:59Z,86401,86401,0,1.0,0.999438763,0.999999691,-0.003148193,0,0,15,15,-0.0,3.009173,21.840007,-3.134289e-11,0.003009174,0.02184001,False,0.025522,False
2023-03-13,RS01SUM1-LJ01B-09-PRESTB102,2,True,2023-03-13T00:00:00Z,2023-03-13T23:59:59Z,86400,86400,0,1.0,0.999436378,0.999999646,-0.00086416,0,0,0,0,-0.0,3.223823,22.373982,-1.391366e-10,0.003223824,0.02237399,False,0.026067,False
2023-03-14,RS01SUM1-LJ01B-09-PRESTB102,2,True,2023-03-14T00:00:00Z,2023-03-14T23:59:59Z,86400,86400,0,1.0,0.999440193,0.999999697,-0.001856932,0,0,0,0,-0.0,3.045735,23.420308,-6.76724e-11,0.003045736,0.02342031,False,0.026758,False
2023-03-15,RS01SUM1-LJ01B-09-PRESTB102,2,True,2023-03-15T00:00:00Z,2023-03-15T23:59:59Z,86400,86400,0,1.0,0.999433994,0.999999669,-0.009811646,0,0,0,0,-0.0,3.18278,23.044338,-7.47712e-11,0.003182781,0.02304435,False,0.025441,False
2023-03-16,RS01SUM1-LJ01B-09-PRESTB102,2,True,2023-03-16T00:00:00Z,2023-03-16T23:59:59Z,86400,86400,0,1.0,0.999563217,0.999999686,0.000858734,0,0,0,0,-0.0,2.821203,23.220278,-3.882365e-11,0.002821204,0.02322029,False,0.025853,False
2023-03-17,RS01SUM1-LJ01B-09-PRESTB102,2,True,2023-03-17T00:00:00Z,2023-03-17T23:59:59Z,86400,86400,0,1.0,0.999450684,0.999999688,-0.000416351,0,0,0,0,-0.0,3.011393,23.082628,-7.318751e-11,0.003011394,0.02308264,False,0.024673,False
2023-03-18,RS01SUM1-LJ01B-09-PRESTB102,2,True,2023-03-18T00:00:00Z,2023-03-18T23:59:59Z,86400,86400,0,1.0,0.99943018,0.99999965,-0.00331238,0,0,0,0,-0.0,2.899661,23.432658,-4.163144e-11,0.002899662,0.02343267,False,0.023843,False
2023-03-19,RS01SUM1-LJ01B-09-PRESTB102,2,True,2023-03-19T00:00:00Z,2023-03-19T23:59:59Z,86400,86400,0,1.0,0.99944973,0.999999698,-0.003201792,0,0,0,0,0.0,2.875592,21.583535,3.245914e-12,0.002875593,0.02158354,False,0.023465,False
2023-03-20,RS01SUM1-LJ01B-09-PRESTB102,2,True,2023-03-20T00:00:00Z,2023-03-20T23:59:59Z,86400,86400,0,1.0,0.999428749,0.999999672,-0.000103243,0,0,0,0,-0.0,2.961434,22.124511,-2.978176e-11,0.002961435,0.02212452,False,0.024599,False
2023-03-21,RS01SUM1-LJ01B-09-PRESTB102,2,True,2023-03-21T00:00:00Z,2023-03-21T23:59:59Z,86400,86400,0,1.0,0.999444962,0.999999743,0.00045316,0,0,0,0,-0.0,3.047836,21.640663,-6.387548e-11,0.003047837,0.02164067,False,0.021857,False
2023-03-22,RS01SUM1-LJ01B-09-PRESTB102,2,True,2023-03-22T00:00:00Z,2023-03-22T23:59:59Z,86400,86400,0,1.0,0.999444008,0.999999664,-0.001033655,0,0,0,0,-0.0,3.212396,22.540888,-4.250621e-11,0.003212397,0.0225409,False,0.021138,False
2023-03-23,RS01SUM1-LJ01B-09-PRESTB102,2,True,2023-03-23T00:00:00Z,2023-03-23T23:59:59Z,86400,86400,0,1.0,0.999575138,0.999999721,-0.000204931,0,0,0,0,-0.0,2.846754,21.379129,-8.059461e-12,0.002846755,0.02137914,False,0.02435,False
2023-03-24,RS01SUM1-LJ01B-09-PRESTB102,2,True,2023-03-24T00:00:00Z,2023-03-24T23:59:59Z,86400,86400,0,1.0,0.999443054,0.999999636,0.000995194,0,0,0,0,-0.0,2.864157,22.540562,-7.312318e-11,0.002864158,0.02254057,False,0.024665,False
2023-03-25,RS01SUM1-LJ01B-09-PRESTB102,2,True,2023-03-25T00:00:00Z,2023-03-25T23:59:59Z,86400,86400,0,1.0,0.999433041,0.99999971,0.002391045,0,0,0,0,-0.0,2.867695,21.490222,-9.600622e-11,0.002867696,0.02149023,False,0.022656,False
2023-03-26,RS01SUM1-LJ01B-09-PRESTB102,2,True,2023-03-26T00:00:00Z,2023-03-26T23:59:59Z,86400,86400,0,1.0,0.999447823,0.999999682,-0.01484901,0,0,0,0,-0.0,2.943394,20.487324,-8.266613e-11,0.002943394,0.02048733,False,0.02151,False
2023-03-27,RS01SUM1-LJ01B-09-PRESTB102,2,True,2023-03-27T00:00:00Z,2023-03-27T23:59:59Z,86400,86400,0,1.0,0.999442101,0.999999737,-0.001686549,0,0,0,0,-0.0,2.869296,22.979179,-9.147936e-11,0.002869296,0.02297918,False,0.02471,False
2023-03-28,RS01SUM1-LJ01B-09-PRESTB102,2,True,2023-03-28T00:00:00Z,2023-03-28T23:59:59Z,86400,86400,0,1.0,0.999436855,0.999999653,-0.002048198,0,0,0,0,-0.0,2.896241,22.317416,-3.91847e-11,0.002896242,0.02231742,False,0.025333,False
2023-03-29,RS01SUM1-LJ01B-09-PRESTB102,2,True,2023-03-29T00:00:00Z,2023-03-29T23:59:59Z,86400,86400,0,1.0,0.999434948,0.999999635,-0.000274296,0,0,0,0,-0.0,2.884035,21.838836,-4.669666e-11,0.002884036,0.02183884,False,0.022229,False
2023-03-30,RS01SUM1-LJ01B-09-PRESTB102,2,True,2023-03-30T00:00:00Z,2023-03-30T23:59:59Z,86400,86400,0,1.0,0.999572754,0.999999645,0.003383114,0,0,0,0,-0.0,2.857829,23.549786,-5.761618e-11,0.00285783,0.02354979,False,0.026334,False
2023-03-31,RS01SUM1-LJ01B-09-PRESTB102,2,True,2023-03-31T00:00:00Z,2023-03-31T23:59:59Z,86400,86400,0,1.0,0.999444962,0.999999625,0.001762561,0,0,0,0,-0.0,2.822457,23.073929,-3.691431e-11,0.002822458,0.02307394,False,0.026638,False
2023-04-01,RS01SUM1-LJ01B-09-PRESTB102,2,True,2023-04-01T00:00:00Z,2023-04-01T23:59:59Z,86400,86400,0,1.0,0.999431133,0.999999635,0.001838508,0,0,0,0,-0.0,2.82771,22.627545,-8.829469e-11,0.002827711,0.02262755,False,0.026606,False
2023-04-02,RS01SUM1-LJ01B-09-PRESTB102,2,True,2023-04-02T00:00:00Z,2023-04-02T23:59:59Z,86400,86400,0,1.0,0.999432087,0.999999697,0.002411324,0,0,0,0,-0.0,3.245591,23.881522,-5.633633e-11,0.003245592,0.02388153,False,0.026698,False
2023-04-03,RS01SUM1-LJ01B-09-PRESTB102,2,True,2023-04-03T00:00:00Z,2023-04-03T23:59:59Z,86400,86400,0,1.0,0.999436378,0.999999644,0.00365766,0,0,0,0,-0.0,2.933872,23.007942,-6.793965e-11,0.002933873,0.02300795,False,0.026683,False
2023-04-04,RS01SUM1-LJ01B-09-PRESTB102,2,True,2023-04-04T00:00:00Z,2023-04-04T23:59:59Z,86400,86400,0,1.0,0.999435902,0.999999645,0.001817034,0,0,0,0,0.0,3.015438,22.485024,2.348574e-12,0.003015439,0.02248503,False,0.021955,False
2023-04-05,RS01SUM1-LJ01B-09-PRESTB102,2,True,2023-04-05T00:00:00Z,2023-04-05T23:59:59Z,86400,86400,0,1.0,0.999444008,0.999999644,0.000738378,0,0,0,0,-0.0,2.855017,22.378706,-7.01472e-11,0.002855018,0.02237871,False,0.025578,False
2023-04-06,RS01SUM1-LJ01B-09-PRESTB102,2,True,2023-04-06T00:00:00Z,2023-04-06T23:59:59Z,86400,86400,0,1.0,0.999587059,0.999999711,0.001499278,0,0,0,0,-0.0,2.881045,21.289819,-5.138122e-11,0.002881045,0.02128982,False,0.021981,False
2023-04-07,RS01SUM1-LJ01B-09-PRESTB102,2,True,2023-04-07T00:00:00Z,2023-04-07T23:59:59Z,86400,86400,0,1.0,0.999446869,0.999999674,0.003817698,0,0,0,0,-0.0,3.011463,23.276955,-4.064573e-11,0.003011464,0.02327696,False,0.025614,False
2023-04-08,RS01SUM1-LJ01B-09-PRESTB102,2,True,2023-04-08T00:00:00Z,2023-04-08T23:59:59Z,86400,86400,0,1.0,0.999429226,0.999999668,0.000982355,0,0,0,0,-0.0,2.832662,22.908409,-2.849658e-11,0.002832663,0.02290842,False,0.025664,False
2023-04-09,RS01SUM1-LJ01B-09-PRESTB102,2,True,2023-04-09T00:00:00Z,2023-04-09T23:59:59Z,86400,86400,0,1.0,0.999440193,0.999999641,-0.00027967,0,0,0,0,-0.0,3.161766,22.719584,-4.717514e-11,0.003161767,0.02271959,False,0.025996,False
2023-04-10,RS01SUM1-LJ01B-09-PRESTB102,2,True,2023-04-10T00:00:00Z,2023-04-10T23:59:59Z,86400,86400,0,1.0,0.999443054,0.999999639,0.001028198,0,0,0,0,0.0,2.867506,21.587886,1.609316e-11,0.002867507,0.02158789,False,0.026124,False
2023-04-11,RS01SUM1-LJ01B-09-PRESTB102,2,True,2023-04-11T00:00:00Z,2023-04-11T23:59:59Z,86400,86400,0,1.0,0.999426842,0.999999655,-0.00028976,0,0,0,0,-0.0,2.937355,22.041197,-9.412232e-11,0.002937356,0.0220412,False,0.026215,False
2023-04-12,RS01SUM1-LJ01B-09-PRESTB102,2,True,2023-04-12T00:00:00Z,2023-04-12T23:59:59Z,86400,86400,0,1.0,0.99943018,0.999999617,0.000962876,0,0,0,0,-0.0,2.814276,21.97547,-1.998431e-11,0.002814277,0.02197548,False,0.026144,False
2023-04-13,RS01SUM1-LJ01B-09-PRESTB102,2,True,2023-04-13T00:00:00Z,2023-04-13T23:59:59Z,86400,86400,0,1.0,0.999569893,0.999999692,0.001214945,0,0,0,0,-0.0,2.858935,20.894518,-2.624884e-12,0.002858936,0.02089452,False,0.024053,False
2023-04-14,RS01SUM1-LJ01B-09-PRESTB102,2,True,2023-04-14T00:00:00Z,2023-04-14T23:59:59Z,86400,86400,0,1.0,0.999451637,0.999999703,-0.00088016,0,0,0,0,-0.0,3.652923,23.617952,-5.458491e-12,0.003652924,0.02361796,False,0.026034,False
2023-04-15,RS01SUM1-LJ01B-09-PRESTB102,2,True,2023-04-15T00:00:00Z,2023-04-15T23:59:59Z,86401,86401,0,1.0,0.999435902,0.999999663,0.002564271,0,0,16,16,0.0,2.862484,22.137928,8.856419e-11,0.002862485,0.02213794,False,0.02471,False
2023-04-16,RS01SUM1-LJ01B-09-PRESTB102,2,True,2023-04-16T00:00:00Z,2023-04-16T23:59:59Z,86400,86400,0,1.0,0.999441147,0.999999675,-0.001213889,0,0,0,0,-0.0,2.810105,22.143838,-8.198433e-11,0.002810106,0.02214385,False,0.026051,False
2023-04-17,RS01SUM1-LJ01B-09-PRESTB102,2,True,2023-04-17T00:00:00Z,2023-04-17T23:59:59Z,86400,86400,0,1.0,0.999423981,0.999999658,-0.012879381,0,0,0,0,-0.0,2.853692,22.732368,-1.423062e-11,0.002853693,0.02273238,False,0.026579,False
2023-04-18,RS01SUM1-LJ01B-09-PRESTB102,2,True,2023-04-18T00:00:00Z,2023-04-18T23:59:59Z,86400,86400,0,1.0,0.999443054,0.999999653,0.003448575,0,0,0,0,0.0,2.820053,21.459066,1.459803e-11,0.002820054,0.02145907,False,0.025568,False
2023-04-19,RS01SUM1-LJ01B-09-PRESTB102,2,True,2023-04-19T00:00:00Z,2023-04-19T23:59:59Z,86400,86400,0,1.0,0.999437809,0.999999664,-0.002464016,0,0,0,0,-0.0,2.834594,22.291564,-7.567147e-11,0.002834595,0.02229157,False,0.022463,False
2023-04-20,RS01SUM1-LJ01B-09-PRESTB102,2,True,2023-04-20T00:00:00Z,2023-04-20T23:59:59Z,86400,86400,0,1.0,0.999565125,0.999999691,0.000518014,0,0,0,0,0.0,2.847367,23.016076,1.461892e-11,0.002847368,0.02301608,False,0.025985,False
2023-04-21,RS01SUM1-LJ01B-09-PRESTB102,2,True,2023-04-21T00:00:00Z,2023-04-21T23:59:59Z,86400,86400,0,1.0,0.99945879,0.999999689,0.002019704,0,0,0,0,-0.0,3.007012,22.181944,-7.19169e-11,0.003007013,0.02218195,False,0.026754,False
2023-04-22,RS01SUM1-LJ01B-09-PRESTB102,2,True,2023-04-22T00:00:00Z,2023-04-22T23:59:59Z,86400,86400,0,1.0,0.999445915,0.999999666,0.001599721,0,0,0,0,-0.0,2.815093,22.706472,-1.901942e-11,0.002815094,0.02270648,False,0.022432,False
2023-04-23,RS01SUM1-LJ01B-09-PRESTB102,2,True,2023-04-23T00:00:00Z,2023-04-23T23:59:59Z,86400,86400,0,1.0,0.999456882,0.999999662,0.003082754,0,0,0,0,-0.0,2.821987,22.968282,-6.448437e-11,0.002821988,0.02296829,False,0.024026,False
2023-04-24,RS01SUM1-LJ01B-09-PRESTB102,2,True,2023-04-24T00:00:00Z,2023-04-24T23:59:59Z,86400,86400,0,1.0,0.999423027,0.999999644,0.00144406,0,0,0,0,-0.0,2.907014,21.980982,-4.865332e-11,0.002907015,0.02198099,False,0.024764,False
2023-04-25,RS01SUM1-LJ01B-09-PRESTB102,2,True,2023-04-25T00:00:00Z,2023-04-25T23:59:59Z,86400,86400,0,1.0,0.999432087,0.999999632,0.001133611,0,0,0,0,-0.0,2.89427,22.365056,-9.52818e-11,0.002894271,0.02236506,False,0.02405,False
2023-04-26,RS01SUM1-LJ01B-09-PRESTB102,2,True,2023-04-26T00:00:00Z,2023-04-26T23:59:59Z,86159,86400,241,1.0,0.999435902,0.999999691,0.000177329,1,241,1,241,0.0,2.905817,22.103887,5.407647e-11,0.002905818,0.02210389,False,0.136949,True
2023-04-27,RS01SUM1-LJ01B-09-PRESTB102,2,True,2023-04-27T00:00:00Z,2023-04-27T23:59:59Z,86400,86400,0,1.0,0.9995718,0.999999704,0.001445511,0,0,0,0,-0.0,2.966403,21.979153,-6.545503e-11,0.002966404,0.02197916,False,0.026243,False
2023-04-28,RS01SUM1-LJ01B-09-PRESTB102,2,True,2023-04-28T00:00:00Z,2023-04-28T23:59:59Z,86400,86400,0,1.0,0.999450207,0.999999701,-0.005640794,0,0,0,0,-0.0,4.169207,24.288473,-5.59935e-11,0.004169208,0.02428848,False,0.02142,False
2023-04-29,RS01SUM1-LJ01B-09-PRESTB102,2,True,2023-04-29T00:00:00Z,2023-04-29T23:59:59Z,86400,86400,0,1.0,0.999447823,0.999999693,0.002093046,0,0,0,0,-0.0,3.105487,24.800535,-3.801422e-11,0.003105488,0.02480054,False,0.025374,False
2023-04-30,RS01SUM1-LJ01B-09-PRESTB102,2,True,2023-04-30T00:00:00Z,2023-04-30T23:59:59Z,86400,86400,0,1.0,0.999430656,0.999999722,0.000714141,0,0,0,0,0.0,2.808934,21.541406,1.535995e-11,0.002808935,0.02154141,False,0.02476,False
2023-05-01,RS01SUM1-LJ01B-09-PRESTB102,2,True,2023-05-01T00:00:00Z,2023-05-01T23:59:59Z,86400,86400,0,1.0,0.999429703,0.999999687,-0.001586615,0,0,0,0,0.0,3.073771,23.376327,6.606376e-12,0.003073772,0.02337633,False,0.022498,False
2023-05-02,RS01SUM1-LJ01B-09-PRESTB102,2,True,2023-05-02T00:00:00Z,2023-05-02T23:59:59Z,86400,86400,0,1.0,0.999433041,0.99999971,0.000787002,0,0,0,0,0.0,3.328854,24.996737,2.681062e-11,0.003328855,0.02499674,False,0.02616,False
2023-05-03,RS01SUM1-LJ01B-09-PRESTB102,2,True,2023-05-03T00:00:00Z,2023-05-03T23:59:59Z,86400,86400,0,1.0,0.999442101,0.999999678,0.002166754,0,0,0,0,-0.0,3.354243,24.030163,-5.670906e-11,0.003354244,0.02403017,False,0.023613,False
2023-05-04,RS01SUM1-LJ01B-09-PRESTB102,2,True,2023-05-04T00:00:00Z,2023-05-04T23:59:59Z,86400,86400,0,1.0,0.999570847,0.999999653,0.00189715,0,0,0,0,-0.0,3.033298,22.831507,-2.700433e-12,0.003033299,0.02283151,False,0.025534,False
2023-05-05,RS01SUM1-LJ01B-09-PRESTB102,2,True,2023-05-05T00:00:00Z,2023-05-05T23:59:59Z,86400,86400,0,1.0,0.999442101,0.999999713,0.001146228,0,0,0,0,-0.0,3.407411,23.163531,-1.496751e-11,0.003407412,0.02316354,False,0.026714,False
2023-05-06,RS01SUM1-LJ01B-09-PRESTB102,2,True,2023-05-06T00:00:00Z,2023-05-06T23:59:59Z,86400,86400,0,1.0,0.99944067,0.999999724,-0.001872808,0,0,0,0,-0.0,3.169745,25.663418,-7.034121e-12,0.003169746,0.02566343,False,0.025343,False
2023-05-07,RS01SUM1-LJ01B-09-PRESTB102,2,True,2023-05-07T00:00:00Z,2023-05-07T23:59:59Z,86400,86400,0,1.0,0.999444962,0.999999701,-0.002260075,0,0,0,0,-0.0,2.884721,21.456388,-4.557126e-11,0.002884722,0.02145639,False,0.024636,False
2023-05-08,RS01SUM1-LJ01B-09-PRESTB102,2,True,2023-05-08T00:00:00Z,2023-05-08T23:59:59Z,86400,86400,0,1.0,0.999434948,0.999999694,0.001407435,0,0,0,0,-0.0,3.062137,22.348534,-3.766433e-11,0.003062138,0.02234854,False,0.026062,False
2023-05-09,RS01SUM1-LJ01B-09-PRESTB102,2,True,2023-05-09T00:00:00Z,2023-05-09T23:59:59Z,86400,86400,0,1.0,0.999438286,0.999999645,0.001725263,0,0,0,0,-0.0,2.850815,21.57616,-2.397738e-11,0.002850816,0.02157617,False,0.023353,False
2023-05-10,RS01SUM1-LJ01B-09-PRESTB102,2,True,2023-05-10T00:00:00Z,2023-05-10T23:59:59Z,86400,86400,0,1.0,0.999422073,0.999999755,-0.00147494,0,0,0,0,-0.0,4.088574,24.683101,-1.022512e-10,0.004088575,0.02468311,False,0.026055,False
2023-05-11,RS01SUM1-LJ01B-09-PRESTB102,2,True,2023-05-11T00:00:00Z,2023-05-11T23:59:59Z,86400,86400,0,1.0,0.99956131,0.999999791,0.002600703,0,0,0,0,-0.0,6.014352,30.338326,-6.49141e-11,0.006014353,0.03033833,False,0.023929,False
2023-05-12,RS01SUM1-LJ01B-09-PRESTB102,2,True,2023-05-12T00:00:00Z,2023-05-12T23:59:59Z,85734,86400,666,1.0,0.999441147,0.999999747,0.000830558,2,666,2,666,-0.0,3.970331,25.100326,-2.487907e-11,0.003970332,0.02510033,False,0.229491,True
2023-05-13,RS01SUM1-LJ01B-09-PRESTB102,2,True,2023-05-13T00:00:00Z,2023-05-13T23:59:59Z,85894,86400,506,1.0,0.999429226,0.999999709,0.007479711,1,506,1,506,0.0,3.327933,24.037979,1.158045e-11,0.003327934,0.02403799,False,0.294336,True
2023-05-14,RS01SUM1-LJ01B-09-PRESTB102,2,True,2023-05-14T00:00:00Z,2023-05-14T23:59:59Z,86400,86400,0,1.0,0.999423981,0.999999685,0.001561809,0,0,0,0,-0.0,3.343616,23.282947,-1.692398e-11,0.003343617,0.02328295,False,0.025284,False
2023-05-15,RS01SUM1-LJ01B-09-PRESTB102,2,True,2023-05-15T00:00:00Z,2023-05-15T23:59:59Z,86400,86400,0,1.0,0.999435902,0.99999966,0.004194227,0,0,0,0,0.0,2.994655,22.329488,9.520808e-12,0.002994656,0.0223295,False,0.026446,False
2023-05-16,RS01SUM1-LJ01B-09-PRESTB102,2,True,2023-05-16T00:00:00Z,2023-05-16T23:59:59Z,86400,86400,0,1.0,0.999434948,0.999999606,-0.000757833,0,0,0,0,0.0,3.164818,22.591275,2.711115e-11,0.00316482,0.02259128,False,0.026197,False
2023-05-17,RS01SUM1-LJ01B-09-PRESTB102,2,True,2023-05-17T00:00:00Z,2023-05-17T23:59:59Z,86400,86400,0,1.0,0.999433041,0.999999677,0.004820678,0,0,0,0,-0.0,2.851991,22.36889,-4.021468e-11,0.002851992,0.0223689,False,0.025991,False
2023-05-18,RS01SUM1-LJ01B-09-PRESTB102,2,True,2023-05-18T00:00:00Z,2023-05-18T23:59:59Z,86400,86400,0,1.0,0.999575138,0.999999671,0.003431978,0,0,0,0,-0.0,3.223641,23.947102,-1.916072e-11,0.003223642,0.02394711,False,0.025083,False
2023-05-19,RS01SUM1-LJ01B-09-PRESTB102,2,True,2023-05-19T00:00:00Z,2023-05-19T23:59:59Z,86400,86400,0,1.0,0.99945116,0.999999702,0.002347916,0,0,0,0,-0.0,2.936077,22.142527,-8.125029e-11,0.002936077,0.02214253,False,0.024802,False
2023-05-20,RS01SUM1-LJ01B-09-PRESTB102,2,True,2023-05-20T00:00:00Z,2023-05-20T23:59:59Z,86400,86400,0,1.0,0.999449253,0.999999729,0.002961544,0,0,0,0,-0.0,3.144618,21.241349,-1.448624e-11,0.003144618,0.02124135,False,0.026838,False
2023-05-21,RS01SUM1-LJ01B-09-PRESTB102,2,True,2023-05-21T00:00:00Z,2023-05-21T23:59:59Z,86400,86400,0,1.0,0.999435902,0.999999652,3.6844e-05,0,0,0,0,-0.0,2.940076,22.178558,-3.325148e-11,0.002940077,0.02217857,False,0.026104,False
2023-05-22,RS01SUM1-LJ01B-09-PRESTB102,2,True,2023-05-22T00:00:00Z,2023-05-22T23:59:59Z,86401,86401,0,1.0,0.999446392,0.999999631,-0.002229471,0,0,20,20,-0.0,2.805544,21.302325,-2.679445e-11,0.002805545,0.02130233,False,0.026036,False
2023-05-23,RS01SUM1-LJ01B-09-PRESTB102,2,True,2023-05-23T00:00:00Z,2023-05-23T23:59:59Z,86400,86400,0,1.0,0.999433994,0.999999588,0.003695541,0,0,0,0,-0.0,3.576381,24.700547,-4.080829e-11,0.003576383,0.02470056,False,0.02613,False
2023-05-24,RS01SUM1-LJ01B-09-PRESTB102,2,True,2023-05-24T00:00:00Z,2023-05-24T23:59:59Z,86400,86400,0,1.0,0.999433041,0.99999961,-0.00120838,0,0,0,0,-0.0,3.095075,22.242625,-1.151486e-10,0.003095077,0.02224263,False,0.022789,False
2023-05-25,RS01SUM1-LJ01B-09-PRESTB102,2,True,2023-05-25T00:00:00Z,2023-05-25T23:59:59Z,86400,86400,0,1.0,0.999566078,0.999999594,-0.000784229,0,0,0,0,-0.0,2.846673,20.753656,-1.23464e-10,0.002846674,0.02075366,False,0.023806,False
2023-05-26,RS01SUM1-LJ01B-09-PRESTB102,2,True,2023-05-26T00:00:00Z,2023-05-26T23:59:59Z,86400,86400,0,1.0,0.999452114,0.999999586,0.001383523,0,0,0,0,-0.0,2.874987,22.092087,-1.64412e-11,0.002874989,0.0220921,False,0.025915,False
2023-05-27,RS01SUM1-LJ01B-09-PRESTB102,2,True,2023-05-27T00:00:00Z,2023-05-27T23:59:59Z,86400,86400,0,1.0,0.999445915,0.999999612,0.000264308,0,0,0,0,-0.0,2.931433,21.473616,-8.012458e-11,0.002931434,0.02147362,False,0.02606,False
2023-05-28,RS01SUM1-LJ01B-09-PRESTB102,2,True,2023-05-28T00:00:00Z,2023-05-28T23:59:59Z,86400,86400,0,1.0,0.999432087,0.999999752,-0.000303961,0,0,0,0,0.0,3.063065,22.435746,1.329569e-11,0.003063066,0.02243575,False,0.02157,False
2023-05-29,RS01SUM1-LJ01B-09-PRESTB102,2,True,2023-05-29T00:00:00Z,2023-05-29T23:59:59Z,86400,86400,0,1.0,0.999437809,0.999999764,0.002845444,0,0,0,0,-0.0,3.352182,21.754073,-1.492397e-11,0.003352183,0.02175408,False,0.023493,False
2023-05-30,RS01SUM1-LJ01B-09-PRESTB102,2,True,2023-05-30T00:00:00Z,2023-05-30T23:59:59Z,86400,86400,0,1.0,0.999426842,0.999999796,-0.002422197,0,0,0,0,-0.0,3.144127,22.069,-5.151219e-11,0.003144128,0.022069,False,0.021445,False
2023-05-31,RS01SUM1-LJ01B-09-PRESTB102,2,True,2023-05-31T00:00:00Z,2023-05-31T23:59:59Z,86400,86400,0,1.0,0.999430656,0.99999982,-0.002513489,0,0,0,0,-0.0,3.178726,23.164256,-6.568175e-11,0.003178726,0.02316426,False,0.023831,False
2023-06-01,RS01SUM1-LJ01B-09-PRESTB102,2,True,2023-06-01T00:00:00Z,2023-06-01T23:59:59Z,86400,86400,0,1.0,0.999578953,0.999999753,0.000366394,0,0,0,0,-0.0,2.908732,23.605177,-1.215374e-10,0.002908733,0.02360518,False,0.025164,False
2023-06-02,RS01SUM1-LJ01B-09-PRESTB102,2,True,2023-06-02T00:00:00Z,2023-06-02T23:59:59Z,86400,86400,0,1.0,0.999447346,0.999999762,-0.004378778,0,0,0,0,-0.0,2.938836,22.480739,-4.957145e-11,0.002938837,0.02248074,False,0.026667,False
2023-06-03,RS01SUM1-LJ01B-09-PRESTB102,2,True,2023-06-03T00:00:00Z,2023-06-03T23:59:59Z,86400,86400,0,1.0,0.999433041,0.999999787,0.002787213,0,0,0,0,-0.0,2.818693,22.001967,-3.565058e-11,0.002818694,0.02200197,False,0.022596,False
2023-06-04,RS01SUM1-LJ01B-09-PRESTB102,2,True,2023-06-04T00:00:00Z,2023-06-04T23:59:59Z,86400,86400,0,1.0,0.999437809,0.999999721,-0.001642082,0,0,0,0,-0.0,2.960003,22.024252,-3.385217e-12,0.002960004,0.02202426,False,0.025007,False
2023-06-05,RS01SUM1-LJ01B-09-PRESTB102,2,True,2023-06-05T00:00:00Z,2023-06-05T23:59:59Z,86400,86400,0,1.0,0.999444962,0.999999662,0.001358107,0,0,0,0,-0.0,3.227574,26.144075,-1.186519e-10,0.003227575,0.02614408,False,0.026726,False
2023-06-06,RS01SUM1-LJ01B-09-PRESTB102,2,True,2023-06-06T00:00:00Z,2023-06-06T23:59:59Z,86400,86400,0,1.0,0.999457836,0.999999737,-0.001732515,0,0,0,0,-0.0,2.853658,22.294309,-4.921548e-11,0.002853659,0.02229432,False,0.025269,False
2023-06-07,RS01SUM1-LJ01B-09-PRESTB102,2,True,2023-06-07T00:00:00Z,2023-06-07T23:59:59Z,86400,86400,0,1.0,0.999439716,0.999999706,-0.000358738,0,0,0,0,0.0,3.268835,23.402509,2.86466e-12,0.003268836,0.02340252,False,0.026714,False
2023-06-08,RS01SUM1-LJ01B-09-PRESTB102,2,True,2023-06-08T00:00:00Z,2023-06-08T23:59:59Z,86400,86400,0,1.0,0.9995718,0.999999677,0.001860625,0,0,0,0,0.0,2.928389,21.121821,4.753202e-11,0.00292839,0.02112183,False,0.02563,False
2023-06-09,RS01SUM1-LJ01B-09-PRESTB102,2,True,2023-06-09T00:00:00Z,2023-06-09T23:59:59Z,85408,86400,992,1.0,0.999457359,0.999999733,0.001179797,3,992,3,992,-0.0,3.060622,24.342014,-1.167291e-11,0.003060623,0.02434202,False,0.349153,True
2023-06-10,RS01SUM1-LJ01B-09-PRESTB102,2,True,2023-06-10T00:00:00Z,2023-06-10T23:59:59Z,86400,86400,0,1.0,0.999437809,0.999999699,-0.000414866,0,0,0,0,-0.0,3.096431,22.603226,-1.040476e-10,0.003096432,0.02260323,False,0.026114,False
2023-06-11,RS01SUM1-LJ01B-09-PRESTB102,2,True,2023-06-11T00:00:00Z,2023-06-11T23:59:59Z,86400,86400,0,1.0,0.999433041,0.999999693,0.004707836,0,0,0,0,-0.0,3.049752,22.143746,-1.436054e-11,0.003049753,0.02214375,False,0.022534,False
2023-06-12,RS01SUM1-LJ01B-09-PRESTB102,2,True,2023-06-12T00:00:00Z,2023-06-12T23:59:59Z,86400,86400,0,1.0,0.999429703,0.999999676,0.002721715,0,0,0,0,-0.0,3.582074,23.45882,-7.499092e-11,0.003582075,0.02345883,False,0.026508,False
2023-06-13,RS01SUM1-LJ01B-09-PRESTB102,2,True,2023-06-13T00:00:00Z,2023-06-13T23:59:59Z,86400,86400,0,1.0,0.999431133,0.999999688,0.005226981,0,0,0,0,-0.0,3.305929,21.537232,-6.225357e-11,0.00330593,0.02153724,False,0.022845,False
2023-06-14,RS01SUM1-LJ01B-09-PRESTB102,2,True,2023-06-14T00:00:00Z,2023-06-14T23:59:59Z,86400,86400,0,1.0,0.999429226,0.999999591,0.005662493,0,0,0,0,-0.0,3.043538,21.71524,-5.503772e-11,0.003043539,0.02171525,False,0.026073,False
2023-06-15,RS01SUM1-LJ01B-09-PRESTB102,2,True,2023-06-15T00:00:00Z,2023-06-15T23:59:59Z,86400,86400,0,1.0,0.999587059,0.999999697,-0.001450956,0,0,0,0,-0.0,3.04009,21.792401,-9.905269e-11,0.003040091,0.02179241,False,0.02617,False
2023-06-16,RS01SUM1-LJ01B-09-PRESTB102,2,True,2023-06-16T00:00:00Z,2023-06-16T23:59:59Z,86400,86400,0,1.0,0.999446869,0.999999649,0.001962649,0,0,0,0,0.0,3.664928,23.989761,2.153973e-11,0.00366493,0.02398977,False,0.026304,False
2023-06-17,RS01SUM1-LJ01B-09-PRESTB102,2,True,2023-06-17T00:00:00Z,2023-06-17T23:59:59Z,86400,86400,0,1.0,0.999437332,0.999999661,0.002414424,0,0,0,0,-0.0,3.031268,22.4188,-7.06424e-11,0.003031269,0.02241881,False,0.025689,False
2023-06-18,RS01SUM1-LJ01B-09-PRESTB102,2,True,2023-06-18T00:00:00Z,2023-06-18T06:26:11Z,23172,23172,0,1.0,0.999430656,0.999999689,-0.000606399,0,0,0,0,-0.0,2.808526,21.771701,-2.614595e-12,0.002808527,0.02177171,False,0.02138,False
2023-06-19,RS01SUM1-LJ01B-09-PRESTB102,2,False,,,0,0,,1.0,,,,,,,,,,,,,,,,False
2023-06-20,RS01SUM1-LJ01B-09-PRESTB102,2,False,,,0,0,,1.0,,,,,,,,,,,,,,,,False
2023-06-21,RS01SUM1-LJ01B-09-PRESTB102,2,False,,,0,0,,1.0,,,,,,,,,,,,,,,,False
2023-06-22,RS01SUM1-LJ01B-09-PRESTB102,2,False,,,0,0,,1.0,,,,,,,,,,,,,,,,False
2023-06-23,RS01SUM1-LJ01B-09-PRESTB102,2,False,,,0,0,,1.0,,,,,,,,,,,,,,,,False
2023-06-24,RS01SUM1-LJ01B-09-PRESTB102,2,False,,,0,0,,1.0,,,,,,,,,,,,,,,,False
2023-06-25,RS01SUM1-LJ01B-09-PRESTB102,2,False,,,0,0,,1.0,,,,,,,,,,,,,,,,False
2023-06-26,RS01SUM1-LJ01B-09-PRESTB102,2,False,,,0,0,,1.0,,,,,,,,,,,,,,,,False
2023-06-27,RS01SUM1-LJ01B-09-PRESTB102,2,False,,,0,0,,1.0,,,,,,,,,,,,,,,,False
2023-06-28,RS01SUM1-LJ01B-09-PRESTB102,2,False,,,0,0,,1.0,,,,,,,,,,,,,,,,False
2023-06-29,RS01SUM1-LJ01B-09-PRESTB102,2,False,,,0,0,,1.0,,,,,,,,,,,,,,,,False
2023-06-30,RS01SUM1-LJ01B-09-PRESTB102,2,False,,,0,0,,1.0,,,,,,,,,,,,,,,,False
2023-07-01,RS01SUM1-LJ01B-09-PRESTB102,2,False,,,0,0,,1.0,,,,,,,,,,,,,,,,False
2023-07-02,RS01SUM1-LJ01B-09-PRESTB102,2,False,,,0,0,,1.0,,,,,,,,,,,,,,,,False
2023-07-03,RS01SUM1-LJ01B-09-PRESTB102,2,False,,,0,0,,1.0,,,,,,,,,,,,,,,,False
2023-07-04,RS01SUM1-LJ01B-09-PRESTB102,2,False,,,0,0,,1.0,,,,,,,,,,,,,,,,False
2023-07-05,RS01SUM1-LJ01B-09-PRESTB102,2,False,,,0,0,,1.0,,,,,,,,,,,,,,,,False
2023-07-06,RS01SUM1-LJ01B-09-PRESTB102,2,False,,,0,0,,1.0,,,,,,,,,,,,,,,,False
2023-07-07,RS01SUM1-LJ01B-09-PRESTB102,2,False,,,0,0,,1.0,,,,,,,,,,,,,,,,False
2023-07-08,RS01SUM1-LJ01B-09-PRESTB102,2,False,,,0,0,,1.0,,,,,,,,,,,,,,,,False
2023-07-09,RS01SUM1-LJ01B-09-PRESTB102,2,False,,,0,0,,1.0,,,,,,,,,,,,,,,,False
2023-07-10,RS01SUM1-LJ01B-09-PRESTB102,2,False,,,0,0,,1.0,,,,,,,,,,,,,,,,False
2023-07-11,RS01SUM1-LJ01B-09-PRESTB102,2,False,,,0,0,,1.0,,,,,,,,,,,,,,,,False
2023-07-12,RS01SUM1-LJ01B-09-PRESTB102,2,False,,,0,0,,1.0,,,,,,,,,,,,,,,,False
2023-07-13,RS01SUM1-LJ01B-09-PRESTB102,2,False,,,0,0,,1.0,,,,,,,,,,,,,,,,False
2023-07-14,RS01SUM1-LJ01B-09-PRESTB102,2,False,,,0,0,,1.0,,,,,,,,,,,,,,,,False
2023-07-15,RS01SUM1-LJ01B-09-PRESTB102,2,False,,,0,0,,1.0,,,,,,,,,,,,,,,,False
2023-07-16,RS01SUM1-LJ01B-09-PRESTB102,2,False,,,0,0,,1.0,,,,,,,,,,,,,,,,False
2023-07-17,RS01SUM1-LJ01B-09-PRESTB102,2,False,,,0,0,,1.0,,,,,,,,,,,,,,,,False
2023-07-18,RS01SUM1-LJ01B-09-PRESTB102,2,False,,,0,0,,1.0,,,,,,,,,,,,,,,,False
2023-07-19,RS01SUM1-LJ01B-09-PRESTB102,2,False,,,0,0,,1.0,,,,,,,,,,,,,,,,False
2023-07-20,RS01SUM1-LJ01B-09-PRESTB102,2,False,,,0,0,,1.0,,,,,,,,,,,,,,,,False
2023-07-21,RS01SUM1-LJ01B-09-PRESTB102,2,False,,,0,0,,1.0,,,,,,,,,,,,,,,,False
2023-07-22,RS01SUM1-LJ01B-09-PRESTB102,2,False,,,0,0,,1.0,,,,,,,,,,,,,,,,False
2023-07-23,RS01SUM1-LJ01B-09-PRESTB102,2,False,,,0,0,,1.0,,,,,,,,,,,,,,,,False
2023-07-24,RS01SUM1-LJ01B-09-PRESTB102,2,False,,,0,0,,1.0,,,,,,,,,,,,,,,,False
2023-07-25,RS01SUM1-LJ01B-09-PRESTB102,2,False,,,0,0,,1.0,,,,,,,,,,,,,,,,False
2023-07-26,RS01SUM1-LJ01B-09-PRESTB102,2,False,,,0,0,,1.0,,,,,,,,,,,,,,,,False
2023-07-27,RS01SUM1-LJ01B-09-PRESTB102,2,False,,,0,0,,1.0,,,,,,,,,,,,,,,,False
2023-07-28,RS01SUM1-LJ01B-09-PRESTB102,2,False,,,0,0,,1.0,,,,,,,,,,,,,,,,False
2023-07-29,RS01SUM1-LJ01B-09-PRESTB102,2,False,,,0,0,,1.0,,,,,,,,,,,,,,,,False
2023-07-30,RS01SUM1-LJ01B-09-PRESTB102,2,False,,,0,0,,1.0,,,,,,,,,,,,,,,,False
2023-07-31,RS01SUM1-LJ01B-09-PRESTB102,2,False,,,0,0,,1.0,,,,,,,,,,,,,,,,False
2023-08-01,RS01SUM1-LJ01B-09-PRESTB102,2,False,,,0,0,,1.0,,,,,,,,,,,,,,,,False
2023-08-02,RS01SUM1-LJ01B-09-PRESTB102,2,False,,,0,0,,1.0,,,,,,,,,,,,,,,,False
2023-08-03,RS01SUM1-LJ01B-09-PRESTB102,2,False,,,0,0,,1.0,,,,,,,,,,,,,,,,False
2023-08-04,RS01SUM1-LJ01B-09-PRESTB102,2,False,,,0,0,,1.0,,,,,,,,,,,,,,,,False
2023-08-05,RS01SUM1-LJ01B-09-PRESTB102,2,False,,,0,0,,1.0,,,,,,,,,,,,,,,,False
2023-08-06,RS01SUM1-LJ01B-09-PRESTB102,2,False,,,0,0,,1.0,,,,,,,,,,,,,,,,False
2023-08-07,RS01SUM1-LJ01B-09-PRESTB102,2,False,,,0,0,,1.0,,,,,,,,,,,,,,,,False
2023-08-08,RS01SUM1-LJ01B-09-PRESTB102,2,False,,,0,0,,1.0,,,,,,,,,,,,,,,,False
2023-08-09,RS01SUM1-LJ01B-09-PRESTB102,2,False,,,0,0,,1.0,,,,,,,,,,,,,,,,False
2023-08-10,RS01SUM1-LJ01B-09-PRESTB102,2,False,,,0,0,,1.0,,,,,,,,,,,,,,,,False
2023-08-11,RS01SUM1-LJ01B-09-PRESTB102,2,False,,,0,0,,1.0,,,,,,,,,,,,,,,,False
2023-08-12,RS01SUM1-LJ01B-09-PRESTB102,2,False,,,0,0,,1.0,,,,,,,,,,,,,,,,False
2023-08-13,RS01SUM1-LJ01B-09-PRESTB102,2,False,,,0,0,,1.0,,,,,,,,,,,,,,,,False
2023-08-14,RS01SUM1-LJ01B-09-PRESTB102,2,False,,,0,0,,1.0,,,,,,,,,,,,,,,,False
2023-08-15,RS01SUM1-LJ01B-09-PRESTB102,2,False,,,0,0,,1.0,,,,,,,,,,,,,,,,False
2023-08-16,RS01SUM1-LJ01B-09-PRESTB102,2,False,,,0,0,,1.0,,,,,,,,,,,,,,,,False
2023-08-17,RS01SUM1-LJ01B-09-PRESTB102,2,False,,,0,0,,1.0,,,,,,,,,,,,,,,,False
2023-08-18,RS01SUM1-LJ01B-09-PRESTB102,2,False,,,0,0,,1.0,,,,,,,,,,,,,,,,False
2023-08-19,RS01SUM1-LJ01B-09-PRESTB102,2,False,,,0,0,,1.0,,,,,,,,,,,,,,,,False
2023-08-20,RS01SUM1-LJ01B-09-PRESTB102,2,False,,,0,0,,1.0,,,,,,,,,,,,,,,,False
2023-08-21,RS01SUM1-LJ01B-09-PRESTB102,2,False,,,0,0,,1.0,,,,,,,,,,,,,,,,False
2023-08-22,RS01SUM1-LJ01B-09-PRESTB102,2,False,,,0,0,,1.0,,,,,,,,,,,,,,,,False
2023-08-23,RS01SUM1-LJ01B-09-PRESTB102,2,False,,,0,0,,1.0,,,,,,,,,,,,,,,,False
2023-08-24,RS01SUM1-LJ01B-09-PRESTB102,2,False,,,0,0,,1.0,,,,,,,,,,,,,,,,False
2023-08-25,RS01SUM1-LJ01B-09-PRESTB102,2,False,,,0,0,,1.0,,,,,,,,,,,,,,,,False
2023-08-26,RS01SUM1-LJ01B-09-PRESTB102,2,False,,,0,0,,1.0,,,,,,,,,,,,,,,,False
2023-08-27,RS01SUM1-LJ01B-09-PRESTB102,2,False,,,0,0,,1.0,,,,,,,,,,,,,,,,False
2023-08-28,RS01SUM1-LJ01B-09-PRESTB102,2,False,,,0,0,,1.0,,,,,,,,,,,,,,,,False
2023-08-29,RS01SUM1-LJ01B-09-PRESTB102,2,False,,,0,0,,1.0,,,,,,,,,,,,,,,,False
2023-08-30,RS01SUM1-LJ01B-09-PRESTB102,2,False,,,0,0,,1.0,,,,,,,,,,,,,,,,False
2023-08-31,RS01SUM1-LJ01B-09-PRESTB102,2,False,,,0,0,,1.0,,,,,,,,,,,,,,,,False
2023-09-01,RS01SUM1-LJ01B-09-PRESTB102,2,False,,,0,0,,1.0,,,,,,,,,,,,,,,,False
2023-09-02,RS01SUM1-LJ01B-09-PRESTB102,2,False,,,0,0,,1.0,,,,,,,,,,,,,,,,False
2023-09-03,RS01SUM1-LJ01B-09-PRESTB102,2,False,,,0,0,,1.0,,,,,,,,,,,,,,,,False
2023-09-04,RS01SUM1-LJ01B-09-PRESTB102,2,False,,,0,0,,1.0,,,,,,,,,,,,,,,,False
2023-09-05,RS01SUM1-LJ01B-09-PRESTB102,2,False,,,0,0,,1.0,,,,,,,,,,,,,,,,False
2023-09-06,RS01SUM1-LJ01B-09-PRESTB102,2,False,,,0,0,,1.0,,,,,,,,,,,,,,,,False
2023-09-07,RS01SUM1-LJ01B-09-PRESTB102,2,False,,,0,0,,1.0,,,,,,,,,,,,,,,,False
2023-09-08,RS01SUM1-LJ01B-09-PRESTB102,2,False,,,0,0,,1.0,,,,,,,,,,,,,,,,False
2023-09-09,RS01SUM1-LJ01B-09-PRESTB102,2,False,,,0,0,,1.0,,,,,,,,,,,,,,,,False
2023-09-10,RS01SUM1-LJ01B-09-PRESTB102,2,False,,,0,0,,1.0,,,,,,,,,,,,,,,,False
2023-09-11,RS01SUM1-LJ01B-09-PRESTB102,2,False,,,0,0,,1.0,,,,,,,,,,,,,,,,False
2023-09-12,RS01SUM1-LJ01B-09-PRESTB102,2,False,,,0,0,,1.0,,,,,,,,,,,,,,,,False
2023-09-13,RS01SUM1-LJ01B-09-PRESTB102,2,False,,,0,0,,1.0,,,,,,,,,,,,,,,,False
2023-09-14,RS01SUM1-LJ01B-09-PRESTB102,2,False,,,0,0,,1.0,,,,,,,,,,,,,,,,False
2023-09-15,RS01SUM1-LJ01B-09-PRESTB102,2,False,,,0,0,,1.0,,,,,,,,,,,,,,,,False
2023-09-16,RS01SUM1-LJ01B-09-PRESTB102,2,False,,,0,0,,1.0,,,,,,,,,,,,,,,,False
2023-09-17,RS01SUM1-LJ01B-09-PRESTB102,2,False,,,0,0,,1.0,,,,,,,,,,,,,,,,False
2023-09-18,RS01SUM1-LJ01B-09-PRESTB102,2,False,,,0,0,,1.0,,,,,,,,,,,,,,,,False
2023-09-19,RS01SUM1-LJ01B-09-PRESTB102,2,False,,,0,0,,1.0,,,,,,,,,,,,,,,,False
2023-09-20,RS01SUM1-LJ01B-09-PRESTB102,2,False,,,0,0,,1.0,,,,,,,,,,,,,,,,False
2023-09-21,RS01SUM1-LJ01B-09-PRESTB102,2,False,,,0,0,,1.0,,,,,,,,,,,,,,,,False
2023-09-22,RS01SUM1-LJ01B-09-PRESTB102,2,False,,,0,0,,1.0,,,,,,,,,,,,,,,,False
2023-09-23,RS01SUM1-LJ01B-09-PRESTB102,2,False,,,0,0,,1.0,,,,,,,,,,,,,,,,False
2023-09-24,RS01SUM1-LJ01B-09-PRESTB102,2,False,,,0,0,,1.0,,,,,,,,,,,,,,,,False
2023-09-25,RS01SUM1-LJ01B-09-PRESTB102,2,False,,,0,0,,1.0,,,,,,,,,,,,,,,,False
2023-09-26,RS01SUM1-LJ01B-09-PRESTB102,2,False,,,0,0,,1.0,,,,,,,,,,,,,,,,False
2023-09-27,RS01SUM1-LJ01B-09-PRESTB102,2,False,,,0,0,,1.0,,,,,,,,,,,,,,,,False
2023-09-28,RS01SUM1-LJ01B-09-PRESTB102,2,False,,,0,0,,1.0,,,,,,,,,,,,,,,,False
2023-09-29,RS01SUM1-LJ01B-09-PRESTB102,2,False,,,0,0,,1.0,,,,,,,,,,,,,,,,False
2023-09-30,RS01SUM1-LJ01B-09-PRESTB102,2,False,,,0,0,,1.0,,,,,,,,,,,,,,,,False
2023-10-01,RS01SUM1-LJ01B-09-PRESTB102,2,False,,,0,0,,1.0,,,,,,,,,,,,,,,,False
2023-10-02,RS01SUM1-LJ01B-09-PRESTB102,2,False,,,0,0,,1.0,,,,,,,,,,,,,,,,False
2023-10-03,RS01SUM1-LJ01B-09-PRESTB102,2,False,,,0,0,,1.0,,,,,,,,,,,,,,,,False
2023-10-04,RS01SUM1-LJ01B-09-PRESTB102,2,False,,,0,0,,1.0,,,,,,,,,,,,,,,,False
2023-10-05,RS01SUM1-LJ01B-09-PRESTB102,2,False,,,0,0,,1.0,,,,,,,,,,,,,,,,False
2023-10-06,RS01SUM1-LJ01B-09-PRESTB102,2,False,,,0,0,,1.0,,,,,,,,,,,,,,,,False
2023-10-07,RS01SUM1-LJ01B-09-PRESTB102,2,False,,,0,0,,1.0,,,,,,,,,,,,,,,,False
2023-10-08,RS01SUM1-LJ01B-09-PRESTB102,2,False,,,0,0,,1.0,,,,,,,,,,,,,,,,False
2023-10-09,RS01SUM1-LJ01B-09-PRESTB102,2,False,,,0,0,,1.0,,,,,,,,,,,,,,,,False
2023-10-10,RS01SUM1-LJ01B-09-PRESTB102,2,False,,,0,0,,1.0,,,,,,,,,,,,,,,,False
2023-10-11,RS01SUM1-LJ01B-09-PRESTB102,2,False,,,0,0,,1.0,,,,,,,,,,,,,,,,False
2023-10-12,RS01SUM1-LJ01B-09-PRESTB102,2,False,,,0,0,,1.0,,,,,,,,,,,,,,,,False
2023-10-13,RS01SUM1-LJ01B-09-PRESTB102,2,False,,,0,0,,1.0,,,,,,,,,,,,,,,,False
2023-10-14,RS01SUM1-LJ01B-09-PRESTB102,2,False,,,0,0,,1.0,,,,,,,,,,,,,,,,False
2023-10-15,RS01SUM1-LJ01B-09-PRESTB102,2,False,,,0,0,,1.0,,,,,,,,,,,,,,,,False
2023-10-16,RS01SUM1-LJ01B-09-PRESTB102,2,False,,,0,0,,1.0,,,,,,,,,,,,,,,,False
2023-10-17,RS01SUM1-LJ01B-09-PRESTB102,2,False,,,0,0,,1.0,,,,,,,,,,,,,,,,False
2023-10-18,RS01SUM1-LJ01B-09-PRESTB102,2,False,,,0,0,,1.0,,,,,,,,,,,,,,,,False
2023-10-19,RS01SUM1-LJ01B-09-PRESTB102,2,False,,,0,0,,1.0,,,,,,,,,,,,,,,,False
2023-10-20,RS01SUM1-LJ01B-09-PRESTB102,2,False,,,0,0,,1.0,,,,,,,,,,,,,,,,False
2023-10-21,RS01SUM1-LJ01B-09-PRESTB102,2,False,,,0,0,,1.0,,,,,,,,,,,,,,,,False
2023-10-22,RS01SUM1-LJ01B-09-PRESTB102,2,False,,,0,0,,1.0,,,,,,,,,,,,,,,,False
2023-10-23,RS01SUM1-LJ01B-09-PRESTB102,2,False,,,0,0,,1.0,,,,,,,,,,,,,,,,False
2023-10-24,RS01SUM1-LJ01B-09-PRESTB102,2,False,,,0,0,,1.0,,,,,,,,,,,,,,,,False
2023-10-25,RS01SUM1-LJ01B-09-PRESTB102,2,False,,,0,0,,1.0,,,,,,,,,,,,,,,,False
2023-10-26,RS01SUM1-LJ01B-09-PRESTB102,2,False,,,0,0,,1.0,,,,,,,,,,,,,,,,False
2023-10-27,RS01SUM1-LJ01B-09-PRESTB102,2,False,,,0,0,,1.0,,,,,,,,,,,,,,,,False
2023-10-28,RS01SUM1-LJ01B-09-PRESTB102,2,False,,,0,0,,1.0,,,,,,,,,,,,,,,,False
2023-10-29,RS01SUM1-LJ01B-09-PRESTB102,2,False,,,0,0,,1.0,,,,,,,,,,,,,,,,False
2023-10-30,RS01SUM1-LJ01B-09-PRESTB102,2,False,,,0,0,,1.0,,,,,,,,,,,,,,,,False
2023-10-31,RS01SUM1-LJ01B-09-PRESTB102,2,False,,,0,0,,1.0,,,,,,,,,,,,,,,,False
2023-11-01,RS01SUM1-LJ01B-09-PRESTB102,2,False,,,0,0,,1.0,,,,,,,,,,,,,,,,False
2023-11-02,RS01SUM1-LJ01B-09-PRESTB102,2,False,,,0,0,,1.0,,,,,,,,,,,,,,,,False
2023-11-03,RS01SUM1-LJ01B-09-PRESTB102,2,False,,,0,0,,1.0,,,,,,,,,,,,,,,,False
2023-11-04,RS01SUM1-LJ01B-09-PRESTB102,2,False,,,0,0,,1.0,,,,,,,,,,,,,,,,False
2023-11-05,RS01SUM1-LJ01B-09-PRESTB102,2,False,,,0,0,,1.0,,,,,,,,,,,,,,,,False
2023-11-06,RS01SUM1-LJ01B-09-PRESTB102,2,False,,,0,0,,1.0,,,,,,,,,,,,,,,,False
2023-11-07,RS01SUM1-LJ01B-09-PRESTB102,2,False,,,0,0,,1.0,,,,,,,,,,,,,,,,False
2023-11-08,RS01SUM1-LJ01B-09-PRESTB102,2,False,,,0,0,,1.0,,,,,,,,,,,,,,,,False
2023-11-09,RS01SUM1-LJ01B-09-PRESTB102,2,False,,,0,0,,1.0,,,,,,,,,,,,,,,,False
2023-11-10,RS01SUM1-LJ01B-09-PRESTB102,2,False,,,0,0,,1.0,,,,,,,,,,,,,,,,False
2023-11-11,RS01SUM1-LJ01B-09-PRESTB102,2,False,,,0,0,,1.0,,,,,,,,,,,,,,,,False
2023-11-12,RS01SUM1-LJ01B-09-PRESTB102,2,False,,,0,0,,1.0,,,,,,,,,,,,,,,,False
2023-11-13,RS01SUM1-LJ01B-09-PRESTB102,2,False,,,0,0,,1.0,,,,,,,,,,,,,,,,False
2023-11-14,RS01SUM1-LJ01B-09-PRESTB102,2,False,,,0,0,,1.0,,,,,,,,,,,,,,,,False
2023-11-15,RS01SUM1-LJ01B-09-PRESTB102,2,False,,,0,0,,1.0,,,,,,,,,,,,,,,,False
2023-11-16,RS01SUM1-LJ01B-09-PRESTB102,2,False,,,0,0,,1.0,,,,,,,,,,,,,,,,False
2023-11-17,RS01SUM1-LJ01B-09-PRESTB102,2,False,,,0,0,,1.0,,,,,,,,,,,,,,,,False
2023-11-18,RS01SUM1-LJ01B-09-PRESTB102,2,False,,,0,0,,1.0,,,,,,,,,,,,,,,,False
2023-11-19,RS01SUM1-LJ01B-09-PRESTB102,2,False,,,0,0,,1.0,,,,,,,,,,,,,,,,False
2023-11-20,RS01SUM1-LJ01B-09-PRESTB102,2,False,,,0,0,,1.0,,,,,,,,,,,,,,,,False
2023-11-21,RS01SUM1-LJ01B-09-PRESTB102,2,False,,,0,0,,1.0,,,,,,,,,,,,,,,,False
2023-11-22,RS01SUM1-LJ01B-09-PRESTB102,2,False,,,0,0,,1.0,,,,,,,,,,,,,,,,False
2023-11-23,RS01SUM1-LJ01B-09-PRESTB102,2,False,,,0,0,,1.0,,,,,,,,,,,,,,,,False
2023-11-24,RS01SUM1-LJ01B-09-PRESTB102,2,False,,,0,0,,1.0,,,,,,,,,,,,,,,,False
2023-11-25,RS01SUM1-LJ01B-09-PRESTB102,2,False,,,0,0,,1.0,,,,,,,,,,,,,,,,False
2023-11-26,RS01SUM1-LJ01B-09-PRESTB102,2,False,,,0,0,,1.0,,,,,,,,,,,,,,,,False
2023-11-27,RS01SUM1-LJ01B-09-PRESTB102,2,False,,,0,0,,1.0,,,,,,,,,,,,,,,,False
2023-11-28,RS01SUM1-LJ01B-09-PRESTB102,2,False,,,0,0,,1.0,,,,,,,,,,,,,,,,False
2023-11-29,RS01SUM1-LJ01B-09-PRESTB102,2,False,,,0,0,,1.0,,,,,,,,,,,,,,,,False
2023-11-30,RS01SUM1-LJ01B-09-PRESTB102,2,False,,,0,0,,1.0,,,,,,,,,,,,,,,,False
2023-12-01,RS01SUM1-LJ01B-09-PRESTB102,2,False,,,0,0,,1.0,,,,,,,,,,,,,,,,False
2023-12-02,RS01SUM1-LJ01B-09-PRESTB102,2,False,,,0,0,,1.0,,,,,,,,,,,,,,,,False
2023-12-03,RS01SUM1-LJ01B-09-PRESTB102,2,False,,,0,0,,1.0,,,,,,,,,,,,,,,,False
2023-12-04,RS01SUM1-LJ01B-09-PRESTB102,2,False,,,0,0,,1.0,,,,,,,,,,,,,,,,False
2023-12-05,RS01SUM1-LJ01B-09-PRESTB102,2,False,,,0,0,,1.0,,,,,,,,,,,,,,,,False
2023-12-06,RS01SUM1-LJ01B-09-PRESTB102,2,False,,,0,0,,1.0,,,,,,,,,,,,,,,,False
2023-12-07,RS01SUM1-LJ01B-09-PRESTB102,2,False,,,0,0,,1.0,,,,,,,,,,,,,,,,False
2023-12-08,RS01SUM1-LJ01B-09-PRESTB102,2,False,,,0,0,,1.0,,,,,,,,,,,,,,,,False
2023-12-09,RS01SUM1-LJ01B-09-PRESTB102,2,False,,,0,0,,1.0,,,,,,,,,,,,,,,,False
2023-12-10,RS01SUM1-LJ01B-09-PRESTB102,2,False,,,0,0,,1.0,,,,,,,,,,,,,,,,False
2023-12-11,RS01SUM1-LJ01B-09-PRESTB102,2,False,,,0,0,,1.0,,,,,,,,,,,,,,,,False
2023-12-12,RS01SUM1-LJ01B-09-PRESTB102,2,False,,,0,0,,1.0,,,,,,,,,,,,,,,,False
2023-12-13,RS01SUM1-LJ01B-09-PRESTB102,2,False,,,0,0,,1.0,,,,,,,,,,,,,,,,False
2023-12-14,RS01SUM1-LJ01B-09-PRESTB102,2,False,,,0,0,,1.0,,,,,,,,,,,,,,,,False
2023-12-15,RS01SUM1-LJ01B-09-PRESTB102,2,False,,,0,0,,1.0,,,,,,,,,,,,,,,,False
2023-12-16,RS01SUM1-LJ01B-09-PRESTB102,2,False,,,0,0,,1.0,,,,,,,,,,,,,,,,False
2023-12-17,RS01SUM1-LJ01B-09-PRESTB102,2,False,,,0,0,,1.0,,,,,,,,,,,,,,,,False
2023-12-18,RS01SUM1-LJ01B-09-PRESTB102,2,False,,,0,0,,1.0,,,,,,,,,,,,,,,,False
2023-12-19,RS01SUM1-LJ01B-09-PRESTB102,2,False,,,0,0,,1.0,,,,,,,,,,,,,,,,False
2023-12-20,RS01SUM1-LJ01B-09-PRESTB102,2,False,,,0,0,,1.0,,,,,,,,,,,,,,,,False
2023-12-21,RS01SUM1-LJ01B-09-PRESTB102,2,False,,,0,0,,1.0,,,,,,,,,,,,,,,,False
2023-12-22,RS01SUM1-LJ01B-09-PRESTB102,2,False,,,0,0,,1.0,,,,,,,,,,,,,,,,False
2023-12-23,RS01SUM1-LJ01B-09-PRESTB102,2,False,,,0,0,,1.0,,,,,,,,,,,,,,,,False
2023-12-24,RS01SUM1-LJ01B-09-PRESTB102,2,False,,,0,0,,1.0,,,,,,,,,,,,,,,,False
2023-12-25,RS01SUM1-LJ01B-09-PRESTB102,2,False,,,0,0,,1.0,,,,,,,,,,,,,,,,False
2023-12-26,RS01SUM1-LJ01B-09-PRESTB102,2,False,,,0,0,,1.0,,,,,,,,,,,,,,,,False
2023-12-27,RS01SUM1-LJ01B-09-PRESTB102,2,False,,,0,0,,1.0,,,,,,,,,,,,,,,,False
2023-12-28,RS01SUM1-LJ01B-09-PRESTB102,2,False,,,0,0,,1.0,,,,,,,,,,,,,,,,False
2023-12-29,RS01SUM1-LJ01B-09-PRESTB102,2,False,,,0,0,,1.0,,,,,,,,,,,,,,,,False
2023-12-30,RS01SUM1-LJ01B-09-PRESTB102,2,False,,,0,0,,1.0,,,,,,,,,,,,,,,,False
2023-12-31,RS01SUM1-LJ01B-09-PRESTB102,2,False,,,0,0,,1.0,,,,,,,,,,,,,,,,False
2024-01-01,RS01SUM1-LJ01B-09-PRESTB102,2,False,,,0,0,,1.0,,,,,,,,,,,,,,,,False
2024-01-02,RS01SUM1-LJ01B-09-PRESTB102,2,False,,,0,0,,1.0,,,,,,,,,,,,,,,,False
2024-01-03,RS01SUM1-LJ01B-09-PRESTB102,2,False,,,0,0,,1.0,,,,,,,,,,,,,,,,False
2024-01-04,RS01SUM1-LJ01B-09-PRESTB102,2,False,,,0,0,,1.0,,,,,,,,,,,,,,,,False
2024-01-05,RS01SUM1-LJ01B-09-PRESTB102,2,False,,,0,0,,1.0,,,,,,,,,,,,,,,,False
2024-01-06,RS01SUM1-LJ01B-09-PRESTB102,2,False,,,0,0,,1.0,,,,,,,,,,,,,,,,False
2024-01-07,RS01SUM1-LJ01B-09-PRESTB102,2,False,,,0,0,,1.0,,,,,,,,,,,,,,,,False
2024-01-08,RS01SUM1-LJ01B-09-PRESTB102,2,False,,,0,0,,1.0,,,,,,,,,,,,,,,,False
2024-01-09,RS01SUM1-LJ01B-09-PRESTB102,2,False,,,0,0,,1.0,,,,,,,,,,,,,,,,False
2024-01-10,RS01SUM1-LJ01B-09-PRESTB102,2,False,,,0,0,,1.0,,,,,,,,,,,,,,,,False
2024-01-11,RS01SUM1-LJ01B-09-PRESTB102,2,False,,,0,0,,1.0,,,,,,,,,,,,,,,,False
2024-01-12,RS01SUM1-LJ01B-09-PRESTB102,2,False,,,0,0,,1.0,,,,,,,,,,,,,,,,False
2024-01-13,RS01SUM1-LJ01B-09-PRESTB102,2,False,,,0,0,,1.0,,,,,,,,,,,,,,,,False
2024-01-14,RS01SUM1-LJ01B-09-PRESTB102,2,False,,,0,0,,1.0,,,,,,,,,,,,,,,,False
2024-01-15,RS01SUM1-LJ01B-09-PRESTB102,2,False,,,0,0,,1.0,,,,,,,,,,,,,,,,False
2024-01-16,RS01SUM1-LJ01B-09-PRESTB102,2,False,,,0,0,,1.0,,,,,,,,,,,,,,,,False
2024-01-17,RS01SUM1-LJ01B-09-PRESTB102,2,False,,,0,0,,1.0,,,,,,,,,,,,,,,,False
2024-01-18,RS01SUM1-LJ01B-09-PRESTB102,2,False,,,0,0,,1.0,,,,,,,,,,,,,,,,False
2024-01-19,RS01SUM1-LJ01B-09-PRESTB102,2,False,,,0,0,,1.0,,,,,,,,,,,,,,,,False
2024-01-20,RS01SUM1-LJ01B-09-PRESTB102,2,False,,,0,0,,1.0,,,,,,,,,,,,,,,,False
2024-01-21,RS01SUM1-LJ01B-09-PRESTB102,2,False,,,0,0,,1.0,,,,,,,,,,,,,,,,False
2024-01-22,RS01SUM1-LJ01B-09-PRESTB102,2,False,,,0,0,,1.0,,,,,,,,,,,,,,,,False
2024-01-23,RS01SUM1-LJ01B-09-PRESTB102,2,False,,,0,0,,1.0,,,,,,,,,,,,,,,,False
2024-01-24,RS01SUM1-LJ01B-09-PRESTB102,2,False,,,0,0,,1.0,,,,,,,,,,,,,,,,False
2024-01-25,RS01SUM1-LJ01B-09-PRESTB102,2,False,,,0,0,,1.0,,,,,,,,,,,,,,,,False
2024-01-26,RS01SUM1-LJ01B-09-PRESTB102,2,False,,,0,0,,1.0,,,,,,,,,,,,,,,,False
2024-01-27,RS01SUM1-LJ01B-09-PRESTB102,2,False,,,0,0,,1.0,,,,,,,,,,,,,,,,False
2024-01-28,RS01SUM1-LJ01B-09-PRESTB102,2,False,,,0,0,,1.0,,,,,,,,,,,,,,,,False
2024-01-29,RS01SUM1-LJ01B-09-PRESTB102,2,False,,,0,0,,1.0,,,,,,,,,,,,,,,,False
2024-01-30,RS01SUM1-LJ01B-09-PRESTB102,2,False,,,0,0,,1.0,,,,,,,,,,,,,,,,False
2024-01-31,RS01SUM1-LJ01B-09-PRESTB102,2,False,,,0,0,,1.0,,,,,,,,,,,,,,,,False
2024-02-01,RS01SUM1-LJ01B-09-PRESTB102,2,False,,,0,0,,1.0,,,,,,,,,,,,,,,,False
2024-02-02,RS01SUM1-LJ01B-09-PRESTB102,2,False,,,0,0,,1.0,,,,,,,,,,,,,,,,False
2024-02-03,RS01SUM1-LJ01B-09-PRESTB102,2,False,,,0,0,,1.0,,,,,,,,,,,,,,,,False
2024-02-04,RS01SUM1-LJ01B-09-PRESTB102,2,False,,,0,0,,1.0,,,,,,,,,,,,,,,,False
2024-02-05,RS01SUM1-LJ01B-09-PRESTB102,2,False,,,0,0,,1.0,,,,,,,,,,,,,,,,False
2024-02-06,RS01SUM1-LJ01B-09-PRESTB102,2,False,,,0,0,,1.0,,,,,,,,,,,,,,,,False
2024-02-07,RS01SUM1-LJ01B-09-PRESTB102,2,False,,,0,0,,1.0,,,,,,,,,,,,,,,,False
2024-02-08,RS01SUM1-LJ01B-09-PRESTB102,2,False,,,0,0,,1.0,,,,,,,,,,,,,,,,False
2024-02-09,RS01SUM1-LJ01B-09-PRESTB102,2,False,,,0,0,,1.0,,,,,,,,,,,,,,,,False
2024-02-10,RS01SUM1-LJ01B-09-PRESTB102,2,False,,,0,0,,1.0,,,,,,,,,,,,,,,,False
2024-02-11,RS01SUM1-LJ01B-09-PRESTB102,2,False,,,0,0,,1.0,,,,,,,,,,,,,,,,False
2024-02-12,RS01SUM1-LJ01B-09-PRESTB102,2,False,,,0,0,,1.0,,,,,,,,,,,,,,,,False
2024-02-13,RS01SUM1-LJ01B-09-PRESTB102,2,False,,,0,0,,1.0,,,,,,,,,,,,,,,,False
2024-02-14,RS01SUM1-LJ01B-09-PRESTB102,2,False,,,0,0,,1.0,,,,,,,,,,,,,,,,False
2024-02-15,RS01SUM1-LJ01B-09-PRESTB102,2,False,,,0,0,,1.0,,,,,,,,,,,,,,,,False
2024-02-16,RS01SUM1-LJ01B-09-PRESTB102,2,False,,,0,0,,1.0,,,,,,,,,,,,,,,,False
2024-02-17,RS01SUM1-LJ01B-09-PRESTB102,2,False,,,0,0,,1.0,,,,,,,,,,,,,,,,False
2024-02-18,RS01SUM1-LJ01B-09-PRESTB102,2,False,,,0,0,,1.0,,,,,,,,,,,,,,,,False
2024-02-19,RS01SUM1-LJ01B-09-PRESTB102,2,False,,,0,0,,1.0,,,,,,,,,,,,,,,,False
2024-02-20,RS01SUM1-LJ01B-09-PRESTB102,2,False,,,0,0,,1.0,,,,,,,,,,,,,,,,False
2024-02-21,RS01SUM1-LJ01B-09-PRESTB102,2,False,,,0,0,,1.0,,,,,,,,,,,,,,,,False
2024-02-22,RS01SUM1-LJ01B-09-PRESTB102,2,False,,,0,0,,1.0,,,,,,,,,,,,,,,,False
2024-02-23,RS01SUM1-LJ01B-09-PRESTB102,2,False,,,0,0,,1.0,,,,,,,,,,,,,,,,False
2024-02-24,RS01SUM1-LJ01B-09-PRESTB102,2,False,,,0,0,,1.0,,,,,,,,,,,,,,,,False
2024-02-25,RS01SUM1-LJ01B-09-PRESTB102,2,False,,,0,0,,1.0,,,,,,,,,,,,,,,,False
2024-02-26,RS01SUM1-LJ01B-09-PRESTB102,2,False,,,0,0,,1.0,,,,,,,,,,,,,,,,False
2024-02-27,RS01SUM1-LJ01B-09-PRESTB102,2,False,,,0,0,,1.0,,,,,,,,,,,,,,,,False
2024-02-28,RS01SUM1-LJ01B-09-PRESTB102,2,False,,,0,0,,1.0,,,,,,,,,,,,,,,,False
2024-02-29,RS01SUM1-LJ01B-09-PRESTB102,2,False,,,0,0,,1.0,,,,,,,,,,,,,,,,False
2024-03-01,RS01SUM1-LJ01B-09-PRESTB102,2,False,,,0,0,,1.0,,,,,,,,,,,,,,,,False
2024-03-02,RS01SUM1-LJ01B-09-PRESTB102,2,False,,,0,0,,1.0,,,,,,,,,,,,,,,,False
2024-03-03,RS01SUM1-LJ01B-09-PRESTB102,2,False,,,0,0,,1.0,,,,,,,,,,,,,,,,False
2024-03-04,RS01SUM1-LJ01B-09-PRESTB102,2,False,,,0,0,,1.0,,,,,,,,,,,,,,,,False
2024-03-05,RS01SUM1-LJ01B-09-PRESTB102,2,False,,,0,0,,1.0,,,,,,,,,,,,,,,,False
2024-03-06,RS01SUM1-LJ01B-09-PRESTB102,2,False,,,0,0,,1.0,,,,,,,,,,,,,,,,False
2024-03-07,RS01SUM1-LJ01B-09-PRESTB102,2,False,,,0,0,,1.0,,,,,,,,,,,,,,,,False
2024-03-08,RS01SUM1-LJ01B-09-PRESTB102,2,False,,,0,0,,1.0,,,,,,,,,,,,,,,,False
2024-03-09,RS01SUM1-LJ01B-09-PRESTB102,2,False,,,0,0,,1.0,,,,,,,,,,,,,,,,False
2024-03-10,RS01SUM1-LJ01B-09-PRESTB102,2,False,,,0,0,,1.0,,,,,,,,,,,,,,,,False
2024-03-11,RS01SUM1-LJ01B-09-PRESTB102,2,False,,,0,0,,1.0,,,,,,,,,,,,,,,,False
2024-03-12,RS01SUM1-LJ01B-09-PRESTB102,2,False,,,0,0,,1.0,,,,,,,,,,,,,,,,False
2024-03-13,RS01SUM1-LJ01B-09-PRESTB102,2,False,,,0,0,,1.0,,,,,,,,,,,,,,,,False
2024-03-14,RS01SUM1-LJ01B-09-PRESTB102,2,False,,,0,0,,1.0,,,,,,,,,,,,,,,,False
2024-03-15,RS01SUM1-LJ01B-09-PRESTB102,2,False,,,0,0,,1.0,,,,,,,,,,,,,,,,False
2024-03-16,RS01SUM1-LJ01B-09-PRESTB102,2,False,,,0,0,,1.0,,,,,,,,,,,,,,,,False
2024-03-17,RS01SUM1-LJ01B-09-PRESTB102,2,False,,,0,0,,1.0,,,,,,,,,,,,,,,,False
2024-03-18,RS01SUM1-LJ01B-09-PRESTB102,2,False,,,0,0,,1.0,,,,,,,,,,,,,,,,False
2024-03-19,RS01SUM1-LJ01B-09-PRESTB102,2,False,,,0,0,,1.0,,,,,,,,,,,,,,,,False
2024-03-20,RS01SUM1-LJ01B-09-PRESTB102,2,False,,,0,0,,1.0,,,,,,,,,,,,,,,,False
2024-03-21,RS01SUM1-LJ01B-09-PRESTB102,2,False,,,0,0,,1.0,,,,,,,,,,,,,,,,False
2024-03-22,RS01SUM1-LJ01B-09-PRESTB102,2,False,,,0,0,,1.0,,,,,,,,,,,,,,,,False
2024-03-23,RS01SUM1-LJ01B-09-PRESTB102,2,False,,,0,0,,1.0,,,,,,,,,,,,,,,,False
2024-03-24,RS01SUM1-LJ01B-09-PRESTB102,2,False,,,0,0,,1.0,,,,,,,,,,,,,,,,False
2024-03-25,RS01SUM1-LJ01B-09-PRESTB102,2,False,,,0,0,,1.0,,,,,,,,,,,,,,,,False
2024-03-26,RS01SUM1-LJ01B-09-PRESTB102,2,False,,,0,0,,1.0,,,,,,,,,,,,,,,,False
2024-03-27,RS01SUM1-LJ01B-09-PRESTB102,2,False,,,0,0,,1.0,,,,,,,,,,,,,,,,False
2024-03-28,RS01SUM1-LJ01B-09-PRESTB102,2,False,,,0,0,,1.0,,,,,,,,,,,,,,,,False
2024-03-29,RS01SUM1-LJ01B-09-PRESTB102,2,False,,,0,0,,1.0,,,,,,,,,,,,,,,,False
2024-03-30,RS01SUM1-LJ01B-09-PRESTB102,2,False,,,0,0,,1.0,,,,,,,,,,,,,,,,False
2024-03-31,RS01SUM1-LJ01B-09-PRESTB102,2,False,,,0,0,,1.0,,,,,,,,,,,,,,,,False
2024-04-01,RS01SUM1-LJ01B-09-PRESTB102,2,False,,,0,0,,1.0,,,,,,,,,,,,,,,,False
2024-04-02,RS01SUM1-LJ01B-09-PRESTB102,2,False,,,0,0,,1.0,,,,,,,,,,,,,,,,False
2024-04-03,RS01SUM1-LJ01B-09-PRESTB102,2,False,,,0,0,,1.0,,,,,,,,,,,,,,,,False
2024-04-04,RS01SUM1-LJ01B-09-PRESTB102,2,False,,,0,0,,1.0,,,,,,,,,,,,,,,,False
2024-04-05,RS01SUM1-LJ01B-09-PRESTB102,2,False,,,0,0,,1.0,,,,,,,,,,,,,,,,False
2024-04-06,RS01SUM1-LJ01B-09-PRESTB102,2,False,,,0,0,,1.0,,,,,,,,,,,,,,,,False
2024-04-07,RS01SUM1-LJ01B-09-PRESTB102,2,False,,,0,0,,1.0,,,,,,,,,,,,,,,,False
2024-04-08,RS01SUM1-LJ01B-09-PRESTB102,2,False,,,0,0,,1.0,,,,,,,,,,,,,,,,False
2024-04-09,RS01SUM1-LJ01B-09-PRESTB102,2,False,,,0,0,,1.0,,,,,,,,,,,,,,,,False
2024-04-10,RS01SUM1-LJ01B-09-PRESTB102,2,True,2024-04-10T02:50:28Z,2024-04-10T23:59:59Z,76158,76172,14,1.0,0.999559879,0.999999706,0.00156037,1,14,1,14,-0.0,2.878399,22.609731,-3.204137e-11,0.0028784,0.02260974,False,0.026006,True
2024-04-11,RS01SUM1-LJ01B-09-PRESTB102,2,True,2024-04-11T00:00:00Z,2024-04-11T23:59:59Z,79990,86403,6413,1.0,0.999499321,0.999958088,0.961754093,1,6413,1,6413,-0.0,783.050721,1521.760027,-2.357682e-12,0.7830835,1.521824,True,0.205871,True
2024-04-12,RS01SUM1-LJ01B-09-PRESTB102,2,True,2024-04-12T00:00:00Z,2024-04-12T23:59:59Z,86400,86400,0,1.0,0.999637127,0.99999966,0.000945935,0,0,0,0,-0.0,3.007679,23.112838,-4.899588e-12,0.00300768,0.02311285,False,0.025739,False
2024-04-13,RS01SUM1-LJ01B-09-PRESTB102,2,True,2024-04-13T00:00:00Z,2024-04-13T23:59:59Z,86400,86400,0,1.0,0.999668121,0.999999649,0.000947602,0,0,0,0,-0.0,2.774195,21.699332,-1.75061e-11,0.002774196,0.02169934,False,0.024874,False
2024-04-14,RS01SUM1-LJ01B-09-PRESTB102,2,True,2024-04-14T00:00:00Z,2024-04-14T23:59:59Z,86400,86400,0,1.0,0.999658108,0.999999712,-0.00270638,0,0,0,0,0.0,2.88897,22.925301,5.79847e-11,0.002888971,0.02292531,False,0.026156,False
2024-04-15,RS01SUM1-LJ01B-09-PRESTB102,2,True,2024-04-15T00:00:00Z,2024-04-15T23:59:59Z,86400,86400,0,1.0,0.999646187,0.999999686,0.004919497,0,0,0,0,-0.0,3.08215,24.612548,-6.96042e-11,0.003082151,0.02461256,False,0.026074,False
2024-04-16,RS01SUM1-LJ01B-09-PRESTB102,2,True,2024-04-16T00:00:00Z,2024-04-16T23:59:59Z,86400,86400,0,1.0,0.999658108,0.999999655,0.002848435,0,0,0,0,-0.0,2.878761,20.565202,-1.898402e-11,0.002878762,0.02056521,False,0.021274,False
2024-04-17,RS01SUM1-LJ01B-09-PRESTB102,2,True,2024-04-17T00:00:00Z,2024-04-17T23:59:59Z,86401,86401,0,1.0,0.999650955,0.999999685,0.00272088,0,0,18,18,-0.0,3.090904,22.155813,-3.327647e-11,0.003090905,0.02215582,False,0.026216,False
2024-04-18,RS01SUM1-LJ01B-09-PRESTB102,2,True,2024-04-18T00:00:00Z,2024-04-18T23:59:59Z,86400,86400,0,1.0,0.999434948,0.999999709,0.00025932,0,0,1,1,0.0,3.812468,23.932232,1.017242e-11,0.003812469,0.02393224,False,0.022743,False
2024-04-19,RS01SUM1-LJ01B-09-PRESTB102,2,True,2024-04-19T00:00:00Z,2024-04-19T23:59:59Z,86400,86400,0,1.0,0.999407291,0.999999704,-0.013114269,0,0,0,0,-0.0,3.256599,23.323416,-1.036346e-10,0.0032566,0.02332342,False,0.026246,False
2024-04-20,RS01SUM1-LJ01B-09-PRESTB102,2,True,2024-04-20T00:00:00Z,2024-04-20T23:59:59Z,86400,86400,0,1.0,0.999396801,0.999999727,-0.000467211,0,0,0,0,0.0,2.956301,23.569754,4.110204e-12,0.002956301,0.02356976,False,0.023665,False
2024-04-21,RS01SUM1-LJ01B-09-PRESTB102,2,True,2024-04-21T00:00:00Z,2024-04-21T23:59:59Z,86400,86400,0,1.0,0.999391079,0.999999705,-0.001324823,0,0,0,0,-0.0,2.92864,21.911613,-8.681577e-12,0.00292864,0.02191162,False,0.021477,False
2024-04-22,RS01SUM1-LJ01B-09-PRESTB102,2,True,2024-04-22T00:00:00Z,2024-04-22T23:59:59Z,86400,86400,0,1.0,0.999399662,0.999999714,0.002396043,0,0,0,0,0.0,3.017056,23.033095,4.54347e-11,0.003017057,0.0230331,False,0.024949,False
2024-04-23,RS01SUM1-LJ01B-09-PRESTB102,2,True,2024-04-23T00:00:00Z,2024-04-23T23:59:59Z,86400,86400,0,1.0,0.999403954,0.999999679,0.001606338,0,0,0,0,-0.0,2.839749,22.689182,-3.503176e-11,0.00283975,0.02268919,False,0.026399,False
2024-04-24,RS01SUM1-LJ01B-09-PRESTB102,2,True,2024-04-24T00:00:00Z,2024-04-24T23:59:59Z,86400,86400,0,1.0,0.999385834,0.999999689,-0.002605587,0,0,0,0,-0.0,3.028825,21.863539,-2.526319e-11,0.003028826,0.02186355,False,0.023445,False
2024-04-25,RS01SUM1-LJ01B-09-PRESTB102,2,True,2024-04-25T00:00:00Z,2024-04-25T23:59:59Z,86400,86400,0,1.0,0.999392033,0.999999716,5.191e-05,0,0,0,0,-0.0,2.923231,22.015527,-3.489517e-11,0.002923232,0.02201553,False,0.023634,False
2024-04-26,RS01SUM1-LJ01B-09-PRESTB102,2,True,2024-04-26T00:00:00Z,2024-04-26T23:59:59Z,86400,86400,0,1.0,0.999398708,0.999999712,-0.001579193,0,0,0,0,-0.0,3.104208,23.461238,-1.53209e-11,0.003104209,0.02346125,False,0.024293,False
2024-04-27,RS01SUM1-LJ01B-09-PRESTB102,2,True,2024-04-27T00:00:00Z,2024-04-27T23:59:59Z,86400,86400,0,1.0,0.999391079,0.999999774,0.001540524,0,0,0,0,-0.0,2.969698,22.428056,-8.719898e-11,0.002969699,0.02242806,False,0.025557,False
2024-04-28,RS01SUM1-LJ01B-09-PRESTB102,2,True,2024-04-28T00:00:00Z,2024-04-28T23:59:59Z,86400,86400,0,1.0,0.999407768,0.999999692,0.003386969,0,0,0,0,-0.0,3.055191,23.635566,-7.209468e-11,0.003055192,0.02363557,False,0.026375,False
2024-04-29,RS01SUM1-LJ01B-09-PRESTB102,2,True,2024-04-29T00:00:00Z,2024-04-29T23:59:59Z,86400,86400,0,1.0,0.999404907,0.999999679,0.004076702,0,0,0,0,-0.0,2.970357,22.617759,-4.53902e-11,0.002970358,0.02261777,False,0.021412,False
2024-04-30,RS01SUM1-LJ01B-09-PRESTB102,2,True,2024-04-30T00:00:00Z,2024-04-30T23:59:59Z,86400,86400,0,1.0,0.999402046,0.999999725,0.000219177,0,0,0,0,-0.0,2.864235,22.974986,-3.769853e-11,0.002864235,0.02297499,False,0.026122,False
2024-05-01,RS01SUM1-LJ01B-09-PRESTB102,2,True,2024-05-01T00:00:00Z,2024-05-01T23:59:59Z,86400,86400,0,1.0,0.999392986,0.999999671,0.003295348,0,0,0,0,-0.0,2.922612,22.105265,-4.442991e-11,0.002922613,0.02210527,False,0.022965,False
2024-05-02,RS01SUM1-LJ01B-09-PRESTB102,2,True,2024-05-02T00:00:00Z,2024-05-02T23:59:59Z,86004,86400,396,1.0,0.999388218,0.999999642,-0.001007819,1,396,1,396,0.0,2.956993,23.983392,2.493231e-11,0.002956994,0.0239834,False,0.242353,True
2024-05-03,RS01SUM1-LJ01B-09-PRESTB102,2,True,2024-05-03T00:00:00Z,2024-05-03T23:59:59Z,86400,86400,0,1.0,0.999396801,0.999999633,0.003716964,0,0,0,0,-0.0,3.034459,22.793085,-4.304429e-11,0.003034461,0.02279309,False,0.025241,False
2024-05-04,RS01SUM1-LJ01B-09-PRESTB102,2,True,2024-05-04T00:00:00Z,2024-05-04T23:59:59Z,86400,86400,0,1.0,0.999389648,0.999999673,0.001825208,0,0,0,0,-0.0,2.899408,22.652234,-8.880974e-11,0.002899409,0.02265224,False,0.022763,False
2024-05-05,RS01SUM1-LJ01B-09-PRESTB102,2,True,2024-05-05T00:00:00Z,2024-05-05T23:59:59Z,86400,86400,0,1.0,0.999396801,0.999999682,0.002017426,0,0,0,0,-0.0,3.006991,24.482171,-5.7531e-11,0.003006992,0.02448218,False,0.026444,False
2024-05-06,RS01SUM1-LJ01B-09-PRESTB102,2,True,2024-05-06T00:00:00Z,2024-05-06T15:16:53Z,55014,55014,0,1.0,0.99939394,0.999999771,-0.01532548,0,0,0,0,-0.0,3.155983,23.065238,-2.239229e-11,0.003155984,0.02306524,False,0.025636,False
2024-05-07,RS01SUM1-LJ01B-09-PRESTB102,2,False,,,0,0,,1.0,,,,,,,,,,,,,,,,False
2024-05-08,RS01SUM1-LJ01B-09-PRESTB102,2,False,,,0,0,,1.0,,,,,,,,,,,,,,,,False
2024-05-09,RS01SUM1-LJ01B-09-PRESTB102,2,False,,,0,0,,1.0,,,,,,,,,,,,,,,,False
2024-05-10,RS01SUM1-LJ01B-09-PRESTB102,2,False,,,0,0,,1.0,,,,,,,,,,,,,,,,False
2024-05-11,RS01SUM1-LJ01B-09-PRESTB102,2,False,,,0,0,,1.0,,,,,,,,,,,,,,,,False
2024-05-12,RS01SUM1-LJ01B-09-PRESTB102,2,False,,,0,0,,1.0,,,,,,,,,,,,,,,,False
2024-05-13,RS01SUM1-LJ01B-09-PRESTB102,2,False,,,0,0,,1.0,,,,,,,,,,,,,,,,False
2024-05-14,RS01SUM1-LJ01B-09-PRESTB102,2,False,,,0,0,,1.0,,,,,,,,,,,,,,,,False
2024-05-15,RS01SUM1-LJ01B-09-PRESTB102,2,False,,,0,0,,1.0,,,,,,,,,,,,,,,,False
2024-05-16,RS01SUM1-LJ01B-09-PRESTB102,2,False,,,0,0,,1.0,,,,,,,,,,,,,,,,False
2024-05-17,RS01SUM1-LJ01B-09-PRESTB102,2,False,,,0,0,,1.0,,,,,,,,,,,,,,,,False
2024-05-18,RS01SUM1-LJ01B-09-PRESTB102,2,False,,,0,0,,1.0,,,,,,,,,,,,,,,,False
2024-05-19,RS01SUM1-LJ01B-09-PRESTB102,2,False,,,0,0,,1.0,,,,,,,,,,,,,,,,False
2024-05-20,RS01SUM1-LJ01B-09-PRESTB102,2,False,,,0,0,,1.0,,,,,,,,,,,,,,,,False
2024-05-21,RS01SUM1-LJ01B-09-PRESTB102,2,False,,,0,0,,1.0,,,,,,,,,,,,,,,,False
2024-05-22,RS01SUM1-LJ01B-09-PRESTB102,2,False,,,0,0,,1.0,,,,,,,,,,,,,,,,False
2024-05-23,RS01SUM1-LJ01B-09-PRESTB102,2,False,,,0,0,,1.0,,,,,,,,,,,,,,,,False
2024-05-24,RS01SUM1-LJ01B-09-PRESTB102,2,False,,,0,0,,1.0,,,,,,,,,,,,,,,,False
2024-05-25,RS01SUM1-LJ01B-09-PRESTB102,2,False,,,0,0,,1.0,,,,,,,,,,,,,,,,False
2024-05-26,RS01SUM1-LJ01B-09-PRESTB102,2,False,,,0,0,,1.0,,,,,,,,,,,,,,,,False
2024-05-27,RS01SUM1-LJ01B-09-PRESTB102,2,False,,,0,0,,1.0,,,,,,,,,,,,,,,,False
2024-05-28,RS01SUM1-LJ01B-09-PRESTB102,2,False,,,0,0,,1.0,,,,,,,,,,,,,,,,False
2024-05-29,RS01SUM1-LJ01B-09-PRESTB102,2,False,,,0,0,,1.0,,,,,,,,,,,,,,,,False
2024-05-30,RS01SUM1-LJ01B-09-PRESTB102,2,False,,,0,0,,1.0,,,,,,,,,,,,,,,,False
2024-05-31,RS01SUM1-LJ01B-09-PRESTB102,2,False,,,0,0,,1.0,,,,,,,,,,,,,,,,False
2024-06-01,RS01SUM1-LJ01B-09-PRESTB102,2,False,,,0,0,,1.0,,,,,,,,,,,,,,,,False
2024-06-02,RS01SUM1-LJ01B-09-PRESTB102,2,False,,,0,0,,1.0,,,,,,,,,,,,,,,,False
2024-06-03,RS01SUM1-LJ01B-09-PRESTB102,2,False,,,0,0,,1.0,,,,,,,,,,,,,,,,False
2024-06-04,RS01SUM1-LJ01B-09-PRESTB102,2,False,,,0,0,,1.0,,,,,,,,,,,,,,,,False
2024-06-05,RS01SUM1-LJ01B-09-PRESTB102,2,False,,,0,0,,1.0,,,,,,,,,,,,,,,,False
2024-06-06,RS01SUM1-LJ01B-09-PRESTB102,2,False,,,0,0,,1.0,,,,,,,,,,,,,,,,False
2024-06-07,RS01SUM1-LJ01B-09-PRESTB102,2,False,,,0,0,,1.0,,,,,,,,,,,,,,,,False
2024-06-08,RS01SUM1-LJ01B-09-PRESTB102,2,False,,,0,0,,1.0,,,,,,,,,,,,,,,,False
2024-06-09,RS01SUM1-LJ01B-09-PRESTB102,2,False,,,0,0,,1.0,,,,,,,,,,,,,,,,False
2024-06-10,RS01SUM1-LJ01B-09-PRESTB102,2,False,,,0,0,,1.0,,,,,,,,,,,,,,,,False
2024-06-11,RS01SUM1-LJ01B-09-PRESTB102,2,False,,,0,0,,1.0,,,,,,,,,,,,,,,,False
2024-06-12,RS01SUM1-LJ01B-09-PRESTB102,2,False,,,0,0,,1.0,,,,,,,,,,,,,,,,False
2024-06-13,RS01SUM1-LJ01B-09-PRESTB102,2,False,,,0,0,,1.0,,,,,,,,,,,,,,,,False
2024-06-14,RS01SUM1-LJ01B-09-PRESTB102,2,False,,,0,0,,1.0,,,,,,,,,,,,,,,,False
2024-06-15,RS01SUM1-LJ01B-09-PRESTB102,2,False,,,0,0,,1.0,,,,,,,,,,,,,,,,False
2024-06-16,RS01SUM1-LJ01B-09-PRESTB102,2,False,,,0,0,,1.0,,,,,,,,,,,,,,,,False
2024-06-17,RS01SUM1-LJ01B-09-PRESTB102,2,False,,,0,0,,1.0,,,,,,,,,,,,,,,,False
2024-06-18,RS01SUM1-LJ01B-09-PRESTB102,2,False,,,0,0,,1.0,,,,,,,,,,,,,,,,False
2024-06-19,RS01SUM1-LJ01B-09-PRESTB102,2,False,,,0,0,,1.0,,,,,,,,,,,,,,,,False
2024-06-20,RS01SUM1-LJ01B-09-PRESTB102,2,False,,,0,0,,1.0,,,,,,,,,,,,,,,,False
2024-06-21,RS01SUM1-LJ01B-09-PRESTB102,2,False,,,0,0,,1.0,,,,,,,,,,,,,,,,False
2024-06-22,RS01SUM1-LJ01B-09-PRESTB102,2,False,,,0,0,,1.0,,,,,,,,,,,,,,,,False
2024-06-23,RS01SUM1-LJ01B-09-PRESTB102,2,False,,,0,0,,1.0,,,,,,,,,,,,,,,,False
2024-06-24,RS01SUM1-LJ01B-09-PRESTB102,2,False,,,0,0,,1.0,,,,,,,,,,,,,,,,False
2024-06-25,RS01SUM1-LJ01B-09-PRESTB102,2,False,,,0,0,,1.0,,,,,,,,,,,,,,,,False
2024-06-26,RS01SUM1-LJ01B-09-PRESTB102,2,False,,,0,0,,1.0,,,,,,,,,,,,,,,,False
2024-06-27,RS01SUM1-LJ01B-09-PRESTB102,2,False,,,0,0,,1.0,,,,,,,,,,,,,,,,False
2024-06-28,RS01SUM1-LJ01B-09-PRESTB102,2,False,,,0,0,,1.0,,,,,,,,,,,,,,,,False
2024-06-29,RS01SUM1-LJ01B-09-PRESTB102,2,False,,,0,0,,1.0,,,,,,,,,,,,,,,,False
2024-06-30,RS01SUM1-LJ01B-09-PRESTB102,2,False,,,0,0,,1.0,,,,,,,,,,,,,,,,False
2024-07-01,RS01SUM1-LJ01B-09-PRESTB102,2,False,,,0,0,,1.0,,,,,,,,,,,,,,,,False
2024-07-02,RS01SUM1-LJ01B-09-PRESTB102,2,False,,,0,0,,1.0,,,,,,,,,,,,,,,,False
2024-07-03,RS01SUM1-LJ01B-09-PRESTB102,2,False,,,0,0,,1.0,,,,,,,,,,,,,,,,False
2024-07-04,RS01SUM1-LJ01B-09-PRESTB102,2,False,,,0,0,,1.0,,,,,,,,,,,,,,,,False
2024-07-05,RS01SUM1-LJ01B-09-PRESTB102,2,True,2024-07-05T18:20:55Z,2024-07-05T20:03:04Z,6130,6130,0,1.0,0.99960804,1.000000045,0.000672943,0,0,0,0,0.0,2.864046,17.107971,6.559909e-13,0.002864046,0.01710797,False,0.021036,False
2024-07-06,RS01SUM1-LJ01B-09-PRESTB102,2,False,,,0,0,,1.0,,,,,,,,,,,,,,,,False
2024-07-07,RS01SUM1-LJ01B-09-PRESTB102,2,False,,,0,0,,1.0,,,,,,,,,,,,,,,,False
2024-07-08,RS01SUM1-LJ01B-09-PRESTB102,2,False,,,0,0,,1.0,,,,,,,,,,,,,,,,False
2024-07-09,RS01SUM1-LJ01B-09-PRESTB102,2,False,,,0,0,,1.0,,,,,,,,,,,,,,,,False
2024-07-10,RS01SUM1-LJ01B-09-PRESTB102,2,False,,,0,0,,1.0,,,,,,,,,,,,,,,,False
2024-07-11,RS01SUM1-LJ01B-09-PRESTB102,2,False,,,0,0,,1.0,,,,,,,,,,,,,,,,False
2024-07-12,RS01SUM1-LJ01B-09-PRESTB102,2,False,,,0,0,,1.0,,,,,,,,,,,,,,,,False
2024-07-13,RS01SUM1-LJ01B-09-PRESTB102,2,False,,,0,0,,1.0,,,,,,,,,,,,,,,,False
2024-07-14,RS01SUM1-LJ01B-09-PRESTB102,2,False,,,0,0,,1.0,,,,,,,,,,,,,,,,False
2024-07-15,RS01SUM1-LJ01B-09-PRESTB102,2,False,,,0,0,,1.0,,,,,,,,,,,,,,,,False
2024-07-16,RS01SUM1-LJ01B-09-PRESTB102,2,False,,,0,0,,1.0,,,,,,,,,,,,,,,,False
2024-07-17,RS01SUM1-LJ01B-09-PRESTB102,2,False,,,0,0,,1.0,,,,,,,,,,,,,,,,False
2024-07-18,RS01SUM1-LJ01B-09-PRESTB102,2,False,,,0,0,,1.0,,,,,,,,,,,,,,,,False
2024-07-19,RS01SUM1-LJ01B-09-PRESTB102,2,False,,,0,0,,1.0,,,,,,,,,,,,,,,,False
2024-07-20,RS01SUM1-LJ01B-09-PRESTB102,2,False,,,0,0,,1.0,,,,,,,,,,,,,,,,False
2024-07-21,RS01SUM1-LJ01B-09-PRESTB102,2,False,,,0,0,,1.0,,,,,,,,,,,,,,,,False
2024-07-22,RS01SUM1-LJ01B-09-PRESTB102,2,False,,,0,0,,1.0,,,,,,,,,,,,,,,,False
2024-07-23,RS01SUM1-LJ01B-09-PRESTB102,2,False,,,0,0,,1.0,,,,,,,,,,,,,,,,False
2024-07-24,RS01SUM1-LJ01B-09-PRESTB102,2,False,,,0,0,,1.0,,,,,,,,,,,,,,,,False
2024-07-25,RS01SUM1-LJ01B-09-PRESTB102,2,False,,,0,0,,1.0,,,,,,,,,,,,,,,,False
2024-07-26,RS01SUM1-LJ01B-09-PRESTB102,2,False,,,0,0,,1.0,,,,,,,,,,,,,,,,False
2024-07-27,RS01SUM1-LJ01B-09-PRESTB102,2,False,,,0,0,,1.0,,,,,,,,,,,,,,,,False
2024-07-28,RS01SUM1-LJ01B-09-PRESTB102,2,False,,,0,0,,1.0,,,,,,,,,,,,,,,,False
2024-07-29,RS01SUM1-LJ01B-09-PRESTB102,2,False,,,0,0,,1.0,,,,,,,,,,,,,,,,False
2024-07-30,RS01SUM1-LJ01B-09-PRESTB102,2,False,,,0,0,,1.0,,,,,,,,,,,,,,,,False
2024-07-31,RS01SUM1-LJ01B-09-PRESTB102,2,False,,,0,0,,1.0,,,,,,,,,,,,,,,,False
2024-08-01,RS01SUM1-LJ01B-09-PRESTB102,2,False,,,0,0,,1.0,,,,,,,,,,,,,,,,False
2024-08-02,RS01SUM1-LJ01B-09-PRESTB102,2,False,,,0,0,,1.0,,,,,,,,,,,,,,,,False
2024-08-03,RS01SUM1-LJ01B-09-PRESTB102,2,False,,,0,0,,1.0,,,,,,,,,,,,,,,,False
2024-08-04,RS01SUM1-LJ01B-09-PRESTB102,2,False,,,0,0,,1.0,,,,,,,,,,,,,,,,False
2024-08-05,RS01SUM1-LJ01B-09-PRESTB102,2,False,,,0,0,,1.0,,,,,,,,,,,,,,,,False
2024-08-06,RS01SUM1-LJ01B-09-PRESTB102,2,False,,,0,0,,1.0,,,,,,,,,,,,,,,,False
2024-08-07,RS01SUM1-LJ01B-09-PRESTB102,2,False,,,0,0,,1.0,,,,,,,,,,,,,,,,False
2024-08-08,RS01SUM1-LJ01B-09-PRESTB102,2,False,,,0,0,,1.0,,,,,,,,,,,,,,,,False
2024-08-09,RS01SUM1-LJ01B-09-PRESTB102,2,False,,,0,0,,1.0,,,,,,,,,,,,,,,,False
2024-08-10,RS01SUM1-LJ01B-09-PRESTB102,2,False,,,0,0,,1.0,,,,,,,,,,,,,,,,False
2024-08-11,RS01SUM1-LJ01B-09-PRESTB102,2,False,,,0,0,,1.0,,,,,,,,,,,,,,,,False
2024-08-12,RS01SUM1-LJ01B-09-PRESTB102,2,False,,,0,0,,1.0,,,,,,,,,,,,,,,,False
2024-08-13,RS01SUM1-LJ01B-09-PRESTB102,2,False,,,0,0,,1.0,,,,,,,,,,,,,,,,False
2024-08-14,RS01SUM1-LJ01B-09-PRESTB102,2,False,,,0,0,,1.0,,,,,,,,,,,,,,,,False
2024-08-15,RS01SUM1-LJ01B-09-PRESTB102,2,False,,,0,0,,1.0,,,,,,,,,,,,,,,,False
2024-08-16,RS01SUM1-LJ01B-09-PRESTB102,2,False,,,0,0,,1.0,,,,,,,,,,,,,,,,False
2024-08-17,RS01SUM1-LJ01B-09-PRESTB102,2,False,,,0,0,,1.0,,,,,,,,,,,,,,,,False
2024-08-18,RS01SUM1-LJ01B-09-PRESTB102,2,False,,,0,0,,1.0,,,,,,,,,,,,,,,,False
2024-08-19,RS01SUM1-LJ01B-09-PRESTB102,2,False,,,0,0,,1.0,,,,,,,,,,,,,,,,False
2024-08-20,RS01SUM1-LJ01B-09-PRESTB102,2,False,,,0,0,,1.0,,,,,,,,,,,,,,,,False
2024-08-21,RS01SUM1-LJ01B-09-PRESTB102,2,True,2024-08-21T06:01:25Z,2024-08-21T23:59:59Z,64701,64715,14,1.0,0.999444008,0.999999754,0.002083973,1,14,1,14,-0.0,3.086954,21.483328,-2.271531e-11,0.003086954,0.02148333,False,0.022285,True
2024-08-22,RS01SUM1-LJ01B-09-PRESTB102,2,True,2024-08-22T00:00:00Z,2024-08-22T23:59:59Z,86400,86400,0,1.0,0.999441624,0.999999664,0.000969234,0,0,0,0,-0.0,2.83803,22.110765,-1.069494e-10,0.002838031,0.02211077,False,0.025283,False
2024-08-23,RS01SUM1-LJ01B-09-PRESTB102,2,True,2024-08-23T00:00:00Z,2024-08-23T23:59:59Z,86400,86400,0,1.0,0.999452114,0.999999705,0.000155937,0,0,0,0,-0.0,3.027642,23.133709,-6.011017e-11,0.003027642,0.02313372,False,0.025923,False
2024-08-24,RS01SUM1-LJ01B-09-PRESTB102,2,True,2024-08-24T00:00:00Z,2024-08-24T23:59:59Z,86400,86400,0,1.0,0.999444008,0.999999692,0.002263493,0,0,0,0,-0.0,2.933722,22.291038,-1.17496e-10,0.002933723,0.02229104,False,0.026455,False
2024-08-25,RS01SUM1-LJ01B-09-PRESTB102,2,True,2024-08-25T00:00:00Z,2024-08-25T23:59:59Z,86400,86400,0,1.0,0.999441624,0.999999671,0.000847416,0,0,0,0,-0.0,3.079688,23.4039,-9.060001e-11,0.003079689,0.02340391,False,0.026019,False
2024-08-26,RS01SUM1-LJ01B-09-PRESTB102,2,True,2024-08-26T00:00:00Z,2024-08-26T23:59:59Z,86400,86400,0,1.0,0.999418259,0.999999658,-0.000146389,0,0,0,0,0.0,3.224576,23.203017,6.064696e-11,0.003224577,0.02320302,False,0.025212,False
2024-08-27,RS01SUM1-LJ01B-09-PRESTB102,2,True,2024-08-27T00:00:00Z,2024-08-27T23:59:59Z,85853,86400,547,1.0,0.999548674,0.999999697,0.003426065,1,547,1,547,-0.0,3.169833,22.145849,-4.883673e-11,0.003169834,0.02214586,False,0.243668,True
2024-08-28,RS01SUM1-LJ01B-09-PRESTB102,2,True,2024-08-28T00:00:00Z,2024-08-28T23:59:59Z,86400,86400,0,1.0,0.999482155,0.999999662,0.000147829,0,0,0,0,0.0,2.821546,22.707078,4.857193e-11,0.002821547,0.02270709,False,0.026573,False
2024-08-29,RS01SUM1-LJ01B-09-PRESTB102,2,True,2024-08-29T00:00:00Z,2024-08-29T23:59:59Z,86400,86400,0,1.0,0.999428749,0.999999628,0.005615878,0,0,0,0,-0.0,3.09399,23.482388,-8.028098e-11,0.003093991,0.0234824,False,0.026673,False
2024-08-30,RS01SUM1-LJ01B-09-PRESTB102,2,True,2024-08-30T00:00:00Z,2024-08-30T23:59:59Z,86400,86400,0,1.0,0.999442101,0.999999686,0.005451077,0,0,0,0,-0.0,3.684755,25.27251,-1.716181e-11,0.003684757,0.02527252,False,0.023421,False
2024-08-31,RS01SUM1-LJ01B-09-PRESTB102,2,True,2024-08-31T00:00:00Z,2024-08-31T23:59:59Z,86400,86400,0,1.0,0.999434948,0.999999665,-1.8475e-05,0,0,0,0,-0.0,2.851888,23.128727,-3.506436e-11,0.002851889,0.02312873,False,0.02469,False
2024-09-01,RS01SUM1-LJ01B-09-PRESTB102,2,True,2024-09-01T00:00:00Z,2024-09-01T23:59:59Z,86400,86400,0,1.0,0.999446392,0.999999676,-0.001082933,0,0,0,0,-0.0,2.967832,23.210747,-3.05302e-11,0.002967833,0.02321075,False,0.026621,False
2024-09-02,RS01SUM1-LJ01B-09-PRESTB102,2,True,2024-09-02T00:00:00Z,2024-09-02T23:59:59Z,86400,86400,0,1.0,0.999427319,0.999999676,0.001051934,0,0,0,0,-0.0,3.001224,23.427581,-8.393004e-11,0.003001225,0.02342759,False,0.026697,False
2024-09-03,RS01SUM1-LJ01B-09-PRESTB102,2,True,2024-09-03T00:00:00Z,2024-09-03T23:59:59Z,86400,86400,0,1.0,0.999547005,0.99999966,0.001489265,0,0,1,1,-0.0,2.80816,21.19806,-5.254945e-11,0.002808161,0.02119807,False,0.024989,False
2024-09-04,RS01SUM1-LJ01B-09-PRESTB102,2,True,2024-09-04T00:00:00Z,2024-09-04T23:59:59Z,86401,86401,0,1.0,0.999496222,0.999999674,0.00296967,0,0,18,18,-0.0,3.303309,23.826262,-8.989648e-12,0.00330331,0.02382627,False,0.025521,False
2024-09-05,RS01SUM1-LJ01B-09-PRESTB102,2,True,2024-09-05T00:00:00Z,2024-09-05T23:59:59Z,86400,86400,0,1.0,0.999426842,0.999999724,-0.000949753,0,0,0,0,0.0,2.975281,23.414477,1.411575e-13,0.002975282,0.02341448,False,0.02533,False
2024-09-06,RS01SUM1-LJ01B-09-PRESTB102,2,True,2024-09-06T00:00:00Z,2024-09-06T23:59:59Z,86400,86400,0,1.0,0.999429703,0.99999965,0.001912056,0,0,0,0,-0.0,2.813185,22.983029,-4.560261e-11,0.002813186,0.02298304,False,0.026203,False
2024-09-07,RS01SUM1-LJ01B-09-PRESTB102,2,True,2024-09-07T00:00:00Z,2024-09-07T23:59:59Z,86400,86400,0,1.0,0.999436855,0.999999699,0.00016015,0,0,0,0,-0.0,3.13643,22.968541,-5.44004e-11,0.003136431,0.02296855,False,0.025152,False
2024-09-08,RS01SUM1-LJ01B-09-PRESTB102,2,True,2024-09-08T00:00:00Z,2024-09-08T23:59:59Z,86400,86400,0,1.0,0.999433994,0.999999663,-0.006323589,0,0,0,0,-0.0,5.259242,25.972436,-1.157784e-10,0.005259244,0.02597244,False,0.023313,False
2024-09-09,RS01SUM1-LJ01B-09-PRESTB102,2,True,2024-09-09T00:00:00Z,2024-09-09T23:59:59Z,86400,86400,0,1.0,0.999434948,0.999999681,0.001383183,0,0,0,0,-0.0,2.89736,23.048727,-2.242187e-11,0.002897361,0.02304873,False,0.024058,False
2024-09-10,RS01SUM1-LJ01B-09-PRESTB102,2,True,2024-09-10T00:00:00Z,2024-09-10T23:59:59Z,86400,86400,0,1.0,0.999527454,0.99999967,0.00075187,0,0,0,0,-0.0,3.050766,22.200099,-9.299103e-11,0.003050767,0.02220011,False,0.026337,False
2024-09-11,RS01SUM1-LJ01B-09-PRESTB102,2,True,2024-09-11T00:00:00Z,2024-09-11T23:59:59Z,86400,86400,0,1.0,0.99947691,0.999999625,0.005273247,0,0,0,0,-0.0,3.20996,22.663389,-7.335906e-11,0.003209962,0.0226634,False,0.025226,False
2024-09-12,RS01SUM1-LJ01B-09-PRESTB102,2,True,2024-09-12T00:00:00Z,2024-09-12T23:59:59Z,86400,86400,0,1.0,0.999430656,0.999999684,0.000836436,0,0,0,0,-0.0,2.835797,21.525517,-7.65511e-11,0.002835798,0.02152552,False,0.024624,False
2024-09-13,RS01SUM1-LJ01B-09-PRESTB102,2,True,2024-09-13T00:00:00Z,2024-09-13T23:59:59Z,86400,86400,0,1.0,0.999429226,0.999999674,0.001551388,0,0,0,0,-0.0,2.881211,21.569123,-5.28944e-11,0.002881212,0.02156913,False,0.023428,False
2024-09-14,RS01SUM1-LJ01B-09-PRESTB102,2,True,2024-09-14T00:00:00Z,2024-09-14T23:59:59Z,86400,86400,0,1.0,0.999423027,0.999999653,0.001072851,0,0,0,0,-0.0,2.851246,22.330373,-2.057554e-12,0.002851247,0.02233038,False,0.024664,False
2024-09-15,RS01SUM1-LJ01B-09-PRESTB102,2,True,2024-09-15T00:00:00Z,2024-09-15T23:59:59Z,86400,86400,0,1.0,0.999424934,0.999999672,0.000583892,0,0,0,0,-0.0,2.905562,22.594195,-3.462858e-11,0.002905563,0.0225942,False,0.024715,False
2024-09-16,RS01SUM1-LJ01B-09-PRESTB102,2,True,2024-09-16T00:00:00Z,2024-09-16T23:59:59Z,86400,86400,0,1.0,0.999444008,0.999999681,0.000443248,0,0,0,0,-0.0,3.081521,22.747814,-4.025941e-11,0.003081522,0.02274782,False,0.025401,False
2024-09-17,RS01SUM1-LJ01B-09-PRESTB102,2,True,2024-09-17T00:00:00Z,2024-09-17T23:59:59Z,86400,86400,0,1.0,0.999538898,0.999999645,-0.001899832,0,0,0,0,-0.0,2.835711,21.137281,-1.29551e-10,0.002835712,0.02113729,False,0.025955,False
2024-09-18,RS01SUM1-LJ01B-09-PRESTB102,2,True,2024-09-18T00:00:00Z,2024-09-18T01:52:15Z,6736,6736,0,1.0,0.999613762,0.999999608,-0.000517441,0,0,0,0,0.0,2.750823,15.644816,4.175194e-14,0.002750824,0.01564482,False,0.019318,False
2024-09-19,RS01SUM1-LJ01B-09-PRESTB102,2,True,2024-09-19T00:10:08Z,2024-09-19T23:59:59Z,85792,85792,0,1.0,0.999674797,0.999999652,0.003616647,0,0,0,0,-0.0,2.998376,22.946209,-2.138546e-11,0.002998377,0.02294622,False,0.026166,False
2024-09-20,RS01SUM1-LJ01B-09-PRESTB102,2,True,2024-09-20T00:00:00Z,2024-09-20T23:59:59Z,86400,86400,0,1.0,0.999638081,0.99999967,0.001357775,0,0,0,0,0.0,3.093877,22.183081,3.704512e-11,0.003093878,0.02218309,False,0.026332,False
2024-09-21,RS01SUM1-LJ01B-09-PRESTB102,2,True,2024-09-21T00:00:00Z,2024-09-21T23:59:59Z,86400,86400,0,1.0,0.999649048,0.999999663,0.001723393,0,0,0,0,0.0,2.842429,22.428807,3.573792e-11,0.00284243,0.02242882,False,0.024813,False
2024-09-22,RS01SUM1-LJ01B-09-PRESTB102,2,True,2024-09-22T00:00:00Z,2024-09-22T23:59:59Z,86400,86400,0,1.0,0.999638081,0.999999671,0.00376525,0,0,0,0,-0.0,2.844167,23.572232,-6.116843e-11,0.002844168,0.02357224,False,0.024172,False
2024-09-23,RS01SUM1-LJ01B-09-PRESTB102,2,True,2024-09-23T00:00:00Z,2024-09-23T23:59:59Z,86400,86400,0,1.0,0.999655724,0.999999682,0.002916172,0,0,0,0,-0.0,2.937105,22.431177,-3.149284e-11,0.002937105,0.02243118,False,0.02505,False
2024-09-24,RS01SUM1-LJ01B-09-PRESTB102,2,True,2024-09-24T00:00:00Z,2024-09-24T23:59:59Z,86400,86400,0,1.0,0.999660015,0.99999967,0.005785776,0,0,0,0,-0.0,3.034073,21.550473,-9.975908e-12,0.003034074,0.02155048,False,0.024384,False
2024-09-25,RS01SUM1-LJ01B-09-PRESTB102,2,True,2024-09-25T00:00:00Z,2024-09-25T23:59:59Z,86400,86400,0,1.0,0.99948597,0.999999643,0.002388513,0,0,0,0,-0.0,3.646061,24.498788,-8.395221e-11,0.003646062,0.0244988,False,0.026808,False
2024-09-26,RS01SUM1-LJ01B-09-PRESTB102,2,True,2024-09-26T00:00:00Z,2024-09-26T23:59:59Z,86400,86400,0,1.0,0.999396801,0.999999632,-0.000740318,0,0,0,0,-0.0,3.311164,23.537882,-4.019429e-11,0.003311165,0.02353789,False,0.026299,False
2024-09-27,RS01SUM1-LJ01B-09-PRESTB102,2,True,2024-09-27T00:00:00Z,2024-09-27T23:59:59Z,86400,86400,0,1.0,0.999398232,0.999999616,-0.000715572,0,0,0,0,0.0,3.389241,22.257574,2.00293e-11,0.003389242,0.02225758,False,0.022703,False
2024-09-28,RS01SUM1-LJ01B-09-PRESTB102,2,True,2024-09-28T00:00:00Z,2024-09-28T23:59:59Z,86400,86400,0,1.0,0.999400139,0.999999654,-0.000539522,0,0,0,0,-0.0,2.861493,21.848882,-8.673924e-11,0.002861494,0.02184889,False,0.026454,False
2024-09-29,RS01SUM1-LJ01B-09-PRESTB102,2,True,2024-09-29T00:00:00Z,2024-09-29T23:59:59Z,86400,86400,0,1.0,0.999397755,0.999999648,0.000584563,0,0,0,0,-0.0,2.827589,21.611191,-6.246277e-11,0.00282759,0.0216112,False,0.022656,False
2024-09-30,RS01SUM1-LJ01B-09-PRESTB102,2,True,2024-09-30T00:00:00Z,2024-09-30T23:59:59Z,86400,86400,0,1.0,0.999403954,0.999999659,0.00214116,0,0,0,0,-0.0,3.024348,21.481118,-5.151547e-11,0.003024349,0.02148113,False,0.021296,False
2024-10-01,RS01SUM1-LJ01B-09-PRESTB102,2,True,2024-10-01T00:00:00Z,2024-10-01T23:59:59Z,86400,86400,0,1.0,0.999391079,0.999999604,0.002408238,0,0,0,0,-0.0,3.449457,24.141702,-8.957228e-11,0.003449459,0.02414171,False,0.024196,False
2024-10-02,RS01SUM1-LJ01B-09-PRESTB102,2,True,2024-10-02T00:00:00Z,2024-10-02T23:59:59Z,86400,86400,0,1.0,0.999389172,0.999999676,0.005174324,0,0,0,0,-0.0,3.959213,25.567229,-4.773531e-11,0.003959214,0.02556724,False,0.026206,False
2024-10-03,RS01SUM1-LJ01B-09-PRESTB102,2,True,2024-10-03T00:00:00Z,2024-10-03T23:59:59Z,84914,86400,1486,1.0,0.999391079,0.999999699,-0.001999161,3,1486,3,1486,0.0,3.008831,23.989404,2.189421e-11,0.003008832,0.02398941,False,0.361377,True
2024-10-04,RS01SUM1-LJ01B-09-PRESTB102,2,True,2024-10-04T00:00:00Z,2024-10-04T23:59:59Z,86400,86400,0,1.0,0.999387741,0.999999662,-0.002104595,0,0,0,0,-0.0,3.08846,21.563081,-8.314401e-11,0.003088461,0.02156309,False,0.025299,False
2024-10-05,RS01SUM1-LJ01B-09-PRESTB102,2,True,2024-10-05T00:00:00Z,2024-10-05T23:59:59Z,86400,86400,0,1.0,0.999391079,0.999999635,-0.001918514,0,0,0,0,-0.0,2.81813,22.254848,-6.097743e-12,0.002818131,0.02225486,False,0.026434,False
2024-10-06,RS01SUM1-LJ01B-09-PRESTB102,2,True,2024-10-06T00:00:00Z,2024-10-06T23:59:59Z,85228,86400,1172,1.0,0.999382019,0.999999681,0.001479345,2,1172,2,1172,-0.0,2.97738,22.541688,-4.237691e-11,0.002977381,0.0225417,False,0.370948,True
2024-10-07,RS01SUM1-LJ01B-09-PRESTB102,2,True,2024-10-07T00:00:00Z,2024-10-07T23:59:59Z,86400,86400,0,1.0,0.999383926,0.999999688,0.004641475,0,0,0,0,0.0,2.979903,23.486928,2.55257e-11,0.002979904,0.02348694,False,0.024282,False
2024-10-08,RS01SUM1-LJ01B-09-PRESTB102,2,True,2024-10-08T00:00:00Z,2024-10-08T23:59:59Z,86400,86400,0,1.0,0.999383926,0.999999628,-0.001639291,0,0,0,0,-0.0,2.911829,22.56388,-6.57909e-11,0.00291183,0.02256389,False,0.025712,False
2024-10-09,RS01SUM1-LJ01B-09-PRESTB102,2,True,2024-10-09T00:00:00Z,2024-10-09T23:59:59Z,86401,86401,0,1.0,0.999395609,0.99999963,0.003414984,0,0,16,16,0.0,2.990912,23.499452,7.780791e-12,0.002990913,0.02349946,False,0.026201,False
2024-10-10,RS01SUM1-LJ01B-09-PRESTB102,2,True,2024-10-10T00:00:00Z,2024-10-10T23:59:59Z,86400,86400,0,1.0,0.999382019,0.999999643,0.0031365,0,0,0,0,0.0,3.223013,22.025396,4.568194e-11,0.003223014,0.0220254,False,0.024087,False
2024-10-11,RS01SUM1-LJ01B-09-PRESTB102,2,True,2024-10-11T00:00:00Z,2024-10-11T23:59:59Z,86400,86400,0,1.0,0.999387264,0.999999695,0.001566424,0,0,0,0,-0.0,2.900095,21.860859,-2.095602e-11,0.002900096,0.02186087,False,0.022105,False
2024-10-12,RS01SUM1-LJ01B-09-PRESTB102,2,True,2024-10-12T00:00:00Z,2024-10-12T23:59:59Z,86400,86400,0,1.0,0.999398232,0.999999651,0.000298742,0,0,0,0,-0.0,2.91076,23.501907,-2.245284e-11,0.002910761,0.02350192,False,0.025634,False
2024-10-13,RS01SUM1-LJ01B-09-PRESTB102,2,True,2024-10-13T00:00:00Z,2024-10-13T23:59:59Z,86400,86400,0,1.0,0.999402046,0.999999645,-0.002481301,0,0,0,0,-0.0,3.084103,22.385777,-1.084577e-10,0.003084104,0.02238579,False,0.026511,False
2024-10-14,RS01SUM1-LJ01B-09-PRESTB102,2,True,2024-10-14T00:00:00Z,2024-10-14T23:59:59Z,86400,86400,0,1.0,0.999392033,0.999999639,-0.000238597,0,0,0,0,-0.0,2.892432,22.307949,-1.274304e-11,0.002892433,0.02230796,False,0.026184,False
2024-10-15,RS01SUM1-LJ01B-09-PRESTB102,2,True,2024-10-15T00:00:00Z,2024-10-15T23:59:59Z,86400,86400,0,1.0,0.999392986,0.999999632,0.000858881,0,0,0,0,-0.0,2.889515,23.228138,-7.250379e-11,0.002889516,0.02322815,False,0.026366,False
2024-10-16,RS01SUM1-LJ01B-09-PRESTB102,2,True,2024-10-16T00:00:00Z,2024-10-16T23:59:59Z,86400,86400,0,1.0,0.999394894,0.999999658,0.001158699,0,0,0,0,0.0,2.929578,22.045615,1.380911e-12,0.002929579,0.02204562,False,0.026377,False
2024-10-17,RS01SUM1-LJ01B-09-PRESTB102,2,True,2024-10-17T00:00:00Z,2024-10-17T23:59:59Z,86400,86400,0,1.0,0.999392986,0.999999658,-0.000494694,0,0,0,0,0.0,2.935685,23.342802,1.664209e-11,0.002935686,0.02334281,False,0.026481,False
2024-10-18,RS01SUM1-LJ01B-09-PRESTB102,2,True,2024-10-18T00:00:00Z,2024-10-18T23:59:59Z,86400,86400,0,1.0,0.999387741,0.999999656,0.002070596,0,0,0,0,-0.0,2.946123,21.745025,-1.100952e-10,0.002946125,0.02174503,False,0.024984,False
2024-10-19,RS01SUM1-LJ01B-09-PRESTB102,2,True,2024-10-19T00:00:00Z,2024-10-19T23:59:59Z,86400,86400,0,1.0,0.99938488,0.999999658,0.001830384,0,0,0,0,-0.0,3.065577,21.98583,-4.373711e-11,0.003065578,0.02198584,False,0.024521,False
2024-10-20,RS01SUM1-LJ01B-09-PRESTB102,2,True,2024-10-20T00:00:00Z,2024-10-20T23:59:59Z,86400,86400,0,1.0,0.999386787,0.999999664,-0.002606465,0,0,0,0,-0.0,2.889445,23.427622,-5.7639e-11,0.002889446,0.02342763,False,0.026423,False
2024-10-21,RS01SUM1-LJ01B-09-PRESTB102,2,True,2024-10-21T00:00:00Z,2024-10-21T23:59:59Z,86400,86400,0,1.0,0.999388218,0.999999671,0.003414442,0,0,0,0,-0.0,2.904019,22.203743,-9.053473e-12,0.00290402,0.02220375,False,0.026426,False
2024-10-22,RS01SUM1-LJ01B-09-PRESTB102,2,True,2024-10-22T00:00:00Z,2024-10-22T23:59:59Z,86400,86400,0,1.0,0.999389172,0.999999666,0.003912952,0,0,0,0,-0.0,3.020023,21.782905,-4.798671e-11,0.003020024,0.02178291,False,0.026266,False
2024-10-23,RS01SUM1-LJ01B-09-PRESTB102,2,True,2024-10-23T00:00:00Z,2024-10-23T23:59:59Z,86400,86400,0,1.0,0.999402046,0.999999687,0.002258419,0,0,0,0,-0.0,3.1041,23.084532,-2.868263e-11,0.003104101,0.02308454,False,0.023519,False
2024-10-24,RS01SUM1-LJ01B-09-PRESTB102,2,True,2024-10-24T00:00:00Z,2024-10-24T23:59:59Z,86400,86400,0,1.0,0.999376774,0.999999662,-0.012805411,0,0,0,0,-0.0,2.96207,22.503815,-2.391159e-11,0.002962071,0.02250382,False,0.026466,False
2024-10-25,RS01SUM1-LJ01B-09-PRESTB102,2,True,2024-10-25T00:00:00Z,2024-10-25T23:59:59Z,86400,86400,0,1.0,0.999386787,0.999999662,0.002207538,0,0,0,0,-0.0,3.162204,23.36555,-1.045103e-10,0.003162206,0.02336556,False,0.022011,False
2024-10-26,RS01SUM1-LJ01B-09-PRESTB102,2,True,2024-10-26T00:00:00Z,2024-10-26T23:59:59Z,86400,86400,0,1.0,0.999400139,0.999999695,0.001660287,0,0,0,0,-0.0,2.857623,22.02974,-1.004167e-10,0.002857624,0.02202975,False,0.02564,False
2024-10-27,RS01SUM1-LJ01B-09-PRESTB102,2,True,2024-10-27T00:00:00Z,2024-10-27T23:59:59Z,86400,86400,0,1.0,0.999392033,0.999999633,0.002160559,0,0,0,0,-0.0,2.896783,21.254615,-2.905182e-11,0.002896784,0.02125462,False,0.021561,False
2024-10-28,RS01SUM1-LJ01B-09-PRESTB102,2,True,2024-10-28T00:00:00Z,2024-10-28T23:59:59Z,86400,86400,0,1.0,0.99939394,0.999999665,-0.002423388,0,0,0,0,0.0,2.839956,23.52084,1.770361e-11,0.002839956,0.02352085,False,0.026349,False
2024-10-29,RS01SUM1-LJ01B-09-PRESTB102,2,True,2024-10-29T00:00:00Z,2024-10-29T23:59:59Z,86400,86400,0,1.0,0.999391079,0.999999637,0.000575567,0,0,0,0,-0.0,2.87361,23.29486,-1.120811e-10,0.002873611,0.02329487,False,0.024897,False
2024-10-30,RS01SUM1-LJ01B-09-PRESTB102,2,True,2024-10-30T00:00:00Z,2024-10-30T23:59:59Z,86400,86400,0,1.0,0.999398232,0.999999621,0.001018983,0,0,0,0,0.0,2.859435,21.355024,2.717792e-11,0.002859437,0.02135503,False,0.021292,False
2024-10-31,RS01SUM1-LJ01B-09-PRESTB102,2,True,2024-10-31T00:00:00Z,2024-10-31T23:59:59Z,86400,86400,0,1.0,0.999401569,0.999999669,0.000440178,0,0,0,0,-0.0,3.250885,23.30176,-1.285439e-10,0.003250886,0.02330177,False,0.022932,False
2024-11-01,RS01SUM1-LJ01B-09-PRESTB102,2,True,2024-11-01T00:00:00Z,2024-11-01T23:59:59Z,86400,86400,0,1.0,0.999394894,0.999999702,0.002881585,0,0,0,0,-0.0,2.906672,22.925189,-8.139739e-11,0.002906673,0.0229252,False,0.026239,False
2024-11-02,RS01SUM1-LJ01B-09-PRESTB102,2,True,2024-11-02T00:00:00Z,2024-11-02T23:59:59Z,86400,86400,0,1.0,0.999399185,0.99999967,0.001665868,0,0,0,0,-0.0,3.140002,24.456485,-6.482339e-11,0.003140003,0.02445649,False,0.025612,False
2024-11-03,RS01SUM1-LJ01B-09-PRESTB102,2,True,2024-11-03T00:00:00Z,2024-11-03T23:59:59Z,86400,86400,0,1.0,0.999390125,0.999999647,-0.001777852,0,0,0,0,0.0,2.862519,22.518725,2.595984e-11,0.00286252,0.02251873,False,0.026293,False
2024-11-04,RS01SUM1-LJ01B-09-PRESTB102,2,True,2024-11-04T00:00:00Z,2024-11-04T23:59:59Z,86400,86400,0,1.0,0.999406338,0.999999643,-0.002512516,0,0,0,0,-0.0,2.955365,23.319817,-5.352172e-11,0.002955366,0.02331983,False,0.024378,False
2024-11-05,RS01SUM1-LJ01B-09-PRESTB102,2,True,2024-11-05T00:00:00Z,2024-11-05T23:59:59Z,86400,86400,0,1.0,0.999396801,0.999999649,-0.000569268,0,0,0,0,-0.0,2.898087,22.950434,-3.536468e-11,0.002898088,0.02295044,False,0.0257,False
2024-11-06,RS01SUM1-LJ01B-09-PRESTB102,2,True,2024-11-06T00:00:00Z,2024-11-06T23:59:59Z,86400,86400,0,1.0,0.999402046,0.999999622,0.001546953,0,0,0,0,0.0,2.912081,23.074496,6.367565e-12,0.002912082,0.0230745,False,0.026244,False
2024-11-07,RS01SUM1-LJ01B-09-PRESTB102,2,True,2024-11-07T00:00:00Z,2024-11-07T23:59:59Z,86400,86400,0,1.0,0.999392033,0.999999624,0.000445637,0,0,0,0,0.0,2.896666,23.289197,3.214279e-11,0.002896667,0.02328921,False,0.023678,False
2024-11-08,RS01SUM1-LJ01B-09-PRESTB102,2,True,2024-11-08T00:00:00Z,2024-11-08T23:59:59Z,86400,86400,0,1.0,0.99937439,0.999999657,-0.000630265,0,0,0,0,0.0,2.908378,22.005842,2.307793e-11,0.002908379,0.02200585,False,0.026469,False
2024-11-09,RS01SUM1-LJ01B-09-PRESTB102,2,True,2024-11-09T00:00:00Z,2024-11-09T23:59:59Z,86400,86400,0,1.0,0.999403,0.999999683,-0.000218734,0,0,0,0,-0.0,3.024342,23.329714,-3.519393e-11,0.003024343,0.02332972,False,0.026209,False
2024-11-10,RS01SUM1-LJ01B-09-PRESTB102,2,True,2024-11-10T00:00:00Z,2024-11-10T23:59:59Z,86400,86400,0,1.0,0.999395847,0.999999652,-0.011182046,0,0,0,0,-0.0,2.982646,24.004415,-6.234517e-11,0.002982647,0.02400442,False,0.026501,False
2024-11-11,RS01SUM1-LJ01B-09-PRESTB102,2,True,2024-11-11T00:00:00Z,2024-11-11T23:59:59Z,86400,86400,0,1.0,0.999395847,0.999999692,0.002481378,0,0,0,0,-0.0,3.042097,22.819937,-1.41725e-10,0.003042098,0.02281994,False,0.026354,False
2024-11-12,RS01SUM1-LJ01B-09-PRESTB102,2,True,2024-11-12T00:00:00Z,2024-11-12T23:59:59Z,86400,86400,0,1.0,0.999380112,0.999999683,-0.00065552,0,0,0,0,-0.0,2.840766,21.656696,-3.719297e-11,0.002840767,0.0216567,False,0.02572,False
2024-11-13,RS01SUM1-LJ01B-09-PRESTB102,2,True,2024-11-13T00:00:00Z,2024-11-13T23:59:59Z,86401,86401,0,1.0,0.999387741,0.999999702,-0.00031919,0,0,22,22,-0.0,2.809544,22.290982,-2.998615e-11,0.002809544,0.02229099,False,0.026269,False
2024-11-14,RS01SUM1-LJ01B-09-PRESTB102,2,True,2024-11-14T00:00:00Z,2024-11-14T23:59:59Z,86400,86400,0,1.0,0.999392986,0.999999648,-0.001251993,0,0,0,0,-0.0,2.868912,21.602452,-2.541435e-11,0.002868913,0.02160246,False,0.026382,False
2024-11-15,RS01SUM1-LJ01B-09-PRESTB102,2,True,2024-11-15T00:00:00Z,2024-11-15T23:59:59Z,86400,86400,0,1.0,0.999389172,0.999999647,0.000622375,0,0,0,0,-0.0,3.005734,23.073771,-5.104572e-11,0.003005735,0.02307378,False,0.023286,False
2024-11-16,RS01SUM1-LJ01B-09-PRESTB102,2,True,2024-11-16T00:00:00Z,2024-11-16T23:59:59Z,86400,86400,0,1.0,0.999405861,0.999999615,0.003278258,0,0,0,0,0.0,2.995044,22.311704,9.83558e-11,0.002995045,0.02231171,False,0.026507,False
2024-11-17,RS01SUM1-LJ01B-09-PRESTB102,2,True,2024-11-17T00:00:00Z,2024-11-17T23:59:59Z,86400,86400,0,1.0,0.999382973,0.99999968,0.000799795,0,0,0,0,-0.0,2.906197,21.445985,-4.971257e-11,0.002906198,0.02144599,False,0.022134,False
2024-11-18,RS01SUM1-LJ01B-09-PRESTB102,2,True,2024-11-18T00:00:00Z,2024-11-18T23:59:59Z,86400,86400,0,1.0,0.999377728,0.999999643,0.001998766,0,0,0,0,-0.0,2.854867,20.942282,-5.256718e-11,0.002854868,0.02094229,False,0.023784,False
2024-11-19,RS01SUM1-LJ01B-09-PRESTB102,2,True,2024-11-19T00:00:00Z,2024-11-19T23:59:59Z,86400,86400,0,1.0,0.99939394,0.999999635,-0.000255703,0,0,0,0,-0.0,3.359318,21.912415,-4.965633e-11,0.00335932,0.02191242,False,0.024969,False
2024-11-20,RS01SUM1-LJ01B-09-PRESTB102,2,True,2024-11-20T00:00:00Z,2024-11-20T23:59:59Z,86400,86400,0,1.0,0.999382973,0.999999691,-0.001531254,0,0,0,0,-0.0,2.920509,21.813294,-1.877995e-11,0.002920509,0.0218133,False,0.022126,False
2024-11-21,RS01SUM1-LJ01B-09-PRESTB102,2,True,2024-11-21T00:00:00Z,2024-11-21T23:59:59Z,86400,86400,0,1.0,0.999397755,0.999999647,-0.000114931,0,0,0,0,-0.0,2.856001,21.61035,-5.48019e-11,0.002856002,0.02161036,False,0.024374,False
2024-11-22,RS01SUM1-LJ01B-09-PRESTB102,2,True,2024-11-22T00:00:00Z,2024-11-22T23:59:59Z,86400,86400,0,1.0,0.999392986,0.999999699,0.002338076,0,0,0,0,-0.0,2.972059,22.66154,-8.085876e-11,0.00297206,0.02266155,False,0.026213,False
2024-11-23,RS01SUM1-LJ01B-09-PRESTB102,2,True,2024-11-23T00:00:00Z,2024-11-23T23:59:59Z,86400,86400,0,1.0,0.999404907,0.999999672,-0.002870164,0,0,0,0,-0.0,2.837289,21.515405,-4.124959e-11,0.00283729,0.02151541,False,0.02325,False
2024-11-24,RS01SUM1-LJ01B-09-PRESTB102,2,True,2024-11-24T00:00:00Z,2024-11-24T23:59:59Z,86400,86400,0,1.0,0.999386787,0.999999654,-0.001339787,0,0,0,0,-0.0,2.934196,21.687675,-2.825701e-11,0.002934197,0.02168768,False,0.024819,False
2024-11-25,RS01SUM1-LJ01B-09-PRESTB102,2,True,2024-11-25T00:00:00Z,2024-11-25T23:59:59Z,86400,86400,0,1.0,0.99939394,0.999999658,0.002832244,0,0,0,0,-0.0,2.845701,21.458235,-4.811433e-11,0.002845702,0.02145824,False,0.024378,False
2024-11-26,RS01SUM1-LJ01B-09-PRESTB102,2,True,2024-11-26T00:00:00Z,2024-11-26T23:59:59Z,86400,86400,0,1.0,0.999407291,0.999999678,0.002581437,0,0,0,0,-0.0,2.838779,21.491962,-8.446455e-12,0.00283878,0.02149197,False,0.026312,False
2024-11-27,RS01SUM1-LJ01B-09-PRESTB102,2,True,2024-11-27T00:00:00Z,2024-11-27T23:59:59Z,86400,86400,0,1.0,0.99939394,0.999999701,-0.000372027,0,0,0,0,-0.0,2.872547,22.668748,-5.501426e-11,0.002872547,0.02266876,False,0.024876,False
2024-11-28,RS01SUM1-LJ01B-09-PRESTB102,2,True,2024-11-28T00:00:00Z,2024-11-28T23:59:59Z,86400,86400,0,1.0,0.999403,0.999999678,0.002128898,0,0,0,0,-0.0,2.905651,22.210734,-1.044478e-11,0.002905652,0.02221074,False,0.026184,False
2024-11-29,RS01SUM1-LJ01B-09-PRESTB102,2,True,2024-11-29T00:00:00Z,2024-11-29T23:59:59Z,86400,86400,0,1.0,0.999395847,0.999999671,-0.002299144,0,0,0,0,-0.0,2.881391,22.739818,-5.749238e-11,0.002881392,0.02273983,False,0.026257,False
2024-11-30,RS01SUM1-LJ01B-09-PRESTB102,2,True,2024-11-30T00:00:00Z,2024-11-30T23:59:59Z,86400,86400,0,1.0,0.999398232,0.999999688,-0.000357744,0,0,0,0,-0.0,2.843833,21.172786,-8.537709e-11,0.002843834,0.02117279,False,0.021618,False
2024-12-01,RS01SUM1-LJ01B-09-PRESTB102,2,True,2024-12-01T00:00:00Z,2024-12-01T23:59:59Z,86400,86400,0,1.0,0.99939394,0.999999694,-0.000486499,0,0,0,0,-0.0,2.850194,22.540153,-2.650291e-11,0.002850195,0.02254016,False,0.024272,False
2024-12-02,RS01SUM1-LJ01B-09-PRESTB102,2,True,2024-12-02T00:00:00Z,2024-12-02T23:59:59Z,86400,86400,0,1.0,0.999392986,0.999999684,-0.001111131,0,0,0,0,-0.0,2.891616,21.123931,-1.967903e-11,0.002891617,0.02112394,False,0.022665,False
2024-12-03,RS01SUM1-LJ01B-09-PRESTB102,2,True,2024-12-03T00:00:00Z,2024-12-03T23:59:59Z,86400,86400,0,1.0,0.999387264,0.999999678,-0.001092893,0,0,0,0,-0.0,2.931527,21.635778,-2.907917e-11,0.002931528,0.02163578,False,0.022341,False
2024-12-04,RS01SUM1-LJ01B-09-PRESTB102,2,True,2024-12-04T00:00:00Z,2024-12-04T23:59:59Z,86400,86400,0,1.0,0.999396801,0.99999965,0.002588952,0,0,0,0,-0.0,2.893892,21.939385,-6.435371e-11,0.002893893,0.02193939,False,0.021281,False
2024-12-05,RS01SUM1-LJ01B-09-PRESTB102,2,True,2024-12-05T00:00:00Z,2024-12-05T23:59:59Z,86400,86400,0,1.0,0.999403,0.999999694,0.001527622,0,0,0,0,-0.0,2.901924,24.062063,-5.356912e-11,0.002901925,0.02406207,False,0.026298,False
2024-12-06,RS01SUM1-LJ01B-09-PRESTB102,2,True,2024-12-06T00:00:00Z,2024-12-06T23:59:59Z,86400,86400,0,1.0,0.999406815,0.999999662,-0.001837192,0,0,0,0,-0.0,2.893473,23.526397,-1.871319e-11,0.002893474,0.02352641,False,0.025754,False
2024-12-07,RS01SUM1-LJ01B-09-PRESTB102,2,True,2024-12-07T00:00:00Z,2024-12-07T23:59:59Z,86400,86400,0,1.0,0.999397755,0.999999671,-0.002237093,0,0,0,0,-0.0,2.85876,23.053025,-8.818701e-11,0.002858761,0.02305303,False,0.026159,False
2024-12-08,RS01SUM1-LJ01B-09-PRESTB102,2,True,2024-12-08T00:00:00Z,2024-12-08T23:59:59Z,86400,86400,0,1.0,0.999408245,0.999999703,0.000967998,0,0,0,0,0.0,3.002883,21.720543,6.029712e-11,0.003002884,0.02172055,False,0.022186,False
2024-12-09,RS01SUM1-LJ01B-09-PRESTB102,2,True,2024-12-09T00:00:00Z,2024-12-09T23:59:59Z,86400,86400,0,1.0,0.999403954,0.999999697,-0.001509147,0,0,0,0,-0.0,2.847498,20.950221,-1.754114e-10,0.002847499,0.02095023,False,0.026374,False
2024-12-10,RS01SUM1-LJ01B-09-PRESTB102,2,True,2024-12-10T00:00:00Z,2024-12-10T23:59:59Z,86400,86400,0,1.0,0.999402046,0.999999709,-0.000882315,0,0,0,0,-0.0,2.860761,23.518631,-7.644223e-11,0.002860762,0.02351864,False,0.026095,False
2024-12-11,RS01SUM1-LJ01B-09-PRESTB102,2,True,2024-12-11T00:00:00Z,2024-12-11T14:35:27Z,52528,52528,0,1.0,0.999376774,0.99999964,0.003575778,0,0,0,0,-0.0,2.845581,22.960096,-1.431049e-11,0.002845582,0.0229601,False,0.02623,False
2024-12-12,RS01SUM1-LJ01B-09-PRESTB102,2,True,2024-12-12T03:13:22Z,2024-12-12T23:59:59Z,74760,74798,38,1.0,0.999585152,0.999999622,0.004870252,1,38,1,38,0.0,3.248523,23.790288,2.141984e-11,0.003248525,0.0237903,False,0.026322,True
2024-12-13,RS01SUM1-LJ01B-09-PRESTB102,2,True,2024-12-13T00:00:00Z,2024-12-13T23:59:59Z,86400,86400,0,1.0,0.999446869,0.999999666,0.000410512,0,0,0,0,-0.0,2.817818,23.33862,-5.473609e-11,0.002817819,0.02333863,False,0.026587,False
2024-12-14,RS01SUM1-LJ01B-09-PRESTB102,2,True,2024-12-14T00:00:00Z,2024-12-14T23:59:59Z,54015,86418,32403,1.0,0.999434948,0.999845665,3.346680674,1,32403,1,32403,-0.0,3056.82268,8557.369789,-3.79191e-11,3.057295,8.558691,True,0.301844,True
2024-12-15,RS01SUM1-LJ01B-09-PRESTB102,2,True,2024-12-15T00:00:00Z,2024-12-15T23:59:59Z,86400,86400,0,1.0,0.999674797,0.999999648,-0.000348421,0,0,0,0,-0.0,3.116061,24.80425,-3.17002e-11,0.003116062,0.02480426,False,0.026237,False
2024-12-16,RS01SUM1-LJ01B-09-PRESTB102,2,True,2024-12-16T00:00:00Z,2024-12-16T23:59:59Z,86400,86400,0,1.0,0.999657154,0.99999969,-0.000714528,0,0,0,0,-0.0,2.863728,23.285067,-2.29199e-11,0.002863729,0.02328507,False,0.021308,False
2024-12-17,RS01SUM1-LJ01B-09-PRESTB102,2,True,2024-12-17T00:00:00Z,2024-12-17T23:59:59Z,86400,86400,0,1.0,0.999640942,0.999999625,0.001352865,0,0,0,0,-0.0,3.039796,20.37796,-2.410373e-11,0.003039797,0.02037797,False,0.025102,False
2024-12-18,RS01SUM1-LJ01B-09-PRESTB102,2,True,2024-12-18T00:00:00Z,2024-12-18T23:59:59Z,86400,86400,0,1.0,0.999665737,0.9999997,-0.002990286,0,0,0,0,-0.0,3.029284,23.365163,-5.767569e-11,0.003029285,0.02336517,False,0.022058,False
2024-12-19,RS01SUM1-LJ01B-09-PRESTB102,2,True,2024-12-19T00:00:00Z,2024-12-19T23:59:59Z,86401,86401,0,1.0,0.999695778,0.999999685,-0.003941336,0,0,21,21,-0.0,2.848797,21.524365,-7.142846e-12,0.002848798,0.02152437,False,0.02548,False
2024-12-20,RS01SUM1-LJ01B-09-PRESTB102,2,True,2024-12-20T00:00:00Z,2024-12-20T23:59:59Z,86400,86400,0,1.0,0.999647141,0.999999682,0.000836234,0,0,1,1,0.0,2.796865,22.409942,3.458683e-11,0.002796866,0.02240995,False,0.024117,False
2024-12-21,RS01SUM1-LJ01B-09-PRESTB102,2,True,2024-12-21T00:00:00Z,2024-12-21T23:59:59Z,86400,86400,0,1.0,0.999469757,0.999999712,-0.001844661,0,0,0,0,-0.0,2.822569,21.312082,-4.152422e-11,0.00282257,0.02131209,False,0.021595,False
2024-12-22,RS01SUM1-LJ01B-09-PRESTB102,2,True,2024-12-22T00:00:00Z,2024-12-22T23:59:59Z,86400,86400,0,1.0,0.999404907,0.999999715,0.000729611,0,0,0,0,-0.0,3.002404,23.063605,-2.577039e-12,0.003002405,0.02306361,False,0.026419,False
2024-12-23,RS01SUM1-LJ01B-09-PRESTB102,2,True,2024-12-23T00:00:00Z,2024-12-23T23:59:59Z,86400,86400,0,1.0,0.999392986,0.999999695,0.000599549,0,0,0,0,0.0,2.957133,23.426652,4.161783e-12,0.002957134,0.02342666,False,0.025094,False
2024-12-24,RS01SUM1-LJ01B-09-PRESTB102,2,True,2024-12-24T00:00:00Z,2024-12-24T23:59:59Z,86400,86400,0,1.0,0.999395847,0.99999967,0.004402919,0,0,0,0,0.0,3.319148,21.767125,1.119938e-11,0.003319149,0.02176713,False,0.021056,False
2024-12-25,RS01SUM1-LJ01B-09-PRESTB102,2,True,2024-12-25T00:00:00Z,2024-12-25T23:59:59Z,86400,86400,0,1.0,0.999397755,0.999999662,0.001820119,0,0,0,0,-0.0,2.853205,22.045378,-5.146173e-12,0.002853206,0.02204539,False,0.024221,False
2024-12-26,RS01SUM1-LJ01B-09-PRESTB102,2,True,2024-12-26T00:00:00Z,2024-12-26T23:59:59Z,86400,86400,0,1.0,0.999404907,0.999999674,-0.000262689,0,0,0,0,-0.0,2.839874,22.726836,-1.227566e-11,0.002839875,0.02272684,False,0.026335,False
2024-12-27,RS01SUM1-LJ01B-09-PRESTB102,2,True,2024-12-27T00:00:00Z,2024-12-27T23:59:59Z,86400,86400,0,1.0,0.999402046,0.999999666,-0.000304233,0,0,0,0,-0.0,3.02759,24.153078,-1.012871e-10,0.003027591,0.02415309,False,0.025564,False
2024-12-28,RS01SUM1-LJ01B-09-PRESTB102,2,True,2024-12-28T00:00:00Z,2024-12-28T23:59:59Z,86400,86400,0,1.0,0.999391079,0.999999673,-0.000688475,0,0,0,0,0.0,2.937729,21.3632,4.155603e-11,0.00293773,0.02136321,False,0.021972,False
2024-12-29,RS01SUM1-LJ01B-09-PRESTB102,2,True,2024-12-29T00:00:00Z,2024-12-29T23:59:59Z,86400,86400,0,1.0,0.999399662,0.999999632,0.001338248,0,0,0,0,-0.0,2.824166,22.228025,-6.712804e-11,0.002824167,0.02222803,False,0.02431,False
2024-12-30,RS01SUM1-LJ01B-09-PRESTB102,2,True,2024-12-30T00:00:00Z,2024-12-30T23:59:59Z,86400,86400,0,1.0,0.999396801,0.999999679,0.002099032,0,0,0,0,0.0,2.86793,22.271334,5.619964e-11,0.002867931,0.02227134,False,0.025558,False
2024-12-31,RS01SUM1-LJ01B-09-PRESTB102,2,True,2024-12-31T00:00:00Z,2024-12-31T23:59:59Z,86400,86400,0,1.0,0.999390125,0.999999635,0.002294769,0,0,0,0,-0.0,2.971885,22.283423,-1.033972e-10,0.002971886,0.02228343,False,0.023346,False
2025-01-01,RS01SUM1-LJ01B-09-PRESTB102,2,True,2025-01-01T00:00:00Z,2025-01-01T23:59:59Z,86400,86400,0,1.0,0.999398232,0.999999668,0.004035644,0,0,0,0,0.0,3.358693,22.989113,3.479638e-11,0.003358694,0.02298912,False,0.026355,False
2025-01-02,RS01SUM1-LJ01B-09-PRESTB102,2,True,2025-01-02T00:00:00Z,2025-01-02T23:59:59Z,86400,86400,0,1.0,0.999391079,0.999999646,0.00171818,0,0,0,0,-0.0,2.907106,20.907706,-4.670432e-12,0.002907107,0.02090771,False,0.026457,False
2025-01-03,RS01SUM1-LJ01B-09-PRESTB102,2,True,2025-01-03T00:00:00Z,2025-01-03T23:59:59Z,86400,86400,0,1.0,0.99939394,0.999999663,0.000259522,0,0,0,0,0.0,3.042991,23.585088,7.796117e-11,0.003042992,0.0235851,False,0.026384,False
2025-01-04,RS01SUM1-LJ01B-09-PRESTB102,2,True,2025-01-04T00:00:00Z,2025-01-04T23:59:59Z,86400,86400,0,1.0,0.999390602,0.999999646,-0.003321053,0,0,0,0,-0.0,2.866324,23.171704,-2.935017e-11,0.002866325,0.02317171,False,0.026266,False
2025-01-05,RS01SUM1-LJ01B-09-PRESTB102,2,True,2025-01-05T00:00:00Z,2025-01-05T23:59:59Z,86400,86400,0,1.0,0.999397755,0.999999678,-0.000135512,0,0,0,0,0.0,2.907647,23.704361,7.764036e-11,0.002907648,0.02370437,False,0.026127,False
2025-01-06,RS01SUM1-LJ01B-09-PRESTB102,2,True,2025-01-06T00:00:00Z,2025-01-06T23:59:59Z,86400,86400,0,1.0,0.999394417,0.999999619,-0.000674951,0,0,0,0,-0.0,2.980307,23.336927,-9.589635e-11,0.002980308,0.02333694,False,0.025167,False
2025-01-07,RS01SUM1-LJ01B-09-PRESTB102,2,True,2025-01-07T00:00:00Z,2025-01-07T23:59:59Z,86400,86400,0,1.0,0.999395847,0.999999665,-0.000727773,0,0,0,0,-0.0,2.851302,21.878479,-4.624379e-11,0.002851303,0.02187849,False,0.025624,False
2025-01-08,RS01SUM1-LJ01B-09-PRESTB102,2,True,2025-01-08T00:00:00Z,2025-01-08T23:59:59Z,85563,86401,838,1.0,0.99939537,0.999990903,-0.476782916,1,838,1,838,0.0,278.613872,595.16571,1.28999e-11,0.2786164,0.5951711,True,0.495533,True
2025-01-09,RS01SUM1-LJ01B-09-PRESTB102,2,True,2025-01-09T00:00:00Z,2025-01-09T23:59:59Z,86400,86400,0,1.0,0.999404907,0.999999738,-0.00266427,0,0,0,0,-0.0,2.865025,22.978923,-5.728984e-11,0.002865026,0.02297893,False,0.023226,False
2025-01-10,RS01SUM1-LJ01B-09-PRESTB102,2,True,2025-01-10T00:00:00Z,2025-01-10T23:59:59Z,86400,86400,0,1.0,0.999400139,0.999999655,-0.002019078,0,0,0,0,-0.0,2.865787,23.112653,-2.274127e-11,0.002865788,0.02311266,False,0.026145,False
2025-01-11,RS01SUM1-LJ01B-09-PRESTB102,2,True,2025-01-11T00:00:00Z,2025-01-11T23:59:59Z,86400,86400,0,1.0,0.999397278,0.9999997,-0.002970942,0,0,0,0,-0.0,2.856779,22.801171,-3.055107e-11,0.00285678,0.02280118,False,0.026289,False
2025-01-12,RS01SUM1-LJ01B-09-PRESTB102,2,True,2025-01-12T00:00:00Z,2025-01-12T23:59:59Z,86400,86400,0,1.0,0.999410629,0.999999691,0.002314936,0,0,0,0,0.0,2.854094,23.331453,4.940636e-11,0.002854095,0.02333146,False,0.026263,False
2025-01-13,RS01SUM1-LJ01B-09-PRESTB102,2,True,2025-01-13T00:00:00Z,2025-01-13T23:59:59Z,86400,86400,0,1.0,0.999391079,0.999999726,-0.001396503,0,0,0,0,-0.0,2.948258,22.836875,-1.044537e-10,0.002948259,0.02283688,False,0.026374,False
2025-01-14,RS01SUM1-LJ01B-09-PRESTB102,2,True,2025-01-14T00:00:00Z,2025-01-14T23:59:59Z,86390,86400,10,1.0,0.999416351,0.999999701,0.002628342,1,10,1,10,0.0,3.015995,22.857192,1.935663e-11,0.003015996,0.0228572,False,0.0228,True
2025-01-15,RS01SUM1-LJ01B-09-PRESTB102,2,True,2025-01-15T00:00:00Z,2025-01-15T23:59:59Z,86400,86400,0,1.0,0.999438286,0.999999692,-0.003611074,0,0,0,0,-0.0,3.198381,23.157388,-6.636053e-11,0.003198382,0.0231574,False,0.026536,False
2025-01-16,RS01SUM1-LJ01B-09-PRESTB102,2,True,2025-01-16T00:00:00Z,2025-01-16T23:59:59Z,86400,86400,0,1.0,0.999431133,0.999999734,-0.001048499,0,0,0,0,-0.0,2.883517,22.099628,-1.266179e-10,0.002883518,0.02209963,False,0.026661,False
2025-01-17,RS01SUM1-LJ01B-09-PRESTB102,2,True,2025-01-17T00:00:00Z,2025-01-17T23:59:59Z,86400,86400,0,1.0,0.999433041,0.99999966,-0.001015037,0,0,0,0,-0.0,2.846333,21.697602,-2.19274e-11,0.002846334,0.02169761,False,0.021538,False
2025-01-18,RS01SUM1-LJ01B-09-PRESTB102,2,True,2025-01-18T00:00:00Z,2025-01-18T23:59:59Z,86400,86400,0,1.0,0.999429703,0.999999683,-0.001332669,0,0,0,0,-0.0,2.884627,22.174701,-5.316491e-11,0.002884627,0.02217471,False,0.026104,False
2025-01-19,RS01SUM1-LJ01B-09-PRESTB102,2,True,2025-01-19T00:00:00Z,2025-01-19T23:59:59Z,86400,86400,0,1.0,0.999427319,0.99999971,-0.002353196,0,0,0,0,-0.0,2.851296,23.067033,-4.647754e-11,0.002851297,0.02306704,False,0.026118,False
2025-01-20,RS01SUM1-LJ01B-09-PRESTB102,2,True,2025-01-20T00:00:00Z,2025-01-20T23:59:59Z,86400,86400,0,1.0,0.999437332,0.999999671,-0.000884025,0,0,0,0,-0.0,2.884663,22.708501,-7.964555e-11,0.002884664,0.02270851,False,0.025485,False
2025-01-21,RS01SUM1-LJ01B-09-PRESTB102,2,True,2025-01-21T00:00:00Z,2025-01-21T23:59:59Z,86400,86400,0,1.0,0.999585629,0.999999687,-0.001968928,0,0,0,0,-0.0,3.16278,21.960655,-4.211221e-11,0.003162781,0.02196066,False,0.02424,False
2025-01-22,RS01SUM1-LJ01B-09-PRESTB102,2,True,2025-01-22T00:00:00Z,2025-01-22T23:59:59Z,86400,86400,0,1.0,0.999417305,0.999999658,-0.00050219,0,0,0,0,0.0,3.502135,22.187515,2.252516e-11,0.003502136,0.02218752,False,0.025524,False
2025-01-23,RS01SUM1-LJ01B-09-PRESTB102,2,True,2025-01-23T00:00:00Z,2025-01-23T23:59:59Z,86400,86400,0,1.0,0.999423981,0.999999731,-0.00469963,0,0,1,1,0.0,3.166494,20.450158,2.643228e-11,0.003166495,0.02045016,False,0.02385,False
2025-01-24,RS01SUM1-LJ01B-09-PRESTB102,2,True,2025-01-24T00:00:00Z,2025-01-24T23:59:59Z,85308,86401,1093,1.0,0.999437332,0.999999631,-0.001867314,13,1093,13,1103,0.0,2.983144,21.066108,1.840442e-11,0.002983145,0.02106612,False,0.33099,True
2025-01-25,RS01SUM1-LJ01B-09-PRESTB102,2,True,2025-01-25T00:00:00Z,2025-01-25T23:59:59Z,84593,86400,1807,1.0,0.999426842,0.999999592,-0.001232376,41,1807,41,1809,-0.0,3.665168,341.850471,-2.900795e-12,0.00366517,0.3418506,False,0.338162,True
2025-01-26,RS01SUM1-LJ01B-09-PRESTB102,2,True,2025-01-26T00:00:00Z,2025-01-26T23:59:59Z,86400,86400,0,1.0,0.999431133,0.999999654,0.001217688,0,0,0,0,-0.0,3.051166,24.314957,-5.961158e-11,0.003051167,0.02431497,False,0.026001,False
2025-01-27,RS01SUM1-LJ01B-09-PRESTB102,2,True,2025-01-27T00:00:00Z,2025-01-27T23:59:59Z,86400,86400,0,1.0,0.999423981,0.999999641,-9.5199e-05,0,0,0,0,-0.0,3.150981,22.049489,-1.218086e-10,0.003150982,0.0220495,False,0.025324,False
2025-01-28,RS01SUM1-LJ01B-09-PRESTB102,2,True,2025-01-28T00:00:00Z,2025-01-28T23:59:59Z,86400,86400,0,1.0,0.9995718,0.999999631,-0.001741357,0,0,0,0,0.0,3.028591,22.474159,2.055693e-11,0.003028592,0.02247417,False,0.022781,False
2025-01-29,RS01SUM1-LJ01B-09-PRESTB102,2,True,2025-01-29T00:00:00Z,2025-01-29T20:24:30Z,73471,73471,0,1.0,0.999429941,0.999999625,-0.001864793,0,0,0,0,-0.0,3.168061,24.516861,-2.179489e-11,0.003168062,0.02451687,False,0.02608,False
2025-01-30,RS01SUM1-LJ01B-09-PRESTB102,2,True,2025-01-30T02:59:37Z,2025-01-30T23:59:59Z,75522,75623,101,1.0,0.999439716,0.999999688,-0.017708341,1,101,1,101,-0.0,17.194921,46.164498,-2.297809e-11,0.01719493,0.04616451,False,0.053388,True
2025-01-31,RS01SUM1-LJ01B-09-PRESTB102,2,True,2025-01-31T00:00:00Z,2025-01-31T23:59:59Z,30723,86430,55707,1.0,0.999463081,0.999608235,-0.985911344,1,55707,1,55707,-0.0,2853.140177,5456.988471,-6.902035e-11,2.854258,5.459127,True,0.104901,True
2025-02-01,RS01SUM1-LJ01B-09-PRESTB102,2,True,2025-02-01T00:00:00Z,2025-02-01T23:59:59Z,86400,86400,0,1.0,0.999443054,0.999999678,-0.002738265,0,0,0,0,-0.0,5.687103,34.82178,-4.404955e-11,0.005687105,0.03482179,False,0.04212,False
2025-02-02,RS01SUM1-LJ01B-09-PRESTB102,2,True,2025-02-02T00:00:00Z,2025-02-02T23:59:59Z,86400,86400,0,1.0,0.999441147,0.999999682,0.004529097,0,0,0,0,-0.0,4.868578,33.718006,-4.936101e-11,0.00486858,0.03371802,False,0.0303,False
2025-02-03,RS01SUM1-LJ01B-09-PRESTB102,2,True,2025-02-03T00:00:00Z,2025-02-03T23:59:59Z,86400,86400,0,1.0,0.999441147,0.999999675,-0.00552685,0,0,0,0,-0.0,5.121485,31.110119,-8.620253e-11,0.005121487,0.03111013,False,0.031991,False
2025-02-04,RS01SUM1-LJ01B-09-PRESTB102,2,True,2025-02-04T00:00:00Z,2025-02-04T23:59:59Z,86400,86400,0,1.0,0.999596119,0.999999682,-0.005946924,0,0,0,0,-0.0,6.443468,49.140509,-8.202594e-12,0.00644347,0.04914052,False,0.043961,False
2025-02-05,RS01SUM1-LJ01B-09-PRESTB102,2,True,2025-02-05T00:00:00Z,2025-02-05T23:59:59Z,86400,86400,0,1.0,0.999428749,0.999999616,0.0122024,0,0,0,0,-0.0,6.353362,36.730171,-2.252052e-13,0.006353364,0.03673018,False,0.033191,False
2025-02-06,RS01SUM1-LJ01B-09-PRESTB102,2,True,2025-02-06T00:00:00Z,2025-02-06T23:59:59Z,86400,86400,0,1.0,0.999423981,0.999999649,-0.001824794,0,0,0,0,-0.0,5.540402,32.469239,-5.028158e-11,0.005540404,0.03246925,False,0.030571,False
2025-02-07,RS01SUM1-LJ01B-09-PRESTB102,2,True,2025-02-07T00:00:00Z,2025-02-07T23:59:59Z,86400,86400,0,1.0,0.99943161,0.999999701,-0.003336113,0,0,0,0,-0.0,4.418446,24.385802,-1.660542e-11,0.004418447,0.02438581,False,0.025448,False
2025-02-08,RS01SUM1-LJ01B-09-PRESTB102,2,True,2025-02-08T00:00:00Z,2025-02-08T23:59:59Z,86400,86400,0,1.0,0.999444962,0.999999693,-0.011717209,0,0,0,0,-0.0,6.367044,36.625981,-5.990616e-11,0.006367046,0.03662599,False,0.033615,False
2025-02-09,RS01SUM1-LJ01B-09-PRESTB102,2,True,2025-02-09T00:00:00Z,2025-02-09T23:59:59Z,86400,86400,0,1.0,0.999434948,0.999999671,0.000174416,0,0,0,0,-0.0,5.159018,32.370353,-1.160012e-10,0.005159019,0.03237036,False,0.040167,False
2025-02-10,RS01SUM1-LJ01B-09-PRESTB102,2,True,2025-02-10T00:00:00Z,2025-02-10T23:59:59Z,86400,86400,0,1.0,0.999438286,0.99999971,-0.002701401,0,0,0,0,-0.0,9.671015,94.152274,-5.769948e-11,0.009671018,0.0941523,False,0.089691,False
2025-02-11,RS01SUM1-LJ01B-09-PRESTB102,2,True,2025-02-11T00:00:00Z,2025-02-11T23:59:59Z,86400,86400,0,1.0,0.999593258,0.999999638,-0.006785987,0,0,0,0,-0.0,8.755633,89.68832,-5.553371e-11,0.008755636,0.08968835,False,0.084865,False
2025-02-12,RS01SUM1-LJ01B-09-PRESTB102,2,True,2025-02-12T00:00:00Z,2025-02-12T23:59:59Z,86400,86400,0,1.0,0.999433994,0.999999676,-0.005520418,0,0,0,0,-0.0,5.418078,37.180563,-1.029332e-11,0.00541808,0.03718058,False,0.032044,False
2025-02-13,RS01SUM1-LJ01B-09-PRESTB102,2,True,2025-02-13T00:00:00Z,2025-02-13T23:59:59Z,86400,86400,0,1.0,0.999435902,0.999999635,-0.002904095,0,0,0,0,0.0,4.261241,25.979074,1.4365e-11,0.004261243,0.02597908,False,0.026735,False
2025-02-14,RS01SUM1-LJ01B-09-PRESTB102,2,True,2025-02-14T00:00:00Z,2025-02-14T23:59:59Z,86400,86400,0,1.0,0.999429226,0.999999661,-0.002619617,0,0,0,0,0.0,5.762402,33.855799,3.442128e-11,0.005762404,0.03385581,False,0.034475,False
2025-02-15,RS01SUM1-LJ01B-09-PRESTB102,2,True,2025-02-15T00:00:00Z,2025-02-15T23:59:59Z,86400,86400,0,1.0,0.99943924,0.999999726,-0.005600703,0,0,0,0,-0.0,4.872541,31.126528,-7.850733e-11,0.004872542,0.03112654,False,0.029751,False
2025-02-16,RS01SUM1-LJ01B-09-PRESTB102,2,True,2025-02-16T00:00:00Z,2025-02-16T23:59:59Z,86400,86400,0,1.0,0.999438286,0.999999663,-0.001697982,0,0,0,0,-0.0,4.394783,25.37423,-2.444118e-11,0.004394784,0.02537424,False,0.0238,False
2025-02-17,RS01SUM1-LJ01B-09-PRESTB102,2,True,2025-02-17T00:00:00Z,2025-02-17T23:59:59Z,86400,86400,0,1.0,0.999432087,0.999999582,0.000408099,0,0,0,0,0.0,6.078881,45.749009,1.745533e-11,0.006078883,0.04574903,False,0.045276,False
2025-02-18,RS01SUM1-LJ01B-09-PRESTB102,2,True,2025-02-18T00:00:00Z,2025-02-18T23:59:59Z,86400,86400,0,1.0,0.999577045,0.999999644,0.004667999,0,0,0,0,-0.0,10.197986,90.904224,-1.25467e-10,0.01019799,0.09090426,False,0.090941,False
2025-02-19,RS01SUM1-LJ01B-09-PRESTB102,2,True,2025-02-19T00:00:00Z,2025-02-19T23:59:59Z,86400,86400,0,1.0,0.999428272,0.999999723,-0.002356528,0,0,0,0,0.0,8.058409,33.847557,2.462988e-13,0.008058411,0.03384757,False,0.033974,False
2025-02-20,RS01SUM1-LJ01B-09-PRESTB102,2,True,2025-02-20T00:00:00Z,2025-02-20T23:59:59Z,86400,86400,0,1.0,0.999429226,0.999999661,-0.000919538,0,0,0,0,-0.0,4.942636,30.248742,-6.598437e-11,0.004942638,0.03024875,False,0.027557,False
2025-02-21,RS01SUM1-LJ01B-09-PRESTB102,2,True,2025-02-21T00:00:00Z,2025-02-21T23:59:59Z,86400,86400,0,1.0,0.999443054,0.999999679,0.001111334,0,0,0,0,-0.0,6.176106,35.980903,-4.821825e-11,0.006176108,0.03598091,False,0.029578,False
2025-02-22,RS01SUM1-LJ01B-09-PRESTB102,2,True,2025-02-22T00:00:00Z,2025-02-22T23:59:59Z,86400,86400,0,1.0,0.99943924,0.999999646,0.000272779,0,0,0,0,-0.0,9.289912,97.252902,-5.277836e-11,0.009289915,0.09725294,False,0.09471,False
2025-02-23,RS01SUM1-LJ01B-09-PRESTB102,2,True,2025-02-23T00:00:00Z,2025-02-23T23:59:59Z,86400,86400,0,1.0,0.999435902,0.999999625,-0.003080495,0,0,0,0,-0.0,7.778021,34.665446,-6.29262e-11,0.007778024,0.03466546,False,0.04085,False
2025-02-24,RS01SUM1-LJ01B-09-PRESTB102,2,True,2025-02-24T00:00:00Z,2025-02-24T23:59:59Z,86400,86400,0,1.0,0.999438763,0.999999664,-0.004017543,0,0,0,0,0.0,5.369904,36.11115,1.711438e-11,0.005369906,0.03611116,False,0.038161,False
2025-02-25,RS01SUM1-LJ01B-09-PRESTB102,2,True,2025-02-25T00:00:00Z,2025-02-25T23:59:59Z,86400,86400,0,1.0,0.999603748,0.99999965,0.006588655,0,0,0,0,-0.0,6.629808,32.244491,-3.973672e-11,0.00662981,0.0322445,False,0.031059,False
2025-02-26,RS01SUM1-LJ01B-09-PRESTB102,2,True,2025-02-26T00:00:00Z,2025-02-26T23:59:59Z,86401,86401,0,1.0,0.999439716,0.999999704,0.000670507,0,0,20,20,0.0,7.335896,36.684744,1.363807e-11,0.007335898,0.03668476,False,0.033867,False
2025-02-27,RS01SUM1-LJ01B-09-PRESTB102,2,True,2025-02-27T00:00:00Z,2025-02-27T23:59:59Z,86400,86400,0,1.0,0.999433041,0.999999655,-0.005801251,0,0,0,0,-0.0,6.013487,31.301617,-5.514682e-11,0.00601349,0.03130163,False,0.028355,False
2025-02-28,RS01SUM1-LJ01B-09-PRESTB102,2,True,2025-02-28T00:00:00Z,2025-02-28T23:59:59Z,86400,86400,0,1.0,0.999424934,0.999999694,0.004204203,0,0,0,0,-0.0,5.645244,35.745679,-8.047069e-11,0.005645246,0.03574569,False,0.030448,False
2025-03-01,RS01SUM1-LJ01B-09-PRESTB102,2,True,2025-03-01T00:00:00Z,2025-03-01T23:59:59Z,86400,86400,0,1.0,0.999428749,0.999999691,0.004285161,0,0,0,0,-0.0,5.618609,33.104489,-1.229907e-10,0.005618611,0.0331045,False,0.04089,False
2025-03-02,RS01SUM1-LJ01B-09-PRESTB102,2,True,2025-03-02T00:00:00Z,2025-03-02T23:59:59Z,86400,86400,0,1.0,0.999442101,0.999999633,0.005971332,0,0,0,0,-0.0,7.769556,35.198286,-1.174776e-10,0.007769559,0.0351983,False,0.028217,False
2025-03-03,RS01SUM1-LJ01B-09-PRESTB102,2,True,2025-03-03T00:00:00Z,2025-03-03T23:59:59Z,86400,86400,0,1.0,0.999419689,0.999999724,0.000453937,0,0,0,0,-0.0,6.877955,33.716007,-1.114181e-11,0.006877957,0.03371602,False,0.031098,False
2025-03-04,RS01SUM1-LJ01B-09-PRESTB102,2,True,2025-03-04T00:00:00Z,2025-03-04T23:59:59Z,86400,86400,0,1.0,0.999594212,0.999999682,-0.003288551,0,0,0,0,0.0,9.244268,90.58402,4.482071e-12,0.009244271,0.09058405,False,0.087033,False
2025-03-05,RS01SUM1-LJ01B-09-PRESTB102,2,True,2025-03-05T00:00:00Z,2025-03-05T23:59:59Z,86400,86400,0,1.0,0.999416828,0.999999646,0.006729564,0,0,0,0,-0.0,10.488931,87.563365,-7.206267e-11,0.01048894,0.0875634,False,0.090684,False
2025-03-06,RS01SUM1-LJ01B-09-PRESTB102,2,True,2025-03-06T00:00:00Z,2025-03-06T23:59:59Z,86400,86400,0,1.0,0.999426365,0.999999686,0.00365429,0,0,0,0,-0.0,8.791122,92.417759,-3.697293e-11,0.008791125,0.09241779,False,0.095636,False
2025-03-07,RS01SUM1-LJ01B-09-PRESTB102,2,True,2025-03-07T00:00:00Z,2025-03-07T23:59:59Z,86400,86400,0,1.0,0.999422073,0.99999969,0.002575027,0,0,0,0,-0.0,5.802403,31.89292,-8.02729e-11,0.005802404,0.03189293,False,0.035259,False
2025-03-08,RS01SUM1-LJ01B-09-PRESTB102,2,True,2025-03-08T00:00:00Z,2025-03-08T23:59:59Z,86400,86400,0,1.0,0.999433994,0.999999671,0.001961831,0,0,0,0,-0.0,6.360565,38.175457,-3.049653e-11,0.006360567,0.03817547,False,0.03326,False
2025-03-09,RS01SUM1-LJ01B-09-PRESTB102,2,True,2025-03-09T00:00:00Z,2025-03-09T23:59:59Z,86400,86400,0,1.0,0.999453068,0.999999654,0.00419044,0,0,0,0,-0.0,3.920213,23.28352,-5.852993e-11,0.003920214,0.02328353,False,0.02329,False
2025-03-10,RS01SUM1-LJ01B-09-PRESTB102,2,True,2025-03-10T00:00:00Z,2025-03-10T23:59:59Z,86400,86400,0,1.0,0.999428272,0.9999997,-0.004796448,0,0,0,0,-0.0,9.030335,89.561974,-4.112979e-11,0.009030337,0.089562,False,0.088189,False
2025-03-11,RS01SUM1-LJ01B-09-PRESTB102,2,True,2025-03-11T00:00:00Z,2025-03-11T23:59:59Z,86400,86400,0,1.0,0.999599934,0.999999687,0.000906511,0,0,0,0,-0.0,5.267402,30.460287,-7.45099e-11,0.005267404,0.0304603,False,0.029131,False
2025-03-12,RS01SUM1-LJ01B-09-PRESTB102,2,True,2025-03-12T00:00:00Z,2025-03-12T23:59:59Z,86400,86400,0,1.0,0.999437809,0.999999654,-0.004373242,0,0,0,0,-0.0,9.519252,91.851512,-6.922236e-11,0.009519255,0.09185154,False,0.090352,False
2025-03-13,RS01SUM1-LJ01B-09-PRESTB102,2,True,2025-03-13T00:00:00Z,2025-03-13T23:59:59Z,86400,86400,0,1.0,0.999434948,0.999999743,-0.001774565,0,0,0,0,-0.0,5.794955,28.523007,-1.635888e-11,0.005794957,0.02852301,False,0.032722,False
2025-03-14,RS01SUM1-LJ01B-09-PRESTB102,2,True,2025-03-14T00:00:00Z,2025-03-14T23:59:59Z,86400,86400,0,1.0,0.999429703,0.999999732,-0.00596874,0,0,0,0,-0.0,5.782306,31.818835,-4.491008e-11,0.005782308,0.03181884,False,0.030832,False
2025-03-15,RS01SUM1-LJ01B-09-PRESTB102,2,True,2025-03-15T00:00:00Z,2025-03-15T23:59:59Z,86400,86400,0,1.0,0.999445915,0.999999679,-0.003935808,0,0,0,0,-0.0,4.179288,23.351154,-2.220953e-11,0.004179289,0.02335116,False,0.023349,False
2025-03-16,RS01SUM1-LJ01B-09-PRESTB102,2,True,2025-03-16T00:00:00Z,2025-03-16T23:59:59Z,86400,86400,0,1.0,0.999433041,0.999999668,0.008559647,0,0,0,0,-0.0,5.793086,28.692678,-3.360645e-11,0.005793088,0.02869269,False,0.028749,False
2025-03-17,RS01SUM1-LJ01B-09-PRESTB102,2,True,2025-03-17T00:00:00Z,2025-03-17T23:59:59Z,86400,86400,0,1.0,0.999433041,0.999999624,0.013609864,0,0,0,0,-0.0,6.01279,31.105554,-3.224379e-11,0.006012793,0.03110557,False,0.031002,False
2025-03-18,RS01SUM1-LJ01B-09-PRESTB102,2,True,2025-03-18T00:00:00Z,2025-03-18T23:59:59Z,86400,86400,0,1.0,0.999577999,0.999999618,-0.003760747,0,0,0,0,-0.0,7.083965,31.954927,-9.229821e-11,0.007083968,0.03195494,False,0.033025,False
2025-03-19,RS01SUM1-LJ01B-09-PRESTB102,2,True,2025-03-19T00:00:00Z,2025-03-19T23:59:59Z,86400,86400,0,1.0,0.999428749,0.999999632,0.001618239,0,0,0,0,-0.0,4.971397,33.188131,-1.038602e-11,0.004971399,0.03318814,False,0.029364,False
2025-03-20,RS01SUM1-LJ01B-09-PRESTB102,2,True,2025-03-20T00:00:00Z,2025-03-20T23:59:59Z,86400,86400,0,1.0,0.99942112,0.999999698,0.002243761,0,0,0,0,0.0,6.528918,34.228325,9.467345e-12,0.00652892,0.03422834,False,0.032086,False
2025-03-21,RS01SUM1-LJ01B-09-PRESTB102,2,True,2025-03-21T00:00:00Z,2025-03-21T23:59:59Z,85799,86400,601,1.0,0.999429226,0.999999682,-0.002373603,1,601,1,601,0.0,5.697824,34.552284,2.891766e-11,0.005697826,0.0345523,False,0.346001,True
2025-03-22,RS01SUM1-LJ01B-09-PRESTB102,2,True,2025-03-22T00:00:00Z,2025-03-22T23:59:59Z,86400,86400,0,1.0,0.99943018,0.999999711,0.00136504,0,0,0,0,-0.0,5.946854,35.779727,-5.713572e-11,0.005946856,0.03577974,False,0.032881,False
2025-03-23,RS01SUM1-LJ01B-09-PRESTB102,2,True,2025-03-23T00:00:00Z,2025-03-23T23:59:59Z,86400,86400,0,1.0,0.999425888,0.999999646,0.006987657,0,0,0,0,0.0,6.079937,35.021,4.432018e-11,0.006079939,0.03502101,False,0.028499,False
2025-03-24,RS01SUM1-LJ01B-09-PRESTB102,2,True,2025-03-24T00:00:00Z,2025-03-24T23:59:59Z,86400,86400,0,1.0,0.999431133,0.999999717,-0.000391539,0,0,0,0,-0.0,6.200968,36.821188,-4.67866e-11,0.00620097,0.0368212,False,0.039772,False
2025-03-25,RS01SUM1-LJ01B-09-PRESTB102,2,True,2025-03-25T00:00:00Z,2025-03-25T23:59:59Z,86400,86400,0,1.0,0.999601364,0.99999968,0.005001074,0,0,0,0,-0.0,4.591897,29.397695,-9.377446e-11,0.004591899,0.0293977,False,0.035029,False
2025-03-26,RS01SUM1-LJ01B-09-PRESTB102,2,True,2025-03-26T00:00:00Z,2025-03-26T23:59:59Z,85809,86400,591,1.0,0.999426842,0.999999681,0.000864562,1,591,1,591,-0.0,5.088056,31.49402,-9.163254e-12,0.005088058,0.03149403,False,0.338918,True
2025-03-27,RS01SUM1-LJ01B-09-PRESTB102,2,True,2025-03-27T00:00:00Z,2025-03-27T23:59:59Z,86400,86400,0,1.0,0.999423981,0.999999625,0.005123566,0,0,0,0,-0.0,5.08762,30.70599,-7.109966e-11,0.005087622,0.030706,False,0.033794,False
2025-03-28,RS01SUM1-LJ01B-09-PRESTB102,2,True,2025-03-28T00:00:00Z,2025-03-28T23:59:59Z,86400,86400,0,1.0,0.999419212,0.999999564,-0.000147887,0,0,0,0,-0.0,6.759109,31.345533,-1.923549e-11,0.006759112,0.03134555,False,0.032085,False
2025-03-29,RS01SUM1-LJ01B-09-PRESTB102,2,True,2025-03-29T00:00:00Z,2025-03-29T23:59:59Z,86400,86400,0,1.0,0.999437809,0.999999569,0.002294507,0,0,0,0,-0.0,7.59353,38.156119,-1.058743e-11,0.007593533,0.03815613,False,0.037597,False
2025-03-30,RS01SUM1-LJ01B-09-PRESTB102,2,True,2025-03-30T00:00:00Z,2025-03-30T23:59:59Z,86400,86400,0,1.0,0.999436378,0.99999963,0.023717614,0,0,0,0,-0.0,5.76236,31.861372,-6.832001e-11,0.005762362,0.03186138,False,0.028696,False
2025-03-31,RS01SUM1-LJ01B-09-PRESTB102,2,True,2025-03-31T00:00:00Z,2025-03-31T23:59:59Z,86400,86400,0,1.0,0.999444962,0.999999634,-0.004778938,0,0,0,0,-0.0,6.024698,43.347169,-7.831918e-11,0.0060247,0.04334719,False,0.044811,False
2025-04-01,RS01SUM1-LJ01B-09-PRESTB102,2,True,2025-04-01T00:00:00Z,2025-04-01T23:59:59Z,63216,86409,23193,1.0,0.999619961,0.999890607,2.438665821,2,23193,2,23193,-0.0,1899.844543,3391.079726,-4.946393e-11,1.900052,3.391451,True,0.278466,True
2025-04-02,RS01SUM1-LJ01B-09-PRESTB102,2,True,2025-04-02T00:00:00Z,2025-04-02T23:59:59Z,86401,86401,0,1.0,0.999434948,0.999999658,1.3583e-05,0,0,11,11,-0.0,6.213577,32.062722,-8.908486e-11,0.006213579,0.03206273,False,0.035336,False
2025-04-03,RS01SUM1-LJ01B-09-PRESTB102,2,True,2025-04-03T00:00:00Z,2025-04-03T23:59:59Z,86400,86400,0,1.0,0.999439716,0.999999686,0.000416885,0,0,0,0,-0.0,5.149166,33.63046,-4.044703e-11,0.005149168,0.03363047,False,0.032463,False
2025-04-04,RS01SUM1-LJ01B-09-PRESTB102,2,True,2025-04-04T00:00:00Z,2025-04-04T23:59:59Z,86400,86400,0,1.0,0.999433994,0.999999625,0.000838013,0,0,0,0,-0.0,4.986977,27.623587,-8.25155e-12,0.004986979,0.0276236,False,0.027768,False
2025-04-05,RS01SUM1-LJ01B-09-PRESTB102,2,True,2025-04-05T00:00:00Z,2025-04-05T23:59:59Z,86400,86400,0,1.0,0.999435902,0.999999619,-0.000299673,0,0,0,0,-0.0,5.539005,35.717458,-6.244545e-11,0.005539007,0.03571747,False,0.034061,False
2025-04-06,RS01SUM1-LJ01B-09-PRESTB102,2,True,2025-04-06T00:00:00Z,2025-04-06T23:59:59Z,86400,86400,0,1.0,0.999436378,0.999999571,-0.001512332,0,0,0,0,-0.0,8.823595,96.129473,-6.942817e-11,0.008823599,0.09612951,False,0.093123,False
2025-04-07,RS01SUM1-LJ01B-09-PRESTB102,2,True,2025-04-07T00:00:00Z,2025-04-07T23:59:59Z,86400,86400,0,1.0,0.999432087,0.999999563,0.000537952,0,0,0,0,0.0,6.836667,37.279305,9.672104e-12,0.00683667,0.03727932,False,0.045152,False
2025-04-08,RS01SUM1-LJ01B-09-PRESTB102,2,True,2025-04-08T00:00:00Z,2025-04-08T23:59:59Z,86400,86400,0,1.0,0.999615192,0.999999631,-0.000705568,0,0,0,0,-0.0,6.762321,37.550772,-3.391696e-11,0.006762324,0.03755079,False,0.039234,False
2025-04-09,RS01SUM1-LJ01B-09-PRESTB102,2,True,2025-04-09T00:00:00Z,2025-04-09T23:59:59Z,86400,86400,0,1.0,0.999444962,0.999999607,-0.001616614,0,0,0,0,-0.0,6.119396,34.237255,-7.533279e-12,0.006119398,0.03423727,False,0.036476,False
2025-04-10,RS01SUM1-LJ01B-09-PRESTB102,2,True,2025-04-10T00:00:00Z,2025-04-10T23:59:59Z,86400,86400,0,1.0,0.999444008,0.999999558,0.00731858,0,0,0,0,-0.0,6.058642,33.677286,-6.035487e-11,0.006058645,0.0336773,False,0.028262,False
2025-04-11,RS01SUM1-LJ01B-09-PRESTB102,2,True,2025-04-11T00:00:00Z,2025-04-11T23:59:59Z,86400,86400,0,1.0,0.999437809,0.999999661,0.005263056,0,0,0,0,-0.0,7.17833,35.027919,-8.508025e-11,0.007178333,0.03502793,False,0.031888,False
2025-04-12,RS01SUM1-LJ01B-09-PRESTB102,2,True,2025-04-12T00:00:00Z,2025-04-12T23:59:59Z,86400,86400,0,1.0,0.999433994,0.999999587,-0.002833257,0,0,0,0,-0.0,6.772298,35.688688,-4.948253e-11,0.006772301,0.0356887,False,0.036844,False
2025-04-13,RS01SUM1-LJ01B-09-PRESTB102,2,True,2025-04-13T00:00:00Z,2025-04-13T23:59:59Z,86400,86400,0,1.0,0.999436855,0.999999666,0.00690536,0,0,0,0,-0.0,6.474719,33.000808,-3.492224e-12,0.006474721,0.03300082,False,0.038568,False
2025-04-14,RS01SUM1-LJ01B-09-PRESTB102,2,True,2025-04-14T00:00:00Z,2025-04-14T23:59:59Z,86400,86400,0,1.0,0.999435902,0.99999967,-0.002193238,0,0,0,0,0.0,6.779558,46.128139,4.508016e-12,0.00677956,0.04612815,False,0.05055,False
2025-04-15,RS01SUM1-LJ01B-09-PRESTB102,2,True,2025-04-15T00:00:00Z,2025-04-15T23:59:59Z,86400,86400,0,1.0,0.99958086,0.999999565,0.000805957,0,0,0,0,-0.0,6.417643,33.737135,-8.16437e-11,0.006417646,0.03373715,False,0.038822,False
2025-04-16,RS01SUM1-LJ01B-09-PRESTB102,2,True,2025-04-16T00:00:00Z,2025-04-16T23:59:59Z,86400,86400,0,1.0,0.999429226,0.999999615,-0.005398226,0,0,0,0,-0.0,5.441778,33.143731,-4.110958e-11,0.00544178,0.03314374,False,0.029343,False
2025-04-17,RS01SUM1-LJ01B-09-PRESTB102,2,True,2025-04-17T00:00:00Z,2025-04-17T23:59:59Z,86400,86400,0,1.0,0.999432087,0.999999643,0.027094575,0,0,0,0,-0.0,6.251372,34.814237,-1.005336e-11,0.006251374,0.03481425,False,0.028572,False
2025-04-18,RS01SUM1-LJ01B-09-PRESTB102,2,True,2025-04-18T00:00:00Z,2025-04-18T23:59:59Z,86400,86400,0,1.0,0.999430656,0.999999598,-0.004270298,0,0,0,0,0.0,9.540884,91.031703,3.074284e-11,0.009540888,0.09103174,False,0.09116,False
2025-04-19,RS01SUM1-LJ01B-09-PRESTB102,2,True,2025-04-19T00:00:00Z,2025-04-19T23:59:59Z,86400,86400,0,1.0,0.999424934,0.999999562,0.005945808,0,0,0,0,-0.0,4.468394,29.135651,-1.179238e-11,0.004468396,0.02913566,False,0.027468,False
2025-04-20,RS01SUM1-LJ01B-09-PRESTB102,2,True,2025-04-20T00:00:00Z,2025-04-20T23:59:59Z,86400,86400,0,1.0,0.99943018,0.999999648,-0.000396006,0,0,0,0,0.0,8.244191,36.431116,2.538353e-11,0.008244194,0.03643113,False,0.031447,False
2025-04-21,RS01SUM1-LJ01B-09-PRESTB102,2,True,2025-04-21T00:00:00Z,2025-04-21T23:59:59Z,86400,86400,0,1.0,0.999424934,0.999999551,-0.009760617,0,0,0,0,-0.0,6.466442,47.934445,-5.88882e-11,0.006466445,0.04793447,False,0.042081,False
2025-04-22,RS01SUM1-LJ01B-09-PRESTB102,2,True,2025-04-22T00:00:00Z,2025-04-22T23:59:59Z,86400,86400,0,1.0,0.999600887,0.9999995,0.004228764,0,0,0,0,-0.0,11.374158,88.210537,-1.267442e-10,0.01137416,0.08821058,False,0.09256,False
2025-04-23,RS01SUM1-LJ01B-09-PRESTB102,2,True,2025-04-23T00:00:00Z,2025-04-23T23:59:59Z,86400,86400,0,1.0,0.999445915,0.999999567,-0.009179537,0,0,0,0,-0.0,9.13749,37.158639,-6.917245e-11,0.009137493,0.03715866,False,0.029564,False
2025-04-24,RS01SUM1-LJ01B-09-PRESTB102,2,True,2025-04-24T00:00:00Z,2025-04-24T23:59:59Z,86400,86400,0,1.0,0.999446869,0.999999692,0.014256971,0,0,0,0,-0.0,7.671383,55.072901,-5.864439e-11,0.007671385,0.05507292,False,0.054568,False
2025-04-25,RS01SUM1-LJ01B-09-PRESTB102,2,True,2025-04-25T00:00:00Z,2025-04-25T23:59:59Z,86400,86400,0,1.0,0.999433994,0.999999632,-0.003632895,0,0,0,0,-0.0,10.786557,91.344933,-4.809547e-11,0.01078656,0.09134497,False,0.083017,False
2025-04-26,RS01SUM1-LJ01B-09-PRESTB102,2,True,2025-04-26T00:00:00Z,2025-04-26T23:59:59Z,86400,86400,0,1.0,0.999437809,0.9999996,-0.001526672,0,0,0,0,-0.0,7.150096,41.513632,-4.728999e-11,0.007150099,0.04151365,False,0.051833,False
2025-04-27,RS01SUM1-LJ01B-09-PRESTB102,2,True,2025-04-27T00:00:00Z,2025-04-27T23:59:59Z,86400,86400,0,1.0,0.999441147,0.99999961,-0.003338492,0,0,0,0,-0.0,10.415423,91.915315,-2.458852e-11,0.01041543,0.09191535,False,0.084858,False
2025-04-28,RS01SUM1-LJ01B-09-PRESTB102,2,True,2025-04-28T00:00:00Z,2025-04-28T23:59:59Z,86400,86400,0,1.0,0.999445438,0.999999507,-0.000589013,0,0,0,0,0.0,7.228142,34.472595,7.950085e-13,0.007228146,0.03447261,False,0.035821,False
2025-04-29,RS01SUM1-LJ01B-09-PRESTB102,2,True,2025-04-29T00:00:00Z,2025-04-29T23:59:59Z,86400,86400,0,1.0,0.999582291,0.999999592,0.004944206,0,0,0,0,-0.0,12.790359,92.74835,-4.452037e-11,0.01279036,0.09274839,False,0.095428,False
2025-04-30,RS01SUM1-LJ01B-09-PRESTB102,2,True,2025-04-30T00:00:00Z,2025-04-30T23:59:59Z,86400,86400,0,1.0,0.999443054,0.999999683,-0.00277277,0,0,0,0,-0.0,5.90705,31.52729,-6.260415e-12,0.005907052,0.0315273,False,0.032571,False
2025-05-01,RS01SUM1-LJ01B-09-PRESTB102,2,True,2025-05-01T00:00:00Z,2025-05-01T23:59:59Z,86400,86400,0,1.0,0.99944973,0.999999625,0.00368093,0,0,0,0,0.0,7.21577,33.972462,2.274974e-11,0.007215772,0.03397247,False,0.03368,False
2025-05-02,RS01SUM1-LJ01B-09-PRESTB102,2,True,2025-05-02T00:00:00Z,2025-05-02T23:59:59Z,86400,86400,0,1.0,0.999433994,0.999999732,0.025122972,0,0,0,0,-0.0,9.05124,90.673672,-6.079576e-11,0.009051243,0.0906737,False,0.084391,False
2025-05-03,RS01SUM1-LJ01B-09-PRESTB102,2,True,2025-05-03T00:00:00Z,2025-05-03T23:59:59Z,86401,86401,0,1.0,0.999429703,0.999999648,-0.003372797,0,0,26,26,0.0,8.702748,90.768503,3.880072e-11,0.008702751,0.09076853,False,0.092362,False
2025-05-04,RS01SUM1-LJ01B-09-PRESTB102,2,True,2025-05-04T00:00:00Z,2025-05-04T23:59:59Z,86400,86400,0,1.0,0.999433994,0.999999715,-0.00079523,0,0,1,1,0.0,7.967715,46.698959,1.024431e-11,0.007967718,0.04669897,False,0.046277,False
2025-05-05,RS01SUM1-LJ01B-09-PRESTB102,2,True,2025-05-05T00:00:00Z,2025-05-05T23:59:59Z,86400,86400,0,1.0,0.999426842,0.999999642,-0.001485696,0,0,0,0,-0.0,7.573326,37.107919,-5.088041e-12,0.007573329,0.03710793,False,0.040584,False
2025-05-06,RS01SUM1-LJ01B-09-PRESTB102,2,True,2025-05-06T00:00:00Z,2025-05-06T23:59:59Z,86400,86400,0,1.0,0.999597073,0.999999662,-0.001953579,0,0,0,0,-0.0,5.560559,32.355441,-4.647661e-11,0.005560561,0.03235545,False,0.028517,False
2025-05-07,RS01SUM1-LJ01B-09-PRESTB102,2,True,2025-05-07T00:00:00Z,2025-05-07T23:59:59Z,86400,86400,0,1.0,0.999446869,0.999999638,-0.005368238,0,0,0,0,-0.0,4.852144,30.759109,-6.5208e-11,0.004852145,0.03075912,False,0.041125,False
2025-05-08,RS01SUM1-LJ01B-09-PRESTB102,2,True,2025-05-08T00:00:00Z,2025-05-08T23:59:59Z,86400,86400,0,1.0,0.999435902,0.999999659,-0.005123761,0,0,0,0,-0.0,10.590293,94.159879,-8.068502e-11,0.0105903,0.09415991,False,0.089836,False
2025-05-09,RS01SUM1-LJ01B-09-PRESTB102,2,True,2025-05-09T00:00:00Z,2025-05-09T23:59:59Z,86400,86400,0,1.0,0.999425411,0.999999671,-0.000437759,0,0,0,0,-0.0,7.623542,35.636925,-3.128291e-11,0.007623544,0.03563694,False,0.030364,False
2025-05-10,RS01SUM1-LJ01B-09-PRESTB102,2,True,2025-05-10T00:00:00Z,2025-05-10T23:59:59Z,86400,86400,0,1.0,0.999438286,0.999999634,0.030803593,0,0,0,0,-0.0,8.246054,40.907315,-1.041387e-11,0.008246057,0.04090733,False,0.036744,False
2025-05-11,RS01SUM1-LJ01B-09-PRESTB102,2,True,2025-05-11T00:00:00Z,2025-05-11T23:59:59Z,86400,86400,0,1.0,0.999433994,0.999999551,0.021425434,0,0,0,0,-0.0,6.507303,36.384632,-4.925826e-12,0.006507306,0.03638465,False,0.031243,False
2025-05-12,RS01SUM1-LJ01B-09-PRESTB102,2,True,2025-05-12T00:00:00Z,2025-05-12T23:59:59Z,86400,86400,0,1.0,0.999437809,0.999999573,-0.002962829,0,0,0,0,-0.0,6.126917,34.45399,-7.261695e-11,0.006126919,0.034454,False,0.037509,False
2025-05-13,RS01SUM1-LJ01B-09-PRESTB102,2,True,2025-05-13T00:00:00Z,2025-05-13T23:59:59Z,71936,86405,14469,1.0,0.999658108,0.999932919,1.515638101,1,14469,1,14469,0.0,1181.734666,2245.663661,1.56989e-11,1.181814,2.245814,True,0.072972,True
2025-05-14,RS01SUM1-LJ01B-09-PRESTB102,2,True,2025-05-14T00:00:00Z,2025-05-14T23:59:59Z,86400,86400,0,1.0,0.999668598,0.99999958,0.005119297,0,0,0,0,-0.0,4.017025,25.198289,-1.752665e-11,0.004017027,0.0251983,False,0.025042,False
2025-05-15,RS01SUM1-LJ01B-09-PRESTB102,2,True,2025-05-15T00:00:00Z,2025-05-15T23:59:59Z,86400,86400,0,1.0,0.9996562,0.999999554,-0.005038084,0,0,0,0,-0.0,6.45712,33.575397,-5.880973e-11,0.006457123,0.03357541,False,0.030095,False
2025-05-16,RS01SUM1-LJ01B-09-PRESTB102,2,True,2025-05-16T00:00:00Z,2025-05-16T23:59:59Z,86400,86400,0,1.0,0.999673843,0.999999593,-0.004590662,0,0,0,0,-0.0,5.608479,29.44338,-2.102286e-11,0.005608481,0.02944339,False,0.034389,False
2025-05-17,RS01SUM1-LJ01B-09-PRESTB102,2,True,2025-05-17T00:00:00Z,2025-05-17T23:59:59Z,86400,86400,0,1.0,0.999623775,0.999999524,0.005443262,0,0,0,0,-0.0,6.12941,34.687335,-1.085593e-10,0.006129413,0.03468735,False,0.029363,False
2025-05-18,RS01SUM1-LJ01B-09-PRESTB102,2,True,2025-05-18T00:00:00Z,2025-05-18T23:59:59Z,86400,86400,0,1.0,0.999664783,0.999999569,0.00538268,0,0,0,0,-0.0,4.755333,24.393798,-3.396872e-11,0.004755335,0.02439381,False,0.024767,False
2025-05-19,RS01SUM1-LJ01B-09-PRESTB102,2,True,2025-05-19T00:00:00Z,2025-05-19T23:59:59Z,86400,86400,0,1.0,0.999653339,0.999999596,3.513e-05,0,0,0,0,-0.0,5.377359,31.082844,-4.979216e-11,0.005377362,0.03108286,False,0.028283,False
2025-05-20,RS01SUM1-LJ01B-09-PRESTB102,2,True,2025-05-20T00:00:00Z,2025-05-20T23:59:59Z,86400,86400,0,1.0,0.999435902,0.999999542,-0.00026396,0,0,0,0,-0.0,5.546292,28.737466,-1.51685e-13,0.005546294,0.02873748,False,0.031099,False
2025-05-21,RS01SUM1-LJ01B-09-PRESTB102,2,True,2025-05-21T00:00:00Z,2025-05-21T23:59:59Z,86400,86400,0,1.0,0.999396801,0.999999605,0.005936663,0,0,0,0,0.0,6.273521,29.687259,2.041441e-11,0.006273523,0.02968727,False,0.030041,False
2025-05-22,RS01SUM1-LJ01B-09-PRESTB102,2,True,2025-05-22T00:00:00Z,2025-05-22T23:59:59Z,86400,86400,0,1.0,0.99939537,0.999999601,-0.001531991,0,0,0,0,0.0,4.424819,25.489459,4.873744e-13,0.004424821,0.02548947,False,0.026232,False
2025-05-23,RS01SUM1-LJ01B-09-PRESTB102,2,True,2025-05-23T00:00:00Z,2025-05-23T23:59:59Z,86400,86400,0,1.0,0.999396324,0.999999667,-0.004809919,0,0,0,0,0.0,6.019569,30.875922,4.571429e-12,0.006019571,0.03087593,False,0.035272,False
2025-05-24,RS01SUM1-LJ01B-09-PRESTB102,2,True,2025-05-24T00:00:00Z,2025-05-24T23:59:59Z,86400,86400,0,1.0,0.999394894,0.999999565,-0.000497534,0,0,0,0,-0.0,6.165689,35.330629,-1.096668e-10,0.006165692,0.03533064,False,0.029173,False
2025-05-25,RS01SUM1-LJ01B-09-PRESTB102,2,True,2025-05-25T00:00:00Z,2025-05-25T23:59:59Z,86400,86400,0,1.0,0.999391556,0.999999666,-0.004324589,0,0,0,0,0.0,7.289363,44.007443,3.740262e-11,0.007289365,0.04400746,False,0.045429,False
2025-05-26,RS01SUM1-LJ01B-09-PRESTB102,2,True,2025-05-26T00:00:00Z,2025-05-26T23:59:59Z,86400,86400,0,1.0,0.999392033,0.999999686,-0.009507726,0,0,0,0,-0.0,5.66669,31.95654,-6.71276e-11,0.005666692,0.03195655,False,0.040311,False
2025-05-27,RS01SUM1-LJ01B-09-PRESTB102,2,True,2025-05-27T00:00:00Z,2025-05-27T23:59:59Z,86400,86400,0,1.0,0.999392986,0.999999696,-0.004621465,0,0,0,0,-0.0,6.888293,31.837555,-3.297287e-11,0.006888295,0.03183756,False,0.026356,False
2025-05-28,RS01SUM1-LJ01B-09-PRESTB102,2,True,2025-05-28T00:00:00Z,2025-05-28T23:59:59Z,86400,86400,0,1.0,0.99938488,0.999999571,0.011764886,0,0,0,0,-0.0,11.109746,88.954892,-8.157887e-11,0.01110975,0.08895493,False,0.089458,False
2025-05-29,RS01SUM1-LJ01B-09-PRESTB102,2,True,2025-05-29T00:00:00Z,2025-05-29T23:59:59Z,86400,86400,0,1.0,0.999381065,0.99999965,-0.002498887,0,0,0,0,-0.0,5.212279,34.563565,-1.336852e-11,0.005212281,0.03456358,False,0.0332,False
2025-05-30,RS01SUM1-LJ01B-09-PRESTB102,2,True,2025-05-30T00:00:00Z,2025-05-30T23:59:59Z,86400,86400,0,1.0,0.999373913,0.99999965,-0.020253406,0,0,0,0,-0.0,9.984134,94.537975,-9.369743e-11,0.009984137,0.09453801,False,0.074704,False
2025-05-31,RS01SUM1-LJ01B-09-PRESTB102,2,True,2025-05-31T00:00:00Z,2025-05-31T23:59:59Z,86400,86400,0,1.0,0.999404907,0.999999688,0.001547162,0,0,0,0,0.0,4.981927,29.66922,1.248294e-11,0.004981928,0.02966923,False,0.026402,False
2025-06-01,RS01SUM1-LJ01B-09-PRESTB102,2,True,2025-06-01T00:00:00Z,2025-06-01T23:59:59Z,86400,86400,0,1.0,0.999388695,0.999999626,0.003599583,0,0,0,0,-0.0,10.162184,95.807887,-1.880002e-11,0.01016219,0.09580792,False,0.090113,False
2025-06-02,RS01SUM1-LJ01B-09-PRESTB102,2,True,2025-06-02T00:00:00Z,2025-06-02T23:59:59Z,86400,86400,0,1.0,0.999391079,0.999999675,-0.00151839,0,0,0,0,0.0,5.758406,38.016457,4.464955e-11,0.005758408,0.03801647,False,0.02752,False
2025-06-03,RS01SUM1-LJ01B-09-PRESTB102,2,True,2025-06-03T00:00:00Z,2025-06-03T23:59:59Z,86400,86400,0,1.0,0.999383926,0.999999692,-0.002200363,0,0,0,0,-0.0,4.697275,29.074113,-9.957954e-11,0.004697277,0.02907412,False,0.026193,False
2025-06-04,RS01SUM1-LJ01B-09-PRESTB102,2,True,2025-06-04T00:00:00Z,2025-06-04T23:59:59Z,86401,86401,0,1.0,0.999392986,0.999999695,-0.001271655,0,0,19,19,-0.0,7.752675,33.279344,-2.041402e-11,0.007752678,0.03327935,False,0.033439,False
2025-06-05,RS01SUM1-LJ01B-09-PRESTB102,2,True,2025-06-05T00:00:00Z,2025-06-05T23:59:59Z,86400,86400,0,1.0,0.99939394,0.999999644,0.000846821,0,0,0,0,-0.0,4.497855,32.095453,-3.4109e-11,0.004497856,0.03209546,False,0.029975,False
2025-06-06,RS01SUM1-LJ01B-09-PRESTB102,2,True,2025-06-06T00:00:00Z,2025-06-06T23:59:59Z,86400,86400,0,1.0,0.99939537,0.999999609,-0.000313202,0,0,0,0,-0.0,3.958048,23.980616,-8.86673e-12,0.003958049,0.02398063,False,0.02689,False
2025-06-07,RS01SUM1-LJ01B-09-PRESTB102,2,True,2025-06-07T00:00:00Z,2025-06-07T23:59:59Z,86400,86400,0,1.0,0.999392986,0.999999669,-0.002217717,0,0,0,0,-0.0,6.362432,31.619354,-1.472739e-11,0.006362434,0.03161936,False,0.031894,False
2025-06-08,RS01SUM1-LJ01B-09-PRESTB102,2,True,2025-06-08T00:00:00Z,2025-06-08T23:59:59Z,86400,86400,0,1.0,0.999396801,0.999999666,0.00381729,0,0,0,0,-0.0,5.49424,33.331927,-4.069289e-11,0.005494242,0.03333194,False,0.034722,False
2025-06-09,RS01SUM1-LJ01B-09-PRESTB102,2,True,2025-06-09T00:00:00Z,2025-06-09T23:59:59Z,86216,86400,184,1.0,0.999405384,0.999999721,0.00477161,2,184,2,184,-0.0,5.364788,25.261468,-5.165372e-11,0.00536479,0.02526147,False,0.076232,True
2025-06-10,RS01SUM1-LJ01B-09-PRESTB102,2,True,2025-06-10T00:00:00Z,2025-06-10T23:59:59Z,86400,86400,0,1.0,0.999433994,0.999999671,0.007846322,0,0,0,0,-0.0,4.299532,25.919295,-9.028469e-11,0.004299534,0.0259193,False,0.026167,False
2025-06-11,RS01SUM1-LJ01B-09-PRESTB102,2,True,2025-06-11T00:00:00Z,2025-06-11T23:59:59Z,86400,86400,0,1.0,0.999461174,0.999999699,0.000676372,0,0,0,0,-0.0,6.222914,53.138831,-2.086687e-11,0.006222916,0.05313885,False,0.048708,False
2025-06-12,RS01SUM1-LJ01B-09-PRESTB102,2,True,2025-06-12T00:00:00Z,2025-06-12T23:59:59Z,86400,86400,0,1.0,0.999433994,0.999999699,-0.003033758,0,0,0,0,0.0,8.771556,89.167792,8.363298e-12,0.008771559,0.08916782,False,0.09576,False
2025-06-13,RS01SUM1-LJ01B-09-PRESTB102,2,True,2025-06-13T00:00:00Z,2025-06-13T23:59:59Z,86400,86400,0,1.0,0.999455929,0.999999609,0.005040442,0,0,0,0,-0.0,4.912886,35.984584,-1.242286e-11,0.004912888,0.0359846,False,0.029955,False
2025-06-14,RS01SUM1-LJ01B-09-PRESTB102,2,True,2025-06-14T00:00:00Z,2025-06-14T23:59:59Z,86400,86400,0,1.0,0.999436855,0.999999714,0.001909113,0,0,0,0,-0.0,4.525327,29.914403,-2.871539e-11,0.004525328,0.02991441,False,0.028683,False
2025-06-15,RS01SUM1-LJ01B-09-PRESTB102,2,True,2025-06-15T00:00:00Z,2025-06-15T23:59:59Z,86400,86400,0,1.0,0.999436855,0.999999617,-0.005009204,0,0,0,0,-0.0,5.66249,32.063255,-7.071187e-11,0.005662492,0.03206327,False,0.029655,False
2025-06-16,RS01SUM1-LJ01B-09-PRESTB102,2,True,2025-06-16T00:00:00Z,2025-06-16T23:59:59Z,86400,86400,0,1.0,0.999577999,0.999999685,-0.004901134,0,0,0,0,-0.0,7.095998,47.60375,-3.268409e-11,0.007096,0.04760377,False,0.042848,False
2025-06-17,RS01SUM1-LJ01B-09-PRESTB102,2,True,2025-06-17T00:00:00Z,2025-06-17T23:59:59Z,86400,86400,0,1.0,0.999424934,0.99999974,-0.00512908,0,0,0,0,-0.0,8.616315,89.836403,-6.844922e-11,0.008616317,0.08983643,False,0.088018,False
2025-06-18,RS01SUM1-LJ01B-09-PRESTB102,2,True,2025-06-18T00:00:00Z,2025-06-18T23:59:59Z,86400,86400,0,1.0,0.999433041,0.999999681,-0.003630374,0,0,0,0,-0.0,4.58671,29.979478,-2.813975e-11,0.004586711,0.02997949,False,0.028885,False
2025-06-19,RS01SUM1-LJ01B-09-PRESTB102,2,True,2025-06-19T00:00:00Z,2025-06-19T23:59:59Z,86400,86400,0,1.0,0.999423027,0.999999655,-0.004611942,0,0,0,0,-0.0,4.894196,32.121715,-4.435011e-11,0.004894198,0.03212173,False,0.029858,False
2025-06-20,RS01SUM1-LJ01B-09-PRESTB102,2,True,2025-06-20T00:00:00Z,2025-06-20T23:59:59Z,86400,86400,0,1.0,0.999436855,0.999999647,0.002531044,0,0,0,0,0.0,5.54479,31.569815,3.021009e-12,0.005544792,0.03156983,False,0.028138,False
2025-06-21,RS01SUM1-LJ01B-09-PRESTB102,2,True,2025-06-21T00:00:00Z,2025-06-21T23:59:59Z,86400,86400,0,1.0,0.999441147,0.999999753,-0.006812719,0,0,0,0,-0.0,6.138216,37.788821,-7.823709e-11,0.006138218,0.03778883,False,0.036445,False
2025-06-22,RS01SUM1-LJ01B-09-PRESTB102,2,True,2025-06-22T00:00:00Z,2025-06-22T23:59:59Z,86400,86400,0,1.0,0.999443054,0.9999998,-0.005744694,0,0,0,0,-0.0,5.084597,31.946348,-6.307481e-11,0.005084598,0.03194635,False,0.027942,False
2025-06-23,RS01SUM1-LJ01B-09-PRESTB102,2,True,2025-06-23T00:00:00Z,2025-06-23T23:59:59Z,86400,86400,0,1.0,0.999598026,0.99999976,-0.004382538,0,0,0,0,-0.0,5.553225,27.246586,-1.547268e-11,0.005553226,0.02724659,False,0.031001,False
2025-06-24,RS01SUM1-LJ01B-09-PRESTB102,2,True,2025-06-24T00:00:00Z,2025-06-24T23:59:59Z,86400,86400,0,1.0,0.999446869,0.999999585,-5.0009e-05,0,0,0,0,0.0,4.531638,31.436833,5.158545e-12,0.00453164,0.03143685,False,0.030015,False
2025-06-25,RS01SUM1-LJ01B-09-PRESTB102,2,True,2025-06-25T00:00:00Z,2025-06-25T23:59:59Z,86400,86400,0,1.0,0.999430656,0.999999638,-0.004067095,0,0,0,0,-0.0,5.493203,31.525137,-6.99297e-11,0.005493205,0.03152515,False,0.034214,False
2025-06-26,RS01SUM1-LJ01B-09-PRESTB102,2,True,2025-06-26T00:00:00Z,2025-06-26T23:59:59Z,86400,86400,0,1.0,0.999425888,0.999999701,-0.002490425,0,0,0,0,-0.0,4.973477,33.689714,-4.735394e-11,0.004973478,0.03368972,False,0.029026,False
2025-06-27,RS01SUM1-LJ01B-09-PRESTB102,2,True,2025-06-27T00:00:00Z,2025-06-27T23:59:59Z,86400,86400,0,1.0,0.999437809,0.99999966,-0.001364236,0,0,0,0,-0.0,6.798698,48.159159,-2.912103e-11,0.0067987,0.04815918,False,0.052603,False
2025-06-28,RS01SUM1-LJ01B-09-PRESTB102,2,True,2025-06-28T00:00:00Z,2025-06-28T23:59:59Z,86400,86400,0,1.0,0.999433041,0.999999623,-0.002753455,0,0,0,0,-0.0,4.92781,30.756061,-3.079098e-11,0.004927812,0.03075607,False,0.028836,False
2025-06-29,RS01SUM1-LJ01B-09-PRESTB102,2,True,2025-06-29T00:00:00Z,2025-06-29T23:59:59Z,86400,86400,0,1.0,0.999431133,0.999999592,0.00148798,0,0,0,0,0.0,5.751665,29.073681,9.619365e-12,0.005751668,0.02907369,False,0.025877,False
2025-06-30,RS01SUM1-LJ01B-09-PRESTB102,2,True,2025-06-30T00:00:00Z,2025-06-30T23:59:59Z,86400,86400,0,1.0,0.99957943,0.999999573,-0.003513873,0,0,0,0,-0.0,8.893069,39.259576,-9.394232e-12,0.008893073,0.03925959,False,0.036295,False
2025-07-01,RS01SUM1-LJ01B-09-PRESTB102,2,True,2025-07-01T00:00:00Z,2025-07-01T23:59:59Z,86400,86400,0,1.0,0.999435902,0.999999631,0.010142391,0,0,0,0,-0.0,6.84052,41.159117,-4.970101e-11,0.006840523,0.04115913,False,0.027648,False
2025-07-02,RS01SUM1-LJ01B-09-PRESTB102,2,True,2025-07-02T00:00:00Z,2025-07-02T23:59:59Z,86400,86400,0,1.0,0.999427795,0.999999774,0.005175195,0,0,0,0,0.0,6.361432,34.665682,3.171756e-11,0.006361434,0.03466569,False,0.033943,False
2025-07-03,RS01SUM1-LJ01B-09-PRESTB102,2,True,2025-07-03T00:00:00Z,2025-07-03T23:59:59Z,86400,86400,0,1.0,0.999428272,0.999999722,-0.003769667,0,0,0,0,-0.0,4.405134,22.933301,-6.340253e-11,0.004405136,0.02293331,False,0.02608,False
2025-07-04,RS01SUM1-LJ01B-09-PRESTB102,2,True,2025-07-04T00:00:00Z,2025-07-04T23:59:59Z,86400,86400,0,1.0,0.999418259,0.999999684,-0.000712883,0,0,0,0,-0.0,4.892263,30.381695,-7.943021e-11,0.004892264,0.0303817,False,0.027707,False
2025-07-05,RS01SUM1-LJ01B-09-PRESTB102,2,True,2025-07-05T00:00:00Z,2025-07-05T23:59:59Z,86400,86400,0,1.0,0.999435902,0.999999615,-0.003466066,0,0,0,0,-0.0,6.260388,31.9339,-3.730247e-11,0.00626039,0.03193391,False,0.027868,False
2025-07-06,RS01SUM1-LJ01B-09-PRESTB102,2,True,2025-07-06T00:00:00Z,2025-07-06T23:59:59Z,86400,86400,0,1.0,0.999454975,0.999999675,0.001002718,0,0,0,0,-0.0,7.267877,40.57988,-4.033569e-11,0.00726788,0.04057989,False,0.037887,False
2025-07-07,RS01SUM1-LJ01B-09-PRESTB102,2,True,2025-07-07T00:00:00Z,2025-07-07T23:59:59Z,86400,86400,0,1.0,0.999588013,0.999999624,-0.013902822,0,0,0,0,-0.0,6.157207,32.565428,-6.587324e-11,0.00615721,0.03256544,False,0.025541,False
2025-07-08,RS01SUM1-LJ01B-09-PRESTB102,2,True,2025-07-08T00:00:00Z,2025-07-08T23:59:59Z,86400,86400,0,1.0,0.99944067,0.999999625,-0.001107083,0,0,0,0,-0.0,6.363082,39.178769,-4.572848e-12,0.006363085,0.03917878,False,0.036931,False
2025-07-09,RS01SUM1-LJ01B-09-PRESTB102,2,True,2025-07-09T00:00:00Z,2025-07-09T23:59:59Z,86400,86400,0,1.0,0.99943924,0.999999683,-0.002277158,0,0,0,0,-0.0,4.862072,32.690917,-2.918734e-11,0.004862073,0.03269093,False,0.034344,False
2025-07-10,RS01SUM1-LJ01B-09-PRESTB102,2,True,2025-07-10T00:00:00Z,2025-07-10T23:59:59Z,86401,86401,0,1.0,0.999448776,0.999999724,-0.001272301,0,0,31,31,-0.0,8.608149,92.652035,-1.462778e-11,0.008608151,0.09265206,False,0.088471,False
2025-07-11,RS01SUM1-LJ01B-09-PRESTB102,2,True,2025-07-11T00:00:00Z,2025-07-11T23:59:59Z,86400,86400,0,1.0,0.999450207,0.999999652,-0.000782297,0,0,1,1,-0.0,5.356213,31.683876,-5.990732e-11,0.005356215,0.03168389,False,0.027966,False
2025-07-12,RS01SUM1-LJ01B-09-PRESTB102,2,True,2025-07-12T00:00:00Z,2025-07-12T23:59:59Z,86400,86400,0,1.0,0.999440193,0.999999656,0.008216439,0,0,0,0,-0.0,5.631966,25.890696,-7.574051e-11,0.005631968,0.02589071,False,0.023779,False
2025-07-13,RS01SUM1-LJ01B-09-PRESTB102,2,True,2025-07-13T00:00:00Z,2025-07-13T23:59:59Z,86400,86400,0,1.0,0.999442577,0.999999769,0.006409063,0,0,0,0,-0.0,4.470154,31.084615,-9.527208e-11,0.004470155,0.03108462,False,0.027144,False
2025-07-14,RS01SUM1-LJ01B-09-PRESTB102,2,True,2025-07-14T00:00:00Z,2025-07-14T23:59:59Z,86400,86400,0,1.0,0.99958086,0.999999657,-0.003059283,0,0,0,0,-0.0,6.4333,33.098776,-1.366123e-10,0.006433303,0.03309879,False,0.031784,False
2025-07-15,RS01SUM1-LJ01B-09-PRESTB102,2,True,2025-07-15T00:00:00Z,2025-07-15T23:59:59Z,86400,86400,0,1.0,0.999441624,0.999999612,0.001630427,0,0,0,0,-0.0,4.87062,31.817545,-2.812404e-11,0.004870622,0.03181756,False,0.02954,False
2025-07-16,RS01SUM1-LJ01B-09-PRESTB102,2,True,2025-07-16T00:00:00Z,2025-07-16T23:59:59Z,86400,86400,0,1.0,0.999433041,0.99999969,0.001506029,0,0,0,0,-0.0,4.350471,24.046613,-4.17698e-11,0.004350472,0.02404662,False,0.026045,False
2025-07-17,RS01SUM1-LJ01B-09-PRESTB102,2,True,2025-07-17T00:00:00Z,2025-07-17T23:59:59Z,86400,86400,0,1.0,0.999440193,0.999999736,-0.00138732,0,0,0,0,-0.0,4.309435,32.275799,-3.708092e-11,0.004309436,0.03227581,False,0.028184,False
2025-07-18,RS01SUM1-LJ01B-09-PRESTB102,2,True,2025-07-18T00:00:00Z,2025-07-18T23:59:59Z,86400,86400,0,1.0,0.999424934,0.999999708,-0.000173525,0,0,0,0,-0.0,4.607055,31.064867,-6.211662e-11,0.004607057,0.03106488,False,0.029679,False
2025-07-19,RS01SUM1-LJ01B-09-PRESTB102,2,True,2025-07-19T00:00:00Z,2025-07-19T23:59:59Z,86400,86400,0,1.0,0.99943161,0.999999795,0.002505325,0,0,0,0,-0.0,5.509908,32.112368,-3.369975e-11,0.005509909,0.03211237,False,0.032609,False
2025-07-20,RS01SUM1-LJ01B-09-PRESTB102,2,True,2025-07-20T00:00:00Z,2025-07-20T23:59:59Z,86400,86400,0,1.0,0.999435902,0.999999696,0.008693661,0,0,0,0,-0.0,4.25397,22.410774,-7.427635e-11,0.004253972,0.02241078,False,0.023481,False
2025-07-21,RS01SUM1-LJ01B-09-PRESTB102,2,True,2025-07-21T00:00:00Z,2025-07-21T23:59:59Z,86400,86400,0,1.0,0.999600887,0.999999734,-0.003443889,0,0,0,0,-0.0,8.927987,90.105194,-2.794119e-11,0.00892799,0.09010522,False,0.085525,False
2025-07-22,RS01SUM1-LJ01B-09-PRESTB102,2,True,2025-07-22T00:00:00Z,2025-07-22T23:59:59Z,86400,86400,0,1.0,0.99943924,0.999999704,-0.00060288,0,0,0,0,-0.0,5.047111,30.247406,-5.947172e-11,0.005047113,0.03024742,False,0.028549,False
2025-07-23,RS01SUM1-LJ01B-09-PRESTB102,2,True,2025-07-23T00:00:00Z,2025-07-23T23:59:59Z,86400,86400,0,1.0,0.999451637,0.999999628,0.001832529,0,0,0,0,-0.0,4.830117,24.97165,-3.073919e-12,0.004830119,0.02497166,False,0.024058,False
2025-07-24,RS01SUM1-LJ01B-09-PRESTB102,2,True,2025-07-24T00:00:00Z,2025-07-24T23:59:59Z,86400,86400,0,1.0,0.99943924,0.999999617,0.00742922,0,0,0,0,0.0,5.01462,24.83772,1.922063e-11,0.005014622,0.02483773,False,0.024004,False
2025-07-25,RS01SUM1-LJ01B-09-PRESTB102,2,True,2025-07-25T00:00:00Z,2025-07-25T23:59:59Z,86400,86400,0,1.0,0.999443054,0.999999696,-0.000928031,0,0,0,0,-0.0,5.633982,33.142594,-4.622505e-11,0.005633984,0.0331426,False,0.041849,False
2025-07-26,RS01SUM1-LJ01B-09-PRESTB102,2,True,2025-07-26T00:00:00Z,2025-07-26T23:59:59Z,86400,86400,0,1.0,0.999418259,0.999999694,-0.002754893,0,0,0,0,-0.0,4.523764,23.52184,-6.716685e-11,0.004523765,0.02352185,False,0.026117,False
2025-07-27,RS01SUM1-LJ01B-09-PRESTB102,2,True,2025-07-27T00:00:00Z,2025-07-27T23:59:59Z,86400,86400,0,1.0,0.999432564,0.999999548,0.004981785,0,0,0,0,-0.0,5.560107,32.830077,-5.052619e-11,0.005560109,0.03283009,False,0.030669,False
2025-07-28,RS01SUM1-LJ01B-09-PRESTB102,2,True,2025-07-28T00:00:00Z,2025-07-28T23:59:59Z,86400,86400,0,1.0,0.999594688,0.999999618,-0.000613727,0,0,0,0,-0.0,4.764502,23.886389,-4.675323e-11,0.004764504,0.0238864,False,0.021444,False
2025-07-29,RS01SUM1-LJ01B-09-PRESTB102,2,True,2025-07-29T00:00:00Z,2025-07-29T23:59:59Z,86400,86400,0,1.0,0.999436855,0.999999631,-0.000728351,0,0,0,0,0.0,4.20137,25.517106,9.469105e-12,0.004201371,0.02551712,False,0.025455,False
2025-07-30,RS01SUM1-LJ01B-09-PRESTB102,2,True,2025-07-30T00:00:00Z,2025-07-30T23:59:59Z,86400,86400,0,1.0,0.999427795,0.999999604,-0.003077441,0,0,0,0,-0.0,3.981654,26.310129,-6.799967e-11,0.003981655,0.02631014,False,0.02686,False
2025-07-31,RS01SUM1-LJ01B-09-PRESTB102,2,True,2025-07-31T00:00:00Z,2025-07-31T23:59:59Z,86400,86400,0,1.0,0.999427319,0.999999638,-0.001107421,0,0,0,0,0.0,5.546491,25.989037,3.648373e-11,0.005546493,0.02598905,False,0.026048,False
2025-08-01,RS01SUM1-LJ01B-09-PRESTB102,2,True,2025-08-01T00:00:00Z,2025-08-01T23:59:59Z,86400,86400,0,1.0,0.999429226,0.999999631,-0.000198758,0,0,0,0,-0.0,5.549017,34.875704,-4.04018e-11,0.005549019,0.03487572,False,0.042733,False
2025-08-02,RS01SUM1-LJ01B-09-PRESTB102,2,True,2025-08-02T00:00:00Z,2025-08-02T23:59:59Z,86400,86400,0,1.0,0.99943924,0.99999962,0.000673838,0,0,0,0,-0.0,4.826462,32.223557,-1.449075e-11,0.004826464,0.03222357,False,0.029188,False
2025-08-03,RS01SUM1-LJ01B-09-PRESTB102,2,True,2025-08-03T00:00:00Z,2025-08-03T23:59:59Z,86400,86400,0,1.0,0.999420643,0.999999639,-0.000888032,0,0,0,0,-0.0,4.37734,28.594939,-5.177201e-11,0.004377341,0.02859495,False,0.026581,False
2025-08-04,RS01SUM1-LJ01B-09-PRESTB102,2,True,2025-08-04T00:00:00Z,2025-08-04T23:59:59Z,86400,86400,0,1.0,0.999585629,0.999999646,-0.004517366,0,0,0,0,0.0,3.842543,23.627231,1.107353e-11,0.003842545,0.02362724,False,0.023618,False
2025-08-05,RS01SUM1-LJ01B-09-PRESTB102,2,True,2025-08-05T00:00:00Z,2025-08-05T23:59:59Z,86400,86400,0,1.0,0.999444008,0.999999659,0.000202588,0,0,0,0,-0.0,4.477859,29.256416,-2.943805e-11,0.00447786,0.02925643,False,0.023973,False
2025-08-06,RS01SUM1-LJ01B-09-PRESTB102,2,True,2025-08-06T00:00:00Z,2025-08-06T23:59:59Z,86400,86400,0,1.0,0.999444962,0.999999755,0.002786243,0,0,0,0,-0.0,4.858895,30.832955,-4.05747e-14,0.004858896,0.03083296,False,0.034723,False
2025-08-07,RS01SUM1-LJ01B-09-PRESTB102,2,True,2025-08-07T00:00:00Z,2025-08-07T23:59:59Z,86400,86400,0,1.0,0.999429703,0.999999642,0.004212946,0,0,0,0,-0.0,4.102211,25.593924,-1.931679e-11,0.004102213,0.02559393,False,0.025383,False
2025-08-08,RS01SUM1-LJ01B-09-PRESTB102,2,True,2025-08-08T00:00:00Z,2025-08-08T23:59:59Z,86400,86400,0,1.0,0.999426842,0.999999673,0.004340392,0,0,0,0,-0.0,5.575189,34.749556,-1.653322e-13,0.005575191,0.03474957,False,0.041511,False
2025-08-09,RS01SUM1-LJ01B-09-PRESTB102,2,True,2025-08-09T00:00:00Z,2025-08-09T23:59:59Z,86400,86400,0,1.0,0.999428272,0.999999598,-0.001293742,0,0,0,0,-0.0,5.919398,31.822655,-6.809701e-11,0.0059194,0.03182267,False,0.030207,False
2025-08-10,RS01SUM1-LJ01B-09-PRESTB102,2,True,2025-08-10T00:00:00Z,2025-08-10T23:59:59Z,86400,86400,0,1.0,0.999441147,0.999999641,0.003371857,0,0,0,0,-0.0,5.33814,30.579689,-4.286983e-11,0.005338142,0.0305797,False,0.028031,False
2025-08-11,RS01SUM1-LJ01B-09-PRESTB102,2,True,2025-08-11T00:00:00Z,2025-08-11T23:59:59Z,86400,86400,0,1.0,0.999607086,0.999999611,0.01156317,0,0,0,0,0.0,4.736875,31.505106,2.443365e-11,0.004736877,0.03150512,False,0.029462,False
2025-08-12,RS01SUM1-LJ01B-09-PRESTB102,2,True,2025-08-12T00:00:00Z,2025-08-12T23:59:59Z,86400,86400,0,1.0,0.99943924,0.999999685,-0.00272544,0,0,0,0,-0.0,4.475879,34.45724,-7.721493e-11,0.00447588,0.03445725,False,0.030185,False
2025-08-13,RS01SUM1-LJ01B-09-PRESTB102,2,True,2025-08-13T00:00:00Z,2025-08-13T23:59:59Z,86400,86400,0,1.0,0.999438763,0.999999648,0.000404457,0,0,0,0,-0.0,9.276492,89.991574,-6.991887e-12,0.009276496,0.08999161,False,0.085949,False
2025-08-14,RS01SUM1-LJ01B-09-PRESTB102,2,True,2025-08-14T00:00:00Z,2025-08-14T23:59:59Z,86400,86400,0,1.0,0.999433994,0.999999673,-0.000518495,0,0,0,0,-0.0,5.371367,31.953577,-2.801294e-12,0.005371369,0.03195359,False,0.039721,False
2025-08-15,RS01SUM1-LJ01B-09-PRESTB102,2,True,2025-08-15T00:00:00Z,2025-08-15T23:59:59Z,86400,86400,0,1.0,0.999433041,0.999999668,0.006261674,0,0,15,15,-0.0,5.035861,28.781301,-1.637198e-11,0.005035863,0.02878131,False,0.032123,False
2025-08-16,RS01SUM1-LJ01B-09-PRESTB102,2,True,2025-08-16T00:00:00Z,2025-08-16T23:59:59Z,86401,86401,0,1.0,0.999444008,0.99999967,-0.004186716,0,0,7,7,0.0,4.735616,29.378104,2.607549e-11,0.004735618,0.02937811,False,0.028048,False
2025-08-17,RS01SUM1-LJ01B-09-PRESTB102,2,True,2025-08-17T00:00:00Z,2025-08-17T23:59:59Z,86400,86400,0,1.0,0.999450684,0.999999659,0.001060144,0,0,0,0,0.0,5.388551,34.169706,8.026882e-12,0.005388553,0.03416972,False,0.028511,False
2025-08-18,RS01SUM1-LJ01B-09-PRESTB102,2,True,2025-08-18T00:00:00Z,2025-08-18T23:59:59Z,86400,86400,0,1.0,0.999595165,0.999999691,-0.000648221,0,0,0,0,0.0,6.362785,36.91825,4.388368e-12,0.006362787,0.03691826,False,0.031519,False
2025-08-19,RS01SUM1-LJ01B-09-PRESTB102,2,True,2025-08-19T00:00:00Z,2025-08-19T23:59:59Z,86400,86400,0,1.0,0.99943924,0.999999687,0.002614584,0,0,0,0,-0.0,4.581552,33.989494,-6.462502e-12,0.004581554,0.0339895,False,0.031028,False
2025-08-20,RS01SUM1-LJ01B-09-PRESTB102,2,True,2025-08-20T00:00:00Z,2025-08-20T23:59:59Z,86400,86400,0,1.0,0.999433041,0.999999683,-0.000708214,0,0,0,0,-0.0,5.533539,31.547419,-9.291981e-11,0.005533541,0.03154743,False,0.02833,False
2025-08-21,RS01SUM1-LJ01B-09-PRESTB102,2,True,2025-08-21T00:00:00Z,2025-08-21T23:59:59Z,86400,86400,0,1.0,0.999437809,0.999999717,8.1837e-05,0,0,0,0,-0.0,4.362216,33.649403,-3.484828e-11,0.004362218,0.03364941,False,0.026651,False
2025-08-22,RS01SUM1-LJ01B-09-PRESTB102,2,True,2025-08-22T00:00:00Z,2025-08-22T23:59:59Z,86400,86400,0,1.0,0.999433994,0.999999707,0.001556634,0,0,0,0,-0.0,5.05862,26.176513,-7.515595e-11,0.005058622,0.02617652,False,0.021969,False
2025-08-23,RS01SUM1-LJ01B-09-PRESTB102,2,True,2025-08-23T00:00:00Z,2025-08-23T23:59:59Z,86400,86400,0,1.0,0.999433994,0.999999745,0.005184806,0,0,0,0,-0.0,5.079857,31.371665,-3.667966e-11,0.005079859,0.03137167,False,0.03073,False
2025-08-24,RS01SUM1-LJ01B-09-PRESTB102,2,True,2025-08-24T00:00:00Z,2025-08-24T23:59:59Z,86400,86400,0,1.0,0.999436855,0.999999611,-0.002864711,0,0,0,0,-0.0,4.647342,31.358695,-1.103751e-11,0.004647344,0.03135871,False,0.028949,False
2025-08-25,RS01SUM1-LJ01B-09-PRESTB102,2,True,2025-08-25T00:00:00Z,2025-08-25T23:59:59Z,86400,86400,0,1.0,0.999599934,0.999999654,-0.003049305,0,0,0,0,0.0,8.597561,92.329662,7.204203e-12,0.008597564,0.09232969,False,0.086867,False
2025-08-26,RS01SUM1-LJ01B-09-PRESTB102,2,True,2025-08-26T00:00:00Z,2025-08-26T23:59:59Z,86400,86400,0,1.0,0.999425888,0.999999601,0.00743033,0,0,0,0,-0.0,4.414814,24.608851,-5.334599e-11,0.004414816,0.02460886,False,0.025552,False
2025-08-27,RS01SUM1-LJ01B-09-PRESTB102,2,True,2025-08-27T00:00:00Z,2025-08-27T23:59:59Z,86400,86400,0,1.0,0.999429226,0.999999624,0.004778206,0,0,0,0,-0.0,4.973967,29.090926,-4.088153e-11,0.004973969,0.02909094,False,0.026148,False
2025-08-28,RS01SUM1-LJ01B-09-PRESTB102,2,True,2025-08-28T00:00:00Z,2025-08-28T23:59:59Z,86400,86400,0,1.0,0.999423981,0.999999572,0.001990406,0,0,0,0,-0.0,4.540751,35.194433,-1.793166e-11,0.004540753,0.03519445,False,0.034391,False
2025-08-29,RS01SUM1-LJ01B-09-PRESTB102,2,True,2025-08-29T00:00:00Z,2025-08-29T23:59:59Z,86400,86400,0,1.0,0.999432087,0.999999634,-0.002000317,0,0,0,0,-0.0,5.453987,33.848916,-6.722626e-11,0.005453989,0.03384893,False,0.02968,False
2025-08-30,RS01SUM1-LJ01B-09-PRESTB102,2,True,2025-08-30T00:00:00Z,2025-08-30T23:59:59Z,86400,86400,0,1.0,0.999432087,0.999999554,0.000526308,0,0,0,0,-0.0,5.615994,35.928881,-5.72308e-11,0.005615997,0.0359289,False,0.030915,False
2025-08-31,RS01SUM1-LJ01B-09-PRESTB102,2,True,2025-08-31T00:00:00Z,2025-08-31T23:59:59Z,86400,86400,0,1.0,0.999431133,0.999999694,-0.011606245,0,0,0,0,-0.0,9.199247,94.286365,-1.039414e-10,0.00919925,0.09428639,False,0.090717,False
2025-09-01,RS01SUM1-LJ01B-09-PRESTB102,2,True,2025-09-01T00:00:00Z,2025-09-01T23:59:59Z,86400,86400,0,1.0,0.999569416,0.999999602,0.003427805,0,0,0,0,-0.0,5.17738,31.973524,-7.391274e-11,0.005177382,0.03197354,False,0.032521,False
2025-09-02,RS01SUM1-LJ01B-09-PRESTB102,2,True,2025-09-02T00:00:00Z,2025-09-02T23:59:59Z,86400,86400,0,1.0,0.999417305,0.999999516,0.008026845,0,0,0,0,-0.0,6.662933,44.425053,-1.303169e-12,0.006662936,0.04442507,False,0.040589,False
2025-09-03,RS01SUM1-LJ01B-09-PRESTB102,2,True,2025-09-03T00:00:00Z,2025-09-03T23:59:59Z,86400,86400,0,1.0,0.999431133,0.999999545,0.000570763,0,0,0,0,0.0,4.925949,32.055769,4.200447e-11,0.004925951,0.03205578,False,0.025462,False
2025-09-04,RS01SUM1-LJ01B-09-PRESTB102,2,True,2025-09-04T00:00:00Z,2025-09-04T23:59:59Z,86400,86400,0,1.0,0.999423981,0.999999553,0.004941513,0,0,0,0,-0.0,5.865768,48.838115,-3.7446e-11,0.00586577,0.04883814,False,0.046613,False
2025-09-05,RS01SUM1-LJ01B-09-PRESTB102,2,True,2025-09-05T00:00:00Z,2025-09-05T23:59:59Z,86400,86400,0,1.0,0.999453068,0.999999624,-0.004705607,0,0,0,0,-0.0,6.281814,36.607874,-1.358646e-10,0.006281817,0.03660789,False,0.031792,False
2025-09-06,RS01SUM1-LJ01B-09-PRESTB102,2,True,2025-09-06T00:00:00Z,2025-09-06T23:59:59Z,86400,86400,0,1.0,0.99943018,0.999999558,0.004161049,0,0,0,0,0.0,5.602348,28.893153,5.316441e-12,0.005602351,0.02889317,False,0.026659,False
2025-09-07,RS01SUM1-LJ01B-09-PRESTB102,2,True,2025-09-07T00:00:00Z,2025-09-07T23:59:59Z,86400,86400,0,1.0,0.999438763,0.999999569,-0.00428731,0,0,0,0,-0.0,4.249024,25.440572,-4.294166e-11,0.004249026,0.02544058,False,0.023127,False
2025-09-08,RS01SUM1-LJ01B-09-PRESTB102,2,True,2025-09-08T00:00:00Z,2025-09-08T23:59:59Z,86400,86400,0,1.0,0.99958992,0.999999625,0.006177609,0,0,0,0,-0.0,5.587277,32.375926,-2.514508e-11,0.005587279,0.03237594,False,0.029402,False
2025-09-09,RS01SUM1-LJ01B-09-PRESTB102,2,True,2025-09-09T00:00:00Z,2025-09-09T23:59:59Z,86400,86400,0,1.0,0.999441147,0.999999636,-0.000462593,0,0,0,0,-0.0,5.787235,32.77072,-8.08842e-11,0.005787237,0.03277073,False,0.034416,False
2025-09-10,RS01SUM1-LJ01B-09-PRESTB102,2,True,2025-09-10T00:00:00Z,2025-09-10T23:59:59Z,86400,86400,0,1.0,0.999429703,0.999999647,-0.003817955,0,0,0,0,-0.0,8.839226,92.042043,-7.01222e-11,0.008839229,0.09204208,False,0.091019,False
2025-09-11,RS01SUM1-LJ01B-09-PRESTB102,2,True,2025-09-11T00:00:00Z,2025-09-11T23:59:59Z,86400,86400,0,1.0,0.999416828,0.999999732,-0.013284136,0,0,0,0,-0.0,5.423959,30.366625,-7.560533e-11,0.00542396,0.03036663,False,0.026301,False
2025-09-12,RS01SUM1-LJ01B-09-PRESTB102,2,True,2025-09-12T00:00:00Z,2025-09-12T23:59:59Z,86400,86400,0,1.0,0.999429226,0.99999963,2.718e-06,0,0,0,0,-0.0,4.118979,22.970247,-1.049022e-10,0.00411898,0.02297026,False,0.023461,False
2025-09-13,RS01SUM1-LJ01B-09-PRESTB102,2,True,2025-09-13T00:00:00Z,2025-09-13T23:59:59Z,86400,86400,0,1.0,0.999427319,0.999999667,-0.000264538,0,0,0,0,-0.0,4.592504,29.869461,-6.606967e-11,0.004592505,0.02986947,False,0.027475,False
2025-09-14,RS01SUM1-LJ01B-09-PRESTB102,2,True,2025-09-14T00:00:00Z,2025-09-14T23:59:59Z,86400,86400,0,1.0,0.999442101,0.999999642,-0.002260982,0,0,0,0,-0.0,4.543458,30.997208,-7.489878e-11,0.004543459,0.03099722,False,0.035198,False
2025-09-15,RS01SUM1-LJ01B-09-PRESTB102,2,True,2025-09-15T00:00:00Z,2025-09-15T23:59:59Z,86400,86400,0,1.0,0.999588966,0.999999606,8.358e-05,0,0,0,0,-0.0,4.250263,23.550297,-1.335625e-10,0.004250265,0.02355031,False,0.026502,False
2025-09-16,RS01SUM1-LJ01B-09-PRESTB102,2,True,2025-09-16T00:00:00Z,2025-09-16T23:59:59Z,86400,86400,0,1.0,0.999433041,0.999999658,0.002009068,0,0,1,1,-0.0,4.459028,32.991005,-3.252129e-11,0.004459029,0.03299102,False,0.035775,False
2025-09-17,RS01SUM1-LJ01B-09-PRESTB102,2,True,2025-09-17T00:00:00Z,2025-09-17T23:59:59Z,86401,86401,0,1.0,0.999433041,0.999999645,-0.004718408,0,0,15,15,-0.0,8.23787,90.318353,-2.077755e-11,0.008237873,0.09031839,False,0.089378,False
2025-09-18,RS01SUM1-LJ01B-09-PRESTB102,2,True,2025-09-18T00:00:00Z,2025-09-18T23:59:59Z,86400,86400,0,1.0,0.999426365,0.999999629,0.001285263,0,0,0,0,-0.0,4.40481,24.378207,-4.490491e-12,0.004404811,0.02437822,False,0.024781,False
2025-09-19,RS01SUM1-LJ01B-09-PRESTB102,2,True,2025-09-19T00:00:00Z,2025-09-19T23:59:59Z,86400,86400,0,1.0,0.999451637,0.999999664,0.001058961,0,0,0,0,0.0,4.749166,31.508834,4.679218e-12,0.004749168,0.03150884,False,0.033889,False
2025-09-20,RS01SUM1-LJ01B-09-PRESTB102,2,True,2025-09-20T00:00:00Z,2025-09-20T23:59:59Z,86400,86400,0,1.0,0.999437332,0.999999611,-0.001908801,0,0,0,0,-0.0,4.183138,22.806565,-6.102857e-11,0.00418314,0.02280657,False,0.024699,False
2025-09-21,RS01SUM1-LJ01B-09-PRESTB102,2,True,2025-09-21T00:00:00Z,2025-09-21T23:59:59Z,86400,86400,0,1.0,0.999431133,0.999999505,0.010113348,0,0,0,0,-0.0,8.675485,87.450675,-4.029135e-11,0.00867549,0.08745072,False,0.089822,False
2025-09-22,RS01SUM1-LJ01B-09-PRESTB102,2,True,2025-09-22T00:00:00Z,2025-09-22T23:59:59Z,86400,86400,0,1.0,0.999590874,0.999999665,-0.00475067,0,0,0,0,-0.0,5.803655,28.789892,-8.311609e-11,0.005803657,0.0287899,False,0.038018,False
2025-09-23,RS01SUM1-LJ01B-09-PRESTB102,2,True,2025-09-23T00:00:00Z,2025-09-23T23:59:59Z,86400,86400,0,1.0,0.99943924,0.999999646,-0.001186424,0,0,0,0,-0.0,5.315582,33.402607,-5.735608e-11,0.005315584,0.03340262,False,0.035822,False
2025-09-24,RS01SUM1-LJ01B-09-PRESTB102,2,True,2025-09-24T00:00:00Z,2025-09-24T23:59:59Z,86400,86400,0,1.0,0.999426365,0.999999636,-0.001884563,0,0,0,0,-0.0,4.91376,33.605566,-4.991357e-11,0.004913762,0.03360558,False,0.033913,False
2025-09-25,RS01SUM1-LJ01B-09-PRESTB102,2,True,2025-09-25T00:00:00Z,2025-09-25T23:59:59Z,86400,86400,0,1.0,0.999442577,0.999999599,0.001621582,0,0,0,0,-0.0,5.456687,35.452475,-9.891682e-11,0.00545669,0.03545249,False,0.031608,False
2025-09-26,RS01SUM1-LJ01B-09-PRESTB102,2,True,2025-09-26T00:00:00Z,2025-09-26T23:59:59Z,86400,86400,0,1.0,0.999439716,0.999999615,0.005304021,0,0,0,0,0.0,5.574245,32.815376,2.774783e-11,0.005574248,0.03281539,False,0.024639,False
2025-09-27,RS01SUM1-LJ01B-09-PRESTB102,2,True,2025-09-27T00:00:00Z,2025-09-27T23:59:59Z,86400,86400,0,1.0,0.999431133,0.999999625,0.005259473,0,0,0,0,-0.0,4.746969,31.6103,-4.611308e-11,0.004746971,0.03161031,False,0.025919,False
2025-09-28,RS01SUM1-LJ01B-09-PRESTB102,2,True,2025-09-28T00:00:00Z,2025-09-28T23:59:59Z,86400,86400,0,1.0,0.99943018,0.999999621,0.000337646,0,0,0,0,-0.0,6.21861,34.583535,-3.928503e-11,0.006218613,0.03458355,False,0.034741,False
2025-09-29,RS01SUM1-LJ01B-09-PRESTB102,2,True,2025-09-29T00:00:00Z,2025-09-29T23:59:59Z,86400,86400,0,1.0,0.999586582,0.99999968,0.001401682,0,0,0,0,-0.0,6.430953,37.317144,-3.471906e-11,0.006430955,0.03731716,False,0.035267,False
2025-09-30,RS01SUM1-LJ01B-09-PRESTB102,2,True,2025-09-30T00:00:00Z,2025-09-30T23:59:59Z,86400,86400,0,1.0,0.99942112,0.999999607,-0.003310964,0,0,0,0,-0.0,5.408467,30.720693,-4.031647e-11,0.005408469,0.0307207,False,0.044036,False
2025-10-01,RS01SUM1-LJ01B-09-PRESTB102,2,True,2025-10-01T00:00:00Z,2025-10-01T23:59:59Z,86400,86400,0,1.0,0.999428749,0.999999653,-0.00971098,0,0,0,0,-0.0,6.629092,33.687318,-1.027141e-11,0.006629094,0.03368733,False,0.029472,False
2025-10-02,RS01SUM1-LJ01B-09-PRESTB102,2,True,2025-10-02T00:00:00Z,2025-10-02T23:59:59Z,86400,86400,0,1.0,0.999428749,0.999999636,-0.002021947,0,0,0,0,0.0,4.896572,31.888137,2.766855e-11,0.004896574,0.03188815,False,0.030871,False
2025-10-03,RS01SUM1-LJ01B-09-PRESTB102,2,True,2025-10-03T00:00:00Z,2025-10-03T23:59:59Z,86400,86400,0,1.0,0.999425888,0.999999651,-0.015950808,0,0,0,0,-0.0,6.174445,32.010291,-4.239801e-11,0.006174447,0.0320103,False,0.043482,False
2025-10-04,RS01SUM1-LJ01B-09-PRESTB102,2,True,2025-10-04T00:00:00Z,2025-10-04T23:59:59Z,86400,86400,0,1.0,0.999442577,0.999999626,-0.000301379,0,0,0,0,0.0,4.906436,32.011261,4.092699e-11,0.004906438,0.03201127,False,0.028028,False
2025-10-05,RS01SUM1-LJ01B-09-PRESTB102,2,True,2025-10-05T00:00:00Z,2025-10-05T23:59:59Z,86400,86400,0,1.0,0.999419212,0.999999588,0.002475418,0,0,0,0,-0.0,5.066663,32.694015,-7.040243e-11,0.005066665,0.03269403,False,0.031601,False
2025-10-06,RS01SUM1-LJ01B-09-PRESTB102,2,True,2025-10-06T00:00:00Z,2025-10-06T23:59:59Z,86400,86400,0,1.0,0.999591351,0.99999956,0.008197217,0,0,0,0,-0.0,5.75918,32.921125,-2.407985e-11,0.005759183,0.03292114,False,0.032177,False
2025-10-07,RS01SUM1-LJ01B-09-PRESTB102,2,True,2025-10-07T00:00:00Z,2025-10-07T23:59:59Z,86400,86400,0,1.0,0.999441624,0.999999593,5.248e-05,0,0,0,0,-0.0,8.546517,53.484605,-3.651116e-11,0.008546521,0.05348463,False,0.044749,False
2025-10-08,RS01SUM1-LJ01B-09-PRESTB102,2,True,2025-10-08T00:00:00Z,2025-10-08T23:59:59Z,86400,86400,0,1.0,0.999441147,0.999999625,0.003084743,0,0,0,0,-0.0,5.677281,31.202845,-3.485381e-11,0.005677283,0.03120286,False,0.039294,False
2025-10-09,RS01SUM1-LJ01B-09-PRESTB102,2,True,2025-10-09T00:00:00Z,2025-10-09T23:59:59Z,86400,86400,0,1.0,0.999435902,0.999999603,0.003773157,0,0,0,0,-0.0,5.472082,33.378218,-1.818765e-11,0.005472084,0.03337823,False,0.034482,False
2025-10-10,RS01SUM1-LJ01B-09-PRESTB102,2,True,2025-10-10T00:00:00Z,2025-10-10T23:59:59Z,86400,86400,0,1.0,0.999445915,0.999999641,0.000983355,0,0,0,0,-0.0,6.76125,42.456041,-5.57351e-11,0.006761253,0.04245606,False,0.04234,False
2025-10-11,RS01SUM1-LJ01B-09-PRESTB102,2,True,2025-10-11T00:00:00Z,2025-10-11T23:59:59Z,86400,86400,0,1.0,0.999431133,0.99999967,0.002760955,0,0,0,0,-0.0,5.746255,33.470048,-5.155528e-11,0.005746256,0.03347006,False,0.034188,False
2025-10-12,RS01SUM1-LJ01B-09-PRESTB102,2,True,2025-10-12T00:00:00Z,2025-10-12T23:59:59Z,86400,86400,0,1.0,0.999436855,0.999999633,0.001512523,0,0,0,0,-0.0,5.99185,38.415675,-2.295286e-11,0.005991852,0.03841569,False,0.032686,False
2025-10-13,RS01SUM1-LJ01B-09-PRESTB102,2,True,2025-10-13T00:00:00Z,2025-10-13T23:59:59Z,86400,86400,0,1.0,0.999557972,0.999999636,0.002283272,0,0,0,0,-0.0,4.398155,32.068699,-4.391086e-12,0.004398157,0.03206871,False,0.027636,False
2025-10-14,RS01SUM1-LJ01B-09-PRESTB102,2,True,2025-10-14T00:00:00Z,2025-10-14T23:59:59Z,86400,86400,0,1.0,0.99943161,0.999999584,-0.007763629,0,0,0,0,-0.0,10.478476,90.589968,-1.150797e-10,0.01047848,0.09059001,False,0.089235,False
2025-10-15,RS01SUM1-LJ01B-09-PRESTB102,2,True,2025-10-15T00:00:00Z,2025-10-15T23:59:59Z,86400,86400,0,1.0,0.999426842,0.999999505,-0.00169245,0,0,0,0,-0.0,4.673749,32.277247,-1.102502e-10,0.004673752,0.03227726,False,0.0275,False
2025-10-16,RS01SUM1-LJ01B-09-PRESTB102,2,True,2025-10-16T00:00:00Z,2025-10-16T23:59:59Z,86400,86400,0,1.0,0.999425888,0.999999592,-0.000777849,0,0,0,0,-0.0,8.932046,91.427004,-3.059752e-11,0.008932049,0.09142704,False,0.090757,False
2025-10-17,RS01SUM1-LJ01B-09-PRESTB102,2,True,2025-10-17T00:00:00Z,2025-10-17T23:59:59Z,86400,86400,0,1.0,0.999429226,0.999999631,0.007345083,0,0,0,0,-0.0,5.841678,32.308923,-1.601086e-11,0.00584168,0.03230894,False,0.029872,False
2025-10-18,RS01SUM1-LJ01B-09-PRESTB102,2,True,2025-10-18T00:00:00Z,2025-10-18T23:59:59Z,86400,86400,0,1.0,0.999431133,0.999999535,0.013684891,0,0,0,0,-0.0,5.849834,45.369906,-8.00791e-12,0.005849837,0.04536993,False,0.043269,False
2025-10-19,RS01SUM1-LJ01B-09-PRESTB102,2,True,2025-10-19T00:00:00Z,2025-10-19T23:59:59Z,86401,86401,0,1.0,0.999426842,0.99999963,0.001994573,0,0,16,16,0.0,5.233397,28.049483,3.196237e-11,0.005233399,0.02804949,False,0.029856,False
2025-10-20,RS01SUM1-LJ01B-09-PRESTB102,2,True,2025-10-20T00:00:00Z,2025-10-20T23:59:59Z,86400,86400,0,1.0,0.999610424,0.999999588,0.002034462,0,0,0,0,-0.0,11.611916,90.402933,-2.974022e-11,0.01161192,0.09040297,False,0.096433,False
2025-10-21,RS01SUM1-LJ01B-09-PRESTB102,2,True,2025-10-21T00:00:00Z,2025-10-21T23:59:59Z,86400,86400,0,1.0,0.999444008,0.99999968,0.002190132,0,0,0,0,0.0,5.22148,35.929756,3.47882e-11,0.005221482,0.03592977,False,0.041523,False
2025-10-22,RS01SUM1-LJ01B-09-PRESTB102,2,True,2025-10-22T00:00:00Z,2025-10-22T23:59:59Z,86400,86400,0,1.0,0.99945116,0.999999644,0.007470717,0,0,0,0,-0.0,6.181965,33.086543,-8.127214e-11,0.006181968,0.03308655,False,0.027539,False
2025-10-23,RS01SUM1-LJ01B-09-PRESTB102,2,True,2025-10-23T00:00:00Z,2025-10-23T23:59:59Z,86400,86400,0,1.0,0.999426842,0.999999623,0.005661817,0,0,0,0,-0.0,6.511139,46.267449,-1.341371e-10,0.006511141,0.04626747,False,0.044388,False
2025-10-24,RS01SUM1-LJ01B-09-PRESTB102,2,True,2025-10-24T00:00:00Z,2025-10-24T23:59:59Z,86400,86400,0,1.0,0.999424934,0.999999632,0.001092406,0,0,0,0,-0.0,3.745283,22.518283,-9.21722e-11,0.003745284,0.02251829,False,0.024034,False
2025-10-25,RS01SUM1-LJ01B-09-PRESTB102,2,True,2025-10-25T00:00:00Z,2025-10-25T23:59:59Z,86400,86400,0,1.0,0.999440193,0.999999652,-0.012326598,0,0,0,0,-0.0,6.193793,31.61268,-6.621185e-11,0.006193795,0.03161269,False,0.029506,False
2025-10-26,RS01SUM1-LJ01B-09-PRESTB102,2,True,2025-10-26T00:00:00Z,2025-10-26T23:59:59Z,86400,86400,0,1.0,0.999428272,0.999999734,0.001181651,0,0,0,0,-0.0,4.940826,33.584372,-6.408037e-11,0.004940827,0.03358438,False,0.027667,False
2025-10-27,RS01SUM1-LJ01B-09-PRESTB102,2,True,2025-10-27T00:00:00Z,2025-10-27T23:59:59Z,86400,86400,0,1.0,0.999591827,0.999999652,0.004772473,0,0,0,0,-0.0,4.054857,24.880748,-8.616522e-11,0.004054858,0.02488076,False,0.025394,False
2025-10-28,RS01SUM1-LJ01B-09-PRESTB102,2,True,2025-10-28T00:00:00Z,2025-10-28T23:59:59Z,86400,86400,0,1.0,0.999426842,0.999999655,0.000895042,0,0,0,0,0.0,4.120021,24.252771,7.234391e-11,0.004120022,0.02425278,False,0.026586,False
2025-10-29,RS01SUM1-LJ01B-09-PRESTB102,2,True,2025-10-29T00:00:00Z,2025-10-29T23:59:59Z,86400,86400,0,1.0,0.999432564,0.999999661,-0.003763189,0,0,0,0,-0.0,5.734439,43.437165,-1.115413e-11,0.005734441,0.04343718,False,0.046411,False
2025-10-30,RS01SUM1-LJ01B-09-PRESTB102,2,True,2025-10-30T00:00:00Z,2025-10-30T23:59:59Z,86400,86400,0,1.0,0.999429226,0.999999535,0.003155633,0,0,0,0,-0.0,4.985784,24.611893,-1.743668e-11,0.004985786,0.0246119,False,0.021302,False
2025-10-31,RS01SUM1-LJ01B-09-PRESTB102,2,True,2025-10-31T00:00:00Z,2025-10-31T23:59:59Z,85789,86400,611,1.0,0.999438763,0.999999524,0.010854649,1,611,1,611,0.0,5.663032,27.647125,1.399581e-11,0.005663035,0.02764714,False,0.340506,True
2025-11-01,RS01SUM1-LJ01B-09-PRESTB102,2,True,2025-11-01T00:00:00Z,2025-11-01T23:59:59Z,86400,86400,0,1.0,0.99943018,0.99999962,0.000206615,0,0,0,0,0.0,6.353015,31.993584,1.177929e-11,0.006353017,0.0319936,False,0.037493,False
2025-11-02,RS01SUM1-LJ01B-09-PRESTB102,2,True,2025-11-02T00:00:00Z,2025-11-02T23:59:59Z,86400,86400,0,1.0,0.999425888,0.999999656,0.006529496,0,0,0,0,-0.0,5.769795,27.719371,-7.135085e-11,0.005769797,0.02771938,False,0.024806,False
2025-11-03,RS01SUM1-LJ01B-09-PRESTB102,2,True,2025-11-03T00:00:00Z,2025-11-03T23:59:59Z,86298,86400,102,1.0,0.999588966,0.999999579,0.013147756,1,102,1,102,0.0,4.574756,24.953034,7.736922e-11,0.004574758,0.02495304,False,0.044995,True
2025-11-04,RS01SUM1-LJ01B-09-PRESTB102,2,True,2025-11-04T00:00:00Z,2025-11-04T23:59:59Z,85936,86400,464,1.0,0.999425888,0.999999615,0.001256523,3,464,3,464,-0.0,5.799861,30.225086,-9.745314e-11,0.005799863,0.0302251,False,0.123188,True
2025-11-05,RS01SUM1-LJ01B-09-PRESTB102,2,True,2025-11-05T00:00:00Z,2025-11-05T23:59:59Z,86400,86400,0,1.0,0.999452114,0.999999632,-0.004546154,0,0,0,0,-0.0,6.340019,31.832594,-3.742985e-11,0.006340022,0.03183261,False,0.025478,False
2025-11-06,RS01SUM1-LJ01B-09-PRESTB102,2,True,2025-11-06T00:00:00Z,2025-11-06T23:59:59Z,86400,86400,0,1.0,0.999437809,0.999999665,0.005341871,0,0,0,0,-0.0,3.881754,23.688863,-1.811733e-11,0.003881755,0.02368887,False,0.026975,False
2025-11-07,RS01SUM1-LJ01B-09-PRESTB102,2,True,2025-11-07T00:00:00Z,2025-11-07T23:59:59Z,86400,86400,0,1.0,0.999444008,0.999999656,0.002387478,0,0,0,0,0.0,5.972186,26.510221,3.925094e-11,0.005972188,0.02651023,False,0.027482,False
2025-11-08,RS01SUM1-LJ01B-09-PRESTB102,2,True,2025-11-08T00:00:00Z,2025-11-08T23:59:59Z,86400,86400,0,1.0,0.99944067,0.999999652,0.002823607,0,0,0,0,-0.0,4.687897,27.054271,-2.810305e-11,0.004687898,0.02705428,False,0.024056,False
2025-11-09,RS01SUM1-LJ01B-09-PRESTB102,2,True,2025-11-09T00:00:00Z,2025-11-09T23:59:59Z,86400,86400,0,1.0,0.999434948,0.999999571,0.008239994,0,0,0,0,-0.0,6.720626,42.280325,-6.03768e-11,0.006720629,0.04228034,False,0.045922,False
2025-11-10,RS01SUM1-LJ01B-09-PRESTB102,2,True,2025-11-10T00:00:00Z,2025-11-10T23:59:59Z,86400,86400,0,1.0,0.999577999,0.999999611,0.006047721,0,0,0,0,-0.0,3.796143,21.214958,-3.36938e-11,0.003796145,0.02121497,False,0.024845,False
2025-11-11,RS01SUM1-LJ01B-09-PRESTB102,2,True,2025-11-11T00:00:00Z,2025-11-11T23:59:59Z,86400,86400,0,1.0,0.999429226,0.999999659,-8.954e-06,0,0,0,0,-0.0,4.520374,31.35581,-5.28638e-11,0.004520376,0.03135582,False,0.02746,False
2025-11-12,RS01SUM1-LJ01B-09-PRESTB102,2,True,2025-11-12T00:00:00Z,2025-11-12T23:59:59Z,86400,86400,0,1.0,0.999438763,0.999999665,0.000644445,0,0,0,0,-0.0,6.399356,36.2408,-7.15368e-11,0.006399358,0.03624081,False,0.03935,False
2025-11-13,RS01SUM1-LJ01B-09-PRESTB102,2,True,2025-11-13T00:00:00Z,2025-11-13T23:59:59Z,86400,86400,0,1.0,0.999432087,0.999999609,-0.00039591,0,0,0,0,-0.0,4.258047,26.697491,-3.45335e-11,0.004258048,0.0266975,False,0.024609,False
2025-11-14,RS01SUM1-LJ01B-09-PRESTB102,2,True,2025-11-14T00:00:00Z,2025-11-14T23:59:59Z,86400,86400,0,1.0,0.999429226,0.99999963,-0.005867757,0,0,0,0,-0.0,6.432747,34.589689,-7.295151e-11,0.00643275,0.0345897,False,0.0278,False
2025-11-15,RS01SUM1-LJ01B-09-PRESTB102,2,True,2025-11-15T00:00:00Z,2025-11-15T23:59:59Z,86400,86400,0,1.0,0.99943924,0.999999679,0.001772924,0,0,0,0,-0.0,4.958411,32.589644,-6.18373e-11,0.004958412,0.03258965,False,0.030468,False
2025-11-16,RS01SUM1-LJ01B-09-PRESTB102,2,True,2025-11-16T00:00:00Z,2025-11-16T23:59:59Z,86400,86400,0,1.0,0.999431133,0.999999612,-6.4552e-05,0,0,0,0,-0.0,4.560812,31.099539,-5.47421e-11,0.004560814,0.03109955,False,0.038001,False
2025-11-17,RS01SUM1-LJ01B-09-PRESTB102,2,True,2025-11-17T00:00:00Z,2025-11-17T23:59:59Z,86400,86400,0,1.0,0.999601841,0.999999558,0.003184128,0,0,0,0,-0.0,4.050086,26.792137,-7.48393e-12,0.004050088,0.02679215,False,0.023433,False
2025-11-18,RS01SUM1-LJ01B-09-PRESTB102,2,True,2025-11-18T00:00:00Z,2025-11-18T23:59:59Z,86400,86400,0,1.0,0.999435902,0.999999628,-0.000285603,0,0,0,0,-0.0,6.324791,32.904791,-2.778985e-11,0.006324794,0.0329048,False,0.025423,False
2025-11-19,RS01SUM1-LJ01B-09-PRESTB102,2,True,2025-11-19T00:00:00Z,2025-11-19T23:59:59Z,86400,86400,0,1.0,0.99944067,0.999999613,-0.000882569,0,0,0,0,-0.0,5.444397,37.164558,-9.645519e-11,0.005444399,0.03716457,False,0.033799,False
2025-11-20,RS01SUM1-LJ01B-09-PRESTB102,2,True,2025-11-20T00:00:00Z,2025-11-20T23:59:59Z,86401,86401,0,1.0,0.999431133,0.999999649,-0.000291139,0,0,15,15,-0.0,5.754393,33.490294,-3.387087e-11,0.005754395,0.03349031,False,0.042041,False
2025-11-21,RS01SUM1-LJ01B-09-PRESTB102,2,True,2025-11-21T00:00:00Z,2025-11-21T23:59:59Z,86400,86400,0,1.0,0.999434948,0.999999664,0.006078833,0,0,3,3,0.0,4.462593,24.481495,9.053567e-12,0.004462594,0.0244815,False,0.024799,False
2025-11-22,RS01SUM1-LJ01B-09-PRESTB102,2,True,2025-11-22T00:00:00Z,2025-11-22T23:59:59Z,86400,86400,0,1.0,0.999428272,0.999999649,-0.006173056,0,0,0,0,-0.0,4.132247,23.504941,-4.727189e-11,0.004132249,0.02350495,False,0.026119,False
2025-11-23,RS01SUM1-LJ01B-09-PRESTB102,2,True,2025-11-23T00:00:00Z,2025-11-23T23:59:59Z,86400,86400,0,1.0,0.999443054,0.99999962,0.000472284,0,0,0,0,-0.0,4.068757,22.779121,-3.180883e-11,0.004068758,0.02277913,False,0.026129,False
2025-11-24,RS01SUM1-LJ01B-09-PRESTB102,2,True,2025-11-24T00:00:00Z,2025-11-24T23:59:59Z,86400,86400,0,1.0,0.999601841,0.999999579,0.003373542,0,0,0,0,-0.0,4.649168,31.338806,-5.96867e-11,0.00464917,0.03133882,False,0.026579,False
2025-11-25,RS01SUM1-LJ01B-09-PRESTB102,2,True,2025-11-25T00:00:00Z,2025-11-25T23:59:59Z,86400,86400,0,1.0,0.999424934,0.999999613,-0.002270262,0,0,0,0,-0.0,5.027777,29.844578,-1.055791e-11,0.005027779,0.02984459,False,0.028246,False
2025-11-26,RS01SUM1-LJ01B-09-PRESTB102,2,True,2025-11-26T00:00:00Z,2025-11-26T23:59:59Z,86400,86400,0,1.0,0.999442101,0.999999533,0.003274611,0,0,0,0,-0.0,5.859103,31.174144,-3.849247e-11,0.005859106,0.03117416,False,0.0301,False
2025-11-27,RS01SUM1-LJ01B-09-PRESTB102,2,True,2025-11-27T00:00:00Z,2025-11-27T23:59:59Z,86400,86400,0,1.0,0.999435902,0.999999594,-0.011783574,0,0,0,0,-0.0,5.279319,30.365485,-6.652617e-11,0.005279322,0.0303655,False,0.029724,False
2025-11-28,RS01SUM1-LJ01B-09-PRESTB102,2,True,2025-11-28T00:00:00Z,2025-11-28T23:59:59Z,86400,86400,0,1.0,0.999428272,0.999999576,0.008611994,0,0,0,0,-0.0,4.601941,27.15704,-5.118342e-11,0.004601943,0.02715705,False,0.025503,False
2025-11-29,RS01SUM1-LJ01B-09-PRESTB102,2,True,2025-11-29T00:00:00Z,2025-11-29T23:59:59Z,86400,86400,0,1.0,0.999422073,0.999999688,0.004382715,0,0,0,0,-0.0,5.176113,30.307234,-7.706572e-11,0.005176115,0.03030724,False,0.032239,False
2025-11-30,RS01SUM1-LJ01B-09-PRESTB102,2,True,2025-11-30T00:00:00Z,2025-11-30T23:59:59Z,86400,86400,0,1.0,0.999422073,0.999999666,0.003494201,0,0,0,0,-0.0,5.276532,32.812894,-9.209903e-11,0.005276534,0.0328129,False,0.029343,False
2025-12-01,RS01SUM1-LJ01B-09-PRESTB102,2,True,2025-12-01T00:00:00Z,2025-12-01T23:59:59Z,86400,86400,0,1.0,0.999599934,0.999999647,-0.000997414,0,0,0,0,-0.0,4.368535,22.028411,-2.793592e-12,0.004368536,0.02202842,False,0.022132,False
2025-12-02,RS01SUM1-LJ01B-09-PRESTB102,2,True,2025-12-02T00:00:00Z,2025-12-02T23:59:59Z,86400,86400,0,1.0,0.999431133,0.999999643,-0.002698042,0,0,0,0,-0.0,4.234781,24.778484,-3.720428e-12,0.004234783,0.02477849,False,0.022794,False
2025-12-03,RS01SUM1-LJ01B-09-PRESTB102,2,True,2025-12-03T00:00:00Z,2025-12-03T23:59:59Z,86400,86400,0,1.0,0.999431133,0.999999626,-0.001142675,0,0,0,0,-0.0,3.954509,24.040306,-9.780919e-12,0.00395451,0.02404031,False,0.021302,False
2025-12-04,RS01SUM1-LJ01B-09-PRESTB102,2,True,2025-12-04T00:00:00Z,2025-12-04T23:59:59Z,86400,86400,0,1.0,0.999444962,0.999999649,-0.001043653,0,0,0,0,-0.0,5.226979,33.605905,-5.24587e-11,0.00522698,0.03360592,False,0.034682,False
2025-12-05,RS01SUM1-LJ01B-09-PRESTB102,2,True,2025-12-05T00:00:00Z,2025-12-05T23:59:59Z,86400,86400,0,1.0,0.999442101,0.999999718,0.002383995,0,0,0,0,-0.0,6.502739,28.38959,-8.225865e-11,0.006502741,0.0283896,False,0.026074,False
2025-12-06,RS01SUM1-LJ01B-09-PRESTB102,2,True,2025-12-06T00:00:00Z,2025-12-06T23:59:59Z,86400,86400,0,1.0,0.999437809,0.999999652,-0.00192382,0,0,0,0,-0.0,6.257496,32.547212,-5.486723e-11,0.006257498,0.03254722,False,0.0323,False
2025-12-07,RS01SUM1-LJ01B-09-PRESTB102,2,True,2025-12-07T00:00:00Z,2025-12-07T23:59:59Z,86400,86400,0,1.0,0.999433994,0.999999718,-0.012249312,0,0,0,0,-0.0,9.150072,89.82704,-7.064521e-11,0.009150075,0.08982707,False,0.09043,False
2025-12-08,RS01SUM1-LJ01B-09-PRESTB102,2,True,2025-12-08T00:00:00Z,2025-12-08T23:59:59Z,86400,86400,0,1.0,0.999595642,0.999999715,-0.002075043,0,0,0,0,-0.0,5.826537,25.789644,-1.117327e-10,0.005826539,0.02578965,False,0.024827,False
2025-12-09,RS01SUM1-LJ01B-09-PRESTB102,2,True,2025-12-09T00:00:00Z,2025-12-09T23:59:59Z,86400,86400,0,1.0,0.999432087,0.999999649,-0.00207505,0,0,0,0,0.0,5.310166,33.671163,7.135905e-11,0.005310168,0.03367118,False,0.029099,False
2025-12-10,RS01SUM1-LJ01B-09-PRESTB102,2,True,2025-12-10T00:00:00Z,2025-12-10T23:59:59Z,86400,86400,0,1.0,0.999424934,0.999999768,0.024958696,0,0,0,0,-0.0,5.591134,33.015944,-3.494836e-11,0.005591135,0.03301595,False,0.034959,False
2025-12-11,RS01SUM1-LJ01B-09-PRESTB102,2,True,2025-12-11T00:00:00Z,2025-12-11T23:59:59Z,86400,86400,0,1.0,0.999424934,0.999999654,0.002344981,0,0,0,0,-0.0,5.839005,27.158742,-1.029349e-10,0.005839007,0.02715875,False,0.026657,False
2025-12-12,RS01SUM1-LJ01B-09-PRESTB102,2,True,2025-12-12T00:00:00Z,2025-12-12T23:59:59Z,86400,86400,0,1.0,0.999436855,0.999999582,0.011387526,0,0,0,0,-0.0,7.716635,36.087599,-2.464797e-11,0.007716638,0.03608761,False,0.033573,False
2025-12-13,RS01SUM1-LJ01B-09-PRESTB102,2,True,2025-12-13T00:00:00Z,2025-12-13T23:59:59Z,86400,86400,0,1.0,0.999437332,0.999999624,0.001818645,0,0,0,0,-0.0,5.026293,28.445422,-2.77606e-11,0.005026294,0.02844543,False,0.029582,False
2025-12-14,RS01SUM1-LJ01B-09-PRESTB102,2,True,2025-12-14T00:00:00Z,2025-12-14T23:59:59Z,86400,86400,0,1.0,0.999434948,0.999999513,0.000577469,0,0,0,0,-0.0,6.237394,47.411955,-6.398299e-11,0.006237397,0.04741198,False,0.041402,False
2025-12-15,RS01SUM1-LJ01B-09-PRESTB102,2,True,2025-12-15T00:00:00Z,2025-12-15T23:59:59Z,86400,86400,0,1.0,0.999586105,0.999999571,-0.001177277,0,0,0,0,-0.0,5.779,30.290169,-1.014929e-10,0.005779003,0.03029018,False,0.029023,False
2025-12-16,RS01SUM1-LJ01B-09-PRESTB102,2,True,2025-12-16T00:00:00Z,2025-12-16T23:59:59Z,86400,86400,0,1.0,0.999428749,0.999999662,-0.000551458,0,0,0,0,-0.0,5.081791,32.524189,-1.580113e-10,0.005081793,0.0325242,False,0.028514,False
2025-12-17,RS01SUM1-LJ01B-09-PRESTB102,2,True,2025-12-17T00:00:00Z,2025-12-17T23:59:59Z,86400,86400,0,1.0,0.999436378,0.999999634,0.002587282,0,0,0,0,-0.0,5.68416,33.836599,-6.775209e-13,0.005684162,0.03383661,False,0.034032,False
2025-12-18,RS01SUM1-LJ01B-09-PRESTB102,2,True,2025-12-18T00:00:00Z,2025-12-18T23:59:59Z,86400,86400,0,1.0,0.999432087,0.999999666,0.006721665,0,0,0,0,0.0,5.685774,31.549184,2.708173e-11,0.005685776,0.03154919,False,0.028253,False
2025-12-19,RS01SUM1-LJ01B-09-PRESTB102,2,True,2025-12-19T00:00:00Z,2025-12-19T23:59:59Z,86400,86400,0,1.0,0.99944067,0.99999961,0.003806945,0,0,0,0,0.0,5.436316,31.51524,1.519011e-13,0.005436318,0.03151525,False,0.028443,False
2025-12-20,RS01SUM1-LJ01B-09-PRESTB102,2,True,2025-12-20T00:00:00Z,2025-12-20T23:59:59Z,86400,86400,0,1.0,0.999428749,0.999999663,0.004805399,0,0,0,0,-0.0,5.378846,29.087744,-1.042357e-10,0.005378848,0.02908775,False,0.02476,False
2025-12-21,RS01SUM1-LJ01B-09-PRESTB102,2,True,2025-12-21T00:00:00Z,2025-12-21T23:59:59Z,86400,86400,0,1.0,0.999433994,0.99999962,0.005303967,0,0,0,0,-0.0,5.533772,28.832321,-5.102458e-11,0.005533775,0.02883233,False,0.025843,False
2025-12-22,RS01SUM1-LJ01B-09-PRESTB102,2,True,2025-12-22T00:00:00Z,2025-12-22T23:59:59Z,86400,86400,0,1.0,0.999592781,0.999999693,-0.000664835,0,0,0,0,0.0,8.427566,91.794441,1.229647e-11,0.008427568,0.09179447,False,0.091656,False
2025-12-23,RS01SUM1-LJ01B-09-PRESTB102,2,True,2025-12-23T00:00:00Z,2025-12-23T23:59:59Z,86401,86401,0,1.0,0.999438286,0.999999654,0.003365657,0,0,23,23,0.0,6.448887,35.522208,2.196289e-11,0.006448889,0.03552222,False,0.032037,False
2025-12-24,RS01SUM1-LJ01B-09-PRESTB102,2,True,2025-12-24T00:00:00Z,2025-12-24T23:59:59Z,86400,86400,0,1.0,0.999438763,0.999999586,0.004526938,0,0,0,0,-0.0,5.634685,35.985354,-4.997676e-11,0.005634687,0.03598537,False,0.028414,False
2025-12-25,RS01SUM1-LJ01B-09-PRESTB102,2,True,2025-12-25T00:00:00Z,2025-12-25T23:59:59Z,86400,86400,0,1.0,0.999436378,0.999999583,0.00166542,0,0,0,0,-0.0,5.409284,32.993072,-4.121269e-11,0.005409286,0.03299309,False,0.032769,False
2025-12-26,RS01SUM1-LJ01B-09-PRESTB102,2,True,2025-12-26T00:00:00Z,2025-12-26T23:59:59Z,86400,86400,0,1.0,0.999435902,0.999999612,0.001013992,0,0,0,0,-0.0,9.17029,92.241939,-1.074434e-10,0.009170294,0.09224198,False,0.08864,False
2025-12-27,RS01SUM1-LJ01B-09-PRESTB102,2,True,2025-12-27T00:00:00Z,2025-12-27T23:59:59Z,86400,86400,0,1.0,0.99943018,0.999999596,0.002099517,0,0,0,0,-0.0,4.676933,30.473699,-5.850954e-11,0.004676934,0.03047371,False,0.027699,False
2025-12-28,RS01SUM1-LJ01B-09-PRESTB102,2,True,2025-12-28T00:00:00Z,2025-12-28T23:59:59Z,86400,86400,0,1.0,0.999426842,0.999999622,-0.00278261,0,0,0,0,0.0,5.361479,31.96275,4.898788e-12,0.005361481,0.03196276,False,0.027318,False
2025-12-29,RS01SUM1-LJ01B-09-PRESTB102,2,True,2025-12-29T00:00:00Z,2025-12-29T23:59:59Z,86400,86400,0,1.0,0.999584198,0.999999605,-0.000390247,0,0,0,0,-0.0,5.369545,35.034383,-1.042148e-10,0.005369547,0.0350344,False,0.033717,False
2025-12-30,RS01SUM1-LJ01B-09-PRESTB102,2,True,2025-12-30T00:00:00Z,2025-12-30T23:59:59Z,86400,86400,0,1.0,0.999450207,0.999999572,-0.007572539,0,0,0,0,0.0,4.80033,25.564671,3.704563e-12,0.004800332,0.02556468,False,0.026008,False
2025-12-31,RS01SUM1-LJ01B-09-PRESTB102,2,True,2025-12-31T00:00:00Z,2025-12-31T23:59:59Z,86400,86400,0,1.0,0.999438763,0.99999967,-0.000793386,0,0,0,0,-0.0,4.219093,25.95603,-6.369418e-11,0.004219094,0.02595604,False,0.025606,False
2026-01-01,RS01SUM1-LJ01B-09-PRESTB102,2,True,2026-01-01T00:00:00Z,2026-01-01T23:59:59Z,86400,86400,0,1.0,0.999431133,0.999999681,-0.0020842,0,0,0,0,0.0,4.841355,30.691888,3.755099e-11,0.004841357,0.0306919,False,0.029981,False
2026-01-02,RS01SUM1-LJ01B-09-PRESTB102,2,True,2026-01-02T00:00:00Z,2026-01-02T23:59:59Z,86400,86400,0,1.0,0.999442101,0.999999722,-0.007541015,0,0,0,0,0.0,8.520678,36.740792,3.368858e-11,0.008520681,0.0367408,False,0.026088,False
2026-01-03,RS01SUM1-LJ01B-09-PRESTB102,2,True,2026-01-03T00:00:00Z,2026-01-03T23:59:59Z,86400,86400,0,1.0,0.999440193,0.999999618,-0.008826125,0,0,0,0,0.0,4.559911,25.157224,1.101032e-11,0.004559913,0.02515723,False,0.023991,False
2026-01-04,RS01SUM1-LJ01B-09-PRESTB102,2,True,2026-01-04T00:00:00Z,2026-01-04T23:59:59Z,86248,86400,152,1.0,0.999443054,0.999999558,0.001104457,1,152,1,152,-0.0,6.350828,27.534121,-6.382244e-11,0.006350831,0.02753413,False,0.086355,True
2026-01-05,RS01SUM1-LJ01B-09-PRESTB102,2,True,2026-01-05T00:00:00Z,2026-01-05T23:59:59Z,86400,86400,0,1.0,0.999600887,0.999999689,0.004738258,0,0,0,0,-0.0,5.391029,34.520646,-1.084528e-10,0.005391031,0.03452066,False,0.02884,False
2026-01-06,RS01SUM1-LJ01B-09-PRESTB102,2,True,2026-01-06T00:00:00Z,2026-01-06T23:59:59Z,86400,86400,0,1.0,0.999433041,0.999999685,-0.00521982,0,0,0,0,0.0,7.066186,35.478941,1.346972e-12,0.007066188,0.03547895,False,0.032815,False
2026-01-07,RS01SUM1-LJ01B-09-PRESTB102,2,True,2026-01-07T00:00:00Z,2026-01-07T23:59:59Z,86400,86400,0,1.0,0.999415874,0.99999968,-0.006327098,0,0,0,0,-0.0,5.451473,31.793105,-1.695323e-11,0.005451475,0.03179312,False,0.039926,False
2026-01-08,RS01SUM1-LJ01B-09-PRESTB102,2,True,2026-01-08T00:00:00Z,2026-01-08T23:59:59Z,86400,86400,0,1.0,0.99943924,0.999999612,0.011856441,0,0,0,0,-0.0,6.039257,34.996571,-8.692629e-11,0.006039259,0.03499658,False,0.035103,False
2026-01-09,RS01SUM1-LJ01B-09-PRESTB102,2,True,2026-01-09T00:00:00Z,2026-01-09T23:59:59Z,86400,86400,0,1.0,0.999437809,0.999999634,0.012010519,0,0,0,0,-0.0,4.750711,31.555014,-1.955103e-11,0.004750713,0.03155503,False,0.02767,False
2026-01-10,RS01SUM1-LJ01B-09-PRESTB102,2,True,2026-01-10T00:00:00Z,2026-01-10T23:59:59Z,86400,86400,0,1.0,0.999411106,0.999999573,0.007264675,0,0,0,0,0.0,5.131309,27.270464,2.972605e-11,0.005131311,0.02727048,False,0.029661,False
2026-01-11,RS01SUM1-LJ01B-09-PRESTB102,2,True,2026-01-11T00:00:00Z,2026-01-11T23:59:59Z,86400,86400,0,1.0,0.999426842,0.999999592,-0.001416594,0,0,0,0,-0.0,4.313371,25.878527,-3.965367e-11,0.004313373,0.02587854,False,0.026047,False
2026-01-12,RS01SUM1-LJ01B-09-PRESTB102,2,True,2026-01-12T00:00:00Z,2026-01-12T23:59:59Z,86400,86400,0,1.0,0.999600887,0.999999585,-0.003257967,0,0,0,0,-0.0,4.681896,31.097715,-3.217057e-11,0.004681898,0.03109773,False,0.027111,False
2026-01-13,RS01SUM1-LJ01B-09-PRESTB102,2,True,2026-01-13T00:00:00Z,2026-01-13T23:59:59Z,86400,86400,0,1.0,0.999439716,0.999999631,0.006598292,0,0,0,0,-0.0,5.032784,29.905359,-1.208e-10,0.005032785,0.02990537,False,0.025246,False
2026-01-14,RS01SUM1-LJ01B-09-PRESTB102,2,True,2026-01-14T00:00:00Z,2026-01-14T23:59:59Z,86400,86400,0,1.0,0.999445915,0.999999635,0.001484038,0,0,0,0,-0.0,4.242106,24.255202,-4.24824e-11,0.004242108,0.02425521,False,0.025317,False
2026-01-15,RS01SUM1-LJ01B-09-PRESTB102,2,True,2026-01-15T00:00:00Z,2026-01-15T23:59:59Z,86400,86400,0,1.0,0.999444962,0.999999671,-0.005021403,0,0,0,0,-0.0,4.84544,33.693477,-4.047713e-11,0.004845442,0.03369349,False,0.028643,False
2026-01-16,RS01SUM1-LJ01B-09-PRESTB102,2,True,2026-01-16T00:00:00Z,2026-01-16T23:59:59Z,86400,86400,0,1.0,0.999431133,0.999999631,0.001421867,0,0,0,0,-0.0,4.954805,33.356309,-1.162604e-11,0.004954807,0.03335632,False,0.028974,False
2026-01-17,RS01SUM1-LJ01B-09-PRESTB102,2,True,2026-01-17T00:00:00Z,2026-01-17T23:59:59Z,86400,86400,0,1.0,0.99944067,0.999999616,-0.005206495,0,0,0,0,0.0,7.287787,27.332929,4.14949e-11,0.007287789,0.02733294,False,0.024,False
2026-01-18,RS01SUM1-LJ01B-09-PRESTB102,2,True,2026-01-18T00:00:00Z,2026-01-18T23:59:59Z,86400,86400,0,1.0,0.999436378,0.999999603,0.003554677,0,0,0,0,-0.0,9.272464,87.069518,-9.867247e-11,0.009272468,0.08706955,False,0.083474,False
2026-01-19,RS01SUM1-LJ01B-09-PRESTB102,2,True,2026-01-19T00:00:00Z,2026-01-19T23:59:59Z,86400,86400,0,1.0,0.999588966,0.999999594,-0.001194213,0,0,0,0,0.0,6.362105,43.151066,9.584685e-12,0.006362107,0.04315108,False,0.044311,False
2026-01-20,RS01SUM1-LJ01B-09-PRESTB102,2,True,2026-01-20T00:00:00Z,2026-01-20T23:59:59Z,86400,86400,0,1.0,0.999429226,0.99999964,0.000393296,0,0,0,0,-0.0,6.490917,31.122293,-7.840853e-11,0.006490919,0.0311223,False,0.0297,False
2026-01-21,RS01SUM1-LJ01B-09-PRESTB102,2,True,2026-01-21T00:00:00Z,2026-01-21T23:59:59Z,86400,86400,0,1.0,0.999434948,0.999999601,0.00339166,0,0,0,0,-0.0,4.645736,25.195225,-6.042117e-11,0.004645737,0.02519524,False,0.026119,False
2026-01-22,RS01SUM1-LJ01B-09-PRESTB102,2,True,2026-01-22T00:00:00Z,2026-01-22T23:59:59Z,86400,86400,0,1.0,0.999430656,0.999999644,0.004076472,0,0,0,0,-0.0,5.621967,45.257661,-3.108386e-11,0.005621969,0.04525768,False,0.043189,False
2026-01-23,RS01SUM1-LJ01B-09-PRESTB102,2,True,2026-01-23T00:00:00Z,2026-01-23T23:59:59Z,86400,86400,0,1.0,0.999439716,0.99999969,0.008426441,0,0,1,1,0.0,5.666115,33.630407,5.931654e-11,0.005666117,0.03363042,False,0.029879,False
2026-01-24,RS01SUM1-LJ01B-09-PRESTB102,2,True,2026-01-24T00:00:00Z,2026-01-24T23:59:59Z,86401,86401,0,1.0,0.999428511,0.999999677,0.008870207,0,0,18,18,0.0,5.328254,32.619568,2.842512e-11,0.005328256,0.03261958,False,0.027141,False
2026-01-25,RS01SUM1-LJ01B-09-PRESTB102,2,True,2026-01-25T00:00:00Z,2026-01-25T23:59:59Z,86400,86400,0,1.0,0.999431133,0.999999654,0.000403866,0,0,0,0,-0.0,4.493186,30.309431,-6.852631e-11,0.004493187,0.03030944,False,0.02775,False
2026-01-26,RS01SUM1-LJ01B-09-PRESTB102,2,True,2026-01-26T00:00:00Z,2026-01-26T23:59:59Z,86400,86400,0,1.0,0.999585629,0.999999599,-0.003256313,0,0,0,0,-0.0,5.160542,46.436393,-4.799516e-11,0.005160544,0.04643641,False,0.0438,False
2026-01-27,RS01SUM1-LJ01B-09-PRESTB102,2,True,2026-01-27T00:00:00Z,2026-01-27T23:59:59Z,86400,86400,0,1.0,0.999435425,0.999999624,0.003556962,0,0,0,0,-0.0,5.040173,32.343837,-3.273814e-11,0.005040174,0.03234385,False,0.027827,False
2026-01-28,RS01SUM1-LJ01B-09-PRESTB102,2,True,2026-01-28T00:00:00Z,2026-01-28T23:59:59Z,86258,86400,142,1.0,0.999417305,0.99999967,-0.003906917,1,142,1,142,0.0,5.280067,34.336048,2.582565e-11,0.005280069,0.03433606,False,0.083571,True
2026-01-29,RS01SUM1-LJ01B-09-PRESTB102,2,True,2026-01-29T00:00:00Z,2026-01-29T23:59:59Z,86400,86400,0,1.0,0.99943018,0.999999713,0.003350754,0,0,0,0,-0.0,5.2366,28.108222,-2.250234e-11,0.005236602,0.02810823,False,0.025996,False
2026-01-30,RS01SUM1-LJ01B-09-PRESTB102,2,True,2026-01-30T00:00:00Z,2026-01-30T23:59:59Z,86400,86400,0,1.0,0.999439716,0.99999952,0.004501419,0,0,0,0,-0.0,5.642136,34.297589,-3.889174e-11,0.005642139,0.03429761,False,0.02665,False
2026-01-31,RS01SUM1-LJ01B-09-PRESTB102,2,True,2026-01-31T00:00:00Z,2026-01-31T23:59:59Z,86400,86400,0,1.0,0.999437809,0.999999608,0.003810567,0,0,0,0,-0.0,5.564108,33.282402,-5.519206e-11,0.00556411,0.03328242,False,0.030037,False
2026-02-01,RS01SUM1-LJ01B-09-PRESTB102,2,True,2026-02-01T00:00:00Z,2026-02-01T23:59:59Z,86400,86400,0,1.0,0.99943924,0.999999639,0.006218089,0,0,0,0,-0.0,4.805305,26.870042,-8.647133e-12,0.004805306,0.02687005,False,0.025488,False
2026-02-02,RS01SUM1-LJ01B-09-PRESTB102,2,True,2026-02-02T00:00:00Z,2026-02-02T23:59:59Z,86400,86400,0,1.0,0.99959898,0.999999637,0.001234873,0,0,0,0,-0.0,4.495647,26.94977,-7.666877e-11,0.004495649,0.02694978,False,0.026265,False
2026-02-03,RS01SUM1-LJ01B-09-PRESTB102,2,True,2026-02-03T00:00:00Z,2026-02-03T23:59:59Z,86400,86400,0,1.0,0.999437332,0.999999712,-0.004977133,0,0,0,0,-0.0,4.886874,31.036775,-4.363201e-11,0.004886876,0.03103678,False,0.031159,False
2026-02-04,RS01SUM1-LJ01B-09-PRESTB102,2,True,2026-02-04T00:00:00Z,2026-02-04T23:59:59Z,86400,86400,0,1.0,0.999425888,0.999999577,0.007211152,0,0,0,0,-0.0,5.122094,111.407462,-6.087547e-11,0.005122096,0.1114075,False,0.113749,False
2026-02-05,RS01SUM1-LJ01B-09-PRESTB102,2,True,2026-02-05T00:00:00Z,2026-02-05T23:59:59Z,86400,86400,0,1.0,0.999439716,0.999999587,0.001471228,0,0,0,0,-0.0,4.825042,30.924306,-5.538326e-11,0.004825044,0.03092432,False,0.028803,False
2026-02-06,RS01SUM1-LJ01B-09-PRESTB102,2,True,2026-02-06T00:00:00Z,2026-02-06T23:59:59Z,86400,86400,0,1.0,0.999448299,0.999999622,0.003023427,0,0,0,0,-0.0,8.724073,92.710519,-6.597373e-11,0.008724077,0.09271055,False,0.081627,False
2026-02-07,RS01SUM1-LJ01B-09-PRESTB102,2,True,2026-02-07T00:00:00Z,2026-02-07T23:59:59Z,86400,86400,0,1.0,0.99942112,0.999999662,0.089760164,0,0,0,0,-0.0,5.509228,95.111504,-4.882289e-11,0.00550923,0.09511154,False,0.090144,False
2026-02-08,RS01SUM1-LJ01B-09-PRESTB102,2,True,2026-02-08T00:00:00Z,2026-02-08T23:59:59Z,86400,86400,0,1.0,0.999424934,0.999999616,-0.001485166,0,0,0,0,-0.0,4.386029,25.136517,-1.582139e-12,0.004386031,0.02513653,False,0.026012,False
2026-02-09,RS01SUM1-LJ01B-09-PRESTB102,2,True,2026-02-09T00:00:00Z,2026-02-09T23:59:59Z,86400,86400,0,1.0,0.999574661,0.999999663,-0.003207705,0,0,0,0,-0.0,4.197836,23.075778,-4.967153e-11,0.004197837,0.02307579,False,0.025198,False
2026-02-10,RS01SUM1-LJ01B-09-PRESTB102,2,True,2026-02-10T00:00:00Z,2026-02-10T23:59:59Z,86400,86400,0,1.0,0.999438763,0.999999653,-0.000811356,0,0,0,0,-0.0,6.337311,29.079851,-6.914613e-11,0.006337313,0.02907986,False,0.026877,False
2026-02-11,RS01SUM1-LJ01B-09-PRESTB102,2,True,2026-02-11T00:00:00Z,2026-02-11T23:59:59Z,86400,86400,0,1.0,0.999433994,0.999999757,-0.004090491,0,0,0,0,-0.0,10.281357,90.836965,-2.551974e-11,0.01028136,0.09083699,False,0.092698,False
2026-02-12,RS01SUM1-LJ01B-09-PRESTB102,2,True,2026-02-12T00:00:00Z,2026-02-12T23:59:59Z,86400,86400,0,1.0,0.999422073,0.999999661,-0.00201007,0,0,0,0,-0.0,5.579643,28.209422,-1.203627e-11,0.005579645,0.02820943,False,0.027788,False
2026-02-13,RS01SUM1-LJ01B-09-PRESTB102,2,True,2026-02-13T00:00:00Z,2026-02-13T23:59:59Z,86400,86400,0,1.0,0.999433041,0.999999577,0.005710382,0,0,0,0,-0.0,4.480949,25.772156,-3.952597e-11,0.004480951,0.02577217,False,0.02529,False
2026-02-14,RS01SUM1-LJ01B-09-PRESTB102,2,True,2026-02-14T00:00:00Z,2026-02-14T23:59:59Z,86400,86400,0,1.0,0.999437809,0.999999605,0.00914604,0,0,0,0,-0.0,3.880627,24.458931,-5.44002e-11,0.003880629,0.02445894,False,0.026946,False
2026-02-15,RS01SUM1-LJ01B-09-PRESTB102,2,True,2026-02-15T00:00:00Z,2026-02-15T23:59:59Z,86400,86400,0,1.0,0.99943924,0.999999671,0.009074403,0,0,0,0,0.0,3.919054,22.6759,2.96475e-11,0.003919055,0.02267591,False,0.022737,False
2026-02-16,RS01SUM1-LJ01B-09-PRESTB102,2,True,2026-02-16T00:00:00Z,2026-02-16T23:59:59Z,86400,86400,0,1.0,0.99958992,0.999999687,0.006310182,0,0,0,0,0.0,8.514423,89.696207,2.109439e-11,0.008514426,0.08969624,False,0.086145,False
2026-02-17,RS01SUM1-LJ01B-09-PRESTB102,2,True,2026-02-17T00:00:00Z,2026-02-17T23:59:59Z,86400,86400,0,1.0,0.999431133,0.999999713,-0.006066574,0,0,0,0,-0.0,4.557988,25.587572,-2.607574e-11,0.004557989,0.02558758,False,0.026686,False
2026-02-18,RS01SUM1-LJ01B-09-PRESTB102,2,True,2026-02-18T00:00:00Z,2026-02-18T23:59:59Z,86400,86400,0,1.0,0.99943924,0.999999664,-0.004420516,0,0,0,0,0.0,5.310192,32.29641,4.737849e-12,0.005310193,0.03229642,False,0.025417,False
2026-02-19,RS01SUM1-LJ01B-09-PRESTB102,2,True,2026-02-19T00:00:00Z,2026-02-19T23:59:59Z,86400,86400,0,1.0,0.999437809,0.999999583,-0.001383177,0,0,0,0,0.0,5.581445,31.708425,1.987811e-11,0.005581447,0.03170844,False,0.028871,False
2026-02-20,RS01SUM1-LJ01B-09-PRESTB102,2,True,2026-02-20T00:00:00Z,2026-02-20T23:59:59Z,86400,86400,0,1.0,0.999433041,0.999999671,-0.003088564,0,0,0,0,-0.0,4.850472,26.662794,-1.184971e-10,0.004850474,0.0266628,False,0.022223,False
2026-02-21,RS01SUM1-LJ01B-09-PRESTB102,2,True,2026-02-21T00:00:00Z,2026-02-21T23:59:59Z,86400,86400,0,1.0,0.999425888,0.999999682,0.004512221,0,0,0,0,-0.0,5.16678,32.270776,-5.210541e-11,0.005166782,0.03227079,False,0.035702,False
2026-02-22,RS01SUM1-LJ01B-09-PRESTB102,2,True,2026-02-22T00:00:00Z,2026-02-22T23:59:59Z,86400,86400,0,1.0,0.999431133,0.999999687,-0.005012599,0,0,0,0,-0.0,4.458858,25.065758,-4.55761e-11,0.00445886,0.02506577,False,0.024638,False
2026-02-23,RS01SUM1-LJ01B-09-PRESTB102,2,True,2026-02-23T00:00:00Z,2026-02-23T23:59:59Z,86400,86400,0,1.0,0.999595165,0.999999661,-0.002969445,0,0,0,0,-0.0,4.768775,25.074032,-6.479785e-11,0.004768777,0.02507404,False,0.02557,False
2026-02-24,RS01SUM1-LJ01B-09-PRESTB102,2,True,2026-02-24T00:00:00Z,2026-02-24T23:59:59Z,86400,86400,0,1.0,0.999434948,0.999999585,0.003323911,0,0,0,0,-0.0,5.893233,33.410478,-1.278176e-10,0.005893235,0.03341049,False,0.035023,False
2026-02-25,RS01SUM1-LJ01B-09-PRESTB102,2,True,2026-02-25T00:00:00Z,2026-02-25T23:59:59Z,86400,86400,0,1.0,0.999433994,0.999999656,-7.4798e-05,0,0,0,0,0.0,5.063758,26.612572,3.29781e-11,0.00506376,0.02661258,False,0.034017,False
2026-02-26,RS01SUM1-LJ01B-09-PRESTB102,2,True,2026-02-26T00:00:00Z,2026-02-26T23:59:59Z,86401,86401,0,1.0,0.999444962,0.999999628,-0.003424352,0,0,18,18,-0.0,5.136242,31.944345,-6.383028e-12,0.005136244,0.03194436,False,0.029741,False
2026-02-27,RS01SUM1-LJ01B-09-PRESTB102,2,True,2026-02-27T00:00:00Z,2026-02-27T23:59:59Z,85799,86400,601,1.0,0.999433041,0.999999578,0.008082886,1,601,1,601,0.0,5.462026,28.582029,3.161246e-11,0.005462028,0.02858204,False,0.337496,True
2026-02-28,RS01SUM1-LJ01B-09-PRESTB102,2,True,2026-02-28T00:00:00Z,2026-02-28T23:59:59Z,86400,86400,0,1.0,0.999452114,0.999999634,0.007230826,0,0,0,0,0.0,5.071806,29.181837,1.073208e-11,0.005071808,0.02918185,False,0.026939,False
2026-03-01,RS01SUM1-LJ01B-09-PRESTB102,2,True,2026-03-01T00:00:00Z,2026-03-01T23:59:59Z,86400,86400,0,1.0,0.999440193,0.999999603,0.010923762,0,0,0,0,-0.0,5.437989,31.803276,-1.171498e-10,0.005437991,0.03180329,False,0.029694,False
2026-03-02,RS01SUM1-LJ01B-09-PRESTB102,2,True,2026-03-02T00:00:00Z,2026-03-02T23:59:59Z,86400,86400,0,1.0,0.999597073,0.999999666,-0.000425678,0,0,0,0,-0.0,5.3404,31.522007,-6.288321e-11,0.005340402,0.03152202,False,0.030103,False
2026-03-03,RS01SUM1-LJ01B-09-PRESTB102,2,True,2026-03-03T00:00:00Z,2026-03-03T23:59:59Z,86400,86400,0,1.0,0.999432087,0.999999663,-0.001299633,0,0,0,0,-0.0,4.636737,32.734075,-3.411982e-11,0.004636739,0.03273409,False,0.028489,False
2026-03-04,RS01SUM1-LJ01B-09-PRESTB102,2,True,2026-03-04T00:00:00Z,2026-03-04T23:59:59Z,86400,86400,0,1.0,0.999431133,0.999999636,-0.002225438,0,0,0,0,-0.0,5.794697,41.664955,-1.609545e-11,0.005794699,0.04166497,False,0.04117,False
2026-03-05,RS01SUM1-LJ01B-09-PRESTB102,2,True,2026-03-05T00:00:00Z,2026-03-05T23:59:59Z,86400,86400,0,1.0,0.999434948,0.99999959,0.006647205,0,0,0,0,0.0,5.598873,32.715706,3.888558e-12,0.005598876,0.03271572,False,0.030121,False
2026-03-06,RS01SUM1-LJ01B-09-PRESTB102,2,True,2026-03-06T00:00:00Z,2026-03-06T23:59:59Z,86400,86400,0,1.0,0.999436855,0.999999616,-0.002750919,0,0,0,0,0.0,4.377133,31.413888,6.396554e-11,0.004377135,0.0314139,False,0.029579,False
2026-03-07,RS01SUM1-LJ01B-09-PRESTB102,2,True,2026-03-07T00:00:00Z,2026-03-07T23:59:59Z,86400,86400,0,1.0,0.99943018,0.99999958,-0.001759728,0,0,0,0,-0.0,3.929856,25.455351,-2.501188e-11,0.003929858,0.02545536,False,0.026018,False
2026-03-08,RS01SUM1-LJ01B-09-PRESTB102,2,True,2026-03-08T00:00:00Z,2026-03-08T23:59:59Z,86400,86400,0,1.0,0.999428749,0.999999628,0.008374841,0,0,0,0,-0.0,4.97317,28.19631,-1.740546e-11,0.004973171,0.02819632,False,0.026606,False
2026-03-09,RS01SUM1-LJ01B-09-PRESTB102,2,True,2026-03-09T00:00:00Z,2026-03-09T23:59:59Z,86400,86400,0,1.0,0.999591351,0.999999626,0.009220103,0,0,0,0,-0.0,4.459744,25.818438,-3.140055e-11,0.004459745,0.02581845,False,0.021606,False
2026-03-10,RS01SUM1-LJ01B-09-PRESTB102,2,True,2026-03-10T00:00:00Z,2026-03-10T23:59:59Z,86400,86400,0,1.0,0.999425888,0.999999644,0.008865358,0,0,0,0,-0.0,6.06165,34.649064,-5.298697e-11,0.006061652,0.03464908,False,0.028998,False
2026-03-11,RS01SUM1-LJ01B-09-PRESTB102,2,True,2026-03-11T00:00:00Z,2026-03-11T23:59:59Z,86400,86400,0,1.0,0.999423027,0.999999713,0.003114531,0,0,0,0,-0.0,4.021808,23.439993,-6.428899e-11,0.004021809,0.02344,False,0.023431,False
2026-03-12,RS01SUM1-LJ01B-09-PRESTB102,2,True,2026-03-12T00:00:00Z,2026-03-12T23:59:59Z,86400,86400,0,1.0,0.99942112,0.999999696,-0.000455989,0,0,0,0,-0.0,3.768488,23.226006,-3.049675e-11,0.003768489,0.02322601,False,0.02694,False
2026-03-13,RS01SUM1-LJ01B-09-PRESTB102,2,True,2026-03-13T00:00:00Z,2026-03-13T23:59:59Z,86400,86400,0,1.0,0.999432087,0.999999688,0.000946288,0,0,0,0,-0.0,4.808758,31.592643,-6.723328e-11,0.004808759,0.03159265,False,0.029793,False
2026-03-14,RS01SUM1-LJ01B-09-PRESTB102,2,True,2026-03-14T00:00:00Z,2026-03-14T23:59:59Z,86400,86400,0,1.0,0.99942112,0.999999661,-0.002703911,0,0,0,0,0.0,5.623626,32.050996,3.11182e-11,0.005623628,0.03205101,False,0.035002,False
2026-03-15,RS01SUM1-LJ01B-09-PRESTB102,2,True,2026-03-15T00:00:00Z,2026-03-15T23:59:59Z,86400,86400,0,1.0,0.999427795,0.999999627,-0.004940571,0,0,0,0,-0.0,6.286148,39.899786,-1.219952e-11,0.00628615,0.0398998,False,0.029841,False
2026-03-16,RS01SUM1-LJ01B-09-PRESTB102,2,True,2026-03-16T00:00:00Z,2026-03-16T23:59:59Z,86400,86400,0,1.0,0.99959898,0.999999641,-0.003806029,0,0,0,0,0.0,5.505418,31.712831,2.50288e-12,0.00550542,0.03171284,False,0.033473,False
2026-03-17,RS01SUM1-LJ01B-09-PRESTB102,2,True,2026-03-17T00:00:00Z,2026-03-17T23:59:59Z,85904,86400,496,1.0,0.999432087,0.999999611,-0.00294782,1,496,1,496,0.0,4.989788,40.604913,8.513321e-11,0.00498979,0.04060493,False,0.276463,True
2026-03-18,RS01SUM1-LJ01B-09-PRESTB102,2,True,2026-03-18T00:00:00Z,2026-03-18T23:59:59Z,86400,86400,0,1.0,0.999435902,0.999999584,-0.002719564,0,0,0,0,-0.0,4.438307,31.214604,-5.328945e-11,0.004438309,0.03121462,False,0.027803,False
2026-03-19,RS01SUM1-LJ01B-09-PRESTB102,2,True,2026-03-19T00:00:00Z,2026-03-19T23:59:59Z,86400,86400,0,1.0,0.999435902,0.999999631,-0.002426143,0,0,0,0,0.0,4.954996,33.346497,2.147716e-11,0.004954998,0.03334651,False,0.030111,False
2026-03-20,RS01SUM1-LJ01B-09-PRESTB102,2,True,2026-03-20T00:00:00Z,2026-03-20T23:59:59Z,86400,86400,0,1.0,0.999440193,0.999999647,-0.004001144,0,0,0,0,-0.0,7.13316,37.879255,-3.039678e-11,0.007133162,0.03787927,False,0.036191,False
2026-03-21,RS01SUM1-LJ01B-09-PRESTB102,2,True,2026-03-21T00:00:00Z,2026-03-21T23:59:59Z,86400,86400,0,1.0,0.999438763,0.999999599,0.003105229,0,0,0,0,-0.0,5.478398,28.475142,-7.102803e-11,0.005478401,0.02847515,False,0.027295,False
2026-03-22,RS01SUM1-LJ01B-09-PRESTB102,2,True,2026-03-22T00:00:00Z,2026-03-22T23:59:59Z,86400,86400,0,1.0,0.999438286,0.999999646,-0.001805797,0,0,0,0,-0.0,5.833317,29.455319,-5.507753e-11,0.005833319,0.02945533,False,0.031264,False
2026-03-23,RS01SUM1-LJ01B-09-PRESTB102,2,True,2026-03-23T00:00:00Z,2026-03-23T23:59:59Z,86400,86400,0,1.0,0.999587059,0.999999604,-0.002550724,0,0,0,0,-0.0,3.940806,23.23523,-4.248004e-11,0.003940807,0.02323524,False,0.024931,False
2026-03-24,RS01SUM1-LJ01B-09-PRESTB102,2,True,2026-03-24T00:00:00Z,2026-03-24T23:59:59Z,86400,86400,0,1.0,0.999437809,0.99999968,0.006126638,0,0,0,0,-0.0,8.915044,89.064164,-1.72803e-11,0.008915047,0.08906419,False,0.092735,False
2026-03-25,RS01SUM1-LJ01B-09-PRESTB102,2,True,2026-03-25T00:00:00Z,2026-03-25T23:59:59Z,86400,86400,0,1.0,0.999423981,0.999999683,-0.000564594,0,0,0,0,-0.0,4.977954,33.926719,-2.954283e-11,0.004977956,0.03392673,False,0.027788,False
2026-03-26,RS01SUM1-LJ01B-09-PRESTB102,2,True,2026-03-26T00:00:00Z,2026-03-26T23:59:59Z,86400,86400,0,1.0,0.999428272,0.999999575,0.000812305,0,0,0,0,0.0,3.879371,22.244372,2.364594e-12,0.003879372,0.02224438,False,0.02134,False
2026-03-27,RS01SUM1-LJ01B-09-PRESTB102,2,True,2026-03-27T00:00:00Z,2026-03-27T23:59:59Z,86400,86400,0,1.0,0.999426842,0.999999571,0.002471716,0,0,1,1,0.0,9.033481,92.814243,5.561767e-11,0.009033485,0.09281428,False,0.092564,False
2026-03-28,RS01SUM1-LJ01B-09-PRESTB102,2,True,2026-03-28T00:00:00Z,2026-03-28T23:59:59Z,86400,86400,0,1.0,0.999435902,0.999999593,0.00283296,0,0,0,0,-0.0,6.405401,37.653564,-7.37835e-11,0.006405404,0.03765358,False,0.029967,False
2026-03-29,RS01SUM1-LJ01B-09-PRESTB102,2,True,2026-03-29T00:00:00Z,2026-03-29T23:59:59Z,86400,86400,0,1.0,0.999437809,0.999999661,-0.002965667,0,0,0,0,-0.0,4.33918,29.997925,-3.162473e-11,0.004339181,0.02999794,False,0.040013,False
2026-03-30,RS01SUM1-LJ01B-09-PRESTB102,2,True,2026-03-30T00:00:00Z,2026-03-30T23:59:59Z,86401,86401,0,1.0,0.999590635,0.999999711,-0.005707557,0,0,25,25,-0.0,5.036102,26.849113,-1.6175e-11,0.005036104,0.02684912,False,0.026285,False
2026-03-31,RS01SUM1-LJ01B-09-PRESTB102,2,True,2026-03-31T00:00:00Z,2026-03-31T23:59:59Z,86400,86400,0,1.0,0.999443531,0.999999627,0.009170442,0,0,1,1,0.0,8.346823,87.508907,3.173418e-11,0.008346826,0.08750894,False,0.088268,False
2026-04-01,RS01SUM1-LJ01B-09-PRESTB102,2,True,2026-04-01T00:00:00Z,2026-04-01T23:59:59Z,86400,86400,0,1.0,0.999444008,0.999999601,0.00610657,0,0,0,0,-0.0,5.20286,33.323731,-4.814037e-11,0.005202862,0.03332374,False,0.028928,False
2026-04-02,RS01SUM1-LJ01B-09-PRESTB102,2,True,2026-04-02T00:00:00Z,2026-04-02T23:59:59Z,86400,86400,0,1.0,0.999438763,0.999999624,-0.00154145,0,0,0,0,-0.0,4.835158,29.638604,-2.505905e-11,0.00483516,0.02963861,False,0.029018,False
2026-04-03,RS01SUM1-LJ01B-09-PRESTB102,2,True,2026-04-03T00:00:00Z,2026-04-03T23:59:59Z,86400,86400,0,1.0,0.999447346,0.999999615,9.418e-06,0,0,0,0,-0.0,3.764097,22.886333,-1.265365e-11,0.003764099,0.02288634,False,0.026089,False
2026-04-04,RS01SUM1-LJ01B-09-PRESTB102,2,True,2026-04-04T00:00:00Z,2026-04-04T23:59:59Z,86400,86400,0,1.0,0.999426365,0.999999624,0.000109294,0,0,0,0,-0.0,5.733362,31.017752,-5.897724e-11,0.005733364,0.03101776,False,0.028699,False
2026-04-05,RS01SUM1-LJ01B-09-PRESTB102,2,True,2026-04-05T00:00:00Z,2026-04-05T23:59:59Z,86400,86400,0,1.0,0.999432087,0.99999965,-0.007697669,0,0,0,0,-0.0,4.916843,31.318984,-6.05124e-14,0.004916845,0.03131899,False,0.02941,False
2026-04-06,RS01SUM1-LJ01B-09-PRESTB102,2,True,2026-04-06T00:00:00Z,2026-04-06T23:59:59Z,86400,86400,0,1.0,0.999594212,0.99999961,0.001153759,0,0,0,0,-0.0,6.129864,28.215924,-3.968226e-12,0.006129866,0.02821593,False,0.030436,False
2026-04-07,RS01SUM1-LJ01B-09-PRESTB102,2,True,2026-04-07T00:00:00Z,2026-04-07T23:59:59Z,86400,86400,0,1.0,0.999425888,0.99999966,-0.007302463,0,0,0,0,-0.0,6.648142,51.14814,-7.112008e-11,0.006648144,0.05114816,False,0.047385,False
2026-04-08,RS01SUM1-LJ01B-09-PRESTB102,2,True,2026-04-08T00:00:00Z,2026-04-08T23:59:59Z,86400,86400,0,1.0,0.999439716,0.999999576,-0.00436335,0,0,0,0,-0.0,5.079349,33.53874,-3.21842e-11,0.005079351,0.03353875,False,0.028337,False
2026-04-09,RS01SUM1-LJ01B-09-PRESTB102,2,True,2026-04-09T00:00:00Z,2026-04-09T23:59:59Z,86400,86400,0,1.0,0.999422073,0.999999605,-0.000348121,0,0,0,0,0.0,6.278664,33.765624,2.642216e-12,0.006278666,0.03376564,False,0.030276,False
2026-04-10,RS01SUM1-LJ01B-09-PRESTB102,2,True,2026-04-10T00:00:00Z,2026-04-10T23:59:59Z,86400,86400,0,1.0,0.999434948,0.999999563,-0.003650341,0,0,0,0,0.0,11.428904,91.250421,1.610991e-11,0.01142891,0.09125046,False,0.082633,False
2026-04-11,RS01SUM1-LJ01B-09-PRESTB102,2,True,2026-04-11T00:00:00Z,2026-04-11T23:59:59Z,86400,86400,0,1.0,0.999428749,0.999999693,0.004942825,0,0,0,0,0.0,4.710372,32.909511,3.815739e-11,0.004710373,0.03290952,False,0.02997,False
2026-04-12,RS01SUM1-LJ01B-09-PRESTB102,2,True,2026-04-12T00:00:00Z,2026-04-12T23:59:59Z,86400,86400,0,1.0,0.999416828,0.999999593,0.005560508,0,0,0,0,-0.0,5.1001,30.580097,-7.896193e-11,0.005100102,0.03058011,False,0.035726,False
2026-04-13,RS01SUM1-LJ01B-09-PRESTB102,2,True,2026-04-13T00:00:00Z,2026-04-13T23:59:59Z,86400,86400,0,1.0,0.999592304,0.999999604,5.8129e-05,0,0,0,0,-0.0,4.427839,31.117704,-5.394452e-11,0.00442784,0.03111772,False,0.026276,False
2026-04-14,RS01SUM1-LJ01B-09-PRESTB102,2,True,2026-04-14T00:00:00Z,2026-04-14T23:59:59Z,86400,86400,0,1.0,0.999425888,0.999999634,0.005284129,0,0,0,0,-0.0,4.879384,32.030392,-4.918364e-11,0.004879386,0.0320304,False,0.030345,False
2026-04-15,RS01SUM1-LJ01B-09-PRESTB102,2,True,2026-04-15T00:00:00Z,2026-04-15T23:59:59Z,86400,86400,0,1.0,0.999431133,0.999999646,-0.008021072,0,0,0,0,-0.0,4.680907,30.487348,-4.605885e-11,0.004680909,0.03048736,False,0.027226,False
2026-04-16,RS01SUM1-LJ01B-09-PRESTB102,2,True,2026-04-16T00:00:00Z,2026-04-16T23:59:59Z,86400,86400,0,1.0,0.99944067,0.999999555,-0.001210022,0,0,0,0,-0.0,4.122913,23.349507,-4.789438e-11,0.004122915,0.02334952,False,0.026733,False
2026-04-17,RS01SUM1-LJ01B-09-PRESTB102,2,True,2026-04-17T00:00:00Z,2026-04-17T23:59:59Z,86400,86400,0,1.0,0.999444008,0.999999587,0.003233459,0,0,0,0,-0.0,4.194548,22.619652,-4.694625e-11,0.00419455,0.02261966,False,0.021409,False
2026-04-18,RS01SUM1-LJ01B-09-PRESTB102,2,True,2026-04-18T00:00:00Z,2026-04-18T23:59:59Z,86400,86400,0,1.0,0.999445915,0.999999659,-0.001863831,0,0,0,0,-0.0,4.103452,26.184188,-7.765804e-11,0.004103454,0.0261842,False,0.026131,False
2026-04-19,RS01SUM1-LJ01B-09-PRESTB102,2,True,2026-04-19T00:00:00Z,2026-04-19T23:59:59Z,86400,86400,0,1.0,0.999438763,0.999999587,-0.000471616,0,0,0,0,-0.0,10.227488,88.2253,-9.202872e-11,0.01022749,0.08822534,False,0.089568,False
2026-04-20,RS01SUM1-LJ01B-09-PRESTB102,2,True,2026-04-20T00:00:00Z,2026-04-20T23:59:59Z,86400,86400,0,1.0,0.99959898,0.999999636,0.005255325,0,0,0,0,-0.0,4.444749,34.597024,-2.333854e-12,0.004444751,0.03459704,False,0.03903,False
2026-04-21,RS01SUM1-LJ01B-09-PRESTB102,2,True,2026-04-21T00:00:00Z,2026-04-21T23:59:59Z,84962,86400,1438,1.0,0.99953413,0.999999594,0.002874768,1374,1438,1374,1438,-0.0,3.936932,24.894591,-4.225264e-11,0.003936934,0.0248946,False,0.026485,True
2026-04-22,RS01SUM1-LJ01B-09-PRESTB102,2,True,2026-04-22T00:00:00Z,2026-04-22T23:59:59Z,85794,86400,606,1.0,0.999444008,0.999999583,-0.003833836,1,606,1,606,0.0,4.434756,23.131524,3.557978e-11,0.004434757,0.02313153,False,0.320976,True
2026-04-23,RS01SUM1-LJ01B-09-PRESTB102,2,True,2026-04-23T00:00:00Z,2026-04-23T23:59:59Z,86400,86400,0,1.0,0.999435902,0.999999669,-0.001956992,0,0,0,0,-0.0,9.315519,89.789149,-1.595208e-11,0.009315522,0.08978918,False,0.090625,False
2026-04-24,RS01SUM1-LJ01B-09-PRESTB102,2,True,2026-04-24T00:00:00Z,2026-04-24T23:59:59Z,86400,86400,0,1.0,0.999438286,0.999999636,0.004935416,0,0,0,0,0.0,4.506354,25.273589,2.546241e-11,0.004506355,0.0252736,False,0.026664,False
2026-04-25,RS01SUM1-LJ01B-09-PRESTB102,2,True,2026-04-25T00:00:00Z,2026-04-25T23:59:59Z,86400,86400,0,1.0,0.999433994,0.999999657,-0.000411027,0,0,0,0,-0.0,4.942556,28.483969,-5.689798e-11,0.004942557,0.02848398,False,0.023465,False
2026-04-26,RS01SUM1-LJ01B-09-PRESTB102,2,True,2026-04-26T00:00:00Z,2026-04-26T23:59:59Z,86400,86400,0,1.0,0.999423027,0.999999727,-0.009974919,0,0,0,0,-0.0,5.387183,31.524937,-2.409181e-11,0.005387185,0.03152495,False,0.034205,False
2026-04-27,RS01SUM1-LJ01B-09-PRESTB102,2,True,2026-04-27T00:00:00Z,2026-04-27T23:59:59Z,86400,86400,0,1.0,0.999593258,0.999999691,-0.000278059,0,0,0,0,0.0,5.629181,33.123716,2.364996e-11,0.005629182,0.03312373,False,0.030478,False
2026-04-28,RS01SUM1-LJ01B-09-PRESTB102,2,True,2026-04-28T00:00:00Z,2026-04-28T23:59:59Z,86400,86400,0,1.0,0.999437809,0.999999675,0.000930912,0,0,0,0,-0.0,5.269255,34.083029,-4.851736e-11,0.005269257,0.03408304,False,0.030053,False
2026-04-29,RS01SUM1-LJ01B-09-PRESTB102,2,True,2026-04-29T00:00:00Z,2026-04-29T23:59:59Z,86400,86400,0,1.0,0.999442101,0.999999631,0.002036351,0,0,0,0,-0.0,5.664927,32.392431,-9.499299e-11,0.005664929,0.03239244,False,0.029153,False
2026-04-30,RS01SUM1-LJ01B-09-PRESTB102,2,True,2026-04-30T00:00:00Z,2026-04-30T23:59:59Z,86400,86400,0,1.0,0.999449253,0.999999594,5.1468e-05,0,0,0,0,-0.0,4.104716,24.546494,-1.071654e-10,0.004104717,0.0245465,False,0.026656,False
2026-05-01,RS01SUM1-LJ01B-09-PRESTB102,2,True,2026-05-01T00:00:00Z,2026-05-01T23:59:59Z,86400,86400,0,1.0,0.999435902,0.999999634,0.003874417,0,0,3,3,-0.0,5.019283,26.473998,-1.372306e-10,0.005019285,0.02647401,False,0.025332,False
