date,station,deployment,has_data,data_start,data_end,n_points,n_ideal,true_missing,sp_nominal,dt_FG,dt_true,t_i0_offset_s,n_gaps,gap_total_missing,n_gaps_raw,gap_total_missing_raw,jitter_mean_ms,jitter_std_ms,jitter_maxabs_ms,frac_mean,frac_std,frac_maxabs,jitter_unstable,max_abs_epsilon,figure_generated
2014-09-01,RS01SLBS-MJ01A-06-PRESTA101,0,False,,,0,0,,,,,,,,,,,,,,,,,,False
2014-09-02,RS01SLBS-MJ01A-06-PRESTA101,0,False,,,0,0,,,,,,,,,,,,,,,,,,False
2014-09-03,RS01SLBS-MJ01A-06-PRESTA101,0,False,,,0,0,,,,,,,,,,,,,,,,,,False
2014-09-04,RS01SLBS-MJ01A-06-PRESTA101,0,False,,,0,0,,,,,,,,,,,,,,,,,,False
2014-09-05,RS01SLBS-MJ01A-06-PRESTA101,0,False,,,0,0,,,,,,,,,,,,,,,,,,False
2014-09-06,RS01SLBS-MJ01A-06-PRESTA101,0,False,,,0,0,,,,,,,,,,,,,,,,,,False
2014-09-07,RS01SLBS-MJ01A-06-PRESTA101,0,False,,,0,0,,,,,,,,,,,,,,,,,,False
2014-09-08,RS01SLBS-MJ01A-06-PRESTA101,0,False,,,0,0,,,,,,,,,,,,,,,,,,False
2014-09-09,RS01SLBS-MJ01A-06-PRESTA101,0,False,,,0,0,,,,,,,,,,,,,,,,,,False
2014-09-10,RS01SLBS-MJ01A-06-PRESTA101,0,False,,,0,0,,,,,,,,,,,,,,,,,,False
2014-09-11,RS01SLBS-MJ01A-06-PRESTA101,0,False,,,0,0,,,,,,,,,,,,,,,,,,False
2014-09-12,RS01SLBS-MJ01A-06-PRESTA101,0,False,,,0,0,,,,,,,,,,,,,,,,,,False
2014-09-13,RS01SLBS-MJ01A-06-PRESTA101,0,False,,,0,0,,,,,,,,,,,,,,,,,,False
2014-09-14,RS01SLBS-MJ01A-06-PRESTA101,1,True,2014-09-14T00:00:03Z,2014-09-14T23:59:48Z,5760,5760,0,14.999925,15.0,15.0,-0.0,0,0,0,0,0.0,0.0,0.0,2.805148e-12,1.486283e-12,5.820766e-12,False,0.0,False
2014-09-15,RS01SLBS-MJ01A-06-PRESTA101,1,True,2014-09-15T00:00:03Z,2014-09-15T23:59:48Z,5760,5760,0,14.999925,15.0,15.0,-0.0,0,0,0,0,0.0,0.0,0.0,2.805148e-12,1.486283e-12,5.820766e-12,False,0.0,False
2014-09-16,RS01SLBS-MJ01A-06-PRESTA101,1,True,2014-09-16T00:00:03Z,2014-09-16T23:59:48Z,5760,5760,0,14.999925,15.0,15.0,-0.0,0,0,0,0,0.0,0.0,0.0,2.805148e-12,1.486283e-12,5.820766e-12,False,0.0,False
2014-09-17,RS01SLBS-MJ01A-06-PRESTA101,1,True,2014-09-17T00:00:03Z,2014-09-17T23:59:48Z,5760,5760,0,14.999925,15.0,15.0,-0.0,0,0,0,0,0.0,0.0,0.0,2.805148e-12,1.486283e-12,5.820766e-12,False,0.0,False
2014-09-18,RS01SLBS-MJ01A-06-PRESTA101,1,True,2014-09-18T00:00:03Z,2014-09-18T23:59:50Z,5755,5760,5,14.999925,15.0,15.000155014,-0.284439821,1,5,1,5,0.0,480.323356,1463.63972,3.6071e-13,0.03202123,0.09757497,False,0.133333,True
2014-09-19,RS01SLBS-MJ01A-06-PRESTA101,1,True,2014-09-19T00:00:05Z,2014-09-19T23:59:50Z,5760,5760,0,14.999925,15.0,15.0,-0.0,0,0,0,0,0.0,0.0,0.0,2.805148e-12,1.486283e-12,5.820766e-12,False,0.0,False
2014-09-20,RS01SLBS-MJ01A-06-PRESTA101,1,True,2014-09-20T00:00:05Z,2014-09-20T23:59:50Z,5760,5760,0,14.999925,15.0,15.0,-0.0,0,0,0,0,0.0,0.0,0.0,2.805148e-12,1.486283e-12,5.820766e-12,False,0.0,False
2014-09-21,RS01SLBS-MJ01A-06-PRESTA101,1,True,2014-09-21T00:00:05Z,2014-09-21T23:59:50Z,5760,5760,0,14.999925,15.0,15.0,-0.0,0,0,0,0,0.0,0.0,0.0,2.805148e-12,1.486283e-12,5.820766e-12,False,0.0,False
2014-09-22,RS01SLBS-MJ01A-06-PRESTA101,1,True,2014-09-22T00:00:05Z,2014-09-22T23:59:50Z,5760,5760,0,14.999925,15.0,15.0,-0.0,0,0,0,0,0.0,0.0,0.0,2.805148e-12,1.486283e-12,5.820766e-12,False,0.0,False
2014-09-23,RS01SLBS-MJ01A-06-PRESTA101,1,True,2014-09-23T00:00:05Z,2014-09-23T23:59:50Z,5760,5760,0,14.999925,15.0,15.0,-0.0,0,0,0,0,0.0,0.0,0.0,2.805148e-12,1.486283e-12,5.820766e-12,False,0.0,False
2014-09-24,RS01SLBS-MJ01A-06-PRESTA101,1,True,2014-09-24T00:00:05Z,2014-09-24T23:59:50Z,5760,5760,0,14.999925,15.0,15.0,-0.0,0,0,0,0,0.0,0.0,0.0,2.805148e-12,1.486283e-12,5.820766e-12,False,0.0,False
2014-09-25,RS01SLBS-MJ01A-06-PRESTA101,1,True,2014-09-25T00:00:05Z,2014-09-25T23:59:50Z,5760,5760,0,14.999925,15.0,15.0,-0.0,0,0,0,0,0.0,0.0,0.0,2.805148e-12,1.486283e-12,5.820766e-12,False,0.0,False
2014-09-26,RS01SLBS-MJ01A-06-PRESTA101,1,True,2014-09-26T00:00:05Z,2014-09-26T23:59:50Z,5760,5760,0,14.999925,15.0,15.0,-0.0,0,0,0,0,0.0,0.0,0.0,2.805148e-12,1.486283e-12,5.820766e-12,False,0.0,False
2014-09-27,RS01SLBS-MJ01A-06-PRESTA101,1,True,2014-09-27T00:00:05Z,2014-09-27T23:59:50Z,5550,5760,210,14.999925,15.0,15.0,-0.0,1,210,1,210,0.0,0.0,0.0,1.158506e-12,4.64344e-13,1.940255e-12,False,0.0,True
2014-09-28,RS01SLBS-MJ01A-06-PRESTA101,1,True,2014-09-28T00:00:05Z,2014-09-28T23:59:50Z,5760,5760,0,14.999925,15.0,15.0,-0.0,0,0,0,0,0.0,0.0,0.0,2.805148e-12,1.486283e-12,5.820766e-12,False,0.0,False
2014-09-29,RS01SLBS-MJ01A-06-PRESTA101,1,True,2014-09-29T00:00:05Z,2014-09-29T23:59:50Z,5760,5760,0,14.999925,15.0,15.0,-0.0,0,0,0,0,0.0,0.0,0.0,2.805148e-12,1.486283e-12,5.820766e-12,False,0.0,False
2014-09-30,RS01SLBS-MJ01A-06-PRESTA101,1,True,2014-09-30T00:00:05Z,2014-09-30T23:59:50Z,5760,5760,0,14.999925,15.0,15.0,-0.0,0,0,0,0,0.0,0.0,0.0,2.805148e-12,1.486283e-12,5.820766e-12,False,0.0,False
2014-10-01,RS01SLBS-MJ01A-06-PRESTA101,1,True,2014-10-01T00:00:05Z,2014-10-01T23:59:50Z,5760,5760,0,14.999925,15.0,15.0,-0.0,0,0,0,0,0.0,0.0,0.0,2.805148e-12,1.486283e-12,5.820766e-12,False,0.0,False
2014-10-02,RS01SLBS-MJ01A-06-PRESTA101,1,True,2014-10-02T00:00:05Z,2014-10-02T23:59:50Z,5760,5760,0,14.999925,15.0,15.0,-0.0,0,0,0,0,0.0,0.0,0.0,2.805148e-12,1.486283e-12,5.820766e-12,False,0.0,False
2014-10-03,RS01SLBS-MJ01A-06-PRESTA101,1,True,2014-10-03T00:00:05Z,2014-10-03T23:59:50Z,5760,5760,0,14.999925,15.0,15.0,-0.0,0,0,0,0,0.0,0.0,0.0,2.805148e-12,1.486283e-12,5.820766e-12,False,0.0,False
2014-10-04,RS01SLBS-MJ01A-06-PRESTA101,1,True,2014-10-04T00:00:05Z,2014-10-04T23:59:50Z,5760,5760,0,14.999925,15.0,15.0,-0.0,0,0,0,0,0.0,0.0,0.0,2.805148e-12,1.486283e-12,5.820766e-12,False,0.0,False
2014-10-05,RS01SLBS-MJ01A-06-PRESTA101,1,True,2014-10-05T00:00:05Z,2014-10-05T23:59:50Z,5760,5760,0,14.999925,15.0,15.0,-0.0,0,0,0,0,0.0,0.0,0.0,2.805148e-12,1.486283e-12,5.820766e-12,False,0.0,False
2014-10-06,RS01SLBS-MJ01A-06-PRESTA101,1,True,2014-10-06T00:00:05Z,2014-10-06T23:59:50Z,5760,5760,0,14.999925,15.0,15.0,-0.0,0,0,0,0,0.0,0.0,0.0,2.805148e-12,1.486283e-12,5.820766e-12,False,0.0,False
2014-10-07,RS01SLBS-MJ01A-06-PRESTA101,1,True,2014-10-07T00:00:05Z,2014-10-07T23:59:50Z,5760,5760,0,14.999925,15.0,15.0,-0.0,0,0,0,0,0.0,0.0,0.0,2.805148e-12,1.486283e-12,5.820766e-12,False,0.0,False
2014-10-08,RS01SLBS-MJ01A-06-PRESTA101,1,True,2014-10-08T00:00:05Z,2014-10-08T23:59:50Z,5760,5760,0,14.999925,15.0,15.0,-0.0,0,0,0,0,0.0,0.0,0.0,2.805148e-12,1.486283e-12,5.820766e-12,False,0.0,False
2014-10-09,RS01SLBS-MJ01A-06-PRESTA101,1,True,2014-10-09T00:00:05Z,2014-10-09T23:59:50Z,5760,5760,0,14.999925,15.0,15.0,-0.0,0,0,0,0,0.0,0.0,0.0,2.805148e-12,1.486283e-12,5.820766e-12,False,0.0,False
2014-10-10,RS01SLBS-MJ01A-06-PRESTA101,1,True,2014-10-10T00:00:05Z,2014-10-10T23:59:50Z,5760,5760,0,14.999925,15.0,15.0,-0.0,0,0,0,0,0.0,0.0,0.0,2.805148e-12,1.486283e-12,5.820766e-12,False,0.0,False
2014-10-11,RS01SLBS-MJ01A-06-PRESTA101,1,True,2014-10-11T00:00:05Z,2014-10-11T23:59:50Z,5760,5760,0,14.999925,15.0,15.0,-0.0,0,0,0,0,0.0,0.0,0.0,2.805148e-12,1.486283e-12,5.820766e-12,False,0.0,False
2014-10-12,RS01SLBS-MJ01A-06-PRESTA101,1,True,2014-10-12T00:00:05Z,2014-10-12T23:59:50Z,5760,5760,0,14.999925,15.0,15.0,-0.0,0,0,0,0,0.0,0.0,0.0,2.805148e-12,1.486283e-12,5.820766e-12,False,0.0,False
2014-10-13,RS01SLBS-MJ01A-06-PRESTA101,1,True,2014-10-13T00:00:05Z,2014-10-13T23:59:50Z,5760,5760,0,14.999925,15.0,15.0,-0.0,0,0,0,0,0.0,0.0,0.0,2.805148e-12,1.486283e-12,5.820766e-12,False,0.0,False
2014-10-14,RS01SLBS-MJ01A-06-PRESTA101,1,True,2014-10-14T00:00:05Z,2014-10-14T23:59:50Z,5760,5760,0,14.999925,15.0,15.0,-0.0,0,0,0,0,0.0,0.0,0.0,2.805148e-12,1.486283e-12,5.820766e-12,False,0.0,False
2014-10-15,RS01SLBS-MJ01A-06-PRESTA101,1,True,2014-10-15T00:00:05Z,2014-10-15T23:59:50Z,5760,5760,0,14.999925,15.0,15.0,-0.0,0,0,0,0,0.0,0.0,0.0,2.805148e-12,1.486283e-12,5.820766e-12,False,0.0,False
2014-10-16,RS01SLBS-MJ01A-06-PRESTA101,1,True,2014-10-16T00:00:05Z,2014-10-16T23:59:50Z,5760,5760,0,14.999925,15.0,15.0,-0.0,0,0,0,0,0.0,0.0,0.0,2.805148e-12,1.486283e-12,5.820766e-12,False,0.0,False
2014-10-17,RS01SLBS-MJ01A-06-PRESTA101,1,True,2014-10-17T00:00:05Z,2014-10-17T23:59:50Z,5760,5760,0,14.999925,15.0,15.0,-0.0,0,0,0,0,0.0,0.0,0.0,2.805148e-12,1.486283e-12,5.820766e-12,False,0.0,False
2014-10-18,RS01SLBS-MJ01A-06-PRESTA101,1,True,2014-10-18T00:00:05Z,2014-10-18T23:59:50Z,5760,5760,0,14.999925,15.0,15.0,-0.0,0,0,0,0,0.0,0.0,0.0,2.805148e-12,1.486283e-12,5.820766e-12,False,0.0,False
2014-10-19,RS01SLBS-MJ01A-06-PRESTA101,1,True,2014-10-19T00:00:05Z,2014-10-19T23:59:50Z,5760,5760,0,14.999925,15.0,15.0,-0.0,0,0,0,0,0.0,0.0,0.0,2.805148e-12,1.486283e-12,5.820766e-12,False,0.0,False
2014-10-20,RS01SLBS-MJ01A-06-PRESTA101,1,True,2014-10-20T00:00:05Z,2014-10-20T23:59:50Z,5760,5760,0,14.999925,15.0,15.0,-0.0,0,0,0,0,0.0,0.0,0.0,2.805148e-12,1.486283e-12,5.820766e-12,False,0.0,False
2014-10-21,RS01SLBS-MJ01A-06-PRESTA101,1,True,2014-10-21T00:00:05Z,2014-10-21T23:59:50Z,5760,5760,0,14.999925,15.0,15.0,-0.0,0,0,0,0,0.0,0.0,0.0,2.805148e-12,1.486283e-12,5.820766e-12,False,0.0,False
2014-10-22,RS01SLBS-MJ01A-06-PRESTA101,1,True,2014-10-22T00:00:05Z,2014-10-22T23:59:50Z,5760,5760,0,14.999925,15.0,15.0,-0.0,0,0,0,0,0.0,0.0,0.0,2.805148e-12,1.486283e-12,5.820766e-12,False,0.0,False
2014-10-23,RS01SLBS-MJ01A-06-PRESTA101,1,True,2014-10-23T00:00:05Z,2014-10-23T23:59:50Z,5760,5760,0,14.999925,15.0,15.0,-0.0,0,0,0,0,0.0,0.0,0.0,2.805148e-12,1.486283e-12,5.820766e-12,False,0.0,False
2014-10-24,RS01SLBS-MJ01A-06-PRESTA101,1,True,2014-10-24T00:00:05Z,2014-10-24T23:59:50Z,5760,5760,0,14.999925,15.0,15.0,-0.0,0,0,0,0,0.0,0.0,0.0,2.805148e-12,1.486283e-12,5.820766e-12,False,0.0,False
2014-10-25,RS01SLBS-MJ01A-06-PRESTA101,1,True,2014-10-25T00:00:05Z,2014-10-25T23:59:50Z,5760,5760,0,14.999925,15.0,15.0,-0.0,0,0,0,0,0.0,0.0,0.0,2.805148e-12,1.486283e-12,5.820766e-12,False,0.0,False
2014-10-26,RS01SLBS-MJ01A-06-PRESTA101,1,True,2014-10-26T00:00:05Z,2014-10-26T23:59:50Z,5760,5760,0,14.999925,15.0,15.0,-0.0,0,0,0,0,0.0,0.0,0.0,2.805148e-12,1.486283e-12,5.820766e-12,False,0.0,False
2014-10-27,RS01SLBS-MJ01A-06-PRESTA101,1,True,2014-10-27T00:00:05Z,2014-10-27T23:59:50Z,5760,5760,0,14.999925,15.0,15.0,-0.0,0,0,0,0,0.0,0.0,0.0,2.805148e-12,1.486283e-12,5.820766e-12,False,0.0,False
2014-10-28,RS01SLBS-MJ01A-06-PRESTA101,1,True,2014-10-28T00:00:05Z,2014-10-28T23:59:50Z,5760,5760,0,14.999925,15.0,15.0,-0.0,0,0,0,0,0.0,0.0,0.0,2.805148e-12,1.486283e-12,5.820766e-12,False,0.0,False
2014-10-29,RS01SLBS-MJ01A-06-PRESTA101,1,True,2014-10-29T00:00:05Z,2014-10-29T23:59:50Z,5760,5760,0,14.999925,15.0,15.0,-0.0,0,0,0,0,0.0,0.0,0.0,2.805148e-12,1.486283e-12,5.820766e-12,False,0.0,False
2014-10-30,RS01SLBS-MJ01A-06-PRESTA101,1,True,2014-10-30T00:00:05Z,2014-10-30T23:59:50Z,2862,5760,2898,14.999925,15.0,15.0,-0.0,1,2898,1,2898,0.0,0.0,0.0,1.873435e-12,1.027867e-12,2.910383e-12,False,0.0,True
2014-10-31,RS01SLBS-MJ01A-06-PRESTA101,1,True,2014-10-31T00:00:05Z,2014-10-31T23:59:50Z,5760,5760,0,14.999925,15.0,15.0,-0.0,0,0,0,0,0.0,0.0,0.0,2.805148e-12,1.486283e-12,5.820766e-12,False,0.0,False
2014-11-01,RS01SLBS-MJ01A-06-PRESTA101,1,True,2014-11-01T00:00:05Z,2014-11-01T23:59:50Z,5760,5760,0,14.999925,15.0,15.0,-0.0,0,0,0,0,0.0,0.0,0.0,2.805148e-12,1.486283e-12,5.820766e-12,False,0.0,False
2014-11-02,RS01SLBS-MJ01A-06-PRESTA101,1,True,2014-11-02T00:00:05Z,2014-11-02T23:59:50Z,5760,5760,0,14.999925,15.0,15.0,-0.0,0,0,0,0,0.0,0.0,0.0,2.805148e-12,1.486283e-12,5.820766e-12,False,0.0,False
2014-11-03,RS01SLBS-MJ01A-06-PRESTA101,1,True,2014-11-03T00:00:05Z,2014-11-03T23:59:50Z,5760,5760,0,14.999925,15.0,15.0,-0.0,0,0,0,0,0.0,0.0,0.0,2.805148e-12,1.486283e-12,5.820766e-12,False,0.0,False
2014-11-04,RS01SLBS-MJ01A-06-PRESTA101,1,True,2014-11-04T00:00:05Z,2014-11-04T16:05:50Z,3864,3864,0,14.999925,15.0,15.0,-0.0,0,0,0,0,0.0,0.0,0.0,6.50216e-13,2.878011e-13,9.701277e-13,False,0.0,False
2014-11-05,RS01SLBS-MJ01A-06-PRESTA101,1,True,2014-11-05T19:10:35Z,2014-11-05T23:59:50Z,1158,1158,0,14.999925,15.0,15.0,-0.0,0,0,0,0,-0.0,0.0,0.0,-2.418606e-13,1.8326e-13,4.850638e-13,False,0.0,False
2014-11-06,RS01SLBS-MJ01A-06-PRESTA101,1,True,2014-11-06T00:00:05Z,2014-11-06T23:59:50Z,5760,5760,0,14.999925,15.0,15.0,-0.0,0,0,0,0,0.0,0.0,0.0,2.805148e-12,1.486283e-12,5.820766e-12,False,0.0,False
2014-11-07,RS01SLBS-MJ01A-06-PRESTA101,1,True,2014-11-07T00:00:05Z,2014-11-07T23:59:50Z,5760,5760,0,14.999925,15.0,15.0,-0.0,0,0,0,0,0.0,0.0,0.0,2.805148e-12,1.486283e-12,5.820766e-12,False,0.0,False
2014-11-08,RS01SLBS-MJ01A-06-PRESTA101,1,True,2014-11-08T00:00:05Z,2014-11-08T23:59:50Z,5760,5760,0,14.999925,15.0,15.0,-0.0,0,0,0,0,0.0,0.0,0.0,2.805148e-12,1.486283e-12,5.820766e-12,False,0.0,False
2014-11-09,RS01SLBS-MJ01A-06-PRESTA101,1,True,2014-11-09T00:00:05Z,2014-11-09T23:59:50Z,5760,5760,0,14.999925,15.0,15.0,-0.0,0,0,0,0,0.0,0.0,0.0,2.805148e-12,1.486283e-12,5.820766e-12,False,0.0,False
2014-11-10,RS01SLBS-MJ01A-06-PRESTA101,1,True,2014-11-10T00:00:05Z,2014-11-10T23:59:50Z,5760,5760,0,14.999925,15.0,15.0,-0.0,0,0,0,0,0.0,0.0,0.0,2.805148e-12,1.486283e-12,5.820766e-12,False,0.0,False
2014-11-11,RS01SLBS-MJ01A-06-PRESTA101,1,True,2014-11-11T00:00:05Z,2014-11-11T23:59:50Z,5760,5760,0,14.999925,15.0,15.0,-0.0,0,0,0,0,0.0,0.0,0.0,2.805148e-12,1.486283e-12,5.820766e-12,False,0.0,False
2014-11-12,RS01SLBS-MJ01A-06-PRESTA101,1,True,2014-11-12T00:00:05Z,2014-11-12T23:59:50Z,5760,5760,0,14.999925,15.0,15.0,-0.0,0,0,0,0,0.0,0.0,0.0,2.805148e-12,1.486283e-12,5.820766e-12,False,0.0,False
2014-11-13,RS01SLBS-MJ01A-06-PRESTA101,1,True,2014-11-13T00:00:05Z,2014-11-13T23:59:50Z,5760,5760,0,14.999925,15.0,15.0,-0.0,0,0,0,0,0.0,0.0,0.0,2.805148e-12,1.486283e-12,5.820766e-12,False,0.0,False
2014-11-14,RS01SLBS-MJ01A-06-PRESTA101,1,True,2014-11-14T00:00:05Z,2014-11-14T18:36:05Z,4465,4465,0,14.999925,15.0,15.0,0.0,0,0,0,0,-0.0,0.0,0.0,-1.168398e-12,5.178944e-13,1.940255e-12,False,0.0,False
2014-11-15,RS01SLBS-MJ01A-06-PRESTA101,1,False,,,0,0,,14.999925,,,,,,,,,,,,,,,,False
2014-11-16,RS01SLBS-MJ01A-06-PRESTA101,1,False,,,0,0,,14.999925,,,,,,,,,,,,,,,,False
2014-11-17,RS01SLBS-MJ01A-06-PRESTA101,1,True,2014-11-17T18:11:05Z,2014-11-17T23:59:50Z,1396,1396,0,14.999925,15.0,15.0,0.0,0,0,0,0,0.0,0.0,0.0,6.316959e-14,1.160992e-13,2.425319e-13,False,0.0,False
2014-11-18,RS01SLBS-MJ01A-06-PRESTA101,1,True,2014-11-18T00:00:05Z,2014-11-18T23:59:50Z,5760,5760,0,14.999925,15.0,15.0,-0.0,0,0,0,0,0.0,0.0,0.0,2.805148e-12,1.486283e-12,5.820766e-12,False,0.0,False
2014-11-19,RS01SLBS-MJ01A-06-PRESTA101,1,True,2014-11-19T00:00:05Z,2014-11-19T23:59:50Z,5760,5760,0,14.999925,15.0,15.0,-0.0,0,0,0,0,0.0,0.0,0.0,2.805148e-12,1.486283e-12,5.820766e-12,False,0.0,False
2014-11-20,RS01SLBS-MJ01A-06-PRESTA101,1,True,2014-11-20T00:00:05Z,2014-11-20T23:59:50Z,5760,5760,0,14.999925,15.0,15.0,-0.0,0,0,0,0,0.0,0.0,0.0,2.805148e-12,1.486283e-12,5.820766e-12,False,0.0,False
2014-11-21,RS01SLBS-MJ01A-06-PRESTA101,1,True,2014-11-21T00:00:05Z,2014-11-21T23:59:50Z,5760,5760,0,14.999925,15.0,15.0,-0.0,0,0,0,0,0.0,0.0,0.0,2.805148e-12,1.486283e-12,5.820766e-12,False,0.0,False
2014-11-22,RS01SLBS-MJ01A-06-PRESTA101,1,True,2014-11-22T00:00:05Z,2014-11-22T23:59:50Z,5760,5760,0,14.999925,15.0,15.0,-0.0,0,0,0,0,0.0,0.0,0.0,2.805148e-12,1.486283e-12,5.820766e-12,False,0.0,False
2014-11-23,RS01SLBS-MJ01A-06-PRESTA101,1,True,2014-11-23T00:00:05Z,2014-11-23T23:59:50Z,5760,5760,0,14.999925,15.0,15.0,-0.0,0,0,0,0,0.0,0.0,0.0,2.805148e-12,1.486283e-12,5.820766e-12,False,0.0,False
2014-11-24,RS01SLBS-MJ01A-06-PRESTA101,1,True,2014-11-24T00:00:05Z,2014-11-24T23:59:50Z,5760,5760,0,14.999925,15.0,15.0,-0.0,0,0,0,0,0.0,0.0,0.0,2.805148e-12,1.486283e-12,5.820766e-12,False,0.0,False
2014-11-25,RS01SLBS-MJ01A-06-PRESTA101,1,True,2014-11-25T00:00:05Z,2014-11-25T23:59:50Z,5760,5760,0,14.999925,15.0,15.0,-0.0,0,0,0,0,0.0,0.0,0.0,2.805148e-12,1.486283e-12,5.820766e-12,False,0.0,False
2014-11-26,RS01SLBS-MJ01A-06-PRESTA101,1,True,2014-11-26T00:00:05Z,2014-11-26T23:59:50Z,5760,5760,0,14.999925,15.0,15.0,-0.0,0,0,0,0,0.0,0.0,0.0,2.805148e-12,1.486283e-12,5.820766e-12,False,0.0,False
2014-11-27,RS01SLBS-MJ01A-06-PRESTA101,1,True,2014-11-27T00:00:05Z,2014-11-27T23:59:50Z,5760,5760,0,14.999925,15.0,15.0,-0.0,0,0,0,0,0.0,0.0,0.0,2.805148e-12,1.486283e-12,5.820766e-12,False,0.0,False
2014-11-28,RS01SLBS-MJ01A-06-PRESTA101,1,True,2014-11-28T00:00:05Z,2014-11-28T23:59:50Z,5760,5760,0,14.999925,15.0,15.0,-0.0,0,0,0,0,0.0,0.0,0.0,2.805148e-12,1.486283e-12,5.820766e-12,False,0.0,False
2014-11-29,RS01SLBS-MJ01A-06-PRESTA101,1,True,2014-11-29T00:00:05Z,2014-11-29T23:59:50Z,5760,5760,0,14.999925,15.0,15.0,-0.0,0,0,0,0,0.0,0.0,0.0,2.805148e-12,1.486283e-12,5.820766e-12,False,0.0,False
2014-11-30,RS01SLBS-MJ01A-06-PRESTA101,1,True,2014-11-30T00:00:05Z,2014-11-30T23:59:50Z,5760,5760,0,14.999925,15.0,15.0,-0.0,0,0,0,0,0.0,0.0,0.0,2.805148e-12,1.486283e-12,5.820766e-12,False,0.0,False
2014-12-01,RS01SLBS-MJ01A-06-PRESTA101,1,True,2014-12-01T00:00:05Z,2014-12-01T23:59:50Z,5760,5760,0,14.999925,15.0,15.0,-0.0,0,0,0,0,0.0,0.0,0.0,2.805148e-12,1.486283e-12,5.820766e-12,False,0.0,False
2014-12-02,RS01SLBS-MJ01A-06-PRESTA101,1,True,2014-12-02T00:00:05Z,2014-12-02T23:59:50Z,5760,5760,0,14.999925,15.0,15.0,-0.0,0,0,0,0,0.0,0.0,0.0,2.805148e-12,1.486283e-12,5.820766e-12,False,0.0,False
2014-12-03,RS01SLBS-MJ01A-06-PRESTA101,1,True,2014-12-03T00:00:05Z,2014-12-03T23:59:50Z,5760,5760,0,14.999925,15.0,15.0,-0.0,0,0,0,0,0.0,0.0,0.0,2.805148e-12,1.486283e-12,5.820766e-12,False,0.0,False
2014-12-04,RS01SLBS-MJ01A-06-PRESTA101,1,True,2014-12-04T00:00:05Z,2014-12-04T23:59:50Z,5760,5760,0,14.999925,15.0,15.0,-0.0,0,0,0,0,0.0,0.0,0.0,2.805148e-12,1.486283e-12,5.820766e-12,False,0.0,False
2014-12-05,RS01SLBS-MJ01A-06-PRESTA101,1,True,2014-12-05T00:00:05Z,2014-12-05T23:59:50Z,5760,5760,0,14.999925,15.0,15.0,-0.0,0,0,0,0,0.0,0.0,0.0,2.805148e-12,1.486283e-12,5.820766e-12,False,0.0,False
2014-12-06,RS01SLBS-MJ01A-06-PRESTA101,1,True,2014-12-06T00:00:05Z,2014-12-06T23:59:50Z,5760,5760,0,14.999925,15.0,15.0,-0.0,0,0,0,0,0.0,0.0,0.0,2.805148e-12,1.486283e-12,5.820766e-12,False,0.0,False
2014-12-07,RS01SLBS-MJ01A-06-PRESTA101,1,True,2014-12-07T00:00:05Z,2014-12-07T20:59:35Z,5039,5039,0,14.999925,15.0,15.0,0.0,0,0,0,0,0.0,0.0,0.0,1.047869e-12,7.490275e-13,1.940255e-12,False,0.0,False
2014-12-08,RS01SLBS-MJ01A-06-PRESTA101,1,False,,,0,0,,14.999925,,,,,,,,,,,,,,,,False
2014-12-09,RS01SLBS-MJ01A-06-PRESTA101,1,False,,,0,0,,14.999925,,,,,,,,,,,,,,,,False
2014-12-10,RS01SLBS-MJ01A-06-PRESTA101,1,False,,,0,0,,14.999925,,,,,,,,,,,,,,,,False
2014-12-11,RS01SLBS-MJ01A-06-PRESTA101,1,True,2014-12-11T21:58:42Z,2014-12-11T23:59:48Z,482,485,3,14.999925,15.0,15.001232741,5.600303803,1,3,1,3,-0.0,747.085184,5608.932992,-4.168312e-14,0.04980159,0.3738981,False,0.4,True
2014-12-12,RS01SLBS-MJ01A-06-PRESTA101,1,True,2014-12-12T00:00:03Z,2014-12-12T23:59:48Z,5760,5760,0,14.999925,15.0,15.0,-0.0,0,0,0,0,0.0,0.0,0.0,2.805148e-12,1.486283e-12,5.820766e-12,False,0.0,False
2014-12-13,RS01SLBS-MJ01A-06-PRESTA101,1,True,2014-12-13T00:00:03Z,2014-12-13T23:59:48Z,5760,5760,0,14.999925,15.0,15.0,-0.0,0,0,0,0,0.0,0.0,0.0,2.805148e-12,1.486283e-12,5.820766e-12,False,0.0,False
2014-12-14,RS01SLBS-MJ01A-06-PRESTA101,1,True,2014-12-14T00:00:03Z,2014-12-14T23:59:48Z,5760,5760,0,14.999925,15.0,15.0,-0.0,0,0,0,0,0.0,0.0,0.0,2.805148e-12,1.486283e-12,5.820766e-12,False,0.0,False
2014-12-15,RS01SLBS-MJ01A-06-PRESTA101,1,True,2014-12-15T00:00:03Z,2014-12-15T23:59:48Z,5760,5760,0,14.999925,15.0,15.0,-0.0,0,0,0,0,0.0,0.0,0.0,2.805148e-12,1.486283e-12,5.820766e-12,False,0.0,False
2014-12-16,RS01SLBS-MJ01A-06-PRESTA101,1,True,2014-12-16T00:00:03Z,2014-12-16T23:59:48Z,5760,5760,0,14.999925,15.0,15.0,-0.0,0,0,0,0,0.0,0.0,0.0,2.805148e-12,1.486283e-12,5.820766e-12,False,0.0,False
2014-12-17,RS01SLBS-MJ01A-06-PRESTA101,1,True,2014-12-17T00:00:03Z,2014-12-17T23:59:48Z,5760,5760,0,14.999925,15.0,15.0,-0.0,0,0,0,0,0.0,0.0,0.0,2.805148e-12,1.486283e-12,5.820766e-12,False,0.0,False
2014-12-18,RS01SLBS-MJ01A-06-PRESTA101,1,True,2014-12-18T00:00:03Z,2014-12-18T23:59:48Z,5760,5760,0,14.999925,15.0,15.0,-0.0,0,0,0,0,0.0,0.0,0.0,2.805148e-12,1.486283e-12,5.820766e-12,False,0.0,False
2014-12-19,RS01SLBS-MJ01A-06-PRESTA101,1,True,2014-12-19T00:00:03Z,2014-12-19T23:59:48Z,5760,5760,0,14.999925,15.0,15.0,-0.0,0,0,0,0,0.0,0.0,0.0,2.805148e-12,1.486283e-12,5.820766e-12,False,0.0,False
2014-12-20,RS01SLBS-MJ01A-06-PRESTA101,1,True,2014-12-20T00:00:03Z,2014-12-20T23:59:48Z,5760,5760,0,14.999925,15.0,15.0,-0.0,0,0,0,0,0.0,0.0,0.0,2.805148e-12,1.486283e-12,5.820766e-12,False,0.0,False
2014-12-21,RS01SLBS-MJ01A-06-PRESTA101,1,True,2014-12-21T00:00:03Z,2014-12-21T23:59:48Z,5760,5760,0,14.999925,15.0,15.0,-0.0,0,0,0,0,0.0,0.0,0.0,2.805148e-12,1.486283e-12,5.820766e-12,False,0.0,False
2014-12-22,RS01SLBS-MJ01A-06-PRESTA101,1,True,2014-12-22T00:00:03Z,2014-12-22T23:59:48Z,5760,5760,0,14.999925,15.0,15.0,-0.0,0,0,0,0,0.0,0.0,0.0,2.805148e-12,1.486283e-12,5.820766e-12,False,0.0,False
2014-12-23,RS01SLBS-MJ01A-06-PRESTA101,1,True,2014-12-23T00:00:03Z,2014-12-23T23:59:48Z,5760,5760,0,14.999925,15.0,15.0,-0.0,0,0,0,0,0.0,0.0,0.0,2.805148e-12,1.486283e-12,5.820766e-12,False,0.0,False
2014-12-24,RS01SLBS-MJ01A-06-PRESTA101,1,True,2014-12-24T00:00:03Z,2014-12-24T23:59:48Z,5760,5760,0,14.999925,15.0,15.0,-0.0,0,0,0,0,0.0,0.0,0.0,2.805148e-12,1.486283e-12,5.820766e-12,False,0.0,False
2014-12-25,RS01SLBS-MJ01A-06-PRESTA101,1,True,2014-12-25T00:00:03Z,2014-12-25T23:59:48Z,5760,5760,0,14.999925,15.0,15.0,-0.0,0,0,0,0,0.0,0.0,0.0,2.805148e-12,1.486283e-12,5.820766e-12,False,0.0,False
2014-12-26,RS01SLBS-MJ01A-06-PRESTA101,1,True,2014-12-26T00:00:03Z,2014-12-26T23:59:48Z,5760,5760,0,14.999925,15.0,15.0,-0.0,0,0,0,0,0.0,0.0,0.0,2.805148e-12,1.486283e-12,5.820766e-12,False,0.0,False
2014-12-27,RS01SLBS-MJ01A-06-PRESTA101,1,True,2014-12-27T00:00:03Z,2014-12-27T23:59:48Z,5760,5760,0,14.999925,15.0,15.0,-0.0,0,0,0,0,0.0,0.0,0.0,2.805148e-12,1.486283e-12,5.820766e-12,False,0.0,False
2014-12-28,RS01SLBS-MJ01A-06-PRESTA101,1,True,2014-12-28T00:00:03Z,2014-12-28T23:59:48Z,5760,5760,0,14.999925,15.0,15.0,-0.0,0,0,0,0,0.0,0.0,0.0,2.805148e-12,1.486283e-12,5.820766e-12,False,0.0,False
2014-12-29,RS01SLBS-MJ01A-06-PRESTA101,1,True,2014-12-29T00:00:03Z,2014-12-29T23:59:48Z,5760,5760,0,14.999925,15.0,15.0,-0.0,0,0,0,0,0.0,0.0,0.0,2.805148e-12,1.486283e-12,5.820766e-12,False,0.0,False
2014-12-30,RS01SLBS-MJ01A-06-PRESTA101,1,True,2014-12-30T00:00:03Z,2014-12-30T23:59:48Z,5760,5760,0,14.999925,15.0,15.0,-0.0,0,0,0,0,0.0,0.0,0.0,2.805148e-12,1.486283e-12,5.820766e-12,False,0.0,False
2014-12-31,RS01SLBS-MJ01A-06-PRESTA101,1,True,2014-12-31T00:00:03Z,2014-12-31T23:59:48Z,5760,5760,0,14.999925,15.0,15.0,-0.0,0,0,0,0,0.0,0.0,0.0,2.805148e-12,1.486283e-12,5.820766e-12,False,0.0,False
2015-01-01,RS01SLBS-MJ01A-06-PRESTA101,1,True,2015-01-01T00:00:03Z,2015-01-01T23:59:48Z,5760,5760,0,14.999925,15.0,15.0,-0.0,0,0,0,0,0.0,0.0,0.0,1.104548e-12,4.855498e-13,1.940255e-12,False,0.0,False
2015-01-02,RS01SLBS-MJ01A-06-PRESTA101,1,True,2015-01-02T00:00:03Z,2015-01-02T23:59:48Z,5760,5760,0,14.999925,15.0,15.0,-0.0,0,0,0,0,0.0,0.0,0.0,1.104548e-12,4.855498e-13,1.940255e-12,False,0.0,False
2015-01-03,RS01SLBS-MJ01A-06-PRESTA101,1,True,2015-01-03T00:00:03Z,2015-01-03T23:59:48Z,5760,5760,0,14.999925,15.0,15.0,-0.0,0,0,0,0,0.0,0.0,0.0,1.104548e-12,4.855498e-13,1.940255e-12,False,0.0,False
2015-01-04,RS01SLBS-MJ01A-06-PRESTA101,1,True,2015-01-04T00:00:03Z,2015-01-04T23:59:48Z,5760,5760,0,14.999925,15.0,15.0,-0.0,0,0,0,0,0.0,0.0,0.0,1.104548e-12,4.855498e-13,1.940255e-12,False,0.0,False
2015-01-05,RS01SLBS-MJ01A-06-PRESTA101,1,True,2015-01-05T00:00:03Z,2015-01-05T23:59:48Z,5760,5760,0,14.999925,15.0,15.0,-0.0,0,0,0,0,0.0,0.0,0.0,1.104548e-12,4.855498e-13,1.940255e-12,False,0.0,False
2015-01-06,RS01SLBS-MJ01A-06-PRESTA101,1,True,2015-01-06T00:00:03Z,2015-01-06T23:59:48Z,5760,5760,0,14.999925,15.0,15.0,-0.0,0,0,0,0,0.0,0.0,0.0,1.104548e-12,4.855498e-13,1.940255e-12,False,0.0,False
2015-01-07,RS01SLBS-MJ01A-06-PRESTA101,1,False,,,0,0,,14.999925,,,,,,,,,,,,,,,,False
2015-01-08,RS01SLBS-MJ01A-06-PRESTA101,1,True,2015-01-08T00:00:03Z,2015-01-08T23:59:48Z,5760,5760,0,14.999925,15.0,15.0,-0.0,0,0,0,0,0.0,0.0,0.0,1.104548e-12,4.855498e-13,1.940255e-12,False,0.0,False
2015-01-09,RS01SLBS-MJ01A-06-PRESTA101,1,True,2015-01-09T00:00:03Z,2015-01-09T23:59:48Z,5760,5760,0,14.999925,15.0,15.0,-0.0,0,0,0,0,0.0,0.0,0.0,1.104548e-12,4.855498e-13,1.940255e-12,False,0.0,False
2015-01-10,RS01SLBS-MJ01A-06-PRESTA101,1,True,2015-01-10T00:00:03Z,2015-01-10T23:59:48Z,5760,5760,0,14.999925,15.0,15.0,-0.0,0,0,0,0,0.0,0.0,0.0,1.104548e-12,4.855498e-13,1.940255e-12,False,0.0,False
2015-01-11,RS01SLBS-MJ01A-06-PRESTA101,1,True,2015-01-11T00:00:03Z,2015-01-11T23:59:48Z,5760,5760,0,14.999925,15.0,15.0,-0.0,0,0,0,0,0.0,0.0,0.0,1.104548e-12,4.855498e-13,1.940255e-12,False,0.0,False
2015-01-12,RS01SLBS-MJ01A-06-PRESTA101,1,True,2015-01-12T00:00:03Z,2015-01-12T23:59:48Z,5760,5760,0,14.999925,15.0,15.0,-0.0,0,0,0,0,0.0,0.0,0.0,1.104548e-12,4.855498e-13,1.940255e-12,False,0.0,False
2015-01-13,RS01SLBS-MJ01A-06-PRESTA101,1,True,2015-01-13T00:00:03Z,2015-01-13T23:59:48Z,5760,5760,0,14.999925,15.0,15.0,-0.0,0,0,0,0,0.0,0.0,0.0,1.104548e-12,4.855498e-13,1.940255e-12,False,0.0,False
2015-01-14,RS01SLBS-MJ01A-06-PRESTA101,1,True,2015-01-14T00:00:03Z,2015-01-14T23:59:48Z,5760,5760,0,14.999925,15.0,15.0,-0.0,0,0,0,0,0.0,0.0,0.0,1.104548e-12,4.855498e-13,1.940255e-12,False,0.0,False
2015-01-15,RS01SLBS-MJ01A-06-PRESTA101,1,True,2015-01-15T00:00:03Z,2015-01-15T23:59:48Z,5760,5760,0,14.999925,15.0,15.0,-0.0,0,0,0,0,0.0,0.0,0.0,1.104548e-12,4.855498e-13,1.940255e-12,False,0.0,False
2015-01-16,RS01SLBS-MJ01A-06-PRESTA101,1,True,2015-01-16T00:00:03Z,2015-01-16T23:59:48Z,5760,5760,0,14.999925,15.0,15.0,-0.0,0,0,0,0,0.0,0.0,0.0,1.104548e-12,4.855498e-13,1.940255e-12,False,0.0,False
2015-01-17,RS01SLBS-MJ01A-06-PRESTA101,1,True,2015-01-17T00:00:03Z,2015-01-17T23:59:48Z,5760,5760,0,14.999925,15.0,15.0,-0.0,0,0,0,0,0.0,0.0,0.0,1.104548e-12,4.855498e-13,1.940255e-12,False,0.0,False
2015-01-18,RS01SLBS-MJ01A-06-PRESTA101,1,True,2015-01-18T00:00:03Z,2015-01-18T23:59:48Z,5760,5760,0,14.999925,15.0,15.0,-0.0,0,0,0,0,0.0,0.0,0.0,1.104548e-12,4.855498e-13,1.940255e-12,False,0.0,False
2015-01-19,RS01SLBS-MJ01A-06-PRESTA101,1,True,2015-01-19T00:00:03Z,2015-01-19T23:59:48Z,5760,5760,0,14.999925,15.0,15.0,-0.0,0,0,0,0,0.0,0.0,0.0,1.104548e-12,4.855498e-13,1.940255e-12,False,0.0,False
2015-01-20,RS01SLBS-MJ01A-06-PRESTA101,1,True,2015-01-20T00:00:03Z,2015-01-20T23:59:48Z,5760,5760,0,14.999925,15.0,15.0,-0.0,0,0,0,0,0.0,0.0,0.0,1.104548e-12,4.855498e-13,1.940255e-12,False,0.0,False
2015-01-21,RS01SLBS-MJ01A-06-PRESTA101,1,True,2015-01-21T00:00:03Z,2015-01-21T23:59:48Z,5760,5760,0,14.999925,15.0,15.0,-0.0,0,0,0,0,0.0,0.0,0.0,1.104548e-12,4.855498e-13,1.940255e-12,False,0.0,False
2015-01-22,RS01SLBS-MJ01A-06-PRESTA101,1,True,2015-01-22T00:00:03Z,2015-01-22T23:59:48Z,5760,5760,0,14.999925,15.0,15.0,-0.0,0,0,0,0,0.0,0.0,0.0,1.104548e-12,4.855498e-13,1.940255e-12,False,0.0,False
2015-01-23,RS01SLBS-MJ01A-06-PRESTA101,1,True,2015-01-23T00:00:03Z,2015-01-23T23:59:48Z,5760,5760,0,14.999925,15.0,15.0,-0.0,0,0,0,0,0.0,0.0,0.0,1.104548e-12,4.855498e-13,1.940255e-12,False,0.0,False
2015-01-24,RS01SLBS-MJ01A-06-PRESTA101,1,True,2015-01-24T00:00:03Z,2015-01-24T23:59:48Z,5760,5760,0,14.999925,15.0,15.0,-0.0,0,0,0,0,0.0,0.0,0.0,1.104548e-12,4.855498e-13,1.940255e-12,False,0.0,False
2015-01-25,RS01SLBS-MJ01A-06-PRESTA101,1,True,2015-01-25T00:00:03Z,2015-01-25T23:59:48Z,5760,5760,0,14.999925,15.0,15.0,-0.0,0,0,0,0,0.0,0.0,0.0,1.104548e-12,4.855498e-13,1.940255e-12,False,0.0,False
2015-01-26,RS01SLBS-MJ01A-06-PRESTA101,1,True,2015-01-26T00:00:03Z,2015-01-26T23:59:48Z,5760,5760,0,14.999925,15.0,15.0,-0.0,0,0,0,0,0.0,0.0,0.0,1.104548e-12,4.855498e-13,1.940255e-12,False,0.0,False
2015-01-27,RS01SLBS-MJ01A-06-PRESTA101,1,True,2015-01-27T00:00:03Z,2015-01-27T23:59:48Z,5760,5760,0,14.999925,15.0,15.0,-0.0,0,0,0,0,0.0,0.0,0.0,1.104548e-12,4.855498e-13,1.940255e-12,False,0.0,False
2015-01-28,RS01SLBS-MJ01A-06-PRESTA101,1,True,2015-01-28T00:00:03Z,2015-01-28T23:59:48Z,5760,5760,0,14.999925,15.0,15.0,-0.0,0,0,0,0,0.0,0.0,0.0,1.104548e-12,4.855498e-13,1.940255e-12,False,0.0,False
2015-01-29,RS01SLBS-MJ01A-06-PRESTA101,1,True,2015-01-29T00:00:03Z,2015-01-29T23:59:48Z,5760,5760,0,14.999925,15.0,15.0,-0.0,0,0,0,0,0.0,0.0,0.0,1.104548e-12,4.855498e-13,1.940255e-12,False,0.0,False
2015-01-30,RS01SLBS-MJ01A-06-PRESTA101,1,True,2015-01-30T00:00:03Z,2015-01-30T23:59:48Z,5735,5760,25,14.999925,15.0,15.0,0.0,1,25,1,25,0.0,0.0,0.0,1.062387e-12,6.334421e-13,1.940255e-12,False,0.0,True
2015-01-31,RS01SLBS-MJ01A-06-PRESTA101,1,True,2015-01-31T00:00:03Z,2015-01-31T23:59:48Z,5498,5760,262,14.999925,15.0,15.0,0.0,1,262,1,262,-0.0,0.0,0.0,-9.184223e-14,1.138744e-13,2.425319e-13,False,0.0,True
2015-02-01,RS01SLBS-MJ01A-06-PRESTA101,1,False,,,0,0,,14.999925,,,,,,,,,,,,,,,,False
2015-02-02,RS01SLBS-MJ01A-06-PRESTA101,1,False,,,0,0,,14.999925,,,,,,,,,,,,,,,,False
2015-02-03,RS01SLBS-MJ01A-06-PRESTA101,1,True,2015-02-03T09:57:18Z,2015-02-03T23:59:48Z,3371,3371,0,14.999925,15.0,15.0,-0.0,0,0,0,0,0.0,0.0,0.0,3.30199e-13,1.14356e-13,4.850638e-13,False,0.0,False
2015-02-04,RS01SLBS-MJ01A-06-PRESTA101,1,True,2015-02-04T00:00:03Z,2015-02-04T23:10:03Z,5561,5561,0,14.999925,15.0,15.0,-0.0,0,0,0,0,0.0,0.0,0.0,9.075359e-14,1.135941e-13,2.425319e-13,False,0.0,False
2015-02-05,RS01SLBS-MJ01A-06-PRESTA101,1,True,2015-02-05T01:58:03Z,2015-02-05T23:59:48Z,5288,5288,0,14.999925,15.0,15.0,-0.0,0,0,0,0,0.0,0.0,0.0,1.637326e-12,6.838629e-13,2.910383e-12,False,0.0,False
2015-02-06,RS01SLBS-MJ01A-06-PRESTA101,1,True,2015-02-06T00:00:03Z,2015-02-06T23:59:48Z,5760,5760,0,14.999925,15.0,15.0,-0.0,0,0,0,0,0.0,0.0,0.0,2.805148e-12,1.486283e-12,5.820766e-12,False,0.0,False
2015-02-07,RS01SLBS-MJ01A-06-PRESTA101,1,True,2015-02-07T00:00:03Z,2015-02-07T23:59:48Z,5760,5760,0,14.999925,15.0,15.0,-0.0,0,0,0,0,0.0,0.0,0.0,2.805148e-12,1.486283e-12,5.820766e-12,False,0.0,False
2015-02-08,RS01SLBS-MJ01A-06-PRESTA101,1,True,2015-02-08T00:00:03Z,2015-02-08T23:59:48Z,5760,5760,0,14.999925,15.0,15.0,-0.0,0,0,0,0,0.0,0.0,0.0,2.805148e-12,1.486283e-12,5.820766e-12,False,0.0,False
2015-02-09,RS01SLBS-MJ01A-06-PRESTA101,1,True,2015-02-09T00:00:03Z,2015-02-09T23:59:48Z,5760,5760,0,14.999925,15.0,15.0,-0.0,0,0,0,0,0.0,0.0,0.0,2.805148e-12,1.486283e-12,5.820766e-12,False,0.0,False
2015-02-10,RS01SLBS-MJ01A-06-PRESTA101,1,True,2015-02-10T00:00:03Z,2015-02-10T23:59:48Z,5760,5760,0,14.999925,15.0,15.0,-0.0,0,0,0,0,0.0,0.0,0.0,2.805148e-12,1.486283e-12,5.820766e-12,False,0.0,False
2015-02-11,RS01SLBS-MJ01A-06-PRESTA101,1,True,2015-02-11T00:00:03Z,2015-02-11T23:59:48Z,5760,5760,0,14.999925,15.0,15.0,-0.0,0,0,0,0,0.0,0.0,0.0,2.805148e-12,1.486283e-12,5.820766e-12,False,0.0,False
2015-02-12,RS01SLBS-MJ01A-06-PRESTA101,1,True,2015-02-12T00:00:03Z,2015-02-12T23:59:48Z,5760,5760,0,14.999925,15.0,15.0,-0.0,0,0,0,0,0.0,0.0,0.0,2.805148e-12,1.486283e-12,5.820766e-12,False,0.0,False
2015-02-13,RS01SLBS-MJ01A-06-PRESTA101,1,True,2015-02-13T00:00:03Z,2015-02-13T23:59:48Z,5760,5760,0,14.999925,15.0,15.0,-0.0,0,0,0,0,0.0,0.0,0.0,2.805148e-12,1.486283e-12,5.820766e-12,False,0.0,False
2015-02-14,RS01SLBS-MJ01A-06-PRESTA101,1,True,2015-02-14T00:00:03Z,2015-02-14T23:59:48Z,5760,5760,0,14.999925,15.0,15.0,-0.0,0,0,0,0,0.0,0.0,0.0,2.805148e-12,1.486283e-12,5.820766e-12,False,0.0,False
2015-02-15,RS01SLBS-MJ01A-06-PRESTA101,1,True,2015-02-15T00:00:03Z,2015-02-15T23:59:48Z,5760,5760,0,14.999925,15.0,15.0,-0.0,0,0,0,0,0.0,0.0,0.0,2.805148e-12,1.486283e-12,5.820766e-12,False,0.0,False
2015-02-16,RS01SLBS-MJ01A-06-PRESTA101,1,True,2015-02-16T00:00:03Z,2015-02-16T23:59:48Z,5760,5760,0,14.999925,15.0,15.0,-0.0,0,0,0,0,0.0,0.0,0.0,2.805148e-12,1.486283e-12,5.820766e-12,False,0.0,False
2015-02-17,RS01SLBS-MJ01A-06-PRESTA101,1,True,2015-02-17T00:00:03Z,2015-02-17T23:59:48Z,5760,5760,0,14.999925,15.0,15.0,-0.0,0,0,0,0,0.0,0.0,0.0,2.805148e-12,1.486283e-12,5.820766e-12,False,0.0,False
2015-02-18,RS01SLBS-MJ01A-06-PRESTA101,1,True,2015-02-18T00:00:03Z,2015-02-18T23:59:48Z,5760,5760,0,14.999925,15.0,15.0,-0.0,0,0,0,0,0.0,0.0,0.0,2.805148e-12,1.486283e-12,5.820766e-12,False,0.0,False
2015-02-19,RS01SLBS-MJ01A-06-PRESTA101,1,True,2015-02-19T00:00:03Z,2015-02-19T23:59:48Z,5760,5760,0,14.999925,15.0,15.0,-0.0,0,0,0,0,0.0,0.0,0.0,2.805148e-12,1.486283e-12,5.820766e-12,False,0.0,False
2015-02-20,RS01SLBS-MJ01A-06-PRESTA101,1,True,2015-02-20T00:00:03Z,2015-02-20T23:59:48Z,5730,5760,30,14.999925,15.0,15.0,0.0,2,30,2,30,0.0,0.0,0.0,1.061621e-12,6.331871e-13,1.940255e-12,False,0.0,True
2015-02-21,RS01SLBS-MJ01A-06-PRESTA101,1,True,2015-02-21T00:00:03Z,2015-02-21T23:59:48Z,5760,5760,0,14.999925,15.0,15.0,-0.0,0,0,0,0,0.0,0.0,0.0,2.805148e-12,1.486283e-12,5.820766e-12,False,0.0,False
2015-02-22,RS01SLBS-MJ01A-06-PRESTA101,1,True,2015-02-22T00:00:03Z,2015-02-22T23:59:48Z,5760,5760,0,14.999925,15.0,15.0,-0.0,0,0,0,0,0.0,0.0,0.0,2.805148e-12,1.486283e-12,5.820766e-12,False,0.0,False
2015-02-23,RS01SLBS-MJ01A-06-PRESTA101,1,True,2015-02-23T00:00:03Z,2015-02-23T23:59:48Z,5760,5760,0,14.999925,15.0,15.0,-0.0,0,0,0,0,0.0,0.0,0.0,2.805148e-12,1.486283e-12,5.820766e-12,False,0.0,False
2015-02-24,RS01SLBS-MJ01A-06-PRESTA101,1,True,2015-02-24T00:00:03Z,2015-02-24T23:59:48Z,5760,5760,0,14.999925,15.0,15.0,-0.0,0,0,0,0,0.0,0.0,0.0,2.805148e-12,1.486283e-12,5.820766e-12,False,0.0,False
2015-02-25,RS01SLBS-MJ01A-06-PRESTA101,1,True,2015-02-25T00:00:03Z,2015-02-25T23:59:48Z,5760,5760,0,14.999925,15.0,15.0,-0.0,0,0,0,0,0.0,0.0,0.0,2.805148e-12,1.486283e-12,5.820766e-12,False,0.0,False
2015-02-26,RS01SLBS-MJ01A-06-PRESTA101,1,True,2015-02-26T00:00:03Z,2015-02-26T23:59:48Z,5760,5760,0,14.999925,15.0,15.0,-0.0,0,0,0,0,0.0,0.0,0.0,2.805148e-12,1.486283e-12,5.820766e-12,False,0.0,False
2015-02-27,RS01SLBS-MJ01A-06-PRESTA101,1,True,2015-02-27T00:00:03Z,2015-02-27T23:59:48Z,5760,5760,0,14.999925,15.0,15.0,-0.0,0,0,0,0,0.0,0.0,0.0,2.805148e-12,1.486283e-12,5.820766e-12,False,0.0,False
2015-02-28,RS01SLBS-MJ01A-06-PRESTA101,1,True,2015-02-28T00:00:03Z,2015-02-28T23:59:48Z,5760,5760,0,14.999925,15.0,15.0,-0.0,0,0,0,0,0.0,0.0,0.0,2.805148e-12,1.486283e-12,5.820766e-12,False,0.0,False
2015-03-01,RS01SLBS-MJ01A-06-PRESTA101,1,True,2015-03-01T00:00:03Z,2015-03-01T23:59:48Z,5760,5760,0,14.999925,15.0,15.0,-0.0,0,0,0,0,0.0,0.0,0.0,2.805148e-12,1.486283e-12,5.820766e-12,False,0.0,False
2015-03-02,RS01SLBS-MJ01A-06-PRESTA101,1,True,2015-03-02T00:00:03Z,2015-03-02T23:59:48Z,5760,5760,0,14.999925,15.0,15.0,-0.0,0,0,0,0,0.0,0.0,0.0,2.805148e-12,1.486283e-12,5.820766e-12,False,0.0,False
2015-03-03,RS01SLBS-MJ01A-06-PRESTA101,1,True,2015-03-03T00:00:03Z,2015-03-03T23:59:48Z,5760,5760,0,14.999925,15.0,15.0,-0.0,0,0,0,0,0.0,0.0,0.0,2.805148e-12,1.486283e-12,5.820766e-12,False,0.0,False
2015-03-04,RS01SLBS-MJ01A-06-PRESTA101,1,True,2015-03-04T00:00:03Z,2015-03-04T23:59:48Z,5760,5760,0,14.999925,15.0,15.0,-0.0,0,0,0,0,0.0,0.0,0.0,2.805148e-12,1.486283e-12,5.820766e-12,False,0.0,False
2015-03-05,RS01SLBS-MJ01A-06-PRESTA101,1,True,2015-03-05T00:00:03Z,2015-03-05T23:59:48Z,5760,5760,0,14.999925,15.0,15.0,-0.0,0,0,0,0,0.0,0.0,0.0,2.805148e-12,1.486283e-12,5.820766e-12,False,0.0,False
2015-03-06,RS01SLBS-MJ01A-06-PRESTA101,1,True,2015-03-06T00:00:03Z,2015-03-06T23:59:48Z,5760,5760,0,14.999925,15.0,15.0,-0.0,0,0,0,0,0.0,0.0,0.0,2.805148e-12,1.486283e-12,5.820766e-12,False,0.0,False
2015-03-07,RS01SLBS-MJ01A-06-PRESTA101,1,True,2015-03-07T00:00:03Z,2015-03-07T23:01:48Z,5528,5528,0,14.999925,15.0,15.0,-0.0,0,0,0,0,0.0,0.0,0.0,1.689278e-12,7.216445e-13,2.910383e-12,False,0.0,False
2015-03-08,RS01SLBS-MJ01A-06-PRESTA101,1,False,,,0,0,,14.999925,,,,,,,,,,,,,,,,False
2015-03-09,RS01SLBS-MJ01A-06-PRESTA101,1,True,2015-03-09T07:40:18Z,2015-03-09T23:59:48Z,3919,3919,0,14.999925,15.0,15.0,-0.0,0,0,0,0,0.0,0.0,0.0,1.411557e-12,5.533342e-13,2.425319e-12,False,0.0,False
2015-03-10,RS01SLBS-MJ01A-06-PRESTA101,1,True,2015-03-10T00:00:03Z,2015-03-10T23:59:48Z,5760,5760,0,14.999925,15.0,15.0,-0.0,0,0,0,0,0.0,0.0,0.0,2.805148e-12,1.486283e-12,5.820766e-12,False,0.0,False
2015-03-11,RS01SLBS-MJ01A-06-PRESTA101,1,True,2015-03-11T00:00:03Z,2015-03-11T23:59:48Z,5760,5760,0,14.999925,15.0,15.0,-0.0,0,0,0,0,0.0,0.0,0.0,2.805148e-12,1.486283e-12,5.820766e-12,False,0.0,False
2015-03-12,RS01SLBS-MJ01A-06-PRESTA101,1,True,2015-03-12T00:00:03Z,2015-03-12T23:59:48Z,5760,5760,0,14.999925,15.0,15.0,-0.0,0,0,0,0,0.0,0.0,0.0,2.805148e-12,1.486283e-12,5.820766e-12,False,0.0,False
2015-03-13,RS01SLBS-MJ01A-06-PRESTA101,1,True,2015-03-13T00:00:03Z,2015-03-13T23:59:48Z,5760,5760,0,14.999925,15.0,15.0,-0.0,0,0,0,0,0.0,0.0,0.0,2.805148e-12,1.486283e-12,5.820766e-12,False,0.0,False
2015-03-14,RS01SLBS-MJ01A-06-PRESTA101,1,True,2015-03-14T00:00:03Z,2015-03-14T23:59:48Z,5760,5760,0,14.999925,15.0,15.0,-0.0,0,0,0,0,0.0,0.0,0.0,2.805148e-12,1.486283e-12,5.820766e-12,False,0.0,False
2015-03-15,RS01SLBS-MJ01A-06-PRESTA101,1,True,2015-03-15T00:00:03Z,2015-03-15T23:59:48Z,5760,5760,0,14.999925,15.0,15.0,-0.0,0,0,0,0,0.0,0.0,0.0,2.805148e-12,1.486283e-12,5.820766e-12,False,0.0,False
2015-03-16,RS01SLBS-MJ01A-06-PRESTA101,1,True,2015-03-16T00:00:03Z,2015-03-16T23:59:48Z,5760,5760,0,14.999925,15.0,15.0,-0.0,0,0,0,0,0.0,0.0,0.0,2.805148e-12,1.486283e-12,5.820766e-12,False,0.0,False
2015-03-17,RS01SLBS-MJ01A-06-PRESTA101,1,True,2015-03-17T00:00:03Z,2015-03-17T23:59:48Z,5760,5760,0,14.999925,15.0,15.0,-0.0,0,0,0,0,0.0,0.0,0.0,2.805148e-12,1.486283e-12,5.820766e-12,False,0.0,False
2015-03-18,RS01SLBS-MJ01A-06-PRESTA101,1,True,2015-03-18T00:00:03Z,2015-03-18T23:59:48Z,5760,5760,0,14.999925,15.0,15.0,-0.0,0,0,0,0,0.0,0.0,0.0,2.805148e-12,1.486283e-12,5.820766e-12,False,0.0,False
2015-03-19,RS01SLBS-MJ01A-06-PRESTA101,1,True,2015-03-19T00:00:03Z,2015-03-19T23:59:48Z,5760,5760,0,14.999925,15.0,15.0,-0.0,0,0,0,0,0.0,0.0,0.0,2.805148e-12,1.486283e-12,5.820766e-12,False,0.0,False
2015-03-20,RS01SLBS-MJ01A-06-PRESTA101,1,True,2015-03-20T00:00:03Z,2015-03-20T23:59:48Z,5760,5760,0,14.999925,15.0,15.0,-0.0,0,0,0,0,0.0,0.0,0.0,2.805148e-12,1.486283e-12,5.820766e-12,False,0.0,False
2015-03-21,RS01SLBS-MJ01A-06-PRESTA101,1,True,2015-03-21T00:00:03Z,2015-03-21T14:07:03Z,3389,3389,0,14.999925,15.0,15.0,0.0,0,0,0,0,0.0,0.0,0.0,1.403259e-12,8.184888e-13,2.910383e-12,False,0.0,False
2015-03-22,RS01SLBS-MJ01A-06-PRESTA101,1,True,2015-03-22T02:14:33Z,2015-03-22T23:59:48Z,5222,5222,0,14.999925,15.0,15.0,0.0,0,0,0,0,-0.0,0.0,0.0,-8.2852e-13,1.811005e-13,9.701277e-13,False,0.0,False
2015-03-23,RS01SLBS-MJ01A-06-PRESTA101,1,True,2015-03-23T00:00:03Z,2015-03-23T23:59:48Z,5760,5760,0,14.999925,15.0,15.0,-0.0,0,0,0,0,0.0,0.0,0.0,2.805148e-12,1.486283e-12,5.820766e-12,False,0.0,False
2015-03-24,RS01SLBS-MJ01A-06-PRESTA101,1,True,2015-03-24T00:00:03Z,2015-03-24T23:59:48Z,5760,5760,0,14.999925,15.0,15.0,-0.0,0,0,0,0,0.0,0.0,0.0,2.805148e-12,1.486283e-12,5.820766e-12,False,0.0,False
2015-03-25,RS01SLBS-MJ01A-06-PRESTA101,1,True,2015-03-25T00:00:03Z,2015-03-25T23:59:48Z,5760,5760,0,14.999925,15.0,15.0,-0.0,0,0,0,0,0.0,0.0,0.0,2.805148e-12,1.486283e-12,5.820766e-12,False,0.0,False
2015-03-26,RS01SLBS-MJ01A-06-PRESTA101,1,True,2015-03-26T00:00:03Z,2015-03-26T23:59:48Z,5760,5760,0,14.999925,15.0,15.0,-0.0,0,0,0,0,0.0,0.0,0.0,2.805148e-12,1.486283e-12,5.820766e-12,False,0.0,False
2015-03-27,RS01SLBS-MJ01A-06-PRESTA101,1,True,2015-03-27T00:00:03Z,2015-03-27T23:59:48Z,5760,5760,0,14.999925,15.0,15.0,-0.0,0,0,0,0,0.0,0.0,0.0,2.805148e-12,1.486283e-12,5.820766e-12,False,0.0,False
2015-03-28,RS01SLBS-MJ01A-06-PRESTA101,1,True,2015-03-28T00:00:03Z,2015-03-28T23:59:48Z,5760,5760,0,14.999925,15.0,15.0,-0.0,0,0,0,0,0.0,0.0,0.0,2.805148e-12,1.486283e-12,5.820766e-12,False,0.0,False
2015-03-29,RS01SLBS-MJ01A-06-PRESTA101,1,True,2015-03-29T00:00:03Z,2015-03-29T23:59:48Z,5760,5760,0,14.999925,15.0,15.0,-0.0,0,0,0,0,0.0,0.0,0.0,2.805148e-12,1.486283e-12,5.820766e-12,False,0.0,False
2015-03-30,RS01SLBS-MJ01A-06-PRESTA101,1,True,2015-03-30T00:00:03Z,2015-03-30T17:19:18Z,4158,4158,0,14.999925,15.0,15.0,0.0,0,0,0,0,-0.0,0.0,0.0,-9.773286e-13,3.20657e-13,1.455192e-12,False,0.0,False
2015-03-31,RS01SLBS-MJ01A-06-PRESTA101,1,False,,,0,0,,14.999925,,,,,,,,,,,,,,,,False
2015-04-01,RS01SLBS-MJ01A-06-PRESTA101,1,True,2015-04-01T17:48:54Z,2015-04-01T23:59:54Z,1485,1485,0,14.999925,15.0,15.0,0.0,0,0,0,0,-0.0,0.0,0.0,-3.577827e-13,1.298944e-13,4.850638e-13,False,0.0,False
2015-04-02,RS01SLBS-MJ01A-06-PRESTA101,1,True,2015-04-02T00:00:09Z,2015-04-02T23:59:54Z,5760,5760,0,14.999925,15.0,15.0,-0.0,0,0,0,0,0.0,0.0,0.0,2.805148e-12,1.486283e-12,5.820766e-12,False,0.0,False
2015-04-03,RS01SLBS-MJ01A-06-PRESTA101,1,True,2015-04-03T00:00:09Z,2015-04-03T23:59:54Z,5760,5760,0,14.999925,15.0,15.0,-0.0,0,0,0,0,0.0,0.0,0.0,2.805148e-12,1.486283e-12,5.820766e-12,False,0.0,False
2015-04-04,RS01SLBS-MJ01A-06-PRESTA101,1,True,2015-04-04T00:00:09Z,2015-04-04T23:59:54Z,5760,5760,0,14.999925,15.0,15.0,-0.0,0,0,0,0,0.0,0.0,0.0,2.805148e-12,1.486283e-12,5.820766e-12,False,0.0,False
2015-04-05,RS01SLBS-MJ01A-06-PRESTA101,1,True,2015-04-05T00:00:09Z,2015-04-05T23:59:54Z,5760,5760,0,14.999925,15.0,15.0,-0.0,0,0,0,0,0.0,0.0,0.0,2.805148e-12,1.486283e-12,5.820766e-12,False,0.0,False
2015-04-06,RS01SLBS-MJ01A-06-PRESTA101,1,True,2015-04-06T00:00:09Z,2015-04-06T23:59:54Z,5760,5760,0,14.999925,15.0,15.0,-0.0,0,0,0,0,0.0,0.0,0.0,2.805148e-12,1.486283e-12,5.820766e-12,False,0.0,False
2015-04-07,RS01SLBS-MJ01A-06-PRESTA101,1,True,2015-04-07T00:00:09Z,2015-04-07T23:59:54Z,5760,5760,0,14.999925,15.0,15.0,-0.0,0,0,0,0,0.0,0.0,0.0,2.805148e-12,1.486283e-12,5.820766e-12,False,0.0,False
2015-04-08,RS01SLBS-MJ01A-06-PRESTA101,1,True,2015-04-08T00:00:09Z,2015-04-08T23:59:54Z,5760,5760,0,14.999925,15.0,15.0,-0.0,0,0,0,0,0.0,0.0,0.0,2.805148e-12,1.486283e-12,5.820766e-12,False,0.0,False
2015-04-09,RS01SLBS-MJ01A-06-PRESTA101,1,True,2015-04-09T00:00:09Z,2015-04-09T23:59:54Z,5760,5760,0,14.999925,15.0,15.0,-0.0,0,0,0,0,0.0,0.0,0.0,2.805148e-12,1.486283e-12,5.820766e-12,False,0.0,False
2015-04-10,RS01SLBS-MJ01A-06-PRESTA101,1,True,2015-04-10T00:00:09Z,2015-04-10T23:59:54Z,5760,5760,0,14.999925,15.0,15.0,-0.0,0,0,0,0,0.0,0.0,0.0,2.805148e-12,1.486283e-12,5.820766e-12,False,0.0,False
2015-04-11,RS01SLBS-MJ01A-06-PRESTA101,1,True,2015-04-11T00:00:09Z,2015-04-11T23:59:54Z,5760,5760,0,14.999925,15.0,15.0,-0.0,0,0,0,0,0.0,0.0,0.0,2.805148e-12,1.486283e-12,5.820766e-12,False,0.0,False
2015-04-12,RS01SLBS-MJ01A-06-PRESTA101,1,True,2015-04-12T00:00:09Z,2015-04-12T23:59:54Z,5760,5760,0,14.999925,15.0,15.0,-0.0,0,0,0,0,0.0,0.0,0.0,2.805148e-12,1.486283e-12,5.820766e-12,False,0.0,False
2015-04-13,RS01SLBS-MJ01A-06-PRESTA101,1,True,2015-04-13T00:00:09Z,2015-04-13T23:59:54Z,5760,5760,0,14.999925,15.0,15.0,-0.0,0,0,0,0,0.0,0.0,0.0,2.805148e-12,1.486283e-12,5.820766e-12,False,0.0,False
2015-04-14,RS01SLBS-MJ01A-06-PRESTA101,1,True,2015-04-14T00:00:09Z,2015-04-14T23:59:54Z,5760,5760,0,14.999925,15.0,15.0,-0.0,0,0,0,0,0.0,0.0,0.0,2.805148e-12,1.486283e-12,5.820766e-12,False,0.0,False
2015-04-15,RS01SLBS-MJ01A-06-PRESTA101,1,True,2015-04-15T00:00:09Z,2015-04-15T23:59:54Z,5760,5760,0,14.999925,15.0,15.0,-0.0,0,0,0,0,0.0,0.0,0.0,2.805148e-12,1.486283e-12,5.820766e-12,False,0.0,False
2015-04-16,RS01SLBS-MJ01A-06-PRESTA101,1,True,2015-04-16T00:00:09Z,2015-04-16T23:59:54Z,5760,5760,0,14.999925,15.0,15.0,-0.0,0,0,0,0,0.0,0.0,0.0,2.805148e-12,1.486283e-12,5.820766e-12,False,0.0,False
2015-04-17,RS01SLBS-MJ01A-06-PRESTA101,1,True,2015-04-17T00:00:09Z,2015-04-17T23:59:54Z,5760,5760,0,14.999925,15.0,15.0,-0.0,0,0,0,0,0.0,0.0,0.0,2.805148e-12,1.486283e-12,5.820766e-12,False,0.0,False
2015-04-18,RS01SLBS-MJ01A-06-PRESTA101,1,True,2015-04-18T00:00:09Z,2015-04-18T23:59:54Z,5760,5760,0,14.999925,15.0,15.0,-0.0,0,0,0,0,0.0,0.0,0.0,2.805148e-12,1.486283e-12,5.820766e-12,False,0.0,False
2015-04-19,RS01SLBS-MJ01A-06-PRESTA101,1,True,2015-04-19T00:00:09Z,2015-04-19T23:59:54Z,5760,5760,0,14.999925,15.0,15.0,-0.0,0,0,0,0,0.0,0.0,0.0,2.805148e-12,1.486283e-12,5.820766e-12,False,0.0,False
2015-04-20,RS01SLBS-MJ01A-06-PRESTA101,1,True,2015-04-20T00:00:09Z,2015-04-20T23:59:54Z,5760,5760,0,14.999925,15.0,15.0,-0.0,0,0,0,0,0.0,0.0,0.0,2.805148e-12,1.486283e-12,5.820766e-12,False,0.0,False
2015-04-21,RS01SLBS-MJ01A-06-PRESTA101,1,True,2015-04-21T00:00:09Z,2015-04-21T23:59:54Z,5760,5760,0,14.999925,15.0,15.0,-0.0,0,0,0,0,0.0,0.0,0.0,2.805148e-12,1.486283e-12,5.820766e-12,False,0.0,False
2015-04-22,RS01SLBS-MJ01A-06-PRESTA101,1,True,2015-04-22T00:00:09Z,2015-04-22T23:59:54Z,5760,5760,0,14.999925,15.0,15.0,-0.0,0,0,0,0,0.0,0.0,0.0,2.805148e-12,1.486283e-12,5.820766e-12,False,0.0,False
2015-04-23,RS01SLBS-MJ01A-06-PRESTA101,1,True,2015-04-23T00:00:09Z,2015-04-23T23:59:54Z,5760,5760,0,14.999925,15.0,15.0,-0.0,0,0,0,0,0.0,0.0,0.0,2.805148e-12,1.486283e-12,5.820766e-12,False,0.0,False
2015-04-24,RS01SLBS-MJ01A-06-PRESTA101,1,True,2015-04-24T00:00:09Z,2015-04-24T23:59:54Z,5760,5760,0,14.999925,15.0,15.0,-0.0,0,0,0,0,0.0,0.0,0.0,2.805148e-12,1.486283e-12,5.820766e-12,False,0.0,False
2015-04-25,RS01SLBS-MJ01A-06-PRESTA101,1,True,2015-04-25T00:00:09Z,2015-04-25T23:59:54Z,5760,5760,0,14.999925,15.0,15.0,-0.0,0,0,0,0,0.0,0.0,0.0,2.805148e-12,1.486283e-12,5.820766e-12,False,0.0,False
2015-04-26,RS01SLBS-MJ01A-06-PRESTA101,1,True,2015-04-26T00:00:09Z,2015-04-26T23:59:54Z,5760,5760,0,14.999925,15.0,15.0,-0.0,0,0,0,0,0.0,0.0,0.0,2.805148e-12,1.486283e-12,5.820766e-12,False,0.0,False
2015-04-27,RS01SLBS-MJ01A-06-PRESTA101,1,True,2015-04-27T00:00:09Z,2015-04-27T23:59:54Z,5760,5760,0,14.999925,15.0,15.0,-0.0,0,0,0,0,0.0,0.0,0.0,2.805148e-12,1.486283e-12,5.820766e-12,False,0.0,False
2015-04-28,RS01SLBS-MJ01A-06-PRESTA101,1,True,2015-04-28T00:00:09Z,2015-04-28T23:59:54Z,5760,5760,0,14.999925,15.0,15.0,-0.0,0,0,0,0,0.0,0.0,0.0,2.805148e-12,1.486283e-12,5.820766e-12,False,0.0,False
2015-04-29,RS01SLBS-MJ01A-06-PRESTA101,1,True,2015-04-29T00:00:09Z,2015-04-29T23:59:54Z,5760,5760,0,14.999925,15.0,15.0,-0.0,0,0,0,0,0.0,0.0,0.0,2.805148e-12,1.486283e-12,5.820766e-12,False,0.0,False
2015-04-30,RS01SLBS-MJ01A-06-PRESTA101,1,True,2015-04-30T00:00:09Z,2015-04-30T23:59:54Z,5760,5760,0,14.999925,15.0,15.0,-0.0,0,0,0,0,0.0,0.0,0.0,2.805148e-12,1.486283e-12,5.820766e-12,False,0.0,False
2015-05-01,RS01SLBS-MJ01A-06-PRESTA101,1,True,2015-05-01T00:00:09Z,2015-05-01T23:59:54Z,5760,5760,0,14.999925,15.0,15.0,-0.0,0,0,0,0,0.0,0.0,0.0,2.805148e-12,1.486283e-12,5.820766e-12,False,0.0,False
2015-05-02,RS01SLBS-MJ01A-06-PRESTA101,1,True,2015-05-02T00:00:09Z,2015-05-02T23:59:54Z,5760,5760,0,14.999925,15.0,15.0,-0.0,0,0,0,0,0.0,0.0,0.0,2.805148e-12,1.486283e-12,5.820766e-12,False,0.0,False
2015-05-03,RS01SLBS-MJ01A-06-PRESTA101,1,True,2015-05-03T00:00:09Z,2015-05-03T23:59:54Z,5760,5760,0,14.999925,15.0,15.0,-0.0,0,0,0,0,0.0,0.0,0.0,2.805148e-12,1.486283e-12,5.820766e-12,False,0.0,False
2015-05-04,RS01SLBS-MJ01A-06-PRESTA101,1,True,2015-05-04T00:00:09Z,2015-05-04T23:59:54Z,5760,5760,0,14.999925,15.0,15.0,-0.0,0,0,0,0,0.0,0.0,0.0,2.805148e-12,1.486283e-12,5.820766e-12,False,0.0,False
2015-05-05,RS01SLBS-MJ01A-06-PRESTA101,1,True,2015-05-05T00:00:09Z,2015-05-05T23:59:54Z,5760,5760,0,14.999925,15.0,15.0,-0.0,0,0,0,0,0.0,0.0,0.0,2.805148e-12,1.486283e-12,5.820766e-12,False,0.0,False
2015-05-06,RS01SLBS-MJ01A-06-PRESTA101,1,True,2015-05-06T00:00:09Z,2015-05-06T23:59:54Z,5760,5760,0,14.999925,15.0,15.0,-0.0,0,0,0,0,0.0,0.0,0.0,2.805148e-12,1.486283e-12,5.820766e-12,False,0.0,False
2015-05-07,RS01SLBS-MJ01A-06-PRESTA101,1,True,2015-05-07T00:00:09Z,2015-05-07T23:59:54Z,5760,5760,0,14.999925,15.0,15.0,-0.0,0,0,0,0,0.0,0.0,0.0,2.805148e-12,1.486283e-12,5.820766e-12,False,0.0,False
2015-05-08,RS01SLBS-MJ01A-06-PRESTA101,1,True,2015-05-08T00:00:09Z,2015-05-08T23:59:54Z,5760,5760,0,14.999925,15.0,15.0,-0.0,0,0,0,0,0.0,0.0,0.0,2.805148e-12,1.486283e-12,5.820766e-12,False,0.0,False
2015-05-09,RS01SLBS-MJ01A-06-PRESTA101,1,True,2015-05-09T00:00:09Z,2015-05-09T23:59:54Z,5760,5760,0,14.999925,15.0,15.0,-0.0,0,0,0,0,0.0,0.0,0.0,2.805148e-12,1.486283e-12,5.820766e-12,False,0.0,False
2015-05-10,RS01SLBS-MJ01A-06-PRESTA101,1,True,2015-05-10T00:00:09Z,2015-05-10T23:59:54Z,5760,5760,0,14.999925,15.0,15.0,-0.0,0,0,0,0,0.0,0.0,0.0,2.805148e-12,1.486283e-12,5.820766e-12,False,0.0,False
2015-05-11,RS01SLBS-MJ01A-06-PRESTA101,1,True,2015-05-11T00:00:09Z,2015-05-11T23:59:54Z,5760,5760,0,14.999925,15.0,15.0,-0.0,0,0,0,0,0.0,0.0,0.0,2.805148e-12,1.486283e-12,5.820766e-12,False,0.0,False
2015-05-12,RS01SLBS-MJ01A-06-PRESTA101,1,True,2015-05-12T00:00:09Z,2015-05-12T23:59:54Z,5760,5760,0,14.999925,15.0,15.0,-0.0,0,0,0,0,0.0,0.0,0.0,2.805148e-12,1.486283e-12,5.820766e-12,False,0.0,False
2015-05-13,RS01SLBS-MJ01A-06-PRESTA101,1,True,2015-05-13T00:00:09Z,2015-05-13T23:59:54Z,5760,5760,0,14.999925,15.0,15.0,-0.0,0,0,0,0,0.0,0.0,0.0,2.805148e-12,1.486283e-12,5.820766e-12,False,0.0,False
2015-05-14,RS01SLBS-MJ01A-06-PRESTA101,1,True,2015-05-14T00:00:09Z,2015-05-14T23:59:54Z,5760,5760,0,14.999925,15.0,15.0,-0.0,0,0,0,0,0.0,0.0,0.0,2.805148e-12,1.486283e-12,5.820766e-12,False,0.0,False
2015-05-15,RS01SLBS-MJ01A-06-PRESTA101,1,True,2015-05-15T00:00:09Z,2015-05-15T23:59:54Z,5760,5760,0,14.999925,15.0,15.0,-0.0,0,0,0,0,0.0,0.0,0.0,2.805148e-12,1.486283e-12,5.820766e-12,False,0.0,False
2015-05-16,RS01SLBS-MJ01A-06-PRESTA101,1,True,2015-05-16T00:00:09Z,2015-05-16T23:59:54Z,5760,5760,0,14.999925,15.0,15.0,-0.0,0,0,0,0,0.0,0.0,0.0,2.805148e-12,1.486283e-12,5.820766e-12,False,0.0,False
2015-05-17,RS01SLBS-MJ01A-06-PRESTA101,1,True,2015-05-17T00:00:09Z,2015-05-17T23:59:54Z,5760,5760,0,14.999925,15.0,15.0,-0.0,0,0,0,0,0.0,0.0,0.0,2.805148e-12,1.486283e-12,5.820766e-12,False,0.0,False
2015-05-18,RS01SLBS-MJ01A-06-PRESTA101,1,True,2015-05-18T00:00:09Z,2015-05-18T23:59:54Z,5760,5760,0,14.999925,15.0,15.0,-0.0,0,0,0,0,0.0,0.0,0.0,2.805148e-12,1.486283e-12,5.820766e-12,False,0.0,False
2015-05-19,RS01SLBS-MJ01A-06-PRESTA101,1,True,2015-05-19T00:00:09Z,2015-05-19T23:59:54Z,5760,5760,0,14.999925,15.0,15.0,-0.0,0,0,0,0,0.0,0.0,0.0,2.805148e-12,1.486283e-12,5.820766e-12,False,0.0,False
2015-05-20,RS01SLBS-MJ01A-06-PRESTA101,1,True,2015-05-20T00:00:09Z,2015-05-20T23:59:54Z,5760,5760,0,14.999925,15.0,15.0,-0.0,0,0,0,0,0.0,0.0,0.0,2.805148e-12,1.486283e-12,5.820766e-12,False,0.0,False
2015-05-21,RS01SLBS-MJ01A-06-PRESTA101,1,True,2015-05-21T00:00:09Z,2015-05-21T23:59:54Z,5760,5760,0,14.999925,15.0,15.0,-0.0,0,0,0,0,0.0,0.0,0.0,2.805148e-12,1.486283e-12,5.820766e-12,False,0.0,False
2015-05-22,RS01SLBS-MJ01A-06-PRESTA101,1,True,2015-05-22T00:00:09Z,2015-05-22T23:59:54Z,5760,5760,0,14.999925,15.0,15.0,-0.0,0,0,0,0,0.0,0.0,0.0,2.805148e-12,1.486283e-12,5.820766e-12,False,0.0,False
2015-05-23,RS01SLBS-MJ01A-06-PRESTA101,1,True,2015-05-23T00:00:09Z,2015-05-23T23:59:54Z,5760,5760,0,14.999925,15.0,15.0,-0.0,0,0,0,0,0.0,0.0,0.0,2.805148e-12,1.486283e-12,5.820766e-12,False,0.0,False
2015-05-24,RS01SLBS-MJ01A-06-PRESTA101,1,True,2015-05-24T00:00:09Z,2015-05-24T23:59:54Z,5760,5760,0,14.999925,15.0,15.0,-0.0,0,0,0,0,0.0,0.0,0.0,2.805148e-12,1.486283e-12,5.820766e-12,False,0.0,False
2015-05-25,RS01SLBS-MJ01A-06-PRESTA101,1,True,2015-05-25T00:00:09Z,2015-05-25T23:59:54Z,5760,5760,0,14.999925,15.0,15.0,-0.0,0,0,0,0,0.0,0.0,0.0,2.805148e-12,1.486283e-12,5.820766e-12,False,0.0,False
2015-05-26,RS01SLBS-MJ01A-06-PRESTA101,1,True,2015-05-26T00:00:09Z,2015-05-26T23:59:54Z,5760,5760,0,14.999925,15.0,15.0,-0.0,0,0,0,0,0.0,0.0,0.0,2.805148e-12,1.486283e-12,5.820766e-12,False,0.0,False
2015-05-27,RS01SLBS-MJ01A-06-PRESTA101,1,True,2015-05-27T00:00:09Z,2015-05-27T23:59:54Z,5760,5760,0,14.999925,15.0,15.0,-0.0,0,0,0,0,0.0,0.0,0.0,2.805148e-12,1.486283e-12,5.820766e-12,False,0.0,False
2015-05-28,RS01SLBS-MJ01A-06-PRESTA101,1,True,2015-05-28T00:00:09Z,2015-05-28T23:59:54Z,5760,5760,0,14.999925,15.0,15.0,-0.0,0,0,0,0,0.0,0.0,0.0,2.805148e-12,1.486283e-12,5.820766e-12,False,0.0,False
2015-05-29,RS01SLBS-MJ01A-06-PRESTA101,1,True,2015-05-29T00:00:09Z,2015-05-29T23:59:54Z,5760,5760,0,14.999925,15.0,15.0,-0.0,0,0,0,0,0.0,0.0,0.0,2.805148e-12,1.486283e-12,5.820766e-12,False,0.0,False
2015-05-30,RS01SLBS-MJ01A-06-PRESTA101,1,True,2015-05-30T00:00:09Z,2015-05-30T23:59:54Z,5760,5760,0,14.999925,15.0,15.0,-0.0,0,0,0,0,0.0,0.0,0.0,2.805148e-12,1.486283e-12,5.820766e-12,False,0.0,False
2015-05-31,RS01SLBS-MJ01A-06-PRESTA101,1,True,2015-05-31T00:00:09Z,2015-05-31T23:59:54Z,5760,5760,0,14.999925,15.0,15.0,-0.0,0,0,0,0,0.0,0.0,0.0,2.805148e-12,1.486283e-12,5.820766e-12,False,0.0,False
2015-06-01,RS01SLBS-MJ01A-06-PRESTA101,1,True,2015-06-01T00:00:09Z,2015-06-01T23:59:54Z,5760,5760,0,14.999925,15.0,15.0,-0.0,0,0,0,0,0.0,0.0,0.0,2.805148e-12,1.486283e-12,5.820766e-12,False,0.0,False
2015-06-02,RS01SLBS-MJ01A-06-PRESTA101,1,True,2015-06-02T00:00:09Z,2015-06-02T23:59:54Z,5760,5760,0,14.999925,15.0,15.0,-0.0,0,0,0,0,0.0,0.0,0.0,2.805148e-12,1.486283e-12,5.820766e-12,False,0.0,False
2015-06-03,RS01SLBS-MJ01A-06-PRESTA101,1,True,2015-06-03T00:00:09Z,2015-06-03T23:59:54Z,5760,5760,0,14.999925,15.0,15.0,-0.0,0,0,0,0,0.0,0.0,0.0,2.805148e-12,1.486283e-12,5.820766e-12,False,0.0,False
2015-06-04,RS01SLBS-MJ01A-06-PRESTA101,1,True,2015-06-04T00:00:09Z,2015-06-04T23:59:54Z,5760,5760,0,14.999925,15.0,15.0,-0.0,0,0,0,0,0.0,0.0,0.0,2.805148e-12,1.486283e-12,5.820766e-12,False,0.0,False
2015-06-05,RS01SLBS-MJ01A-06-PRESTA101,1,True,2015-06-05T00:00:09Z,2015-06-05T23:59:54Z,5760,5760,0,14.999925,15.0,15.0,-0.0,0,0,0,0,0.0,0.0,0.0,2.805148e-12,1.486283e-12,5.820766e-12,False,0.0,False
2015-06-06,RS01SLBS-MJ01A-06-PRESTA101,1,True,2015-06-06T00:00:09Z,2015-06-06T23:59:54Z,5760,5760,0,14.999925,15.0,15.0,-0.0,0,0,0,0,0.0,0.0,0.0,2.805148e-12,1.486283e-12,5.820766e-12,False,0.0,False
2015-06-07,RS01SLBS-MJ01A-06-PRESTA101,1,True,2015-06-07T00:00:09Z,2015-06-07T23:59:54Z,5760,5760,0,14.999925,15.0,15.0,-0.0,0,0,0,0,0.0,0.0,0.0,2.805148e-12,1.486283e-12,5.820766e-12,False,0.0,False
2015-06-08,RS01SLBS-MJ01A-06-PRESTA101,1,True,2015-06-08T00:00:09Z,2015-06-08T23:59:54Z,5760,5760,0,14.999925,15.0,15.0,-0.0,0,0,0,0,0.0,0.0,0.0,2.805148e-12,1.486283e-12,5.820766e-12,False,0.0,False
2015-06-09,RS01SLBS-MJ01A-06-PRESTA101,1,True,2015-06-09T00:00:09Z,2015-06-09T23:59:54Z,5760,5760,0,14.999925,15.0,15.0,-0.0,0,0,0,0,0.0,0.0,0.0,2.805148e-12,1.486283e-12,5.820766e-12,False,0.0,False
2015-06-10,RS01SLBS-MJ01A-06-PRESTA101,1,True,2015-06-10T00:00:09Z,2015-06-10T23:59:54Z,5760,5760,0,14.999925,15.0,15.0,-0.0,0,0,0,0,0.0,0.0,0.0,2.805148e-12,1.486283e-12,5.820766e-12,False,0.0,False
2015-06-11,RS01SLBS-MJ01A-06-PRESTA101,1,True,2015-06-11T00:00:09Z,2015-06-11T23:59:54Z,5760,5760,0,14.999925,15.0,15.0,-0.0,0,0,0,0,0.0,0.0,0.0,2.805148e-12,1.486283e-12,5.820766e-12,False,0.0,False
2015-06-12,RS01SLBS-MJ01A-06-PRESTA101,1,True,2015-06-12T00:00:09Z,2015-06-12T23:59:54Z,5760,5760,0,14.999925,15.0,15.0,-0.0,0,0,0,0,0.0,0.0,0.0,2.805148e-12,1.486283e-12,5.820766e-12,False,0.0,False
2015-06-13,RS01SLBS-MJ01A-06-PRESTA101,1,True,2015-06-13T00:00:09Z,2015-06-13T23:59:54Z,5760,5760,0,14.999925,15.0,15.0,-0.0,0,0,0,0,0.0,0.0,0.0,2.805148e-12,1.486283e-12,5.820766e-12,False,0.0,False
2015-06-14,RS01SLBS-MJ01A-06-PRESTA101,1,True,2015-06-14T00:00:09Z,2015-06-14T23:59:54Z,5760,5760,0,14.999925,15.0,15.0,-0.0,0,0,0,0,0.0,0.0,0.0,2.805148e-12,1.486283e-12,5.820766e-12,False,0.0,False
2015-06-15,RS01SLBS-MJ01A-06-PRESTA101,1,True,2015-06-15T00:00:09Z,2015-06-15T23:59:54Z,2582,5760,3178,14.999925,15.0,15.0,-0.0,1,3178,1,3178,0.0,0.0,0.0,1.767012e-13,1.990786e-13,4.850638e-13,False,0.0,True
2015-06-16,RS01SLBS-MJ01A-06-PRESTA101,1,True,2015-06-16T00:00:06Z,2015-06-16T23:59:48Z,5729,5760,31,14.999925,15.000149727,14.999974782,-6.856345969,3,31,3,31,-0.0,3420.864657,6879.057725,-8.170063e-13,0.228058,0.4586046,True,0.466718,True
2015-06-17,RS01SLBS-MJ01A-06-PRESTA101,1,True,2015-06-17T00:00:03Z,2015-06-17T23:59:59Z,5700,5761,61,14.999925,15.00017643,14.999182308,4.428039711,5,61,5,61,0.0,2193.971598,8220.990482,2.360597e-13,0.1462727,0.5480959,True,0.46604,True
2015-06-18,RS01SLBS-MJ01A-06-PRESTA101,1,True,2015-06-18T00:00:14Z,2015-06-18T23:59:57Z,5751,5760,9,14.999925,15.000171423,14.999796566,0.354069991,1,9,1,9,0.0,517.48512,1346.741611,2.673378e-13,0.03449948,0.08978399,False,0.133569,True
2015-06-19,RS01SLBS-MJ01A-06-PRESTA101,1,True,2015-06-19T00:00:12Z,2015-06-19T23:59:56Z,5760,5760,0,14.999925,15.000156879,14.999991391,-0.000925385,0,0,0,0,0.0,15.857418,851.698321,2.737889e-12,0.001057162,0.05677992,False,0.056602,False
2015-06-20,RS01SLBS-MJ01A-06-PRESTA101,1,True,2015-06-20T00:00:11Z,2015-06-20T23:59:56Z,5760,5760,0,14.999925,15.000165939,14.999992471,0.002766779,0,0,0,0,0.0,3.752444,19.745601,2.104733e-12,0.0002501631,0.001316374,False,0.001316,False
2015-06-21,RS01SLBS-MJ01A-06-PRESTA101,1,True,2015-06-21T00:00:11Z,2015-06-21T23:59:56Z,5760,5760,0,14.999925,15.000146866,14.999991641,-0.000979413,0,0,0,0,0.0,4.108982,20.250049,2.540955e-12,0.0002739323,0.001350004,False,0.001273,False
2015-06-22,RS01SLBS-MJ01A-06-PRESTA101,1,True,2015-06-22T00:00:11Z,2015-06-22T23:59:51Z,5751,5760,9,14.999925,15.000166655,14.999856884,0.256216866,1,9,1,9,-0.0,770.210359,4500.862244,-8.720031e-13,0.05134785,0.3000603,False,0.333294,True
2015-06-23,RS01SLBS-MJ01A-06-PRESTA101,1,True,2015-06-23T00:00:06Z,2015-06-23T23:59:51Z,5760,5760,0,14.999925,15.000161171,14.999991086,0.001114818,0,0,0,0,0.0,3.797291,18.796515,2.219953e-12,0.0002531529,0.001253102,False,0.001386,False
2015-06-24,RS01SLBS-MJ01A-06-PRESTA101,1,True,2015-06-24T00:00:06Z,2015-06-24T23:59:49Z,5732,5760,28,14.999925,15.000160694,14.999228184,1.026075082,3,28,3,28,0.0,1672.693824,3937.830701,6.184573e-13,0.1115187,0.2625356,False,0.400292,True
2015-06-25,RS01SLBS-MJ01A-06-PRESTA101,1,True,2015-06-25T00:00:04Z,2015-06-25T23:59:49Z,5760,5760,0,14.999925,15.000156879,14.999991273,0.001519087,0,0,0,0,0.0,3.071664,16.57733,2.281534e-12,0.0002047777,0.001105156,False,0.001257,False
2015-06-26,RS01SLBS-MJ01A-06-PRESTA101,1,True,2015-06-26T00:00:04Z,2015-06-26T23:59:49Z,5760,5760,0,14.999925,15.000152588,14.999991055,0.002247122,0,0,0,0,0.0,3.388785,19.151286,3.065533e-12,0.0002259191,0.001276753,False,0.001356,False
2015-06-27,RS01SLBS-MJ01A-06-PRESTA101,1,True,2015-06-27T00:00:04Z,2015-06-27T23:59:56Z,5752,5760,8,14.999925,15.000165939,15.001735022,-2.252436078,1,8,1,8,-0.0,1816.900085,3814.350392,-1.686314e-12,0.1211127,0.2542606,False,0.466462,True
2015-06-28,RS01SLBS-MJ01A-06-PRESTA101,1,True,2015-06-28T00:00:11Z,2015-06-28T23:59:56Z,5760,5760,0,14.999925,15.000163078,14.999991275,-0.000163656,0,0,0,0,0.0,3.464005,18.790905,1.863274e-12,0.0002309338,0.001252728,False,0.001259,False
2015-06-29,RS01SLBS-MJ01A-06-PRESTA101,1,True,2015-06-29T00:00:11Z,2015-06-29T23:59:56Z,5760,5760,0,14.999925,15.000164986,14.999991094,-0.00109342,0,0,0,0,0.0,4.308967,19.547548,1.506156e-12,0.0002872646,0.001303171,False,0.001343,False
2015-06-30,RS01SLBS-MJ01A-06-PRESTA101,1,False,,,0,0,,14.999925,,,,,,,,,,,,,,,,False
2015-07-01,RS01SLBS-MJ01A-06-PRESTA101,1,True,2015-07-01T00:00:03Z,2015-07-01T23:59:47Z,5760,5760,0,14.999925,15.000069141,14.999992966,-1.002366228,0,0,0,0,0.0,48.325063,1003.426721,2.111417e-12,0.003221672,0.06689515,False,0.066389,False
2015-07-02,RS01SLBS-MJ01A-06-PRESTA101,1,True,2015-07-02T00:00:02Z,2015-07-02T23:59:46Z,5760,5760,0,14.999925,15.0001688,14.999990544,-0.001096603,0,0,0,0,0.0,3.478551,18.348137,1.960884e-12,0.0002319035,0.00122321,False,0.001272,False
2015-07-03,RS01SLBS-MJ01A-06-PRESTA101,1,True,2015-07-03T00:00:01Z,2015-07-03T23:59:46Z,5752,5760,8,14.999925,15.000158787,14.999991945,0.002923036,1,8,1,8,0.0,3.34388,19.778444,1.28402e-12,0.0002229254,0.001318564,False,0.001387,True
2015-07-04,RS01SLBS-MJ01A-06-PRESTA101,1,True,2015-07-04T00:00:01Z,2015-07-04T23:59:46Z,5760,5760,0,14.999925,15.000159264,14.999992079,-0.002957468,0,0,0,0,0.0,3.031006,16.858058,2.603701e-12,0.0002020672,0.001123871,False,0.001288,False
2015-07-05,RS01SLBS-MJ01A-06-PRESTA101,1,True,2015-07-05T00:00:01Z,2015-07-05T23:59:46Z,5760,5760,0,14.999925,15.000185013,14.999991356,-0.003343173,0,0,0,0,0.0,3.357534,17.568817,2.69572e-12,0.0002238357,0.001171255,False,0.001305,False
2015-07-06,RS01SLBS-MJ01A-06-PRESTA101,1,True,2015-07-06T00:00:01Z,2015-07-06T23:59:46Z,5760,5760,0,14.999925,15.000165462,14.999991806,-0.002378029,0,0,0,0,0.0,3.023956,19.680574,2.446891e-12,0.0002015972,0.001312039,False,0.001311,False
2015-07-07,RS01SLBS-MJ01A-06-PRESTA101,1,True,2015-07-07T00:00:01Z,2015-07-07T23:59:46Z,5760,5760,0,14.999925,15.000154018,14.999991275,0.000351184,0,0,0,0,0.0,3.215436,17.63389,2.39652e-12,0.0002143625,0.001175593,False,0.00125,False
2015-07-08,RS01SLBS-MJ01A-06-PRESTA101,1,True,2015-07-08T00:00:01Z,2015-07-08T23:59:47Z,5751,5760,9,14.999925,15.000183582,15.000202832,-0.323447316,1,9,1,9,-0.0,281.533296,549.476606,-1.057209e-13,0.01876863,0.03663128,False,0.066314,True
2015-07-09,RS01SLBS-MJ01A-06-PRESTA101,1,True,2015-07-09T00:00:02Z,2015-07-09T23:59:48Z,5751,5760,9,14.999925,15.000155449,15.000012969,0.906054169,1,9,1,9,0.0,137.795676,924.476312,3.537069e-14,0.00918637,0.0616317,False,0.066385,True
2015-07-10,RS01SLBS-MJ01A-06-PRESTA101,1,True,2015-07-10T00:00:03Z,2015-07-10T23:59:56Z,5722,5761,39,14.999925,15.000172615,14.99848573,2.296942825,2,39,2,39,0.0,1964.256633,3841.477455,4.228685e-13,0.1309637,0.2561244,False,0.466978,True
2015-07-11,RS01SLBS-MJ01A-06-PRESTA101,1,True,2015-07-11T00:00:11Z,2015-07-11T23:59:56Z,5760,5760,0,14.999925,15.000176907,14.999992058,0.001100391,0,0,0,0,0.0,3.28831,17.895131,3.818397e-13,0.0002192208,0.001193009,False,0.001262,False
2015-07-12,RS01SLBS-MJ01A-06-PRESTA101,1,True,2015-07-12T00:00:11Z,2015-07-12T23:59:56Z,5760,5760,0,14.999925,15.000178337,14.999991579,0.003253062,0,0,0,0,0.0,3.104358,19.052555,2.083798e-12,0.0002069573,0.001270171,False,0.001543,False
2015-07-13,RS01SLBS-MJ01A-06-PRESTA101,1,True,2015-07-13T00:00:11Z,2015-07-13T23:59:56Z,5760,5760,0,14.999925,15.000183105,14.999991575,0.000621761,0,0,0,0,0.0,3.035981,17.358797,2.229142e-12,0.0002023988,0.001157254,False,0.001366,False
2015-07-14,RS01SLBS-MJ01A-06-PRESTA101,1,True,2015-07-14T00:00:11Z,2015-07-14T23:59:46Z,5751,5759,8,14.999925,15.000151634,15.000855142,-1.439982169,1,8,1,8,0.0,1442.32775,2607.287012,1.221921e-12,0.0961497,0.1738092,False,0.333399,True
2015-07-15,RS01SLBS-MJ01A-06-PRESTA101,1,True,2015-07-15T00:00:01Z,2015-07-15T23:59:46Z,3355,5760,2405,14.999925,15.000185013,14.999990893,0.00125011,1,2405,1,2405,0.0,3.090394,17.097779,7.140194e-13,0.0002060264,0.001139853,False,0.030805,True
2015-07-16,RS01SLBS-MJ01A-06-PRESTA101,1,True,2015-07-16T00:00:01Z,2015-07-16T23:59:48Z,5723,5760,37,14.999925,15.000153542,15.00040292,-0.644317399,2,37,2,37,-0.0,565.553345,1081.267456,-5.048653e-13,0.03770254,0.07208256,False,0.13325,True
2015-07-17,RS01SLBS-MJ01A-06-PRESTA101,1,True,2015-07-17T00:00:03Z,2015-07-17T23:59:48Z,5760,5760,0,14.999925,15.00014019,14.999991682,0.003301449,0,0,0,0,0.0,3.198473,18.615974,1.602685e-12,0.0002132316,0.001241066,False,0.001216,False
2015-07-18,RS01SLBS-MJ01A-06-PRESTA101,1,True,2015-07-18T00:00:03Z,2015-07-18T23:59:48Z,5760,5760,0,14.999925,15.000169754,14.999991566,0.000922196,0,0,0,0,0.0,3.168291,20.042304,3.141005e-12,0.0002112195,0.001336154,False,0.001423,False
2015-07-19,RS01SLBS-MJ01A-06-PRESTA101,1,True,2015-07-19T00:00:03Z,2015-07-19T23:59:48Z,5760,5760,0,14.999925,15.000168324,14.999991303,0.00097669,0,0,0,0,0.0,3.199189,17.015507,2.595744e-12,0.0002132794,0.001134368,False,0.001339,False
2015-07-20,RS01SLBS-MJ01A-06-PRESTA101,1,True,2015-07-20T00:00:03Z,2015-07-20T23:59:48Z,5760,5760,0,14.999925,15.000153065,14.999991279,0.003272547,0,0,0,0,0.0,3.191576,20.73473,3.350288e-12,0.0002127718,0.001382316,False,0.001525,False
2015-07-21,RS01SLBS-MJ01A-06-PRESTA101,1,True,2015-07-21T00:00:03Z,2015-07-21T23:59:48Z,5760,5760,0,14.999925,15.000164986,14.999991209,-0.001290057,0,0,0,0,0.0,3.203115,18.217319,2.660422e-12,0.0002135411,0.001214489,False,0.001328,False
2015-07-22,RS01SLBS-MJ01A-06-PRESTA101,1,True,2015-07-22T00:00:03Z,2015-07-22T23:59:47Z,5760,5760,0,14.999925,15.00014925,14.999991314,0.001434461,0,0,0,0,0.0,3.215533,17.934395,2.251102e-12,0.000214369,0.001195627,False,0.001223,False
2015-07-23,RS01SLBS-MJ01A-06-PRESTA101,1,True,2015-07-23T00:00:02Z,2015-07-23T23:59:47Z,5760,5760,0,14.999925,15.000164986,14.999991614,-0.002109585,0,0,0,0,0.0,3.534626,23.12585,2.64531e-12,0.0002356419,0.001541724,False,0.001546,False
2015-07-24,RS01SLBS-MJ01A-06-PRESTA101,1,True,2015-07-24T00:00:02Z,2015-07-24T23:59:47Z,5760,5760,0,14.999925,15.000160217,14.999991557,0.004069235,0,0,0,0,0.0,3.133439,20.816448,3.209117e-12,0.000208896,0.001387764,False,0.001556,False
2015-07-25,RS01SLBS-MJ01A-06-PRESTA101,1,True,2015-07-25T00:00:02Z,2015-07-25T23:59:47Z,5760,5760,0,14.999925,15.000154018,14.999991243,9.023e-06,0,0,0,0,0.0,3.261257,18.084579,2.68637e-12,0.0002174173,0.001205639,False,0.001247,False
2015-07-26,RS01SLBS-MJ01A-06-PRESTA101,1,True,2015-07-26T00:00:02Z,2015-07-26T23:59:47Z,5760,5760,0,14.999925,15.000170708,14.999991435,0.003907968,0,0,0,0,0.0,3.275792,22.40357,3.44976e-12,0.0002183862,0.001493572,False,0.001582,False
2015-07-27,RS01SLBS-MJ01A-06-PRESTA101,1,True,2015-07-27T00:00:02Z,2015-07-27T23:59:47Z,5760,5760,0,14.999925,15.000158787,14.999991556,-0.001176739,0,0,0,0,0.0,3.184273,20.016332,1.658551e-12,0.000212285,0.001334423,False,0.001585,False
2015-07-28,RS01SLBS-MJ01A-06-PRESTA101,1,True,2015-07-28T00:00:02Z,2015-07-28T23:59:47Z,5760,5760,0,14.999925,15.000162125,14.999991618,-0.000580231,0,0,0,0,0.0,3.499472,19.565403,2.69208e-12,0.0002332983,0.001304361,False,0.001244,False
2015-07-29,RS01SLBS-MJ01A-06-PRESTA101,1,True,2015-07-29T00:00:02Z,2015-07-29T23:59:47Z,5760,5760,0,14.999925,15.000170231,14.999992121,0.000836289,0,0,0,0,0.0,4.282148,19.48384,2.364456e-12,0.0002854767,0.001298923,False,0.001264,False
2015-07-30,RS01SLBS-MJ01A-06-PRESTA101,1,True,2015-07-30T00:00:02Z,2015-07-30T23:59:47Z,5760,5760,0,14.999925,15.000174999,14.99999175,-0.001790654,0,0,0,0,0.0,3.99649,20.702903,1.807663e-12,0.0002664328,0.001380194,False,0.001223,False
2015-07-31,RS01SLBS-MJ01A-06-PRESTA101,1,True,2015-07-31T00:00:02Z,2015-07-31T23:59:47Z,5760,5760,0,14.999925,15.000170231,14.999991078,0.001602989,0,0,0,0,0.0,3.213236,17.850523,1.042956e-12,0.0002142159,0.001190036,False,0.001277,False
2015-08-01,RS01SLBS-MJ01A-06-PRESTA101,1,True,2015-08-01T00:00:02Z,2015-08-01T23:59:47Z,5760,5760,0,14.999925,15.000190258,14.999991669,-0.003191267,0,0,0,0,0.0,3.611134,20.400912,2.507976e-12,0.0002407424,0.001360062,False,0.001519,False
2015-08-02,RS01SLBS-MJ01A-06-PRESTA101,1,True,2015-08-02T00:00:02Z,2015-08-02T23:59:47Z,5760,5760,0,14.999925,15.000145912,14.999990489,-0.001966045,0,0,0,0,0.0,3.249292,21.621716,3.379435e-12,0.0002166196,0.001441449,False,0.001552,False
2015-08-03,RS01SLBS-MJ01A-06-PRESTA101,1,True,2015-08-03T00:00:02Z,2015-08-03T23:59:47Z,5760,5760,0,14.999925,15.000156879,14.999991273,-0.00108951,0,0,0,0,0.0,3.078736,16.449959,2.110476e-12,0.0002052492,0.001096665,False,0.001225,False
2015-08-04,RS01SLBS-MJ01A-06-PRESTA101,1,True,2015-08-04T00:00:02Z,2015-08-04T23:59:47Z,5760,5760,0,14.999925,15.000164032,14.999991123,0.001850714,0,0,0,0,0.0,3.823805,19.420621,1.390181e-12,0.0002549205,0.001294709,False,0.001563,False
2015-08-05,RS01SLBS-MJ01A-06-PRESTA101,1,True,2015-08-05T00:00:02Z,2015-08-05T23:59:47Z,5760,5760,0,14.999925,15.000150681,14.999991527,-0.015810975,0,0,0,0,0.0,3.719939,24.312366,1.218448e-12,0.0002479961,0.001620825,False,0.001957,False
2015-08-06,RS01SLBS-MJ01A-06-PRESTA101,1,True,2015-08-06T00:00:02Z,2015-08-06T23:59:47Z,5760,5760,0,14.999925,15.000179768,14.999991534,0.007016297,0,0,0,0,0.0,3.532546,19.003738,2.427308e-12,0.0002355032,0.001266917,False,0.001196,False
2015-08-07,RS01SLBS-MJ01A-06-PRESTA101,1,True,2015-08-07T00:00:02Z,2015-08-07T23:59:47Z,5760,5760,0,14.999925,15.000141144,14.999991626,-0.000921178,0,0,0,0,0.0,3.376846,18.862664,2.578642e-12,0.0002251232,0.001257512,False,0.001464,False
2015-08-08,RS01SLBS-MJ01A-06-PRESTA101,1,True,2015-08-08T00:00:02Z,2015-08-08T23:59:47Z,5760,5760,0,14.999925,15.000154972,14.999991202,-0.003491286,0,0,0,0,0.0,5.607023,20.883421,1.565398e-12,0.0003738018,0.001392229,False,0.00126,False
2015-08-09,RS01SLBS-MJ01A-06-PRESTA101,1,True,2015-08-09T00:00:02Z,2015-08-09T23:59:47Z,5760,5760,0,14.999925,15.000151157,14.999991898,0.000669226,0,0,0,0,0.0,3.419037,18.550048,2.596374e-12,0.0002279359,0.001236671,False,0.001262,False
2015-08-10,RS01SLBS-MJ01A-06-PRESTA101,1,True,2015-08-10T00:00:02Z,2015-08-10T23:59:47Z,5760,5760,0,14.999925,15.000137806,14.999991788,-0.001166888,0,0,0,0,0.0,3.227195,18.171408,2.198444e-12,0.0002151464,0.001211428,False,0.001257,False
2015-08-11,RS01SLBS-MJ01A-06-PRESTA101,1,True,2015-08-11T00:00:02Z,2015-08-11T23:59:46Z,5760,5760,0,14.999925,15.000151634,14.999991584,-0.003846559,0,0,0,0,0.0,13.542067,998.356256,1.923238e-12,0.000902805,0.06655712,False,0.06642,False
2015-08-12,RS01SLBS-MJ01A-06-PRESTA101,1,True,2015-08-12T00:00:01Z,2015-08-12T23:59:46Z,5760,5760,0,14.999925,15.000164986,14.999991263,0.001194225,0,0,0,0,0.0,3.279578,18.727055,2.399156e-12,0.0002186386,0.001248471,False,0.001219,False
2015-08-13,RS01SLBS-MJ01A-06-PRESTA101,1,True,2015-08-13T00:00:01Z,2015-08-13T23:59:46Z,5760,5760,0,14.999925,15.000175953,14.999991371,-0.000520175,0,0,0,0,0.0,3.788525,18.848762,1.078652e-12,0.0002525684,0.001256585,False,0.001227,False
2015-08-14,RS01SLBS-MJ01A-06-PRESTA101,1,True,2015-08-14T00:00:01Z,2015-08-14T23:59:46Z,5760,5760,0,14.999925,15.000174999,14.999991804,-0.001256844,0,0,0,0,0.0,3.274566,18.094966,2.91944e-12,0.0002183045,0.001206332,False,0.001283,False
2015-08-15,RS01SLBS-MJ01A-06-PRESTA101,1,True,2015-08-15T00:00:01Z,2015-08-15T14:05:16Z,3382,3382,0,14.999925,15.000159264,14.999990262,-0.002323483,0,0,0,0,0.0,3.002515,18.971348,6.866519e-13,0.0002001678,0.001264757,False,0.001412,False
2015-08-16,RS01SLBS-MJ01A-06-PRESTA101,1,True,2015-08-16T02:31:01Z,2015-08-16T23:59:46Z,5156,5156,0,14.999925,15.000164986,14.999992112,0.004925117,0,0,0,0,-0.0,3.590949,18.198799,-1.604089e-12,0.0002393967,0.001213254,False,0.001258,False
2015-08-17,RS01SLBS-MJ01A-06-PRESTA101,1,True,2015-08-17T00:00:01Z,2015-08-17T23:59:46Z,5760,5760,0,14.999925,15.000174999,14.999991082,-0.011344377,0,0,0,0,0.0,3.714228,19.741913,2.52883e-12,0.0002476154,0.001316128,False,0.001285,False
2015-08-18,RS01SLBS-MJ01A-06-PRESTA101,1,True,2015-08-18T00:00:01Z,2015-08-18T23:59:46Z,5760,5760,0,14.999925,15.000182629,14.999990997,0.003777521,0,0,0,0,0.0,3.126447,17.207404,6.994193e-13,0.0002084299,0.001147161,False,0.00126,False
2015-08-19,RS01SLBS-MJ01A-06-PRESTA101,1,True,2015-08-19T00:00:01Z,2015-08-19T23:59:46Z,5760,5760,0,14.999925,15.000163078,14.999991361,-0.003308905,0,0,0,0,0.0,3.352141,18.968933,3.008473e-12,0.0002234762,0.001264596,False,0.001307,False
2015-08-20,RS01SLBS-MJ01A-06-PRESTA101,1,True,2015-08-20T00:00:01Z,2015-08-20T23:59:46Z,5760,5760,0,14.999925,15.000180244,14.999991219,0.002566466,0,0,0,0,0.0,3.149669,17.830153,1.033355e-14,0.000209978,0.001188678,False,0.001293,False
2015-08-21,RS01SLBS-MJ01A-06-PRESTA101,1,True,2015-08-21T00:00:01Z,2015-08-21T23:59:46Z,5461,5760,299,14.999925,15.000139236,14.999991202,0.002367261,1,299,1,299,0.0,3.334768,17.385281,4.46224e-15,0.000222318,0.001159019,False,0.002866,True
2015-08-22,RS01SLBS-MJ01A-06-PRESTA101,1,True,2015-08-22T00:00:01Z,2015-08-22T23:59:46Z,5760,5760,0,14.999925,15.000164986,14.999990799,0.00182143,0,0,0,0,0.0,3.279731,18.148611,1.510817e-12,0.0002186488,0.001209908,False,0.001248,False
2015-08-23,RS01SLBS-MJ01A-06-PRESTA101,1,True,2015-08-23T00:00:01Z,2015-08-23T23:59:46Z,5760,5760,0,14.999925,15.000154972,14.999992013,-0.000381328,0,0,0,0,0.0,3.039471,17.36806,2.574263e-12,0.0002026315,0.001157871,False,0.00127,False
2015-08-24,RS01SLBS-MJ01A-06-PRESTA101,1,True,2015-08-24T00:00:01Z,2015-08-24T23:59:46Z,5760,5760,0,14.999925,15.000158787,14.999991331,0.001624299,0,0,0,0,0.0,3.428499,19.897491,1.638051e-12,0.0002285667,0.0013265,False,0.001265,False
2015-08-25,RS01SLBS-MJ01A-06-PRESTA101,1,True,2015-08-25T00:00:01Z,2015-08-25T23:59:46Z,5760,5760,0,14.999925,15.000168324,14.999991278,0.002386758,0,0,0,0,0.0,3.085569,19.799928,6.669879e-13,0.0002057047,0.001319996,False,0.001328,False
2015-08-26,RS01SLBS-MJ01A-06-PRESTA101,1,True,2015-08-26T00:00:01Z,2015-08-26T23:59:46Z,5760,5760,0,14.999925,15.000163078,14.999991233,0.003408376,0,0,0,0,0.0,3.062857,16.817213,3.118253e-12,0.0002041906,0.001121148,False,0.001257,False
2015-08-27,RS01SLBS-MJ01A-06-PRESTA101,1,True,2015-08-27T00:00:01Z,2015-08-27T23:59:46Z,5760,5760,0,14.999925,15.000163078,14.999990652,0.00088115,0,0,0,0,0.0,3.395305,18.518706,2.10853e-12,0.0002263538,0.001234581,False,0.001411,False
2015-08-28,RS01SLBS-MJ01A-06-PRESTA101,1,True,2015-08-28T00:00:01Z,2015-08-28T23:59:46Z,5760,5760,0,14.999925,15.000173092,14.999991389,0.012606575,0,0,0,0,0.0,3.476868,19.303372,3.438417e-12,0.0002317913,0.001286892,False,0.001559,False
2015-08-29,RS01SLBS-MJ01A-06-PRESTA101,1,True,2015-08-29T00:00:01Z,2015-08-29T23:59:46Z,5669,5760,91,14.999925,15.000154495,14.999991739,-0.016245556,1,91,1,91,-0.0,3.205039,17.311387,-1.533275e-12,0.0002136694,0.001154093,False,0.001421,True
2015-08-30,RS01SLBS-MJ01A-06-PRESTA101,1,True,2015-08-30T00:00:01Z,2015-08-30T23:59:46Z,5760,5760,0,14.999925,15.000180721,14.999990958,-0.001501867,0,0,0,0,0.0,3.022926,21.132603,2.436491e-12,0.0002015285,0.001408841,False,0.001319,False
2015-08-31,RS01SLBS-MJ01A-06-PRESTA101,1,True,2015-08-31T00:00:01Z,2015-08-31T23:59:46Z,5760,5760,0,14.999925,15.00017786,14.999990209,0.00249201,0,0,0,0,0.0,3.700015,20.108371,1.973563e-12,0.0002466678,0.001340559,False,0.001494,False
2015-09-01,RS01SLBS-MJ01A-06-PRESTA101,1,True,2015-09-01T00:00:00Z,2015-09-01T23:59:45Z,5760,5760,0,14.999925,15.000146389,14.999990846,0.00465924,0,0,0,0,0.0,3.248402,17.417225,2.830504e-12,0.0002165603,0.001161149,False,0.001292,False
2015-09-02,RS01SLBS-MJ01A-06-PRESTA101,1,True,2015-09-02T00:00:00Z,2015-09-02T23:59:45Z,5760,5760,0,14.999925,15.000169754,14.999990231,0.005373142,0,0,0,0,0.0,4.083506,21.71062,2.733353e-12,0.0002722339,0.001447376,False,0.001557,False
2015-09-03,RS01SLBS-MJ01A-06-PRESTA101,1,True,2015-09-03T00:00:00Z,2015-09-03T23:59:45Z,5760,5760,0,14.999925,15.000178814,14.999991332,-0.00072531,0,0,0,0,0.0,3.17028,18.18828,6.111742e-13,0.0002113521,0.001212553,False,0.001275,False
2015-09-04,RS01SLBS-MJ01A-06-PRESTA101,1,True,2015-09-04T00:00:00Z,2015-09-04T23:59:45Z,5760,5760,0,14.999925,15.000133991,14.99999128,-0.003530641,0,0,0,0,0.0,3.169401,17.057682,1.149154e-12,0.0002112935,0.001137179,False,0.001233,False
2015-09-05,RS01SLBS-MJ01A-06-PRESTA101,1,True,2015-09-05T00:00:00Z,2015-09-05T23:59:45Z,5760,5760,0,14.999925,15.000180244,14.999991103,-0.000429354,0,0,0,0,0.0,3.076034,21.086536,7.868259e-13,0.0002050691,0.00140577,False,0.001419,False
2015-09-06,RS01SLBS-MJ01A-06-PRESTA101,1,True,2015-09-06T00:00:00Z,2015-09-06T23:59:45Z,5760,5760,0,14.999925,15.000145912,14.999991162,-0.001194038,0,0,0,0,0.0,3.103195,21.304289,2.029791e-12,0.0002068798,0.001420287,False,0.001542,False
2015-09-07,RS01SLBS-MJ01A-06-PRESTA101,1,True,2015-09-07T00:00:00Z,2015-09-07T23:59:45Z,5760,5760,0,14.999925,15.000169754,14.999991246,8.7491e-05,0,0,0,0,0.0,3.198296,17.749445,1.647932e-12,0.0002132198,0.001183297,False,0.001286,False
2015-09-08,RS01SLBS-MJ01A-06-PRESTA101,1,True,2015-09-08T00:00:00Z,2015-09-08T23:59:45Z,5760,5760,0,14.999925,15.000163078,14.999991534,-0.000992907,0,0,0,0,0.0,3.209509,19.544311,1.016359e-12,0.0002139674,0.001302955,False,0.001312,False
2015-09-09,RS01SLBS-MJ01A-06-PRESTA101,1,True,2015-09-09T00:00:00Z,2015-09-09T23:59:45Z,5760,5760,0,14.999925,15.000165939,14.999991482,0.001827024,0,0,0,0,0.0,3.050514,20.235642,2.517865e-12,0.0002033677,0.001349044,False,0.001505,False
2015-09-10,RS01SLBS-MJ01A-06-PRESTA101,1,True,2015-09-10T00:00:00Z,2015-09-10T23:59:57Z,5730,5761,31,14.999925,15.000172615,14.999651522,0.606354475,4,31,4,31,-0.0,864.600397,5880.738852,-2.211946e-12,0.05764137,0.3920584,False,0.400172,True
2015-09-11,RS01SLBS-MJ01A-06-PRESTA101,1,True,2015-09-11T00:00:12Z,2015-09-11T23:59:57Z,5760,5760,0,14.999925,15.000163078,14.999991496,0.003025492,0,0,0,0,0.0,3.439516,18.035796,2.852532e-12,0.0002293012,0.001202387,False,0.001664,False
2015-09-12,RS01SLBS-MJ01A-06-PRESTA101,1,True,2015-09-12T00:00:12Z,2015-09-12T23:59:57Z,5760,5760,0,14.999925,15.000177383,14.999992053,-0.000215136,0,0,0,0,0.0,3.277371,18.41644,1.754684e-12,0.0002184915,0.001227763,False,0.001247,False
2015-09-13,RS01SLBS-MJ01A-06-PRESTA101,1,True,2015-09-13T00:00:12Z,2015-09-13T23:59:57Z,5760,5760,0,14.999925,15.000164986,14.999991452,0.002827997,0,0,0,0,0.0,3.607403,19.262452,2.781427e-12,0.0002404937,0.001284164,False,0.001336,False
2015-09-14,RS01SLBS-MJ01A-06-PRESTA101,1,True,2015-09-14T00:00:12Z,2015-09-14T23:59:57Z,5760,5760,0,14.999925,15.000154972,14.999991329,1.653e-05,0,0,0,0,0.0,3.038599,18.653757,2.447127e-12,0.0002025734,0.001243585,False,0.001564,False
2015-09-15,RS01SLBS-MJ01A-06-PRESTA101,1,True,2015-09-15T00:00:12Z,2015-09-15T23:59:57Z,5760,5760,0,14.999925,15.000162125,14.99999103,0.001468986,0,0,0,0,0.0,3.155621,17.399204,1.723304e-12,0.0002103749,0.001159948,False,0.001246,False
2015-09-16,RS01SLBS-MJ01A-06-PRESTA101,1,True,2015-09-16T00:00:12Z,2015-09-16T23:59:57Z,5760,5760,0,14.999925,15.000155926,14.999991191,0.001057357,0,0,0,0,0.0,3.239291,18.836107,3.436854e-12,0.0002159529,0.001255741,False,0.001262,False
2015-09-17,RS01SLBS-MJ01A-06-PRESTA101,1,True,2015-09-17T00:00:12Z,2015-09-17T23:59:57Z,5760,5760,0,14.999925,15.000173092,14.999990698,0.002774387,0,0,0,0,0.0,3.225352,19.452857,2.313931e-12,0.0002150236,0.001296858,False,0.001441,False
2015-09-18,RS01SLBS-MJ01A-06-PRESTA101,1,True,2015-09-18T00:00:12Z,2015-09-18T23:59:57Z,5760,5760,0,14.999925,15.000156879,14.999991144,0.001242032,0,0,0,0,0.0,3.423833,19.489529,2.312681e-12,0.0002282557,0.001299303,False,0.001367,False
2015-09-19,RS01SLBS-MJ01A-06-PRESTA101,1,True,2015-09-19T00:00:12Z,2015-09-19T23:59:57Z,5760,5760,0,14.999925,15.000169754,14.999991205,-0.000687334,0,0,0,0,0.0,3.314809,18.321706,7.867102e-13,0.0002209874,0.001221448,False,0.001256,False
2015-09-20,RS01SLBS-MJ01A-06-PRESTA101,1,True,2015-09-20T00:00:12Z,2015-09-20T23:59:57Z,5760,5760,0,14.999925,15.000165939,14.999991337,-0.017535038,0,0,0,0,0.0,3.452502,18.407984,2.444694e-12,0.0002301669,0.0012272,False,0.001307,False
2015-09-21,RS01SLBS-MJ01A-06-PRESTA101,1,True,2015-09-21T00:00:12Z,2015-09-21T23:59:56Z,5760,5760,0,14.999925,15.000161648,14.999991354,-0.002737079,0,0,0,0,0.0,13.564354,997.853015,2.697645e-12,0.0009042908,0.06652357,False,0.066673,False
2015-09-22,RS01SLBS-MJ01A-06-PRESTA101,1,True,2015-09-22T00:00:11Z,2015-09-22T23:59:56Z,5760,5760,0,14.999925,15.000149727,14.99999207,-0.00097679,0,0,0,0,0.0,3.531061,18.167452,3.030878e-12,0.0002354042,0.001211164,False,0.001278,False
2015-09-23,RS01SLBS-MJ01A-06-PRESTA101,1,True,2015-09-23T00:00:11Z,2015-09-23T23:59:56Z,5760,5760,0,14.999925,15.000178337,14.999990758,-0.000217585,0,0,0,0,0.0,3.145194,18.190331,1.74712e-12,0.0002096797,0.00121269,False,0.001304,False
2015-09-24,RS01SLBS-MJ01A-06-PRESTA101,1,True,2015-09-24T00:00:11Z,2015-09-24T23:59:56Z,5760,5760,0,14.999925,15.000154018,14.999991073,0.00119912,0,0,0,0,0.0,3.292791,17.416412,2.626979e-12,0.0002195195,0.001161095,False,0.001216,False
2015-09-25,RS01SLBS-MJ01A-06-PRESTA101,1,True,2015-09-25T00:00:11Z,2015-09-25T23:59:56Z,5760,5760,0,14.999925,15.000158787,14.999990643,0.00020183,0,0,0,0,0.0,4.169398,19.348574,1.866109e-12,0.00027796,0.001289906,False,0.001256,False
2015-09-26,RS01SLBS-MJ01A-06-PRESTA101,1,True,2015-09-26T00:00:11Z,2015-09-26T23:59:56Z,5760,5760,0,14.999925,15.000156403,14.999992439,0.010039581,0,0,0,0,0.0,5.265305,24.205449,1.838743e-12,0.0003510205,0.001613697,False,0.001518,False
2015-09-27,RS01SLBS-MJ01A-06-PRESTA101,1,True,2015-09-27T00:00:11Z,2015-09-27T23:59:56Z,5760,5760,0,14.999925,15.000170708,14.999992077,5.5052e-05,0,0,0,0,0.0,3.12628,22.311828,1.779737e-12,0.0002084188,0.001487456,False,0.001316,False
2015-09-28,RS01SLBS-MJ01A-06-PRESTA101,1,True,2015-09-28T00:00:11Z,2015-09-28T23:59:56Z,5760,5760,0,14.999925,15.000164032,14.999990636,0.000283089,0,0,0,0,0.0,3.407063,17.102688,1.193439e-12,0.0002271377,0.00114018,False,0.001221,False
2015-09-29,RS01SLBS-MJ01A-06-PRESTA101,1,True,2015-09-29T00:00:11Z,2015-09-29T23:59:56Z,5760,5760,0,14.999925,15.000166416,14.999991983,-0.000391608,0,0,0,0,0.0,3.217083,22.004128,2.923933e-12,0.0002144723,0.001466943,False,0.001579,False
2015-09-30,RS01SLBS-MJ01A-06-PRESTA101,1,True,2015-09-30T00:00:11Z,2015-09-30T23:59:56Z,5760,5760,0,14.999925,15.000183105,14.999990909,-0.000378267,0,0,0,0,0.0,3.140629,18.677874,1.43798e-12,0.0002093754,0.001245192,False,0.001306,False
2015-10-01,RS01SLBS-MJ01A-06-PRESTA101,1,True,2015-10-01T00:00:11Z,2015-10-01T23:59:56Z,5760,5760,0,14.999925,15.000173092,14.999991246,0.001398284,0,0,0,0,0.0,3.599779,18.527046,1.108821e-12,0.0002399854,0.001235137,False,0.001248,False
2015-10-02,RS01SLBS-MJ01A-06-PRESTA101,1,True,2015-10-02T00:00:11Z,2015-10-02T23:59:56Z,5760,5760,0,14.999925,15.000158787,14.999992127,-0.020149297,0,0,0,0,0.0,3.637975,20.149297,1.459632e-12,0.0002425318,0.001343287,False,0.001581,False
2015-10-03,RS01SLBS-MJ01A-06-PRESTA101,1,True,2015-10-03T00:00:11Z,2015-10-03T23:59:56Z,5760,5760,0,14.999925,15.000180721,14.999992532,-0.001686186,0,0,0,0,0.0,4.180684,19.458282,1.942802e-12,0.0002787124,0.001297219,False,0.001419,False
2015-10-04,RS01SLBS-MJ01A-06-PRESTA101,1,True,2015-10-04T00:00:11Z,2015-10-04T23:59:56Z,5760,5760,0,14.999925,15.0001688,14.999991236,0.004461846,0,0,0,0,0.0,4.098456,21.789631,2.233306e-12,0.0002732305,0.001452643,False,0.001188,False
2015-10-05,RS01SLBS-MJ01A-06-PRESTA101,1,True,2015-10-05T00:00:11Z,2015-10-05T23:59:56Z,5760,5760,0,14.999925,15.000158787,14.99999093,0.000894887,0,0,0,0,0.0,3.634568,18.682667,1.548012e-12,0.0002423047,0.001245512,False,0.001336,False
2015-10-06,RS01SLBS-MJ01A-06-PRESTA101,1,True,2015-10-06T00:00:11Z,2015-10-06T23:59:56Z,5760,5760,0,14.999925,15.000162125,14.999990922,0.00105862,0,0,0,0,0.0,3.074781,18.999075,1.782877e-12,0.0002049855,0.001266606,False,0.001223,False
2015-10-07,RS01SLBS-MJ01A-06-PRESTA101,1,True,2015-10-07T00:00:11Z,2015-10-07T23:59:56Z,5760,5760,0,14.999925,15.000174999,14.999991298,-0.00171722,0,0,0,0,0.0,3.270564,17.378111,1.870738e-12,0.0002180377,0.001158541,False,0.001255,False
2015-10-08,RS01SLBS-MJ01A-06-PRESTA101,1,True,2015-10-08T00:00:11Z,2015-10-08T23:59:56Z,5760,5760,0,14.999925,15.000172138,14.999989147,0.004675276,0,0,0,0,0.0,3.384837,18.838828,1.694469e-12,0.0002256559,0.001255923,False,0.001634,False
2015-10-09,RS01SLBS-MJ01A-06-PRESTA101,1,True,2015-10-09T00:00:11Z,2015-10-09T23:59:56Z,5760,5760,0,14.999925,15.000164986,14.999991605,0.008810496,0,0,0,0,0.0,4.058405,19.450319,2.268093e-12,0.0002705605,0.001296689,False,0.001432,False
2015-10-10,RS01SLBS-MJ01A-06-PRESTA101,1,True,2015-10-10T00:00:11Z,2015-10-10T23:59:55Z,5760,5760,0,14.999925,15.000171185,14.999990793,0.003292766,0,0,0,0,0.0,3.199985,17.03307,1.041346e-12,0.0002133325,0.001135539,False,0.001286,False
2015-10-11,RS01SLBS-MJ01A-06-PRESTA101,1,True,2015-10-11T00:00:11Z,2015-10-11T23:59:55Z,5760,5760,0,14.999925,15.000143051,14.999990948,-0.001054539,0,0,0,0,0.0,18.945673,999.458067,2.344518e-12,0.001263046,0.06663058,False,0.066575,False
2015-10-12,RS01SLBS-MJ01A-06-PRESTA101,1,True,2015-10-12T00:00:10Z,2015-10-12T23:59:55Z,5760,5760,0,14.999925,15.000164986,14.999991278,-0.002046673,0,0,0,0,0.0,3.080132,21.176645,1.279257e-12,0.0002053422,0.001411777,False,0.001538,False
2015-10-13,RS01SLBS-MJ01A-06-PRESTA101,1,True,2015-10-13T00:00:10Z,2015-10-13T23:59:55Z,5760,5760,0,14.999925,15.000174999,14.999990723,0.001060033,0,0,0,0,0.0,3.218515,18.208964,3.615435e-12,0.0002145678,0.001213932,False,0.001253,False
2015-10-14,RS01SLBS-MJ01A-06-PRESTA101,1,True,2015-10-14T00:00:10Z,2015-10-14T23:59:55Z,5760,5760,0,14.999925,15.000166893,14.999990505,0.002413496,0,0,0,0,0.0,3.332571,21.202862,1.885594e-12,0.0002221716,0.001413525,False,0.001332,False
2015-10-15,RS01SLBS-MJ01A-06-PRESTA101,1,True,2015-10-15T00:00:10Z,2015-10-15T23:59:55Z,5760,5760,0,14.999925,15.000168324,14.999991254,0.001623665,0,0,0,0,0.0,3.252787,18.015796,5.89961e-13,0.0002168526,0.001201054,False,0.001291,False
2015-10-16,RS01SLBS-MJ01A-06-PRESTA101,1,True,2015-10-16T00:00:10Z,2015-10-16T23:59:55Z,5760,5760,0,14.999925,15.000163078,14.99999133,0.003057059,0,0,0,0,0.0,3.407326,17.963429,3.27445e-12,0.0002271552,0.001197563,False,0.001265,False
2015-10-17,RS01SLBS-MJ01A-06-PRESTA101,1,True,2015-10-17T00:00:10Z,2015-10-17T23:59:55Z,5760,5760,0,14.999925,15.000149727,14.999991675,-0.001290631,0,0,0,0,0.0,3.143349,17.81407,2.263752e-12,0.0002095567,0.001187605,False,0.001499,False
2015-10-18,RS01SLBS-MJ01A-06-PRESTA101,1,True,2015-10-18T00:00:10Z,2015-10-18T23:59:55Z,5760,5760,0,14.999925,15.000156403,14.999991374,0.002090503,0,0,0,0,0.0,3.081133,21.228652,1.828642e-12,0.000205409,0.001415244,False,0.001376,False
2015-10-19,RS01SLBS-MJ01A-06-PRESTA101,1,True,2015-10-19T00:00:10Z,2015-10-19T23:59:55Z,5698,5760,62,14.999925,15.000173092,14.999991362,0.00523689,1,62,1,62,-0.0,3.360609,17.796056,-3.223026e-13,0.0002240407,0.001186404,False,0.001317,True
2015-10-20,RS01SLBS-MJ01A-06-PRESTA101,1,True,2015-10-20T00:00:10Z,2015-10-20T23:59:55Z,5760,5760,0,14.999925,15.000152111,14.999991258,0.004296362,0,0,0,0,0.0,3.361869,20.724738,3.101301e-12,0.0002241248,0.00138165,False,0.001275,False
2015-10-21,RS01SLBS-MJ01A-06-PRESTA101,1,True,2015-10-21T00:00:10Z,2015-10-21T23:59:55Z,5760,5760,0,14.999925,15.000136852,14.999991665,0.000474228,0,0,0,0,0.0,3.29876,22.509558,1.07088e-12,0.0002199175,0.001500638,False,0.001573,False
2015-10-22,RS01SLBS-MJ01A-06-PRESTA101,1,True,2015-10-22T00:00:10Z,2015-10-22T23:59:55Z,5760,5760,0,14.999925,15.000162601,14.999990784,-0.002058369,0,0,0,0,0.0,3.461943,17.419779,2.525535e-12,0.0002307964,0.001161319,False,0.001258,False
2015-10-23,RS01SLBS-MJ01A-06-PRESTA101,1,True,2015-10-23T00:00:10Z,2015-10-23T23:59:55Z,5760,5760,0,14.999925,15.000150681,14.999990911,0.008841308,0,0,0,0,0.0,3.748206,25.248225,2.352403e-12,0.0002498806,0.001683216,False,0.001565,False
2015-10-24,RS01SLBS-MJ01A-06-PRESTA101,1,True,2015-10-24T00:00:10Z,2015-10-24T23:59:55Z,5760,5760,0,14.999925,15.000174999,14.999990532,0.002591583,0,0,0,0,0.0,5.003589,21.311593,2.470992e-12,0.0003335728,0.001420774,False,0.001188,False
2015-10-25,RS01SLBS-MJ01A-06-PRESTA101,1,True,2015-10-25T00:00:10Z,2015-10-25T23:59:55Z,5760,5760,0,14.999925,15.000163078,14.999990909,0.004808529,0,0,0,0,0.0,3.302955,17.47101,1.137186e-12,0.0002201971,0.001164735,False,0.001328,False
2015-10-26,RS01SLBS-MJ01A-06-PRESTA101,1,True,2015-10-26T00:00:10Z,2015-10-26T23:59:55Z,5760,5760,0,14.999925,15.000163078,14.999991371,0.003049206,0,0,0,0,0.0,3.268479,16.714302,1.05831e-12,0.0002178987,0.001114287,False,0.00127,False
2015-10-27,RS01SLBS-MJ01A-06-PRESTA101,1,True,2015-10-27T00:00:10Z,2015-10-27T23:59:55Z,5760,5760,0,14.999925,15.000163078,14.999991389,-0.004067775,0,0,0,0,0.0,3.055852,17.419787,3.252555e-12,0.0002037236,0.00116132,False,0.001546,False
2015-10-28,RS01SLBS-MJ01A-06-PRESTA101,1,True,2015-10-28T00:00:10Z,2015-10-28T23:59:55Z,5760,5760,0,14.999925,15.000162125,14.999991276,0.000534047,0,0,0,0,0.0,3.331788,17.410945,1.762455e-12,0.0002221193,0.00116073,False,0.001469,False
2015-10-29,RS01SLBS-MJ01A-06-PRESTA101,1,True,2015-10-29T00:00:10Z,2015-10-29T23:59:55Z,5748,5760,12,14.999925,15.000166893,14.999991406,0.001563894,2,12,2,12,-0.0,3.01024,19.265425,-3.590774e-13,0.0002006828,0.001284362,False,0.001562,True
2015-10-30,RS01SLBS-MJ01A-06-PRESTA101,1,True,2015-10-30T00:00:10Z,2015-10-30T23:59:54Z,5760,5760,0,14.999925,15.000141144,14.999991099,0.005094611,0,0,0,0,0.0,13.661888,1000.110566,1.024019e-12,0.0009107931,0.06667408,False,0.066455,False
2015-10-31,RS01SLBS-MJ01A-06-PRESTA101,1,True,2015-10-31T00:00:09Z,2015-10-31T23:59:54Z,5760,5760,0,14.999925,15.000128746,14.999991888,1.638e-05,0,0,0,0,0.0,3.380291,17.877395,2.12806e-12,0.0002253529,0.001191827,False,0.001271,False
2015-11-01,RS01SLBS-MJ01A-06-PRESTA101,1,True,2015-11-01T00:00:09Z,2015-11-01T23:59:54Z,5760,5760,0,14.999925,15.000169754,14.999990453,-0.001337019,0,0,0,0,0.0,3.602016,21.080506,1.687089e-12,0.0002401345,0.001405368,False,0.001333,False
2015-11-02,RS01SLBS-MJ01A-06-PRESTA101,1,True,2015-11-02T00:00:09Z,2015-11-02T23:59:54Z,5760,5760,0,14.999925,15.000170708,14.999990101,0.004879187,0,0,0,0,0.0,3.103881,17.293585,2.664166e-12,0.0002069255,0.001152906,False,0.00128,False
2015-11-03,RS01SLBS-MJ01A-06-PRESTA101,1,True,2015-11-03T00:00:09Z,2015-11-03T23:59:54Z,5760,5760,0,14.999925,15.000155926,14.999991619,-0.001655365,0,0,0,0,0.0,3.06266,22.976465,3.693988e-12,0.0002041774,0.001531765,False,0.001457,False
2015-11-04,RS01SLBS-MJ01A-06-PRESTA101,1,True,2015-11-04T00:00:09Z,2015-11-04T23:59:54Z,5760,5760,0,14.999925,15.000172138,14.999991096,0.000374549,0,0,0,0,0.0,3.090346,20.447631,1.564403e-12,0.0002060232,0.001363176,False,0.001296,False
2015-11-05,RS01SLBS-MJ01A-06-PRESTA101,1,True,2015-11-05T00:00:09Z,2015-11-05T23:59:54Z,5760,5760,0,14.999925,15.000155926,14.999990871,0.00226628,0,0,0,0,0.0,3.310413,18.555229,2.318512e-12,0.0002206944,0.001237016,False,0.00125,False
2015-11-06,RS01SLBS-MJ01A-06-PRESTA101,1,True,2015-11-06T00:00:09Z,2015-11-06T23:59:54Z,5760,5760,0,14.999925,15.000162125,14.999992137,1.3561e-05,0,0,0,0,0.0,3.015009,22.155402,1.295567e-12,0.0002010007,0.001477028,False,0.001562,False
2015-11-07,RS01SLBS-MJ01A-06-PRESTA101,1,True,2015-11-07T00:00:09Z,2015-11-07T23:59:54Z,3650,5760,2110,14.999925,15.000143051,14.999991289,-0.002099279,2,2110,2,2110,-0.0,3.044417,16.784899,-1.704335e-14,0.0002029612,0.001118994,False,0.020899,True
2015-11-08,RS01SLBS-MJ01A-06-PRESTA101,1,True,2015-11-08T00:00:09Z,2015-11-08T23:59:54Z,5760,5760,0,14.999925,15.00017786,14.99999157,0.0014722,0,0,0,0,0.0,3.369569,17.103274,1.538854e-12,0.0002246381,0.001140219,False,0.001262,False
2015-11-09,RS01SLBS-MJ01A-06-PRESTA101,1,True,2015-11-09T00:00:09Z,2015-11-09T23:59:54Z,5754,5760,6,14.999925,15.00013113,14.999990594,-0.000894327,1,6,1,6,0.0,3.062676,17.278332,7.265554e-13,0.0002041785,0.00115189,False,0.001271,True
2015-11-10,RS01SLBS-MJ01A-06-PRESTA101,1,True,2015-11-10T00:00:09Z,2015-11-10T23:59:54Z,5760,5760,0,14.999925,15.000149727,14.999990984,0.002732178,0,0,0,0,0.0,3.108026,19.437803,1.714967e-12,0.0002072019,0.001295854,False,0.001314,False
2015-11-11,RS01SLBS-MJ01A-06-PRESTA101,1,True,2015-11-11T00:00:09Z,2015-11-11T23:59:54Z,5760,5760,0,14.999925,15.000156879,14.999990885,0.003115803,0,0,0,0,0.0,3.28827,18.439283,2.818996e-12,0.0002192181,0.001229286,False,0.001319,False
2015-11-12,RS01SLBS-MJ01A-06-PRESTA101,1,True,2015-11-12T00:00:09Z,2015-11-12T23:59:54Z,5760,5760,0,14.999925,15.000164032,14.999991079,-0.002479368,0,0,0,0,0.0,3.526602,19.00277,1.868389e-12,0.000235107,0.001266852,False,0.00148,False
2015-11-13,RS01SLBS-MJ01A-06-PRESTA101,1,True,2015-11-13T00:00:09Z,2015-11-13T23:59:54Z,5760,5760,0,14.999925,15.000176907,14.999991068,-0.000592597,0,0,0,0,0.0,3.148791,20.519811,2.427684e-12,0.0002099195,0.001367988,False,0.001291,False
2015-11-14,RS01SLBS-MJ01A-06-PRESTA101,1,True,2015-11-14T00:00:09Z,2015-11-14T23:59:54Z,5760,5760,0,14.999925,15.000154972,14.999991571,-0.000152032,0,0,0,0,0.0,3.082357,16.964154,2.579641e-12,0.0002054906,0.001130944,False,0.00128,False
2015-11-15,RS01SLBS-MJ01A-06-PRESTA101,1,True,2015-11-15T00:00:09Z,2015-11-15T23:59:54Z,5760,5760,0,14.999925,15.000154018,14.999991118,-0.000766729,0,0,0,0,0.0,3.356364,21.700392,2.336627e-12,0.0002237577,0.001446694,False,0.001247,False
2015-11-16,RS01SLBS-MJ01A-06-PRESTA101,1,True,2015-11-16T00:00:09Z,2015-11-16T23:59:54Z,5760,5760,0,14.999925,15.000128746,14.99999122,0.000574599,0,0,0,0,0.0,3.281555,19.437091,1.731403e-12,0.0002187704,0.001295807,False,0.001555,False
2015-11-17,RS01SLBS-MJ01A-06-PRESTA101,1,True,2015-11-17T00:00:09Z,2015-11-17T23:59:54Z,5760,5760,0,14.999925,15.000165939,14.999991527,0.00137089,0,0,0,0,0.0,3.105047,16.80569,2.302196e-12,0.0002070033,0.00112038,False,0.00126,False
2015-11-18,RS01SLBS-MJ01A-06-PRESTA101,1,True,2015-11-18T00:00:09Z,2015-11-18T23:59:54Z,5760,5760,0,14.999925,15.000144958,14.99999119,-0.002776853,0,0,0,0,0.0,3.333877,21.851451,1.565427e-12,0.0002222586,0.001456764,False,0.001292,False
2015-11-19,RS01SLBS-MJ01A-06-PRESTA101,1,True,2015-11-19T00:00:09Z,2015-11-19T23:59:53Z,5760,5760,0,14.999925,15.000166893,14.999990279,-0.000478808,0,0,0,0,0.0,4.072436,19.824396,2.152231e-12,0.0002714959,0.001321627,False,0.001567,False
2015-11-20,RS01SLBS-MJ01A-06-PRESTA101,1,True,2015-11-20T00:00:08Z,2015-11-20T23:59:53Z,5760,5760,0,14.999925,15.00015831,14.999991394,-0.001071424,0,0,0,0,0.0,3.0974,16.14461,2.231513e-12,0.0002064934,0.001076308,False,0.001291,False
2015-11-21,RS01SLBS-MJ01A-06-PRESTA101,1,True,2015-11-21T00:00:08Z,2015-11-21T23:59:53Z,5760,5760,0,14.999925,15.000152111,14.999990982,0.001312975,0,0,0,0,0.0,3.079854,20.004563,1.404188e-12,0.0002053237,0.001333638,False,0.00131,False
2015-11-22,RS01SLBS-MJ01A-06-PRESTA101,1,True,2015-11-22T00:00:08Z,2015-11-22T23:59:53Z,5760,5760,0,14.999925,15.000164986,14.999991263,0.00125326,0,0,0,0,0.0,3.109515,17.10226,5.040698e-13,0.0002073011,0.001140151,False,0.001305,False
2015-11-23,RS01SLBS-MJ01A-06-PRESTA101,1,True,2015-11-23T00:00:08Z,2015-11-23T23:59:53Z,5760,5760,0,14.999925,15.00017786,14.999991571,0.001037948,0,0,0,0,0.0,3.122713,16.595013,2.293191e-12,0.000208181,0.001106335,False,0.001307,False
2015-11-24,RS01SLBS-MJ01A-06-PRESTA101,1,True,2015-11-24T00:00:08Z,2015-11-24T23:59:53Z,5760,5760,0,14.999925,15.000161171,14.999991633,0.002303784,0,0,0,0,0.0,3.169043,19.233168,3.201481e-12,0.0002112696,0.001282212,False,0.00125,False
2015-11-25,RS01SLBS-MJ01A-06-PRESTA101,1,True,2015-11-25T00:00:08Z,2015-11-25T23:59:53Z,5759,5760,1,14.999925,15.000164509,14.999990962,0.003247181,1,1,1,1,0.0,3.096965,17.419878,8.978342e-13,0.0002064645,0.001161326,False,0.001267,True
2015-11-26,RS01SLBS-MJ01A-06-PRESTA101,1,True,2015-11-26T00:00:08Z,2015-11-26T23:59:53Z,5760,5760,0,14.999925,15.000157833,14.999990896,-0.000390656,0,0,0,0,0.0,3.020906,17.562983,1.657267e-12,0.0002013939,0.001170866,False,0.001265,False
2015-11-27,RS01SLBS-MJ01A-06-PRESTA101,1,True,2015-11-27T00:00:08Z,2015-11-27T23:59:53Z,5760,5760,0,14.999925,15.000161171,14.999991324,0.000734798,0,0,0,0,0.0,3.069385,23.603803,1.857524e-12,0.0002046258,0.001573588,False,0.001555,False
2015-11-28,RS01SLBS-MJ01A-06-PRESTA101,1,True,2015-11-28T00:00:08Z,2015-11-28T23:59:53Z,5760,5760,0,14.999925,15.000170231,14.999991481,-0.004057652,0,0,0,0,0.0,3.147497,22.478386,2.015563e-12,0.0002098333,0.00149856,False,0.001287,False
2015-11-29,RS01SLBS-MJ01A-06-PRESTA101,1,True,2015-11-29T00:00:08Z,2015-11-29T23:59:53Z,5760,5760,0,14.999925,15.00014782,14.999991301,0.0013994,0,0,0,0,-0.0,3.242991,17.72094,-9.109703e-14,0.0002161995,0.001181397,False,0.001278,False
2015-11-30,RS01SLBS-MJ01A-06-PRESTA101,1,True,2015-11-30T00:00:08Z,2015-11-30T23:59:53Z,5760,5760,0,14.999925,15.000160217,14.999991379,-0.002416026,0,0,0,0,0.0,3.096619,20.517976,2.410576e-12,0.0002064414,0.001367866,False,0.00129,False
2015-12-01,RS01SLBS-MJ01A-06-PRESTA101,1,True,2015-12-01T00:00:08Z,2015-12-01T23:59:53Z,5760,5760,0,14.999925,15.000154972,14.999991373,-0.000180327,0,0,0,0,0.0,3.997949,19.623674,2.811718e-12,0.0002665301,0.001308246,False,0.001273,False
2015-12-02,RS01SLBS-MJ01A-06-PRESTA101,1,True,2015-12-02T00:00:08Z,2015-12-02T23:59:53Z,5754,5760,6,14.999925,15.000162125,14.999990983,-0.003243318,1,6,1,6,0.0,3.439461,19.387193,2.813097e-13,0.0002292975,0.00129248,False,0.001274,True
2015-12-03,RS01SLBS-MJ01A-06-PRESTA101,1,True,2015-12-03T00:00:08Z,2015-12-03T23:59:53Z,5760,5760,0,14.999925,15.000168324,14.99999077,0.003006131,0,0,0,0,0.0,3.571682,18.116487,2.837202e-12,0.0002381123,0.001207767,False,0.001274,False
2015-12-04,RS01SLBS-MJ01A-06-PRESTA101,1,True,2015-12-04T00:00:08Z,2015-12-04T23:59:53Z,5760,5760,0,14.999925,15.000161171,14.999991353,0.003359254,0,0,0,0,0.0,3.203672,21.271841,2.50766e-12,0.0002135783,0.001418124,False,0.001526,False
2015-12-05,RS01SLBS-MJ01A-06-PRESTA101,1,True,2015-12-05T00:00:08Z,2015-12-05T23:59:53Z,5760,5760,0,14.999925,15.000171661,14.999991842,1.1249e-05,0,0,0,0,0.0,3.409532,18.422927,1.777526e-12,0.0002273023,0.001228196,False,0.001237,False
2015-12-06,RS01SLBS-MJ01A-06-PRESTA101,1,True,2015-12-06T00:00:08Z,2015-12-06T23:59:53Z,5760,5760,0,14.999925,15.000170231,14.999991258,-0.002698804,0,0,0,0,-0.0,3.20968,19.212997,-2.648606e-13,0.0002139788,0.001280867,False,0.001303,False
2015-12-07,RS01SLBS-MJ01A-06-PRESTA101,1,True,2015-12-07T00:00:08Z,2015-12-07T23:59:53Z,5760,5760,0,14.999925,15.000152588,14.999991329,-0.001907407,0,0,0,0,0.0,3.088484,17.38312,3.497087e-12,0.000205899,0.001158875,False,0.001453,False
2015-12-08,RS01SLBS-MJ01A-06-PRESTA101,1,True,2015-12-08T00:00:08Z,2015-12-08T23:59:53Z,5760,5760,0,14.999925,15.000175953,14.999991329,-0.001934204,0,0,0,0,0.0,3.387355,17.709626,1.898033e-12,0.0002258238,0.001180642,False,0.001356,False
2015-12-09,RS01SLBS-MJ01A-06-PRESTA101,1,True,2015-12-09T00:00:08Z,2015-12-09T23:59:52Z,5760,5760,0,14.999925,15.000171185,14.999991063,-0.000341899,0,0,0,0,0.0,3.495052,22.576776,2.559646e-12,0.0002330036,0.001505119,False,0.001563,False
2015-12-10,RS01SLBS-MJ01A-06-PRESTA101,1,True,2015-12-10T00:00:07Z,2015-12-10T23:59:52Z,5760,5760,0,14.999925,15.000174046,14.99999157,-0.000520939,0,0,0,0,0.0,3.103043,19.222982,2.451219e-12,0.0002068696,0.001281533,False,0.001278,False
2015-12-11,RS01SLBS-MJ01A-06-PRESTA101,1,True,2015-12-11T00:00:07Z,2015-12-11T23:59:52Z,5760,5760,0,14.999925,15.000152111,14.999991579,0.002018376,0,0,0,0,0.0,3.088704,17.396689,6.757916e-13,0.0002059137,0.00115978,False,0.001255,False
2015-12-12,RS01SLBS-MJ01A-06-PRESTA101,1,True,2015-12-12T00:00:07Z,2015-12-12T23:59:52Z,5760,5760,0,14.999925,15.000169277,14.999991191,-0.00071247,0,0,0,0,0.0,2.978924,19.781233,1.245037e-12,0.0001985951,0.00131875,False,0.001314,False
2015-12-13,RS01SLBS-MJ01A-06-PRESTA101,1,True,2015-12-13T00:00:07Z,2015-12-13T23:59:52Z,5760,5760,0,14.999925,15.000166893,14.999991208,0.000384336,0,0,0,0,0.0,3.119681,17.612635,1.711118e-12,0.0002079789,0.001174176,False,0.001258,False
2015-12-14,RS01SLBS-MJ01A-06-PRESTA101,1,True,2015-12-14T00:00:07Z,2015-12-14T23:59:52Z,5760,5760,0,14.999925,15.00014782,14.999990795,0.004775233,0,0,0,0,0.0,3.177916,16.997725,2.533537e-12,0.0002118612,0.001133182,False,0.001263,False
2015-12-15,RS01SLBS-MJ01A-06-PRESTA101,1,True,2015-12-15T00:00:07Z,2015-12-15T23:59:52Z,5760,5760,0,14.999925,15.0001688,14.999991136,0.000974322,0,0,0,0,0.0,3.283867,21.177993,1.861601e-12,0.0002189246,0.001411867,False,0.001265,False
2015-12-16,RS01SLBS-MJ01A-06-PRESTA101,1,True,2015-12-16T00:00:07Z,2015-12-16T23:59:52Z,5760,5760,0,14.999925,15.000130653,14.999990755,-0.001366539,0,0,0,0,0.0,2.998044,19.662556,2.109997e-12,0.0001998697,0.001310838,False,0.00122,False
2015-12-17,RS01SLBS-MJ01A-06-PRESTA101,1,True,2015-12-17T00:00:07Z,2015-12-17T23:59:52Z,5760,5760,0,14.999925,15.000151157,14.999990636,0.000973591,0,0,0,0,0.0,3.424382,17.673267,2.490917e-12,0.0002282923,0.001178219,False,0.001249,False
2015-12-18,RS01SLBS-MJ01A-06-PRESTA101,1,True,2015-12-18T00:00:07Z,2015-12-18T23:59:52Z,5760,5760,0,14.999925,15.000174999,14.999990924,0.007531435,0,0,0,0,0.0,3.619238,22.921652,2.712309e-12,0.0002412827,0.001528111,False,0.001537,False
2015-12-19,RS01SLBS-MJ01A-06-PRESTA101,1,True,2015-12-19T00:00:07Z,2015-12-19T23:59:52Z,5760,5760,0,14.999925,15.000172138,14.999991626,-0.002206996,0,0,0,0,0.0,3.291875,18.309654,2.3904e-12,0.0002194584,0.001220644,False,0.001234,False
2015-12-20,RS01SLBS-MJ01A-06-PRESTA101,1,True,2015-12-20T00:00:07Z,2015-12-20T23:59:52Z,5760,5760,0,14.999925,15.000172138,14.999991242,0.007126553,0,0,0,0,0.0,2.959348,16.953835,9.552932e-13,0.00019729,0.001130256,False,0.001281,False
2015-12-21,RS01SLBS-MJ01A-06-PRESTA101,1,True,2015-12-21T00:00:07Z,2015-12-21T23:59:52Z,5760,5760,0,14.999925,15.000143051,14.999990582,0.000851371,0,0,0,0,0.0,3.17791,21.769914,2.270503e-12,0.0002118608,0.001451329,False,0.001505,False
2015-12-22,RS01SLBS-MJ01A-06-PRESTA101,1,True,2015-12-22T00:00:07Z,2015-12-22T23:59:52Z,5760,5760,0,14.999925,15.000154018,14.999991426,-0.000381157,0,0,0,0,0.0,3.112267,19.080119,1.953202e-12,0.0002074846,0.001272009,False,0.001487,False
2015-12-23,RS01SLBS-MJ01A-06-PRESTA101,1,True,2015-12-23T00:00:07Z,2015-12-23T23:59:52Z,5760,5760,0,14.999925,15.000154018,14.999991024,-0.002408637,0,0,0,0,0.0,3.227695,17.497733,1.094686e-12,0.0002151798,0.001166516,False,0.001274,False
2015-12-24,RS01SLBS-MJ01A-06-PRESTA101,1,True,2015-12-24T00:00:07Z,2015-12-24T23:59:52Z,5760,5760,0,14.999925,15.000163078,14.999992213,0.00059371,0,0,0,0,0.0,3.28675,18.521506,1.044056e-12,0.0002191168,0.001234768,False,0.001277,False
2015-12-25,RS01SLBS-MJ01A-06-PRESTA101,1,True,2015-12-25T00:00:07Z,2015-12-25T23:59:52Z,5760,5760,0,14.999925,15.000154972,14.999991478,-0.001407508,0,0,0,0,0.0,3.359525,19.259203,1.857536e-12,0.0002239685,0.001283948,False,0.001445,False
2015-12-26,RS01SLBS-MJ01A-06-PRESTA101,1,True,2015-12-26T00:00:07Z,2015-12-26T23:59:52Z,5760,5760,0,14.999925,15.000158787,14.999990943,0.005716341,0,0,0,0,0.0,4.287043,20.948332,2.990484e-12,0.0002858031,0.001396556,False,0.001274,False
2015-12-27,RS01SLBS-MJ01A-06-PRESTA101,1,True,2015-12-27T00:00:07Z,2015-12-27T23:59:52Z,5760,5760,0,14.999925,15.00014782,14.999990556,0.000894438,0,0,0,0,0.0,3.147011,18.536136,2.954241e-12,0.0002098009,0.001235743,False,0.001315,False
2015-12-28,RS01SLBS-MJ01A-06-PRESTA101,1,True,2015-12-28T00:00:07Z,2015-12-28T23:59:51Z,5760,5760,0,14.999925,15.000179291,14.999990299,0.004314111,0,0,0,0,0.0,3.892906,19.600619,2.115117e-12,0.0002595272,0.001306709,False,0.001377,False
2015-12-29,RS01SLBS-MJ01A-06-PRESTA101,1,True,2015-12-29T00:00:06Z,2015-12-29T23:59:51Z,5760,5760,0,14.999925,15.000162125,14.999991674,0.005519127,0,0,0,0,0.0,3.894188,20.202819,1.039062e-12,0.0002596127,0.001346855,False,0.001262,False
2015-12-30,RS01SLBS-MJ01A-06-PRESTA101,1,True,2015-12-30T00:00:06Z,2015-12-30T23:59:51Z,5760,5760,0,14.999925,15.000134945,14.999991539,-0.015111779,0,0,0,0,0.0,3.348576,19.633987,1.570105e-12,0.0002232385,0.001308933,False,0.001447,False
2015-12-31,RS01SLBS-MJ01A-06-PRESTA101,1,True,2015-12-31T00:00:06Z,2015-12-31T23:59:51Z,5760,5760,0,14.999925,15.000163078,14.999990883,0.004302426,0,0,0,0,0.0,3.118433,17.761972,2.402509e-12,0.0002078957,0.001184132,False,0.001277,False
2016-01-01,RS01SLBS-MJ01A-06-PRESTA101,1,True,2016-01-01T00:00:06Z,2016-01-01T23:59:51Z,5760,5760,0,14.999925,15.000169277,14.999991097,0.000810833,0,0,0,0,0.0,3.069604,18.547732,9.378334e-13,0.0002046404,0.001236516,False,0.001252,False
2016-01-02,RS01SLBS-MJ01A-06-PRESTA101,1,True,2016-01-02T00:00:06Z,2016-01-02T23:59:51Z,5760,5760,0,14.999925,15.000146866,14.999992192,-0.00037621,0,0,0,0,0.0,3.909985,19.204656,2.196445e-12,0.0002606658,0.001280311,False,0.001453,False
2016-01-03,RS01SLBS-MJ01A-06-PRESTA101,1,True,2016-01-03T00:00:06Z,2016-01-03T23:59:51Z,5760,5760,0,14.999925,15.000171185,14.999991732,0.000402153,0,0,0,0,0.0,3.22014,17.779898,1.880381e-12,0.0002146761,0.001185327,False,0.001255,False
2016-01-04,RS01SLBS-MJ01A-06-PRESTA101,1,True,2016-01-04T00:00:06Z,2016-01-04T23:59:51Z,5760,5760,0,14.999925,15.000162601,14.999991744,0.002307358,0,0,0,0,0.0,3.050746,18.310555,1.379012e-12,0.0002033832,0.001220704,False,0.001238,False
2016-01-05,RS01SLBS-MJ01A-06-PRESTA101,1,True,2016-01-05T00:00:06Z,2016-01-05T23:59:51Z,5760,5760,0,14.999925,15.000148296,14.999991404,0.000881956,0,0,0,0,0.0,3.086283,20.034316,1.699412e-12,0.0002057523,0.001335622,False,0.001292,False
2016-01-06,RS01SLBS-MJ01A-06-PRESTA101,1,True,2016-01-06T00:00:06Z,2016-01-06T23:59:51Z,5760,5760,0,14.999925,15.000131607,14.999991058,-0.000534059,0,0,0,0,0.0,3.130618,16.606796,2.143411e-12,0.000208708,0.00110712,False,0.001253,False
2016-01-07,RS01SLBS-MJ01A-06-PRESTA101,1,True,2016-01-07T00:00:06Z,2016-01-07T23:59:51Z,5733,5760,27,14.999925,15.000174046,14.999990948,0.000871897,4,27,4,27,0.0,3.090913,16.994608,7.833972e-13,0.000206061,0.001132975,False,0.001261,True
2016-01-08,RS01SLBS-MJ01A-06-PRESTA101,1,True,2016-01-08T00:00:06Z,2016-01-08T23:59:51Z,5760,5760,0,14.999925,15.000153065,14.999991518,0.000588333,0,0,0,0,0.0,3.075788,16.603699,1.73053e-12,0.0002050526,0.001106914,False,0.001267,False
2016-01-09,RS01SLBS-MJ01A-06-PRESTA101,1,True,2016-01-09T00:00:06Z,2016-01-09T23:59:51Z,5760,5760,0,14.999925,15.0001688,14.999991244,0.001518345,0,0,0,0,0.0,3.126988,17.621408,1.036553e-12,0.000208466,0.001174761,False,0.00128,False
2016-01-10,RS01SLBS-MJ01A-06-PRESTA101,1,True,2016-01-10T00:00:06Z,2016-01-10T23:59:51Z,5760,5760,0,14.999925,15.000148773,14.999990804,0.009753596,0,0,0,0,0.0,3.29325,18.810016,2.538037e-12,0.0002195501,0.001254002,False,0.001494,False
2016-01-11,RS01SLBS-MJ01A-06-PRESTA101,1,True,2016-01-11T00:00:06Z,2016-01-11T23:59:51Z,5760,5760,0,14.999925,15.000173092,14.99999031,-0.011151646,0,0,0,0,0.0,3.838902,22.397905,3.323569e-12,0.0002559269,0.001493195,False,0.00144,False
2016-01-12,RS01SLBS-MJ01A-06-PRESTA101,1,True,2016-01-12T00:00:06Z,2016-01-12T23:59:51Z,5760,5760,0,14.999925,15.000164032,14.999990825,0.004454782,0,0,0,0,0.0,3.347149,17.982593,1.05966e-12,0.0002231434,0.00119884,False,0.001483,False
2016-01-13,RS01SLBS-MJ01A-06-PRESTA101,1,True,2016-01-13T00:00:06Z,2016-01-13T23:59:51Z,5760,5760,0,14.999925,15.000150681,14.999991305,0.002305198,0,0,0,0,0.0,3.349339,19.820715,1.436061e-12,0.0002232894,0.001321382,False,0.001264,False
2016-01-14,RS01SLBS-MJ01A-06-PRESTA101,1,True,2016-01-14T00:00:06Z,2016-01-14T23:59:51Z,5760,5760,0,14.999925,15.000174046,14.99999063,-0.002209249,0,0,0,0,0.0,3.129806,19.643187,5.542222e-13,0.0002086538,0.001309547,False,0.001539,False
2016-01-15,RS01SLBS-MJ01A-06-PRESTA101,1,True,2016-01-15T00:00:06Z,2016-01-15T23:59:51Z,5760,5760,0,14.999925,15.000159264,14.999991193,0.00165534,0,0,0,0,0.0,3.223003,16.85148,2.693264e-12,0.000214867,0.001123433,False,0.001552,False
2016-01-16,RS01SLBS-MJ01A-06-PRESTA101,1,True,2016-01-16T00:00:06Z,2016-01-16T23:59:51Z,5760,5760,0,14.999925,15.000166893,14.999990255,0.001211985,0,0,0,0,0.0,3.172474,17.330456,3.476639e-13,0.0002114984,0.001155365,False,0.001401,False
2016-01-17,RS01SLBS-MJ01A-06-PRESTA101,1,True,2016-01-17T00:00:06Z,2016-01-17T23:59:50Z,5760,5760,0,14.999925,15.000149727,14.999991299,0.004955709,0,0,0,0,0.0,13.599428,996.099631,2.139726e-12,0.0009066291,0.06640668,False,0.066447,False
2016-01-18,RS01SLBS-MJ01A-06-PRESTA101,1,True,2016-01-18T00:00:05Z,2016-01-18T23:59:50Z,5760,5760,0,14.999925,15.000166416,14.99999146,0.006223,0,0,0,0,0.0,3.522425,18.277208,1.39513e-12,0.0002348285,0.001218481,False,0.001294,False
2016-01-19,RS01SLBS-MJ01A-06-PRESTA101,1,True,2016-01-19T00:00:05Z,2016-01-19T23:59:50Z,5760,5760,0,14.999925,15.000157833,14.99999127,0.000870243,0,0,0,0,0.0,3.246127,18.822934,2.273012e-12,0.0002164086,0.001254863,False,0.00155,False
2016-01-20,RS01SLBS-MJ01A-06-PRESTA101,1,True,2016-01-20T00:00:05Z,2016-01-20T23:59:50Z,5759,5760,1,14.999925,15.000174999,14.999990434,-0.001503192,1,1,1,1,0.0,3.746287,20.691053,1.919185e-13,0.0002497526,0.001379404,False,0.001271,True
2016-01-21,RS01SLBS-MJ01A-06-PRESTA101,1,True,2016-01-21T00:00:05Z,2016-01-21T23:59:50Z,5760,5760,0,14.999925,15.000164032,14.999990113,0.000216445,0,0,0,0,0.0,3.122783,17.297653,2.085939e-12,0.0002081856,0.001153178,False,0.001326,False
2016-01-22,RS01SLBS-MJ01A-06-PRESTA101,1,True,2016-01-22T00:00:05Z,2016-01-22T23:59:50Z,5760,5760,0,14.999925,15.000166893,14.999991808,0.001851069,0,0,0,0,0.0,3.85623,21.23292,9.381404e-13,0.0002570821,0.001415529,False,0.001267,False
2016-01-23,RS01SLBS-MJ01A-06-PRESTA101,1,True,2016-01-23T00:00:05Z,2016-01-23T23:59:50Z,5760,5760,0,14.999925,15.000165939,14.999992128,-0.016829744,0,0,0,0,0.0,3.3175,23.778745,2.674144e-12,0.0002211668,0.00158525,False,0.00154,False
2016-01-24,RS01SLBS-MJ01A-06-PRESTA101,1,True,2016-01-24T00:00:05Z,2016-01-24T23:59:50Z,5760,5760,0,14.999925,15.00018692,14.999990559,0.004043918,0,0,0,0,0.0,3.069457,17.364961,2.133691e-12,0.0002046306,0.001157665,False,0.00128,False
2016-01-25,RS01SLBS-MJ01A-06-PRESTA101,1,True,2016-01-25T00:00:05Z,2016-01-25T23:59:50Z,5760,5760,0,14.999925,15.000146866,14.99999197,0.003498247,0,0,0,0,0.0,3.204836,17.86824,1.202375e-12,0.0002136558,0.001191217,False,0.001546,False
2016-01-26,RS01SLBS-MJ01A-06-PRESTA101,1,True,2016-01-26T00:00:05Z,2016-01-26T23:59:50Z,5760,5760,0,14.999925,15.00015974,14.999991008,0.002052292,0,0,0,0,0.0,3.153923,17.784748,2.163604e-12,0.0002102617,0.001185651,False,0.001534,False
2016-01-27,RS01SLBS-MJ01A-06-PRESTA101,1,True,2016-01-27T00:00:05Z,2016-01-27T23:59:50Z,5760,5760,0,14.999925,15.000161171,14.999990967,0.001039823,0,0,0,0,0.0,3.089643,17.046598,9.972419e-13,0.0002059763,0.001136441,False,0.001224,False
2016-01-28,RS01SLBS-MJ01A-06-PRESTA101,1,True,2016-01-28T00:00:05Z,2016-01-28T23:59:50Z,5760,5760,0,14.999925,15.00015831,14.999990266,0.000550005,0,0,0,0,0.0,3.080079,21.061258,2.069259e-12,0.0002053387,0.001404085,False,0.001632,False
2016-01-29,RS01SLBS-MJ01A-06-PRESTA101,1,True,2016-01-29T00:00:05Z,2016-01-29T23:59:50Z,5760,5760,0,14.999925,15.000154972,14.999992297,0.004818535,0,0,0,0,0.0,3.637386,20.418703,2.470375e-12,0.0002424925,0.001361248,False,0.001278,False
2016-01-30,RS01SLBS-MJ01A-06-PRESTA101,1,True,2016-01-30T00:00:05Z,2016-01-30T20:07:50Z,4832,4832,0,14.999925,15.000134945,14.999991739,-0.001506779,0,0,0,0,0.0,3.251018,17.355471,3.530096e-13,0.0002167346,0.001157032,False,0.001175,False
2016-01-31,RS01SLBS-MJ01A-06-PRESTA101,1,True,2016-01-31T02:34:05Z,2016-01-31T23:59:50Z,5144,5144,0,14.999925,15.000179768,14.999991122,0.000365373,0,0,0,0,0.0,3.330032,19.356177,1.517747e-14,0.0002220023,0.001290413,False,0.00165,False
2016-02-01,RS01SLBS-MJ01A-06-PRESTA101,1,True,2016-02-01T00:00:05Z,2016-02-01T23:59:50Z,5759,5760,1,14.999925,15.000160217,14.999991298,0.001339579,1,1,1,1,0.0,3.217606,22.232318,5.66219e-13,0.0002145072,0.001482155,False,0.001548,True
2016-02-02,RS01SLBS-MJ01A-06-PRESTA101,1,True,2016-02-02T00:00:05Z,2016-02-02T23:59:50Z,5760,5760,0,14.999925,15.000135422,14.999992306,-0.003314583,0,0,0,0,0.0,3.847797,19.813451,1.954683e-12,0.00025652,0.001320897,False,0.001402,False
2016-02-03,RS01SLBS-MJ01A-06-PRESTA101,1,True,2016-02-03T00:00:05Z,2016-02-03T23:59:50Z,5760,5760,0,14.999925,15.000161648,14.99999175,-0.007698186,0,0,0,0,0.0,3.871719,20.494529,5.919945e-13,0.0002581147,0.001366303,False,0.001449,False
2016-02-04,RS01SLBS-MJ01A-06-PRESTA101,1,True,2016-02-04T00:00:05Z,2016-02-04T23:59:50Z,5760,5760,0,14.999925,15.00014925,14.999992114,-0.003590047,0,0,0,0,0.0,3.225703,17.55228,1.181793e-12,0.000215047,0.001170153,False,0.001255,False
2016-02-05,RS01SLBS-MJ01A-06-PRESTA101,1,True,2016-02-05T00:00:05Z,2016-02-05T23:59:50Z,5760,5760,0,14.999925,15.000156879,14.9999912,-0.003177099,0,0,0,0,0.0,13.654375,1008.08999,2.419245e-12,0.0009102922,0.06720604,False,0.066997,False
2016-02-06,RS01SLBS-MJ01A-06-PRESTA101,1,True,2016-02-06T00:00:05Z,2016-02-06T23:59:49Z,5760,5760,0,14.999925,15.000165939,14.999991475,0.002960028,0,0,0,0,0.0,18.924853,999.8914,2.449234e-12,0.001261658,0.06665946,False,0.066934,False
2016-02-07,RS01SLBS-MJ01A-06-PRESTA101,1,True,2016-02-07T00:00:04Z,2016-02-07T23:59:49Z,5760,5760,0,14.999925,15.000163078,14.999990875,0.002971234,0,0,0,0,0.0,3.079236,19.324705,1.913504e-12,0.0002052826,0.001288314,False,0.001514,False
2016-02-08,RS01SLBS-MJ01A-06-PRESTA101,1,True,2016-02-08T00:00:04Z,2016-02-08T23:59:49Z,5760,5760,0,14.999925,15.000168324,14.999991609,-0.00247127,0,0,0,0,0.0,3.107698,17.211895,2.352002e-12,0.00020718,0.00114746,False,0.001288,False
2016-02-09,RS01SLBS-MJ01A-06-PRESTA101,1,True,2016-02-09T00:00:04Z,2016-02-09T23:59:49Z,5760,5760,0,14.999925,15.000165939,14.999991393,-0.000256848,0,0,0,0,0.0,3.129956,17.403124,2.25738e-12,0.0002086638,0.001160209,False,0.001263,False
2016-02-10,RS01SLBS-MJ01A-06-PRESTA101,1,True,2016-02-10T00:00:04Z,2016-02-10T23:59:49Z,5760,5760,0,14.999925,15.00015974,14.99999108,0.002466324,0,0,0,0,0.0,3.048575,17.807972,3.564868e-12,0.0002032384,0.001187199,False,0.001549,False
2016-02-11,RS01SLBS-MJ01A-06-PRESTA101,1,True,2016-02-11T00:00:04Z,2016-02-11T23:59:49Z,5760,5760,0,14.999925,15.000164032,14.999991065,-0.001416873,0,0,0,0,0.0,3.130708,17.015692,1.297307e-12,0.000208714,0.00113438,False,0.001281,False
2016-02-12,RS01SLBS-MJ01A-06-PRESTA101,1,True,2016-02-12T00:00:04Z,2016-02-12T23:59:49Z,5760,5760,0,14.999925,15.000172138,14.999991096,-0.000106709,0,0,0,0,0.0,3.134563,17.748703,1.771721e-12,0.000208971,0.001183248,False,0.00135,False
2016-02-13,RS01SLBS-MJ01A-06-PRESTA101,1,True,2016-02-13T00:00:04Z,2016-02-13T23:59:49Z,5760,5760,0,14.999925,15.000159264,14.999991206,0.000616485,0,0,0,0,0.0,3.077144,19.766361,2.263286e-12,0.000205143,0.001317758,False,0.001247,False
2016-02-14,RS01SLBS-MJ01A-06-PRESTA101,1,True,2016-02-14T00:00:04Z,2016-02-14T23:59:49Z,5760,5760,0,14.999925,15.000163078,14.999990891,-0.000738356,0,0,0,0,0.0,3.270218,17.4794,1.813444e-12,0.0002180147,0.001165294,False,0.00124,False
2016-02-15,RS01SLBS-MJ01A-06-PRESTA101,1,True,2016-02-15T00:00:04Z,2016-02-15T23:59:49Z,5759,5760,1,14.999925,15.00018096,14.999991384,0.001150052,1,1,1,1,-0.0,3.249107,18.659832,-1.693196e-12,0.0002166073,0.001243989,False,0.001502,True
2016-02-16,RS01SLBS-MJ01A-06-PRESTA101,1,True,2016-02-16T00:00:04Z,2016-02-16T23:59:49Z,5760,5760,0,14.999925,15.000165939,14.999991866,-0.000964253,0,0,0,0,0.0,3.077351,18.880196,1.897911e-12,0.0002051569,0.00125868,False,0.001285,False
2016-02-17,RS01SLBS-MJ01A-06-PRESTA101,1,True,2016-02-17T00:00:04Z,2016-02-17T23:59:49Z,5760,5760,0,14.999925,15.000153065,14.999991253,-0.002926996,0,0,0,0,0.0,3.00381,16.524466,1.838113e-12,0.0002002541,0.001101632,False,0.001277,False
2016-02-18,RS01SLBS-MJ01A-06-PRESTA101,1,True,2016-02-18T00:00:04Z,2016-02-18T23:59:49Z,5760,5760,0,14.999925,15.000174999,14.999991314,-0.003762255,0,0,0,0,0.0,3.155423,18.119502,2.480637e-12,0.0002103616,0.001207967,False,0.0015,False
2016-02-19,RS01SLBS-MJ01A-06-PRESTA101,1,True,2016-02-19T00:00:04Z,2016-02-19T23:59:49Z,5760,5760,0,14.999925,15.000169277,14.999991231,-0.004615736,0,0,0,0,0.0,3.165243,19.316854,2.71922e-12,0.0002110163,0.001287791,False,0.001276,False
2016-02-20,RS01SLBS-MJ01A-06-PRESTA101,1,True,2016-02-20T00:00:04Z,2016-02-20T23:59:49Z,5760,5760,0,14.999925,15.000173092,14.999991137,0.005169475,0,0,0,0,0.0,3.375925,17.69813,2.115405e-12,0.0002250618,0.001179876,False,0.001475,False
2016-02-21,RS01SLBS-MJ01A-06-PRESTA101,1,True,2016-02-21T00:00:04Z,2016-02-21T23:59:49Z,5760,5760,0,14.999925,15.000154018,14.999991784,0.005188684,0,0,0,0,0.0,3.374945,22.270304,2.368993e-13,0.0002249964,0.001484688,False,0.0015,False
2016-02-22,RS01SLBS-MJ01A-06-PRESTA101,1,True,2016-02-22T00:00:04Z,2016-02-22T23:59:49Z,5760,5760,0,14.999925,15.000189781,14.999991095,-0.001117992,0,0,0,0,0.0,3.276321,18.802029,1.273196e-12,0.0002184215,0.001253469,False,0.001267,False
2016-02-23,RS01SLBS-MJ01A-06-PRESTA101,1,True,2016-02-23T00:00:04Z,2016-02-23T23:59:49Z,5760,5760,0,14.999925,15.000145912,14.999991079,-0.001785308,0,0,0,0,0.0,3.907855,19.679787,1.447289e-12,0.0002605238,0.001311987,False,0.001277,False
2016-02-24,RS01SLBS-MJ01A-06-PRESTA101,1,True,2016-02-24T00:00:04Z,2016-02-24T23:59:49Z,5760,5760,0,14.999925,15.000157356,14.999990834,0.002660449,0,0,0,0,0.0,3.327333,20.764825,9.389673e-13,0.0002218223,0.001384323,False,0.00144,False
2016-02-25,RS01SLBS-MJ01A-06-PRESTA101,1,True,2016-02-25T00:00:04Z,2016-02-25T23:59:48Z,5760,5760,0,14.999925,15.000158787,14.999991437,0.000519225,0,0,0,0,0.0,3.203153,21.447996,3.351675e-12,0.0002135437,0.001429867,False,0.001274,False
2016-02-26,RS01SLBS-MJ01A-06-PRESTA101,1,True,2016-02-26T00:00:03Z,2016-02-26T23:59:48Z,5760,5760,0,14.999925,15.000171185,14.999991641,-0.001978945,0,0,0,0,0.0,3.077827,17.293641,1.47683e-12,0.0002051886,0.00115291,False,0.001321,False
2016-02-27,RS01SLBS-MJ01A-06-PRESTA101,1,True,2016-02-27T00:00:03Z,2016-02-27T23:59:48Z,5760,5760,0,14.999925,15.000152111,14.999991765,0.003368455,0,0,0,0,0.0,3.821928,20.45763,2.902429e-12,0.0002547954,0.001363843,False,0.001307,False
2016-02-28,RS01SLBS-MJ01A-06-PRESTA101,1,True,2016-02-28T00:00:03Z,2016-02-28T23:59:48Z,5760,5760,0,14.999925,15.000139236,14.999992237,-0.001702705,0,0,0,0,0.0,3.361075,17.779649,1.015791e-12,0.0002240718,0.001185311,False,0.001315,False
2016-02-29,RS01SLBS-MJ01A-06-PRESTA101,1,True,2016-02-29T00:00:03Z,2016-02-29T23:59:48Z,5760,5760,0,14.999925,15.000139236,14.999991271,-0.001712945,0,0,0,0,0.0,3.37953,18.846783,2.51106e-12,0.0002253021,0.001256453,False,0.001262,False
2016-03-01,RS01SLBS-MJ01A-06-PRESTA101,1,True,2016-03-01T00:00:03Z,2016-03-01T23:59:48Z,5754,5760,6,14.999925,15.000161171,14.999991497,0.000235361,1,6,1,6,-0.0,3.542781,19.247052,-2.418233e-12,0.0002361855,0.001283138,False,0.001443,True
2016-03-02,RS01SLBS-MJ01A-06-PRESTA101,1,True,2016-03-02T00:00:03Z,2016-03-02T23:59:48Z,5760,5760,0,14.999925,15.000174046,14.999991718,0.002422247,0,0,0,0,0.0,3.22691,20.26676,1.512436e-12,0.0002151274,0.001351118,False,0.001543,False
2016-03-03,RS01SLBS-MJ01A-06-PRESTA101,1,True,2016-03-03T00:00:03Z,2016-03-03T23:59:48Z,4804,5760,956,14.999925,15.000154018,14.999992045,-0.002611044,3,956,3,956,0.0,2.97446,16.709566,1.476875e-12,0.0001982974,0.001113972,False,0.007644,True
2016-03-04,RS01SLBS-MJ01A-06-PRESTA101,1,True,2016-03-04T00:00:03Z,2016-03-04T23:59:48Z,5760,5760,0,14.999925,15.000181198,14.999991692,-0.000979367,0,0,0,0,0.0,3.266424,17.713288,1.04098e-12,0.0002177617,0.001180887,False,0.001311,False
2016-03-05,RS01SLBS-MJ01A-06-PRESTA101,1,True,2016-03-05T00:00:03Z,2016-03-05T23:59:48Z,5760,5760,0,14.999925,15.000173569,14.999991337,-0.002036502,0,0,0,0,0.0,3.419247,21.381808,1.362495e-12,0.0002279499,0.001425455,False,0.001277,False
2016-03-06,RS01SLBS-MJ01A-06-PRESTA101,1,True,2016-03-06T00:00:03Z,2016-03-06T23:59:48Z,5760,5760,0,14.999925,15.000175953,14.99999068,-0.000444919,0,0,0,0,0.0,3.081162,17.620954,2.085464e-12,0.000205411,0.001174731,False,0.001286,False
2016-03-07,RS01SLBS-MJ01A-06-PRESTA101,1,True,2016-03-07T00:00:03Z,2016-03-07T23:59:48Z,5760,5760,0,14.999925,15.000166893,14.999992464,-0.003913131,0,0,0,0,0.0,3.246373,20.19455,2.516351e-12,0.000216425,0.001346304,False,0.001405,False
2016-03-08,RS01SLBS-MJ01A-06-PRESTA101,1,True,2016-03-08T00:00:03Z,2016-03-08T23:59:48Z,5753,5760,7,14.999925,15.000137806,14.999990899,0.001490382,1,7,1,7,-0.0,3.351994,18.132385,-4.887485e-13,0.0002234664,0.001208826,False,0.001255,True
2016-03-09,RS01SLBS-MJ01A-06-PRESTA101,1,True,2016-03-09T00:00:03Z,2016-03-09T23:59:48Z,5760,5760,0,14.999925,15.000142097,14.999991459,0.001545513,0,0,0,0,0.0,3.076523,18.812716,3.319223e-12,0.0002051016,0.001254182,False,0.001508,False
2016-03-10,RS01SLBS-MJ01A-06-PRESTA101,1,True,2016-03-10T00:00:03Z,2016-03-10T23:06:33Z,5547,5547,0,14.999925,15.000172377,14.999991663,-0.002098505,0,0,0,0,0.0,3.092117,21.678944,1.695405e-12,0.0002061413,0.001445264,False,0.001478,False
2016-03-11,RS01SLBS-MJ01A-06-PRESTA101,1,True,2016-03-11T07:37:03Z,2016-03-11T23:59:48Z,3932,3932,0,14.999925,15.0001688,14.999991882,0.000444923,0,0,0,0,0.0,2.957311,17.869248,3.300733e-13,0.0001971542,0.001191284,False,0.001253,False
2016-03-12,RS01SLBS-MJ01A-06-PRESTA101,1,True,2016-03-12T00:00:03Z,2016-03-12T23:59:48Z,5760,5760,0,14.999925,15.000161171,14.999991968,-0.006403579,0,0,0,0,0.0,3.717924,19.099843,1.907555e-12,0.0002478617,0.001273324,False,0.001286,False
2016-03-13,RS01SLBS-MJ01A-06-PRESTA101,1,True,2016-03-13T00:00:03Z,2016-03-13T23:59:48Z,5760,5760,0,14.999925,15.000172138,14.999991675,-0.000597623,0,0,0,0,0.0,3.293933,22.005564,1.431398e-12,0.0002195956,0.001467038,False,0.001511,False
2016-03-14,RS01SLBS-MJ01A-06-PRESTA101,1,True,2016-03-14T00:00:03Z,2016-03-14T23:59:48Z,5760,5760,0,14.999925,15.000161171,14.999991187,0.00047971,0,0,0,0,0.0,3.320023,17.793091,2.707839e-12,0.000221335,0.001186207,False,0.00127,False
2016-03-15,RS01SLBS-MJ01A-06-PRESTA101,1,True,2016-03-15T00:00:03Z,2016-03-15T23:59:48Z,5760,5760,0,14.999925,15.000149727,14.999991503,-0.002465403,0,0,0,0,0.0,3.208561,20.655009,3.176852e-12,0.0002139042,0.001377001,False,0.001458,False
2016-03-16,RS01SLBS-MJ01A-06-PRESTA101,1,True,2016-03-16T00:00:03Z,2016-03-16T23:59:47Z,5732,5760,28,14.999925,15.000150204,14.999991436,0.001459535,1,28,1,28,0.0,3.078089,20.516979,2.246904e-12,0.000205206,0.001367799,False,0.001491,True
2016-03-17,RS01SLBS-MJ01A-06-PRESTA101,1,True,2016-03-17T00:00:02Z,2016-03-17T23:59:47Z,5754,5760,6,14.999925,15.000176907,14.999990803,-0.000576714,1,6,1,6,-0.0,3.0655,16.80082,-1.651816e-12,0.0002043668,0.001120055,False,0.001289,True
2016-03-18,RS01SLBS-MJ01A-06-PRESTA101,1,True,2016-03-18T00:00:02Z,2016-03-18T23:59:47Z,5760,5760,0,14.999925,15.000142097,14.999991846,0.001907706,0,0,0,0,0.0,3.117948,17.339431,1.865758e-12,0.0002078633,0.001155963,False,0.001259,False
2016-03-19,RS01SLBS-MJ01A-06-PRESTA101,1,True,2016-03-19T00:00:02Z,2016-03-19T23:59:47Z,5760,5760,0,14.999925,15.000161171,14.999991449,0.000400435,0,0,0,0,0.0,3.192234,24.197957,2.15367e-12,0.0002128157,0.001613198,False,0.001565,False
2016-03-20,RS01SLBS-MJ01A-06-PRESTA101,1,True,2016-03-20T00:00:02Z,2016-03-20T23:59:47Z,5760,5760,0,14.999925,15.000168324,14.999991483,0.001749544,0,0,0,0,0.0,3.242103,17.251657,2.32293e-12,0.0002161403,0.001150111,False,0.001282,False
2016-03-21,RS01SLBS-MJ01A-06-PRESTA101,1,True,2016-03-21T00:00:02Z,2016-03-21T23:59:47Z,5760,5760,0,14.999925,15.000164032,14.99999086,-0.00306695,0,0,0,0,0.0,3.081651,17.722007,1.371896e-12,0.0002054435,0.001181468,False,0.001285,False
2016-03-22,RS01SLBS-MJ01A-06-PRESTA101,1,True,2016-03-22T00:00:02Z,2016-03-22T23:59:47Z,5760,5760,0,14.999925,15.00014925,14.999991562,-0.001264067,0,0,0,0,0.0,3.318363,24.523035,1.292503e-12,0.0002212243,0.00163487,False,0.00158,False
2016-03-23,RS01SLBS-MJ01A-06-PRESTA101,1,True,2016-03-23T00:00:02Z,2016-03-23T23:59:47Z,5760,5760,0,14.999925,15.000157833,14.99999006,-0.000100798,0,0,0,0,0.0,3.146739,17.113187,1.851546e-12,0.0002097827,0.00114088,False,0.001219,False
2016-03-24,RS01SLBS-MJ01A-06-PRESTA101,1,True,2016-03-24T00:00:02Z,2016-03-24T23:59:47Z,5760,5760,0,14.999925,15.000184059,14.999991994,-0.000608636,0,0,0,0,0.0,3.074251,21.248978,2.344877e-12,0.0002049502,0.001416599,False,0.001425,False
2016-03-25,RS01SLBS-MJ01A-06-PRESTA101,1,True,2016-03-25T00:00:02Z,2016-03-25T23:59:47Z,5760,5760,0,14.999925,15.000165939,14.999991732,-0.002504622,0,0,0,0,0.0,3.317342,22.625683,1.788743e-12,0.0002211563,0.00150838,False,0.001395,False
2016-03-26,RS01SLBS-MJ01A-06-PRESTA101,1,True,2016-03-26T00:00:02Z,2016-03-26T23:59:47Z,5760,5760,0,14.999925,15.000149727,14.999991506,-0.00091461,0,0,0,0,0.0,3.559777,19.218932,7.408964e-13,0.0002373186,0.001281263,False,0.001243,False
2016-03-27,RS01SLBS-MJ01A-06-PRESTA101,1,True,2016-03-27T00:00:02Z,2016-03-27T23:59:47Z,5760,5760,0,14.999925,15.000151157,14.999991004,-0.002345957,0,0,0,0,0.0,3.677817,20.08087,1.601683e-12,0.000245188,0.001338725,False,0.001399,False
2016-03-28,RS01SLBS-MJ01A-06-PRESTA101,1,True,2016-03-28T00:00:02Z,2016-03-28T23:59:47Z,5760,5760,0,14.999925,15.00013876,14.99999179,0.000504998,0,0,0,0,0.0,3.819329,24.501942,2.607016e-12,0.0002546221,0.001633464,False,0.001561,False
2016-03-29,RS01SLBS-MJ01A-06-PRESTA101,1,True,2016-03-29T00:00:02Z,2016-03-29T23:59:47Z,5760,5760,0,14.999925,15.00013876,14.999991199,0.001836553,0,0,0,0,0.0,3.095376,17.034638,2.825238e-12,0.0002063585,0.001135643,False,0.001259,False
2016-03-30,RS01SLBS-MJ01A-06-PRESTA101,1,True,2016-03-30T00:00:02Z,2016-03-30T23:59:47Z,5760,5760,0,14.999925,15.000166893,14.999991465,0.003124691,0,0,0,0,0.0,3.173044,21.073933,2.022534e-12,0.0002115364,0.00140493,False,0.001568,False
2016-03-31,RS01SLBS-MJ01A-06-PRESTA101,1,True,2016-03-31T00:00:02Z,2016-03-31T23:59:47Z,5759,5760,1,14.999925,15.0001719,14.999990731,-0.001231631,1,1,1,1,0.0,3.357885,18.50709,1.526949e-13,0.0002238591,0.001233807,False,0.001258,True
2016-04-01,RS01SLBS-MJ01A-06-PRESTA101,1,True,2016-04-01T00:00:02Z,2016-04-01T23:59:47Z,5754,5760,6,14.999925,15.000154018,14.999991583,-0.002107004,1,6,1,6,-0.0,3.442673,17.920072,-1.497748e-12,0.0002295116,0.001194672,False,0.001253,True
2016-04-02,RS01SLBS-MJ01A-06-PRESTA101,1,True,2016-04-02T00:00:02Z,2016-04-02T23:59:47Z,5754,5760,6,14.999925,15.000163078,14.999990586,-0.00084967,1,6,1,6,-0.0,3.140599,21.876371,-2.194603e-12,0.0002093734,0.001458426,False,0.001582,True
2016-04-03,RS01SLBS-MJ01A-06-PRESTA101,1,True,2016-04-03T00:00:02Z,2016-04-03T23:59:47Z,5760,5760,0,14.999925,15.000164986,14.999991293,0.003752209,0,0,0,0,0.0,3.651952,21.822077,1.762317e-12,0.0002434636,0.001454806,False,0.001577,False
2016-04-04,RS01SLBS-MJ01A-06-PRESTA101,1,True,2016-04-04T00:00:02Z,2016-04-04T23:59:47Z,5760,5760,0,14.999925,15.000166893,14.999989776,0.000349485,0,0,0,0,0.0,3.590159,19.148391,1.083121e-12,0.0002393441,0.00127656,False,0.001302,False
2016-04-05,RS01SLBS-MJ01A-06-PRESTA101,1,True,2016-04-05T00:00:02Z,2016-04-05T23:59:46Z,5760,5760,0,14.999925,15.000157833,14.999991109,0.001727799,0,0,0,0,0.0,3.201737,17.683968,2.208293e-12,0.0002134492,0.001178932,False,0.001351,False
2016-04-06,RS01SLBS-MJ01A-06-PRESTA101,1,True,2016-04-06T00:00:01Z,2016-04-06T23:59:46Z,5760,5760,0,14.999925,15.000134945,14.999991533,-0.000608109,0,0,0,0,0.0,3.345603,22.123883,2.800896e-12,0.0002230403,0.001474926,False,0.001637,False
2016-04-07,RS01SLBS-MJ01A-06-PRESTA101,1,True,2016-04-07T00:00:01Z,2016-04-07T23:59:46Z,5760,5760,0,14.999925,15.000201702,14.999990823,0.006781352,0,0,0,0,0.0,3.297115,18.538738,2.655071e-12,0.0002198078,0.001235917,False,0.00125,False
2016-04-08,RS01SLBS-MJ01A-06-PRESTA101,1,True,2016-04-08T00:00:01Z,2016-04-08T23:59:46Z,5747,5760,13,14.999925,15.000150442,14.99999125,-0.00112563,2,13,2,13,-0.0,3.613595,20.191836,-7.384081e-13,0.0002409064,0.001346123,False,0.001452,True
2016-04-09,RS01SLBS-MJ01A-06-PRESTA101,1,True,2016-04-09T00:00:01Z,2016-04-09T23:59:46Z,5760,5760,0,14.999925,15.000133038,14.999991088,-0.000712874,0,0,0,0,0.0,3.121066,17.841309,2.158207e-12,0.0002080712,0.001189421,False,0.001262,False
2016-04-10,RS01SLBS-MJ01A-06-PRESTA101,1,True,2016-04-10T00:00:01Z,2016-04-10T23:59:46Z,5760,5760,0,14.999925,15.000152111,14.999990947,-3.536e-06,0,0,0,0,0.0,3.462306,18.477554,2.482544e-12,0.0002308205,0.001231838,False,0.001247,False
2016-04-11,RS01SLBS-MJ01A-06-PRESTA101,1,True,2016-04-11T00:00:01Z,2016-04-11T23:59:46Z,5760,5760,0,14.999925,15.000140667,14.999991455,-0.001220337,0,0,0,0,0.0,3.010577,21.806673,2.868974e-12,0.0002007053,0.001453779,False,0.001567,False
2016-04-12,RS01SLBS-MJ01A-06-PRESTA101,1,True,2016-04-12T00:00:01Z,2016-04-12T23:59:46Z,5760,5760,0,14.999925,15.000154018,14.999991352,-0.001432844,0,0,0,0,0.0,3.30488,22.062617,2.083548e-12,0.0002203255,0.001470842,False,0.001413,False
2016-04-13,RS01SLBS-MJ01A-06-PRESTA101,1,True,2016-04-13T00:00:01Z,2016-04-13T23:59:46Z,5760,5760,0,14.999925,15.000148773,14.999991277,-0.004245779,0,0,0,0,0.0,3.289973,18.356776,2.363839e-12,0.0002193317,0.001223786,False,0.001219,False
2016-04-14,RS01SLBS-MJ01A-06-PRESTA101,1,True,2016-04-14T00:00:01Z,2016-04-14T23:59:46Z,5753,5760,7,14.999925,15.000164986,14.999991141,-0.000994481,2,7,2,7,-0.0,3.940086,20.387714,-3.542411e-13,0.0002626725,0.001359182,False,0.001258,True
2016-04-15,RS01SLBS-MJ01A-06-PRESTA101,1,True,2016-04-15T00:00:01Z,2016-04-15T23:59:46Z,5760,5760,0,14.999925,15.000183105,14.999990912,0.002777382,0,0,0,0,0.0,3.499711,20.118205,2.820295e-12,0.0002333142,0.001341214,False,0.001683,False
2016-04-16,RS01SLBS-MJ01A-06-PRESTA101,1,True,2016-04-16T00:00:01Z,2016-04-16T23:59:46Z,5760,5760,0,14.999925,15.000163078,14.999991064,-0.001664849,0,0,0,0,0.0,3.217399,19.757709,2.810749e-12,0.0002144934,0.001317181,False,0.001262,False
2016-04-17,RS01SLBS-MJ01A-06-PRESTA101,1,True,2016-04-17T00:00:01Z,2016-04-17T23:59:46Z,5760,5760,0,14.999925,15.000161171,14.999990183,-0.002372617,0,0,0,0,0.0,3.359177,21.763114,2.727524e-12,0.0002239453,0.001450875,False,0.001339,False
2016-04-18,RS01SLBS-MJ01A-06-PRESTA101,1,True,2016-04-18T00:00:01Z,2016-04-18T23:59:46Z,5760,5760,0,14.999925,15.000151634,14.99999126,-0.001811314,0,0,0,0,0.0,3.390365,21.27223,1.093513e-12,0.0002260245,0.001418149,False,0.001275,False
2016-04-19,RS01SLBS-MJ01A-06-PRESTA101,1,True,2016-04-19T00:00:01Z,2016-04-19T23:59:46Z,5760,5760,0,14.999925,15.000172138,14.99999133,0.003533158,0,0,0,0,0.0,3.1377,17.325032,3.169452e-12,0.0002091801,0.001155003,False,0.001259,False
2016-04-20,RS01SLBS-MJ01A-06-PRESTA101,1,True,2016-04-20T00:00:01Z,2016-04-20T23:59:46Z,5759,5760,1,14.999925,15.000160217,14.999991431,0.000314771,1,1,1,1,0.0,3.288827,19.518767,7.21256e-14,0.0002192553,0.001301252,False,0.001549,True
2016-04-21,RS01SLBS-MJ01A-06-PRESTA101,1,True,2016-04-21T00:00:01Z,2016-04-21T22:50:16Z,5482,5482,0,14.999925,15.000174999,14.999991922,-0.014197437,0,0,0,0,-0.0,3.228054,17.775113,-1.379427e-12,0.0002152037,0.001185008,False,0.001254,False
2016-04-22,RS01SLBS-MJ01A-06-PRESTA101,1,True,2016-04-22T14:45:01Z,2016-04-22T23:59:46Z,2220,2220,0,14.999925,15.000196934,14.999992496,0.002227796,0,0,0,0,0.0,3.046889,16.507746,1.085015e-13,0.000203126,0.001100517,False,0.001215,False
2016-04-23,RS01SLBS-MJ01A-06-PRESTA101,1,True,2016-04-23T00:00:01Z,2016-04-23T23:59:46Z,5760,5760,0,14.999925,15.000146866,14.99999139,-0.001227008,0,0,0,0,0.0,3.318668,18.182145,2.133594e-12,0.0002212447,0.001212144,False,0.00146,False
2016-04-24,RS01SLBS-MJ01A-06-PRESTA101,1,True,2016-04-24T00:00:01Z,2016-04-24T23:59:45Z,5760,5760,0,14.999925,15.000153065,14.999990979,0.001788864,0,0,0,0,0.0,18.871632,998.877072,2.47805e-12,0.00125811,0.06659184,False,0.066873,False
2016-04-25,RS01SLBS-MJ01A-06-PRESTA101,1,True,2016-04-25T00:00:00Z,2016-04-25T23:59:45Z,5760,5760,0,14.999925,15.000139236,14.999990971,0.000865557,0,0,0,0,0.0,3.147089,17.57289,2.125805e-12,0.0002098061,0.001171527,False,0.00125,False
2016-04-26,RS01SLBS-MJ01A-06-PRESTA101,1,True,2016-04-26T00:00:00Z,2016-04-26T23:59:45Z,5760,5760,0,14.999925,15.000154018,14.999991045,-0.000771462,0,0,0,0,0.0,3.201561,17.431385,2.911631e-12,0.0002134375,0.001162093,False,0.001291,False
2016-04-27,RS01SLBS-MJ01A-06-PRESTA101,1,True,2016-04-27T00:00:00Z,2016-04-27T23:59:45Z,5760,5760,0,14.999925,15.000171185,14.999990992,-0.000633938,0,0,0,0,0.0,3.391826,18.383076,2.658879e-12,0.0002261219,0.001225539,False,0.001275,False
2016-04-28,RS01SLBS-MJ01A-06-PRESTA101,1,True,2016-04-28T00:00:00Z,2016-04-28T23:59:45Z,5760,5760,0,14.999925,15.000165939,14.999991344,0.003056496,0,0,0,0,0.0,3.048707,16.773029,3.655907e-12,0.0002032472,0.001118203,False,0.001278,False
2016-04-29,RS01SLBS-MJ01A-06-PRESTA101,1,True,2016-04-29T00:00:00Z,2016-04-29T23:59:45Z,5760,5760,0,14.999925,15.000171661,14.999991928,-0.005339424,0,0,0,0,0.0,3.474424,18.428545,2.095565e-12,0.0002316284,0.00122857,False,0.001642,False
2016-04-30,RS01SLBS-MJ01A-06-PRESTA101,1,True,2016-04-30T00:00:00Z,2016-04-30T23:59:45Z,5760,5760,0,14.999925,15.000157833,14.999991536,-0.003231323,0,0,0,0,0.0,3.188819,19.903052,2.143122e-12,0.000212588,0.001326871,False,0.001296,False
2016-05-01,RS01SLBS-MJ01A-06-PRESTA101,1,True,2016-05-01T00:00:00Z,2016-05-01T23:59:45Z,5760,5760,0,14.999925,15.000158787,14.999990993,0.002480622,0,0,0,0,0.0,3.025022,16.140408,1.277624e-12,0.0002016682,0.001076028,False,0.001213,False
2016-05-02,RS01SLBS-MJ01A-06-PRESTA101,1,True,2016-05-02T00:00:00Z,2016-05-02T23:59:45Z,5760,5760,0,14.999925,15.000166893,14.999991462,-0.003222826,0,0,0,0,0.0,3.378752,18.555144,1.021918e-12,0.0002252503,0.00123701,False,0.001532,False
2016-05-03,RS01SLBS-MJ01A-06-PRESTA101,1,True,2016-05-03T00:00:00Z,2016-05-03T23:59:45Z,5760,5760,0,14.999925,15.000158787,14.999990638,-0.009450376,0,0,0,0,0.0,4.015918,18.646541,3.271541e-12,0.000267728,0.001243104,False,0.00131,False
2016-05-04,RS01SLBS-MJ01A-06-PRESTA101,1,True,2016-05-04T00:00:00Z,2016-05-04T23:59:45Z,5760,5760,0,14.999925,15.000169277,14.999991202,-0.002567861,0,0,0,0,0.0,3.089829,16.838351,2.328937e-12,0.0002059887,0.001122557,False,0.001224,False
2016-05-05,RS01SLBS-MJ01A-06-PRESTA101,1,True,2016-05-05T00:00:00Z,2016-05-05T23:59:45Z,5709,5760,51,14.999925,15.000162363,14.999991443,-0.002230135,1,51,1,51,0.0,3.14583,17.130342,7.672225e-14,0.0002097221,0.001142023,False,0.001253,True
2016-05-06,RS01SLBS-MJ01A-06-PRESTA101,1,True,2016-05-06T00:00:00Z,2016-05-06T23:59:45Z,5556,5760,204,14.999925,15.000169754,14.99999104,-0.00090465,5,204,5,204,0.0,3.163359,17.842332,4.680378e-13,0.0002108907,0.00118949,False,0.001291,True
2016-05-07,RS01SLBS-MJ01A-06-PRESTA101,1,True,2016-05-07T00:00:00Z,2016-05-07T23:59:45Z,3567,5760,2193,14.999925,15.000205994,14.999990936,0.005556615,81,2193,81,2193,0.0,3.091804,16.445657,1.217641e-12,0.0002061204,0.001096378,False,0.002559,True
2016-05-08,RS01SLBS-MJ01A-06-PRESTA101,1,True,2016-05-08T00:00:00Z,2016-05-08T23:59:45Z,5760,5760,0,14.999925,15.0001297,14.999990904,-0.000845932,0,0,0,0,0.0,3.198685,17.681961,1.82387e-12,0.0002132458,0.001178798,False,0.001268,False
2016-05-09,RS01SLBS-MJ01A-06-PRESTA101,1,True,2016-05-09T00:00:00Z,2016-05-09T23:59:45Z,5759,5760,1,14.999925,15.000150681,14.999990945,-0.001091476,1,1,1,1,-0.0,3.082245,19.451135,-3.922082e-13,0.0002054831,0.001296743,False,0.00148,True
2016-05-10,RS01SLBS-MJ01A-06-PRESTA101,1,True,2016-05-10T00:00:00Z,2016-05-10T23:59:45Z,5759,5760,1,14.999925,15.000153542,14.999991116,0.000406279,1,1,1,1,0.0,3.078116,17.525347,1.031983e-12,0.0002052079,0.001168357,False,0.001241,True
2016-05-11,RS01SLBS-MJ01A-06-PRESTA101,1,True,2016-05-11T00:00:00Z,2016-05-11T23:59:45Z,5732,5760,28,14.999925,15.000156879,14.999991267,-0.001226479,8,28,8,28,0.0,3.162096,18.392343,9.45414e-13,0.0002108065,0.001226157,False,0.001269,True
2016-05-12,RS01SLBS-MJ01A-06-PRESTA101,1,True,2016-05-12T00:00:00Z,2016-05-12T23:59:45Z,5741,5760,19,14.999925,15.000164986,14.999991165,-0.000355698,1,19,1,19,-0.0,3.258891,17.992555,-3.84012e-13,0.0002172595,0.001199504,False,0.001524,True
2016-05-13,RS01SLBS-MJ01A-06-PRESTA101,1,True,2016-05-13T00:00:00Z,2016-05-13T23:59:45Z,5755,5760,5,14.999925,15.000155449,14.999990836,-0.003526281,5,5,5,5,0.0,3.221546,17.662382,1.293455e-12,0.0002147699,0.001177493,False,0.001234,True
2016-05-14,RS01SLBS-MJ01A-06-PRESTA101,1,True,2016-05-14T00:00:00Z,2016-05-14T23:59:59Z,5754,5761,7,14.999925,15.000152111,14.999991264,0.000221501,3,7,3,7,0.0,13.66077,1000.373289,1.718352e-12,0.0009107186,0.06669159,False,0.066444,True
2016-05-15,RS01SLBS-MJ01A-06-PRESTA101,1,True,2016-05-15T00:00:14Z,2016-05-15T23:59:59Z,5760,5760,0,14.999925,15.000162125,14.999991051,-0.000819945,0,0,0,0,0.0,3.145071,16.858822,1.42761e-12,0.0002096715,0.001123922,False,0.001275,False
2016-05-16,RS01SLBS-MJ01A-06-PRESTA101,1,True,2016-05-16T00:00:14Z,2016-05-16T23:59:59Z,5752,5760,8,14.999925,15.000157356,14.999990982,0.001757307,3,8,3,8,-0.0,3.20596,18.634367,-6.311119e-14,0.0002137308,0.001242292,False,0.001493,True
2016-05-17,RS01SLBS-MJ01A-06-PRESTA101,1,True,2016-05-17T00:00:14Z,2016-05-17T23:59:59Z,5430,5760,330,14.999925,15.00014019,14.999991337,0.000956433,3,330,3,330,-0.0,3.085719,17.383063,-1.385424e-12,0.0002057147,0.001158872,False,0.003691,True
2016-05-18,RS01SLBS-MJ01A-06-PRESTA101,1,True,2016-05-18T00:00:14Z,2016-05-18T23:59:59Z,5721,5760,39,14.999925,15.000156879,14.99999111,-0.00102106,1,39,1,39,-0.0,3.444244,17.84798,-1.021587e-12,0.0002296164,0.001189866,False,0.00122,True
2016-05-19,RS01SLBS-MJ01A-06-PRESTA101,1,True,2016-05-19T00:00:14Z,2016-05-19T23:59:59Z,5618,5760,142,14.999925,15.000174046,14.99999152,0.003519755,2,142,2,142,0.0,3.31432,18.443952,1.726122e-12,0.0002209548,0.001229597,False,0.001764,True
2016-05-20,RS01SLBS-MJ01A-06-PRESTA101,1,True,2016-05-20T00:00:14Z,2016-05-20T23:59:59Z,5742,5760,18,14.999925,15.000143051,14.999991361,0.001340709,7,18,7,18,-0.0,3.265179,20.04396,-1.460723e-12,0.0002176787,0.001336265,False,0.001258,True
2016-05-21,RS01SLBS-MJ01A-06-PRESTA101,1,True,2016-05-21T00:00:14Z,2016-05-21T23:59:59Z,5754,5760,6,14.999925,15.000164986,14.999990974,0.001476889,5,6,5,6,-0.0,3.114225,17.703996,-1.821101e-12,0.0002076151,0.001180267,False,0.001264,True
2016-05-22,RS01SLBS-MJ01A-06-PRESTA101,1,True,2016-05-22T00:00:14Z,2016-05-22T23:59:59Z,5759,5760,1,14.999925,15.000155449,14.999991206,0.001568743,1,1,1,1,-0.0,3.057932,17.747175,-8.6953e-13,0.0002038623,0.001183146,False,0.00127,True
2016-05-23,RS01SLBS-MJ01A-06-PRESTA101,1,True,2016-05-23T00:00:14Z,2016-05-23T23:59:52Z,5741,5759,18,14.999925,15.000176668,15.001406257,-2.296486962,7,18,7,18,-0.0,2145.298266,3886.099807,-2.881041e-12,0.1430065,0.259049,False,0.200001,True
2016-05-24,RS01SLBS-MJ01A-06-PRESTA101,1,True,2016-05-24T00:00:07Z,2016-05-24T23:59:51Z,5760,5760,0,14.999925,15.000164032,14.999991331,-0.000344467,0,0,0,0,0.0,13.517559,995.725232,2.557577e-12,0.0009011711,0.06638172,False,0.066679,False
2016-05-25,RS01SLBS-MJ01A-06-PRESTA101,1,True,2016-05-25T00:00:06Z,2016-05-25T23:59:51Z,5760,5760,0,14.999925,15.000171661,14.999991692,0.003705972,0,0,0,0,0.0,3.301854,19.308849,1.875109e-12,0.0002201237,0.001287257,False,0.001271,False
2016-05-26,RS01SLBS-MJ01A-06-PRESTA101,1,True,2016-05-26T00:00:06Z,2016-05-26T23:59:51Z,5760,5760,0,14.999925,15.000165939,14.999991141,-0.003298941,0,0,0,0,0.0,3.689348,19.6729,2.498686e-12,0.0002459567,0.001311527,False,0.001415,False
2016-05-27,RS01SLBS-MJ01A-06-PRESTA101,1,True,2016-05-27T00:00:06Z,2016-05-27T23:59:51Z,5758,5760,2,14.999925,15.000182629,14.999991896,-0.005927655,2,2,2,2,0.0,3.215918,19.142644,1.589964e-12,0.0002143947,0.001276177,False,0.001254,True
2016-05-28,RS01SLBS-MJ01A-06-PRESTA101,1,True,2016-05-28T00:00:06Z,2016-05-28T23:59:51Z,5760,5760,0,14.999925,15.000155926,14.99999054,0.001817164,0,0,0,0,0.0,3.430593,21.086695,1.160653e-12,0.0002287063,0.001405781,False,0.001545,False
2016-05-29,RS01SLBS-MJ01A-06-PRESTA101,1,True,2016-05-29T00:00:06Z,2016-05-29T23:59:51Z,5760,5760,0,14.999925,15.000154972,14.999990058,0.001898894,0,0,0,0,0.0,3.230628,18.1602,1.200808e-12,0.0002153753,0.001210681,False,0.001198,False
2016-05-30,RS01SLBS-MJ01A-06-PRESTA101,1,True,2016-05-30T00:00:06Z,2016-05-30T23:59:51Z,5759,5760,1,14.999925,15.000166416,14.999991529,-0.014732974,1,1,1,1,-0.0,3.198345,17.458496,-1.019736e-12,0.0002132231,0.0011639,False,0.001258,True
2016-05-31,RS01SLBS-MJ01A-06-PRESTA101,1,True,2016-05-31T00:00:06Z,2016-05-31T23:59:51Z,5760,5760,0,14.999925,15.000166893,14.99999161,-0.002978546,0,0,0,0,0.0,3.081418,18.996055,1.179764e-12,0.000205428,0.001266404,False,0.001552,False
2016-06-01,RS01SLBS-MJ01A-06-PRESTA101,1,True,2016-06-01T00:00:06Z,2016-06-01T23:59:51Z,5760,5760,0,14.999925,15.000189781,14.999990673,0.002052961,0,0,0,0,0.0,4.514935,21.628888,1.403138e-12,0.0003009959,0.001441927,False,0.001267,False
2016-06-02,RS01SLBS-MJ01A-06-PRESTA101,1,True,2016-06-02T00:00:06Z,2016-06-02T23:59:51Z,5756,5760,4,14.999925,15.000170231,14.999990698,-6.472e-06,1,4,1,4,0.0,4.153408,19.902709,7.685716e-13,0.000276894,0.001326848,False,0.001281,True
2016-06-03,RS01SLBS-MJ01A-06-PRESTA101,1,True,2016-06-03T00:00:06Z,2016-06-03T23:59:51Z,5759,5760,1,14.999925,15.00015831,14.999990393,0.001864256,1,1,1,1,-0.0,3.257923,22.929542,-2.249023e-12,0.000217195,0.001528637,False,0.001499,True
2016-06-04,RS01SLBS-MJ01A-06-PRESTA101,1,True,2016-06-04T00:00:06Z,2016-06-04T23:59:51Z,5760,5760,0,14.999925,15.000164032,14.999991501,-0.000241355,0,0,0,0,0.0,3.004809,23.020165,2.185943e-12,0.0002003207,0.001534679,False,0.001585,False
2016-06-05,RS01SLBS-MJ01A-06-PRESTA101,1,True,2016-06-05T00:00:06Z,2016-06-05T23:59:51Z,5729,5760,31,14.999925,15.000179529,14.999991092,0.003413488,5,31,5,31,0.0,3.419725,19.443977,1.761489e-12,0.0002279818,0.001296266,False,0.001266,True
2016-06-06,RS01SLBS-MJ01A-06-PRESTA101,1,True,2016-06-06T00:00:06Z,2016-06-06T23:59:51Z,5760,5760,0,14.999925,15.000180244,14.999991424,0.000804537,0,0,0,0,0.0,3.585719,21.370613,1.663608e-12,0.0002390481,0.001424708,False,0.001314,False
2016-06-07,RS01SLBS-MJ01A-06-PRESTA101,1,True,2016-06-07T00:00:06Z,2016-06-07T23:59:51Z,5758,5760,2,14.999925,15.000170708,14.999991128,-0.002172846,1,2,1,2,-0.0,3.1483,17.583711,-2.649632e-12,0.0002098868,0.001172248,False,0.001327,True
2016-06-08,RS01SLBS-MJ01A-06-PRESTA101,1,True,2016-06-08T00:00:06Z,2016-06-08T23:59:51Z,5756,5760,4,14.999925,15.000171185,14.999990869,0.002209772,1,4,1,4,-0.0,3.259291,17.470453,-3.389073e-13,0.0002172862,0.001164698,False,0.001319,True
2016-06-09,RS01SLBS-MJ01A-06-PRESTA101,1,True,2016-06-09T00:00:06Z,2016-06-09T23:59:51Z,5759,5760,1,14.999925,15.00016284,14.999991347,0.004986569,1,1,1,1,0.0,3.33027,20.715899,1.45183e-12,0.0002220181,0.001381061,False,0.001325,True
2016-06-10,RS01SLBS-MJ01A-06-PRESTA101,1,True,2016-06-10T00:00:06Z,2016-06-10T23:59:51Z,5760,5760,0,14.999925,15.000164986,14.999991097,0.000650407,0,0,0,0,0.0,3.135192,19.812927,1.167638e-12,0.0002090129,0.001320863,False,0.00153,False
2016-06-11,RS01SLBS-MJ01A-06-PRESTA101,1,True,2016-06-11T00:00:06Z,2016-06-11T23:59:51Z,5759,5760,1,14.999925,15.000174761,14.999991248,-0.014175096,1,1,1,1,0.0,3.198895,17.225701,2.649206e-13,0.0002132598,0.001148381,False,0.001254,True
2016-06-12,RS01SLBS-MJ01A-06-PRESTA101,1,True,2016-06-12T00:00:06Z,2016-06-12T23:59:51Z,5759,5760,1,14.999925,15.000155926,14.999990923,0.001338865,1,1,1,1,0.0,3.750775,19.701705,2.080902e-12,0.0002500518,0.001313448,False,0.001214,True
2016-06-13,RS01SLBS-MJ01A-06-PRESTA101,1,True,2016-06-13T00:00:06Z,2016-06-13T23:59:50Z,5760,5760,0,14.999925,15.000164032,14.999991824,-0.00555038,0,0,0,0,0.0,18.916801,996.735127,1.996526e-12,0.001261121,0.06644904,False,0.066688,False
2016-06-14,RS01SLBS-MJ01A-06-PRESTA101,1,True,2016-06-14T00:00:05Z,2016-06-14T23:59:50Z,5760,5760,0,14.999925,15.000162125,14.999991193,-0.001907995,0,0,0,0,0.0,3.794507,19.003523,1.224487e-12,0.0002529673,0.001266902,False,0.00123,False
2016-06-15,RS01SLBS-MJ01A-06-PRESTA101,1,True,2016-06-15T00:00:05Z,2016-06-15T23:59:50Z,5753,5760,7,14.999925,15.00018239,14.999991953,-0.00109236,1,7,1,7,0.0,3.662245,19.262429,1.460954e-12,0.0002441498,0.001284163,False,0.001311,True
2016-06-16,RS01SLBS-MJ01A-06-PRESTA101,1,True,2016-06-16T00:00:05Z,2016-06-16T23:59:50Z,5760,5760,0,14.999925,15.000150681,14.999991748,0.001154458,0,0,0,0,0.0,3.749406,24.424291,1.400324e-12,0.0002499606,0.001628287,False,0.001428,False
2016-06-17,RS01SLBS-MJ01A-06-PRESTA101,1,True,2016-06-17T00:00:05Z,2016-06-17T23:59:50Z,5760,5760,0,14.999925,15.000161171,14.999991367,-0.000195198,0,0,0,0,0.0,3.27026,16.815656,1.967366e-12,0.0002180174,0.001121044,False,0.001262,False
2016-06-18,RS01SLBS-MJ01A-06-PRESTA101,1,True,2016-06-18T00:00:05Z,2016-06-18T23:59:50Z,5760,5760,0,14.999925,15.000144005,14.999991879,-0.001822114,0,0,0,0,0.0,3.194278,20.929154,1.936886e-12,0.000212952,0.001395278,False,0.00154,False
2016-06-19,RS01SLBS-MJ01A-06-PRESTA101,1,True,2016-06-19T00:00:05Z,2016-06-19T23:59:50Z,5760,5760,0,14.999925,15.000164032,14.999991848,-0.002182963,0,0,0,0,0.0,3.279075,18.743535,4.193348e-14,0.0002186051,0.00124957,False,0.00124,False
2016-06-20,RS01SLBS-MJ01A-06-PRESTA101,1,True,2016-06-20T00:00:05Z,2016-06-20T23:59:50Z,5760,5760,0,14.999925,15.000157833,14.999990864,-0.002390361,0,0,0,0,0.0,3.060928,17.570148,2.083033e-12,0.000204062,0.001171344,False,0.001295,False
2016-06-21,RS01SLBS-MJ01A-06-PRESTA101,1,True,2016-06-21T00:00:05Z,2016-06-21T23:59:50Z,5754,5760,6,14.999925,15.000160694,14.999990654,0.00501361,2,6,2,6,0.0,3.151951,19.486624,7.744329e-13,0.0002101302,0.001299109,False,0.001523,True
2016-06-22,RS01SLBS-MJ01A-06-PRESTA101,1,True,2016-06-22T00:00:05Z,2016-06-22T23:59:50Z,5760,5760,0,14.999925,15.000151157,14.99999128,0.000284331,0,0,0,0,-0.0,3.005507,17.889259,-7.454343e-14,0.0002003673,0.001192618,False,0.001256,False
2016-06-23,RS01SLBS-MJ01A-06-PRESTA101,1,True,2016-06-23T00:00:05Z,2016-06-23T23:59:50Z,5760,5760,0,14.999925,15.000153065,14.999991339,-0.016271764,0,0,0,0,0.0,3.212704,17.853266,1.582664e-12,0.0002141804,0.001190218,False,0.001325,False
2016-06-24,RS01SLBS-MJ01A-06-PRESTA101,1,True,2016-06-24T00:00:05Z,2016-06-24T23:59:50Z,5760,5760,0,14.999925,15.000166893,14.999990971,0.00468935,0,0,0,0,-0.0,3.045238,17.907928,-1.68038e-13,0.000203016,0.001193863,False,0.001264,False
2016-06-25,RS01SLBS-MJ01A-06-PRESTA101,1,True,2016-06-25T00:00:05Z,2016-06-25T23:59:50Z,5760,5760,0,14.999925,15.000161171,14.999991351,-0.003996112,0,0,0,0,0.0,3.19559,19.700528,1.101283e-12,0.0002130395,0.001313369,False,0.001265,False
2016-06-26,RS01SLBS-MJ01A-06-PRESTA101,1,True,2016-06-26T00:00:05Z,2016-06-26T23:59:50Z,5760,5760,0,14.999925,15.000164986,14.999990446,-0.001812065,0,0,0,0,0.0,3.22148,17.568893,3.439978e-12,0.0002147655,0.00117126,False,0.001259,False
2016-06-27,RS01SLBS-MJ01A-06-PRESTA101,1,True,2016-06-27T00:00:05Z,2016-06-27T23:59:50Z,5759,5760,1,14.999925,15.000165939,14.999991228,-0.002522947,1,1,1,1,0.0,3.23449,19.941065,2.059737e-12,0.0002156328,0.001329405,False,0.001318,True
2016-06-28,RS01SLBS-MJ01A-06-PRESTA101,1,True,2016-06-28T00:00:05Z,2016-06-28T23:59:50Z,5760,5760,0,14.999925,15.00015831,14.999991293,-0.004535372,0,0,0,0,0.0,3.5207,18.501708,1.94744e-12,0.0002347135,0.001233448,False,0.001264,False
2016-06-29,RS01SLBS-MJ01A-06-PRESTA101,1,True,2016-06-29T00:00:05Z,2016-06-29T23:59:50Z,5760,5760,0,14.999925,15.000171185,14.999991145,0.00375737,0,0,0,0,0.0,3.509601,19.328302,2.407357e-12,0.0002339735,0.001288554,False,0.001265,False
2016-06-30,RS01SLBS-MJ01A-06-PRESTA101,1,True,2016-06-30T00:00:05Z,2016-06-30T23:59:50Z,5753,5760,7,14.999925,15.000154972,14.999990502,-0.002115655,2,7,2,7,-0.0,3.575187,20.704848,-1.359128e-12,0.000238346,0.001380324,False,0.001393,True
2016-07-01,RS01SLBS-MJ01A-06-PRESTA101,1,True,2016-07-01T00:00:05Z,2016-07-01T23:59:50Z,5759,5760,1,14.999925,15.000154972,14.999991024,0.002767804,1,1,1,1,-0.0,3.175387,17.731424,-8.134452e-13,0.0002116926,0.001182096,False,0.001237,True
2016-07-02,RS01SLBS-MJ01A-06-PRESTA101,1,True,2016-07-02T00:00:05Z,2016-07-02T23:59:49Z,5760,5760,0,14.999925,15.000163555,14.999991186,0.002065985,0,0,0,0,0.0,3.145177,17.428903,2.20655e-12,0.0002096786,0.001161928,False,0.001285,False
2016-07-03,RS01SLBS-MJ01A-06-PRESTA101,1,True,2016-07-03T00:00:04Z,2016-07-03T23:59:49Z,5760,5760,0,14.999925,15.000171185,14.999990533,0.004970711,0,0,0,0,0.0,3.093855,21.191893,1.212052e-12,0.0002062571,0.001412794,False,0.001556,False
2016-07-04,RS01SLBS-MJ01A-06-PRESTA101,1,True,2016-07-04T00:00:04Z,2016-07-04T23:59:49Z,5760,5760,0,14.999925,15.000174046,14.999990811,0.001241653,0,0,0,0,0.0,3.139109,20.238059,6.594122e-13,0.0002092741,0.001349205,False,0.001316,False
2016-07-05,RS01SLBS-MJ01A-06-PRESTA101,1,True,2016-07-05T00:00:04Z,2016-07-05T23:59:49Z,5760,5760,0,14.999925,15.000157833,14.999990672,-0.013539039,0,0,0,0,0.0,3.312733,18.114498,1.344987e-12,0.000220849,0.001207634,False,0.001331,False
2016-07-06,RS01SLBS-MJ01A-06-PRESTA101,1,True,2016-07-06T00:00:04Z,2016-07-06T23:59:49Z,5759,5760,1,14.999925,15.000154495,14.999990593,-0.000202606,1,1,1,1,-0.0,3.364519,19.707386,-9.648094e-13,0.0002243014,0.001313827,False,0.001378,True
2016-07-07,RS01SLBS-MJ01A-06-PRESTA101,1,True,2016-07-07T00:00:04Z,2016-07-07T23:59:49Z,5713,5760,47,14.999925,15.000126362,14.999991205,-0.004211637,2,47,2,47,0.0,3.265644,19.636021,2.151802e-12,0.0002177097,0.001309069,False,0.00134,True
2016-07-08,RS01SLBS-MJ01A-06-PRESTA101,1,True,2016-07-08T00:00:04Z,2016-07-08T23:59:49Z,5760,5760,0,14.999925,15.000141144,14.999991572,-0.004077721,0,0,0,0,0.0,3.333531,17.672141,4.362256e-13,0.0002222355,0.001178143,False,0.001293,False
2016-07-09,RS01SLBS-MJ01A-06-PRESTA101,1,True,2016-07-09T00:00:04Z,2016-07-09T23:59:49Z,5760,5760,0,14.999925,15.000160217,14.999990583,-0.00229802,0,0,0,0,0.0,3.985579,21.383301,3.347529e-12,0.0002657054,0.001425554,False,0.001374,False
2016-07-10,RS01SLBS-MJ01A-06-PRESTA101,1,True,2016-07-10T00:00:04Z,2016-07-10T23:59:49Z,5760,5760,0,14.999925,15.000156879,14.999990403,0.003098404,0,0,0,0,0.0,3.233502,19.680402,6.218991e-13,0.000215567,0.001312028,False,0.001278,False
2016-07-11,RS01SLBS-MJ01A-06-PRESTA101,1,True,2016-07-11T00:00:04Z,2016-07-11T23:59:49Z,5760,5760,0,14.999925,15.000150681,14.999990712,-0.000906579,0,0,0,0,0.0,3.105826,18.093298,7.042305e-13,0.0002070552,0.001206221,False,0.001279,False
2016-07-12,RS01SLBS-MJ01A-06-PRESTA101,1,True,2016-07-12T00:00:04Z,2016-07-12T23:59:49Z,5760,5760,0,14.999925,15.000136375,14.999991681,-6.8157e-05,0,0,0,0,0.0,3.391037,17.786751,2.931919e-12,0.0002260693,0.001185784,False,0.001278,False
2016-07-13,RS01SLBS-MJ01A-06-PRESTA101,1,True,2016-07-13T00:00:04Z,2016-07-13T23:59:49Z,5387,5760,373,14.999925,15.000141621,14.999991098,-0.000948187,3,373,3,373,-0.0,3.197173,19.825229,-6.57366e-14,0.000213145,0.001321683,False,0.003614,True
2016-07-14,RS01SLBS-MJ01A-06-PRESTA101,1,True,2016-07-14T00:00:04Z,2016-07-14T23:59:49Z,5755,5760,5,14.999925,15.000143051,14.999990947,-0.004279607,1,5,1,5,0.0,3.303874,18.4201,2.623614e-14,0.0002202584,0.001228007,False,0.001297,True
2016-07-15,RS01SLBS-MJ01A-06-PRESTA101,1,True,2016-07-15T00:00:04Z,2016-07-15T20:50:49Z,5004,5004,0,14.999925,15.000181675,14.999990739,0.002387329,0,0,0,0,-0.0,3.175318,18.309586,-1.636483e-12,0.000211688,0.00122064,False,0.001422,False
2016-07-16,RS01SLBS-MJ01A-06-PRESTA101,1,False,,,0,0,,14.999925,,,,,,,,,,,,,,,,False
2016-07-17,RS01SLBS-MJ01A-06-PRESTA101,1,False,,,0,0,,14.999925,,,,,,,,,,,,,,,,False
2016-07-18,RS01SLBS-MJ01A-06-PRESTA101,1,True,2016-07-18T20:48:10Z,2016-07-18T23:59:47Z,761,767,6,14.999925,15.000196934,15.000069152,6.964702282,1,6,1,6,0.0,253.165883,6964.702282,1.379131e-14,0.01687765,0.4643113,True,0.466761,True
2016-07-19,RS01SLBS-MJ01A-06-PRESTA101,1,True,2016-07-19T00:00:02Z,2016-07-19T23:59:47Z,5760,5760,0,14.999925,15.00015974,14.999990591,-0.007828694,0,0,0,0,0.0,3.907247,19.853292,1.605052e-12,0.0002604833,0.001323554,False,0.001291,False
2016-07-20,RS01SLBS-MJ01A-06-PRESTA101,1,True,2016-07-20T00:00:02Z,2016-07-20T23:59:47Z,5760,5760,0,14.999925,15.000163078,14.999990841,0.000665133,0,0,0,0,0.0,3.367786,20.159691,2.251716e-12,0.0002245192,0.00134398,False,0.001291,False
2016-07-21,RS01SLBS-MJ01A-06-PRESTA101,1,True,2016-07-21T00:00:02Z,2016-07-21T23:59:47Z,5760,5760,0,14.999925,15.000148296,14.999992574,-0.001986138,0,0,0,0,0.0,4.53437,23.69012,3.110586e-12,0.0003022915,0.001579342,False,0.001453,False
2016-07-22,RS01SLBS-MJ01A-06-PRESTA101,1,True,2016-07-22T00:00:02Z,2016-07-22T23:59:46Z,5760,5760,0,14.999925,15.000152111,14.999990566,-0.006416647,0,0,0,0,0.0,3.908105,20.726479,1.633094e-12,0.0002605405,0.001381766,False,0.001282,False
2016-07-23,RS01SLBS-MJ01A-06-PRESTA101,1,True,2016-07-23T00:00:01Z,2016-07-23T23:59:46Z,5760,5760,0,14.999925,15.000155926,14.999991318,-0.003343087,0,0,0,0,0.0,3.478146,18.275219,1.591109e-12,0.0002318765,0.001218349,False,0.001467,False
2016-07-24,RS01SLBS-MJ01A-06-PRESTA101,1,True,2016-07-24T00:00:01Z,2016-07-24T23:59:46Z,5760,5760,0,14.999925,15.000156879,14.999991307,0.003244886,0,0,0,0,0.0,3.306175,18.351464,1.988013e-12,0.0002204118,0.001223432,False,0.001255,False
2016-07-25,RS01SLBS-MJ01A-06-PRESTA101,1,True,2016-07-25T00:00:01Z,2016-07-25T23:59:46Z,5760,5760,0,14.999925,15.000145912,14.999990613,8.0341e-05,0,0,0,0,0.0,3.103639,17.245171,2.047993e-12,0.0002069094,0.001149679,False,0.001244,False
2016-07-26,RS01SLBS-MJ01A-06-PRESTA101,1,True,2016-07-26T00:00:01Z,2016-07-26T23:59:46Z,5760,5760,0,14.999925,15.000141144,14.999991165,0.000213456,0,0,0,0,0.0,3.059014,17.20467,2.467329e-12,0.0002039344,0.001146979,False,0.001358,False
2016-07-27,RS01SLBS-MJ01A-06-PRESTA101,1,True,2016-07-27T00:00:01Z,2016-07-27T23:59:46Z,5754,5760,6,14.999925,15.000165462,14.999990293,-0.001307378,1,6,1,6,-0.0,3.133258,17.08373,-1.185444e-12,0.000208884,0.001138916,False,0.001307,True
2016-07-28,RS01SLBS-MJ01A-06-PRESTA101,1,True,2016-07-28T00:00:01Z,2016-07-28T23:59:46Z,5760,5760,0,14.999925,15.000167847,14.999990436,0.001151952,0,0,0,0,0.0,3.17033,17.391565,1.707598e-12,0.0002113555,0.001159438,False,0.001486,False
2016-07-29,RS01SLBS-MJ01A-06-PRESTA101,1,True,2016-07-29T00:00:01Z,2016-07-29T23:59:46Z,5760,5760,0,14.999925,15.000185966,14.99999089,0.003165679,0,0,0,0,0.0,3.116018,19.762048,2.116754e-12,0.0002077346,0.001317471,False,0.001312,False
2016-07-30,RS01SLBS-MJ01A-06-PRESTA101,1,True,2016-07-30T00:00:01Z,2016-07-30T23:59:46Z,5760,5760,0,14.999925,15.000168324,14.999990775,0.000561756,0,0,0,0,0.0,3.040706,17.048298,2.159791e-12,0.0002027138,0.001136554,False,0.001204,False
2016-07-31,RS01SLBS-MJ01A-06-PRESTA101,1,True,2016-07-31T00:00:01Z,2016-07-31T23:59:46Z,5760,5760,0,14.999925,15.000155926,14.999990569,0.002428297,0,0,0,0,0.0,3.746482,19.454618,2.072365e-12,0.0002497656,0.001296975,False,0.001286,False
2016-08-01,RS01SLBS-MJ01A-06-PRESTA101,1,True,2016-08-01T00:00:01Z,2016-08-01T23:59:46Z,5760,5760,0,14.999925,15.000184059,14.999990533,0.001045155,0,0,0,0,0.0,3.530368,22.037914,2.003527e-12,0.000235358,0.001469195,False,0.001676,False
2016-08-02,RS01SLBS-MJ01A-06-PRESTA101,1,True,2016-08-02T00:00:01Z,2016-08-02T23:59:46Z,5760,5760,0,14.999925,15.000164986,14.999990423,0.003545602,0,0,0,0,0.0,3.281043,20.466787,3.3053e-12,0.0002187363,0.001364453,False,0.001556,False
2016-08-03,RS01SLBS-MJ01A-06-PRESTA101,1,True,2016-08-03T00:00:01Z,2016-08-03T23:59:46Z,5760,5760,0,14.999925,15.00015974,14.999991712,0.000373811,0,0,0,0,0.0,3.431006,18.641777,9.5805e-13,0.0002287339,0.001242786,False,0.001251,False
2016-08-04,RS01SLBS-MJ01A-06-PRESTA101,1,True,2016-08-04T00:00:01Z,2016-08-04T23:59:46Z,5760,5760,0,14.999925,15.000162125,14.999990404,0.003197265,0,0,0,0,0.0,3.187658,18.791676,1.492281e-12,0.0002125107,0.001252779,False,0.001586,False
2016-08-05,RS01SLBS-MJ01A-06-PRESTA101,1,True,2016-08-05T00:00:01Z,2016-08-05T23:59:46Z,5760,5760,0,14.999925,15.000148773,14.999991217,0.001573074,0,0,0,0,0.0,3.376471,18.762211,1.699603e-12,0.0002250982,0.001250815,False,0.00126,False
2016-08-06,RS01SLBS-MJ01A-06-PRESTA101,1,True,2016-08-06T00:00:01Z,2016-08-06T23:59:46Z,5760,5760,0,14.999925,15.000158787,14.999990779,0.004302579,0,0,0,0,0.0,4.098405,19.790218,1.398823e-12,0.0002732271,0.001319349,False,0.001469,False
2016-08-07,RS01SLBS-MJ01A-06-PRESTA101,1,True,2016-08-07T00:00:01Z,2016-08-07T23:59:46Z,5760,5760,0,14.999925,15.00014019,14.999991997,-0.003587355,0,0,0,0,0.0,3.40231,19.322641,2.578983e-12,0.0002268208,0.001288177,False,0.001309,False
2016-08-08,RS01SLBS-MJ01A-06-PRESTA101,1,True,2016-08-08T00:00:01Z,2016-08-08T23:59:46Z,5760,5760,0,14.999925,15.000166893,14.999990537,-0.00310139,0,0,0,0,0.0,3.127244,17.086027,7.687713e-13,0.0002084831,0.001139069,False,0.001259,False
2016-08-09,RS01SLBS-MJ01A-06-PRESTA101,1,True,2016-08-09T00:00:01Z,2016-08-09T23:59:46Z,5760,5760,0,14.999925,15.000154972,14.999990928,-0.000639575,0,0,0,0,0.0,3.000928,18.555982,2.751052e-12,0.000200062,0.001237066,False,0.001181,False
2016-08-10,RS01SLBS-MJ01A-06-PRESTA101,1,True,2016-08-10T00:00:01Z,2016-08-10T23:59:45Z,5757,5760,3,14.999925,15.000136614,14.999990736,0.00193337,1,3,1,3,-0.0,13.560395,999.231332,-1.569508e-13,0.0009040269,0.06661546,False,0.066715,True
2016-08-11,RS01SLBS-MJ01A-06-PRESTA101,1,True,2016-08-11T00:00:00Z,2016-08-11T23:59:45Z,5760,5760,0,14.999925,15.000163078,14.999991157,0.001618646,0,0,0,0,0.0,3.351034,17.074441,1.695333e-12,0.0002234024,0.001138297,False,0.001246,False
2016-08-12,RS01SLBS-MJ01A-06-PRESTA101,1,True,2016-08-12T00:00:00Z,2016-08-12T10:13:45Z,2456,2456,0,14.999925,15.00013876,14.99998883,-0.001147273,0,0,0,0,-0.0,3.10654,18.166394,-1.402306e-13,0.0002071028,0.001211094,False,0.001557,False
2016-08-13,RS01SLBS-MJ01A-06-PRESTA101,1,True,2016-08-13T00:23:45Z,2016-08-13T23:59:45Z,5665,5665,0,14.999925,15.000150442,14.999991054,-0.002109831,0,0,0,0,0.0,3.417639,17.798174,2.126773e-13,0.0002278427,0.001186546,False,0.00131,False
2016-08-14,RS01SLBS-MJ01A-06-PRESTA101,1,True,2016-08-14T00:00:00Z,2016-08-14T23:59:45Z,5760,5760,0,14.999925,15.000149727,14.999991373,-0.000581342,0,0,0,0,0.0,3.175828,18.773218,2.966333e-12,0.000211722,0.001251549,False,0.001239,False
2016-08-15,RS01SLBS-MJ01A-06-PRESTA101,1,True,2016-08-15T00:00:00Z,2016-08-15T23:59:45Z,5760,5760,0,14.999925,15.000164986,14.999990861,-0.000852624,0,0,0,0,0.0,3.310083,23.448802,8.367896e-13,0.0002206723,0.001563254,False,0.00133,False
2016-08-16,RS01SLBS-MJ01A-06-PRESTA101,1,True,2016-08-16T00:00:00Z,2016-08-16T23:59:45Z,5760,5760,0,14.999925,15.000164032,14.999990635,0.003879684,0,0,0,0,0.0,3.630436,23.820494,2.576723e-12,0.0002420292,0.001588034,False,0.00153,False
2016-08-17,RS01SLBS-MJ01A-06-PRESTA101,1,True,2016-08-17T00:00:00Z,2016-08-17T23:59:45Z,5760,5760,0,14.999925,15.000143051,14.999991594,0.000613714,0,0,0,0,0.0,3.155567,17.968984,2.039611e-12,0.0002103712,0.001197933,False,0.001291,False
2016-08-18,RS01SLBS-MJ01A-06-PRESTA101,1,True,2016-08-18T00:00:00Z,2016-08-18T23:59:45Z,5760,5760,0,14.999925,15.000157356,14.999990888,-0.000710667,0,0,0,0,0.0,3.041759,20.381042,2.387813e-12,0.0002027841,0.001358737,False,0.001677,False
2016-08-19,RS01SLBS-MJ01A-06-PRESTA101,1,True,2016-08-19T00:00:00Z,2016-08-19T23:59:45Z,5760,5760,0,14.999925,15.000149727,14.99999045,0.00290577,0,0,0,0,0.0,3.937511,19.206501,1.797282e-12,0.0002625009,0.001280434,False,0.00131,False
2016-08-20,RS01SLBS-MJ01A-06-PRESTA101,1,True,2016-08-20T00:00:00Z,2016-08-20T23:59:45Z,5760,5760,0,14.999925,15.000155926,14.999991169,-0.001440966,0,0,0,0,0.0,3.06979,16.930487,1.087639e-12,0.0002046528,0.0011287,False,0.001266,False
2016-08-21,RS01SLBS-MJ01A-06-PRESTA101,1,True,2016-08-21T00:00:00Z,2016-08-21T23:59:45Z,5760,5760,0,14.999925,15.000148296,14.999990729,0.003837322,0,0,0,0,0.0,2.976267,20.290645,9.436795e-13,0.0001984179,0.00135271,False,0.001319,False
2016-08-22,RS01SLBS-MJ01A-06-PRESTA101,1,True,2016-08-22T00:00:00Z,2016-08-22T23:59:45Z,5760,5760,0,14.999925,15.000143051,14.999990537,0.000406512,0,0,0,0,0.0,3.07914,19.687948,2.675678e-12,0.0002052761,0.001312531,False,0.001258,False
2016-08-23,RS01SLBS-MJ01A-06-PRESTA101,1,True,2016-08-23T00:00:00Z,2016-08-23T23:59:45Z,5758,5760,2,14.999925,15.000129223,14.999990862,0.001063584,2,2,2,2,-0.0,3.367008,18.267907,-1.05579e-13,0.0002244673,0.001217861,False,0.001269,True
2016-08-24,RS01SLBS-MJ01A-06-PRESTA101,1,True,2016-08-24T00:00:00Z,2016-08-24T23:59:45Z,5760,5760,0,14.999925,15.000155926,14.999991457,0.000960149,0,0,0,0,0.0,2.973698,21.998839,2.972136e-12,0.0001982466,0.00146659,False,0.001542,False
2016-08-25,RS01SLBS-MJ01A-06-PRESTA101,1,True,2016-08-25T00:00:00Z,2016-08-25T23:59:45Z,5760,5760,0,14.999925,15.000134945,14.999991297,-0.001563022,0,0,0,0,0.0,3.180975,18.568282,2.935578e-12,0.0002120651,0.001237886,False,0.001518,False
2016-08-26,RS01SLBS-MJ01A-06-PRESTA101,1,True,2016-08-26T00:00:00Z,2016-08-26T23:59:45Z,5760,5760,0,14.999925,15.000144958,14.999991441,0.002084076,0,0,0,0,0.0,3.213431,17.546269,1.688176e-12,0.0002142288,0.001169752,False,0.001251,False
2016-08-27,RS01SLBS-MJ01A-06-PRESTA101,1,True,2016-08-27T00:00:00Z,2016-08-27T23:59:45Z,5760,5760,0,14.999925,15.000137329,14.999991183,-0.001033176,0,0,0,0,0.0,3.412487,20.856111,2.590032e-12,0.0002274993,0.001390408,False,0.001316,False
2016-08-28,RS01SLBS-MJ01A-06-PRESTA101,1,True,2016-08-28T00:00:00Z,2016-08-28T23:59:45Z,5760,5760,0,14.999925,15.00015974,14.999990533,-0.014619046,0,0,0,0,0.0,3.505156,18.799861,1.43063e-12,0.0002336772,0.001253325,False,0.001321,False
2016-08-29,RS01SLBS-MJ01A-06-PRESTA101,1,True,2016-08-29T00:00:00Z,2016-08-29T23:59:59Z,5761,5761,0,14.999925,15.000164509,14.999991188,0.000736371,0,0,0,0,-0.0,3.235564,16.850562,-8.951684e-13,0.0002157044,0.001123371,False,0.001251,False
2016-08-30,RS01SLBS-MJ01A-06-PRESTA101,1,True,2016-08-30T00:00:14Z,2016-08-30T23:59:59Z,5760,5760,0,14.999925,15.000173092,14.999991324,0.001196733,0,0,0,0,0.0,13.520563,997.946228,2.122312e-12,0.0009013714,0.06652979,False,0.066633,False
2016-08-31,RS01SLBS-MJ01A-06-PRESTA101,1,True,2016-08-31T00:00:14Z,2016-08-31T23:59:59Z,5760,5760,0,14.999925,15.000136852,14.999991006,-8.2088e-05,0,0,0,0,0.0,3.003534,22.243679,9.897592e-13,0.0002002357,0.001482913,False,0.001567,False
2016-09-01,RS01SLBS-MJ01A-06-PRESTA101,1,True,2016-09-01T00:00:14Z,2016-09-01T23:59:59Z,5760,5760,0,14.999925,15.000154018,14.999991128,-0.001576581,0,0,0,0,0.0,3.376129,18.036908,2.685397e-12,0.0002250754,0.001202461,False,0.001277,False
2016-09-02,RS01SLBS-MJ01A-06-PRESTA101,1,True,2016-09-02T00:00:14Z,2016-09-02T23:59:59Z,5760,5760,0,14.999925,15.000149727,14.99999126,-0.001121257,0,0,0,0,0.0,3.252704,19.209979,8.321064e-13,0.0002168471,0.001280666,False,0.001305,False
2016-09-03,RS01SLBS-MJ01A-06-PRESTA101,1,True,2016-09-03T00:00:14Z,2016-09-03T23:59:59Z,5760,5760,0,14.999925,15.000169754,14.999990717,0.00076624,0,0,0,0,0.0,3.258055,22.178575,5.260164e-13,0.0002172038,0.001478573,False,0.001517,False
2016-09-04,RS01SLBS-MJ01A-06-PRESTA101,1,True,2016-09-04T00:00:14Z,2016-09-04T23:59:59Z,5760,5760,0,14.999925,15.000150681,14.999991929,-0.002262586,0,0,0,0,0.0,3.513624,17.985824,2.226921e-12,0.0002342417,0.001199056,False,0.001275,False
2016-09-05,RS01SLBS-MJ01A-06-PRESTA101,1,True,2016-09-05T00:00:14Z,2016-09-05T23:59:59Z,5760,5760,0,14.999925,15.000148773,14.99999175,-0.004465003,0,0,0,0,0.0,4.754045,22.32743,2.727701e-12,0.0003169365,0.001488496,False,0.001537,False
2016-09-06,RS01SLBS-MJ01A-06-PRESTA101,1,True,2016-09-06T00:00:14Z,2016-09-06T23:59:59Z,5363,5760,397,14.999925,15.000143528,14.999992519,-0.003574801,1,397,1,397,-0.0,3.742659,19.806535,-1.715637e-12,0.0002495107,0.001320436,False,0.004215,True
2016-09-07,RS01SLBS-MJ01A-06-PRESTA101,1,True,2016-09-07T00:00:14Z,2016-09-07T23:59:59Z,5760,5760,0,14.999925,15.000162601,14.99999114,0.004388148,0,0,0,0,0.0,3.594433,19.240792,1.516247e-12,0.000239629,0.00128272,False,0.00129,False
2016-09-08,RS01SLBS-MJ01A-06-PRESTA101,1,True,2016-09-08T00:00:14Z,2016-09-08T23:59:59Z,5760,5760,0,14.999925,15.000154972,14.999989698,1.7928e-05,0,0,0,0,0.0,3.442334,24.143973,2.254234e-12,0.0002294891,0.001609599,False,0.001378,False
2016-09-09,RS01SLBS-MJ01A-06-PRESTA101,1,True,2016-09-09T00:00:14Z,2016-09-09T23:59:59Z,5760,5760,0,14.999925,15.000129223,14.999990805,-0.000759082,0,0,0,0,0.0,3.240918,20.354793,1.817516e-12,0.0002160613,0.001356987,False,0.00139,False
2016-09-10,RS01SLBS-MJ01A-06-PRESTA101,1,True,2016-09-10T00:00:14Z,2016-09-10T23:59:59Z,5760,5760,0,14.999925,15.000161171,14.999991289,0.000385335,0,0,0,0,0.0,3.242497,17.971181,2.035295e-12,0.0002161666,0.001198079,False,0.001266,False
2016-09-11,RS01SLBS-MJ01A-06-PRESTA101,1,True,2016-09-11T00:00:14Z,2016-09-11T23:59:59Z,5760,5760,0,14.999925,15.00014019,14.999991492,-0.003520383,0,0,0,0,0.0,4.141802,20.151779,3.068857e-12,0.0002761203,0.001343453,False,0.00115,False
2016-09-12,RS01SLBS-MJ01A-06-PRESTA101,1,True,2016-09-12T00:00:14Z,2016-09-12T23:59:59Z,5760,5760,0,14.999925,15.000163078,14.999991897,-0.002676071,0,0,0,0,0.0,6.151853,23.680523,1.710216e-12,0.0004101237,0.001578702,False,0.001225,False
2016-09-13,RS01SLBS-MJ01A-06-PRESTA101,1,True,2016-09-13T00:00:14Z,2016-09-13T23:59:59Z,5760,5760,0,14.999925,15.000124931,14.999992773,0.001504877,0,0,0,0,0.0,4.191259,20.113243,1.58289e-12,0.0002794174,0.001340884,False,0.001249,False
2016-09-14,RS01SLBS-MJ01A-06-PRESTA101,1,True,2016-09-14T00:00:14Z,2016-09-14T23:59:59Z,5760,5760,0,14.999925,15.00017786,14.999991063,0.001486975,0,0,0,0,0.0,3.14238,21.157764,1.47094e-12,0.0002094921,0.001410518,False,0.001295,False
2016-09-15,RS01SLBS-MJ01A-06-PRESTA101,1,True,2016-09-15T00:00:14Z,2016-09-15T23:59:59Z,5760,5760,0,14.999925,15.000153065,14.99999163,0.00273394,0,0,0,0,0.0,3.667647,21.253549,3.718832e-13,0.0002445099,0.001416904,False,0.001291,False
2016-09-16,RS01SLBS-MJ01A-06-PRESTA101,1,True,2016-09-16T00:00:14Z,2016-09-16T23:59:59Z,5760,5760,0,14.999925,15.000154972,14.999991469,-0.002463196,0,0,0,0,0.0,3.297419,18.194159,2.392031e-12,0.0002198281,0.001212945,False,0.001225,False
2016-09-17,RS01SLBS-MJ01A-06-PRESTA101,1,True,2016-09-17T00:00:14Z,2016-09-17T23:59:59Z,5760,5760,0,14.999925,15.000151157,14.99999091,0.001735556,0,0,0,0,0.0,3.100583,20.734188,2.284434e-12,0.0002067057,0.00138228,False,0.00137,False
2016-09-18,RS01SLBS-MJ01A-06-PRESTA101,1,True,2016-09-18T00:00:14Z,2016-09-18T23:59:58Z,5760,5760,0,14.999925,15.000137806,14.999991314,-0.000958375,0,0,0,0,0.0,3.015,18.9982,1.165341e-12,0.0002010001,0.001266547,False,0.001262,False
2016-09-19,RS01SLBS-MJ01A-06-PRESTA101,1,True,2016-09-19T00:00:13Z,2016-09-19T23:59:58Z,5760,5760,0,14.999925,15.000174999,14.999991269,-0.002368926,0,0,0,0,0.0,3.024952,16.188023,1.728539e-12,0.0002016636,0.001079202,False,0.001263,False
2016-09-20,RS01SLBS-MJ01A-06-PRESTA101,1,True,2016-09-20T00:00:13Z,2016-09-20T23:59:58Z,5760,5760,0,14.999925,15.000145435,14.999991491,-7.397e-06,0,0,0,0,0.0,3.160826,19.621203,1.950704e-12,0.0002107218,0.001308081,False,0.001381,False
2016-09-21,RS01SLBS-MJ01A-06-PRESTA101,1,True,2016-09-21T00:00:13Z,2016-09-21T23:59:58Z,5760,5760,0,14.999925,15.000144958,14.999990642,0.000589305,0,0,0,0,0.0,3.0189,19.470899,1.837363e-12,0.0002012601,0.001298061,False,0.001325,False
2016-09-22,RS01SLBS-MJ01A-06-PRESTA101,1,True,2016-09-22T00:00:13Z,2016-09-22T23:59:58Z,5760,5760,0,14.999925,15.000152111,14.99999116,-0.000238619,0,0,0,0,0.0,3.142566,17.171849,7.974114e-13,0.0002095045,0.001144791,False,0.001248,False
2016-09-23,RS01SLBS-MJ01A-06-PRESTA101,1,True,2016-09-23T00:00:13Z,2016-09-23T23:59:58Z,5760,5760,0,14.999925,15.00017786,14.999991307,0.000700759,0,0,0,0,0.0,3.072501,17.813827,2.518511e-12,0.0002048335,0.001187589,False,0.001244,False
2016-09-24,RS01SLBS-MJ01A-06-PRESTA101,1,True,2016-09-24T00:00:13Z,2016-09-24T23:59:58Z,5760,5760,0,14.999925,15.000166893,14.999991189,-0.001627078,0,0,0,0,0.0,3.15394,16.985627,1.878153e-12,0.0002102628,0.001132376,False,0.001263,False
2016-09-25,RS01SLBS-MJ01A-06-PRESTA101,1,True,2016-09-25T00:00:13Z,2016-09-25T23:59:58Z,5760,5760,0,14.999925,15.000143051,14.999990387,-0.003746328,0,0,0,0,0.0,3.189191,17.824708,2.546152e-12,0.0002126129,0.001188315,False,0.001267,False
2016-09-26,RS01SLBS-MJ01A-06-PRESTA101,1,True,2016-09-26T00:00:13Z,2016-09-26T23:59:58Z,5760,5760,0,14.999925,15.000157356,14.999991038,0.000423735,0,0,0,0,0.0,3.162718,22.050744,7.153779e-14,0.000210848,0.00147005,False,0.00154,False
2016-09-27,RS01SLBS-MJ01A-06-PRESTA101,1,True,2016-09-27T00:00:13Z,2016-09-27T23:59:58Z,5760,5760,0,14.999925,15.000153065,14.999990861,-0.001461826,0,0,0,0,0.0,3.157138,17.699081,9.326454e-13,0.000210476,0.001179939,False,0.001263,False
2016-09-28,RS01SLBS-MJ01A-06-PRESTA101,1,True,2016-09-28T00:00:13Z,2016-09-28T23:59:58Z,5760,5760,0,14.999925,15.000144958,14.999990957,0.003524206,0,0,0,0,0.0,3.155817,17.9465,2.24292e-12,0.0002103879,0.001196434,False,0.001303,False
2016-09-29,RS01SLBS-MJ01A-06-PRESTA101,1,True,2016-09-29T00:00:13Z,2016-09-29T23:59:58Z,5760,5760,0,14.999925,15.000156879,14.999990601,0.0025285,0,0,0,0,0.0,2.991544,17.085983,1.946509e-12,0.0001994364,0.001139066,False,0.00128,False
2016-09-30,RS01SLBS-MJ01A-06-PRESTA101,1,True,2016-09-30T00:00:13Z,2016-09-30T23:59:58Z,5760,5760,0,14.999925,15.000164032,14.999990849,0.000573342,0,0,0,0,0.0,3.146457,21.166785,2.855289e-13,0.000209764,0.00141112,False,0.001591,False
2016-10-01,RS01SLBS-MJ01A-06-PRESTA101,1,True,2016-10-01T00:00:13Z,2016-10-01T23:59:58Z,5760,5760,0,14.999925,15.000126362,14.999990712,-0.00371245,0,0,0,0,0.0,3.101078,16.881585,2.031874e-12,0.0002067386,0.00112544,False,0.001263,False
2016-10-02,RS01SLBS-MJ01A-06-PRESTA101,1,True,2016-10-02T00:00:13Z,2016-10-02T23:59:58Z,5760,5760,0,14.999925,15.000154018,14.999990675,0.000246005,0,0,0,0,0.0,3.045551,17.960398,1.218391e-12,0.0002030368,0.001197361,False,0.00125,False
2016-10-03,RS01SLBS-MJ01A-06-PRESTA101,1,True,2016-10-03T00:00:13Z,2016-10-03T23:59:58Z,5754,5760,6,14.999925,15.000157833,14.999991361,-0.013076502,1,6,1,6,-0.0,3.18703,16.688955,-6.497818e-13,0.0002124688,0.001112598,False,0.001286,True
2016-10-04,RS01SLBS-MJ01A-06-PRESTA101,1,True,2016-10-04T00:00:13Z,2016-10-04T23:59:58Z,5760,5760,0,14.999925,15.000127792,14.999990743,-0.001170381,0,0,0,0,0.0,3.222808,17.484596,1.560118e-12,0.000214854,0.00116564,False,0.001237,False
2016-10-05,RS01SLBS-MJ01A-06-PRESTA101,1,True,2016-10-05T00:00:13Z,2016-10-05T23:59:58Z,5760,5760,0,14.999925,15.000145912,14.999990357,-0.000531573,0,0,0,0,0.0,3.286079,21.597727,1.793346e-12,0.0002190721,0.001439849,False,0.001545,False
2016-10-06,RS01SLBS-MJ01A-06-PRESTA101,1,True,2016-10-06T00:00:13Z,2016-10-06T23:59:58Z,5760,5760,0,14.999925,15.000155926,14.999990299,-0.000888759,0,0,0,0,0.0,3.206986,18.065841,1.516867e-12,0.0002137992,0.00120439,False,0.001279,False
2016-10-07,RS01SLBS-MJ01A-06-PRESTA101,1,True,2016-10-07T00:00:13Z,2016-10-07T23:59:57Z,5760,5760,0,14.999925,15.00014925,14.999991342,0.003493814,0,0,0,0,0.0,3.267209,18.244615,2.995698e-12,0.000217814,0.001216308,False,0.00139,False
2016-10-08,RS01SLBS-MJ01A-06-PRESTA101,1,True,2016-10-08T00:00:12Z,2016-10-08T23:59:57Z,5760,5760,0,14.999925,15.000174999,14.999991342,-0.002827096,0,0,0,0,0.0,3.878411,22.445144,2.9396e-12,0.0002585609,0.001496344,False,0.001271,False
2016-10-09,RS01SLBS-MJ01A-06-PRESTA101,1,True,2016-10-09T00:00:12Z,2016-10-09T23:59:57Z,5760,5760,0,14.999925,15.000173092,14.999991521,-0.001273463,0,0,0,0,0.0,3.147203,17.635352,2.636658e-12,0.0002098136,0.001175691,False,0.001508,False
2016-10-10,RS01SLBS-MJ01A-06-PRESTA101,1,True,2016-10-10T00:00:12Z,2016-10-10T23:59:57Z,5760,5760,0,14.999925,15.000163078,14.999990981,0.000354103,0,0,0,0,0.0,3.204766,18.526843,1.437252e-12,0.0002136512,0.001235124,False,0.001252,False
2016-10-11,RS01SLBS-MJ01A-06-PRESTA101,1,True,2016-10-11T00:00:12Z,2016-10-11T23:59:57Z,5760,5760,0,14.999925,15.000166416,14.99999116,0.000252018,0,0,0,0,0.0,3.982349,19.279331,1.017571e-12,0.0002654901,0.00128529,False,0.001439,False
2016-10-12,RS01SLBS-MJ01A-06-PRESTA101,1,True,2016-10-12T00:00:12Z,2016-10-12T23:59:57Z,5760,5760,0,14.999925,15.000161171,14.999990665,0.00087943,0,0,0,0,0.0,4.381978,19.902903,2.66697e-12,0.0002921321,0.001326861,False,0.001391,False
2016-10-13,RS01SLBS-MJ01A-06-PRESTA101,1,True,2016-10-13T00:00:12Z,2016-10-13T23:59:57Z,5726,5760,34,14.999925,15.000151157,14.999992122,-0.002570072,1,34,1,34,-0.0,3.455041,18.328686,-1.382455e-12,0.0002303362,0.001221913,False,0.001265,True
2016-10-14,RS01SLBS-MJ01A-06-PRESTA101,1,True,2016-10-14T00:00:12Z,2016-10-14T23:59:57Z,5760,5760,0,14.999925,15.000137329,14.999990509,-0.000813973,0,0,0,0,0.0,3.662838,23.879742,2.374888e-12,0.0002441894,0.001591984,False,0.001495,False
2016-10-15,RS01SLBS-MJ01A-06-PRESTA101,1,True,2016-10-15T00:00:12Z,2016-10-15T23:59:57Z,5760,5760,0,14.999925,15.000158787,14.999991079,-0.010265183,0,0,0,0,0.0,3.017552,17.073775,9.116359e-13,0.0002011703,0.001138252,False,0.001306,False
2016-10-16,RS01SLBS-MJ01A-06-PRESTA101,1,True,2016-10-16T00:00:12Z,2016-10-16T23:59:57Z,5760,5760,0,14.999925,15.000172138,14.999990679,0.004779159,0,0,0,0,0.0,3.165228,20.786856,1.703829e-12,0.0002110154,0.001385791,False,0.001425,False
2016-10-17,RS01SLBS-MJ01A-06-PRESTA101,1,True,2016-10-17T00:00:12Z,2016-10-17T23:59:57Z,5760,5760,0,14.999925,15.000151634,14.999990577,0.003110865,0,0,0,0,0.0,3.904524,19.606058,2.58265e-12,0.0002603018,0.001307071,False,0.001251,False
2016-10-18,RS01SLBS-MJ01A-06-PRESTA101,1,True,2016-10-18T00:00:12Z,2016-10-18T23:59:57Z,5760,5760,0,14.999925,15.000144005,14.999991924,0.001994771,0,0,0,0,0.0,3.871167,20.746678,1.934853e-12,0.0002580779,0.001383113,False,0.001266,False
2016-10-19,RS01SLBS-MJ01A-06-PRESTA101,1,True,2016-10-19T00:00:12Z,2016-10-19T23:59:57Z,5760,5760,0,14.999925,15.000164032,14.999990923,-0.002442082,0,0,0,0,0.0,3.358259,20.446564,2.809183e-12,0.0002238841,0.001363105,False,0.00156,False
2016-10-20,RS01SLBS-MJ01A-06-PRESTA101,1,True,2016-10-20T00:00:12Z,2016-10-20T23:59:57Z,5760,5760,0,14.999925,15.00014782,14.999991097,0.000495238,0,0,0,0,0.0,3.450805,19.059284,2.043848e-12,0.0002300538,0.00127062,False,0.001565,False
2016-10-21,RS01SLBS-MJ01A-06-PRESTA101,1,True,2016-10-21T00:00:12Z,2016-10-21T23:59:57Z,5760,5760,0,14.999925,15.000107765,14.999990399,-0.003797601,0,0,0,0,0.0,3.709482,18.700494,2.452729e-12,0.000247299,0.0012467,False,0.001277,False
2016-10-22,RS01SLBS-MJ01A-06-PRESTA101,1,True,2016-10-22T00:00:12Z,2016-10-22T23:59:57Z,5760,5760,0,14.999925,15.000139236,14.999990599,0.000668345,0,0,0,0,0.0,3.647806,20.010802,2.118608e-12,0.0002431872,0.001334054,False,0.001447,False
2016-10-23,RS01SLBS-MJ01A-06-PRESTA101,1,True,2016-10-23T00:00:12Z,2016-10-23T23:59:57Z,5760,5760,0,14.999925,15.000141144,14.999990471,-0.00087105,0,0,0,0,0.0,3.422821,20.220869,1.9083e-12,0.0002281882,0.001348059,False,0.001344,False
2016-10-24,RS01SLBS-MJ01A-06-PRESTA101,1,True,2016-10-24T00:00:12Z,2016-10-24T23:59:57Z,5760,5760,0,14.999925,15.0001688,14.999990617,0.003643533,0,0,0,0,0.0,3.42135,18.767047,2.172112e-12,0.0002280902,0.001251137,False,0.001234,False
2016-10-25,RS01SLBS-MJ01A-06-PRESTA101,1,True,2016-10-25T00:00:12Z,2016-10-25T23:59:57Z,5760,5760,0,14.999925,15.000154972,14.999991431,-0.003395786,0,0,0,0,0.0,3.314856,23.106956,2.515117e-12,0.0002209905,0.001540465,False,0.001641,False
2016-10-26,RS01SLBS-MJ01A-06-PRESTA101,1,True,2016-10-26T00:00:12Z,2016-10-26T23:59:57Z,5558,5760,202,14.999925,15.000154972,14.999990599,-0.001783732,1,202,1,202,-0.0,14.007647,998.029585,-5.705601e-13,0.0009338437,0.06653535,False,0.066453,True
2016-10-27,RS01SLBS-MJ01A-06-PRESTA101,1,True,2016-10-27T00:00:12Z,2016-10-27T23:59:56Z,5760,5760,0,14.999925,15.000150204,14.999990911,-0.013465391,0,0,0,0,0.0,3.085973,17.689361,2.285469e-12,0.0002057317,0.001179291,False,0.001254,False
2016-10-28,RS01SLBS-MJ01A-06-PRESTA101,1,True,2016-10-28T00:00:11Z,2016-10-28T23:59:56Z,5760,5760,0,14.999925,15.000152111,14.999990963,0.004364201,0,0,0,0,0.0,3.129076,21.297307,2.050116e-12,0.0002086052,0.001419821,False,0.00137,False
2016-10-29,RS01SLBS-MJ01A-06-PRESTA101,1,True,2016-10-29T00:00:11Z,2016-10-29T23:59:56Z,5760,5760,0,14.999925,15.000159264,14.999991138,-0.000651717,0,0,0,0,0.0,3.073537,18.833661,2.099828e-12,0.0002049026,0.001255578,False,0.001248,False
2016-10-30,RS01SLBS-MJ01A-06-PRESTA101,1,True,2016-10-30T00:00:11Z,2016-10-30T23:59:56Z,5760,5760,0,14.999925,15.000145912,14.999991152,0.000815205,0,0,0,0,0.0,3.094472,16.631012,2.256329e-12,0.0002062983,0.001108735,False,0.001223,False
2016-10-31,RS01SLBS-MJ01A-06-PRESTA101,1,True,2016-10-31T00:00:11Z,2016-10-31T23:59:56Z,5760,5760,0,14.999925,15.000154018,14.999990875,0.002677036,0,0,0,0,0.0,3.049777,16.866383,2.557541e-12,0.0002033186,0.001124426,False,0.001413,False
2016-11-01,RS01SLBS-MJ01A-06-PRESTA101,1,True,2016-11-01T00:00:11Z,2016-11-01T23:59:56Z,5760,5760,0,14.999925,15.000163078,14.999991032,-0.002116532,0,0,0,0,0.0,3.267874,19.643428,2.048653e-12,0.0002178584,0.001309563,False,0.001567,False
2016-11-02,RS01SLBS-MJ01A-06-PRESTA101,1,True,2016-11-02T00:00:11Z,2016-11-02T23:59:56Z,5760,5760,0,14.999925,15.000169277,14.999990802,-0.00294696,0,0,0,0,0.0,3.224987,18.30848,1.441552e-12,0.0002149993,0.001220566,False,0.001279,False
2016-11-03,RS01SLBS-MJ01A-06-PRESTA101,1,True,2016-11-03T00:00:11Z,2016-11-03T23:59:56Z,5760,5760,0,14.999925,15.000154018,14.999991079,-0.002096613,0,0,0,0,0.0,3.0471,17.960266,2.790444e-12,0.0002031401,0.001197352,False,0.00149,False
2016-11-04,RS01SLBS-MJ01A-06-PRESTA101,1,True,2016-11-04T00:00:11Z,2016-11-04T23:59:56Z,5760,5760,0,14.999925,15.000153542,14.999990961,-0.004387204,0,0,0,0,0.0,3.223552,20.904865,2.318064e-12,0.0002149036,0.001393658,False,0.001273,False
2016-11-05,RS01SLBS-MJ01A-06-PRESTA101,1,True,2016-11-05T00:00:11Z,2016-11-05T23:59:56Z,5760,5760,0,14.999925,15.000169277,14.99999095,0.005783555,0,0,0,0,0.0,3.777881,20.043688,2.801784e-12,0.0002518589,0.001336247,False,0.00129,False
2016-11-06,RS01SLBS-MJ01A-06-PRESTA101,1,True,2016-11-06T00:00:11Z,2016-11-06T23:59:56Z,5760,5760,0,14.999925,15.000153065,14.999991361,0.000117027,0,0,0,0,0.0,3.076274,17.077727,2.36148e-12,0.000205085,0.001138516,False,0.001261,False
2016-11-07,RS01SLBS-MJ01A-06-PRESTA101,1,True,2016-11-07T00:00:11Z,2016-11-07T23:59:56Z,5760,5760,0,14.999925,15.000161171,14.999990819,0.000945626,0,0,0,0,0.0,3.573823,22.099865,2.920246e-12,0.000238255,0.001473325,False,0.001515,False
2016-11-08,RS01SLBS-MJ01A-06-PRESTA101,1,True,2016-11-08T00:00:11Z,2016-11-08T23:59:56Z,5760,5760,0,14.999925,15.000145912,14.99999057,-0.010376387,0,0,0,0,0.0,3.154428,16.84525,1.094518e-12,0.0002102953,0.001123017,False,0.001226,False
2016-11-09,RS01SLBS-MJ01A-06-PRESTA101,1,True,2016-11-09T00:00:11Z,2016-11-09T23:59:56Z,5760,5760,0,14.999925,15.000157833,14.999991056,0.002942987,0,0,0,0,0.0,2.976375,16.995887,1.581968e-12,0.0001984251,0.00113306,False,0.001292,False
2016-11-10,RS01SLBS-MJ01A-06-PRESTA101,1,True,2016-11-10T00:00:11Z,2016-11-10T23:59:56Z,5760,5760,0,14.999925,15.000126839,14.999991261,0.003458675,0,0,0,0,0.0,3.028572,20.916178,2.050314e-12,0.0002019049,0.001394413,False,0.001536,False
2016-11-11,RS01SLBS-MJ01A-06-PRESTA101,1,True,2016-11-11T00:00:11Z,2016-11-11T23:59:56Z,5760,5760,0,14.999925,15.000156403,14.99999137,0.001553446,0,0,0,0,0.0,3.312539,17.521368,7.312947e-13,0.0002208361,0.001168092,False,0.001275,False
2016-11-12,RS01SLBS-MJ01A-06-PRESTA101,1,True,2016-11-12T00:00:11Z,2016-11-12T23:59:56Z,5760,5760,0,14.999925,15.000141144,14.999990843,-0.004440539,0,0,0,0,0.0,3.445855,19.116714,2.333773e-12,0.0002297238,0.001274448,False,0.001274,False
2016-11-13,RS01SLBS-MJ01A-06-PRESTA101,1,True,2016-11-13T00:00:11Z,2016-11-13T23:59:56Z,5760,5760,0,14.999925,15.000134945,14.999991335,-0.000509232,0,0,0,0,0.0,3.144981,22.733539,1.946882e-12,0.0002096655,0.00151557,False,0.001487,False
2016-11-14,RS01SLBS-MJ01A-06-PRESTA101,1,True,2016-11-14T00:00:11Z,2016-11-14T23:59:56Z,5760,5760,0,14.999925,15.000155926,14.999990925,0.003904767,0,0,0,0,0.0,3.569243,18.857243,1.718085e-12,0.0002379497,0.00125715,False,0.001197,False
2016-11-15,RS01SLBS-MJ01A-06-PRESTA101,1,True,2016-11-15T00:00:11Z,2016-11-15T23:59:55Z,5760,5760,0,14.999925,15.000146866,14.999992135,0.000601776,0,0,0,0,0.0,18.938482,999.951411,2.010433e-12,0.001262566,0.06666346,False,0.066812,False
2016-11-16,RS01SLBS-MJ01A-06-PRESTA101,1,True,2016-11-16T00:00:10Z,2016-11-16T23:59:55Z,5760,5760,0,14.999925,15.000127792,14.999990629,0.000907022,0,0,0,0,0.0,3.501695,19.794599,3.218926e-12,0.0002334465,0.001319641,False,0.001263,False
2016-11-17,RS01SLBS-MJ01A-06-PRESTA101,1,True,2016-11-17T00:00:10Z,2016-11-17T23:59:55Z,5758,5760,2,14.999925,15.000142097,14.999991117,0.001021079,1,2,1,2,0.0,3.079148,17.196918,6.299039e-13,0.0002052766,0.001146462,False,0.001269,True
2016-11-18,RS01SLBS-MJ01A-06-PRESTA101,1,True,2016-11-18T00:00:10Z,2016-11-18T23:59:55Z,5750,5760,10,14.999925,15.000157356,14.999991127,0.000330807,5,10,5,10,-0.0,3.113286,19.905048,-2.043383e-12,0.0002075525,0.001327004,False,0.00143,True
2016-11-19,RS01SLBS-MJ01A-06-PRESTA101,1,True,2016-11-19T00:00:10Z,2016-11-19T23:59:55Z,5760,5760,0,14.999925,15.000137329,14.999990929,0.001219591,0,0,0,0,0.0,3.073401,22.066424,1.909627e-12,0.0002048935,0.001471096,False,0.001559,False
2016-11-20,RS01SLBS-MJ01A-06-PRESTA101,1,True,2016-11-20T00:00:10Z,2016-11-20T23:59:55Z,5760,5760,0,14.999925,15.000133991,14.999991057,-0.003914281,0,0,0,0,0.0,3.386786,17.135908,1.275442e-12,0.0002257859,0.001142395,False,0.001268,False
2016-11-21,RS01SLBS-MJ01A-06-PRESTA101,1,True,2016-11-21T00:00:10Z,2016-11-21T23:59:55Z,5760,5760,0,14.999925,15.000136852,14.9999915,0.001974578,0,0,0,0,0.0,3.249487,16.93362,3.392243e-12,0.0002166326,0.001128909,False,0.001331,False
2016-11-22,RS01SLBS-MJ01A-06-PRESTA101,1,True,2016-11-22T00:00:10Z,2016-11-22T23:59:55Z,5760,5760,0,14.999925,15.000139236,14.999990491,0.00173262,0,0,0,0,0.0,3.488892,20.816446,1.442861e-12,0.000232593,0.001387764,False,0.001272,False
2016-11-23,RS01SLBS-MJ01A-06-PRESTA101,1,True,2016-11-23T00:00:10Z,2016-11-23T23:59:55Z,5760,5760,0,14.999925,15.000156879,14.999990333,-0.000626149,0,0,0,0,0.0,3.531507,17.945696,9.905909e-13,0.0002354339,0.00119638,False,0.001257,False
2016-11-24,RS01SLBS-MJ01A-06-PRESTA101,1,True,2016-11-24T00:00:10Z,2016-11-24T23:59:55Z,5760,5760,0,14.999925,15.000150204,14.99999079,-0.003120119,0,0,0,0,0.0,3.089983,19.767483,1.319316e-12,0.000205999,0.001317833,False,0.001331,False
2016-11-25,RS01SLBS-MJ01A-06-PRESTA101,1,True,2016-11-25T00:00:10Z,2016-11-25T23:59:55Z,5760,5760,0,14.999925,15.00014925,14.99999131,-0.000558264,0,0,0,0,0.0,3.338425,22.055198,1.84061e-12,0.0002225618,0.001470347,False,0.001513,False
2016-11-26,RS01SLBS-MJ01A-06-PRESTA101,1,True,2016-11-26T00:00:10Z,2016-11-26T23:59:55Z,5760,5760,0,14.999925,15.000157356,14.999990798,-0.001554381,0,0,0,0,0.0,3.124644,16.82486,1.820186e-12,0.0002083097,0.001121658,False,0.00127,False
2016-11-27,RS01SLBS-MJ01A-06-PRESTA101,1,True,2016-11-27T00:00:10Z,2016-11-27T23:59:55Z,5760,5760,0,14.999925,15.000128269,14.999990831,-0.000273358,0,0,0,0,0.0,3.168877,22.835925,1.690853e-12,0.0002112586,0.001522396,False,0.001333,False
2016-11-28,RS01SLBS-MJ01A-06-PRESTA101,1,True,2016-11-28T00:00:10Z,2016-11-28T23:59:55Z,5760,5760,0,14.999925,15.000136852,14.999990649,0.00286865,0,0,0,0,0.0,3.14723,18.13191,1.817587e-12,0.0002098155,0.001208795,False,0.001222,False
2016-11-29,RS01SLBS-MJ01A-06-PRESTA101,1,True,2016-11-29T00:00:10Z,2016-11-29T23:59:55Z,5760,5760,0,14.999925,15.000146389,14.999990951,-0.003033858,0,0,0,0,0.0,3.174009,17.947978,1.817285e-12,0.0002116007,0.001196533,False,0.001225,False
2016-11-30,RS01SLBS-MJ01A-06-PRESTA101,1,True,2016-11-30T00:00:10Z,2016-11-30T23:59:55Z,5760,5760,0,14.999925,15.000151157,14.99999081,0.000607693,0,0,0,0,0.0,3.036517,20.671263,2.20939e-12,0.0002024346,0.001378085,False,0.001338,False
2016-12-01,RS01SLBS-MJ01A-06-PRESTA101,1,True,2016-12-01T00:00:10Z,2016-12-01T23:59:55Z,5702,5760,58,14.999925,15.000157833,14.999990765,-4.1333e-05,1,58,1,58,-0.0,3.323037,20.582236,-4.983207e-13,0.0002215359,0.00137215,False,0.00123,True
2016-12-02,RS01SLBS-MJ01A-06-PRESTA101,1,True,2016-12-02T00:00:10Z,2016-12-02T23:59:55Z,5760,5760,0,14.999925,15.000146866,14.999990354,-0.002044006,0,0,0,0,0.0,3.03508,16.710606,2.459022e-12,0.0002023388,0.001114041,False,0.001273,False
2016-12-03,RS01SLBS-MJ01A-06-PRESTA101,1,True,2016-12-03T00:00:10Z,2016-12-03T23:59:55Z,5760,5760,0,14.999925,15.000130177,14.999990782,-0.000788421,0,0,0,0,0.0,3.029085,19.676363,3.029203e-12,0.0002019391,0.001311758,False,0.001536,False
2016-12-04,RS01SLBS-MJ01A-06-PRESTA101,1,True,2016-12-04T00:00:10Z,2016-12-04T23:59:54Z,5760,5760,0,14.999925,15.000144005,14.999990806,-0.003799269,0,0,0,0,0.0,13.549831,998.685232,3.002373e-12,0.0009033226,0.06657906,False,0.066669,False
2016-12-05,RS01SLBS-MJ01A-06-PRESTA101,1,True,2016-12-05T00:00:09Z,2016-12-05T23:59:54Z,5760,5760,0,14.999925,15.000160694,14.999990751,-0.001316412,0,0,0,0,0.0,3.029284,16.924434,1.409489e-12,0.0002019524,0.001128296,False,0.001345,False
2016-12-06,RS01SLBS-MJ01A-06-PRESTA101,1,True,2016-12-06T00:00:09Z,2016-12-06T23:59:54Z,5760,5760,0,14.999925,15.000146866,14.999990921,-0.000412389,0,0,0,0,0.0,3.225542,21.315128,1.980501e-12,0.0002150363,0.001421009,False,0.001313,False
2016-12-07,RS01SLBS-MJ01A-06-PRESTA101,1,True,2016-12-07T00:00:09Z,2016-12-07T23:59:54Z,5702,5760,58,14.999925,15.000153065,14.999991045,0.002818529,1,58,1,58,0.0,2.976149,21.081085,6.765337e-13,0.00019841,0.001405406,False,0.001467,True
2016-12-08,RS01SLBS-MJ01A-06-PRESTA101,1,True,2016-12-08T00:00:09Z,2016-12-08T23:59:54Z,5760,5760,0,14.999925,15.00016737,14.999990542,0.001654117,0,0,0,0,0.0,3.388153,18.242668,2.242082e-12,0.000225877,0.001216179,False,0.001285,False
2016-12-09,RS01SLBS-MJ01A-06-PRESTA101,1,True,2016-12-09T00:00:09Z,2016-12-09T23:59:54Z,5760,5760,0,14.999925,15.000143051,14.999991181,-0.001416449,0,0,0,0,0.0,4.034069,24.224835,2.386064e-12,0.0002689381,0.00161499,False,0.001496,False
2016-12-10,RS01SLBS-MJ01A-06-PRESTA101,1,True,2016-12-10T00:00:09Z,2016-12-10T23:59:54Z,5760,5760,0,14.999925,15.00017786,14.999990971,0.003970431,0,0,0,0,0.0,3.211502,18.188211,8.346652e-13,0.0002141003,0.001212548,False,0.001236,False
2016-12-11,RS01SLBS-MJ01A-06-PRESTA101,1,True,2016-12-11T00:00:09Z,2016-12-11T23:59:54Z,5725,5760,35,14.999925,15.000156403,14.999991349,-0.003853992,1,35,1,35,-0.0,3.08251,16.520175,-3.847713e-13,0.0002055008,0.001101346,False,0.001264,True
2016-12-12,RS01SLBS-MJ01A-06-PRESTA101,1,True,2016-12-12T00:00:09Z,2016-12-12T23:59:54Z,5760,5760,0,14.999925,15.000173092,14.999991214,0.001165253,0,0,0,0,0.0,3.022397,21.263371,2.794432e-12,0.0002014933,0.001417559,False,0.001563,False
2016-12-13,RS01SLBS-MJ01A-06-PRESTA101,1,True,2016-12-13T00:00:09Z,2016-12-13T23:59:54Z,5760,5760,0,14.999925,15.000146866,14.99999098,-0.000563135,0,0,0,0,0.0,3.158741,20.611709,2.100639e-12,0.0002105829,0.001374115,False,0.001498,False
2016-12-14,RS01SLBS-MJ01A-06-PRESTA101,1,True,2016-12-14T00:00:09Z,2016-12-14T23:59:54Z,5760,5760,0,14.999925,15.000154018,14.999991333,0.002278259,0,0,0,0,0.0,3.073418,16.665916,1.36751e-12,0.0002048947,0.001111062,False,0.001275,False
2016-12-15,RS01SLBS-MJ01A-06-PRESTA101,1,True,2016-12-15T00:00:09Z,2016-12-15T23:59:54Z,5760,5760,0,14.999925,15.000140667,14.999990617,-0.001557056,0,0,0,0,0.0,3.383035,23.897415,2.342348e-12,0.0002255358,0.001593162,False,0.001568,False
2016-12-16,RS01SLBS-MJ01A-06-PRESTA101,1,True,2016-12-16T00:00:09Z,2016-12-16T23:59:54Z,5760,5760,0,14.999925,15.000124931,14.999991237,0.00013838,0,0,0,0,0.0,3.165152,19.218933,3.092492e-12,0.0002110103,0.001281263,False,0.001239,False
2016-12-17,RS01SLBS-MJ01A-06-PRESTA101,1,True,2016-12-17T00:00:09Z,2016-12-17T23:59:54Z,5759,5760,1,14.999925,15.000130892,14.999990987,0.001247439,1,1,1,1,0.0,3.071053,17.193414,2.102085e-12,0.000204737,0.001146228,False,0.001299,True
2016-12-18,RS01SLBS-MJ01A-06-PRESTA101,1,True,2016-12-18T00:00:09Z,2016-12-18T23:59:54Z,5760,5760,0,14.999925,15.000157356,14.999991185,-0.000870151,0,0,0,0,0.0,3.22975,21.572916,4.996855e-13,0.0002153168,0.001438195,False,0.001549,False
2016-12-19,RS01SLBS-MJ01A-06-PRESTA101,1,True,2016-12-19T00:00:09Z,2016-12-19T23:59:54Z,5760,5760,0,14.999925,15.000175953,14.999991045,-0.000325283,0,0,0,0,0.0,3.127559,17.208162,2.151268e-12,0.000208504,0.001147211,False,0.001275,False
2016-12-20,RS01SLBS-MJ01A-06-PRESTA101,1,True,2016-12-20T00:00:09Z,2016-12-20T23:59:54Z,5760,5760,0,14.999925,15.00013876,14.999990498,0.000877345,0,0,0,0,0.0,3.139084,17.998397,2.630047e-12,0.0002092724,0.001199894,False,0.001271,False
2016-12-21,RS01SLBS-MJ01A-06-PRESTA101,1,True,2016-12-21T00:00:09Z,2016-12-21T23:59:54Z,5760,5760,0,14.999925,15.000150681,14.999990691,0.002675749,0,0,0,0,0.0,3.287813,19.073553,2.152228e-12,0.0002191877,0.001271571,False,0.001441,False
2016-12-22,RS01SLBS-MJ01A-06-PRESTA101,1,True,2016-12-22T00:00:09Z,2016-12-22T23:59:54Z,5760,5760,0,14.999925,15.000165939,14.99999084,0.002655135,0,0,0,0,0.0,3.729857,19.959251,2.063142e-12,0.0002486573,0.001330618,False,0.001287,False
2016-12-23,RS01SLBS-MJ01A-06-PRESTA101,1,True,2016-12-23T00:00:09Z,2016-12-23T23:59:53Z,5760,5760,0,14.999925,15.00014925,14.99999102,-0.002280661,0,0,0,0,0.0,13.552147,1000.478825,2.486166e-12,0.000903477,0.06669863,False,0.066467,False
2016-12-24,RS01SLBS-MJ01A-06-PRESTA101,1,True,2016-12-24T00:00:08Z,2016-12-24T23:59:53Z,5760,5760,0,14.999925,15.000179768,14.999991513,0.001408373,0,0,0,0,0.0,3.539007,24.879731,1.942303e-12,0.0002359339,0.00165865,False,0.001532,False
2016-12-25,RS01SLBS-MJ01A-06-PRESTA101,1,True,2016-12-25T00:00:08Z,2016-12-25T23:59:53Z,5760,5760,0,14.999925,15.000144005,14.999990681,0.004269868,0,0,0,0,0.0,3.084135,16.91015,2.092717e-12,0.0002056091,0.001127344,False,0.001271,False
2016-12-26,RS01SLBS-MJ01A-06-PRESTA101,1,True,2016-12-26T00:00:08Z,2016-12-26T23:59:53Z,5760,5760,0,14.999925,15.000173092,14.999990711,0.005709065,0,0,0,0,0.0,3.531263,19.896756,2.814693e-12,0.0002354177,0.001326451,False,0.001563,False
2016-12-27,RS01SLBS-MJ01A-06-PRESTA101,1,True,2016-12-27T00:00:08Z,2016-12-27T23:59:53Z,5760,5760,0,14.999925,15.000176907,14.999990576,0.002472655,0,0,0,0,0.0,3.177775,20.43874,2.268312e-12,0.0002118518,0.001362584,False,0.001414,False
2016-12-28,RS01SLBS-MJ01A-06-PRESTA101,1,True,2016-12-28T00:00:08Z,2016-12-28T23:59:53Z,5760,5760,0,14.999925,15.000152588,14.99999035,0.000347643,0,0,0,0,0.0,3.312886,17.564937,2.550884e-12,0.0002208592,0.001170997,False,0.001502,False
2016-12-29,RS01SLBS-MJ01A-06-PRESTA101,1,True,2016-12-29T00:00:08Z,2016-12-29T23:59:53Z,5760,5760,0,14.999925,15.00014925,14.99999136,0.002600446,0,0,0,0,0.0,3.321916,20.829516,1.027614e-12,0.0002214612,0.001388635,False,0.001459,False
2016-12-30,RS01SLBS-MJ01A-06-PRESTA101,1,True,2016-12-30T00:00:08Z,2016-12-30T23:59:53Z,5760,5760,0,14.999925,15.000167847,14.999990772,0.002331668,0,0,0,0,0.0,3.11051,18.911293,2.766928e-12,0.0002073675,0.001260754,False,0.00142,False
2016-12-31,RS01SLBS-MJ01A-06-PRESTA101,1,True,2016-12-31T00:00:08Z,2016-12-31T23:59:53Z,5760,5760,0,14.999925,15.000160694,14.999991132,0.000107961,0,0,0,0,0.0,3.376459,18.501673,1.853147e-12,0.0002250974,0.001233446,False,0.001313,False
2017-01-01,RS01SLBS-MJ01A-06-PRESTA101,1,True,2017-01-01T00:00:08Z,2017-01-01T23:59:52Z,5760,5760,0,14.999925,15.000076294,14.999988655,-0.997821192,0,0,0,0,0.0,70.364113,1010.301953,2.076049e-12,0.004690944,0.06735351,False,0.066448,False
2017-01-02,RS01SLBS-MJ01A-06-PRESTA101,1,True,2017-01-02T00:00:07Z,2017-01-02T23:59:52Z,5760,5760,0,14.999925,15.000151157,14.999991326,-0.002379186,0,0,0,0,0.0,3.079352,21.032382,3.140073e-12,0.0002052902,0.00140216,False,0.001302,False
2017-01-03,RS01SLBS-MJ01A-06-PRESTA101,1,True,2017-01-03T00:00:07Z,2017-01-03T23:59:52Z,5760,5760,0,14.999925,15.000141621,14.99999053,0.002760275,0,0,0,0,0.0,3.054174,17.216692,9.528131e-13,0.0002036117,0.00114778,False,0.001315,False
2017-01-04,RS01SLBS-MJ01A-06-PRESTA101,1,True,2017-01-04T00:00:07Z,2017-01-04T23:59:52Z,5760,5760,0,14.999925,15.000161171,14.999990824,0.00151645,0,0,0,0,0.0,3.377964,21.052695,2.456976e-12,0.0002251977,0.001403514,False,0.001465,False
2017-01-05,RS01SLBS-MJ01A-06-PRESTA101,1,True,2017-01-05T00:00:07Z,2017-01-05T23:59:52Z,5760,5760,0,14.999925,15.000141144,14.999990922,-0.00107231,0,0,0,0,0.0,3.192113,17.744173,5.361046e-13,0.0002128076,0.001182946,False,0.001314,False
2017-01-06,RS01SLBS-MJ01A-06-PRESTA101,1,True,2017-01-06T00:00:07Z,2017-01-06T23:59:52Z,5760,5760,0,14.999925,15.000154972,14.999990292,1.477e-05,0,0,0,0,0.0,4.095461,22.318349,7.493962e-13,0.0002730309,0.001487891,False,0.001268,False
2017-01-07,RS01SLBS-MJ01A-06-PRESTA101,1,True,2017-01-07T00:00:07Z,2017-01-07T23:59:52Z,5760,5760,0,14.999925,15.000143051,14.999991382,0.001105271,0,0,0,0,0.0,4.417777,21.012254,2.171263e-12,0.0002945187,0.001400818,False,0.001504,False
2017-01-08,RS01SLBS-MJ01A-06-PRESTA101,1,True,2017-01-08T00:00:07Z,2017-01-08T23:59:52Z,5760,5760,0,14.999925,15.000137329,14.999990061,-0.001078818,0,0,0,0,0.0,3.223936,20.327564,1.394356e-12,0.0002149292,0.001355172,False,0.001254,False
2017-01-09,RS01SLBS-MJ01A-06-PRESTA101,1,True,2017-01-09T00:00:07Z,2017-01-09T18:30:52Z,4444,4444,0,14.999925,15.000162601,14.999990223,0.004184098,0,0,0,0,-0.0,3.38719,17.989926,-5.642128e-13,0.0002258128,0.001199329,False,0.001246,False
2017-01-10,RS01SLBS-MJ01A-06-PRESTA101,1,True,2017-01-10T01:22:42Z,2017-01-10T23:59:57Z,5430,5430,0,14.999925,15.000179291,14.999990954,-0.001438697,0,0,0,0,-0.0,3.121805,20.466597,-1.714012e-12,0.0002081204,0.001364441,False,0.001315,False
2017-01-11,RS01SLBS-MJ01A-06-PRESTA101,1,True,2017-01-11T00:00:12Z,2017-01-11T23:59:56Z,5754,5760,6,14.999925,15.000155926,14.999991035,-0.002008341,1,6,1,6,0.0,13.555507,1001.942138,1.496396e-13,0.000903701,0.06679618,False,0.067776,True
2017-01-12,RS01SLBS-MJ01A-06-PRESTA101,1,True,2017-01-12T00:00:11Z,2017-01-12T23:59:56Z,5760,5760,0,14.999925,15.000173092,14.999990868,0.002442302,0,0,0,0,0.0,3.117864,16.800449,5.58795e-13,0.0002078577,0.001120031,False,0.001275,False
2017-01-13,RS01SLBS-MJ01A-06-PRESTA101,1,True,2017-01-13T00:00:11Z,2017-01-13T23:59:56Z,5760,5760,0,14.999925,15.000143051,14.999991096,-0.001992446,0,0,0,0,0.0,3.217854,17.481065,2.36307e-12,0.0002145237,0.001165405,False,0.001476,False
2017-01-14,RS01SLBS-MJ01A-06-PRESTA101,1,True,2017-01-14T00:00:11Z,2017-01-14T23:59:56Z,5760,5760,0,14.999925,15.000153065,14.999991448,-0.003082757,0,0,0,0,0.0,3.242332,20.782466,1.919905e-12,0.0002161556,0.001385499,False,0.00157,False
2017-01-15,RS01SLBS-MJ01A-06-PRESTA101,1,True,2017-01-15T00:00:11Z,2017-01-15T23:59:56Z,5760,5760,0,14.999925,15.000161171,14.999991427,-0.001409022,0,0,0,0,0.0,3.530188,18.975392,1.480158e-12,0.000235346,0.001265027,False,0.001244,False
2017-01-16,RS01SLBS-MJ01A-06-PRESTA101,1,True,2017-01-16T00:00:11Z,2017-01-16T23:59:56Z,5760,5760,0,14.999925,15.000161648,14.999991053,0.002244633,0,0,0,0,0.0,3.1427,17.490697,1.934389e-12,0.0002095135,0.001166047,False,0.001261,False
2017-01-17,RS01SLBS-MJ01A-06-PRESTA101,1,True,2017-01-17T00:00:11Z,2017-01-17T23:59:56Z,5760,5760,0,14.999925,15.000123978,14.999990468,0.003908575,0,0,0,0,0.0,2.965613,18.688967,1.43966e-12,0.0001977076,0.001245932,False,0.001554,False
2017-01-18,RS01SLBS-MJ01A-06-PRESTA101,1,True,2017-01-18T00:00:11Z,2017-01-18T23:59:56Z,5760,5760,0,14.999925,15.000154972,14.999991054,-0.000349597,0,0,0,0,0.0,3.320576,18.3279,1.157832e-12,0.0002213718,0.001221861,False,0.001553,False
2017-01-19,RS01SLBS-MJ01A-06-PRESTA101,1,True,2017-01-19T00:00:11Z,2017-01-19T23:59:56Z,5656,5760,104,14.999925,15.000153065,14.999990755,0.00104992,1,104,1,104,-0.0,3.040704,21.736135,-2.520187e-12,0.0002027137,0.001449077,False,0.00157,True
2017-01-20,RS01SLBS-MJ01A-06-PRESTA101,1,True,2017-01-20T00:00:11Z,2017-01-20T23:59:56Z,5760,5760,0,14.999925,15.000150204,14.999990888,0.000147057,0,0,0,0,0.0,3.042916,17.166421,2.093091e-12,0.0002028612,0.001144429,False,0.001263,False
2017-01-21,RS01SLBS-MJ01A-06-PRESTA101,1,True,2017-01-21T00:00:11Z,2017-01-21T23:59:56Z,5760,5760,0,14.999925,15.000164032,14.999991025,0.002706775,0,0,0,0,0.0,3.150481,19.482842,2.605203e-12,0.0002100322,0.001298857,False,0.001299,False
2017-01-22,RS01SLBS-MJ01A-06-PRESTA101,1,True,2017-01-22T00:00:11Z,2017-01-22T23:59:56Z,5760,5760,0,14.999925,15.000154018,14.999991291,-0.000367315,0,0,0,0,0.0,3.189597,18.775633,2.215448e-12,0.0002126399,0.00125171,False,0.001245,False
2017-01-23,RS01SLBS-MJ01A-06-PRESTA101,1,True,2017-01-23T00:00:11Z,2017-01-23T23:59:56Z,5760,5760,0,14.999925,15.000164986,14.999990828,0.003750425,0,0,0,0,0.0,3.114206,17.112288,2.403501e-12,0.0002076139,0.00114082,False,0.001264,False
2017-01-24,RS01SLBS-MJ01A-06-PRESTA101,1,True,2017-01-24T00:00:11Z,2017-01-24T23:59:56Z,5760,5760,0,14.999925,15.00017786,14.999991247,-0.004055659,0,0,0,0,0.0,3.440787,22.83616,1.888958e-12,0.0002293859,0.001522412,False,0.001562,False
2017-01-25,RS01SLBS-MJ01A-06-PRESTA101,1,True,2017-01-25T00:00:11Z,2017-01-25T23:59:56Z,5760,5760,0,14.999925,15.00015974,14.999990687,-0.002421826,0,0,0,0,0.0,3.155358,22.505608,4.001895e-12,0.0002103573,0.001500375,False,0.001431,False
2017-01-26,RS01SLBS-MJ01A-06-PRESTA101,1,True,2017-01-26T00:00:11Z,2017-01-26T23:59:56Z,5760,5760,0,14.999925,15.000158787,14.999991065,0.00310688,0,0,0,0,0.0,3.165071,17.774564,1.273649e-12,0.0002110049,0.001184972,False,0.001259,False
2017-01-27,RS01SLBS-MJ01A-06-PRESTA101,1,True,2017-01-27T00:00:11Z,2017-01-27T23:59:56Z,5760,5760,0,14.999925,15.000170708,14.999990556,-0.004110182,0,0,0,0,0.0,3.328066,20.917141,1.933791e-12,0.0002218712,0.001394477,False,0.001382,False
2017-01-28,RS01SLBS-MJ01A-06-PRESTA101,1,True,2017-01-28T00:00:11Z,2017-01-28T23:59:56Z,5760,5760,0,14.999925,15.000156879,14.99998971,0.000613805,0,0,0,0,0.0,3.190022,19.535452,1.623447e-12,0.0002126683,0.001302364,False,0.001421,False
2017-01-29,RS01SLBS-MJ01A-06-PRESTA101,1,True,2017-01-29T00:00:11Z,2017-01-29T23:59:56Z,5760,5760,0,14.999925,15.000154972,14.999990609,0.002822955,0,0,0,0,0.0,3.483115,17.865165,3.009271e-12,0.0002322078,0.001191012,False,0.001391,False
2017-01-30,RS01SLBS-MJ01A-06-PRESTA101,1,True,2017-01-30T00:00:11Z,2017-01-30T23:59:55Z,5732,5760,28,14.999925,15.000143051,14.999991709,0.000112029,2,28,2,28,0.0,3.387349,19.488999,4.797052e-13,0.0002258234,0.001299267,False,0.001536,True
2017-01-31,RS01SLBS-MJ01A-06-PRESTA101,1,True,2017-01-31T00:00:10Z,2017-01-31T23:59:55Z,3629,5760,2131,14.999925,15.000138998,14.999990727,-0.003554766,8,2131,8,2131,-0.0,3.472054,19.733111,-2.172207e-12,0.0002314704,0.001315542,False,0.020501,True
2017-02-01,RS01SLBS-MJ01A-06-PRESTA101,1,True,2017-02-01T00:00:10Z,2017-02-01T23:59:55Z,5760,5760,0,14.999925,15.000167847,14.999990219,0.005840589,0,0,0,0,0.0,3.609902,19.375706,1.440159e-12,0.0002406603,0.001291715,False,0.001253,False
2017-02-02,RS01SLBS-MJ01A-06-PRESTA101,1,True,2017-02-02T00:00:10Z,2017-02-02T23:59:55Z,5760,5760,0,14.999925,15.00014019,14.999990023,0.00744195,0,0,0,0,0.0,3.495383,21.37183,1.783435e-12,0.0002330257,0.00142479,False,0.001545,False
2017-02-03,RS01SLBS-MJ01A-06-PRESTA101,1,True,2017-02-03T00:00:10Z,2017-02-03T23:59:55Z,5760,5760,0,14.999925,15.000144958,14.999991044,0.001954803,0,0,0,0,0.0,3.280494,17.688722,2.301014e-12,0.0002186997,0.001179249,False,0.001827,False
2017-02-04,RS01SLBS-MJ01A-06-PRESTA101,1,True,2017-02-04T00:00:10Z,2017-02-04T23:59:55Z,5760,5760,0,14.999925,15.00015974,14.999990786,-0.00346008,0,0,0,0,0.0,3.143126,17.027364,2.76287e-12,0.0002095419,0.001135158,False,0.001175,False
2017-02-05,RS01SLBS-MJ01A-06-PRESTA101,1,True,2017-02-05T00:00:10Z,2017-02-05T23:59:55Z,5760,5760,0,14.999925,15.000137806,14.999991128,-0.002782597,0,0,0,0,0.0,3.451109,20.878257,2.126018e-12,0.0002300741,0.001391885,False,0.001347,False
2017-02-06,RS01SLBS-MJ01A-06-PRESTA101,1,True,2017-02-06T00:00:10Z,2017-02-06T23:59:55Z,5760,5760,0,14.999925,15.00014925,14.999991258,-6.376e-05,0,0,0,0,0.0,3.126872,18.736477,1.875694e-12,0.0002084582,0.001249099,False,0.001248,False
2017-02-07,RS01SLBS-MJ01A-06-PRESTA101,1,True,2017-02-07T00:00:10Z,2017-02-07T23:59:55Z,5707,5760,53,14.999925,15.000151157,14.999990916,-0.002127962,1,53,1,53,0.0,3.223742,17.125108,6.252911e-13,0.0002149163,0.001141675,False,0.001403,True
2017-02-08,RS01SLBS-MJ01A-06-PRESTA101,1,True,2017-02-08T00:00:10Z,2017-02-08T23:59:55Z,5760,5760,0,14.999925,15.000144005,14.999990624,8.5146e-05,0,0,0,0,0.0,4.388877,22.265707,1.218605e-12,0.000292592,0.001484381,False,0.00127,False
2017-02-09,RS01SLBS-MJ01A-06-PRESTA101,1,True,2017-02-09T00:00:10Z,2017-02-09T23:59:55Z,5760,5760,0,14.999925,15.000153065,14.99999051,-0.000294171,0,0,0,0,0.0,3.05215,18.220071,1.499317e-12,0.0002034768,0.001214672,False,0.001208,False
2017-02-10,RS01SLBS-MJ01A-06-PRESTA101,1,True,2017-02-10T00:00:10Z,2017-02-10T23:59:55Z,5760,5760,0,14.999925,15.000174046,14.999990717,-0.000192994,0,0,0,0,0.0,3.105512,18.159397,1.467203e-12,0.0002070343,0.001210627,False,0.001269,False
2017-02-11,RS01SLBS-MJ01A-06-PRESTA101,1,True,2017-02-11T00:00:10Z,2017-02-11T23:59:55Z,5760,5760,0,14.999925,15.000154972,14.999990369,0.000185893,0,0,0,0,0.0,3.851779,21.201574,1.808153e-12,0.0002567854,0.001413439,False,0.001236,False
2017-02-12,RS01SLBS-MJ01A-06-PRESTA101,1,True,2017-02-12T00:00:10Z,2017-02-12T23:59:55Z,5760,5760,0,14.999925,15.000153065,14.999990858,0.005690947,0,0,0,0,0.0,4.391161,19.252778,1.632862e-12,0.0002927443,0.001283519,False,0.001317,False
2017-02-13,RS01SLBS-MJ01A-06-PRESTA101,1,True,2017-02-13T00:00:10Z,2017-02-13T23:59:55Z,5760,5760,0,14.999925,15.000142097,14.999991276,-0.000101111,0,0,0,0,0.0,3.181777,17.824589,2.110095e-12,0.0002121186,0.001188307,False,0.001262,False
2017-02-14,RS01SLBS-MJ01A-06-PRESTA101,1,True,2017-02-14T00:00:10Z,2017-02-14T23:59:55Z,5760,5760,0,14.999925,15.000169754,14.999990786,0.002265791,0,0,0,0,0.0,3.298486,19.20026,1.503741e-12,0.0002198992,0.001280018,False,0.001488,False
2017-02-15,RS01SLBS-MJ01A-06-PRESTA101,1,True,2017-02-15T00:00:10Z,2017-02-15T14:42:55Z,3532,3532,0,14.999925,15.000174046,14.999989458,-0.000309139,0,0,0,0,-0.0,3.014884,16.957244,-5.242968e-14,0.0002009924,0.001130484,False,0.001257,False
2017-02-16,RS01SLBS-MJ01A-06-PRESTA101,1,True,2017-02-16T21:35:29Z,2017-02-16T23:59:55Z,559,579,20,14.999925,15.000209093,14.999208843,-3.692757661,2,20,2,20,0.0,514.22464,3699.050283,3.944708e-14,0.03428345,0.2466164,False,0.266892,True
2017-02-17,RS01SLBS-MJ01A-06-PRESTA101,1,True,2017-02-17T00:00:10Z,2017-02-17T23:59:55Z,5760,5760,0,14.999925,15.000156403,14.99999069,-0.002070274,0,0,0,0,0.0,3.152884,17.126049,2.047065e-12,0.0002101924,0.001141737,False,0.00126,False
2017-02-18,RS01SLBS-MJ01A-06-PRESTA101,1,True,2017-02-18T00:00:10Z,2017-02-18T23:59:54Z,5760,5760,0,14.999925,15.000125408,14.999990005,-0.000554662,0,0,0,0,0.0,3.134009,16.605204,1.041291e-12,0.0002089341,0.001107014,False,0.001309,False
2017-02-19,RS01SLBS-MJ01A-06-PRESTA101,1,True,2017-02-19T00:00:09Z,2017-02-19T23:59:54Z,5760,5760,0,14.999925,15.000153542,14.999990979,0.002680179,0,0,0,0,0.0,3.385707,19.365137,1.313633e-12,0.0002257139,0.00129101,False,0.001275,False
2017-02-20,RS01SLBS-MJ01A-06-PRESTA101,1,True,2017-02-20T00:00:09Z,2017-02-20T23:59:54Z,5760,5760,0,14.999925,15.000161171,14.999990773,0.006012363,0,0,0,0,0.0,3.210059,18.789754,2.223936e-12,0.0002140041,0.001252651,False,0.001564,False
2017-02-21,RS01SLBS-MJ01A-06-PRESTA101,1,True,2017-02-21T00:00:09Z,2017-02-21T23:59:54Z,5760,5760,0,14.999925,15.000155926,14.999989816,-0.008464291,0,0,0,0,0.0,4.672763,25.375839,1.88464e-12,0.0003115178,0.001691724,False,0.001558,False
2017-02-22,RS01SLBS-MJ01A-06-PRESTA101,1,True,2017-02-22T00:00:09Z,2017-02-22T23:59:54Z,5760,5760,0,14.999925,15.000144005,14.999990026,0.005711948,0,0,0,0,0.0,4.288482,20.126013,2.106128e-12,0.000285899,0.001341735,False,0.00123,False
2017-02-23,RS01SLBS-MJ01A-06-PRESTA101,1,True,2017-02-23T00:00:09Z,2017-02-23T23:59:54Z,5760,5760,0,14.999925,15.000170231,14.999990222,-0.00162699,0,0,0,0,0.0,3.044229,18.99191,4.514817e-13,0.0002029487,0.001266128,False,0.001289,False
2017-02-24,RS01SLBS-MJ01A-06-PRESTA101,1,True,2017-02-24T00:00:09Z,2017-02-24T23:59:54Z,5760,5760,0,14.999925,15.000149727,14.999990222,-0.001766139,0,0,0,0,0.0,3.351859,20.673582,2.765242e-12,0.0002234574,0.00137824,False,0.001515,False
2017-02-25,RS01SLBS-MJ01A-06-PRESTA101,1,True,2017-02-25T00:00:09Z,2017-02-25T23:59:54Z,5760,5760,0,14.999925,15.000154018,14.9999907,-0.000865765,0,0,0,0,0.0,3.04015,16.977761,2.392954e-12,0.0002026768,0.001131851,False,0.001238,False
2017-02-26,RS01SLBS-MJ01A-06-PRESTA101,1,True,2017-02-26T00:00:09Z,2017-02-26T23:59:54Z,5760,5760,0,14.999925,15.000153065,14.999990988,-0.000694195,0,0,0,0,0.0,3.098919,22.532643,1.347288e-12,0.0002065947,0.001502177,False,0.001489,False
2017-02-27,RS01SLBS-MJ01A-06-PRESTA101,1,True,2017-02-27T00:00:09Z,2017-02-27T23:59:54Z,5760,5760,0,14.999925,15.00014019,14.999990996,0.000169153,0,0,0,0,0.0,3.379707,20.051279,1.86307e-12,0.0002253139,0.001336753,False,0.00153,False
2017-02-28,RS01SLBS-MJ01A-06-PRESTA101,1,True,2017-02-28T00:00:09Z,2017-02-28T23:59:54Z,5760,5760,0,14.999925,15.00014782,14.999990193,0.001121538,0,0,0,0,0.0,3.237169,17.018374,9.40301e-13,0.0002158114,0.001134559,False,0.001251,False
2017-03-01,RS01SLBS-MJ01A-06-PRESTA101,1,True,2017-03-01T00:00:09Z,2017-03-01T23:59:54Z,5760,5760,0,14.999925,15.000152588,14.999991531,0.002022056,0,0,0,0,0.0,3.324587,19.56874,1.878596e-12,0.0002216393,0.001304583,False,0.001714,False
2017-03-02,RS01SLBS-MJ01A-06-PRESTA101,1,True,2017-03-02T00:00:09Z,2017-03-02T23:59:54Z,5760,5760,0,14.999925,15.000165939,14.999990876,0.000486435,0,0,0,0,0.0,3.425346,22.891532,2.886938e-12,0.0002283566,0.001526103,False,0.001563,False
2017-03-03,RS01SLBS-MJ01A-06-PRESTA101,1,True,2017-03-03T00:00:09Z,2017-03-03T23:59:54Z,5760,5760,0,14.999925,15.000145912,14.999990967,0.003029209,0,0,0,0,0.0,3.820873,18.576222,1.775561e-12,0.000254725,0.001238416,False,0.001456,False
2017-03-04,RS01SLBS-MJ01A-06-PRESTA101,1,True,2017-03-04T00:00:09Z,2017-03-04T23:59:54Z,5760,5760,0,14.999925,15.000164986,14.9999909,0.000700086,0,0,0,0,0.0,3.49898,19.479276,1.666703e-12,0.0002332655,0.001298619,False,0.001265,False
2017-03-05,RS01SLBS-MJ01A-06-PRESTA101,1,True,2017-03-05T00:00:09Z,2017-03-05T23:59:54Z,5760,5760,0,14.999925,15.000155926,14.999990742,-0.012388921,0,0,0,0,0.0,4.374794,21.160088,2.480075e-12,0.0002916531,0.001410673,False,0.001535,False
2017-03-06,RS01SLBS-MJ01A-06-PRESTA101,1,True,2017-03-06T00:00:09Z,2017-03-06T23:59:54Z,5760,5760,0,14.999925,15.000133991,14.999990072,-0.000809496,0,0,0,0,0.0,3.52063,18.174518,2.198452e-12,0.0002347088,0.001211635,False,0.001267,False
2017-03-07,RS01SLBS-MJ01A-06-PRESTA101,1,True,2017-03-07T00:00:09Z,2017-03-07T23:59:54Z,5760,5760,0,14.999925,15.000162125,14.999990603,0.004395693,0,0,0,0,0.0,3.196215,17.843288,1.665945e-12,0.0002130811,0.001189553,False,0.001264,False
2017-03-08,RS01SLBS-MJ01A-06-PRESTA101,1,True,2017-03-08T00:00:09Z,2017-03-08T23:59:54Z,5760,5760,0,14.999925,15.000154018,14.999990136,-0.000637339,0,0,0,0,0.0,3.764551,19.730362,2.226205e-12,0.0002509702,0.001315358,False,0.001272,False
2017-03-09,RS01SLBS-MJ01A-06-PRESTA101,1,True,2017-03-09T00:00:09Z,2017-03-09T23:59:53Z,5760,5760,0,14.999925,15.000163078,14.999990538,0.000959137,0,0,0,0,0.0,3.014345,16.510091,1.408136e-12,0.0002009564,0.001100673,False,0.001232,False
2017-03-10,RS01SLBS-MJ01A-06-PRESTA101,1,True,2017-03-10T00:00:08Z,2017-03-10T23:59:53Z,5760,5760,0,14.999925,15.000153065,14.999990773,0.004344623,0,0,0,0,0.0,3.466136,19.223072,1.69207e-12,0.0002310758,0.001281539,False,0.001263,False
2017-03-11,RS01SLBS-MJ01A-06-PRESTA101,1,True,2017-03-11T00:00:08Z,2017-03-11T23:59:53Z,5760,5760,0,14.999925,15.000163078,14.99999112,-0.001789737,0,0,0,0,0.0,3.233888,17.972706,2.203935e-12,0.0002155926,0.001198181,False,0.001368,False
2017-03-12,RS01SLBS-MJ01A-06-PRESTA101,1,True,2017-03-12T00:00:08Z,2017-03-12T23:59:53Z,5760,5760,0,14.999925,15.000141144,14.999990516,0.002209336,0,0,0,0,0.0,3.209653,18.007089,2.092705e-12,0.000213977,0.001200473,False,0.001286,False
2017-03-13,RS01SLBS-MJ01A-06-PRESTA101,1,True,2017-03-13T00:00:08Z,2017-03-13T23:59:53Z,5760,5760,0,14.999925,15.000158787,14.999990448,0.00224236,0,0,0,0,0.0,3.102739,16.855458,1.496824e-12,0.0002068494,0.001123698,False,0.001424,False
2017-03-14,RS01SLBS-MJ01A-06-PRESTA101,1,True,2017-03-14T00:00:08Z,2017-03-14T23:59:53Z,5760,5760,0,14.999925,15.000180244,14.999990736,0.001511094,0,0,0,0,0.0,3.16257,18.12295,2.700303e-12,0.0002108381,0.001208197,False,0.001266,False
2017-03-15,RS01SLBS-MJ01A-06-PRESTA101,1,True,2017-03-15T00:00:08Z,2017-03-15T23:59:53Z,5760,5760,0,14.999925,15.000139713,14.999991345,0.00203609,0,0,0,0,0.0,3.316678,17.360639,1.69673e-12,0.000221112,0.001157377,False,0.001235,False
2017-03-16,RS01SLBS-MJ01A-06-PRESTA101,1,True,2017-03-16T00:00:08Z,2017-03-16T23:59:53Z,5760,5760,0,14.999925,15.000167847,14.999990913,0.002538247,0,0,0,0,0.0,3.304125,17.704259,3.011288e-12,0.0002202752,0.001180285,False,0.001242,False
2017-03-17,RS01SLBS-MJ01A-06-PRESTA101,1,True,2017-03-17T00:00:08Z,2017-03-17T23:59:53Z,5760,5760,0,14.999925,15.000145912,14.999990736,-0.011918272,0,0,0,0,0.0,3.150839,21.534289,2.216818e-12,0.000210056,0.00143562,False,0.001274,False
2017-03-18,RS01SLBS-MJ01A-06-PRESTA101,1,True,2017-03-18T00:00:08Z,2017-03-18T23:59:53Z,5756,5760,4,14.999925,15.000165939,14.999990453,0.007147111,1,4,1,4,-0.0,4.094266,20.521802,-1.004493e-12,0.0002729513,0.001368121,False,0.001292,True
2017-03-19,RS01SLBS-MJ01A-06-PRESTA101,1,True,2017-03-19T00:00:08Z,2017-03-19T23:59:53Z,5760,5760,0,14.999925,15.000156879,14.999991196,-0.00217973,0,0,0,0,0.0,4.150232,19.848164,1.612214e-12,0.0002766823,0.001323212,False,0.001158,False
2017-03-20,RS01SLBS-MJ01A-06-PRESTA101,1,True,2017-03-20T00:00:08Z,2017-03-20T23:59:53Z,5760,5760,0,14.999925,15.000151157,14.99999115,-0.001342763,0,0,0,0,0.0,3.150641,20.191996,2.722605e-12,0.0002100428,0.001346134,False,0.001568,False
2017-03-21,RS01SLBS-MJ01A-06-PRESTA101,1,True,2017-03-21T00:00:08Z,2017-03-21T23:59:53Z,5760,5760,0,14.999925,15.000155926,14.999990892,7.8412e-05,0,0,0,0,0.0,3.096477,17.526539,1.82489e-12,0.0002064319,0.001168437,False,0.001278,False
2017-03-22,RS01SLBS-MJ01A-06-PRESTA101,1,True,2017-03-22T00:00:08Z,2017-03-22T23:59:53Z,5760,5760,0,14.999925,15.000167847,14.999991212,-0.001625674,0,0,0,0,0.0,3.097654,18.509859,2.676807e-12,0.0002065104,0.001233991,False,0.001411,False
2017-03-23,RS01SLBS-MJ01A-06-PRESTA101,1,True,2017-03-23T00:00:08Z,2017-03-23T23:59:53Z,5760,5760,0,14.999925,15.000168324,14.999991267,0.00485984,0,0,0,0,0.0,3.172369,17.914295,1.155103e-12,0.0002114914,0.001194287,False,0.001353,False
2017-03-24,RS01SLBS-MJ01A-06-PRESTA101,1,True,2017-03-24T00:00:08Z,2017-03-24T23:59:53Z,5760,5760,0,14.999925,15.000170708,14.999990742,-0.002602788,0,0,0,0,0.0,3.039524,16.66186,2.422492e-12,0.0002026351,0.001110791,False,0.001265,False
2017-03-25,RS01SLBS-MJ01A-06-PRESTA101,1,True,2017-03-25T00:00:08Z,2017-03-25T23:59:53Z,5760,5760,0,14.999925,15.000173092,14.999990957,0.003082406,0,0,0,0,0.0,3.02956,18.839423,1.275284e-12,0.0002019708,0.001255962,False,0.00133,False
2017-03-26,RS01SLBS-MJ01A-06-PRESTA101,1,True,2017-03-26T00:00:08Z,2017-03-26T23:59:53Z,5760,5760,0,14.999925,15.000160694,14.999990875,0.00092017,0,0,0,0,0.0,3.173059,19.084025,2.02753e-12,0.0002115374,0.001272269,False,0.001264,False
2017-03-27,RS01SLBS-MJ01A-06-PRESTA101,1,True,2017-03-27T00:00:08Z,2017-03-27T23:59:53Z,5760,5760,0,14.999925,15.00014782,14.999990898,-0.004828405,0,0,0,0,0.0,3.454475,17.881249,1.170754e-12,0.0002302985,0.001192084,False,0.001333,False
2017-03-28,RS01SLBS-MJ01A-06-PRESTA101,1,True,2017-03-28T00:00:08Z,2017-03-28T23:59:52Z,5760,5760,0,14.999925,15.000167847,14.999991491,0.002389123,0,0,0,0,0.0,13.658136,1001.175288,2.515667e-12,0.0009105429,0.06674506,False,0.066674,False
2017-03-29,RS01SLBS-MJ01A-06-PRESTA101,1,True,2017-03-29T00:00:07Z,2017-03-29T23:59:52Z,5760,5760,0,14.999925,15.000160694,14.999991289,0.000524975,0,0,0,0,0.0,3.207601,20.863623,1.623754e-12,0.0002138402,0.001390909,False,0.001275,False
2017-03-30,RS01SLBS-MJ01A-06-PRESTA101,1,True,2017-03-30T00:00:07Z,2017-03-30T23:59:52Z,5760,5760,0,14.999925,15.000178814,14.99999184,0.000392511,0,0,0,0,0.0,3.226233,17.751587,2.219153e-12,0.0002150823,0.00118344,False,0.001199,False
2017-03-31,RS01SLBS-MJ01A-06-PRESTA101,1,True,2017-03-31T00:00:07Z,2017-03-31T23:59:52Z,5760,5760,0,14.999925,15.000160217,14.999990344,0.00100343,0,0,0,0,0.0,3.399544,19.083554,2.895257e-12,0.0002266364,0.001272238,False,0.001511,False
2017-04-01,RS01SLBS-MJ01A-06-PRESTA101,1,True,2017-04-01T00:00:07Z,2017-04-01T23:59:52Z,5760,5760,0,14.999925,15.000151634,14.999990743,-0.000988098,0,0,0,0,0.0,3.217629,18.196339,1.491383e-12,0.0002145087,0.00121309,False,0.001491,False
2017-04-02,RS01SLBS-MJ01A-06-PRESTA101,1,True,2017-04-02T00:00:07Z,2017-04-02T23:59:52Z,5760,5760,0,14.999925,15.000156879,14.999990747,0.001716903,0,0,0,0,0.0,3.40626,17.415744,2.475372e-12,0.0002270841,0.00116105,False,0.001271,False
2017-04-03,RS01SLBS-MJ01A-06-PRESTA101,1,True,2017-04-03T00:00:07Z,2017-04-03T23:59:52Z,5760,5760,0,14.999925,15.000161171,14.999991883,-0.000998721,0,0,0,0,0.0,3.067921,17.606974,8.746122e-13,0.0002045282,0.001173799,False,0.001268,False
2017-04-04,RS01SLBS-MJ01A-06-PRESTA101,1,True,2017-04-04T00:00:07Z,2017-04-04T23:59:52Z,5760,5760,0,14.999925,15.000170708,14.999991042,-0.002191962,0,0,0,0,0.0,3.226595,17.740764,1.415171e-12,0.0002151065,0.001182718,False,0.001425,False
2017-04-05,RS01SLBS-MJ01A-06-PRESTA101,1,True,2017-04-05T00:00:07Z,2017-04-05T23:59:52Z,5760,5760,0,14.999925,15.000163078,14.999990858,-1.1633e-05,0,0,0,0,0.0,3.059912,16.680724,3.234933e-12,0.0002039942,0.001112049,False,0.001272,False
2017-04-06,RS01SLBS-MJ01A-06-PRESTA101,1,True,2017-04-06T00:00:07Z,2017-04-06T23:59:52Z,5760,5760,0,14.999925,15.000181198,14.999991137,0.003593742,0,0,0,0,0.0,3.221637,17.339844,2.15353e-12,0.0002147759,0.00115599,False,0.001279,False
2017-04-07,RS01SLBS-MJ01A-06-PRESTA101,1,True,2017-04-07T00:00:07Z,2017-04-07T23:59:52Z,5760,5760,0,14.999925,15.000164986,14.999991032,0.001995803,0,0,0,0,0.0,3.131985,19.674334,2.673391e-12,0.0002087991,0.001311623,False,0.001531,False
2017-04-08,RS01SLBS-MJ01A-06-PRESTA101,1,True,2017-04-08T00:00:07Z,2017-04-08T23:59:52Z,5760,5760,0,14.999925,15.000154972,14.999990729,-0.000768068,0,0,0,0,0.0,3.044521,17.240429,2.374462e-12,0.0002029682,0.001149363,False,0.001252,False
2017-04-09,RS01SLBS-MJ01A-06-PRESTA101,1,True,2017-04-09T00:00:07Z,2017-04-09T23:59:52Z,5760,5760,0,14.999925,15.000145912,14.999990964,0.003175086,0,0,0,0,0.0,3.406463,19.699359,2.242796e-12,0.0002270977,0.001313291,False,0.001266,False
2017-04-10,RS01SLBS-MJ01A-06-PRESTA101,1,True,2017-04-10T00:00:07Z,2017-04-10T23:59:52Z,5760,5760,0,14.999925,15.000159264,14.999990714,-0.000735051,0,0,0,0,0.0,3.149207,19.743108,2.025447e-12,0.0002099473,0.001316208,False,0.001569,False
2017-04-11,RS01SLBS-MJ01A-06-PRESTA101,1,True,2017-04-11T00:00:07Z,2017-04-11T23:59:52Z,5760,5760,0,14.999925,15.000174046,14.999991112,0.000617643,0,0,0,0,0.0,3.274839,17.306312,2.505795e-12,0.0002183227,0.001153755,False,0.001298,False
2017-04-12,RS01SLBS-MJ01A-06-PRESTA101,1,True,2017-04-12T00:00:07Z,2017-04-12T23:59:52Z,5760,5760,0,14.999925,15.000160217,14.999991312,-0.003360603,0,0,0,0,0.0,3.718499,19.725303,2.891052e-12,0.0002479001,0.001315021,False,0.001285,False
2017-04-13,RS01SLBS-MJ01A-06-PRESTA101,1,True,2017-04-13T00:00:07Z,2017-04-13T23:59:52Z,5760,5760,0,14.999925,15.000169277,14.9999916,-0.001149982,0,0,0,0,0.0,3.745723,19.194037,9.714529e-13,0.000249715,0.001279603,False,0.001327,False
2017-04-14,RS01SLBS-MJ01A-06-PRESTA101,1,True,2017-04-14T00:00:07Z,2017-04-14T23:59:52Z,5760,5760,0,14.999925,15.000150681,14.999990991,-0.001270072,0,0,0,0,-0.0,5.037429,21.834205,-2.44016e-13,0.0003358288,0.001455615,False,0.001271,False
2017-04-15,RS01SLBS-MJ01A-06-PRESTA101,1,True,2017-04-15T00:00:07Z,2017-04-15T23:59:52Z,5760,5760,0,14.999925,15.000171185,14.999990758,0.006987149,0,0,0,0,0.0,4.035288,20.358869,4.350289e-13,0.0002690194,0.001357259,False,0.001264,False
2017-04-16,RS01SLBS-MJ01A-06-PRESTA101,1,True,2017-04-16T00:00:07Z,2017-04-16T23:59:51Z,5760,5760,0,14.999925,15.000162125,14.999991094,0.003543035,0,0,0,0,0.0,3.220564,19.436447,2.445236e-12,0.0002147044,0.001295764,False,0.001415,False
2017-04-17,RS01SLBS-MJ01A-06-PRESTA101,1,True,2017-04-17T00:00:06Z,2017-04-17T23:59:51Z,5760,5760,0,14.999925,15.000168324,14.999991058,-0.001628891,0,0,0,0,0.0,3.606176,18.573305,3.394544e-12,0.0002404119,0.001238221,False,0.001271,False
2017-04-18,RS01SLBS-MJ01A-06-PRESTA101,1,True,2017-04-18T00:00:06Z,2017-04-18T23:59:51Z,5760,5760,0,14.999925,15.000154972,14.999990468,0.011523903,0,0,0,0,0.0,3.229563,19.333181,1.058856e-12,0.0002153043,0.00128888,False,0.001838,False
2017-04-19,RS01SLBS-MJ01A-06-PRESTA101,1,True,2017-04-19T00:00:06Z,2017-04-19T23:59:51Z,5760,5760,0,14.999925,15.000155926,14.999990939,0.00115584,0,0,0,0,0.0,3.161141,23.539851,1.942892e-12,0.0002107429,0.001569324,False,0.001562,False
2017-04-20,RS01SLBS-MJ01A-06-PRESTA101,1,True,2017-04-20T00:00:06Z,2017-04-20T23:59:51Z,5760,5760,0,14.999925,15.000146866,14.999990501,-0.001952871,0,0,0,0,0.0,3.080532,16.903094,1.496644e-12,0.0002053689,0.001126874,False,0.00125,False
2017-04-21,RS01SLBS-MJ01A-06-PRESTA101,1,True,2017-04-21T00:00:06Z,2017-04-21T23:59:51Z,5760,5760,0,14.999925,15.000154018,14.999991426,0.003860828,0,0,0,0,0.0,3.250028,18.216769,2.047067e-12,0.0002166686,0.001214452,False,0.001261,False
2017-04-22,RS01SLBS-MJ01A-06-PRESTA101,1,True,2017-04-22T00:00:06Z,2017-04-22T23:59:51Z,5760,5760,0,14.999925,15.000167847,14.999991495,-0.001406084,0,0,0,0,0.0,4.246097,20.363083,2.26554e-12,0.0002830733,0.00135754,False,0.001288,False
2017-04-23,RS01SLBS-MJ01A-06-PRESTA101,1,True,2017-04-23T00:00:06Z,2017-04-23T23:59:51Z,5760,5760,0,14.999925,15.000178337,14.999991334,8.4927e-05,0,0,0,0,0.0,3.681455,19.286356,7.36885e-13,0.0002454304,0.001285758,False,0.00127,False
2017-04-24,RS01SLBS-MJ01A-06-PRESTA101,1,True,2017-04-24T00:00:06Z,2017-04-24T23:59:51Z,5760,5760,0,14.999925,15.000155926,14.999990764,-0.003908824,0,0,0,0,0.0,3.093479,17.727523,1.114547e-12,0.0002062321,0.001181836,False,0.001277,False
2017-04-25,RS01SLBS-MJ01A-06-PRESTA101,1,True,2017-04-25T00:00:06Z,2017-04-25T23:59:51Z,5760,5760,0,14.999925,15.000154972,14.999991238,0.000524426,0,0,0,0,0.0,3.044886,18.611967,2.456986e-12,0.0002029925,0.001240799,False,0.00128,False
2017-04-26,RS01SLBS-MJ01A-06-PRESTA101,1,True,2017-04-26T00:00:06Z,2017-04-26T23:59:51Z,5760,5760,0,14.999925,15.000135899,14.999991167,-0.003171802,0,0,0,0,0.0,3.282772,17.605334,2.58545e-12,0.0002188516,0.00117369,False,0.001274,False
2017-04-27,RS01SLBS-MJ01A-06-PRESTA101,1,True,2017-04-27T00:00:06Z,2017-04-27T23:59:51Z,5760,5760,0,14.999925,15.000174999,14.999991262,-0.001102258,0,0,0,0,0.0,3.478869,19.968902,1.906048e-12,0.0002319247,0.001331261,False,0.001463,False
2017-04-28,RS01SLBS-MJ01A-06-PRESTA101,1,True,2017-04-28T00:00:06Z,2017-04-28T23:59:51Z,5760,5760,0,14.999925,15.000162601,14.999991148,0.002743308,0,0,0,0,0.0,3.060526,17.776381,1.11018e-12,0.0002040352,0.001185093,False,0.001209,False
2017-04-29,RS01SLBS-MJ01A-06-PRESTA101,1,True,2017-04-29T00:00:06Z,2017-04-29T23:59:51Z,5760,5760,0,14.999925,15.000172138,14.999990877,0.002305763,0,0,0,0,0.0,4.541511,21.421819,2.450146e-12,0.0003027676,0.001428122,False,0.001579,False
2017-04-30,RS01SLBS-MJ01A-06-PRESTA101,1,True,2017-04-30T00:00:06Z,2017-04-30T23:59:51Z,5760,5760,0,14.999925,15.000143051,14.999992866,0.00226811,0,0,0,0,0.0,4.989143,26.453805,2.16636e-12,0.0003326097,0.001763588,False,0.001197,False
2017-05-01,RS01SLBS-MJ01A-06-PRESTA101,1,True,2017-05-01T00:00:06Z,2017-05-01T23:59:51Z,5760,5760,0,14.999925,15.000150204,14.999992149,-0.005124494,0,0,0,0,0.0,4.08308,20.958884,1.608177e-12,0.0002722055,0.00139726,False,0.001255,False
2017-05-02,RS01SLBS-MJ01A-06-PRESTA101,1,True,2017-05-02T00:00:06Z,2017-05-02T23:59:51Z,5760,5760,0,14.999925,15.000158787,14.999990728,-0.001667228,0,0,0,0,0.0,3.200309,20.849336,2.464869e-12,0.0002133541,0.001389957,False,0.001514,False
2017-05-03,RS01SLBS-MJ01A-06-PRESTA101,1,True,2017-05-03T00:00:06Z,2017-05-03T23:59:51Z,5760,5760,0,14.999925,15.000151157,14.999990881,-0.00344353,0,0,0,0,0.0,3.613381,21.98889,2.05309e-12,0.0002408922,0.001465927,False,0.001317,False
2017-05-04,RS01SLBS-MJ01A-06-PRESTA101,1,True,2017-05-04T00:00:06Z,2017-05-04T23:59:51Z,5760,5760,0,14.999925,15.000159264,14.999990543,0.002609329,0,0,0,0,0.0,3.398611,17.991532,2.934967e-12,0.0002265742,0.001199436,False,0.001253,False
2017-05-05,RS01SLBS-MJ01A-06-PRESTA101,1,True,2017-05-05T00:00:06Z,2017-05-05T23:59:51Z,5760,5760,0,14.999925,15.000152111,14.999991275,0.003942405,0,0,0,0,0.0,2.961208,16.604477,2.81709e-12,0.000197414,0.001106966,False,0.001187,False
2017-05-06,RS01SLBS-MJ01A-06-PRESTA101,1,True,2017-05-06T00:00:06Z,2017-05-06T23:59:50Z,5760,5760,0,14.999925,15.000156879,14.999991207,-0.002121204,0,0,0,0,0.0,13.641747,1001.035386,2.918257e-12,0.0009094503,0.06673573,False,0.066875,False
2017-05-07,RS01SLBS-MJ01A-06-PRESTA101,1,True,2017-05-07T00:00:05Z,2017-05-07T23:59:50Z,5760,5760,0,14.999925,15.00014019,14.999990484,0.006981251,0,0,0,0,0.0,5.137597,21.541682,3.608148e-12,0.0003425067,0.001436113,False,0.001268,False
2017-05-08,RS01SLBS-MJ01A-06-PRESTA101,1,True,2017-05-08T00:00:05Z,2017-05-08T23:59:50Z,5760,5760,0,14.999925,15.000161171,14.999990375,-0.003804022,0,0,0,0,0.0,4.07419,23.412874,1.996023e-12,0.0002716129,0.001560859,False,0.001683,False
2017-05-09,RS01SLBS-MJ01A-06-PRESTA101,1,True,2017-05-09T00:00:05Z,2017-05-09T23:59:50Z,5760,5760,0,14.999925,15.000161171,14.999991299,0.000311609,0,0,0,0,0.0,3.619699,18.050323,3.067768e-12,0.0002413134,0.001203356,False,0.001279,False
2017-05-10,RS01SLBS-MJ01A-06-PRESTA101,1,True,2017-05-10T00:00:05Z,2017-05-10T23:59:50Z,5760,5760,0,14.999925,15.000150204,14.999991125,-0.003550664,0,0,0,0,0.0,3.763308,19.081638,1.80937e-12,0.0002508873,0.00127211,False,0.001257,False
2017-05-11,RS01SLBS-MJ01A-06-PRESTA101,1,True,2017-05-11T00:00:05Z,2017-05-11T23:59:50Z,5760,5760,0,14.999925,15.000155926,14.999990451,-0.00165343,0,0,0,0,0.0,3.444454,22.02208,1.051101e-12,0.0002296304,0.00146814,False,0.001554,False
2017-05-12,RS01SLBS-MJ01A-06-PRESTA101,1,True,2017-05-12T00:00:05Z,2017-05-12T23:59:50Z,5760,5760,0,14.999925,15.000139713,14.999990974,-0.003254663,0,0,0,0,0.0,3.105129,20.51239,3.59909e-12,0.0002070087,0.001367493,False,0.001313,False
2017-05-13,RS01SLBS-MJ01A-06-PRESTA101,1,True,2017-05-13T00:00:05Z,2017-05-13T23:59:50Z,5760,5760,0,14.999925,15.000170708,14.999991828,0.000517367,0,0,0,0,0.0,3.085804,17.363168,1.186147e-12,0.0002057204,0.001157545,False,0.00136,False
2017-05-14,RS01SLBS-MJ01A-06-PRESTA101,1,True,2017-05-14T00:00:05Z,2017-05-14T23:59:50Z,5760,5760,0,14.999925,15.000152111,14.999990826,0.001857402,0,0,0,0,0.0,3.23858,17.538571,2.393789e-12,0.0002159055,0.001169239,False,0.00128,False
2017-05-15,RS01SLBS-MJ01A-06-PRESTA101,1,True,2017-05-15T00:00:05Z,2017-05-15T23:59:50Z,5760,5760,0,14.999925,15.00015974,14.999991089,0.002168942,0,0,0,0,0.0,3.281555,17.980496,1.717825e-12,0.0002187705,0.0011987,False,0.00126,False
2017-05-16,RS01SLBS-MJ01A-06-PRESTA101,1,True,2017-05-16T00:00:05Z,2017-05-16T23:59:50Z,5760,5760,0,14.999925,15.00014782,14.999990652,0.002281965,0,0,0,0,0.0,3.730176,18.245534,2.981368e-12,0.0002486786,0.00121637,False,0.001261,False
2017-05-17,RS01SLBS-MJ01A-06-PRESTA101,1,True,2017-05-17T00:00:05Z,2017-05-17T23:59:50Z,5760,5760,0,14.999925,15.00014019,14.999991028,-0.003024567,0,0,0,0,0.0,3.10105,18.303441,3.253755e-12,0.0002067368,0.00122023,False,0.001277,False
2017-05-18,RS01SLBS-MJ01A-06-PRESTA101,1,True,2017-05-18T00:00:05Z,2017-05-18T23:59:50Z,5760,5760,0,14.999925,15.000159264,14.999990853,-0.000883629,0,0,0,0,0.0,2.997943,19.695891,1.936728e-12,0.000199863,0.00131306,False,0.001399,False
2017-05-19,RS01SLBS-MJ01A-06-PRESTA101,1,True,2017-05-19T00:00:05Z,2017-05-19T23:59:50Z,5756,5760,4,14.999925,15.000140667,14.999990883,0.003132474,2,4,2,4,0.0,3.036622,16.662239,1.556163e-12,0.0002024416,0.001110817,False,0.001278,True
2017-05-20,RS01SLBS-MJ01A-06-PRESTA101,1,True,2017-05-20T00:00:05Z,2017-05-20T23:59:50Z,5752,5760,8,14.999925,15.000185013,14.999990829,-0.000293827,4,8,4,8,-0.0,3.03781,19.831046,-1.675048e-13,0.0002025208,0.001322071,False,0.00127,True
2017-05-21,RS01SLBS-MJ01A-06-PRESTA101,1,True,2017-05-21T00:00:05Z,2017-05-21T23:59:50Z,5760,5760,0,14.999925,15.000139236,14.999990617,-0.001032082,0,0,0,0,0.0,3.485762,17.813346,1.51787e-12,0.0002323843,0.001187557,False,0.001276,False
2017-05-22,RS01SLBS-MJ01A-06-PRESTA101,1,True,2017-05-22T00:00:05Z,2017-05-22T23:59:50Z,5760,5760,0,14.999925,15.000156879,14.999990842,0.000672325,0,0,0,0,0.0,3.208523,17.802921,1.551475e-12,0.0002139017,0.001186862,False,0.001245,False
2017-05-23,RS01SLBS-MJ01A-06-PRESTA101,1,True,2017-05-23T00:00:05Z,2017-05-23T23:59:50Z,5760,5760,0,14.999925,15.000135899,14.999990498,-0.001798193,0,0,0,0,0.0,3.116093,22.47111,9.237145e-13,0.0002077396,0.001498075,False,0.001441,False
2017-05-24,RS01SLBS-MJ01A-06-PRESTA101,1,True,2017-05-24T00:00:05Z,2017-05-24T23:59:50Z,5760,5760,0,14.999925,15.000152111,14.999990534,0.005077602,0,0,0,0,0.0,3.08742,17.315113,2.497554e-12,0.0002058281,0.001154342,False,0.001275,False
2017-05-25,RS01SLBS-MJ01A-06-PRESTA101,1,True,2017-05-25T00:00:05Z,2017-05-25T23:59:49Z,5760,5760,0,14.999925,15.000156879,14.999990736,-0.000699874,0,0,0,0,0.0,13.709832,997.699797,3.256218e-12,0.0009139893,0.06651336,False,0.066787,False
2017-05-26,RS01SLBS-MJ01A-06-PRESTA101,1,True,2017-05-26T00:00:04Z,2017-05-26T23:59:49Z,5694,5760,66,14.999925,15.000154018,14.999990826,-0.002582102,1,66,1,66,0.0,3.325741,19.669175,3.034374e-12,0.0002217162,0.001311279,False,0.00127,True
2017-05-27,RS01SLBS-MJ01A-06-PRESTA101,1,True,2017-05-27T00:00:04Z,2017-05-27T23:59:49Z,5760,5760,0,14.999925,15.000154018,14.999990944,-0.001316032,0,0,0,0,0.0,3.052952,21.014157,3.18421e-12,0.0002035303,0.001400945,False,0.001593,False
2017-05-28,RS01SLBS-MJ01A-06-PRESTA101,1,True,2017-05-28T00:00:04Z,2017-05-28T23:59:49Z,5760,5760,0,14.999925,15.000136852,14.999991001,0.00042707,0,0,0,0,0.0,3.114249,16.877288,1.932155e-12,0.0002076167,0.001125153,False,0.001283,False
2017-05-29,RS01SLBS-MJ01A-06-PRESTA101,1,True,2017-05-29T00:00:04Z,2017-05-29T23:59:49Z,5760,5760,0,14.999925,15.000141621,14.999991168,-0.002486667,0,0,0,0,0.0,3.833575,22.087499,9.608347e-13,0.0002555718,0.001472501,False,0.001227,False
2017-05-30,RS01SLBS-MJ01A-06-PRESTA101,1,True,2017-05-30T00:00:04Z,2017-05-30T23:59:49Z,5760,5760,0,14.999925,15.000156403,14.999990923,-0.003902014,0,0,0,0,0.0,3.191643,17.76818,2.822163e-13,0.0002127763,0.001184546,False,0.001207,False
2017-05-31,RS01SLBS-MJ01A-06-PRESTA101,1,True,2017-05-31T00:00:04Z,2017-05-31T23:59:49Z,5760,5760,0,14.999925,15.000155926,14.999990979,-0.002548102,0,0,0,0,0.0,3.108653,17.569791,5.807573e-13,0.0002072437,0.00117132,False,0.001285,False
2017-06-01,RS01SLBS-MJ01A-06-PRESTA101,1,True,2017-06-01T00:00:04Z,2017-06-01T23:59:49Z,5760,5760,0,14.999925,15.000164986,14.999990058,0.00264832,0,0,0,0,0.0,3.203775,18.199894,3.250883e-12,0.0002135851,0.001213327,False,0.001367,False
2017-06-02,RS01SLBS-MJ01A-06-PRESTA101,1,True,2017-06-02T00:00:04Z,2017-06-02T23:59:49Z,5751,5760,9,14.999925,15.000151873,14.999990412,0.002436159,1,9,1,9,0.0,3.32753,21.990692,9.113371e-13,0.0002218355,0.001466047,False,0.001395,True
2017-06-03,RS01SLBS-MJ01A-06-PRESTA101,1,True,2017-06-03T00:00:04Z,2017-06-03T23:59:49Z,5760,5760,0,14.999925,15.00016737,14.999991354,0.004316417,0,0,0,0,0.0,3.624202,19.198078,3.639692e-12,0.0002416136,0.001279873,False,0.001255,False
2017-06-04,RS01SLBS-MJ01A-06-PRESTA101,1,True,2017-06-04T00:00:04Z,2017-06-04T23:59:49Z,5760,5760,0,14.999925,15.00014782,14.999990575,0.000334381,0,0,0,0,0.0,3.277228,18.388548,1.620002e-12,0.000218482,0.001225904,False,0.001242,False
2017-06-05,RS01SLBS-MJ01A-06-PRESTA101,1,True,2017-06-05T00:00:04Z,2017-06-05T23:59:49Z,5760,5760,0,14.999925,15.000142097,14.999991521,-0.002226712,0,0,0,0,0.0,3.317015,18.655196,1.781289e-12,0.0002211345,0.00124368,False,0.001507,False
2017-06-06,RS01SLBS-MJ01A-06-PRESTA101,1,True,2017-06-06T00:00:04Z,2017-06-06T23:59:49Z,5760,5760,0,14.999925,15.000157833,14.999991416,0.001682758,0,0,0,0,0.0,3.421332,18.354902,1.666358e-12,0.0002280889,0.001223661,False,0.001264,False
2017-06-07,RS01SLBS-MJ01A-06-PRESTA101,1,True,2017-06-07T00:00:04Z,2017-06-07T23:59:49Z,5760,5760,0,14.999925,15.00014925,14.999990991,-0.001543844,0,0,0,0,0.0,3.663383,22.202114,2.245647e-12,0.0002442257,0.001480142,False,0.001342,False
2017-06-08,RS01SLBS-MJ01A-06-PRESTA101,1,True,2017-06-08T00:00:04Z,2017-06-08T23:59:49Z,5760,5760,0,14.999925,15.000174999,14.999990523,-0.001407667,0,0,0,0,0.0,3.199204,19.270528,3.080183e-12,0.0002132804,0.001284703,False,0.001553,False
2017-06-09,RS01SLBS-MJ01A-06-PRESTA101,1,True,2017-06-09T00:00:04Z,2017-06-09T23:59:49Z,5760,5760,0,14.999925,15.000156879,14.999990796,0.000365492,0,0,0,0,0.0,3.461644,18.274232,2.874454e-12,0.0002307764,0.001218283,False,0.001259,False
2017-06-10,RS01SLBS-MJ01A-06-PRESTA101,1,True,2017-06-10T00:00:04Z,2017-06-10T23:59:49Z,5760,5760,0,14.999925,15.000156879,14.999990486,0.005316881,0,0,0,0,0.0,3.748772,21.013799,1.309315e-12,0.0002499183,0.001400921,False,0.001266,False
2017-06-11,RS01SLBS-MJ01A-06-PRESTA101,1,True,2017-06-11T00:00:04Z,2017-06-11T23:59:49Z,5760,5760,0,14.999925,15.000150204,14.999991219,0.003839914,0,0,0,0,0.0,3.376756,19.543082,1.629503e-12,0.0002251172,0.001302873,False,0.001313,False
2017-06-12,RS01SLBS-MJ01A-06-PRESTA101,1,True,2017-06-12T00:00:04Z,2017-06-12T23:59:49Z,5760,5760,0,14.999925,15.000144958,14.999991451,-0.001865684,0,0,0,0,0.0,3.300408,17.711193,1.898738e-12,0.0002200273,0.001180747,False,0.001278,False
2017-06-13,RS01SLBS-MJ01A-06-PRESTA101,1,True,2017-06-13T00:00:04Z,2017-06-13T23:59:48Z,5760,5760,0,14.999925,15.000154972,14.999991369,-0.003696566,0,0,0,0,0.0,13.586347,997.879905,2.912834e-12,0.000905757,0.06652537,False,0.066687,False
2017-06-14,RS01SLBS-MJ01A-06-PRESTA101,1,True,2017-06-14T00:00:03Z,2017-06-14T23:59:48Z,5760,5760,0,14.999925,15.000169754,14.999990705,-0.007851651,0,0,0,0,0.0,3.185396,18.040575,1.887555e-12,0.0002123599,0.001202706,False,0.001278,False
2017-06-15,RS01SLBS-MJ01A-06-PRESTA101,1,True,2017-06-15T00:00:03Z,2017-06-15T23:59:48Z,5760,5760,0,14.999925,15.0001688,14.999990714,0.004530542,0,0,0,0,0.0,3.019233,16.90689,1.070013e-12,0.0002012823,0.001127127,False,0.001251,False
2017-06-16,RS01SLBS-MJ01A-06-PRESTA101,1,True,2017-06-16T00:00:03Z,2017-06-16T23:59:48Z,5760,5760,0,14.999925,15.000141144,14.999990763,0.005892841,0,0,0,0,0.0,3.432645,23.379944,2.64874e-12,0.0002288431,0.001558664,False,0.00155,False
2017-06-17,RS01SLBS-MJ01A-06-PRESTA101,1,True,2017-06-17T00:00:03Z,2017-06-17T23:59:48Z,5760,5760,0,14.999925,15.000150204,14.999990719,-0.001498368,0,0,0,0,0.0,3.819447,19.031671,2.262981e-12,0.0002546299,0.001268779,False,0.001539,False
2017-06-18,RS01SLBS-MJ01A-06-PRESTA101,1,True,2017-06-18T00:00:03Z,2017-06-18T23:59:48Z,5760,5760,0,14.999925,15.000151634,14.999990994,-0.001585101,0,0,0,0,0.0,3.346513,19.092049,2.071213e-12,0.000223101,0.001272804,False,0.001236,False
2017-06-19,RS01SLBS-MJ01A-06-PRESTA101,1,True,2017-06-19T00:00:03Z,2017-06-19T23:59:48Z,5760,5760,0,14.999925,15.00013876,14.999990922,0.002270209,0,0,0,0,0.0,3.426592,18.777446,2.198302e-12,0.0002284396,0.00125183,False,0.001278,False
2017-06-20,RS01SLBS-MJ01A-06-PRESTA101,1,True,2017-06-20T00:00:03Z,2017-06-20T23:59:48Z,5760,5760,0,14.999925,15.00017786,14.999991065,0.000200481,0,0,0,0,0.0,3.071486,18.43514,1.068966e-12,0.0002047659,0.00122901,False,0.001249,False
2017-06-21,RS01SLBS-MJ01A-06-PRESTA101,1,True,2017-06-21T00:00:03Z,2017-06-21T23:59:48Z,5760,5760,0,14.999925,15.00015831,14.999990841,0.001064335,0,0,0,0,0.0,3.687066,19.110639,2.619233e-12,0.0002458046,0.001274043,False,0.001254,False
2017-06-22,RS01SLBS-MJ01A-06-PRESTA101,1,True,2017-06-22T00:00:03Z,2017-06-22T23:59:48Z,5760,5760,0,14.999925,15.000169754,14.999991674,0.001258301,0,0,0,0,0.0,3.605057,18.929206,1.672396e-12,0.0002403372,0.001261948,False,0.001278,False
2017-06-23,RS01SLBS-MJ01A-06-PRESTA101,1,True,2017-06-23T00:00:03Z,2017-06-23T23:59:48Z,5760,5760,0,14.999925,15.000163078,14.999991006,-0.007017281,0,0,0,0,0.0,3.332968,20.140871,2.597418e-12,0.000222198,0.001342726,False,0.001462,False
2017-06-24,RS01SLBS-MJ01A-06-PRESTA101,1,True,2017-06-24T00:00:03Z,2017-06-24T23:59:48Z,5760,5760,0,14.999925,15.000162125,14.999990998,-0.00143894,0,0,0,0,0.0,3.220994,17.173197,2.099752e-12,0.0002147331,0.00114488,False,0.001259,False
2017-06-25,RS01SLBS-MJ01A-06-PRESTA101,1,True,2017-06-25T00:00:03Z,2017-06-25T23:59:48Z,5760,5760,0,14.999925,15.000142097,14.999990275,-0.000816039,0,0,0,0,0.0,3.361078,22.809036,1.733241e-12,0.000224072,0.001520603,False,0.001358,False
2017-06-26,RS01SLBS-MJ01A-06-PRESTA101,1,True,2017-06-26T00:00:03Z,2017-06-26T23:59:48Z,5760,5760,0,14.999925,15.000154972,14.999991228,-0.017064377,0,0,0,0,0.0,3.819344,23.646978,2.58085e-12,0.0002546231,0.001576466,False,0.001446,False
2017-06-27,RS01SLBS-MJ01A-06-PRESTA101,1,True,2017-06-27T00:00:03Z,2017-06-27T23:59:48Z,5760,5760,0,14.999925,15.000174999,14.999990805,0.000451965,0,0,0,0,0.0,3.31822,18.725896,2.663454e-12,0.0002212148,0.001248394,False,0.001279,False
2017-06-28,RS01SLBS-MJ01A-06-PRESTA101,1,True,2017-06-28T00:00:03Z,2017-06-28T23:59:48Z,5760,5760,0,14.999925,15.000155926,14.999990767,0.002244361,0,0,0,0,0.0,3.051896,20.349649,3.809747e-12,0.0002034599,0.001356644,False,0.001285,False
2017-06-29,RS01SLBS-MJ01A-06-PRESTA101,1,True,2017-06-29T00:00:03Z,2017-06-29T23:59:48Z,5760,5760,0,14.999925,15.000164032,14.999991347,-0.000143336,0,0,0,0,0.0,4.412916,20.78159,3.278095e-12,0.0002941946,0.00138544,False,0.001538,False
2017-06-30,RS01SLBS-MJ01A-06-PRESTA101,1,True,2017-06-30T00:00:03Z,2017-06-30T23:59:48Z,5760,5760,0,14.999925,15.00015974,14.999990582,-0.002211788,0,0,0,0,0.0,3.72633,19.099284,1.210495e-12,0.0002484221,0.001273286,False,0.001448,False
2017-07-01,RS01SLBS-MJ01A-06-PRESTA101,1,True,2017-07-01T00:00:03Z,2017-07-01T23:59:48Z,5760,5760,0,14.999925,15.000151157,14.999991056,-0.000966681,0,0,0,0,0.0,3.430193,19.297066,3.175365e-12,0.0002286796,0.001286472,False,0.001373,False
2017-07-02,RS01SLBS-MJ01A-06-PRESTA101,1,True,2017-07-02T00:00:03Z,2017-07-02T23:59:47Z,5760,5760,0,14.999925,15.000144005,14.999990633,-0.005009431,0,0,0,0,0.0,13.604229,1002.087119,1.721369e-12,0.0009069491,0.06680585,False,0.066839,False
2017-07-03,RS01SLBS-MJ01A-06-PRESTA101,1,True,2017-07-03T00:00:02Z,2017-07-03T23:59:47Z,5760,5760,0,14.999925,15.000166893,14.999990068,0.006978086,0,0,0,0,0.0,3.70929,18.735877,2.181273e-12,0.0002472861,0.001249059,False,0.001244,False
2017-07-04,RS01SLBS-MJ01A-06-PRESTA101,1,True,2017-07-04T00:00:02Z,2017-07-04T23:59:47Z,5760,5760,0,14.999925,15.000154018,14.999990859,-0.00314321,0,0,0,0,0.0,3.235333,18.7843,2.67988e-12,0.000215689,0.001252287,False,0.001263,False
2017-07-05,RS01SLBS-MJ01A-06-PRESTA101,1,True,2017-07-05T00:00:02Z,2017-07-05T23:59:47Z,5760,5760,0,14.999925,15.000143051,14.999990824,0.002262887,0,0,0,0,0.0,3.083339,16.276924,1.834127e-12,0.0002055561,0.001085129,False,0.001245,False
2017-07-06,RS01SLBS-MJ01A-06-PRESTA101,1,True,2017-07-06T00:00:02Z,2017-07-06T23:59:47Z,5760,5760,0,14.999925,15.000149727,14.999991294,-0.002080749,0,0,0,0,0.0,3.055645,21.361421,1.868485e-12,0.0002037098,0.001424096,False,0.001551,False
2017-07-07,RS01SLBS-MJ01A-06-PRESTA101,1,True,2017-07-07T00:00:02Z,2017-07-07T23:59:47Z,5751,5760,9,14.999925,15.000163078,14.999990583,-0.001637992,1,9,1,9,-0.0,3.897984,23.628605,-3.028767e-12,0.0002598658,0.001575241,False,0.001471,True
2017-07-08,RS01SLBS-MJ01A-06-PRESTA101,1,True,2017-07-08T00:00:02Z,2017-07-08T23:59:47Z,5760,5760,0,14.999925,15.000125408,14.999990914,-0.015159311,0,0,0,0,0.0,3.13927,16.810437,1.002101e-12,0.0002092848,0.001120696,False,0.001253,False
2017-07-09,RS01SLBS-MJ01A-06-PRESTA101,1,True,2017-07-09T00:00:02Z,2017-07-09T23:59:47Z,5760,5760,0,14.999925,15.000161171,14.999990723,0.000687963,0,0,0,0,0.0,3.314646,20.227527,2.071218e-12,0.0002209765,0.001348503,False,0.001387,False
2017-07-10,RS01SLBS-MJ01A-06-PRESTA101,1,True,2017-07-10T00:00:02Z,2017-07-10T23:59:47Z,5760,5760,0,14.999925,15.000154972,14.999991069,0.000300305,0,0,0,0,0.0,4.404316,21.36026,3.106206e-12,0.0002936212,0.001424018,False,0.001586,False
2017-07-11,RS01SLBS-MJ01A-06-PRESTA101,1,True,2017-07-11T00:00:02Z,2017-07-11T23:59:47Z,5760,5760,0,14.999925,15.000156403,14.999990839,0.001352627,0,0,0,0,0.0,3.259676,17.657015,1.571393e-12,0.0002173119,0.001177135,False,0.001282,False
2017-07-12,RS01SLBS-MJ01A-06-PRESTA101,1,True,2017-07-12T00:00:02Z,2017-07-12T23:59:47Z,5760,5760,0,14.999925,15.000144958,14.999990741,-0.001516226,0,0,0,0,0.0,3.059681,18.451807,1.846906e-12,0.0002039789,0.001230121,False,0.00128,False
2017-07-13,RS01SLBS-MJ01A-06-PRESTA101,1,True,2017-07-13T00:00:02Z,2017-07-13T23:59:47Z,5760,5760,0,14.999925,15.000164032,14.999990792,0.002651215,0,0,0,0,0.0,3.288555,19.151332,3.53221e-12,0.0002192372,0.001276756,False,0.001431,False
2017-07-14,RS01SLBS-MJ01A-06-PRESTA101,1,True,2017-07-14T00:00:02Z,2017-07-14T23:59:47Z,5760,5760,0,14.999925,15.000157833,14.999991273,-0.001110831,0,0,0,0,0.0,3.255509,17.050019,1.727127e-12,0.000217034,0.001136669,False,0.001265,False
2017-07-15,RS01SLBS-MJ01A-06-PRESTA101,1,True,2017-07-15T00:00:02Z,2017-07-15T23:59:47Z,5760,5760,0,14.999925,15.000148773,14.999990556,-0.001866855,0,0,0,0,0.0,3.237156,19.16407,1.376399e-12,0.0002158105,0.001277605,False,0.001325,False
2017-07-16,RS01SLBS-MJ01A-06-PRESTA101,1,True,2017-07-16T00:00:02Z,2017-07-16T23:59:47Z,5760,5760,0,14.999925,15.00014925,14.999991042,-0.001686002,0,0,0,0,0.0,3.351856,21.171234,2.015714e-12,0.0002234572,0.001411416,False,0.001293,False
2017-07-17,RS01SLBS-MJ01A-06-PRESTA101,1,True,2017-07-17T00:00:02Z,2017-07-17T23:59:47Z,5760,5760,0,14.999925,15.000154972,14.999990193,0.003205631,0,0,0,0,0.0,4.721694,19.860225,3.418746e-12,0.0003147798,0.001324016,False,0.001258,False
2017-07-18,RS01SLBS-MJ01A-06-PRESTA101,1,True,2017-07-18T00:00:02Z,2017-07-18T23:59:47Z,5760,5760,0,14.999925,15.000141144,14.999991301,-0.006109211,0,0,0,0,0.0,4.136462,20.13645,1.027322e-12,0.0002757643,0.001342431,False,0.001344,False
2017-07-19,RS01SLBS-MJ01A-06-PRESTA101,1,True,2017-07-19T00:00:02Z,2017-07-19T23:59:47Z,5760,5760,0,14.999925,15.000153065,14.999990919,-0.001835547,0,0,0,0,0.0,3.220939,20.467664,1.222181e-12,0.0002147294,0.001364512,False,0.00136,False
2017-07-20,RS01SLBS-MJ01A-06-PRESTA101,1,True,2017-07-20T00:00:02Z,2017-07-20T23:59:47Z,5760,5760,0,14.999925,15.000178337,14.999990929,0.003908929,0,0,0,0,0.0,3.353801,17.272492,3.008583e-12,0.0002235869,0.0011515,False,0.001244,False
2017-07-21,RS01SLBS-MJ01A-06-PRESTA101,1,True,2017-07-21T00:00:02Z,2017-07-21T23:59:46Z,5760,5760,0,14.999925,15.000146866,14.999990703,0.009499435,0,0,0,0,0.0,13.63973,996.373027,2.46325e-12,0.0009093159,0.06642491,False,0.067253,False
2017-07-22,RS01SLBS-MJ01A-06-PRESTA101,1,True,2017-07-22T00:00:01Z,2017-07-22T23:59:46Z,5760,5760,0,14.999925,15.000154972,14.999990929,0.00448604,0,0,0,0,0.0,3.654276,19.479,2.804363e-12,0.0002436186,0.001298601,False,0.001251,False
2017-07-23,RS01SLBS-MJ01A-06-PRESTA101,1,True,2017-07-23T00:00:01Z,2017-07-23T23:59:46Z,5760,5760,0,14.999925,15.000145912,14.999990775,0.000142053,0,0,0,0,0.0,3.050693,16.4929,1.944312e-12,0.0002033797,0.001099527,False,0.001244,False
2017-07-24,RS01SLBS-MJ01A-06-PRESTA101,1,True,2017-07-24T00:00:01Z,2017-07-24T23:59:46Z,5760,5760,0,14.999925,15.00015974,14.999991213,0.009378001,0,0,0,0,0.0,3.205628,17.544581,1.062761e-12,0.0002137087,0.001169639,False,0.001296,False
2017-07-25,RS01SLBS-MJ01A-06-PRESTA101,1,True,2017-07-25T00:00:01Z,2017-07-25T23:59:46Z,5760,5760,0,14.999925,15.000157833,14.999990705,0.001426548,0,0,0,0,0.0,3.190591,17.903496,2.343482e-12,0.0002127062,0.001193567,False,0.001312,False
2017-07-26,RS01SLBS-MJ01A-06-PRESTA101,1,True,2017-07-26T00:00:01Z,2017-07-26T23:59:46Z,5760,5760,0,14.999925,15.000142097,14.999990772,-0.000497431,0,0,0,0,0.0,2.928976,16.399121,1.760857e-12,0.0001952652,0.001093275,False,0.001293,False
2017-07-27,RS01SLBS-MJ01A-06-PRESTA101,1,True,2017-07-27T00:00:01Z,2017-07-27T23:59:46Z,5760,5760,0,14.999925,15.000166893,14.999991134,0.00356946,0,0,0,0,0.0,3.079702,20.924914,2.381616e-12,0.0002053136,0.001394995,False,0.001311,False
2017-07-28,RS01SLBS-MJ01A-06-PRESTA101,1,True,2017-07-28T00:00:01Z,2017-07-28T23:59:46Z,5757,5760,3,14.999925,15.000164509,14.999990567,-0.000984228,2,3,2,3,0.0,3.187503,21.927358,1.046636e-12,0.0002125003,0.001461825,False,0.001534,True
2017-07-29,RS01SLBS-MJ01A-06-PRESTA101,1,True,2017-07-29T00:00:01Z,2017-07-29T23:59:46Z,5760,5760,0,14.999925,15.000144958,14.999991122,-0.002294649,0,0,0,0,0.0,3.23104,17.718603,3.464196e-12,0.0002154028,0.001181241,False,0.001283,False
2017-07-30,RS01SLBS-MJ01A-06-PRESTA101,1,True,2017-07-30T00:00:01Z,2017-07-30T23:59:46Z,5760,5760,0,14.999925,15.000154972,14.999990548,0.000603197,0,0,0,0,0.0,3.101987,18.012322,2.871316e-12,0.0002067993,0.001200822,False,0.001254,False
2017-07-31,RS01SLBS-MJ01A-06-PRESTA101,1,True,2017-07-31T00:00:01Z,2017-07-31T23:59:46Z,5760,5760,0,14.999925,15.000163078,14.999990986,0.002947389,0,0,0,0,0.0,3.385277,19.992725,2.451082e-12,0.0002256853,0.001332849,False,0.001352,False
2017-08-01,RS01SLBS-MJ01A-06-PRESTA101,1,True,2017-08-01T00:00:01Z,2017-08-01T23:59:46Z,5760,5760,0,14.999925,15.000147343,14.999991728,0.006379691,0,0,0,0,0.0,3.611813,19.810212,8.174308e-13,0.0002407876,0.001320682,False,0.001259,False
2017-08-02,RS01SLBS-MJ01A-06-PRESTA101,1,True,2017-08-02T00:00:01Z,2017-08-02T23:59:46Z,5760,5760,0,14.999925,15.000160694,14.999990722,-0.001541631,0,0,0,0,0.0,3.272501,20.678863,2.28092e-12,0.0002181668,0.001378592,False,0.001472,False
2017-08-03,RS01SLBS-MJ01A-06-PRESTA101,1,True,2017-08-03T00:00:01Z,2017-08-03T23:59:46Z,5760,5760,0,14.999925,15.000155926,14.999991495,4.412e-06,0,0,0,0,0.0,3.471066,18.210692,2.11925e-12,0.0002314046,0.001214047,False,0.001553,False
2017-08-04,RS01SLBS-MJ01A-06-PRESTA101,1,True,2017-08-04T00:00:01Z,2017-08-04T23:59:46Z,5760,5760,0,14.999925,15.000138283,14.999990687,0.000632791,0,0,0,0,0.0,3.24001,18.735314,2.03793e-12,0.0002160008,0.001249022,False,0.001246,False
2017-08-05,RS01SLBS-MJ01A-06-PRESTA101,1,True,2017-08-05T00:00:01Z,2017-08-05T23:59:46Z,5760,5760,0,14.999925,15.000176907,14.999992259,-0.004674873,0,0,0,0,0.0,3.744186,19.072892,1.11033e-12,0.0002496125,0.001271527,False,0.001291,False
2017-08-06,RS01SLBS-MJ01A-06-PRESTA101,1,True,2017-08-06T00:00:01Z,2017-08-06T23:59:46Z,5760,5760,0,14.999925,15.000156879,14.99999145,-0.00957492,0,0,0,0,0.0,3.782769,21.354907,6.943079e-13,0.0002521847,0.001423661,False,0.00131,False
2017-08-07,RS01SLBS-MJ01A-06-PRESTA101,1,True,2017-08-07T00:00:01Z,2017-08-07T23:59:46Z,5760,5760,0,14.999925,15.000155926,14.999991111,-0.001247245,0,0,0,0,0.0,3.099382,16.495129,1.731426e-12,0.0002066256,0.001099676,False,0.001395,False
2017-08-08,RS01SLBS-MJ01A-06-PRESTA101,1,True,2017-08-08T00:00:01Z,2017-08-08T23:59:46Z,5760,5760,0,14.999925,15.000162125,14.999991287,-0.001282098,0,0,0,0,0.0,3.547467,19.618067,1.516586e-12,0.0002364979,0.001307872,False,0.001281,False
2017-08-09,RS01SLBS-MJ01A-06-PRESTA101,1,True,2017-08-09T00:00:01Z,2017-08-09T23:59:45Z,5754,5760,6,14.999925,15.000145912,14.999991035,0.002022946,1,6,1,6,-0.0,3.067242,19.625755,-4.254938e-13,0.0002044829,0.001308384,False,0.001292,True
2017-08-10,RS01SLBS-MJ01A-06-PRESTA101,1,True,2017-08-10T00:00:00Z,2017-08-10T23:59:45Z,5760,5760,0,14.999925,15.000174999,14.999990672,0.000136484,0,0,0,0,0.0,3.32407,18.565283,2.509345e-12,0.0002216048,0.001237686,False,0.001263,False
2017-08-11,RS01SLBS-MJ01A-06-PRESTA101,1,True,2017-08-11T00:00:00Z,2017-08-11T23:59:45Z,5760,5760,0,14.999925,15.000161171,14.999991001,-0.00200842,0,0,0,0,0.0,3.153716,18.018458,1.360073e-12,0.0002102479,0.001201231,False,0.001312,False
2017-08-12,RS01SLBS-MJ01A-06-PRESTA101,1,True,2017-08-12T00:00:00Z,2017-08-12T23:59:45Z,5760,5760,0,14.999925,15.000139236,14.999991185,0.002693614,0,0,0,0,0.0,3.403417,18.112557,1.735423e-12,0.0002268946,0.001207505,False,0.001224,False
2017-08-13,RS01SLBS-MJ01A-06-PRESTA101,1,True,2017-08-13T00:00:00Z,2017-08-13T23:59:45Z,5760,5760,0,14.999925,15.000138283,14.999990749,-0.000414769,0,0,0,0,0.0,3.1136,18.16649,2.802021e-12,0.0002075735,0.0012111,False,0.001278,False
2017-08-14,RS01SLBS-MJ01A-06-PRESTA101,1,True,2017-08-14T00:00:00Z,2017-08-14T23:59:45Z,5758,5760,2,14.999925,15.000133991,14.99999079,0.003741796,1,2,1,2,0.0,3.081123,20.370837,9.020759e-13,0.0002054083,0.001358057,False,0.001313,True
2017-08-15,RS01SLBS-MJ01A-06-PRESTA101,1,True,2017-08-15T00:00:00Z,2017-08-15T23:59:45Z,5760,5760,0,14.999925,15.000166893,14.999991042,-0.002322807,0,0,0,0,0.0,3.239743,19.236526,2.148876e-12,0.000215983,0.001282436,False,0.001277,False
2017-08-16,RS01SLBS-MJ01A-06-PRESTA101,1,True,2017-08-16T00:00:00Z,2017-08-16T23:59:45Z,5760,5760,0,14.999925,15.000135899,14.999990519,0.002632883,0,0,0,0,0.0,3.103238,17.712863,2.083838e-12,0.0002068827,0.001180858,False,0.001253,False
2017-08-17,RS01SLBS-MJ01A-06-PRESTA101,1,True,2017-08-17T00:00:00Z,2017-08-17T23:59:45Z,5760,5760,0,14.999925,15.000178337,14.999990981,-0.002167315,0,0,0,0,0.0,3.173495,18.360408,1.884229e-12,0.0002115665,0.001224028,False,0.001311,False
2017-08-18,RS01SLBS-MJ01A-06-PRESTA101,1,True,2017-08-18T00:00:00Z,2017-08-18T23:59:45Z,5760,5760,0,14.999925,15.000151157,14.999990948,0.001152099,0,0,0,0,0.0,3.255513,19.934311,3.117291e-12,0.0002170343,0.001328955,False,0.001271,False
2017-08-19,RS01SLBS-MJ01A-06-PRESTA101,1,True,2017-08-19T00:00:00Z,2017-08-19T23:59:45Z,5760,5760,0,14.999925,15.000144958,14.999990641,0.004508791,0,0,0,0,0.0,3.206894,17.936454,1.51767e-12,0.0002137931,0.001195764,False,0.001279,False
2017-08-20,RS01SLBS-MJ01A-06-PRESTA101,1,True,2017-08-20T00:00:00Z,2017-08-20T23:59:45Z,5760,5760,0,14.999925,15.000151157,14.999990656,0.000582065,0,0,0,0,0.0,2.991503,17.603225,2.958718e-12,0.0001994337,0.001173549,False,0.001277,False
2017-08-21,RS01SLBS-MJ01A-06-PRESTA101,1,True,2017-08-21T00:00:00Z,2017-08-21T23:59:45Z,5760,5760,0,14.999925,15.000155926,14.99999112,-0.001236226,0,0,0,0,0.0,3.197856,17.95076,2.606908e-12,0.0002131905,0.001196718,False,0.001353,False
2017-08-22,RS01SLBS-MJ01A-06-PRESTA101,1,True,2017-08-22T00:00:00Z,2017-08-22T23:59:45Z,5760,5760,0,14.999925,15.000163078,14.999990777,-0.001919311,0,0,0,0,0.0,3.026732,17.638593,1.390997e-12,0.0002017822,0.001175907,False,0.001281,False
2017-08-23,RS01SLBS-MJ01A-06-PRESTA101,1,True,2017-08-23T00:00:00Z,2017-08-23T23:59:45Z,5760,5760,0,14.999925,15.000133991,14.999990857,0.00535288,0,0,0,0,0.0,3.016933,19.95481,2.905514e-12,0.000201129,0.001330321,False,0.001228,False
2017-08-24,RS01SLBS-MJ01A-06-PRESTA101,1,True,2017-08-24T00:00:00Z,2017-08-24T23:59:45Z,5760,5760,0,14.999925,15.000165939,14.999990469,0.003854194,0,0,0,0,0.0,3.453888,18.499375,1.766997e-12,0.0002302593,0.001233292,False,0.001172,False
2017-08-25,RS01SLBS-MJ01A-06-PRESTA101,1,True,2017-08-25T00:00:00Z,2017-08-25T23:59:45Z,5712,5760,48,14.999925,15.000156879,14.99999075,0.003874542,1,48,1,48,-0.0,3.579847,18.878564,-5.074147e-13,0.0002386566,0.001258572,False,0.001271,True
2017-08-26,RS01SLBS-MJ01A-06-PRESTA101,1,True,2017-08-26T00:00:00Z,2017-08-26T23:59:45Z,5760,5760,0,14.999925,15.000154018,14.999991258,-0.000432601,0,0,0,0,0.0,3.380537,18.317996,3.136737e-12,0.0002253692,0.0012212,False,0.001495,False
2017-08-27,RS01SLBS-MJ01A-06-PRESTA101,1,True,2017-08-27T00:00:00Z,2017-08-27T23:59:45Z,5760,5760,0,14.999925,15.000136852,14.999991003,-0.001532643,0,0,0,0,0.0,3.499669,19.553061,2.114769e-12,0.0002333114,0.001303538,False,0.001304,False
2017-08-28,RS01SLBS-MJ01A-06-PRESTA101,1,True,2017-08-28T00:00:00Z,2017-08-28T23:59:59Z,5761,5761,0,14.999925,15.000141144,14.999991081,-0.004558839,0,0,0,0,-0.0,3.340462,17.476871,-3.134857e-13,0.0002226976,0.001165125,False,0.001263,False
2017-08-29,RS01SLBS-MJ01A-06-PRESTA101,1,True,2017-08-29T00:00:14Z,2017-08-29T23:59:59Z,5760,5760,0,14.999925,15.000164986,14.999990983,0.000178679,0,0,0,0,0.0,3.102325,18.743686,1.535879e-12,0.0002068218,0.00124958,False,0.001429,False
2017-08-30,RS01SLBS-MJ01A-06-PRESTA101,1,True,2017-08-30T00:00:14Z,2017-08-30T23:59:59Z,5760,5760,0,14.999925,15.000150204,14.999990959,0.002952378,0,0,0,0,0.0,3.25359,20.035383,1.964323e-12,0.0002169062,0.001335693,False,0.001508,False
2017-08-31,RS01SLBS-MJ01A-06-PRESTA101,1,True,2017-08-31T00:00:14Z,2017-08-31T23:59:59Z,5760,5760,0,14.999925,15.000135899,14.999989939,0.005558179,0,0,0,0,0.0,4.679955,22.736856,3.399086e-12,0.0003119972,0.001515791,False,0.001279,False
2017-09-01,RS01SLBS-MJ01A-06-PRESTA101,1,True,2017-09-01T00:00:14Z,2017-09-01T23:59:59Z,5760,5760,0,14.999925,15.000146866,14.999990853,0.007642058,0,0,0,0,0.0,3.63208,20.145281,5.173463e-13,0.0002421388,0.00134302,False,0.001583,False
2017-09-02,RS01SLBS-MJ01A-06-PRESTA101,1,True,2017-09-02T00:00:14Z,2017-09-02T23:59:59Z,5760,5760,0,14.999925,15.000134945,14.999991043,-0.000393432,0,0,0,0,0.0,3.194928,16.895854,2.033833e-12,0.0002129953,0.001126391,False,0.001292,False
2017-09-03,RS01SLBS-MJ01A-06-PRESTA101,1,True,2017-09-03T00:00:14Z,2017-09-03T23:59:59Z,5760,5760,0,14.999925,15.000157833,14.999990902,-0.002379782,0,0,0,0,0.0,3.244118,18.420354,1.074481e-12,0.0002162746,0.001228024,False,0.001259,False
2017-09-04,RS01SLBS-MJ01A-06-PRESTA101,1,True,2017-09-04T00:00:14Z,2017-09-04T23:59:59Z,5760,5760,0,14.999925,15.000151157,14.999991153,0.001241545,0,0,0,0,0.0,3.17788,21.829598,4.904212e-13,0.0002118588,0.001455307,False,0.001273,False
2017-09-05,RS01SLBS-MJ01A-06-PRESTA101,1,True,2017-09-05T00:00:14Z,2017-09-05T23:59:59Z,5760,5760,0,14.999925,15.000150681,14.99999052,-0.000854098,0,0,0,0,0.0,3.057302,19.287376,2.138958e-12,0.0002038203,0.001285826,False,0.001288,False
2017-09-06,RS01SLBS-MJ01A-06-PRESTA101,1,True,2017-09-06T00:00:14Z,2017-09-06T23:59:59Z,5760,5760,0,14.999925,15.000123024,14.999990729,0.004618425,0,0,0,0,0.0,3.087381,17.718325,2.152538e-12,0.0002058255,0.001181222,False,0.001293,False
2017-09-07,RS01SLBS-MJ01A-06-PRESTA101,1,True,2017-09-07T00:00:14Z,2017-09-07T23:59:59Z,5760,5760,0,14.999925,15.00015974,14.999990263,0.001378169,0,0,0,0,0.0,3.410069,18.95843,2.802935e-12,0.0002273381,0.001263896,False,0.001537,False
2017-09-08,RS01SLBS-MJ01A-06-PRESTA101,1,True,2017-09-08T00:00:14Z,2017-09-08T23:59:59Z,5760,5760,0,14.999925,15.000142097,14.999990902,-0.001022427,0,0,0,0,0.0,3.677092,21.577261,2.441267e-12,0.0002451396,0.001438485,False,0.001554,False
2017-09-09,RS01SLBS-MJ01A-06-PRESTA101,1,True,2017-09-09T00:00:14Z,2017-09-09T23:59:59Z,5760,5760,0,14.999925,15.000153065,14.999990837,0.00241843,0,0,0,0,0.0,3.125473,17.313836,2.272631e-12,0.000208365,0.001154256,False,0.00128,False
2017-09-10,RS01SLBS-MJ01A-06-PRESTA101,1,True,2017-09-10T00:00:14Z,2017-09-10T23:59:59Z,5760,5760,0,14.999925,15.000162125,14.999991214,0.002115431,0,0,0,0,0.0,3.183491,18.146591,1.723422e-12,0.0002122329,0.001209773,False,0.001299,False
2017-09-11,RS01SLBS-MJ01A-06-PRESTA101,1,True,2017-09-11T00:00:14Z,2017-09-11T23:59:59Z,5760,5760,0,14.999925,15.000145912,14.999991002,-0.000356288,0,0,0,0,0.0,3.526594,18.388907,1.831786e-12,0.0002351064,0.001225928,False,0.001268,False
2017-09-12,RS01SLBS-MJ01A-06-PRESTA101,1,True,2017-09-12T00:00:14Z,2017-09-12T23:59:59Z,5760,5760,0,14.999925,15.000176907,14.999990554,-0.000583181,0,0,0,0,0.0,3.144463,20.969192,6.982683e-13,0.000209631,0.001397947,False,0.001474,False
2017-09-13,RS01SLBS-MJ01A-06-PRESTA101,1,True,2017-09-13T00:00:14Z,2017-09-13T23:59:59Z,5743,5760,17,14.999925,15.000145435,14.999990405,0.001612894,10,17,10,17,0.0,3.359387,18.931362,5.663445e-13,0.0002239593,0.001262092,False,0.001276,True
2017-09-14,RS01SLBS-MJ01A-06-PRESTA101,1,True,2017-09-14T00:00:14Z,2017-09-14T23:59:59Z,5759,5760,1,14.999925,15.000161409,14.999991018,-0.001643498,1,1,1,1,-0.0,3.287542,17.978387,-3.605917e-12,0.0002191696,0.00119856,False,0.001251,True
2017-09-15,RS01SLBS-MJ01A-06-PRESTA101,1,True,2017-09-15T00:00:14Z,2017-09-15T23:59:59Z,5760,5760,0,14.999925,15.000121117,14.999991396,6.1528e-05,0,0,0,0,0.0,3.039144,18.869492,2.120242e-12,0.0002026097,0.001257967,False,0.00128,False
2017-09-16,RS01SLBS-MJ01A-06-PRESTA101,1,True,2017-09-16T00:00:14Z,2017-09-16T23:59:58Z,5760,5760,0,14.999925,15.000135899,14.999990733,-0.004633582,0,0,0,0,0.0,13.617167,1002.232396,1.771613e-12,0.0009078117,0.06681553,False,0.066919,False
2017-09-17,RS01SLBS-MJ01A-06-PRESTA101,1,True,2017-09-17T00:00:13Z,2017-09-17T23:59:58Z,5760,5760,0,14.999925,15.000155926,14.99999188,-3.6051e-05,0,0,0,0,0.0,3.941955,19.363876,2.340029e-12,0.0002627971,0.001290926,False,0.001261,False
2017-09-18,RS01SLBS-MJ01A-06-PRESTA101,1,True,2017-09-18T00:00:13Z,2017-09-18T23:59:58Z,5760,5760,0,14.999925,15.000165939,14.999990293,-0.00869411,0,0,0,0,0.0,4.694516,23.484897,1.586874e-12,0.000312968,0.001565661,False,0.001254,False
2017-09-19,RS01SLBS-MJ01A-06-PRESTA101,1,True,2017-09-19T00:00:13Z,2017-09-19T23:59:58Z,5760,5760,0,14.999925,15.0001688,14.99999069,-0.00098569,0,0,0,0,0.0,3.207844,18.76089,1.729903e-12,0.0002138564,0.001250727,False,0.001269,False
2017-09-20,RS01SLBS-MJ01A-06-PRESTA101,1,True,2017-09-20T00:00:13Z,2017-09-20T23:59:58Z,5760,5760,0,14.999925,15.000161171,14.999990887,0.00135269,0,0,0,0,0.0,3.346879,17.572524,2.465807e-12,0.0002231254,0.001171502,False,0.001257,False
2017-09-21,RS01SLBS-MJ01A-06-PRESTA101,1,True,2017-09-21T00:00:13Z,2017-09-21T23:59:58Z,5760,5760,0,14.999925,15.000173092,14.999990907,-0.003870769,0,0,0,0,0.0,3.309005,18.198226,2.876424e-12,0.0002206005,0.001213216,False,0.001338,False
2017-09-22,RS01SLBS-MJ01A-06-PRESTA101,1,True,2017-09-22T00:00:13Z,2017-09-22T23:59:58Z,5760,5760,0,14.999925,15.000156879,14.99999144,-1.602e-06,0,0,0,0,0.0,3.183391,18.752871,2.155439e-12,0.0002122262,0.001250192,False,0.001426,False
2017-09-23,RS01SLBS-MJ01A-06-PRESTA101,1,True,2017-09-23T00:00:13Z,2017-09-23T23:59:58Z,5760,5760,0,14.999925,15.00015831,14.999990812,0.000672256,0,0,0,0,0.0,3.592755,19.459213,7.08959e-13,0.0002395171,0.001297282,False,0.001276,False
2017-09-24,RS01SLBS-MJ01A-06-PRESTA101,1,True,2017-09-24T00:00:13Z,2017-09-24T23:59:58Z,5760,5760,0,14.999925,15.000154972,14.999990806,0.00587238,0,0,0,0,0.0,3.389164,19.4924,2.694841e-12,0.0002259444,0.001299494,False,0.001351,False
2017-09-25,RS01SLBS-MJ01A-06-PRESTA101,1,True,2017-09-25T00:00:13Z,2017-09-25T23:59:58Z,5760,5760,0,14.999925,15.000155926,14.999990584,0.000921422,0,0,0,0,0.0,3.969114,18.201879,3.184474e-12,0.0002646078,0.001213459,False,0.001366,False
2017-09-26,RS01SLBS-MJ01A-06-PRESTA101,1,True,2017-09-26T00:00:13Z,2017-09-26T23:59:58Z,5760,5760,0,14.999925,15.0001297,14.999990135,-0.002085657,0,0,0,0,0.0,3.238695,18.292958,1.752528e-12,0.0002159131,0.001219531,False,0.001277,False
2017-09-27,RS01SLBS-MJ01A-06-PRESTA101,1,True,2017-09-27T00:00:13Z,2017-09-27T23:59:58Z,5760,5760,0,14.999925,15.000162125,14.999991177,0.000144282,0,0,0,0,0.0,3.231381,18.900958,2.822429e-12,0.0002154255,0.001260065,False,0.001289,False
2017-09-28,RS01SLBS-MJ01A-06-PRESTA101,1,True,2017-09-28T00:00:13Z,2017-09-28T23:59:58Z,5760,5760,0,14.999925,15.000135899,14.999990267,-6.6525e-05,0,0,0,0,0.0,3.368786,22.293804,2.787578e-12,0.0002245859,0.001486255,False,0.001472,False
2017-09-29,RS01SLBS-MJ01A-06-PRESTA101,1,True,2017-09-29T00:00:13Z,2017-09-29T23:59:58Z,5760,5760,0,14.999925,15.000150204,14.999990114,0.010305916,0,0,0,0,0.0,3.168945,18.075549,1.665453e-12,0.0002112631,0.001205037,False,0.001233,False
2017-09-30,RS01SLBS-MJ01A-06-PRESTA101,1,True,2017-09-30T00:00:13Z,2017-09-30T23:59:58Z,5760,5760,0,14.999925,15.00015831,14.999990239,0.001605419,0,0,0,0,0.0,3.144097,19.119823,2.094696e-12,0.0002096066,0.001274656,False,0.001479,False
2017-10-01,RS01SLBS-MJ01A-06-PRESTA101,1,True,2017-10-01T00:00:13Z,2017-10-01T23:59:58Z,5760,5760,0,14.999925,15.000151634,14.9999892,0.003278701,0,0,0,0,0.0,4.216395,21.565773,1.046471e-12,0.0002810932,0.001437719,False,0.001515,False
2017-10-02,RS01SLBS-MJ01A-06-PRESTA101,1,True,2017-10-02T00:00:13Z,2017-10-02T23:59:58Z,5760,5760,0,14.999925,15.000143051,14.999989629,0.001456748,0,0,0,0,0.0,3.494069,18.433396,2.846365e-12,0.0002329381,0.001228894,False,0.001237,False
2017-10-03,RS01SLBS-MJ01A-06-PRESTA101,1,True,2017-10-03T00:00:13Z,2017-10-03T23:59:58Z,5760,5760,0,14.999925,15.000156879,14.999990654,0.000409445,0,0,0,0,0.0,3.165799,17.525209,1.959521e-12,0.0002110534,0.001168348,False,0.00129,False
2017-10-04,RS01SLBS-MJ01A-06-PRESTA101,1,True,2017-10-04T00:00:13Z,2017-10-04T23:59:58Z,5760,5760,0,14.999925,15.000165939,14.999990733,0.002977784,0,0,0,0,0.0,3.067017,17.620137,1.24908e-12,0.0002044679,0.001174676,False,0.001264,False
2017-10-05,RS01SLBS-MJ01A-06-PRESTA101,1,True,2017-10-05T00:00:13Z,2017-10-05T23:59:57Z,5760,5760,0,14.999925,15.000152111,14.999991118,-0.000237106,0,0,0,0,0.0,18.894503,1001.332554,1.992735e-12,0.001259634,0.06675554,False,0.066814,False
2017-10-06,RS01SLBS-MJ01A-06-PRESTA101,1,True,2017-10-06T00:00:12Z,2017-10-06T23:59:57Z,5760,5760,0,14.999925,15.000150681,14.99999076,0.000394746,0,0,0,0,0.0,3.144288,20.379526,2.285015e-12,0.0002096193,0.001358636,False,0.001525,False
2017-10-07,RS01SLBS-MJ01A-06-PRESTA101,1,True,2017-10-07T00:00:12Z,2017-10-07T23:59:57Z,5760,5760,0,14.999925,15.000151157,14.999990434,0.000212553,0,0,0,0,0.0,3.305095,17.956604,2.289151e-12,0.0002203398,0.001197108,False,0.001219,False
2017-10-08,RS01SLBS-MJ01A-06-PRESTA101,1,True,2017-10-08T00:00:12Z,2017-10-08T23:59:57Z,5760,5760,0,14.999925,15.000124931,14.999990206,0.000123193,0,0,0,0,0.0,3.034928,17.213915,8.217577e-13,0.0002023287,0.001147595,False,0.001209,False
2017-10-09,RS01SLBS-MJ01A-06-PRESTA101,1,True,2017-10-09T00:00:12Z,2017-10-09T23:59:57Z,5760,5760,0,14.999925,15.00015974,14.999990894,0.000876313,0,0,0,0,0.0,3.435472,20.052524,1.705682e-12,0.0002290316,0.001336836,False,0.001529,False
2017-10-10,RS01SLBS-MJ01A-06-PRESTA101,1,True,2017-10-10T00:00:12Z,2017-10-10T23:59:57Z,5760,5760,0,14.999925,15.000161171,14.999990756,-4.2736e-05,0,0,0,0,0.0,3.040714,19.561695,1.535469e-12,0.0002027144,0.001304114,False,0.001535,False
2017-10-11,RS01SLBS-MJ01A-06-PRESTA101,1,True,2017-10-11T00:00:12Z,2017-10-11T23:59:57Z,5760,5760,0,14.999925,15.00014925,14.999990959,-0.002206836,0,0,0,0,0.0,3.207736,16.892329,1.910319e-12,0.0002138492,0.001126156,False,0.001173,False
2017-10-12,RS01SLBS-MJ01A-06-PRESTA101,1,True,2017-10-12T00:00:12Z,2017-10-12T23:59:57Z,5760,5760,0,14.999925,15.000164986,14.999990551,-0.001052087,0,0,0,0,0.0,3.074582,23.094885,2.356137e-12,0.0002049723,0.00153966,False,0.001519,False
2017-10-13,RS01SLBS-MJ01A-06-PRESTA101,1,True,2017-10-13T00:00:12Z,2017-10-13T23:59:57Z,5760,5760,0,14.999925,15.000144005,14.999990329,0.001213241,0,0,0,0,0.0,3.222115,17.102064,1.350305e-12,0.0002148078,0.001140138,False,0.00123,False
2017-10-14,RS01SLBS-MJ01A-06-PRESTA101,1,True,2017-10-14T00:00:12Z,2017-10-14T23:59:57Z,5760,5760,0,14.999925,15.000161648,14.99999053,0.00099591,0,0,0,0,0.0,3.179214,16.652511,2.004255e-12,0.0002119477,0.001110168,False,0.001265,False
2017-10-15,RS01SLBS-MJ01A-06-PRESTA101,1,True,2017-10-15T00:00:12Z,2017-10-15T23:59:57Z,5760,5760,0,14.999925,15.000179768,14.999990994,-0.000109226,0,0,0,0,0.0,3.161458,22.444215,1.216319e-12,0.000210764,0.001496282,False,0.001419,False
2017-10-16,RS01SLBS-MJ01A-06-PRESTA101,1,True,2017-10-16T00:00:12Z,2017-10-16T23:59:57Z,5760,5760,0,14.999925,15.000166416,14.999990779,-0.004908941,0,0,0,0,0.0,3.60785,22.73266,2.19961e-12,0.0002405235,0.001515512,False,0.001376,False
2017-10-17,RS01SLBS-MJ01A-06-PRESTA101,1,True,2017-10-17T00:00:12Z,2017-10-17T23:59:57Z,5760,5760,0,14.999925,15.00015831,14.999991435,0.000165162,0,0,0,0,0.0,3.414779,18.053768,1.80503e-12,0.0002276521,0.001203585,False,0.001269,False
2017-10-18,RS01SLBS-MJ01A-06-PRESTA101,1,True,2017-10-18T00:00:12Z,2017-10-18T23:59:57Z,5760,5760,0,14.999925,15.000161171,14.999991082,0.004554609,0,0,0,0,0.0,3.114342,21.621247,1.789817e-12,0.0002076229,0.001441417,False,0.001551,False
2017-10-19,RS01SLBS-MJ01A-06-PRESTA101,1,True,2017-10-19T00:00:12Z,2017-10-19T23:59:57Z,5760,5760,0,14.999925,15.000160217,14.999990002,0.002889657,0,0,0,0,0.0,3.441746,17.884302,1.438092e-12,0.0002294499,0.001192288,False,0.001256,False
2017-10-20,RS01SLBS-MJ01A-06-PRESTA101,1,True,2017-10-20T00:00:12Z,2017-10-20T23:59:57Z,5760,5760,0,14.999925,15.000171661,14.999990671,-0.001928572,0,0,0,0,0.0,3.102668,17.163555,1.26873e-12,0.0002068447,0.001144238,False,0.001272,False
2017-10-21,RS01SLBS-MJ01A-06-PRESTA101,1,True,2017-10-21T00:00:12Z,2017-10-21T23:59:57Z,5760,5760,0,14.999925,15.00015974,14.999990698,0.000394974,0,0,0,0,0.0,3.104565,16.863813,1.676795e-12,0.0002069711,0.001124255,False,0.00128,False
2017-10-22,RS01SLBS-MJ01A-06-PRESTA101,1,True,2017-10-22T00:00:12Z,2017-10-22T23:59:57Z,5760,5760,0,14.999925,15.000160217,14.999990906,0.00210796,0,0,0,0,0.0,3.04042,20.677949,2.061171e-12,0.0002026948,0.001378531,False,0.001328,False
2017-10-23,RS01SLBS-MJ01A-06-PRESTA101,1,True,2017-10-23T00:00:12Z,2017-10-23T23:59:57Z,5760,5760,0,14.999925,15.000162125,14.999989807,0.004198415,0,0,0,0,0.0,3.342215,18.714198,2.228051e-12,0.0002228145,0.001247614,False,0.001258,False
2017-10-24,RS01SLBS-MJ01A-06-PRESTA101,1,True,2017-10-24T00:00:12Z,2017-10-24T23:59:56Z,5760,5760,0,14.999925,15.000155926,14.999990537,0.004108969,0,0,0,0,0.0,13.54236,998.134266,1.940243e-12,0.0009028245,0.06654233,False,0.066691,False
2017-10-25,RS01SLBS-MJ01A-06-PRESTA101,1,True,2017-10-25T00:00:11Z,2017-10-25T23:59:56Z,5760,5760,0,14.999925,15.000165939,14.999990127,0.008321606,0,0,0,0,0.0,4.325793,19.733899,1.610289e-12,0.0002883864,0.001315594,False,0.001363,False
2017-10-26,RS01SLBS-MJ01A-06-PRESTA101,1,True,2017-10-26T00:00:11Z,2017-10-26T23:59:56Z,5760,5760,0,14.999925,15.00014782,14.999990761,-0.006450325,0,0,0,0,0.0,3.520782,18.838452,1.861079e-12,0.0002347189,0.001255898,False,0.001292,False
2017-10-27,RS01SLBS-MJ01A-06-PRESTA101,1,True,2017-10-27T00:00:11Z,2017-10-27T23:59:56Z,5760,5760,0,14.999925,15.000163078,14.99999166,-0.002212437,0,0,0,0,0.0,3.457238,19.526886,2.276499e-12,0.0002304826,0.001301793,False,0.001214,False
2017-10-28,RS01SLBS-MJ01A-06-PRESTA101,1,True,2017-10-28T00:00:11Z,2017-10-28T23:59:56Z,5760,5760,0,14.999925,15.000162125,14.999990818,-0.001838823,0,0,0,0,0.0,2.969077,17.540038,6.185328e-13,0.0001979386,0.001169337,False,0.001314,False
2017-10-29,RS01SLBS-MJ01A-06-PRESTA101,1,True,2017-10-29T00:00:11Z,2017-10-29T23:59:56Z,5760,5760,0,14.999925,15.000165939,14.999990392,0.001488426,0,0,0,0,0.0,3.152689,17.661492,1.435438e-12,0.0002101794,0.001177434,False,0.001239,False
2017-10-30,RS01SLBS-MJ01A-06-PRESTA101,1,True,2017-10-30T00:00:11Z,2017-10-30T23:59:56Z,5760,5760,0,14.999925,15.000168324,14.999990647,0.000886015,0,0,0,0,0.0,3.118063,21.916102,2.0079e-12,0.000207871,0.001461074,False,0.001329,False
2017-10-31,RS01SLBS-MJ01A-06-PRESTA101,1,True,2017-10-31T00:00:11Z,2017-10-31T23:59:56Z,5760,5760,0,14.999925,15.000163078,14.999991018,0.002110502,0,0,0,0,0.0,3.090499,18.829393,1.725959e-12,0.0002060334,0.001255294,False,0.001285,False
2017-11-01,RS01SLBS-MJ01A-06-PRESTA101,1,True,2017-11-01T00:00:11Z,2017-11-01T23:59:56Z,5760,5760,0,14.999925,15.000165939,14.999991062,-0.00407159,0,0,0,0,0.0,3.310288,18.441572,2.757623e-12,0.000220686,0.001229439,False,0.001318,False
2017-11-02,RS01SLBS-MJ01A-06-PRESTA101,1,True,2017-11-02T00:00:11Z,2017-11-02T23:59:56Z,5760,5760,0,14.999925,15.000172138,14.999990314,-0.001421379,0,0,0,0,0.0,3.223632,17.93125,2.632231e-12,0.0002149089,0.001195417,False,0.001371,False
2017-11-03,RS01SLBS-MJ01A-06-PRESTA101,1,True,2017-11-03T00:00:11Z,2017-11-03T23:59:56Z,5760,5760,0,14.999925,15.000153065,14.999991077,0.00086439,0,0,0,0,0.0,3.121386,19.08185,1.193186e-12,0.0002080925,0.001272124,False,0.001347,False
2017-11-04,RS01SLBS-MJ01A-06-PRESTA101,1,True,2017-11-04T00:00:11Z,2017-11-04T23:59:56Z,5760,5760,0,14.999925,15.000164032,14.999991337,-0.000751673,0,0,0,0,0.0,3.309944,19.492351,3.039852e-12,0.000220663,0.001299491,False,0.00127,False
2017-11-05,RS01SLBS-MJ01A-06-PRESTA101,1,True,2017-11-05T00:00:11Z,2017-11-05T23:59:56Z,5760,5760,0,14.999925,15.000155926,14.999990453,0.003111177,0,0,0,0,0.0,3.114511,16.862016,2.391935e-12,0.0002076342,0.001124135,False,0.001229,False
2017-11-06,RS01SLBS-MJ01A-06-PRESTA101,1,True,2017-11-06T00:00:11Z,2017-11-06T23:59:56Z,5760,5760,0,14.999925,15.000163078,14.999990746,0.005563585,0,0,0,0,0.0,3.266496,20.259815,1.285086e-12,0.0002177665,0.001350655,False,0.001322,False
2017-11-07,RS01SLBS-MJ01A-06-PRESTA101,1,True,2017-11-07T00:00:11Z,2017-11-07T23:59:56Z,5760,5760,0,14.999925,15.00014925,14.999990196,0.00149111,0,0,0,0,0.0,3.249409,19.030315,2.392871e-12,0.0002166274,0.001268689,False,0.001274,False
2017-11-08,RS01SLBS-MJ01A-06-PRESTA101,1,True,2017-11-08T00:00:11Z,2017-11-08T23:59:56Z,5760,5760,0,14.999925,15.00015831,14.999990809,-0.001662702,0,0,0,0,0.0,3.410925,20.62165,1.635626e-12,0.0002273951,0.001374778,False,0.001451,False
2017-11-09,RS01SLBS-MJ01A-06-PRESTA101,1,True,2017-11-09T00:00:11Z,2017-11-09T23:59:56Z,5760,5760,0,14.999925,15.000151157,14.999991103,0.001159548,0,0,0,0,0.0,3.781956,22.743922,2.880323e-12,0.0002521305,0.001516262,False,0.001386,False
2017-11-10,RS01SLBS-MJ01A-06-PRESTA101,1,True,2017-11-10T00:00:11Z,2017-11-10T23:59:56Z,5760,5760,0,14.999925,15.000166893,14.999990493,-0.000193336,0,0,0,0,0.0,4.406828,21.587659,1.995862e-12,0.0002937887,0.001439178,False,0.001255,False
2017-11-11,RS01SLBS-MJ01A-06-PRESTA101,1,True,2017-11-11T00:00:11Z,2017-11-11T23:59:55Z,5760,5760,0,14.999925,15.00014925,14.999990445,0.001379417,0,0,0,0,0.0,3.274444,22.095683,2.102322e-12,0.0002182964,0.001473046,False,0.001344,False
2017-11-12,RS01SLBS-MJ01A-06-PRESTA101,1,True,2017-11-12T00:00:11Z,2017-11-12T23:59:55Z,5760,5760,0,14.999925,15.000144005,14.999991346,-0.002334031,0,0,0,0,0.0,3.376325,18.592692,2.146097e-12,0.0002250884,0.001239514,False,0.00153,False
2017-11-13,RS01SLBS-MJ01A-06-PRESTA101,1,True,2017-11-13T00:00:10Z,2017-11-13T23:02:25Z,5530,5530,0,14.999925,15.000139236,14.999990936,-0.000178622,0,0,0,0,-0.0,3.383744,17.334911,-3.678546e-13,0.0002255831,0.001155661,False,0.001276,False
2017-11-14,RS01SLBS-MJ01A-06-PRESTA101,1,False,,,0,0,,14.999925,,,,,,,,,,,,,,,,False
2017-11-15,RS01SLBS-MJ01A-06-PRESTA101,1,True,2017-11-15T00:00:03Z,2017-11-15T23:59:48Z,5760,5760,0,14.999925,15.000171661,14.999990824,-0.002882475,0,0,0,0,0.0,3.134098,18.362626,1.449225e-12,0.00020894,0.001224176,False,0.001294,False
2017-11-16,RS01SLBS-MJ01A-06-PRESTA101,1,True,2017-11-16T00:00:03Z,2017-11-16T23:59:48Z,5760,5760,0,14.999925,15.000161171,14.999990546,0.000293075,0,0,0,0,0.0,3.130984,17.32662,2.300798e-12,0.0002087324,0.001155109,False,0.001321,False
2017-11-17,RS01SLBS-MJ01A-06-PRESTA101,1,True,2017-11-17T00:00:03Z,2017-11-17T23:59:48Z,5760,5760,0,14.999925,15.000151634,14.999990645,0.002237772,0,0,0,0,0.0,3.091067,19.791921,2.269492e-12,0.0002060713,0.001319462,False,0.001342,False
2017-11-18,RS01SLBS-MJ01A-06-PRESTA101,1,True,2017-11-18T00:00:03Z,2017-11-18T23:59:48Z,5760,5760,0,14.999925,15.000152111,14.999991177,0.002390325,0,0,0,0,0.0,3.226642,17.327524,2.236383e-12,0.0002151096,0.001155169,False,0.001265,False
2017-11-19,RS01SLBS-MJ01A-06-PRESTA101,1,True,2017-11-19T00:00:03Z,2017-11-19T23:59:48Z,5760,5760,0,14.999925,15.0001688,14.999991322,-2.146e-06,0,0,0,0,0.0,3.310795,16.386687,3.230826e-12,0.0002207198,0.001092446,False,0.001241,False
2017-11-20,RS01SLBS-MJ01A-06-PRESTA101,1,True,2017-11-20T00:00:03Z,2017-11-20T23:59:48Z,5760,5760,0,14.999925,15.000181198,14.999990521,-0.001637159,0,0,0,0,0.0,3.231112,22.396117,1.814552e-12,0.0002154076,0.001493075,False,0.001389,False
2017-11-21,RS01SLBS-MJ01A-06-PRESTA101,1,True,2017-11-21T00:00:03Z,2017-11-21T23:59:48Z,5760,5760,0,14.999925,15.000160217,14.999990475,0.007218269,0,0,0,0,0.0,3.460297,17.679384,1.728352e-12,0.0002306866,0.001178626,False,0.001249,False
2017-11-22,RS01SLBS-MJ01A-06-PRESTA101,1,True,2017-11-22T00:00:03Z,2017-11-22T23:59:48Z,5760,5760,0,14.999925,15.000180721,14.999990825,0.002318798,0,0,0,0,0.0,3.668243,19.029578,9.117661e-13,0.0002445497,0.001268639,False,0.001284,False
2017-11-23,RS01SLBS-MJ01A-06-PRESTA101,1,True,2017-11-23T00:00:03Z,2017-11-23T23:59:48Z,5760,5760,0,14.999925,15.000156879,14.999990813,0.0034326,0,0,0,0,0.0,3.275254,17.751031,2.025519e-12,0.0002183504,0.001183403,False,0.001157,False
2017-11-24,RS01SLBS-MJ01A-06-PRESTA101,1,True,2017-11-24T00:00:03Z,2017-11-24T23:59:48Z,5760,5760,0,14.999925,15.000134945,14.999990827,-0.002471491,0,0,0,0,0.0,2.990436,20.358669,2.203844e-12,0.0001993625,0.001357245,False,0.001315,False
2017-11-25,RS01SLBS-MJ01A-06-PRESTA101,1,True,2017-11-25T00:00:03Z,2017-11-25T23:59:48Z,5760,5760,0,14.999925,15.000154018,14.999990525,0.001737367,0,0,0,0,0.0,3.566,19.235942,8.226851e-13,0.0002377335,0.001282397,False,0.001149,False
2017-11-26,RS01SLBS-MJ01A-06-PRESTA101,1,True,2017-11-26T00:00:03Z,2017-11-26T23:59:48Z,5760,5760,0,14.999925,15.000183105,14.999991662,0.003726144,0,0,0,0,0.0,4.884346,23.813911,1.954936e-12,0.0003256232,0.001587595,False,0.001285,False
2017-11-27,RS01SLBS-MJ01A-06-PRESTA101,1,True,2017-11-27T00:00:03Z,2017-11-27T23:59:48Z,5760,5760,0,14.999925,15.000152111,14.999990013,-0.010322667,0,0,0,0,0.0,3.286647,19.215409,3.270169e-12,0.0002191099,0.001281028,False,0.001501,False
2017-11-28,RS01SLBS-MJ01A-06-PRESTA101,1,True,2017-11-28T00:00:03Z,2017-11-28T23:59:48Z,5760,5760,0,14.999925,15.000175953,14.999990603,-0.001083743,0,0,0,0,0.0,3.663716,19.572315,2.222399e-12,0.0002442479,0.001304822,False,0.001276,False
2017-11-29,RS01SLBS-MJ01A-06-PRESTA101,1,True,2017-11-29T00:00:03Z,2017-11-29T23:59:48Z,5760,5760,0,14.999925,15.000175953,14.999990822,-0.004234462,0,0,0,0,0.0,4.054414,19.55505,1.815768e-12,0.0002702944,0.001303671,False,0.001264,False
2017-11-30,RS01SLBS-MJ01A-06-PRESTA101,1,True,2017-11-30T00:00:03Z,2017-11-30T23:59:47Z,5760,5760,0,14.999925,15.000174046,14.999990313,0.001524225,0,0,0,0,0.0,18.90355,999.936073,1.456782e-12,0.001260237,0.06666245,False,0.066889,False
2017-12-01,RS01SLBS-MJ01A-06-PRESTA101,1,True,2017-12-01T00:00:02Z,2017-12-01T23:59:47Z,5710,5760,50,14.999925,15.000152111,14.999990644,0.000973696,1,50,1,50,0.0,3.089414,17.642216,3.58352e-13,0.0002059611,0.001176148,False,0.001272,True
2017-12-02,RS01SLBS-MJ01A-06-PRESTA101,1,True,2017-12-02T00:00:02Z,2017-12-02T23:59:47Z,5760,5760,0,14.999925,15.000149727,14.999990387,0.001266192,0,0,0,0,0.0,3.322024,18.98727,1.88562e-12,0.0002214684,0.001265819,False,0.001287,False
2017-12-03,RS01SLBS-MJ01A-06-PRESTA101,1,True,2017-12-03T00:00:02Z,2017-12-03T23:59:47Z,5760,5760,0,14.999925,15.000174999,14.999990717,0.003245798,0,0,0,0,0.0,3.098221,21.621678,1.650866e-12,0.0002065482,0.001441446,False,0.001598,False
2017-12-04,RS01SLBS-MJ01A-06-PRESTA101,1,True,2017-12-04T00:00:02Z,2017-12-04T23:59:47Z,5760,5760,0,14.999925,15.000141144,14.999990888,-0.004541915,0,0,0,0,0.0,3.017752,16.422702,1.773751e-12,0.0002011836,0.001094847,False,0.00123,False
2017-12-05,RS01SLBS-MJ01A-06-PRESTA101,1,True,2017-12-05T00:00:02Z,2017-12-05T23:59:47Z,5760,5760,0,14.999925,15.000172138,14.999990808,-1.1407e-05,0,0,0,0,0.0,3.461952,19.434876,3.53776e-12,0.0002307969,0.001295659,False,0.001279,False
2017-12-06,RS01SLBS-MJ01A-06-PRESTA101,1,True,2017-12-06T00:00:02Z,2017-12-06T23:59:47Z,5760,5760,0,14.999925,15.000170231,14.999990594,0.00141313,0,0,0,0,0.0,3.323952,19.849196,2.673538e-12,0.0002215969,0.001323281,False,0.001684,False
2017-12-07,RS01SLBS-MJ01A-06-PRESTA101,1,True,2017-12-07T00:00:02Z,2017-12-07T23:59:47Z,5760,5760,0,14.999925,15.000145435,14.999990827,-0.002392587,0,0,0,0,0.0,3.590067,18.623811,1.646151e-12,0.0002393379,0.001241588,False,0.001278,False
2017-12-08,RS01SLBS-MJ01A-06-PRESTA101,1,True,2017-12-08T00:00:02Z,2017-12-08T23:59:47Z,5760,5760,0,14.999925,15.000157833,14.999991043,0.003197647,0,0,0,0,0.0,3.039533,20.308524,2.435227e-12,0.0002026356,0.001353902,False,0.001226,False
2017-12-09,RS01SLBS-MJ01A-06-PRESTA101,1,False,,,0,0,,14.999925,,,,,,,,,,,,,,,,False
2017-12-10,RS01SLBS-MJ01A-06-PRESTA101,1,False,,,0,0,,14.999925,,,,,,,,,,,,,,,,False
2017-12-11,RS01SLBS-MJ01A-06-PRESTA101,1,True,2017-12-11T00:00:02Z,2017-12-11T23:59:47Z,5760,5760,0,14.999925,15.000150204,14.999991059,0.003609972,0,0,0,0,0.0,3.371111,19.02617,2.031022e-12,0.0002247409,0.001268412,False,0.001276,False
2017-12-12,RS01SLBS-MJ01A-06-PRESTA101,1,True,2017-12-12T00:00:02Z,2017-12-12T23:59:47Z,5760,5760,0,14.999925,15.000169277,14.999991772,-0.000178227,0,0,0,0,0.0,3.241029,17.59706,2.021176e-12,0.0002160687,0.001173138,False,0.001444,False
2017-12-13,RS01SLBS-MJ01A-06-PRESTA101,1,True,2017-12-13T00:00:02Z,2017-12-13T23:59:47Z,5751,5760,9,14.999925,15.000165462,14.999990236,-0.001744788,3,9,3,9,-0.0,3.429881,18.507698,-1.798193e-12,0.0002286589,0.001233847,False,0.001264,True
2017-12-14,RS01SLBS-MJ01A-06-PRESTA101,1,True,2017-12-14T00:00:02Z,2017-12-14T23:59:47Z,5758,5760,2,14.999925,15.000154018,14.999990943,-0.013357058,1,2,1,2,0.0,3.125944,19.930391,5.52584e-13,0.0002083964,0.001328694,False,0.001326,True
2017-12-15,RS01SLBS-MJ01A-06-PRESTA101,1,True,2017-12-15T00:00:02Z,2017-12-15T23:59:47Z,5760,5760,0,14.999925,15.00015831,14.999991158,-0.002326362,0,0,0,0,0.0,3.32276,18.970401,1.859705e-12,0.0002215175,0.001264694,False,0.001273,False
2017-12-16,RS01SLBS-MJ01A-06-PRESTA101,1,True,2017-12-16T00:00:02Z,2017-12-16T23:59:47Z,5760,5760,0,14.999925,15.000157833,14.999992106,-0.005279833,0,0,0,0,0.0,3.542824,20.805333,3.844686e-13,0.0002361884,0.001387023,False,0.001324,False
2017-12-17,RS01SLBS-MJ01A-06-PRESTA101,1,True,2017-12-17T00:00:02Z,2017-12-17T23:59:47Z,5760,5760,0,14.999925,15.000165939,14.999990694,0.003066293,0,0,0,0,0.0,3.213274,19.255664,1.909606e-12,0.0002142184,0.001283712,False,0.00132,False
2017-12-18,RS01SLBS-MJ01A-06-PRESTA101,1,True,2017-12-18T00:00:02Z,2017-12-18T23:59:47Z,5760,5760,0,14.999925,15.00015831,14.999990555,0.002268219,0,0,0,0,0.0,3.039873,22.145502,2.52031e-12,0.0002026583,0.001476368,False,0.001498,False
2017-12-19,RS01SLBS-MJ01A-06-PRESTA101,1,True,2017-12-19T00:00:02Z,2017-12-19T23:59:46Z,5760,5760,0,14.999925,15.000163078,14.999990984,-5.787e-05,0,0,0,0,0.0,4.067652,19.388238,1.244879e-12,0.000271177,0.00129255,False,0.001272,False
2017-12-20,RS01SLBS-MJ01A-06-PRESTA101,1,True,2017-12-20T00:00:01Z,2017-12-20T23:59:46Z,5760,5760,0,14.999925,15.000170231,14.999990146,0.002617584,0,0,0,0,0.0,3.306144,18.783276,1.642963e-12,0.0002204097,0.001252219,False,0.001264,False
2017-12-21,RS01SLBS-MJ01A-06-PRESTA101,1,True,2017-12-21T00:00:01Z,2017-12-21T23:59:46Z,5760,5760,0,14.999925,15.000145912,14.999990604,-0.002398666,0,0,0,0,0.0,3.081393,22.501426,2.046374e-12,0.0002054263,0.001500096,False,0.001552,False
2017-12-22,RS01SLBS-MJ01A-06-PRESTA101,1,True,2017-12-22T00:00:01Z,2017-12-22T23:59:46Z,5760,5760,0,14.999925,15.00015974,14.999990457,0.004344328,0,0,0,0,0.0,3.128313,16.719979,2.087631e-12,0.0002085543,0.001114666,False,0.001243,False
2017-12-23,RS01SLBS-MJ01A-06-PRESTA101,1,True,2017-12-23T00:00:01Z,2017-12-23T23:59:46Z,5760,5760,0,14.999925,15.000155926,14.999990738,-0.002388764,0,0,0,0,0.0,3.061141,22.44804,1.544305e-12,0.0002040762,0.001496537,False,0.001467,False
2017-12-24,RS01SLBS-MJ01A-06-PRESTA101,1,True,2017-12-24T00:00:01Z,2017-12-24T23:59:46Z,5760,5760,0,14.999925,15.000161171,14.999990948,0.000214628,0,0,0,0,0.0,3.030677,19.720585,2.346028e-12,0.0002020452,0.001314706,False,0.001492,False
2017-12-25,RS01SLBS-MJ01A-06-PRESTA101,1,True,2017-12-25T00:00:01Z,2017-12-25T23:59:46Z,5760,5760,0,14.999925,15.000166893,14.99999055,0.000468735,0,0,0,0,0.0,3.524579,18.700681,2.088915e-12,0.0002349721,0.001246713,False,0.001315,False
2017-12-26,RS01SLBS-MJ01A-06-PRESTA101,1,True,2017-12-26T00:00:01Z,2017-12-26T23:59:46Z,5760,5760,0,14.999925,15.000161171,14.999990541,-0.000708572,0,0,0,0,0.0,3.141632,19.022327,1.270218e-12,0.0002094423,0.001268156,False,0.001347,False
2017-12-27,RS01SLBS-MJ01A-06-PRESTA101,1,True,2017-12-27T00:00:01Z,2017-12-27T23:59:46Z,5760,5760,0,14.999925,15.000149727,14.999989784,-0.001177736,0,0,0,0,0.0,3.087505,18.469228,2.273508e-12,0.0002058338,0.001231283,False,0.001251,False
2017-12-28,RS01SLBS-MJ01A-06-PRESTA101,1,True,2017-12-28T00:00:01Z,2017-12-28T23:59:46Z,5760,5760,0,14.999925,15.000157833,14.999991064,0.001631759,0,0,0,0,0.0,3.96881,19.464588,2.808969e-12,0.0002645875,0.00129764,False,0.001253,False
2017-12-29,RS01SLBS-MJ01A-06-PRESTA101,1,True,2017-12-29T00:00:01Z,2017-12-29T23:59:46Z,5760,5760,0,14.999925,15.00015974,14.999990862,0.000911983,0,0,0,0,0.0,3.041482,20.466222,2.524596e-12,0.0002027656,0.001364416,False,0.001311,False
2017-12-30,RS01SLBS-MJ01A-06-PRESTA101,1,True,2017-12-30T00:00:01Z,2017-12-30T23:59:46Z,5760,5760,0,14.999925,15.000183105,14.999990509,0.002490628,0,0,0,0,0.0,3.217897,20.229749,2.224049e-12,0.0002145266,0.001348651,False,0.001277,False
2017-12-31,RS01SLBS-MJ01A-06-PRESTA101,1,True,2017-12-31T00:00:01Z,2017-12-31T23:59:46Z,5760,5760,0,14.999925,15.000159264,14.999990694,-0.01366517,0,0,0,0,0.0,3.377689,18.264384,1.08593e-12,0.0002251794,0.001217626,False,0.001254,False
2018-01-01,RS01SLBS-MJ01A-06-PRESTA101,1,True,2018-01-01T00:00:01Z,2018-01-01T23:59:46Z,5760,5760,0,14.999925,15.000165939,14.999990515,-0.001485752,0,0,0,0,0.0,3.093543,23.16772,1.762604e-12,0.0002062363,0.001544516,False,0.001345,False
2018-01-02,RS01SLBS-MJ01A-06-PRESTA101,1,True,2018-01-02T00:00:01Z,2018-01-02T23:59:46Z,5760,5760,0,14.999925,15.000181198,14.999990821,0.001168344,0,0,0,0,0.0,3.041451,21.740905,2.060725e-12,0.0002027635,0.001449395,False,0.001656,False
2018-01-03,RS01SLBS-MJ01A-06-PRESTA101,1,True,2018-01-03T00:00:01Z,2018-01-03T23:59:46Z,5760,5760,0,14.999925,15.000157356,14.999990766,-0.003614602,0,0,0,0,0.0,3.22985,17.76688,2.324642e-12,0.0002153235,0.001184459,False,0.001272,False
2018-01-04,RS01SLBS-MJ01A-06-PRESTA101,1,True,2018-01-04T00:00:01Z,2018-01-04T23:59:46Z,5760,5760,0,14.999925,15.000157356,14.999990672,-0.000815127,0,0,0,0,-0.0,3.237989,20.044822,-3.906491e-13,0.0002158661,0.001336322,False,0.001327,False
2018-01-05,RS01SLBS-MJ01A-06-PRESTA101,1,True,2018-01-05T00:00:01Z,2018-01-05T23:59:46Z,5760,5760,0,14.999925,15.000159264,14.999990357,-0.00080666,0,0,0,0,0.0,3.098726,18.529875,2.079228e-12,0.0002065819,0.001235326,False,0.001296,False
2018-01-06,RS01SLBS-MJ01A-06-PRESTA101,1,True,2018-01-06T00:00:01Z,2018-01-06T23:59:46Z,5760,5760,0,14.999925,15.000144005,14.999990966,-0.001014625,0,0,0,0,0.0,3.222689,17.677079,1.1378e-12,0.0002148461,0.001178473,False,0.00124,False
2018-01-07,RS01SLBS-MJ01A-06-PRESTA101,1,True,2018-01-07T00:00:01Z,2018-01-07T23:59:45Z,5760,5760,0,14.999925,15.000152111,14.999990401,-0.001317965,0,0,0,0,0.0,3.136474,23.789929,1.246745e-12,0.0002090984,0.001585996,False,0.001567,False
2018-01-08,RS01SLBS-MJ01A-06-PRESTA101,1,True,2018-01-08T00:00:00Z,2018-01-08T23:59:45Z,5760,5760,0,14.999925,15.000160694,14.999990784,0.001369699,0,0,0,0,0.0,3.234089,20.413893,1.845329e-12,0.0002156061,0.001360927,False,0.001545,False
2018-01-09,RS01SLBS-MJ01A-06-PRESTA101,1,True,2018-01-09T00:00:00Z,2018-01-09T23:59:45Z,5760,5760,0,14.999925,15.00014782,14.999990775,-0.000351766,0,0,0,0,0.0,2.980465,16.872021,5.189382e-13,0.0001986978,0.001124802,False,0.001275,False
2018-01-10,RS01SLBS-MJ01A-06-PRESTA101,1,True,2018-01-10T00:00:00Z,2018-01-10T23:59:45Z,5760,5760,0,14.999925,15.000151634,14.99999039,-0.002304431,0,0,0,0,0.0,3.085097,18.393659,2.594459e-12,0.0002056732,0.001226245,False,0.001567,False
2018-01-11,RS01SLBS-MJ01A-06-PRESTA101,1,True,2018-01-11T00:00:00Z,2018-01-11T23:59:45Z,5760,5760,0,14.999925,15.000152111,14.999990218,0.000181653,0,0,0,0,0.0,3.058777,18.453782,1.952532e-12,0.0002039186,0.001230253,False,0.001269,False
2018-01-12,RS01SLBS-MJ01A-06-PRESTA101,1,True,2018-01-12T00:00:00Z,2018-01-12T23:59:45Z,5760,5760,0,14.999925,15.000164032,14.999990203,-0.0016771,0,0,0,0,0.0,3.051125,17.318616,1.599472e-12,0.0002034085,0.001154575,False,0.001269,False
2018-01-13,RS01SLBS-MJ01A-06-PRESTA101,1,True,2018-01-13T00:00:00Z,2018-01-13T23:59:45Z,5760,5760,0,14.999925,15.000167847,14.999990795,0.001493788,0,0,0,0,0.0,3.342195,18.754886,1.412234e-12,0.0002228131,0.001250326,False,0.00131,False
2018-01-14,RS01SLBS-MJ01A-06-PRESTA101,1,True,2018-01-14T00:00:00Z,2018-01-14T23:59:45Z,5760,5760,0,14.999925,15.000133038,14.999990264,0.004333571,0,0,0,0,0.0,3.136827,17.728462,1.311421e-12,0.0002091219,0.001181898,False,0.00154,False
2018-01-15,RS01SLBS-MJ01A-06-PRESTA101,1,True,2018-01-15T00:00:00Z,2018-01-15T23:59:45Z,5760,5760,0,14.999925,15.000154972,14.999989417,0.010776909,0,0,0,0,0.0,4.137539,21.255552,3.143337e-12,0.0002758361,0.001417038,False,0.001255,False
2018-01-16,RS01SLBS-MJ01A-06-PRESTA101,1,True,2018-01-16T00:00:00Z,2018-01-16T23:59:45Z,5760,5760,0,14.999925,15.000165939,14.999990447,0.005700562,0,0,0,0,0.0,3.190085,18.842505,1.983129e-12,0.0002126725,0.001256168,False,0.001274,False
2018-01-17,RS01SLBS-MJ01A-06-PRESTA101,1,True,2018-01-17T00:00:00Z,2018-01-17T23:59:45Z,5760,5760,0,14.999925,15.000150681,14.999990638,-0.012147477,0,0,0,0,0.0,3.139983,17.153008,4.130955e-12,0.0002093323,0.001143535,False,0.001553,False
2018-01-18,RS01SLBS-MJ01A-06-PRESTA101,1,True,2018-01-18T00:00:00Z,2018-01-18T23:59:45Z,5760,5760,0,14.999925,15.000170708,14.999990779,0.003676816,0,0,0,0,0.0,3.222594,17.318604,1.296297e-12,0.0002148397,0.001154574,False,0.001333,False
2018-01-19,RS01SLBS-MJ01A-06-PRESTA101,1,True,2018-01-19T00:00:00Z,2018-01-19T23:59:49Z,1580,5760,4180,14.999925,15.000185966,15.000785995,-0.178166441,2,4180,2,4180,-0.0,212.066685,439.456856,-4.232789e-14,0.01413704,0.02929559,False,0.212459,True
2018-01-20,RS01SLBS-MJ01A-06-PRESTA101,1,True,2018-01-20T00:00:04Z,2018-01-20T23:59:49Z,5760,5760,0,14.999925,15.000164986,14.999990862,0.003752246,0,0,0,0,0.0,3.101956,19.866715,2.382167e-12,0.0002067972,0.001324448,False,0.001428,False
2018-01-21,RS01SLBS-MJ01A-06-PRESTA101,1,True,2018-01-21T00:00:04Z,2018-01-21T23:59:49Z,5760,5760,0,14.999925,15.000153065,14.999990848,0.000629335,0,0,0,0,0.0,3.074016,23.329035,2.344555e-12,0.0002049345,0.00155527,False,0.00157,False
2018-01-22,RS01SLBS-MJ01A-06-PRESTA101,1,True,2018-01-22T00:00:04Z,2018-01-22T23:59:49Z,5760,5760,0,14.999925,15.000153065,14.999990577,-0.00084455,0,0,0,0,0.0,2.990042,16.610521,1.819963e-12,0.0001993362,0.001107369,False,0.001274,False
2018-01-23,RS01SLBS-MJ01A-06-PRESTA101,1,True,2018-01-23T00:00:04Z,2018-01-23T23:59:49Z,5760,5760,0,14.999925,15.00014782,14.999990844,4.7866e-05,0,0,0,0,0.0,3.103495,17.657928,1.895722e-12,0.0002068998,0.001177196,False,0.001284,False
2018-01-24,RS01SLBS-MJ01A-06-PRESTA101,1,True,2018-01-24T00:00:04Z,2018-01-24T23:59:49Z,5760,5760,0,14.999925,15.000152111,14.99999099,0.000112289,0,0,0,0,0.0,3.250544,18.536817,2.452728e-12,0.0002167031,0.001235789,False,0.001257,False
2018-01-25,RS01SLBS-MJ01A-06-PRESTA101,1,True,2018-01-25T00:00:04Z,2018-01-25T23:59:48Z,5760,5760,0,14.999925,15.000141144,14.999990059,0.002552407,0,0,0,0,0.0,13.564986,999.686447,3.665181e-12,0.000904333,0.06664581,False,0.066799,False
2018-01-26,RS01SLBS-MJ01A-06-PRESTA101,1,True,2018-01-26T00:00:03Z,2018-01-26T23:59:48Z,5760,5760,0,14.999925,15.000172138,14.999990096,0.006108342,0,0,0,0,0.0,3.175034,23.199934,1.811769e-12,0.0002116691,0.001546663,False,0.001359,False
2018-01-27,RS01SLBS-MJ01A-06-PRESTA101,1,True,2018-01-27T00:00:03Z,2018-01-27T23:59:48Z,5760,5760,0,14.999925,15.000166893,14.99999041,-0.001326198,0,0,0,0,0.0,3.059931,19.056682,2.183465e-12,0.0002039955,0.001270446,False,0.001338,False
2018-01-28,RS01SLBS-MJ01A-06-PRESTA101,1,True,2018-01-28T00:00:03Z,2018-01-28T23:59:48Z,5760,5760,0,14.999925,15.000164032,14.999990212,0.000549175,0,0,0,0,0.0,3.301753,17.407536,2.242951e-12,0.000220117,0.001160503,False,0.001225,False
2018-01-29,RS01SLBS-MJ01A-06-PRESTA101,1,True,2018-01-29T00:00:03Z,2018-01-29T23:59:48Z,5760,5760,0,14.999925,15.000158787,14.999990747,-0.000938204,0,0,0,0,0.0,3.101439,18.115057,1.429319e-12,0.0002067627,0.001207671,False,0.001505,False
2018-01-30,RS01SLBS-MJ01A-06-PRESTA101,1,True,2018-01-30T00:00:03Z,2018-01-30T23:59:48Z,5760,5760,0,14.999925,15.000160694,14.999990898,-0.001393974,0,0,0,0,0.0,3.272237,20.375346,2.31642e-12,0.0002181493,0.001358357,False,0.001473,False
2018-01-31,RS01SLBS-MJ01A-06-PRESTA101,1,True,2018-01-31T00:00:03Z,2018-01-31T23:59:48Z,5760,5760,0,14.999925,15.000157833,14.999991032,0.001437807,0,0,0,0,0.0,3.03392,17.306959,6.728531e-13,0.0002022615,0.001153798,False,0.001283,False
2018-02-01,RS01SLBS-MJ01A-06-PRESTA101,1,True,2018-02-01T00:00:03Z,2018-02-01T23:59:48Z,5760,5760,0,14.999925,15.000162125,14.999990277,-0.002653452,0,0,0,0,0.0,3.130074,17.463141,1.447734e-12,0.0002086718,0.00116421,False,0.001265,False
2018-02-02,RS01SLBS-MJ01A-06-PRESTA101,1,True,2018-02-02T00:00:03Z,2018-02-02T23:59:48Z,5760,5760,0,14.999925,15.000134945,14.999990984,0.007217527,0,0,0,0,0.0,3.354381,21.652575,1.850285e-12,0.0002236255,0.001443506,False,0.001387,False
2018-02-03,RS01SLBS-MJ01A-06-PRESTA101,1,True,2018-02-03T00:00:03Z,2018-02-03T23:59:48Z,5760,5760,0,14.999925,15.000146866,14.999991672,-0.005588438,0,0,0,0,0.0,4.61987,22.0386,3.224895e-12,0.0003079915,0.001469241,False,0.001229,False
2018-02-04,RS01SLBS-MJ01A-06-PRESTA101,1,True,2018-02-04T00:00:03Z,2018-02-04T23:59:48Z,5760,5760,0,14.999925,15.000163078,14.999990616,-0.000297397,0,0,0,0,0.0,3.346343,19.128543,3.173856e-12,0.0002230897,0.001275237,False,0.001277,False
2018-02-05,RS01SLBS-MJ01A-06-PRESTA101,1,True,2018-02-05T00:00:03Z,2018-02-05T23:59:48Z,5760,5760,0,14.999925,15.000138283,14.999990482,0.003326098,0,0,0,0,0.0,3.053979,18.652972,1.268626e-12,0.0002035988,0.001243532,False,0.001481,False
2018-02-06,RS01SLBS-MJ01A-06-PRESTA101,1,True,2018-02-06T00:00:03Z,2018-02-06T23:59:48Z,5760,5760,0,14.999925,15.000155926,14.999990089,-0.000448867,0,0,0,0,0.0,3.141229,17.54271,1.427656e-12,0.0002094154,0.001169515,False,0.001276,False
2018-02-07,RS01SLBS-MJ01A-06-PRESTA101,1,True,2018-02-07T00:00:03Z,2018-02-07T23:59:48Z,5760,5760,0,14.999925,15.000164986,14.999990142,0.004922931,0,0,0,0,0.0,3.067302,20.986551,1.790436e-12,0.0002044869,0.001399104,False,0.001371,False
2018-02-08,RS01SLBS-MJ01A-06-PRESTA101,1,True,2018-02-08T00:00:03Z,2018-02-08T23:59:48Z,5760,5760,0,14.999925,15.000154018,14.999990746,0.000464633,0,0,0,0,0.0,3.474015,21.343239,1.810185e-12,0.0002316012,0.001422883,False,0.001478,False
2018-02-09,RS01SLBS-MJ01A-06-PRESTA101,1,True,2018-02-09T00:00:03Z,2018-02-09T23:59:48Z,5760,5760,0,14.999925,15.000165939,14.999991083,-0.001782057,0,0,0,0,0.0,3.30136,18.288729,1.50637e-12,0.0002200908,0.001219249,False,0.001149,False
2018-02-10,RS01SLBS-MJ01A-06-PRESTA101,1,True,2018-02-10T00:00:03Z,2018-02-10T23:59:48Z,5760,5760,0,14.999925,15.000133991,14.999990547,-0.002571434,0,0,0,0,0.0,3.193572,19.062775,1.204131e-12,0.0002129049,0.001270852,False,0.001217,False
2018-02-11,RS01SLBS-MJ01A-06-PRESTA101,1,True,2018-02-11T00:00:03Z,2018-02-11T23:59:48Z,5760,5760,0,14.999925,15.000174999,14.999990538,0.00037305,0,0,0,0,0.0,3.324353,21.798788,1.576205e-12,0.0002216237,0.001453253,False,0.00152,False
2018-02-12,RS01SLBS-MJ01A-06-PRESTA101,1,True,2018-02-12T00:00:03Z,2018-02-12T23:59:48Z,5760,5760,0,14.999925,15.000161171,14.999990617,-0.000821005,0,0,0,0,0.0,3.212569,18.028174,5.782246e-13,0.0002141714,0.001201879,False,0.001267,False
2018-02-13,RS01SLBS-MJ01A-06-PRESTA101,1,True,2018-02-13T00:00:03Z,2018-02-13T23:59:47Z,5760,5760,0,14.999925,15.000139236,14.999990729,-0.002366958,0,0,0,0,0.0,3.404105,18.217393,5.406521e-13,0.0002269405,0.001214494,False,0.001339,False
2018-02-14,RS01SLBS-MJ01A-06-PRESTA101,1,True,2018-02-14T00:00:02Z,2018-02-14T23:59:47Z,5760,5760,0,14.999925,15.000164986,14.999990562,0.002568274,0,0,0,0,0.0,3.158774,18.866151,2.449825e-12,0.000210585,0.001257744,False,0.001298,False
2018-02-15,RS01SLBS-MJ01A-06-PRESTA101,1,True,2018-02-15T00:00:02Z,2018-02-15T23:59:47Z,5760,5760,0,14.999925,15.000162125,14.999990778,0.006714948,0,0,0,0,0.0,4.287104,19.493574,1.322062e-12,0.0002858071,0.001299572,False,0.001408,False
2018-02-16,RS01SLBS-MJ01A-06-PRESTA101,1,True,2018-02-16T00:00:02Z,2018-02-16T23:59:47Z,5760,5760,0,14.999925,15.000151157,14.999991853,0.000211552,0,0,0,0,0.0,3.355691,20.732118,2.225062e-12,0.0002237128,0.001382142,False,0.001505,False
2018-02-17,RS01SLBS-MJ01A-06-PRESTA101,1,True,2018-02-17T00:00:02Z,2018-02-17T23:59:47Z,5760,5760,0,14.999925,15.000152111,14.99999093,-0.001100177,0,0,0,0,0.0,3.254107,18.911841,1.674029e-12,0.0002169406,0.00126079,False,0.001271,False
2018-02-18,RS01SLBS-MJ01A-06-PRESTA101,1,True,2018-02-18T00:00:02Z,2018-02-18T23:59:47Z,5760,5760,0,14.999925,15.000176907,14.99999055,-0.002117894,0,0,0,0,0.0,3.190908,17.161877,2.064661e-12,0.0002127273,0.001144126,False,0.001316,False
2018-02-19,RS01SLBS-MJ01A-06-PRESTA101,1,True,2018-02-19T00:00:02Z,2018-02-19T23:59:47Z,5760,5760,0,14.999925,15.000133991,14.9999907,-0.001203939,0,0,0,0,0.0,3.374223,19.732492,6.649781e-13,0.0002249483,0.0013155,False,0.001298,False
2018-02-20,RS01SLBS-MJ01A-06-PRESTA101,1,True,2018-02-20T00:00:02Z,2018-02-20T23:59:47Z,5140,5760,620,14.999925,15.000165939,14.99999104,-0.000926703,1,620,1,620,-0.0,3.365345,22.352614,-7.780407e-13,0.0002243564,0.001490175,False,0.007314,True
2018-02-21,RS01SLBS-MJ01A-06-PRESTA101,1,True,2018-02-21T00:00:02Z,2018-02-21T23:59:47Z,5760,5760,0,14.999925,15.00013876,14.999991308,-0.005893404,0,0,0,0,0.0,3.813251,21.480689,1.447458e-12,0.0002542169,0.001432047,False,0.00128,False
2018-02-22,RS01SLBS-MJ01A-06-PRESTA101,1,True,2018-02-22T00:00:02Z,2018-02-22T23:59:47Z,5674,5760,86,14.999925,15.000160694,14.999990751,0.001690373,2,86,2,86,0.0,3.094474,22.944969,1.345579e-12,0.0002062984,0.001529666,False,0.0013,True
2018-02-23,RS01SLBS-MJ01A-06-PRESTA101,1,True,2018-02-23T00:00:02Z,2018-02-23T23:59:47Z,5760,5760,0,14.999925,15.000145912,14.999990862,0.001046273,0,0,0,0,0.0,3.124512,16.738919,1.605953e-12,0.0002083009,0.001115929,False,0.001186,False
2018-02-24,RS01SLBS-MJ01A-06-PRESTA101,1,True,2018-02-24T00:00:02Z,2018-02-24T23:59:47Z,5760,5760,0,14.999925,15.000163078,14.999990434,-0.002386283,0,0,0,0,0.0,3.363488,17.940773,1.056083e-12,0.0002242326,0.001196052,False,0.001254,False
2018-02-25,RS01SLBS-MJ01A-06-PRESTA101,1,True,2018-02-25T00:00:02Z,2018-02-25T23:59:47Z,5760,5760,0,14.999925,15.000165939,14.999990859,-0.002660597,0,0,0,0,0.0,3.174048,16.824712,1.891427e-12,0.0002116033,0.001121648,False,0.001267,False
2018-02-26,RS01SLBS-MJ01A-06-PRESTA101,1,True,2018-02-26T00:00:02Z,2018-02-26T23:59:47Z,5760,5760,0,14.999925,15.000161171,14.999990835,-0.002336416,0,0,0,0,0.0,3.103996,18.144302,2.465279e-12,0.0002069332,0.001209621,False,0.001223,False
2018-02-27,RS01SLBS-MJ01A-06-PRESTA101,1,True,2018-02-27T00:00:02Z,2018-02-27T23:59:47Z,5760,5760,0,14.999925,15.000148296,14.999990375,0.00014029,0,0,0,0,0.0,3.162418,17.008769,2.497077e-12,0.000210828,0.001133919,False,0.00148,False
2018-02-28,RS01SLBS-MJ01A-06-PRESTA101,1,True,2018-02-28T00:00:02Z,2018-02-28T23:59:47Z,5760,5760,0,14.999925,15.000148773,14.99999037,-0.00056176,0,0,0,0,0.0,3.029616,22.961687,2.52737e-12,0.0002019745,0.00153078,False,0.001537,False
2018-03-01,RS01SLBS-MJ01A-06-PRESTA101,1,True,2018-03-01T00:00:02Z,2018-03-01T23:59:47Z,5760,5760,0,14.999925,15.000154018,14.999990658,-0.000131295,0,0,0,0,0.0,3.109117,16.704953,2.251743e-12,0.0002072746,0.001113664,False,0.001252,False
2018-03-02,RS01SLBS-MJ01A-06-PRESTA101,1,True,2018-03-02T00:00:02Z,2018-03-02T23:59:47Z,5760,5760,0,14.999925,15.000146866,14.999990994,-0.000929604,0,0,0,0,0.0,3.180942,17.287428,1.403552e-12,0.0002120629,0.001152496,False,0.001296,False
2018-03-03,RS01SLBS-MJ01A-06-PRESTA101,1,True,2018-03-03T00:00:02Z,2018-03-03T23:59:46Z,5760,5760,0,14.999925,15.000144005,14.999990377,0.002468612,0,0,0,0,0.0,18.892986,998.820215,2.784023e-12,0.001259533,0.06658806,False,0.066703,False
2018-03-04,RS01SLBS-MJ01A-06-PRESTA101,1,True,2018-03-04T00:00:01Z,2018-03-04T23:59:46Z,5760,5760,0,14.999925,15.000164032,14.999991189,-0.003269701,0,0,0,0,0.0,3.442965,18.337061,3.129616e-12,0.0002295311,0.001222471,False,0.001273,False
2018-03-05,RS01SLBS-MJ01A-06-PRESTA101,1,True,2018-03-05T00:00:01Z,2018-03-05T23:59:46Z,5760,5760,0,14.999925,15.000146866,14.999990629,-0.000914128,0,0,0,0,0.0,3.113904,17.489976,2.411426e-12,0.0002075938,0.001165999,False,0.001274,False
2018-03-06,RS01SLBS-MJ01A-06-PRESTA101,1,True,2018-03-06T00:00:01Z,2018-03-06T23:59:46Z,5760,5760,0,14.999925,15.000164986,14.999990426,0.002367851,0,0,0,0,0.0,3.071947,20.914585,1.57354e-12,0.0002047966,0.001394307,False,0.001376,False
2018-03-07,RS01SLBS-MJ01A-06-PRESTA101,1,True,2018-03-07T00:00:01Z,2018-03-07T23:59:46Z,5731,5760,29,14.999925,15.000164986,14.999990821,-0.000225043,3,29,3,29,0.0,3.197973,17.151307,1.32672e-12,0.0002131984,0.001143421,False,0.001264,True
2018-03-08,RS01SLBS-MJ01A-06-PRESTA101,1,True,2018-03-08T00:00:01Z,2018-03-08T23:59:46Z,5760,5760,0,14.999925,15.000144958,14.999990928,-0.000859571,0,0,0,0,0.0,3.206556,20.030605,4.881012e-13,0.0002137705,0.001335374,False,0.00125,False
2018-03-09,RS01SLBS-MJ01A-06-PRESTA101,1,True,2018-03-09T00:00:01Z,2018-03-09T23:59:46Z,5760,5760,0,14.999925,15.000166893,14.999990634,-0.000936104,0,0,0,0,0.0,3.096688,19.62537,2.122479e-12,0.000206446,0.001308359,False,0.001369,False
2018-03-10,RS01SLBS-MJ01A-06-PRESTA101,1,True,2018-03-10T00:00:01Z,2018-03-10T20:10:46Z,4844,4844,0,14.999925,15.000162601,14.999990629,-0.002699084,0,0,0,0,0.0,3.464039,18.439885,1.21129e-12,0.0002309361,0.001229326,False,0.001278,False
2018-03-11,RS01SLBS-MJ01A-06-PRESTA101,1,False,,,0,0,,14.999925,,,,,,,,,,,,,,,,False
2018-03-12,RS01SLBS-MJ01A-06-PRESTA101,1,True,2018-03-12T16:30:28Z,2018-03-12T23:59:58Z,1799,1799,0,14.999925,15.000146389,14.999988749,0.001946686,0,0,0,0,-0.0,2.935635,20.366591,-1.17118e-13,0.0001957091,0.001357774,False,0.001375,False
2018-03-13,RS01SLBS-MJ01A-06-PRESTA101,1,True,2018-03-13T00:00:13Z,2018-03-13T23:59:58Z,5760,5760,0,14.999925,15.000155926,14.999989824,0.004380367,0,0,0,0,0.0,3.212481,18.679219,3.122191e-12,0.0002141656,0.001245282,False,0.001277,False
2018-03-14,RS01SLBS-MJ01A-06-PRESTA101,1,True,2018-03-14T00:00:13Z,2018-03-14T23:59:58Z,5760,5760,0,14.999925,15.000136852,14.999990652,0.004470563,0,0,0,0,0.0,3.273412,19.160147,1.209779e-12,0.0002182276,0.001277344,False,0.00159,False
2018-03-15,RS01SLBS-MJ01A-06-PRESTA101,1,True,2018-03-15T00:00:13Z,2018-03-15T23:59:58Z,5760,5760,0,14.999925,15.000134945,14.999990626,-0.001048506,0,0,0,0,0.0,3.211981,22.130729,2.017573e-12,0.0002141322,0.001475383,False,0.001662,False
2018-03-16,RS01SLBS-MJ01A-06-PRESTA101,1,True,2018-03-16T00:00:13Z,2018-03-16T23:59:58Z,5760,5760,0,14.999925,15.000161171,14.999990716,-0.001325494,0,0,0,0,0.0,3.334888,17.945221,2.934288e-12,0.000222326,0.001196349,False,0.001288,False
2018-03-17,RS01SLBS-MJ01A-06-PRESTA101,1,True,2018-03-17T00:00:13Z,2018-03-17T23:59:58Z,5760,5760,0,14.999925,15.000159264,14.999991197,-0.000119052,0,0,0,0,0.0,3.145192,17.018951,1.644009e-12,0.0002096796,0.001134597,False,0.001279,False
2018-03-18,RS01SLBS-MJ01A-06-PRESTA101,1,True,2018-03-18T00:00:13Z,2018-03-18T23:59:58Z,5760,5760,0,14.999925,15.000139236,14.999990302,-0.015824059,0,0,0,0,0.0,3.208719,23.454871,2.356842e-12,0.0002139148,0.001563659,False,0.00155,False
2018-03-19,RS01SLBS-MJ01A-06-PRESTA101,1,True,2018-03-19T00:00:13Z,2018-03-19T23:59:58Z,5760,5760,0,14.999925,15.000155926,14.99999029,-0.000233706,0,0,0,0,0.0,3.117965,16.843977,2.653573e-12,0.0002078645,0.001122933,False,0.001275,False
2018-03-20,RS01SLBS-MJ01A-06-PRESTA101,1,True,2018-03-20T00:00:13Z,2018-03-20T23:59:58Z,5760,5760,0,14.999925,15.000152111,14.999990049,0.001658956,0,0,0,0,-0.0,3.16155,21.110497,-7.717688e-14,0.0002107701,0.001407367,False,0.001377,False
2018-03-21,RS01SLBS-MJ01A-06-PRESTA101,1,True,2018-03-21T00:00:13Z,2018-03-21T23:59:58Z,5760,5760,0,14.999925,15.000156403,14.999990706,0.001106092,0,0,0,0,0.0,3.147986,20.023835,3.07395e-12,0.0002098659,0.001334923,False,0.001353,False
2018-03-22,RS01SLBS-MJ01A-06-PRESTA101,1,True,2018-03-22T00:00:13Z,2018-03-22T23:59:57Z,5760,5760,0,14.999925,15.000172138,14.999991491,-0.000357839,0,0,0,0,0.0,13.62764,1001.052788,1.009279e-12,0.0009085099,0.06673689,False,0.066697,False
2018-03-23,RS01SLBS-MJ01A-06-PRESTA101,1,True,2018-03-23T00:00:12Z,2018-03-23T23:59:57Z,5760,5760,0,14.999925,15.000157833,14.999991206,-0.000966333,0,0,0,0,0.0,3.169588,19.764416,1.250779e-12,0.000211306,0.001317629,False,0.001483,False
2018-03-24,RS01SLBS-MJ01A-06-PRESTA101,1,True,2018-03-24T00:00:12Z,2018-03-24T23:59:57Z,5760,5760,0,14.999925,15.000150204,14.9999904,-0.000400337,0,0,0,0,0.0,3.856154,20.055644,2.010283e-12,0.0002570771,0.001337044,False,0.001193,False
2018-03-25,RS01SLBS-MJ01A-06-PRESTA101,1,True,2018-03-25T00:00:12Z,2018-03-25T23:59:57Z,5760,5760,0,14.999925,15.000170231,14.999990751,0.00439343,0,0,0,0,0.0,5.178183,23.358127,2.411468e-12,0.0003452124,0.001557209,False,0.001248,False
2018-03-26,RS01SLBS-MJ01A-06-PRESTA101,1,True,2018-03-26T00:00:12Z,2018-03-26T23:59:57Z,5760,5760,0,14.999925,15.000151634,14.999990201,0.001498972,0,0,0,0,0.0,3.943021,19.533568,2.419853e-12,0.0002628683,0.001302239,False,0.001533,False
2018-03-27,RS01SLBS-MJ01A-06-PRESTA101,1,True,2018-03-27T00:00:12Z,2018-03-27T23:59:57Z,5760,5760,0,14.999925,15.000164032,14.999990513,0.002115556,0,0,0,0,0.0,3.702228,20.398329,2.318679e-12,0.0002468154,0.001359889,False,0.001309,False
2018-03-28,RS01SLBS-MJ01A-06-PRESTA101,1,True,2018-03-28T00:00:12Z,2018-03-28T23:59:57Z,5760,5760,0,14.999925,15.000167847,14.999990861,0.000197014,0,0,0,0,0.0,3.141337,22.912131,2.963215e-12,0.0002094226,0.001527476,False,0.001591,False
2018-03-29,RS01SLBS-MJ01A-06-PRESTA101,1,True,2018-03-29T00:00:12Z,2018-03-29T23:59:57Z,5760,5760,0,14.999925,15.000175953,14.999990718,-0.001548125,0,0,0,0,-0.0,3.206016,21.076988,-1.387378e-13,0.0002137345,0.001405133,False,0.001405,False
2018-03-30,RS01SLBS-MJ01A-06-PRESTA101,1,True,2018-03-30T00:00:12Z,2018-03-30T23:59:57Z,5760,5760,0,14.999925,15.000173569,14.99999099,-0.002627365,0,0,0,0,0.0,3.480192,19.049925,2.264819e-12,0.000232013,0.001269996,False,0.001245,False
2018-03-31,RS01SLBS-MJ01A-06-PRESTA101,1,True,2018-03-31T00:00:12Z,2018-03-31T23:59:57Z,5760,5760,0,14.999925,15.000160217,14.999990853,-0.000423969,0,0,0,0,0.0,3.234393,21.848,2.673681e-12,0.0002156263,0.001456534,False,0.001505,False
2018-04-01,RS01SLBS-MJ01A-06-PRESTA101,1,True,2018-04-01T00:00:12Z,2018-04-01T23:59:57Z,5760,5760,0,14.999925,15.000164032,14.999991267,0.002819317,0,0,0,0,0.0,3.879653,18.803094,2.040345e-12,0.0002586437,0.00125354,False,0.001266,False
2018-04-02,RS01SLBS-MJ01A-06-PRESTA101,1,True,2018-04-02T00:00:12Z,2018-04-02T23:59:57Z,5760,5760,0,14.999925,15.000143051,14.999990902,0.002911545,0,0,0,0,0.0,3.129153,16.765171,1.978684e-12,0.0002086103,0.001117679,False,0.001376,False
2018-04-03,RS01SLBS-MJ01A-06-PRESTA101,1,True,2018-04-03T00:00:12Z,2018-04-03T23:59:57Z,5760,5760,0,14.999925,15.000155926,14.99999049,0.001091164,0,0,0,0,0.0,3.08921,21.268334,3.3113e-12,0.0002059475,0.00141789,False,0.001536,False
2018-04-04,RS01SLBS-MJ01A-06-PRESTA101,1,True,2018-04-04T00:00:12Z,2018-04-04T23:59:57Z,5760,5760,0,14.999925,15.000162125,14.999990651,-0.011965905,0,0,0,0,0.0,3.177435,19.91881,1.686317e-12,0.0002118291,0.001327921,False,0.00138,False
2018-04-05,RS01SLBS-MJ01A-06-PRESTA101,1,True,2018-04-05T00:00:12Z,2018-04-05T23:59:57Z,5760,5760,0,14.999925,15.000171661,14.999991139,0.001038945,0,0,0,0,0.0,3.253295,17.177865,1.183428e-12,0.0002168865,0.001145192,False,0.001269,False
2018-04-06,RS01SLBS-MJ01A-06-PRESTA101,1,True,2018-04-06T00:00:12Z,2018-04-06T23:59:57Z,5760,5760,0,14.999925,15.00014019,14.999990422,0.00083572,0,0,0,0,0.0,5.093229,22.369993,1.113533e-12,0.0003395488,0.001491334,False,0.0015,False
2018-04-07,RS01SLBS-MJ01A-06-PRESTA101,1,True,2018-04-07T00:00:12Z,2018-04-07T23:59:57Z,5760,5760,0,14.999925,15.000155926,14.999990686,0.003788957,0,0,0,0,0.0,3.436588,18.928924,1.055961e-12,0.000229106,0.001261929,False,0.001362,False
2018-04-08,RS01SLBS-MJ01A-06-PRESTA101,1,True,2018-04-08T00:00:12Z,2018-04-08T23:59:57Z,5760,5760,0,14.999925,15.000141144,14.999991191,-0.00069456,0,0,0,0,0.0,3.786356,19.90833,1.040874e-12,0.0002524239,0.001327223,False,0.001274,False
2018-04-09,RS01SLBS-MJ01A-06-PRESTA101,1,True,2018-04-09T00:00:12Z,2018-04-09T23:59:56Z,5760,5760,0,14.999925,15.000162125,14.999990737,0.004918845,0,0,0,0,0.0,3.153344,22.528267,2.525651e-12,0.0002102231,0.001501885,False,0.001569,False
2018-04-10,RS01SLBS-MJ01A-06-PRESTA101,1,True,2018-04-10T00:00:11Z,2018-04-10T23:59:56Z,5760,5760,0,14.999925,15.000144958,14.999990761,-0.002587022,0,0,0,0,0.0,13.545993,996.574869,1.721052e-12,0.0009030667,0.06643837,False,0.06642,False
2018-04-11,RS01SLBS-MJ01A-06-PRESTA101,1,True,2018-04-11T00:00:11Z,2018-04-11T23:59:56Z,5760,5760,0,14.999925,15.000123978,14.999990674,0.00239496,0,0,0,0,0.0,3.265265,16.856019,2.135621e-12,0.0002176845,0.001123735,False,0.001289,False
2018-04-12,RS01SLBS-MJ01A-06-PRESTA101,1,True,2018-04-12T00:00:11Z,2018-04-12T23:59:56Z,5760,5760,0,14.999925,15.00014925,14.999990799,0.00075815,0,0,0,0,0.0,3.172169,17.768784,2.281129e-12,0.000211478,0.001184586,False,0.001261,False
2018-04-13,RS01SLBS-MJ01A-06-PRESTA101,1,True,2018-04-13T00:00:11Z,2018-04-13T23:59:56Z,5760,5760,0,14.999925,15.000174999,14.999991778,-0.000658816,0,0,0,0,0.0,3.340867,21.904983,7.486922e-13,0.0002227246,0.001460333,False,0.001475,False
2018-04-14,RS01SLBS-MJ01A-06-PRESTA101,1,True,2018-04-14T00:00:11Z,2018-04-14T23:59:56Z,5760,5760,0,14.999925,15.000157833,14.99999113,-0.002461729,0,0,0,0,0.0,3.140857,16.411667,1.027887e-12,0.0002093906,0.001094112,False,0.001295,False
2018-04-15,RS01SLBS-MJ01A-06-PRESTA101,1,True,2018-04-15T00:00:11Z,2018-04-15T23:59:56Z,5760,5760,0,14.999925,15.000153065,14.999990467,0.003412396,0,0,0,0,0.0,3.154641,17.609334,2.081235e-12,0.0002103096,0.001173956,False,0.001396,False
2018-04-16,RS01SLBS-MJ01A-06-PRESTA101,1,True,2018-04-16T00:00:11Z,2018-04-16T23:59:56Z,5760,5760,0,14.999925,15.000174999,14.999990744,0.000955916,0,0,0,0,0.0,3.210064,20.068348,1.81875e-12,0.0002140044,0.001337891,False,0.001377,False
2018-04-17,RS01SLBS-MJ01A-06-PRESTA101,1,True,2018-04-17T00:00:11Z,2018-04-17T23:59:56Z,5760,5760,0,14.999925,15.00015974,14.999990597,0.00128688,0,0,0,0,0.0,3.145474,17.400249,2.206501e-12,0.0002096984,0.001160017,False,0.001267,False
2018-04-18,RS01SLBS-MJ01A-06-PRESTA101,1,True,2018-04-18T00:00:11Z,2018-04-18T23:59:56Z,5760,5760,0,14.999925,15.0001297,14.99999008,0.004825271,0,0,0,0,0.0,3.542388,21.592282,1.390322e-12,0.0002361593,0.001439486,False,0.001521,False
2018-04-19,RS01SLBS-MJ01A-06-PRESTA101,1,True,2018-04-19T00:00:11Z,2018-04-19T23:59:56Z,5757,5760,3,14.999925,15.0001719,14.999990606,-0.000554766,2,3,2,3,0.0,3.041372,20.332791,6.114905e-13,0.0002027583,0.00135552,False,0.001307,True
2018-04-20,RS01SLBS-MJ01A-06-PRESTA101,1,True,2018-04-20T00:00:11Z,2018-04-20T23:59:56Z,5760,5760,0,14.999925,15.000157833,14.999990636,0.000793363,0,0,0,0,0.0,3.315592,17.844574,2.141453e-12,0.0002210396,0.001189639,False,0.00126,False
2018-04-21,RS01SLBS-MJ01A-06-PRESTA101,1,True,2018-04-21T00:00:11Z,2018-04-21T23:59:56Z,5760,5760,0,14.999925,15.000150681,14.999990544,-0.014193699,0,0,0,0,0.0,3.210511,18.602002,1.830972e-12,0.0002140342,0.001240134,False,0.001194,False
2018-04-22,RS01SLBS-MJ01A-06-PRESTA101,1,True,2018-04-22T00:00:11Z,2018-04-22T23:59:56Z,5760,5760,0,14.999925,15.000159264,14.999990605,0.002396261,0,0,0,0,0.0,4.398846,21.284521,2.571047e-12,0.0002932566,0.001418969,False,0.001488,False
2018-04-23,RS01SLBS-MJ01A-06-PRESTA101,1,True,2018-04-23T00:00:11Z,2018-04-23T23:59:56Z,5760,5760,0,14.999925,15.000169754,14.999990608,0.003520076,0,0,0,0,0.0,3.270562,17.783834,1.048067e-12,0.0002180376,0.00118559,False,0.001288,False
2018-04-24,RS01SLBS-MJ01A-06-PRESTA101,1,True,2018-04-24T00:00:11Z,2018-04-24T23:59:56Z,5760,5760,0,14.999925,15.000174046,14.999990747,0.001691449,0,0,0,0,0.0,3.247388,21.269448,3.468914e-12,0.0002164927,0.001417964,False,0.001309,False
2018-04-25,RS01SLBS-MJ01A-06-PRESTA101,1,True,2018-04-25T00:00:11Z,2018-04-25T23:59:56Z,5760,5760,0,14.999925,15.000155449,14.999990592,-0.001739283,0,0,0,0,0.0,3.067569,19.742767,6.6794e-13,0.0002045047,0.001316185,False,0.001504,False
2018-04-26,RS01SLBS-MJ01A-06-PRESTA101,1,True,2018-04-26T00:00:11Z,2018-04-26T23:59:56Z,5758,5760,2,14.999925,15.000174999,14.999990428,0.005015557,1,2,1,2,0.0,3.605031,18.290552,9.276473e-13,0.0002403356,0.001219371,False,0.001261,True
2018-04-27,RS01SLBS-MJ01A-06-PRESTA101,1,True,2018-04-27T00:00:11Z,2018-04-27T23:59:56Z,5760,5760,0,14.999925,15.000151157,14.999990723,-0.004608149,0,0,0,0,0.0,3.481281,18.764555,1.517101e-12,0.0002320855,0.001250971,False,0.001393,False
2018-04-28,RS01SLBS-MJ01A-06-PRESTA101,1,True,2018-04-28T00:00:11Z,2018-04-28T23:59:55Z,5760,5760,0,14.999925,15.000131607,14.999991224,0.002052326,0,0,0,0,0.0,13.676108,996.448421,1.780471e-12,0.000911741,0.06642993,False,0.066659,False
2018-04-29,RS01SLBS-MJ01A-06-PRESTA101,1,True,2018-04-29T00:00:10Z,2018-04-29T23:59:55Z,5760,5760,0,14.999925,15.000166893,14.999991843,-0.005437323,0,0,0,0,0.0,4.031515,20.954716,3.809736e-12,0.0002687678,0.001396982,False,0.001248,False
2018-04-30,RS01SLBS-MJ01A-06-PRESTA101,1,True,2018-04-30T00:00:10Z,2018-04-30T23:59:55Z,5760,5760,0,14.999925,15.000151634,14.999990349,0.001161718,0,0,0,0,0.0,3.211516,17.069362,3.719875e-13,0.0002141012,0.001137958,False,0.001278,False
2018-05-01,RS01SLBS-MJ01A-06-PRESTA101,1,True,2018-05-01T00:00:10Z,2018-05-01T23:59:55Z,5760,5760,0,14.999925,15.000139236,14.999990419,-0.001993152,0,0,0,0,0.0,3.492117,20.119748,2.053069e-12,0.0002328079,0.001341317,False,0.001457,False
2018-05-02,RS01SLBS-MJ01A-06-PRESTA101,1,True,2018-05-02T00:00:10Z,2018-05-02T23:59:55Z,5760,5760,0,14.999925,15.000164032,14.999988978,0.003769396,0,0,0,0,0.0,3.285753,18.469656,8.430642e-13,0.0002190504,0.001231311,False,0.001226,False
2018-05-03,RS01SLBS-MJ01A-06-PRESTA101,1,True,2018-05-03T00:00:10Z,2018-05-03T23:59:55Z,5760,5760,0,14.999925,15.000146866,14.999991287,0.007238528,0,0,0,0,0.0,3.509002,22.866845,2.494613e-12,0.0002339336,0.001524457,False,0.001498,False
2018-05-04,RS01SLBS-MJ01A-06-PRESTA101,1,True,2018-05-04T00:00:10Z,2018-05-04T23:59:55Z,5760,5760,0,14.999925,15.000142097,14.999990899,0.000469854,0,0,0,0,0.0,3.65378,23.173405,1.595082e-12,0.0002435855,0.001544895,False,0.001357,False
2018-05-05,RS01SLBS-MJ01A-06-PRESTA101,1,True,2018-05-05T00:00:10Z,2018-05-05T23:59:55Z,5760,5760,0,14.999925,15.000143051,14.999991376,-0.001281774,0,0,0,0,0.0,4.518095,20.47868,1.25469e-12,0.0003012065,0.001365246,False,0.00131,False
2018-05-06,RS01SLBS-MJ01A-06-PRESTA101,1,True,2018-05-06T00:00:10Z,2018-05-06T23:59:55Z,5760,5760,0,14.999925,15.000162125,14.999990147,0.001082634,0,0,0,0,0.0,3.223949,20.427761,1.349788e-12,0.0002149301,0.001361852,False,0.001658,False
2018-05-07,RS01SLBS-MJ01A-06-PRESTA101,1,True,2018-05-07T00:00:10Z,2018-05-07T23:59:55Z,5760,5760,0,14.999925,15.00014925,14.999989342,0.001386065,0,0,0,0,0.0,3.304218,18.024944,2.265308e-12,0.0002202814,0.001201664,False,0.001262,False
2018-05-08,RS01SLBS-MJ01A-06-PRESTA101,1,True,2018-05-08T00:00:10Z,2018-05-08T23:59:55Z,5760,5760,0,14.999925,15.000152111,14.999990458,-0.006771601,0,0,0,0,0.0,3.703314,19.245019,3.044594e-12,0.0002468877,0.001283002,False,0.001276,False
2018-05-09,RS01SLBS-MJ01A-06-PRESTA101,1,True,2018-05-09T00:00:10Z,2018-05-09T23:59:55Z,5760,5760,0,14.999925,15.000154972,14.999990611,-0.000730087,0,0,0,0,0.0,3.305327,22.036844,7.363037e-13,0.0002203552,0.001469124,False,0.001573,False
2018-05-10,RS01SLBS-MJ01A-06-PRESTA101,1,True,2018-05-10T00:00:10Z,2018-05-10T23:59:55Z,5760,5760,0,14.999925,15.000137806,14.999990167,0.000215285,0,0,0,0,0.0,3.303312,18.568166,2.526468e-12,0.0002202209,0.001237879,False,0.001266,False
2018-05-11,RS01SLBS-MJ01A-06-PRESTA101,1,True,2018-05-11T00:00:10Z,2018-05-11T23:59:55Z,5760,5760,0,14.999925,15.000162125,14.999990522,0.001304647,0,0,0,0,0.0,5.401101,21.565904,1.714191e-12,0.0003600736,0.001437728,False,0.001243,False
2018-05-12,RS01SLBS-MJ01A-06-PRESTA101,1,True,2018-05-12T00:00:10Z,2018-05-12T23:59:55Z,5760,5760,0,14.999925,15.00014782,14.999989129,-0.001844081,0,0,0,0,0.0,3.330016,18.344273,1.710532e-12,0.0002220012,0.001222952,False,0.001311,False
2018-05-13,RS01SLBS-MJ01A-06-PRESTA101,1,True,2018-05-13T00:00:10Z,2018-05-13T23:59:55Z,5760,5760,0,14.999925,15.000152111,14.999990968,0.000657343,0,0,0,0,0.0,3.073943,17.180759,2.308701e-12,0.0002049297,0.001145385,False,0.001514,False
2018-05-14,RS01SLBS-MJ01A-06-PRESTA101,1,True,2018-05-14T00:00:10Z,2018-05-14T23:59:55Z,5760,5760,0,14.999925,15.000154972,14.999990492,-0.002244462,0,0,0,0,0.0,3.588722,18.393886,2.247145e-12,0.0002392483,0.00122626,False,0.001277,False
2018-05-15,RS01SLBS-MJ01A-06-PRESTA101,1,True,2018-05-15T00:00:10Z,2018-05-15T23:59:55Z,5760,5760,0,14.999925,15.000151157,14.999989942,0.002561775,0,0,0,0,0.0,3.946039,23.416144,1.661989e-12,0.0002630694,0.001561077,False,0.001396,False
2018-05-16,RS01SLBS-MJ01A-06-PRESTA101,1,True,2018-05-16T00:00:10Z,2018-05-16T23:59:55Z,5760,5760,0,14.999925,15.000154972,14.999990457,0.009333954,0,0,0,0,0.0,3.643804,19.08944,1.481994e-12,0.0002429204,0.00127263,False,0.001278,False
2018-05-17,RS01SLBS-MJ01A-06-PRESTA101,1,True,2018-05-17T00:00:10Z,2018-05-17T23:59:54Z,5760,5760,0,14.999925,15.000139236,14.999991673,-5.1703e-05,0,0,0,0,0.0,13.9227,997.235761,3.80275e-12,0.0009281805,0.06648242,False,0.066615,False
2018-05-18,RS01SLBS-MJ01A-06-PRESTA101,1,True,2018-05-18T00:00:09Z,2018-05-18T23:59:54Z,5751,5760,9,14.999925,15.000134706,14.999995241,-0.010643195,2,9,2,9,0.0,5.284885,20.960514,8.68134e-13,0.0003523258,0.001397368,False,0.001543,True
2018-05-19,RS01SLBS-MJ01A-06-PRESTA101,1,True,2018-05-19T00:00:09Z,2018-05-19T23:59:54Z,5760,5760,0,14.999925,15.000133991,14.999991341,-0.00663615,0,0,0,0,0.0,3.652361,20.07531,2.576972e-12,0.0002434908,0.001338355,False,0.00152,False
2018-05-20,RS01SLBS-MJ01A-06-PRESTA101,1,True,2018-05-20T00:00:09Z,2018-05-20T23:59:54Z,5760,5760,0,14.999925,15.000166893,14.999989981,0.003867869,0,0,0,0,0.0,3.559924,18.705557,3.120969e-12,0.0002373284,0.001247038,False,0.001214,False
2018-05-21,RS01SLBS-MJ01A-06-PRESTA101,1,True,2018-05-21T00:00:09Z,2018-05-21T23:59:54Z,5760,5760,0,14.999925,15.000154018,14.999990535,0.003003015,0,0,0,0,0.0,3.164195,20.397369,1.907327e-12,0.0002109465,0.001359825,False,0.001491,False
2018-05-22,RS01SLBS-MJ01A-06-PRESTA101,1,True,2018-05-22T00:00:09Z,2018-05-22T23:59:54Z,5760,5760,0,14.999925,15.000166893,14.999990311,-0.001589646,0,0,0,0,0.0,3.161515,19.773152,2.503181e-12,0.0002107678,0.001318211,False,0.001221,False
2018-05-23,RS01SLBS-MJ01A-06-PRESTA101,1,True,2018-05-23T00:00:09Z,2018-05-23T23:59:54Z,5760,5760,0,14.999925,15.000147343,14.999989443,5.1599e-05,0,0,0,0,0.0,4.386453,21.056262,1.026088e-12,0.0002924304,0.001403752,False,0.001226,False
2018-05-24,RS01SLBS-MJ01A-06-PRESTA101,1,True,2018-05-24T00:00:09Z,2018-05-24T23:59:54Z,5760,5760,0,14.999925,15.000155926,14.999990854,0.007829302,0,0,0,0,0.0,3.59974,20.824166,1.977689e-12,0.0002399828,0.001388279,False,0.001303,False
2018-05-25,RS01SLBS-MJ01A-06-PRESTA101,1,True,2018-05-25T00:00:09Z,2018-05-25T23:59:54Z,5760,5760,0,14.999925,15.000163078,14.999990852,-0.013926202,0,0,0,0,0.0,3.791614,20.940701,1.878307e-12,0.0002527745,0.001396048,False,0.001359,False
2018-05-26,RS01SLBS-MJ01A-06-PRESTA101,1,True,2018-05-26T00:00:09Z,2018-05-26T23:59:54Z,5760,5760,0,14.999925,15.000152111,14.999990906,-0.00252396,0,0,0,0,0.0,3.735787,19.081219,2.141462e-12,0.0002490526,0.001272082,False,0.001273,False
2018-05-27,RS01SLBS-MJ01A-06-PRESTA101,1,True,2018-05-27T00:00:09Z,2018-05-27T23:59:54Z,5760,5760,0,14.999925,15.00016737,14.999990874,-0.000461231,0,0,0,0,0.0,4.038874,21.59122,2.980573e-12,0.0002692584,0.001439416,False,0.001261,False
2018-05-28,RS01SLBS-MJ01A-06-PRESTA101,1,True,2018-05-28T00:00:09Z,2018-05-28T23:59:54Z,5760,5760,0,14.999925,15.000151634,14.999990546,0.000553758,0,0,0,0,0.0,3.338179,18.986708,2.246902e-12,0.0002225454,0.001265781,False,0.001284,False
2018-05-29,RS01SLBS-MJ01A-06-PRESTA101,1,True,2018-05-29T00:00:09Z,2018-05-29T23:59:54Z,5760,5760,0,14.999925,15.000142097,14.999990916,0.004659539,0,0,0,0,0.0,3.108313,18.200986,3.052433e-12,0.000207221,0.0012134,False,0.001322,False
2018-05-30,RS01SLBS-MJ01A-06-PRESTA101,1,True,2018-05-30T00:00:09Z,2018-05-30T23:59:54Z,5760,5760,0,14.999925,15.000154018,14.999990764,9.6622e-05,0,0,0,0,0.0,3.181105,21.711401,1.670847e-12,0.0002120738,0.001447428,False,0.001575,False
2018-05-31,RS01SLBS-MJ01A-06-PRESTA101,1,True,2018-05-31T00:00:09Z,2018-05-31T23:59:54Z,5760,5760,0,14.999925,15.000152111,14.999990733,-0.003581067,0,0,0,0,0.0,3.475561,20.1331,9.141547e-14,0.0002317042,0.001342207,False,0.001247,False
2018-06-01,RS01SLBS-MJ01A-06-PRESTA101,1,True,2018-06-01T00:00:09Z,2018-06-01T23:59:54Z,5760,5760,0,14.999925,15.000164032,14.999990995,-0.000749212,0,0,0,0,0.0,3.384999,18.834331,1.421861e-12,0.0002256667,0.001255623,False,0.00129,False
2018-06-02,RS01SLBS-MJ01A-06-PRESTA101,1,True,2018-06-02T00:00:09Z,2018-06-02T23:59:54Z,5760,5760,0,14.999925,15.000159264,14.999990853,0.001795153,0,0,0,0,0.0,3.256228,18.363398,2.17013e-12,0.000217082,0.001224227,False,0.001561,False
2018-06-03,RS01SLBS-MJ01A-06-PRESTA101,1,True,2018-06-03T00:00:09Z,2018-06-03T23:59:54Z,5760,5760,0,14.999925,15.000154018,14.999990561,-0.001549895,0,0,0,0,0.0,3.092514,17.319829,1.774066e-12,0.0002061678,0.001154656,False,0.001266,False
2018-06-04,RS01SLBS-MJ01A-06-PRESTA101,1,True,2018-06-04T00:00:09Z,2018-06-04T23:59:53Z,5760,5760,0,14.999925,15.000158787,14.999990098,0.000460726,0,0,0,0,0.0,13.630201,995.398269,1.691189e-12,0.0009086806,0.06635993,False,0.066664,False
2018-06-05,RS01SLBS-MJ01A-06-PRESTA101,1,True,2018-06-05T00:00:08Z,2018-06-05T23:59:53Z,5760,5760,0,14.999925,15.000145912,14.99999125,0.006252021,0,0,0,0,0.0,4.144206,19.473006,1.153448e-12,0.0002762805,0.001298201,False,0.001255,False
2018-06-06,RS01SLBS-MJ01A-06-PRESTA101,1,True,2018-06-06T00:00:08Z,2018-06-06T23:59:53Z,5760,5760,0,14.999925,15.000157356,14.999990606,-0.005027394,0,0,0,0,0.0,3.415262,18.122771,2.257281e-12,0.0002276843,0.001208185,False,0.00128,False
2018-06-07,RS01SLBS-MJ01A-06-PRESTA101,1,True,2018-06-07T00:00:08Z,2018-06-07T23:59:53Z,5760,5760,0,14.999925,15.000169277,14.999990182,0.003341997,0,0,0,0,0.0,3.310816,18.233448,1.155361e-12,0.0002207212,0.001215564,False,0.001357,False
2018-06-08,RS01SLBS-MJ01A-06-PRESTA101,1,True,2018-06-08T00:00:08Z,2018-06-08T23:59:53Z,5760,5760,0,14.999925,15.000162125,14.999990014,0.002339738,0,0,0,0,0.0,3.785766,19.502602,2.002335e-12,0.0002523845,0.001300174,False,0.001554,False
2018-06-09,RS01SLBS-MJ01A-06-PRESTA101,1,True,2018-06-09T00:00:08Z,2018-06-09T23:59:53Z,5760,5760,0,14.999925,15.000159264,14.999990396,-0.003703005,0,0,0,0,0.0,3.225099,18.190529,1.925061e-12,0.0002150067,0.001212703,False,0.001269,False
2018-06-10,RS01SLBS-MJ01A-06-PRESTA101,1,True,2018-06-10T00:00:08Z,2018-06-10T23:59:53Z,5760,5760,0,14.999925,15.000146866,14.999990604,0.000908123,0,0,0,0,0.0,3.000753,17.048344,3.231093e-12,0.0002000503,0.001136557,False,0.001294,False
2018-06-11,RS01SLBS-MJ01A-06-PRESTA101,1,True,2018-06-11T00:00:08Z,2018-06-11T23:59:53Z,5760,5760,0,14.999925,15.000170708,14.999990004,-0.012626875,0,0,0,0,0.0,3.621565,21.935625,1.756989e-13,0.0002414378,0.001462376,False,0.001545,False
2018-06-12,RS01SLBS-MJ01A-06-PRESTA101,1,True,2018-06-12T00:00:08Z,2018-06-12T23:59:53Z,5760,5760,0,14.999925,15.000164032,14.999989799,-0.001219496,0,0,0,0,0.0,3.310675,18.009094,8.96836e-13,0.0002207118,0.001200607,False,0.00122,False
2018-06-13,RS01SLBS-MJ01A-06-PRESTA101,1,True,2018-06-13T00:00:08Z,2018-06-13T23:59:53Z,5760,5760,0,14.999925,15.000161171,14.999990475,0.003883134,0,0,0,0,0.0,3.083019,20.46406,1.534675e-12,0.0002055348,0.001364272,False,0.001266,False
2018-06-14,RS01SLBS-MJ01A-06-PRESTA101,1,True,2018-06-14T00:00:08Z,2018-06-14T23:59:53Z,5760,5760,0,14.999925,15.000146866,14.999990991,0.006239052,0,0,0,0,0.0,3.377383,21.613765,6.880265e-13,0.000225159,0.001440919,False,0.001684,False
2018-06-15,RS01SLBS-MJ01A-06-PRESTA101,1,True,2018-06-15T00:00:08Z,2018-06-15T23:59:53Z,5760,5760,0,14.999925,15.00017786,14.99999076,0.005502395,0,0,0,0,0.0,3.141833,17.495587,2.028991e-12,0.0002094556,0.001166373,False,0.001284,False
2018-06-16,RS01SLBS-MJ01A-06-PRESTA101,1,True,2018-06-16T00:00:08Z,2018-06-16T23:59:53Z,5754,5760,6,14.999925,15.00014925,14.999990789,-5.986e-06,1,6,1,6,0.0,3.016993,17.884073,2.833578e-13,0.000201133,0.001192272,False,0.001269,True
2018-06-17,RS01SLBS-MJ01A-06-PRESTA101,1,True,2018-06-17T00:00:08Z,2018-06-17T23:59:53Z,5760,5760,0,14.999925,15.000162125,14.99999108,-0.000449725,0,0,0,0,0.0,3.143416,18.430498,1.310133e-12,0.0002095612,0.001228701,False,0.001464,False
2018-06-18,RS01SLBS-MJ01A-06-PRESTA101,1,True,2018-06-18T00:00:08Z,2018-06-18T23:59:53Z,5760,5760,0,14.999925,15.000156879,14.999990892,-0.003303943,0,0,0,0,0.0,4.826823,23.462879,1.128568e-12,0.0003217884,0.001564193,False,0.001289,False
2018-06-19,RS01SLBS-MJ01A-06-PRESTA101,1,True,2018-06-19T00:00:08Z,2018-06-19T23:59:53Z,5760,5760,0,14.999925,15.000154972,14.999991392,0.001047414,0,0,0,0,0.0,4.031074,20.771185,1.187955e-12,0.0002687384,0.001384746,False,0.001403,False
2018-06-20,RS01SLBS-MJ01A-06-PRESTA101,1,True,2018-06-20T00:00:08Z,2018-06-20T23:59:53Z,5760,5760,0,14.999925,15.00014782,14.99999064,-0.002317727,0,0,0,0,0.0,3.164916,17.436138,2.162833e-12,0.0002109945,0.00116241,False,0.001252,False
2018-06-21,RS01SLBS-MJ01A-06-PRESTA101,1,True,2018-06-21T00:00:08Z,2018-06-21T23:59:53Z,5760,5760,0,14.999925,15.000154972,14.999990384,-0.001640644,0,0,0,0,0.0,3.016146,17.084374,2.380659e-12,0.0002010765,0.001138959,False,0.00123,False
2018-06-22,RS01SLBS-MJ01A-06-PRESTA101,1,True,2018-06-22T00:00:08Z,2018-06-22T23:59:53Z,5760,5760,0,14.999925,15.000156879,14.999990603,-6.175e-06,0,0,0,0,0.0,3.089064,18.46717,1.417898e-12,0.0002059377,0.001231145,False,0.001365,False
2018-06-23,RS01SLBS-MJ01A-06-PRESTA101,1,True,2018-06-23T00:00:08Z,2018-06-23T23:59:52Z,5760,5760,0,14.999925,15.000166893,14.999991036,0.000713757,0,0,0,0,0.0,18.887978,1002.331934,1.006972e-12,0.001259199,0.06682217,False,0.067052,False
2018-06-24,RS01SLBS-MJ01A-06-PRESTA101,1,True,2018-06-24T00:00:07Z,2018-06-24T23:59:52Z,5760,5760,0,14.999925,15.000142097,14.999990398,-0.001318151,0,0,0,0,0.0,3.154543,16.704621,3.264446e-12,0.000210303,0.001113642,False,0.001266,False
2018-06-25,RS01SLBS-MJ01A-06-PRESTA101,1,True,2018-06-25T00:00:07Z,2018-06-25T23:59:52Z,5760,5760,0,14.999925,15.000150204,14.999989968,0.006727086,0,0,0,0,0.0,3.195352,20.120511,3.231957e-12,0.0002130236,0.001341368,False,0.001326,False
2018-06-26,RS01SLBS-MJ01A-06-PRESTA101,1,True,2018-06-26T00:00:07Z,2018-06-26T03:47:52Z,912,912,0,14.999925,15.000188828,14.999992422,0.001151051,0,0,0,0,-0.0,2.920848,15.134437,-3.657366e-13,0.0001947233,0.001008963,False,0.001284,False
2018-06-27,RS01SLBS-MJ01A-06-PRESTA101,2,True,2018-06-27T00:00:00Z,2018-06-27T23:59:59Z,86400,86400,0,1.0,1.000553608,1.000000369,-0.00056116,0,0,0,0,-0.0,4.743004,25.036163,-6.187911e-13,0.004743003,0.02503615,False,0.024038,False
2018-06-28,RS01SLBS-MJ01A-06-PRESTA101,2,True,2018-06-28T00:00:00Z,2018-06-28T23:59:59Z,86400,86400,0,1.0,1.000526905,1.000000368,0.001929316,0,0,0,0,0.0,3.227125,22.45255,5.0818e-11,0.003227124,0.02245254,False,0.020865,False
2018-06-29,RS01SLBS-MJ01A-06-PRESTA101,2,True,2018-06-29T00:00:00Z,2018-06-29T23:59:59Z,86400,86400,0,1.0,1.000527859,1.00000037,0.000600165,0,0,0,0,0.0,3.215392,24.758751,4.342225e-12,0.003215391,0.02475874,False,0.020566,False
2018-06-30,RS01SLBS-MJ01A-06-PRESTA101,2,True,2018-06-30T00:00:00Z,2018-06-30T23:59:59Z,86400,86400,0,1.0,1.000527382,1.000000369,-0.00224061,0,0,0,0,-0.0,3.292991,21.225147,-1.898628e-11,0.00329299,0.02122514,False,0.024148,False
2018-07-01,RS01SLBS-MJ01A-06-PRESTA101,2,True,2018-07-01T00:00:00Z,2018-07-01T23:59:59Z,86400,86400,0,1.0,1.000526905,1.000000387,-0.00152698,0,0,0,0,-0.0,3.342754,23.518418,-1.732863e-11,0.003342753,0.02351841,False,0.024225,False
2018-07-02,RS01SLBS-MJ01A-06-PRESTA101,2,True,2018-07-02T00:00:00Z,2018-07-02T23:59:59Z,86400,86400,0,1.0,1.000531673,1.000000351,0.004087218,0,0,0,0,-0.0,3.329383,24.358273,-2.309591e-12,0.003329382,0.02435826,False,0.023532,False
2018-07-03,RS01SLBS-MJ01A-06-PRESTA101,2,True,2018-07-03T00:00:00Z,2018-07-03T23:59:59Z,86400,86400,0,1.0,1.000551701,1.000000364,0.003359779,0,0,0,0,-0.0,3.384131,24.443477,-5.455914e-11,0.00338413,0.02444347,False,0.025379,False
2018-07-04,RS01SLBS-MJ01A-06-PRESTA101,2,True,2018-07-04T00:00:00Z,2018-07-04T23:59:59Z,86400,86400,0,1.0,1.000527859,1.000000342,0.00658805,0,0,0,0,-0.0,3.485325,21.438467,-9.986326e-11,0.003485324,0.02143846,False,0.023395,False
2018-07-05,RS01SLBS-MJ01A-06-PRESTA101,2,True,2018-07-05T00:00:00Z,2018-07-05T23:59:59Z,86325,86400,75,1.0,1.000529766,1.000000343,-0.002157892,5,75,5,75,-0.0,3.091485,132.027499,-5.652596e-11,0.003091484,0.1320275,False,0.1313,True
2018-07-06,RS01SLBS-MJ01A-06-PRESTA101,2,True,2018-07-06T00:00:00Z,2018-07-06T23:59:59Z,86173,86400,227,1.0,1.000530243,1.000000343,0.000207026,6,227,6,229,-0.0,3.11515,149.334304,-4.661057e-12,0.003115149,0.1493343,False,0.150635,True
2018-07-07,RS01SLBS-MJ01A-06-PRESTA101,2,True,2018-07-07T00:00:00Z,2018-07-07T23:59:59Z,86400,86400,0,1.0,1.000526428,1.000000346,0.001761098,0,0,0,0,-0.0,3.255846,22.429061,-3.63602e-12,0.003255845,0.02242905,False,0.020449,False
2018-07-08,RS01SLBS-MJ01A-06-PRESTA101,2,True,2018-07-08T00:00:00Z,2018-07-08T23:59:59Z,86400,86400,0,1.0,1.00057888,1.000000295,0.002003562,0,0,0,0,-0.0,3.118539,23.028641,-6.178472e-11,0.003118538,0.02302863,False,0.023794,False
2018-07-09,RS01SLBS-MJ01A-06-PRESTA101,2,True,2018-07-09T00:00:00Z,2018-07-09T23:59:59Z,86400,86400,0,1.0,1.000594139,1.000000347,0.000702968,0,0,0,0,0.0,3.210094,21.652066,1.960509e-11,0.003210093,0.02165206,False,0.025801,False
2018-07-10,RS01SLBS-MJ01A-06-PRESTA101,2,True,2018-07-10T00:00:00Z,2018-07-10T23:59:59Z,86400,86400,0,1.0,1.000535965,1.000000356,0.001722785,0,0,0,0,0.0,3.049698,22.010449,1.981266e-11,0.003049697,0.02201044,False,0.024644,False
2018-07-11,RS01SLBS-MJ01A-06-PRESTA101,2,True,2018-07-11T00:00:00Z,2018-07-11T23:59:59Z,86400,86400,0,1.0,1.000595093,1.000000328,-0.002294377,0,0,0,0,-0.0,3.042397,21.985336,-1.591689e-11,0.003042396,0.02198533,False,0.024951,False
2018-07-12,RS01SLBS-MJ01A-06-PRESTA101,2,True,2018-07-12T00:00:00Z,2018-07-12T23:59:59Z,86400,86400,0,1.0,1.000595093,1.000000357,8.8809e-05,0,0,0,0,0.0,3.063918,23.972468,4.617109e-11,0.003063917,0.02397246,False,0.025147,False
2018-07-13,RS01SLBS-MJ01A-06-PRESTA101,2,True,2018-07-13T00:00:00Z,2018-07-13T23:59:59Z,86400,86400,0,1.0,1.000600338,1.000000365,0.002006845,0,0,0,0,-0.0,3.334524,25.512202,-5.254293e-11,0.003334523,0.02551219,False,0.024698,False
2018-07-14,RS01SLBS-MJ01A-06-PRESTA101,2,True,2018-07-14T00:00:00Z,2018-07-14T23:59:59Z,86399,86399,0,1.0,1.000594139,1.000000347,-0.000615191,0,0,12,12,0.0,3.488442,23.403769,1.579696e-11,0.003488441,0.02340376,False,0.020643,False
2018-07-15,RS01SLBS-MJ01A-06-PRESTA101,2,True,2018-07-15T00:00:00Z,2018-07-15T23:59:59Z,86400,86400,0,1.0,1.000594616,1.000000388,0.001239513,0,0,0,0,-0.0,3.209192,24.555612,-4.911545e-11,0.003209191,0.0245556,False,0.027006,False
2018-07-16,RS01SLBS-MJ01A-06-PRESTA101,2,True,2018-07-16T00:00:00Z,2018-07-16T23:59:59Z,86400,86400,0,1.0,1.000593185,1.000000373,0.002012332,0,0,0,0,-0.0,3.213198,23.896089,-5.687795e-11,0.003213197,0.02389608,False,0.023876,False
2018-07-17,RS01SLBS-MJ01A-06-PRESTA101,2,True,2018-07-17T00:00:00Z,2018-07-17T23:59:59Z,85641,86400,759,1.0,1.000535011,1.000000361,0.000207693,1,759,1,759,-0.0,3.339581,23.753926,-1.119717e-11,0.00333958,0.02375392,False,0.407531,True
2018-07-18,RS01SLBS-MJ01A-06-PRESTA101,2,True,2018-07-18T00:00:00Z,2018-07-18T23:59:59Z,86400,86400,0,1.0,1.000594139,1.000000336,-0.001500285,0,0,0,0,-0.0,3.041941,22.139896,-5.473371e-11,0.00304194,0.02213989,False,0.020656,False
2018-07-19,RS01SLBS-MJ01A-06-PRESTA101,2,True,2018-07-19T00:00:00Z,2018-07-19T23:59:59Z,86400,86400,0,1.0,1.000593662,1.000000337,0.000118017,0,0,0,0,0.0,3.161711,20.884602,3.775697e-11,0.00316171,0.02088459,False,0.020838,False
2018-07-20,RS01SLBS-MJ01A-06-PRESTA101,2,True,2018-07-20T00:00:00Z,2018-07-20T23:59:59Z,86400,86400,0,1.0,1.000592232,1.000000352,-0.000463436,0,0,0,0,0.0,3.176847,23.11565,5.668197e-11,0.003176846,0.02311564,False,0.023907,False
2018-07-21,RS01SLBS-MJ01A-06-PRESTA101,2,True,2018-07-21T00:00:00Z,2018-07-21T23:59:59Z,86400,86400,0,1.0,1.000594616,1.000000338,0.005081777,0,0,0,0,-0.0,3.446491,23.496385,-2.912462e-11,0.003446489,0.02349638,False,0.02507,False
2018-07-22,RS01SLBS-MJ01A-06-PRESTA101,2,True,2018-07-22T00:00:00Z,2018-07-22T23:59:59Z,86400,86400,0,1.0,1.000590324,1.000000372,-0.011554569,0,0,0,0,-0.0,3.384941,23.955205,-1.140767e-10,0.00338494,0.0239552,False,0.026275,False
2018-07-23,RS01SLBS-MJ01A-06-PRESTA101,2,True,2018-07-23T00:00:00Z,2018-07-23T23:59:59Z,86400,86400,0,1.0,1.000594139,1.000000346,-0.000257303,0,0,0,0,-0.0,3.079918,23.798626,-6.413517e-11,0.003079917,0.02379862,False,0.025237,False
2018-07-24,RS01SLBS-MJ01A-06-PRESTA101,2,True,2018-07-24T00:00:00Z,2018-07-24T23:59:59Z,86400,86400,0,1.0,1.000534058,1.000000338,-0.001379974,0,0,0,0,-0.0,3.089507,23.650947,-4.658203e-11,0.003089506,0.02365094,False,0.027539,False
2018-07-25,RS01SLBS-MJ01A-06-PRESTA101,2,True,2018-07-25T00:00:00Z,2018-07-25T23:59:59Z,86400,86400,0,1.0,1.000594139,1.000000343,0.001490013,0,0,0,0,0.0,2.978648,22.064151,4.643466e-11,0.002978647,0.02206414,False,0.023862,False
2018-07-26,RS01SLBS-MJ01A-06-PRESTA101,2,True,2018-07-26T00:00:00Z,2018-07-26T23:59:59Z,86400,86400,0,1.0,1.000596046,1.000000365,0.001251655,0,0,0,0,-0.0,3.505864,22.984671,-1.123379e-10,0.003505863,0.02298466,False,0.024265,False
2018-07-27,RS01SLBS-MJ01A-06-PRESTA101,2,True,2018-07-27T00:00:00Z,2018-07-27T23:59:59Z,86400,86400,0,1.0,1.000597,1.000000342,0.008056722,0,0,0,0,0.0,3.500652,23.565874,2.126642e-11,0.003500651,0.02356587,False,0.023395,False
2018-07-28,RS01SLBS-MJ01A-06-PRESTA101,2,True,2018-07-28T00:00:00Z,2018-07-28T23:59:59Z,86400,86400,0,1.0,1.000599861,1.000000366,0.000134341,0,0,0,0,-0.0,3.138808,24.521613,-6.321172e-11,0.003138806,0.0245216,False,0.024178,False
2018-07-29,RS01SLBS-MJ01A-06-PRESTA101,2,True,2018-07-29T00:00:00Z,2018-07-29T23:59:59Z,86400,86400,0,1.0,1.000597954,1.000000313,-0.003756994,0,0,0,0,0.0,3.728394,22.366103,1.565601e-11,0.003728393,0.0223661,False,0.027028,False
2018-07-30,RS01SLBS-MJ01A-06-PRESTA101,2,True,2018-07-30T00:00:00Z,2018-07-30T23:59:59Z,86400,86400,0,1.0,1.000597954,1.000000365,0.003603932,0,0,0,0,0.0,3.851668,26.258688,4.113645e-11,0.003851667,0.02625868,False,0.027008,False
2018-07-31,RS01SLBS-MJ01A-06-PRESTA101,2,True,2018-07-31T00:00:00Z,2018-07-31T23:59:59Z,86400,86400,0,1.0,1.000534058,1.0000004,0.000903708,0,0,0,0,-0.0,3.68482,23.611747,-1.830137e-11,0.003684818,0.02361174,False,0.025601,False
2018-08-01,RS01SLBS-MJ01A-06-PRESTA101,2,True,2018-08-01T00:00:00Z,2018-08-01T23:59:59Z,86400,86400,0,1.0,1.000597954,1.000000385,0.006051983,0,0,0,0,0.0,3.441336,25.548044,2.063238e-11,0.003441335,0.02554803,False,0.025097,False
2018-08-02,RS01SLBS-MJ01A-06-PRESTA101,2,True,2018-08-02T00:00:00Z,2018-08-02T23:59:59Z,86400,86400,0,1.0,1.000596046,1.000000366,-0.012433779,0,0,0,0,0.0,3.409069,21.681647,1.016273e-11,0.003409067,0.02168164,False,0.026336,False
2018-08-03,RS01SLBS-MJ01A-06-PRESTA101,2,True,2018-08-03T00:00:00Z,2018-08-03T23:59:59Z,86400,86400,0,1.0,1.000596046,1.000000385,0.002497235,0,0,0,0,-0.0,3.062261,23.723277,-7.744877e-11,0.00306226,0.02372327,False,0.026489,False
2018-08-04,RS01SLBS-MJ01A-06-PRESTA101,2,True,2018-08-04T00:00:00Z,2018-08-04T23:59:59Z,86400,86400,0,1.0,1.000598431,1.000000372,-0.002419226,0,0,0,0,-0.0,3.180715,23.159114,-7.980325e-11,0.003180714,0.02315911,False,0.02565,False
2018-08-05,RS01SLBS-MJ01A-06-PRESTA101,2,True,2018-08-05T00:00:00Z,2018-08-05T23:59:59Z,86400,86400,0,1.0,1.000598907,1.000000344,0.00035915,0,0,0,0,-0.0,3.464676,22.066515,-5.108933e-11,0.003464675,0.02206651,False,0.024986,False
2018-08-06,RS01SLBS-MJ01A-06-PRESTA101,2,True,2018-08-06T00:00:00Z,2018-08-06T23:59:59Z,86400,86400,0,1.0,1.000594139,1.000000357,-0.002765623,0,0,0,0,-0.0,3.189207,23.058,-3.600267e-11,0.003189206,0.02305799,False,0.02702,False
2018-08-07,RS01SLBS-MJ01A-06-PRESTA101,2,True,2018-08-07T00:00:00Z,2018-08-07T23:59:59Z,86400,86400,0,1.0,1.00053978,1.000000357,-0.003797321,0,0,0,0,-0.0,3.512713,23.759912,-3.671132e-11,0.003512711,0.0237599,False,0.026346,False
2018-08-08,RS01SLBS-MJ01A-06-PRESTA101,2,True,2018-08-08T00:00:00Z,2018-08-08T23:59:59Z,86400,86400,0,1.0,1.000597,1.00000036,-0.001002179,0,0,0,0,-0.0,3.085252,22.800884,-2.514018e-11,0.003085251,0.02280088,False,0.025701,False
2018-08-09,RS01SLBS-MJ01A-06-PRESTA101,2,True,2018-08-09T00:00:00Z,2018-08-09T23:59:59Z,86400,86400,0,1.0,1.000600338,1.000000356,0.00551288,0,0,0,0,-0.0,3.103692,22.188154,-4.028515e-11,0.00310369,0.02218815,False,0.026466,False
2018-08-10,RS01SLBS-MJ01A-06-PRESTA101,2,True,2018-08-10T00:00:00Z,2018-08-10T21:27:30Z,77251,77251,0,1.0,1.000597,1.000000349,2.2038e-05,0,0,0,0,0.0,3.144242,22.75122,1.718139e-11,0.003144241,0.02275121,False,0.024871,False
2018-08-11,RS01SLBS-MJ01A-06-PRESTA101,2,True,2018-08-11T16:50:58Z,2018-08-11T23:59:59Z,25742,25742,0,1.0,1.000515938,1.0000005,-0.003114682,0,0,0,0,-0.0,2.85193,20.802791,-5.218187e-12,0.002851928,0.02080278,False,0.020468,False
2018-08-12,RS01SLBS-MJ01A-06-PRESTA101,2,True,2018-08-12T00:00:00Z,2018-08-12T23:59:59Z,86400,86400,0,1.0,1.000524998,1.000000331,-0.003545133,0,0,0,0,-0.0,3.307788,23.535769,-7.204309e-11,0.003307787,0.02353576,False,0.024626,False
2018-08-13,RS01SLBS-MJ01A-06-PRESTA101,2,True,2018-08-13T00:00:00Z,2018-08-13T23:59:59Z,86287,86400,113,1.0,1.000536919,1.000000367,-0.003506013,2,113,2,113,-0.0,3.257752,22.231163,-2.101557e-11,0.003257751,0.02223115,False,0.054603,True
2018-08-14,RS01SLBS-MJ01A-06-PRESTA101,2,True,2018-08-14T00:00:00Z,2018-08-14T23:59:59Z,86400,86400,0,1.0,1.000594139,1.000000325,0.00181923,0,0,0,0,0.0,3.382346,23.666,7.642161e-11,0.003382345,0.02366599,False,0.026346,False
2018-08-15,RS01SLBS-MJ01A-06-PRESTA101,2,True,2018-08-15T00:00:00Z,2018-08-15T23:59:59Z,86400,86400,0,1.0,1.000597,1.000000396,0.000854549,0,0,0,0,-0.0,3.473352,25.524722,-7.841611e-11,0.003473351,0.02552471,False,0.027009,False
2018-08-16,RS01SLBS-MJ01A-06-PRESTA101,2,True,2018-08-16T00:00:00Z,2018-08-16T23:59:59Z,86399,86399,0,1.0,1.000595093,1.000000352,-0.002048556,0,0,24,24,0.0,3.119428,21.757449,4.025538e-11,0.003119427,0.02175744,False,0.023871,False
2018-08-17,RS01SLBS-MJ01A-06-PRESTA101,2,True,2018-08-17T00:00:00Z,2018-08-17T23:59:59Z,86400,86400,0,1.0,1.000589848,1.00000037,-0.003100266,0,0,0,0,-0.0,3.979419,23.338751,-3.243492e-11,0.003979418,0.02333874,False,0.025093,False
2018-08-18,RS01SLBS-MJ01A-06-PRESTA101,2,True,2018-08-18T00:00:00Z,2018-08-18T23:59:59Z,86400,86400,0,1.0,1.000594139,1.000000358,0.001943645,0,0,0,0,-0.0,3.099951,22.302686,-4.876741e-11,0.00309995,0.02230268,False,0.02492,False
2018-08-19,RS01SLBS-MJ01A-06-PRESTA101,2,True,2018-08-19T00:00:00Z,2018-08-19T23:59:59Z,86400,86400,0,1.0,1.000597954,1.000000359,-0.000261259,0,0,0,0,-0.0,3.398564,25.229562,-6.137792e-11,0.003398563,0.02522955,False,0.026289,False
2018-08-20,RS01SLBS-MJ01A-06-PRESTA101,2,True,2018-08-20T00:00:00Z,2018-08-20T23:59:59Z,86400,86400,0,1.0,1.00053978,1.000000314,-0.000399971,0,0,0,0,-0.0,3.147837,23.162062,-3.496013e-11,0.003147836,0.02316205,False,0.022098,False
2018-08-21,RS01SLBS-MJ01A-06-PRESTA101,2,True,2018-08-21T00:00:00Z,2018-08-21T23:59:59Z,86400,86400,0,1.0,1.000596046,1.000000383,-0.002609977,0,0,0,0,-0.0,3.227557,22.796938,-5.02615e-11,0.003227556,0.02279693,False,0.025112,False
2018-08-22,RS01SLBS-MJ01A-06-PRESTA101,2,True,2018-08-22T00:00:00Z,2018-08-22T17:42:00Z,63721,63721,0,1.0,1.000594139,1.000000332,0.001512106,0,0,0,0,-0.0,3.16534,21.86397,-2.854191e-11,0.003165339,0.02186396,False,0.02268,False
2018-08-23,RS01SLBS-MJ01A-06-PRESTA101,2,False,,,0,0,,1.0,,,,,,,,,,,,,,,,False
2018-08-24,RS01SLBS-MJ01A-06-PRESTA101,2,True,2018-08-24T19:00:00Z,2018-08-24T23:59:59Z,18000,18000,0,1.0,1.000522137,1.000000768,0.005793646,0,0,0,0,-0.0,3.385306,22.695785,-2.105682e-12,0.003385303,0.02269577,False,0.02054,False
2018-08-25,RS01SLBS-MJ01A-06-PRESTA101,2,True,2018-08-25T00:00:00Z,2018-08-25T23:59:59Z,86400,86400,0,1.0,1.000524044,1.000000337,-0.003021712,0,0,0,0,-0.0,3.395499,24.257036,-3.541613e-11,0.003395498,0.02425703,False,0.022929,False
2018-08-26,RS01SLBS-MJ01A-06-PRESTA101,2,True,2018-08-26T00:00:00Z,2018-08-26T23:59:59Z,86400,86400,0,1.0,1.000524998,1.000000365,0.002543782,0,0,0,0,-0.0,2.980768,22.616266,-7.048901e-12,0.002980767,0.02261626,False,0.025936,False
2018-08-27,RS01SLBS-MJ01A-06-PRESTA101,2,True,2018-08-27T00:00:00Z,2018-08-27T23:59:59Z,86383,86400,17,1.0,1.000540257,1.000000361,0.001725337,1,17,1,17,-0.0,3.36307,23.952029,-8.953287e-12,0.003363068,0.02395202,False,0.024136,True
2018-08-28,RS01SLBS-MJ01A-06-PRESTA101,2,True,2018-08-28T00:00:00Z,2018-08-28T15:26:42Z,55603,55603,0,1.0,1.000590324,1.000000376,-0.003105699,0,0,0,0,0.0,3.131411,22.47576,3.470129e-11,0.00313141,0.02247575,False,0.020623,False
2018-08-29,RS01SLBS-MJ01A-06-PRESTA101,2,False,,,0,0,,1.0,,,,,,,,,,,,,,,,False
2018-08-30,RS01SLBS-MJ01A-06-PRESTA101,2,True,2018-08-30T22:35:38Z,2018-08-30T23:59:59Z,4949,5062,113,1.0,1.000583649,1.000000313,-0.000490784,2,113,2,113,0.0,3.018862,16.855852,1.657175e-12,0.003018861,0.01685585,False,0.061962,True
2018-08-31,RS01SLBS-MJ01A-06-PRESTA101,2,True,2018-08-31T00:00:00Z,2018-08-31T23:59:59Z,86400,86400,0,1.0,1.000581264,1.000000342,0.001616011,0,0,0,0,-0.0,3.279214,21.460245,-6.700339e-11,0.003279213,0.02146024,False,0.023633,False
2018-09-01,RS01SLBS-MJ01A-06-PRESTA101,2,True,2018-09-01T00:00:00Z,2018-09-01T23:59:59Z,86400,86400,0,1.0,1.000596046,1.000000358,-6.7882e-05,0,0,0,0,-0.0,3.893297,24.348188,-1.218652e-10,0.003893296,0.02434818,False,0.025779,False
2018-09-02,RS01SLBS-MJ01A-06-PRESTA101,2,True,2018-09-02T00:00:00Z,2018-09-02T23:59:59Z,86400,86400,0,1.0,1.000596046,1.000000449,-0.001387936,0,0,0,0,0.0,3.12773,22.787314,1.290008e-11,0.003127729,0.0227873,False,0.024518,False
2018-09-03,RS01SLBS-MJ01A-06-PRESTA101,2,True,2018-09-03T00:00:00Z,2018-09-03T23:59:59Z,86400,86400,0,1.0,1.000598907,1.000000324,-0.000153104,0,0,0,0,-0.0,3.361948,24.659496,-3.710452e-11,0.003361947,0.02465949,False,0.026407,False
2018-09-04,RS01SLBS-MJ01A-06-PRESTA101,2,True,2018-09-04T00:00:00Z,2018-09-04T23:59:59Z,86400,86400,0,1.0,1.000581741,1.000000339,0.002915558,0,0,0,0,-0.0,3.048565,22.14076,-3.994406e-11,0.003048564,0.02214075,False,0.025115,False
2018-09-05,RS01SLBS-MJ01A-06-PRESTA101,2,True,2018-09-05T00:00:00Z,2018-09-05T14:26:07Z,51622,51968,346,1.0,1.000591755,1.000000363,-0.00235372,1,346,1,346,0.0,3.006184,21.802727,2.736467e-12,0.003006183,0.02180272,False,0.19985,True
2018-09-06,RS01SLBS-MJ01A-06-PRESTA101,2,False,,,0,0,,1.0,,,,,,,,,,,,,,,,False
2018-09-07,RS01SLBS-MJ01A-06-PRESTA101,2,True,2018-09-07T03:06:08Z,2018-09-07T23:59:59Z,74732,75232,500,1.0,1.000593185,1.000000305,-0.000283635,1,500,1,500,0.0,3.063966,23.646005,7.83065e-12,0.003063965,0.023646,False,0.296501,True
2018-09-08,RS01SLBS-MJ01A-06-PRESTA101,2,True,2018-09-08T00:00:00Z,2018-09-08T23:59:59Z,86400,86400,0,1.0,1.000598907,1.000000331,0.006032319,0,0,0,0,0.0,4.0357,24.705618,2.806891e-11,0.004035699,0.02470561,False,0.023098,False
2018-09-09,RS01SLBS-MJ01A-06-PRESTA101,2,True,2018-09-09T00:00:00Z,2018-09-09T23:59:59Z,86400,86400,0,1.0,1.000597954,1.000000376,-0.000926725,0,0,0,0,-0.0,3.423811,24.539941,-2.579703e-11,0.003423809,0.02453993,False,0.023779,False
2018-09-10,RS01SLBS-MJ01A-06-PRESTA101,2,True,2018-09-10T00:00:00Z,2018-09-10T23:59:59Z,86400,86400,0,1.0,1.000594139,1.000000283,0.00686672,0,0,0,0,-0.0,3.970243,25.463721,-6.914227e-11,0.003970242,0.02546371,False,0.022549,False
2018-09-11,RS01SLBS-MJ01A-06-PRESTA101,2,True,2018-09-11T00:00:00Z,2018-09-11T23:59:59Z,86400,86400,0,1.0,1.000592709,1.000000288,-0.001225193,0,0,0,0,-0.0,4.442294,25.27045,-4.997226e-11,0.004442293,0.02527044,False,0.022531,False
2018-09-12,RS01SLBS-MJ01A-06-PRESTA101,2,True,2018-09-12T00:00:00Z,2018-09-12T23:59:58Z,86399,86399,0,1.0,1.000592947,1.000000367,-0.000982436,0,0,0,0,-0.0,3.283353,22.532775,-2.862647e-12,0.003283351,0.02253277,False,0.026958,False
2018-09-13,RS01SLBS-MJ01A-06-PRESTA101,2,False,,,0,0,,1.0,,,,,,,,,,,,,,,,False
2018-09-14,RS01SLBS-MJ01A-06-PRESTA101,2,True,2018-09-14T20:45:23Z,2018-09-14T23:59:59Z,11625,11677,52,1.0,1.000579834,0.999999766,0.002810231,1,52,1,52,0.0,2.968304,22.024369,3.301178e-12,0.002968305,0.02202437,False,0.020418,True
2018-09-15,RS01SLBS-MJ01A-06-PRESTA101,2,True,2018-09-15T00:00:00Z,2018-09-15T23:59:59Z,86270,86400,130,1.0,1.000591755,1.000000477,0.011099124,1,130,1,130,-0.0,6.900146,30.165837,-5.902682e-11,0.006900142,0.03016582,False,0.079324,True
2018-09-16,RS01SLBS-MJ01A-06-PRESTA101,2,True,2018-09-16T00:00:00Z,2018-09-16T23:59:59Z,86400,86400,0,1.0,1.000592709,1.000000337,-0.004294743,0,0,0,0,-0.0,4.799222,22.837795,-5.217814e-11,0.00479922,0.02283779,False,0.021592,False
2018-09-17,RS01SLBS-MJ01A-06-PRESTA101,2,True,2018-09-17T00:00:00Z,2018-09-17T23:59:59Z,86400,86400,0,1.0,1.000589848,1.000000431,0.00021361,0,0,2,2,-0.0,3.708336,23.078985,-4.852675e-11,0.003708334,0.02307897,False,0.023451,False
2018-09-18,RS01SLBS-MJ01A-06-PRESTA101,2,True,2018-09-18T00:00:00Z,2018-09-18T23:59:59Z,86399,86399,0,1.0,1.000594616,1.000000373,-0.001686387,0,0,18,18,0.0,3.39106,25.056838,4.782661e-12,0.003391058,0.02505683,False,0.023974,False
2018-09-19,RS01SLBS-MJ01A-06-PRESTA101,2,True,2018-09-19T00:00:00Z,2018-09-19T23:59:59Z,85880,86400,520,1.0,1.000595093,1.00000037,0.001804535,4,520,4,520,-0.0,3.534165,22.788765,-2.620055e-11,0.003534164,0.02278876,False,0.092434,True
2018-09-20,RS01SLBS-MJ01A-06-PRESTA101,2,True,2018-09-20T00:00:00Z,2018-09-20T23:59:59Z,85880,86400,520,1.0,1.000594139,1.000000358,0.00347229,4,520,4,520,-0.0,3.35248,21.202785,-1.221637e-11,0.003352479,0.02120278,False,0.083568,True
2018-09-21,RS01SLBS-MJ01A-06-PRESTA101,2,True,2018-09-21T00:00:00Z,2018-09-21T23:59:59Z,86400,86400,0,1.0,1.00053215,1.000000359,0.004605273,0,0,0,0,-0.0,3.196858,24.655868,-3.515817e-11,0.003196857,0.02465586,False,0.022083,False
2018-09-22,RS01SLBS-MJ01A-06-PRESTA101,2,True,2018-09-22T00:00:00Z,2018-09-22T23:59:59Z,86387,86400,13,1.0,1.000598907,1.000000402,-0.001040167,1,13,1,13,0.0,3.290493,23.312879,2.591362e-11,0.003290492,0.02331287,False,0.025803,True
2018-09-23,RS01SLBS-MJ01A-06-PRESTA101,2,True,2018-09-23T00:00:00Z,2018-09-23T23:59:59Z,85852,86400,548,1.0,1.000591755,1.000000386,-0.003308931,6,548,6,548,-0.0,3.83003,23.860921,-1.062107e-10,0.003830028,0.02386091,False,0.076756,True
2018-09-24,RS01SLBS-MJ01A-06-PRESTA101,2,True,2018-09-24T00:00:00Z,2018-09-24T23:59:59Z,82839,86398,3559,1.0,1.000596046,1.000027741,-0.641353362,3,3559,3,3559,0.0,543.307688,1052.662692,6.267528e-11,0.5432926,1.052633,True,0.157327,True
2018-09-25,RS01SLBS-MJ01A-06-PRESTA101,2,True,2018-09-25T00:00:00Z,2018-09-25T23:59:59Z,86400,86400,0,1.0,1.000597,1.000000333,-0.001239341,0,0,0,0,-0.0,3.854208,24.876723,-2.294332e-11,0.003854207,0.02487672,False,0.0247,False
2018-09-26,RS01SLBS-MJ01A-06-PRESTA101,2,True,2018-09-26T00:00:00Z,2018-09-26T23:59:59Z,86400,86400,0,1.0,1.000598907,1.000000318,0.003536745,0,0,0,0,-0.0,3.264806,23.76522,-6.979662e-11,0.003264805,0.02376521,False,0.023947,False
2018-09-27,RS01SLBS-MJ01A-06-PRESTA101,2,True,2018-09-27T00:00:00Z,2018-09-27T23:59:59Z,86400,86400,0,1.0,1.000594139,1.000000311,0.005252922,0,0,0,0,-0.0,3.33541,24.700018,-4.639283e-11,0.003335409,0.02470001,False,0.025779,False
2018-09-28,RS01SLBS-MJ01A-06-PRESTA101,2,True,2018-09-28T00:00:00Z,2018-09-28T02:38:37Z,9518,9518,0,1.0,1.000608921,1.000000238,-0.00254958,0,0,0,0,0.0,3.048919,17.644847,4.525689e-13,0.003048918,0.01764484,False,0.02022,False
2018-09-29,RS01SLBS-MJ01A-06-PRESTA101,2,False,,,0,0,,1.0,,,,,,,,,,,,,,,,False
2018-09-30,RS01SLBS-MJ01A-06-PRESTA101,2,False,,,0,0,,1.0,,,,,,,,,,,,,,,,False
2018-10-01,RS01SLBS-MJ01A-06-PRESTA101,2,False,,,0,0,,1.0,,,,,,,,,,,,,,,,False
2018-10-02,RS01SLBS-MJ01A-06-PRESTA101,2,True,2018-10-02T16:58:46Z,2018-10-02T23:59:59Z,24717,25274,557,1.0,1.000588894,1.000000484,0.004764639,5,557,5,557,-0.0,3.197296,22.210884,-1.380919e-11,0.003197294,0.02221087,False,0.084405,True
2018-10-03,RS01SLBS-MJ01A-06-PRESTA101,2,True,2018-10-03T00:00:00Z,2018-10-03T23:59:59Z,85996,86400,404,1.0,1.000595093,1.000000358,-0.002262327,3,404,3,404,-0.0,3.160659,22.923884,-9.955211e-11,0.003160658,0.02292388,False,0.082729,True
2018-10-04,RS01SLBS-MJ01A-06-PRESTA101,2,True,2018-10-04T00:00:00Z,2018-10-04T23:59:59Z,86400,86400,0,1.0,1.000593185,1.000000371,0.000308419,0,0,0,0,-0.0,3.262841,22.771711,-9.92704e-11,0.003262839,0.0227717,False,0.026465,False
2018-10-05,RS01SLBS-MJ01A-06-PRESTA101,2,True,2018-10-05T00:00:00Z,2018-10-05T23:59:59Z,86400,86400,0,1.0,1.000593185,1.00000037,9.4164e-05,0,0,0,0,-0.0,3.304228,24.931935,-1.017352e-10,0.003304227,0.02493193,False,0.021944,False
2018-10-06,RS01SLBS-MJ01A-06-PRESTA101,2,True,2018-10-06T00:00:00Z,2018-10-06T23:59:59Z,86400,86400,0,1.0,1.000594139,1.000000348,0.000949369,0,0,0,0,-0.0,3.385135,24.317016,-3.737306e-11,0.003385134,0.02431701,False,0.024473,False
2018-10-07,RS01SLBS-MJ01A-06-PRESTA101,2,True,2018-10-07T00:00:00Z,2018-10-07T23:59:59Z,86400,86400,0,1.0,1.000586987,1.000000327,-0.000659705,0,0,0,0,0.0,3.327458,23.902266,3.593259e-11,0.003327457,0.02390226,False,0.027122,False
2018-10-08,RS01SLBS-MJ01A-06-PRESTA101,2,True,2018-10-08T00:00:00Z,2018-10-08T23:59:59Z,86400,86400,0,1.0,1.000586987,1.000000326,-0.003207625,0,0,0,0,-0.0,3.189843,20.73367,-1.28674e-10,0.003189842,0.02073366,False,0.020436,False
2018-10-09,RS01SLBS-MJ01A-06-PRESTA101,2,True,2018-10-09T00:00:00Z,2018-10-09T23:59:59Z,86400,86400,0,1.0,1.000534058,1.000000359,0.001315821,0,0,0,0,-0.0,3.063721,23.38404,-4.378062e-11,0.00306372,0.02338403,False,0.020575,False
2018-10-10,RS01SLBS-MJ01A-06-PRESTA101,2,True,2018-10-10T00:00:00Z,2018-10-10T23:59:59Z,86400,86400,0,1.0,1.00058794,1.000000338,0.000487785,0,0,0,0,-0.0,3.872426,23.308021,-3.057569e-11,0.003872425,0.02330801,False,0.024612,False
2018-10-11,RS01SLBS-MJ01A-06-PRESTA101,2,True,2018-10-11T00:00:00Z,2018-10-11T23:59:59Z,86400,86400,0,1.0,1.000589848,1.000000315,0.005020286,0,0,0,0,-0.0,3.470799,24.607257,-8.551656e-11,0.003470798,0.02460725,False,0.025157,False
2018-10-12,RS01SLBS-MJ01A-06-PRESTA101,2,True,2018-10-12T00:00:00Z,2018-10-12T23:59:59Z,86400,86400,0,1.0,1.000586987,1.000000323,-0.003309839,0,0,0,0,-0.0,3.714034,21.797418,-1.758291e-11,0.003714033,0.02179741,False,0.023695,False
2018-10-13,RS01SLBS-MJ01A-06-PRESTA101,2,True,2018-10-13T00:00:00Z,2018-10-13T23:59:59Z,86400,86400,0,1.0,1.000591278,1.000000344,-0.001366622,0,0,0,0,0.0,3.086291,23.273804,5.812181e-12,0.00308629,0.0232738,False,0.020621,False
2018-10-14,RS01SLBS-MJ01A-06-PRESTA101,2,True,2018-10-14T00:00:00Z,2018-10-14T23:59:59Z,86400,86400,0,1.0,1.000592709,1.000000329,3.543e-05,0,0,0,0,-0.0,3.123491,22.324438,-3.580823e-11,0.00312349,0.02232443,False,0.026965,False
2018-10-15,RS01SLBS-MJ01A-06-PRESTA101,2,True,2018-10-15T00:00:00Z,2018-10-15T23:59:59Z,86400,86400,0,1.0,1.000586033,1.000000326,-0.001303922,0,0,0,0,0.0,3.180088,21.417122,1.604481e-11,0.003180087,0.02141711,False,0.022085,False
2018-10-16,RS01SLBS-MJ01A-06-PRESTA101,2,False,,,0,0,,1.0,,,,,,,,,,,,,,,,False
2018-10-17,RS01SLBS-MJ01A-06-PRESTA101,2,True,2018-10-17T00:00:00Z,2018-10-17T23:59:59Z,86400,86400,0,1.0,1.000586033,1.00000034,0.001910869,0,0,0,0,-0.0,3.08734,22.467346,-2.337748e-11,0.003087339,0.02246734,False,0.020605,False
2018-10-18,RS01SLBS-MJ01A-06-PRESTA101,2,True,2018-10-18T00:00:00Z,2018-10-18T08:42:14Z,30395,31334,939,1.0,1.000586033,1.000022092,-0.211677513,1,939,1,939,-0.0,265.28345,623.173748,-1.672457e-11,0.2652776,0.62316,True,0.4546,True
2018-10-19,RS01SLBS-MJ01A-06-PRESTA101,2,True,2018-10-19T20:14:06Z,2018-10-19T23:59:59Z,13554,13554,0,1.0,1.000586987,1.000000303,-0.000534905,0,0,0,0,-0.0,3.153821,16.418606,-6.531805e-13,0.00315382,0.0164186,False,0.020154,False
2018-10-20,RS01SLBS-MJ01A-06-PRESTA101,2,True,2018-10-20T00:00:00Z,2018-10-20T23:59:59Z,86400,86400,0,1.0,1.000586033,1.000000309,0.004267034,0,0,0,0,-0.0,4.55232,25.6928,-9.879086e-11,0.004552319,0.02569279,False,0.024474,False
2018-10-21,RS01SLBS-MJ01A-06-PRESTA101,2,True,2018-10-21T00:00:00Z,2018-10-21T23:59:59Z,86399,86399,0,1.0,1.000586987,1.000000216,0.003454849,0,0,15,15,0.0,6.257961,26.281448,1.790536e-11,0.00625796,0.02628144,False,0.023803,False
2018-10-22,RS01SLBS-MJ01A-06-PRESTA101,2,True,2018-10-22T00:00:00Z,2018-10-22T23:59:59Z,86400,86400,0,1.0,1.00058794,1.000000334,-0.000508716,0,0,0,0,-0.0,3.102861,21.785055,-4.057583e-11,0.00310286,0.02178505,False,0.025125,False
2018-10-23,RS01SLBS-MJ01A-06-PRESTA101,2,True,2018-10-23T00:00:00Z,2018-10-23T23:59:59Z,86400,86400,0,1.0,1.000533104,1.000000356,-0.001340976,0,0,0,0,0.0,3.045656,22.622694,4.740571e-11,0.003045655,0.02262269,False,0.026809,False
2018-10-24,RS01SLBS-MJ01A-06-PRESTA101,2,True,2018-10-24T00:00:00Z,2018-10-24T23:59:59Z,86400,86400,0,1.0,1.000583172,1.000000341,0.000466063,0,0,0,0,-0.0,3.336127,24.012239,-5.698622e-11,0.003336126,0.02401223,False,0.026359,False
2018-10-25,RS01SLBS-MJ01A-06-PRESTA101,2,True,2018-10-25T00:00:00Z,2018-10-25T23:59:59Z,86400,86400,0,1.0,1.000584126,1.000000338,0.005048036,0,0,0,0,-0.0,3.21892,24.294953,-3.473584e-11,0.003218919,0.02429494,False,0.022509,False
2018-10-26,RS01SLBS-MJ01A-06-PRESTA101,2,True,2018-10-26T00:00:00Z,2018-10-26T23:59:59Z,86400,86400,0,1.0,1.000592232,1.000000335,0.001711162,0,0,0,0,-0.0,3.098432,21.6398,-7.877811e-11,0.003098431,0.02163979,False,0.021824,False
2018-10-27,RS01SLBS-MJ01A-06-PRESTA101,2,True,2018-10-27T00:00:00Z,2018-10-27T23:59:59Z,86400,86400,0,1.0,1.000585079,1.000000313,-0.009863688,0,0,0,0,-0.0,3.117261,24.199505,-8.261117e-11,0.00311726,0.0241995,False,0.024042,False
2018-10-28,RS01SLBS-MJ01A-06-PRESTA101,2,True,2018-10-28T00:00:00Z,2018-10-28T23:59:59Z,86400,86400,0,1.0,1.000592232,1.000000312,0.000234189,0,0,0,0,-0.0,3.215184,21.382811,-5.16144e-11,0.003215183,0.0213828,False,0.023663,False
2018-10-29,RS01SLBS-MJ01A-06-PRESTA101,2,True,2018-10-29T00:00:00Z,2018-10-29T23:59:59Z,86400,86400,0,1.0,1.000590801,1.00000031,0.007767342,0,0,0,0,-0.0,3.139362,21.811165,-6.945243e-11,0.003139362,0.02181116,False,0.023669,False
2018-10-30,RS01SLBS-MJ01A-06-PRESTA101,2,True,2018-10-30T00:00:00Z,2018-10-30T23:59:59Z,86400,86400,0,1.0,1.000538826,1.000000319,-0.001441983,0,0,0,0,0.0,3.192309,22.923087,2.817715e-11,0.003192308,0.02292308,False,0.023657,False
2018-10-31,RS01SLBS-MJ01A-06-PRESTA101,2,True,2018-10-31T00:00:00Z,2018-10-31T23:59:59Z,86274,86400,126,1.0,1.000557423,1.000000323,0.000666941,1,126,1,126,0.0,3.109731,22.439332,3.729103e-13,0.00310973,0.02243933,False,0.065764,True
2018-11-01,RS01SLBS-MJ01A-06-PRESTA101,2,True,2018-11-01T00:00:00Z,2018-11-01T23:59:59Z,86400,86400,0,1.0,1.000524044,1.000000325,0.00664669,0,0,0,0,0.0,3.139308,23.136657,1.113238e-11,0.003139307,0.02313665,False,0.024292,False
2018-11-02,RS01SLBS-MJ01A-06-PRESTA101,2,True,2018-11-02T00:00:00Z,2018-11-02T23:59:59Z,86400,86400,0,1.0,1.000525951,1.000000273,0.002073156,0,0,0,0,0.0,4.560935,26.66154,1.21975e-12,0.004560934,0.02666153,False,0.024781,False
2018-11-03,RS01SLBS-MJ01A-06-PRESTA101,2,True,2018-11-03T00:00:00Z,2018-11-03T23:59:59Z,86400,86400,0,1.0,1.000524998,1.000000214,0.006292151,0,0,0,0,-0.0,5.71439,26.952817,-3.767428e-11,0.005714388,0.02695281,False,0.027287,False
2018-11-04,RS01SLBS-MJ01A-06-PRESTA101,2,True,2018-11-04T00:00:00Z,2018-11-04T23:59:59Z,86400,86400,0,1.0,1.000525951,1.000000358,-0.003314914,0,0,0,0,0.0,3.210153,24.24001,2.126069e-11,0.003210151,0.02424,False,0.025456,False
2018-11-05,RS01SLBS-MJ01A-06-PRESTA101,2,True,2018-11-05T00:00:00Z,2018-11-05T23:59:59Z,86400,86400,0,1.0,1.000535965,1.000000344,-0.001041588,0,0,0,0,0.0,3.201366,24.137048,8.27935e-12,0.003201365,0.02413704,False,0.02474,False
2018-11-06,RS01SLBS-MJ01A-06-PRESTA101,2,True,2018-11-06T00:00:00Z,2018-11-06T23:59:59Z,86400,86400,0,1.0,1.000566959,1.000000361,0.000702428,0,0,0,0,-0.0,3.301846,22.922394,-4.036203e-11,0.003301844,0.02292239,False,0.02534,False
2018-11-07,RS01SLBS-MJ01A-06-PRESTA101,2,True,2018-11-07T00:00:00Z,2018-11-07T23:59:59Z,86400,86400,0,1.0,1.000520706,1.000000364,-0.011740155,0,0,0,0,-0.0,3.883358,26.114362,-3.35623e-11,0.003883357,0.02611435,False,0.024304,False
2018-11-08,RS01SLBS-MJ01A-06-PRESTA101,2,True,2018-11-08T00:00:00Z,2018-11-08T23:59:59Z,85825,86400,575,1.0,1.000521183,1.000000351,-0.001233004,1,575,1,575,0.0,2.988579,22.228123,5.183642e-11,0.002988578,0.02222812,False,0.304649,True
2018-11-09,RS01SLBS-MJ01A-06-PRESTA101,2,True,2018-11-09T00:00:00Z,2018-11-09T23:59:59Z,86400,86400,0,1.0,1.000525951,1.000000326,-0.000611375,0,0,0,0,-0.0,3.003965,22.202238,-5.560639e-11,0.003003964,0.02220223,False,0.026026,False
2018-11-10,RS01SLBS-MJ01A-06-PRESTA101,2,True,2018-11-10T00:00:00Z,2018-11-10T23:59:59Z,86400,86400,0,1.0,1.000522137,1.000000311,0.000253277,0,0,0,0,-0.0,3.08416,21.92706,-1.005173e-10,0.003084159,0.02192705,False,0.022903,False
2018-11-11,RS01SLBS-MJ01A-06-PRESTA101,2,True,2018-11-11T00:00:00Z,2018-11-11T23:59:59Z,86400,86400,0,1.0,1.000524044,1.00000036,0.00082908,0,0,0,0,0.0,3.291075,22.524948,9.115239e-12,0.003291074,0.02252494,False,0.024178,False
2018-11-12,RS01SLBS-MJ01A-06-PRESTA101,2,True,2018-11-12T00:00:00Z,2018-11-12T23:59:59Z,86400,86400,0,1.0,1.000527859,1.00000034,-0.00320071,0,0,0,0,0.0,3.345224,23.121626,1.897298e-11,0.003345223,0.02312162,False,0.026586,False
2018-11-13,RS01SLBS-MJ01A-06-PRESTA101,2,True,2018-11-13T00:00:00Z,2018-11-13T23:59:59Z,86400,86400,0,1.0,1.000564098,1.000000359,-0.003437058,0,0,0,0,-0.0,3.21177,22.500146,-5.520926e-11,0.003211769,0.02250014,False,0.02518,False
2018-11-14,RS01SLBS-MJ01A-06-PRESTA101,2,True,2018-11-14T00:00:00Z,2018-11-14T23:59:59Z,86400,86400,0,1.0,1.000524044,1.000000301,-0.001091914,0,0,0,0,0.0,3.611537,23.122546,2.719751e-11,0.003611536,0.02312254,False,0.024097,False
2018-11-15,RS01SLBS-MJ01A-06-PRESTA101,2,True,2018-11-15T00:00:00Z,2018-11-15T23:59:59Z,86400,86400,0,1.0,1.000528336,1.000000378,0.00155555,0,0,0,0,-0.0,3.219258,22.519399,-4.407788e-11,0.003219257,0.02251939,False,0.020639,False
2018-11-16,RS01SLBS-MJ01A-06-PRESTA101,2,True,2018-11-16T00:00:00Z,2018-11-16T23:59:59Z,86400,86400,0,1.0,1.000530243,1.000000302,0.001235526,0,0,0,0,-0.0,3.148812,22.061119,-3.969085e-12,0.003148812,0.02206111,False,0.024169,False
2018-11-17,RS01SLBS-MJ01A-06-PRESTA101,2,True,2018-11-17T00:00:00Z,2018-11-17T23:59:59Z,86400,86400,0,1.0,1.000537395,1.000000331,-0.004988874,0,0,0,0,-0.0,3.836578,24.854985,-1.252848e-10,0.003836576,0.02485498,False,0.026752,False
2018-11-18,RS01SLBS-MJ01A-06-PRESTA101,2,True,2018-11-18T00:00:00Z,2018-11-18T23:59:59Z,86400,86400,0,1.0,1.000531197,1.000000331,-0.005282029,0,0,0,0,0.0,3.237949,24.23724,5.316236e-12,0.003237948,0.02423723,False,0.027007,False
2018-11-19,RS01SLBS-MJ01A-06-PRESTA101,2,True,2018-11-19T00:00:00Z,2018-11-19T23:59:59Z,86400,86400,0,1.0,1.00053072,1.000000364,-0.003596344,0,0,0,0,-0.0,3.114733,23.229112,-7.767354e-11,0.003114732,0.0232291,False,0.026055,False
2018-11-20,RS01SLBS-MJ01A-06-PRESTA101,2,True,2018-11-20T00:00:00Z,2018-11-20T23:59:59Z,82469,86398,3929,1.0,1.000565052,1.000034939,-0.449840898,1,3929,1,3929,-0.0,467.659883,969.463756,-8.246635e-13,0.4676435,0.9694299,True,0.211582,True
2018-11-21,RS01SLBS-MJ01A-06-PRESTA101,2,True,2018-11-21T00:00:00Z,2018-11-21T23:59:59Z,86400,86400,0,1.0,1.000525951,1.000000339,0.000149931,0,0,0,0,0.0,3.111851,23.423566,1.455951e-11,0.00311185,0.02342356,False,0.02559,False
2018-11-22,RS01SLBS-MJ01A-06-PRESTA101,2,True,2018-11-22T00:00:00Z,2018-11-22T23:59:59Z,86400,86400,0,1.0,1.000527859,1.000000347,-0.003751046,0,0,0,0,-0.0,3.130989,23.914992,-1.559866e-11,0.003130988,0.02391498,False,0.026669,False
2018-11-23,RS01SLBS-MJ01A-06-PRESTA101,2,True,2018-11-23T00:00:00Z,2018-11-23T23:59:59Z,86400,86400,0,1.0,1.000526905,1.000000314,0.001433963,0,0,0,0,0.0,3.030874,23.796593,3.951661e-11,0.003030873,0.02379659,False,0.024831,False
2018-11-24,RS01SLBS-MJ01A-06-PRESTA101,2,True,2018-11-24T00:00:00Z,2018-11-24T23:59:58Z,86399,86399,0,1.0,1.000525951,1.00000033,0.001575697,0,0,6,6,0.0,3.178322,22.49685,3.34319e-12,0.003178321,0.02249684,False,0.026599,False
2018-11-25,RS01SLBS-MJ01A-06-PRESTA101,2,True,2018-11-25T00:00:00Z,2018-11-25T23:59:59Z,86400,86400,0,1.0,1.000524044,1.000000378,-0.00442997,0,0,24,24,0.0,3.788683,22.001777,3.329393e-11,0.003788682,0.02200177,False,0.026208,False
2018-11-26,RS01SLBS-MJ01A-06-PRESTA101,2,True,2018-11-26T00:00:00Z,2018-11-26T23:59:59Z,86400,86400,0,1.0,1.000535011,1.000000325,-0.002401769,0,0,0,0,-0.0,3.220934,23.425703,-7.04644e-11,0.003220933,0.0234257,False,0.025388,False
2018-11-27,RS01SLBS-MJ01A-06-PRESTA101,2,True,2018-11-27T00:00:00Z,2018-11-27T23:59:59Z,86400,86400,0,1.0,1.000562191,1.000000359,0.001157667,0,0,0,0,-0.0,3.195298,21.462451,-4.319524e-11,0.003195297,0.02146244,False,0.021863,False
2018-11-28,RS01SLBS-MJ01A-06-PRESTA101,2,True,2018-11-28T00:00:00Z,2018-11-28T23:59:59Z,86400,86400,0,1.0,1.000529289,1.000000329,2.3113e-05,0,0,0,0,-0.0,3.31391,22.240758,-1.134723e-10,0.003313909,0.02224075,False,0.024038,False
2018-11-29,RS01SLBS-MJ01A-06-PRESTA101,2,True,2018-11-29T00:00:00Z,2018-11-29T23:59:59Z,86400,86400,0,1.0,1.000535965,1.000000348,0.001944567,0,0,0,0,-0.0,3.201398,23.044784,-6.139843e-11,0.003201397,0.02304478,False,0.027352,False
2018-11-30,RS01SLBS-MJ01A-06-PRESTA101,2,True,2018-11-30T00:00:00Z,2018-11-30T23:59:59Z,86400,86400,0,1.0,1.000534058,1.000000353,-0.002136743,0,0,0,0,0.0,3.131082,21.485971,4.009354e-12,0.003131081,0.02148596,False,0.020945,False
2018-12-01,RS01SLBS-MJ01A-06-PRESTA101,2,True,2018-12-01T00:00:00Z,2018-12-01T23:59:59Z,86400,86400,0,1.0,1.000535965,1.000000356,-0.004307774,0,0,0,0,-0.0,3.169155,24.300691,-7.1375e-11,0.003169154,0.02430068,False,0.026691,False
2018-12-02,RS01SLBS-MJ01A-06-PRESTA101,2,True,2018-12-02T00:00:00Z,2018-12-02T23:59:59Z,86400,86400,0,1.0,1.000528812,1.00000033,-0.000980563,0,0,0,0,0.0,3.243963,21.437276,8.932332e-12,0.003243962,0.02143727,False,0.024073,False
2018-12-03,RS01SLBS-MJ01A-06-PRESTA101,2,True,2018-12-03T00:00:00Z,2018-12-03T23:59:59Z,86400,86400,0,1.0,1.000529289,1.00000036,-0.004472984,0,0,0,0,-0.0,3.379814,21.553822,-4.300223e-11,0.003379813,0.02155381,False,0.02342,False
2018-12-04,RS01SLBS-MJ01A-06-PRESTA101,2,True,2018-12-04T00:00:00Z,2018-12-04T23:59:59Z,86400,86400,0,1.0,1.000565052,1.000000417,-0.005817971,0,0,0,0,-0.0,7.197596,30.117277,-3.802335e-11,0.007197593,0.03011726,False,0.023291,False
2018-12-05,RS01SLBS-MJ01A-06-PRESTA101,2,True,2018-12-05T00:00:00Z,2018-12-05T23:59:59Z,86400,86400,0,1.0,1.000526905,1.000000369,0.003101618,0,0,0,0,-0.0,4.155437,22.581622,-9.240905e-12,0.004155436,0.02258161,False,0.023588,False
2018-12-06,RS01SLBS-MJ01A-06-PRESTA101,2,True,2018-12-06T00:00:00Z,2018-12-06T23:59:59Z,86400,86400,0,1.0,1.000525951,1.000000306,0.001139594,0,0,0,0,-0.0,3.241952,23.381937,-6.461926e-11,0.003241951,0.02338193,False,0.024868,False
2018-12-07,RS01SLBS-MJ01A-06-PRESTA101,2,True,2018-12-07T00:00:00Z,2018-12-07T23:59:59Z,85420,86399,979,1.0,1.000528336,1.000015923,-0.015384922,1,979,1,979,0.0,264.891308,559.601672,1.178007e-11,0.2648871,0.5595928,True,0.479697,True
2018-12-08,RS01SLBS-MJ01A-06-PRESTA101,2,True,2018-12-08T00:00:00Z,2018-12-08T23:59:59Z,86400,86400,0,1.0,1.000529766,1.000000322,-0.003748973,0,0,0,0,-0.0,3.93968,25.048077,-1.094493e-11,0.003939679,0.02504807,False,0.027112,False
2018-12-09,RS01SLBS-MJ01A-06-PRESTA101,2,True,2018-12-09T00:00:00Z,2018-12-09T23:59:59Z,86400,86400,0,1.0,1.000528812,1.00000029,-0.001662898,0,0,0,0,-0.0,3.649461,23.816794,-2.019665e-11,0.00364946,0.02381679,False,0.027336,False
2018-12-10,RS01SLBS-MJ01A-06-PRESTA101,2,True,2018-12-10T00:00:00Z,2018-12-10T23:59:59Z,86400,86400,0,1.0,1.000536919,1.000000358,-0.000888166,0,0,0,0,-0.0,3.23398,23.664437,-9.321273e-11,0.003233978,0.02366443,False,0.02667,False
2018-12-11,RS01SLBS-MJ01A-06-PRESTA101,2,True,2018-12-11T00:00:00Z,2018-12-11T23:59:59Z,86400,86400,0,1.0,1.000567913,1.000000358,-0.000419388,0,0,0,0,-0.0,3.278858,22.307651,-8.902599e-12,0.003278856,0.02230764,False,0.021389,False
2018-12-12,RS01SLBS-MJ01A-06-PRESTA101,2,True,2018-12-12T00:00:00Z,2018-12-12T23:59:59Z,86400,86400,0,1.0,1.000534058,1.000000385,-8.3023e-05,0,0,0,0,-0.0,3.887942,24.169135,-5.551681e-11,0.003887941,0.02416913,False,0.026805,False
2018-12-13,RS01SLBS-MJ01A-06-PRESTA101,2,True,2018-12-13T00:00:00Z,2018-12-13T23:59:59Z,86400,86400,0,1.0,1.000535965,1.000000364,-0.004911356,0,0,0,0,0.0,3.282248,25.763268,1.713595e-11,0.003282247,0.02576326,False,0.026537,False
2018-12-14,RS01SLBS-MJ01A-06-PRESTA101,2,True,2018-12-14T00:00:00Z,2018-12-14T23:59:59Z,86400,86400,0,1.0,1.000529289,1.000000308,0.004929409,0,0,0,0,-0.0,3.363072,23.074871,-6.983528e-11,0.003363071,0.02307486,False,0.02735,False
2018-12-15,RS01SLBS-MJ01A-06-PRESTA101,2,True,2018-12-15T00:00:00Z,2018-12-15T23:59:59Z,86400,86400,0,1.0,1.000537872,1.000000374,-0.002089552,0,0,0,0,-0.0,3.47138,24.704331,-6.923923e-11,0.003471379,0.02470432,False,0.027288,False
2018-12-16,RS01SLBS-MJ01A-06-PRESTA101,2,True,2018-12-16T00:00:00Z,2018-12-16T23:59:59Z,86400,86400,0,1.0,1.000536919,1.000000428,-0.017907987,0,0,0,0,-0.0,4.132218,23.656449,-2.89024e-11,0.004132216,0.02365644,False,0.023986,False
2018-12-17,RS01SLBS-MJ01A-06-PRESTA101,2,True,2018-12-17T00:00:00Z,2018-12-17T23:59:59Z,86400,86400,0,1.0,1.000542164,1.000000405,-0.00335291,0,0,0,0,-0.0,5.555422,26.030265,-7.275609e-11,0.00555542,0.02603025,False,0.02294,False
2018-12-18,RS01SLBS-MJ01A-06-PRESTA101,2,True,2018-12-18T00:00:00Z,2018-12-18T23:59:59Z,86400,86400,0,1.0,1.000565052,1.000000354,0.003386844,0,0,0,0,-0.0,3.103969,22.295759,-7.372818e-11,0.003103968,0.02229575,False,0.025038,False
2018-12-19,RS01SLBS-MJ01A-06-PRESTA101,2,True,2018-12-19T00:00:00Z,2018-12-19T23:59:59Z,86400,86400,0,1.0,1.000537872,1.000000368,0.000115166,0,0,0,0,-0.0,3.420953,24.627243,-3.203574e-11,0.003420951,0.02462723,False,0.026639,False
2018-12-20,RS01SLBS-MJ01A-06-PRESTA101,2,True,2018-12-20T00:00:00Z,2018-12-20T23:59:59Z,86400,86400,0,1.0,1.000530243,1.000000335,0.000690467,0,0,0,0,-0.0,3.132042,24.021387,-9.871064e-11,0.003132041,0.02402138,False,0.025407,False
2018-12-21,RS01SLBS-MJ01A-06-PRESTA101,2,True,2018-12-21T00:00:00Z,2018-12-21T23:59:59Z,86400,86400,0,1.0,1.000526905,1.000000296,0.001974696,0,0,0,0,-0.0,3.391697,25.195887,-5.814185e-11,0.003391696,0.02519588,False,0.026043,False
2018-12-22,RS01SLBS-MJ01A-06-PRESTA101,2,True,2018-12-22T00:00:00Z,2018-12-22T23:59:59Z,86400,86400,0,1.0,1.00053072,1.00000033,0.00381912,0,0,0,0,-0.0,3.368367,23.631644,-4.541122e-11,0.003368366,0.02363164,False,0.020601,False
2018-12-23,RS01SLBS-MJ01A-06-PRESTA101,2,True,2018-12-23T00:00:00Z,2018-12-23T23:59:59Z,86400,86400,0,1.0,1.000527859,1.000000392,-0.001222033,0,0,0,0,-0.0,3.393102,24.300067,-3.178277e-11,0.0033931,0.02430006,False,0.020504,False
2018-12-24,RS01SLBS-MJ01A-06-PRESTA101,2,True,2018-12-24T00:00:00Z,2018-12-24T23:59:59Z,86400,86400,0,1.0,1.000525951,1.000000365,-0.000593861,0,0,0,0,-0.0,3.749023,24.353294,-6.459286e-11,0.003749022,0.02435329,False,0.024027,False
2018-12-25,RS01SLBS-MJ01A-06-PRESTA101,2,True,2018-12-25T00:00:00Z,2018-12-25T23:59:59Z,86400,86400,0,1.0,1.000561237,1.000000415,-0.005852273,0,0,0,0,-0.0,3.516709,24.981211,-7.542474e-12,0.003516707,0.0249812,False,0.02582,False
2018-12-26,RS01SLBS-MJ01A-06-PRESTA101,2,True,2018-12-26T00:00:00Z,2018-12-26T23:59:59Z,86400,86400,0,1.0,1.000526905,1.000000338,-0.003459798,0,0,0,0,-0.0,3.590513,22.978519,-6.631106e-13,0.003590512,0.02297851,False,0.020683,False
2018-12-27,RS01SLBS-MJ01A-06-PRESTA101,2,True,2018-12-27T00:00:00Z,2018-12-27T23:59:59Z,86400,86400,0,1.0,1.000527382,1.000000378,-0.017069387,0,0,0,0,0.0,4.374182,27.286563,1.438184e-11,0.00437418,0.02728655,False,0.026651,False
2018-12-28,RS01SLBS-MJ01A-06-PRESTA101,2,True,2018-12-28T00:00:00Z,2018-12-28T23:59:59Z,86400,86400,0,1.0,1.000528336,1.000000343,0.002062036,0,0,0,0,0.0,3.102951,22.844354,4.589488e-11,0.00310295,0.02284435,False,0.022256,False
2018-12-29,RS01SLBS-MJ01A-06-PRESTA101,2,True,2018-12-29T00:00:00Z,2018-12-29T23:59:59Z,86400,86400,0,1.0,1.000524998,1.000000345,-0.000754079,0,0,2,2,0.0,3.307456,22.663793,3.579389e-11,0.003307455,0.02266379,False,0.024104,False
2018-12-30,RS01SLBS-MJ01A-06-PRESTA101,2,True,2018-12-30T00:00:00Z,2018-12-30T23:59:59Z,86399,86399,0,1.0,1.00052309,1.00000028,0.003115301,0,0,22,22,-0.0,3.67208,23.961855,-7.168482e-11,0.003672079,0.02396185,False,0.022311,False
2018-12-31,RS01SLBS-MJ01A-06-PRESTA101,2,True,2018-12-31T00:00:00Z,2018-12-31T23:59:59Z,86400,86400,0,1.0,1.000526428,1.000000359,0.005188614,0,0,0,0,-0.0,3.335811,24.03276,-9.503775e-12,0.00333581,0.02403275,False,0.025531,False
2019-01-01,RS01SLBS-MJ01A-06-PRESTA101,2,True,2019-01-01T00:00:00Z,2019-01-01T23:59:59Z,86400,86400,0,1.0,1.000567913,1.000000362,-0.000892072,0,0,0,0,0.0,3.075946,20.991702,7.027513e-12,0.003075945,0.02099169,False,0.025193,False
2019-01-02,RS01SLBS-MJ01A-06-PRESTA101,2,True,2019-01-02T00:00:00Z,2019-01-02T23:59:59Z,86400,86400,0,1.0,1.00052309,1.000000368,-0.003705971,0,0,0,0,0.0,3.145856,24.625876,2.434075e-11,0.003145855,0.02462587,False,0.024918,False
2019-01-03,RS01SLBS-MJ01A-06-PRESTA101,2,True,2019-01-03T00:00:00Z,2019-01-03T23:59:59Z,86400,86400,0,1.0,1.000524044,1.000000347,-0.000305645,0,0,0,0,0.0,3.104231,23.465963,2.896713e-11,0.00310423,0.02346596,False,0.026147,False
2019-01-04,RS01SLBS-MJ01A-06-PRESTA101,2,True,2019-01-04T00:00:00Z,2019-01-04T23:59:59Z,86400,86400,0,1.0,1.000524998,1.000000341,0.001791183,0,0,0,0,-0.0,3.226252,23.243771,-5.463542e-11,0.003226251,0.02324376,False,0.026157,False
2019-01-05,RS01SLBS-MJ01A-06-PRESTA101,2,True,2019-01-05T00:00:00Z,2019-01-05T23:59:59Z,86400,86400,0,1.0,1.000517845,1.000000349,-0.003583875,0,0,0,0,0.0,3.315852,21.482423,2.980115e-12,0.003315851,0.02148242,False,0.025442,False
2019-01-06,RS01SLBS-MJ01A-06-PRESTA101,2,True,2019-01-06T00:00:00Z,2019-01-06T23:59:59Z,86400,86400,0,1.0,1.000520229,1.00000033,-0.002593644,0,0,0,0,-0.0,3.226916,23.875614,-8.801209e-12,0.003226915,0.02387561,False,0.02357,False
2019-01-07,RS01SLBS-MJ01A-06-PRESTA101,2,True,2019-01-07T00:00:00Z,2019-01-07T23:59:59Z,86400,86400,0,1.0,1.000534058,1.000000277,-0.001700618,0,0,0,0,-0.0,3.138882,23.426576,-6.179683e-12,0.003138881,0.02342657,False,0.022789,False
2019-01-08,RS01SLBS-MJ01A-06-PRESTA101,2,True,2019-01-08T00:00:00Z,2019-01-08T23:59:59Z,86400,86400,0,1.0,1.000563145,1.000000318,0.004020351,0,0,0,0,-0.0,3.18902,22.108278,-4.741665e-12,0.003189019,0.02210827,False,0.025087,False
2019-01-09,RS01SLBS-MJ01A-06-PRESTA101,2,True,2019-01-09T00:00:00Z,2019-01-09T23:59:59Z,86400,86400,0,1.0,1.000528812,1.000000326,-0.001285683,0,0,0,0,-0.0,3.10664,22.652305,-9.650384e-11,0.003106639,0.0226523,False,0.025407,False
2019-01-10,RS01SLBS-MJ01A-06-PRESTA101,2,True,2019-01-10T00:00:00Z,2019-01-10T23:59:59Z,86400,86400,0,1.0,1.000535965,1.000000323,0.002345458,0,0,0,0,0.0,3.279573,23.486323,2.650167e-12,0.003279572,0.02348632,False,0.024226,False
2019-01-11,RS01SLBS-MJ01A-06-PRESTA101,2,True,2019-01-11T00:00:00Z,2019-01-11T23:59:59Z,86400,86400,0,1.0,1.000536919,1.000000321,3.0033e-05,0,0,0,0,-0.0,3.454736,22.794528,-7.745104e-12,0.003454734,0.02279452,False,0.024854,False
2019-01-12,RS01SLBS-MJ01A-06-PRESTA101,2,True,2019-01-12T00:00:00Z,2019-01-12T23:59:59Z,86400,86400,0,1.0,1.000535011,1.000000309,0.001873354,0,0,0,0,0.0,3.031591,20.94003,1.609632e-12,0.00303159,0.02094002,False,0.02666,False
2019-01-13,RS01SLBS-MJ01A-06-PRESTA101,2,True,2019-01-13T00:00:00Z,2019-01-13T23:59:59Z,86400,86400,0,1.0,1.000533104,1.000000302,0.00053646,0,0,0,0,-0.0,3.472503,23.002284,-1.704627e-11,0.003472502,0.02300228,False,0.026703,False
2019-01-14,RS01SLBS-MJ01A-06-PRESTA101,2,True,2019-01-14T00:00:00Z,2019-01-14T23:59:59Z,86400,86400,0,1.0,1.000536919,1.000000307,-0.003147083,0,0,0,0,-0.0,3.079402,22.968181,-2.202157e-11,0.003079401,0.02296817,False,0.025787,False
2019-01-15,RS01SLBS-MJ01A-06-PRESTA101,2,True,2019-01-15T00:00:00Z,2019-01-15T23:59:59Z,86400,86400,0,1.0,1.000569344,1.00000033,0.000432619,0,0,0,0,-0.0,3.197577,22.736151,-5.020234e-11,0.003197576,0.02273614,False,0.023942,False
2019-01-16,RS01SLBS-MJ01A-06-PRESTA101,2,True,2019-01-16T00:00:00Z,2019-01-16T23:59:59Z,86400,86400,0,1.0,1.000528336,1.000000334,8.9682e-05,0,0,0,0,0.0,3.472039,22.288588,2.741625e-12,0.003472038,0.02228858,False,0.025392,False
2019-01-17,RS01SLBS-MJ01A-06-PRESTA101,2,True,2019-01-17T00:00:00Z,2019-01-17T23:59:59Z,86400,86400,0,1.0,1.000524998,1.000000295,0.002485011,0,0,0,0,-0.0,3.627164,24.528284,-5.097093e-11,0.003627163,0.02452828,False,0.022262,False
2019-01-18,RS01SLBS-MJ01A-06-PRESTA101,2,True,2019-01-18T00:00:00Z,2019-01-18T23:59:59Z,86400,86400,0,1.0,1.000524044,1.000000328,6.0107e-05,0,0,0,0,-0.0,3.682603,24.29549,-2.296404e-11,0.003682602,0.02429548,False,0.026105,False
2019-01-19,RS01SLBS-MJ01A-06-PRESTA101,2,True,2019-01-19T00:00:00Z,2019-01-19T23:59:59Z,86400,86400,0,1.0,1.000526428,1.000000375,-0.003306727,0,0,0,0,-0.0,3.209925,22.299307,-9.764467e-11,0.003209924,0.0222993,False,0.027015,False
2019-01-20,RS01SLBS-MJ01A-06-PRESTA101,2,True,2019-01-20T00:00:00Z,2019-01-20T23:59:59Z,86400,86400,0,1.0,1.000521183,1.000000311,0.003132607,0,0,0,0,-0.0,3.172844,24.365779,-6.212691e-11,0.003172843,0.02436577,False,0.024341,False
2019-01-21,RS01SLBS-MJ01A-06-PRESTA101,2,True,2019-01-21T00:00:00Z,2019-01-21T23:59:59Z,86400,86400,0,1.0,1.000528336,1.000000314,5.1865e-05,0,0,0,0,-0.0,3.697057,24.088017,-7.45457e-11,0.003697056,0.02408801,False,0.02089,False
2019-01-22,RS01SLBS-MJ01A-06-PRESTA101,2,True,2019-01-22T00:00:00Z,2019-01-22T23:59:59Z,86400,86400,0,1.0,1.000568867,1.00000034,0.002812153,0,0,0,0,-0.0,3.357948,25.509177,-1.184839e-10,0.003357947,0.02550917,False,0.02487,False
2019-01-23,RS01SLBS-MJ01A-06-PRESTA101,2,True,2019-01-23T00:00:00Z,2019-01-23T23:59:59Z,86400,86400,0,1.0,1.000524998,1.000000357,-0.00056381,0,0,0,0,-0.0,3.159922,22.156244,-6.73037e-11,0.003159921,0.02215624,False,0.02495,False
2019-01-24,RS01SLBS-MJ01A-06-PRESTA101,2,True,2019-01-24T00:00:00Z,2019-01-24T23:59:59Z,86400,86400,0,1.0,1.000524998,1.000000317,0.002034582,0,0,0,0,-0.0,3.074478,22.807693,-4.752276e-11,0.003074477,0.02280769,False,0.023597,False
2019-01-25,RS01SLBS-MJ01A-06-PRESTA101,2,True,2019-01-25T00:00:00Z,2019-01-25T23:59:59Z,86113,86400,287,1.0,1.000520229,1.000000355,-0.001081422,1,287,1,287,0.0,3.091134,23.164641,1.571293e-11,0.003091133,0.02316463,False,0.147963,True
2019-01-26,RS01SLBS-MJ01A-06-PRESTA101,2,True,2019-01-26T00:00:00Z,2019-01-26T23:59:59Z,86400,86400,0,1.0,1.000526905,1.000000362,0.001484275,0,0,0,0,-0.0,3.209876,22.546727,-8.74839e-12,0.003209875,0.02254672,False,0.025418,False
2019-01-27,RS01SLBS-MJ01A-06-PRESTA101,2,True,2019-01-27T00:00:00Z,2019-01-27T23:59:59Z,86400,86400,0,1.0,1.000531197,1.000000351,0.006401132,0,0,0,0,-0.0,3.674258,26.152845,-4.589435e-11,0.003674257,0.02615284,False,0.026829,False
2019-01-28,RS01SLBS-MJ01A-06-PRESTA101,2,True,2019-01-28T00:00:00Z,2019-01-28T23:59:59Z,86400,86400,0,1.0,1.000538826,1.00000034,0.00109121,0,0,0,0,-0.0,4.244316,25.537313,-1.624163e-11,0.004244315,0.0255373,False,0.02288,False
2019-01-29,RS01SLBS-MJ01A-06-PRESTA101,2,True,2019-01-29T00:00:00Z,2019-01-29T23:59:59Z,86400,86400,0,1.0,1.000571728,1.000000391,0.000270783,0,0,0,0,-0.0,3.693493,24.261322,-3.354898e-11,0.003693491,0.02426131,False,0.026419,False
2019-01-30,RS01SLBS-MJ01A-06-PRESTA101,2,True,2019-01-30T00:00:00Z,2019-01-30T23:59:59Z,86254,86400,146,1.0,1.000519276,1.000000315,0.000524794,1,146,1,146,0.0,3.111384,23.041869,6.394336e-11,0.003111383,0.02304186,False,0.073961,True
2019-01-31,RS01SLBS-MJ01A-06-PRESTA101,2,True,2019-01-31T00:00:00Z,2019-01-31T23:59:59Z,86400,86400,0,1.0,1.000521183,1.000000398,-0.000148886,0,0,0,0,-0.0,4.080026,24.964535,-1.980763e-11,0.004080024,0.02496453,False,0.027226,False
2019-02-01,RS01SLBS-MJ01A-06-PRESTA101,2,True,2019-02-01T00:00:00Z,2019-02-01T23:59:59Z,86400,86400,0,1.0,1.000520229,1.000000343,-0.000969988,0,0,0,0,-0.0,4.484475,26.070773,-1.08395e-10,0.004484474,0.02607076,False,0.022873,False
2019-02-02,RS01SLBS-MJ01A-06-PRESTA101,2,True,2019-02-02T00:00:00Z,2019-02-02T23:59:59Z,86399,86399,0,1.0,1.000522614,1.000000347,0.004406269,0,0,30,30,-0.0,3.30636,24.521352,-7.164221e-12,0.003306359,0.02452134,False,0.023584,False
2019-02-03,RS01SLBS-MJ01A-06-PRESTA101,2,True,2019-02-03T00:00:00Z,2019-02-03T23:59:59Z,86400,86400,0,1.0,1.000522137,1.00000037,-0.000175174,0,0,3,3,-0.0,3.114077,22.775949,-4.047061e-11,0.003114076,0.02277594,False,0.025509,False
2019-02-04,RS01SLBS-MJ01A-06-PRESTA101,2,True,2019-02-04T00:00:00Z,2019-02-04T23:59:59Z,86400,86400,0,1.0,1.00052309,1.000000364,-0.003455297,0,0,0,0,-0.0,3.322416,24.16849,-5.511074e-11,0.003322415,0.02416848,False,0.024793,False
2019-02-05,RS01SLBS-MJ01A-06-PRESTA101,2,True,2019-02-05T00:00:00Z,2019-02-05T23:59:59Z,86400,86400,0,1.0,1.000564575,1.000000275,0.001972928,0,0,0,0,-0.0,3.540267,25.526823,-5.884404e-11,0.003540266,0.02552682,False,0.023274,False
2019-02-06,RS01SLBS-MJ01A-06-PRESTA101,2,True,2019-02-06T00:00:00Z,2019-02-06T23:59:59Z,86400,86400,0,1.0,1.000526905,1.000000374,-0.001445139,0,0,0,0,-0.0,3.176648,23.19174,-9.044816e-12,0.003176647,0.02319173,False,0.025968,False
2019-02-07,RS01SLBS-MJ01A-06-PRESTA101,2,True,2019-02-07T00:00:00Z,2019-02-07T23:59:59Z,86400,86400,0,1.0,1.000535011,1.000000346,-0.001637073,0,0,0,0,-0.0,3.087963,23.240451,-5.02371e-11,0.003087962,0.02324044,False,0.025447,False
2019-02-08,RS01SLBS-MJ01A-06-PRESTA101,2,True,2019-02-08T00:00:00Z,2019-02-08T23:59:59Z,86400,86400,0,1.0,1.000534058,1.000000329,-0.000757849,0,0,0,0,-0.0,2.926231,21.98099,-4.83655e-11,0.00292623,0.02198098,False,0.025514,False
2019-02-09,RS01SLBS-MJ01A-06-PRESTA101,2,True,2019-02-09T00:00:00Z,2019-02-09T23:59:59Z,86299,86400,101,1.0,1.000529766,1.000000299,-0.0014496,1,101,1,101,-0.0,3.218522,23.977278,-2.769229e-11,0.003218521,0.02397727,False,0.049998,True
2019-02-10,RS01SLBS-MJ01A-06-PRESTA101,2,True,2019-02-10T00:00:00Z,2019-02-10T23:59:59Z,86400,86400,0,1.0,1.000533104,1.00000033,0.000862661,0,0,0,0,-0.0,3.101772,24.291511,-1.485413e-11,0.003101771,0.0242915,False,0.024738,False
2019-02-11,RS01SLBS-MJ01A-06-PRESTA101,2,True,2019-02-11T00:00:00Z,2019-02-11T23:59:59Z,86400,86400,0,1.0,1.000532627,1.000000305,0.001822928,0,0,0,0,-0.0,3.238089,21.959204,-4.717455e-11,0.003238088,0.0219592,False,0.022927,False
2019-02-12,RS01SLBS-MJ01A-06-PRESTA101,2,True,2019-02-12T00:00:00Z,2019-02-12T23:59:59Z,86400,86400,0,1.0,1.000566959,1.000000347,-0.005966102,0,0,0,0,-0.0,4.492965,26.751345,-1.080956e-10,0.004492963,0.02675134,False,0.025226,False
2019-02-13,RS01SLBS-MJ01A-06-PRESTA101,2,True,2019-02-13T00:00:00Z,2019-02-13T23:59:59Z,86400,86400,0,1.0,1.000520706,1.000000354,-0.00048256,0,0,0,0,-0.0,3.192867,22.183283,-4.07884e-11,0.003192866,0.02218328,False,0.025471,False
2019-02-14,RS01SLBS-MJ01A-06-PRESTA101,2,True,2019-02-14T00:00:00Z,2019-02-14T23:59:59Z,86400,86400,0,1.0,1.000524044,1.000000305,-0.000906477,0,0,0,0,-0.0,3.215859,22.741795,-1.140892e-11,0.003215858,0.02274179,False,0.025513,False
2019-02-15,RS01SLBS-MJ01A-06-PRESTA101,2,True,2019-02-15T00:00:00Z,2019-02-15T23:59:59Z,86400,86400,0,1.0,1.00052309,1.00000035,0.001381217,0,0,0,0,-0.0,3.312935,23.14865,-5.698953e-11,0.003312934,0.02314864,False,0.023597,False
2019-02-16,RS01SLBS-MJ01A-06-PRESTA101,2,True,2019-02-16T00:00:00Z,2019-02-16T23:59:59Z,86400,86400,0,1.0,1.000521183,1.000000371,-0.004955796,0,0,0,0,-0.0,3.173089,23.564635,-4.499244e-11,0.003173088,0.02356463,False,0.026095,False
2019-02-17,RS01SLBS-MJ01A-06-PRESTA101,2,True,2019-02-17T00:00:00Z,2019-02-17T23:59:59Z,86400,86400,0,1.0,1.000521183,1.000000342,-3.1243e-05,0,0,0,0,-0.0,3.483237,24.701149,-3.353087e-11,0.003483236,0.02470114,False,0.026687,False
2019-02-18,RS01SLBS-MJ01A-06-PRESTA101,2,True,2019-02-18T00:00:00Z,2019-02-18T23:59:59Z,86400,86400,0,1.0,1.000527382,1.000000339,0.000446656,0,0,0,0,-0.0,3.132125,23.019794,-5.087712e-11,0.003132124,0.02301979,False,0.020691,False
2019-02-19,RS01SLBS-MJ01A-06-PRESTA101,2,True,2019-02-19T00:00:00Z,2019-02-19T23:59:59Z,86400,86400,0,1.0,1.000567913,1.000000317,-0.002681553,0,0,0,0,-0.0,3.236363,22.532206,-3.616738e-11,0.003236362,0.0225322,False,0.02407,False
2019-02-20,RS01SLBS-MJ01A-06-PRESTA101,2,True,2019-02-20T00:00:00Z,2019-02-20T23:59:59Z,86400,86400,0,1.0,1.000526905,1.000000361,-0.002331773,0,0,0,0,-0.0,3.323725,23.812756,-1.081927e-10,0.003323723,0.02381275,False,0.026657,False
2019-02-21,RS01SLBS-MJ01A-06-PRESTA101,2,True,2019-02-21T00:00:00Z,2019-02-21T23:59:59Z,86400,86400,0,1.0,1.000527382,1.000000327,0.001168463,0,0,0,0,-0.0,3.266063,21.805249,-2.469933e-11,0.003266062,0.02180524,False,0.026691,False
2019-02-22,RS01SLBS-MJ01A-06-PRESTA101,2,True,2019-02-22T00:00:00Z,2019-02-22T23:59:59Z,86400,86400,0,1.0,1.000535011,1.000000365,0.004951359,0,0,0,0,-0.0,3.387562,23.13841,-9.835945e-11,0.003387561,0.0231384,False,0.0224,False
2019-02-23,RS01SLBS-MJ01A-06-PRESTA101,2,True,2019-02-23T00:00:00Z,2019-02-23T23:59:59Z,86400,86400,0,1.0,1.000537872,1.000000333,-0.000150581,0,0,0,0,-0.0,3.531373,23.871473,-5.237668e-11,0.003531371,0.02387147,False,0.020683,False
2019-02-24,RS01SLBS-MJ01A-06-PRESTA101,2,True,2019-02-24T00:00:00Z,2019-02-24T23:59:59Z,86400,86400,0,1.0,1.000538826,1.000000348,-0.001389755,0,0,0,0,-0.0,3.89985,23.549083,-4.777455e-12,0.003899849,0.02354908,False,0.024147,False
2019-02-25,RS01SLBS-MJ01A-06-PRESTA101,2,True,2019-02-25T00:00:00Z,2019-02-25T23:59:59Z,86400,86400,0,1.0,1.000533104,1.000000418,-0.005019311,0,0,0,0,0.0,4.319165,24.598133,4.101996e-12,0.004319163,0.02459812,False,0.022858,False
2019-02-26,RS01SLBS-MJ01A-06-PRESTA101,2,True,2019-02-26T00:00:00Z,2019-02-26T23:59:59Z,86400,86400,0,1.0,1.000573158,1.000000362,0.002072591,0,0,0,0,-0.0,3.121028,23.670334,-3.798326e-11,0.003121027,0.02367033,False,0.026408,False
2019-02-27,RS01SLBS-MJ01A-06-PRESTA101,2,True,2019-02-27T00:00:00Z,2019-02-27T23:59:59Z,86400,86400,0,1.0,1.000524998,1.000000342,-0.001155194,0,0,0,0,-0.0,3.076354,21.854576,-3.557453e-12,0.003076353,0.02185457,False,0.022859,False
2019-02-28,RS01SLBS-MJ01A-06-PRESTA101,2,True,2019-02-28T00:00:00Z,2019-02-28T23:59:59Z,86400,86400,0,1.0,1.000524044,1.000000317,0.001424411,0,0,0,0,-0.0,3.024042,22.283259,-5.766302e-11,0.003024041,0.02228325,False,0.024075,False
2019-03-01,RS01SLBS-MJ01A-06-PRESTA101,2,True,2019-03-01T00:00:00Z,2019-03-01T23:59:59Z,86400,86400,0,1.0,1.000520706,1.000000361,-0.002599021,0,0,0,0,-0.0,3.151149,20.995622,-7.710838e-11,0.003151148,0.02099561,False,0.025356,False
2019-03-02,RS01SLBS-MJ01A-06-PRESTA101,2,True,2019-03-02T00:00:00Z,2019-03-02T23:59:59Z,86400,86400,0,1.0,1.000518322,1.000000355,0.000274686,0,0,0,0,-0.0,3.265666,24.807546,-2.17701e-11,0.003265665,0.02480754,False,0.022323,False
2019-03-03,RS01SLBS-MJ01A-06-PRESTA101,2,True,2019-03-03T00:00:00Z,2019-03-03T23:59:59Z,86400,86400,0,1.0,1.000518322,1.000000349,0.000472471,0,0,0,0,-0.0,3.157991,23.681703,-2.564601e-12,0.00315799,0.02368169,False,0.023596,False
2019-03-04,RS01SLBS-MJ01A-06-PRESTA101,2,True,2019-03-04T00:00:00Z,2019-03-04T23:59:59Z,86400,86400,0,1.0,1.000524998,1.000000353,-0.000212645,0,0,0,0,0.0,3.547817,25.161655,4.808005e-12,0.003547816,0.02516165,False,0.027305,False
2019-03-05,RS01SLBS-MJ01A-06-PRESTA101,2,True,2019-03-05T00:00:00Z,2019-03-05T23:59:59Z,86400,86400,0,1.0,1.000567436,1.00000028,-0.00023938,0,0,0,0,0.0,3.265519,23.600295,6.196303e-11,0.003265518,0.02360029,False,0.024009,False
2019-03-06,RS01SLBS-MJ01A-06-PRESTA101,2,True,2019-03-06T00:00:00Z,2019-03-06T23:59:59Z,86400,86400,0,1.0,1.000519276,1.000000322,0.002032113,0,0,0,0,-0.0,3.301558,22.185581,-2.201373e-11,0.003301557,0.02218557,False,0.024185,False
2019-03-07,RS01SLBS-MJ01A-06-PRESTA101,2,True,2019-03-07T00:00:00Z,2019-03-07T23:59:59Z,86400,86400,0,1.0,1.000521183,1.000000326,0.001116633,0,0,0,0,-0.0,3.06828,22.670371,-1.963902e-11,0.003068279,0.02267036,False,0.026008,False
2019-03-08,RS01SLBS-MJ01A-06-PRESTA101,2,True,2019-03-08T00:00:00Z,2019-03-08T23:59:59Z,86400,86400,0,1.0,1.000525951,1.000000301,-9.7422e-05,0,0,0,0,0.0,3.846611,25.64056,1.026198e-11,0.00384661,0.02564055,False,0.024183,False
2019-03-09,RS01SLBS-MJ01A-06-PRESTA101,2,True,2019-03-09T00:00:00Z,2019-03-09T23:59:59Z,86399,86399,0,1.0,1.000525951,1.000000353,0.004724525,0,0,8,8,-0.0,5.366355,25.986947,-1.049587e-11,0.005366353,0.02598694,False,0.023497,False
2019-03-10,RS01SLBS-MJ01A-06-PRESTA101,2,True,2019-03-10T00:00:00Z,2019-03-10T23:59:59Z,86400,86400,0,1.0,1.000524044,1.000000343,-0.003146233,0,0,0,0,-0.0,3.215517,22.086704,-1.64526e-11,0.003215516,0.0220867,False,0.026628,False
2019-03-11,RS01SLBS-MJ01A-06-PRESTA101,2,True,2019-03-11T00:00:00Z,2019-03-11T23:59:59Z,86400,86400,0,1.0,1.000521183,1.000000362,0.003431472,0,0,0,0,-0.0,3.144399,21.996511,-5.184743e-11,0.003144398,0.0219965,False,0.026678,False
2019-03-12,RS01SLBS-MJ01A-06-PRESTA101,2,True,2019-03-12T00:00:00Z,2019-03-12T23:59:59Z,86400,86400,0,1.0,1.000566006,1.000000369,-0.004605358,0,0,0,0,-0.0,3.575419,22.705474,-5.202268e-11,0.003575417,0.02270547,False,0.025185,False
2019-03-13,RS01SLBS-MJ01A-06-PRESTA101,2,True,2019-03-13T00:00:00Z,2019-03-13T23:59:59Z,86400,86400,0,1.0,1.000524044,1.000000319,-0.00376203,0,0,0,0,0.0,4.123931,25.298415,5.701274e-11,0.00412393,0.02529841,False,0.023068,False
2019-03-14,RS01SLBS-MJ01A-06-PRESTA101,2,True,2019-03-14T00:00:00Z,2019-03-14T23:59:59Z,86400,86400,0,1.0,1.000521183,1.000000308,-0.002183331,0,0,0,0,-0.0,3.191392,22.39072,-7.74056e-12,0.003191391,0.02239071,False,0.027321,False
2019-03-15,RS01SLBS-MJ01A-06-PRESTA101,2,True,2019-03-15T00:00:00Z,2019-03-15T23:59:59Z,83062,86398,3336,1.0,1.00052166,1.000030338,0.054718893,1,3336,1,3336,-0.0,527.769105,1077.359167,-1.804971e-11,0.5277531,1.077326,True,0.260235,True
2019-03-16,RS01SLBS-MJ01A-06-PRESTA101,2,True,2019-03-16T00:00:00Z,2019-03-16T23:59:59Z,86400,86400,0,1.0,1.00052166,1.000000325,-0.002325709,0,0,0,0,0.0,3.153098,22.901924,1.271304e-11,0.003153097,0.02290192,False,0.026125,False
2019-03-17,RS01SLBS-MJ01A-06-PRESTA101,2,True,2019-03-17T00:00:00Z,2019-03-17T23:59:59Z,86400,86400,0,1.0,1.000521183,1.000000322,0.000193748,0,0,0,0,-0.0,3.23146,24.866436,-6.160999e-11,0.003231459,0.02486643,False,0.027244,False
2019-03-18,RS01SLBS-MJ01A-06-PRESTA101,2,True,2019-03-18T00:00:00Z,2019-03-18T23:59:59Z,86400,86400,0,1.0,1.000522137,1.000000349,0.002826143,0,0,0,0,-0.0,3.033027,21.618423,-8.75643e-12,0.003033026,0.02161842,False,0.022799,False
2019-03-19,RS01SLBS-MJ01A-06-PRESTA101,2,True,2019-03-19T00:00:00Z,2019-03-19T23:59:59Z,86400,86400,0,1.0,1.000566959,1.000000335,-0.000427899,0,0,0,0,-0.0,3.356111,22.988844,-3.961832e-11,0.00335611,0.02298884,False,0.026369,False
2019-03-20,RS01SLBS-MJ01A-06-PRESTA101,2,True,2019-03-20T00:00:00Z,2019-03-20T23:59:59Z,86400,86400,0,1.0,1.000521183,1.000000297,0.001673381,0,0,0,0,-0.0,4.144676,25.275419,-4.583187e-11,0.004144675,0.02527541,False,0.027408,False
2019-03-21,RS01SLBS-MJ01A-06-PRESTA101,2,True,2019-03-21T00:00:00Z,2019-03-21T23:59:59Z,86400,86400,0,1.0,1.000522137,1.000000309,0.001764211,0,0,0,0,-0.0,3.555971,22.208116,-3.286978e-11,0.00355597,0.02220811,False,0.022545,False
2019-03-22,RS01SLBS-MJ01A-06-PRESTA101,2,True,2019-03-22T00:00:00Z,2019-03-22T23:59:59Z,86400,86400,0,1.0,1.000521183,1.000000308,0.002952628,0,0,0,0,-0.0,3.223242,22.826398,-7.067564e-11,0.003223241,0.02282639,False,0.027306,False
2019-03-23,RS01SLBS-MJ01A-06-PRESTA101,2,True,2019-03-23T00:00:00Z,2019-03-23T23:59:59Z,86400,86400,0,1.0,1.000522137,1.000000308,0.001762916,0,0,0,0,-0.0,3.438213,25.861261,-7.232889e-11,0.003438212,0.02586125,False,0.024818,False
2019-03-24,RS01SLBS-MJ01A-06-PRESTA101,2,True,2019-03-24T00:00:00Z,2019-03-24T23:59:59Z,86400,86400,0,1.0,1.000525951,1.000000351,0.00693218,0,0,0,0,-0.0,3.425529,22.752033,-3.931323e-11,0.003425528,0.02275203,False,0.025553,False
2019-03-25,RS01SLBS-MJ01A-06-PRESTA101,2,True,2019-03-25T00:00:00Z,2019-03-25T23:59:59Z,86400,86400,0,1.0,1.000525951,1.000000329,0.006066749,0,0,0,0,0.0,3.185064,23.338828,1.891049e-11,0.003185063,0.02333882,False,0.027322,False
2019-03-26,RS01SLBS-MJ01A-06-PRESTA101,2,True,2019-03-26T00:00:00Z,2019-03-26T23:59:59Z,86400,86400,0,1.0,1.000565052,1.000000323,-0.000726646,0,0,0,0,-0.0,3.134394,22.868524,-1.337807e-10,0.003134393,0.02286852,False,0.025878,False
2019-03-27,RS01SLBS-MJ01A-06-PRESTA101,2,True,2019-03-27T00:00:00Z,2019-03-27T23:59:59Z,86400,86400,0,1.0,1.000520229,1.000000323,0.003752379,0,0,0,0,0.0,3.613885,25.877503,3.040105e-11,0.003613883,0.02587749,False,0.025489,False
2019-03-28,RS01SLBS-MJ01A-06-PRESTA101,2,True,2019-03-28T00:00:00Z,2019-03-28T23:59:59Z,86400,86400,0,1.0,1.000524044,1.000000285,-0.00464967,0,0,0,0,-0.0,3.539231,24.466781,-3.281996e-11,0.00353923,0.02446677,False,0.024634,False
2019-03-29,RS01SLBS-MJ01A-06-PRESTA101,2,True,2019-03-29T00:00:00Z,2019-03-29T23:59:59Z,86400,86400,0,1.0,1.000534058,1.000000277,0.000271434,0,0,0,0,-0.0,3.760841,23.52396,-5.23857e-11,0.00376084,0.02352395,False,0.023685,False
2019-03-30,RS01SLBS-MJ01A-06-PRESTA101,2,True,2019-03-30T00:00:00Z,2019-03-30T23:59:59Z,86400,86400,0,1.0,1.000528812,1.000000312,0.000843093,0,0,0,0,-0.0,3.539404,24.660468,-3.524444e-11,0.003539403,0.02466046,False,0.027368,False
2019-03-31,RS01SLBS-MJ01A-06-PRESTA101,2,True,2019-03-31T00:00:00Z,2019-03-31T23:59:59Z,86400,86400,0,1.0,1.000524044,1.000000317,-0.000131524,0,0,0,0,-0.0,3.233763,22.595214,-4.672715e-11,0.003233762,0.02259521,False,0.025346,False
2019-04-01,RS01SLBS-MJ01A-06-PRESTA101,2,True,2019-04-01T00:00:00Z,2019-04-01T23:59:59Z,86400,86400,0,1.0,1.000524044,1.000000319,-0.001732198,0,0,0,0,-0.0,3.546737,23.033726,-8.063268e-11,0.003546736,0.02303372,False,0.02346,False
2019-04-02,RS01SLBS-MJ01A-06-PRESTA101,2,True,2019-04-02T00:00:00Z,2019-04-02T23:59:59Z,86400,86400,0,1.0,1.000561714,1.000000336,0.000764332,0,0,0,0,0.0,4.603847,25.235289,2.368138e-12,0.004603845,0.02523528,False,0.026097,False
2019-04-03,RS01SLBS-MJ01A-06-PRESTA101,2,True,2019-04-03T00:00:00Z,2019-04-03T23:59:59Z,86400,86400,0,1.0,1.000524998,1.000000315,0.000540621,0,0,0,0,-0.0,3.332269,21.25094,-5.952942e-11,0.003332268,0.02125093,False,0.023592,False
2019-04-04,RS01SLBS-MJ01A-06-PRESTA101,2,True,2019-04-04T00:00:00Z,2019-04-04T23:18:55Z,83835,83936,101,1.0,1.000515938,1.00000051,-0.000306327,1,101,1,101,-0.0,7.024139,46.397168,-8.369747e-11,0.007024136,0.04639714,False,0.058243,True
2019-04-05,RS01SLBS-MJ01A-06-PRESTA101,2,True,2019-04-05T01:31:10Z,2019-04-05T23:59:59Z,80930,80930,0,1.0,1.000516891,1.000000153,0.00416563,0,0,0,0,0.0,4.546992,28.223065,4.091752e-11,0.004546992,0.02822306,False,0.02044,False
2019-04-06,RS01SLBS-MJ01A-06-PRESTA101,2,True,2019-04-06T00:00:00Z,2019-04-06T23:59:59Z,86400,86400,0,1.0,1.000526905,1.000000386,0.001495332,0,0,0,0,-0.0,4.049622,27.75382,-3.143248e-11,0.004049621,0.02775381,False,0.026641,False
2019-04-07,RS01SLBS-MJ01A-06-PRESTA101,2,True,2019-04-07T00:00:00Z,2019-04-07T23:59:59Z,86400,86400,0,1.0,1.000520229,1.000000354,0.003550723,0,0,0,0,-0.0,3.040968,23.833782,-5.076368e-11,0.003040967,0.02383377,False,0.023999,False
2019-04-08,RS01SLBS-MJ01A-06-PRESTA101,2,True,2019-04-08T00:00:00Z,2019-04-08T23:59:59Z,86400,86400,0,1.0,1.000522137,1.000000322,-0.00055062,0,0,0,0,-0.0,2.852762,21.969339,-7.748409e-12,0.002852761,0.02196933,False,0.024833,False
2019-04-09,RS01SLBS-MJ01A-06-PRESTA101,2,True,2019-04-09T00:00:00Z,2019-04-09T23:59:59Z,86400,86400,0,1.0,1.000565052,1.00000032,-0.000951891,0,0,0,0,0.0,2.968902,22.436346,1.050895e-11,0.002968901,0.02243634,False,0.027263,False
2019-04-10,RS01SLBS-MJ01A-06-PRESTA101,2,True,2019-04-10T00:00:00Z,2019-04-10T23:59:59Z,86400,86400,0,1.0,1.000531197,1.000000346,-0.000405119,0,0,0,0,-0.0,2.834077,22.004319,-3.149225e-12,0.002834077,0.02200431,False,0.021794,False
2019-04-11,RS01SLBS-MJ01A-06-PRESTA101,2,True,2019-04-11T00:00:00Z,2019-04-11T23:59:59Z,86400,86400,0,1.0,1.000524044,1.000000317,0.000227658,0,0,0,0,-0.0,3.007659,21.473497,-5.962224e-11,0.003007658,0.02147349,False,0.024285,False
2019-04-12,RS01SLBS-MJ01A-06-PRESTA101,2,True,2019-04-12T00:00:00Z,2019-04-12T23:59:59Z,86400,86400,0,1.0,1.000520706,1.000000327,-5.9693e-05,0,0,0,0,-0.0,2.791325,21.147744,-4.623211e-11,0.002791324,0.02114774,False,0.020589,False
2019-04-13,RS01SLBS-MJ01A-06-PRESTA101,2,True,2019-04-13T00:00:00Z,2019-04-13T23:59:59Z,86399,86399,0,1.0,1.00052166,1.000000337,-0.002128384,0,0,23,23,0.0,2.81647,22.448105,1.023142e-10,0.002816469,0.0224481,False,0.024276,False
2019-04-14,RS01SLBS-MJ01A-06-PRESTA101,2,True,2019-04-14T00:00:00Z,2019-04-14T23:59:59Z,86400,86400,0,1.0,1.000524044,1.000000336,0.001516691,0,0,0,0,-0.0,2.785156,22.755041,-6.769483e-11,0.002785155,0.02275503,False,0.02614,False
2019-04-15,RS01SLBS-MJ01A-06-PRESTA101,2,True,2019-04-15T00:00:00Z,2019-04-15T23:59:59Z,86400,86400,0,1.0,1.000524044,1.000000326,0.001613376,0,0,0,0,-0.0,2.798048,21.601087,-8.445869e-11,0.002798048,0.02160108,False,0.025436,False
2019-04-16,RS01SLBS-MJ01A-06-PRESTA101,2,True,2019-04-16T00:00:00Z,2019-04-16T23:59:59Z,86400,86400,0,1.0,1.000565052,1.000000327,-0.000496491,0,0,0,0,-0.0,2.778193,22.319762,-9.65855e-11,0.002778192,0.02231975,False,0.021364,False
2019-04-17,RS01SLBS-MJ01A-06-PRESTA101,2,True,2019-04-17T00:00:00Z,2019-04-17T23:59:59Z,86400,86400,0,1.0,1.000517845,1.000000348,9.8124e-05,0,0,0,0,-0.0,2.900442,24.01371,-3.269339e-11,0.002900441,0.0240137,False,0.024897,False
2019-04-18,RS01SLBS-MJ01A-06-PRESTA101,2,True,2019-04-18T00:00:00Z,2019-04-18T23:59:59Z,86400,86400,0,1.0,1.000528812,1.000000328,3.1137e-05,0,0,0,0,0.0,2.809111,21.961732,2.535931e-11,0.00280911,0.02196173,False,0.026698,False
2019-04-19,RS01SLBS-MJ01A-06-PRESTA101,2,True,2019-04-19T00:00:00Z,2019-04-19T23:59:59Z,86400,86400,0,1.0,1.000524044,1.000000362,-0.000847687,0,0,0,0,-0.0,2.809587,22.983158,-6.105968e-11,0.002809586,0.02298315,False,0.024276,False
2019-04-20,RS01SLBS-MJ01A-06-PRESTA101,2,True,2019-04-20T00:00:00Z,2019-04-20T23:59:59Z,86400,86400,0,1.0,1.00053072,1.000000316,-0.002827494,0,0,0,0,-0.0,3.028496,22.113771,-1.047593e-10,0.003028495,0.02211376,False,0.022791,False
2019-04-21,RS01SLBS-MJ01A-06-PRESTA101,2,True,2019-04-21T00:00:00Z,2019-04-21T23:59:59Z,86400,86400,0,1.0,1.000528336,1.000000322,0.003779701,0,0,0,0,-0.0,4.71975,25.252603,-5.332216e-11,0.004719749,0.02525259,False,0.025599,False
2019-04-22,RS01SLBS-MJ01A-06-PRESTA101,2,True,2019-04-22T00:00:00Z,2019-04-22T23:59:59Z,28395,86369,57974,1.0,1.000544071,1.000368201,3.799491554,2,57974,2,57974,0.0,2939.786123,5208.174972,5.922763e-11,2.938704,5.206258,True,0.48362,True
2019-04-23,RS01SLBS-MJ01A-06-PRESTA101,2,True,2019-04-23T00:00:00Z,2019-04-23T23:59:59Z,86400,86400,0,1.0,1.000567913,1.000000332,-0.009216791,0,0,0,0,-0.0,2.786381,21.225455,-1.203723e-10,0.00278638,0.02122545,False,0.023187,False
2019-04-24,RS01SLBS-MJ01A-06-PRESTA101,2,True,2019-04-24T00:00:00Z,2019-04-24T23:59:59Z,86400,86400,0,1.0,1.00053072,1.000000324,-0.000591297,0,0,0,0,-0.0,2.854365,21.813335,-4.809179e-11,0.002854364,0.02181333,False,0.02223,False
2019-04-25,RS01SLBS-MJ01A-06-PRESTA101,2,True,2019-04-25T00:00:00Z,2019-04-25T23:59:59Z,86400,86400,0,1.0,1.000525951,1.000000333,0.00097545,0,0,0,0,-0.0,2.881641,22.117402,-1.811341e-12,0.00288164,0.02211739,False,0.024077,False
2019-04-26,RS01SLBS-MJ01A-06-PRESTA101,2,True,2019-04-26T00:00:00Z,2019-04-26T23:59:59Z,86043,86400,357,1.0,1.000522137,1.000000278,0.004659306,1,357,1,357,0.0,3.106859,21.554726,3.528622e-11,0.003106859,0.02155472,False,0.192434,True
2019-04-27,RS01SLBS-MJ01A-06-PRESTA101,2,True,2019-04-27T00:00:00Z,2019-04-27T23:59:59Z,86400,86400,0,1.0,1.000524998,1.000000332,0.000724463,0,0,0,0,-0.0,2.842021,21.501639,-5.190645e-11,0.00284202,0.02150163,False,0.025511,False
2019-04-28,RS01SLBS-MJ01A-06-PRESTA101,2,True,2019-04-28T00:00:00Z,2019-04-28T23:59:59Z,86400,86400,0,1.0,1.000525951,1.000000327,-4.7995e-05,0,0,0,0,-0.0,2.805271,21.814571,-1.384696e-11,0.00280527,0.02181456,False,0.024865,False
2019-04-29,RS01SLBS-MJ01A-06-PRESTA101,2,True,2019-04-29T00:00:00Z,2019-04-29T23:59:59Z,86400,86400,0,1.0,1.000534058,1.000000334,0.002858025,0,0,0,0,-0.0,3.874838,23.57097,-1.243885e-11,0.003874837,0.02357096,False,0.027375,False
2019-04-30,RS01SLBS-MJ01A-06-PRESTA101,2,True,2019-04-30T00:00:00Z,2019-04-30T23:59:59Z,86400,86400,0,1.0,1.000567913,1.000000351,0.00360751,0,0,0,0,-0.0,4.097819,25.838894,-7.40207e-11,0.004097817,0.02583889,False,0.02533,False
2019-05-01,RS01SLBS-MJ01A-06-PRESTA101,2,True,2019-05-01T00:00:00Z,2019-05-01T23:59:59Z,86400,86400,0,1.0,1.000535965,1.000000297,0.001140575,0,0,0,0,-0.0,2.8359,21.98238,-3.953269e-11,0.002835899,0.02198237,False,0.024867,False
2019-05-02,RS01SLBS-MJ01A-06-PRESTA101,2,True,2019-05-02T00:00:00Z,2019-05-02T23:59:59Z,86400,86400,0,1.0,1.000531197,1.0000003,-0.000241487,0,0,0,0,0.0,3.529283,23.197313,8.769127e-12,0.003529282,0.02319731,False,0.024236,False
2019-05-03,RS01SLBS-MJ01A-06-PRESTA101,2,True,2019-05-03T00:00:00Z,2019-05-03T23:59:59Z,86400,86400,0,1.0,1.000531197,1.0000003,0.001747144,0,0,0,0,-0.0,3.104004,22.348721,-3.791209e-11,0.003104003,0.02234871,False,0.02074,False
2019-05-04,RS01SLBS-MJ01A-06-PRESTA101,2,True,2019-05-04T00:00:00Z,2019-05-04T23:59:59Z,86400,86400,0,1.0,1.000531673,1.000000333,-0.013389794,0,0,0,0,-0.0,2.822252,21.535011,-6.878312e-11,0.002822251,0.021535,False,0.024153,False
2019-05-05,RS01SLBS-MJ01A-06-PRESTA101,2,True,2019-05-05T00:00:00Z,2019-05-05T23:59:59Z,86400,86400,0,1.0,1.000527382,1.000000323,-0.000599,0,0,0,0,-0.0,2.791288,22.636282,-6.788886e-11,0.002791287,0.02263627,False,0.023609,False
2019-05-06,RS01SLBS-MJ01A-06-PRESTA101,2,True,2019-05-06T00:00:00Z,2019-05-06T23:59:59Z,86400,86400,0,1.0,1.000535965,1.000000342,0.002708361,0,0,0,0,-0.0,2.901163,22.872646,-3.426403e-11,0.002901162,0.02287264,False,0.024183,False
2019-05-07,RS01SLBS-MJ01A-06-PRESTA101,2,True,2019-05-07T00:00:00Z,2019-05-07T23:59:59Z,86400,86400,0,1.0,1.000566006,1.000000327,-0.000793323,0,0,0,0,-0.0,2.805611,22.379281,-1.080006e-10,0.00280561,0.02237927,False,0.025212,False
2019-05-08,RS01SLBS-MJ01A-06-PRESTA101,2,True,2019-05-08T00:00:00Z,2019-05-08T23:59:59Z,86400,86400,0,1.0,1.000531197,1.000000325,0.000676154,0,0,0,0,-0.0,2.783103,23.040271,-5.179042e-11,0.002783102,0.02304026,False,0.022999,False
2019-05-09,RS01SLBS-MJ01A-06-PRESTA101,2,True,2019-05-09T00:00:00Z,2019-05-09T23:59:59Z,86400,86400,0,1.0,1.000526428,1.000000311,0.00104023,0,0,0,0,-0.0,2.819573,21.953988,-6.664556e-11,0.002819572,0.02195398,False,0.027289,False
2019-05-10,RS01SLBS-MJ01A-06-PRESTA101,2,True,2019-05-10T00:00:00Z,2019-05-10T23:59:59Z,86400,86400,0,1.0,1.000529289,1.000000334,0.001233893,0,0,0,0,-0.0,2.924228,21.223884,-7.777036e-11,0.002924227,0.02122388,False,0.024096,False
2019-05-11,RS01SLBS-MJ01A-06-PRESTA101,2,True,2019-05-11T00:00:00Z,2019-05-11T23:59:59Z,86400,86400,0,1.0,1.00053215,1.000000344,-0.001904932,0,0,0,0,-0.0,2.810787,22.033987,-5.792718e-12,0.002810786,0.02203398,False,0.02601,False
2019-05-12,RS01SLBS-MJ01A-06-PRESTA101,2,True,2019-05-12T00:00:00Z,2019-05-12T23:59:59Z,86400,86400,0,1.0,1.000534058,1.00000034,-0.001945471,0,0,0,0,-0.0,2.784112,22.081687,-1.659917e-12,0.002784111,0.02208168,False,0.025499,False
2019-05-13,RS01SLBS-MJ01A-06-PRESTA101,2,True,2019-05-13T00:00:00Z,2019-05-13T23:59:59Z,86400,86400,0,1.0,1.000543118,1.000000256,-0.000359269,0,0,0,0,-0.0,2.896023,23.673113,-3.515807e-12,0.002896023,0.02367311,False,0.025978,False
2019-05-14,RS01SLBS-MJ01A-06-PRESTA101,2,True,2019-05-14T00:00:00Z,2019-05-14T23:59:59Z,86400,86400,0,1.0,1.000572681,1.000000326,0.001016675,0,0,0,0,-0.0,3.10823,22.877695,-2.039668e-11,0.003108229,0.02287769,False,0.025152,False
2019-05-15,RS01SLBS-MJ01A-06-PRESTA101,2,True,2019-05-15T00:00:00Z,2019-05-15T23:59:59Z,86400,86400,0,1.0,1.000535965,1.000000295,-0.00840768,0,0,0,0,-0.0,3.396775,24.463445,-1.495049e-11,0.003396774,0.02446344,False,0.026069,False
2019-05-16,RS01SLBS-MJ01A-06-PRESTA101,2,True,2019-05-16T00:00:00Z,2019-05-16T23:59:59Z,86400,86400,0,1.0,1.000542164,1.00000035,-0.001455504,0,0,0,0,-0.0,2.930468,21.514249,-8.423921e-12,0.002930466,0.02151424,False,0.024104,False
2019-05-17,RS01SLBS-MJ01A-06-PRESTA101,2,True,2019-05-17T00:00:00Z,2019-05-17T23:59:59Z,86400,86400,0,1.0,1.000535011,1.000000337,0.000324938,0,0,0,0,-0.0,2.906235,22.464608,-3.087432e-11,0.002906234,0.0224646,False,0.026646,False
2019-05-18,RS01SLBS-MJ01A-06-PRESTA101,2,True,2019-05-18T00:00:00Z,2019-05-18T23:59:59Z,86400,86400,0,1.0,1.000535011,1.000000318,-0.001255142,0,0,3,3,0.0,2.862769,22.348534,9.460022e-12,0.002862768,0.02234853,False,0.023446,False
2019-05-19,RS01SLBS-MJ01A-06-PRESTA101,2,True,2019-05-19T00:00:00Z,2019-05-19T23:59:59Z,86399,86399,0,1.0,1.000535965,1.000000355,0.002680815,0,0,13,13,-0.0,2.803006,22.128622,-2.666028e-12,0.002803005,0.02212861,False,0.024115,False
2019-05-20,RS01SLBS-MJ01A-06-PRESTA101,2,True,2019-05-20T00:00:00Z,2019-05-20T23:59:59Z,86400,86400,0,1.0,1.000540257,1.00000032,-0.001495113,0,0,0,0,-0.0,2.937767,21.642502,-1.494116e-11,0.002937766,0.02164249,False,0.026149,False
2019-05-21,RS01SLBS-MJ01A-06-PRESTA101,2,True,2019-05-21T00:00:00Z,2019-05-21T23:59:59Z,86400,86400,0,1.0,1.000566959,1.000000322,-0.000301063,0,0,0,0,-0.0,2.775688,21.836597,-3.21316e-11,0.002775687,0.02183659,False,0.026769,False
2019-05-22,RS01SLBS-MJ01A-06-PRESTA101,2,True,2019-05-22T00:00:00Z,2019-05-22T23:59:59Z,86023,86400,377,1.0,1.000534058,1.000000319,0.001025371,1,377,1,377,0.0,2.816075,22.240411,6.884934e-12,0.002816074,0.0222404,False,0.206204,True
2019-05-23,RS01SLBS-MJ01A-06-PRESTA101,2,True,2019-05-23T00:00:00Z,2019-05-23T23:59:59Z,86400,86400,0,1.0,1.00053215,1.000000311,0.000734798,0,0,0,0,-0.0,2.800483,23.296845,-6.134051e-11,0.002800482,0.02329684,False,0.026694,False
2019-05-24,RS01SLBS-MJ01A-06-PRESTA101,2,True,2019-05-24T00:00:00Z,2019-05-24T23:59:59Z,84451,86399,1948,1.0,1.000535011,1.000016111,-0.032050558,1,1948,1,1948,-0.0,261.700262,554.497053,-5.386878e-11,0.261696,0.5544881,True,0.043242,True
2019-05-25,RS01SLBS-MJ01A-06-PRESTA101,2,True,2019-05-25T00:00:00Z,2019-05-25T23:59:59Z,86400,86400,0,1.0,1.000528812,1.000000287,0.001213258,0,0,0,0,-0.0,2.958813,23.741589,-3.007666e-11,0.002958812,0.02374158,False,0.02667,False
2019-05-26,RS01SLBS-MJ01A-06-PRESTA101,2,True,2019-05-26T00:00:00Z,2019-05-26T23:59:59Z,86400,86400,0,1.0,1.000525951,1.000000336,0.001165704,0,0,0,0,-0.0,2.920251,22.463675,-9.054657e-11,0.00292025,0.02246367,False,0.027325,False
2019-05-27,RS01SLBS-MJ01A-06-PRESTA101,2,True,2019-05-27T00:00:00Z,2019-05-27T23:59:59Z,86400,86400,0,1.0,1.000525951,1.000000342,0.001320007,0,0,0,0,-0.0,2.854483,22.002642,-9.672431e-11,0.002854482,0.02200263,False,0.024697,False
2019-05-28,RS01SLBS-MJ01A-06-PRESTA101,2,True,2019-05-28T00:00:00Z,2019-05-28T23:59:59Z,86400,86400,0,1.0,1.000565052,1.000000301,0.000433053,0,0,0,0,-0.0,2.806278,21.911732,-4.294542e-11,0.002806277,0.02191172,False,0.026483,False
2019-05-29,RS01SLBS-MJ01A-06-PRESTA101,2,True,2019-05-29T00:00:00Z,2019-05-29T23:59:59Z,86400,86400,0,1.0,1.00053215,1.000000342,0.000870823,0,0,0,0,-0.0,2.77876,22.226152,-2.739736e-11,0.002778759,0.02222614,False,0.025428,False
2019-05-30,RS01SLBS-MJ01A-06-PRESTA101,2,True,2019-05-30T00:00:00Z,2019-05-30T23:59:59Z,86400,86400,0,1.0,1.000533581,1.000000324,0.001785684,0,0,0,0,-0.0,2.8258,21.029747,-4.148025e-11,0.002825799,0.02102974,False,0.022234,False
2019-05-31,RS01SLBS-MJ01A-06-PRESTA101,2,True,2019-05-31T00:00:00Z,2019-05-31T23:59:59Z,86400,86400,0,1.0,1.000535011,1.000000322,0.000120042,0,0,0,0,0.0,2.790687,21.855959,1.728443e-11,0.002790686,0.02185595,False,0.024932,False
2019-06-01,RS01SLBS-MJ01A-06-PRESTA101,2,True,2019-06-01T00:00:00Z,2019-06-01T23:59:59Z,86400,86400,0,1.0,1.000532627,1.000000342,0.001220625,0,0,0,0,-0.0,2.858886,22.512988,-2.355137e-11,0.002858885,0.02251298,False,0.027236,False
2019-06-02,RS01SLBS-MJ01A-06-PRESTA101,2,True,2019-06-02T00:00:00Z,2019-06-02T23:59:59Z,86400,86400,0,1.0,1.000533104,1.000000317,-0.001064615,0,0,0,0,0.0,2.8269,21.839438,2.487997e-11,0.002826899,0.02183943,False,0.023985,False
2019-06-03,RS01SLBS-MJ01A-06-PRESTA101,2,True,2019-06-03T00:00:00Z,2019-06-03T23:59:59Z,86400,86400,0,1.0,1.000533104,1.000000275,0.000602294,0,0,0,0,-0.0,3.074686,21.677776,-8.439252e-11,0.003074686,0.02167777,False,0.027279,False
2019-06-04,RS01SLBS-MJ01A-06-PRESTA101,2,True,2019-06-04T00:00:00Z,2019-06-04T23:59:59Z,86400,86400,0,1.0,1.000566006,1.000000306,0.001104601,0,0,0,0,-0.0,2.977138,22.58905,-1.337199e-11,0.002977137,0.02258904,False,0.024927,False
2019-06-05,RS01SLBS-MJ01A-06-PRESTA101,2,True,2019-06-05T00:00:00Z,2019-06-05T23:59:59Z,86400,86400,0,1.0,1.000528812,1.00000037,-0.001646244,0,0,0,0,0.0,3.001921,22.781072,2.244019e-11,0.00300192,0.02278106,False,0.024754,False
2019-06-06,RS01SLBS-MJ01A-06-PRESTA101,2,True,2019-06-06T00:00:00Z,2019-06-06T23:59:59Z,86400,86400,0,1.0,1.00053072,1.000000341,-0.005387508,0,0,0,0,0.0,3.95964,25.40653,2.846289e-11,0.003959638,0.02540652,False,0.027285,False
2019-06-07,RS01SLBS-MJ01A-06-PRESTA101,2,True,2019-06-07T00:00:00Z,2019-06-07T23:59:59Z,86400,86400,0,1.0,1.000522137,1.000000328,-0.002832383,0,0,0,0,-0.0,3.185125,22.91629,-2.737392e-11,0.003185124,0.02291628,False,0.026138,False
2019-06-08,RS01SLBS-MJ01A-06-PRESTA101,2,True,2019-06-08T00:00:00Z,2019-06-08T23:59:59Z,86400,86400,0,1.0,1.000522614,1.000000278,-0.000764171,0,0,0,0,-0.0,2.939496,23.89964,-4.873207e-11,0.002939495,0.02389963,False,0.025479,False
2019-06-09,RS01SLBS-MJ01A-06-PRESTA101,2,True,2019-06-09T00:00:00Z,2019-06-09T23:59:59Z,86400,86400,0,1.0,1.000529766,1.000000349,-0.000174353,0,0,0,0,-0.0,3.348205,23.273645,-8.886055e-11,0.003348204,0.02327364,False,0.024758,False
2019-06-10,RS01SLBS-MJ01A-06-PRESTA101,2,True,2019-06-10T00:00:00Z,2019-06-10T23:59:59Z,86400,86400,0,1.0,1.00053072,1.000000475,-0.002644338,0,0,0,0,-0.0,3.587866,23.859801,-8.550364e-11,0.003587864,0.02385979,False,0.024125,False
2019-06-11,RS01SLBS-MJ01A-06-PRESTA101,2,True,2019-06-11T00:00:00Z,2019-06-11T23:59:59Z,86400,86400,0,1.0,1.000566006,1.000000287,-0.001932361,0,0,0,0,0.0,2.799605,23.007962,1.858752e-11,0.002799605,0.02300796,False,0.024887,False
2019-06-12,RS01SLBS-MJ01A-06-PRESTA101,2,True,2019-06-12T00:00:00Z,2019-06-12T23:59:59Z,86400,86400,0,1.0,1.000533104,1.000000341,-0.000906241,0,0,0,0,-0.0,2.882116,21.014809,-8.096189e-12,0.002882115,0.0210148,False,0.027343,False
2019-06-13,RS01SLBS-MJ01A-06-PRESTA101,2,True,2019-06-13T00:00:00Z,2019-06-13T23:59:59Z,86197,86400,203,1.0,1.000535965,1.000000327,-0.000938651,2,203,2,203,0.0,2.787355,21.372841,4.313803e-11,0.002787354,0.02137283,False,0.053235,True
2019-06-14,RS01SLBS-MJ01A-06-PRESTA101,2,True,2019-06-14T00:00:00Z,2019-06-14T23:59:59Z,86400,86400,0,1.0,1.000538826,1.000000329,0.000268082,0,0,0,0,-0.0,2.932313,21.757916,-1.386808e-10,0.002932312,0.02175791,False,0.021592,False
2019-06-15,RS01SLBS-MJ01A-06-PRESTA101,2,True,2019-06-15T00:00:00Z,2019-06-15T23:59:59Z,86400,86400,0,1.0,1.000535965,1.00000031,-0.000272353,0,0,0,0,-0.0,2.935887,22.974872,-7.703723e-11,0.002935886,0.02297487,False,0.026048,False
2019-06-16,RS01SLBS-MJ01A-06-PRESTA101,2,True,2019-06-16T00:00:00Z,2019-06-16T23:59:59Z,86400,86400,0,1.0,1.000535011,1.000000324,-0.000182982,0,0,0,0,-0.0,2.953526,21.555335,-9.096003e-11,0.002953525,0.02155533,False,0.023697,False
2019-06-17,RS01SLBS-MJ01A-06-PRESTA101,2,True,2019-06-17T00:00:00Z,2019-06-17T23:59:59Z,86400,86400,0,1.0,1.000534058,1.000000323,0.002131084,0,0,0,0,-0.0,2.900641,23.339383,-8.687129e-11,0.00290064,0.02333938,False,0.024228,False
2019-06-18,RS01SLBS-MJ01A-06-PRESTA101,2,True,2019-06-18T00:00:00Z,2019-06-18T23:59:59Z,86400,86400,0,1.0,1.000563145,1.000000316,0.00028,0,0,0,0,0.0,2.813363,22.607575,4.12481e-12,0.002813362,0.02260757,False,0.026521,False
2019-06-19,RS01SLBS-MJ01A-06-PRESTA101,2,True,2019-06-19T00:00:00Z,2019-06-19T23:59:59Z,86400,86400,0,1.0,1.000527859,1.000000332,0.000618813,0,0,0,0,-0.0,2.965142,21.764562,-4.170867e-11,0.002965141,0.02176456,False,0.024313,False
2019-06-20,RS01SLBS-MJ01A-06-PRESTA101,2,True,2019-06-20T00:00:00Z,2019-06-20T23:59:59Z,86400,86400,0,1.0,1.000527382,1.000000305,0.001437581,0,0,0,0,-0.0,2.822563,22.627574,-8.334877e-11,0.002822562,0.02262757,False,0.024139,False
2019-06-21,RS01SLBS-MJ01A-06-PRESTA101,2,True,2019-06-21T00:00:00Z,2019-06-21T23:59:59Z,86400,86400,0,1.0,1.000533104,1.000000328,-0.000233591,0,0,0,0,-0.0,2.810542,22.999374,-6.50703e-11,0.002810541,0.02299937,False,0.024109,False
2019-06-22,RS01SLBS-MJ01A-06-PRESTA101,2,True,2019-06-22T00:00:00Z,2019-06-22T23:59:59Z,86400,86400,0,1.0,1.000529766,1.000000327,0.000428065,0,0,0,0,-0.0,2.828484,22.903895,-7.62396e-13,0.002828483,0.02290389,False,0.026665,False
2019-06-23,RS01SLBS-MJ01A-06-PRESTA101,2,True,2019-06-23T00:00:00Z,2019-06-23T23:59:58Z,86399,86399,0,1.0,1.000531197,1.000000327,-0.013732181,0,0,12,12,-0.0,2.789231,21.977318,-2.778918e-11,0.00278923,0.02197731,False,0.027281,False
2019-06-24,RS01SLBS-MJ01A-06-PRESTA101,2,True,2019-06-24T00:00:00Z,2019-06-24T23:59:59Z,86298,86400,102,1.0,1.000535011,1.000000329,8.72e-05,11,102,11,112,-0.0,2.82256,21.54941,-2.554013e-11,0.002822559,0.0215494,False,0.057937,True
2019-06-25,RS01SLBS-MJ01A-06-PRESTA101,2,True,2019-06-25T00:00:00Z,2019-06-25T23:59:59Z,86400,86400,0,1.0,1.000563622,1.000000284,0.000799972,0,0,0,0,-0.0,3.083324,23.326607,-4.583919e-11,0.003083324,0.0233266,False,0.020827,False
2019-06-26,RS01SLBS-MJ01A-06-PRESTA101,2,True,2019-06-26T00:00:00Z,2019-06-26T23:59:59Z,86400,86400,0,1.0,1.000533104,1.000000319,0.00329165,0,0,0,0,-0.0,2.980965,23.114155,-5.912876e-11,0.002980965,0.02311415,False,0.02295,False
2019-06-27,RS01SLBS-MJ01A-06-PRESTA101,2,True,2019-06-27T00:00:00Z,2019-06-27T23:59:59Z,86400,86400,0,1.0,1.000534058,1.00000033,0.002906874,0,0,0,0,-0.0,2.932874,24.22264,-6.863251e-12,0.002932873,0.02422263,False,0.026111,False
2019-06-28,RS01SLBS-MJ01A-06-PRESTA101,2,True,2019-06-28T00:00:00Z,2019-06-28T23:59:59Z,86400,86400,0,1.0,1.000535965,1.00000033,-0.002325424,0,0,0,0,0.0,2.869814,21.254029,2.302109e-11,0.002869813,0.02125402,False,0.022373,False
2019-06-29,RS01SLBS-MJ01A-06-PRESTA101,2,True,2019-06-29T00:00:00Z,2019-06-29T23:59:59Z,86400,86400,0,1.0,1.000535011,1.000000317,0.002280336,0,0,0,0,-0.0,3.530213,22.6485,-5.750403e-11,0.003530212,0.02264849,False,0.02735,False
2019-06-30,RS01SLBS-MJ01A-06-PRESTA101,2,True,2019-06-30T00:00:00Z,2019-06-30T23:59:59Z,86400,86400,0,1.0,1.000535965,1.000000322,-0.000220664,0,0,0,0,-0.0,3.010465,22.142626,-5.441414e-11,0.003010464,0.02214262,False,0.025472,False
2019-07-01,RS01SLBS-MJ01A-06-PRESTA101,2,True,2019-07-01T00:00:00Z,2019-07-01T23:59:59Z,86400,86400,0,1.0,1.000537872,1.000000335,0.000199538,0,0,0,0,-0.0,2.802365,22.356439,-2.047802e-11,0.002802364,0.02235643,False,0.026028,False
2019-07-02,RS01SLBS-MJ01A-06-PRESTA101,2,True,2019-07-02T00:00:00Z,2019-07-02T23:59:59Z,86400,86400,0,1.0,1.000564098,1.000000326,-0.000376725,0,0,0,0,-0.0,2.969503,23.019646,-8.650831e-11,0.002969503,0.02301964,False,0.026392,False
2019-07-03,RS01SLBS-MJ01A-06-PRESTA101,2,True,2019-07-03T00:00:00Z,2019-07-03T23:59:59Z,86236,86400,164,1.0,1.000534058,1.000000329,0.003960342,1,164,1,164,-0.0,3.030992,23.888956,-2.966547e-11,0.003030991,0.02388895,False,0.088097,True
2019-07-04,RS01SLBS-MJ01A-06-PRESTA101,2,True,2019-07-04T00:00:00Z,2019-07-04T23:59:59Z,86400,86400,0,1.0,1.000535011,1.000000329,0.001213997,0,0,0,0,0.0,2.917498,21.835482,2.912241e-11,0.002917497,0.02183548,False,0.026704,False
2019-07-05,RS01SLBS-MJ01A-06-PRESTA101,2,True,2019-07-05T00:00:00Z,2019-07-05T23:59:59Z,86400,86400,0,1.0,1.000535965,1.000000314,0.005590006,0,0,0,0,0.0,2.849631,21.697528,4.865515e-11,0.002849631,0.02169752,False,0.0234,False
2019-07-06,RS01SLBS-MJ01A-06-PRESTA101,2,True,2019-07-06T00:00:00Z,2019-07-06T23:59:59Z,86400,86400,0,1.0,1.000536919,1.000000318,0.003585606,0,0,0,0,-0.0,2.785746,22.258358,-5.232757e-11,0.002785745,0.02225835,False,0.025369,False
2019-07-07,RS01SLBS-MJ01A-06-PRESTA101,2,True,2019-07-07T00:00:00Z,2019-07-07T23:59:59Z,86400,86400,0,1.0,1.000535011,1.000000325,-0.000633893,0,0,0,0,-0.0,2.885201,20.894917,-8.189279e-11,0.002885201,0.02089491,False,0.024109,False
2019-07-08,RS01SLBS-MJ01A-06-PRESTA101,2,True,2019-07-08T00:00:00Z,2019-07-08T23:59:59Z,86400,86400,0,1.0,1.000537872,1.000000333,-0.002376868,0,0,0,0,-0.0,2.816579,22.339114,-4.104222e-11,0.002816578,0.02233911,False,0.026823,False
2019-07-09,RS01SLBS-MJ01A-06-PRESTA101,2,True,2019-07-09T00:00:00Z,2019-07-09T23:59:59Z,86400,86400,0,1.0,1.000570297,1.00000032,-0.002650632,0,0,0,0,-0.0,2.800915,21.697426,-4.977468e-11,0.002800914,0.02169742,False,0.024385,False
2019-07-10,RS01SLBS-MJ01A-06-PRESTA101,2,True,2019-07-10T00:00:00Z,2019-07-10T23:59:59Z,86400,86400,0,1.0,1.000535965,1.000000328,0.000853681,0,0,0,0,-0.0,2.856129,22.684821,-3.163161e-11,0.002856128,0.02268481,False,0.027294,False
2019-07-11,RS01SLBS-MJ01A-06-PRESTA101,2,True,2019-07-11T00:00:00Z,2019-07-11T23:59:59Z,86400,86400,0,1.0,1.000536919,1.000000322,-0.000721404,0,0,0,0,-0.0,2.817676,22.407465,-7.207829e-11,0.002817675,0.02240746,False,0.025434,False
2019-07-12,RS01SLBS-MJ01A-06-PRESTA101,2,True,2019-07-12T00:00:00Z,2019-07-12T23:59:59Z,86400,86400,0,1.0,1.000538826,1.000000322,0.001358515,0,0,0,0,-0.0,2.857754,22.048523,-2.339944e-11,0.002857753,0.02204852,False,0.024713,False
2019-07-13,RS01SLBS-MJ01A-06-PRESTA101,2,True,2019-07-13T00:00:00Z,2019-07-13T23:59:59Z,86400,86400,0,1.0,1.000538349,1.000000316,0.001169301,0,0,0,0,-0.0,2.798383,22.437013,-1.049818e-10,0.002798382,0.02243701,False,0.025366,False
2019-07-14,RS01SLBS-MJ01A-06-PRESTA101,2,True,2019-07-14T00:00:00Z,2019-07-14T23:59:59Z,86400,86400,0,1.0,1.000534058,1.000000319,-0.000364714,0,0,0,0,-0.0,2.933636,21.795216,-1.051964e-10,0.002933635,0.02179521,False,0.023026,False
2019-07-15,RS01SLBS-MJ01A-06-PRESTA101,2,True,2019-07-15T00:00:00Z,2019-07-15T23:59:59Z,86400,86400,0,1.0,1.000538826,1.000000317,0.002792179,0,0,0,0,-0.0,2.835838,23.592207,-6.238363e-11,0.002835837,0.0235922,False,0.021042,False
2019-07-16,RS01SLBS-MJ01A-06-PRESTA101,2,True,2019-07-16T00:00:00Z,2019-07-16T23:59:59Z,86400,86400,0,1.0,1.000570774,1.000000318,-0.000757285,0,0,0,0,-0.0,2.877113,21.770703,-1.14167e-11,0.002877112,0.0217707,False,0.021311,False
2019-07-17,RS01SLBS-MJ01A-06-PRESTA101,2,True,2019-07-17T00:00:00Z,2019-07-17T23:59:59Z,86400,86400,0,1.0,1.000536442,1.00000032,-0.000690625,0,0,0,0,-0.0,2.836656,22.900739,-4.254009e-11,0.002836655,0.02290073,False,0.027072,False
2019-07-18,RS01SLBS-MJ01A-06-PRESTA101,2,True,2019-07-18T00:00:00Z,2019-07-18T23:59:59Z,86400,86400,0,1.0,1.000529766,1.000000323,-0.001020956,0,0,0,0,-0.0,2.785886,22.065704,-6.97902e-11,0.002785885,0.0220657,False,0.025951,False
2019-07-19,RS01SLBS-MJ01A-06-PRESTA101,2,True,2019-07-19T00:00:00Z,2019-07-19T23:59:59Z,86400,86400,0,1.0,1.00053072,1.000000315,-4.4955e-05,0,0,0,0,-0.0,2.832648,22.033577,-8.381059e-12,0.002832647,0.02203357,False,0.026673,False
2019-07-20,RS01SLBS-MJ01A-06-PRESTA101,2,True,2019-07-20T00:00:00Z,2019-07-20T23:59:59Z,86400,86400,0,1.0,1.000534058,1.00000031,0.000666461,0,0,0,0,-0.0,2.894529,23.070148,-4.002147e-11,0.002894528,0.02307014,False,0.0249,False
2019-07-21,RS01SLBS-MJ01A-06-PRESTA101,2,True,2019-07-21T00:00:00Z,2019-07-21T23:59:59Z,86400,86400,0,1.0,1.000535011,1.000000318,-0.000163544,0,0,0,0,-0.0,2.843804,22.378371,-3.01575e-11,0.002843803,0.02237836,False,0.025297,False
2019-07-22,RS01SLBS-MJ01A-06-PRESTA101,2,True,2019-07-22T00:00:00Z,2019-07-22T23:59:59Z,86400,86400,0,1.0,1.000536919,1.000000314,-9.1549e-05,0,0,0,0,-0.0,2.908289,23.934182,-6.495038e-11,0.002908289,0.02393417,False,0.026028,False
2019-07-23,RS01SLBS-MJ01A-06-PRESTA101,2,True,2019-07-23T00:00:00Z,2019-07-23T23:59:59Z,86400,86400,0,1.0,1.000570774,1.000000289,-0.001414682,0,0,0,0,-0.0,2.924864,23.514535,-1.742247e-11,0.002924863,0.02351453,False,0.025957,False
2019-07-24,RS01SLBS-MJ01A-06-PRESTA101,2,True,2019-07-24T00:00:00Z,2019-07-24T23:59:59Z,86400,86400,0,1.0,1.000536919,1.000000336,0.001133876,0,0,0,0,0.0,2.919678,20.720651,2.861217e-11,0.002919677,0.02072064,False,0.023492,False
2019-07-25,RS01SLBS-MJ01A-06-PRESTA101,2,True,2019-07-25T00:00:00Z,2019-07-25T23:59:59Z,70839,86392,15553,1.0,1.000534058,1.0001321,-1.064642899,1,15553,1,15553,0.0,1565.471813,3345.535909,8.016582e-12,1.565265,3.345094,True,0.301224,True
2019-07-26,RS01SLBS-MJ01A-06-PRESTA101,2,True,2019-07-26T00:00:00Z,2019-07-26T11:17:12Z,40633,40633,0,1.0,1.000539541,1.000000339,0.002858407,0,0,0,0,0.0,2.952029,21.57621,4.942727e-12,0.002952028,0.0215762,False,0.022892,False
2019-07-27,RS01SLBS-MJ01A-06-PRESTA101,2,False,,,0,0,,1.0,,,,,,,,,,,,,,,,False
2019-07-28,RS01SLBS-MJ01A-06-PRESTA101,2,False,,,0,0,,1.0,,,,,,,,,,,,,,,,False
2019-07-29,RS01SLBS-MJ01A-06-PRESTA101,2,True,2019-07-29T16:04:58Z,2019-07-29T16:54:57Z,1000,2999,1999,1.0,1.000524044,1.000395048,-0.093041755,1,1999,1,1999,0.0,57.430508,115.897241,3.557332e-13,0.05740783,0.1158515,False,0.043174,True
2019-07-30,RS01SLBS-MJ01A-06-PRESTA101,2,True,2019-07-30T05:58:19Z,2019-07-30T23:59:59Z,35401,64884,29483,1.0,1.000551224,1.000106386,11.546348441,2,29483,2,29483,0.0,1593.583299,11602.754848,3.718081e-11,1.593414,11.60152,True,0.447036,True
2019-07-31,RS01SLBS-MJ01A-06-PRESTA101,2,True,2019-07-31T00:00:00Z,2019-07-31T23:59:59Z,86400,86400,0,1.0,1.000534058,1.000000329,0.000115213,0,0,0,0,-0.0,2.958694,23.802222,-1.348568e-11,0.002958693,0.02380221,False,0.026554,False
2019-08-01,RS01SLBS-MJ01A-06-PRESTA101,2,True,2019-08-01T00:00:00Z,2019-08-01T23:59:59Z,86400,86400,0,1.0,1.000533104,1.000000317,-0.009664436,0,0,0,0,0.0,2.895238,21.897659,5.620997e-12,0.002895237,0.02189765,False,0.02736,False
2019-08-02,RS01SLBS-MJ01A-06-PRESTA101,2,True,2019-08-02T00:00:00Z,2019-08-02T23:59:59Z,86400,86400,0,1.0,1.000536442,1.000000316,0.002411828,0,0,0,0,0.0,2.847324,22.061265,4.857466e-11,0.002847323,0.02206126,False,0.026763,False
2019-08-03,RS01SLBS-MJ01A-06-PRESTA101,2,True,2019-08-03T00:00:00Z,2019-08-03T23:59:59Z,86400,86400,0,1.0,1.000535011,1.000000318,-0.003555345,0,0,0,0,-0.0,2.827832,20.867311,-3.4645e-11,0.002827832,0.0208673,False,0.024835,False
2019-08-04,RS01SLBS-MJ01A-06-PRESTA101,2,True,2019-08-04T00:00:00Z,2019-08-04T23:59:59Z,86400,86400,0,1.0,1.000537872,1.000000312,0.004252298,0,0,0,0,-0.0,2.878523,22.12993,-4.338777e-11,0.002878523,0.02212992,False,0.026087,False
2019-08-05,RS01SLBS-MJ01A-06-PRESTA101,2,True,2019-08-05T00:00:00Z,2019-08-05T23:59:59Z,86400,86400,0,1.0,1.000541687,1.000000319,-0.000107136,0,0,0,0,-0.0,2.864711,22.658427,-4.649686e-12,0.002864711,0.02265842,False,0.02484,False
2019-08-06,RS01SLBS-MJ01A-06-PRESTA101,2,True,2019-08-06T00:00:00Z,2019-08-06T23:59:59Z,79814,86396,6582,1.0,1.000572205,1.000063133,-0.109093818,1,6582,1,6582,-0.0,978.525901,2041.164395,-3.088879e-11,0.9784641,2.041036,True,0.236576,True
2019-08-07,RS01SLBS-MJ01A-06-PRESTA101,2,True,2019-08-07T00:00:00Z,2019-08-07T23:59:59Z,86400,86400,0,1.0,1.00053215,1.000000319,-0.000409031,0,0,0,0,-0.0,2.81721,23.071047,-1.286765e-11,0.002817209,0.02307104,False,0.024043,False
2019-08-08,RS01SLBS-MJ01A-06-PRESTA101,2,True,2019-08-08T00:00:00Z,2019-08-08T23:59:59Z,86117,86400,283,1.0,1.000537872,1.000000294,0.001660637,1,283,1,283,0.0,3.022476,22.609522,4.513345e-11,0.003022475,0.02260952,False,0.15334,True
2019-08-09,RS01SLBS-MJ01A-06-PRESTA101,2,True,2019-08-09T00:00:00Z,2019-08-09T23:59:59Z,86400,86400,0,1.0,1.000536919,1.000000314,0.002797438,0,0,0,0,-0.0,3.019708,22.409084,-1.047623e-10,0.003019707,0.02240908,False,0.024835,False
2019-08-10,RS01SLBS-MJ01A-06-PRESTA101,2,True,2019-08-10T00:00:00Z,2019-08-10T23:59:59Z,86400,86400,0,1.0,1.000536442,1.000000313,-0.002676298,0,0,0,0,-0.0,2.800401,22.393169,-5.658143e-11,0.0028004,0.02239316,False,0.026649,False
2019-08-11,RS01SLBS-MJ01A-06-PRESTA101,2,True,2019-08-11T00:00:00Z,2019-08-11T23:59:59Z,86400,86400,0,1.0,1.000533104,1.000000322,0.001779701,0,0,0,0,-0.0,2.801085,22.815365,-1.582091e-11,0.002801084,0.02281536,False,0.024748,False
2019-08-12,RS01SLBS-MJ01A-06-PRESTA101,2,True,2019-08-12T00:00:00Z,2019-08-12T23:59:59Z,86400,86400,0,1.0,1.00053978,1.000000291,0.002885221,0,0,0,0,0.0,2.836173,21.449468,2.143756e-11,0.002836172,0.02144946,False,0.021767,False
2019-08-13,RS01SLBS-MJ01A-06-PRESTA101,2,True,2019-08-13T00:00:00Z,2019-08-13T23:59:59Z,86400,86400,0,1.0,1.000572205,1.000000329,-0.000172614,0,0,0,0,-0.0,2.834808,23.015615,-2.46312e-11,0.002834807,0.02301561,False,0.026356,False
2019-08-14,RS01SLBS-MJ01A-06-PRESTA101,2,True,2019-08-14T00:00:00Z,2019-08-14T23:59:59Z,86400,86400,0,1.0,1.000539303,1.000000323,0.004570179,0,0,0,0,0.0,2.79666,21.633469,1.309192e-11,0.002796659,0.02163346,False,0.02178,False
2019-08-15,RS01SLBS-MJ01A-06-PRESTA101,2,True,2019-08-15T00:00:00Z,2019-08-15T23:59:59Z,86400,86400,0,1.0,1.000538349,1.000000305,0.002633002,0,0,0,0,-0.0,2.815553,22.050372,-3.409627e-11,0.002815553,0.02205036,False,0.025505,False
2019-08-16,RS01SLBS-MJ01A-06-PRESTA101,2,True,2019-08-16T00:00:00Z,2019-08-16T23:59:59Z,86400,86400,0,1.0,1.000534058,1.000000317,0.001548975,0,0,0,0,-0.0,3.015139,23.083139,-6.194045e-11,0.003015138,0.02308313,False,0.027293,False
2019-08-17,RS01SLBS-MJ01A-06-PRESTA101,2,True,2019-08-17T00:00:00Z,2019-08-17T23:59:59Z,86400,86400,0,1.0,1.000535011,1.000000316,-0.00168512,0,0,0,0,-0.0,2.887797,22.088609,-2.713745e-11,0.002887796,0.0220886,False,0.026098,False
2019-08-18,RS01SLBS-MJ01A-06-PRESTA101,2,True,2019-08-18T00:00:00Z,2019-08-18T23:59:59Z,86400,86400,0,1.0,1.000524044,1.000000327,0.003114441,0,0,0,0,-0.0,2.826734,21.136799,-2.44284e-12,0.002826733,0.02113679,False,0.023029,False
2019-08-19,RS01SLBS-MJ01A-06-PRESTA101,2,True,2019-08-19T00:00:00Z,2019-08-19T23:59:59Z,86400,86400,0,1.0,1.00052309,1.000000341,-0.000669486,0,0,0,0,-0.0,2.830038,22.605632,-3.829525e-11,0.002830037,0.02260562,False,0.026687,False
2019-08-20,RS01SLBS-MJ01A-06-PRESTA101,2,True,2019-08-20T00:00:00Z,2019-08-20T23:59:59Z,86400,86400,0,1.0,1.00056076,1.000000306,0.001610637,0,0,0,0,-0.0,2.826028,22.534895,-3.415136e-12,0.002826027,0.02253489,False,0.023751,False
2019-08-21,RS01SLBS-MJ01A-06-PRESTA101,2,True,2019-08-21T00:00:00Z,2019-08-21T23:59:59Z,86400,86400,0,1.0,1.000535011,1.000000322,-0.000646781,0,0,0,0,-0.0,3.035135,22.716514,-1.72697e-11,0.003035134,0.02271651,False,0.025431,False
2019-08-22,RS01SLBS-MJ01A-06-PRESTA101,2,True,2019-08-22T00:00:00Z,2019-08-22T23:59:59Z,86400,86400,0,1.0,1.000538826,1.000000335,-0.001314184,0,0,0,0,-0.0,3.110613,21.828812,-1.68847e-11,0.003110612,0.0218288,False,0.022275,False
2019-08-23,RS01SLBS-MJ01A-06-PRESTA101,2,True,2019-08-23T00:00:00Z,2019-08-23T23:59:59Z,86400,86400,0,1.0,1.000535011,1.000000346,0.000310936,0,0,0,0,-0.0,3.191935,24.597785,-9.831196e-11,0.003191934,0.02459778,False,0.024684,False
2019-08-24,RS01SLBS-MJ01A-06-PRESTA101,2,True,2019-08-24T00:00:00Z,2019-08-24T23:59:59Z,86400,86400,0,1.0,1.000528336,1.000000342,-0.002524567,0,0,0,0,-0.0,3.122425,21.932496,-5.120123e-11,0.003122423,0.02193249,False,0.024863,False
2019-08-25,RS01SLBS-MJ01A-06-PRESTA101,2,True,2019-08-25T00:00:00Z,2019-08-25T23:59:59Z,86400,86400,0,1.0,1.000522137,1.000000334,0.000451616,0,0,0,0,-0.0,2.870843,21.693319,-2.285229e-11,0.002870842,0.02169331,False,0.024835,False
2019-08-26,RS01SLBS-MJ01A-06-PRESTA101,2,True,2019-08-26T00:00:00Z,2019-08-26T23:59:59Z,86400,86400,0,1.0,1.00052309,1.000000339,3.369e-06,0,0,0,0,0.0,2.903942,22.266974,2.038036e-11,0.002903941,0.02226697,False,0.020663,False
2019-08-27,RS01SLBS-MJ01A-06-PRESTA101,2,True,2019-08-27T00:00:00Z,2019-08-27T23:59:59Z,86400,86400,0,1.0,1.000561714,1.00000034,0.002267595,0,0,0,0,0.0,3.116176,23.453502,8.587311e-12,0.003116175,0.02345349,False,0.026423,False
2019-08-28,RS01SLBS-MJ01A-06-PRESTA101,2,True,2019-08-28T00:00:00Z,2019-08-28T23:59:59Z,86400,86400,0,1.0,1.000518799,1.000000346,-0.002711512,0,0,0,0,-0.0,2.852582,22.366439,-7.157639e-12,0.002852581,0.02236643,False,0.021649,False
2019-08-29,RS01SLBS-MJ01A-06-PRESTA101,2,True,2019-08-29T00:00:00Z,2019-08-29T23:59:59Z,86400,86400,0,1.0,1.000519753,1.000000385,-0.003020198,0,0,0,0,0.0,3.240925,21.789443,1.347456e-11,0.003240924,0.02178943,False,0.023451,False
2019-08-30,RS01SLBS-MJ01A-06-PRESTA101,2,True,2019-08-30T00:00:00Z,2019-08-30T23:59:59Z,86400,86400,0,1.0,1.000520229,1.000000285,-0.000386774,0,0,0,0,-0.0,3.464123,22.127329,-6.225218e-11,0.003464122,0.02212732,False,0.025932,False
2019-08-31,RS01SLBS-MJ01A-06-PRESTA101,2,True,2019-08-31T00:00:00Z,2019-08-31T23:59:59Z,86400,86400,0,1.0,1.000520706,1.000000328,-0.002948528,0,0,0,0,-0.0,2.867252,21.62372,-2.115359e-11,0.002867251,0.02162371,False,0.022806,False
2019-09-01,RS01SLBS-MJ01A-06-PRESTA101,2,True,2019-09-01T00:00:00Z,2019-09-01T23:59:59Z,86400,86400,0,1.0,1.000526905,1.000000316,-0.000995112,0,0,0,0,-0.0,2.867086,21.218987,-2.520537e-11,0.002867085,0.02121898,False,0.022828,False
2019-09-02,RS01SLBS-MJ01A-06-PRESTA101,2,True,2019-09-02T00:00:00Z,2019-09-02T23:59:59Z,86400,86400,0,1.0,1.000526905,1.000000337,-0.000712736,0,0,0,0,-0.0,2.812795,21.581088,-3.863787e-11,0.002812794,0.02158108,False,0.024028,False
2019-09-03,RS01SLBS-MJ01A-06-PRESTA101,2,True,2019-09-03T00:00:00Z,2019-09-03T23:59:58Z,86399,86399,0,1.0,1.000568867,1.000000331,0.001449334,0,0,2,2,0.0,2.995307,22.542333,5.137414e-11,0.002995306,0.02254233,False,0.026953,False
2019-09-04,RS01SLBS-MJ01A-06-PRESTA101,2,True,2019-09-04T00:00:00Z,2019-09-04T23:59:59Z,86400,86400,0,1.0,1.00052166,1.000000321,-0.001119098,0,0,19,19,0.0,2.835198,20.589659,4.595376e-11,0.002835197,0.02058965,False,0.020497,False
2019-09-05,RS01SLBS-MJ01A-06-PRESTA101,2,True,2019-09-05T00:00:00Z,2019-09-05T23:59:59Z,76446,86395,9949,1.0,1.000518799,1.000079138,-0.189686799,1,9949,1,9949,0.0,1155.351861,2421.064669,2.420517e-11,1.15526,2.420873,True,0.158179,True
2019-09-06,RS01SLBS-MJ01A-06-PRESTA101,2,True,2019-09-06T00:00:00Z,2019-09-06T23:59:59Z,86400,86400,0,1.0,1.000519276,1.000000315,0.002841618,0,0,0,0,-0.0,3.332898,24.811222,-2.973237e-11,0.003332897,0.02481121,False,0.022412,False
2019-09-07,RS01SLBS-MJ01A-06-PRESTA101,2,True,2019-09-07T00:00:00Z,2019-09-07T23:59:59Z,86400,86400,0,1.0,1.000517845,1.000000299,0.0049158,0,0,0,0,-0.0,3.042128,22.0356,-2.862979e-11,0.003042127,0.02203559,False,0.026812,False
2019-09-08,RS01SLBS-MJ01A-06-PRESTA101,2,True,2019-09-08T00:00:00Z,2019-09-08T23:59:59Z,86400,86400,0,1.0,1.000521183,1.000000326,-0.00023339,0,0,0,0,-0.0,2.844186,22.917294,-5.187066e-11,0.002844185,0.02291729,False,0.02405,False
2019-09-09,RS01SLBS-MJ01A-06-PRESTA101,2,True,2019-09-09T00:00:00Z,2019-09-09T23:59:59Z,86400,86400,0,1.0,1.000524044,1.00000035,-0.009166342,0,0,0,0,0.0,2.838529,23.627234,1.048942e-11,0.002838528,0.02362723,False,0.024705,False
2019-09-10,RS01SLBS-MJ01A-06-PRESTA101,2,True,2019-09-10T00:00:00Z,2019-09-10T23:59:59Z,85816,86400,584,1.0,1.00056982,1.00000032,0.000363544,4,584,4,584,0.0,3.046774,21.454796,8.789845e-11,0.003046773,0.02145479,False,0.083222,True
2019-09-11,RS01SLBS-MJ01A-06-PRESTA101,2,True,2019-09-11T00:00:00Z,2019-09-11T23:59:59Z,86400,86400,0,1.0,1.000522137,1.000000337,0.002119322,0,0,0,0,-0.0,3.016429,21.067319,-3.215568e-11,0.003016428,0.02106731,False,0.024607,False
2019-09-12,RS01SLBS-MJ01A-06-PRESTA101,2,True,2019-09-12T00:00:00Z,2019-09-12T23:59:59Z,86400,86400,0,1.0,1.00052309,1.000000361,0.000595612,0,0,0,0,-0.0,2.985411,22.806181,-5.138802e-11,0.00298541,0.02280617,False,0.026688,False
2019-09-13,RS01SLBS-MJ01A-06-PRESTA101,2,True,2019-09-13T00:00:00Z,2019-09-13T23:59:59Z,31821,86371,54550,1.0,1.000524044,1.000384071,-4.776983177,2,54550,2,54550,-0.0,2799.217648,5422.07435,-1.603656e-11,2.798143,5.419993,True,0.443367,True
2019-09-14,RS01SLBS-MJ01A-06-PRESTA101,2,True,2019-09-14T00:00:00Z,2019-09-14T23:59:59Z,86400,86400,0,1.0,1.000524044,1.000000306,0.000821468,0,0,0,0,-0.0,2.908139,22.761834,-1.350431e-11,0.002908138,0.02276183,False,0.024848,False
2019-09-15,RS01SLBS-MJ01A-06-PRESTA101,2,True,2019-09-15T00:00:00Z,2019-09-15T23:59:59Z,86400,86400,0,1.0,1.000519276,1.000000345,0.000128147,0,0,0,0,-0.0,2.826899,22.016442,-6.058119e-11,0.002826898,0.02201643,False,0.025234,False
2019-09-16,RS01SLBS-MJ01A-06-PRESTA101,2,True,2019-09-16T00:00:00Z,2019-09-16T23:59:59Z,86400,86400,0,1.0,1.000515938,1.000000333,-0.016446888,0,0,0,0,-0.0,2.830658,21.83848,-9.703411e-11,0.002830657,0.02183847,False,0.026627,False
2019-09-17,RS01SLBS-MJ01A-06-PRESTA101,2,True,2019-09-17T00:00:00Z,2019-09-17T23:59:59Z,86299,86400,101,1.0,1.000520229,1.000000408,0.000467262,1,101,1,101,0.0,3.304196,22.889807,1.411381e-11,0.003304195,0.0228898,False,0.049749,True
2019-09-18,RS01SLBS-MJ01A-06-PRESTA101,2,True,2019-09-18T00:00:00Z,2019-09-18T23:59:59Z,86400,86400,0,1.0,1.000518322,1.000000362,-0.006253518,0,0,0,0,-0.0,6.60735,28.134522,-2.705559e-11,0.006607348,0.02813451,False,0.024578,False
2019-09-19,RS01SLBS-MJ01A-06-PRESTA101,2,True,2019-09-19T00:00:00Z,2019-09-19T23:59:59Z,85453,86399,946,1.0,1.000526905,1.000014373,-0.325447851,1,946,1,946,-0.0,278.87841,552.413664,-7.303688e-11,0.2788744,0.5524057,True,0.499544,True
2019-09-20,RS01SLBS-MJ01A-06-PRESTA101,2,True,2019-09-20T00:00:00Z,2019-09-20T23:59:59Z,86400,86400,0,1.0,1.000568867,1.000000187,-0.001904868,0,0,0,0,-0.0,4.67917,24.8977,-9.331838e-11,0.004679169,0.0248977,False,0.026655,False
2019-09-21,RS01SLBS-MJ01A-06-PRESTA101,2,True,2019-09-21T00:00:00Z,2019-09-21T23:59:59Z,86400,86400,0,1.0,1.00054121,1.000000298,0.006170378,0,0,0,0,-0.0,2.998632,21.960055,-6.651722e-11,0.002998631,0.02196005,False,0.027333,False
2019-09-22,RS01SLBS-MJ01A-06-PRESTA101,2,True,2019-09-22T00:00:00Z,2019-09-22T23:59:59Z,86400,86400,0,1.0,1.000535965,1.000000295,-0.001835322,0,0,0,0,-0.0,2.855302,22.806094,-9.113286e-11,0.002855301,0.02280609,False,0.026649,False
2019-09-23,RS01SLBS-MJ01A-06-PRESTA101,2,True,2019-09-23T00:00:00Z,2019-09-23T23:59:59Z,86400,86400,0,1.0,1.000536919,1.00000034,-0.000158324,0,0,0,0,0.0,3.040716,22.818744,6.05125e-12,0.003040715,0.02281874,False,0.027223,False
2019-09-24,RS01SLBS-MJ01A-06-PRESTA101,2,True,2019-09-24T00:00:00Z,2019-09-24T23:59:59Z,86400,86400,0,1.0,1.000531197,1.000000334,-0.002017265,0,0,0,0,-0.0,2.889907,20.942345,-2.752568e-11,0.002889906,0.02094234,False,0.024705,False
2019-09-25,RS01SLBS-MJ01A-06-PRESTA101,2,True,2019-09-25T00:00:00Z,2019-09-25T23:59:59Z,86400,86400,0,1.0,1.000536919,1.000000317,-0.000209836,0,0,0,0,-0.0,2.806188,20.933715,-5.925617e-11,0.002806187,0.02093371,False,0.022281,False
2019-09-26,RS01SLBS-MJ01A-06-PRESTA101,2,True,2019-09-26T00:00:00Z,2019-09-26T23:59:59Z,86400,86400,0,1.0,1.000538826,1.00000035,-0.001140235,0,0,0,0,-0.0,2.918978,21.91902,-7.83121e-11,0.002918977,0.02191901,False,0.024777,False
2019-09-27,RS01SLBS-MJ01A-06-PRESTA101,2,True,2019-09-27T00:00:00Z,2019-09-27T23:59:59Z,86400,86400,0,1.0,1.000571251,1.000000335,0.001137679,0,0,0,0,-0.0,3.386022,22.606002,-8.872293e-11,0.003386021,0.02260599,False,0.02579,False
2019-09-28,RS01SLBS-MJ01A-06-PRESTA101,2,True,2019-09-28T00:00:00Z,2019-09-28T23:59:59Z,86400,86400,0,1.0,1.000533104,1.000000329,-0.001633119,0,0,0,0,-0.0,3.12366,24.250342,-6.100625e-11,0.003123659,0.02425033,False,0.024187,False
2019-09-29,RS01SLBS-MJ01A-06-PRESTA101,2,True,2019-09-29T00:00:00Z,2019-09-29T23:59:59Z,86400,86400,0,1.0,1.000531197,1.000000356,0.000146424,0,0,0,0,-0.0,2.843794,22.905665,-9.667285e-11,0.002843793,0.02290566,False,0.024211,False
2019-09-30,RS01SLBS-MJ01A-06-PRESTA101,2,True,2019-09-30T00:00:00Z,2019-09-30T23:59:59Z,86400,86400,0,1.0,1.000537395,1.00000032,-0.000542589,0,0,0,0,-0.0,2.800665,22.848474,-5.38954e-11,0.002800664,0.02284847,False,0.024174,False
2019-10-01,RS01SLBS-MJ01A-06-PRESTA101,2,True,2019-10-01T00:00:00Z,2019-10-01T23:59:59Z,86400,86400,0,1.0,1.000535011,1.000000277,0.0007822,0,0,0,0,0.0,3.464618,23.302751,1.761402e-11,0.003464617,0.02330274,False,0.024697,False
2019-10-02,RS01SLBS-MJ01A-06-PRESTA101,2,True,2019-10-02T00:00:00Z,2019-10-02T23:59:59Z,86400,86400,0,1.0,1.000531197,1.000000267,0.002121181,0,0,0,0,-0.0,4.07689,25.674926,-7.185469e-11,0.004076889,0.02567492,False,0.025404,False
2019-10-03,RS01SLBS-MJ01A-06-PRESTA101,2,True,2019-10-03T00:00:00Z,2019-10-03T23:59:59Z,86400,86400,0,1.0,1.000534058,1.000000356,-0.003556628,0,0,0,0,-0.0,3.462767,24.177981,-1.932826e-11,0.003462765,0.02417797,False,0.026769,False
2019-10-04,RS01SLBS-MJ01A-06-PRESTA101,2,True,2019-10-04T00:00:00Z,2019-10-04T23:59:59Z,86400,86400,0,1.0,1.000567913,1.000000312,-0.003143069,0,0,0,0,-0.0,3.038109,21.04831,-7.989911e-12,0.003038108,0.0210483,False,0.02699,False
2019-10-05,RS01SLBS-MJ01A-06-PRESTA101,2,True,2019-10-05T00:00:00Z,2019-10-05T23:59:59Z,86400,86400,0,1.0,1.000524044,1.000000321,0.005325145,0,0,0,0,-0.0,2.939335,21.708291,-4.721244e-11,0.002939335,0.02170828,False,0.020619,False
2019-10-06,RS01SLBS-MJ01A-06-PRESTA101,2,True,2019-10-06T00:00:00Z,2019-10-06T23:59:59Z,86400,86400,0,1.0,1.000526428,1.000000342,-0.001456266,0,0,0,0,-0.0,2.809051,22.004979,-1.383988e-11,0.00280905,0.02200497,False,0.026034,False
2019-10-07,RS01SLBS-MJ01A-06-PRESTA101,2,True,2019-10-07T00:00:00Z,2019-10-07T23:59:59Z,86400,86400,0,1.0,1.000524998,1.000000332,-0.002055891,0,0,0,0,-0.0,3.055942,23.010271,-4.20594e-11,0.003055941,0.02301026,False,0.026623,False
2019-10-08,RS01SLBS-MJ01A-06-PRESTA101,2,True,2019-10-08T00:00:00Z,2019-10-08T23:59:59Z,86400,86400,0,1.0,1.000524044,1.000000378,-0.000398026,0,0,0,0,-0.0,2.983745,21.640607,-9.974298e-11,0.002983744,0.0216406,False,0.026151,False
2019-10-09,RS01SLBS-MJ01A-06-PRESTA101,2,True,2019-10-09T00:00:00Z,2019-10-09T23:59:59Z,86399,86399,0,1.0,1.00052309,1.000000351,-0.000615109,0,0,24,24,-0.0,3.113899,22.864896,-1.312929e-11,0.003113897,0.02286489,False,0.024078,False
2019-10-10,RS01SLBS-MJ01A-06-PRESTA101,2,True,2019-10-10T00:00:00Z,2019-10-10T23:59:59Z,86400,86400,0,1.0,1.000522137,1.000000332,0.003186762,0,0,0,0,0.0,3.002393,22.9214,1.356568e-11,0.003002392,0.02292139,False,0.022451,False
2019-10-11,RS01SLBS-MJ01A-06-PRESTA101,2,True,2019-10-11T00:00:00Z,2019-10-11T23:59:59Z,55302,86383,31081,1.0,1.00055933,1.000264903,-4.163616475,3,31081,3,31081,-0.0,2518.895531,5316.896222,-5.732175e-12,2.518228,5.315488,True,0.482337,True
2019-10-12,RS01SLBS-MJ01A-06-PRESTA101,2,True,2019-10-12T00:00:00Z,2019-10-12T23:59:59Z,86400,86400,0,1.0,1.00053215,1.000000413,-0.005645402,0,0,0,0,-0.0,20.142425,224.517806,-2.729705e-11,0.02014242,0.2245177,False,0.225661,False
2019-10-13,RS01SLBS-MJ01A-06-PRESTA101,2,True,2019-10-13T00:00:00Z,2019-10-13T23:59:59Z,86400,86400,0,1.0,1.000533104,1.000000311,-0.003720823,0,0,0,0,-0.0,3.36076,23.92112,-3.433541e-11,0.003360759,0.02392111,False,0.02225,False
2019-10-14,RS01SLBS-MJ01A-06-PRESTA101,2,True,2019-10-14T00:00:00Z,2019-10-14T23:59:59Z,86400,86400,0,1.0,1.000524998,1.000000369,-0.000784672,0,0,0,0,-0.0,3.399541,23.461592,-8.527613e-11,0.00339954,0.02346158,False,0.025593,False
2019-10-15,RS01SLBS-MJ01A-06-PRESTA101,2,True,2019-10-15T00:00:00Z,2019-10-15T23:59:59Z,85558,86400,842,1.0,1.000524998,1.000000312,-0.000782558,1,842,1,842,-0.0,3.308149,23.466783,-2.412789e-11,0.003308148,0.02346678,False,0.440448,True
2019-10-16,RS01SLBS-MJ01A-06-PRESTA101,2,True,2019-10-16T00:00:00Z,2019-10-16T23:59:59Z,86400,86400,0,1.0,1.000521183,1.000000389,0.000147109,0,0,0,0,-0.0,3.200691,21.763299,-4.116397e-11,0.00320069,0.02176329,False,0.026039,False
2019-10-17,RS01SLBS-MJ01A-06-PRESTA101,2,True,2019-10-17T00:00:00Z,2019-10-17T23:59:59Z,86400,86400,0,1.0,1.000525951,1.000000257,-0.00040696,0,0,0,0,-0.0,13.649507,169.559566,-6.132475e-11,0.0136495,0.1695595,False,0.166463,False
2019-10-18,RS01SLBS-MJ01A-06-PRESTA101,2,True,2019-10-18T00:00:00Z,2019-10-18T23:59:59Z,86400,86400,0,1.0,1.000565052,1.000000275,-0.000149284,0,0,0,0,0.0,3.119166,21.544641,1.071098e-11,0.003119165,0.02154463,False,0.024386,False
2019-10-19,RS01SLBS-MJ01A-06-PRESTA101,2,True,2019-10-19T00:00:00Z,2019-10-19T23:59:59Z,86400,86400,0,1.0,1.000527859,1.000000341,-0.001277183,0,0,0,0,-0.0,2.897371,22.674324,-1.610043e-11,0.00289737,0.02267432,False,0.024291,False
2019-10-20,RS01SLBS-MJ01A-06-PRESTA101,2,True,2019-10-20T00:00:00Z,2019-10-20T23:59:59Z,86400,86400,0,1.0,1.000526905,1.000000321,-0.002639071,0,0,0,0,-0.0,2.834115,21.492911,-1.147077e-11,0.002834114,0.0214929,False,0.02477,False
2019-10-21,RS01SLBS-MJ01A-06-PRESTA101,2,True,2019-10-21T00:00:00Z,2019-10-21T23:59:59Z,86400,86400,0,1.0,1.000531197,1.000000291,-0.002116641,0,0,0,0,-0.0,3.033997,22.932321,-1.871351e-11,0.003033997,0.02293231,False,0.026665,False
2019-10-22,RS01SLBS-MJ01A-06-PRESTA101,2,True,2019-10-22T00:00:00Z,2019-10-22T23:59:59Z,86400,86400,0,1.0,1.000534058,1.000000305,0.002445901,0,0,0,0,-0.0,2.891385,20.957582,-1.78361e-11,0.002891385,0.02095758,False,0.020826,False
2019-10-23,RS01SLBS-MJ01A-06-PRESTA101,2,True,2019-10-23T00:00:00Z,2019-10-23T23:59:59Z,29887,86370,56483,1.0,1.00053072,1.000367507,2.991546968,1,56483,1,56483,-0.0,2967.24432,5345.950239,-2.163226e-11,2.966154,5.343986,True,0.039376,True
2019-10-24,RS01SLBS-MJ01A-06-PRESTA101,2,True,2019-10-24T00:00:00Z,2019-10-24T23:59:59Z,86400,86400,0,1.0,1.000533104,1.000000304,-0.000567142,0,0,0,0,-0.0,3.37369,23.667,-5.341105e-11,0.003373689,0.02366699,False,0.026369,False
2019-10-25,RS01SLBS-MJ01A-06-PRESTA101,2,True,2019-10-25T00:00:00Z,2019-10-25T23:59:59Z,86400,86400,0,1.0,1.000566959,1.000000343,-0.012538385,0,0,0,0,-0.0,2.880156,22.82402,-2.519454e-11,0.002880155,0.02282401,False,0.026358,False
2019-10-26,RS01SLBS-MJ01A-06-PRESTA101,2,True,2019-10-26T00:00:00Z,2019-10-26T23:59:59Z,86400,86400,0,1.0,1.000531197,1.000000321,0.002384857,0,0,0,0,-0.0,2.798234,22.63683,-3.145815e-11,0.002798234,0.02263682,False,0.027339,False
2019-10-27,RS01SLBS-MJ01A-06-PRESTA101,2,True,2019-10-27T00:00:00Z,2019-10-27T16:23:15Z,58996,58996,0,1.0,1.000538826,1.000000326,-0.002761944,0,0,0,0,-0.0,2.973837,23.101567,-2.356593e-11,0.002973836,0.02310156,False,0.025381,False
2019-10-28,RS01SLBS-MJ01A-06-PRESTA101,2,True,2019-10-28T16:30:40Z,2019-10-28T23:59:59Z,26900,26960,60,1.0,1.00051403,1.00000014,0.000474643,1,60,1,60,0.0,3.015663,21.968225,1.916208e-11,0.003015663,0.02196822,False,0.036015,True
2019-10-29,RS01SLBS-MJ01A-06-PRESTA101,2,True,2019-10-29T00:00:00Z,2019-10-29T23:59:59Z,86400,86400,0,1.0,1.000531197,1.00000035,0.000494981,0,0,0,0,-0.0,3.1402,22.840996,-5.421e-11,0.003140199,0.02284099,False,0.021035,False
2019-10-30,RS01SLBS-MJ01A-06-PRESTA101,2,True,2019-10-30T00:00:00Z,2019-10-30T23:59:59Z,86400,86400,0,1.0,1.000529289,1.000000322,0.002591316,0,0,0,0,0.0,2.854451,20.988304,3.37934e-12,0.00285445,0.0209883,False,0.025899,False
2019-10-31,RS01SLBS-MJ01A-06-PRESTA101,2,True,2019-10-31T00:00:00Z,2019-10-31T23:59:59Z,86400,86400,0,1.0,1.000536919,1.000000381,-0.004513301,0,0,0,0,-0.0,9.010674,109.479806,-1.14465e-11,0.009010671,0.1094798,False,0.094873,False
2019-11-01,RS01SLBS-MJ01A-06-PRESTA101,2,True,2019-11-01T00:00:00Z,2019-11-01T23:59:59Z,86400,86400,0,1.0,1.000569344,1.00000031,8.6167e-05,0,0,0,0,-0.0,2.923559,21.018748,-5.08165e-11,0.002923558,0.02101874,False,0.023798,False
2019-11-02,RS01SLBS-MJ01A-06-PRESTA101,2,True,2019-11-02T00:00:00Z,2019-11-02T23:59:59Z,86400,86400,0,1.0,1.000534058,1.000000342,0.003765182,0,0,0,0,-0.0,3.149627,23.973948,-7.498257e-11,0.003149626,0.02397394,False,0.025977,False
2019-11-03,RS01SLBS-MJ01A-06-PRESTA101,2,True,2019-11-03T00:00:00Z,2019-11-03T23:59:59Z,86400,86400,0,1.0,1.000536919,1.000000345,-0.001472602,0,0,0,0,-0.0,3.46385,24.60557,-8.304257e-11,0.003463849,0.02460556,False,0.027221,False
2019-11-04,RS01SLBS-MJ01A-06-PRESTA101,2,True,2019-11-04T00:00:00Z,2019-11-04T23:59:59Z,86400,86400,0,1.0,1.000535011,1.000000294,0.001784561,0,0,0,0,-0.0,3.166369,23.076796,-1.514661e-10,0.003166368,0.02307679,False,0.023544,False
2019-11-05,RS01SLBS-MJ01A-06-PRESTA101,2,True,2019-11-05T00:00:00Z,2019-11-05T23:59:59Z,86400,86400,0,1.0,1.000536919,1.000000302,-0.012306024,0,0,0,0,-0.0,3.014306,21.551808,-1.650635e-11,0.003014305,0.0215518,False,0.024723,False
2019-11-06,RS01SLBS-MJ01A-06-PRESTA101,2,True,2019-11-06T00:00:00Z,2019-11-06T23:59:59Z,86400,86400,0,1.0,1.000538349,1.000000322,0.001201497,0,0,0,0,0.0,2.950802,23.000254,9.319375e-12,0.002950801,0.02300025,False,0.024557,False
2019-11-07,RS01SLBS-MJ01A-06-PRESTA101,2,True,2019-11-07T00:00:00Z,2019-11-07T23:59:59Z,86400,86400,0,1.0,1.000535011,1.000000334,0.001589601,0,0,0,0,-0.0,2.898461,22.835866,-9.638965e-11,0.00289846,0.02283586,False,0.021692,False
2019-11-08,RS01SLBS-MJ01A-06-PRESTA101,2,True,2019-11-08T00:00:00Z,2019-11-08T23:59:59Z,86400,86400,0,1.0,1.000563622,1.000000332,0.000291339,0,0,0,0,-0.0,3.308017,23.494027,-7.668385e-12,0.003308016,0.02349402,False,0.025057,False
2019-11-09,RS01SLBS-MJ01A-06-PRESTA101,2,True,2019-11-09T00:00:00Z,2019-11-09T23:59:59Z,86400,86400,0,1.0,1.00053215,1.000000325,0.001428836,0,0,0,0,-0.0,2.870184,20.678541,-5.622031e-11,0.002870183,0.02067853,False,0.02475,False
2019-11-10,RS01SLBS-MJ01A-06-PRESTA101,2,True,2019-11-10T00:00:00Z,2019-11-10T23:59:59Z,86400,86400,0,1.0,1.000533104,1.000000296,0.000473828,0,0,0,0,-0.0,3.038337,23.198261,-5.558459e-11,0.003038336,0.02319825,False,0.02536,False
2019-11-11,RS01SLBS-MJ01A-06-PRESTA101,2,True,2019-11-11T00:00:00Z,2019-11-11T23:59:59Z,86400,86400,0,1.0,1.000533104,1.000000305,-0.000167382,0,0,0,0,0.0,3.012685,22.863493,2.773786e-12,0.003012684,0.02286349,False,0.026758,False
2019-11-12,RS01SLBS-MJ01A-06-PRESTA101,2,True,2019-11-12T00:00:00Z,2019-11-12T23:59:59Z,86400,86400,0,1.0,1.000535011,1.000000338,-0.002078028,0,0,0,0,-0.0,2.880968,22.242859,-4.195513e-11,0.002880967,0.02224285,False,0.024811,False
2019-11-13,RS01SLBS-MJ01A-06-PRESTA101,2,True,2019-11-13T00:00:00Z,2019-11-13T23:59:59Z,86400,86400,0,1.0,1.000534058,1.000000325,-0.002149777,0,0,0,0,-0.0,2.823508,22.29951,-5.310959e-11,0.002823507,0.0222995,False,0.023622,False
2019-11-14,RS01SLBS-MJ01A-06-PRESTA101,2,True,2019-11-14T00:00:00Z,2019-11-14T23:59:59Z,86400,86400,0,1.0,1.000534058,1.00000033,-0.000458537,0,0,15,15,0.0,3.341795,21.581033,3.084468e-11,0.003341793,0.02158103,False,0.024168,False
2019-11-15,RS01SLBS-MJ01A-06-PRESTA101,2,True,2019-11-15T00:00:00Z,2019-11-15T23:59:59Z,86399,86399,0,1.0,1.000572681,1.000000303,0.00209707,0,0,1,1,0.0,2.99986,21.588648,7.794801e-11,0.002999859,0.02158864,False,0.022991,False
2019-11-16,RS01SLBS-MJ01A-06-PRESTA101,2,True,2019-11-16T00:00:00Z,2019-11-16T23:59:59Z,86400,86400,0,1.0,1.000534058,1.000000314,0.003632477,0,0,0,0,-0.0,2.963897,23.220241,-8.093953e-11,0.002963896,0.02322023,False,0.02607,False
2019-11-17,RS01SLBS-MJ01A-06-PRESTA101,2,True,2019-11-17T00:00:00Z,2019-11-17T23:59:59Z,86400,86400,0,1.0,1.000536919,1.000000303,0.00121761,0,0,0,0,-0.0,3.124433,22.73286,-6.23546e-11,0.003124432,0.02273285,False,0.020987,False
2019-11-18,RS01SLBS-MJ01A-06-PRESTA101,2,True,2019-11-18T00:00:00Z,2019-11-18T23:59:59Z,86400,86400,0,1.0,1.000535011,1.000000277,0.002919925,0,0,0,0,-0.0,3.275673,22.117184,-7.474756e-11,0.003275672,0.02211718,False,0.024232,False
2019-11-19,RS01SLBS-MJ01A-06-PRESTA101,2,True,2019-11-19T00:00:00Z,2019-11-19T23:59:59Z,86400,86400,0,1.0,1.000528336,1.000000336,0.000569872,0,0,0,0,0.0,3.378249,23.740238,3.970873e-12,0.003378248,0.02374023,False,0.026745,False
2019-11-20,RS01SLBS-MJ01A-06-PRESTA101,2,True,2019-11-20T00:00:00Z,2019-11-20T23:59:59Z,86400,86400,0,1.0,1.000535011,1.00000037,0.000151421,0,0,0,0,-0.0,4.931362,30.694598,-1.695481e-11,0.00493136,0.03069459,False,0.025515,False
2019-11-21,RS01SLBS-MJ01A-06-PRESTA101,2,True,2019-11-21T00:00:00Z,2019-11-21T23:59:59Z,86400,86400,0,1.0,1.000533104,1.000000308,0.002638079,0,0,0,0,-0.0,2.951602,22.016019,-8.627498e-11,0.002951602,0.02201601,False,0.027393,False
2019-11-22,RS01SLBS-MJ01A-06-PRESTA101,2,True,2019-11-22T00:00:00Z,2019-11-22T23:59:59Z,86400,86400,0,1.0,1.000574112,1.000000289,-0.000807327,0,0,0,0,0.0,13.164829,162.760287,3.056219e-11,0.01316483,0.1627602,False,0.163274,False
2019-11-23,RS01SLBS-MJ01A-06-PRESTA101,2,True,2019-11-23T00:00:00Z,2019-11-23T23:59:59Z,86400,86400,0,1.0,1.000534058,1.000000262,0.003165033,0,0,0,0,-0.0,3.690986,24.586067,-3.272967e-11,0.003690985,0.02458606,False,0.02112,False
2019-11-24,RS01SLBS-MJ01A-06-PRESTA101,2,True,2019-11-24T00:00:00Z,2019-11-24T23:59:59Z,86400,86400,0,1.0,1.000533104,1.000000321,0.000433544,0,0,0,0,-0.0,2.996504,22.229861,-8.283118e-11,0.002996503,0.02222985,False,0.026648,False
2019-11-25,RS01SLBS-MJ01A-06-PRESTA101,2,True,2019-11-25T00:00:00Z,2019-11-25T23:59:59Z,86400,86400,0,1.0,1.00053215,1.00000034,-0.003883073,0,0,0,0,0.0,3.275415,23.024901,1.192286e-11,0.003275414,0.02302489,False,0.025527,False
2019-11-26,RS01SLBS-MJ01A-06-PRESTA101,2,True,2019-11-26T00:00:00Z,2019-11-26T23:59:59Z,86400,86400,0,1.0,1.000530243,1.000000305,-0.001387523,0,0,0,0,-0.0,2.958976,23.165886,-5.339473e-11,0.002958975,0.02316588,False,0.026693,False
2019-11-27,RS01SLBS-MJ01A-06-PRESTA101,2,True,2019-11-27T00:00:00Z,2019-11-27T23:59:59Z,86400,86400,0,1.0,1.000531197,1.000000301,-0.001071381,0,0,0,0,-0.0,3.01888,21.745063,-4.713547e-11,0.003018879,0.02174506,False,0.026189,False
2019-11-28,RS01SLBS-MJ01A-06-PRESTA101,2,True,2019-11-28T00:00:00Z,2019-11-28T23:59:59Z,86400,86400,0,1.0,1.000533104,1.000000421,-0.002660857,0,0,0,0,-0.0,10.659161,105.266654,-2.137775e-11,0.01065916,0.1052666,False,0.105231,False
2019-11-29,RS01SLBS-MJ01A-06-PRESTA101,2,True,2019-11-29T00:00:00Z,2019-11-29T23:59:59Z,86400,86400,0,1.0,1.000574112,1.000000162,0.002305743,0,0,0,0,-0.0,3.168194,23.886583,-3.017533e-11,0.003168194,0.02388658,False,0.02645,False
2019-11-30,RS01SLBS-MJ01A-06-PRESTA101,2,True,2019-11-30T00:00:00Z,2019-11-30T23:59:59Z,86400,86400,0,1.0,1.000538826,1.00000039,0.002643182,0,0,0,0,-0.0,3.228641,23.410718,-8.846778e-11,0.00322864,0.02341071,False,0.027322,False
2019-12-01,RS01SLBS-MJ01A-06-PRESTA101,2,True,2019-12-01T00:00:00Z,2019-12-01T23:59:59Z,86400,86400,0,1.0,1.000537872,1.000000354,-0.001894165,0,0,0,0,-0.0,3.004607,22.842597,-7.200271e-11,0.003004606,0.02284259,False,0.025408,False
2019-12-02,RS01SLBS-MJ01A-06-PRESTA101,2,True,2019-12-02T00:00:00Z,2019-12-02T23:59:59Z,86400,86400,0,1.0,1.000535965,1.000000312,0.002811887,0,0,0,0,-0.0,2.916661,21.826523,-8.298444e-11,0.00291666,0.02182652,False,0.023687,False
2019-12-03,RS01SLBS-MJ01A-06-PRESTA101,2,True,2019-12-03T00:00:00Z,2019-12-03T23:59:59Z,86400,86400,0,1.0,1.000528812,1.000000332,0.002114326,0,0,0,0,0.0,2.857055,22.216595,5.736306e-11,0.002857054,0.02221659,False,0.024805,False
2019-12-04,RS01SLBS-MJ01A-06-PRESTA101,2,True,2019-12-04T00:00:00Z,2019-12-04T23:59:59Z,86400,86400,0,1.0,1.000529289,1.000000352,0.000510554,0,0,0,0,-0.0,2.838122,21.979578,-6.674169e-12,0.002838121,0.02197957,False,0.023948,False
2019-12-05,RS01SLBS-MJ01A-06-PRESTA101,2,True,2019-12-05T00:00:00Z,2019-12-05T23:59:59Z,86400,86400,0,1.0,1.000530243,1.00000031,-0.001829237,0,0,0,0,-0.0,2.800458,22.476495,-8.746178e-11,0.002800457,0.02247649,False,0.027272,False
2019-12-06,RS01SLBS-MJ01A-06-PRESTA101,2,True,2019-12-06T00:00:00Z,2019-12-06T23:59:59Z,86400,86400,0,1.0,1.000563145,1.000000289,0.000222174,0,0,0,0,-0.0,2.840582,21.75293,-9.374144e-11,0.002840581,0.02175292,False,0.024508,False
2019-12-07,RS01SLBS-MJ01A-06-PRESTA101,2,True,2019-12-07T00:00:00Z,2019-12-07T23:59:59Z,86400,86400,0,1.0,1.00053072,1.000000319,-0.001509144,0,0,0,0,0.0,2.920684,22.150923,1.17789e-11,0.002920683,0.02215092,False,0.026926,False
2019-12-08,RS01SLBS-MJ01A-06-PRESTA101,2,True,2019-12-08T00:00:00Z,2019-12-08T23:59:59Z,85523,86400,877,1.0,1.00052309,1.000000316,-0.000570343,2,877,2,877,-0.0,2.865832,21.556604,-2.864611e-11,0.002865831,0.0215566,False,0.460577,True
2019-12-09,RS01SLBS-MJ01A-06-PRESTA101,2,True,2019-12-09T00:00:00Z,2019-12-09T23:59:59Z,86400,86400,0,1.0,1.000519753,1.000000351,0.000132515,0,0,0,0,-0.0,2.782914,22.183611,-8.456885e-11,0.002782913,0.0221836,False,0.026634,False
2019-12-10,RS01SLBS-MJ01A-06-PRESTA101,2,True,2019-12-10T00:00:00Z,2019-12-10T23:59:59Z,84436,86398,1962,1.0,1.000531197,1.000018817,-0.480151073,2,1962,2,1962,0.0,536.463575,1120.659348,7.304273e-11,0.5364535,1.120638,True,0.482084,True
2019-12-11,RS01SLBS-MJ01A-06-PRESTA101,2,True,2019-12-11T00:00:00Z,2019-12-11T23:59:59Z,86400,86400,0,1.0,1.000525951,1.000000312,0.00258566,0,0,0,0,0.0,2.811451,21.550064,1.946594e-11,0.00281145,0.02155006,False,0.025983,False
2019-12-12,RS01SLBS-MJ01A-06-PRESTA101,2,True,2019-12-12T00:00:00Z,2019-12-12T23:59:59Z,84832,86400,1568,1.0,1.000526905,1.00000032,0.001579995,2,1568,2,1568,0.0,2.835586,23.166539,2.977243e-11,0.002835585,0.02316653,False,0.466572,True
2019-12-13,RS01SLBS-MJ01A-06-PRESTA101,2,True,2019-12-13T00:00:00Z,2019-12-13T23:59:59Z,86400,86400,0,1.0,1.00056982,1.000000329,0.00071891,0,0,0,0,0.0,2.801468,23.517438,2.463079e-11,0.002801467,0.02351743,False,0.024173,False
2019-12-14,RS01SLBS-MJ01A-06-PRESTA101,2,True,2019-12-14T00:00:00Z,2019-12-14T23:59:59Z,86400,86400,0,1.0,1.000527859,1.000000318,-0.000832899,0,0,0,0,-0.0,3.113948,22.659361,-2.514691e-11,0.003113947,0.02265935,False,0.026664,False
2019-12-15,RS01SLBS-MJ01A-06-PRESTA101,2,True,2019-12-15T00:00:00Z,2019-12-15T23:59:59Z,86400,86400,0,1.0,1.000527859,1.000000324,0.00260069,0,0,0,0,-0.0,3.17793,22.228135,-1.165755e-11,0.003177929,0.02222813,False,0.020983,False
2019-12-16,RS01SLBS-MJ01A-06-PRESTA101,2,True,2019-12-16T00:00:00Z,2019-12-16T23:59:59Z,86400,86400,0,1.0,1.000538349,1.000000316,0.002278068,0,0,0,0,-0.0,2.959108,20.749342,-2.220742e-11,0.002959107,0.02074934,False,0.020604,False
2019-12-17,RS01SLBS-MJ01A-06-PRESTA101,2,True,2019-12-17T00:00:00Z,2019-12-17T23:59:59Z,86400,86400,0,1.0,1.000538826,1.000000375,0.000434522,0,0,0,0,0.0,3.061871,23.103556,1.647753e-11,0.00306187,0.02310355,False,0.025982,False
2019-12-18,RS01SLBS-MJ01A-06-PRESTA101,2,True,2019-12-18T00:00:00Z,2019-12-18T23:59:59Z,86400,86400,0,1.0,1.00053215,1.000000311,-0.000778783,0,0,0,0,-0.0,3.264968,22.262485,-3.513469e-11,0.003264967,0.02226248,False,0.024312,False
2019-12-19,RS01SLBS-MJ01A-06-PRESTA101,2,True,2019-12-19T00:00:00Z,2019-12-19T23:59:59Z,86400,86400,0,1.0,1.00053215,1.000000282,-0.001683762,0,0,0,0,-0.0,2.7887,22.385123,-5.986498e-12,0.002788699,0.02238512,False,0.027355,False
2019-12-20,RS01SLBS-MJ01A-06-PRESTA101,2,True,2019-12-20T00:00:00Z,2019-12-20T23:59:59Z,86400,86400,0,1.0,1.000576019,1.000000306,-0.001186316,0,0,0,0,-0.0,2.805941,22.347225,-4.513137e-11,0.002805941,0.02234722,False,0.026372,False
2019-12-21,RS01SLBS-MJ01A-06-PRESTA101,2,True,2019-12-21T00:00:00Z,2019-12-21T23:59:59Z,86399,86399,0,1.0,1.000524998,1.000000317,-0.001332161,0,0,20,20,-0.0,2.787339,22.457876,-1.717861e-11,0.002787339,0.02245787,False,0.026662,False
2019-12-22,RS01SLBS-MJ01A-06-PRESTA101,2,True,2019-12-22T00:00:00Z,2019-12-22T23:59:59Z,86400,86400,0,1.0,1.00053215,1.000000334,0.000938734,0,0,4,4,-0.0,2.839437,21.200558,-2.965708e-11,0.002839436,0.02120055,False,0.02161,False
2019-12-23,RS01SLBS-MJ01A-06-PRESTA101,2,True,2019-12-23T00:00:00Z,2019-12-23T23:59:59Z,86400,86400,0,1.0,1.000531197,1.00000031,0.001506218,0,0,0,0,-0.0,2.830595,23.075699,-7.559592e-11,0.002830594,0.02307569,False,0.024169,False
2019-12-24,RS01SLBS-MJ01A-06-PRESTA101,2,True,2019-12-24T00:00:00Z,2019-12-24T23:59:59Z,86400,86400,0,1.0,1.000535965,1.000000314,0.002420327,0,0,0,0,-0.0,2.817607,22.569909,-4.642347e-11,0.002817607,0.0225699,False,0.024928,False
2019-12-25,RS01SLBS-MJ01A-06-PRESTA101,2,True,2019-12-25T00:00:00Z,2019-12-25T23:59:59Z,86400,86400,0,1.0,1.000522137,1.000000307,0.003775539,0,0,0,0,0.0,2.853186,22.045423,6.075402e-12,0.002853185,0.02204542,False,0.023398,False
2019-12-26,RS01SLBS-MJ01A-06-PRESTA101,2,True,2019-12-26T00:00:00Z,2019-12-26T23:59:59Z,86400,86400,0,1.0,1.000524998,1.000000323,0.003337981,0,0,0,0,-0.0,2.796638,22.464502,-6.594441e-11,0.002796637,0.02246449,False,0.026752,False
2019-12-27,RS01SLBS-MJ01A-06-PRESTA101,2,True,2019-12-27T00:00:00Z,2019-12-27T23:59:59Z,86400,86400,0,1.0,1.000567913,1.000000302,-2.803e-06,0,0,0,0,-0.0,2.778827,22.420852,-1.078273e-11,0.002778826,0.02242085,False,0.024955,False
2019-12-28,RS01SLBS-MJ01A-06-PRESTA101,2,True,2019-12-28T00:00:00Z,2019-12-28T23:59:59Z,86400,86400,0,1.0,1.000528336,1.00000032,-0.000368309,0,0,0,0,-0.0,2.917119,22.247329,-3.75185e-12,0.002917118,0.02224732,False,0.024896,False
2019-12-29,RS01SLBS-MJ01A-06-PRESTA101,2,True,2019-12-29T00:00:00Z,2019-12-29T23:59:59Z,86400,86400,0,1.0,1.000524998,1.000000324,-0.000510704,0,0,0,0,-0.0,2.805739,22.25852,-3.606119e-11,0.002805738,0.02225851,False,0.027247,False
2019-12-30,RS01SLBS-MJ01A-06-PRESTA101,2,True,2019-12-30T00:00:00Z,2019-12-30T23:59:59Z,86400,86400,0,1.0,1.000529766,1.000000322,-0.001284798,0,0,0,0,-0.0,2.819644,21.600136,-1.51958e-11,0.002819643,0.02160013,False,0.023498,False
2019-12-31,RS01SLBS-MJ01A-06-PRESTA101,2,True,2019-12-31T00:00:00Z,2019-12-31T23:59:59Z,86400,86400,0,1.0,1.000527859,1.000000342,-0.001892026,0,0,0,0,-0.0,2.936086,22.101177,-3.847911e-11,0.002936085,0.02210117,False,0.024742,False
2020-01-01,RS01SLBS-MJ01A-06-PRESTA101,2,True,2020-01-01T00:00:00Z,2020-01-01T23:59:59Z,86400,86400,0,1.0,1.000527859,1.000000391,-0.006146352,0,0,0,0,-0.0,4.814941,26.431632,-2.315219e-11,0.004814939,0.02643162,False,0.02552,False
2020-01-02,RS01SLBS-MJ01A-06-PRESTA101,2,True,2020-01-02T00:00:00Z,2020-01-02T23:59:59Z,86400,86400,0,1.0,1.000525951,1.000000469,-0.003098689,0,0,0,0,0.0,3.334776,23.927247,1.7919e-11,0.003334775,0.02392724,False,0.025541,False
2020-01-03,RS01SLBS-MJ01A-06-PRESTA101,2,True,2020-01-03T00:00:00Z,2020-01-03T23:59:59Z,86400,86400,0,1.0,1.000567913,1.0000003,-0.006284679,0,0,0,0,-0.0,4.652455,24.765463,-5.570561e-11,0.004652454,0.02476546,False,0.025799,False
2020-01-04,RS01SLBS-MJ01A-06-PRESTA101,2,True,2020-01-04T00:00:00Z,2020-01-04T23:59:59Z,86400,86400,0,1.0,1.000529289,1.000000237,-0.000696304,0,0,0,0,-0.0,2.857354,23.078222,-1.395148e-11,0.002857353,0.02307822,False,0.022958,False
2020-01-05,RS01SLBS-MJ01A-06-PRESTA101,2,True,2020-01-05T00:00:00Z,2020-01-05T23:59:59Z,86400,86400,0,1.0,1.000529766,1.000000345,-0.001822623,0,0,0,0,-0.0,2.878345,22.643857,-2.700232e-11,0.002878344,0.02264385,False,0.024577,False
2020-01-06,RS01SLBS-MJ01A-06-PRESTA101,2,True,2020-01-06T00:00:00Z,2020-01-06T23:59:59Z,86400,86400,0,1.0,1.000530243,1.000000302,0.000251357,0,0,0,0,0.0,2.778062,22.706991,1.57383e-11,0.002778061,0.02270698,False,0.026795,False
2020-01-07,RS01SLBS-MJ01A-06-PRESTA101,2,True,2020-01-07T00:00:00Z,2020-01-07T23:59:59Z,86400,86400,0,1.0,1.000527382,1.000000304,-0.000829273,0,0,0,0,-0.0,2.789734,21.905736,-7.525694e-11,0.002789733,0.02190573,False,0.024913,False
2020-01-08,RS01SLBS-MJ01A-06-PRESTA101,2,True,2020-01-08T00:00:00Z,2020-01-08T23:59:59Z,86400,86400,0,1.0,1.000522137,1.000000368,0.001642951,0,0,0,0,-0.0,3.080713,22.127514,-4.929358e-11,0.003080712,0.02212751,False,0.020799,False
2020-01-09,RS01SLBS-MJ01A-06-PRESTA101,2,True,2020-01-09T00:00:00Z,2020-01-09T23:59:59Z,86400,86400,0,1.0,1.000524998,1.000000333,0.000286456,0,0,0,0,-0.0,2.780192,19.745706,-7.931673e-11,0.002780192,0.0197457,False,0.020834,False
2020-01-10,RS01SLBS-MJ01A-06-PRESTA101,2,True,2020-01-10T00:00:00Z,2020-01-10T23:59:59Z,85663,86400,737,1.0,1.000567436,1.000000334,-0.001113886,1,737,1,737,-0.0,2.778859,21.631376,-1.129611e-10,0.002778858,0.02163137,False,0.420169,True
2020-01-11,RS01SLBS-MJ01A-06-PRESTA101,2,True,2020-01-11T00:00:00Z,2020-01-11T23:59:59Z,86400,86400,0,1.0,1.000531673,1.000000336,-0.001203549,0,0,0,0,-0.0,2.820327,20.937255,-1.730631e-11,0.002820326,0.02093725,False,0.024675,False
2020-01-12,RS01SLBS-MJ01A-06-PRESTA101,2,True,2020-01-12T00:00:00Z,2020-01-12T23:59:59Z,86400,86400,0,1.0,1.000537872,1.000000312,0.001563161,0,0,0,0,0.0,2.987613,20.703396,2.345357e-11,0.002987612,0.02070339,False,0.024037,False
2020-01-13,RS01SLBS-MJ01A-06-PRESTA101,2,True,2020-01-13T00:00:00Z,2020-01-13T23:59:59Z,86400,86400,0,1.0,1.000528336,1.000000377,-0.005117235,0,0,0,0,0.0,3.062561,21.898887,1.148808e-11,0.00306256,0.02189888,False,0.023457,False
2020-01-14,RS01SLBS-MJ01A-06-PRESTA101,2,True,2020-01-14T00:00:00Z,2020-01-14T23:59:59Z,86400,86400,0,1.0,1.000531197,1.000000312,-0.002134553,0,0,0,0,-0.0,3.075123,22.83472,-1.126566e-10,0.003075122,0.02283471,False,0.024672,False
2020-01-15,RS01SLBS-MJ01A-06-PRESTA101,2,True,2020-01-15T00:00:00Z,2020-01-15T23:59:59Z,84450,86398,1948,1.0,1.000528812,1.00002845,0.195058338,2,1948,2,1948,-0.0,440.563871,914.969145,-8.861151e-11,0.4405513,0.9149431,True,0.485759,True
2020-01-16,RS01SLBS-MJ01A-06-PRESTA101,2,True,2020-01-16T00:00:00Z,2020-01-16T23:59:59Z,86400,86400,0,1.0,1.000529289,1.00000033,0.0015308,0,0,0,0,-0.0,2.831592,23.003298,-7.530723e-11,0.002831591,0.02300329,False,0.024741,False
2020-01-17,RS01SLBS-MJ01A-06-PRESTA101,2,True,2020-01-17T00:00:00Z,2020-01-17T23:59:59Z,86400,86400,0,1.0,1.000572205,1.000000299,0.001006887,0,0,0,0,-0.0,2.779258,20.642924,-5.768063e-12,0.002779257,0.02064292,False,0.023182,False
2020-01-18,RS01SLBS-MJ01A-06-PRESTA101,2,True,2020-01-18T00:00:00Z,2020-01-18T23:59:59Z,86400,86400,0,1.0,1.000531197,1.00000033,-0.001508067,0,0,0,0,-0.0,2.788853,21.530435,-3.727831e-11,0.002788852,0.02153043,False,0.024836,False
2020-01-19,RS01SLBS-MJ01A-06-PRESTA101,2,True,2020-01-19T00:00:00Z,2020-01-19T23:59:59Z,86400,86400,0,1.0,1.000529766,1.000000309,-0.000686295,0,0,0,0,-0.0,2.824885,22.984465,-7.072226e-12,0.002824884,0.02298446,False,0.025016,False
2020-01-20,RS01SLBS-MJ01A-06-PRESTA101,2,True,2020-01-20T00:00:00Z,2020-01-20T23:59:59Z,86400,86400,0,1.0,1.00052309,1.000000332,0.002744418,0,0,0,0,-0.0,2.834216,22.999978,-1.021659e-10,0.002834215,0.02299997,False,0.027241,False
2020-01-21,RS01SLBS-MJ01A-06-PRESTA101,2,True,2020-01-21T00:00:00Z,2020-01-21T23:59:59Z,86400,86400,0,1.0,1.000517845,1.0000003,-0.002396488,0,0,0,0,-0.0,2.848581,21.188108,-1.093213e-11,0.00284858,0.0211881,False,0.020695,False
2020-01-22,RS01SLBS-MJ01A-06-PRESTA101,2,True,2020-01-22T00:00:00Z,2020-01-22T23:59:59Z,86400,86400,0,1.0,1.000520229,1.000000351,-0.000250804,0,0,0,0,-0.0,2.791285,22.772209,-1.742768e-11,0.002791284,0.0227722,False,0.027276,False
2020-01-23,RS01SLBS-MJ01A-06-PRESTA101,2,True,2020-01-23T00:00:00Z,2020-01-23T23:59:59Z,86400,86400,0,1.0,1.000524044,1.000000332,-0.000885127,0,0,0,0,-0.0,2.791875,20.262423,-1.482159e-10,0.002791874,0.02026242,False,0.02402,False
2020-01-24,RS01SLBS-MJ01A-06-PRESTA101,2,True,2020-01-24T00:00:00Z,2020-01-24T23:59:59Z,86400,86400,0,1.0,1.000564098,1.000000329,0.000263754,0,0,0,0,-0.0,2.850698,22.236887,-1.274805e-10,0.002850697,0.02223688,False,0.02488,False
2020-01-25,RS01SLBS-MJ01A-06-PRESTA101,2,True,2020-01-25T00:00:00Z,2020-01-25T23:59:59Z,86400,86400,0,1.0,1.000526905,1.000000337,0.000317502,0,0,0,0,-0.0,2.864603,23.309956,-3.263154e-11,0.002864602,0.02330995,False,0.025382,False
2020-01-26,RS01SLBS-MJ01A-06-PRESTA101,2,True,2020-01-26T00:00:00Z,2020-01-26T23:59:59Z,86400,86400,0,1.0,1.00052166,1.000000372,-0.002022463,0,0,0,0,-0.0,2.811952,22.495404,-1.232454e-12,0.002811951,0.0224954,False,0.023598,False
2020-01-27,RS01SLBS-MJ01A-06-PRESTA101,2,True,2020-01-27T00:00:00Z,2020-01-27T23:59:59Z,86399,86399,0,1.0,1.000518799,1.000000301,-0.003012352,0,0,17,17,-0.0,2.835384,21.113067,-6.554054e-11,0.002835383,0.02111306,False,0.02353,False
2020-01-28,RS01SLBS-MJ01A-06-PRESTA101,2,True,2020-01-28T00:00:00Z,2020-01-28T23:59:59Z,85753,86400,647,1.0,1.000517845,1.00000033,0.000732832,1,647,1,647,-0.0,2.787546,21.827188,-1.435782e-11,0.002787545,0.02182718,False,0.338986,True
2020-01-29,RS01SLBS-MJ01A-06-PRESTA101,2,True,2020-01-29T00:00:00Z,2020-01-29T23:59:59Z,86400,86400,0,1.0,1.000517845,1.000000289,0.004994699,0,0,0,0,-0.0,2.792524,21.201265,-6.558021e-11,0.002792523,0.02120126,False,0.024904,False
2020-01-30,RS01SLBS-MJ01A-06-PRESTA101,2,True,2020-01-30T00:00:00Z,2020-01-30T23:59:59Z,86400,86400,0,1.0,1.000527859,1.000000329,-0.001740184,0,0,0,0,-0.0,2.869189,21.339737,-3.005018e-11,0.002869188,0.02133973,False,0.021607,False
2020-01-31,RS01SLBS-MJ01A-06-PRESTA101,2,True,2020-01-31T00:00:00Z,2020-01-31T23:59:59Z,86400,86400,0,1.0,1.000566006,1.00000035,-0.002618489,0,0,0,0,-0.0,2.803585,22.007889,-7.225956e-11,0.002803584,0.02200788,False,0.022208,False
2020-02-01,RS01SLBS-MJ01A-06-PRESTA101,2,True,2020-02-01T00:00:00Z,2020-02-01T23:59:59Z,86400,86400,0,1.0,1.000526905,1.000000336,0.000261405,0,0,0,0,0.0,2.97133,21.861878,1.089844e-11,0.002971329,0.02186187,False,0.020826,False
2020-02-02,RS01SLBS-MJ01A-06-PRESTA101,2,True,2020-02-02T00:00:00Z,2020-02-02T23:59:59Z,86400,86400,0,1.0,1.00052309,1.000000338,-0.011465593,0,0,0,0,-0.0,2.888784,22.074223,-4.105441e-12,0.002888783,0.02207422,False,0.026091,False
2020-02-03,RS01SLBS-MJ01A-06-PRESTA101,2,True,2020-02-03T00:00:00Z,2020-02-03T23:59:59Z,86400,86400,0,1.0,1.000520706,1.000000339,-0.002520784,0,0,0,0,-0.0,2.910604,22.702197,-1.601653e-11,0.002910603,0.02270219,False,0.026695,False
2020-02-04,RS01SLBS-MJ01A-06-PRESTA101,2,True,2020-02-04T00:00:00Z,2020-02-04T23:59:59Z,86400,86400,0,1.0,1.000519753,1.000000348,-0.003776109,0,0,0,0,-0.0,3.628722,22.96524,-1.543748e-11,0.00362872,0.02296523,False,0.02071,False
2020-02-05,RS01SLBS-MJ01A-06-PRESTA101,2,True,2020-02-05T00:00:00Z,2020-02-05T23:59:59Z,86400,86400,0,1.0,1.000524044,1.000000298,0.001954125,0,0,0,0,-0.0,2.901486,22.63176,-9.463877e-11,0.002901485,0.02263175,False,0.027277,False
2020-02-06,RS01SLBS-MJ01A-06-PRESTA101,2,True,2020-02-06T00:00:00Z,2020-02-06T23:59:59Z,86400,86400,0,1.0,1.000517845,1.000000342,0.005989724,0,0,0,0,-0.0,2.865876,22.615119,-1.06493e-10,0.002865875,0.02261511,False,0.02355,False
2020-02-07,RS01SLBS-MJ01A-06-PRESTA101,2,True,2020-02-07T00:00:00Z,2020-02-07T23:59:59Z,86400,86400,0,1.0,1.000567913,1.000000348,0.001009386,0,0,0,0,-0.0,2.841045,22.497043,-4.900533e-11,0.002841044,0.02249704,False,0.023693,False
2020-02-08,RS01SLBS-MJ01A-06-PRESTA101,2,True,2020-02-08T00:00:00Z,2020-02-08T23:59:59Z,86400,86400,0,1.0,1.000522137,1.00000036,-0.003421599,0,0,0,0,-0.0,2.928804,23.919316,-5.350176e-11,0.002928803,0.02391931,False,0.02482,False
2020-02-09,RS01SLBS-MJ01A-06-PRESTA101,2,True,2020-02-09T00:00:00Z,2020-02-09T23:59:59Z,86400,86400,0,1.0,1.000524998,1.000000289,-0.001618944,0,0,0,0,-0.0,2.83609,21.512165,-3.927542e-11,0.002836089,0.02151216,False,0.020549,False
2020-02-10,RS01SLBS-MJ01A-06-PRESTA101,2,True,2020-02-10T00:00:00Z,2020-02-10T23:59:59Z,86400,86400,0,1.0,1.000525951,1.000000317,0.000236699,0,0,0,0,-0.0,2.806759,22.051205,-9.049321e-12,0.002806758,0.0220512,False,0.023618,False
2020-02-11,RS01SLBS-MJ01A-06-PRESTA101,2,True,2020-02-11T00:00:00Z,2020-02-11T23:59:59Z,86400,86400,0,1.0,1.000533104,1.000000341,-0.002621595,0,0,0,0,-0.0,2.941951,22.253185,-6.061089e-11,0.00294195,0.02225318,False,0.024796,False
2020-02-12,RS01SLBS-MJ01A-06-PRESTA101,2,True,2020-02-12T00:00:00Z,2020-02-12T23:59:59Z,86400,86400,0,1.0,1.000538826,1.000000313,0.001494484,0,0,0,0,-0.0,2.778109,21.908729,-7.038516e-11,0.002778108,0.02190872,False,0.023362,False
2020-02-13,RS01SLBS-MJ01A-06-PRESTA101,2,True,2020-02-13T00:00:00Z,2020-02-13T23:59:59Z,86400,86400,0,1.0,1.000537395,1.000000297,0.002912739,0,0,0,0,-0.0,3.244861,22.129898,-3.506143e-11,0.00324486,0.02212989,False,0.021068,False
2020-02-14,RS01SLBS-MJ01A-06-PRESTA101,2,True,2020-02-14T00:00:00Z,2020-02-14T23:59:59Z,86400,86400,0,1.0,1.000576019,1.000000275,0.003843126,0,0,0,0,-0.0,3.548573,23.155526,-5.156328e-12,0.003548572,0.02315552,False,0.026807,False
2020-02-15,RS01SLBS-MJ01A-06-PRESTA101,2,True,2020-02-15T00:00:00Z,2020-02-15T23:59:59Z,86400,86400,0,1.0,1.00053072,1.000000349,0.002541219,0,0,0,0,-0.0,2.814676,21.800442,-3.987082e-11,0.002814675,0.02180043,False,0.022792,False2020-02-16,RS01SLBS-MJ01A-06-PRESTA101,2,True,2020-02-16T00:00:00Z,2020-02-16T23:59:59Z,86400,86400,0,1.0,1.000525951,1.000000294,-0.000884761,0,0,0,0,-0.0,2.83179,22.26541,-3.659475e-11,0.002831789,0.0222654,False,0.026043,False
2020-02-17,RS01SLBS-MJ01A-06-PRESTA101,2,True,2020-02-17T00:00:00Z,2020-02-17T23:59:59Z,86400,86400,0,1.0,1.000526905,1.000000285,0.005210431,0,0,0,0,-0.0,3.129932,23.5218,-3.762888e-11,0.003129931,0.02352179,False,0.027379,False
2020-02-18,RS01SLBS-MJ01A-06-PRESTA101,2,True,2020-02-18T00:00:00Z,2020-02-18T23:59:59Z,86400,86400,0,1.0,1.000525951,1.000000289,0.000139811,0,0,0,0,-0.0,2.91479,21.972468,-8.172313e-11,0.002914789,0.02197246,False,0.024268,False
2020-02-19,RS01SLBS-MJ01A-06-PRESTA101,2,True,2020-02-19T00:00:00Z,2020-02-19T23:59:59Z,86400,86400,0,1.0,1.000527859,1.000000327,-0.002385619,0,0,0,0,-0.0,2.912718,24.386219,-8.858273e-11,0.002912717,0.02438621,False,0.027374,False
2020-02-20,RS01SLBS-MJ01A-06-PRESTA101,2,True,2020-02-20T00:00:00Z,2020-02-20T23:59:59Z,85679,86400,721,1.0,1.000528812,1.000000302,0.000288735,1,721,1,721,0.0,2.801369,21.8258,3.937255e-11,0.002801368,0.02182579,False,0.38246,True
2020-02-21,RS01SLBS-MJ01A-06-PRESTA101,2,True,2020-02-21T00:00:00Z,2020-02-21T23:59:59Z,86400,86400,0,1.0,1.000569344,1.000000362,0.000349552,0,0,0,0,-0.0,3.082667,22.73537,-4.465508e-11,0.003082666,0.02273536,False,0.024101,False
2020-02-22,RS01SLBS-MJ01A-06-PRESTA101,2,True,2020-02-22T00:00:00Z,2020-02-22T23:59:59Z,86400,86400,0,1.0,1.000528812,1.000000341,-0.000477135,0,0,0,0,-0.0,3.020735,24.686653,-8.343649e-11,0.003020734,0.02468664,False,0.023657,False
2020-02-23,RS01SLBS-MJ01A-06-PRESTA101,2,True,2020-02-23T00:00:00Z,2020-02-23T23:59:59Z,86400,86400,0,1.0,1.000529766,1.000000306,0.000726309,0,0,0,0,-0.0,2.78466,20.515312,-9.633111e-11,0.002784659,0.02051531,False,0.020739,False
2020-02-24,RS01SLBS-MJ01A-06-PRESTA101,2,True,2020-02-24T00:00:00Z,2020-02-24T23:59:59Z,86400,86400,0,1.0,1.000525951,1.000000316,0.000888561,0,0,0,0,-0.0,2.787887,22.40925,-6.189379e-11,0.002787886,0.02240924,False,0.026152,False
2020-02-25,RS01SLBS-MJ01A-06-PRESTA101,2,True,2020-02-25T00:00:00Z,2020-02-25T23:59:59Z,86400,86400,0,1.0,1.000526905,1.000000295,0.00074443,0,0,0,0,-0.0,2.803577,22.880895,-1.168541e-10,0.002803576,0.02288089,False,0.027299,False
2020-02-26,RS01SLBS-MJ01A-06-PRESTA101,2,True,2020-02-26T00:00:00Z,2020-02-26T23:59:59Z,86400,86400,0,1.0,1.000526905,1.000000347,-0.000993825,0,0,0,0,-0.0,2.870898,23.341637,-1.920724e-11,0.002870897,0.02334163,False,0.025537,False
2020-02-27,RS01SLBS-MJ01A-06-PRESTA101,2,True,2020-02-27T00:00:00Z,2020-02-27T23:59:59Z,86400,86400,0,1.0,1.000526905,1.000000313,-0.000138063,0,0,0,0,-0.0,2.792462,21.333207,-8.297883e-11,0.002792461,0.0213332,False,0.023526,False
2020-02-28,RS01SLBS-MJ01A-06-PRESTA101,2,True,2020-02-28T00:00:00Z,2020-02-28T23:59:59Z,86400,86400,0,1.0,1.000571728,1.00000032,0.001087546,0,0,0,0,-0.0,2.857163,22.736346,-6.742476e-11,0.002857162,0.02273634,False,0.02391,False
2020-02-29,RS01SLBS-MJ01A-06-PRESTA101,2,True,2020-02-29T00:00:00Z,2020-02-29T23:59:59Z,85929,86400,471,1.0,1.000529766,1.000000291,-0.002339689,1,471,1,471,0.0,2.854633,20.438664,5.460542e-11,0.002854632,0.02043866,False,0.252699,True
2020-03-01,RS01SLBS-MJ01A-06-PRESTA101,2,True,2020-03-01T00:00:00Z,2020-03-01T23:59:59Z,86400,86400,0,1.0,1.000529766,1.000000317,-0.000270388,0,0,0,0,-0.0,2.851391,22.656795,-6.334739e-11,0.00285139,0.02265679,False,0.026127,False
2020-03-02,RS01SLBS-MJ01A-06-PRESTA101,2,True,2020-03-02T00:00:00Z,2020-03-02T23:59:59Z,86400,86400,0,1.0,1.00053072,1.000000351,-0.00246668,0,0,0,0,-0.0,2.801033,20.925399,-3.239744e-11,0.002801032,0.02092539,False,0.024883,False
2020-03-03,RS01SLBS-MJ01A-06-PRESTA101,2,True,2020-03-03T00:00:00Z,2020-03-03T23:59:59Z,86400,86400,0,1.0,1.000531197,1.000000291,0.000198622,0,0,1,1,-0.0,2.799007,22.26125,-5.180339e-11,0.002799006,0.02226124,False,0.027229,False
2020-03-04,RS01SLBS-MJ01A-06-PRESTA101,2,True,2020-03-04T00:00:00Z,2020-03-04T23:59:59Z,86399,86399,0,1.0,1.000528812,1.000000288,0.001726978,0,0,22,22,0.0,3.005444,22.469486,3.254661e-11,0.003005443,0.02246948,False,0.027127,False
2020-03-05,RS01SLBS-MJ01A-06-PRESTA101,2,True,2020-03-05T00:00:00Z,2020-03-05T23:59:59Z,86400,86400,0,1.0,1.000528812,1.000000333,-0.001684992,0,0,0,0,0.0,2.780546,22.147299,1.416304e-12,0.002780545,0.02214729,False,0.026765,False
2020-03-06,RS01SLBS-MJ01A-06-PRESTA101,2,True,2020-03-06T00:00:00Z,2020-03-06T23:59:59Z,86400,86400,0,1.0,1.000564098,1.000000313,-0.002241399,0,0,0,0,0.0,2.814838,22.915925,7.770679e-12,0.002814838,0.02291592,False,0.026699,False
2020-03-07,RS01SLBS-MJ01A-06-PRESTA101,2,True,2020-03-07T00:00:00Z,2020-03-07T23:59:59Z,86400,86400,0,1.0,1.000531197,1.000000357,0.002017107,0,0,0,0,-0.0,2.874803,22.86648,-1.669243e-11,0.002874802,0.02286647,False,0.026713,False
2020-03-08,RS01SLBS-MJ01A-06-PRESTA101,2,True,2020-03-08T00:00:00Z,2020-03-08T23:59:59Z,86400,86400,0,1.0,1.000529289,1.000000322,-0.003710613,0,0,0,0,0.0,3.038536,22.391746,1.161399e-11,0.003038535,0.02239174,False,0.02418,False
2020-03-09,RS01SLBS-MJ01A-06-PRESTA101,2,True,2020-03-09T00:00:00Z,2020-03-09T23:59:59Z,86400,86400,0,1.0,1.000529289,1.000000284,-0.002032416,0,0,0,0,0.0,3.190744,22.614181,1.871514e-12,0.003190743,0.02261417,False,0.026746,False
2020-03-10,RS01SLBS-MJ01A-06-PRESTA101,2,True,2020-03-10T00:00:00Z,2020-03-10T23:59:59Z,86400,86400,0,1.0,1.000540733,1.000000328,-0.003154414,0,0,0,0,-0.0,3.008434,21.454329,-4.134185e-11,0.003008433,0.02145432,False,0.022803,False
2020-03-11,RS01SLBS-MJ01A-06-PRESTA101,2,True,2020-03-11T00:00:00Z,2020-03-11T23:59:59Z,86400,86400,0,1.0,1.000533104,1.000000389,-0.0043481,0,0,0,0,-0.0,3.254322,23.824442,-1.380557e-10,0.003254321,0.02382443,False,0.024826,False
2020-03-12,RS01SLBS-MJ01A-06-PRESTA101,2,True,2020-03-12T00:00:00Z,2020-03-12T23:59:59Z,86400,86400,0,1.0,1.000535965,1.000000325,-0.01341769,0,0,0,0,-0.0,2.878882,21.715043,-1.79915e-11,0.002878881,0.02171504,False,0.024946,False
2020-03-13,RS01SLBS-MJ01A-06-PRESTA101,2,True,2020-03-13T00:00:00Z,2020-03-13T23:59:59Z,86400,86400,0,1.0,1.000573158,1.000000321,0.002452021,0,0,0,0,0.0,2.806173,21.508619,5.819528e-11,0.002806172,0.02150861,False,0.025043,False
2020-03-14,RS01SLBS-MJ01A-06-PRESTA101,2,True,2020-03-14T00:00:00Z,2020-03-14T23:59:59Z,85643,86400,757,1.0,1.000534058,1.000000327,-0.000596173,1,757,1,757,0.0,2.858278,22.250245,8.275951e-12,0.002858277,0.02225024,False,0.404825,True
2020-03-15,RS01SLBS-MJ01A-06-PRESTA101,2,True,2020-03-15T00:00:00Z,2020-03-15T23:59:59Z,86400,86400,0,1.0,1.000535965,1.000000319,0.00145751,0,0,0,0,-0.0,2.97327,23.062381,-3.642641e-11,0.002973269,0.02306237,False,0.024049,False
2020-03-16,RS01SLBS-MJ01A-06-PRESTA101,2,True,2020-03-16T00:00:00Z,2020-03-16T23:59:59Z,86400,86400,0,1.0,1.000538826,1.000000263,0.000989069,0,0,0,0,-0.0,3.679649,24.59668,-5.696332e-11,0.003679648,0.02459667,False,0.024653,False
2020-03-17,RS01SLBS-MJ01A-06-PRESTA101,2,True,2020-03-17T00:00:00Z,2020-03-17T23:59:59Z,86400,86400,0,1.0,1.000524044,1.000000085,0.004803079,0,0,0,0,-0.0,7.483893,26.803142,-9.666193e-11,0.007483893,0.02680314,False,0.022955,False
2020-03-18,RS01SLBS-MJ01A-06-PRESTA101,2,True,2020-03-18T00:00:00Z,2020-03-18T23:59:59Z,86400,86400,0,1.0,1.000528812,1.000000363,0.003533203,0,0,0,0,-0.0,3.252068,24.11937,-1.278515e-11,0.003252066,0.02411936,False,0.022854,False
2020-03-19,RS01SLBS-MJ01A-06-PRESTA101,2,True,2020-03-19T00:00:00Z,2020-03-19T23:59:59Z,86400,86400,0,1.0,1.000525951,1.000000297,0.001198802,0,0,0,0,-0.0,3.004895,22.620894,-9.495545e-11,0.003004895,0.02262089,False,0.020579,False
2020-03-20,RS01SLBS-MJ01A-06-PRESTA101,2,True,2020-03-20T00:00:00Z,2020-03-20T23:59:59Z,86400,86400,0,1.0,1.000573158,1.000000306,-0.000478016,0,0,0,0,-0.0,2.992691,22.397468,-4.492331e-11,0.00299269,0.02239746,False,0.023351,False
2020-03-21,RS01SLBS-MJ01A-06-PRESTA101,2,True,2020-03-21T00:00:00Z,2020-03-21T23:59:59Z,86400,86400,0,1.0,1.000534058,1.000000278,0.002159766,0,0,0,0,-0.0,2.810756,21.869882,-7.423843e-11,0.002810755,0.02186988,False,0.026696,False
2020-03-22,RS01SLBS-MJ01A-06-PRESTA101,2,True,2020-03-22T00:00:00Z,2020-03-22T23:59:59Z,86400,86400,0,1.0,1.000535011,1.000000314,0.001629574,0,0,0,0,-0.0,3.509271,24.084308,-7.382608e-11,0.00350927,0.0240843,False,0.025431,False
2020-03-23,RS01SLBS-MJ01A-06-PRESTA101,2,True,2020-03-23T00:00:00Z,2020-03-23T23:59:59Z,86400,86400,0,1.0,1.000527859,1.000000311,-0.012221688,0,0,0,0,-0.0,2.814999,23.13123,-7.861731e-11,0.002814998,0.02313122,False,0.027246,False
2020-03-24,RS01SLBS-MJ01A-06-PRESTA101,2,True,2020-03-24T00:00:00Z,2020-03-24T23:59:59Z,86400,86400,0,1.0,1.000536442,1.000000307,0.002779492,0,0,0,0,-0.0,2.829217,22.672715,-5.584296e-11,0.002829216,0.02267271,False,0.026727,False
2020-03-25,RS01SLBS-MJ01A-06-PRESTA101,2,True,2020-03-25T00:00:00Z,2020-03-25T23:59:59Z,86400,86400,0,1.0,1.00053215,1.000000315,0.000606718,0,0,0,0,0.0,2.79285,22.32961,1.649612e-11,0.002792849,0.0223296,False,0.025397,False
2020-03-26,RS01SLBS-MJ01A-06-PRESTA101,2,True,2020-03-26T00:00:00Z,2020-03-26T23:59:59Z,86400,86400,0,1.0,1.000534058,1.000000319,-0.001352458,0,0,0,0,-0.0,2.859463,21.282844,-4.235825e-11,0.002859462,0.02128284,False,0.026032,False
2020-03-27,RS01SLBS-MJ01A-06-PRESTA101,2,True,2020-03-27T00:00:00Z,2020-03-27T23:59:59Z,86400,86400,0,1.0,1.000573158,1.000000293,-0.00098363,0,0,0,0,-0.0,3.060344,20.958451,-3.666113e-11,0.003060344,0.02095845,False,0.020506,False
2020-03-28,RS01SLBS-MJ01A-06-PRESTA101,2,True,2020-03-28T00:00:00Z,2020-03-28T23:59:59Z,85452,86400,948,1.0,1.000533104,1.00000036,0.002028108,2,948,2,948,-0.0,3.023521,22.989104,-7.431848e-11,0.00302352,0.0229891,False,0.495951,True
2020-03-29,RS01SLBS-MJ01A-06-PRESTA101,2,True,2020-03-29T00:00:00Z,2020-03-29T23:59:59Z,86400,86400,0,1.0,1.000534058,1.000000436,-0.005213398,0,0,0,0,-0.0,3.343853,22.538498,-7.698692e-12,0.003343851,0.02253849,False,0.027103,False
2020-03-30,RS01SLBS-MJ01A-06-PRESTA101,2,True,2020-03-30T00:00:00Z,2020-03-30T23:59:59Z,86400,86400,0,1.0,1.000527859,1.000000334,-0.006294711,0,0,0,0,-0.0,4.968698,24.647201,-2.674909e-11,0.004968696,0.02464719,False,0.024208,False
2020-03-31,RS01SLBS-MJ01A-06-PRESTA101,2,True,2020-03-31T00:00:00Z,2020-03-31T23:59:59Z,86400,86400,0,1.0,1.00052166,1.000000314,0.00397112,0,0,0,0,0.0,3.108666,21.495744,2.920676e-12,0.003108665,0.02149574,False,0.022479,False
2020-04-01,RS01SLBS-MJ01A-06-PRESTA101,2,True,2020-04-01T00:00:00Z,2020-04-01T23:59:59Z,86400,86400,0,1.0,1.000531197,1.000000306,-0.002849811,0,0,0,0,-0.0,3.005305,22.551928,-5.565776e-11,0.003005304,0.02255192,False,0.022506,False
2020-04-02,RS01SLBS-MJ01A-06-PRESTA101,2,True,2020-04-02T00:00:00Z,2020-04-02T23:59:59Z,86400,86400,0,1.0,1.000533104,1.000000258,0.00520763,0,0,0,0,-0.0,3.287373,23.765232,-4.170722e-11,0.003287372,0.02376523,False,0.026725,False
2020-04-03,RS01SLBS-MJ01A-06-PRESTA101,2,True,2020-04-03T00:00:00Z,2020-04-03T23:59:59Z,86400,86400,0,1.0,1.000566006,1.000000307,0.001458883,0,0,0,0,-0.0,2.791844,22.429577,-5.809311e-11,0.002791843,0.02242957,False,0.024128,False
2020-04-04,RS01SLBS-MJ01A-06-PRESTA101,2,True,2020-04-04T00:00:00Z,2020-04-04T23:59:59Z,86400,86400,0,1.0,1.00052309,1.000000341,-0.000220249,0,0,0,0,-0.0,3.044705,21.213,-1.288729e-11,0.003044704,0.02121299,False,0.026027,False
2020-04-05,RS01SLBS-MJ01A-06-PRESTA101,2,True,2020-04-05T00:00:00Z,2020-04-05T23:59:59Z,86400,86400,0,1.0,1.000521183,1.00000039,-0.009222786,0,0,0,0,-0.0,5.416803,28.355461,-1.049542e-10,0.0054168,0.02835545,False,0.026009,False
2020-04-06,RS01SLBS-MJ01A-06-PRESTA101,2,True,2020-04-06T00:00:00Z,2020-04-06T23:59:59Z,86400,86400,0,1.0,1.000533104,1.000000336,-0.003868273,0,0,0,0,-0.0,3.659436,24.310191,-4.480962e-11,0.003659435,0.02431018,False,0.024844,False
2020-04-07,RS01SLBS-MJ01A-06-PRESTA101,2,True,2020-04-07T00:00:00Z,2020-04-07T23:59:59Z,86400,86400,0,1.0,1.000528336,1.00000032,0.003200498,0,0,0,0,-0.0,2.788539,21.473861,-6.483956e-11,0.002788538,0.02147385,False,0.024072,False
2020-04-08,RS01SLBS-MJ01A-06-PRESTA101,2,True,2020-04-08T00:00:00Z,2020-04-08T23:59:59Z,86400,86400,0,1.0,1.000525951,1.000000327,-0.002982151,0,0,0,0,-0.0,2.797594,21.644594,-4.339931e-11,0.002797593,0.02164459,False,0.024873,False
2020-04-09,RS01SLBS-MJ01A-06-PRESTA101,2,True,2020-04-09T00:00:00Z,2020-04-09T23:59:59Z,86400,86400,0,1.0,1.000530243,1.000000336,9.2732e-05,0,0,0,0,-0.0,2.780986,22.840496,-6.987411e-11,0.002780985,0.02284049,False,0.025392,False
2020-04-10,RS01SLBS-MJ01A-06-PRESTA101,2,True,2020-04-10T00:00:00Z,2020-04-10T23:59:59Z,86399,86399,0,1.0,1.000570774,1.000000311,-0.000122091,0,0,15,15,0.0,2.81247,21.871358,6.146958e-11,0.002812469,0.02187135,False,0.023904,False
2020-04-11,RS01SLBS-MJ01A-06-PRESTA101,2,True,2020-04-11T00:00:00Z,2020-04-11T23:59:59Z,86400,86400,0,1.0,1.00053215,1.000000279,-0.002095273,0,0,0,0,-0.0,2.869137,22.033556,-5.976111e-11,0.002869137,0.02203355,False,0.026695,False
2020-04-12,RS01SLBS-MJ01A-06-PRESTA101,2,True,2020-04-12T00:00:00Z,2020-04-12T23:59:59Z,86400,86400,0,1.0,1.000518322,1.000000307,0.001952204,0,0,0,0,0.0,2.905154,22.004264,3.483557e-11,0.002905153,0.02200426,False,0.026741,False
2020-04-13,RS01SLBS-MJ01A-06-PRESTA101,2,True,2020-04-13T00:00:00Z,2020-04-13T23:59:59Z,86399,86400,1,1.0,1.000529289,1.000000318,0.002053692,1,1,1,1,-0.0,2.82725,22.704549,-1.018647e-12,0.002827249,0.02270454,False,0.025396,True
2020-04-14,RS01SLBS-MJ01A-06-PRESTA101,2,True,2020-04-14T00:00:00Z,2020-04-14T23:59:59Z,86400,86400,0,1.0,1.000535011,1.000000338,-0.001071944,0,0,0,0,-0.0,2.814472,22.473024,-5.136883e-11,0.002814471,0.02247302,False,0.024764,False
2020-04-15,RS01SLBS-MJ01A-06-PRESTA101,2,True,2020-04-15T00:00:00Z,2020-04-15T23:59:59Z,86400,86400,0,1.0,1.000535011,1.000000337,-0.001124422,0,0,0,0,-0.0,3.338931,23.234983,-2.630115e-11,0.00333893,0.02323497,False,0.024962,False
2020-04-16,RS01SLBS-MJ01A-06-PRESTA101,2,True,2020-04-16T00:00:00Z,2020-04-16T23:59:59Z,86400,86400,0,1.0,1.00053072,1.000000313,-0.001287209,0,0,0,0,-0.0,2.946261,22.587934,-8.224841e-12,0.00294626,0.02258793,False,0.025533,False
2020-04-17,RS01SLBS-MJ01A-06-PRESTA101,2,True,2020-04-17T00:00:00Z,2020-04-17T23:59:59Z,86400,86400,0,1.0,1.000566006,1.000000269,0.001811175,0,0,0,0,-0.0,2.821145,22.734837,-2.381307e-11,0.002821144,0.02273483,False,0.027104,False
2020-04-18,RS01SLBS-MJ01A-06-PRESTA101,2,True,2020-04-18T00:00:00Z,2020-04-18T23:59:59Z,86400,86400,0,1.0,1.000533104,1.000000306,0.001756012,0,0,0,0,0.0,2.80119,20.738188,2.88484e-11,0.00280119,0.02073818,False,0.020483,False
2020-04-19,RS01SLBS-MJ01A-06-PRESTA101,2,True,2020-04-19T00:00:00Z,2020-04-19T23:59:59Z,86400,86400,0,1.0,1.000538349,1.00000033,-0.000593324,0,0,0,0,-0.0,2.844263,22.009441,-4.247785e-11,0.002844262,0.02200943,False,0.024837,False
2020-04-20,RS01SLBS-MJ01A-06-PRESTA101,2,True,2020-04-20T00:00:00Z,2020-04-20T23:59:59Z,86400,86400,0,1.0,1.000529289,1.000000299,9.4458e-05,0,0,0,0,-0.0,2.932606,22.333871,-3.900521e-11,0.002932605,0.02233386,False,0.02724,False
2020-04-21,RS01SLBS-MJ01A-06-PRESTA101,2,True,2020-04-21T00:00:00Z,2020-04-21T23:59:59Z,86400,86400,0,1.0,1.000529766,1.000000318,-0.002178768,0,0,0,0,0.0,2.818659,22.133705,2.260699e-11,0.002818658,0.0221337,False,0.025372,False
2020-04-22,RS01SLBS-MJ01A-06-PRESTA101,2,True,2020-04-22T00:00:00Z,2020-04-22T23:59:59Z,86400,86400,0,1.0,1.000528812,1.00000029,0.001175498,0,0,0,0,-0.0,2.804895,22.917227,-4.734912e-11,0.002804894,0.02291722,False,0.025427,False
2020-04-23,RS01SLBS-MJ01A-06-PRESTA101,2,True,2020-04-23T00:00:00Z,2020-04-23T23:59:59Z,86400,86400,0,1.0,1.000525951,1.000000291,0.003379728,0,0,0,0,-0.0,2.85208,22.072156,-4.899895e-11,0.002852079,0.02207215,False,0.027346,False
2020-04-24,RS01SLBS-MJ01A-06-PRESTA101,2,True,2020-04-24T00:00:00Z,2020-04-24T23:59:59Z,86400,86400,0,1.0,1.000572681,1.00000027,-2.6122e-05,0,0,0,0,-0.0,2.80663,22.31802,-7.496044e-11,0.002806629,0.02231801,False,0.023853,False
2020-04-25,RS01SLBS-MJ01A-06-PRESTA101,2,True,2020-04-25T00:00:00Z,2020-04-25T23:59:59Z,86400,86400,0,1.0,1.000529289,1.00000032,0.002464261,0,0,0,0,0.0,3.261,23.492277,7.080179e-11,0.003260999,0.02349227,False,0.02075,False
2020-04-26,RS01SLBS-MJ01A-06-PRESTA101,2,True,2020-04-26T00:00:00Z,2020-04-26T23:59:59Z,86395,86400,5,1.0,1.000537872,1.000000409,-0.002351056,1,5,1,5,0.0,3.101729,23.242433,5.325623e-11,0.003101728,0.02324242,False,0.026381,True
2020-04-27,RS01SLBS-MJ01A-06-PRESTA101,2,True,2020-04-27T00:00:00Z,2020-04-27T23:59:59Z,86400,86400,0,1.0,1.000531673,1.000000261,8.8249e-05,0,0,0,0,-0.0,2.882658,22.289969,-7.035394e-11,0.002882657,0.02228996,False,0.026135,False
2020-04-28,RS01SLBS-MJ01A-06-PRESTA101,2,True,2020-04-28T00:00:00Z,2020-04-28T23:59:59Z,86400,86400,0,1.0,1.00052309,1.000000325,3.9729e-05,0,0,0,0,-0.0,2.774794,21.540705,-1.158343e-11,0.002774793,0.0215407,False,0.023659,False
2020-04-29,RS01SLBS-MJ01A-06-PRESTA101,2,True,2020-04-29T00:00:00Z,2020-04-29T23:59:59Z,86400,86400,0,1.0,1.000518799,1.00000035,0.00259367,0,0,0,0,-0.0,2.843253,23.891537,-3.119902e-12,0.002843252,0.02389153,False,0.025497,False
2020-04-30,RS01SLBS-MJ01A-06-PRESTA101,2,True,2020-04-30T00:00:00Z,2020-04-30T23:59:59Z,86400,86400,0,1.0,1.000519753,1.000000349,-0.006479201,0,0,0,0,-0.0,4.818976,26.578519,-5.320827e-11,0.004818974,0.02657851,False,0.021063,False
2020-05-01,RS01SLBS-MJ01A-06-PRESTA101,2,True,2020-05-01T00:00:00Z,2020-05-01T23:59:59Z,86400,86400,0,1.0,1.000567913,1.000000279,-0.016256183,0,0,0,0,-0.0,4.824251,25.965783,-4.84094e-12,0.00482425,0.02596578,False,0.023754,False
2020-05-02,RS01SLBS-MJ01A-06-PRESTA101,2,True,2020-05-02T00:00:00Z,2020-05-02T23:59:59Z,86400,86400,0,1.0,1.000524044,1.00000048,0.001061391,0,0,0,0,-0.0,8.170543,31.417733,-6.295256e-11,0.008170539,0.03141772,False,0.02678,False
2020-05-03,RS01SLBS-MJ01A-06-PRESTA101,2,True,2020-05-03T00:00:00Z,2020-05-03T23:59:59Z,86400,86400,0,1.0,1.000522137,1.000000429,-0.008481975,0,0,0,0,-0.0,3.799871,23.264367,-1.816245e-11,0.00379987,0.02326436,False,0.024718,False
2020-05-04,RS01SLBS-MJ01A-06-PRESTA101,2,True,2020-05-04T00:00:00Z,2020-05-04T23:59:59Z,83323,86400,3077,1.0,1.000518322,1.000000338,-0.002543824,36,3077,36,3077,0.0,3.106509,23.666417,3.247161e-12,0.003106508,0.02366641,False,0.473185,True
2020-05-05,RS01SLBS-MJ01A-06-PRESTA101,2,False,,,0,0,,1.0,,,,,,,,,,,,,,,,False
2020-05-06,RS01SLBS-MJ01A-06-PRESTA101,2,True,2020-05-06T00:00:00Z,2020-05-06T23:59:59Z,86305,86400,95,1.0,1.000524998,1.000000394,3.4806e-05,12,95,12,95,-0.0,3.471003,24.840891,-8.593414e-12,0.003471001,0.02484088,False,0.026568,True
2020-05-07,RS01SLBS-MJ01A-06-PRESTA101,2,True,2020-05-07T00:00:00Z,2020-05-07T23:59:59Z,86400,86400,0,1.0,1.00053215,1.000000349,0.000876471,0,0,0,0,-0.0,2.99101,21.749674,-5.603926e-11,0.002991009,0.02174967,False,0.020615,False
2020-05-08,RS01SLBS-MJ01A-06-PRESTA101,2,True,2020-05-08T00:00:00Z,2020-05-08T23:59:59Z,86400,86400,0,1.0,1.000568867,1.000000341,0.000188433,0,0,0,0,0.0,2.875585,23.098153,5.950653e-11,0.002875584,0.02309815,False,0.027415,False
2020-05-09,RS01SLBS-MJ01A-06-PRESTA101,2,True,2020-05-09T00:00:00Z,2020-05-09T05:15:48Z,18949,18949,0,1.0,1.000542164,1.000000258,-0.001519508,0,0,0,0,0.0,2.774208,21.767313,8.868869e-13,0.002774207,0.02176731,False,0.02237,False
2020-05-10,RS01SLBS-MJ01A-06-PRESTA101,2,False,,,0,0,,1.0,,,,,,,,,,,,,,,,False
2020-05-11,RS01SLBS-MJ01A-06-PRESTA101,2,False,,,0,0,,1.0,,,,,,,,,,,,,,,,False
2020-05-12,RS01SLBS-MJ01A-06-PRESTA101,2,False,,,0,0,,1.0,,,,,,,,,,,,,,,,False
2020-05-13,RS01SLBS-MJ01A-06-PRESTA101,2,False,,,0,0,,1.0,,,,,,,,,,,,,,,,False
2020-05-14,RS01SLBS-MJ01A-06-PRESTA101,2,False,,,0,0,,1.0,,,,,,,,,,,,,,,,False
2020-05-15,RS01SLBS-MJ01A-06-PRESTA101,2,False,,,0,0,,1.0,,,,,,,,,,,,,,,,False
2020-05-16,RS01SLBS-MJ01A-06-PRESTA101,2,False,,,0,0,,1.0,,,,,,,,,,,,,,,,False
2020-05-17,RS01SLBS-MJ01A-06-PRESTA101,2,False,,,0,0,,1.0,,,,,,,,,,,,,,,,False
2020-05-18,RS01SLBS-MJ01A-06-PRESTA101,2,False,,,0,0,,1.0,,,,,,,,,,,,,,,,False
2020-05-19,RS01SLBS-MJ01A-06-PRESTA101,2,False,,,0,0,,1.0,,,,,,,,,,,,,,,,False
2020-05-20,RS01SLBS-MJ01A-06-PRESTA101,2,False,,,0,0,,1.0,,,,,,,,,,,,,,,,False
2020-05-21,RS01SLBS-MJ01A-06-PRESTA101,2,False,,,0,0,,1.0,,,,,,,,,,,,,,,,False
2020-05-22,RS01SLBS-MJ01A-06-PRESTA101,2,False,,,0,0,,1.0,,,,,,,,,,,,,,,,False
2020-05-23,RS01SLBS-MJ01A-06-PRESTA101,2,False,,,0,0,,1.0,,,,,,,,,,,,,,,,False
2020-05-24,RS01SLBS-MJ01A-06-PRESTA101,2,False,,,0,0,,1.0,,,,,,,,,,,,,,,,False
2020-05-25,RS01SLBS-MJ01A-06-PRESTA101,2,False,,,0,0,,1.0,,,,,,,,,,,,,,,,False
2020-05-26,RS01SLBS-MJ01A-06-PRESTA101,2,False,,,0,0,,1.0,,,,,,,,,,,,,,,,False
2020-05-27,RS01SLBS-MJ01A-06-PRESTA101,2,False,,,0,0,,1.0,,,,,,,,,,,,,,,,False
2020-05-28,RS01SLBS-MJ01A-06-PRESTA101,2,False,,,0,0,,1.0,,,,,,,,,,,,,,,,False
2020-05-29,RS01SLBS-MJ01A-06-PRESTA101,2,False,,,0,0,,1.0,,,,,,,,,,,,,,,,False
2020-05-30,RS01SLBS-MJ01A-06-PRESTA101,2,False,,,0,0,,1.0,,,,,,,,,,,,,,,,False
2020-05-31,RS01SLBS-MJ01A-06-PRESTA101,2,False,,,0,0,,1.0,,,,,,,,,,,,,,,,False
2020-06-01,RS01SLBS-MJ01A-06-PRESTA101,2,True,2020-06-01T18:51:42Z,2020-06-01T23:59:59Z,18474,18498,24,1.0,1.000537872,1.000000524,0.001665233,1,24,1,24,0.0,2.863613,22.883664,4.864625e-12,0.002863612,0.02288365,False,0.026108,True
2020-06-02,RS01SLBS-MJ01A-06-PRESTA101,2,True,2020-06-02T00:00:00Z,2020-06-02T23:59:59Z,86299,86400,101,1.0,1.000529289,1.000000293,0.002486265,1,101,1,101,-0.0,3.213112,23.829652,-6.44891e-11,0.003213111,0.02382965,False,0.050803,True
2020-06-03,RS01SLBS-MJ01A-06-PRESTA101,2,True,2020-06-03T00:00:00Z,2020-06-03T23:59:59Z,86400,86400,0,1.0,1.000537395,1.000000285,-0.000155076,0,0,0,0,-0.0,2.894492,23.457319,-6.606246e-11,0.002894491,0.02345731,False,0.024172,False
2020-06-04,RS01SLBS-MJ01A-06-PRESTA101,2,True,2020-06-04T00:00:00Z,2020-06-04T23:59:59Z,86400,86400,0,1.0,1.000533104,1.000000325,-0.002140172,0,0,0,0,-0.0,2.849422,21.89969,-2.966838e-11,0.002849421,0.02189968,False,0.024855,False
2020-06-05,RS01SLBS-MJ01A-06-PRESTA101,2,True,2020-06-05T00:00:00Z,2020-06-05T23:59:59Z,86400,86400,0,1.0,1.000525951,1.000000304,7.0938e-05,0,0,0,0,-0.0,2.952664,22.526374,-1.297409e-10,0.002952663,0.02252637,False,0.024137,False
2020-06-06,RS01SLBS-MJ01A-06-PRESTA101,2,True,2020-06-06T00:00:00Z,2020-06-06T23:59:59Z,86400,86400,0,1.0,1.000529289,1.000000334,0.0009394,0,0,0,0,0.0,2.812204,22.514959,7.174654e-11,0.002812203,0.02251495,False,0.026673,False
2020-06-07,RS01SLBS-MJ01A-06-PRESTA101,2,True,2020-06-07T00:00:00Z,2020-06-07T23:59:59Z,86400,86400,0,1.0,1.000530243,1.000000331,0.001093709,0,0,0,0,-0.0,2.843835,22.70075,-5.951647e-12,0.002843834,0.02270074,False,0.026699,False
2020-06-08,RS01SLBS-MJ01A-06-PRESTA101,2,True,2020-06-08T00:00:00Z,2020-06-08T23:59:59Z,85868,86400,532,1.0,1.000562668,1.000000311,0.002819973,1,532,1,532,-0.0,2.813071,22.228464,-8.264573e-11,0.00281307,0.02222846,False,0.300227,True
2020-06-09,RS01SLBS-MJ01A-06-PRESTA101,2,True,2020-06-09T00:00:00Z,2020-06-09T23:59:59Z,86400,86400,0,1.0,1.00053215,1.000000316,-0.016124859,0,0,0,0,-0.0,2.935624,22.514754,-3.42517e-11,0.002935623,0.02251475,False,0.024036,False
2020-06-10,RS01SLBS-MJ01A-06-PRESTA101,2,True,2020-06-10T00:00:00Z,2020-06-10T23:59:59Z,86400,86400,0,1.0,1.000535965,1.000000334,-0.001652638,0,0,0,0,-0.0,2.799207,22.224029,-1.715341e-12,0.002799206,0.02222402,False,0.024108,False
2020-06-11,RS01SLBS-MJ01A-06-PRESTA101,2,True,2020-06-11T00:00:00Z,2020-06-11T23:59:59Z,86400,86400,0,1.0,1.00053215,1.000000325,0.000968062,0,0,0,0,-0.0,2.852736,23.307156,-3.485546e-11,0.002852735,0.02330715,False,0.026745,False
2020-06-12,RS01SLBS-MJ01A-06-PRESTA101,2,True,2020-06-12T00:00:00Z,2020-06-12T23:59:59Z,86400,86400,0,1.0,1.00053215,1.000000279,0.000438738,0,0,0,0,-0.0,2.981353,23.276642,-9.881356e-11,0.002981352,0.02327664,False,0.027276,False
2020-06-13,RS01SLBS-MJ01A-06-PRESTA101,2,True,2020-06-13T00:00:00Z,2020-06-13T23:59:59Z,86400,86400,0,1.0,1.00053072,1.000000284,0.002898869,0,0,0,0,-0.0,3.178818,22.604037,-1.576786e-11,0.003178817,0.02260403,False,0.022961,False
2020-06-14,RS01SLBS-MJ01A-06-PRESTA101,2,True,2020-06-14T00:00:00Z,2020-06-14T23:59:59Z,86400,86400,0,1.0,1.00053215,1.000000312,-0.00066052,0,0,0,0,0.0,2.82856,22.661399,2.680093e-11,0.002828559,0.02266139,False,0.024834,False
2020-06-15,RS01SLBS-MJ01A-06-PRESTA101,2,True,2020-06-15T00:00:00Z,2020-06-15T23:59:59Z,86400,86400,0,1.0,1.000572681,1.000000306,-0.000953138,0,0,0,0,-0.0,2.797772,20.781524,-5.0641e-11,0.002797771,0.02078152,False,0.022547,False
2020-06-16,RS01SLBS-MJ01A-06-PRESTA101,2,True,2020-06-16T00:00:00Z,2020-06-16T23:59:59Z,86400,86400,0,1.0,1.000535965,1.000000318,-0.000536705,0,0,0,0,-0.0,3.447566,25.17436,-7.112743e-13,0.003447565,0.02517435,False,0.024127,False
2020-06-17,RS01SLBS-MJ01A-06-PRESTA101,2,True,2020-06-17T00:00:00Z,2020-06-17T23:59:59Z,86400,86400,0,1.0,1.000537395,1.000000318,-0.0021682,0,0,2,2,-0.0,2.892505,21.909345,-5.777344e-11,0.002892504,0.02190934,False,0.027321,False
2020-06-18,RS01SLBS-MJ01A-06-PRESTA101,2,True,2020-06-18T00:00:00Z,2020-06-18T23:59:59Z,86399,86399,0,1.0,1.00053978,1.000000309,0.00192631,0,0,24,24,-0.0,2.886428,21.512382,-3.485347e-11,0.002886427,0.02151238,False,0.022452,False
2020-06-19,RS01SLBS-MJ01A-06-PRESTA101,2,True,2020-06-19T00:00:00Z,2020-06-19T23:59:59Z,86400,86400,0,1.0,1.000533104,1.000000341,0.001066195,0,0,0,0,0.0,2.921888,21.016397,4.250029e-12,0.002921887,0.02101639,False,0.024763,False
2020-06-20,RS01SLBS-MJ01A-06-PRESTA101,2,True,2020-06-20T00:00:00Z,2020-06-20T23:59:59Z,86400,86400,0,1.0,1.000531673,1.000000274,0.003558067,0,0,0,0,-0.0,2.842725,21.489496,-5.056467e-11,0.002842724,0.02148949,False,0.023449,False
2020-06-21,RS01SLBS-MJ01A-06-PRESTA101,2,True,2020-06-21T00:00:00Z,2020-06-21T23:59:59Z,86400,86400,0,1.0,1.000528812,1.000000338,0.001627563,0,0,0,0,-0.0,2.791012,21.21504,-4.942578e-11,0.002791011,0.02121503,False,0.022428,False
2020-06-22,RS01SLBS-MJ01A-06-PRESTA101,2,True,2020-06-22T00:00:00Z,2020-06-22T23:59:59Z,86400,86400,0,1.0,1.00056982,1.000000337,-0.002770741,0,0,0,0,-0.0,2.90041,22.235369,-7.51982e-12,0.002900409,0.02223536,False,0.026761,False
2020-06-23,RS01SLBS-MJ01A-06-PRESTA101,2,True,2020-06-23T00:00:00Z,2020-06-23T23:59:59Z,86400,86400,0,1.0,1.000533104,1.000000338,-0.00110791,0,0,0,0,-0.0,3.07396,20.972985,-8.771585e-11,0.003073959,0.02097298,False,0.021073,False
2020-06-24,RS01SLBS-MJ01A-06-PRESTA101,2,True,2020-06-24T00:00:00Z,2020-06-24T23:59:59Z,86400,86400,0,1.0,1.000527382,1.000000318,-0.000665303,0,0,0,0,-0.0,2.875403,22.956535,-3.151161e-11,0.002875402,0.02295653,False,0.027393,False
2020-06-25,RS01SLBS-MJ01A-06-PRESTA101,2,True,2020-06-25T00:00:00Z,2020-06-25T23:59:59Z,86400,86400,0,1.0,1.00053072,1.00000031,0.000240851,0,0,0,0,-0.0,2.854944,22.309726,-7.60703e-11,0.002854943,0.02230972,False,0.026756,False
2020-06-26,RS01SLBS-MJ01A-06-PRESTA101,2,True,2020-06-26T00:00:00Z,2020-06-26T23:59:59Z,86400,86400,0,1.0,1.000534058,1.000000323,0.000408991,0,0,0,0,-0.0,2.78969,22.449982,-2.91177e-11,0.002789689,0.02244997,False,0.026985,False
2020-06-27,RS01SLBS-MJ01A-06-PRESTA101,2,True,2020-06-27T00:00:00Z,2020-06-27T23:59:59Z,86400,86400,0,1.0,1.000524998,1.000000299,-0.000563733,0,0,0,0,-0.0,2.809777,22.366279,-4.832539e-11,0.002809776,0.02236627,False,0.024305,False
2020-06-28,RS01SLBS-MJ01A-06-PRESTA101,2,True,2020-06-28T00:00:00Z,2020-06-28T23:59:59Z,86400,86400,0,1.0,1.000529289,1.000000325,-0.001541128,0,0,0,0,-0.0,3.282003,22.378687,-3.614965e-11,0.003282001,0.02237868,False,0.026153,False
2020-06-29,RS01SLBS-MJ01A-06-PRESTA101,2,True,2020-06-29T00:00:00Z,2020-06-29T23:59:59Z,86400,86400,0,1.0,1.000566959,1.00000031,-0.00438878,0,0,0,0,-0.0,2.88848,22.007113,-8.956724e-12,0.002888479,0.02200711,False,0.020819,False
2020-06-30,RS01SLBS-MJ01A-06-PRESTA101,2,True,2020-06-30T00:00:00Z,2020-06-30T23:59:59Z,86400,86400,0,1.0,1.000531197,1.00000031,-0.002372214,0,0,0,0,0.0,2.850709,22.491383,6.770175e-12,0.002850708,0.02249138,False,0.024823,False
2020-07-01,RS01SLBS-MJ01A-06-PRESTA101,2,True,2020-07-01T00:00:00Z,2020-07-01T23:59:59Z,86400,86400,0,1.0,1.00052166,1.000000266,0.003296221,0,0,0,0,-0.0,3.179311,25.151131,-1.234834e-10,0.00317931,0.02515112,False,0.026768,False
2020-07-02,RS01SLBS-MJ01A-06-PRESTA101,2,True,2020-07-02T00:00:00Z,2020-07-02T23:59:59Z,86400,86400,0,1.0,1.000523567,1.000000257,0.000486045,0,0,0,0,-0.0,2.950611,22.031734,-5.848985e-11,0.00295061,0.02203173,False,0.023458,False
2020-07-03,RS01SLBS-MJ01A-06-PRESTA101,2,True,2020-07-03T00:00:00Z,2020-07-03T23:59:59Z,86400,86400,0,1.0,1.00052166,1.000000292,0.006892091,0,0,0,0,-0.0,4.302809,25.698927,-7.878285e-11,0.004302808,0.02569892,False,0.024873,False
2020-07-04,RS01SLBS-MJ01A-06-PRESTA101,2,True,2020-07-04T00:00:00Z,2020-07-04T23:59:59Z,86400,86400,0,1.0,1.000522137,1.000000331,-0.001662873,0,0,0,0,-0.0,2.967996,22.456988,-2.8898e-11,0.002967995,0.02245698,False,0.024942,False
2020-07-05,RS01SLBS-MJ01A-06-PRESTA101,2,True,2020-07-05T00:00:00Z,2020-07-05T23:59:59Z,86400,86400,0,1.0,1.000521183,1.000000293,-0.000596893,0,0,0,0,0.0,2.792457,22.81469,2.068948e-11,0.002792457,0.02281468,False,0.026139,False
2020-07-06,RS01SLBS-MJ01A-06-PRESTA101,2,True,2020-07-06T00:00:00Z,2020-07-06T23:59:59Z,86400,86400,0,1.0,1.000567913,1.000000327,-0.00021566,0,0,0,0,-0.0,2.799773,21.41397,-4.66078e-11,0.002799772,0.02141396,False,0.024415,False
2020-07-07,RS01SLBS-MJ01A-06-PRESTA101,2,True,2020-07-07T00:00:00Z,2020-07-07T23:59:59Z,86400,86400,0,1.0,1.000522137,1.000000254,0.000852812,0,0,0,0,-0.0,2.945752,20.975248,-3.915456e-11,0.002945751,0.02097524,False,0.020989,False
2020-07-08,RS01SLBS-MJ01A-06-PRESTA101,2,True,2020-07-08T00:00:00Z,2020-07-08T23:59:59Z,86400,86400,0,1.0,1.000525951,1.0000003,0.001990012,0,0,0,0,-0.0,2.812221,23.307727,-6.348869e-11,0.00281222,0.02330772,False,0.025444,False
2020-07-09,RS01SLBS-MJ01A-06-PRESTA101,2,True,2020-07-09T00:00:00Z,2020-07-09T23:59:59Z,86400,86400,0,1.0,1.000524044,1.000000311,-0.00049428,0,0,0,0,-0.0,3.092282,22.253143,-1.900555e-11,0.003092281,0.02225314,False,0.02302,False
2020-07-10,RS01SLBS-MJ01A-06-PRESTA101,2,True,2020-07-10T00:00:00Z,2020-07-10T23:59:59Z,86400,86400,0,1.0,1.000518799,1.000000415,-0.003114596,0,0,0,0,-0.0,3.10918,21.854698,-4.5615e-11,0.003109179,0.02185469,False,0.022823,False
2020-07-11,RS01SLBS-MJ01A-06-PRESTA101,2,True,2020-07-11T00:00:00Z,2020-07-11T23:59:59Z,86400,86400,0,1.0,1.000526905,1.000000221,-0.002243467,0,0,0,0,-0.0,3.588632,24.825862,-1.514564e-10,0.003588632,0.02482586,False,0.025346,False
2020-07-12,RS01SLBS-MJ01A-06-PRESTA101,2,True,2020-07-12T00:00:00Z,2020-07-12T23:59:59Z,86400,86400,0,1.0,1.000530243,1.000000299,-0.002871768,0,0,0,0,0.0,2.828417,22.426659,1.171429e-11,0.002828416,0.02242665,False,0.024263,False
2020-07-13,RS01SLBS-MJ01A-06-PRESTA101,2,True,2020-07-13T00:00:00Z,2020-07-13T23:59:59Z,86400,86400,0,1.0,1.000568867,1.00000032,0.001150966,0,0,0,0,-0.0,3.791548,27.538276,-8.117759e-11,0.003791546,0.02753827,False,0.024373,False
2020-07-14,RS01SLBS-MJ01A-06-PRESTA101,2,False,,,0,0,,1.0,,,,,,,,,,,,,,,,False
2020-07-15,RS01SLBS-MJ01A-06-PRESTA101,2,False,,,0,0,,1.0,,,,,,,,,,,,,,,,False
2020-07-16,RS01SLBS-MJ01A-06-PRESTA101,2,False,,,0,0,,1.0,,,,,,,,,,,,,,,,False
2020-07-17,RS01SLBS-MJ01A-06-PRESTA101,2,False,,,0,0,,1.0,,,,,,,,,,,,,,,,False
2020-07-18,RS01SLBS-MJ01A-06-PRESTA101,2,False,,,0,0,,1.0,,,,,,,,,,,,,,,,False
2020-07-19,RS01SLBS-MJ01A-06-PRESTA101,2,False,,,0,0,,1.0,,,,,,,,,,,,,,,,False
2020-07-20,RS01SLBS-MJ01A-06-PRESTA101,2,False,,,0,0,,1.0,,,,,,,,,,,,,,,,False
2020-07-21,RS01SLBS-MJ01A-06-PRESTA101,2,False,,,0,0,,1.0,,,,,,,,,,,,,,,,False
2020-07-22,RS01SLBS-MJ01A-06-PRESTA101,2,False,,,0,0,,1.0,,,,,,,,,,,,,,,,False
2020-07-23,RS01SLBS-MJ01A-06-PRESTA101,2,False,,,0,0,,1.0,,,,,,,,,,,,,,,,False
2020-07-24,RS01SLBS-MJ01A-06-PRESTA101,2,False,,,0,0,,1.0,,,,,,,,,,,,,,,,False
2020-07-25,RS01SLBS-MJ01A-06-PRESTA101,2,False,,,0,0,,1.0,,,,,,,,,,,,,,,,False
2020-07-26,RS01SLBS-MJ01A-06-PRESTA101,2,False,,,0,0,,1.0,,,,,,,,,,,,,,,,False
2020-07-27,RS01SLBS-MJ01A-06-PRESTA101,2,False,,,0,0,,1.0,,,,,,,,,,,,,,,,False
2020-07-28,RS01SLBS-MJ01A-06-PRESTA101,2,False,,,0,0,,1.0,,,,,,,,,,,,,,,,False
2020-07-29,RS01SLBS-MJ01A-06-PRESTA101,2,False,,,0,0,,1.0,,,,,,,,,,,,,,,,False
2020-07-30,RS01SLBS-MJ01A-06-PRESTA101,2,False,,,0,0,,1.0,,,,,,,,,,,,,,,,False
2020-07-31,RS01SLBS-MJ01A-06-PRESTA101,2,False,,,0,0,,1.0,,,,,,,,,,,,,,,,False
2020-08-01,RS01SLBS-MJ01A-06-PRESTA101,2,False,,,0,0,,1.0,,,,,,,,,,,,,,,,False
2020-08-02,RS01SLBS-MJ01A-06-PRESTA101,2,False,,,0,0,,1.0,,,,,,,,,,,,,,,,False
2020-08-03,RS01SLBS-MJ01A-06-PRESTA101,2,False,,,0,0,,1.0,,,,,,,,,,,,,,,,False
2020-08-04,RS01SLBS-MJ01A-06-PRESTA101,2,False,,,0,0,,1.0,,,,,,,,,,,,,,,,False
2020-08-05,RS01SLBS-MJ01A-06-PRESTA101,2,False,,,0,0,,1.0,,,,,,,,,,,,,,,,False
2020-08-06,RS01SLBS-MJ01A-06-PRESTA101,2,False,,,0,0,,1.0,,,,,,,,,,,,,,,,False
2020-08-07,RS01SLBS-MJ01A-06-PRESTA101,2,False,,,0,0,,1.0,,,,,,,,,,,,,,,,False
2020-08-08,RS01SLBS-MJ01A-06-PRESTA101,2,False,,,0,0,,1.0,,,,,,,,,,,,,,,,False
2020-08-09,RS01SLBS-MJ01A-06-PRESTA101,2,False,,,0,0,,1.0,,,,,,,,,,,,,,,,False
2020-08-10,RS01SLBS-MJ01A-06-PRESTA101,2,False,,,0,0,,1.0,,,,,,,,,,,,,,,,False
2020-08-11,RS01SLBS-MJ01A-06-PRESTA101,2,False,,,0,0,,1.0,,,,,,,,,,,,,,,,False
2020-08-12,RS01SLBS-MJ01A-06-PRESTA101,2,False,,,0,0,,1.0,,,,,,,,,,,,,,,,False
2020-08-13,RS01SLBS-MJ01A-06-PRESTA101,2,False,,,0,0,,1.0,,,,,,,,,,,,,,,,False
2020-08-14,RS01SLBS-MJ01A-06-PRESTA101,2,False,,,0,0,,1.0,,,,,,,,,,,,,,,,False
2020-08-15,RS01SLBS-MJ01A-06-PRESTA101,2,False,,,0,0,,1.0,,,,,,,,,,,,,,,,False
2020-08-16,RS01SLBS-MJ01A-06-PRESTA101,2,False,,,0,0,,1.0,,,,,,,,,,,,,,,,False
2020-08-17,RS01SLBS-MJ01A-06-PRESTA101,2,True,2020-08-17T00:00:00Z,2020-08-17T23:59:59Z,86400,86400,0,1.0,1.000566006,1.000000307,0.001229307,0,0,0,0,0.0,3.211704,21.297723,1.718517e-11,0.003211703,0.02129772,False,0.026451,False
2020-08-18,RS01SLBS-MJ01A-06-PRESTA101,2,True,2020-08-18T00:00:00Z,2020-08-18T01:23:19Z,5000,5000,0,1.0,1.000540257,1.000000243,0.000687936,0,0,0,0,-0.0,2.805626,22.3171,-1.788772e-12,0.002805625,0.02231709,False,0.022932,False
2020-08-19,RS01SLBS-MJ01A-06-PRESTA101,2,False,,,0,0,,1.0,,,,,,,,,,,,,,,,False
2020-08-20,RS01SLBS-MJ01A-06-PRESTA101,2,True,2020-08-20T20:43:49Z,2020-08-20T23:59:59Z,11652,11771,119,1.0,1.000510693,1.000000481,0.000808686,2,119,2,119,-0.0,2.801747,16.143258,-8.554593e-12,0.002801746,0.01614325,False,0.051834,True
2020-08-21,RS01SLBS-MJ01A-06-PRESTA101,2,True,2020-08-21T00:00:00Z,2020-08-21T23:59:59Z,86400,86400,0,1.0,1.000529766,1.000000273,-0.000601608,0,0,0,0,-0.0,3.076609,23.310694,-5.471517e-12,0.003076608,0.02331069,False,0.026068,False
2020-08-22,RS01SLBS-MJ01A-06-PRESTA101,2,True,2020-08-22T00:00:00Z,2020-08-22T23:59:59Z,86400,86400,0,1.0,1.000528812,1.000000287,0.00543284,0,0,0,0,-0.0,2.934846,21.8857,-4.431148e-11,0.002934845,0.02188569,False,0.0236,False
2020-08-23,RS01SLBS-MJ01A-06-PRESTA101,2,True,2020-08-23T00:00:00Z,2020-08-23T23:59:59Z,86400,86400,0,1.0,1.000524044,1.000000289,0.004679942,0,0,0,0,-0.0,2.971262,22.994985,-8.881919e-11,0.002971261,0.02299498,False,0.0255,False
2020-08-24,RS01SLBS-MJ01A-06-PRESTA101,2,True,2020-08-24T00:00:00Z,2020-08-24T23:59:59Z,86400,86400,0,1.0,1.00052309,1.000000334,0.001895987,0,0,0,0,-0.0,2.799198,22.582862,-6.08332e-11,0.002799197,0.02258285,False,0.024168,False
2020-08-25,RS01SLBS-MJ01A-06-PRESTA101,2,True,2020-08-25T00:00:00Z,2020-08-25T14:57:35Z,53856,53856,0,1.0,1.00053215,1.000000336,-0.001010916,0,0,0,0,0.0,2.915589,21.978505,1.923938e-11,0.002915588,0.0219785,False,0.024811,False
2020-08-26,RS01SLBS-MJ01A-06-PRESTA101,2,True,2020-08-26T16:14:19Z,2020-08-26T23:59:59Z,27929,27941,12,1.0,1.000524998,1.000000515,0.004305553,1,12,1,12,-0.0,2.800079,22.896721,-2.286898e-11,0.002800078,0.02289671,False,0.022356,True
2020-08-27,RS01SLBS-MJ01A-06-PRESTA101,2,True,2020-08-27T00:00:00Z,2020-08-27T23:59:59Z,86400,86400,0,1.0,1.000525951,1.000000291,-0.002678173,0,0,0,0,0.0,3.265132,22.245475,1.064904e-10,0.003265131,0.02224547,False,0.023639,False
2020-08-28,RS01SLBS-MJ01A-06-PRESTA101,2,True,2020-08-28T00:00:00Z,2020-08-28T23:59:59Z,85859,86400,541,1.0,1.000524998,1.000000308,0.000621901,1,541,1,541,0.0,2.890688,22.981521,1.070412e-12,0.002890687,0.02298151,False,0.282326,True
2020-08-29,RS01SLBS-MJ01A-06-PRESTA101,2,True,2020-08-29T00:00:00Z,2020-08-29T23:59:59Z,86400,86400,0,1.0,1.00053072,1.000000337,5.3749e-05,0,0,0,0,0.0,3.262826,23.275447,1.815923e-11,0.003262825,0.02327544,False,0.026646,False
2020-08-30,RS01SLBS-MJ01A-06-PRESTA101,2,True,2020-08-30T00:00:00Z,2020-08-30T23:59:59Z,86400,86400,0,1.0,1.000524044,1.000000347,-0.004622994,0,0,0,0,-0.0,3.382483,23.047333,-4.01179e-11,0.003382482,0.02304732,False,0.023005,False
2020-08-31,RS01SLBS-MJ01A-06-PRESTA101,2,True,2020-08-31T00:00:00Z,2020-08-31T23:59:59Z,86400,86400,0,1.0,1.000525951,1.000000296,0.001674593,0,0,10,10,-0.0,3.281326,22.634328,-2.139578e-11,0.003281325,0.02263432,False,0.025283,False
2020-09-01,RS01SLBS-MJ01A-06-PRESTA101,2,True,2020-09-01T00:00:00Z,2020-09-01T23:59:59Z,86399,86399,0,1.0,1.00053215,1.000000281,0.004134022,0,0,5,5,0.0,3.580963,24.292789,3.321528e-11,0.003580962,0.02429278,False,0.027552,False
2020-09-02,RS01SLBS-MJ01A-06-PRESTA101,2,True,2020-09-02T00:00:00Z,2020-09-02T23:59:59Z,86400,86400,0,1.0,1.000564098,1.000000324,-0.003265814,0,0,0,0,0.0,2.927021,23.812664,1.766484e-11,0.00292702,0.02381266,False,0.024948,False
2020-09-03,RS01SLBS-MJ01A-06-PRESTA101,2,True,2020-09-03T00:00:00Z,2020-09-03T23:59:59Z,86400,86400,0,1.0,1.000525951,1.000000346,-0.003873249,0,0,0,0,-0.0,2.917072,23.291839,-6.087921e-11,0.002917071,0.02329183,False,0.026817,False
2020-09-04,RS01SLBS-MJ01A-06-PRESTA101,2,True,2020-09-04T00:00:00Z,2020-09-04T23:59:59Z,84356,86399,2043,1.0,1.000524998,1.00001067,0.367347181,3,2043,3,2043,-0.0,280.477318,536.851129,-2.899953e-11,0.2804743,0.5368454,True,0.490269,True
2020-09-05,RS01SLBS-MJ01A-06-PRESTA101,2,True,2020-09-05T00:00:00Z,2020-09-05T23:59:59Z,86400,86400,0,1.0,1.000524998,1.000000304,0.001461474,0,0,0,0,-0.0,2.88896,21.3695,-1.30551e-11,0.002888959,0.02136949,False,0.020755,False
2020-09-06,RS01SLBS-MJ01A-06-PRESTA101,2,True,2020-09-06T00:00:00Z,2020-09-06T23:59:59Z,86400,86400,0,1.0,1.000527382,1.000000279,0.005949849,0,0,0,0,-0.0,3.095118,21.779318,-7.262104e-11,0.003095117,0.02177931,False,0.022232,False
2020-09-07,RS01SLBS-MJ01A-06-PRESTA101,2,True,2020-09-07T00:00:00Z,2020-09-07T23:59:59Z,85839,86400,561,1.0,1.000529766,1.000000325,-0.003449314,1,561,1,561,0.0,3.371651,22.125271,2.803343e-11,0.00337165,0.02212526,False,0.31088,True
2020-09-08,RS01SLBS-MJ01A-06-PRESTA101,2,False,,,0,0,,1.0,,,,,,,,,,,,,,,,False
2020-09-09,RS01SLBS-MJ01A-06-PRESTA101,2,True,2020-09-09T00:00:00Z,2020-09-09T23:59:59Z,86400,86400,0,1.0,1.000566959,1.000000324,-0.001214372,0,0,0,0,-0.0,2.980701,22.21111,-7.926747e-11,0.0029807,0.0222111,False,0.022916,False
2020-09-10,RS01SLBS-MJ01A-06-PRESTA101,2,True,2020-09-10T00:00:00Z,2020-09-10T23:59:59Z,86400,86400,0,1.0,1.000532627,1.000000318,-0.002141519,0,0,0,0,0.0,2.955156,21.384555,2.81811e-11,0.002955155,0.02138455,False,0.024786,False
2020-09-11,RS01SLBS-MJ01A-06-PRESTA101,2,True,2020-09-11T00:00:00Z,2020-09-11T23:59:59Z,86400,86400,0,1.0,1.000528336,1.000000319,-0.000383417,0,0,0,0,-0.0,2.883769,23.82007,-5.55275e-11,0.002883768,0.02382006,False,0.022964,False
2020-09-12,RS01SLBS-MJ01A-06-PRESTA101,2,True,2020-09-12T00:00:00Z,2020-09-12T23:59:59Z,86400,86400,0,1.0,1.000530243,1.000000316,-0.000959249,0,0,0,0,-0.0,2.834339,21.2837,-1.481109e-13,0.002834338,0.02128369,False,0.025345,False
2020-09-13,RS01SLBS-MJ01A-06-PRESTA101,2,True,2020-09-13T00:00:00Z,2020-09-13T23:59:59Z,86400,86400,0,1.0,1.000525951,1.00000031,0.000722705,0,0,0,0,0.0,2.895012,21.934935,2.039463e-11,0.002895011,0.02193493,False,0.027274,False
2020-09-14,RS01SLBS-MJ01A-06-PRESTA101,2,True,2020-09-14T00:00:00Z,2020-09-14T23:59:59Z,86400,86400,0,1.0,1.000521183,1.000000339,-0.001989542,0,0,0,0,-0.0,3.038505,21.704515,-2.50219e-11,0.003038504,0.02170451,False,0.02044,False
2020-09-15,RS01SLBS-MJ01A-06-PRESTA101,2,True,2020-09-15T00:00:00Z,2020-09-15T23:59:59Z,86400,86400,0,1.0,1.000525951,1.000000315,-0.000110399,0,0,0,0,-0.0,3.474154,23.923296,-4.151478e-11,0.003474153,0.02392329,False,0.026788,False
2020-09-16,RS01SLBS-MJ01A-06-PRESTA101,2,True,2020-09-16T00:00:00Z,2020-09-16T23:59:59Z,86400,86400,0,1.0,1.000563145,1.000000326,-0.002085175,0,0,0,0,-0.0,2.944094,22.128609,-7.496564e-11,0.002944093,0.0221286,False,0.026688,False
2020-09-17,RS01SLBS-MJ01A-06-PRESTA101,2,True,2020-09-17T00:00:00Z,2020-09-17T23:59:59Z,86400,86400,0,1.0,1.000524998,1.000000336,0.00035804,0,0,0,0,-0.0,2.977512,21.817984,-7.091134e-11,0.002977511,0.02181798,False,0.024125,False
2020-09-18,RS01SLBS-MJ01A-06-PRESTA101,2,True,2020-09-18T00:00:00Z,2020-09-18T23:59:59Z,86400,86400,0,1.0,1.000535011,1.000000288,0.002094567,0,0,0,0,-0.0,2.895382,22.681404,-3.857966e-11,0.002895381,0.0226814,False,0.026704,False
2020-09-19,RS01SLBS-MJ01A-06-PRESTA101,2,True,2020-09-19T00:00:00Z,2020-09-19T23:59:59Z,86400,86400,0,1.0,1.000535011,1.000000322,-0.000345978,0,0,0,0,-0.0,3.062149,23.049844,-8.723508e-11,0.003062148,0.02304984,False,0.0267,False
2020-09-20,RS01SLBS-MJ01A-06-PRESTA101,2,True,2020-09-20T00:00:00Z,2020-09-20T23:59:59Z,86400,86400,0,1.0,1.000524044,1.000000266,0.002018959,0,0,0,0,0.0,3.302681,21.778704,3.439521e-11,0.00330268,0.0217787,False,0.02071,False
2020-09-21,RS01SLBS-MJ01A-06-PRESTA101,2,True,2020-09-21T00:00:00Z,2020-09-21T23:59:59Z,86400,86400,0,1.0,1.000518799,1.000000349,-0.003192355,0,0,0,0,-0.0,3.009723,22.012593,-1.505417e-11,0.003009722,0.02201258,False,0.02286,False
2020-09-22,RS01SLBS-MJ01A-06-PRESTA101,2,True,2020-09-22T00:00:00Z,2020-09-22T23:59:59Z,53500,86383,32883,1.0,1.00053215,1.000137768,-2.981104476,1,32883,1,32883,0.0,2805.748908,8518.72668,2.042837e-11,2.805362,8.517553,True,0.493943,True
2020-09-23,RS01SLBS-MJ01A-06-PRESTA101,2,True,2020-09-23T00:00:00Z,2020-09-23T23:59:59Z,85698,86400,702,1.0,1.000594139,1.000000288,0.000206196,1,702,1,702,-0.0,2.988254,21.810536,-1.273326e-11,0.002988253,0.02181053,False,0.416284,True
2020-09-24,RS01SLBS-MJ01A-06-PRESTA101,2,True,2020-09-24T00:00:00Z,2020-09-24T23:59:59Z,86400,86400,0,1.0,1.000592709,1.000000302,0.000484502,0,0,0,0,0.0,2.870223,22.773837,2.097328e-11,0.002870222,0.02277383,False,0.025316,False
2020-09-25,RS01SLBS-MJ01A-06-PRESTA101,2,True,2020-09-25T00:00:00Z,2020-09-25T23:59:59Z,86400,86400,0,1.0,1.000590801,1.00000029,0.002836989,0,0,0,0,-0.0,2.907628,21.982926,-1.125737e-11,0.002907627,0.02198292,False,0.02393,False
2020-09-26,RS01SLBS-MJ01A-06-PRESTA101,2,True,2020-09-26T00:00:00Z,2020-09-26T23:59:59Z,86400,86400,0,1.0,1.000593185,1.000000295,0.002849571,0,0,0,0,-0.0,2.88089,23.903029,-5.728116e-11,0.002880889,0.02390302,False,0.02524,False
2020-09-27,RS01SLBS-MJ01A-06-PRESTA101,2,True,2020-09-27T00:00:00Z,2020-09-27T23:59:59Z,86400,86400,0,1.0,1.000590801,1.000000317,0.001263265,0,0,0,0,-0.0,2.846376,21.263855,-7.955407e-11,0.002846375,0.02126385,False,0.024706,False
2020-09-28,RS01SLBS-MJ01A-06-PRESTA101,2,True,2020-09-28T00:00:00Z,2020-09-28T23:59:59Z,86400,86400,0,1.0,1.000591755,1.000000304,-0.00143746,0,0,0,0,-0.0,2.762099,22.266434,-2.828526e-11,0.002762098,0.02226643,False,0.024696,False
2020-09-29,RS01SLBS-MJ01A-06-PRESTA101,2,True,2020-09-29T00:00:00Z,2020-09-29T23:59:59Z,86400,86400,0,1.0,1.000536919,1.000000305,-0.001935349,0,0,0,0,0.0,2.820064,22.519006,1.239785e-11,0.002820063,0.022519,False,0.026765,False
2020-09-30,RS01SLBS-MJ01A-06-PRESTA101,2,True,2020-09-30T00:00:00Z,2020-09-30T23:59:59Z,86400,86400,0,1.0,1.000542164,1.000000303,-7.2761e-05,0,0,0,0,-0.0,2.795955,22.282668,-9.02953e-11,0.002795954,0.02228266,False,0.020381,False
2020-10-01,RS01SLBS-MJ01A-06-PRESTA101,2,True,2020-10-01T00:00:00Z,2020-10-01T23:59:59Z,86400,86400,0,1.0,1.000541687,1.000000319,0.002297112,0,0,0,0,-0.0,2.881546,22.28332,-4.099673e-11,0.002881545,0.02228331,False,0.026011,False
2020-10-02,RS01SLBS-MJ01A-06-PRESTA101,2,True,2020-10-02T00:00:00Z,2020-10-02T23:59:59Z,86400,86400,0,1.0,1.000545025,1.000000307,-0.001310227,0,0,0,0,-0.0,2.789169,22.287593,-1.484504e-11,0.002789168,0.02228759,False,0.021569,False
2020-10-03,RS01SLBS-MJ01A-06-PRESTA101,2,True,2020-10-03T00:00:00Z,2020-10-03T23:59:59Z,86400,86400,0,1.0,1.000540733,1.000000324,0.001673418,0,0,0,0,-0.0,2.808158,21.846151,-9.626554e-11,0.002808158,0.02184614,False,0.026514,False
2020-10-04,RS01SLBS-MJ01A-06-PRESTA101,2,True,2020-10-04T00:00:00Z,2020-10-04T23:59:59Z,86400,86400,0,1.0,1.000542641,1.000000305,-0.000179626,0,0,0,0,-0.0,2.834776,22.734899,-3.108939e-12,0.002834775,0.02273489,False,0.02054,False
2020-10-05,RS01SLBS-MJ01A-06-PRESTA101,2,True,2020-10-05T00:00:00Z,2020-10-05T23:59:59Z,86400,86400,0,1.0,1.000544071,1.000000306,-0.001698573,0,0,0,0,-0.0,2.849095,21.807024,-4.827847e-11,0.002849094,0.02180702,False,0.020824,False
2020-10-06,RS01SLBS-MJ01A-06-PRESTA101,2,True,2020-10-06T00:00:00Z,2020-10-06T23:59:59Z,86400,86400,0,1.0,1.000545025,1.000000312,-0.002012962,0,0,0,0,-0.0,3.348776,23.590387,-1.307379e-10,0.003348775,0.02359038,False,0.020809,False
2020-10-07,RS01SLBS-MJ01A-06-PRESTA101,2,True,2020-10-07T00:00:00Z,2020-10-07T23:59:59Z,86400,86400,0,1.0,1.000540733,1.000000321,0.00125139,0,0,0,0,0.0,3.193098,23.694583,2.120052e-12,0.003193097,0.02369458,False,0.024536,False
2020-10-08,RS01SLBS-MJ01A-06-PRESTA101,2,True,2020-10-08T00:00:00Z,2020-10-08T23:59:59Z,86399,86399,0,1.0,1.00053978,1.000000317,-0.000239405,0,0,19,19,-0.0,2.880856,20.921966,-1.867071e-11,0.002880855,0.02092196,False,0.020344,False
2020-10-09,RS01SLBS-MJ01A-06-PRESTA101,2,True,2020-10-09T00:00:00Z,2020-10-09T23:59:59Z,86400,86400,0,1.0,1.000540257,1.000000325,-0.000933021,0,0,0,0,-0.0,2.843306,21.576903,-8.902113e-12,0.002843305,0.0215769,False,0.020394,False
2020-10-10,RS01SLBS-MJ01A-06-PRESTA101,2,True,2020-10-10T00:00:00Z,2020-10-10T23:59:59Z,86400,86400,0,1.0,1.00054121,1.000000346,-6.6634e-05,0,0,0,0,-0.0,3.024741,23.618866,-1.593334e-11,0.00302474,0.02361886,False,0.026135,False
2020-10-11,RS01SLBS-MJ01A-06-PRESTA101,2,True,2020-10-11T00:00:00Z,2020-10-11T23:59:59Z,86400,86400,0,1.0,1.000543118,1.000000299,-0.001124193,0,0,0,0,-0.0,2.788095,20.908488,-4.869795e-11,0.002788095,0.02090848,False,0.020704,False
2020-10-12,RS01SLBS-MJ01A-06-PRESTA101,2,True,2020-10-12T00:00:00Z,2020-10-12T23:59:59Z,86400,86400,0,1.0,1.00054121,1.000000296,-0.00844029,0,0,0,0,-0.0,2.90221,22.349327,-9.235587e-11,0.002902209,0.02234932,False,0.020405,False
2020-10-13,RS01SLBS-MJ01A-06-PRESTA101,2,True,2020-10-13T00:00:00Z,2020-10-13T23:59:59Z,86400,86400,0,1.0,1.000540733,1.000000305,0.005728368,0,0,0,0,-0.0,3.221492,21.696625,-7.993227e-11,0.003221491,0.02169662,False,0.020842,False
2020-10-14,RS01SLBS-MJ01A-06-PRESTA101,2,True,2020-10-14T00:00:00Z,2020-10-14T23:59:59Z,86400,86400,0,1.0,1.000540733,1.000000343,0.00125372,0,0,0,0,-0.0,2.82413,22.652947,-1.826373e-11,0.002824129,0.02265294,False,0.025241,False
2020-10-15,RS01SLBS-MJ01A-06-PRESTA101,2,True,2020-10-15T00:00:00Z,2020-10-15T23:59:59Z,86400,86400,0,1.0,1.000544071,1.000000307,0.000153928,0,0,0,0,-0.0,3.478434,25.635438,-5.419966e-11,0.003478433,0.02563543,False,0.026802,False
2020-10-16,RS01SLBS-MJ01A-06-PRESTA101,2,True,2020-10-16T00:00:00Z,2020-10-16T23:59:59Z,86400,86400,0,1.0,1.000543118,1.000000327,0.001440594,0,0,0,0,-0.0,3.870482,24.850183,-7.586598e-12,0.003870481,0.02485018,False,0.022808,False
2020-10-17,RS01SLBS-MJ01A-06-PRESTA101,2,True,2020-10-17T00:00:00Z,2020-10-17T23:59:59Z,86400,86400,0,1.0,1.000542164,1.000000309,0.000803471,0,0,0,0,0.0,3.076265,22.977597,5.268779e-11,0.003076264,0.02297759,False,0.02052,False
2020-10-18,RS01SLBS-MJ01A-06-PRESTA101,2,True,2020-10-18T00:00:00Z,2020-10-18T23:59:59Z,86400,86400,0,1.0,1.000545025,1.000000303,0.000586875,0,0,0,0,0.0,3.197617,23.097733,4.001775e-12,0.003197616,0.02309773,False,0.022905,False
2020-10-19,RS01SLBS-MJ01A-06-PRESTA101,2,True,2020-10-19T00:00:00Z,2020-10-19T23:59:59Z,86400,86400,0,1.0,1.000543594,1.000000301,-0.001073489,0,0,0,0,-0.0,2.814397,21.683734,-1.597804e-11,0.002814396,0.02168373,False,0.020834,False
2020-10-20,RS01SLBS-MJ01A-06-PRESTA101,2,True,2020-10-20T00:00:00Z,2020-10-20T23:59:59Z,86400,86400,0,1.0,1.000545025,1.000000304,0.002474402,0,0,0,0,0.0,2.854004,22.415085,2.580556e-11,0.002854003,0.02241508,False,0.022174,False
2020-10-21,RS01SLBS-MJ01A-06-PRESTA101,2,True,2020-10-21T00:00:00Z,2020-10-21T23:59:59Z,86400,86400,0,1.0,1.000544071,1.000000326,0.000366118,0,0,0,0,-0.0,2.870329,22.587171,-3.667023e-11,0.002870328,0.02258716,False,0.020434,False
2020-10-22,RS01SLBS-MJ01A-06-PRESTA101,2,True,2020-10-22T00:00:00Z,2020-10-22T23:59:59Z,86400,86400,0,1.0,1.000543118,1.000000307,-0.002260872,0,0,0,0,0.0,2.886685,24.397894,3.299631e-11,0.002886684,0.02439789,False,0.026719,False
2020-10-23,RS01SLBS-MJ01A-06-PRESTA101,2,True,2020-10-23T00:00:00Z,2020-10-23T23:59:59Z,86400,86400,0,1.0,1.000542641,1.000000298,-0.001801288,0,0,0,0,0.0,2.780033,22.487113,7.391487e-12,0.002780032,0.02248711,False,0.021337,False
2020-10-24,RS01SLBS-MJ01A-06-PRESTA101,2,True,2020-10-24T00:00:00Z,2020-10-24T23:59:59Z,86400,86400,0,1.0,1.000543118,1.000000319,0.001634637,0,0,0,0,-0.0,2.781217,20.687253,-5.051305e-11,0.002781216,0.02068725,False,0.023264,False
2020-10-25,RS01SLBS-MJ01A-06-PRESTA101,2,True,2020-10-25T00:00:00Z,2020-10-25T23:59:59Z,86400,86400,0,1.0,1.000543594,1.000000312,-0.002401126,0,0,0,0,-0.0,2.797948,22.129682,-8.876625e-11,0.002797947,0.02212968,False,0.027273,False
2020-10-26,RS01SLBS-MJ01A-06-PRESTA101,2,True,2020-10-26T00:00:00Z,2020-10-26T23:59:59Z,86400,86400,0,1.0,1.000543118,1.000000292,-0.001658288,0,0,0,0,-0.0,2.84924,22.713257,-7.985447e-11,0.002849239,0.02271325,False,0.020437,False
2020-10-27,RS01SLBS-MJ01A-06-PRESTA101,2,True,2020-10-27T00:00:00Z,2020-10-27T23:59:59Z,86400,86400,0,1.0,1.000541687,1.000000322,-0.001327072,0,0,0,0,-0.0,2.80923,22.458722,-8.613215e-11,0.00280923,0.02245871,False,0.02456,False
2020-10-28,RS01SLBS-MJ01A-06-PRESTA101,2,True,2020-10-28T00:00:00Z,2020-10-28T23:59:59Z,86400,86400,0,1.0,1.000544071,1.000000314,0.00131858,0,0,0,0,0.0,3.013432,22.523053,1.922822e-11,0.003013432,0.02252305,False,0.020366,False
2020-10-29,RS01SLBS-MJ01A-06-PRESTA101,2,True,2020-10-29T00:00:00Z,2020-10-29T23:59:59Z,86400,86400,0,1.0,1.000545025,1.000000308,-0.009468283,0,0,0,0,-0.0,2.815506,20.99163,-6.744951e-11,0.002815505,0.02099162,False,0.020652,False
2020-10-30,RS01SLBS-MJ01A-06-PRESTA101,2,True,2020-10-30T00:00:00Z,2020-10-30T23:59:59Z,86400,86400,0,1.0,1.000543118,1.000000323,-0.000908393,0,0,0,0,-0.0,2.828152,22.508484,-6.010758e-11,0.002828152,0.02250848,False,0.020805,False
2020-10-31,RS01SLBS-MJ01A-06-PRESTA101,2,True,2020-10-31T00:00:00Z,2020-10-31T23:59:59Z,86400,86400,0,1.0,1.000545025,1.000000333,-0.000793368,0,0,0,0,0.0,3.346911,23.79582,2.871322e-12,0.00334691,0.02379581,False,0.025469,False
2020-11-01,RS01SLBS-MJ01A-06-PRESTA101,2,True,2020-11-01T00:00:00Z,2020-11-01T00:11:31Z,692,692,0,1.0,1.000544071,1.000000741,-0.000543075,0,0,0,0,0.0,2.7375,15.842673,1.089423e-13,0.002737498,0.01584266,False,0.017038,False
2020-11-02,RS01SLBS-MJ01A-06-PRESTA101,2,False,,,0,0,,1.0,,,,,,,,,,,,,,,,False
2020-11-03,RS01SLBS-MJ01A-06-PRESTA101,2,True,2020-11-03T01:19:08Z,2020-11-03T23:59:59Z,81541,81652,111,1.0,1.000535965,1.000000297,0.001302233,2,111,2,111,0.0,2.804831,21.304859,9.822151e-12,0.002804831,0.02130485,False,0.043791,True
2020-11-04,RS01SLBS-MJ01A-06-PRESTA101,2,True,2020-11-04T00:00:00Z,2020-11-04T23:59:59Z,86400,86400,0,1.0,1.00052166,1.000000306,-0.00093972,0,0,0,0,-0.0,2.784433,21.903297,-5.219218e-11,0.002784432,0.02190329,False,0.025423,False
2020-11-05,RS01SLBS-MJ01A-06-PRESTA101,2,True,2020-11-05T00:00:00Z,2020-11-05T23:59:59Z,86400,86400,0,1.0,1.000528336,1.000000314,-0.000509642,0,0,0,0,-0.0,2.884511,22.134994,-6.187729e-11,0.00288451,0.02213499,False,0.022466,False
2020-11-06,RS01SLBS-MJ01A-06-PRESTA101,2,True,2020-11-06T00:00:00Z,2020-11-06T23:59:59Z,86400,86400,0,1.0,1.000535011,1.000000305,0.00117962,0,0,0,0,-0.0,2.82913,20.991001,-1.169116e-10,0.002829129,0.02099099,False,0.020861,False
2020-11-07,RS01SLBS-MJ01A-06-PRESTA101,2,True,2020-11-07T00:00:00Z,2020-11-07T23:59:59Z,86400,86400,0,1.0,1.000534058,1.000000306,-2.7421e-05,0,0,0,0,-0.0,2.790257,22.429724,-1.012308e-10,0.002790256,0.02242972,False,0.026675,False
2020-11-08,RS01SLBS-MJ01A-06-PRESTA101,2,True,2020-11-08T00:00:00Z,2020-11-08T23:59:59Z,86400,86400,0,1.0,1.000535011,1.000000322,-0.000570069,0,0,0,0,-0.0,2.876235,22.998547,-5.564027e-11,0.002876234,0.02299854,False,0.027295,False
2020-11-09,RS01SLBS-MJ01A-06-PRESTA101,2,True,2020-11-09T00:00:00Z,2020-11-09T23:59:59Z,86400,86400,0,1.0,1.000564098,1.000000304,0.003673618,0,0,0,0,-0.0,2.861118,20.960973,-1.372792e-10,0.002861117,0.02096097,False,0.027066,False
2020-11-10,RS01SLBS-MJ01A-06-PRESTA101,2,True,2020-11-10T00:00:00Z,2020-11-10T23:59:59Z,86400,86400,0,1.0,1.00055027,1.000000292,0.000326301,0,0,0,0,-0.0,2.956674,21.142073,-6.407708e-12,0.002956673,0.02114207,False,0.025117,False
2020-11-11,RS01SLBS-MJ01A-06-PRESTA101,2,True,2020-11-11T00:00:00Z,2020-11-11T23:59:59Z,86400,86400,0,1.0,1.000533104,1.000000321,0.000306527,0,0,0,0,0.0,2.801712,21.354725,7.924748e-12,0.002801711,0.02135472,False,0.02404,False
2020-11-12,RS01SLBS-MJ01A-06-PRESTA101,2,True,2020-11-12T00:00:00Z,2020-11-12T23:59:59Z,86400,86400,0,1.0,1.000534058,1.000000302,-8.5642e-05,0,0,0,0,-0.0,2.849875,21.942191,-7.61582e-11,0.002849874,0.02194218,False,0.025419,False
2020-11-13,RS01SLBS-MJ01A-06-PRESTA101,2,True,2020-11-13T00:00:00Z,2020-11-13T23:59:59Z,86400,86400,0,1.0,1.000535965,1.0000003,-0.000382671,0,0,0,0,0.0,2.790384,21.91841,3.09194e-12,0.002790383,0.0219184,False,0.026723,False
2020-11-14,RS01SLBS-MJ01A-06-PRESTA101,2,True,2020-11-14T00:00:00Z,2020-11-14T23:59:59Z,86399,86399,0,1.0,1.000536919,1.000000304,-0.001797776,0,0,16,16,0.0,2.825055,21.627339,1.055093e-10,0.002825054,0.02162733,False,0.025425,False
2020-11-15,RS01SLBS-MJ01A-06-PRESTA101,2,True,2020-11-15T00:00:00Z,2020-11-15T23:59:59Z,86400,86400,0,1.0,1.00053215,1.000000297,-0.000188136,0,0,0,0,-0.0,2.95393,21.310556,-2.885238e-11,0.002953929,0.02131055,False,0.024034,False
2020-11-16,RS01SLBS-MJ01A-06-PRESTA101,2,True,2020-11-16T00:00:00Z,2020-11-16T23:59:59Z,86400,86400,0,1.0,1.00056076,1.000000305,0.00065564,0,0,0,0,-0.0,2.824171,21.356013,-4.403226e-11,0.00282417,0.02135601,False,0.024073,False
2020-11-17,RS01SLBS-MJ01A-06-PRESTA101,2,True,2020-11-17T00:00:00Z,2020-11-17T23:59:59Z,86400,86400,0,1.0,1.000535965,1.000000239,0.001059447,0,0,0,0,-0.0,3.148248,24.530386,-4.827285e-11,0.003148248,0.02453038,False,0.024809,False
2020-11-18,RS01SLBS-MJ01A-06-PRESTA101,2,True,2020-11-18T00:00:00Z,2020-11-18T23:59:59Z,86400,86400,0,1.0,1.000524998,1.000000335,0.001943799,0,0,0,0,-0.0,3.283947,23.824872,-3.684412e-11,0.003283946,0.02382486,False,0.026144,False
2020-11-19,RS01SLBS-MJ01A-06-PRESTA101,2,True,2020-11-19T00:00:00Z,2020-11-19T23:59:59Z,86400,86400,0,1.0,1.000526905,1.000000315,0.00116484,0,0,0,0,-0.0,2.866834,21.517559,-3.113409e-11,0.002866833,0.02151755,False,0.020812,False
2020-11-20,RS01SLBS-MJ01A-06-PRESTA101,2,True,2020-11-20T00:00:00Z,2020-11-20T23:59:59Z,86400,86400,0,1.0,1.000524998,1.000000314,0.001766153,0,0,0,0,-0.0,2.910282,22.097129,-9.768896e-11,0.002910281,0.02209712,False,0.024167,False
2020-11-21,RS01SLBS-MJ01A-06-PRESTA101,2,True,2020-11-21T00:00:00Z,2020-11-21T23:59:59Z,86400,86400,0,1.0,1.000535011,1.000000303,-0.00392708,0,0,0,0,-0.0,2.865761,21.971792,-1.373461e-11,0.00286576,0.02197178,False,0.026786,False
2020-11-22,RS01SLBS-MJ01A-06-PRESTA101,2,True,2020-11-22T00:00:00Z,2020-11-22T23:59:59Z,86400,86400,0,1.0,1.000536919,1.00000031,-0.001191477,0,0,0,0,-0.0,2.792123,21.261192,-4.076217e-12,0.002792122,0.02126119,False,0.027299,False
2020-11-23,RS01SLBS-MJ01A-06-PRESTA101,2,True,2020-11-23T00:00:00Z,2020-11-23T23:59:59Z,86400,86400,0,1.0,1.000567913,1.000000302,5.4542e-05,0,0,0,0,-0.0,2.857856,22.006799,-9.24892e-11,0.002857855,0.02200679,False,0.024238,False
2020-11-24,RS01SLBS-MJ01A-06-PRESTA101,2,True,2020-11-24T00:00:00Z,2020-11-24T23:59:59Z,86400,86400,0,1.0,1.000549793,1.000000284,0.001551422,0,0,0,0,-0.0,3.100451,20.755542,-1.179604e-11,0.00310045,0.02075554,False,0.020537,False
2020-11-25,RS01SLBS-MJ01A-06-PRESTA101,2,True,2020-11-25T00:00:00Z,2020-11-25T23:59:59Z,86400,86400,0,1.0,1.000535965,1.000000279,0.000214361,0,0,0,0,-0.0,2.995957,21.914916,-7.51218e-11,0.002995956,0.02191491,False,0.025354,False
2020-11-26,RS01SLBS-MJ01A-06-PRESTA101,2,True,2020-11-26T00:00:00Z,2020-11-26T23:59:59Z,86400,86400,0,1.0,1.000527859,1.00000029,0.000568446,0,0,0,0,-0.0,3.311632,21.514914,-8.643357e-11,0.003311631,0.02151491,False,0.020421,False
2020-11-27,RS01SLBS-MJ01A-06-PRESTA101,2,True,2020-11-27T00:00:00Z,2020-11-27T23:59:59Z,86400,86400,0,1.0,1.000528336,1.000000292,0.002214928,0,0,0,0,-0.0,4.3994,23.902511,-7.106705e-11,0.004399399,0.0239025,False,0.024215,False
2020-11-28,RS01SLBS-MJ01A-06-PRESTA101,2,True,2020-11-28T00:00:00Z,2020-11-28T23:59:59Z,86400,86400,0,1.0,1.000525951,1.000000345,0.000310109,0,0,0,0,-0.0,2.865578,21.876538,-4.269554e-11,0.002865577,0.02187653,False,0.027259,False
2020-11-29,RS01SLBS-MJ01A-06-PRESTA101,2,True,2020-11-29T00:00:00Z,2020-11-29T23:59:59Z,86400,86400,0,1.0,1.000527859,1.000000298,-0.011786297,0,0,0,0,-0.0,2.864324,22.194152,-5.17048e-11,0.002864323,0.02219415,False,0.027078,False
2020-11-30,RS01SLBS-MJ01A-06-PRESTA101,2,True,2020-11-30T00:00:00Z,2020-11-30T23:59:59Z,86400,86400,0,1.0,1.000553131,1.000000304,-0.001971238,0,0,0,0,-0.0,3.025787,23.435791,-2.063839e-11,0.003025786,0.02343578,False,0.025124,False
2020-12-01,RS01SLBS-MJ01A-06-PRESTA101,2,True,2020-12-01T00:00:00Z,2020-12-01T23:59:59Z,86400,86400,0,1.0,1.000535965,1.000000309,0.0011633,0,0,0,0,-0.0,2.791146,21.761291,-3.50492e-11,0.002791146,0.02176128,False,0.026173,False
2020-12-02,RS01SLBS-MJ01A-06-PRESTA101,2,True,2020-12-02T00:00:00Z,2020-12-02T23:59:59Z,86400,86400,0,1.0,1.000527859,1.000000325,0.003409579,0,0,0,0,-0.0,2.849116,22.241204,-5.56251e-11,0.002849115,0.0222412,False,0.027279,False
2020-12-03,RS01SLBS-MJ01A-06-PRESTA101,2,True,2020-12-03T00:00:00Z,2020-12-03T23:59:59Z,86400,86400,0,1.0,1.000534058,1.000000312,0.003987978,0,0,0,0,-0.0,3.283636,24.481661,-4.433728e-11,0.003283635,0.02448165,False,0.023591,False
2020-12-04,RS01SLBS-MJ01A-06-PRESTA101,2,True,2020-12-04T00:00:00Z,2020-12-04T23:59:59Z,86400,86400,0,1.0,1.000534058,1.000000299,0.003604237,0,0,0,0,-0.0,2.859074,21.481015,-1.619877e-11,0.002859074,0.02148101,False,0.024798,False
2020-12-05,RS01SLBS-MJ01A-06-PRESTA101,2,True,2020-12-05T00:00:00Z,2020-12-05T23:59:59Z,86400,86400,0,1.0,1.000533104,1.000000309,0.003239606,0,0,0,0,0.0,3.257753,23.379858,2.845303e-11,0.003257752,0.02337985,False,0.024695,False
2020-12-06,RS01SLBS-MJ01A-06-PRESTA101,2,True,2020-12-06T00:00:00Z,2020-12-06T23:59:59Z,86294,86400,106,1.0,1.000535011,1.000000275,0.000152218,1,106,1,106,0.0,4.107232,25.002876,2.732149e-11,0.004107231,0.02500287,False,0.05825,True
2020-12-07,RS01SLBS-MJ01A-06-PRESTA101,2,True,2020-12-07T00:00:00Z,2020-12-07T23:59:59Z,86400,86400,0,1.0,1.000562668,1.00000029,0.003165421,0,0,0,0,-0.0,3.087043,21.861649,-3.923524e-11,0.003087043,0.02186164,False,0.020821,False
2020-12-08,RS01SLBS-MJ01A-06-PRESTA101,2,True,2020-12-08T00:00:00Z,2020-12-08T23:59:59Z,85909,86400,491,1.0,1.000551224,1.000000278,0.002128258,1,491,1,491,-0.0,2.891527,22.229733,-7.50131e-11,0.002891527,0.02222973,False,0.274165,True
2020-12-09,RS01SLBS-MJ01A-06-PRESTA101,2,True,2020-12-09T00:00:00Z,2020-12-09T23:59:59Z,86400,86400,0,1.0,1.000527859,1.000000281,0.00205517,0,0,0,0,-0.0,2.963424,21.785446,-8.09733e-11,0.002963423,0.02178544,False,0.024775,False
2020-12-10,RS01SLBS-MJ01A-06-PRESTA101,2,True,2020-12-10T00:00:00Z,2020-12-10T23:59:59Z,85954,86400,446,1.0,1.000529766,1.000000307,-0.012279502,1,446,1,446,-0.0,2.891568,22.996738,-1.094124e-11,0.002891568,0.02299673,False,0.235318,True
2020-12-11,RS01SLBS-MJ01A-06-PRESTA101,2,True,2020-12-11T00:00:00Z,2020-12-11T23:59:59Z,86400,86400,0,1.0,1.000526905,1.000000299,0.002188561,0,0,0,0,-0.0,2.831806,21.105206,-2.537589e-11,0.002831805,0.0211052,False,0.024798,False
2020-12-12,RS01SLBS-MJ01A-06-PRESTA101,2,True,2020-12-12T00:00:00Z,2020-12-12T23:59:59Z,85909,86400,491,1.0,1.000524998,1.000000302,-0.001004511,1,491,1,491,-0.0,2.789151,21.961322,-4.194595e-11,0.00278915,0.02196131,False,0.257855,True
2020-12-13,RS01SLBS-MJ01A-06-PRESTA101,2,True,2020-12-13T00:00:00Z,2020-12-13T23:59:59Z,86400,86400,0,1.0,1.000525951,1.000000308,0.003566336,0,0,0,0,-0.0,3.168773,23.392073,-4.312138e-11,0.003168772,0.02339207,False,0.02664,False
2020-12-14,RS01SLBS-MJ01A-06-PRESTA101,2,True,2020-12-14T00:00:00Z,2020-12-14T23:59:59Z,86294,86400,106,1.0,1.000557899,1.000000295,0.0011357,1,106,1,106,-0.0,3.224352,22.400472,-3.81259e-11,0.003224351,0.02240047,False,0.047673,True
2020-12-15,RS01SLBS-MJ01A-06-PRESTA101,2,True,2020-12-15T00:00:00Z,2020-12-15T23:59:59Z,86400,86400,0,1.0,1.000538826,1.000000305,0.002412248,0,0,0,0,-0.0,2.992361,22.847133,-8.073716e-11,0.00299236,0.02284713,False,0.026648,False
2020-12-16,RS01SLBS-MJ01A-06-PRESTA101,2,True,2020-12-16T00:00:00Z,2020-12-16T23:59:59Z,86294,86400,106,1.0,1.000528336,1.000000322,-0.001381542,1,106,1,106,-0.0,3.085681,23.309711,-2.808896e-12,0.00308568,0.0233097,False,0.060023,True
2020-12-17,RS01SLBS-MJ01A-06-PRESTA101,2,True,2020-12-17T00:00:00Z,2020-12-17T23:59:59Z,86294,86400,106,1.0,1.000531197,1.000000296,-0.002125661,1,106,1,106,-0.0,2.90847,23.798996,-6.462344e-11,0.002908469,0.02379899,False,0.05361,True
2020-12-18,RS01SLBS-MJ01A-06-PRESTA101,2,True,2020-12-18T00:00:00Z,2020-12-18T23:59:59Z,86193,86400,207,1.0,1.00052762,1.000000313,0.00023244,2,207,2,207,-0.0,2.821101,21.081755,-8.754278e-13,0.0028211,0.02108175,False,0.062155,True
2020-12-19,RS01SLBS-MJ01A-06-PRESTA101,2,True,2020-12-19T00:00:00Z,2020-12-19T23:59:59Z,86198,86400,202,1.0,1.00053072,1.000000311,0.000995255,2,202,2,202,0.0,2.842615,21.525453,9.146299e-11,0.002842614,0.02152545,False,0.054834,True
2020-12-20,RS01SLBS-MJ01A-06-PRESTA101,2,True,2020-12-20T00:00:00Z,2020-12-20T23:59:59Z,85365,86400,1035,1.0,1.000525951,1.000000316,-0.003142617,10,1035,10,1035,-0.0,2.858723,23.341614,-4.406997e-11,0.002858722,0.02334161,False,0.065505,True
2020-12-21,RS01SLBS-MJ01A-06-PRESTA101,2,True,2020-12-21T00:00:00Z,2020-12-21T09:40:10Z,34084,34811,727,1.0,1.000535965,1.000000291,-0.001525289,7,727,7,727,0.0,2.774059,22.491183,2.125811e-12,0.002774058,0.02249118,False,0.056146,True
2020-12-22,RS01SLBS-MJ01A-06-PRESTA101,2,False,,,0,0,,1.0,,,,,,,,,,,,,,,,False
2020-12-23,RS01SLBS-MJ01A-06-PRESTA101,2,False,,,0,0,,1.0,,,,,,,,,,,,,,,,False
2020-12-24,RS01SLBS-MJ01A-06-PRESTA101,2,False,,,0,0,,1.0,,,,,,,,,,,,,,,,False
2020-12-25,RS01SLBS-MJ01A-06-PRESTA101,2,False,,,0,0,,1.0,,,,,,,,,,,,,,,,False
2020-12-26,RS01SLBS-MJ01A-06-PRESTA101,2,False,,,0,0,,1.0,,,,,,,,,,,,,,,,False
2020-12-27,RS01SLBS-MJ01A-06-PRESTA101,2,False,,,0,0,,1.0,,,,,,,,,,,,,,,,False
2020-12-28,RS01SLBS-MJ01A-06-PRESTA101,2,False,,,0,0,,1.0,,,,,,,,,,,,,,,,False
2020-12-29,RS01SLBS-MJ01A-06-PRESTA101,2,False,,,0,0,,1.0,,,,,,,,,,,,,,,,False
2020-12-30,RS01SLBS-MJ01A-06-PRESTA101,2,False,,,0,0,,1.0,,,,,,,,,,,,,,,,False
2020-12-31,RS01SLBS-MJ01A-06-PRESTA101,2,False,,,0,0,,1.0,,,,,,,,,,,,,,,,False
2021-01-01,RS01SLBS-MJ01A-06-PRESTA101,2,False,,,0,0,,1.0,,,,,,,,,,,,,,,,False
2021-01-02,RS01SLBS-MJ01A-06-PRESTA101,2,False,,,0,0,,1.0,,,,,,,,,,,,,,,,False
2021-01-03,RS01SLBS-MJ01A-06-PRESTA101,2,False,,,0,0,,1.0,,,,,,,,,,,,,,,,False
2021-01-04,RS01SLBS-MJ01A-06-PRESTA101,2,False,,,0,0,,1.0,,,,,,,,,,,,,,,,False
2021-01-05,RS01SLBS-MJ01A-06-PRESTA101,2,False,,,0,0,,1.0,,,,,,,,,,,,,,,,False
2021-01-06,RS01SLBS-MJ01A-06-PRESTA101,2,False,,,0,0,,1.0,,,,,,,,,,,,,,,,False
2021-01-07,RS01SLBS-MJ01A-06-PRESTA101,2,False,,,0,0,,1.0,,,,,,,,,,,,,,,,False
2021-01-08,RS01SLBS-MJ01A-06-PRESTA101,2,False,,,0,0,,1.0,,,,,,,,,,,,,,,,False
2021-01-09,RS01SLBS-MJ01A-06-PRESTA101,2,False,,,0,0,,1.0,,,,,,,,,,,,,,,,False
2021-01-10,RS01SLBS-MJ01A-06-PRESTA101,2,False,,,0,0,,1.0,,,,,,,,,,,,,,,,False
2021-01-11,RS01SLBS-MJ01A-06-PRESTA101,2,False,,,0,0,,1.0,,,,,,,,,,,,,,,,False
2021-01-12,RS01SLBS-MJ01A-06-PRESTA101,2,False,,,0,0,,1.0,,,,,,,,,,,,,,,,False
2021-01-13,RS01SLBS-MJ01A-06-PRESTA101,2,False,,,0,0,,1.0,,,,,,,,,,,,,,,,False
2021-01-14,RS01SLBS-MJ01A-06-PRESTA101,2,False,,,0,0,,1.0,,,,,,,,,,,,,,,,False
2021-01-15,RS01SLBS-MJ01A-06-PRESTA101,2,False,,,0,0,,1.0,,,,,,,,,,,,,,,,False
2021-01-16,RS01SLBS-MJ01A-06-PRESTA101,2,False,,,0,0,,1.0,,,,,,,,,,,,,,,,False
2021-01-17,RS01SLBS-MJ01A-06-PRESTA101,2,False,,,0,0,,1.0,,,,,,,,,,,,,,,,False
2021-01-18,RS01SLBS-MJ01A-06-PRESTA101,2,False,,,0,0,,1.0,,,,,,,,,,,,,,,,False
2021-01-19,RS01SLBS-MJ01A-06-PRESTA101,2,False,,,0,0,,1.0,,,,,,,,,,,,,,,,False
2021-01-20,RS01SLBS-MJ01A-06-PRESTA101,2,False,,,0,0,,1.0,,,,,,,,,,,,,,,,False
2021-01-21,RS01SLBS-MJ01A-06-PRESTA101,2,False,,,0,0,,1.0,,,,,,,,,,,,,,,,False
2021-01-22,RS01SLBS-MJ01A-06-PRESTA101,2,False,,,0,0,,1.0,,,,,,,,,,,,,,,,False
2021-01-23,RS01SLBS-MJ01A-06-PRESTA101,2,False,,,0,0,,1.0,,,,,,,,,,,,,,,,False
2021-01-24,RS01SLBS-MJ01A-06-PRESTA101,2,False,,,0,0,,1.0,,,,,,,,,,,,,,,,False
2021-01-25,RS01SLBS-MJ01A-06-PRESTA101,2,False,,,0,0,,1.0,,,,,,,,,,,,,,,,False
2021-01-26,RS01SLBS-MJ01A-06-PRESTA101,2,False,,,0,0,,1.0,,,,,,,,,,,,,,,,False
2021-01-27,RS01SLBS-MJ01A-06-PRESTA101,2,False,,,0,0,,1.0,,,,,,,,,,,,,,,,False
2021-01-28,RS01SLBS-MJ01A-06-PRESTA101,2,False,,,0,0,,1.0,,,,,,,,,,,,,,,,False
2021-01-29,RS01SLBS-MJ01A-06-PRESTA101,2,False,,,0,0,,1.0,,,,,,,,,,,,,,,,False
2021-01-30,RS01SLBS-MJ01A-06-PRESTA101,2,False,,,0,0,,1.0,,,,,,,,,,,,,,,,False
2021-01-31,RS01SLBS-MJ01A-06-PRESTA101,2,False,,,0,0,,1.0,,,,,,,,,,,,,,,,False
2021-02-01,RS01SLBS-MJ01A-06-PRESTA101,2,False,,,0,0,,1.0,,,,,,,,,,,,,,,,False
2021-02-02,RS01SLBS-MJ01A-06-PRESTA101,2,False,,,0,0,,1.0,,,,,,,,,,,,,,,,False
2021-02-03,RS01SLBS-MJ01A-06-PRESTA101,2,False,,,0,0,,1.0,,,,,,,,,,,,,,,,False
2021-02-04,RS01SLBS-MJ01A-06-PRESTA101,2,False,,,0,0,,1.0,,,,,,,,,,,,,,,,False
2021-02-05,RS01SLBS-MJ01A-06-PRESTA101,2,False,,,0,0,,1.0,,,,,,,,,,,,,,,,False
2021-02-06,RS01SLBS-MJ01A-06-PRESTA101,2,False,,,0,0,,1.0,,,,,,,,,,,,,,,,False
2021-02-07,RS01SLBS-MJ01A-06-PRESTA101,2,False,,,0,0,,1.0,,,,,,,,,,,,,,,,False
2021-02-08,RS01SLBS-MJ01A-06-PRESTA101,2,False,,,0,0,,1.0,,,,,,,,,,,,,,,,False
2021-02-09,RS01SLBS-MJ01A-06-PRESTA101,2,False,,,0,0,,1.0,,,,,,,,,,,,,,,,False
2021-02-10,RS01SLBS-MJ01A-06-PRESTA101,2,False,,,0,0,,1.0,,,,,,,,,,,,,,,,False
2021-02-11,RS01SLBS-MJ01A-06-PRESTA101,2,False,,,0,0,,1.0,,,,,,,,,,,,,,,,False
2021-02-12,RS01SLBS-MJ01A-06-PRESTA101,2,False,,,0,0,,1.0,,,,,,,,,,,,,,,,False
2021-02-13,RS01SLBS-MJ01A-06-PRESTA101,2,False,,,0,0,,1.0,,,,,,,,,,,,,,,,False
2021-02-14,RS01SLBS-MJ01A-06-PRESTA101,2,False,,,0,0,,1.0,,,,,,,,,,,,,,,,False
2021-02-15,RS01SLBS-MJ01A-06-PRESTA101,2,False,,,0,0,,1.0,,,,,,,,,,,,,,,,False
2021-02-16,RS01SLBS-MJ01A-06-PRESTA101,2,False,,,0,0,,1.0,,,,,,,,,,,,,,,,False
2021-02-17,RS01SLBS-MJ01A-06-PRESTA101,2,False,,,0,0,,1.0,,,,,,,,,,,,,,,,False
2021-02-18,RS01SLBS-MJ01A-06-PRESTA101,2,False,,,0,0,,1.0,,,,,,,,,,,,,,,,False
2021-02-19,RS01SLBS-MJ01A-06-PRESTA101,2,False,,,0,0,,1.0,,,,,,,,,,,,,,,,False
2021-02-20,RS01SLBS-MJ01A-06-PRESTA101,2,False,,,0,0,,1.0,,,,,,,,,,,,,,,,False
2021-02-21,RS01SLBS-MJ01A-06-PRESTA101,2,False,,,0,0,,1.0,,,,,,,,,,,,,,,,False
2021-02-22,RS01SLBS-MJ01A-06-PRESTA101,2,False,,,0,0,,1.0,,,,,,,,,,,,,,,,False
2021-02-23,RS01SLBS-MJ01A-06-PRESTA101,2,False,,,0,0,,1.0,,,,,,,,,,,,,,,,False
2021-02-24,RS01SLBS-MJ01A-06-PRESTA101,2,False,,,0,0,,1.0,,,,,,,,,,,,,,,,False
2021-02-25,RS01SLBS-MJ01A-06-PRESTA101,2,False,,,0,0,,1.0,,,,,,,,,,,,,,,,False
2021-02-26,RS01SLBS-MJ01A-06-PRESTA101,2,False,,,0,0,,1.0,,,,,,,,,,,,,,,,False
2021-02-27,RS01SLBS-MJ01A-06-PRESTA101,2,False,,,0,0,,1.0,,,,,,,,,,,,,,,,False
2021-02-28,RS01SLBS-MJ01A-06-PRESTA101,2,False,,,0,0,,1.0,,,,,,,,,,,,,,,,False
2021-03-01,RS01SLBS-MJ01A-06-PRESTA101,2,False,,,0,0,,1.0,,,,,,,,,,,,,,,,False
2021-03-02,RS01SLBS-MJ01A-06-PRESTA101,2,False,,,0,0,,1.0,,,,,,,,,,,,,,,,False
2021-03-03,RS01SLBS-MJ01A-06-PRESTA101,2,False,,,0,0,,1.0,,,,,,,,,,,,,,,,False
2021-03-04,RS01SLBS-MJ01A-06-PRESTA101,2,False,,,0,0,,1.0,,,,,,,,,,,,,,,,False
2021-03-05,RS01SLBS-MJ01A-06-PRESTA101,2,False,,,0,0,,1.0,,,,,,,,,,,,,,,,False
2021-03-06,RS01SLBS-MJ01A-06-PRESTA101,2,False,,,0,0,,1.0,,,,,,,,,,,,,,,,False
2021-03-07,RS01SLBS-MJ01A-06-PRESTA101,2,False,,,0,0,,1.0,,,,,,,,,,,,,,,,False
2021-03-08,RS01SLBS-MJ01A-06-PRESTA101,2,False,,,0,0,,1.0,,,,,,,,,,,,,,,,False
2021-03-09,RS01SLBS-MJ01A-06-PRESTA101,2,False,,,0,0,,1.0,,,,,,,,,,,,,,,,False
2021-03-10,RS01SLBS-MJ01A-06-PRESTA101,2,False,,,0,0,,1.0,,,,,,,,,,,,,,,,False
2021-03-11,RS01SLBS-MJ01A-06-PRESTA101,2,False,,,0,0,,1.0,,,,,,,,,,,,,,,,False
2021-03-12,RS01SLBS-MJ01A-06-PRESTA101,2,False,,,0,0,,1.0,,,,,,,,,,,,,,,,False
2021-03-13,RS01SLBS-MJ01A-06-PRESTA101,2,False,,,0,0,,1.0,,,,,,,,,,,,,,,,False
2021-03-14,RS01SLBS-MJ01A-06-PRESTA101,2,False,,,0,0,,1.0,,,,,,,,,,,,,,,,False
2021-03-15,RS01SLBS-MJ01A-06-PRESTA101,2,False,,,0,0,,1.0,,,,,,,,,,,,,,,,False
2021-03-16,RS01SLBS-MJ01A-06-PRESTA101,2,False,,,0,0,,1.0,,,,,,,,,,,,,,,,False
2021-03-17,RS01SLBS-MJ01A-06-PRESTA101,2,False,,,0,0,,1.0,,,,,,,,,,,,,,,,False
2021-03-18,RS01SLBS-MJ01A-06-PRESTA101,2,False,,,0,0,,1.0,,,,,,,,,,,,,,,,False
2021-03-19,RS01SLBS-MJ01A-06-PRESTA101,2,False,,,0,0,,1.0,,,,,,,,,,,,,,,,False
2021-03-20,RS01SLBS-MJ01A-06-PRESTA101,2,False,,,0,0,,1.0,,,,,,,,,,,,,,,,False
2021-03-21,RS01SLBS-MJ01A-06-PRESTA101,2,False,,,0,0,,1.0,,,,,,,,,,,,,,,,False
2021-03-22,RS01SLBS-MJ01A-06-PRESTA101,2,False,,,0,0,,1.0,,,,,,,,,,,,,,,,False
2021-03-23,RS01SLBS-MJ01A-06-PRESTA101,2,False,,,0,0,,1.0,,,,,,,,,,,,,,,,False
2021-03-24,RS01SLBS-MJ01A-06-PRESTA101,2,False,,,0,0,,1.0,,,,,,,,,,,,,,,,False
2021-03-25,RS01SLBS-MJ01A-06-PRESTA101,2,False,,,0,0,,1.0,,,,,,,,,,,,,,,,False
2021-03-26,RS01SLBS-MJ01A-06-PRESTA101,2,False,,,0,0,,1.0,,,,,,,,,,,,,,,,False
2021-03-27,RS01SLBS-MJ01A-06-PRESTA101,2,False,,,0,0,,1.0,,,,,,,,,,,,,,,,False
2021-03-28,RS01SLBS-MJ01A-06-PRESTA101,2,False,,,0,0,,1.0,,,,,,,,,,,,,,,,False
2021-03-29,RS01SLBS-MJ01A-06-PRESTA101,2,False,,,0,0,,1.0,,,,,,,,,,,,,,,,False
2021-03-30,RS01SLBS-MJ01A-06-PRESTA101,2,False,,,0,0,,1.0,,,,,,,,,,,,,,,,False
2021-03-31,RS01SLBS-MJ01A-06-PRESTA101,2,False,,,0,0,,1.0,,,,,,,,,,,,,,,,False
2021-04-01,RS01SLBS-MJ01A-06-PRESTA101,2,False,,,0,0,,1.0,,,,,,,,,,,,,,,,False
2021-04-02,RS01SLBS-MJ01A-06-PRESTA101,2,False,,,0,0,,1.0,,,,,,,,,,,,,,,,False
2021-04-03,RS01SLBS-MJ01A-06-PRESTA101,2,False,,,0,0,,1.0,,,,,,,,,,,,,,,,False
2021-04-04,RS01SLBS-MJ01A-06-PRESTA101,2,False,,,0,0,,1.0,,,,,,,,,,,,,,,,False
2021-04-05,RS01SLBS-MJ01A-06-PRESTA101,2,False,,,0,0,,1.0,,,,,,,,,,,,,,,,False
2021-04-06,RS01SLBS-MJ01A-06-PRESTA101,2,False,,,0,0,,1.0,,,,,,,,,,,,,,,,False
2021-04-07,RS01SLBS-MJ01A-06-PRESTA101,2,False,,,0,0,,1.0,,,,,,,,,,,,,,,,False
2021-04-08,RS01SLBS-MJ01A-06-PRESTA101,2,False,,,0,0,,1.0,,,,,,,,,,,,,,,,False
2021-04-09,RS01SLBS-MJ01A-06-PRESTA101,2,False,,,0,0,,1.0,,,,,,,,,,,,,,,,False
2021-04-10,RS01SLBS-MJ01A-06-PRESTA101,2,False,,,0,0,,1.0,,,,,,,,,,,,,,,,False
2021-04-11,RS01SLBS-MJ01A-06-PRESTA101,2,False,,,0,0,,1.0,,,,,,,,,,,,,,,,False
2021-04-12,RS01SLBS-MJ01A-06-PRESTA101,2,False,,,0,0,,1.0,,,,,,,,,,,,,,,,False
2021-04-13,RS01SLBS-MJ01A-06-PRESTA101,2,False,,,0,0,,1.0,,,,,,,,,,,,,,,,False
2021-04-14,RS01SLBS-MJ01A-06-PRESTA101,2,False,,,0,0,,1.0,,,,,,,,,,,,,,,,False
2021-04-15,RS01SLBS-MJ01A-06-PRESTA101,2,False,,,0,0,,1.0,,,,,,,,,,,,,,,,False
2021-04-16,RS01SLBS-MJ01A-06-PRESTA101,2,False,,,0,0,,1.0,,,,,,,,,,,,,,,,False
2021-04-17,RS01SLBS-MJ01A-06-PRESTA101,2,False,,,0,0,,1.0,,,,,,,,,,,,,,,,False
2021-04-18,RS01SLBS-MJ01A-06-PRESTA101,2,False,,,0,0,,1.0,,,,,,,,,,,,,,,,False
2021-04-19,RS01SLBS-MJ01A-06-PRESTA101,2,False,,,0,0,,1.0,,,,,,,,,,,,,,,,False
2021-04-20,RS01SLBS-MJ01A-06-PRESTA101,2,False,,,0,0,,1.0,,,,,,,,,,,,,,,,False
2021-04-21,RS01SLBS-MJ01A-06-PRESTA101,2,False,,,0,0,,1.0,,,,,,,,,,,,,,,,False
2021-04-22,RS01SLBS-MJ01A-06-PRESTA101,2,False,,,0,0,,1.0,,,,,,,,,,,,,,,,False
2021-04-23,RS01SLBS-MJ01A-06-PRESTA101,2,False,,,0,0,,1.0,,,,,,,,,,,,,,,,False
2021-04-24,RS01SLBS-MJ01A-06-PRESTA101,2,False,,,0,0,,1.0,,,,,,,,,,,,,,,,False
2021-04-25,RS01SLBS-MJ01A-06-PRESTA101,2,False,,,0,0,,1.0,,,,,,,,,,,,,,,,False
2021-04-26,RS01SLBS-MJ01A-06-PRESTA101,2,False,,,0,0,,1.0,,,,,,,,,,,,,,,,False
2021-04-27,RS01SLBS-MJ01A-06-PRESTA101,2,False,,,0,0,,1.0,,,,,,,,,,,,,,,,False
2021-04-28,RS01SLBS-MJ01A-06-PRESTA101,2,False,,,0,0,,1.0,,,,,,,,,,,,,,,,False
2021-04-29,RS01SLBS-MJ01A-06-PRESTA101,2,False,,,0,0,,1.0,,,,,,,,,,,,,,,,False
2021-04-30,RS01SLBS-MJ01A-06-PRESTA101,2,False,,,0,0,,1.0,,,,,,,,,,,,,,,,False
2021-05-01,RS01SLBS-MJ01A-06-PRESTA101,2,False,,,0,0,,1.0,,,,,,,,,,,,,,,,False
2021-05-02,RS01SLBS-MJ01A-06-PRESTA101,2,False,,,0,0,,1.0,,,,,,,,,,,,,,,,False
2021-05-03,RS01SLBS-MJ01A-06-PRESTA101,2,False,,,0,0,,1.0,,,,,,,,,,,,,,,,False
2021-05-04,RS01SLBS-MJ01A-06-PRESTA101,2,False,,,0,0,,1.0,,,,,,,,,,,,,,,,False
2021-05-05,RS01SLBS-MJ01A-06-PRESTA101,2,False,,,0,0,,1.0,,,,,,,,,,,,,,,,False
2021-05-06,RS01SLBS-MJ01A-06-PRESTA101,2,False,,,0,0,,1.0,,,,,,,,,,,,,,,,False
2021-05-07,RS01SLBS-MJ01A-06-PRESTA101,2,False,,,0,0,,1.0,,,,,,,,,,,,,,,,False
2021-05-08,RS01SLBS-MJ01A-06-PRESTA101,2,False,,,0,0,,1.0,,,,,,,,,,,,,,,,False
2021-05-09,RS01SLBS-MJ01A-06-PRESTA101,2,False,,,0,0,,1.0,,,,,,,,,,,,,,,,False
2021-05-10,RS01SLBS-MJ01A-06-PRESTA101,2,False,,,0,0,,1.0,,,,,,,,,,,,,,,,False
2021-05-11,RS01SLBS-MJ01A-06-PRESTA101,2,False,,,0,0,,1.0,,,,,,,,,,,,,,,,False
2021-05-12,RS01SLBS-MJ01A-06-PRESTA101,2,False,,,0,0,,1.0,,,,,,,,,,,,,,,,False
2021-05-13,RS01SLBS-MJ01A-06-PRESTA101,2,False,,,0,0,,1.0,,,,,,,,,,,,,,,,False
2021-05-14,RS01SLBS-MJ01A-06-PRESTA101,2,False,,,0,0,,1.0,,,,,,,,,,,,,,,,False
2021-05-15,RS01SLBS-MJ01A-06-PRESTA101,2,False,,,0,0,,1.0,,,,,,,,,,,,,,,,False
2021-05-16,RS01SLBS-MJ01A-06-PRESTA101,2,False,,,0,0,,1.0,,,,,,,,,,,,,,,,False
2021-05-17,RS01SLBS-MJ01A-06-PRESTA101,2,False,,,0,0,,1.0,,,,,,,,,,,,,,,,False
2021-05-18,RS01SLBS-MJ01A-06-PRESTA101,2,False,,,0,0,,1.0,,,,,,,,,,,,,,,,False
2021-05-19,RS01SLBS-MJ01A-06-PRESTA101,2,False,,,0,0,,1.0,,,,,,,,,,,,,,,,False
2021-05-20,RS01SLBS-MJ01A-06-PRESTA101,2,False,,,0,0,,1.0,,,,,,,,,,,,,,,,False
2021-05-21,RS01SLBS-MJ01A-06-PRESTA101,2,False,,,0,0,,1.0,,,,,,,,,,,,,,,,False
2021-05-22,RS01SLBS-MJ01A-06-PRESTA101,2,False,,,0,0,,1.0,,,,,,,,,,,,,,,,False
2021-05-23,RS01SLBS-MJ01A-06-PRESTA101,2,False,,,0,0,,1.0,,,,,,,,,,,,,,,,False
2021-05-24,RS01SLBS-MJ01A-06-PRESTA101,2,False,,,0,0,,1.0,,,,,,,,,,,,,,,,False
2021-05-25,RS01SLBS-MJ01A-06-PRESTA101,2,False,,,0,0,,1.0,,,,,,,,,,,,,,,,False
2021-05-26,RS01SLBS-MJ01A-06-PRESTA101,2,False,,,0,0,,1.0,,,,,,,,,,,,,,,,False
2021-05-27,RS01SLBS-MJ01A-06-PRESTA101,2,False,,,0,0,,1.0,,,,,,,,,,,,,,,,False
2021-05-28,RS01SLBS-MJ01A-06-PRESTA101,2,False,,,0,0,,1.0,,,,,,,,,,,,,,,,False
2021-05-29,RS01SLBS-MJ01A-06-PRESTA101,2,False,,,0,0,,1.0,,,,,,,,,,,,,,,,False
2021-05-30,RS01SLBS-MJ01A-06-PRESTA101,2,False,,,0,0,,1.0,,,,,,,,,,,,,,,,False
2021-05-31,RS01SLBS-MJ01A-06-PRESTA101,2,False,,,0,0,,1.0,,,,,,,,,,,,,,,,False
2021-06-01,RS01SLBS-MJ01A-06-PRESTA101,2,False,,,0,0,,1.0,,,,,,,,,,,,,,,,False
2021-06-02,RS01SLBS-MJ01A-06-PRESTA101,2,False,,,0,0,,1.0,,,,,,,,,,,,,,,,False
2021-06-03,RS01SLBS-MJ01A-06-PRESTA101,2,False,,,0,0,,1.0,,,,,,,,,,,,,,,,False
2021-06-04,RS01SLBS-MJ01A-06-PRESTA101,2,False,,,0,0,,1.0,,,,,,,,,,,,,,,,False
2021-06-05,RS01SLBS-MJ01A-06-PRESTA101,2,False,,,0,0,,1.0,,,,,,,,,,,,,,,,False
2021-06-06,RS01SLBS-MJ01A-06-PRESTA101,2,False,,,0,0,,1.0,,,,,,,,,,,,,,,,False
2021-06-07,RS01SLBS-MJ01A-06-PRESTA101,2,False,,,0,0,,1.0,,,,,,,,,,,,,,,,False
2021-06-08,RS01SLBS-MJ01A-06-PRESTA101,2,False,,,0,0,,1.0,,,,,,,,,,,,,,,,False
2021-06-09,RS01SLBS-MJ01A-06-PRESTA101,2,False,,,0,0,,1.0,,,,,,,,,,,,,,,,False
2021-06-10,RS01SLBS-MJ01A-06-PRESTA101,2,False,,,0,0,,1.0,,,,,,,,,,,,,,,,False
2021-06-11,RS01SLBS-MJ01A-06-PRESTA101,2,False,,,0,0,,1.0,,,,,,,,,,,,,,,,False
2021-06-12,RS01SLBS-MJ01A-06-PRESTA101,2,False,,,0,0,,1.0,,,,,,,,,,,,,,,,False
2021-06-13,RS01SLBS-MJ01A-06-PRESTA101,2,False,,,0,0,,1.0,,,,,,,,,,,,,,,,False
2021-06-14,RS01SLBS-MJ01A-06-PRESTA101,2,False,,,0,0,,1.0,,,,,,,,,,,,,,,,False
2021-06-15,RS01SLBS-MJ01A-06-PRESTA101,2,False,,,0,0,,1.0,,,,,,,,,,,,,,,,False
2021-06-16,RS01SLBS-MJ01A-06-PRESTA101,2,False,,,0,0,,1.0,,,,,,,,,,,,,,,,False
2021-06-17,RS01SLBS-MJ01A-06-PRESTA101,2,False,,,0,0,,1.0,,,,,,,,,,,,,,,,False
2021-06-18,RS01SLBS-MJ01A-06-PRESTA101,2,False,,,0,0,,1.0,,,,,,,,,,,,,,,,False
2021-06-19,RS01SLBS-MJ01A-06-PRESTA101,2,False,,,0,0,,1.0,,,,,,,,,,,,,,,,False
2021-06-20,RS01SLBS-MJ01A-06-PRESTA101,2,False,,,0,0,,1.0,,,,,,,,,,,,,,,,False
2021-06-21,RS01SLBS-MJ01A-06-PRESTA101,2,False,,,0,0,,1.0,,,,,,,,,,,,,,,,False
2021-06-22,RS01SLBS-MJ01A-06-PRESTA101,2,False,,,0,0,,1.0,,,,,,,,,,,,,,,,False
2021-06-23,RS01SLBS-MJ01A-06-PRESTA101,2,False,,,0,0,,1.0,,,,,,,,,,,,,,,,False
2021-06-24,RS01SLBS-MJ01A-06-PRESTA101,2,False,,,0,0,,1.0,,,,,,,,,,,,,,,,False
2021-06-25,RS01SLBS-MJ01A-06-PRESTA101,2,False,,,0,0,,1.0,,,,,,,,,,,,,,,,False
2021-06-26,RS01SLBS-MJ01A-06-PRESTA101,2,False,,,0,0,,1.0,,,,,,,,,,,,,,,,False
2021-06-27,RS01SLBS-MJ01A-06-PRESTA101,2,False,,,0,0,,1.0,,,,,,,,,,,,,,,,False
2021-06-28,RS01SLBS-MJ01A-06-PRESTA101,2,False,,,0,0,,1.0,,,,,,,,,,,,,,,,False
2021-06-29,RS01SLBS-MJ01A-06-PRESTA101,2,False,,,0,0,,1.0,,,,,,,,,,,,,,,,False
2021-06-30,RS01SLBS-MJ01A-06-PRESTA101,2,False,,,0,0,,1.0,,,,,,,,,,,,,,,,False
2021-07-01,RS01SLBS-MJ01A-06-PRESTA101,2,False,,,0,0,,1.0,,,,,,,,,,,,,,,,False
2021-07-02,RS01SLBS-MJ01A-06-PRESTA101,2,False,,,0,0,,1.0,,,,,,,,,,,,,,,,False
2021-07-03,RS01SLBS-MJ01A-06-PRESTA101,2,False,,,0,0,,1.0,,,,,,,,,,,,,,,,False
2021-07-04,RS01SLBS-MJ01A-06-PRESTA101,2,False,,,0,0,,1.0,,,,,,,,,,,,,,,,False
2021-07-05,RS01SLBS-MJ01A-06-PRESTA101,2,False,,,0,0,,1.0,,,,,,,,,,,,,,,,False
2021-07-06,RS01SLBS-MJ01A-06-PRESTA101,2,False,,,0,0,,1.0,,,,,,,,,,,,,,,,False
2021-07-07,RS01SLBS-MJ01A-06-PRESTA101,2,False,,,0,0,,1.0,,,,,,,,,,,,,,,,False
2021-07-08,RS01SLBS-MJ01A-06-PRESTA101,2,False,,,0,0,,1.0,,,,,,,,,,,,,,,,False
2021-07-09,RS01SLBS-MJ01A-06-PRESTA101,2,False,,,0,0,,1.0,,,,,,,,,,,,,,,,False
2021-07-10,RS01SLBS-MJ01A-06-PRESTA101,2,False,,,0,0,,1.0,,,,,,,,,,,,,,,,False
2021-07-11,RS01SLBS-MJ01A-06-PRESTA101,2,False,,,0,0,,1.0,,,,,,,,,,,,,,,,False
2021-07-12,RS01SLBS-MJ01A-06-PRESTA101,2,False,,,0,0,,1.0,,,,,,,,,,,,,,,,False
2021-07-13,RS01SLBS-MJ01A-06-PRESTA101,2,False,,,0,0,,1.0,,,,,,,,,,,,,,,,False
2021-07-14,RS01SLBS-MJ01A-06-PRESTA101,2,False,,,0,0,,1.0,,,,,,,,,,,,,,,,False
2021-07-15,RS01SLBS-MJ01A-06-PRESTA101,2,False,,,0,0,,1.0,,,,,,,,,,,,,,,,False
2021-07-16,RS01SLBS-MJ01A-06-PRESTA101,2,False,,,0,0,,1.0,,,,,,,,,,,,,,,,False
2021-07-17,RS01SLBS-MJ01A-06-PRESTA101,2,False,,,0,0,,1.0,,,,,,,,,,,,,,,,False
2021-07-18,RS01SLBS-MJ01A-06-PRESTA101,2,False,,,0,0,,1.0,,,,,,,,,,,,,,,,False
2021-07-19,RS01SLBS-MJ01A-06-PRESTA101,2,False,,,0,0,,1.0,,,,,,,,,,,,,,,,False
2021-07-20,RS01SLBS-MJ01A-06-PRESTA101,2,False,,,0,0,,1.0,,,,,,,,,,,,,,,,False
2021-07-21,RS01SLBS-MJ01A-06-PRESTA101,2,False,,,0,0,,1.0,,,,,,,,,,,,,,,,False
2021-07-22,RS01SLBS-MJ01A-06-PRESTA101,2,False,,,0,0,,1.0,,,,,,,,,,,,,,,,False
2021-07-23,RS01SLBS-MJ01A-06-PRESTA101,2,False,,,0,0,,1.0,,,,,,,,,,,,,,,,False
2021-07-24,RS01SLBS-MJ01A-06-PRESTA101,2,False,,,0,0,,1.0,,,,,,,,,,,,,,,,False
2021-07-25,RS01SLBS-MJ01A-06-PRESTA101,2,False,,,0,0,,1.0,,,,,,,,,,,,,,,,False
2021-07-26,RS01SLBS-MJ01A-06-PRESTA101,2,False,,,0,0,,1.0,,,,,,,,,,,,,,,,False
2021-07-27,RS01SLBS-MJ01A-06-PRESTA101,2,False,,,0,0,,1.0,,,,,,,,,,,,,,,,False
2021-07-28,RS01SLBS-MJ01A-06-PRESTA101,2,False,,,0,0,,1.0,,,,,,,,,,,,,,,,False
2021-07-29,RS01SLBS-MJ01A-06-PRESTA101,2,False,,,0,0,,1.0,,,,,,,,,,,,,,,,False
2021-07-30,RS01SLBS-MJ01A-06-PRESTA101,2,False,,,0,0,,1.0,,,,,,,,,,,,,,,,False
2021-07-31,RS01SLBS-MJ01A-06-PRESTA101,2,False,,,0,0,,1.0,,,,,,,,,,,,,,,,False
2021-08-01,RS01SLBS-MJ01A-06-PRESTA101,2,False,,,0,0,,1.0,,,,,,,,,,,,,,,,False
2021-08-02,RS01SLBS-MJ01A-06-PRESTA101,2,False,,,0,0,,1.0,,,,,,,,,,,,,,,,False
2021-08-03,RS01SLBS-MJ01A-06-PRESTA101,2,False,,,0,0,,1.0,,,,,,,,,,,,,,,,False
2021-08-04,RS01SLBS-MJ01A-06-PRESTA101,2,False,,,0,0,,1.0,,,,,,,,,,,,,,,,False
2021-08-05,RS01SLBS-MJ01A-06-PRESTA101,2,False,,,0,0,,1.0,,,,,,,,,,,,,,,,False
2021-08-06,RS01SLBS-MJ01A-06-PRESTA101,2,False,,,0,0,,1.0,,,,,,,,,,,,,,,,False
2021-08-07,RS01SLBS-MJ01A-06-PRESTA101,2,False,,,0,0,,1.0,,,,,,,,,,,,,,,,False
2021-08-08,RS01SLBS-MJ01A-06-PRESTA101,2,False,,,0,0,,1.0,,,,,,,,,,,,,,,,False
2021-08-09,RS01SLBS-MJ01A-06-PRESTA101,2,False,,,0,0,,1.0,,,,,,,,,,,,,,,,False
2021-08-10,RS01SLBS-MJ01A-06-PRESTA101,2,False,,,0,0,,1.0,,,,,,,,,,,,,,,,False
2021-08-11,RS01SLBS-MJ01A-06-PRESTA101,2,False,,,0,0,,1.0,,,,,,,,,,,,,,,,False
2021-08-12,RS01SLBS-MJ01A-06-PRESTA101,2,False,,,0,0,,1.0,,,,,,,,,,,,,,,,False
2021-08-13,RS01SLBS-MJ01A-06-PRESTA101,2,False,,,0,0,,1.0,,,,,,,,,,,,,,,,False
2021-08-14,RS01SLBS-MJ01A-06-PRESTA101,2,False,,,0,0,,1.0,,,,,,,,,,,,,,,,False
2021-08-15,RS01SLBS-MJ01A-06-PRESTA101,2,False,,,0,0,,1.0,,,,,,,,,,,,,,,,False
2021-08-16,RS01SLBS-MJ01A-06-PRESTA101,2,False,,,0,0,,1.0,,,,,,,,,,,,,,,,False
2021-08-17,RS01SLBS-MJ01A-06-PRESTA101,2,False,,,0,0,,1.0,,,,,,,,,,,,,,,,False
2021-08-18,RS01SLBS-MJ01A-06-PRESTA101,2,False,,,0,0,,1.0,,,,,,,,,,,,,,,,False
2021-08-19,RS01SLBS-MJ01A-06-PRESTA101,2,False,,,0,0,,1.0,,,,,,,,,,,,,,,,False
2021-08-20,RS01SLBS-MJ01A-06-PRESTA101,2,False,,,0,0,,1.0,,,,,,,,,,,,,,,,False
2021-08-21,RS01SLBS-MJ01A-06-PRESTA101,2,False,,,0,0,,1.0,,,,,,,,,,,,,,,,False
2021-08-22,RS01SLBS-MJ01A-06-PRESTA101,2,False,,,0,0,,1.0,,,,,,,,,,,,,,,,False
2021-08-23,RS01SLBS-MJ01A-06-PRESTA101,2,False,,,0,0,,1.0,,,,,,,,,,,,,,,,False
2021-08-24,RS01SLBS-MJ01A-06-PRESTA101,2,True,2021-08-24T20:19:45Z,2021-08-24T23:59:59Z,13185,13215,30,1.0,1.000504971,1.00000025,0.000960779,1,30,1,30,-0.0,2.783066,21.484663,-1.587572e-12,0.002783066,0.02148466,False,0.020744,True
2021-08-25,RS01SLBS-MJ01A-06-PRESTA101,2,True,2021-08-25T00:00:00Z,2021-08-25T23:59:59Z,86400,86400,0,1.0,1.000527382,1.000000314,0.001453875,0,0,0,0,-0.0,2.792171,21.90727,-1.0858e-11,0.00279217,0.02190726,False,0.021769,False
2021-08-26,RS01SLBS-MJ01A-06-PRESTA101,2,True,2021-08-26T00:00:00Z,2021-08-26T23:59:59Z,86400,86400,0,1.0,1.000528812,1.000000286,0.000898213,0,0,0,0,-0.0,3.422176,21.30477,-2.927833e-11,0.003422175,0.02130476,False,0.022325,False
2021-08-27,RS01SLBS-MJ01A-06-PRESTA101,2,True,2021-08-27T00:00:00Z,2021-08-27T23:59:59Z,86399,86399,0,1.0,1.000528574,1.000000286,0.001629489,0,0,13,13,-0.0,2.908272,21.100217,-2.467419e-11,0.002908271,0.02110021,False,0.024731,False
2021-08-28,RS01SLBS-MJ01A-06-PRESTA101,2,True,2021-08-28T00:00:00Z,2021-08-28T23:59:59Z,86400,86400,0,1.0,1.000524998,1.00000035,0.001803125,0,0,0,0,-0.0,2.940581,22.025949,-6.980287e-11,0.00294058,0.02202594,False,0.022483,False
2021-08-29,RS01SLBS-MJ01A-06-PRESTA101,2,True,2021-08-29T00:00:00Z,2021-08-29T23:59:59Z,86378,86400,22,1.0,1.000527859,1.000000289,-0.003292901,1,22,1,25,-0.0,3.6268,247.264207,-8.524008e-11,0.003626799,0.2472641,False,0.248853,True
2021-08-30,RS01SLBS-MJ01A-06-PRESTA101,2,True,2021-08-30T00:00:00Z,2021-08-30T23:59:59Z,86400,86400,0,1.0,1.000524044,1.000000307,0.002331521,0,0,0,0,-0.0,2.836066,22.226588,-4.392142e-11,0.002836065,0.02222658,False,0.027235,False
2021-08-31,RS01SLBS-MJ01A-06-PRESTA101,2,True,2021-08-31T00:00:00Z,2021-08-31T23:59:59Z,86400,86400,0,1.0,1.000562668,1.0000003,0.001099835,0,0,0,0,-0.0,2.942307,22.087391,-6.57183e-11,0.002942306,0.02208738,False,0.021569,False
2021-09-01,RS01SLBS-MJ01A-06-PRESTA101,2,True,2021-09-01T00:00:00Z,2021-09-01T23:59:59Z,86400,86400,0,1.0,1.000523567,1.000000336,-0.001953594,0,0,0,0,-0.0,2.968986,21.968667,-4.83951e-11,0.002968985,0.02196866,False,0.020659,False
2021-09-02,RS01SLBS-MJ01A-06-PRESTA101,2,True,2021-09-02T00:00:00Z,2021-09-02T23:59:59Z,86400,86400,0,1.0,1.000525951,1.000000321,0.000700404,0,0,0,0,-0.0,3.029005,22.896248,-9.422817e-11,0.003029004,0.02289624,False,0.026662,False
2021-09-03,RS01SLBS-MJ01A-06-PRESTA101,2,True,2021-09-03T00:00:00Z,2021-09-03T23:59:59Z,86400,86400,0,1.0,1.000529289,1.000000328,0.000784061,0,0,0,0,-0.0,2.796642,20.421005,-4.506645e-12,0.002796641,0.020421,False,0.020587,False
2021-09-04,RS01SLBS-MJ01A-06-PRESTA101,2,True,2021-09-04T00:00:00Z,2021-09-04T23:59:59Z,86400,86400,0,1.0,1.000530243,1.000000291,-0.002639472,0,0,0,0,0.0,2.863979,22.021343,1.010244e-11,0.002863978,0.02202134,False,0.026731,False
2021-09-05,RS01SLBS-MJ01A-06-PRESTA101,2,True,2021-09-05T00:00:00Z,2021-09-05T23:59:59Z,86400,86400,0,1.0,1.000518799,1.000000286,0.003513269,0,0,0,0,0.0,2.903191,21.715369,2.011895e-11,0.00290319,0.02171536,False,0.022818,False
2021-09-06,RS01SLBS-MJ01A-06-PRESTA101,2,True,2021-09-06T00:00:00Z,2021-09-06T23:59:59Z,86400,86400,0,1.0,1.000518799,1.00000029,0.000240799,0,0,0,0,-0.0,2.897571,22.310665,-1.172752e-10,0.00289757,0.02231066,False,0.023568,False
2021-09-07,RS01SLBS-MJ01A-06-PRESTA101,2,True,2021-09-07T00:00:00Z,2021-09-07T23:59:59Z,86400,86400,0,1.0,1.000566006,1.000000291,0.003189414,0,0,0,0,-0.0,3.097536,22.535632,-1.03986e-12,0.003097535,0.02253563,False,0.025069,False
2021-09-08,RS01SLBS-MJ01A-06-PRESTA101,2,True,2021-09-08T00:00:00Z,2021-09-08T23:59:59Z,86400,86400,0,1.0,1.000524044,1.0000003,0.001753806,0,0,0,0,-0.0,3.13111,22.4626,-8.731291e-11,0.003131109,0.02246259,False,0.024954,False
2021-09-09,RS01SLBS-MJ01A-06-PRESTA101,2,True,2021-09-09T00:00:00Z,2021-09-09T23:59:59Z,85703,86400,697,1.0,1.000526905,1.000000272,-0.001319626,2,697,2,697,0.0,3.19128,22.179401,3.057944e-11,0.003191279,0.02217939,False,0.251826,True
2021-09-10,RS01SLBS-MJ01A-06-PRESTA101,2,True,2021-09-10T00:00:00Z,2021-09-10T23:59:59Z,86400,86400,0,1.0,1.000524998,1.000000295,0.002605201,0,0,0,0,0.0,2.876562,21.482793,8.762983e-12,0.002876561,0.02148279,False,0.024237,False
2021-09-11,RS01SLBS-MJ01A-06-PRESTA101,2,True,2021-09-11T00:00:00Z,2021-09-11T23:59:59Z,86400,86400,0,1.0,1.000520706,1.000000321,2.162e-06,0,0,0,0,-0.0,2.923885,23.015382,-6.30391e-11,0.002923884,0.02301537,False,0.026731,False
2021-09-12,RS01SLBS-MJ01A-06-PRESTA101,2,True,2021-09-12T00:00:00Z,2021-09-12T23:59:59Z,86400,86400,0,1.0,1.000524044,1.000000317,0.002740238,0,0,0,0,-0.0,3.086436,22.473026,-8.468202e-11,0.003086435,0.02247302,False,0.022248,False
2021-09-13,RS01SLBS-MJ01A-06-PRESTA101,2,True,2021-09-13T00:00:00Z,2021-09-13T23:59:59Z,86400,86400,0,1.0,1.000530243,1.000000312,1.8408e-05,0,0,0,0,-0.0,2.835139,22.020105,-5.215976e-11,0.002835138,0.0220201,False,0.023433,False
2021-09-14,RS01SLBS-MJ01A-06-PRESTA101,2,True,2021-09-14T00:00:00Z,2021-09-14T23:59:59Z,86104,86400,296,1.0,1.000561237,1.000000317,-0.004119314,1,296,1,296,0.0,2.831088,22.288416,3.701045e-11,0.002831087,0.02228841,False,0.163703,True
2021-09-15,RS01SLBS-MJ01A-06-PRESTA101,2,True,2021-09-15T00:00:00Z,2021-09-15T23:59:59Z,86400,86400,0,1.0,1.00053072,1.000000303,0.00041907,0,0,0,0,0.0,2.856656,22.323857,1.09804e-11,0.002856655,0.02232385,False,0.025938,False
2021-09-16,RS01SLBS-MJ01A-06-PRESTA101,2,True,2021-09-16T00:00:00Z,2021-09-16T23:59:59Z,86400,86400,0,1.0,1.000535965,1.000000316,-0.001697443,0,0,0,0,-0.0,2.877323,21.901361,-1.366996e-12,0.002877322,0.02190135,False,0.021817,False
2021-09-17,RS01SLBS-MJ01A-06-PRESTA101,2,True,2021-09-17T00:00:00Z,2021-09-17T23:59:59Z,86400,86400,0,1.0,1.00053072,1.000000309,0.001599741,0,0,0,0,-0.0,2.885407,22.39432,-4.38997e-11,0.002885406,0.02239431,False,0.025488,False
2021-09-18,RS01SLBS-MJ01A-06-PRESTA101,2,True,2021-09-18T00:00:00Z,2021-09-18T23:59:59Z,86400,86400,0,1.0,1.000526905,1.000000303,-0.000951245,0,0,0,0,-0.0,2.86823,22.395387,-2.020593e-11,0.002868229,0.02239538,False,0.027391,False
2021-09-19,RS01SLBS-MJ01A-06-PRESTA101,2,True,2021-09-19T00:00:00Z,2021-09-19T23:59:59Z,86400,86400,0,1.0,1.000527382,1.000000332,0.002771539,0,0,0,0,-0.0,2.958046,22.950845,-5.471024e-11,0.002958045,0.02295084,False,0.025344,False
2021-09-20,RS01SLBS-MJ01A-06-PRESTA101,2,True,2021-09-20T00:00:00Z,2021-09-20T23:59:59Z,86400,86400,0,1.0,1.00052309,1.000000316,-0.00202302,0,0,0,0,-0.0,2.892615,23.746349,-4.34223e-11,0.002892614,0.02374634,False,0.023332,False
2021-09-21,RS01SLBS-MJ01A-06-PRESTA101,2,True,2021-09-21T00:00:00Z,2021-09-21T23:59:59Z,86400,86400,0,1.0,1.000565052,1.000000312,-0.003984529,0,0,0,0,-0.0,4.222571,25.743163,-4.224889e-11,0.00422257,0.02574315,False,0.023583,False
2021-09-22,RS01SLBS-MJ01A-06-PRESTA101,2,True,2021-09-22T00:00:00Z,2021-09-22T23:59:59Z,86400,86400,0,1.0,1.000528812,1.000000293,0.000704318,0,0,0,0,-0.0,2.95773,23.943658,-2.324306e-11,0.002957729,0.02394365,False,0.026092,False
2021-09-23,RS01SLBS-MJ01A-06-PRESTA101,2,True,2021-09-23T00:00:00Z,2021-09-23T23:59:59Z,86266,86400,134,1.0,1.000531673,1.000000296,0.000403287,3,134,3,134,0.0,2.825686,20.839097,1.759571e-11,0.002825685,0.02083909,False,0.060045,True
2021-09-24,RS01SLBS-MJ01A-06-PRESTA101,2,True,2021-09-24T00:00:00Z,2021-09-24T23:59:59Z,86400,86400,0,1.0,1.000530243,1.000000266,0.002479184,0,0,0,0,-0.0,3.205196,23.001672,-5.139328e-11,0.003205195,0.02300167,False,0.022456,False
2021-09-25,RS01SLBS-MJ01A-06-PRESTA101,2,True,2021-09-25T00:00:00Z,2021-09-25T23:59:59Z,86400,86400,0,1.0,1.000530243,1.000000337,-0.004798107,0,0,0,0,-0.0,3.511388,25.075593,-8.104985e-11,0.003511387,0.02507559,False,0.024838,False
2021-09-26,RS01SLBS-MJ01A-06-PRESTA101,2,True,2021-09-26T00:00:00Z,2021-09-26T23:59:59Z,86400,86400,0,1.0,1.000520706,1.000000324,0.003276023,0,0,0,0,-0.0,2.852531,21.749431,-8.082713e-11,0.00285253,0.02174942,False,0.025426,False
2021-09-27,RS01SLBS-MJ01A-06-PRESTA101,2,True,2021-09-27T00:00:00Z,2021-09-27T23:59:59Z,86400,86400,0,1.0,1.000522137,1.000000337,-0.001002317,0,0,0,0,0.0,2.888195,23.242706,2.302831e-11,0.002888194,0.0232427,False,0.024954,False
2021-09-28,RS01SLBS-MJ01A-06-PRESTA101,2,True,2021-09-28T00:00:00Z,2021-09-28T23:59:59Z,86400,86400,0,1.0,1.000563145,1.000000251,0.000114213,0,0,0,0,-0.0,3.062189,22.125633,-1.013739e-10,0.003062189,0.02212563,False,0.027199,False
2021-09-29,RS01SLBS-MJ01A-06-PRESTA101,2,True,2021-09-29T00:00:00Z,2021-09-29T23:59:59Z,86400,86400,0,1.0,1.000531673,1.000000272,0.004508556,0,0,0,0,-0.0,3.012563,20.256495,-1.195352e-11,0.003012562,0.02025649,False,0.024716,False
2021-09-30,RS01SLBS-MJ01A-06-PRESTA101,2,True,2021-09-30T00:00:00Z,2021-09-30T23:59:59Z,86400,86400,0,1.0,1.000533104,1.000000301,0.001827577,0,0,0,0,-0.0,2.804527,22.413402,-3.219907e-11,0.002804526,0.0224134,False,0.027402,False
2021-10-01,RS01SLBS-MJ01A-06-PRESTA101,2,True,2021-10-01T00:00:00Z,2021-10-01T23:59:59Z,86400,86400,0,1.0,1.000531673,1.000000306,3.554e-05,0,0,0,0,-0.0,2.807306,23.01594,-6.849655e-11,0.002807305,0.02301593,False,0.0242,False
2021-10-02,RS01SLBS-MJ01A-06-PRESTA101,2,True,2021-10-02T00:00:00Z,2021-10-02T23:59:59Z,86400,86400,0,1.0,1.00053072,1.000000303,0.000132591,0,0,0,0,-0.0,2.816254,22.379028,-2.393041e-11,0.002816253,0.02237902,False,0.026781,False
2021-10-03,RS01SLBS-MJ01A-06-PRESTA101,2,True,2021-10-03T00:00:00Z,2021-10-03T23:59:59Z,86400,86400,0,1.0,1.000524998,1.000000319,0.000449322,0,0,0,0,-0.0,3.132709,23.060731,-3.364195e-11,0.003132708,0.02306072,False,0.027227,False
2021-10-04,RS01SLBS-MJ01A-06-PRESTA101,2,True,2021-10-04T00:00:00Z,2021-10-04T23:59:59Z,86399,86399,0,1.0,1.000525951,1.000000293,0.002892523,0,0,31,31,0.0,3.956635,25.911033,4.975126e-11,0.003956634,0.02591103,False,0.026004,False
2021-10-05,RS01SLBS-MJ01A-06-PRESTA101,2,True,2021-10-05T00:00:00Z,2021-10-05T13:37:06Z,49027,49027,0,1.0,1.000567913,1.000000338,0.006299461,0,0,1,1,0.0,3.61822,23.422917,1.732164e-13,0.003618219,0.02342291,False,0.020805,False
2021-10-06,RS01SLBS-MJ01A-06-PRESTA101,2,True,2021-10-06T20:15:59Z,2021-10-06T23:59:59Z,13430,13441,11,1.0,1.000525951,1.000000478,0.002761972,1,11,1,11,0.0,2.774581,17.694803,1.372808e-12,0.00277458,0.0176948,False,0.02034,True
2021-10-07,RS01SLBS-MJ01A-06-PRESTA101,2,True,2021-10-07T00:00:00Z,2021-10-07T23:59:59Z,86400,86400,0,1.0,1.000520706,1.000000306,-0.000536803,0,0,0,0,-0.0,2.788042,22.325571,-2.408392e-12,0.002788042,0.02232556,False,0.027323,False
2021-10-08,RS01SLBS-MJ01A-06-PRESTA101,2,True,2021-10-08T00:00:00Z,2021-10-08T23:59:59Z,86400,86400,0,1.0,1.000522137,1.000000233,-0.000129032,0,0,0,0,-0.0,3.103233,22.134197,-1.127373e-10,0.003103233,0.02213419,False,0.027249,False
2021-10-09,RS01SLBS-MJ01A-06-PRESTA101,2,True,2021-10-09T00:00:00Z,2021-10-09T23:59:59Z,86400,86400,0,1.0,1.000521183,1.000000251,0.004126206,0,0,0,0,0.0,2.969282,23.26554,4.579385e-12,0.002969281,0.02326553,False,0.027021,False
2021-10-10,RS01SLBS-MJ01A-06-PRESTA101,2,True,2021-10-10T00:00:00Z,2021-10-10T23:59:59Z,86400,86400,0,1.0,1.000521183,1.000000259,0.001196319,0,0,0,0,-0.0,2.857377,23.084031,-4.405212e-11,0.002857376,0.02308402,False,0.026639,False
2021-10-11,RS01SLBS-MJ01A-06-PRESTA101,2,True,2021-10-11T00:00:00Z,2021-10-11T23:59:59Z,86400,86400,0,1.0,1.000524044,1.000000296,-0.001055261,0,0,0,0,-0.0,2.830061,22.237436,-3.542457e-11,0.00283006,0.02223743,False,0.026076,False
2021-10-12,RS01SLBS-MJ01A-06-PRESTA101,2,True,2021-10-12T00:00:00Z,2021-10-12T23:59:59Z,86400,86400,0,1.0,1.000528812,1.000000319,0.001383163,0,0,0,0,-0.0,2.827575,21.581968,-2.976177e-11,0.002827574,0.02158196,False,0.024179,False
2021-10-13,RS01SLBS-MJ01A-06-PRESTA101,2,True,2021-10-13T00:00:00Z,2021-10-13T23:59:59Z,86400,86400,0,1.0,1.000566006,1.000000287,-0.001814881,0,0,0,0,-0.0,2.833428,20.477097,-3.85517e-11,0.002833427,0.02047709,False,0.024462,False
2021-10-14,RS01SLBS-MJ01A-06-PRESTA101,2,False,,,0,0,,1.0,,,,,,,,,,,,,,,,False
2021-10-15,RS01SLBS-MJ01A-06-PRESTA101,2,True,2021-10-15T00:00:00Z,2021-10-15T23:59:59Z,86400,86400,0,1.0,1.00052309,1.000000326,0.000219897,0,0,0,0,-0.0,2.916549,20.964357,-4.325413e-11,0.002916548,0.02096435,False,0.02281,False
2021-10-16,RS01SLBS-MJ01A-06-PRESTA101,2,True,2021-10-16T00:00:00Z,2021-10-16T23:59:59Z,86400,86400,0,1.0,1.000519276,1.000000314,-0.00273514,0,0,0,0,-0.0,2.921696,22.931719,-8.07503e-11,0.002921695,0.02293171,False,0.025271,False
2021-10-17,RS01SLBS-MJ01A-06-PRESTA101,2,True,2021-10-17T00:00:00Z,2021-10-17T23:59:59Z,86400,86400,0,1.0,1.000516891,1.000000297,-0.012706891,0,0,0,0,-0.0,2.805438,21.32381,-4.685075e-11,0.002805437,0.0213238,False,0.024609,False
2021-10-18,RS01SLBS-MJ01A-06-PRESTA101,2,True,2021-10-18T00:00:00Z,2021-10-18T23:59:59Z,86400,86400,0,1.0,1.000522614,1.000000314,-0.002139178,0,0,0,0,-0.0,2.89015,22.02095,-3.66155e-13,0.002890149,0.02202094,False,0.024235,False
2021-10-19,RS01SLBS-MJ01A-06-PRESTA101,2,True,2021-10-19T00:00:00Z,2021-10-19T23:59:59Z,86400,86400,0,1.0,1.000524998,1.000000285,0.000392952,0,0,0,0,-0.0,2.791832,22.248795,-8.013615e-11,0.002791831,0.02224879,False,0.023029,False
2021-10-20,RS01SLBS-MJ01A-06-PRESTA101,2,True,2021-10-20T00:00:00Z,2021-10-20T23:59:59Z,86400,86400,0,1.0,1.000566959,1.000000301,0.002545833,0,0,0,0,-0.0,2.815181,22.060064,-5.085099e-11,0.00281518,0.02206006,False,0.027431,False
2021-10-21,RS01SLBS-MJ01A-06-PRESTA101,2,True,2021-10-21T00:00:00Z,2021-10-21T23:59:59Z,86400,86400,0,1.0,1.000524044,1.000000346,-0.001597074,0,0,0,0,-0.0,3.050807,22.872884,-3.772811e-11,0.003050806,0.02287288,False,0.025477,False
2021-10-22,RS01SLBS-MJ01A-06-PRESTA101,2,True,2021-10-22T00:00:00Z,2021-10-22T23:59:59Z,86400,86400,0,1.0,1.000531673,1.000000346,-0.002480968,0,0,0,0,-0.0,3.188883,21.99652,-2.297684e-11,0.003188882,0.02199651,False,0.024021,False
2021-10-23,RS01SLBS-MJ01A-06-PRESTA101,2,True,2021-10-23T00:00:00Z,2021-10-23T23:59:59Z,86400,86400,0,1.0,1.000522137,1.000000304,-0.002458564,0,0,0,0,0.0,2.821839,23.185381,8.925423e-12,0.002821839,0.02318537,False,0.026651,False
2021-10-24,RS01SLBS-MJ01A-06-PRESTA101,2,True,2021-10-24T00:00:00Z,2021-10-24T23:59:59Z,86400,86400,0,1.0,1.000530243,1.000000277,0.003897198,0,0,0,0,-0.0,2.781897,22.553173,-2.510582e-11,0.002781896,0.02255317,False,0.027363,False
2021-10-25,RS01SLBS-MJ01A-06-PRESTA101,2,True,2021-10-25T00:00:00Z,2021-10-25T23:59:59Z,86400,86400,0,1.0,1.000525951,1.000000313,-0.00022992,0,0,0,0,-0.0,2.792946,22.143221,-3.413871e-11,0.002792945,0.02214321,False,0.026691,False
2021-10-26,RS01SLBS-MJ01A-06-PRESTA101,2,True,2021-10-26T00:00:00Z,2021-10-26T23:59:59Z,86400,86400,0,1.0,1.000524998,1.00000029,-0.000962654,0,0,0,0,-0.0,2.803268,21.640473,-5.416479e-11,0.002803267,0.02164047,False,0.02622,False
2021-10-27,RS01SLBS-MJ01A-06-PRESTA101,2,True,2021-10-27T00:00:00Z,2021-10-27T23:59:59Z,86400,86400,0,1.0,1.000566959,1.000000327,0.001670305,0,0,0,0,0.0,2.787485,21.974989,1.282909e-11,0.002787484,0.02197498,False,0.027038,False
2021-10-28,RS01SLBS-MJ01A-06-PRESTA101,2,True,2021-10-28T00:00:00Z,2021-10-28T23:59:59Z,86400,86400,0,1.0,1.000525951,1.000000281,-0.011183494,0,0,0,0,-0.0,2.787458,22.280199,-1.027725e-11,0.002787457,0.02228019,False,0.0266,False
2021-10-29,RS01SLBS-MJ01A-06-PRESTA101,2,True,2021-10-29T00:00:00Z,2021-10-29T23:59:59Z,86400,86400,0,1.0,1.000536919,1.000000336,-0.00066062,0,0,0,0,0.0,2.800927,22.803143,5.768137e-12,0.002800926,0.02280314,False,0.026042,False
2021-10-30,RS01SLBS-MJ01A-06-PRESTA101,2,True,2021-10-30T00:00:00Z,2021-10-30T23:59:59Z,86400,86400,0,1.0,1.00052166,1.000000378,-0.003648295,0,0,0,0,-0.0,4.087758,22.645104,-8.265259e-11,0.004087757,0.0226451,False,0.026079,False
2021-10-31,RS01SLBS-MJ01A-06-PRESTA101,2,True,2021-10-31T00:00:00Z,2021-10-31T23:59:59Z,86400,86400,0,1.0,1.000531673,1.000000193,0.001193649,0,0,0,0,-0.0,3.039395,22.642753,-1.118609e-11,0.003039395,0.02264275,False,0.026031,False
2021-11-01,RS01SLBS-MJ01A-06-PRESTA101,2,True,2021-11-01T00:00:00Z,2021-11-01T14:59:41Z,53982,53982,0,1.0,1.00053215,1.000000258,-0.000831123,0,0,0,0,-0.0,2.892829,23.079921,-9.61935e-12,0.002892829,0.02307991,False,0.021643,False
2021-11-02,RS01SLBS-MJ01A-06-PRESTA101,2,False,,,0,0,,1.0,,,,,,,,,,,,,,,,False
2021-11-03,RS01SLBS-MJ01A-06-PRESTA101,2,False,,,0,0,,1.0,,,,,,,,,,,,,,,,False
2021-11-04,RS01SLBS-MJ01A-06-PRESTA101,2,False,,,0,0,,1.0,,,,,,,,,,,,,,,,False
2021-11-05,RS01SLBS-MJ01A-06-PRESTA101,2,False,,,0,0,,1.0,,,,,,,,,,,,,,,,False
2021-11-06,RS01SLBS-MJ01A-06-PRESTA101,2,True,2021-11-06T00:12:34Z,2021-11-06T23:59:59Z,85611,85646,35,1.0,1.000525951,1.000000307,0.002822723,2,35,2,35,0.0,2.911431,22.958757,3.051276e-11,0.00291143,0.02295875,False,0.024837,True
2021-11-07,RS01SLBS-MJ01A-06-PRESTA101,2,True,2021-11-07T00:00:00Z,2021-11-07T23:59:59Z,86400,86400,0,1.0,1.000529766,1.000000318,0.001774996,0,0,0,0,0.0,2.805839,21.789789,2.090936e-11,0.002805838,0.02178978,False,0.02226,False
2021-11-08,RS01SLBS-MJ01A-06-PRESTA101,2,True,2021-11-08T00:00:00Z,2021-11-08T23:59:59Z,86400,86400,0,1.0,1.000529289,1.000000295,-0.00128873,0,0,0,0,-0.0,2.878272,22.61547,-7.793761e-11,0.002878272,0.02261546,False,0.026211,False
2021-11-09,RS01SLBS-MJ01A-06-PRESTA101,2,True,2021-11-09T00:00:00Z,2021-11-09T23:59:59Z,86400,86400,0,1.0,1.000535011,1.000000242,0.002780861,0,0,0,0,-0.0,3.268834,21.851275,-7.722973e-11,0.003268834,0.02185127,False,0.027303,False
2021-11-10,RS01SLBS-MJ01A-06-PRESTA101,2,True,2021-11-10T00:00:00Z,2021-11-10T23:59:59Z,86399,86399,0,1.0,1.000525951,1.00000029,0.000983689,0,0,16,16,0.0,3.45811,24.062375,2.847744e-11,0.003458109,0.02406237,False,0.026628,False
2021-11-11,RS01SLBS-MJ01A-06-PRESTA101,2,True,2021-11-11T00:00:00Z,2021-11-11T23:59:59Z,86400,86400,0,1.0,1.000526428,1.000000271,1.4558e-05,0,0,11,11,-0.0,2.919342,21.870871,-1.650727e-11,0.002919341,0.02187086,False,0.024847,False
2021-11-12,RS01SLBS-MJ01A-06-PRESTA101,2,True,2021-11-12T00:00:00Z,2021-11-12T23:59:59Z,86400,86400,0,1.0,1.000563145,1.000000303,0.004494285,0,0,0,0,-0.0,2.802756,22.536132,-6.834911e-11,0.002802755,0.02253612,False,0.025744,False
2021-11-13,RS01SLBS-MJ01A-06-PRESTA101,2,True,2021-11-13T00:00:00Z,2021-11-13T23:59:59Z,86400,86400,0,1.0,1.000524044,1.000000282,-0.000343939,0,0,0,0,-0.0,2.839859,22.283532,-9.794912e-11,0.002839859,0.02228353,False,0.025203,False
2021-11-14,RS01SLBS-MJ01A-06-PRESTA101,2,True,2021-11-14T00:00:00Z,2021-11-14T23:59:59Z,86400,86400,0,1.0,1.000521183,1.000000312,0.000673993,0,0,0,0,-0.0,2.994114,21.045017,-5.305368e-11,0.002994113,0.02104501,False,0.022874,False
2021-11-15,RS01SLBS-MJ01A-06-PRESTA101,2,True,2021-11-15T00:00:00Z,2021-11-15T23:59:59Z,86400,86400,0,1.0,1.000524044,1.000000336,-0.003811253,0,0,0,0,0.0,3.471467,24.688377,2.163881e-11,0.003471466,0.02468837,False,0.023571,False
2021-11-16,RS01SLBS-MJ01A-06-PRESTA101,2,True,2021-11-16T00:00:00Z,2021-11-16T23:59:59Z,86400,86400,0,1.0,1.000524998,1.00000026,9.3969e-05,0,0,0,0,-0.0,2.978468,20.748281,-3.962413e-11,0.002978467,0.02074828,False,0.022906,False
2021-11-17,RS01SLBS-MJ01A-06-PRESTA101,2,True,2021-11-17T00:00:00Z,2021-11-17T23:59:59Z,86400,86400,0,1.0,1.000531197,1.000000342,0.003413804,0,0,0,0,-0.0,3.675348,22.697156,-3.914345e-11,0.003675347,0.02269715,False,0.020586,False
2021-11-18,RS01SLBS-MJ01A-06-PRESTA101,2,True,2021-11-18T00:00:00Z,2021-11-18T23:59:59Z,86400,86400,0,1.0,1.000529766,1.000000333,-0.021781762,0,0,0,0,-0.0,3.731145,23.417991,-4.973639e-12,0.003731144,0.02341798,False,0.027215,False
2021-11-19,RS01SLBS-MJ01A-06-PRESTA101,2,True,2021-11-19T00:00:00Z,2021-11-19T23:59:59Z,86400,86400,0,1.0,1.000573158,1.000000299,-0.002807061,0,0,0,0,-0.0,2.870036,21.801097,-7.644319e-12,0.002870035,0.02180109,False,0.022953,False
2021-11-20,RS01SLBS-MJ01A-06-PRESTA101,2,True,2021-11-20T00:00:00Z,2021-11-20T23:59:59Z,86400,86400,0,1.0,1.00053215,1.000000228,0.000657078,0,0,0,0,-0.0,3.042444,23.979428,-5.711162e-11,0.003042443,0.02397942,False,0.027547,False
2021-11-21,RS01SLBS-MJ01A-06-PRESTA101,2,True,2021-11-21T00:00:00Z,2021-11-21T23:59:59Z,86400,86400,0,1.0,1.000533104,1.000000306,0.003199996,0,0,0,0,-0.0,3.098868,22.649578,-8.737284e-11,0.003098867,0.02264957,False,0.027349,False
2021-11-22,RS01SLBS-MJ01A-06-PRESTA101,2,True,2021-11-22T00:00:00Z,2021-11-22T23:59:59Z,86400,86400,0,1.0,1.000535011,1.000000288,0.003234479,0,0,0,0,-0.0,3.005059,22.471262,-1.746745e-11,0.003005058,0.02247126,False,0.026157,False
2021-11-23,RS01SLBS-MJ01A-06-PRESTA101,2,True,2021-11-23T00:00:00Z,2021-11-23T23:59:59Z,86400,86400,0,1.0,1.000528336,1.000000317,0.000670483,0,0,0,0,-0.0,2.92259,23.9169,-9.807457e-11,0.00292259,0.02391689,False,0.02702,False
2021-11-24,RS01SLBS-MJ01A-06-PRESTA101,2,True,2021-11-24T00:00:00Z,2021-11-24T23:59:59Z,86400,86400,0,1.0,1.000538826,1.000000247,-0.000358225,0,0,0,0,0.0,2.895329,21.646542,2.997457e-11,0.002895328,0.02164654,False,0.022986,False
2021-11-25,RS01SLBS-MJ01A-06-PRESTA101,2,True,2021-11-25T00:00:00Z,2021-11-25T23:59:59Z,86400,86400,0,1.0,1.000538349,1.00000034,0.002372682,0,0,0,0,-0.0,3.045615,22.93504,-6.826768e-11,0.003045614,0.02293503,False,0.025509,False
2021-11-26,RS01SLBS-MJ01A-06-PRESTA101,2,True,2021-11-26T00:00:00Z,2021-11-26T23:59:59Z,86400,86400,0,1.0,1.000574112,1.000000324,0.000169705,0,0,0,0,-0.0,3.283909,23.827633,-4.370776e-11,0.003283908,0.02382763,False,0.022897,False
2021-11-27,RS01SLBS-MJ01A-06-PRESTA101,2,True,2021-11-27T00:00:00Z,2021-11-27T23:59:59Z,86400,86400,0,1.0,1.000533104,1.000000331,0.001587803,0,0,0,0,-0.0,2.956429,21.51517,-3.159625e-11,0.002956428,0.02151516,False,0.022845,False
2021-11-28,RS01SLBS-MJ01A-06-PRESTA101,2,True,2021-11-28T00:00:00Z,2021-11-28T23:59:59Z,86400,86400,0,1.0,1.000543118,1.000000318,0.002430383,0,0,0,0,-0.0,2.83076,21.795641,-1.042798e-10,0.002830759,0.02179563,False,0.026653,False
2021-11-29,RS01SLBS-MJ01A-06-PRESTA101,2,True,2021-11-29T00:00:00Z,2021-11-29T23:59:59Z,86400,86400,0,1.0,1.000541687,1.000000275,-0.011997961,0,0,0,0,-0.0,2.968896,22.749005,-7.96273e-11,0.002968896,0.022749,False,0.027016,False
2021-11-30,RS01SLBS-MJ01A-06-PRESTA101,2,True,2021-11-30T00:00:00Z,2021-11-30T23:59:59Z,86400,86400,0,1.0,1.000526905,1.000000296,0.000127563,0,0,0,0,-0.0,3.62544,22.740696,-4.457697e-12,0.003625439,0.02274069,False,0.02606,False
2021-12-01,RS01SLBS-MJ01A-06-PRESTA101,2,True,2021-12-01T00:00:00Z,2021-12-01T23:59:59Z,86400,86400,0,1.0,1.000527859,1.000000342,-0.000167887,0,0,0,0,-0.0,3.275727,25.319542,-1.323102e-10,0.003275725,0.02531953,False,0.026761,False
2021-12-02,RS01SLBS-MJ01A-06-PRESTA101,2,True,2021-12-02T00:00:00Z,2021-12-02T23:59:59Z,86400,86400,0,1.0,1.000521183,1.0000003,0.003621574,0,0,0,0,-0.0,2.913217,20.858656,-2.669095e-11,0.002913216,0.02085865,False,0.025504,False
2021-12-03,RS01SLBS-MJ01A-06-PRESTA101,2,True,2021-12-03T00:00:00Z,2021-12-03T23:59:59Z,86400,86400,0,1.0,1.000564098,1.000000295,0.003399885,0,0,0,0,-0.0,2.81878,22.964384,-6.777628e-11,0.002818779,0.02296438,False,0.027321,False
2021-12-04,RS01SLBS-MJ01A-06-PRESTA101,2,True,2021-12-04T00:00:00Z,2021-12-04T23:59:59Z,86400,86400,0,1.0,1.000520229,1.000000294,0.004860252,0,0,0,0,-0.0,2.92838,22.471574,-6.659183e-12,0.002928379,0.02247157,False,0.022881,False
2021-12-05,RS01SLBS-MJ01A-06-PRESTA101,2,True,2021-12-05T00:00:00Z,2021-12-05T23:59:59Z,86400,86400,0,1.0,1.000524044,1.000000296,-0.001155308,0,0,0,0,-0.0,2.839248,23.237515,-2.911241e-11,0.002839247,0.02323751,False,0.027262,False
2021-12-06,RS01SLBS-MJ01A-06-PRESTA101,2,True,2021-12-06T00:00:00Z,2021-12-06T23:59:59Z,86400,86400,0,1.0,1.000520706,1.000000331,-0.001254305,0,0,0,0,-0.0,2.973099,22.571601,-3.754307e-11,0.002973098,0.02257159,False,0.024221,False
2021-12-07,RS01SLBS-MJ01A-06-PRESTA101,2,True,2021-12-07T00:00:00Z,2021-12-07T23:59:59Z,86400,86400,0,1.0,1.000524998,1.000000286,-0.000376175,0,0,0,0,-0.0,3.561579,24.810448,-7.795464e-11,0.003561578,0.02481044,False,0.023031,False
2021-12-08,RS01SLBS-MJ01A-06-PRESTA101,2,True,2021-12-08T00:00:00Z,2021-12-08T23:59:59Z,86400,86400,0,1.0,1.000518322,1.000000263,0.002044815,0,0,0,0,-0.0,3.904642,26.732146,-2.510291e-11,0.003904641,0.02673214,False,0.024288,False
2021-12-09,RS01SLBS-MJ01A-06-PRESTA101,2,True,2021-12-09T00:00:00Z,2021-12-09T23:59:59Z,86400,86400,0,1.0,1.00052166,1.000000261,-0.000101537,0,0,0,0,-0.0,3.217689,22.619824,-2.235847e-11,0.003217688,0.02261982,False,0.025378,False
2021-12-10,RS01SLBS-MJ01A-06-PRESTA101,2,True,2021-12-10T00:00:00Z,2021-12-10T23:59:59Z,86400,86400,0,1.0,1.000563145,1.000000307,0.003193838,0,0,0,0,-0.0,3.476977,23.491075,-1.071931e-11,0.003476976,0.02349107,False,0.026971,False
2021-12-11,RS01SLBS-MJ01A-06-PRESTA101,2,True,2021-12-11T00:00:00Z,2021-12-11T23:59:59Z,86400,86400,0,1.0,1.000528812,1.000000308,-0.003907931,0,0,0,0,-0.0,3.052655,23.050658,-2.126118e-12,0.003052654,0.02305065,False,0.023555,False
2021-12-12,RS01SLBS-MJ01A-06-PRESTA101,2,True,2021-12-12T00:00:00Z,2021-12-12T23:59:59Z,86400,86400,0,1.0,1.000523567,1.000000286,-0.001246791,0,0,0,0,-0.0,3.605815,23.466924,-8.915201e-11,0.003605814,0.02346692,False,0.023749,False
2021-12-13,RS01SLBS-MJ01A-06-PRESTA101,2,True,2021-12-13T00:00:00Z,2021-12-13T23:59:59Z,86400,86400,0,1.0,1.000518799,1.000000241,0.005812286,0,0,0,0,-0.0,3.521146,23.095831,-9.987581e-12,0.003521145,0.02309583,False,0.024775,False
2021-12-14,RS01SLBS-MJ01A-06-PRESTA101,2,True,2021-12-14T00:00:00Z,2021-12-14T23:59:59Z,86400,86400,0,1.0,1.000525951,1.000000273,0.004751136,0,0,0,0,-0.0,3.120983,23.474341,-7.296167e-11,0.003120982,0.02347433,False,0.027017,False
2021-12-15,RS01SLBS-MJ01A-06-PRESTA101,2,True,2021-12-15T00:00:00Z,2021-12-15T23:59:59Z,86400,86400,0,1.0,1.000518799,1.000000274,0.001543656,0,0,0,0,-0.0,2.830088,22.282139,-1.613038e-10,0.002830088,0.02228213,False,0.027256,False
2021-12-16,RS01SLBS-MJ01A-06-PRESTA101,2,True,2021-12-16T00:00:00Z,2021-12-16T23:59:59Z,86400,86400,0,1.0,1.000524044,1.000000288,0.000966423,0,0,0,0,-0.0,3.705968,24.530292,-9.394699e-11,0.003705967,0.02453028,False,0.020487,False
2021-12-17,RS01SLBS-MJ01A-06-PRESTA101,2,True,2021-12-17T00:00:00Z,2021-12-17T23:59:59Z,86400,86400,0,1.0,1.00056076,1.000000284,-0.001234144,0,0,0,0,-0.0,2.79773,22.186255,-4.378649e-11,0.002797729,0.02218625,False,0.0253,False
2021-12-18,RS01SLBS-MJ01A-06-PRESTA101,2,True,2021-12-18T00:00:00Z,2021-12-18T23:59:59Z,86400,86400,0,1.0,1.000528812,1.00000029,-4.0661e-05,0,0,0,0,0.0,2.853587,22.146775,2.648682e-11,0.002853586,0.02214677,False,0.021779,False
2021-12-19,RS01SLBS-MJ01A-06-PRESTA101,2,True,2021-12-19T00:00:00Z,2021-12-19T23:59:59Z,86400,86400,0,1.0,1.000527859,1.000000253,9.3618e-05,0,0,3,3,-0.0,2.808775,20.435675,-1.845761e-11,0.002808774,0.02043567,False,0.021698,False
2021-12-20,RS01SLBS-MJ01A-06-PRESTA101,2,True,2021-12-20T00:00:00Z,2021-12-20T23:59:59Z,86138,86399,261,1.0,1.000524044,1.000000312,0.003774561,18,261,18,278,-0.0,2.85946,21.503993,-1.700562e-11,0.002859459,0.02150399,False,0.137587,True
2021-12-21,RS01SLBS-MJ01A-06-PRESTA101,2,True,2021-12-21T00:00:00Z,2021-12-21T23:59:59Z,86400,86400,0,1.0,1.000526905,1.000000293,-0.001383438,0,0,0,0,0.0,3.288157,22.05884,3.606735e-11,0.003288156,0.02205883,False,0.027324,False
2021-12-22,RS01SLBS-MJ01A-06-PRESTA101,2,True,2021-12-22T00:00:00Z,2021-12-22T23:59:59Z,86400,86400,0,1.0,1.000526905,1.000000306,0.002741019,0,0,0,0,-0.0,2.934346,22.514388,-2.135466e-11,0.002934345,0.02251438,False,0.022357,False
2021-12-23,RS01SLBS-MJ01A-06-PRESTA101,2,True,2021-12-23T00:00:00Z,2021-12-23T23:59:59Z,86400,86400,0,1.0,1.000529289,1.000000294,-0.001442008,0,0,0,0,0.0,2.900243,21.802069,7.608003e-12,0.002900242,0.02180206,False,0.022414,False
2021-12-24,RS01SLBS-MJ01A-06-PRESTA101,2,True,2021-12-24T00:00:00Z,2021-12-24T23:59:59Z,86400,86400,0,1.0,1.000564098,1.000000283,-0.001218235,0,0,0,0,-0.0,2.827998,22.954289,-1.35423e-10,0.002827997,0.02295428,False,0.023305,False
2021-12-25,RS01SLBS-MJ01A-06-PRESTA101,2,True,2021-12-25T00:00:00Z,2021-12-25T23:59:59Z,86400,86400,0,1.0,1.000529289,1.000000306,0.001565773,0,0,0,0,0.0,2.799772,21.338833,5.376624e-12,0.002799771,0.02133883,False,0.020594,False
2021-12-26,RS01SLBS-MJ01A-06-PRESTA101,2,True,2021-12-26T00:00:00Z,2021-12-26T23:59:59Z,86400,86400,0,1.0,1.000517845,1.000000315,0.001641486,0,0,0,0,0.0,2.985866,22.087041,1.405868e-11,0.002985865,0.02208703,False,0.024896,False
2021-12-27,RS01SLBS-MJ01A-06-PRESTA101,2,True,2021-12-27T00:00:00Z,2021-12-27T23:59:59Z,86400,86400,0,1.0,1.000529289,1.000000322,-0.000295669,0,0,0,0,-0.0,2.916398,22.268961,-3.255887e-11,0.002916397,0.02226895,False,0.026272,False
2021-12-28,RS01SLBS-MJ01A-06-PRESTA101,2,True,2021-12-28T00:00:00Z,2021-12-28T23:59:59Z,86400,86400,0,1.0,1.000522614,1.00000031,-0.002434981,0,0,0,0,-0.0,3.077673,23.610401,-7.583121e-11,0.003077672,0.02361039,False,0.026732,False
2021-12-29,RS01SLBS-MJ01A-06-PRESTA101,2,True,2021-12-29T00:00:00Z,2021-12-29T23:59:59Z,86400,86400,0,1.0,1.000520706,1.000000276,-0.003246262,0,0,0,0,-0.0,2.899674,22.290093,-6.44276e-11,0.002899673,0.02229009,False,0.025379,False
2021-12-30,RS01SLBS-MJ01A-06-PRESTA101,2,True,2021-12-30T00:00:00Z,2021-12-30T23:59:59Z,86400,86400,0,1.0,1.000519276,1.000000309,-0.000436463,0,0,0,0,-0.0,3.015979,21.528388,-2.863054e-11,0.003015978,0.02152838,False,0.020541,False
2021-12-31,RS01SLBS-MJ01A-06-PRESTA101,2,True,2021-12-31T00:00:00Z,2021-12-31T23:59:59Z,86400,86400,0,1.0,1.000566959,1.000000301,0.00075819,0,0,0,0,-0.0,2.822927,23.318181,-5.977526e-11,0.002822926,0.02331817,False,0.026958,False
2022-01-01,RS01SLBS-MJ01A-06-PRESTA101,2,True,2022-01-01T00:00:00Z,2022-01-01T23:59:59Z,86400,86400,0,1.0,1.000520229,1.000000285,-0.000559411,0,0,0,0,-0.0,2.862817,21.319159,-1.574074e-11,0.002862816,0.02131915,False,0.023595,False
2022-01-02,RS01SLBS-MJ01A-06-PRESTA101,2,True,2022-01-02T00:00:00Z,2022-01-02T23:59:59Z,86400,86400,0,1.0,1.00052309,1.00000029,0.004174746,0,0,0,0,-0.0,2.931319,21.341914,-3.294676e-11,0.002931318,0.02134191,False,0.025388,False
2022-01-03,RS01SLBS-MJ01A-06-PRESTA101,2,True,2022-01-03T00:00:00Z,2022-01-03T23:59:59Z,86160,86400,240,1.0,1.000519276,1.000000309,-0.003263336,1,240,1,240,-0.0,2.893381,22.210285,-1.479463e-11,0.00289338,0.02221028,False,0.122119,True
2022-01-04,RS01SLBS-MJ01A-06-PRESTA101,2,True,2022-01-04T00:00:00Z,2022-01-04T23:59:59Z,86400,86400,0,1.0,1.00052309,1.000000296,-0.000963255,0,0,0,0,-0.0,2.96087,22.873021,-3.880322e-11,0.002960869,0.02287301,False,0.023516,False
2022-01-05,RS01SLBS-MJ01A-06-PRESTA101,2,True,2022-01-05T00:00:00Z,2022-01-05T23:59:59Z,86400,86400,0,1.0,1.000522137,1.000000299,0.001857475,0,0,0,0,-0.0,2.861063,21.068253,-3.002527e-11,0.002861062,0.02106825,False,0.024888,False
2022-01-06,RS01SLBS-MJ01A-06-PRESTA101,2,True,2022-01-06T00:00:00Z,2022-01-06T23:59:59Z,86400,86400,0,1.0,1.000527382,1.000000323,-0.002017564,0,0,0,0,-0.0,3.056316,23.571308,-5.950458e-12,0.003056315,0.0235713,False,0.024051,False
2022-01-07,RS01SLBS-MJ01A-06-PRESTA101,2,True,2022-01-07T00:00:00Z,2022-01-07T23:59:59Z,86400,86400,0,1.0,1.000567913,1.000000354,-0.015810892,0,0,0,0,-0.0,2.889203,23.334372,-9.768042e-11,0.002889202,0.02333436,False,0.027005,False
2022-01-08,RS01SLBS-MJ01A-06-PRESTA101,2,True,2022-01-08T00:00:00Z,2022-01-08T23:59:59Z,86400,86400,0,1.0,1.00052309,1.000000313,-0.005402519,0,0,0,0,-0.0,3.030346,22.315847,-5.446743e-11,0.003030345,0.02231584,False,0.0241,False
2022-01-09,RS01SLBS-MJ01A-06-PRESTA101,2,True,2022-01-09T00:00:00Z,2022-01-09T23:59:59Z,86400,86400,0,1.0,1.000525951,1.000000328,0.000601534,0,0,0,0,-0.0,3.248437,22.974794,-9.953069e-11,0.003248436,0.02297479,False,0.0248,False
2022-01-10,RS01SLBS-MJ01A-06-PRESTA101,2,True,2022-01-10T00:00:00Z,2022-01-10T23:59:59Z,86400,86400,0,1.0,1.000522614,1.000000331,-0.001306366,0,0,0,0,-0.0,2.907911,21.429018,-4.76426e-11,0.00290791,0.02142901,False,0.021913,False
2022-01-11,RS01SLBS-MJ01A-06-PRESTA101,2,True,2022-01-11T00:00:00Z,2022-01-11T23:59:59Z,86400,86400,0,1.0,1.00053215,1.000000304,0.001515139,0,0,0,0,-0.0,3.060702,24.0248,-4.325552e-12,0.003060701,0.02402479,False,0.026825,False
2022-01-12,RS01SLBS-MJ01A-06-PRESTA101,2,True,2022-01-12T00:00:00Z,2022-01-12T23:59:59Z,86400,86400,0,1.0,1.000524998,1.000000259,-0.000141587,0,0,0,0,-0.0,2.977783,23.334009,-9.595245e-11,0.002977782,0.023334,False,0.027257,False
2022-01-13,RS01SLBS-MJ01A-06-PRESTA101,2,True,2022-01-13T00:00:00Z,2022-01-13T23:59:59Z,86400,86400,0,1.0,1.000526905,1.000000282,0.001082932,0,0,0,0,-0.0,2.955421,22.234286,-2.069597e-11,0.00295542,0.02223428,False,0.020824,False
2022-01-14,RS01SLBS-MJ01A-06-PRESTA101,2,True,2022-01-14T00:00:00Z,2022-01-14T23:59:59Z,86400,86400,0,1.0,1.000563145,1.000000293,0.003833375,0,0,0,0,-0.0,2.854556,22.532914,-8.243774e-11,0.002854555,0.02253291,False,0.025023,False
2022-01-15,RS01SLBS-MJ01A-06-PRESTA101,2,True,2022-01-15T00:00:00Z,2022-01-15T23:59:59Z,86400,86400,0,1.0,1.000535011,1.000000324,-0.001143292,0,0,0,0,0.0,2.907444,22.225268,2.346511e-12,0.002907443,0.02222526,False,0.023625,False
2022-01-16,RS01SLBS-MJ01A-06-PRESTA101,2,True,2022-01-16T00:00:00Z,2022-01-16T23:59:59Z,86400,86400,0,1.0,1.000524044,1.000000281,-0.00036901,0,0,0,0,0.0,3.310553,23.185548,3.576656e-11,0.003310552,0.02318554,False,0.023522,False
2022-01-17,RS01SLBS-MJ01A-06-PRESTA101,2,True,2022-01-17T00:00:00Z,2022-01-17T23:59:59Z,86400,86400,0,1.0,1.000517845,1.000000278,-0.000831026,0,0,0,0,-0.0,2.846873,22.18771,-4.588634e-11,0.002846872,0.0221877,False,0.026304,False
2022-01-18,RS01SLBS-MJ01A-06-PRESTA101,2,True,2022-01-18T00:00:00Z,2022-01-18T23:59:59Z,86400,86400,0,1.0,1.000527382,1.00000029,-0.011761994,0,0,0,0,-0.0,2.7883,21.661753,-5.184824e-11,0.0027883,0.02166175,False,0.026062,False
2022-01-19,RS01SLBS-MJ01A-06-PRESTA101,2,True,2022-01-19T00:00:00Z,2022-01-19T23:59:59Z,86400,86400,0,1.0,1.00052309,1.000000326,-0.000127137,0,0,0,0,-0.0,2.940833,22.255375,-5.430364e-11,0.002940832,0.02225537,False,0.026668,False
2022-01-20,RS01SLBS-MJ01A-06-PRESTA101,2,True,2022-01-20T00:00:00Z,2022-01-20T23:59:59Z,86400,86400,0,1.0,1.000522137,1.000000287,-0.00107897,0,0,0,0,-0.0,3.032087,21.736905,-8.246671e-11,0.003032086,0.0217369,False,0.022329,False
2022-01-21,RS01SLBS-MJ01A-06-PRESTA101,2,True,2022-01-21T00:00:00Z,2022-01-21T23:59:59Z,86400,86400,0,1.0,1.00056839,1.000000277,0.001755857,0,0,0,0,-0.0,2.964736,23.031506,-1.550361e-11,0.002964735,0.0230315,False,0.026325,False
2022-01-22,RS01SLBS-MJ01A-06-PRESTA101,2,True,2022-01-22T00:00:00Z,2022-01-22T23:59:59Z,86400,86400,0,1.0,1.000524998,1.000000308,-0.000429497,0,0,0,0,-0.0,3.072478,23.649517,-8.869371e-11,0.003072477,0.02364951,False,0.023712,False
2022-01-23,RS01SLBS-MJ01A-06-PRESTA101,2,True,2022-01-23T00:00:00Z,2022-01-23T23:59:59Z,86400,86400,0,1.0,1.000524998,1.000000235,0.000102084,0,0,0,0,-0.0,4.502003,25.521229,-4.004606e-11,0.004502002,0.02552122,False,0.024647,False
2022-01-24,RS01SLBS-MJ01A-06-PRESTA101,2,True,2022-01-24T00:00:00Z,2022-01-24T23:59:59Z,86400,86400,0,1.0,1.000532627,1.000000316,0.000806969,0,0,0,0,-0.0,3.629619,24.397425,-5.282266e-11,0.003629618,0.02439742,False,0.02068,False
2022-01-25,RS01SLBS-MJ01A-06-PRESTA101,2,True,2022-01-25T00:00:00Z,2022-01-25T23:59:59Z,86400,86400,0,1.0,1.000530243,1.000000294,-0.000709466,0,0,0,0,-0.0,3.273396,22.548512,-3.472878e-11,0.003273395,0.0225485,False,0.025372,False
2022-01-26,RS01SLBS-MJ01A-06-PRESTA101,2,True,2022-01-26T00:00:00Z,2022-01-26T23:59:59Z,86400,86400,0,1.0,1.000526905,1.000000282,0.001137999,0,0,0,0,0.0,2.814343,21.634152,1.819098e-11,0.002814342,0.02163415,False,0.025469,False
2022-01-27,RS01SLBS-MJ01A-06-PRESTA101,2,True,2022-01-27T00:00:00Z,2022-01-27T23:59:59Z,86400,86400,0,1.0,1.00053215,1.000000302,0.000193203,0,0,0,0,-0.0,2.867294,21.160598,-3.632941e-11,0.002867293,0.02116059,False,0.025361,False
2022-01-28,RS01SLBS-MJ01A-06-PRESTA101,2,True,2022-01-28T00:00:00Z,2022-01-28T23:59:59Z,86399,86399,0,1.0,1.000566006,1.000000301,-0.000366406,0,0,21,21,-0.0,2.939185,22.172302,-4.173801e-11,0.002939184,0.0221723,False,0.024801,False
2022-01-29,RS01SLBS-MJ01A-06-PRESTA101,2,True,2022-01-29T00:00:00Z,2022-01-29T23:59:59Z,86400,86400,0,1.0,1.000524998,1.000000343,-0.003442095,0,0,11,11,-0.0,2.996448,23.152857,-5.728027e-11,0.002996447,0.02315285,False,0.02683,False
2022-01-30,RS01SLBS-MJ01A-06-PRESTA101,2,True,2022-01-30T00:00:00Z,2022-01-30T23:59:59Z,86400,86400,0,1.0,1.000520229,1.000000326,0.004177949,0,0,0,0,-0.0,2.954702,23.471545,-1.891763e-11,0.002954701,0.02347154,False,0.025836,False
2022-01-31,RS01SLBS-MJ01A-06-PRESTA101,2,True,2022-01-31T00:00:00Z,2022-01-31T23:59:59Z,86400,86400,0,1.0,1.000525951,1.000000261,0.000772351,0,0,0,0,0.0,8.324162,29.253051,2.55776e-11,0.008324159,0.02925304,False,0.026222,False
2022-02-01,RS01SLBS-MJ01A-06-PRESTA101,2,True,2022-02-01T00:00:00Z,2022-02-01T23:59:59Z,86400,86400,0,1.0,1.000524998,1.000000373,0.012522775,0,0,0,0,-0.0,4.151867,24.734545,-6.760312e-11,0.004151865,0.02473454,False,0.027086,False
2022-02-02,RS01SLBS-MJ01A-06-PRESTA101,2,True,2022-02-02T00:00:00Z,2022-02-02T23:59:59Z,86400,86400,0,1.0,1.000524998,1.000000292,0.003730678,0,0,0,0,-0.0,3.055421,22.488994,-3.974086e-11,0.00305542,0.02248899,False,0.027209,False
2022-02-03,RS01SLBS-MJ01A-06-PRESTA101,2,True,2022-02-03T00:00:00Z,2022-02-03T23:59:59Z,86400,86400,0,1.0,1.000535011,1.00000027,0.000282785,0,0,0,0,0.0,2.962765,21.484559,2.721474e-12,0.002962764,0.02148455,False,0.023494,False
2022-02-04,RS01SLBS-MJ01A-06-PRESTA101,2,True,2022-02-04T00:00:00Z,2022-02-04T23:59:59Z,86400,86400,0,1.0,1.000562191,1.00000029,-4.9558e-05,0,0,0,0,-0.0,3.519981,24.891127,-8.230403e-11,0.00351998,0.02489112,False,0.027078,False
2022-02-05,RS01SLBS-MJ01A-06-PRESTA101,2,True,2022-02-05T00:00:00Z,2022-02-05T23:59:59Z,86400,86400,0,1.0,1.000529766,1.000000287,0.002462158,0,0,0,0,0.0,3.431058,25.65273,2.418238e-11,0.003431057,0.02565272,False,0.023557,False
2022-02-06,RS01SLBS-MJ01A-06-PRESTA101,2,True,2022-02-06T00:00:00Z,2022-02-06T23:59:59Z,86400,86400,0,1.0,1.000529766,1.000000298,0.007072445,0,0,0,0,-0.0,4.160852,26.175931,-5.907503e-12,0.004160851,0.02617592,False,0.025442,False
2022-02-07,RS01SLBS-MJ01A-06-PRESTA101,2,True,2022-02-07T00:00:00Z,2022-02-07T23:59:59Z,86400,86400,0,1.0,1.000526905,1.000000298,-0.001060449,0,0,0,0,-0.0,3.275958,24.29584,-1.123621e-10,0.003275957,0.02429583,False,0.02171,False
2022-02-08,RS01SLBS-MJ01A-06-PRESTA101,2,True,2022-02-08T00:00:00Z,2022-02-08T23:59:59Z,86400,86400,0,1.0,1.000540733,1.000000355,-0.002999547,0,0,0,0,-0.0,3.465829,22.942779,-1.377185e-11,0.003465828,0.02294277,False,0.024963,False
2022-02-09,RS01SLBS-MJ01A-06-PRESTA101,2,True,2022-02-09T00:00:00Z,2022-02-09T23:59:59Z,86400,86400,0,1.0,1.000517845,1.000000285,-0.000348649,0,0,0,0,0.0,2.852682,22.493844,9.096443e-12,0.002852681,0.02249384,False,0.026677,False
2022-02-10,RS01SLBS-MJ01A-06-PRESTA101,2,True,2022-02-10T00:00:00Z,2022-02-10T23:59:59Z,86400,86400,0,1.0,1.000524998,1.00000028,0.000589726,0,0,0,0,0.0,2.801583,20.6684,1.536179e-11,0.002801583,0.02066839,False,0.023471,False
2022-02-11,RS01SLBS-MJ01A-06-PRESTA101,2,True,2022-02-11T00:00:00Z,2022-02-11T23:59:59Z,86400,86400,0,1.0,1.00056076,1.000000254,0.002011578,0,0,0,0,-0.0,2.917716,23.960538,-4.926639e-11,0.002917715,0.02396053,False,0.0248,False
2022-02-12,RS01SLBS-MJ01A-06-PRESTA101,2,True,2022-02-12T00:00:00Z,2022-02-12T23:59:59Z,86400,86400,0,1.0,1.00053072,1.000000306,0.001241358,0,0,0,0,0.0,2.93875,23.653517,1.089884e-11,0.002938749,0.02365351,False,0.026815,False
2022-02-13,RS01SLBS-MJ01A-06-PRESTA101,2,True,2022-02-13T00:00:00Z,2022-02-13T23:59:59Z,86400,86400,0,1.0,1.000526905,1.000000309,0.001696664,0,0,0,0,-0.0,2.80154,22.529826,-6.297316e-11,0.00280154,0.02252982,False,0.02466,False
2022-02-14,RS01SLBS-MJ01A-06-PRESTA101,2,True,2022-02-14T00:00:00Z,2022-02-14T23:59:59Z,86400,86400,0,1.0,1.000525951,1.000000285,0.000227355,0,0,0,0,0.0,2.807271,21.063419,9.591023e-12,0.00280727,0.02106341,False,0.020916,False
2022-02-15,RS01SLBS-MJ01A-06-PRESTA101,2,True,2022-02-15T00:00:00Z,2022-02-15T23:59:59Z,86400,86400,0,1.0,1.000524044,1.00000029,-0.001178817,0,0,0,0,-0.0,2.891839,22.723812,-7.208005e-11,0.002891838,0.02272381,False,0.02671,False
2022-02-16,RS01SLBS-MJ01A-06-PRESTA101,2,True,2022-02-16T00:00:00Z,2022-02-16T23:59:59Z,86400,86400,0,1.0,1.000526905,1.000000293,-0.000324561,0,0,0,0,-0.0,3.066271,23.915333,-2.216347e-11,0.00306627,0.02391533,False,0.02668,False
2022-02-17,RS01SLBS-MJ01A-06-PRESTA101,2,True,2022-02-17T00:00:00Z,2022-02-17T23:59:59Z,86400,86400,0,1.0,1.000529766,1.000000297,-0.001408249,0,0,0,0,-0.0,2.866009,23.207527,-4.980518e-11,0.002866008,0.02320752,False,0.027021,False
2022-02-18,RS01SLBS-MJ01A-06-PRESTA101,2,True,2022-02-18T00:00:00Z,2022-02-18T23:59:59Z,86400,86400,0,1.0,1.000565052,1.000000296,-0.002022761,0,0,0,0,-0.0,2.803636,21.546297,-2.515163e-11,0.002803635,0.02154629,False,0.024898,False
2022-02-19,RS01SLBS-MJ01A-06-PRESTA101,2,True,2022-02-19T00:00:00Z,2022-02-19T23:59:59Z,86400,86400,0,1.0,1.00052166,1.000000292,0.000158025,0,0,0,0,0.0,2.85937,22.123861,2.773015e-12,0.002859369,0.02212385,False,0.02537,False
2022-02-20,RS01SLBS-MJ01A-06-PRESTA101,2,True,2022-02-20T00:00:00Z,2022-02-20T23:59:59Z,86400,86400,0,1.0,1.000526905,1.000000304,0.001201503,0,0,0,0,-0.0,3.124896,21.887792,-4.625901e-11,0.003124895,0.02188779,False,0.026653,False
2022-02-21,RS01SLBS-MJ01A-06-PRESTA101,2,True,2022-02-21T00:00:00Z,2022-02-21T23:59:59Z,86400,86400,0,1.0,1.000534058,1.000000294,0.002033143,0,0,0,0,-0.0,2.788334,21.637849,-7.428111e-11,0.002788333,0.02163784,False,0.026587,False
2022-02-22,RS01SLBS-MJ01A-06-PRESTA101,2,True,2022-02-22T00:00:00Z,2022-02-22T23:59:59Z,86400,86400,0,1.0,1.000534058,1.000000295,0.000737445,0,0,0,0,-0.0,2.893266,21.44419,-5.204945e-11,0.002893265,0.02144418,False,0.022187,False
2022-02-23,RS01SLBS-MJ01A-06-PRESTA101,2,True,2022-02-23T00:00:00Z,2022-02-23T23:59:59Z,86400,86400,0,1.0,1.000533104,1.000000295,0.000779739,0,0,0,0,-0.0,2.897081,23.866317,-4.117736e-11,0.00289708,0.02386631,False,0.024777,False
2022-02-24,RS01SLBS-MJ01A-06-PRESTA101,2,True,2022-02-24T00:00:00Z,2022-02-24T23:59:59Z,86400,86400,0,1.0,1.000524044,1.000000286,0.00126799,0,0,0,0,-0.0,2.811367,22.645896,-8.616959e-12,0.002811367,0.02264589,False,0.025999,False
2022-02-25,RS01SLBS-MJ01A-06-PRESTA101,2,True,2022-02-25T00:00:00Z,2022-02-25T23:59:59Z,86400,86400,0,1.0,1.000564098,1.0000003,-7.1882e-05,0,0,0,0,-0.0,2.812693,22.842534,-5.733133e-11,0.002812693,0.02284253,False,0.025205,False
2022-02-26,RS01SLBS-MJ01A-06-PRESTA101,2,True,2022-02-26T00:00:00Z,2022-02-26T23:59:59Z,86400,86400,0,1.0,1.000524044,1.00000028,-0.012114962,0,0,0,0,-0.0,3.099088,22.851832,-3.116005e-11,0.003099087,0.02285183,False,0.024214,False
2022-02-27,RS01SLBS-MJ01A-06-PRESTA101,2,True,2022-02-27T00:00:00Z,2022-02-27T23:59:59Z,86400,86400,0,1.0,1.000525951,1.00000029,-0.001026209,0,0,0,0,-0.0,2.867542,23.082514,-5.244985e-11,0.002867541,0.02308251,False,0.023139,False
2022-02-28,RS01SLBS-MJ01A-06-PRESTA101,2,True,2022-02-28T00:00:00Z,2022-02-28T23:59:59Z,86400,86400,0,1.0,1.000526905,1.000000277,-0.001466718,0,0,0,0,-0.0,2.935126,21.261863,-4.372717e-11,0.002935125,0.02126186,False,0.024952,False
2022-03-01,RS01SLBS-MJ01A-06-PRESTA101,2,True,2022-03-01T00:00:00Z,2022-03-01T23:59:59Z,85132,86400,1268,1.0,1.000524044,1.000000281,0.003184339,2,1268,2,1268,-0.0,2.934867,21.579617,-4.260484e-11,0.002934866,0.02157961,False,0.443711,True
2022-03-02,RS01SLBS-MJ01A-06-PRESTA101,2,True,2022-03-02T00:00:00Z,2022-03-02T23:59:59Z,86400,86400,0,1.0,1.000521183,1.000000285,0.004325788,0,0,0,0,-0.0,2.919408,22.634943,-8.93986e-11,0.002919407,0.02263494,False,0.026709,False
2022-03-03,RS01SLBS-MJ01A-06-PRESTA101,2,True,2022-03-03T00:00:00Z,2022-03-03T23:59:59Z,86400,86400,0,1.0,1.000529289,1.000000304,-0.000907858,0,0,0,0,-0.0,2.883184,22.059856,-5.686841e-11,0.002883183,0.02205985,False,0.021829,False
2022-03-04,RS01SLBS-MJ01A-06-PRESTA101,2,True,2022-03-04T00:00:00Z,2022-03-04T23:59:59Z,86400,86400,0,1.0,1.000568867,1.000000283,-0.002325766,0,0,0,0,-0.0,2.929202,20.570032,-3.614771e-11,0.002929201,0.02057003,False,0.020677,False
2022-03-05,RS01SLBS-MJ01A-06-PRESTA101,2,True,2022-03-05T00:00:00Z,2022-03-05T23:59:59Z,86400,86400,0,1.0,1.000525951,1.00000029,0.001147735,0,0,0,0,0.0,3.143474,23.141003,1.571135e-11,0.003143473,0.023141,False,0.022513,False
2022-03-06,RS01SLBS-MJ01A-06-PRESTA101,2,True,2022-03-06T00:00:00Z,2022-03-06T23:59:59Z,86400,86400,0,1.0,1.000528336,1.00000028,0.0051429,0,0,0,0,-0.0,2.905056,23.472141,-2.035871e-11,0.002905055,0.02347213,False,0.026102,False
2022-03-07,RS01SLBS-MJ01A-06-PRESTA101,2,True,2022-03-07T00:00:00Z,2022-03-07T23:59:59Z,86400,86400,0,1.0,1.000519753,1.000000307,0.00171151,0,0,0,0,-0.0,2.892453,22.509601,-6.915752e-11,0.002892452,0.02250959,False,0.024132,False
2022-03-08,RS01SLBS-MJ01A-06-PRESTA101,2,True,2022-03-08T00:00:00Z,2022-03-08T23:59:59Z,86400,86400,0,1.0,1.000537395,1.000000293,0.001274844,0,0,0,0,-0.0,2.806111,22.526722,-1.706639e-11,0.00280611,0.02252672,False,0.025487,False
2022-03-09,RS01SLBS-MJ01A-06-PRESTA101,2,True,2022-03-09T00:00:00Z,2022-03-09T23:59:59Z,86399,86399,0,1.0,1.000536919,1.000000279,-0.009387125,0,0,24,24,0.0,2.839341,21.806927,5.176048e-12,0.002839341,0.02180692,False,0.023506,False
2022-03-10,RS01SLBS-MJ01A-06-PRESTA101,2,True,2022-03-10T00:00:00Z,2022-03-10T23:59:59Z,86400,86400,0,1.0,1.00052309,1.000000302,5.7756e-05,0,0,9,9,-0.0,2.845958,22.753887,-3.23048e-12,0.002845957,0.02275388,False,0.024854,False
2022-03-11,RS01SLBS-MJ01A-06-PRESTA101,2,True,2022-03-11T00:00:00Z,2022-03-11T23:59:59Z,86400,86400,0,1.0,1.000563145,1.000000284,-0.003069749,0,0,0,0,-0.0,2.956898,22.338862,-1.159579e-10,0.002956897,0.02233886,False,0.023783,False
2022-03-12,RS01SLBS-MJ01A-06-PRESTA101,2,True,2022-03-12T00:00:00Z,2022-03-12T23:59:59Z,86400,86400,0,1.0,1.000522137,1.000000294,-0.001382084,0,0,0,0,-0.0,2.830526,22.4294,-5.429516e-11,0.002830525,0.02242939,False,0.026759,False
2022-03-13,RS01SLBS-MJ01A-06-PRESTA101,2,True,2022-03-13T00:00:00Z,2022-03-13T23:59:59Z,86400,86400,0,1.0,1.000525475,1.000000278,0.002709902,0,0,0,0,-0.0,2.87149,22.254454,-1.125995e-10,0.002871489,0.02225445,False,0.024027,False
2022-03-14,RS01SLBS-MJ01A-06-PRESTA101,2,True,2022-03-14T00:00:00Z,2022-03-14T23:59:59Z,86400,86400,0,1.0,1.000521183,1.000000284,0.003143865,0,0,0,0,0.0,2.925488,21.511393,2.985868e-11,0.002925487,0.02151139,False,0.022924,False
2022-03-15,RS01SLBS-MJ01A-06-PRESTA101,2,True,2022-03-15T00:00:00Z,2022-03-15T23:59:59Z,86400,86400,0,1.0,1.000522137,1.000000272,0.004473046,0,0,0,0,-0.0,2.846783,21.579821,-1.13991e-10,0.002846783,0.02157982,False,0.024886,False
2022-03-16,RS01SLBS-MJ01A-06-PRESTA101,2,True,2022-03-16T00:00:00Z,2022-03-16T23:59:59Z,86400,86400,0,1.0,1.000522137,1.000000281,0.000485505,0,0,0,0,-0.0,2.840792,21.93321,-3.445198e-11,0.002840792,0.0219332,False,0.026594,False
2022-03-17,RS01SLBS-MJ01A-06-PRESTA101,2,True,2022-03-17T00:00:00Z,2022-03-17T23:59:59Z,86400,86400,0,1.0,1.000522137,1.000000286,-2.4759e-05,0,0,0,0,-0.0,2.863446,23.095689,-4.105044e-11,0.002863445,0.02309568,False,0.026059,False
2022-03-18,RS01SLBS-MJ01A-06-PRESTA101,2,True,2022-03-18T00:00:00Z,2022-03-18T23:59:59Z,86400,86400,0,1.0,1.000564098,1.000000319,0.00384194,0,0,0,0,-0.0,3.261999,23.87473,-1.342152e-11,0.003261998,0.02387472,False,0.020797,False
2022-03-19,RS01SLBS-MJ01A-06-PRESTA101,2,True,2022-03-19T00:00:00Z,2022-03-19T23:59:59Z,86400,86400,0,1.0,1.000519753,1.000000309,-0.000359318,0,0,0,0,-0.0,2.914234,21.48218,-6.190775e-11,0.002914233,0.02148217,False,0.023145,False
2022-03-20,RS01SLBS-MJ01A-06-PRESTA101,2,True,2022-03-20T00:00:00Z,2022-03-20T23:59:59Z,86400,86400,0,1.0,1.000526905,1.000000306,0.000776171,0,0,0,0,-0.0,2.963031,22.244917,-2.297549e-11,0.00296303,0.02224491,False,0.0254,False
2022-03-21,RS01SLBS-MJ01A-06-PRESTA101,2,True,2022-03-21T00:00:00Z,2022-03-21T23:59:59Z,86400,86400,0,1.0,1.000524044,1.00000035,-0.004118583,0,0,0,0,-0.0,3.485111,23.462399,-2.605627e-11,0.00348511,0.02346239,False,0.024808,False
2022-03-22,RS01SLBS-MJ01A-06-PRESTA101,2,True,2022-03-22T00:00:00Z,2022-03-22T23:59:59Z,86400,86400,0,1.0,1.000525951,1.000000301,-0.004415885,0,0,0,0,-0.0,2.892052,24.082949,-3.576873e-11,0.002892052,0.02408294,False,0.021757,False
2022-03-23,RS01SLBS-MJ01A-06-PRESTA101,2,True,2022-03-23T00:00:00Z,2022-03-23T23:59:59Z,86400,86400,0,1.0,1.000527859,1.000000325,0.000483005,0,0,0,0,-0.0,2.918642,23.313476,-5.770119e-11,0.002918641,0.02331347,False,0.027283,False
2022-03-24,RS01SLBS-MJ01A-06-PRESTA101,2,True,2022-03-24T00:00:00Z,2022-03-24T23:59:59Z,86400,86400,0,1.0,1.00053215,1.0000003,-0.005291724,0,0,0,0,-0.0,3.370694,23.233558,-1.133345e-10,0.003370693,0.02323355,False,0.024828,False
2022-03-25,RS01SLBS-MJ01A-06-PRESTA101,2,True,2022-03-25T00:00:00Z,2022-03-25T23:59:59Z,86400,86400,0,1.0,1.000572205,1.000000295,-0.002355583,0,0,0,0,-0.0,2.928942,21.945631,-9.898338e-12,0.002928941,0.02194562,False,0.023326,False
2022-03-26,RS01SLBS-MJ01A-06-PRESTA101,2,True,2022-03-26T00:00:00Z,2022-03-26T23:59:59Z,86400,86400,0,1.0,1.000534058,1.000000305,-0.000783924,0,0,0,0,-0.0,2.8256,23.094387,-3.809662e-11,0.002825599,0.02309438,False,0.026666,False
2022-03-27,RS01SLBS-MJ01A-06-PRESTA101,2,True,2022-03-27T00:00:00Z,2022-03-27T23:59:59Z,86400,86400,0,1.0,1.000533104,1.000000291,0.001723371,0,0,0,0,-0.0,2.978935,22.667974,-4.606167e-11,0.002978934,0.02266797,False,0.026846,False
2022-03-28,RS01SLBS-MJ01A-06-PRESTA101,2,True,2022-03-28T00:00:00Z,2022-03-28T23:59:59Z,86400,86400,0,1.0,1.000534058,1.000000287,-0.000267102,0,0,0,0,-0.0,2.843381,22.589542,-8.592573e-11,0.00284338,0.02258954,False,0.026065,False
2022-03-29,RS01SLBS-MJ01A-06-PRESTA101,2,True,2022-03-29T00:00:00Z,2022-03-29T23:59:59Z,86400,86400,0,1.0,1.000533104,1.000000302,-0.000543666,0,0,0,0,0.0,2.893895,21.546186,7.817631e-12,0.002893894,0.02154618,False,0.026495,False
2022-03-30,RS01SLBS-MJ01A-06-PRESTA101,2,True,2022-03-30T00:00:00Z,2022-03-30T23:59:59Z,86400,86400,0,1.0,1.000535011,1.000000309,0.003388995,0,0,0,0,-0.0,2.947097,22.20454,-3.371199e-11,0.002947096,0.02220453,False,0.024823,False
2022-03-31,RS01SLBS-MJ01A-06-PRESTA101,2,True,2022-03-31T00:00:00Z,2022-03-31T23:59:59Z,86400,86400,0,1.0,1.000527859,1.000000299,0.001393844,0,0,0,0,-0.0,2.848683,22.257877,-1.774542e-11,0.002848682,0.02225787,False,0.024831,False
2022-04-01,RS01SLBS-MJ01A-06-PRESTA101,2,True,2022-04-01T00:00:00Z,2022-04-01T23:59:59Z,86400,86400,0,1.0,1.000566959,1.000000309,-0.000191353,0,0,0,0,-0.0,2.979284,22.013909,-5.494843e-11,0.002979283,0.0220139,False,0.026867,False
2022-04-02,RS01SLBS-MJ01A-06-PRESTA101,2,True,2022-04-02T00:00:00Z,2022-04-02T23:59:59Z,86400,86400,0,1.0,1.000528812,1.000000314,-0.00286134,0,0,0,0,-0.0,2.824392,22.761896,-2.838221e-11,0.002824392,0.02276189,False,0.02544,False
2022-04-03,RS01SLBS-MJ01A-06-PRESTA101,2,True,2022-04-03T00:00:00Z,2022-04-03T23:59:59Z,86400,86400,0,1.0,1.000537872,1.000000313,-0.002755054,0,0,0,0,-0.0,2.861167,24.105458,-5.296977e-11,0.002861166,0.02410545,False,0.026655,False
2022-04-04,RS01SLBS-MJ01A-06-PRESTA101,2,True,2022-04-04T00:00:00Z,2022-04-04T23:59:59Z,86400,86400,0,1.0,1.000538349,1.000000286,0.000977825,0,0,0,0,-0.0,3.106093,23.995558,-2.438228e-11,0.003106092,0.02399555,False,0.025452,False
2022-04-05,RS01SLBS-MJ01A-06-PRESTA101,2,True,2022-04-05T00:00:00Z,2022-04-05T23:59:59Z,86400,86400,0,1.0,1.000527382,1.000000274,0.001435379,0,0,0,0,-0.0,3.02904,22.928713,-2.829915e-11,0.003029039,0.02292871,False,0.026766,False
2022-04-06,RS01SLBS-MJ01A-06-PRESTA101,2,True,2022-04-06T00:00:00Z,2022-04-06T23:59:59Z,86400,86400,0,1.0,1.000533104,1.000000308,-0.000590832,0,0,0,0,-0.0,2.819108,22.927895,-7.090446e-11,0.002819107,0.02292789,False,0.026732,False
2022-04-07,RS01SLBS-MJ01A-06-PRESTA101,2,True,2022-04-07T00:00:00Z,2022-04-07T23:59:59Z,86400,86400,0,1.0,1.000525951,1.0000003,0.000181289,0,0,0,0,-0.0,2.860742,22.179868,-4.377163e-11,0.002860741,0.02217986,False,0.02665,False
2022-04-08,RS01SLBS-MJ01A-06-PRESTA101,2,True,2022-04-08T00:00:00Z,2022-04-08T23:59:59Z,86400,86400,0,1.0,1.000570297,1.000000301,-0.000426179,0,0,0,0,-0.0,2.821381,22.023696,-1.863916e-11,0.00282138,0.02202369,False,0.023852,False
2022-04-09,RS01SLBS-MJ01A-06-PRESTA101,2,True,2022-04-09T00:00:00Z,2022-04-09T23:59:59Z,86400,86400,0,1.0,1.000527859,1.000000296,0.000469968,0,0,0,0,-0.0,2.80405,22.617265,-8.532572e-11,0.002804049,0.02261726,False,0.026687,False
2022-04-10,RS01SLBS-MJ01A-06-PRESTA101,2,True,2022-04-10T00:00:00Z,2022-04-10T23:59:59Z,86400,86400,0,1.0,1.00052166,1.000000301,0.000718194,0,0,0,0,-0.0,2.789787,21.364232,-2.42927e-11,0.002789786,0.02136423,False,0.023461,False
2022-04-11,RS01SLBS-MJ01A-06-PRESTA101,2,True,2022-04-11T00:00:00Z,2022-04-11T23:59:59Z,86400,86400,0,1.0,1.000534058,1.000000279,-0.002622062,0,0,0,0,-0.0,3.260396,22.087589,-3.177414e-11,0.003260395,0.02208758,False,0.024753,False
2022-04-12,RS01SLBS-MJ01A-06-PRESTA101,2,True,2022-04-12T00:00:00Z,2022-04-12T23:59:59Z,86400,86400,0,1.0,1.000538826,1.000000296,0.004932251,0,0,0,0,-0.0,3.031687,23.296715,-4.459134e-11,0.003031686,0.02329671,False,0.026766,False
2022-04-13,RS01SLBS-MJ01A-06-PRESTA101,2,True,2022-04-13T00:00:00Z,2022-04-13T23:59:59Z,86400,86400,0,1.0,1.000524044,1.000000317,0.004121082,0,0,0,0,-0.0,2.838348,22.551273,-7.497434e-12,0.002838347,0.02255127,False,0.023471,False
2022-04-14,RS01SLBS-MJ01A-06-PRESTA101,2,True,2022-04-14T00:00:00Z,2022-04-14T23:59:59Z,86400,86400,0,1.0,1.000525951,1.000000226,0.002940554,0,0,0,0,-0.0,4.964283,28.254639,-1.347256e-10,0.004964282,0.02825463,False,0.023625,False
2022-04-15,RS01SLBS-MJ01A-06-PRESTA101,2,True,2022-04-15T00:00:00Z,2022-04-15T23:59:59Z,86400,86400,0,1.0,1.000574112,1.000000324,0.005873991,0,0,0,0,-0.0,3.399046,23.587085,-6.921993e-11,0.003399045,0.02358708,False,0.02522,False
2022-04-16,RS01SLBS-MJ01A-06-PRESTA101,2,True,2022-04-16T00:00:00Z,2022-04-16T23:59:59Z,86400,86400,0,1.0,1.00053072,1.0000003,0.003701162,0,0,0,0,0.0,2.795152,21.987865,2.454675e-11,0.002795151,0.02198786,False,0.027008,False
2022-04-17,RS01SLBS-MJ01A-06-PRESTA101,2,True,2022-04-17T00:00:00Z,2022-04-17T23:59:59Z,86400,86400,0,1.0,1.000533104,1.000000294,0.001859024,0,0,0,0,-0.0,2.818024,22.792302,-7.433997e-11,0.002818023,0.0227923,False,0.027324,False
2022-04-18,RS01SLBS-MJ01A-06-PRESTA101,2,True,2022-04-18T00:00:00Z,2022-04-18T23:59:59Z,86399,86399,0,1.0,1.000529766,1.000000288,0.001127352,0,0,22,22,-0.0,2.941566,22.391416,-8.975391e-11,0.002941565,0.02239141,False,0.026121,False
2022-04-19,RS01SLBS-MJ01A-06-PRESTA101,2,True,2022-04-19T00:00:00Z,2022-04-19T23:59:59Z,86400,86400,0,1.0,1.000518799,1.000000302,0.001001694,0,0,0,0,-0.0,2.890198,22.833682,-2.304177e-11,0.002890197,0.02283368,False,0.022964,False
2022-04-20,RS01SLBS-MJ01A-06-PRESTA101,2,True,2022-04-20T00:00:00Z,2022-04-20T23:59:59Z,86400,86400,0,1.0,1.000525951,1.000000272,-0.000886641,0,0,0,0,-0.0,3.151149,22.27138,-6.282248e-12,0.003151148,0.02227137,False,0.027258,False
2022-04-21,RS01SLBS-MJ01A-06-PRESTA101,2,True,2022-04-21T00:00:00Z,2022-04-21T23:59:59Z,86400,86400,0,1.0,1.00052309,1.0000003,-0.002489231,0,0,0,0,0.0,2.927844,21.398464,2.784997e-11,0.002927843,0.02139846,False,0.025287,False
2022-04-22,RS01SLBS-MJ01A-06-PRESTA101,2,True,2022-04-22T00:00:00Z,2022-04-22T23:59:59Z,86114,86400,286,1.0,1.00056839,1.00000029,-0.002250804,1,286,1,286,0.0,2.891133,21.615216,4.274239e-11,0.002891132,0.02161521,False,0.166043,True
2022-04-23,RS01SLBS-MJ01A-06-PRESTA101,2,True,2022-04-23T00:00:00Z,2022-04-23T23:59:59Z,86400,86400,0,1.0,1.000525951,1.000000291,0.00062662,0,0,0,0,-0.0,3.002549,22.801017,-1.106745e-11,0.003002548,0.02280101,False,0.026723,False
2022-04-24,RS01SLBS-MJ01A-06-PRESTA101,2,True,2022-04-24T00:00:00Z,2022-04-24T23:59:59Z,86400,86400,0,1.0,1.000525951,1.000000296,0.001142774,0,0,0,0,-0.0,3.039055,22.179767,-2.748434e-11,0.003039054,0.02217976,False,0.024944,False
2022-04-25,RS01SLBS-MJ01A-06-PRESTA101,2,True,2022-04-25T00:00:00Z,2022-04-25T23:59:59Z,86400,86400,0,1.0,1.000527382,1.000000257,0.008395207,0,0,0,0,-0.0,4.066694,25.882602,-1.957284e-11,0.004066693,0.0258826,False,0.027323,False
2022-04-26,RS01SLBS-MJ01A-06-PRESTA101,2,True,2022-04-26T00:00:00Z,2022-04-26T23:59:59Z,86400,86400,0,1.0,1.000524044,1.000000283,0.003378259,0,0,0,0,-0.0,2.797259,21.729819,-4.815199e-11,0.002797259,0.02172981,False,0.020596,False
2022-04-27,RS01SLBS-MJ01A-06-PRESTA101,2,True,2022-04-27T00:00:00Z,2022-04-27T23:59:59Z,86400,86400,0,1.0,1.000536442,1.000000307,0.001333206,0,0,0,0,-0.0,3.171163,24.401443,-1.50498e-11,0.003171162,0.02440144,False,0.024276,False
2022-04-28,RS01SLBS-MJ01A-06-PRESTA101,2,True,2022-04-28T00:00:00Z,2022-04-28T23:59:59Z,86400,86400,0,1.0,1.000527859,1.000000277,0.000795905,0,0,0,0,0.0,3.139028,21.319641,3.467037e-11,0.003139027,0.02131963,False,0.020509,False
2022-04-29,RS01SLBS-MJ01A-06-PRESTA101,2,True,2022-04-29T00:00:00Z,2022-04-29T23:59:59Z,86129,86400,271,1.0,1.000572681,1.000000301,0.000465163,1,271,1,271,0.0,2.797628,20.467517,5.755659e-11,0.002797628,0.02046751,False,0.158816,True
2022-04-30,RS01SLBS-MJ01A-06-PRESTA101,2,True,2022-04-30T00:00:00Z,2022-04-30T23:59:59Z,86400,86400,0,1.0,1.000530243,1.000000294,0.00157331,0,0,0,0,-0.0,2.863874,21.373879,-6.232961e-11,0.002863873,0.02137387,False,0.02458,False
2022-05-01,RS01SLBS-MJ01A-06-PRESTA101,2,True,2022-05-01T00:00:00Z,2022-05-01T23:59:59Z,86400,86400,0,1.0,1.000537872,1.000000301,-0.000461908,0,0,0,0,-0.0,2.809372,21.678021,-8.815022e-12,0.002809371,0.02167801,False,0.026733,False
2022-05-02,RS01SLBS-MJ01A-06-PRESTA101,2,True,2022-05-02T00:00:00Z,2022-05-02T23:59:59Z,86400,86400,0,1.0,1.000533581,1.000000299,-0.00055571,0,0,0,0,-0.0,2.791259,22.048537,-5.221199e-11,0.002791258,0.02204853,False,0.02529,False
2022-05-03,RS01SLBS-MJ01A-06-PRESTA101,2,True,2022-05-03T00:00:00Z,2022-05-03T23:59:59Z,86400,86400,0,1.0,1.000527859,1.000000291,-0.000762451,0,0,0,0,-0.0,2.826137,22.058087,-2.630757e-11,0.002826137,0.02205808,False,0.024208,False
2022-05-04,RS01SLBS-MJ01A-06-PRESTA101,2,True,2022-05-04T00:00:00Z,2022-05-04T23:59:59Z,86400,86400,0,1.0,1.000529766,1.000000305,0.001421734,0,0,0,0,-0.0,2.909303,22.416303,-2.502417e-11,0.002909302,0.0224163,False,0.026651,False
2022-05-05,RS01SLBS-MJ01A-06-PRESTA101,2,True,2022-05-05T00:00:00Z,2022-05-05T23:59:59Z,86400,86400,0,1.0,1.000537872,1.000000305,0.002763411,0,0,0,0,-0.0,2.866474,22.434899,-2.254037e-11,0.002866473,0.02243489,False,0.024761,False
2022-05-06,RS01SLBS-MJ01A-06-PRESTA101,2,True,2022-05-06T00:00:00Z,2022-05-06T23:59:59Z,86400,86400,0,1.0,1.000573635,1.000000314,-0.000282111,0,0,0,0,0.0,2.862192,21.889373,9.486442e-12,0.002862191,0.02188937,False,0.024943,False
2022-05-07,RS01SLBS-MJ01A-06-PRESTA101,2,True,2022-05-07T00:00:00Z,2022-05-07T23:59:59Z,86400,86400,0,1.0,1.000528812,1.0000003,-0.001514796,0,0,0,0,-0.0,3.022903,22.281349,-5.240171e-11,0.003022902,0.02228134,False,0.021911,False
2022-05-08,RS01SLBS-MJ01A-06-PRESTA101,2,True,2022-05-08T00:00:00Z,2022-05-08T23:59:59Z,86400,86400,0,1.0,1.000531197,1.000000307,0.002619237,0,0,0,0,0.0,3.105283,23.356109,1.73493e-11,0.003105282,0.0233561,False,0.025464,False
2022-05-09,RS01SLBS-MJ01A-06-PRESTA101,2,True,2022-05-09T00:00:00Z,2022-05-09T23:59:59Z,86400,86400,0,1.0,1.000530243,1.000000289,-0.001979824,0,0,0,0,-0.0,2.96685,22.115057,-4.732698e-11,0.002966849,0.02211505,False,0.02488,False
2022-05-10,RS01SLBS-MJ01A-06-PRESTA101,2,True,2022-05-10T00:00:00Z,2022-05-10T23:59:59Z,86400,86400,0,1.0,1.000524998,1.000000271,0.003693931,0,0,0,0,-0.0,4.303589,24.757358,-3.168419e-11,0.004303588,0.02475735,False,0.023581,False
2022-05-11,RS01SLBS-MJ01A-06-PRESTA101,2,True,2022-05-11T00:00:00Z,2022-05-11T23:59:59Z,86400,86400,0,1.0,1.000533104,1.00000031,0.004171533,0,0,0,0,-0.0,3.596739,24.158746,-5.044696e-11,0.003596738,0.02415874,False,0.02664,False
2022-05-12,RS01SLBS-MJ01A-06-PRESTA101,2,True,2022-05-12T00:00:00Z,2022-05-12T23:59:59Z,86400,86400,0,1.0,1.000525951,1.000000298,-0.003624052,0,0,0,0,-0.0,2.932027,21.453365,-1.211022e-10,0.002932027,0.02145336,False,0.022432,False
2022-05-13,RS01SLBS-MJ01A-06-PRESTA101,2,True,2022-05-13T00:00:00Z,2022-05-13T23:59:59Z,86400,86400,0,1.0,1.000565052,1.000000281,-0.001776547,0,0,0,0,-0.0,2.884585,21.425405,-2.132366e-11,0.002884584,0.0214254,False,0.020667,False
2022-05-14,RS01SLBS-MJ01A-06-PRESTA101,2,True,2022-05-14T00:00:00Z,2022-05-14T23:59:59Z,86400,86400,0,1.0,1.000522137,1.000000277,0.003303016,0,0,0,0,-0.0,2.836387,23.056387,-3.043621e-11,0.002836386,0.02305638,False,0.025481,False
2022-05-15,RS01SLBS-MJ01A-06-PRESTA101,2,True,2022-05-15T00:00:00Z,2022-05-15T23:59:59Z,86400,86400,0,1.0,1.000518799,1.000000296,-0.00080768,0,0,0,0,-0.0,2.881596,22.114624,-9.918439e-11,0.002881595,0.02211462,False,0.024098,False
2022-05-16,RS01SLBS-MJ01A-06-PRESTA101,2,True,2022-05-16T00:00:00Z,2022-05-16T23:59:59Z,86400,86400,0,1.0,1.000518322,1.000000272,-0.0025381,0,0,0,0,-0.0,2.863238,22.094633,-3.231391e-11,0.002863237,0.02209463,False,0.026047,False
2022-05-17,RS01SLBS-MJ01A-06-PRESTA101,2,True,2022-05-17T00:00:00Z,2022-05-17T23:59:59Z,86400,86400,0,1.0,1.000519276,1.000000282,0.001535122,0,0,0,0,-0.0,2.875841,21.486948,-3.437375e-11,0.00287584,0.02148694,False,0.027292,False
2022-05-18,RS01SLBS-MJ01A-06-PRESTA101,2,True,2022-05-18T00:00:00Z,2022-05-18T23:59:59Z,86400,86400,0,1.0,1.00052166,1.000000293,0.003014879,0,0,0,0,-0.0,3.368127,23.610408,-1.383257e-12,0.003368126,0.0236104,False,0.027378,False
2022-05-19,RS01SLBS-MJ01A-06-PRESTA101,2,True,2022-05-19T00:00:00Z,2022-05-19T23:59:59Z,86400,86400,0,1.0,1.000525951,1.000000304,-0.000766465,0,0,0,0,-0.0,2.866559,22.331095,-7.061784e-11,0.002866558,0.02233109,False,0.026564,False
2022-05-20,RS01SLBS-MJ01A-06-PRESTA101,2,True,2022-05-20T00:00:00Z,2022-05-20T23:59:59Z,86400,86400,0,1.0,1.000571251,1.000000286,0.001633716,0,0,0,0,0.0,2.866374,22.349104,2.85487e-11,0.002866373,0.0223491,False,0.025219,False
2022-05-21,RS01SLBS-MJ01A-06-PRESTA101,2,True,2022-05-21T00:00:00Z,2022-05-21T23:59:59Z,86400,86400,0,1.0,1.000530243,1.000000291,0.001612736,0,0,0,0,-0.0,2.909,21.150894,-7.149527e-11,0.002908999,0.02115089,False,0.022211,False
2022-05-22,RS01SLBS-MJ01A-06-PRESTA101,2,True,2022-05-22T00:00:00Z,2022-05-22T23:59:59Z,86400,86400,0,1.0,1.00054121,1.000000324,0.00131626,0,0,0,0,-0.0,3.713104,24.64977,-5.087678e-11,0.003713103,0.02464976,False,0.024792,False
2022-05-23,RS01SLBS-MJ01A-06-PRESTA101,2,True,2022-05-23T00:00:00Z,2022-05-23T23:59:59Z,86400,86400,0,1.0,1.000535011,1.000000294,-0.005708044,0,0,0,0,0.0,2.951573,23.376617,4.181214e-11,0.002951572,0.02337661,False,0.024213,False
2022-05-24,RS01SLBS-MJ01A-06-PRESTA101,2,True,2022-05-24T00:00:00Z,2022-05-24T23:59:59Z,86400,86400,0,1.0,1.00053072,1.000000301,-7.8531e-05,0,0,0,0,-0.0,2.891506,22.695578,-6.686062e-11,0.002891506,0.02269557,False,0.024177,False
2022-05-25,RS01SLBS-MJ01A-06-PRESTA101,2,True,2022-05-25T00:00:00Z,2022-05-25T23:59:59Z,86400,86400,0,1.0,1.000531197,1.00000026,0.001734922,0,0,0,0,-0.0,3.266079,22.45649,-6.368988e-11,0.003266079,0.02245648,False,0.02665,False
2022-05-26,RS01SLBS-MJ01A-06-PRESTA101,2,True,2022-05-26T00:00:00Z,2022-05-26T23:59:59Z,86400,86400,0,1.0,1.000535011,1.000000294,0.00503463,0,0,0,0,-0.0,3.01477,23.430179,-4.196081e-11,0.003014769,0.02343017,False,0.027405,False
2022-05-27,RS01SLBS-MJ01A-06-PRESTA101,2,True,2022-05-27T00:00:00Z,2022-05-27T23:59:59Z,86399,86399,0,1.0,1.00056982,1.000000285,0.003036441,0,0,32,32,0.0,2.825439,22.214141,1.269008e-10,0.002825438,0.02221413,False,0.023601,False
2022-05-28,RS01SLBS-MJ01A-06-PRESTA101,2,True,2022-05-28T00:00:00Z,2022-05-28T23:59:59Z,86400,86400,0,1.0,1.000529766,1.000000278,-0.000309085,0,0,0,0,-0.0,2.794281,21.052472,-1.689445e-11,0.00279428,0.02105247,False,0.020711,False
2022-05-29,RS01SLBS-MJ01A-06-PRESTA101,2,True,2022-05-29T00:00:00Z,2022-05-29T23:59:59Z,86400,86400,0,1.0,1.000526905,1.000000289,0.002485618,0,0,0,0,-0.0,3.233764,23.494626,-7.6282e-12,0.003233763,0.02349462,False,0.026078,False
2022-05-30,RS01SLBS-MJ01A-06-PRESTA101,2,True,2022-05-30T00:00:00Z,2022-05-30T23:59:59Z,86400,86400,0,1.0,1.000525951,1.000000281,-0.001469423,0,0,0,0,-0.0,2.908632,21.22087,-6.520805e-11,0.002908631,0.02122086,False,0.022207,False
2022-05-31,RS01SLBS-MJ01A-06-PRESTA101,2,True,2022-05-31T00:00:00Z,2022-05-31T23:59:59Z,86400,86400,0,1.0,1.000528336,1.000000292,-0.000769909,0,0,0,0,-0.0,2.80309,21.967453,-8.476118e-11,0.00280309,0.02196745,False,0.025462,False
2022-06-01,RS01SLBS-MJ01A-06-PRESTA101,2,True,2022-06-01T00:00:00Z,2022-06-01T23:59:59Z,86400,86400,0,1.0,1.000515461,1.000000297,0.000421919,0,0,0,0,0.0,2.844442,21.721178,8.441367e-12,0.002844441,0.02172117,False,0.025476,False
2022-06-02,RS01SLBS-MJ01A-06-PRESTA101,2,True,2022-06-02T00:00:00Z,2022-06-02T23:59:59Z,86400,86400,0,1.0,1.00052309,1.000000282,-0.000891794,0,0,0,0,-0.0,2.890265,22.164761,-3.34897e-11,0.002890265,0.02216475,False,0.021552,False
2022-06-03,RS01SLBS-MJ01A-06-PRESTA101,2,True,2022-06-03T00:00:00Z,2022-06-03T23:59:59Z,86400,86400,0,1.0,1.000564575,1.00000027,0.001180966,0,0,0,0,-0.0,3.662225,25.038504,-5.825142e-11,0.003662224,0.0250385,False,0.027015,False
2022-06-04,RS01SLBS-MJ01A-06-PRESTA101,2,True,2022-06-04T00:00:00Z,2022-06-04T23:59:59Z,86400,86400,0,1.0,1.00052309,1.000000297,-0.004691699,0,0,0,0,0.0,3.178495,23.235538,4.040968e-11,0.003178494,0.02323553,False,0.027258,False
2022-06-05,RS01SLBS-MJ01A-06-PRESTA101,2,True,2022-06-05T00:00:00Z,2022-06-05T23:59:59Z,86400,86400,0,1.0,1.000517845,1.000000252,0.000680903,0,0,0,0,-0.0,3.020338,21.904774,-2.717753e-11,0.003020337,0.02190477,False,0.023436,False
2022-06-06,RS01SLBS-MJ01A-06-PRESTA101,2,True,2022-06-06T00:00:00Z,2022-06-06T23:59:59Z,86400,86400,0,1.0,1.000529289,1.000000276,-0.013273328,0,0,0,0,-0.0,2.907573,21.918701,-5.261368e-11,0.002907573,0.02191869,False,0.025591,False
2022-06-07,RS01SLBS-MJ01A-06-PRESTA101,2,True,2022-06-07T00:00:00Z,2022-06-07T23:59:59Z,86395,86400,5,1.0,1.000535965,1.000000269,0.000472664,1,5,1,5,-0.0,2.904475,23.146836,-4.1205e-12,0.002904475,0.02314683,False,0.024896,True
2022-06-08,RS01SLBS-MJ01A-06-PRESTA101,2,True,2022-06-08T00:00:00Z,2022-06-08T03:03:00Z,10981,10981,0,1.0,1.000512123,1.000000006,9.0731e-05,0,0,0,0,-0.0,2.796279,16.077098,-5.414438e-12,0.002796279,0.0160771,False,0.020424,False
2022-06-09,RS01SLBS-MJ01A-06-PRESTA101,2,False,,,0,0,,1.0,,,,,,,,,,,,,,,,False
2022-06-10,RS01SLBS-MJ01A-06-PRESTA101,2,False,,,0,0,,1.0,,,,,,,,,,,,,,,,False
2022-06-11,RS01SLBS-MJ01A-06-PRESTA101,2,False,,,0,0,,1.0,,,,,,,,,,,,,,,,False
2022-06-12,RS01SLBS-MJ01A-06-PRESTA101,2,False,,,0,0,,1.0,,,,,,,,,,,,,,,,False
2022-06-13,RS01SLBS-MJ01A-06-PRESTA101,2,False,,,0,0,,1.0,,,,,,,,,,,,,,,,False
2022-06-14,RS01SLBS-MJ01A-06-PRESTA101,2,False,,,0,0,,1.0,,,,,,,,,,,,,,,,False
2022-06-15,RS01SLBS-MJ01A-06-PRESTA101,2,False,,,0,0,,1.0,,,,,,,,,,,,,,,,False
2022-06-16,RS01SLBS-MJ01A-06-PRESTA101,2,False,,,0,0,,1.0,,,,,,,,,,,,,,,,False
2022-06-17,RS01SLBS-MJ01A-06-PRESTA101,2,True,2022-06-17T22:00:54Z,2022-06-17T23:59:59Z,7134,7146,12,1.0,1.000511169,1.000000234,6.9687e-05,1,12,1,12,0.0,2.775326,20.079759,6.479281e-13,0.002775325,0.02007975,False,0.021566,True
2022-06-18,RS01SLBS-MJ01A-06-PRESTA101,2,True,2022-06-18T00:00:00Z,2022-06-18T23:59:59Z,86400,86400,0,1.0,1.000524044,1.000000306,-0.001662183,0,0,0,0,-0.0,3.195153,22.16478,-6.977811e-11,0.003195152,0.02216477,False,0.020707,False
2022-06-19,RS01SLBS-MJ01A-06-PRESTA101,2,True,2022-06-19T00:00:00Z,2022-06-19T23:59:59Z,86400,86400,0,1.0,1.000536442,1.000000281,-0.002611203,0,0,0,0,-0.0,3.61209,25.429048,-9.549286e-11,0.003612089,0.02542904,False,0.026792,False
2022-06-20,RS01SLBS-MJ01A-06-PRESTA101,2,True,2022-06-20T00:00:00Z,2022-06-20T23:59:59Z,86400,86400,0,1.0,1.00053072,1.00000031,-0.002603917,0,0,0,0,0.0,3.295677,23.999451,1.177132e-11,0.003295676,0.02399944,False,0.025379,False
2022-06-21,RS01SLBS-MJ01A-06-PRESTA101,2,True,2022-06-21T00:00:00Z,2022-06-21T23:59:59Z,86400,86400,0,1.0,1.000524044,1.00000026,-0.001785903,0,0,0,0,-0.0,3.11384,22.854148,-6.029778e-11,0.003113839,0.02285414,False,0.025401,False
2022-06-22,RS01SLBS-MJ01A-06-PRESTA101,2,True,2022-06-22T00:00:00Z,2022-06-22T23:59:59Z,86400,86400,0,1.0,1.000521183,1.000000316,-0.003307871,0,0,0,0,-0.0,3.22,25.185125,-3.633118e-11,0.003219999,0.02518512,False,0.026768,False
2022-06-23,RS01SLBS-MJ01A-06-PRESTA101,2,True,2022-06-23T00:00:00Z,2022-06-23T23:59:59Z,86400,86400,0,1.0,1.000522137,1.000000191,0.000892648,0,0,0,0,0.0,4.416886,25.49454,1.019002e-11,0.004416885,0.02549453,False,0.025598,False
2022-06-24,RS01SLBS-MJ01A-06-PRESTA101,2,True,2022-06-24T00:00:00Z,2022-06-24T23:59:59Z,86400,86400,0,1.0,1.000558853,1.00000031,0.002356212,0,0,0,0,-0.0,3.355442,23.602486,-5.765683e-11,0.003355441,0.02360248,False,0.023904,False
2022-06-25,RS01SLBS-MJ01A-06-PRESTA101,2,True,2022-06-25T00:00:00Z,2022-06-25T23:59:59Z,86400,86400,0,1.0,1.000516891,1.000000266,-0.002067427,0,0,0,0,-0.0,3.041248,22.944389,-8.9317e-11,0.003041247,0.02294438,False,0.024913,False
2022-06-26,RS01SLBS-MJ01A-06-PRESTA101,2,True,2022-06-26T00:00:00Z,2022-06-26T23:59:59Z,86400,86400,0,1.0,1.000560284,1.000000223,-0.001790068,0,0,0,0,-0.0,3.211048,23.873499,-2.390619e-12,0.003211047,0.02387349,False,0.021758,False
2022-06-27,RS01SLBS-MJ01A-06-PRESTA101,2,True,2022-06-27T00:00:00Z,2022-06-27T23:59:59Z,86400,86400,0,1.0,1.000555992,1.000000306,0.001347152,0,0,0,0,-0.0,3.382472,23.302283,-4.500573e-11,0.003382471,0.02330228,False,0.023907,False
2022-06-28,RS01SLBS-MJ01A-06-PRESTA101,2,True,2022-06-28T00:00:00Z,2022-06-28T23:59:59Z,86400,86400,0,1.0,1.000561237,1.000000277,0.00055225,0,0,0,0,-0.0,3.176423,23.460344,-5.188396e-11,0.003176422,0.02346034,False,0.025332,False
2022-06-29,RS01SLBS-MJ01A-06-PRESTA101,2,True,2022-06-29T00:00:00Z,2022-06-29T23:59:59Z,86400,86400,0,1.0,1.000555038,1.000000292,0.000350384,0,0,0,0,-0.0,2.955201,23.851153,-8.040497e-11,0.0029552,0.02385115,False,0.026994,False
2022-06-30,RS01SLBS-MJ01A-06-PRESTA101,2,True,2022-06-30T00:00:00Z,2022-06-30T23:59:59Z,86400,86400,0,1.0,1.000556946,1.000000292,0.002036731,0,0,0,0,-0.0,2.909097,21.352349,-1.767401e-11,0.002909096,0.02135234,False,0.020717,False
2022-07-01,RS01SLBS-MJ01A-06-PRESTA101,2,True,2022-07-01T00:00:00Z,2022-07-01T23:59:59Z,86400,86400,0,1.0,1.000533104,1.000000277,0.001127634,0,0,0,0,0.0,2.920196,22.390918,1.6284e-11,0.002920195,0.02239091,False,0.023694,False
2022-07-02,RS01SLBS-MJ01A-06-PRESTA101,2,True,2022-07-02T00:00:00Z,2022-07-02T23:59:59Z,86400,86400,0,1.0,1.00056076,1.000000277,0.000293109,0,0,0,0,-0.0,2.809039,20.42174,-1.024565e-10,0.002809039,0.02042173,False,0.020831,False
2022-07-03,RS01SLBS-MJ01A-06-PRESTA101,2,True,2022-07-03T00:00:00Z,2022-07-03T23:59:59Z,86400,86400,0,1.0,1.000553131,1.000000284,-0.000853246,0,0,0,0,0.0,2.934715,21.635642,1.29288e-11,0.002934714,0.02163564,False,0.020415,False
2022-07-04,RS01SLBS-MJ01A-06-PRESTA101,2,True,2022-07-04T00:00:00Z,2022-07-04T23:59:58Z,86399,86399,0,1.0,1.000558853,1.000000285,0.00219912,0,0,17,17,0.0,2.839548,23.102819,3.165052e-11,0.002839547,0.02310281,False,0.027073,False
2022-07-05,RS01SLBS-MJ01A-06-PRESTA101,2,True,2022-07-05T00:00:00Z,2022-07-05T23:59:59Z,86400,86400,0,1.0,1.000557899,1.000000246,0.002696362,0,0,8,8,0.0,3.106932,23.142327,1.108089e-11,0.003106931,0.02314232,False,0.027104,False
2022-07-06,RS01SLBS-MJ01A-06-PRESTA101,2,True,2022-07-06T00:00:00Z,2022-07-06T23:59:59Z,86400,86400,0,1.0,1.000561714,1.000000259,0.000998088,0,0,0,0,-0.0,3.220293,23.598309,-1.652494e-11,0.003220293,0.0235983,False,0.025456,False
2022-07-07,RS01SLBS-MJ01A-06-PRESTA101,2,True,2022-07-07T00:00:00Z,2022-07-07T23:59:59Z,86400,86400,0,1.0,1.000554085,1.000000295,0.001775433,0,0,0,0,0.0,3.046355,22.705411,5.086773e-12,0.003046354,0.0227054,False,0.026648,False
2022-07-08,RS01SLBS-MJ01A-06-PRESTA101,2,True,2022-07-08T00:00:00Z,2022-07-08T23:59:59Z,86400,86400,0,1.0,1.000526428,1.000000259,0.000347913,0,0,0,0,-0.0,3.158966,21.948251,-7.350316e-11,0.003158965,0.02194825,False,0.020663,False
2022-07-09,RS01SLBS-MJ01A-06-PRESTA101,2,True,2022-07-09T00:00:00Z,2022-07-09T23:59:59Z,86400,86400,0,1.0,1.000554562,1.000000274,-0.011645502,0,0,0,0,-0.0,2.817724,22.42423,-8.770102e-11,0.002817723,0.02242422,False,0.027211,False
2022-07-10,RS01SLBS-MJ01A-06-PRESTA101,2,True,2022-07-10T00:00:00Z,2022-07-10T23:59:59Z,86400,86400,0,1.0,1.000555038,1.000000286,0.002090888,0,0,0,0,-0.0,2.825724,23.304055,-4.77798e-11,0.002825723,0.02330405,False,0.020529,False
2022-07-11,RS01SLBS-MJ01A-06-PRESTA101,2,True,2022-07-11T00:00:00Z,2022-07-11T23:59:59Z,86400,86400,0,1.0,1.000563622,1.000000245,0.001269034,0,0,0,0,-0.0,2.998599,22.820792,-4.936923e-11,0.002998598,0.02282079,False,0.020657,False
2022-07-12,RS01SLBS-MJ01A-06-PRESTA101,2,True,2022-07-12T00:00:00Z,2022-07-12T23:59:59Z,86400,86400,0,1.0,1.000565052,1.000000259,0.003062032,0,0,0,0,-0.0,3.340833,23.404279,-1.846558e-11,0.003340832,0.02340427,False,0.026558,False
2022-07-13,RS01SLBS-MJ01A-06-PRESTA101,2,True,2022-07-13T00:00:00Z,2022-07-13T23:59:59Z,86400,86400,0,1.0,1.000563145,1.00000029,0.001958111,0,0,0,0,0.0,2.837391,22.669074,1.807106e-11,0.002837391,0.02266907,False,0.024095,False
2022-07-14,RS01SLBS-MJ01A-06-PRESTA101,2,True,2022-07-14T00:00:00Z,2022-07-14T23:59:59Z,86400,86400,0,1.0,1.000562191,1.000000277,0.000545422,0,0,0,0,0.0,3.013659,21.634401,2.011003e-11,0.003013658,0.02163439,False,0.020702,False
2022-07-15,RS01SLBS-MJ01A-06-PRESTA101,2,True,2022-07-15T00:00:00Z,2022-07-15T23:59:59Z,86400,86400,0,1.0,1.000529289,1.000000262,0.0022945,0,0,0,0,-0.0,3.606247,24.307173,-6.132007e-11,0.003606246,0.02430717,False,0.022348,False
2022-07-16,RS01SLBS-MJ01A-06-PRESTA101,2,True,2022-07-16T00:00:00Z,2022-07-16T23:59:59Z,86400,86400,0,1.0,1.000555038,1.000000286,0.006368461,0,0,0,0,-0.0,5.110226,29.877577,-1.726058e-11,0.005110225,0.02987757,False,0.023252,False
2022-07-17,RS01SLBS-MJ01A-06-PRESTA101,2,True,2022-07-17T00:00:00Z,2022-07-17T23:59:59Z,86400,86400,0,1.0,1.000556946,1.0000003,-0.003830514,0,0,0,0,-0.0,3.187493,22.916199,-3.608262e-11,0.003187492,0.02291619,False,0.020382,False
2022-07-18,RS01SLBS-MJ01A-06-PRESTA101,2,True,2022-07-18T00:00:00Z,2022-07-18T23:59:59Z,86400,86400,0,1.0,1.00055933,1.000000293,-0.000991693,0,0,0,0,-0.0,2.989386,22.522075,-3.974476e-11,0.002989385,0.02252207,False,0.020788,False
2022-07-19,RS01SLBS-MJ01A-06-PRESTA101,2,True,2022-07-19T00:00:00Z,2022-07-19T23:59:59Z,86400,86400,0,1.0,1.000555038,1.000000266,0.000546331,0,0,0,0,0.0,2.806857,20.972982,2.250428e-11,0.002806856,0.02097298,False,0.022723,False
2022-07-20,RS01SLBS-MJ01A-06-PRESTA101,2,True,2022-07-20T00:00:00Z,2022-07-20T23:59:59Z,86400,86400,0,1.0,1.000554085,1.000000273,0.001199391,0,0,0,0,-0.0,2.868197,23.257844,-5.255036e-11,0.002868196,0.02325784,False,0.024723,False
2022-07-21,RS01SLBS-MJ01A-06-PRESTA101,2,True,2022-07-21T00:00:00Z,2022-07-21T23:59:59Z,86400,86400,0,1.0,1.000555038,1.000000268,0.000100599,0,0,0,0,-0.0,2.845186,21.785785,-6.517555e-11,0.002845185,0.02178578,False,0.021911,False
2022-07-22,RS01SLBS-MJ01A-06-PRESTA101,2,True,2022-07-22T00:00:00Z,2022-07-22T23:59:59Z,86400,86400,0,1.0,1.000532627,1.000000282,0.002214702,0,0,0,0,0.0,3.435722,24.668637,2.400442e-11,0.003435721,0.02466863,False,0.021952,False
2022-07-23,RS01SLBS-MJ01A-06-PRESTA101,2,True,2022-07-23T00:00:00Z,2022-07-23T23:59:59Z,86400,86400,0,1.0,1.00055933,1.000000276,-0.001655889,0,0,0,0,-0.0,2.859571,23.279335,-4.976347e-11,0.00285957,0.02327933,False,0.026269,False
2022-07-24,RS01SLBS-MJ01A-06-PRESTA101,2,True,2022-07-24T00:00:00Z,2022-07-24T23:59:59Z,86400,86400,0,1.0,1.000554562,1.000000277,-0.00294698,0,0,0,0,-0.0,2.865622,22.114632,-3.783084e-12,0.002865621,0.02211463,False,0.025198,False
2022-07-25,RS01SLBS-MJ01A-06-PRESTA101,2,True,2022-07-25T00:00:00Z,2022-07-25T23:59:59Z,86400,86400,0,1.0,1.000557899,1.000000253,0.001694993,0,0,0,0,-0.0,3.309166,22.185357,-4.846972e-11,0.003309165,0.02218535,False,0.020377,False
2022-07-26,RS01SLBS-MJ01A-06-PRESTA101,2,True,2022-07-26T00:00:00Z,2022-07-26T23:59:59Z,86400,86400,0,1.0,1.000557899,1.000000255,0.000369061,0,0,0,0,-0.0,2.95935,22.408273,-1.649547e-11,0.002959349,0.02240827,False,0.020464,False
2022-07-27,RS01SLBS-MJ01A-06-PRESTA101,2,True,2022-07-27T00:00:00Z,2022-07-27T23:59:59Z,86400,86400,0,1.0,1.000557899,1.000000248,0.002779466,0,0,0,0,-0.0,3.322059,22.973256,-3.663714e-11,0.003322058,0.02297325,False,0.020861,False
2022-07-28,RS01SLBS-MJ01A-06-PRESTA101,2,True,2022-07-28T00:00:00Z,2022-07-28T23:59:59Z,86383,86400,17,1.0,1.000558853,1.000000234,0.002013806,1,17,1,17,0.0,3.018591,20.890555,1.642051e-11,0.00301859,0.02089055,False,0.020758,True
2022-07-29,RS01SLBS-MJ01A-06-PRESTA101,2,True,2022-07-29T00:00:00Z,2022-07-29T23:59:59Z,86400,86400,0,1.0,1.000527859,1.000000268,0.002146281,0,0,0,0,-0.0,2.9936,22.764587,-5.588761e-11,0.0029936,0.02276458,False,0.020508,False
2022-07-30,RS01SLBS-MJ01A-06-PRESTA101,2,True,2022-07-30T00:00:00Z,2022-07-30T23:59:59Z,86400,86400,0,1.0,1.000561237,1.000000282,-2.0097e-05,0,0,0,0,-0.0,2.846592,22.695687,-7.45686e-12,0.002846591,0.02269568,False,0.022596,False
2022-07-31,RS01SLBS-MJ01A-06-PRESTA101,2,True,2022-07-31T00:00:00Z,2022-07-31T23:59:59Z,86400,86400,0,1.0,1.000552177,1.000000274,-0.000321483,0,0,0,0,-0.0,2.865416,21.770527,-7.660613e-11,0.002865415,0.02177052,False,0.022683,False
2022-08-01,RS01SLBS-MJ01A-06-PRESTA101,2,True,2022-08-01T00:00:00Z,2022-08-01T23:59:59Z,86400,86400,0,1.0,1.000557899,1.000000278,-0.000687836,0,0,0,0,-0.0,2.878648,23.428396,-1.572963e-11,0.002878647,0.02342839,False,0.02699,False
2022-08-02,RS01SLBS-MJ01A-06-PRESTA101,2,True,2022-08-02T00:00:00Z,2022-08-02T23:59:59Z,84249,86399,2150,1.0,1.000558853,1.000003589,-0.088247973,3,2150,3,2150,-0.0,195.702613,834.028725,-1.914142e-11,0.1957019,0.8340257,True,0.090038,True
2022-08-03,RS01SLBS-MJ01A-06-PRESTA101,2,True,2022-08-03T00:00:00Z,2022-08-03T23:59:59Z,86400,86400,0,1.0,1.000555992,1.000000325,-0.002235452,0,0,0,0,-0.0,3.129983,23.594484,-1.193449e-10,0.003129982,0.02359448,False,0.020793,False
2022-08-04,RS01SLBS-MJ01A-06-PRESTA101,2,True,2022-08-04T00:00:00Z,2022-08-04T23:59:59Z,86400,86400,0,1.0,1.000556946,1.00000026,0.001385328,0,0,0,0,0.0,2.823363,21.053853,3.399082e-11,0.002823362,0.02105385,False,0.020725,False
2022-08-05,RS01SLBS-MJ01A-06-PRESTA101,2,True,2022-08-05T00:00:00Z,2022-08-05T23:59:59Z,86294,86400,106,1.0,1.000527859,1.000000281,0.000852789,1,106,1,106,0.0,2.891811,23.143225,5.06396e-11,0.00289181,0.02314322,False,0.053305,True
2022-08-06,RS01SLBS-MJ01A-06-PRESTA101,2,True,2022-08-06T00:00:00Z,2022-08-06T23:59:59Z,86086,86400,314,1.0,1.000555038,1.000000271,0.001486987,3,314,3,314,-0.0,2.942704,22.429827,-7.893034e-11,0.002942704,0.02242982,False,0.06126,True
2022-08-07,RS01SLBS-MJ01A-06-PRESTA101,2,True,2022-08-07T00:00:00Z,2022-08-07T23:59:59Z,85986,86400,414,1.0,1.000559807,1.000000269,0.006052929,4,414,4,414,0.0,3.369398,24.447703,1.360265e-11,0.003369397,0.0244477,False,0.064122,True
2022-08-08,RS01SLBS-MJ01A-06-PRESTA101,2,True,2022-08-08T00:00:00Z,2022-08-08T23:59:59Z,85768,86400,632,1.0,1.000556946,1.000000258,0.001088735,6,632,6,632,-0.0,2.842602,22.028423,-3.227711e-11,0.002842602,0.02202842,False,0.063893,True
2022-08-09,RS01SLBS-MJ01A-06-PRESTA101,2,True,2022-08-09T00:00:00Z,2022-08-09T23:59:59Z,86400,86400,0,1.0,1.000558853,1.000000251,-0.000596654,0,0,0,0,-0.0,2.940731,22.216119,-4.298381e-11,0.002940731,0.02221611,False,0.020656,False
2022-08-10,RS01SLBS-MJ01A-06-PRESTA101,2,True,2022-08-10T00:00:00Z,2022-08-10T23:59:59Z,84489,86399,1910,1.0,1.000556946,1.000005043,0.720588811,10,1910,10,1910,0.0,230.246867,753.216638,1.285582e-10,0.2302457,0.7532128,True,0.456886,True
2022-08-11,RS01SLBS-MJ01A-06-PRESTA101,2,True,2022-08-11T00:00:00Z,2022-08-11T23:59:59Z,85880,86400,520,1.0,1.000553131,1.000000255,-9.1742e-05,5,520,5,520,0.0,3.26867,22.212299,1.65443e-11,0.003268669,0.02221229,False,0.06265,True
2022-08-12,RS01SLBS-MJ01A-06-PRESTA101,2,True,2022-08-12T00:00:00Z,2022-08-12T23:59:59Z,84842,86400,1558,1.0,1.000526905,1.000000281,-0.00010004,15,1558,15,1558,0.0,3.07445,22.157179,7.288775e-11,0.003074449,0.02215717,False,0.061405,True
2022-08-13,RS01SLBS-MJ01A-06-PRESTA101,2,True,2022-08-13T00:00:00Z,2022-08-13T23:59:59Z,86400,86400,0,1.0,1.000557899,1.000000299,-0.000527951,0,0,0,0,-0.0,2.963802,21.66051,-3.5062e-11,0.002963801,0.0216605,False,0.021416,False
2022-08-14,RS01SLBS-MJ01A-06-PRESTA101,2,True,2022-08-14T00:00:00Z,2022-08-14T23:59:59Z,86399,86399,0,1.0,1.000561714,1.000000286,0.002910835,0,0,21,21,-0.0,3.062447,21.517718,-3.817313e-11,0.003062446,0.02151771,False,0.025726,False
2022-08-15,RS01SLBS-MJ01A-06-PRESTA101,2,True,2022-08-15T00:00:00Z,2022-08-15T23:59:59Z,86400,86400,0,1.0,1.000554085,1.000000281,0.000911801,0,0,0,0,-0.0,2.924683,22.142889,-4.526569e-11,0.002924682,0.02214288,False,0.025627,False
2022-08-16,RS01SLBS-MJ01A-06-PRESTA101,2,True,2022-08-16T00:00:00Z,2022-08-16T23:59:59Z,86400,86400,0,1.0,1.000563145,1.000000256,-0.000162925,0,0,0,0,-0.0,2.833056,22.608608,-5.207694e-12,0.002833056,0.0226086,False,0.023421,False
2022-08-17,RS01SLBS-MJ01A-06-PRESTA101,2,True,2022-08-17T00:00:00Z,2022-08-17T23:59:59Z,86400,86400,0,1.0,1.000561237,1.000000207,-0.005624661,0,0,0,0,-0.0,3.440837,23.162396,-2.814942e-11,0.003440836,0.02316239,False,0.022194,False
2022-08-18,RS01SLBS-MJ01A-06-PRESTA101,2,True,2022-08-18T00:00:00Z,2022-08-18T23:59:59Z,86400,86400,0,1.0,1.000562191,1.000000258,0.000932604,0,0,0,0,-0.0,2.894319,22.896088,-4.974257e-12,0.002894318,0.02289608,False,0.024533,False
2022-08-19,RS01SLBS-MJ01A-06-PRESTA101,2,True,2022-08-19T00:00:00Z,2022-08-19T23:59:59Z,86400,86400,0,1.0,1.000533104,1.000000297,-0.000532632,0,0,0,0,-0.0,2.966648,23.02361,-1.054198e-10,0.002966647,0.0230236,False,0.02748,False
2022-08-20,RS01SLBS-MJ01A-06-PRESTA101,2,True,2022-08-20T00:00:00Z,2022-08-20T23:59:59Z,86400,86400,0,1.0,1.000562668,1.000000274,0.000224818,0,0,0,0,-0.0,3.185463,22.513807,-4.533756e-11,0.003185462,0.0225138,False,0.023185,False
2022-08-21,RS01SLBS-MJ01A-06-PRESTA101,2,True,2022-08-21T00:00:00Z,2022-08-21T23:59:59Z,86400,86400,0,1.0,1.000566006,1.000000293,0.004365293,0,0,0,0,-0.0,2.856685,22.001699,-5.293374e-11,0.002856684,0.02200169,False,0.021435,False
2022-08-22,RS01SLBS-MJ01A-06-PRESTA101,2,True,2022-08-22T00:00:00Z,2022-08-22T23:59:59Z,86400,86400,0,1.0,1.000567913,1.000000239,0.001407906,0,0,0,0,-0.0,3.097127,23.799988,-3.486109e-11,0.003097126,0.02379998,False,0.024664,False
2022-08-23,RS01SLBS-MJ01A-06-PRESTA101,2,True,2022-08-23T00:00:00Z,2022-08-23T23:59:59Z,86400,86400,0,1.0,1.000561714,1.00000021,0.007708236,0,0,0,0,0.0,4.33863,23.224664,2.09257e-11,0.004338629,0.02322466,False,0.027004,False
2022-08-24,RS01SLBS-MJ01A-06-PRESTA101,2,True,2022-08-24T00:00:00Z,2022-08-24T19:52:50Z,71571,71571,0,1.0,1.000560045,1.000000243,-0.001071871,0,0,0,0,0.0,3.47944,23.003581,2.347731e-11,0.003479439,0.02300358,False,0.02594,False
2022-08-25,RS01SLBS-MJ01A-06-PRESTA101,2,False,,,0,0,,1.0,,,,,,,,,,,,,,,,False
2022-08-26,RS01SLBS-MJ01A-06-PRESTA101,2,False,,,0,0,,1.0,,,,,,,,,,,,,,,,False
2022-08-27,RS01SLBS-MJ01A-06-PRESTA101,2,False,,,0,0,,1.0,,,,,,,,,,,,,,,,False
2022-08-28,RS01SLBS-MJ01A-06-PRESTA101,2,False,,,0,0,,1.0,,,,,,,,,,,,,,,,False
2022-08-29,RS01SLBS-MJ01A-06-PRESTA101,2,False,,,0,0,,1.0,,,,,,,,,,,,,,,,False
2022-08-30,RS01SLBS-MJ01A-06-PRESTA101,2,False,,,0,0,,1.0,,,,,,,,,,,,,,,,False
2022-08-31,RS01SLBS-MJ01A-06-PRESTA101,2,False,,,0,0,,1.0,,,,,,,,,,,,,,,,False
2022-09-01,RS01SLBS-MJ01A-06-PRESTA101,2,False,,,0,0,,1.0,,,,,,,,,,,,,,,,False
2022-09-02,RS01SLBS-MJ01A-06-PRESTA101,2,False,,,0,0,,1.0,,,,,,,,,,,,,,,,False
2022-09-03,RS01SLBS-MJ01A-06-PRESTA101,2,False,,,0,0,,1.0,,,,,,,,,,,,,,,,False
2022-09-04,RS01SLBS-MJ01A-06-PRESTA101,2,False,,,0,0,,1.0,,,,,,,,,,,,,,,,False
2022-09-05,RS01SLBS-MJ01A-06-PRESTA101,2,False,,,0,0,,1.0,,,,,,,,,,,,,,,,False
2022-09-06,RS01SLBS-MJ01A-06-PRESTA101,2,False,,,0,0,,1.0,,,,,,,,,,,,,,,,False
2022-09-07,RS01SLBS-MJ01A-06-PRESTA101,2,False,,,0,0,,1.0,,,,,,,,,,,,,,,,False
2022-09-08,RS01SLBS-MJ01A-06-PRESTA101,2,False,,,0,0,,1.0,,,,,,,,,,,,,,,,False
2022-09-09,RS01SLBS-MJ01A-06-PRESTA101,2,False,,,0,0,,1.0,,,,,,,,,,,,,,,,False
2022-09-10,RS01SLBS-MJ01A-06-PRESTA101,2,False,,,0,0,,1.0,,,,,,,,,,,,,,,,False
2022-09-11,RS01SLBS-MJ01A-06-PRESTA101,2,False,,,0,0,,1.0,,,,,,,,,,,,,,,,False
2022-09-12,RS01SLBS-MJ01A-06-PRESTA101,2,False,,,0,0,,1.0,,,,,,,,,,,,,,,,False
2022-09-13,RS01SLBS-MJ01A-06-PRESTA101,2,True,2022-09-13T17:00:21Z,2022-09-13T23:59:59Z,25061,25179,118,1.0,1.000529766,1.000000317,0.0035147,2,118,2,118,-0.0,2.870422,19.205889,-1.021939e-11,0.002870421,0.01920588,False,0.054399,True
2022-09-14,RS01SLBS-MJ01A-06-PRESTA101,2,True,2022-09-14T00:00:00Z,2022-09-14T23:59:59Z,86400,86400,0,1.0,1.000563145,1.000000299,-0.001132632,0,0,0,0,-0.0,3.00032,22.546552,-1.798601e-11,0.003000319,0.02254655,False,0.025117,False
2022-09-15,RS01SLBS-MJ01A-06-PRESTA101,2,True,2022-09-15T00:00:00Z,2022-09-15T23:59:59Z,86400,86400,0,1.0,1.000560284,1.000000278,4.0202e-05,0,0,0,0,-0.0,3.036276,22.975955,-1.714744e-11,0.003036275,0.02297595,False,0.020759,False
2022-09-16,RS01SLBS-MJ01A-06-PRESTA101,2,True,2022-09-16T00:00:00Z,2022-09-16T23:59:59Z,86400,86400,0,1.0,1.000556946,1.000000277,0.001713405,0,0,0,0,0.0,2.920658,22.510345,2.359288e-11,0.002920658,0.02251034,False,0.023288,False
2022-09-17,RS01SLBS-MJ01A-06-PRESTA101,2,True,2022-09-17T00:00:00Z,2022-09-17T23:59:59Z,86400,86400,0,1.0,1.000557899,1.000000298,0.001591973,0,0,0,0,-0.0,2.954526,22.568286,-9.712249e-11,0.002954525,0.02256828,False,0.024437,False
2022-09-18,RS01SLBS-MJ01A-06-PRESTA101,2,True,2022-09-18T00:00:00Z,2022-09-18T23:59:59Z,86400,86400,0,1.0,1.000556946,1.000000269,-0.001013907,0,0,0,0,0.0,2.862263,22.351763,2.535721e-11,0.002862262,0.02235176,False,0.025668,False
2022-09-19,RS01SLBS-MJ01A-06-PRESTA101,2,True,2022-09-19T00:00:00Z,2022-09-19T23:59:59Z,86399,86399,0,1.0,1.000555992,1.000000281,0.001738279,0,0,16,16,-0.0,2.951216,24.705608,-5.39216e-11,0.002951216,0.0247056,False,0.023434,False
2022-09-20,RS01SLBS-MJ01A-06-PRESTA101,2,True,2022-09-20T00:00:00Z,2022-09-20T23:59:59Z,86400,86400,0,1.0,1.000524044,1.000000252,0.002511894,0,0,0,0,-0.0,2.998558,22.696331,-4.475519e-11,0.002998558,0.02269632,False,0.024587,False
2022-09-21,RS01SLBS-MJ01A-06-PRESTA101,2,True,2022-09-21T00:00:00Z,2022-09-21T23:59:59Z,86400,86400,0,1.0,1.000565052,1.000000267,0.002675843,0,0,0,0,-0.0,3.046745,22.657456,-1.567667e-11,0.003046744,0.02265745,False,0.024521,False
2022-09-22,RS01SLBS-MJ01A-06-PRESTA101,2,True,2022-09-22T00:00:00Z,2022-09-22T23:59:59Z,86400,86400,0,1.0,1.000565052,1.000000278,0.001819806,0,0,0,0,-0.0,2.820315,23.028857,-7.947186e-11,0.002820314,0.02302885,False,0.026976,False
2022-09-23,RS01SLBS-MJ01A-06-PRESTA101,2,True,2022-09-23T00:00:00Z,2022-09-23T23:59:59Z,86400,86400,0,1.0,1.000557899,1.000000271,0.003413581,0,0,0,0,-0.0,2.842861,23.280562,-7.122232e-11,0.00284286,0.02328056,False,0.026425,False
2022-09-24,RS01SLBS-MJ01A-06-PRESTA101,2,True,2022-09-24T00:00:00Z,2022-09-24T23:59:59Z,86400,86400,0,1.0,1.000561714,1.000000291,0.001806594,0,0,0,0,-0.0,3.12735,23.570184,-7.143919e-11,0.003127349,0.02357018,False,0.020688,False
2022-09-25,RS01SLBS-MJ01A-06-PRESTA101,2,True,2022-09-25T00:00:00Z,2022-09-25T23:59:59Z,86400,86400,0,1.0,1.000566959,1.000000298,0.001873983,0,0,0,0,-0.0,2.865974,22.882147,-3.361258e-11,0.002865973,0.02288214,False,0.027056,False
2022-09-26,RS01SLBS-MJ01A-06-PRESTA101,2,True,2022-09-26T00:00:00Z,2022-09-26T23:59:59Z,86400,86400,0,1.0,1.000573158,1.000000297,0.003060927,0,0,0,0,-0.0,2.887763,22.248041,-5.819998e-11,0.002887762,0.02224803,False,0.020954,False
2022-09-27,RS01SLBS-MJ01A-06-PRESTA101,2,True,2022-09-27T00:00:00Z,2022-09-27T23:59:59Z,86400,86400,0,1.0,1.000535011,1.000000271,0.000125662,0,0,0,0,-0.0,2.838592,22.060218,-5.557162e-11,0.002838591,0.02206021,False,0.025437,False
2022-09-28,RS01SLBS-MJ01A-06-PRESTA101,2,True,2022-09-28T00:00:00Z,2022-09-28T23:59:59Z,86400,86400,0,1.0,1.000567913,1.000000278,-0.013938531,0,0,0,0,-0.0,2.971537,22.550666,-4.765036e-12,0.002971536,0.02255066,False,0.025266,False
2022-09-29,RS01SLBS-MJ01A-06-PRESTA101,2,True,2022-09-29T00:00:00Z,2022-09-29T23:59:59Z,86400,86400,0,1.0,1.000567913,1.000000298,0.002390889,0,0,0,0,-0.0,3.395269,23.971782,-5.100716e-11,0.003395268,0.02397178,False,0.020702,False
2022-09-30,RS01SLBS-MJ01A-06-PRESTA101,2,True,2022-09-30T00:00:00Z,2022-09-30T23:59:59Z,86400,86400,0,1.0,1.000566959,1.000000321,0.000736166,0,0,0,0,-0.0,2.928604,22.11229,-5.0483e-11,0.002928603,0.02211228,False,0.020762,False
2022-10-01,RS01SLBS-MJ01A-06-PRESTA101,2,True,2022-10-01T00:00:00Z,2022-10-01T23:59:59Z,86400,86400,0,1.0,1.000566006,1.000000288,-0.001077808,0,0,0,0,-0.0,2.884063,22.903667,-4.272721e-11,0.002884062,0.02290366,False,0.024038,False
2022-10-02,RS01SLBS-MJ01A-06-PRESTA101,2,True,2022-10-02T00:00:00Z,2022-10-02T23:59:59Z,86400,86400,0,1.0,1.000560284,1.000000288,0.000491513,0,0,0,0,-0.0,2.888475,22.840609,-4.058366e-11,0.002888474,0.0228406,False,0.023397,False
2022-10-03,RS01SLBS-MJ01A-06-PRESTA101,2,True,2022-10-03T00:00:00Z,2022-10-03T23:59:59Z,86400,86400,0,1.0,1.000574112,1.000000291,0.00363455,0,0,0,0,-0.0,3.001154,22.479919,-6.392963e-11,0.003001154,0.02247991,False,0.024058,False
2022-10-04,RS01SLBS-MJ01A-06-PRESTA101,2,True,2022-10-04T00:00:00Z,2022-10-04T23:59:59Z,86400,86400,0,1.0,1.000539303,1.000000283,0.003946464,0,0,0,0,-0.0,2.881897,22.374378,-6.418765e-11,0.002881896,0.02237437,False,0.020577,False
2022-10-05,RS01SLBS-MJ01A-06-PRESTA101,2,True,2022-10-05T00:00:00Z,2022-10-05T23:59:59Z,86400,86400,0,1.0,1.000575066,1.00000027,0.002922715,0,0,0,0,-0.0,2.86641,21.351036,-9.374951e-11,0.002866409,0.02135103,False,0.023895,False
2022-10-06,RS01SLBS-MJ01A-06-PRESTA101,2,True,2022-10-06T00:00:00Z,2022-10-06T23:59:59Z,86400,86400,0,1.0,1.000571728,1.000000301,-0.000466864,0,0,0,0,-0.0,3.045467,21.836863,-1.027487e-10,0.003045466,0.02183686,False,0.020902,False
2022-10-07,RS01SLBS-MJ01A-06-PRESTA101,2,True,2022-10-07T00:00:00Z,2022-10-07T23:59:59Z,86400,86400,0,1.0,1.000568867,1.000000269,0.003737372,0,0,0,0,-0.0,3.503143,23.470215,-2.810757e-11,0.003503142,0.02347021,False,0.027048,False
2022-10-08,RS01SLBS-MJ01A-06-PRESTA101,2,True,2022-10-08T00:00:00Z,2022-10-08T23:59:59Z,86382,86400,18,1.0,1.000563622,1.000000285,-0.001350952,1,18,1,18,-0.0,3.273153,22.927838,-4.36124e-11,0.003273152,0.02292783,False,0.026543,True
2022-10-09,RS01SLBS-MJ01A-06-PRESTA101,2,True,2022-10-09T00:00:00Z,2022-10-09T23:59:59Z,86400,86400,0,1.0,1.000558376,1.000000298,1.8879e-05,0,0,0,0,-0.0,3.227562,22.544453,-9.772545e-11,0.003227561,0.02254445,False,0.022189,False
2022-10-10,RS01SLBS-MJ01A-06-PRESTA101,2,True,2022-10-10T00:00:00Z,2022-10-10T23:59:59Z,86400,86400,0,1.0,1.000564098,1.000000297,0.000452063,0,0,0,0,-0.0,2.85655,21.400752,-6.874481e-11,0.00285655,0.02140075,False,0.020474,False
2022-10-11,RS01SLBS-MJ01A-06-PRESTA101,2,True,2022-10-11T00:00:00Z,2022-10-11T23:59:59Z,86400,86400,0,1.0,1.000524044,1.000000294,0.003765202,0,0,0,0,-0.0,2.910191,22.811566,-3.7232e-11,0.00291019,0.02281156,False,0.022338,False
2022-10-12,RS01SLBS-MJ01A-06-PRESTA101,2,True,2022-10-12T00:00:00Z,2022-10-12T23:59:59Z,86400,86400,0,1.0,1.000558376,1.000000278,0.002718755,0,0,0,0,0.0,2.871468,22.419675,3.358956e-11,0.002871467,0.02241967,False,0.023392,False
2022-10-13,RS01SLBS-MJ01A-06-PRESTA101,2,True,2022-10-13T00:00:00Z,2022-10-13T23:59:59Z,86400,86400,0,1.0,1.000553131,1.000000279,0.006081976,0,0,0,0,-0.0,3.110331,22.195683,-6.495837e-11,0.00311033,0.02219568,False,0.0251,False
2022-10-14,RS01SLBS-MJ01A-06-PRESTA101,2,True,2022-10-14T00:00:00Z,2022-10-14T23:59:59Z,86400,86400,0,1.0,1.000555992,1.000000282,0.001082684,0,0,0,0,0.0,2.976024,21.547773,2.856829e-11,0.002976023,0.02154777,False,0.024089,False
2022-10-15,RS01SLBS-MJ01A-06-PRESTA101,2,True,2022-10-15T00:00:00Z,2022-10-15T23:59:59Z,86400,86400,0,1.0,1.000557899,1.000000288,-0.000727379,0,0,0,0,-0.0,2.873764,22.548841,-2.164881e-11,0.002873763,0.02254883,False,0.020901,False
2022-10-16,RS01SLBS-MJ01A-06-PRESTA101,2,True,2022-10-16T00:00:00Z,2022-10-16T23:59:59Z,86400,86400,0,1.0,1.000553608,1.000000312,0.000609923,0,0,0,0,0.0,2.889098,22.971841,1.567783e-11,0.002889097,0.02297183,False,0.024724,False
2022-10-17,RS01SLBS-MJ01A-06-PRESTA101,2,True,2022-10-17T00:00:00Z,2022-10-17T23:59:59Z,86400,86400,0,1.0,1.000558853,1.000000281,0.0001496,0,0,0,0,-0.0,2.835176,22.966423,-5.549508e-11,0.002835175,0.02296642,False,0.027137,False
2022-10-18,RS01SLBS-MJ01A-06-PRESTA101,2,True,2022-10-18T00:00:00Z,2022-10-18T23:59:59Z,86400,86400,0,1.0,1.000531673,1.000000281,0.002320042,0,0,0,0,-0.0,4.092973,24.281341,-3.718281e-11,0.004092971,0.02428133,False,0.020733,False
2022-10-19,RS01SLBS-MJ01A-06-PRESTA101,2,True,2022-10-19T00:00:00Z,2022-10-19T23:59:59Z,85924,86400,476,1.0,1.000564575,1.000000269,-0.002110259,1,476,1,476,-0.0,3.309342,22.373653,-6.601561e-11,0.003309341,0.02237365,False,0.267446,True
2022-10-20,RS01SLBS-MJ01A-06-PRESTA101,2,True,2022-10-20T00:00:00Z,2022-10-20T23:59:59Z,86400,86400,0,1.0,1.000562668,1.000000396,-0.00182563,0,0,0,0,-0.0,4.094427,25.810965,-7.380336e-11,0.004094426,0.02581096,False,0.025866,False
2022-10-21,RS01SLBS-MJ01A-06-PRESTA101,2,True,2022-10-21T00:00:00Z,2022-10-21T23:59:59Z,86400,86400,0,1.0,1.000566006,1.000000435,-0.00677048,0,0,0,0,0.0,4.410207,25.837244,2.12135e-11,0.004410205,0.02583723,False,0.020842,False
2022-10-22,RS01SLBS-MJ01A-06-PRESTA101,2,True,2022-10-22T00:00:00Z,2022-10-22T23:59:59Z,86400,86400,0,1.0,1.000567436,1.000000297,-0.002233329,0,0,0,0,0.0,2.969089,22.830225,1.621756e-13,0.002969088,0.02283022,False,0.024617,False
2022-10-23,RS01SLBS-MJ01A-06-PRESTA101,2,True,2022-10-23T00:00:00Z,2022-10-23T23:59:59Z,86400,86400,0,1.0,1.000571728,1.000000309,-0.000410818,0,0,0,0,-0.0,2.829877,21.368634,-6.065974e-11,0.002829876,0.02136863,False,0.020836,False
2022-10-24,RS01SLBS-MJ01A-06-PRESTA101,2,True,2022-10-24T00:00:00Z,2022-10-24T23:59:59Z,86400,86400,0,1.0,1.000575066,1.000000275,0.001537822,0,0,0,0,-0.0,3.000099,23.213857,-5.819587e-12,0.003000099,0.02321385,False,0.024572,False
2022-10-25,RS01SLBS-MJ01A-06-PRESTA101,2,True,2022-10-25T00:00:00Z,2022-10-25T23:59:59Z,86400,86400,0,1.0,1.00054121,1.000000286,0.000550026,0,0,0,0,-0.0,2.857833,20.929548,-5.407543e-11,0.002857832,0.02092954,False,0.020609,False
2022-10-26,RS01SLBS-MJ01A-06-PRESTA101,2,True,2022-10-26T00:00:00Z,2022-10-26T23:59:59Z,86400,86400,0,1.0,1.000571728,1.000000286,0.000743839,0,0,0,0,0.0,2.829152,21.952564,2.108472e-13,0.002829151,0.02195256,False,0.025851,False
2022-10-27,RS01SLBS-MJ01A-06-PRESTA101,2,True,2022-10-27T00:00:00Z,2022-10-27T23:59:59Z,86400,86400,0,1.0,1.000571251,1.000000309,-0.001072754,0,0,0,0,-0.0,2.940532,23.731936,-8.444766e-11,0.002940531,0.02373193,False,0.026886,False
2022-10-28,RS01SLBS-MJ01A-06-PRESTA101,2,True,2022-10-28T00:00:00Z,2022-10-28T23:59:59Z,86400,86400,0,1.0,1.000572205,1.000000326,-0.003378666,0,0,0,0,-0.0,2.922793,22.974065,-5.709926e-12,0.002922792,0.02297406,False,0.022127,False
2022-10-29,RS01SLBS-MJ01A-06-PRESTA101,2,True,2022-10-29T00:00:00Z,2022-10-29T23:59:59Z,86399,86399,0,1.0,1.000575066,1.0000003,0.001305357,0,0,13,13,0.0,3.477671,24.425537,4.586042e-11,0.00347767,0.02442553,False,0.022578,False
2022-10-30,RS01SLBS-MJ01A-06-PRESTA101,2,True,2022-10-30T00:00:00Z,2022-10-30T23:59:59Z,86400,86400,0,1.0,1.000575066,1.00000027,-0.001883948,0,0,3,3,0.0,2.855555,21.99018,2.513995e-11,0.002855555,0.02199017,False,0.023969,False
2022-10-31,RS01SLBS-MJ01A-06-PRESTA101,2,True,2022-10-31T00:00:00Z,2022-10-31T23:59:59Z,86400,86400,0,1.0,1.000573158,1.000000289,0.006787886,0,0,0,0,0.0,3.11263,23.851717,5.712532e-12,0.003112629,0.02385171,False,0.02705,False
2022-11-01,RS01SLBS-MJ01A-06-PRESTA101,2,True,2022-11-01T00:00:00Z,2022-11-01T23:59:59Z,86400,86400,0,1.0,1.000535011,1.000000316,0.001776695,0,0,0,0,-0.0,2.895784,22.271942,-6.7308e-11,0.002895784,0.02227193,False,0.026078,False
2022-11-02,RS01SLBS-MJ01A-06-PRESTA101,2,True,2022-11-02T00:00:00Z,2022-11-02T23:59:59Z,86400,86400,0,1.0,1.000566959,1.000000286,-0.000343912,0,0,0,0,-0.0,2.933467,21.27021,-1.717954e-12,0.002933466,0.0212702,False,0.020664,False
2022-11-03,RS01SLBS-MJ01A-06-PRESTA101,2,True,2022-11-03T00:00:00Z,2022-11-03T23:59:59Z,85954,86400,446,1.0,1.000565052,1.000000292,-0.00012459,1,446,1,446,0.0,3.185032,21.683921,2.39783e-11,0.003185031,0.02168391,False,0.254154,True
2022-11-04,RS01SLBS-MJ01A-06-PRESTA101,2,True,2022-11-04T00:00:00Z,2022-11-04T23:59:59Z,86400,86400,0,1.0,1.000566006,1.0000003,0.00089637,0,0,0,0,0.0,2.94739,21.238168,9.416834e-13,0.002947389,0.02123816,False,0.020775,False
2022-11-05,RS01SLBS-MJ01A-06-PRESTA101,2,True,2022-11-05T00:00:00Z,2022-11-05T23:59:59Z,86400,86400,0,1.0,1.000557899,1.000000291,-0.000711986,0,0,0,0,-0.0,2.845118,21.39415,-2.826142e-11,0.002845117,0.02139414,False,0.02083,False
2022-11-06,RS01SLBS-MJ01A-06-PRESTA101,2,True,2022-11-06T00:00:00Z,2022-11-06T23:59:59Z,86400,86400,0,1.0,1.000553131,1.000000294,-0.00958285,0,0,0,0,-0.0,2.862485,22.508261,-1.00015e-11,0.002862484,0.02250825,False,0.020781,False
2022-11-07,RS01SLBS-MJ01A-06-PRESTA101,2,True,2022-11-07T00:00:00Z,2022-11-07T23:59:59Z,86400,86400,0,1.0,1.000561714,1.000000274,0.00016497,0,0,0,0,-0.0,2.84391,21.015055,-6.249847e-12,0.002843909,0.02101505,False,0.024502,False
2022-11-08,RS01SLBS-MJ01A-06-PRESTA101,2,True,2022-11-08T00:00:00Z,2022-11-08T23:59:59Z,86400,86400,0,1.0,1.00052309,1.000000291,-0.001103022,0,0,0,0,0.0,2.795598,22.746119,2.046431e-12,0.002795598,0.02274611,False,0.026154,False
2022-11-09,RS01SLBS-MJ01A-06-PRESTA101,2,True,2022-11-09T00:00:00Z,2022-11-09T23:59:59Z,86400,86400,0,1.0,1.000554085,1.000000298,0.000381368,0,0,0,0,-0.0,2.851858,22.757034,-1.3936e-11,0.002851857,0.02275703,False,0.026537,False
2022-11-10,RS01SLBS-MJ01A-06-PRESTA101,2,True,2022-11-10T00:00:00Z,2022-11-10T23:59:59Z,86400,86400,0,1.0,1.000551224,1.000000273,-0.00242781,0,0,0,0,-0.0,2.802474,23.096666,-8.130887e-11,0.002802473,0.02309666,False,0.026582,False
2022-11-11,RS01SLBS-MJ01A-06-PRESTA101,2,True,2022-11-11T00:00:00Z,2022-11-11T23:59:59Z,86400,86400,0,1.0,1.000561237,1.000000282,-0.000265725,0,0,0,0,-0.0,2.823085,21.387932,-1.086467e-11,0.002823084,0.02138793,False,0.021367,False
2022-11-12,RS01SLBS-MJ01A-06-PRESTA101,2,True,2022-11-12T00:00:00Z,2022-11-12T23:59:59Z,86400,86400,0,1.0,1.000553131,1.00000028,-0.001948097,0,0,0,0,-0.0,2.940857,23.009871,-7.940888e-11,0.002940856,0.02300986,False,0.026962,False
2022-11-13,RS01SLBS-MJ01A-06-PRESTA101,2,True,2022-11-13T00:00:00Z,2022-11-13T23:59:59Z,86400,86400,0,1.0,1.000555992,1.000000272,0.000325986,0,0,0,0,-0.0,2.811843,22.20569,-7.646263e-11,0.002811842,0.02220568,False,0.020873,False
2022-11-14,RS01SLBS-MJ01A-06-PRESTA101,2,True,2022-11-14T00:00:00Z,2022-11-14T23:59:59Z,86400,86400,0,1.0,1.000554085,1.000000277,-0.001853395,0,0,0,0,-0.0,2.837898,23.628326,-6.349567e-11,0.002837897,0.02362832,False,0.025292,False
2022-11-15,RS01SLBS-MJ01A-06-PRESTA101,2,True,2022-11-15T00:00:00Z,2022-11-15T23:59:59Z,86400,86400,0,1.0,1.000524998,1.00000028,0.00279726,0,0,0,0,0.0,2.996637,23.582662,1.535252e-11,0.002996637,0.02358266,False,0.025433,False
2022-11-16,RS01SLBS-MJ01A-06-PRESTA101,2,True,2022-11-16T00:00:00Z,2022-11-16T23:59:59Z,86400,86400,0,1.0,1.000554085,1.000000315,0.002297241,0,0,0,0,0.0,3.253469,25.286029,3.985093e-11,0.003253468,0.02528602,False,0.023377,False
2022-11-17,RS01SLBS-MJ01A-06-PRESTA101,2,True,2022-11-17T00:00:00Z,2022-11-17T23:59:59Z,86400,86400,0,1.0,1.000558853,1.000000297,-0.013444966,0,0,0,0,-0.0,3.03954,23.488404,-3.536077e-11,0.003039539,0.0234884,False,0.020701,False
2022-11-18,RS01SLBS-MJ01A-06-PRESTA101,2,True,2022-11-18T00:00:00Z,2022-11-18T23:59:59Z,86400,86400,0,1.0,1.000555992,1.000000306,0.000199366,0,0,0,0,-0.0,2.803897,21.856053,-8.598712e-11,0.002803896,0.02185605,False,0.020781,False
2022-11-19,RS01SLBS-MJ01A-06-PRESTA101,2,True,2022-11-19T00:00:00Z,2022-11-19T23:59:59Z,86400,86400,0,1.0,1.000554085,1.00000027,-0.001998339,0,0,0,0,-0.0,2.852179,22.198717,-5.298443e-11,0.002852178,0.02219871,False,0.025008,False
2022-11-20,RS01SLBS-MJ01A-06-PRESTA101,2,True,2022-11-20T00:00:00Z,2022-11-20T23:59:59Z,86400,86400,0,1.0,1.000557899,1.00000028,-0.001347924,0,0,0,0,-0.0,3.271313,23.434447,-1.009696e-10,0.003271312,0.02343444,False,0.025262,False
2022-11-21,RS01SLBS-MJ01A-06-PRESTA101,2,True,2022-11-21T00:00:00Z,2022-11-21T23:59:59Z,86400,86400,0,1.0,1.000555992,1.0000003,0.000396524,0,0,0,0,-0.0,2.870095,21.78333,-5.477699e-11,0.002870094,0.02178332,False,0.025514,False
2022-11-22,RS01SLBS-MJ01A-06-PRESTA101,2,True,2022-11-22T00:00:00Z,2022-11-22T23:59:59Z,86400,86400,0,1.0,1.000525951,1.000000267,0.00220685,0,0,0,0,-0.0,2.823074,21.19419,-8.052269e-11,0.002823073,0.02119418,False,0.020474,False
2022-11-23,RS01SLBS-MJ01A-06-PRESTA101,2,True,2022-11-23T00:00:00Z,2022-11-23T23:59:59Z,86400,86400,0,1.0,1.000553131,1.000000296,0.001620251,0,0,0,0,-0.0,2.814829,21.59506,-2.715868e-12,0.002814828,0.02159505,False,0.020778,False
2022-11-24,RS01SLBS-MJ01A-06-PRESTA101,2,True,2022-11-24T00:00:00Z,2022-11-24T23:59:59Z,86400,86400,0,1.0,1.000558853,1.000000291,0.001436956,0,0,0,0,-0.0,2.888618,22.194796,-5.613669e-12,0.002888617,0.02219479,False,0.024332,False
2022-11-25,RS01SLBS-MJ01A-06-PRESTA101,2,True,2022-11-25T00:00:00Z,2022-11-25T23:59:59Z,86400,86400,0,1.0,1.000558853,1.000000284,-0.000193587,0,0,0,0,-0.0,2.812579,22.371055,-5.864841e-11,0.002812578,0.02237105,False,0.023973,False
2022-11-26,RS01SLBS-MJ01A-06-PRESTA101,2,True,2022-11-26T00:00:00Z,2022-11-26T23:59:59Z,86400,86400,0,1.0,1.000563145,1.000000293,0.002518198,0,0,0,0,-0.0,2.817306,20.762884,-8.940345e-11,0.002817306,0.02076288,False,0.020748,False
2022-11-27,RS01SLBS-MJ01A-06-PRESTA101,2,True,2022-11-27T00:00:00Z,2022-11-27T23:59:59Z,86400,86400,0,1.0,1.000563622,1.000000282,0.000511958,0,0,0,0,-0.0,2.861736,22.577175,-2.74509e-11,0.002861735,0.02257717,False,0.024722,False
2022-11-28,RS01SLBS-MJ01A-06-PRESTA101,2,True,2022-11-28T00:00:00Z,2022-11-28T23:59:59Z,86400,86400,0,1.0,1.000565052,1.000000302,-0.002227099,0,0,0,0,-0.0,2.923438,21.988629,-3.891844e-11,0.002923437,0.02198862,False,0.027045,False
2022-11-29,RS01SLBS-MJ01A-06-PRESTA101,2,True,2022-11-29T00:00:00Z,2022-11-29T20:37:59Z,74280,74280,0,1.0,1.000524044,1.000000312,-0.001074748,0,0,0,0,-0.0,2.822558,22.292198,-6.004936e-11,0.002822557,0.02229219,False,0.02545,False
2022-11-30,RS01SLBS-MJ01A-06-PRESTA101,2,False,,,0,0,,1.0,,,,,,,,,,,,,,,,False
2022-12-01,RS01SLBS-MJ01A-06-PRESTA101,2,True,2022-12-01T23:03:45Z,2022-12-01T23:59:59Z,3375,3375,0,1.0,1.000535488,1.000000499,8.6994e-05,0,0,0,0,0.0,2.853715,20.275114,3.162662e-13,0.002853714,0.0202751,False,0.020363,False
2022-12-02,RS01SLBS-MJ01A-06-PRESTA101,2,True,2022-12-02T00:00:02Z,2022-12-02T23:59:59Z,86398,86398,0,1.0,1.00053072,1.000000305,0.000772864,0,0,0,0,0.0,2.795587,21.161299,7.296622e-11,0.002795586,0.02116129,False,0.025499,False
2022-12-03,RS01SLBS-MJ01A-06-PRESTA101,2,True,2022-12-03T00:00:00Z,2022-12-03T23:59:59Z,86400,86400,0,1.0,1.000529766,1.000000288,-0.000812895,0,0,0,0,-0.0,2.855561,21.652708,-2.186038e-11,0.00285556,0.0216527,False,0.02352,False
2022-12-04,RS01SLBS-MJ01A-06-PRESTA101,2,True,2022-12-04T00:00:00Z,2022-12-04T23:59:59Z,86400,86400,0,1.0,1.000525951,1.000000282,0.000667342,0,0,0,0,-0.0,2.815919,21.38638,-3.096086e-11,0.002815918,0.02138637,False,0.024203,False
2022-12-05,RS01SLBS-MJ01A-06-PRESTA101,2,True,2022-12-05T00:00:00Z,2022-12-05T23:59:59Z,86400,86400,0,1.0,1.000528812,1.000000286,0.000314885,0,0,0,0,-0.0,2.863625,22.811267,-6.911204e-11,0.002863624,0.02281126,False,0.027271,False
2022-12-06,RS01SLBS-MJ01A-06-PRESTA101,2,True,2022-12-06T00:00:00Z,2022-12-06T23:59:59Z,86400,86400,0,1.0,1.000521183,1.000000285,-0.009211365,0,0,0,0,-0.0,2.827633,22.141056,-4.809594e-11,0.002827632,0.02214105,False,0.024213,False
2022-12-07,RS01SLBS-MJ01A-06-PRESTA101,2,True,2022-12-07T00:00:00Z,2022-12-07T23:59:59Z,86400,86400,0,1.0,1.00051403,1.000000277,7.164e-05,0,0,0,0,-0.0,2.824548,22.479942,-6.681311e-12,0.002824548,0.02247994,False,0.026744,False
2022-12-08,RS01SLBS-MJ01A-06-PRESTA101,2,True,2022-12-08T00:00:00Z,2022-12-08T23:59:59Z,86400,86400,0,1.0,1.000554085,1.000000294,0.00223419,0,0,1,1,0.0,2.916077,22.426994,2.596903e-11,0.002916076,0.02242699,False,0.022763,False
2022-12-09,RS01SLBS-MJ01A-06-PRESTA101,2,True,2022-12-09T00:00:00Z,2022-12-09T23:59:59Z,86399,86399,0,1.0,1.000596046,1.00000028,0.001252597,0,0,25,25,0.0,2.82446,22.124046,1.071668e-10,0.002824459,0.02212404,False,0.024258,False
2022-12-10,RS01SLBS-MJ01A-06-PRESTA101,2,True,2022-12-10T00:00:00Z,2022-12-10T23:59:59Z,86400,86400,0,1.0,1.000596046,1.000000282,0.000980857,0,0,0,0,-0.0,2.889847,21.505796,-8.02164e-11,0.002889846,0.02150579,False,0.025752,False
2022-12-11,RS01SLBS-MJ01A-06-PRESTA101,2,True,2022-12-11T00:00:00Z,2022-12-11T23:59:59Z,86400,86400,0,1.0,1.000593185,1.000000272,0.003902592,0,0,0,0,-0.0,2.813815,20.848829,-8.166585e-11,0.002813814,0.02084882,False,0.024358,False
2022-12-12,RS01SLBS-MJ01A-06-PRESTA101,2,True,2022-12-12T00:00:00Z,2022-12-12T23:59:59Z,86400,86400,0,1.0,1.000595093,1.000000273,0.000607152,0,0,0,0,0.0,2.86112,21.740328,4.363519e-11,0.002861119,0.02174032,False,0.025655,False
2022-12-13,RS01SLBS-MJ01A-06-PRESTA101,2,True,2022-12-13T00:00:00Z,2022-12-13T23:59:59Z,86400,86400,0,1.0,1.000593662,1.000000277,-0.000914034,0,0,0,0,-0.0,2.801436,22.13058,-9.16374e-12,0.002801435,0.02213057,False,0.025217,False
2022-12-14,RS01SLBS-MJ01A-06-PRESTA101,2,True,2022-12-14T00:00:00Z,2022-12-14T23:59:59Z,86400,86400,0,1.0,1.000593662,1.00000029,0.002289816,0,0,0,0,-0.0,2.784736,22.15037,-5.564951e-11,0.002784735,0.02215036,False,0.026847,False
2022-12-15,RS01SLBS-MJ01A-06-PRESTA101,2,True,2022-12-15T00:00:00Z,2022-12-15T23:59:59Z,86400,86400,0,1.0,1.000592709,1.000000276,-6.9915e-05,0,0,1,1,-0.0,3.160396,347.813491,-3.51384e-11,0.003160395,0.3478134,False,0.344043,False
2022-12-16,RS01SLBS-MJ01A-06-PRESTA101,2,True,2022-12-16T00:00:00Z,2022-12-16T23:59:59Z,86400,86400,0,1.0,1.000595093,1.000000281,0.001034558,0,0,0,0,-0.0,3.003568,23.150611,-1.149812e-10,0.003003567,0.0231506,False,0.027385,False
2022-12-17,RS01SLBS-MJ01A-06-PRESTA101,2,True,2022-12-17T00:00:00Z,2022-12-17T23:59:59Z,86400,86400,0,1.0,1.000598907,1.000000299,0.005698102,0,0,0,0,-0.0,2.988302,22.181211,-1.388099e-11,0.002988301,0.0221812,False,0.025178,False
2022-12-18,RS01SLBS-MJ01A-06-PRESTA101,2,True,2022-12-18T00:00:00Z,2022-12-18T23:59:59Z,86400,86400,0,1.0,1.000595093,1.000000295,0.000296135,0,0,0,0,-0.0,2.911523,22.304428,-8.368993e-11,0.002911522,0.02230442,False,0.026362,False
2022-12-19,RS01SLBS-MJ01A-06-PRESTA101,2,True,2022-12-19T00:00:00Z,2022-12-19T23:59:59Z,86400,86400,0,1.0,1.000597954,1.000000293,0.000347117,0,0,0,0,-0.0,2.882732,23.311558,-5.53921e-11,0.002882731,0.02331155,False,0.026944,False
2022-12-20,RS01SLBS-MJ01A-06-PRESTA101,2,True,2022-12-20T00:00:00Z,2022-12-20T23:59:59Z,86400,86400,0,1.0,1.000594139,1.000000292,0.001190509,0,0,0,0,-0.0,2.83742,23.378055,-5.914981e-11,0.002837419,0.02337805,False,0.025452,False
2022-12-21,RS01SLBS-MJ01A-06-PRESTA101,2,True,2022-12-21T00:00:00Z,2022-12-21T23:59:59Z,86400,86400,0,1.0,1.000593185,1.000000304,0.002600608,0,0,0,0,-0.0,2.922518,22.697408,-2.983732e-11,0.002922517,0.0226974,False,0.023118,False
2022-12-22,RS01SLBS-MJ01A-06-PRESTA101,2,True,2022-12-22T00:00:00Z,2022-12-22T23:59:59Z,86400,86400,0,1.0,1.000594139,1.000000303,-0.001614413,0,0,0,0,-0.0,2.781238,22.458432,-1.06696e-10,0.002781237,0.02245842,False,0.024471,False
2022-12-23,RS01SLBS-MJ01A-06-PRESTA101,2,True,2022-12-23T00:00:00Z,2022-12-23T23:59:59Z,86400,86400,0,1.0,1.000593185,1.000000305,0.000574885,0,0,0,0,-0.0,2.975386,22.838556,-4.258941e-11,0.002975385,0.02283855,False,0.026912,False
2022-12-24,RS01SLBS-MJ01A-06-PRESTA101,2,True,2022-12-24T00:00:00Z,2022-12-24T23:59:59Z,86400,86400,0,1.0,1.000596046,1.000000294,-0.001595146,0,0,0,0,0.0,2.811421,21.807975,4.495336e-12,0.00281142,0.02180797,False,0.023841,False
2022-12-25,RS01SLBS-MJ01A-06-PRESTA101,2,True,2022-12-25T00:00:00Z,2022-12-25T23:59:59Z,86400,86400,0,1.0,1.000597,1.000000286,-0.001622481,0,0,0,0,-0.0,2.81185,21.439244,-1.497245e-11,0.002811849,0.02143924,False,0.026196,False
2022-12-26,RS01SLBS-MJ01A-06-PRESTA101,2,True,2022-12-26T00:00:00Z,2022-12-26T23:59:59Z,86400,86400,0,1.0,1.000597,1.000000292,0.000250336,0,0,0,0,0.0,2.889549,21.419152,8.792605e-12,0.002889548,0.02141915,False,0.024395,False
2022-12-27,RS01SLBS-MJ01A-06-PRESTA101,2,True,2022-12-27T00:00:00Z,2022-12-27T23:59:59Z,83523,86400,2877,1.0,1.000597,1.000000303,-0.000222588,4,2877,4,2877,-0.0,2.995018,21.121287,-1.777658e-11,0.002995017,0.02112128,False,0.466693,True
2022-12-28,RS01SLBS-MJ01A-06-PRESTA101,2,True,2022-12-28T00:00:00Z,2022-12-28T23:59:59Z,86400,86400,0,1.0,1.000600815,1.000000325,0.001327857,0,0,0,0,-0.0,3.40299,23.466034,-6.920671e-11,0.003402989,0.02346603,False,0.023185,False
2022-12-29,RS01SLBS-MJ01A-06-PRESTA101,2,True,2022-12-29T00:00:00Z,2022-12-29T23:59:59Z,86400,86400,0,1.0,1.000597954,1.00000031,-0.001652423,0,0,0,0,-0.0,2.95375,21.939716,-3.817377e-11,0.002953749,0.02193971,False,0.026778,False
2022-12-30,RS01SLBS-MJ01A-06-PRESTA101,2,True,2022-12-30T00:00:00Z,2022-12-30T23:59:59Z,86400,86400,0,1.0,1.000592232,1.000000291,0.003597708,0,0,0,0,-0.0,2.890597,21.792996,-4.540568e-11,0.002890596,0.02179299,False,0.023696,False
2022-12-31,RS01SLBS-MJ01A-06-PRESTA101,2,True,2022-12-31T00:00:00Z,2022-12-31T23:59:59Z,86400,86400,0,1.0,1.000600338,1.000000312,-0.000721971,0,0,0,0,-0.0,3.133214,22.835438,-3.051588e-11,0.003133213,0.02283543,False,0.025626,False
2023-01-01,RS01SLBS-MJ01A-06-PRESTA101,2,True,2023-01-01T00:00:00Z,2023-01-01T23:59:59Z,86400,86400,0,1.0,1.000593662,1.000000292,0.000550735,0,0,0,0,-0.0,2.775431,21.663839,-7.038158e-14,0.00277543,0.02166383,False,0.025775,False
2023-01-02,RS01SLBS-MJ01A-06-PRESTA101,2,True,2023-01-02T00:00:00Z,2023-01-02T23:59:59Z,86400,86400,0,1.0,1.000595093,1.000000278,-0.002308709,0,0,0,0,-0.0,3.245752,22.828806,-9.891057e-11,0.003245751,0.0228288,False,0.025715,False
2023-01-03,RS01SLBS-MJ01A-06-PRESTA101,2,True,2023-01-03T00:00:00Z,2023-01-03T23:59:59Z,86400,86400,0,1.0,1.000590801,1.000000259,-0.000263446,0,0,0,0,-0.0,2.967574,23.329794,-1.07664e-11,0.002967573,0.02332979,False,0.022575,False
2023-01-04,RS01SLBS-MJ01A-06-PRESTA101,2,True,2023-01-04T00:00:00Z,2023-01-04T23:59:59Z,86400,86400,0,1.0,1.000590801,1.000000279,0.000417809,0,0,0,0,-0.0,2.883877,23.344309,-6.215712e-11,0.002883877,0.0233443,False,0.026284,False
2023-01-05,RS01SLBS-MJ01A-06-PRESTA101,2,True,2023-01-05T00:00:00Z,2023-01-05T23:59:59Z,86400,86400,0,1.0,1.000590801,1.000000289,-0.001380744,0,0,0,0,-0.0,2.828424,21.060909,-5.807888e-11,0.002828423,0.0210609,False,0.024868,False
2023-01-06,RS01SLBS-MJ01A-06-PRESTA101,2,True,2023-01-06T00:00:00Z,2023-01-06T23:59:59Z,86400,86400,0,1.0,1.000591755,1.000000284,-0.002329716,0,0,0,0,-0.0,2.948765,22.853915,-5.456227e-11,0.002948764,0.02285391,False,0.023305,False
2023-01-07,RS01SLBS-MJ01A-06-PRESTA101,2,True,2023-01-07T00:00:00Z,2023-01-07T23:59:59Z,86400,86400,0,1.0,1.000590801,1.000000265,-0.001099108,0,0,0,0,0.0,2.892122,22.752555,1.339409e-11,0.002892121,0.02275255,False,0.024894,False
2023-01-08,RS01SLBS-MJ01A-06-PRESTA101,2,True,2023-01-08T00:00:00Z,2023-01-08T23:59:59Z,86400,86400,0,1.0,1.000593185,1.000000281,0.001701215,0,0,0,0,-0.0,2.791723,22.473107,-7.280577e-11,0.002791722,0.0224731,False,0.027003,False
2023-01-09,RS01SLBS-MJ01A-06-PRESTA101,2,True,2023-01-09T00:00:00Z,2023-01-09T23:59:59Z,86400,86400,0,1.0,1.000593662,1.0000003,0.001525233,0,0,0,0,-0.0,2.875292,22.091061,-6.967567e-13,0.002875292,0.02209105,False,0.023012,False
2023-01-10,RS01SLBS-MJ01A-06-PRESTA101,2,True,2023-01-10T00:00:00Z,2023-01-10T23:59:59Z,86400,86400,0,1.0,1.000593662,1.000000311,-0.000580136,0,0,0,0,-0.0,2.908354,21.265106,-5.281181e-11,0.002908353,0.0212651,False,0.021833,False
2023-01-11,RS01SLBS-MJ01A-06-PRESTA101,2,True,2023-01-11T00:00:00Z,2023-01-11T20:27:10Z,73631,73631,0,1.0,1.000595093,1.000000268,0.000453241,0,0,0,0,0.0,2.881796,21.499512,1.759209e-11,0.002881795,0.02149951,False,0.024814,False
2023-01-12,RS01SLBS-MJ01A-06-PRESTA101,2,False,,,0,0,,1.0,,,,,,,,,,,,,,,,False
2023-01-13,RS01SLBS-MJ01A-06-PRESTA101,2,True,2023-01-13T01:46:32Z,2023-01-13T23:59:59Z,79998,80008,10,1.0,1.000554085,1.000000279,-0.001890597,1,10,1,10,0.0,3.053624,22.554559,3.851386e-11,0.003053623,0.02255455,False,0.020325,True
2023-01-14,RS01SLBS-MJ01A-06-PRESTA101,2,True,2023-01-14T00:00:00Z,2023-01-14T23:59:59Z,86400,86400,0,1.0,1.000554085,1.000000282,-0.00014758,0,0,0,0,0.0,3.113846,23.710172,1.804639e-11,0.003113845,0.02371017,False,0.021014,False
2023-01-15,RS01SLBS-MJ01A-06-PRESTA101,2,True,2023-01-15T00:00:00Z,2023-01-15T23:59:59Z,86400,86400,0,1.0,1.00056076,1.000000287,0.000640405,0,0,0,0,-0.0,2.877389,22.398508,-9.730835e-11,0.002877388,0.0223985,False,0.027082,False
2023-01-16,RS01SLBS-MJ01A-06-PRESTA101,2,True,2023-01-16T00:00:00Z,2023-01-16T23:59:59Z,86400,86400,0,1.0,1.000553131,1.00000028,-0.000836298,0,0,0,0,-0.0,2.953847,21.661575,-7.071073e-12,0.002953846,0.02166157,False,0.023836,False
2023-01-17,RS01SLBS-MJ01A-06-PRESTA101,2,True,2023-01-17T00:00:00Z,2023-01-17T23:59:59Z,86400,86400,0,1.0,1.000555992,1.000000296,-0.000458331,0,0,0,0,-0.0,2.892609,22.602389,-1.344621e-12,0.002892608,0.02260238,False,0.020806,False
2023-01-18,RS01SLBS-MJ01A-06-PRESTA101,2,True,2023-01-18T00:00:00Z,2023-01-18T23:59:59Z,86400,86400,0,1.0,1.000549316,1.000000285,-0.001044025,0,0,12,12,-0.0,2.944975,22.819198,-2.89344e-11,0.002944974,0.02281919,False,0.023015,False
2023-01-19,RS01SLBS-MJ01A-06-PRESTA101,2,True,2023-01-19T00:00:00Z,2023-01-19T23:59:59Z,86399,86399,0,1.0,1.000527859,1.000000306,-0.000539864,0,0,22,22,0.0,2.848744,21.975006,7.420627e-11,0.002848743,0.021975,False,0.023408,False
2023-01-20,RS01SLBS-MJ01A-06-PRESTA101,2,True,2023-01-20T00:00:00Z,2023-01-20T23:59:59Z,86400,86400,0,1.0,1.000549316,1.000000291,0.002360346,0,0,0,0,-0.0,2.862988,22.762189,-2.966419e-11,0.002862987,0.02276218,False,0.020721,False
2023-01-21,RS01SLBS-MJ01A-06-PRESTA101,2,True,2023-01-21T00:00:00Z,2023-01-21T23:59:59Z,86400,86400,0,1.0,1.000558853,1.000000269,0.002111539,0,0,0,0,-0.0,3.010607,23.709416,-5.164615e-11,0.003010606,0.02370941,False,0.027154,False
2023-01-22,RS01SLBS-MJ01A-06-PRESTA101,2,True,2023-01-22T00:00:00Z,2023-01-22T23:59:59Z,86400,86400,0,1.0,1.000556946,1.000000284,-0.002638892,0,0,0,0,-0.0,2.864188,24.112501,-5.680644e-11,0.002864187,0.02411249,False,0.02718,False
2023-01-23,RS01SLBS-MJ01A-06-PRESTA101,2,True,2023-01-23T00:00:00Z,2023-01-23T23:59:59Z,86400,86400,0,1.0,1.000563622,1.000000279,-0.001846173,0,0,0,0,-0.0,2.96442,24.053432,-1.004494e-11,0.00296442,0.02405342,False,0.026424,False
2023-01-24,RS01SLBS-MJ01A-06-PRESTA101,2,True,2023-01-24T00:00:00Z,2023-01-24T23:59:59Z,86400,86400,0,1.0,1.000559807,1.000000289,-0.00378602,0,0,0,0,-0.0,2.839538,21.172373,-6.306511e-11,0.002839537,0.02117237,False,0.020709,False
2023-01-25,RS01SLBS-MJ01A-06-PRESTA101,2,True,2023-01-25T00:00:00Z,2023-01-25T23:59:59Z,86400,86400,0,1.0,1.000561714,1.000000312,0.000698219,0,0,0,0,-0.0,2.884532,20.729848,-8.805406e-12,0.002884531,0.02072984,False,0.020724,False
2023-01-26,RS01SLBS-MJ01A-06-PRESTA101,2,True,2023-01-26T00:00:00Z,2023-01-26T23:59:59Z,86400,86400,0,1.0,1.000542164,1.000000327,-0.004776601,0,0,0,0,-0.0,3.070196,22.876928,-4.160542e-11,0.003070195,0.02287692,False,0.026074,False
2023-01-27,RS01SLBS-MJ01A-06-PRESTA101,2,True,2023-01-27T00:00:00Z,2023-01-27T23:59:59Z,86400,86400,0,1.0,1.000566959,1.000000272,-0.015756745,0,0,0,0,0.0,2.904787,24.081894,9.952401e-12,0.002904787,0.02408189,False,0.026431,False
2023-01-28,RS01SLBS-MJ01A-06-PRESTA101,2,True,2023-01-28T00:00:00Z,2023-01-28T23:59:59Z,86400,86400,0,1.0,1.000565052,1.000000287,0.000537076,0,0,0,0,-0.0,3.209879,23.327363,-4.118166e-11,0.003209878,0.02332736,False,0.027059,False
2023-01-29,RS01SLBS-MJ01A-06-PRESTA101,2,True,2023-01-29T00:00:00Z,2023-01-29T23:59:59Z,86400,86400,0,1.0,1.000563145,1.000000286,-0.002419184,0,0,0,0,-0.0,2.864384,21.193021,-6.59003e-11,0.002864383,0.02119302,False,0.020698,False
2023-01-30,RS01SLBS-MJ01A-06-PRESTA101,2,True,2023-01-30T00:00:00Z,2023-01-30T23:59:59Z,86400,86400,0,1.0,1.000566006,1.0000003,-0.000140673,0,0,0,0,0.0,2.970278,22.34355,3.313145e-11,0.002970277,0.02234354,False,0.021445,False
2023-01-31,RS01SLBS-MJ01A-06-PRESTA101,2,True,2023-01-31T00:00:00Z,2023-01-31T23:59:59Z,86400,86400,0,1.0,1.000554085,1.000000291,-2.9824e-05,0,0,0,0,-0.0,2.907192,22.99262,-2.853751e-11,0.002907191,0.02299261,False,0.020678,False
2023-02-01,RS01SLBS-MJ01A-06-PRESTA101,2,True,2023-02-01T00:00:00Z,2023-02-01T23:59:59Z,86400,86400,0,1.0,1.000564575,1.000000307,-0.002916509,0,0,0,0,-0.0,2.832091,22.980299,-2.794092e-11,0.00283209,0.02298029,False,0.02704,False
2023-02-02,RS01SLBS-MJ01A-06-PRESTA101,2,True,2023-02-02T00:00:00Z,2023-02-02T23:59:59Z,86400,86400,0,1.0,1.000536919,1.000000291,-0.003009938,0,0,0,0,-0.0,2.821571,21.412677,-4.591364e-11,0.00282157,0.02141267,False,0.025415,False
2023-02-03,RS01SLBS-MJ01A-06-PRESTA101,2,True,2023-02-03T00:00:00Z,2023-02-03T23:59:59Z,86400,86400,0,1.0,1.000555992,1.000000284,-0.001657971,0,0,0,0,-0.0,2.85271,22.613413,-4.867092e-11,0.002852709,0.02261341,False,0.022506,False
2023-02-04,RS01SLBS-MJ01A-06-PRESTA101,2,True,2023-02-04T00:00:00Z,2023-02-04T23:59:59Z,86400,86400,0,1.0,1.000562668,1.000000286,0.002283892,0,0,0,0,-0.0,2.93876,21.342864,-1.372471e-11,0.002938759,0.02134286,False,0.020654,False
2023-02-05,RS01SLBS-MJ01A-06-PRESTA101,2,True,2023-02-05T00:00:00Z,2023-02-05T23:59:59Z,86400,86400,0,1.0,1.000556946,1.000000275,0.000317395,0,0,0,0,-0.0,2.858473,22.808991,-5.530183e-11,0.002858472,0.02280898,False,0.02403,False
2023-02-06,RS01SLBS-MJ01A-06-PRESTA101,2,True,2023-02-06T00:00:00Z,2023-02-06T23:59:59Z,86400,86400,0,1.0,1.000552177,1.000000278,0.002735645,0,0,0,0,-0.0,2.863722,21.715697,-5.036273e-11,0.002863721,0.02171569,False,0.020455,False
2023-02-07,RS01SLBS-MJ01A-06-PRESTA101,2,True,2023-02-07T00:00:00Z,2023-02-07T23:59:59Z,86039,86400,361,1.0,1.000553131,1.000000271,-0.008734186,1,361,1,361,-0.0,2.87986,22.407704,-1.393213e-11,0.002879859,0.0224077,False,0.200104,True
2023-02-08,RS01SLBS-MJ01A-06-PRESTA101,2,True,2023-02-08T00:00:00Z,2023-02-08T23:59:59Z,86400,86400,0,1.0,1.000552654,1.000000293,0.000835673,0,0,0,0,-0.0,2.831924,22.296768,-6.184747e-12,0.002831923,0.02229676,False,0.025697,False
2023-02-09,RS01SLBS-MJ01A-06-PRESTA101,2,True,2023-02-09T00:00:00Z,2023-02-09T23:59:59Z,86400,86400,0,1.0,1.000530243,1.000000274,0.001051922,0,0,0,0,0.0,3.393581,23.148767,6.708768e-12,0.00339358,0.02314876,False,0.025238,False
2023-02-10,RS01SLBS-MJ01A-06-PRESTA101,2,True,2023-02-10T00:00:00Z,2023-02-10T23:59:59Z,86400,86400,0,1.0,1.000548363,1.000000302,-0.001897923,0,0,0,0,-0.0,2.943014,22.694749,-4.935785e-11,0.002943013,0.02269474,False,0.020363,False
2023-02-11,RS01SLBS-MJ01A-06-PRESTA101,2,True,2023-02-11T00:00:00Z,2023-02-11T23:59:59Z,86400,86400,0,1.0,1.00055933,1.00000032,-0.000213967,0,0,0,0,-0.0,3.195686,24.223987,-5.966514e-12,0.003195685,0.02422398,False,0.021426,False
2023-02-12,RS01SLBS-MJ01A-06-PRESTA101,2,True,2023-02-12T00:00:00Z,2023-02-12T23:59:59Z,86400,86400,0,1.0,1.000560284,1.00000029,-0.001731322,0,0,0,0,0.0,2.874092,21.773674,1.517818e-11,0.002874091,0.02177367,False,0.020747,False
2023-02-13,RS01SLBS-MJ01A-06-PRESTA101,2,True,2023-02-13T00:00:00Z,2023-02-13T23:59:59Z,86400,86400,0,1.0,1.000558853,1.000000269,0.000814576,0,0,0,0,0.0,2.913538,21.869986,9.290974e-12,0.002913538,0.02186998,False,0.025731,False
2023-02-14,RS01SLBS-MJ01A-06-PRESTA101,2,True,2023-02-14T00:00:00Z,2023-02-14T23:59:59Z,86400,86400,0,1.0,1.000556946,1.00000027,-0.002038831,0,0,0,0,-0.0,2.827451,22.442241,-8.197425e-11,0.002827451,0.02244224,False,0.025333,False
2023-02-15,RS01SLBS-MJ01A-06-PRESTA101,2,True,2023-02-15T00:00:00Z,2023-02-15T23:59:59Z,86400,86400,0,1.0,1.000556946,1.000000275,0.004095348,0,0,0,0,0.0,2.887736,22.28486,2.011701e-11,0.002887735,0.02228485,False,0.023892,False
2023-02-16,RS01SLBS-MJ01A-06-PRESTA101,2,True,2023-02-16T00:00:00Z,2023-02-16T23:59:59Z,86400,86400,0,1.0,1.00053072,1.000000267,-0.002887336,0,0,0,0,-0.0,3.436457,24.730559,-8.066322e-11,0.003436456,0.02473055,False,0.026689,False
2023-02-17,RS01SLBS-MJ01A-06-PRESTA101,2,True,2023-02-17T00:00:00Z,2023-02-17T23:59:59Z,86400,86400,0,1.0,1.000554085,1.00000025,0.003820235,0,0,0,0,-0.0,3.052543,24.254267,-3.180931e-11,0.003052542,0.02425426,False,0.025498,False
2023-02-18,RS01SLBS-MJ01A-06-PRESTA101,2,True,2023-02-18T00:00:00Z,2023-02-18T23:59:59Z,86400,86400,0,1.0,1.000552654,1.000000281,-0.011250485,0,0,0,0,-0.0,3.024141,23.786314,-7.466808e-11,0.00302414,0.02378631,False,0.027027,False
2023-02-19,RS01SLBS-MJ01A-06-PRESTA101,2,True,2023-02-19T00:00:00Z,2023-02-19T23:59:59Z,86400,86400,0,1.0,1.000555992,1.000000287,0.000102568,0,0,0,0,-0.0,2.86173,21.311822,-9.564993e-11,0.002861729,0.02131182,False,0.02066,False
2023-02-20,RS01SLBS-MJ01A-06-PRESTA101,2,True,2023-02-20T00:00:00Z,2023-02-20T23:59:59Z,86400,86400,0,1.0,1.000558853,1.000000281,-0.003043344,0,0,0,0,0.0,3.001838,22.579018,2.613347e-11,0.003001837,0.02257901,False,0.025809,False
2023-02-21,RS01SLBS-MJ01A-06-PRESTA101,2,True,2023-02-21T00:00:00Z,2023-02-21T23:59:59Z,86400,86400,0,1.0,1.000554085,1.000000275,0.002112496,0,0,0,0,-0.0,2.858262,22.464673,-5.055506e-12,0.002858261,0.02246467,False,0.025317,False
2023-02-22,RS01SLBS-MJ01A-06-PRESTA101,2,True,2023-02-22T00:00:00Z,2023-02-22T23:59:59Z,51206,86383,35177,1.0,1.000555992,1.000241491,-4.299028661,89,35177,89,35184,-0.0,2678.339838,4996.302122,-6.833452e-12,2.677693,4.995096,True,0.483665,True
2023-02-23,RS01SLBS-MJ01A-06-PRESTA101,2,True,2023-02-23T00:00:00Z,2023-02-23T23:59:59Z,86400,86400,0,1.0,1.000533104,1.00000029,-0.002597184,0,0,0,0,-0.0,2.851116,21.425019,-4.473499e-11,0.002851115,0.02142501,False,0.02238,False
2023-02-24,RS01SLBS-MJ01A-06-PRESTA101,2,True,2023-02-24T00:00:00Z,2023-02-24T23:59:59Z,86400,86400,0,1.0,1.000557899,1.000000297,0.000425589,0,0,0,0,-0.0,2.827179,21.804652,-2.19168e-11,0.002827178,0.02180465,False,0.020746,False
2023-02-25,RS01SLBS-MJ01A-06-PRESTA101,2,True,2023-02-25T00:00:00Z,2023-02-25T23:59:59Z,86400,86400,0,1.0,1.000564098,1.000000289,0.002301742,0,0,0,0,-0.0,2.955124,21.635378,-4.664654e-11,0.002955124,0.02163537,False,0.024516,False
2023-02-26,RS01SLBS-MJ01A-06-PRESTA101,2,True,2023-02-26T00:00:00Z,2023-02-26T23:59:59Z,86400,86400,0,1.0,1.000572205,1.000000299,-0.000191613,0,0,0,0,-0.0,2.896614,22.929567,-1.179036e-10,0.002896613,0.02292956,False,0.025825,False
2023-02-27,RS01SLBS-MJ01A-06-PRESTA101,2,True,2023-02-27T00:00:00Z,2023-02-27T23:59:59Z,86400,86400,0,1.0,1.000561714,1.000000281,-0.003175536,0,0,0,0,-0.0,2.886898,22.558948,-3.910455e-11,0.002886897,0.02255894,False,0.02388,False
2023-02-28,RS01SLBS-MJ01A-06-PRESTA101,2,True,2023-02-28T00:00:00Z,2023-02-28T23:59:59Z,86400,86400,0,1.0,1.000562191,1.00000029,0.002189294,0,0,1,1,-0.0,2.877448,23.782485,-6.938753e-12,0.002877447,0.02378248,False,0.026742,False
2023-03-01,RS01SLBS-MJ01A-06-PRESTA101,2,True,2023-03-01T00:00:00Z,2023-03-01T23:59:59Z,86399,86399,0,1.0,1.000565052,1.000000302,0.000503632,0,0,19,19,-0.0,2.83126,23.109186,-5.748553e-11,0.002831259,0.02310918,False,0.026366,False
2023-03-02,RS01SLBS-MJ01A-06-PRESTA101,2,True,2023-03-02T00:00:00Z,2023-03-02T23:59:59Z,86400,86400,0,1.0,1.000537395,1.000000281,0.000917576,0,0,0,0,-0.0,2.931303,23.227105,-8.677156e-11,0.002931302,0.0232271,False,0.024884,False
2023-03-03,RS01SLBS-MJ01A-06-PRESTA101,2,True,2023-03-03T00:00:00Z,2023-03-03T23:59:59Z,86400,86400,0,1.0,1.000565052,1.00000026,0.002347272,0,0,0,0,-0.0,2.91322,23.424497,-7.630349e-11,0.002913219,0.02342449,False,0.023457,False
2023-03-04,RS01SLBS-MJ01A-06-PRESTA101,2,True,2023-03-04T00:00:00Z,2023-03-04T23:59:59Z,86400,86400,0,1.0,1.000565052,1.00000028,0.00224943,0,0,0,0,0.0,2.814725,21.654333,2.785975e-11,0.002814724,0.02165433,False,0.02072,False
2023-03-05,RS01SLBS-MJ01A-06-PRESTA101,2,True,2023-03-05T00:00:00Z,2023-03-05T23:59:59Z,86400,86400,0,1.0,1.000563145,1.000000291,0.000908497,0,0,0,0,-0.0,3.072917,23.064886,-1.224009e-11,0.003072917,0.02306488,False,0.026581,False
2023-03-06,RS01SLBS-MJ01A-06-PRESTA101,2,True,2023-03-06T00:00:00Z,2023-03-06T23:59:59Z,86400,86400,0,1.0,1.000572205,1.000000288,0.000748522,0,0,0,0,-0.0,2.943123,21.806643,-6.129767e-11,0.002943122,0.02180664,False,0.027008,False
2023-03-07,RS01SLBS-MJ01A-06-PRESTA101,2,True,2023-03-07T00:00:00Z,2023-03-07T23:59:59Z,86400,86400,0,1.0,1.000565052,1.000000299,0.003103189,0,0,0,0,-0.0,2.900864,22.333528,-5.752737e-11,0.002900863,0.02233352,False,0.023272,False
2023-03-08,RS01SLBS-MJ01A-06-PRESTA101,2,True,2023-03-08T00:00:00Z,2023-03-08T23:59:59Z,86400,86400,0,1.0,1.000562191,1.000000308,0.000221419,0,0,0,0,-0.0,2.860376,21.579464,-1.073427e-10,0.002860375,0.02157946,False,0.020421,False
2023-03-09,RS01SLBS-MJ01A-06-PRESTA101,2,True,2023-03-09T00:00:00Z,2023-03-09T23:59:59Z,86400,86400,0,1.0,1.00053978,1.000000302,-0.000765018,0,0,0,0,-0.0,2.86977,22.754319,-4.077518e-11,0.002869769,0.02275431,False,0.024868,False
2023-03-10,RS01SLBS-MJ01A-06-PRESTA101,2,True,2023-03-10T00:00:00Z,2023-03-10T23:59:59Z,86400,86400,0,1.0,1.000555038,1.000000291,0.001543765,0,0,0,0,-0.0,2.870711,21.781208,-4.48267e-13,0.00287071,0.0217812,False,0.023184,False
2023-03-11,RS01SLBS-MJ01A-06-PRESTA101,2,True,2023-03-11T00:00:00Z,2023-03-11T23:59:59Z,86400,86400,0,1.0,1.000560284,1.000000294,-0.003054799,0,0,0,0,0.0,2.865839,21.362992,6.347398e-11,0.002865838,0.02136299,False,0.020674,False
2023-03-12,RS01SLBS-MJ01A-06-PRESTA101,2,True,2023-03-12T00:00:00Z,2023-03-12T23:59:59Z,86400,86400,0,1.0,1.000550747,1.00000028,-0.001379922,0,0,0,0,-0.0,2.928817,23.862484,-2.840151e-11,0.002928816,0.02386248,False,0.020928,False
2023-03-13,RS01SLBS-MJ01A-06-PRESTA101,2,True,2023-03-13T00:00:00Z,2023-03-13T23:59:59Z,86400,86400,0,1.0,1.000547886,1.000000269,-0.000751365,0,0,0,0,-0.0,2.976818,23.316002,-7.979138e-11,0.002976817,0.023316,False,0.020448,False
2023-03-14,RS01SLBS-MJ01A-06-PRESTA101,2,True,2023-03-14T00:00:00Z,2023-03-14T23:59:59Z,86400,86400,0,1.0,1.000553608,1.000000304,0.001403719,0,0,0,0,-0.0,3.035233,23.598773,-6.156326e-11,0.003035232,0.02359877,False,0.026966,False
2023-03-15,RS01SLBS-MJ01A-06-PRESTA101,2,True,2023-03-15T00:00:00Z,2023-03-15T23:59:59Z,86400,86400,0,1.0,1.000561237,1.000000275,-0.00169737,0,0,0,0,-0.0,3.064399,22.619662,-5.733468e-11,0.003064398,0.02261966,False,0.021189,False
2023-03-16,RS01SLBS-MJ01A-06-PRESTA101,2,True,2023-03-16T00:00:00Z,2023-03-16T23:59:59Z,86400,86400,0,1.0,1.000534058,1.000000295,3.3356e-05,0,0,0,0,0.0,2.828068,22.429734,1.677302e-11,0.002828068,0.02242973,False,0.02086,False
2023-03-17,RS01SLBS-MJ01A-06-PRESTA101,2,True,2023-03-17T00:00:00Z,2023-03-17T23:59:59Z,86400,86400,0,1.0,1.000559807,1.000000324,-0.001016356,0,0,0,0,-0.0,3.08585,23.750323,-1.447327e-11,0.003085849,0.02375032,False,0.025664,False
2023-03-18,RS01SLBS-MJ01A-06-PRESTA101,2,True,2023-03-18T00:00:00Z,2023-03-18T23:59:59Z,86400,86400,0,1.0,1.00056076,1.000000306,-0.000217217,0,0,0,0,-0.0,2.840563,23.67175,-5.101269e-12,0.002840562,0.02367174,False,0.025763,False
2023-03-19,RS01SLBS-MJ01A-06-PRESTA101,2,True,2023-03-19T00:00:00Z,2023-03-19T23:59:59Z,86400,86400,0,1.0,1.000568867,1.000000314,0.002379694,0,0,0,0,-0.0,2.897698,19.886292,-4.078061e-11,0.002897697,0.01988629,False,0.020473,False
2023-03-20,RS01SLBS-MJ01A-06-PRESTA101,2,True,2023-03-20T00:00:00Z,2023-03-20T23:59:59Z,86400,86400,0,1.0,1.000566959,1.000000307,0.001849588,0,0,0,0,-0.0,2.849398,21.759431,-8.144878e-11,0.002849397,0.02175942,False,0.023249,False
2023-03-21,RS01SLBS-MJ01A-06-PRESTA101,2,True,2023-03-21T00:00:00Z,2023-03-21T23:59:59Z,86400,86400,0,1.0,1.000566006,1.000000326,-0.003042386,0,0,0,0,-0.0,3.088869,23.505184,-5.687009e-11,0.003088868,0.02350518,False,0.020823,False
2023-03-22,RS01SLBS-MJ01A-06-PRESTA101,2,True,2023-03-22T00:00:00Z,2023-03-22T23:59:59Z,86400,86400,0,1.0,1.000566006,1.000000282,-0.002676008,0,0,0,0,-0.0,3.259922,22.77109,-4.952419e-11,0.003259921,0.02277108,False,0.020815,False
2023-03-23,RS01SLBS-MJ01A-06-PRESTA101,2,True,2023-03-23T00:00:00Z,2023-03-23T23:59:59Z,86400,86400,0,1.0,1.000535965,1.000000294,0.003731066,0,0,0,0,-0.0,2.859155,22.837137,-1.870519e-11,0.002859155,0.02283713,False,0.022457,False
2023-03-24,RS01SLBS-MJ01A-06-PRESTA101,2,True,2023-03-24T00:00:00Z,2023-03-24T23:59:59Z,86400,86400,0,1.0,1.000566959,1.000000277,0.003407514,0,0,0,0,-0.0,2.882714,21.745152,-8.776349e-12,0.002882713,0.02174515,False,0.020772,False
2023-03-25,RS01SLBS-MJ01A-06-PRESTA101,2,True,2023-03-25T00:00:00Z,2023-03-25T23:59:59Z,86400,86400,0,1.0,1.000568867,1.000000287,-0.0002711,0,0,0,0,0.0,2.870853,21.483247,6.290001e-12,0.002870852,0.02148324,False,0.02072,False
2023-03-26,RS01SLBS-MJ01A-06-PRESTA101,2,True,2023-03-26T00:00:00Z,2023-03-26T23:59:59Z,86400,86400,0,1.0,1.000566959,1.000000308,-0.002274816,0,0,0,0,-0.0,2.847994,21.0976,-7.987069e-11,0.002847993,0.02109759,False,0.020421,False
2023-03-27,RS01SLBS-MJ01A-06-PRESTA101,2,True,2023-03-27T00:00:00Z,2023-03-27T23:59:59Z,86400,86400,0,1.0,1.000559807,1.000000308,-0.000637748,0,0,0,0,-0.0,2.865381,22.213186,-4.069921e-11,0.00286538,0.02221318,False,0.02039,False
2023-03-28,RS01SLBS-MJ01A-06-PRESTA101,2,True,2023-03-28T00:00:00Z,2023-03-28T23:59:59Z,86400,86400,0,1.0,1.000572205,1.000000274,-0.000598511,0,0,0,0,-0.0,2.85781,22.71151,-9.882778e-11,0.002857809,0.0227115,False,0.02282,False
2023-03-29,RS01SLBS-MJ01A-06-PRESTA101,2,True,2023-03-29T00:00:00Z,2023-03-29T23:59:59Z,86400,86400,0,1.0,1.000562191,1.000000287,-0.010739197,0,0,0,0,0.0,2.916559,23.154217,4.516548e-12,0.002916559,0.02315421,False,0.025294,False
2023-03-30,RS01SLBS-MJ01A-06-PRESTA101,2,True,2023-03-30T00:00:00Z,2023-03-30T23:59:59Z,86400,86400,0,1.0,1.00053978,1.000000268,-0.000206741,0,0,0,0,-0.0,2.815359,21.549428,-3.26559e-11,0.002815358,0.02154942,False,0.020669,False
2023-03-31,RS01SLBS-MJ01A-06-PRESTA101,2,True,2023-03-31T00:00:00Z,2023-03-31T23:59:59Z,86400,86400,0,1.0,1.000554085,1.000000267,-0.000299767,0,0,0,0,0.0,2.823235,22.296257,1.203329e-11,0.002823234,0.02229625,False,0.024242,False
2023-04-01,RS01SLBS-MJ01A-06-PRESTA101,2,True,2023-04-01T00:00:00Z,2023-04-01T23:59:59Z,86400,86400,0,1.0,1.000567913,1.000000293,0.002859114,0,0,0,0,-0.0,2.819177,21.582078,-1.267665e-11,0.002819176,0.02158207,False,0.025578,False
2023-04-02,RS01SLBS-MJ01A-06-PRESTA101,2,True,2023-04-02T00:00:00Z,2023-04-02T23:59:59Z,86400,86400,0,1.0,1.000557423,1.0000003,0.000260388,0,0,0,0,-0.0,3.123841,22.613511,-1.958438e-11,0.00312384,0.0226135,False,0.023996,False
2023-04-03,RS01SLBS-MJ01A-06-PRESTA101,2,True,2023-04-03T00:00:00Z,2023-04-03T23:59:59Z,86400,86400,0,1.0,1.000558376,1.000000281,-0.003605489,0,0,0,0,-0.0,2.891323,23.437083,-2.02115e-11,0.002891322,0.02343708,False,0.02518,False
2023-04-04,RS01SLBS-MJ01A-06-PRESTA101,2,True,2023-04-04T00:00:00Z,2023-04-04T23:59:59Z,86400,86400,0,1.0,1.000558376,1.000000295,-0.001942124,0,0,0,0,-0.0,2.916402,21.301918,-7.041914e-11,0.002916401,0.02130191,False,0.020804,False
2023-04-05,RS01SLBS-MJ01A-06-PRESTA101,2,True,2023-04-05T00:00:00Z,2023-04-05T23:59:59Z,86400,86400,0,1.0,1.00056076,1.000000316,-0.000844781,0,0,0,0,-0.0,2.878106,22.702562,-7.89078e-11,0.002878105,0.02270256,False,0.024649,False
2023-04-06,RS01SLBS-MJ01A-06-PRESTA101,2,True,2023-04-06T00:00:00Z,2023-04-06T23:59:59Z,86400,86400,0,1.0,1.000538826,1.000000304,-0.001072635,0,0,0,0,-0.0,2.917241,23.359257,-8.850898e-11,0.00291724,0.02335925,False,0.0267,False
2023-04-07,RS01SLBS-MJ01A-06-PRESTA101,2,True,2023-04-07T00:00:00Z,2023-04-07T23:59:59Z,86400,86400,0,1.0,1.000560284,1.000000286,-0.000411084,0,0,0,0,-0.0,2.963741,22.837918,-5.99628e-11,0.00296374,0.02283791,False,0.024744,False
2023-04-08,RS01SLBS-MJ01A-06-PRESTA101,2,True,2023-04-08T00:00:00Z,2023-04-08T23:59:59Z,86400,86400,0,1.0,1.000564575,1.000000299,-0.000743588,0,0,0,0,-0.0,2.843783,20.640172,-6.760727e-11,0.002843782,0.02064017,False,0.02058,False
2023-04-09,RS01SLBS-MJ01A-06-PRESTA101,2,True,2023-04-09T00:00:00Z,2023-04-09T23:59:59Z,86400,86400,0,1.0,1.000566006,1.000000264,-0.009802078,0,0,0,0,0.0,3.163531,23.253526,2.325495e-11,0.00316353,0.02325352,False,0.025928,False
2023-04-10,RS01SLBS-MJ01A-06-PRESTA101,2,True,2023-04-10T00:00:00Z,2023-04-10T23:59:59Z,86400,86400,0,1.0,1.000570297,1.000000259,-0.000794686,0,0,15,15,-0.0,2.965978,23.081699,-1.81947e-11,0.002965977,0.02308169,False,0.026518,False
2023-04-11,RS01SLBS-MJ01A-06-PRESTA101,2,True,2023-04-11T00:00:01Z,2023-04-11T23:59:59Z,86399,86399,0,1.0,1.000564575,1.000000299,0.002387351,0,0,13,13,-0.0,2.977228,21.721429,-7.811477e-12,0.002977227,0.02172142,False,0.023342,False
2023-04-12,RS01SLBS-MJ01A-06-PRESTA101,2,True,2023-04-12T00:00:00Z,2023-04-12T23:59:59Z,86400,86400,0,1.0,1.000566959,1.000000268,0.000720332,0,0,0,0,0.0,2.8983,22.254318,5.357876e-11,0.002898299,0.02225431,False,0.022834,False
2023-04-13,RS01SLBS-MJ01A-06-PRESTA101,2,True,2023-04-13T00:00:00Z,2023-04-13T23:59:59Z,86400,86400,0,1.0,1.000536919,1.000000295,0.002266055,0,0,0,0,-0.0,2.914496,21.315077,-5.181624e-11,0.002914495,0.02131507,False,0.02173,False
2023-04-14,RS01SLBS-MJ01A-06-PRESTA101,2,True,2023-04-14T00:00:00Z,2023-04-14T23:59:59Z,86400,86400,0,1.0,1.000562191,1.000000334,7.378e-06,0,0,0,0,-0.0,3.672694,25.087877,-2.12842e-11,0.003672693,0.02508787,False,0.02585,False
2023-04-15,RS01SLBS-MJ01A-06-PRESTA101,2,True,2023-04-15T00:00:00Z,2023-04-15T23:59:59Z,86400,86400,0,1.0,1.000562668,1.000000287,0.000227872,0,0,0,0,-0.0,2.830221,22.352533,-7.039572e-11,0.00283022,0.02235253,False,0.020734,False
2023-04-16,RS01SLBS-MJ01A-06-PRESTA101,2,True,2023-04-16T00:00:00Z,2023-04-16T23:59:59Z,86400,86400,0,1.0,1.000564575,1.000000283,0.001762842,0,0,0,0,-0.0,2.896508,23.261629,-9.665122e-11,0.002896507,0.02326162,False,0.025212,False
2023-04-17,RS01SLBS-MJ01A-06-PRESTA101,2,True,2023-04-17T00:00:00Z,2023-04-17T23:59:59Z,86400,86400,0,1.0,1.000566006,1.000000286,8.1814e-05,0,0,0,0,-0.0,2.872328,22.910228,-4.749657e-11,0.002872327,0.02291022,False,0.02644,False
2023-04-18,RS01SLBS-MJ01A-06-PRESTA101,2,True,2023-04-18T00:00:00Z,2023-04-18T23:59:59Z,86400,86400,0,1.0,1.000566006,1.000000293,-0.001299645,0,0,0,0,-0.0,2.859375,22.447987,-2.229711e-11,0.002859374,0.02244798,False,0.02393,False
2023-04-19,RS01SLBS-MJ01A-06-PRESTA101,2,True,2023-04-19T00:00:00Z,2023-04-19T23:59:59Z,86400,86400,0,1.0,1.000561237,1.000000287,-0.001430617,0,0,0,0,-0.0,2.808473,21.107101,-1.25383e-11,0.002808473,0.02110709,False,0.020708,False
2023-04-20,RS01SLBS-MJ01A-06-PRESTA101,2,True,2023-04-20T00:00:00Z,2023-04-20T23:59:59Z,86400,86400,0,1.0,1.000539303,1.000000293,5.8683e-05,0,0,0,0,-0.0,2.814194,22.17472,-1.614302e-11,0.002814193,0.02217471,False,0.026982,False
2023-04-21,RS01SLBS-MJ01A-06-PRESTA101,2,True,2023-04-21T00:00:00Z,2023-04-21T23:59:59Z,86400,86400,0,1.0,1.000559807,1.000000278,-0.001118183,0,0,0,0,-0.0,3.015173,22.767917,-8.178242e-11,0.003015172,0.02276791,False,0.0207,False
2023-04-22,RS01SLBS-MJ01A-06-PRESTA101,2,True,2023-04-22T00:00:00Z,2023-04-22T23:59:59Z,86400,86400,0,1.0,1.000562668,1.000000276,0.002255864,0,0,0,0,-0.0,2.859608,21.613059,-8.886249e-11,0.002859608,0.02161305,False,0.020849,False
2023-04-23,RS01SLBS-MJ01A-06-PRESTA101,2,True,2023-04-23T00:00:00Z,2023-04-23T23:59:59Z,86400,86400,0,1.0,1.000565052,1.000000288,0.004872705,0,0,0,0,-0.0,2.888518,23.221872,-9.052835e-14,0.002888518,0.02322186,False,0.027069,False
2023-04-24,RS01SLBS-MJ01A-06-PRESTA101,2,True,2023-04-24T00:00:00Z,2023-04-24T23:59:59Z,86400,86400,0,1.0,1.000566959,1.000000279,-0.001444971,0,0,0,0,-0.0,2.930164,21.35621,-5.008217e-11,0.002930163,0.0213562,False,0.020824,False
2023-04-25,RS01SLBS-MJ01A-06-PRESTA101,2,True,2023-04-25T00:00:00Z,2023-04-25T23:59:59Z,86400,86400,0,1.0,1.000571251,1.000000293,-0.00296833,0,0,0,0,-0.0,2.855134,21.533581,-4.084102e-11,0.002855133,0.02153357,False,0.022139,False
2023-04-26,RS01SLBS-MJ01A-06-PRESTA101,2,True,2023-04-26T00:00:00Z,2023-04-26T23:59:59Z,86159,86400,241,1.0,1.000569344,1.000000297,0.000110892,1,241,1,241,-0.0,2.91456,20.999175,-5.360708e-11,0.002914559,0.02099917,False,0.136704,True
2023-04-27,RS01SLBS-MJ01A-06-PRESTA101,2,True,2023-04-27T00:00:00Z,2023-04-27T23:59:59Z,86400,86400,0,1.0,1.000544071,1.000000333,0.000119744,0,0,0,0,0.0,2.878729,22.16562,3.578987e-11,0.002878728,0.02216561,False,0.026872,False
2023-04-28,RS01SLBS-MJ01A-06-PRESTA101,2,True,2023-04-28T00:00:00Z,2023-04-28T23:59:59Z,86400,86400,0,1.0,1.000553131,1.000000291,-0.000362245,0,0,0,0,0.0,3.907206,25.865891,1.173442e-11,0.003907205,0.02586588,False,0.020608,False
2023-04-29,RS01SLBS-MJ01A-06-PRESTA101,2,True,2023-04-29T00:00:00Z,2023-04-29T23:59:59Z,86400,86400,0,1.0,1.000567913,1.000000249,0.001530584,0,0,0,0,-0.0,3.028823,20.58526,-4.482225e-12,0.003028822,0.02058526,False,0.020746,False
2023-04-30,RS01SLBS-MJ01A-06-PRESTA101,2,True,2023-04-30T00:00:00Z,2023-04-30T23:59:59Z,86400,86400,0,1.0,1.000557899,1.000000273,-0.000827092,0,0,0,0,0.0,2.829708,21.165619,2.712349e-11,0.002829707,0.02116561,False,0.025007,False
2023-05-01,RS01SLBS-MJ01A-06-PRESTA101,2,True,2023-05-01T00:00:00Z,2023-05-01T23:59:59Z,86400,86400,0,1.0,1.000549793,1.000000266,0.001381107,0,0,0,0,-0.0,3.043511,23.993758,-3.982668e-11,0.003043511,0.02399375,False,0.024051,False
2023-05-02,RS01SLBS-MJ01A-06-PRESTA101,2,True,2023-05-02T00:00:00Z,2023-05-02T23:59:59Z,86400,86400,0,1.0,1.000556946,1.000000267,0.003203741,0,0,0,0,-0.0,3.373649,23.660264,-4.855111e-11,0.003373648,0.02366026,False,0.020814,False
2023-05-03,RS01SLBS-MJ01A-06-PRESTA101,2,True,2023-05-03T00:00:00Z,2023-05-03T23:59:59Z,86400,86400,0,1.0,1.000554085,1.000000253,0.004041901,0,0,0,0,-0.0,3.322771,23.567027,-1.92736e-11,0.00332277,0.02356702,False,0.023303,False
2023-05-04,RS01SLBS-MJ01A-06-PRESTA101,2,True,2023-05-04T00:00:00Z,2023-05-04T23:59:59Z,86400,86400,0,1.0,1.000528336,1.000000269,0.003154451,0,0,0,0,-0.0,2.97619,24.128214,-5.818947e-11,0.002976189,0.02412821,False,0.027167,False
2023-05-05,RS01SLBS-MJ01A-06-PRESTA101,2,True,2023-05-05T00:00:00Z,2023-05-05T23:59:59Z,86400,86400,0,1.0,1.000551224,1.000000282,0.001570179,0,0,0,0,-0.0,3.205193,23.253079,-2.337814e-11,0.003205193,0.02325307,False,0.020591,False
2023-05-06,RS01SLBS-MJ01A-06-PRESTA101,2,True,2023-05-06T00:00:00Z,2023-05-06T23:59:59Z,86400,86400,0,1.0,1.000563622,1.000000288,0.002327301,0,0,0,0,0.0,3.04071,24.516885,8.210079e-13,0.003040709,0.02451688,False,0.023502,False
2023-05-07,RS01SLBS-MJ01A-06-PRESTA101,2,True,2023-05-07T00:00:00Z,2023-05-07T23:59:59Z,86400,86400,0,1.0,1.000559807,1.000000289,0.000491004,0,0,0,0,-0.0,2.894865,21.688841,-4.53638e-11,0.002894865,0.02168883,False,0.027011,False
2023-05-08,RS01SLBS-MJ01A-06-PRESTA101,2,True,2023-05-08T00:00:00Z,2023-05-08T23:59:59Z,86400,86400,0,1.0,1.000561714,1.000000279,0.005026892,0,0,0,0,-0.0,3.099916,25.315502,-5.609071e-11,0.003099915,0.02531549,False,0.025779,False
2023-05-09,RS01SLBS-MJ01A-06-PRESTA101,2,True,2023-05-09T00:00:00Z,2023-05-09T23:59:59Z,86400,86400,0,1.0,1.000559807,1.000000276,0.002125469,0,0,0,0,-0.0,2.844861,21.769493,-7.376556e-11,0.00284486,0.02176949,False,0.020411,False
2023-05-10,RS01SLBS-MJ01A-06-PRESTA101,2,True,2023-05-10T00:00:00Z,2023-05-10T23:59:59Z,86400,86400,0,1.0,1.000556946,1.000000342,0.001690361,0,0,0,0,-0.0,4.2857,24.990072,-1.194284e-11,0.004285698,0.02499006,False,0.020285,False
2023-05-11,RS01SLBS-MJ01A-06-PRESTA101,2,True,2023-05-11T00:00:00Z,2023-05-11T23:59:59Z,86400,86400,0,1.0,1.000531673,1.00000039,-0.001401965,0,0,0,0,-0.0,6.255259,31.164129,-1.875427e-11,0.006255256,0.03116412,False,0.023494,False
2023-05-12,RS01SLBS-MJ01A-06-PRESTA101,2,True,2023-05-12T00:00:00Z,2023-05-12T23:59:59Z,85730,86400,670,1.0,1.000553131,1.000000301,0.002322633,2,670,2,670,0.0,3.869037,24.813883,7.059408e-11,0.003869036,0.02481388,False,0.230474,True
2023-05-13,RS01SLBS-MJ01A-06-PRESTA101,2,True,2023-05-13T00:00:00Z,2023-05-13T23:59:59Z,85893,86400,507,1.0,1.000555992,1.000000268,0.005366476,1,507,1,507,-0.0,3.138667,22.509829,-3.012121e-11,0.003138666,0.02250982,False,0.280517,True
2023-05-14,RS01SLBS-MJ01A-06-PRESTA101,2,True,2023-05-14T00:00:00Z,2023-05-14T23:59:59Z,86400,86400,0,1.0,1.000555038,1.000000266,0.002461679,0,0,0,0,0.0,3.217939,24.408857,4.187782e-11,0.003217938,0.02440885,False,0.02701,False
2023-05-15,RS01SLBS-MJ01A-06-PRESTA101,2,True,2023-05-15T00:00:00Z,2023-05-15T23:59:59Z,86400,86400,0,1.0,1.000554085,1.000000265,0.001094587,0,0,0,0,0.0,3.071036,23.699885,4.138493e-11,0.003071035,0.02369988,False,0.025084,False
2023-05-16,RS01SLBS-MJ01A-06-PRESTA101,2,True,2023-05-16T00:00:00Z,2023-05-16T23:59:59Z,86400,86400,0,1.0,1.000566006,1.000000264,-0.001282955,0,0,0,0,0.0,3.084017,22.788176,4.250868e-11,0.003084016,0.02278817,False,0.020876,False
2023-05-17,RS01SLBS-MJ01A-06-PRESTA101,2,True,2023-05-17T00:00:00Z,2023-05-17T23:59:59Z,86400,86400,0,1.0,1.000557423,1.000000271,0.003286725,0,0,0,0,0.0,2.858307,22.696682,1.817067e-11,0.002858306,0.02269668,False,0.022088,False
2023-05-18,RS01SLBS-MJ01A-06-PRESTA101,2,True,2023-05-18T00:00:00Z,2023-05-18T23:59:59Z,86400,86400,0,1.0,1.00054121,1.000000276,-0.008512873,0,0,0,0,-0.0,3.184936,23.389196,-8.266244e-11,0.003184935,0.02338919,False,0.022915,False
2023-05-19,RS01SLBS-MJ01A-06-PRESTA101,2,True,2023-05-19T00:00:00Z,2023-05-19T23:59:59Z,86400,86400,0,1.0,1.000555992,1.000000237,0.005411448,0,0,0,0,-0.0,2.911038,21.327209,-2.070853e-11,0.002911037,0.0213272,False,0.024195,False
2023-05-20,RS01SLBS-MJ01A-06-PRESTA101,2,True,2023-05-20T00:00:00Z,2023-05-20T23:59:59Z,86400,86400,0,1.0,1.000568867,1.00000032,-0.002195476,0,0,0,0,-0.0,3.115195,22.381119,-1.854626e-11,0.003115194,0.02238111,False,0.022703,False
2023-05-21,RS01SLBS-MJ01A-06-PRESTA101,2,True,2023-05-21T00:00:00Z,2023-05-21T23:59:59Z,86399,86399,0,1.0,1.000559807,1.00000029,-0.002452099,0,0,20,20,0.0,2.949369,21.789353,2.03317e-11,0.002949368,0.02178935,False,0.025911,False
2023-05-22,RS01SLBS-MJ01A-06-PRESTA101,2,True,2023-05-22T00:00:00Z,2023-05-22T23:59:59Z,86400,86400,0,1.0,1.000563145,1.000000262,-0.003122692,0,0,0,0,-0.0,2.859976,21.294987,-7.936764e-11,0.002859975,0.02129498,False,0.021478,False
2023-05-23,RS01SLBS-MJ01A-06-PRESTA101,2,True,2023-05-23T00:00:00Z,2023-05-23T23:59:59Z,86400,86400,0,1.0,1.000555038,1.000000261,0.002621642,0,0,0,0,-0.0,3.272216,22.517156,-1.441229e-11,0.003272215,0.02251715,False,0.026461,False
2023-05-24,RS01SLBS-MJ01A-06-PRESTA101,2,True,2023-05-24T00:00:00Z,2023-05-24T23:59:59Z,86400,86400,0,1.0,1.00055933,1.000000287,-0.001596614,0,0,0,0,-0.0,3.098827,21.710572,-3.243735e-11,0.003098826,0.02171057,False,0.022697,False
2023-05-25,RS01SLBS-MJ01A-06-PRESTA101,2,True,2023-05-25T00:00:00Z,2023-05-25T23:59:59Z,86400,86400,0,1.0,1.000542164,1.000000278,0.002234014,0,0,0,0,-0.0,2.838067,22.298361,-9.157885e-11,0.002838066,0.02229836,False,0.026404,False
2023-05-26,RS01SLBS-MJ01A-06-PRESTA101,2,True,2023-05-26T00:00:00Z,2023-05-26T23:59:59Z,86400,86400,0,1.0,1.000554085,1.000000269,-0.001662688,0,0,0,0,-0.0,2.914034,23.055759,-1.109746e-10,0.002914033,0.02305575,False,0.026389,False
2023-05-27,RS01SLBS-MJ01A-06-PRESTA101,2,True,2023-05-27T00:00:00Z,2023-05-27T23:59:59Z,86400,86400,0,1.0,1.000551701,1.00000027,0.005924083,0,0,0,0,-0.0,3.075324,21.18705,-8.835675e-12,0.003075323,0.02118704,False,0.020672,False
2023-05-28,RS01SLBS-MJ01A-06-PRESTA101,2,True,2023-05-28T00:00:00Z,2023-05-28T23:59:59Z,86400,86400,0,1.0,1.000549793,1.000000305,0.001243814,0,0,0,0,-0.0,3.006389,22.717219,-3.479724e-11,0.003006388,0.02271721,False,0.022267,False
2023-05-29,RS01SLBS-MJ01A-06-PRESTA101,2,True,2023-05-29T00:00:00Z,2023-05-29T23:59:59Z,86400,86400,0,1.0,1.000551701,1.000000296,-0.001185272,0,0,0,0,-0.0,3.179372,22.115377,-1.511588e-11,0.003179371,0.02211537,False,0.025439,False
2023-05-30,RS01SLBS-MJ01A-06-PRESTA101,2,True,2023-05-30T00:00:00Z,2023-05-30T23:59:59Z,86400,86400,0,1.0,1.000552177,1.000000292,-0.000721007,0,0,0,0,-0.0,3.139831,23.336909,-2.59674e-11,0.00313983,0.0233369,False,0.022484,False
2023-05-31,RS01SLBS-MJ01A-06-PRESTA101,2,True,2023-05-31T00:00:00Z,2023-05-31T23:59:59Z,86400,86400,0,1.0,1.000557423,1.000000299,-0.003914867,0,0,0,0,-0.0,3.1829,23.370283,-7.92273e-11,0.003182899,0.02337028,False,0.020726,False
2023-06-01,RS01SLBS-MJ01A-06-PRESTA101,2,True,2023-06-01T00:00:00Z,2023-06-01T23:59:59Z,86400,86400,0,1.0,1.000525951,1.000000317,-0.001292282,0,0,0,0,-0.0,2.832166,23.021776,-4.7202e-11,0.002832165,0.02302177,False,0.027315,False
2023-06-02,RS01SLBS-MJ01A-06-PRESTA101,2,True,2023-06-02T00:00:00Z,2023-06-02T23:59:59Z,86400,86400,0,1.0,1.000553131,1.000000294,-0.001552776,0,0,0,0,-0.0,2.92247,20.933726,-1.388907e-10,0.002922469,0.02093372,False,0.020827,False
2023-06-03,RS01SLBS-MJ01A-06-PRESTA101,2,True,2023-06-03T00:00:00Z,2023-06-03T23:59:59Z,86400,86400,0,1.0,1.000559807,1.000000289,-0.000578571,0,0,0,0,-0.0,2.857154,21.992987,-5.174089e-11,0.002857153,0.02199298,False,0.020811,False
2023-06-04,RS01SLBS-MJ01A-06-PRESTA101,2,True,2023-06-04T00:00:00Z,2023-06-04T23:59:59Z,86400,86400,0,1.0,1.000552654,1.000000298,-0.000124234,0,0,0,0,-0.0,2.929219,22.442576,-1.005841e-10,0.002929218,0.02244257,False,0.024073,False
2023-06-05,RS01SLBS-MJ01A-06-PRESTA101,2,True,2023-06-05T00:00:00Z,2023-06-05T23:59:59Z,86400,86400,0,1.0,1.000551701,1.000000275,8.2809e-05,0,0,0,0,-0.0,3.132521,24.937173,-4.648468e-11,0.00313252,0.02493717,False,0.021054,False
2023-06-06,RS01SLBS-MJ01A-06-PRESTA101,2,True,2023-06-06T00:00:00Z,2023-06-06T23:59:59Z,86400,86400,0,1.0,1.000555992,1.000000271,0.00053088,0,0,0,0,-0.0,3.037601,23.233867,-9.010547e-11,0.0030376,0.02323386,False,0.027183,False
2023-06-07,RS01SLBS-MJ01A-06-PRESTA101,2,True,2023-06-07T00:00:00Z,2023-06-07T23:59:59Z,86400,86400,0,1.0,1.00056076,1.000000294,0.004033126,0,0,0,0,-0.0,3.132807,22.037577,-2.759943e-11,0.003132806,0.02203757,False,0.023192,False
2023-06-08,RS01SLBS-MJ01A-06-PRESTA101,2,True,2023-06-08T00:00:00Z,2023-06-08T23:59:59Z,86400,86400,0,1.0,1.000524998,1.000000269,-0.001806166,0,0,0,0,-0.0,2.931025,22.416754,-1.469085e-12,0.002931025,0.02241675,False,0.026672,False
2023-06-09,RS01SLBS-MJ01A-06-PRESTA101,2,True,2023-06-09T00:00:00Z,2023-06-09T23:59:59Z,85413,86400,987,1.0,1.000549793,1.000000283,0.000119025,3,987,3,987,0.0,3.038444,22.08171,9.520254e-12,0.003038444,0.0220817,False,0.348122,True
2023-06-10,RS01SLBS-MJ01A-06-PRESTA101,2,True,2023-06-10T00:00:00Z,2023-06-10T23:59:59Z,86400,86400,0,1.0,1.000551224,1.000000288,-0.002296129,0,0,0,0,-0.0,2.952695,21.088124,-3.736364e-11,0.002952695,0.02108812,False,0.020692,False
2023-06-11,RS01SLBS-MJ01A-06-PRESTA101,2,True,2023-06-11T00:00:00Z,2023-06-11T23:59:59Z,86400,86400,0,1.0,1.000550747,1.000000254,0.003083852,0,0,0,0,-0.0,2.988434,22.075363,-8.338868e-11,0.002988434,0.02207536,False,0.02056,False
2023-06-12,RS01SLBS-MJ01A-06-PRESTA101,2,True,2023-06-12T00:00:00Z,2023-06-12T23:59:59Z,86400,86400,0,1.0,1.000551701,1.000000265,0.003970955,0,0,0,0,0.0,3.64442,23.975228,4.768798e-12,0.00364442,0.02397522,False,0.024761,False
2023-06-13,RS01SLBS-MJ01A-06-PRESTA101,2,True,2023-06-13T00:00:00Z,2023-06-13T23:59:59Z,86400,86400,0,1.0,1.000552177,1.00000027,0.001432099,0,0,0,0,0.0,3.361341,25.247378,2.221843e-11,0.00336134,0.02524737,False,0.025345,False
2023-06-14,RS01SLBS-MJ01A-06-PRESTA101,2,True,2023-06-14T00:00:00Z,2023-06-14T23:59:59Z,86400,86400,0,1.0,1.000553608,1.000000249,0.003415232,0,0,0,0,-0.0,3.068327,24.499967,-6.221743e-11,0.003068326,0.02449996,False,0.025517,False
2023-06-15,RS01SLBS-MJ01A-06-PRESTA101,2,True,2023-06-15T00:00:00Z,2023-06-15T23:59:59Z,86400,86400,0,1.0,1.000525475,1.00000026,-0.001485077,0,0,0,0,0.0,3.063322,24.817351,3.326965e-11,0.003063321,0.02481734,False,0.025077,False
2023-06-16,RS01SLBS-MJ01A-06-PRESTA101,2,True,2023-06-16T00:00:00Z,2023-06-16T23:59:59Z,86400,86400,0,1.0,1.000555992,1.000000269,0.004743563,0,0,0,0,-0.0,3.52118,26.36474,-8.517704e-11,0.003521179,0.02636473,False,0.025617,False
2023-06-17,RS01SLBS-MJ01A-06-PRESTA101,2,True,2023-06-17T00:00:00Z,2023-06-17T23:59:59Z,86400,86400,0,1.0,1.000554085,1.000000278,0.000138134,0,0,0,0,-0.0,2.921218,23.106231,-6.950442e-11,0.002921218,0.02310622,False,0.024711,False
2023-06-18,RS01SLBS-MJ01A-06-PRESTA101,2,True,2023-06-18T00:00:00Z,2023-06-18T06:26:10Z,23171,23171,0,1.0,1.000546932,1.000000321,-0.000328989,0,0,0,0,-0.0,2.816887,20.817074,-6.120556e-12,0.002816886,0.02081707,False,0.020309,False
2023-06-19,RS01SLBS-MJ01A-06-PRESTA101,2,False,,,0,0,,1.0,,,,,,,,,,,,,,,,False
2023-06-20,RS01SLBS-MJ01A-06-PRESTA101,2,True,2023-06-20T20:52:02Z,2023-06-20T23:59:59Z,11258,11278,20,1.0,1.000537872,0.999999775,0.003595344,1,20,1,20,-0.0,2.806535,18.411116,-1.95663e-12,0.002806535,0.01841112,False,0.020462,True
2023-06-21,RS01SLBS-MJ01A-06-PRESTA101,2,True,2023-06-21T00:00:00Z,2023-06-21T23:59:59Z,86400,86400,0,1.0,1.000553608,1.000000268,0.005088753,0,0,0,0,0.0,4.192969,25.24097,2.488654e-11,0.004192968,0.02524096,False,0.020911,False
2023-06-22,RS01SLBS-MJ01A-06-PRESTA101,2,True,2023-06-22T00:00:00Z,2023-06-22T23:59:59Z,86400,86400,0,1.0,1.000554085,1.00000026,0.000752547,0,0,0,0,-0.0,3.120139,21.100844,-6.837209e-11,0.003120139,0.02110084,False,0.020667,False
2023-06-23,RS01SLBS-MJ01A-06-PRESTA101,2,True,2023-06-23T00:00:00Z,2023-06-23T23:59:59Z,86400,86400,0,1.0,1.00055027,1.000000273,-0.000822642,0,0,0,0,-0.0,3.18844,22.150274,-1.215203e-11,0.003188439,0.02215027,False,0.020629,False
2023-06-24,RS01SLBS-MJ01A-06-PRESTA101,2,True,2023-06-24T00:00:00Z,2023-06-24T23:59:59Z,86400,86400,0,1.0,1.000554085,1.000000286,0.004477854,0,0,0,0,-0.0,2.822976,22.181231,-2.731869e-11,0.002822975,0.02218122,False,0.025619,False
2023-06-25,RS01SLBS-MJ01A-06-PRESTA101,2,True,2023-06-25T00:00:00Z,2023-06-25T23:59:59Z,86400,86400,0,1.0,1.000553131,1.000000296,0.001451344,0,0,0,0,0.0,3.143481,24.781356,2.226527e-11,0.00314348,0.02478135,False,0.020519,False
2023-06-26,RS01SLBS-MJ01A-06-PRESTA101,2,True,2023-06-26T00:00:00Z,2023-06-26T23:59:59Z,86400,86400,0,1.0,1.000551224,1.000000284,-0.000177336,0,0,0,0,-0.0,2.90167,22.586547,-5.40238e-12,0.002901669,0.02258654,False,0.026997,False
2023-06-27,RS01SLBS-MJ01A-06-PRESTA101,2,True,2023-06-27T00:00:00Z,2023-06-27T23:59:59Z,86400,86400,0,1.0,1.000519753,1.000000263,0.002121926,0,0,0,0,-0.0,2.988006,22.607104,-7.216036e-11,0.002988005,0.0226071,False,0.020511,False
2023-06-28,RS01SLBS-MJ01A-06-PRESTA101,2,True,2023-06-28T00:00:00Z,2023-06-28T23:59:59Z,86400,86400,0,1.0,1.000555038,1.000000262,0.003297318,0,0,0,0,-0.0,3.108638,23.361645,-2.923628e-11,0.003108637,0.02336164,False,0.027065,False
2023-06-29,RS01SLBS-MJ01A-06-PRESTA101,2,True,2023-06-29T00:00:00Z,2023-06-29T23:59:59Z,86400,86400,0,1.0,1.000556946,1.000000254,-0.009563566,0,0,0,0,0.0,2.887574,21.232371,4.305736e-11,0.002887574,0.02123237,False,0.023783,False
2023-06-30,RS01SLBS-MJ01A-06-PRESTA101,2,True,2023-06-30T00:00:00Z,2023-06-30T23:59:59Z,86074,86400,326,1.0,1.000555038,1.000000258,0.001694795,1,326,1,326,0.0,2.982867,22.329977,1.493843e-11,0.002982867,0.02232997,False,0.1961,True
2023-07-01,RS01SLBS-MJ01A-06-PRESTA101,2,True,2023-07-01T00:00:00Z,2023-07-01T23:59:59Z,86399,86399,0,1.0,1.000555992,1.000000281,-0.004356277,0,0,33,33,0.0,4.980769,27.837045,3.841301e-11,0.004980767,0.02783704,False,0.020387,False
2023-07-02,RS01SLBS-MJ01A-06-PRESTA101,2,True,2023-07-02T00:00:00Z,2023-07-02T23:59:59Z,86400,86400,0,1.0,1.000559807,1.000000267,0.003033493,0,0,0,0,0.0,2.988157,21.207059,2.066799e-11,0.002988157,0.02120705,False,0.020827,False
2023-07-03,RS01SLBS-MJ01A-06-PRESTA101,2,True,2023-07-03T00:00:00Z,2023-07-03T23:59:59Z,86400,86400,0,1.0,1.000558853,1.000000262,0.006081884,0,0,0,0,-0.0,3.078546,23.190308,-1.016283e-13,0.003078545,0.0231903,False,0.020769,False
2023-07-04,RS01SLBS-MJ01A-06-PRESTA101,2,True,2023-07-04T00:00:00Z,2023-07-04T23:59:59Z,86400,86400,0,1.0,1.000534058,1.000000279,0.00206989,0,0,0,0,-0.0,2.889146,22.574585,-9.314572e-12,0.002889145,0.02257458,False,0.025634,False
2023-07-05,RS01SLBS-MJ01A-06-PRESTA101,2,True,2023-07-05T00:00:00Z,2023-07-05T23:59:59Z,86400,86400,0,1.0,1.000558853,1.000000296,0.003212156,0,0,0,0,-0.0,2.896306,22.940579,-1.187076e-11,0.002896305,0.02294057,False,0.025668,False
2023-07-06,RS01SLBS-MJ01A-06-PRESTA101,2,True,2023-07-06T00:00:00Z,2023-07-06T23:59:59Z,86400,86400,0,1.0,1.00055933,1.000000255,0.000322614,0,0,0,0,-0.0,2.827354,22.474974,-6.453731e-11,0.002827353,0.02247497,False,0.02063,False
2023-07-07,RS01SLBS-MJ01A-06-PRESTA101,2,True,2023-07-07T00:00:00Z,2023-07-07T23:59:59Z,86400,86400,0,1.0,1.000555992,1.000000252,0.002914624,0,0,0,0,-0.0,3.103812,22.9131,-9.013227e-11,0.003103811,0.02291309,False,0.024751,False
2023-07-08,RS01SLBS-MJ01A-06-PRESTA101,2,True,2023-07-08T00:00:00Z,2023-07-08T23:59:59Z,86400,86400,0,1.0,1.000556469,1.00000026,-0.000475849,0,0,0,0,0.0,2.811977,21.086599,7.174732e-12,0.002811976,0.02108659,False,0.020436,False
2023-07-09,RS01SLBS-MJ01A-06-PRESTA101,2,True,2023-07-09T00:00:00Z,2023-07-09T23:59:59Z,86400,86400,0,1.0,1.000555038,1.000000282,-0.000219131,0,0,0,0,-0.0,2.889631,23.272654,-7.420735e-11,0.00288963,0.02327265,False,0.027065,False
2023-07-10,RS01SLBS-MJ01A-06-PRESTA101,2,True,2023-07-10T00:00:00Z,2023-07-10T23:59:59Z,81178,86397,5219,1.0,1.00056076,1.00005018,-0.945688929,4,5219,4,5221,-0.0,720.122573,1639.004168,-1.526453e-11,0.7200864,1.638922,True,0.413148,True
2023-07-11,RS01SLBS-MJ01A-06-PRESTA101,2,True,2023-07-11T00:00:00Z,2023-07-11T23:59:59Z,86400,86400,0,1.0,1.000520229,1.00000024,0.0069375,0,0,0,0,-0.0,3.5949,24.96921,-2.269128e-11,0.0035949,0.0249692,False,0.0246,False
2023-07-12,RS01SLBS-MJ01A-06-PRESTA101,2,True,2023-07-12T00:00:00Z,2023-07-12T23:59:59Z,86400,86400,0,1.0,1.000555992,1.000000276,0.004403826,0,0,0,0,-0.0,3.03801,22.301566,-4.125404e-12,0.003038009,0.02230156,False,0.027146,False
2023-07-13,RS01SLBS-MJ01A-06-PRESTA101,2,True,2023-07-13T00:00:00Z,2023-07-13T23:59:59Z,86400,86400,0,1.0,1.000555038,1.000000272,-0.001120793,0,0,0,0,-0.0,3.021324,22.747311,-7.112548e-11,0.003021323,0.0227473,False,0.025741,False
2023-07-14,RS01SLBS-MJ01A-06-PRESTA101,2,True,2023-07-14T00:00:00Z,2023-07-14T23:59:59Z,86400,86400,0,1.0,1.000555992,1.000000285,-0.001716346,0,0,0,0,-0.0,3.007688,23.888793,-6.78784e-12,0.003007687,0.02388879,False,0.022923,False
2023-07-15,RS01SLBS-MJ01A-06-PRESTA101,2,True,2023-07-15T00:00:00Z,2023-07-15T23:59:59Z,86400,86400,0,1.0,1.000556946,1.000000274,1.0247e-05,0,0,0,0,-0.0,2.82455,22.190281,-7.852609e-11,0.002824549,0.02219028,False,0.023485,False
2023-07-16,RS01SLBS-MJ01A-06-PRESTA101,2,True,2023-07-16T00:00:00Z,2023-07-16T23:59:59Z,86400,86400,0,1.0,1.000553131,1.000000281,0.000956145,0,0,0,0,-0.0,2.851037,22.403553,-1.718379e-11,0.002851036,0.02240355,False,0.020704,False
2023-07-17,RS01SLBS-MJ01A-06-PRESTA101,2,True,2023-07-17T00:00:00Z,2023-07-17T23:59:59Z,86400,86400,0,1.0,1.000558376,1.000000294,0.002112046,0,0,0,0,-0.0,3.225909,23.442898,-1.803346e-12,0.003225908,0.02344289,False,0.026447,False
2023-07-18,RS01SLBS-MJ01A-06-PRESTA101,2,True,2023-07-18T00:00:00Z,2023-07-18T23:59:59Z,86400,86400,0,1.0,1.000540257,1.000000272,0.001777586,0,0,0,0,-0.0,3.19833,21.903554,-4.061063e-11,0.003198329,0.02190355,False,0.026731,False
2023-07-19,RS01SLBS-MJ01A-06-PRESTA101,2,True,2023-07-19T00:00:00Z,2023-07-19T23:59:59Z,86400,86400,0,1.0,1.000559807,1.000000289,-0.000783379,0,0,0,0,0.0,3.124422,23.64144,3.217985e-11,0.003124421,0.02364143,False,0.027055,False
2023-07-20,RS01SLBS-MJ01A-06-PRESTA101,2,True,2023-07-20T00:00:00Z,2023-07-20T23:59:59Z,85791,86400,609,1.0,1.000561237,1.000000262,-0.000639101,1,609,1,609,-0.0,2.896275,22.395409,-2.286109e-11,0.002896275,0.0223954,False,0.342996,True
2023-07-21,RS01SLBS-MJ01A-06-PRESTA101,2,True,2023-07-21T00:00:00Z,2023-07-21T23:59:59Z,86400,86400,0,1.0,1.000555992,1.000000268,-0.002188163,0,0,0,0,-0.0,2.872829,23.100027,-3.088776e-11,0.002872828,0.02310002,False,0.022162,False
2023-07-22,RS01SLBS-MJ01A-06-PRESTA101,2,True,2023-07-22T00:00:00Z,2023-07-22T13:42:14Z,49335,49335,0,1.0,1.000552654,1.000000188,0.001176553,0,0,0,0,0.0,4.331846,23.237454,3.271565e-11,0.004331845,0.02323745,False,0.02388,False
2023-07-23,RS01SLBS-MJ01A-06-PRESTA101,2,False,,,0,0,,1.0,,,,,,,,,,,,,,,,False
2023-07-24,RS01SLBS-MJ01A-06-PRESTA101,2,False,,,0,0,,1.0,,,,,,,,,,,,,,,,False
2023-07-25,RS01SLBS-MJ01A-06-PRESTA101,2,False,,,0,0,,1.0,,,,,,,,,,,,,,,,False
2023-07-26,RS01SLBS-MJ01A-06-PRESTA101,2,True,2023-07-26T17:39:43Z,2023-07-26T23:59:59Z,22817,22817,0,1.0,1.000524998,1.000000469,0.011687958,0,0,0,0,-0.0,2.92492,17.849144,-1.449897e-11,0.002924918,0.01784914,False,0.020444,False
2023-07-27,RS01SLBS-MJ01A-06-PRESTA101,2,True,2023-07-27T00:00:00Z,2023-07-27T23:59:59Z,86400,86400,0,1.0,1.000514984,1.000000254,0.001939977,0,0,0,0,-0.0,3.221342,24.164021,-2.319717e-11,0.003221341,0.02416401,False,0.022384,False
2023-07-28,RS01SLBS-MJ01A-06-PRESTA101,2,True,2023-07-28T00:00:00Z,2023-07-28T23:59:59Z,86400,86400,0,1.0,1.00051403,1.00000025,0.002731066,0,0,0,0,0.0,2.907353,22.937996,7.954085e-11,0.002907352,0.02293799,False,0.026651,False
2023-07-29,RS01SLBS-MJ01A-06-PRESTA101,2,True,2023-07-29T00:00:00Z,2023-07-29T23:59:59Z,86400,86400,0,1.0,1.000517368,1.000000262,0.001490891,0,0,0,0,0.0,3.04515,24.23036,4.748152e-12,0.003045149,0.02423035,False,0.024946,False
2023-07-30,RS01SLBS-MJ01A-06-PRESTA101,2,True,2023-07-30T00:00:00Z,2023-07-30T23:59:59Z,86400,86400,0,1.0,1.000513077,1.000000275,0.003120127,0,0,0,0,0.0,2.982091,23.177018,5.336188e-11,0.00298209,0.02317701,False,0.027256,False
2023-07-31,RS01SLBS-MJ01A-06-PRESTA101,2,True,2023-07-31T00:00:00Z,2023-07-31T23:59:59Z,86400,86400,0,1.0,1.000510216,1.000000279,0.005063839,0,0,0,0,-0.0,3.127981,22.20835,-6.317854e-11,0.00312798,0.02220834,False,0.021619,False
2023-08-01,RS01SLBS-MJ01A-06-PRESTA101,2,True,2023-08-01T00:00:00Z,2023-08-01T23:59:59Z,85964,86400,436,1.0,1.000518322,1.000000266,-0.009010129,1,436,1,436,0.0,2.803889,22.684095,4.76066e-11,0.002803888,0.02268409,False,0.225344,True
2023-08-02,RS01SLBS-MJ01A-06-PRESTA101,2,True,2023-08-02T00:00:00Z,2023-08-02T23:59:59Z,86400,86400,0,1.0,1.000566006,1.000000272,-0.000324364,0,0,0,0,0.0,2.918394,22.461076,2.632795e-11,0.002918394,0.02246107,False,0.023976,False
2023-08-03,RS01SLBS-MJ01A-06-PRESTA101,2,True,2023-08-03T00:00:00Z,2023-08-03T23:59:59Z,86400,86400,0,1.0,1.000594139,1.000000261,0.000699545,0,0,0,0,-0.0,2.970753,22.514956,-6.261549e-11,0.002970752,0.02251495,False,0.02181,False
2023-08-04,RS01SLBS-MJ01A-06-PRESTA101,2,True,2023-08-04T00:00:00Z,2023-08-04T23:59:59Z,86400,86400,0,1.0,1.000596046,1.000000285,-0.00057297,0,0,0,0,-0.0,2.911249,23.501421,-7.109828e-11,0.002911248,0.02350141,False,0.025163,False
2023-08-05,RS01SLBS-MJ01A-06-PRESTA101,2,True,2023-08-05T00:00:00Z,2023-08-05T23:59:59Z,86400,86400,0,1.0,1.000592232,1.000000277,-0.001189796,0,0,0,0,0.0,2.958434,22.101168,6.059427e-12,0.002958433,0.02210116,False,0.026856,False
2023-08-06,RS01SLBS-MJ01A-06-PRESTA101,2,True,2023-08-06T00:00:00Z,2023-08-06T23:59:59Z,86400,86400,0,1.0,1.000592232,1.000000285,0.000154497,0,0,0,0,-0.0,3.055499,23.024893,-3.528266e-11,0.003055498,0.02302489,False,0.026858,False
2023-08-07,RS01SLBS-MJ01A-06-PRESTA101,2,True,2023-08-07T00:00:00Z,2023-08-07T23:59:59Z,86400,86400,0,1.0,1.000589848,1.000000252,0.001389958,0,0,0,0,-0.0,2.987876,21.945699,-1.633344e-11,0.002987875,0.02194569,False,0.026849,False
2023-08-08,RS01SLBS-MJ01A-06-PRESTA101,2,True,2023-08-08T00:00:00Z,2023-08-08T23:59:59Z,86400,86400,0,1.0,1.000590324,1.000000282,-0.001044175,0,0,0,0,-0.0,2.789906,22.994639,-4.519658e-11,0.002789905,0.02299463,False,0.024953,False
2023-08-09,RS01SLBS-MJ01A-06-PRESTA101,2,True,2023-08-09T00:00:00Z,2023-08-09T23:59:59Z,85273,86400,1127,1.0,1.000592232,1.000000283,-0.001510538,2,1127,2,1127,0.0,2.823319,21.914237,2.146218e-11,0.002823318,0.02191423,False,0.470022,True
2023-08-10,RS01SLBS-MJ01A-06-PRESTA101,2,True,2023-08-10T00:00:00Z,2023-08-10T23:59:59Z,86400,86400,0,1.0,1.000592232,1.000000292,-0.001360485,0,0,4,4,0.0,3.009844,23.699601,1.465608e-12,0.003009843,0.02369959,False,0.023773,False
2023-08-11,RS01SLBS-MJ01A-06-PRESTA101,2,True,2023-08-11T00:00:00Z,2023-08-11T23:59:59Z,86399,86399,0,1.0,1.000597,1.000000272,-0.002103752,0,0,40,40,-0.0,2.904018,22.709091,-3.592357e-11,0.002904017,0.02270908,False,0.0206,False
2023-08-12,RS01SLBS-MJ01A-06-PRESTA101,2,True,2023-08-12T00:00:00Z,2023-08-12T23:59:59Z,86400,86400,0,1.0,1.000597954,1.000000285,0.00107864,0,0,0,0,-0.0,2.939415,21.932063,-1.119411e-10,0.002939414,0.02193206,False,0.024456,False
2023-08-13,RS01SLBS-MJ01A-06-PRESTA101,2,True,2023-08-13T00:00:00Z,2023-08-13T23:59:59Z,86400,86400,0,1.0,1.000597,1.000000277,0.000739983,0,0,0,0,-0.0,2.877132,23.081723,-8.588996e-11,0.002877131,0.02308172,False,0.027061,False
2023-08-14,RS01SLBS-MJ01A-06-PRESTA101,2,True,2023-08-14T00:00:00Z,2023-08-14T23:59:59Z,86400,86400,0,1.0,1.000593185,1.000000271,0.002765321,0,0,0,0,0.0,3.136783,23.450489,4.102005e-12,0.003136782,0.02345048,False,0.025715,False
2023-08-15,RS01SLBS-MJ01A-06-PRESTA101,2,True,2023-08-15T00:00:00Z,2023-08-15T23:59:59Z,86400,86400,0,1.0,1.000592709,1.000000256,-0.003796673,0,0,0,0,-0.0,3.069798,23.07754,-4.320248e-11,0.003069797,0.02307753,False,0.025161,False
2023-08-16,RS01SLBS-MJ01A-06-PRESTA101,2,True,2023-08-16T00:00:00Z,2023-08-16T23:59:59Z,86386,86400,14,1.0,1.000564098,1.000000246,0.000912947,1,14,1,14,-0.0,3.12078,21.84338,-2.421735e-11,0.003120779,0.02184337,False,0.02089,True
2023-08-17,RS01SLBS-MJ01A-06-PRESTA101,2,True,2023-08-17T00:00:00Z,2023-08-17T23:59:59Z,86294,86400,106,1.0,1.000555038,1.000000259,0.000882246,1,106,1,106,0.0,2.838577,22.022049,8.102558e-11,0.002838576,0.02202204,False,0.057211,True
2023-08-18,RS01SLBS-MJ01A-06-PRESTA101,2,True,2023-08-18T00:00:00Z,2023-08-18T23:59:59Z,86400,86400,0,1.0,1.000555992,1.000000267,0.001040138,0,0,0,0,-0.0,2.953223,22.077272,-9.509344e-11,0.002953222,0.02207727,False,0.025001,False
2023-08-19,RS01SLBS-MJ01A-06-PRESTA101,2,True,2023-08-19T00:00:00Z,2023-08-19T23:59:59Z,86400,86400,0,1.0,1.000558853,1.000000273,-0.001217887,0,0,0,0,-0.0,2.842523,21.733902,-6.831211e-11,0.002842523,0.0217339,False,0.020409,False
2023-08-20,RS01SLBS-MJ01A-06-PRESTA101,2,True,2023-08-20T00:00:00Z,2023-08-20T23:59:59Z,86400,86400,0,1.0,1.000556946,1.00000029,-0.000280424,0,0,0,0,0.0,3.038618,23.30065,1.830506e-12,0.003038617,0.02330064,False,0.023892,False
2023-08-21,RS01SLBS-MJ01A-06-PRESTA101,2,True,2023-08-21T00:00:00Z,2023-08-21T23:59:59Z,86400,86400,0,1.0,1.000554085,1.000000276,0.002061342,0,0,0,0,0.0,3.145637,24.269881,1.006371e-11,0.003145636,0.02426987,False,0.022814,False
2023-08-22,RS01SLBS-MJ01A-06-PRESTA101,2,True,2023-08-22T00:00:00Z,2023-08-22T23:59:59Z,86400,86400,0,1.0,1.000534058,1.000000293,0.001238865,0,0,0,0,-0.0,2.906224,21.686915,-7.842823e-11,0.002906223,0.02168691,False,0.025513,False
2023-08-23,RS01SLBS-MJ01A-06-PRESTA101,2,True,2023-08-23T00:00:00Z,2023-08-23T23:59:59Z,86400,86400,0,1.0,1.000563145,1.000000279,0.000199589,0,0,0,0,0.0,2.988877,22.315005,7.170795e-12,0.002988876,0.022315,False,0.024967,False
2023-08-24,RS01SLBS-MJ01A-06-PRESTA101,2,True,2023-08-24T00:00:00Z,2023-08-24T23:59:59Z,86400,86400,0,1.0,1.000562191,1.00000025,0.00023807,0,0,0,0,-0.0,3.017636,24.086587,-1.555261e-11,0.003017636,0.02408658,False,0.024036,False
2023-08-25,RS01SLBS-MJ01A-06-PRESTA101,2,True,2023-08-25T00:00:00Z,2023-08-25T23:59:59Z,86400,86400,0,1.0,1.000570774,1.000000291,0.005955493,0,0,0,0,-0.0,3.061798,22.314536,-9.771187e-12,0.003061797,0.02231453,False,0.02709,False
2023-08-26,RS01SLBS-MJ01A-06-PRESTA101,2,True,2023-08-26T00:00:00Z,2023-08-26T23:59:59Z,86400,86400,0,1.0,1.000573158,1.000000263,-0.001246221,0,0,0,0,0.0,3.048748,23.135459,4.198041e-11,0.003048747,0.02313545,False,0.023308,False
2023-08-27,RS01SLBS-MJ01A-06-PRESTA101,2,True,2023-08-27T00:00:00Z,2023-08-27T23:59:59Z,86400,86400,0,1.0,1.000572205,1.00000029,0.002196865,0,0,0,0,-0.0,2.881406,22.716623,-2.009831e-11,0.002881405,0.02271662,False,0.023005,False
2023-08-28,RS01SLBS-MJ01A-06-PRESTA101,2,True,2023-08-28T00:00:00Z,2023-08-28T23:59:59Z,86400,86400,0,1.0,1.000572205,1.000000287,-0.000622531,0,0,0,0,-0.0,2.878059,21.332932,-5.867426e-11,0.002878058,0.02133293,False,0.020764,False
2023-08-29,RS01SLBS-MJ01A-06-PRESTA101,2,True,2023-08-29T00:00:00Z,2023-08-29T23:59:59Z,86400,86400,0,1.0,1.000538826,1.000000269,0.002377656,0,0,0,0,0.0,2.861524,21.967356,5.737205e-12,0.002861523,0.02196735,False,0.026709,False
2023-08-30,RS01SLBS-MJ01A-06-PRESTA101,2,True,2023-08-30T00:00:00Z,2023-08-30T23:59:59Z,86400,86400,0,1.0,1.000566006,1.000000263,-0.001852969,0,0,0,0,-0.0,3.964552,23.512555,-2.867297e-11,0.003964551,0.02351255,False,0.022444,False
2023-08-31,RS01SLBS-MJ01A-06-PRESTA101,2,True,2023-08-31T00:00:00Z,2023-08-31T23:59:59Z,86400,86400,0,1.0,1.000563622,1.000000364,0.001139085,0,0,0,0,-0.0,3.608887,22.939711,-5.980878e-11,0.003608885,0.0229397,False,0.02084,False
2023-09-01,RS01SLBS-MJ01A-06-PRESTA101,2,True,2023-09-01T00:00:00Z,2023-09-01T23:59:59Z,86400,86400,0,1.0,1.000562191,1.000000249,-0.00519627,0,0,0,0,-0.0,3.842912,27.430464,-3.135196e-11,0.003842911,0.02743046,False,0.02565,False
2023-09-02,RS01SLBS-MJ01A-06-PRESTA101,2,True,2023-09-02T00:00:00Z,2023-09-02T23:59:59Z,86400,86400,0,1.0,1.000569344,1.000000257,0.005219875,0,0,0,0,-0.0,3.019328,22.708743,-9.830398e-11,0.003019327,0.02270874,False,0.025359,False
2023-09-03,RS01SLBS-MJ01A-06-PRESTA101,2,True,2023-09-03T00:00:00Z,2023-09-03T23:59:59Z,86400,86400,0,1.0,1.000574112,1.000000286,0.000240369,0,0,0,0,-0.0,2.870902,20.957912,-2.496023e-11,0.002870901,0.02095791,False,0.021463,False
2023-09-04,RS01SLBS-MJ01A-06-PRESTA101,2,True,2023-09-04T00:00:00Z,2023-09-04T23:59:59Z,86400,86400,0,1.0,1.000571251,1.000000264,-9.31e-05,0,0,0,0,-0.0,2.864033,22.151205,-2.579343e-11,0.002864032,0.0221512,False,0.023472,False
2023-09-05,RS01SLBS-MJ01A-06-PRESTA101,2,True,2023-09-05T00:00:00Z,2023-09-05T23:59:59Z,86400,86400,0,1.0,1.000543118,1.000000288,0.002594053,0,0,0,0,0.0,2.887586,22.591786,3.665531e-12,0.002887585,0.02259178,False,0.024766,False
2023-09-06,RS01SLBS-MJ01A-06-PRESTA101,2,True,2023-09-06T00:00:00Z,2023-09-06T23:59:59Z,86400,86400,0,1.0,1.000560284,1.000000276,-0.000532295,0,0,0,0,-0.0,3.000807,20.361505,-7.574717e-11,0.003000806,0.0203615,False,0.020692,False
2023-09-07,RS01SLBS-MJ01A-06-PRESTA101,2,True,2023-09-07T00:00:00Z,2023-09-07T23:59:59Z,86400,86400,0,1.0,1.000567913,1.000000288,0.001585476,0,0,0,0,-0.0,3.053762,23.460285,-1.611931e-10,0.003053761,0.02346028,False,0.020782,False
2023-09-08,RS01SLBS-MJ01A-06-PRESTA101,2,True,2023-09-08T00:00:00Z,2023-09-08T23:59:59Z,86400,86400,0,1.0,1.000563145,1.000000257,-0.002123805,0,0,0,0,-0.0,2.953764,22.394339,-1.399628e-11,0.002953763,0.02239433,False,0.020725,False
2023-09-09,RS01SLBS-MJ01A-06-PRESTA101,2,True,2023-09-09T00:00:00Z,2023-09-09T23:59:59Z,86400,86400,0,1.0,1.000562191,1.000000265,-0.00073392,0,0,0,0,-0.0,2.925409,23.082435,-7.273496e-11,0.002925408,0.02308243,False,0.025648,False
2023-09-10,RS01SLBS-MJ01A-06-PRESTA101,2,True,2023-09-10T00:00:00Z,2023-09-10T23:59:59Z,86400,86400,0,1.0,1.000562191,1.000000259,-0.000296687,0,0,0,0,-0.0,2.944043,21.393848,-6.781132e-11,0.002944042,0.02139384,False,0.026516,False
2023-09-11,RS01SLBS-MJ01A-06-PRESTA101,2,True,2023-09-11T00:00:00Z,2023-09-11T23:59:59Z,86400,86400,0,1.0,1.000565052,1.000000239,0.000999263,0,0,0,0,-0.0,2.991302,22.216987,-1.487775e-11,0.002991302,0.02221698,False,0.020798,False
2023-09-12,RS01SLBS-MJ01A-06-PRESTA101,2,True,2023-09-12T00:00:00Z,2023-09-12T23:59:59Z,86400,86400,0,1.0,1.000538826,1.000000255,0.001936313,0,0,0,0,-0.0,2.941087,23.781049,-1.147877e-10,0.002941086,0.02378104,False,0.025393,False
2023-09-13,RS01SLBS-MJ01A-06-PRESTA101,2,True,2023-09-13T00:00:00Z,2023-09-13T23:59:59Z,85879,86400,521,1.0,1.000562191,1.000000276,0.002202868,1,521,1,521,-0.0,3.063316,22.508569,-4.560352e-11,0.003063315,0.02250856,False,0.290735,True
2023-09-14,RS01SLBS-MJ01A-06-PRESTA101,2,True,2023-09-14T00:00:00Z,2023-09-14T23:59:59Z,86400,86400,0,1.0,1.00055933,1.000000288,0.001279363,0,0,0,0,-0.0,2.852978,22.706098,-1.810477e-11,0.002852977,0.02270609,False,0.020351,False
2023-09-15,RS01SLBS-MJ01A-06-PRESTA101,2,True,2023-09-15T00:00:00Z,2023-09-15T23:59:59Z,86400,86400,0,1.0,1.000559807,1.00000023,-0.001734413,0,0,0,0,-0.0,3.001625,22.485218,-8.261281e-13,0.003001624,0.02248521,False,0.020699,False
2023-09-16,RS01SLBS-MJ01A-06-PRESTA101,2,True,2023-09-16T00:00:00Z,2023-09-16T23:59:59Z,86400,86400,0,1.0,1.000556946,1.000000274,0.002832393,0,0,0,0,-0.0,3.196275,23.391439,-2.551999e-11,0.003196275,0.02339143,False,0.027114,False
2023-09-17,RS01SLBS-MJ01A-06-PRESTA101,2,True,2023-09-17T00:00:00Z,2023-09-17T23:59:59Z,86400,86400,0,1.0,1.000557423,1.000000301,0.004398065,0,0,0,0,0.0,3.404983,24.449898,9.941428e-12,0.003404982,0.02444989,False,0.023976,False
2023-09-18,RS01SLBS-MJ01A-06-PRESTA101,2,True,2023-09-18T00:00:00Z,2023-09-18T23:59:59Z,86198,86400,202,1.0,1.000556946,1.000000301,0.010905763,2,202,2,202,0.0,4.064167,27.203416,5.089041e-12,0.004064165,0.02720341,False,0.056743,True
2023-09-19,RS01SLBS-MJ01A-06-PRESTA101,2,True,2023-09-19T00:00:00Z,2023-09-19T23:59:59Z,86400,86400,0,1.0,1.00053215,1.000000277,0.002182414,0,0,0,0,-0.0,2.826013,21.578928,-7.353244e-11,0.002826012,0.02157892,False,0.020494,False
2023-09-20,RS01SLBS-MJ01A-06-PRESTA101,2,True,2023-09-20T00:00:00Z,2023-09-20T23:59:59Z,86400,86400,0,1.0,1.000549793,1.000000274,-0.001289487,0,0,0,0,-0.0,2.936712,23.205764,-9.531375e-11,0.002936711,0.02320576,False,0.026496,False
2023-09-21,RS01SLBS-MJ01A-06-PRESTA101,2,True,2023-09-21T00:00:00Z,2023-09-21T23:59:59Z,86399,86399,0,1.0,1.000555038,1.000000283,-0.000125721,0,0,27,27,-0.0,2.910153,21.952406,-4.759038e-11,0.002910152,0.0219524,False,0.020755,False
2023-09-22,RS01SLBS-MJ01A-06-PRESTA101,2,True,2023-09-22T00:00:00Z,2023-09-22T23:59:59Z,86400,86400,0,1.0,1.000556946,1.000000267,-0.012874983,0,0,0,0,-0.0,2.834851,21.651374,-5.794104e-11,0.00283485,0.02165137,False,0.025044,False
2023-09-23,RS01SLBS-MJ01A-06-PRESTA101,2,True,2023-09-23T00:00:00Z,2023-09-23T23:59:59Z,86400,86400,0,1.0,1.000566006,1.000000282,0.001569138,0,0,0,0,-0.0,2.867119,22.997513,-1.05835e-11,0.002867118,0.02299751,False,0.023359,False
2023-09-24,RS01SLBS-MJ01A-06-PRESTA101,2,True,2023-09-24T00:00:00Z,2023-09-24T23:59:59Z,86400,86400,0,1.0,1.000567913,1.000000269,-0.00060449,0,0,0,0,-0.0,2.914149,22.054192,-7.941613e-11,0.002914148,0.02205419,False,0.0208,False
2023-09-25,RS01SLBS-MJ01A-06-PRESTA101,2,True,2023-09-25T00:00:00Z,2023-09-25T23:59:59Z,86400,86400,0,1.0,1.000566959,1.000000321,0.003053465,0,0,0,0,-0.0,2.974739,20.508558,-2.422413e-11,0.002974738,0.02050855,False,0.020731,False
2023-09-26,RS01SLBS-MJ01A-06-PRESTA101,2,True,2023-09-26T00:00:00Z,2023-09-26T23:59:59Z,83327,86399,3072,1.0,1.00054121,1.000015626,-0.334575967,2,3072,2,3072,0.0,261.74897,547.862087,4.779729e-11,0.2617449,0.5478535,True,0.347407,True
2023-09-27,RS01SLBS-MJ01A-06-PRESTA101,2,True,2023-09-27T00:00:00Z,2023-09-27T23:59:59Z,85453,86399,946,1.0,1.000566006,1.000015095,0.050385246,1,946,1,946,-0.0,272.877193,562.521517,-4.631532e-11,0.2728731,0.562513,True,0.462444,True
2023-09-28,RS01SLBS-MJ01A-06-PRESTA101,2,True,2023-09-28T00:00:00Z,2023-09-28T23:59:59Z,86400,86400,0,1.0,1.000567913,1.000000289,0.001442438,0,0,0,0,-0.0,2.878176,23.124049,-7.829351e-11,0.002878176,0.02312404,False,0.025226,False
2023-09-29,RS01SLBS-MJ01A-06-PRESTA101,2,True,2023-09-29T00:00:00Z,2023-09-29T23:59:59Z,85758,86400,642,1.0,1.000563145,1.000000396,-0.005066668,1,642,1,642,-0.0,18.405285,228.68597,-3.628441e-11,0.01840528,0.2286859,False,0.362091,True
2023-09-30,RS01SLBS-MJ01A-06-PRESTA101,2,True,2023-09-30T00:00:00Z,2023-09-30T23:59:59Z,86400,86400,0,1.0,1.000558853,1.00000033,-0.0046206,0,0,0,0,-0.0,3.320406,23.365612,-4.935554e-11,0.003320405,0.0233656,False,0.026532,False
2023-10-01,RS01SLBS-MJ01A-06-PRESTA101,2,True,2023-10-01T00:00:00Z,2023-10-01T23:59:59Z,86400,86400,0,1.0,1.000563145,1.000000293,0.002224556,0,0,0,0,-0.0,2.961448,22.638943,-1.97623e-11,0.002961447,0.02263894,False,0.0222,False
2023-10-02,RS01SLBS-MJ01A-06-PRESTA101,2,True,2023-10-02T00:00:00Z,2023-10-02T23:59:59Z,86400,86400,0,1.0,1.00056076,1.000000288,-0.000649328,0,0,0,0,-0.0,3.003797,24.782556,-7.399165e-11,0.003003797,0.02478255,False,0.025869,False
2023-10-03,RS01SLBS-MJ01A-06-PRESTA101,2,True,2023-10-03T00:00:00Z,2023-10-03T23:59:59Z,86400,86400,0,1.0,1.000545979,1.000000278,0.001183541,0,0,0,0,-0.0,2.829219,21.856874,-1.896464e-12,0.002829219,0.02185687,False,0.027276,False
2023-10-04,RS01SLBS-MJ01A-06-PRESTA101,2,True,2023-10-04T00:00:00Z,2023-10-04T23:59:59Z,86400,86400,0,1.0,1.000562191,1.000000288,0.000535386,0,0,0,0,-0.0,3.113239,22.820388,-5.272338e-11,0.003113238,0.02282038,False,0.025235,False
2023-10-05,RS01SLBS-MJ01A-06-PRESTA101,2,True,2023-10-05T00:00:00Z,2023-10-05T23:59:59Z,86400,86400,0,1.0,1.000563145,1.000000309,-0.003806726,0,0,0,0,-0.0,4.384324,26.522315,-1.846525e-12,0.004384323,0.02652231,False,0.020766,False
2023-10-06,RS01SLBS-MJ01A-06-PRESTA101,2,True,2023-10-06T00:00:00Z,2023-10-06T23:59:59Z,86400,86400,0,1.0,1.00055027,1.000000223,-0.003960272,0,0,0,0,-0.0,43.187384,375.150285,-1.012352e-10,0.04318737,0.3751502,False,0.341434,False
2023-10-07,RS01SLBS-MJ01A-06-PRESTA101,2,True,2023-10-07T00:00:00Z,2023-10-07T23:59:59Z,86400,86400,0,1.0,1.000552177,1.000000293,0.001997183,0,0,0,0,0.0,2.890047,22.411972,2.34615e-11,0.002890046,0.02241197,False,0.020655,False
2023-10-08,RS01SLBS-MJ01A-06-PRESTA101,2,True,2023-10-08T00:00:00Z,2023-10-08T23:59:59Z,86400,86400,0,1.0,1.000553131,1.000000283,0.001560811,0,0,0,0,0.0,2.935089,24.128316,2.963605e-11,0.002935088,0.02412831,False,0.022896,False
2023-10-09,RS01SLBS-MJ01A-06-PRESTA101,2,True,2023-10-09T00:00:00Z,2023-10-09T23:59:59Z,86400,86400,0,1.0,1.000553131,1.000000262,0.000854647,0,0,0,0,-0.0,12.348612,113.522077,-6.763088e-13,0.01234861,0.113522,False,0.110053,False
2023-10-10,RS01SLBS-MJ01A-06-PRESTA101,2,True,2023-10-10T00:00:00Z,2023-10-10T23:59:59Z,86400,86400,0,1.0,1.000525951,1.000000286,8.2409e-05,0,0,0,0,-0.0,2.927239,22.442315,-7.971136e-11,0.002927238,0.02244231,False,0.024629,False
2023-10-11,RS01SLBS-MJ01A-06-PRESTA101,2,True,2023-10-11T00:00:00Z,2023-10-11T23:59:59Z,86400,86400,0,1.0,1.000551224,1.000000259,0.002292504,0,0,0,0,0.0,2.94797,23.437534,6.232752e-12,0.002947969,0.02343753,False,0.020641,False
2023-10-12,RS01SLBS-MJ01A-06-PRESTA101,2,True,2023-10-12T00:00:00Z,2023-10-12T23:59:59Z,86400,86400,0,1.0,1.000550747,1.00000029,-0.000778534,0,0,0,0,-0.0,3.13746,22.057884,-1.079381e-10,0.003137459,0.02205788,False,0.023851,False
2023-10-13,RS01SLBS-MJ01A-06-PRESTA101,2,True,2023-10-13T00:00:00Z,2023-10-13T23:59:59Z,86400,86400,0,1.0,1.000560284,1.000000279,-0.005321658,0,0,0,0,0.0,3.153666,22.623991,3.74996e-11,0.003153665,0.02262398,False,0.020849,False
2023-10-14,RS01SLBS-MJ01A-06-PRESTA101,2,True,2023-10-14T00:00:00Z,2023-10-14T23:59:59Z,86400,86400,0,1.0,1.000556946,1.000000273,0.003434623,0,0,0,0,-0.0,2.861027,21.599167,-4.212349e-11,0.002861027,0.02159916,False,0.020828,False
2023-10-15,RS01SLBS-MJ01A-06-PRESTA101,2,True,2023-10-15T00:00:00Z,2023-10-15T23:59:59Z,86400,86400,0,1.0,1.000559807,1.000000275,0.003251832,0,0,0,0,-0.0,2.909215,22.758259,-6.334125e-11,0.002909214,0.02275825,False,0.024772,False
2023-10-16,RS01SLBS-MJ01A-06-PRESTA101,2,True,2023-10-16T00:00:00Z,2023-10-16T23:59:59Z,86400,86400,0,1.0,1.000550747,1.000000289,0.001643096,0,0,0,0,-0.0,5.468026,61.940239,-3.481191e-11,0.005468024,0.06194022,False,0.053964,False
2023-10-17,RS01SLBS-MJ01A-06-PRESTA101,2,True,2023-10-17T00:00:00Z,2023-10-17T23:59:59Z,86400,86400,0,1.0,1.000527859,1.00000031,-0.000643442,0,0,0,0,-0.0,2.845056,21.572869,-3.458561e-11,0.002845056,0.02157286,False,0.024887,False
2023-10-18,RS01SLBS-MJ01A-06-PRESTA101,2,True,2023-10-18T00:00:00Z,2023-10-18T23:59:59Z,86400,86400,0,1.0,1.000549793,1.000000281,-0.003994867,0,0,0,0,-0.0,3.006961,23.498777,-6.789412e-11,0.003006961,0.02349877,False,0.025943,False
2023-10-19,RS01SLBS-MJ01A-06-PRESTA101,2,True,2023-10-19T00:00:00Z,2023-10-19T23:59:59Z,86400,86400,0,1.0,1.000553608,1.000000259,-0.000254449,0,0,0,0,-0.0,2.859738,21.950949,-6.666702e-11,0.002859737,0.02195094,False,0.020748,False
2023-10-20,RS01SLBS-MJ01A-06-PRESTA101,2,True,2023-10-20T00:00:00Z,2023-10-20T23:59:59Z,86400,86400,0,1.0,1.000552177,1.000000268,0.001602394,0,0,0,0,-0.0,3.072482,21.967439,-1.544313e-11,0.003072481,0.02196743,False,0.02076,False
2023-10-21,RS01SLBS-MJ01A-06-PRESTA101,2,True,2023-10-21T00:00:00Z,2023-10-21T23:59:59Z,86400,86400,0,1.0,1.000553131,1.000000288,0.002509045,0,0,0,0,0.0,2.872055,22.365101,1.532489e-11,0.002872054,0.02236509,False,0.025516,False
2023-10-22,RS01SLBS-MJ01A-06-PRESTA101,2,True,2023-10-22T00:00:00Z,2023-10-22T23:59:59Z,86400,86400,0,1.0,1.000555038,1.000000277,0.000390839,0,0,0,0,-0.0,2.826555,22.194955,-5.175941e-11,0.002826554,0.02219495,False,0.025235,False
2023-10-23,RS01SLBS-MJ01A-06-PRESTA101,2,True,2023-10-23T00:00:00Z,2023-10-23T23:59:59Z,86400,86400,0,1.0,1.000556946,1.000000256,-0.00104554,0,0,0,0,-0.0,3.068574,21.423051,-9.718326e-11,0.003068574,0.02142305,False,0.020684,False
2023-10-24,RS01SLBS-MJ01A-06-PRESTA101,2,True,2023-10-24T00:00:00Z,2023-10-24T23:59:59Z,86400,86400,0,1.0,1.000524044,1.000000295,-0.000406412,0,0,0,0,-0.0,3.099132,23.278119,-3.601582e-11,0.003099131,0.02327811,False,0.020506,False
2023-10-25,RS01SLBS-MJ01A-06-PRESTA101,2,True,2023-10-25T00:00:00Z,2023-10-25T23:59:59Z,86400,86400,0,1.0,1.000556946,1.000000305,0.002019336,0,0,0,0,-0.0,2.872916,21.112522,-4.466963e-11,0.002872915,0.02111252,False,0.020709,False
2023-10-26,RS01SLBS-MJ01A-06-PRESTA101,2,True,2023-10-26T00:00:00Z,2023-10-26T23:59:59Z,86400,86400,0,1.0,1.000552177,1.000000278,0.00541119,0,0,0,0,-0.0,2.862501,21.418598,-4.159951e-11,0.0028625,0.02141859,False,0.020839,False
2023-10-27,RS01SLBS-MJ01A-06-PRESTA101,2,True,2023-10-27T00:00:00Z,2023-10-27T23:59:59Z,86400,86400,0,1.0,1.000563145,1.000000307,-0.00121117,0,0,0,0,-0.0,2.944124,20.451301,-8.54406e-11,0.002944124,0.0204513,False,0.020842,False
2023-10-28,RS01SLBS-MJ01A-06-PRESTA101,2,True,2023-10-28T00:00:00Z,2023-10-28T23:59:59Z,86400,86400,0,1.0,1.000555992,1.000000173,-0.001013793,0,0,2,2,-0.0,18.49621,127.891128,-2.454894e-11,0.01849621,0.1278911,False,0.124571,False
2023-10-29,RS01SLBS-MJ01A-06-PRESTA101,2,True,2023-10-29T00:00:00Z,2023-10-29T23:59:59Z,86400,86400,0,1.0,1.000556946,1.000000263,-0.000585165,0,0,0,0,-0.0,3.069627,22.920101,-9.307724e-11,0.003069626,0.0229201,False,0.027007,False
2023-10-30,RS01SLBS-MJ01A-06-PRESTA101,2,True,2023-10-30T00:00:00Z,2023-10-30T23:59:59Z,86400,86400,0,1.0,1.000557899,1.000000289,-0.004920729,0,0,0,0,-0.0,17.280493,111.33976,-5.307505e-11,0.01728049,0.1113397,False,0.108709,False
2023-10-31,RS01SLBS-MJ01A-06-PRESTA101,2,True,2023-10-31T00:00:00Z,2023-10-31T23:59:59Z,86400,86400,0,1.0,1.000529766,1.00000034,0.003823695,0,0,0,0,-0.0,4.211115,25.652484,-4.447198e-11,0.004211113,0.02565247,False,0.026762,False
2023-11-01,RS01SLBS-MJ01A-06-PRESTA101,2,True,2023-11-01T00:00:00Z,2023-11-01T23:59:59Z,86399,86399,0,1.0,1.000551701,1.000000274,-0.006721472,0,0,31,31,-0.0,3.568714,24.426155,-1.265647e-11,0.003568713,0.02442615,False,0.025799,False
2023-11-02,RS01SLBS-MJ01A-06-PRESTA101,2,True,2023-11-02T00:00:00Z,2023-11-02T23:59:59Z,86400,86400,0,1.0,1.000551701,1.000000273,-0.000417904,0,0,1,1,0.0,3.963709,34.418108,6.467239e-12,0.003963708,0.0344181,False,0.028237,False
2023-11-03,RS01SLBS-MJ01A-06-PRESTA101,2,True,2023-11-03T00:00:00Z,2023-11-03T23:59:59Z,86400,86400,0,1.0,1.000558853,1.000000285,0.002284135,0,0,0,0,-0.0,3.186797,22.317736,-6.111786e-11,0.003186796,0.02231773,False,0.027013,False
2023-11-04,RS01SLBS-MJ01A-06-PRESTA101,2,True,2023-11-04T00:00:00Z,2023-11-04T23:59:59Z,86400,86400,0,1.0,1.000551701,1.000000263,-0.002232792,0,0,0,0,-0.0,2.873569,23.626177,-5.03674e-12,0.002873568,0.02362617,False,0.023933,False
2023-11-05,RS01SLBS-MJ01A-06-PRESTA101,2,True,2023-11-05T00:00:00Z,2023-11-05T23:59:59Z,86400,86400,0,1.0,1.000553608,1.000000257,-0.001079888,0,0,0,0,-0.0,9.071565,112.165541,-4.701033e-11,0.009071563,0.1121655,False,0.107657,False
2023-11-06,RS01SLBS-MJ01A-06-PRESTA101,2,True,2023-11-06T00:00:00Z,2023-11-06T23:59:59Z,86400,86400,0,1.0,1.000551224,1.000000271,-0.000217462,0,0,0,0,-0.0,2.882928,20.94576,-6.302754e-11,0.002882928,0.02094575,False,0.020486,False
2023-11-07,RS01SLBS-MJ01A-06-PRESTA101,2,True,2023-11-07T00:00:00Z,2023-11-07T23:59:59Z,86400,86400,0,1.0,1.00053072,1.000000274,0.000805043,0,0,0,0,-0.0,2.853904,22.855331,-2.602396e-12,0.002853903,0.02285533,False,0.026185,False
2023-11-08,RS01SLBS-MJ01A-06-PRESTA101,2,True,2023-11-08T00:00:00Z,2023-11-08T23:59:59Z,86400,86400,0,1.0,1.000547886,1.000000278,0.000811386,0,0,0,0,0.0,2.869186,22.217063,7.316377e-12,0.002869185,0.02221706,False,0.020749,False
2023-11-09,RS01SLBS-MJ01A-06-PRESTA101,2,True,2023-11-09T00:00:00Z,2023-11-09T23:59:59Z,86400,86400,0,1.0,1.000554085,1.000000271,0.00013316,0,0,0,0,0.0,2.994624,24.702023,3.961608e-11,0.002994623,0.02470202,False,0.025414,False
2023-11-10,RS01SLBS-MJ01A-06-PRESTA101,2,True,2023-11-10T00:00:00Z,2023-11-10T23:59:59Z,86400,86400,0,1.0,1.000554085,1.000000292,0.005409909,0,0,0,0,-0.0,2.952989,21.717174,-5.914145e-11,0.002952988,0.02171717,False,0.020783,False
2023-11-11,RS01SLBS-MJ01A-06-PRESTA101,2,True,2023-11-11T00:00:00Z,2023-11-11T23:59:59Z,86400,86400,0,1.0,1.000551224,1.000000277,-0.009784949,0,0,0,0,-0.0,2.853257,22.44062,-8.095133e-11,0.002853256,0.02244061,False,0.024089,False
2023-11-12,RS01SLBS-MJ01A-06-PRESTA101,2,True,2023-11-12T00:00:00Z,2023-11-12T20:20:14Z,73215,73215,0,1.0,1.00054884,1.000000286,-0.000421076,0,0,0,0,-0.0,2.799147,23.202217,-1.120584e-12,0.002799146,0.02320221,False,0.023972,False
2023-11-13,RS01SLBS-MJ01A-06-PRESTA101,2,True,2023-11-13T00:00:00Z,2023-11-13T23:59:59Z,83279,86398,3119,1.0,1.000552177,1.000024146,-0.592337079,1,3119,1,3119,-0.0,556.192262,983.088561,-3.967779e-11,0.5561788,0.9830648,True,0.266927,True
2023-11-14,RS01SLBS-MJ01A-06-PRESTA101,2,True,2023-11-14T00:00:00Z,2023-11-14T23:59:59Z,86400,86400,0,1.0,1.000529289,1.000000264,-0.001384287,0,0,0,0,-0.0,17.198992,215.898301,-8.022937e-11,0.01719899,0.2158982,False,0.214793,False
2023-11-15,RS01SLBS-MJ01A-06-PRESTA101,2,True,2023-11-15T00:00:00Z,2023-11-15T23:59:59Z,86400,86400,0,1.0,1.000546932,1.000000266,-0.00199079,0,0,0,0,-0.0,3.030956,21.907497,-9.189934e-11,0.003030955,0.02190749,False,0.024943,False
2023-11-16,RS01SLBS-MJ01A-06-PRESTA101,2,True,2023-11-16T00:00:00Z,2023-11-16T23:59:59Z,86400,86400,0,1.0,1.000549793,1.000000275,0.000544459,0,0,0,0,-0.0,2.962753,20.749519,-6.269753e-11,0.002962752,0.02074951,False,0.02083,False
2023-11-17,RS01SLBS-MJ01A-06-PRESTA101,2,True,2023-11-17T00:00:00Z,2023-11-17T23:59:59Z,86400,86400,0,1.0,1.00054884,1.00000031,-0.001526427,0,0,0,0,-0.0,2.920215,21.255334,-8.518526e-11,0.002920214,0.02125533,False,0.020736,False
2023-11-18,RS01SLBS-MJ01A-06-PRESTA101,2,True,2023-11-18T00:00:00Z,2023-11-18T23:59:59Z,86400,86400,0,1.0,1.000553608,1.000000274,-0.000890794,0,0,0,0,-0.0,3.064465,22.120427,-5.520638e-11,0.003064464,0.02212042,False,0.020793,False
2023-11-19,RS01SLBS-MJ01A-06-PRESTA101,2,True,2023-11-19T00:00:00Z,2023-11-19T23:59:59Z,86400,86400,0,1.0,1.000552177,1.000000284,-0.001096323,0,0,0,0,-0.0,3.023038,22.683549,-5.305618e-11,0.003023037,0.02268354,False,0.024563,False
2023-11-20,RS01SLBS-MJ01A-06-PRESTA101,2,True,2023-11-20T00:00:00Z,2023-11-20T23:59:59Z,86400,86400,0,1.0,1.000555992,1.000000284,-0.001335052,0,0,0,0,-0.0,2.969259,22.767829,-1.916849e-12,0.002969258,0.02276782,False,0.027057,False
2023-11-21,RS01SLBS-MJ01A-06-PRESTA101,2,True,2023-11-21T00:00:00Z,2023-11-21T23:59:59Z,86400,86400,0,1.0,1.000527859,1.000000267,0.000700416,0,0,0,0,-0.0,2.865618,22.491035,-3.653731e-12,0.002865617,0.02249103,False,0.026225,False
2023-11-22,RS01SLBS-MJ01A-06-PRESTA101,2,True,2023-11-22T00:00:00Z,2023-11-22T23:59:59Z,86400,86400,0,1.0,1.000555038,1.000000265,0.001021493,0,0,0,0,-0.0,2.912112,21.557244,-1.302459e-10,0.002912111,0.02155724,False,0.024395,False
2023-11-23,RS01SLBS-MJ01A-06-PRESTA101,2,True,2023-11-23T00:00:00Z,2023-11-23T23:59:59Z,86198,86400,202,1.0,1.000552177,1.00000028,0.001323806,3,202,3,203,0.0,12.094979,119.675698,5.545192e-11,0.01209498,0.1196757,False,0.113688,True
2023-11-24,RS01SLBS-MJ01A-06-PRESTA101,2,True,2023-11-24T00:00:00Z,2023-11-24T23:59:59Z,86299,86400,101,1.0,1.000551701,1.000000282,0.001450481,1,101,1,101,-0.0,2.964375,22.941687,-9.067817e-12,0.002964374,0.02294168,False,0.05536,True
2023-11-25,RS01SLBS-MJ01A-06-PRESTA101,2,True,2023-11-25T00:00:00Z,2023-11-25T23:59:59Z,86400,86400,0,1.0,1.000551701,1.000000294,-0.001314197,0,0,0,0,-0.0,3.117257,22.307574,-2.260422e-11,0.003117256,0.02230757,False,0.023485,False
2023-11-26,RS01SLBS-MJ01A-06-PRESTA101,2,True,2023-11-26T00:00:00Z,2023-11-26T14:42:46Z,52967,52967,0,1.0,1.000556946,1.000000219,0.000276396,0,0,0,0,-0.0,3.821475,24.488549,-3.640234e-11,0.003821475,0.02448854,False,0.020752,False
2023-11-27,RS01SLBS-MJ01A-06-PRESTA101,2,False,,,0,0,,1.0,,,,,,,,,,,,,,,,False
2023-11-28,RS01SLBS-MJ01A-06-PRESTA101,2,False,,,0,0,,1.0,,,,,,,,,,,,,,,,False
2023-11-29,RS01SLBS-MJ01A-06-PRESTA101,2,False,,,0,0,,1.0,,,,,,,,,,,,,,,,False
2023-11-30,RS01SLBS-MJ01A-06-PRESTA101,2,False,,,0,0,,1.0,,,,,,,,,,,,,,,,False
2023-12-01,RS01SLBS-MJ01A-06-PRESTA101,2,False,,,0,0,,1.0,,,,,,,,,,,,,,,,False
2023-12-02,RS01SLBS-MJ01A-06-PRESTA101,2,False,,,0,0,,1.0,,,,,,,,,,,,,,,,False
2023-12-03,RS01SLBS-MJ01A-06-PRESTA101,2,False,,,0,0,,1.0,,,,,,,,,,,,,,,,False
2023-12-04,RS01SLBS-MJ01A-06-PRESTA101,2,False,,,0,0,,1.0,,,,,,,,,,,,,,,,False
2023-12-05,RS01SLBS-MJ01A-06-PRESTA101,2,False,,,0,0,,1.0,,,,,,,,,,,,,,,,False
2023-12-06,RS01SLBS-MJ01A-06-PRESTA101,2,False,,,0,0,,1.0,,,,,,,,,,,,,,,,False
2023-12-07,RS01SLBS-MJ01A-06-PRESTA101,2,False,,,0,0,,1.0,,,,,,,,,,,,,,,,False
2023-12-08,RS01SLBS-MJ01A-06-PRESTA101,2,False,,,0,0,,1.0,,,,,,,,,,,,,,,,False
2023-12-09,RS01SLBS-MJ01A-06-PRESTA101,2,False,,,0,0,,1.0,,,,,,,,,,,,,,,,False
2023-12-10,RS01SLBS-MJ01A-06-PRESTA101,2,False,,,0,0,,1.0,,,,,,,,,,,,,,,,False
2023-12-11,RS01SLBS-MJ01A-06-PRESTA101,2,False,,,0,0,,1.0,,,,,,,,,,,,,,,,False
2023-12-12,RS01SLBS-MJ01A-06-PRESTA101,2,False,,,0,0,,1.0,,,,,,,,,,,,,,,,False
2023-12-13,RS01SLBS-MJ01A-06-PRESTA101,2,False,,,0,0,,1.0,,,,,,,,,,,,,,,,False
2023-12-14,RS01SLBS-MJ01A-06-PRESTA101,2,False,,,0,0,,1.0,,,,,,,,,,,,,,,,False
2023-12-15,RS01SLBS-MJ01A-06-PRESTA101,2,False,,,0,0,,1.0,,,,,,,,,,,,,,,,False
2023-12-16,RS01SLBS-MJ01A-06-PRESTA101,2,False,,,0,0,,1.0,,,,,,,,,,,,,,,,False
2023-12-17,RS01SLBS-MJ01A-06-PRESTA101,2,False,,,0,0,,1.0,,,,,,,,,,,,,,,,False
2023-12-18,RS01SLBS-MJ01A-06-PRESTA101,2,False,,,0,0,,1.0,,,,,,,,,,,,,,,,False
2023-12-19,RS01SLBS-MJ01A-06-PRESTA101,2,True,2023-12-19T17:04:49Z,2023-12-19T23:59:59Z,24911,24911,0,1.0,1.000526905,1.000000119,-0.002087109,0,0,0,0,0.0,2.845758,21.610661,1.295212e-11,0.002845758,0.02161066,False,0.025644,False
2023-12-20,RS01SLBS-MJ01A-06-PRESTA101,2,True,2023-12-20T00:00:00Z,2023-12-20T23:59:59Z,86400,86400,0,1.0,1.000511646,1.00000027,0.004752567,0,0,0,0,-0.0,2.896544,23.743752,-6.516757e-11,0.002896544,0.02374375,False,0.02724,False
2023-12-21,RS01SLBS-MJ01A-06-PRESTA101,2,True,2023-12-21T00:00:00Z,2023-12-21T23:59:59Z,86400,86400,0,1.0,1.000555992,1.000000267,0.00059519,0,0,0,0,-0.0,2.817527,22.333414,-5.046946e-11,0.002817526,0.02233341,False,0.02523,False
2023-12-22,RS01SLBS-MJ01A-06-PRESTA101,2,True,2023-12-22T00:00:00Z,2023-12-22T23:59:59Z,86400,86400,0,1.0,1.000590801,1.000000267,-1.6242e-05,0,0,0,0,0.0,2.783687,21.172941,2.680854e-11,0.002783686,0.02117294,False,0.02486,False
2023-12-23,RS01SLBS-MJ01A-06-PRESTA101,2,True,2023-12-23T00:00:00Z,2023-12-23T23:59:59Z,86400,86400,0,1.0,1.000593185,1.000000284,-0.013616183,0,0,0,0,0.0,2.806509,20.705666,6.249513e-12,0.002806508,0.02070566,False,0.022574,False
2023-12-24,RS01SLBS-MJ01A-06-PRESTA101,2,True,2023-12-24T00:00:00Z,2023-12-24T23:59:59Z,86400,86400,0,1.0,1.00059557,1.000000281,0.001396197,0,0,0,0,0.0,2.796743,21.963992,3.310401e-13,0.002796742,0.02196399,False,0.023718,False
2023-12-25,RS01SLBS-MJ01A-06-PRESTA101,2,True,2023-12-25T00:00:00Z,2023-12-25T23:59:59Z,86400,86400,0,1.0,1.000592709,1.000000292,-0.000695024,0,0,0,0,-0.0,2.92389,21.681634,-5.294561e-11,0.002923889,0.02168163,False,0.024258,False
2023-12-26,RS01SLBS-MJ01A-06-PRESTA101,2,True,2023-12-26T00:00:00Z,2023-12-26T23:59:59Z,86400,86400,0,1.0,1.000597,1.000000261,-0.001358386,0,0,0,0,-0.0,2.930781,21.650145,-3.789154e-11,0.002930781,0.02165014,False,0.024442,False
2023-12-27,RS01SLBS-MJ01A-06-PRESTA101,2,True,2023-12-27T00:00:00Z,2023-12-27T23:59:59Z,86400,86400,0,1.0,1.000589848,1.000000275,0.001595225,0,0,0,0,-0.0,2.88999,22.668363,-7.90168e-11,0.002889989,0.02266836,False,0.023605,False
2023-12-28,RS01SLBS-MJ01A-06-PRESTA101,2,True,2023-12-28T00:00:00Z,2023-12-28T23:59:59Z,86400,86400,0,1.0,1.000597,1.000000274,0.0043666,0,0,0,0,-0.0,2.788129,21.741838,-3.777711e-11,0.002788129,0.02174183,False,0.024552,False
2023-12-29,RS01SLBS-MJ01A-06-PRESTA101,2,True,2023-12-29T00:00:00Z,2023-12-29T23:59:59Z,86400,86400,0,1.0,1.000593185,1.000000277,-0.001907204,0,0,0,0,-0.0,2.827992,22.257642,-1.208634e-11,0.002827991,0.02225764,False,0.02628,False
2023-12-30,RS01SLBS-MJ01A-06-PRESTA101,2,True,2023-12-30T00:00:00Z,2023-12-30T23:59:59Z,86400,86400,0,1.0,1.000594139,1.000000275,-0.001657703,0,0,0,0,-0.0,2.822964,22.325103,-3.155643e-11,0.002822963,0.0223251,False,0.02483,False
2023-12-31,RS01SLBS-MJ01A-06-PRESTA101,2,True,2023-12-31T00:00:00Z,2023-12-31T23:59:59Z,86400,86400,0,1.0,1.000593185,1.000000279,-0.002119425,0,0,0,0,0.0,2.84514,23.349379,4.532813e-12,0.002845139,0.02334937,False,0.026904,False
2024-01-01,RS01SLBS-MJ01A-06-PRESTA101,2,True,2024-01-01T00:00:00Z,2024-01-01T23:59:59Z,86299,86400,101,1.0,1.000597954,1.000000274,0.001494801,1,101,1,101,0.0,2.946542,22.939793,8.855359e-11,0.002946541,0.02293979,False,0.060735,True
2024-01-02,RS01SLBS-MJ01A-06-PRESTA101,2,True,2024-01-02T00:00:00Z,2024-01-02T23:59:59Z,86400,86400,0,1.0,1.000591278,1.00000026,0.001770261,0,0,0,0,0.0,7.213548,74.782678,2.799952e-15,0.007213546,0.07478266,False,0.072122,False
2024-01-03,RS01SLBS-MJ01A-06-PRESTA101,2,True,2024-01-03T00:00:00Z,2024-01-03T23:59:59Z,86299,86400,101,1.0,1.000595093,1.000000286,-0.000571424,1,101,1,101,-0.0,2.823083,21.84237,-3.267718e-11,0.002823082,0.02184236,False,0.060944,True
2024-01-04,RS01SLBS-MJ01A-06-PRESTA101,2,True,2024-01-04T00:00:00Z,2024-01-04T23:59:59Z,86400,86400,0,1.0,1.000597,1.000000274,-0.000766423,0,0,0,0,-0.0,2.842353,20.809202,-6.017266e-11,0.002842352,0.0208092,False,0.02032,False
2024-01-05,RS01SLBS-MJ01A-06-PRESTA101,2,True,2024-01-05T00:00:00Z,2024-01-05T23:59:59Z,86097,86400,303,1.0,1.000593185,1.000000262,-0.000796731,3,303,3,303,0.0,2.822916,22.583889,3.287678e-11,0.002822915,0.02258388,False,0.063782,True
2024-01-06,RS01SLBS-MJ01A-06-PRESTA101,2,True,2024-01-06T00:00:00Z,2024-01-06T23:59:59Z,85995,86400,405,1.0,1.000589848,1.000000264,0.003029179,4,405,4,405,0.0,2.906293,20.856822,9.82042e-12,0.002906292,0.02085682,False,0.065269,True
2024-01-07,RS01SLBS-MJ01A-06-PRESTA101,2,True,2024-01-07T00:00:00Z,2024-01-07T23:59:59Z,85991,86400,409,1.0,1.000593185,1.000000266,-0.001765305,4,409,4,409,0.0,2.877685,21.845253,3.853238e-11,0.002877684,0.02184525,False,0.065645,True
2024-01-08,RS01SLBS-MJ01A-06-PRESTA101,2,True,2024-01-08T00:00:00Z,2024-01-08T23:59:59Z,67095,86389,19294,1.0,1.000583649,1.000146705,-3.235064336,6,19294,6,19294,-0.0,2430.206393,4623.271001,-2.408229e-11,2.42985,4.622593,True,0.065438,True
2024-01-09,RS01SLBS-MJ01A-06-PRESTA101,2,True,2024-01-09T00:00:00Z,2024-01-09T23:59:59Z,85270,86399,1129,1.0,1.000543118,1.000017492,-0.197305815,3,1129,3,1129,-0.0,248.536925,528.229784,-3.842427e-11,0.2485326,0.5282205,True,0.496332,True
2024-01-10,RS01SLBS-MJ01A-06-PRESTA101,2,True,2024-01-10T00:00:00Z,2024-01-10T23:59:59Z,85996,86400,404,1.0,1.000506878,1.000000275,-0.002095772,4,404,4,404,0.0,2.882538,21.471175,6.448864e-12,0.002882537,0.02147117,False,0.053135,True
2024-01-11,RS01SLBS-MJ01A-06-PRESTA101,2,True,2024-01-11T00:00:00Z,2024-01-11T23:59:59Z,63933,86389,22456,1.0,1.000509262,1.000163466,0.135853204,6,22456,6,22456,-0.0,2156.389533,4442.221903,-2.087981e-11,2.156037,4.441496,True,0.169088,True
2024-01-12,RS01SLBS-MJ01A-06-PRESTA101,2,True,2024-01-12T00:00:00Z,2024-01-12T23:59:59Z,76222,86395,10173,1.0,1.000518799,1.000058479,-1.419412675,3,10173,3,10173,0.0,1273.783328,2232.394912,2.650751e-11,1.273709,2.232264,True,0.16845,True
2024-01-13,RS01SLBS-MJ01A-06-PRESTA101,2,True,2024-01-13T00:00:00Z,2024-01-13T03:45:31Z,13532,13532,0,1.0,1.000596046,1.000000292,-0.002132876,0,0,0,0,0.0,2.808544,19.174084,2.791697e-12,0.002808543,0.01917408,False,0.020303,False
2024-01-14,RS01SLBS-MJ01A-06-PRESTA101,2,False,,,0,0,,1.0,,,,,,,,,,,,,,,,False
2024-01-15,RS01SLBS-MJ01A-06-PRESTA101,2,False,,,0,0,,1.0,,,,,,,,,,,,,,,,False
2024-01-16,RS01SLBS-MJ01A-06-PRESTA101,2,False,,,0,0,,1.0,,,,,,,,,,,,,,,,False
2024-01-17,RS01SLBS-MJ01A-06-PRESTA101,2,False,,,0,0,,1.0,,,,,,,,,,,,,,,,False
2024-01-18,RS01SLBS-MJ01A-06-PRESTA101,2,False,,,0,0,,1.0,,,,,,,,,,,,,,,,False
2024-01-19,RS01SLBS-MJ01A-06-PRESTA101,2,False,,,0,0,,1.0,,,,,,,,,,,,,,,,False
2024-01-20,RS01SLBS-MJ01A-06-PRESTA101,2,False,,,0,0,,1.0,,,,,,,,,,,,,,,,False
2024-01-21,RS01SLBS-MJ01A-06-PRESTA101,2,False,,,0,0,,1.0,,,,,,,,,,,,,,,,False
2024-01-22,RS01SLBS-MJ01A-06-PRESTA101,2,False,,,0,0,,1.0,,,,,,,,,,,,,,,,False
2024-01-23,RS01SLBS-MJ01A-06-PRESTA101,2,False,,,0,0,,1.0,,,,,,,,,,,,,,,,False
2024-01-24,RS01SLBS-MJ01A-06-PRESTA101,2,False,,,0,0,,1.0,,,,,,,,,,,,,,,,False
2024-01-25,RS01SLBS-MJ01A-06-PRESTA101,2,False,,,0,0,,1.0,,,,,,,,,,,,,,,,False
2024-01-26,RS01SLBS-MJ01A-06-PRESTA101,2,False,,,0,0,,1.0,,,,,,,,,,,,,,,,False
2024-01-27,RS01SLBS-MJ01A-06-PRESTA101,2,False,,,0,0,,1.0,,,,,,,,,,,,,,,,False
2024-01-28,RS01SLBS-MJ01A-06-PRESTA101,2,False,,,0,0,,1.0,,,,,,,,,,,,,,,,False
2024-01-29,RS01SLBS-MJ01A-06-PRESTA101,2,False,,,0,0,,1.0,,,,,,,,,,,,,,,,False
2024-01-30,RS01SLBS-MJ01A-06-PRESTA101,2,False,,,0,0,,1.0,,,,,,,,,,,,,,,,False
2024-01-31,RS01SLBS-MJ01A-06-PRESTA101,2,False,,,0,0,,1.0,,,,,,,,,,,,,,,,False
2024-02-01,RS01SLBS-MJ01A-06-PRESTA101,2,False,,,0,0,,1.0,,,,,,,,,,,,,,,,False
2024-02-02,RS01SLBS-MJ01A-06-PRESTA101,2,False,,,0,0,,1.0,,,,,,,,,,,,,,,,False
2024-02-03,RS01SLBS-MJ01A-06-PRESTA101,2,False,,,0,0,,1.0,,,,,,,,,,,,,,,,False
2024-02-04,RS01SLBS-MJ01A-06-PRESTA101,2,False,,,0,0,,1.0,,,,,,,,,,,,,,,,False
2024-02-05,RS01SLBS-MJ01A-06-PRESTA101,2,False,,,0,0,,1.0,,,,,,,,,,,,,,,,False
2024-02-06,RS01SLBS-MJ01A-06-PRESTA101,2,False,,,0,0,,1.0,,,,,,,,,,,,,,,,False
2024-02-07,RS01SLBS-MJ01A-06-PRESTA101,2,False,,,0,0,,1.0,,,,,,,,,,,,,,,,False
2024-02-08,RS01SLBS-MJ01A-06-PRESTA101,2,False,,,0,0,,1.0,,,,,,,,,,,,,,,,False
2024-02-09,RS01SLBS-MJ01A-06-PRESTA101,2,False,,,0,0,,1.0,,,,,,,,,,,,,,,,False
2024-02-10,RS01SLBS-MJ01A-06-PRESTA101,2,False,,,0,0,,1.0,,,,,,,,,,,,,,,,False
2024-02-11,RS01SLBS-MJ01A-06-PRESTA101,2,False,,,0,0,,1.0,,,,,,,,,,,,,,,,False
2024-02-12,RS01SLBS-MJ01A-06-PRESTA101,2,False,,,0,0,,1.0,,,,,,,,,,,,,,,,False
2024-02-13,RS01SLBS-MJ01A-06-PRESTA101,2,False,,,0,0,,1.0,,,,,,,,,,,,,,,,False
2024-02-14,RS01SLBS-MJ01A-06-PRESTA101,2,False,,,0,0,,1.0,,,,,,,,,,,,,,,,False
2024-02-15,RS01SLBS-MJ01A-06-PRESTA101,2,False,,,0,0,,1.0,,,,,,,,,,,,,,,,False
2024-02-16,RS01SLBS-MJ01A-06-PRESTA101,2,False,,,0,0,,1.0,,,,,,,,,,,,,,,,False
2024-02-17,RS01SLBS-MJ01A-06-PRESTA101,2,False,,,0,0,,1.0,,,,,,,,,,,,,,,,False
2024-02-18,RS01SLBS-MJ01A-06-PRESTA101,2,False,,,0,0,,1.0,,,,,,,,,,,,,,,,False
2024-02-19,RS01SLBS-MJ01A-06-PRESTA101,2,False,,,0,0,,1.0,,,,,,,,,,,,,,,,False
2024-02-20,RS01SLBS-MJ01A-06-PRESTA101,2,False,,,0,0,,1.0,,,,,,,,,,,,,,,,False
2024-02-21,RS01SLBS-MJ01A-06-PRESTA101,2,False,,,0,0,,1.0,,,,,,,,,,,,,,,,False
2024-02-22,RS01SLBS-MJ01A-06-PRESTA101,2,False,,,0,0,,1.0,,,,,,,,,,,,,,,,False
2024-02-23,RS01SLBS-MJ01A-06-PRESTA101,2,False,,,0,0,,1.0,,,,,,,,,,,,,,,,False
2024-02-24,RS01SLBS-MJ01A-06-PRESTA101,2,False,,,0,0,,1.0,,,,,,,,,,,,,,,,False
2024-02-25,RS01SLBS-MJ01A-06-PRESTA101,2,False,,,0,0,,1.0,,,,,,,,,,,,,,,,False
2024-02-26,RS01SLBS-MJ01A-06-PRESTA101,2,False,,,0,0,,1.0,,,,,,,,,,,,,,,,False
2024-02-27,RS01SLBS-MJ01A-06-PRESTA101,2,False,,,0,0,,1.0,,,,,,,,,,,,,,,,False
2024-02-28,RS01SLBS-MJ01A-06-PRESTA101,2,False,,,0,0,,1.0,,,,,,,,,,,,,,,,False
2024-02-29,RS01SLBS-MJ01A-06-PRESTA101,2,False,,,0,0,,1.0,,,,,,,,,,,,,,,,False
2024-03-01,RS01SLBS-MJ01A-06-PRESTA101,2,False,,,0,0,,1.0,,,,,,,,,,,,,,,,False
2024-03-02,RS01SLBS-MJ01A-06-PRESTA101,2,False,,,0,0,,1.0,,,,,,,,,,,,,,,,False
2024-03-03,RS01SLBS-MJ01A-06-PRESTA101,2,False,,,0,0,,1.0,,,,,,,,,,,,,,,,False
2024-03-04,RS01SLBS-MJ01A-06-PRESTA101,2,False,,,0,0,,1.0,,,,,,,,,,,,,,,,False
2024-03-05,RS01SLBS-MJ01A-06-PRESTA101,2,False,,,0,0,,1.0,,,,,,,,,,,,,,,,False
2024-03-06,RS01SLBS-MJ01A-06-PRESTA101,2,False,,,0,0,,1.0,,,,,,,,,,,,,,,,False
2024-03-07,RS01SLBS-MJ01A-06-PRESTA101,2,False,,,0,0,,1.0,,,,,,,,,,,,,,,,False
2024-03-08,RS01SLBS-MJ01A-06-PRESTA101,2,False,,,0,0,,1.0,,,,,,,,,,,,,,,,False
2024-03-09,RS01SLBS-MJ01A-06-PRESTA101,2,False,,,0,0,,1.0,,,,,,,,,,,,,,,,False
2024-03-10,RS01SLBS-MJ01A-06-PRESTA101,2,False,,,0,0,,1.0,,,,,,,,,,,,,,,,False
2024-03-11,RS01SLBS-MJ01A-06-PRESTA101,2,False,,,0,0,,1.0,,,,,,,,,,,,,,,,False
2024-03-12,RS01SLBS-MJ01A-06-PRESTA101,2,False,,,0,0,,1.0,,,,,,,,,,,,,,,,False
2024-03-13,RS01SLBS-MJ01A-06-PRESTA101,2,False,,,0,0,,1.0,,,,,,,,,,,,,,,,False
2024-03-14,RS01SLBS-MJ01A-06-PRESTA101,2,False,,,0,0,,1.0,,,,,,,,,,,,,,,,False
2024-03-15,RS01SLBS-MJ01A-06-PRESTA101,2,False,,,0,0,,1.0,,,,,,,,,,,,,,,,False
2024-03-16,RS01SLBS-MJ01A-06-PRESTA101,2,False,,,0,0,,1.0,,,,,,,,,,,,,,,,False
2024-03-17,RS01SLBS-MJ01A-06-PRESTA101,2,False,,,0,0,,1.0,,,,,,,,,,,,,,,,False
2024-03-18,RS01SLBS-MJ01A-06-PRESTA101,2,False,,,0,0,,1.0,,,,,,,,,,,,,,,,False
2024-03-19,RS01SLBS-MJ01A-06-PRESTA101,2,False,,,0,0,,1.0,,,,,,,,,,,,,,,,False
2024-03-20,RS01SLBS-MJ01A-06-PRESTA101,2,False,,,0,0,,1.0,,,,,,,,,,,,,,,,False
2024-03-21,RS01SLBS-MJ01A-06-PRESTA101,2,False,,,0,0,,1.0,,,,,,,,,,,,,,,,False
2024-03-22,RS01SLBS-MJ01A-06-PRESTA101,2,False,,,0,0,,1.0,,,,,,,,,,,,,,,,False
2024-03-23,RS01SLBS-MJ01A-06-PRESTA101,2,False,,,0,0,,1.0,,,,,,,,,,,,,,,,False
2024-03-24,RS01SLBS-MJ01A-06-PRESTA101,2,False,,,0,0,,1.0,,,,,,,,,,,,,,,,False
2024-03-25,RS01SLBS-MJ01A-06-PRESTA101,2,False,,,0,0,,1.0,,,,,,,,,,,,,,,,False
2024-03-26,RS01SLBS-MJ01A-06-PRESTA101,2,False,,,0,0,,1.0,,,,,,,,,,,,,,,,False
2024-03-27,RS01SLBS-MJ01A-06-PRESTA101,2,False,,,0,0,,1.0,,,,,,,,,,,,,,,,False
2024-03-28,RS01SLBS-MJ01A-06-PRESTA101,2,False,,,0,0,,1.0,,,,,,,,,,,,,,,,False
2024-03-29,RS01SLBS-MJ01A-06-PRESTA101,2,False,,,0,0,,1.0,,,,,,,,,,,,,,,,False
2024-03-30,RS01SLBS-MJ01A-06-PRESTA101,2,False,,,0,0,,1.0,,,,,,,,,,,,,,,,False
2024-03-31,RS01SLBS-MJ01A-06-PRESTA101,2,False,,,0,0,,1.0,,,,,,,,,,,,,,,,False
2024-04-01,RS01SLBS-MJ01A-06-PRESTA101,2,False,,,0,0,,1.0,,,,,,,,,,,,,,,,False
2024-04-02,RS01SLBS-MJ01A-06-PRESTA101,2,False,,,0,0,,1.0,,,,,,,,,,,,,,,,False
2024-04-03,RS01SLBS-MJ01A-06-PRESTA101,2,False,,,0,0,,1.0,,,,,,,,,,,,,,,,False
2024-04-04,RS01SLBS-MJ01A-06-PRESTA101,2,False,,,0,0,,1.0,,,,,,,,,,,,,,,,False
2024-04-05,RS01SLBS-MJ01A-06-PRESTA101,2,False,,,0,0,,1.0,,,,,,,,,,,,,,,,False
2024-04-06,RS01SLBS-MJ01A-06-PRESTA101,2,False,,,0,0,,1.0,,,,,,,,,,,,,,,,False
2024-04-07,RS01SLBS-MJ01A-06-PRESTA101,2,False,,,0,0,,1.0,,,,,,,,,,,,,,,,False
2024-04-08,RS01SLBS-MJ01A-06-PRESTA101,2,False,,,0,0,,1.0,,,,,,,,,,,,,,,,False
2024-04-09,RS01SLBS-MJ01A-06-PRESTA101,2,False,,,0,0,,1.0,,,,,,,,,,,,,,,,False
2024-04-10,RS01SLBS-MJ01A-06-PRESTA101,2,False,,,0,0,,1.0,,,,,,,,,,,,,,,,False
2024-04-11,RS01SLBS-MJ01A-06-PRESTA101,2,False,,,0,0,,1.0,,,,,,,,,,,,,,,,False
2024-04-12,RS01SLBS-MJ01A-06-PRESTA101,2,False,,,0,0,,1.0,,,,,,,,,,,,,,,,False
2024-04-13,RS01SLBS-MJ01A-06-PRESTA101,2,False,,,0,0,,1.0,,,,,,,,,,,,,,,,False
2024-04-14,RS01SLBS-MJ01A-06-PRESTA101,2,False,,,0,0,,1.0,,,,,,,,,,,,,,,,False
2024-04-15,RS01SLBS-MJ01A-06-PRESTA101,2,False,,,0,0,,1.0,,,,,,,,,,,,,,,,False
2024-04-16,RS01SLBS-MJ01A-06-PRESTA101,2,False,,,0,0,,1.0,,,,,,,,,,,,,,,,False
2024-04-17,RS01SLBS-MJ01A-06-PRESTA101,2,False,,,0,0,,1.0,,,,,,,,,,,,,,,,False
2024-04-18,RS01SLBS-MJ01A-06-PRESTA101,2,False,,,0,0,,1.0,,,,,,,,,,,,,,,,False
2024-04-19,RS01SLBS-MJ01A-06-PRESTA101,2,False,,,0,0,,1.0,,,,,,,,,,,,,,,,False
2024-04-20,RS01SLBS-MJ01A-06-PRESTA101,2,False,,,0,0,,1.0,,,,,,,,,,,,,,,,False
2024-04-21,RS01SLBS-MJ01A-06-PRESTA101,2,False,,,0,0,,1.0,,,,,,,,,,,,,,,,False
2024-04-22,RS01SLBS-MJ01A-06-PRESTA101,2,False,,,0,0,,1.0,,,,,,,,,,,,,,,,False
2024-04-23,RS01SLBS-MJ01A-06-PRESTA101,2,False,,,0,0,,1.0,,,,,,,,,,,,,,,,False
2024-04-24,RS01SLBS-MJ01A-06-PRESTA101,2,False,,,0,0,,1.0,,,,,,,,,,,,,,,,False
2024-04-25,RS01SLBS-MJ01A-06-PRESTA101,2,False,,,0,0,,1.0,,,,,,,,,,,,,,,,False
2024-04-26,RS01SLBS-MJ01A-06-PRESTA101,2,False,,,0,0,,1.0,,,,,,,,,,,,,,,,False
2024-04-27,RS01SLBS-MJ01A-06-PRESTA101,2,False,,,0,0,,1.0,,,,,,,,,,,,,,,,False
2024-04-28,RS01SLBS-MJ01A-06-PRESTA101,2,False,,,0,0,,1.0,,,,,,,,,,,,,,,,False
2024-04-29,RS01SLBS-MJ01A-06-PRESTA101,2,False,,,0,0,,1.0,,,,,,,,,,,,,,,,False
2024-04-30,RS01SLBS-MJ01A-06-PRESTA101,2,False,,,0,0,,1.0,,,,,,,,,,,,,,,,False
2024-05-01,RS01SLBS-MJ01A-06-PRESTA101,2,False,,,0,0,,1.0,,,,,,,,,,,,,,,,False
2024-05-02,RS01SLBS-MJ01A-06-PRESTA101,2,False,,,0,0,,1.0,,,,,,,,,,,,,,,,False
2024-05-03,RS01SLBS-MJ01A-06-PRESTA101,2,False,,,0,0,,1.0,,,,,,,,,,,,,,,,False
2024-05-04,RS01SLBS-MJ01A-06-PRESTA101,2,False,,,0,0,,1.0,,,,,,,,,,,,,,,,False
2024-05-05,RS01SLBS-MJ01A-06-PRESTA101,2,False,,,0,0,,1.0,,,,,,,,,,,,,,,,False
2024-05-06,RS01SLBS-MJ01A-06-PRESTA101,2,False,,,0,0,,1.0,,,,,,,,,,,,,,,,False
2024-05-07,RS01SLBS-MJ01A-06-PRESTA101,2,False,,,0,0,,1.0,,,,,,,,,,,,,,,,False
2024-05-08,RS01SLBS-MJ01A-06-PRESTA101,2,False,,,0,0,,1.0,,,,,,,,,,,,,,,,False
2024-05-09,RS01SLBS-MJ01A-06-PRESTA101,2,False,,,0,0,,1.0,,,,,,,,,,,,,,,,False
2024-05-10,RS01SLBS-MJ01A-06-PRESTA101,2,False,,,0,0,,1.0,,,,,,,,,,,,,,,,False
2024-05-11,RS01SLBS-MJ01A-06-PRESTA101,2,False,,,0,0,,1.0,,,,,,,,,,,,,,,,False
2024-05-12,RS01SLBS-MJ01A-06-PRESTA101,2,False,,,0,0,,1.0,,,,,,,,,,,,,,,,False
2024-05-13,RS01SLBS-MJ01A-06-PRESTA101,2,False,,,0,0,,1.0,,,,,,,,,,,,,,,,False
2024-05-14,RS01SLBS-MJ01A-06-PRESTA101,2,False,,,0,0,,1.0,,,,,,,,,,,,,,,,False
2024-05-15,RS01SLBS-MJ01A-06-PRESTA101,2,False,,,0,0,,1.0,,,,,,,,,,,,,,,,False
2024-05-16,RS01SLBS-MJ01A-06-PRESTA101,2,False,,,0,0,,1.0,,,,,,,,,,,,,,,,False
2024-05-17,RS01SLBS-MJ01A-06-PRESTA101,2,False,,,0,0,,1.0,,,,,,,,,,,,,,,,False
2024-05-18,RS01SLBS-MJ01A-06-PRESTA101,2,False,,,0,0,,1.0,,,,,,,,,,,,,,,,False
2024-05-19,RS01SLBS-MJ01A-06-PRESTA101,2,False,,,0,0,,1.0,,,,,,,,,,,,,,,,False
2024-05-20,RS01SLBS-MJ01A-06-PRESTA101,2,False,,,0,0,,1.0,,,,,,,,,,,,,,,,False
2024-05-21,RS01SLBS-MJ01A-06-PRESTA101,2,False,,,0,0,,1.0,,,,,,,,,,,,,,,,False
2024-05-22,RS01SLBS-MJ01A-06-PRESTA101,2,False,,,0,0,,1.0,,,,,,,,,,,,,,,,False
2024-05-23,RS01SLBS-MJ01A-06-PRESTA101,2,False,,,0,0,,1.0,,,,,,,,,,,,,,,,False
2024-05-24,RS01SLBS-MJ01A-06-PRESTA101,2,False,,,0,0,,1.0,,,,,,,,,,,,,,,,False
2024-05-25,RS01SLBS-MJ01A-06-PRESTA101,2,False,,,0,0,,1.0,,,,,,,,,,,,,,,,False
2024-05-26,RS01SLBS-MJ01A-06-PRESTA101,2,False,,,0,0,,1.0,,,,,,,,,,,,,,,,False
2024-05-27,RS01SLBS-MJ01A-06-PRESTA101,2,False,,,0,0,,1.0,,,,,,,,,,,,,,,,False
2024-05-28,RS01SLBS-MJ01A-06-PRESTA101,2,False,,,0,0,,1.0,,,,,,,,,,,,,,,,False
2024-05-29,RS01SLBS-MJ01A-06-PRESTA101,2,False,,,0,0,,1.0,,,,,,,,,,,,,,,,False
2024-05-30,RS01SLBS-MJ01A-06-PRESTA101,2,False,,,0,0,,1.0,,,,,,,,,,,,,,,,False
2024-05-31,RS01SLBS-MJ01A-06-PRESTA101,2,False,,,0,0,,1.0,,,,,,,,,,,,,,,,False
2024-06-01,RS01SLBS-MJ01A-06-PRESTA101,2,False,,,0,0,,1.0,,,,,,,,,,,,,,,,False
2024-06-02,RS01SLBS-MJ01A-06-PRESTA101,2,False,,,0,0,,1.0,,,,,,,,,,,,,,,,False
2024-06-03,RS01SLBS-MJ01A-06-PRESTA101,2,False,,,0,0,,1.0,,,,,,,,,,,,,,,,False
2024-06-04,RS01SLBS-MJ01A-06-PRESTA101,2,False,,,0,0,,1.0,,,,,,,,,,,,,,,,False
2024-06-05,RS01SLBS-MJ01A-06-PRESTA101,2,False,,,0,0,,1.0,,,,,,,,,,,,,,,,False
2024-06-06,RS01SLBS-MJ01A-06-PRESTA101,2,False,,,0,0,,1.0,,,,,,,,,,,,,,,,False
2024-06-07,RS01SLBS-MJ01A-06-PRESTA101,2,False,,,0,0,,1.0,,,,,,,,,,,,,,,,False
2024-06-08,RS01SLBS-MJ01A-06-PRESTA101,2,False,,,0,0,,1.0,,,,,,,,,,,,,,,,False
2024-06-09,RS01SLBS-MJ01A-06-PRESTA101,2,False,,,0,0,,1.0,,,,,,,,,,,,,,,,False
2024-06-10,RS01SLBS-MJ01A-06-PRESTA101,2,False,,,0,0,,1.0,,,,,,,,,,,,,,,,False
2024-06-11,RS01SLBS-MJ01A-06-PRESTA101,2,False,,,0,0,,1.0,,,,,,,,,,,,,,,,False
2024-06-12,RS01SLBS-MJ01A-06-PRESTA101,2,False,,,0,0,,1.0,,,,,,,,,,,,,,,,False
2024-06-13,RS01SLBS-MJ01A-06-PRESTA101,2,False,,,0,0,,1.0,,,,,,,,,,,,,,,,False
2024-06-14,RS01SLBS-MJ01A-06-PRESTA101,2,False,,,0,0,,1.0,,,,,,,,,,,,,,,,False
2024-06-15,RS01SLBS-MJ01A-06-PRESTA101,2,False,,,0,0,,1.0,,,,,,,,,,,,,,,,False
2024-06-16,RS01SLBS-MJ01A-06-PRESTA101,2,False,,,0,0,,1.0,,,,,,,,,,,,,,,,False
2024-06-17,RS01SLBS-MJ01A-06-PRESTA101,2,False,,,0,0,,1.0,,,,,,,,,,,,,,,,False
2024-06-18,RS01SLBS-MJ01A-06-PRESTA101,2,False,,,0,0,,1.0,,,,,,,,,,,,,,,,False
2024-06-19,RS01SLBS-MJ01A-06-PRESTA101,2,False,,,0,0,,1.0,,,,,,,,,,,,,,,,False
2024-06-20,RS01SLBS-MJ01A-06-PRESTA101,2,False,,,0,0,,1.0,,,,,,,,,,,,,,,,False
2024-06-21,RS01SLBS-MJ01A-06-PRESTA101,2,False,,,0,0,,1.0,,,,,,,,,,,,,,,,False
2024-06-22,RS01SLBS-MJ01A-06-PRESTA101,2,False,,,0,0,,1.0,,,,,,,,,,,,,,,,False
2024-06-23,RS01SLBS-MJ01A-06-PRESTA101,2,False,,,0,0,,1.0,,,,,,,,,,,,,,,,False
2024-06-24,RS01SLBS-MJ01A-06-PRESTA101,2,False,,,0,0,,1.0,,,,,,,,,,,,,,,,False
2024-06-25,RS01SLBS-MJ01A-06-PRESTA101,2,False,,,0,0,,1.0,,,,,,,,,,,,,,,,False
2024-06-26,RS01SLBS-MJ01A-06-PRESTA101,2,False,,,0,0,,1.0,,,,,,,,,,,,,,,,False
2024-06-27,RS01SLBS-MJ01A-06-PRESTA101,2,False,,,0,0,,1.0,,,,,,,,,,,,,,,,False
2024-06-28,RS01SLBS-MJ01A-06-PRESTA101,2,False,,,0,0,,1.0,,,,,,,,,,,,,,,,False
2024-06-29,RS01SLBS-MJ01A-06-PRESTA101,2,False,,,0,0,,1.0,,,,,,,,,,,,,,,,False
2024-06-30,RS01SLBS-MJ01A-06-PRESTA101,2,False,,,0,0,,1.0,,,,,,,,,,,,,,,,False
2024-07-01,RS01SLBS-MJ01A-06-PRESTA101,2,False,,,0,0,,1.0,,,,,,,,,,,,,,,,False
2024-07-02,RS01SLBS-MJ01A-06-PRESTA101,2,False,,,0,0,,1.0,,,,,,,,,,,,,,,,False
2024-07-03,RS01SLBS-MJ01A-06-PRESTA101,2,False,,,0,0,,1.0,,,,,,,,,,,,,,,,False
2024-07-04,RS01SLBS-MJ01A-06-PRESTA101,2,False,,,0,0,,1.0,,,,,,,,,,,,,,,,False
2024-07-05,RS01SLBS-MJ01A-06-PRESTA101,2,False,,,0,0,,1.0,,,,,,,,,,,,,,,,False
2024-07-06,RS01SLBS-MJ01A-06-PRESTA101,2,False,,,0,0,,1.0,,,,,,,,,,,,,,,,False
2024-07-07,RS01SLBS-MJ01A-06-PRESTA101,2,False,,,0,0,,1.0,,,,,,,,,,,,,,,,False
2024-07-08,RS01SLBS-MJ01A-06-PRESTA101,2,False,,,0,0,,1.0,,,,,,,,,,,,,,,,False
2024-07-09,RS01SLBS-MJ01A-06-PRESTA101,2,False,,,0,0,,1.0,,,,,,,,,,,,,,,,False
2024-07-10,RS01SLBS-MJ01A-06-PRESTA101,2,False,,,0,0,,1.0,,,,,,,,,,,,,,,,False
2024-07-11,RS01SLBS-MJ01A-06-PRESTA101,2,False,,,0,0,,1.0,,,,,,,,,,,,,,,,False
2024-07-12,RS01SLBS-MJ01A-06-PRESTA101,2,False,,,0,0,,1.0,,,,,,,,,,,,,,,,False
2024-07-13,RS01SLBS-MJ01A-06-PRESTA101,2,False,,,0,0,,1.0,,,,,,,,,,,,,,,,False
2024-07-14,RS01SLBS-MJ01A-06-PRESTA101,2,False,,,0,0,,1.0,,,,,,,,,,,,,,,,False
2024-07-15,RS01SLBS-MJ01A-06-PRESTA101,2,False,,,0,0,,1.0,,,,,,,,,,,,,,,,False
2024-07-16,RS01SLBS-MJ01A-06-PRESTA101,2,False,,,0,0,,1.0,,,,,,,,,,,,,,,,False
2024-07-17,RS01SLBS-MJ01A-06-PRESTA101,2,False,,,0,0,,1.0,,,,,,,,,,,,,,,,False
2024-07-18,RS01SLBS-MJ01A-06-PRESTA101,2,False,,,0,0,,1.0,,,,,,,,,,,,,,,,False
2024-07-19,RS01SLBS-MJ01A-06-PRESTA101,2,False,,,0,0,,1.0,,,,,,,,,,,,,,,,False
2024-07-20,RS01SLBS-MJ01A-06-PRESTA101,2,False,,,0,0,,1.0,,,,,,,,,,,,,,,,False
2024-07-21,RS01SLBS-MJ01A-06-PRESTA101,2,False,,,0,0,,1.0,,,,,,,,,,,,,,,,False
2024-07-22,RS01SLBS-MJ01A-06-PRESTA101,2,False,,,0,0,,1.0,,,,,,,,,,,,,,,,False
2024-07-23,RS01SLBS-MJ01A-06-PRESTA101,2,False,,,0,0,,1.0,,,,,,,,,,,,,,,,False
2024-07-24,RS01SLBS-MJ01A-06-PRESTA101,2,False,,,0,0,,1.0,,,,,,,,,,,,,,,,False
2024-07-25,RS01SLBS-MJ01A-06-PRESTA101,2,False,,,0,0,,1.0,,,,,,,,,,,,,,,,False
2024-07-26,RS01SLBS-MJ01A-06-PRESTA101,2,False,,,0,0,,1.0,,,,,,,,,,,,,,,,False
2024-07-27,RS01SLBS-MJ01A-06-PRESTA101,2,False,,,0,0,,1.0,,,,,,,,,,,,,,,,False
2024-07-28,RS01SLBS-MJ01A-06-PRESTA101,2,False,,,0,0,,1.0,,,,,,,,,,,,,,,,False
2024-07-29,RS01SLBS-MJ01A-06-PRESTA101,2,False,,,0,0,,1.0,,,,,,,,,,,,,,,,False
2024-07-30,RS01SLBS-MJ01A-06-PRESTA101,2,False,,,0,0,,1.0,,,,,,,,,,,,,,,,False
2024-07-31,RS01SLBS-MJ01A-06-PRESTA101,2,False,,,0,0,,1.0,,,,,,,,,,,,,,,,False
2024-08-01,RS01SLBS-MJ01A-06-PRESTA101,2,False,,,0,0,,1.0,,,,,,,,,,,,,,,,False
2024-08-02,RS01SLBS-MJ01A-06-PRESTA101,2,False,,,0,0,,1.0,,,,,,,,,,,,,,,,False
2024-08-03,RS01SLBS-MJ01A-06-PRESTA101,2,False,,,0,0,,1.0,,,,,,,,,,,,,,,,False
2024-08-04,RS01SLBS-MJ01A-06-PRESTA101,2,False,,,0,0,,1.0,,,,,,,,,,,,,,,,False
2024-08-05,RS01SLBS-MJ01A-06-PRESTA101,2,False,,,0,0,,1.0,,,,,,,,,,,,,,,,False
2024-08-06,RS01SLBS-MJ01A-06-PRESTA101,2,False,,,0,0,,1.0,,,,,,,,,,,,,,,,False
2024-08-07,RS01SLBS-MJ01A-06-PRESTA101,2,False,,,0,0,,1.0,,,,,,,,,,,,,,,,False
2024-08-08,RS01SLBS-MJ01A-06-PRESTA101,2,False,,,0,0,,1.0,,,,,,,,,,,,,,,,False
2024-08-09,RS01SLBS-MJ01A-06-PRESTA101,2,False,,,0,0,,1.0,,,,,,,,,,,,,,,,False
2024-08-10,RS01SLBS-MJ01A-06-PRESTA101,2,True,2024-08-10T04:08:59Z,2024-08-10T23:59:59Z,71461,71461,0,1.0,1.000513077,1.000000267,0.003548881,0,0,0,0,0.0,3.252028,445.556727,4.907262e-11,0.003252027,0.4455566,True,0.447365,False
2024-08-11,RS01SLBS-MJ01A-06-PRESTA101,2,True,2024-08-11T00:00:00Z,2024-08-11T23:59:59Z,86400,86400,0,1.0,1.000510216,1.000000282,-0.000329941,0,0,0,0,-0.0,2.773275,22.305957,-1.86906e-11,0.002773274,0.02230595,False,0.023332,False
2024-08-12,RS01SLBS-MJ01A-06-PRESTA101,2,True,2024-08-12T00:00:00Z,2024-08-12T23:59:59Z,86400,86400,0,1.0,1.000516891,1.000000266,0.000206966,0,0,0,0,0.0,2.804444,21.154375,2.435551e-11,0.002804444,0.02115437,False,0.020556,False
2024-08-13,RS01SLBS-MJ01A-06-PRESTA101,2,True,2024-08-13T00:00:00Z,2024-08-13T23:59:59Z,85813,86400,587,1.0,1.000511169,1.000000258,-0.001274299,1,587,1,587,0.0,2.839648,22.474134,2.697697e-11,0.002839647,0.02247413,False,0.299277,True
2024-08-14,RS01SLBS-MJ01A-06-PRESTA101,2,True,2024-08-14T00:00:00Z,2024-08-14T23:59:59Z,86400,86400,0,1.0,1.000510216,1.000000223,0.004192767,0,0,0,0,-0.0,3.441046,20.745394,-6.804907e-11,0.003441046,0.02074539,False,0.024205,False
2024-08-15,RS01SLBS-MJ01A-06-PRESTA101,2,True,2024-08-15T00:00:00Z,2024-08-15T23:59:59Z,86400,86400,0,1.0,1.000512123,1.000000231,0.003860516,0,0,0,0,-0.0,2.99955,22.456046,-5.429421e-11,0.002999549,0.02245604,False,0.020465,False
2024-08-16,RS01SLBS-MJ01A-06-PRESTA101,2,True,2024-08-16T00:00:00Z,2024-08-16T23:59:59Z,86400,86400,0,1.0,1.000528812,1.000000273,0.002464665,0,0,0,0,0.0,3.36316,23.310139,1.043595e-11,0.003363159,0.02331013,False,0.025469,False
2024-08-17,RS01SLBS-MJ01A-06-PRESTA101,2,True,2024-08-17T00:00:00Z,2024-08-17T23:59:59Z,86400,86400,0,1.0,1.00056982,1.000000226,0.001491036,0,0,0,0,-0.0,3.628673,24.755916,-1.128657e-10,0.003628672,0.02475591,False,0.027063,False
2024-08-18,RS01SLBS-MJ01A-06-PRESTA101,2,True,2024-08-18T00:00:00Z,2024-08-18T23:59:59Z,86400,86400,0,1.0,1.00057888,1.000000247,0.000393127,0,0,0,0,-0.0,6.098095,71.703724,-1.487817e-11,0.006098093,0.07170371,False,0.068762,False
2024-08-19,RS01SLBS-MJ01A-06-PRESTA101,2,True,2024-08-19T00:00:00Z,2024-08-19T23:59:59Z,86400,86400,0,1.0,1.000584602,1.000000245,-0.00061023,0,0,0,0,-0.0,3.221401,23.789033,-1.010705e-10,0.0032214,0.02378903,False,0.023366,False
2024-08-20,RS01SLBS-MJ01A-06-PRESTA101,2,True,2024-08-20T00:00:00Z,2024-08-20T23:59:59Z,86400,86400,0,1.0,1.000579834,1.000000218,0.004567493,0,0,0,0,-0.0,3.166395,23.554026,-9.44312e-11,0.003166394,0.02355402,False,0.024967,False
2024-08-21,RS01SLBS-MJ01A-06-PRESTA101,2,True,2024-08-21T00:00:00Z,2024-08-21T23:59:59Z,86400,86400,0,1.0,1.000580311,1.000000317,-0.000605996,0,0,0,0,0.0,2.865507,21.651909,1.045487e-11,0.002865506,0.0216519,False,0.020957,False
2024-08-22,RS01SLBS-MJ01A-06-PRESTA101,2,True,2024-08-22T00:00:00Z,2024-08-22T23:59:59Z,86400,86401,1,1.0,1.000579834,0.999984319,0.047010754,3,1,3,3,0.0,261.337171,593.695861,9.207943e-11,0.2613413,0.5937052,True,0.462734,True
2024-08-23,RS01SLBS-MJ01A-06-PRESTA101,2,True,2024-08-23T00:00:00Z,2024-08-23T23:59:59Z,86400,86400,0,1.0,1.000542164,1.000000285,0.002410252,0,0,0,0,-0.0,3.008753,23.217137,-1.089969e-10,0.003008752,0.02321713,False,0.025795,False
2024-08-24,RS01SLBS-MJ01A-06-PRESTA101,2,True,2024-08-24T00:00:00Z,2024-08-24T23:59:59Z,86400,86400,0,1.0,1.00056982,1.000000257,4.4067e-05,0,0,0,0,-0.0,2.943632,21.953167,-3.736279e-11,0.002943631,0.02195316,False,0.026538,False
2024-08-25,RS01SLBS-MJ01A-06-PRESTA101,2,True,2024-08-25T00:00:00Z,2024-08-25T23:59:59Z,86400,86400,0,1.0,1.000583172,1.00000024,0.001825651,0,0,0,0,-0.0,2.980858,22.493022,-7.173317e-11,0.002980857,0.02249302,False,0.026925,False
2024-08-26,RS01SLBS-MJ01A-06-PRESTA101,2,True,2024-08-26T00:00:00Z,2024-08-26T23:59:59Z,86400,86400,0,1.0,1.000576973,1.000000242,0.002913892,0,0,0,0,-0.0,3.266771,23.83819,-6.153235e-12,0.00326677,0.02383818,False,0.025529,False
2024-08-27,RS01SLBS-MJ01A-06-PRESTA101,2,True,2024-08-27T00:00:00Z,2024-08-27T23:59:59Z,85854,86400,546,1.0,1.000582695,1.000000279,-0.000882344,1,546,1,546,-0.0,3.293075,25.116261,-6.752544e-11,0.003293075,0.02511625,False,0.32337,True
2024-08-28,RS01SLBS-MJ01A-06-PRESTA101,2,True,2024-08-28T00:00:00Z,2024-08-28T23:59:59Z,86400,86400,0,1.0,1.000575066,1.000000252,-0.00163936,0,0,0,0,-0.0,2.858633,21.527938,-4.493054e-11,0.002858632,0.02152793,False,0.021496,False
2024-08-29,RS01SLBS-MJ01A-06-PRESTA101,2,True,2024-08-29T00:00:00Z,2024-08-29T23:59:59Z,86400,86400,0,1.0,1.000577927,1.000000203,0.001903718,0,0,0,0,-0.0,3.06857,22.553314,-8.821594e-11,0.003068569,0.02255331,False,0.026945,False
2024-08-30,RS01SLBS-MJ01A-06-PRESTA101,2,True,2024-08-30T00:00:00Z,2024-08-30T23:59:59Z,86400,86400,0,1.0,1.000541687,1.000000262,0.003764143,0,0,0,0,-0.0,3.857929,23.913465,-4.815049e-11,0.003857928,0.02391346,False,0.024205,False
2024-08-31,RS01SLBS-MJ01A-06-PRESTA101,2,True,2024-08-31T00:00:00Z,2024-08-31T23:59:59Z,86400,86400,0,1.0,1.000566959,1.000000239,0.000780227,0,0,0,0,-0.0,3.257221,23.508826,-3.416135e-11,0.00325722,0.02350882,False,0.025883,False
2024-09-01,RS01SLBS-MJ01A-06-PRESTA101,2,True,2024-09-01T00:00:00Z,2024-09-01T23:59:59Z,86400,86400,0,1.0,1.000580788,1.00000038,-0.002542642,0,0,2,2,-0.0,18.39301,119.575907,-2.002363e-11,0.018393,0.1195759,False,0.127172,False
2024-09-02,RS01SLBS-MJ01A-06-PRESTA101,2,True,2024-09-02T00:00:00Z,2024-09-02T23:59:59Z,86400,86400,0,1.0,1.000579834,1.000000278,0.003397724,0,0,0,0,-0.0,2.940708,20.633358,-1.918706e-11,0.002940707,0.02063335,False,0.022552,False
2024-09-03,RS01SLBS-MJ01A-06-PRESTA101,2,True,2024-09-03T00:00:00Z,2024-09-03T23:59:59Z,86400,86400,0,1.0,1.000577927,1.000000249,-7.8839e-05,0,0,0,0,-0.0,2.879988,23.014833,-2.779971e-11,0.002879988,0.02301483,False,0.026416,False
2024-09-04,RS01SLBS-MJ01A-06-PRESTA101,2,True,2024-09-04T00:00:00Z,2024-09-04T23:59:59Z,86400,86400,0,1.0,1.00057888,1.000000265,-0.001626051,0,0,0,0,-0.0,3.087113,21.80525,-7.100694e-11,0.003087112,0.02180524,False,0.026167,False
2024-09-05,RS01SLBS-MJ01A-06-PRESTA101,2,True,2024-09-05T00:00:00Z,2024-09-05T23:59:59Z,86400,86400,0,1.0,1.000576973,1.000000288,-0.000332666,0,0,0,0,-0.0,3.04892,23.553291,-2.56721e-11,0.00304892,0.02355328,False,0.023458,False
2024-09-06,RS01SLBS-MJ01A-06-PRESTA101,2,True,2024-09-06T00:00:00Z,2024-09-06T23:59:59Z,86400,86400,0,1.0,1.000542164,1.000000246,-0.001045386,0,0,0,0,0.0,2.839951,21.490466,3.770107e-12,0.00283995,0.02149046,False,0.020888,False
2024-09-07,RS01SLBS-MJ01A-06-PRESTA101,2,True,2024-09-07T00:00:00Z,2024-09-07T23:59:59Z,86400,86400,0,1.0,1.00056982,1.000000266,0.00608107,0,0,0,0,-0.0,3.142263,21.76423,-5.135991e-11,0.003142262,0.02176422,False,0.023341,False
2024-09-08,RS01SLBS-MJ01A-06-PRESTA101,2,True,2024-09-08T00:00:00Z,2024-09-08T23:59:59Z,86400,86400,0,1.0,1.000572205,1.000000241,0.004916682,0,0,0,0,-0.0,5.156431,30.220681,-2.508691e-11,0.005156429,0.03022067,False,0.026363,False
2024-09-09,RS01SLBS-MJ01A-06-PRESTA101,2,True,2024-09-09T00:00:00Z,2024-09-09T23:59:59Z,86400,86400,0,1.0,1.000578403,1.000000254,0.00119159,0,0,0,0,-0.0,2.856506,22.700029,-5.377706e-11,0.002856506,0.02270002,False,0.023185,False
2024-09-10,RS01SLBS-MJ01A-06-PRESTA101,2,True,2024-09-10T00:00:00Z,2024-09-10T23:59:59Z,86400,86400,0,1.0,1.00057888,1.000000236,0.001838064,0,0,0,0,-0.0,3.005715,22.732979,-3.96223e-11,0.003005714,0.02273297,False,0.020569,False
2024-09-11,RS01SLBS-MJ01A-06-PRESTA101,2,True,2024-09-11T00:00:00Z,2024-09-11T23:59:59Z,86400,86400,0,1.0,1.000580788,1.000000202,0.002932718,0,0,0,0,-0.0,3.053958,22.102565,-1.214276e-12,0.003053957,0.02210256,False,0.020447,False
2024-09-12,RS01SLBS-MJ01A-06-PRESTA101,2,True,2024-09-12T00:00:00Z,2024-09-12T23:59:59Z,86400,86400,0,1.0,1.000583172,1.000000239,0.002338367,0,0,0,0,-0.0,2.824507,21.063486,-8.951733e-11,0.002824506,0.02106348,False,0.023748,False
2024-09-13,RS01SLBS-MJ01A-06-PRESTA101,2,True,2024-09-13T00:00:00Z,2024-09-13T23:59:59Z,86400,86400,0,1.0,1.000542164,1.000000242,-0.011077035,0,0,1,1,-0.0,2.848907,22.035288,-1.905845e-11,0.002848906,0.02203528,False,0.023916,False
2024-09-14,RS01SLBS-MJ01A-06-PRESTA101,2,True,2024-09-14T00:00:00Z,2024-09-14T23:59:59Z,86399,86399,0,1.0,1.000572205,1.000000261,-0.000310661,0,0,18,18,-0.0,2.786155,22.323949,-6.643187e-12,0.002786154,0.02232394,False,0.023568,False
2024-09-15,RS01SLBS-MJ01A-06-PRESTA101,2,True,2024-09-15T00:00:00Z,2024-09-15T23:59:59Z,86400,86400,0,1.0,1.000581264,1.000000249,-0.001040052,0,0,0,0,-0.0,2.975666,21.31976,-1.937874e-11,0.002975665,0.02131975,False,0.025037,False
2024-09-16,RS01SLBS-MJ01A-06-PRESTA101,2,True,2024-09-16T00:00:00Z,2024-09-16T23:59:59Z,86400,86400,0,1.0,1.000580311,1.000000259,-0.000110912,0,0,0,0,-0.0,3.009983,22.968259,-5.371407e-11,0.003009982,0.02296825,False,0.026433,False
2024-09-17,RS01SLBS-MJ01A-06-PRESTA101,2,True,2024-09-17T00:00:00Z,2024-09-17T23:59:59Z,86400,86400,0,1.0,1.000582695,1.000000253,0.005159049,0,0,0,0,-0.0,2.823665,21.170166,-4.521166e-13,0.002823664,0.02117016,False,0.024513,False
2024-09-18,RS01SLBS-MJ01A-06-PRESTA101,2,True,2024-09-18T00:00:00Z,2024-09-18T01:52:16Z,6737,6737,0,1.0,1.000597,1.000000364,0.000685094,0,0,0,0,-0.0,2.765225,15.60092,-6.340272e-13,0.002765224,0.01560091,False,0.020073,False
2024-09-19,RS01SLBS-MJ01A-06-PRESTA101,2,True,2024-09-19T00:07:08Z,2024-09-19T23:59:59Z,85961,85972,11,1.0,1.000576973,1.000000247,0.00335174,1,11,1,11,0.0,2.88606,21.790004,6.770751e-12,0.002886059,0.02179,False,0.024976,True
2024-09-20,RS01SLBS-MJ01A-06-PRESTA101,2,True,2024-09-20T00:00:00Z,2024-09-20T23:59:59Z,86400,86400,0,1.0,1.000574112,1.000000245,0.006059188,0,0,0,0,-0.0,3.113774,23.555054,-4.39597e-12,0.003113774,0.02355505,False,0.024959,False
2024-09-21,RS01SLBS-MJ01A-06-PRESTA101,2,True,2024-09-21T00:00:00Z,2024-09-21T23:59:59Z,86400,86400,0,1.0,1.00057888,1.000000257,0.002753043,0,0,0,0,0.0,2.807152,22.212235,2.078119e-11,0.002807151,0.02221223,False,0.02648,False
2024-09-22,RS01SLBS-MJ01A-06-PRESTA101,2,True,2024-09-22T00:00:00Z,2024-09-22T23:59:59Z,86400,86400,0,1.0,1.000576019,1.000000261,0.002138991,0,0,0,0,-0.0,2.815806,22.403526,-3.140838e-11,0.002815805,0.02240352,False,0.026265,False
2024-09-23,RS01SLBS-MJ01A-06-PRESTA101,2,True,2024-09-23T00:00:00Z,2024-09-23T23:59:59Z,86400,86400,0,1.0,1.00056839,1.000000265,0.001221729,0,0,0,0,-0.0,2.908429,22.938472,-5.492657e-12,0.002908428,0.02293847,False,0.025761,False
2024-09-24,RS01SLBS-MJ01A-06-PRESTA101,2,True,2024-09-24T00:00:00Z,2024-09-24T23:59:59Z,86400,86400,0,1.0,1.000576973,1.000000248,0.001013007,0,0,0,0,-0.0,3.010049,21.413081,-9.565862e-12,0.003010049,0.02141308,False,0.025833,False
2024-09-25,RS01SLBS-MJ01A-06-PRESTA101,2,True,2024-09-25T00:00:00Z,2024-09-25T23:59:59Z,86400,86400,0,1.0,1.000525951,1.000000251,-0.001995914,0,0,0,0,-0.0,3.51651,24.943906,-7.751565e-11,0.003516509,0.0249439,False,0.026406,False
2024-09-26,RS01SLBS-MJ01A-06-PRESTA101,2,True,2024-09-26T00:00:00Z,2024-09-26T23:59:59Z,86400,86400,0,1.0,1.000577927,1.000000273,-0.002208239,0,0,0,0,-0.0,3.167101,23.647813,-7.704782e-11,0.0031671,0.02364781,False,0.025821,False
2024-09-27,RS01SLBS-MJ01A-06-PRESTA101,2,True,2024-09-27T00:00:00Z,2024-09-27T23:59:59Z,86400,86400,0,1.0,1.00057888,1.000000233,-0.00094202,0,0,0,0,-0.0,3.491364,24.99388,-9.305811e-11,0.003491363,0.02499387,False,0.025204,False
2024-09-28,RS01SLBS-MJ01A-06-PRESTA101,2,True,2024-09-28T00:00:00Z,2024-09-28T23:59:59Z,86400,86400,0,1.0,1.000582695,1.000000271,0.000583426,0,0,0,0,0.0,2.853699,22.787133,1.123807e-11,0.002853698,0.02278713,False,0.027132,False
2024-09-29,RS01SLBS-MJ01A-06-PRESTA101,2,True,2024-09-29T00:00:00Z,2024-09-29T23:59:59Z,86400,86400,0,1.0,1.000579357,1.000000258,0.001406518,0,0,0,0,-0.0,2.803118,21.306574,-3.642392e-11,0.002803117,0.02130657,False,0.022721,False
2024-09-30,RS01SLBS-MJ01A-06-PRESTA101,2,True,2024-09-30T00:00:00Z,2024-09-30T23:59:59Z,86400,86400,0,1.0,1.000574112,1.000000267,-0.012272977,0,0,0,0,-0.0,2.995948,23.441455,-8.629763e-11,0.002995947,0.02344145,False,0.026301,False
2024-10-01,RS01SLBS-MJ01A-06-PRESTA101,2,True,2024-10-01T00:00:00Z,2024-10-01T23:59:59Z,86400,86400,0,1.0,1.000582695,1.000000212,0.001999064,0,0,0,0,-0.0,3.280515,22.850275,-6.565835e-11,0.003280514,0.02285027,False,0.023948,False
2024-10-02,RS01SLBS-MJ01A-06-PRESTA101,2,True,2024-10-02T00:00:00Z,2024-10-02T23:59:59Z,86400,86400,0,1.0,1.000527859,1.000000276,0.005471404,0,0,0,0,0.0,3.847604,23.87041,7.385948e-14,0.003847603,0.0238704,False,0.026763,False
2024-10-03,RS01SLBS-MJ01A-06-PRESTA101,2,True,2024-10-03T00:00:00Z,2024-10-03T23:59:59Z,84962,86400,1438,1.0,1.000574112,1.000000302,6.463e-06,3,1438,3,1438,-0.0,3.095219,22.835582,-2.891501e-11,0.003095218,0.02283558,False,0.342977,True
2024-10-04,RS01SLBS-MJ01A-06-PRESTA101,2,True,2024-10-04T00:00:00Z,2024-10-04T23:59:59Z,86400,86400,0,1.0,1.000574112,1.000000267,-0.002172344,0,0,0,0,-0.0,3.17019,24.437713,-3.744976e-11,0.003170189,0.02443771,False,0.023136,False
2024-10-05,RS01SLBS-MJ01A-06-PRESTA101,2,True,2024-10-05T00:00:00Z,2024-10-05T23:59:59Z,86400,86400,0,1.0,1.00057888,1.00000025,0.001734448,0,0,0,0,0.0,2.791398,22.482353,1.991961e-11,0.002791397,0.02248235,False,0.026385,False
2024-10-06,RS01SLBS-MJ01A-06-PRESTA101,2,True,2024-10-06T00:00:00Z,2024-10-06T23:59:59Z,85222,86400,1178,1.0,1.00057888,1.000000258,-0.000386005,2,1178,2,1178,-0.0,2.960562,22.007165,-3.53209e-11,0.002960561,0.02200716,False,0.346989,True
2024-10-07,RS01SLBS-MJ01A-06-PRESTA101,2,True,2024-10-07T00:00:00Z,2024-10-07T23:59:59Z,86400,86400,0,1.0,1.000582218,1.000000261,7.6845e-05,0,0,0,0,0.0,2.965788,22.007171,6.501197e-12,0.002965787,0.02200716,False,0.023697,False
2024-10-08,RS01SLBS-MJ01A-06-PRESTA101,2,True,2024-10-08T00:00:00Z,2024-10-08T23:59:59Z,86400,86400,0,1.0,1.000581741,1.000000239,0.001765716,0,0,0,0,-0.0,2.922862,22.037289,-2.723052e-11,0.002922861,0.02203728,False,0.021945,False
2024-10-09,RS01SLBS-MJ01A-06-PRESTA101,2,True,2024-10-09T00:00:00Z,2024-10-09T23:59:59Z,86400,86400,0,1.0,1.00053072,1.000000251,0.002867117,0,0,0,0,-0.0,2.972627,23.399088,-5.317949e-11,0.002972626,0.02339908,False,0.023739,False
2024-10-10,RS01SLBS-MJ01A-06-PRESTA101,2,True,2024-10-10T00:00:00Z,2024-10-10T23:59:59Z,86400,86400,0,1.0,1.000576973,1.000000263,0.000774985,0,0,0,0,0.0,3.154944,24.058735,1.100596e-11,0.003154943,0.02405873,False,0.023474,False
2024-10-11,RS01SLBS-MJ01A-06-PRESTA101,2,True,2024-10-11T00:00:00Z,2024-10-11T23:59:59Z,86400,86400,0,1.0,1.00057888,1.000000261,-0.008924514,0,0,0,0,-0.0,2.838317,22.010575,-4.404587e-11,0.002838316,0.02201057,False,0.021533,False
2024-10-12,RS01SLBS-MJ01A-06-PRESTA101,2,True,2024-10-12T00:00:00Z,2024-10-12T23:59:59Z,86400,86400,0,1.0,1.000583172,1.000000262,0.001911517,0,0,0,0,-0.0,2.90569,22.483459,-7.285051e-11,0.002905689,0.02248345,False,0.027061,False
2024-10-13,RS01SLBS-MJ01A-06-PRESTA101,2,True,2024-10-13T00:00:00Z,2024-10-13T23:59:59Z,86400,86400,0,1.0,1.000582695,1.000000248,-0.001660395,0,0,0,0,-0.0,2.956884,23.431893,-3.760505e-11,0.002956883,0.02343189,False,0.025408,False
2024-10-14,RS01SLBS-MJ01A-06-PRESTA101,2,True,2024-10-14T00:00:00Z,2024-10-14T23:59:59Z,86400,86400,0,1.0,1.000582218,1.000000266,0.000152176,0,0,0,0,-0.0,2.911935,21.310698,-7.187062e-11,0.002911934,0.02131069,False,0.020589,False
2024-10-15,RS01SLBS-MJ01A-06-PRESTA101,2,True,2024-10-15T00:00:00Z,2024-10-15T23:59:59Z,86400,86400,0,1.0,1.000582695,1.000000252,-0.001497799,0,0,0,0,-0.0,2.840024,21.959558,-9.25127e-11,0.002840024,0.02195955,False,0.023826,False
2024-10-16,RS01SLBS-MJ01A-06-PRESTA101,2,True,2024-10-16T00:00:00Z,2024-10-16T23:59:59Z,86400,86400,0,1.0,1.000528812,1.00000025,0.002093145,0,0,0,0,-0.0,2.829554,22.493324,-8.29724e-11,0.002829553,0.02249332,False,0.024929,False
2024-10-17,RS01SLBS-MJ01A-06-PRESTA101,2,True,2024-10-17T00:00:00Z,2024-10-17T23:59:59Z,86400,86400,0,1.0,1.000572681,1.000000268,0.001869985,0,0,0,0,-0.0,2.96994,21.933234,-6.134093e-11,0.002969939,0.02193323,False,0.022584,False
2024-10-18,RS01SLBS-MJ01A-06-PRESTA101,2,True,2024-10-18T00:00:00Z,2024-10-18T23:59:59Z,86400,86400,0,1.0,1.000580788,1.000000286,0.000188612,0,0,0,0,-0.0,2.781709,21.994083,-3.999273e-11,0.002781708,0.02199408,False,0.024399,False
2024-10-19,RS01SLBS-MJ01A-06-PRESTA101,2,True,2024-10-19T00:00:00Z,2024-10-19T23:59:59Z,86400,86400,0,1.0,1.000581264,1.000000278,0.001603584,0,0,0,0,0.0,2.981192,22.407791,5.292653e-11,0.002981191,0.02240779,False,0.024988,False
2024-10-20,RS01SLBS-MJ01A-06-PRESTA101,2,True,2024-10-20T00:00:00Z,2024-10-20T23:59:59Z,86400,86400,0,1.0,1.000575066,1.000000271,0.00118197,0,0,0,0,-0.0,2.800751,21.990466,-4.405305e-11,0.00280075,0.02199046,False,0.025041,False
2024-10-21,RS01SLBS-MJ01A-06-PRESTA101,2,True,2024-10-21T00:00:00Z,2024-10-21T23:59:59Z,86400,86400,0,1.0,1.000584126,1.00000026,0.003252744,0,0,0,0,-0.0,2.788648,22.150163,-1.652054e-11,0.002788648,0.02215016,False,0.023702,False
2024-10-22,RS01SLBS-MJ01A-06-PRESTA101,2,True,2024-10-22T00:00:00Z,2024-10-22T23:59:59Z,86400,86400,0,1.0,1.000580788,1.000000252,0.001777598,0,0,0,0,-0.0,2.87801,22.239469,-2.080643e-11,0.002878009,0.02223946,False,0.023989,False
2024-10-23,RS01SLBS-MJ01A-06-PRESTA101,2,True,2024-10-23T00:00:00Z,2024-10-23T23:59:59Z,86400,86400,0,1.0,1.000529289,1.000000272,-0.000525431,0,0,0,0,-0.0,3.005186,21.546009,-3.984468e-11,0.003005185,0.021546,False,0.020553,False
2024-10-24,RS01SLBS-MJ01A-06-PRESTA101,2,True,2024-10-24T00:00:00Z,2024-10-24T23:59:59Z,86400,86400,0,1.0,1.000581264,1.000000259,-0.000526851,0,0,0,0,-0.0,2.942732,23.401655,-2.89247e-11,0.002942731,0.02340165,False,0.025177,False
2024-10-25,RS01SLBS-MJ01A-06-PRESTA101,2,True,2024-10-25T00:00:00Z,2024-10-25T23:59:59Z,86400,86400,0,1.0,1.000579834,1.000000272,-0.000750195,0,0,0,0,-0.0,3.082191,23.117701,-6.920539e-11,0.003082191,0.0231177,False,0.026934,False
2024-10-26,RS01SLBS-MJ01A-06-PRESTA101,2,True,2024-10-26T00:00:00Z,2024-10-26T23:59:59Z,86400,86400,0,1.0,1.000575066,1.000000268,0.000586082,0,0,9,9,0.0,2.890534,22.701081,4.283561e-11,0.002890533,0.02270108,False,0.026896,False
2024-10-27,RS01SLBS-MJ01A-06-PRESTA101,2,True,2024-10-27T00:00:00Z,2024-10-27T23:59:59Z,86399,86399,0,1.0,1.000576973,1.000000261,0.001029166,0,0,11,11,0.0,2.832368,22.762351,1.217252e-11,0.002832368,0.02276234,False,0.026284,False
2024-10-28,RS01SLBS-MJ01A-06-PRESTA101,2,True,2024-10-28T00:00:00Z,2024-10-28T23:59:59Z,86400,86400,0,1.0,1.000577927,1.000000253,0.002053647,0,0,0,0,0.0,2.882668,23.076932,1.799352e-11,0.002882667,0.02307693,False,0.026364,False
2024-10-29,RS01SLBS-MJ01A-06-PRESTA101,2,True,2024-10-29T00:00:00Z,2024-10-29T23:59:59Z,86400,86400,0,1.0,1.000579834,1.00000026,-0.000767583,0,0,0,0,-0.0,2.881371,20.207225,-1.256035e-11,0.002881371,0.02020722,False,0.020591,False
2024-10-30,RS01SLBS-MJ01A-06-PRESTA101,2,True,2024-10-30T00:00:00Z,2024-10-30T23:59:59Z,86400,86400,0,1.0,1.000534058,1.00000024,0.001070559,0,0,0,0,-0.0,2.80896,20.488779,-4.315451e-11,0.002808959,0.02048877,False,0.020525,False
2024-10-31,RS01SLBS-MJ01A-06-PRESTA101,2,True,2024-10-31T00:00:00Z,2024-10-31T23:59:59Z,86400,86400,0,1.0,1.000580788,1.000000253,0.00239792,0,0,0,0,-0.0,3.035763,22.313666,-3.381662e-11,0.003035762,0.02231366,False,0.025678,False
2024-11-01,RS01SLBS-MJ01A-06-PRESTA101,2,True,2024-11-01T00:00:00Z,2024-11-01T23:59:59Z,86400,86400,0,1.0,1.000580311,1.000000291,-0.001657869,0,0,0,0,-0.0,2.946341,22.542462,-2.842222e-11,0.00294634,0.02254246,False,0.025125,False
2024-11-02,RS01SLBS-MJ01A-06-PRESTA101,2,True,2024-11-02T00:00:00Z,2024-11-02T23:59:59Z,86400,86400,0,1.0,1.000582695,1.000000272,-0.003014583,0,0,0,0,-0.0,3.071415,23.206069,-4.243674e-11,0.003071414,0.02320606,False,0.022191,False
2024-11-03,RS01SLBS-MJ01A-06-PRESTA101,2,True,2024-11-03T00:00:00Z,2024-11-03T23:59:59Z,86400,86400,0,1.0,1.000581264,1.000000264,-0.000518803,0,0,0,0,-0.0,2.814564,22.247055,-8.282926e-11,0.002814564,0.02224705,False,0.026994,False
2024-11-04,RS01SLBS-MJ01A-06-PRESTA101,2,True,2024-11-04T00:00:00Z,2024-11-04T23:59:59Z,86400,86400,0,1.0,1.000576973,1.000000263,0.002986361,0,0,0,0,-0.0,2.960468,23.047277,-1.361436e-11,0.002960468,0.02304727,False,0.025796,False
2024-11-05,RS01SLBS-MJ01A-06-PRESTA101,2,True,2024-11-05T00:00:00Z,2024-11-05T23:59:59Z,86400,86400,0,1.0,1.000576019,1.000000265,-0.001318863,0,0,0,0,-0.0,2.816669,21.815983,-5.080739e-11,0.002816668,0.02181598,False,0.02447,False
2024-11-06,RS01SLBS-MJ01A-06-PRESTA101,2,True,2024-11-06T00:00:00Z,2024-11-06T23:59:59Z,86400,86400,0,1.0,1.000529766,1.000000253,0.000201175,0,0,0,0,-0.0,2.908247,22.455556,-5.031898e-11,0.002908246,0.02245555,False,0.02405,False
2024-11-07,RS01SLBS-MJ01A-06-PRESTA101,2,True,2024-11-07T00:00:00Z,2024-11-07T23:59:59Z,86400,86400,0,1.0,1.000583172,1.000000259,0.000333427,0,0,0,0,-0.0,2.935228,21.931363,-1.497617e-10,0.002935227,0.02193136,False,0.026328,False
2024-11-08,RS01SLBS-MJ01A-06-PRESTA101,2,True,2024-11-08T00:00:00Z,2024-11-08T23:59:59Z,86400,86400,0,1.0,1.000577927,1.000000269,0.001637454,0,0,0,0,-0.0,2.870532,22.588619,-1.294328e-11,0.002870531,0.02258861,False,0.024029,False
2024-11-09,RS01SLBS-MJ01A-06-PRESTA101,2,True,2024-11-09T00:00:00Z,2024-11-09T23:59:59Z,86400,86400,0,1.0,1.000580788,1.000000246,0.002582152,0,0,0,0,-0.0,2.978762,21.23685,-1.946916e-11,0.002978761,0.02123685,False,0.020555,False
2024-11-10,RS01SLBS-MJ01A-06-PRESTA101,2,True,2024-11-10T00:00:00Z,2024-11-10T23:59:59Z,86400,86400,0,1.0,1.000580311,1.000000253,0.007533527,0,0,0,0,-0.0,2.918638,21.973559,-5.045538e-11,0.002918637,0.02197355,False,0.025166,False
2024-11-11,RS01SLBS-MJ01A-06-PRESTA101,2,True,2024-11-11T00:00:00Z,2024-11-11T23:59:59Z,86400,86400,0,1.0,1.00057745,1.00000025,0.00593815,0,0,0,0,-0.0,2.958578,24.021416,-1.987665e-12,0.002958577,0.02402141,False,0.026425,False
2024-11-12,RS01SLBS-MJ01A-06-PRESTA101,2,True,2024-11-12T00:00:00Z,2024-11-12T23:59:59Z,86400,86400,0,1.0,1.000576973,1.000000264,0.00072923,0,0,0,0,0.0,2.760792,22.115745,1.226857e-11,0.002760791,0.02211574,False,0.023098,False
2024-11-13,RS01SLBS-MJ01A-06-PRESTA101,2,True,2024-11-13T00:00:00Z,2024-11-13T23:59:59Z,86400,86400,0,1.0,1.000534058,1.00000026,0.00438755,0,0,0,0,0.0,2.802861,22.290922,6.02294e-11,0.00280286,0.02229092,False,0.020444,False
2024-11-14,RS01SLBS-MJ01A-06-PRESTA101,2,True,2024-11-14T00:00:00Z,2024-11-14T23:59:59Z,86400,86400,0,1.0,1.000582218,1.00000025,0.002987922,0,0,0,0,-0.0,2.804945,21.045408,-5.994427e-11,0.002804944,0.0210454,False,0.020617,False
2024-11-15,RS01SLBS-MJ01A-06-PRESTA101,2,True,2024-11-15T00:00:00Z,2024-11-15T23:59:59Z,86400,86400,0,1.0,1.000580311,1.000000255,-0.00080362,0,0,0,0,-0.0,2.929294,21.540218,-4.614958e-11,0.002929294,0.02154021,False,0.025033,False
2024-11-16,RS01SLBS-MJ01A-06-PRESTA101,2,True,2024-11-16T00:00:00Z,2024-11-16T23:59:59Z,86400,86400,0,1.0,1.000579834,1.000000267,0.001680499,0,0,0,0,-0.0,2.865808,21.287945,-4.641258e-11,0.002865808,0.02128794,False,0.026274,False
2024-11-17,RS01SLBS-MJ01A-06-PRESTA101,2,True,2024-11-17T00:00:00Z,2024-11-17T23:59:59Z,86400,86400,0,1.0,1.000579834,1.000000256,0.002623639,0,0,0,0,-0.0,2.810938,22.214532,-2.561854e-11,0.002810937,0.02221453,False,0.023331,False
2024-11-18,RS01SLBS-MJ01A-06-PRESTA101,2,True,2024-11-18T00:00:00Z,2024-11-18T23:59:59Z,86400,86400,0,1.0,1.000580788,1.000000267,-1.8018e-05,0,0,0,0,-0.0,2.798344,22.684039,-9.611275e-11,0.002798343,0.02268403,False,0.0264,False
2024-11-19,RS01SLBS-MJ01A-06-PRESTA101,2,True,2024-11-19T00:00:00Z,2024-11-19T23:59:59Z,86400,86400,0,1.0,1.000579357,1.00000022,-0.010885293,0,0,0,0,-0.0,3.218182,23.356496,-9.133726e-11,0.003218181,0.02335649,False,0.025311,False
2024-11-20,RS01SLBS-MJ01A-06-PRESTA101,2,True,2024-11-20T00:00:00Z,2024-11-20T23:59:59Z,86400,86400,0,1.0,1.000529289,1.000000263,-0.000183481,0,0,0,0,-0.0,2.829439,22.847311,-5.033924e-11,0.002829438,0.02284731,False,0.025725,False
2024-11-21,RS01SLBS-MJ01A-06-PRESTA101,2,True,2024-11-21T00:00:00Z,2024-11-21T23:59:59Z,86400,86400,0,1.0,1.000577927,1.000000265,-0.000450652,0,0,0,0,0.0,2.827699,20.857075,1.41755e-11,0.002827698,0.02085707,False,0.026878,False
2024-11-22,RS01SLBS-MJ01A-06-PRESTA101,2,True,2024-11-22T00:00:00Z,2024-11-22T23:59:59Z,86400,86400,0,1.0,1.000579834,1.000000269,0.001393172,0,0,0,0,0.0,2.870683,22.36908,1.939016e-11,0.002870682,0.02236907,False,0.025859,False
2024-11-23,RS01SLBS-MJ01A-06-PRESTA101,2,True,2024-11-23T00:00:00Z,2024-11-23T23:59:59Z,86400,86400,0,1.0,1.000582695,1.000000273,0.002796616,0,0,0,0,-0.0,2.817608,22.553773,-3.176324e-11,0.002817607,0.02255377,False,0.025786,False
2024-11-24,RS01SLBS-MJ01A-06-PRESTA101,2,True,2024-11-24T00:00:00Z,2024-11-24T23:59:59Z,86400,86400,0,1.0,1.000576019,1.000000248,-0.000226946,0,0,0,0,-0.0,2.852367,21.934842,-7.751181e-11,0.002852366,0.02193484,False,0.025573,False
2024-11-25,RS01SLBS-MJ01A-06-PRESTA101,2,True,2024-11-25T00:00:00Z,2024-11-25T23:59:59Z,86400,86400,0,1.0,1.000573158,1.000000273,-0.000460667,0,0,0,0,-0.0,2.842033,22.1881,-6.155216e-11,0.002842032,0.02218809,False,0.026962,False
2024-11-26,RS01SLBS-MJ01A-06-PRESTA101,2,True,2024-11-26T00:00:00Z,2024-11-26T23:59:59Z,86400,86400,0,1.0,1.000571251,1.000000259,-1.5029e-05,0,0,0,0,-0.0,2.814111,22.696623,-4.077809e-11,0.002814111,0.02269662,False,0.02634,False
2024-11-27,RS01SLBS-MJ01A-06-PRESTA101,2,True,2024-11-27T00:00:00Z,2024-11-27T23:59:59Z,86400,86400,0,1.0,1.000530243,1.000000267,0.003404523,0,0,0,0,-0.0,2.851341,21.918105,-2.280707e-11,0.002851341,0.0219181,False,0.023113,False
2024-11-28,RS01SLBS-MJ01A-06-PRESTA101,2,True,2024-11-28T00:00:00Z,2024-11-28T23:59:59Z,86400,86400,0,1.0,1.000582695,1.000000282,-0.000765861,0,0,0,0,0.0,2.849052,22.176103,1.268654e-11,0.002849051,0.0221761,False,0.027029,False
2024-11-29,RS01SLBS-MJ01A-06-PRESTA101,2,True,2024-11-29T00:00:00Z,2024-11-29T23:59:59Z,86400,86400,0,1.0,1.000566959,1.000000257,0.003579107,0,0,0,0,-0.0,2.803867,21.934209,-6.25041e-11,0.002803866,0.0219342,False,0.023978,False
2024-11-30,RS01SLBS-MJ01A-06-PRESTA101,2,True,2024-11-30T00:00:00Z,2024-11-30T23:59:59Z,86400,86400,0,1.0,1.000515938,1.000000264,-0.012800869,0,0,0,0,0.0,2.79598,22.682958,3.825077e-11,0.002795979,0.02268295,False,0.025804,False
2024-12-01,RS01SLBS-MJ01A-06-PRESTA101,2,True,2024-12-01T00:00:00Z,2024-12-01T23:59:59Z,86400,86400,0,1.0,1.000515938,1.000000268,0.002949771,0,0,0,0,-0.0,2.827525,21.835276,-1.602639e-11,0.002827524,0.02183527,False,0.024846,False
2024-12-02,RS01SLBS-MJ01A-06-PRESTA101,2,True,2024-12-02T00:00:00Z,2024-12-02T23:59:59Z,86400,86400,0,1.0,1.000515938,1.000000272,-0.001961532,0,0,0,0,-0.0,2.890984,22.680162,-4.814475e-13,0.002890983,0.02268016,False,0.020496,False
2024-12-03,RS01SLBS-MJ01A-06-PRESTA101,2,True,2024-12-03T00:00:00Z,2024-12-03T23:59:59Z,86400,86400,0,1.0,1.000513077,1.000000288,0.002837448,0,0,0,0,-0.0,2.945124,22.02992,-6.605379e-11,0.002945123,0.02202991,False,0.020981,False
2024-12-04,RS01SLBS-MJ01A-06-PRESTA101,2,True,2024-12-04T00:00:00Z,2024-12-04T23:59:59Z,86400,86400,0,1.0,1.000556946,1.000000257,0.002460412,0,0,0,0,-0.0,2.820062,20.942707,-2.675244e-11,0.002820061,0.0209427,False,0.022723,False
2024-12-05,RS01SLBS-MJ01A-06-PRESTA101,2,True,2024-12-05T00:00:00Z,2024-12-05T23:59:59Z,86400,86400,0,1.0,1.00052309,1.000000262,0.001166719,0,0,0,0,-0.0,2.876538,23.263869,-7.614953e-11,0.002876537,0.02326386,False,0.027269,False
2024-12-06,RS01SLBS-MJ01A-06-PRESTA101,2,True,2024-12-06T00:00:00Z,2024-12-06T23:59:59Z,86400,86400,0,1.0,1.00051403,1.000000267,0.001062554,0,0,0,0,-0.0,2.899021,20.595235,-9.396282e-11,0.00289902,0.02059523,False,0.020505,False
2024-12-07,RS01SLBS-MJ01A-06-PRESTA101,2,True,2024-12-07T00:00:00Z,2024-12-07T23:59:59Z,86400,86400,0,1.0,1.000514984,1.000000266,0.000625201,0,0,0,0,-0.0,2.843153,20.159362,-3.38701e-11,0.002843152,0.02015936,False,0.020592,False
2024-12-08,RS01SLBS-MJ01A-06-PRESTA101,2,True,2024-12-08T00:00:00Z,2024-12-08T23:59:59Z,86400,86400,0,1.0,1.000525951,1.000000279,0.002690814,0,0,0,0,-0.0,2.951274,23.083275,-5.025236e-11,0.002951273,0.02308327,False,0.024357,False
2024-12-09,RS01SLBS-MJ01A-06-PRESTA101,2,True,2024-12-09T00:00:00Z,2024-12-09T23:59:59Z,86399,86399,0,1.0,1.00051403,1.000000287,-0.001625457,0,0,21,21,-0.0,2.840329,21.882823,-4.848895e-11,0.002840328,0.02188282,False,0.020705,False
2024-12-10,RS01SLBS-MJ01A-06-PRESTA101,2,True,2024-12-10T00:00:00Z,2024-12-10T23:59:59Z,86400,86400,0,1.0,1.000517368,1.000000262,0.002938549,0,0,0,0,-0.0,2.815341,22.988526,-6.39602e-12,0.002815341,0.02298852,False,0.023715,False
2024-12-11,RS01SLBS-MJ01A-06-PRESTA101,2,True,2024-12-11T00:00:00Z,2024-12-11T14:35:27Z,52528,52528,0,1.0,1.000546932,1.000000248,-0.00027131,0,0,0,0,-0.0,2.79001,21.583788,-1.890418e-11,0.002790009,0.02158378,False,0.02057,False
2024-12-12,RS01SLBS-MJ01A-06-PRESTA101,2,True,2024-12-12T02:42:17Z,2024-12-12T23:59:59Z,76647,76663,16,1.0,1.000572205,1.000000247,0.001814388,1,16,1,16,-0.0,2.904615,21.813528,-7.148268e-13,0.002904614,0.02181352,False,0.023499,True
2024-12-13,RS01SLBS-MJ01A-06-PRESTA101,2,True,2024-12-13T00:00:00Z,2024-12-13T23:59:59Z,86400,86400,0,1.0,1.000512123,1.000000255,0.000353974,0,0,0,0,-0.0,2.801632,22.133154,-3.001106e-11,0.002801631,0.02213315,False,0.020476,False
2024-12-14,RS01SLBS-MJ01A-06-PRESTA101,2,True,2024-12-14T00:00:00Z,2024-12-14T23:59:59Z,54268,86383,32115,1.0,1.000528812,1.000150576,-3.263789279,1,32115,1,32115,-0.0,2933.293111,7834.995973,-2.402515e-11,2.932851,7.833816,True,0.029568,True
2024-12-15,RS01SLBS-MJ01A-06-PRESTA101,2,True,2024-12-15T00:00:00Z,2024-12-15T23:59:59Z,86400,86400,0,1.0,1.000582695,1.000000239,-0.00049627,0,0,0,0,-0.0,3.194368,21.360514,-4.343899e-11,0.003194368,0.02136051,False,0.022519,False
2024-12-16,RS01SLBS-MJ01A-06-PRESTA101,2,True,2024-12-16T00:00:00Z,2024-12-16T23:59:59Z,86400,86400,0,1.0,1.000586987,1.000000268,-0.003427905,0,0,0,0,-0.0,2.851273,21.457504,-5.435349e-11,0.002851272,0.0214575,False,0.020623,False
2024-12-17,RS01SLBS-MJ01A-06-PRESTA101,2,True,2024-12-17T00:00:00Z,2024-12-17T23:59:59Z,86400,86400,0,1.0,1.000580311,1.000000225,0.000597656,0,0,0,0,-0.0,2.98742,21.829009,-5.442684e-11,0.002987419,0.021829,False,0.020698,False
2024-12-18,RS01SLBS-MJ01A-06-PRESTA101,2,True,2024-12-18T00:00:00Z,2024-12-18T23:59:59Z,86400,86400,0,1.0,1.000586033,1.000000293,-4.6732e-05,0,0,0,0,0.0,2.976323,22.723163,1.798266e-11,0.002976322,0.02272316,False,0.023361,False
2024-12-19,RS01SLBS-MJ01A-06-PRESTA101,2,True,2024-12-19T00:00:00Z,2024-12-19T23:59:59Z,86400,86400,0,1.0,1.000586033,1.000000261,-6.7758e-05,0,0,0,0,-0.0,2.894595,22.490108,-1.548704e-10,0.002894594,0.0224901,False,0.023917,False
2024-12-20,RS01SLBS-MJ01A-06-PRESTA101,2,True,2024-12-20T00:00:00Z,2024-12-20T23:59:59Z,86400,86400,0,1.0,1.000583649,1.000000251,0.000949362,0,0,0,0,-0.0,2.794704,20.276898,-5.253046e-11,0.002794704,0.02027689,False,0.02081,False
2024-12-21,RS01SLBS-MJ01A-06-PRESTA101,2,True,2024-12-21T00:00:00Z,2024-12-21T23:59:59Z,86400,86400,0,1.0,1.000528812,1.000000272,-0.011327657,0,0,0,0,-0.0,2.793129,22.121487,-5.400874e-11,0.002793128,0.02212148,False,0.023084,False
2024-12-22,RS01SLBS-MJ01A-06-PRESTA101,2,True,2024-12-22T00:00:00Z,2024-12-22T23:59:59Z,86400,86400,0,1.0,1.000534058,1.000000271,0.000131093,0,0,0,0,-0.0,2.923753,22.643327,-1.158067e-10,0.002923752,0.02264332,False,0.020555,False
2024-12-23,RS01SLBS-MJ01A-06-PRESTA101,2,True,2024-12-23T00:00:00Z,2024-12-23T23:59:59Z,86400,86400,0,1.0,1.000535011,1.000000262,-0.000807767,0,0,0,0,-0.0,2.864166,22.806057,-4.346119e-11,0.002864165,0.02280605,False,0.027178,False
2024-12-24,RS01SLBS-MJ01A-06-PRESTA101,2,True,2024-12-24T00:00:00Z,2024-12-24T23:59:59Z,86400,86400,0,1.0,1.000535965,1.000000249,0.00519446,0,0,0,0,-0.0,3.245365,23.990162,-7.855034e-11,0.003245364,0.02399016,False,0.022081,False
2024-12-25,RS01SLBS-MJ01A-06-PRESTA101,2,True,2024-12-25T00:00:00Z,2024-12-25T23:59:59Z,86400,86400,0,1.0,1.000535965,1.000000267,-0.001454031,0,0,0,0,0.0,2.93873,21.854667,1.387769e-11,0.002938729,0.02185466,False,0.027205,False
2024-12-26,RS01SLBS-MJ01A-06-PRESTA101,2,True,2024-12-26T00:00:00Z,2024-12-26T23:59:59Z,86400,86400,0,1.0,1.000535965,1.000000275,0.002462796,0,0,0,0,-0.0,2.787394,21.147351,-2.177919e-11,0.002787393,0.02114735,False,0.02042,False
2024-12-27,RS01SLBS-MJ01A-06-PRESTA101,2,True,2024-12-27T00:00:00Z,2024-12-27T23:59:59Z,86400,86400,0,1.0,1.000533104,1.000000274,-0.000236247,0,0,0,0,0.0,3.043618,22.783038,7.42777e-12,0.003043617,0.02278303,False,0.023267,False
2024-12-28,RS01SLBS-MJ01A-06-PRESTA101,2,True,2024-12-28T00:00:00Z,2024-12-28T23:59:59Z,86400,86400,0,1.0,1.000534058,1.000000253,-0.002362707,0,0,0,0,-0.0,2.816043,21.891561,-2.573575e-11,0.002816042,0.02189156,False,0.023308,False
2024-12-29,RS01SLBS-MJ01A-06-PRESTA101,2,True,2024-12-29T00:00:00Z,2024-12-29T23:59:59Z,86400,86400,0,1.0,1.000534058,1.000000257,-0.001475743,0,0,0,0,0.0,2.791508,21.482252,1.089558e-11,0.002791508,0.02148225,False,0.020469,False
2024-12-30,RS01SLBS-MJ01A-06-PRESTA101,2,True,2024-12-30T00:00:00Z,2024-12-30T23:59:59Z,86400,86400,0,1.0,1.000535011,1.000000274,0.002880966,0,0,0,0,-0.0,2.862757,22.330813,-9.975461e-11,0.002862756,0.02233081,False,0.020702,False
2024-12-31,RS01SLBS-MJ01A-06-PRESTA101,2,True,2024-12-31T00:00:00Z,2024-12-31T23:59:59Z,86400,86400,0,1.0,1.000535011,1.00000026,0.002591007,0,0,0,0,-0.0,2.870036,21.711397,-2.911611e-11,0.002870035,0.02171139,False,0.027025,False
2025-01-01,RS01SLBS-MJ01A-06-PRESTA101,2,True,2025-01-01T00:00:00Z,2025-01-01T23:59:59Z,86400,86400,0,1.0,1.000535965,1.000000268,0.002647177,0,0,0,0,-0.0,3.101723,23.484413,-5.778348e-11,0.003101722,0.02348441,False,0.025424,False
2025-01-02,RS01SLBS-MJ01A-06-PRESTA101,2,True,2025-01-02T00:00:00Z,2025-01-02T23:59:59Z,86400,86400,0,1.0,1.000535011,1.000000254,0.000573151,0,0,0,0,0.0,2.800313,22.595911,8.229469e-11,0.002800312,0.0225959,False,0.027259,False
2025-01-03,RS01SLBS-MJ01A-06-PRESTA101,2,True,2025-01-03T00:00:00Z,2025-01-03T23:59:59Z,86400,86400,0,1.0,1.000534058,1.00000028,0.000221126,0,0,0,0,-0.0,2.87915,22.129578,-3.517722e-11,0.00287915,0.02212957,False,0.023954,False
2025-01-04,RS01SLBS-MJ01A-06-PRESTA101,2,True,2025-01-04T00:00:00Z,2025-01-04T23:59:59Z,86400,86400,0,1.0,1.000536442,1.000000262,-0.002155386,0,0,0,0,-0.0,2.810461,21.56293,-4.154097e-11,0.00281046,0.02156292,False,0.020391,False
2025-01-05,RS01SLBS-MJ01A-06-PRESTA101,2,True,2025-01-05T00:00:00Z,2025-01-05T23:59:59Z,86400,86400,0,1.0,1.000535965,1.000000263,-0.000170893,0,0,0,0,-0.0,2.864847,22.903051,-9.514994e-11,0.002864846,0.02290305,False,0.020336,False
2025-01-06,RS01SLBS-MJ01A-06-PRESTA101,2,True,2025-01-06T00:00:00Z,2025-01-06T23:59:59Z,86400,86400,0,1.0,1.000534058,1.000000263,0.000813668,0,0,0,0,-0.0,2.887479,22.471513,-5.691947e-11,0.002887479,0.02247151,False,0.024592,False
2025-01-07,RS01SLBS-MJ01A-06-PRESTA101,2,True,2025-01-07T00:00:00Z,2025-01-07T23:59:59Z,86400,86400,0,1.0,1.000535011,1.000000274,-0.011925001,0,0,0,0,-0.0,2.863262,22.737797,-4.969585e-11,0.002863261,0.02273779,False,0.027088,False
2025-01-08,RS01SLBS-MJ01A-06-PRESTA101,2,True,2025-01-08T00:00:00Z,2025-01-08T23:59:59Z,85388,86399,1011,1.0,1.000535965,1.000009076,0.46907079,1,1011,1,1011,-0.0,275.496975,583.437242,-4.155346e-11,0.2754945,0.5834319,True,0.458359,True
2025-01-09,RS01SLBS-MJ01A-06-PRESTA101,2,True,2025-01-09T00:00:00Z,2025-01-09T23:59:59Z,86400,86400,0,1.0,1.000535011,1.000000275,-0.000233847,0,0,0,0,-0.0,2.823104,23.309349,-4.053842e-11,0.002823103,0.02330934,False,0.023886,False
2025-01-10,RS01SLBS-MJ01A-06-PRESTA101,2,True,2025-01-10T00:00:00Z,2025-01-10T23:59:59Z,86400,86400,0,1.0,1.000534058,1.00000025,0.000346153,0,0,0,0,-0.0,2.842069,22.696104,-1.228423e-10,0.002842069,0.0226961,False,0.020559,False
2025-01-11,RS01SLBS-MJ01A-06-PRESTA101,2,True,2025-01-11T00:00:00Z,2025-01-11T23:59:59Z,86400,86400,0,1.0,1.000534058,1.000000263,-0.000884732,0,0,0,0,-0.0,2.807057,21.680235,-2.07485e-11,0.002807056,0.02168023,False,0.022686,False
2025-01-12,RS01SLBS-MJ01A-06-PRESTA101,2,True,2025-01-12T00:00:00Z,2025-01-12T23:59:59Z,86400,86400,0,1.0,1.000533104,1.000000269,0.002842277,0,0,0,0,-0.0,2.792542,23.241495,-3.465951e-11,0.002792541,0.02324149,False,0.023926,False
2025-01-13,RS01SLBS-MJ01A-06-PRESTA101,2,True,2025-01-13T00:00:00Z,2025-01-13T23:59:59Z,86400,86400,0,1.0,1.000534058,1.000000274,-0.000467703,0,0,0,0,-0.0,2.82147,21.855552,-1.808026e-11,0.002821469,0.02185555,False,0.020473,False
2025-01-14,RS01SLBS-MJ01A-06-PRESTA101,2,True,2025-01-14T00:00:00Z,2025-01-14T23:59:59Z,86272,86400,128,1.0,1.000534058,1.000000273,-0.001175219,1,128,1,128,0.0,3.001604,21.86327,6.388705e-12,0.003001604,0.02186326,False,0.06936,True
2025-01-15,RS01SLBS-MJ01A-06-PRESTA101,2,True,2025-01-15T00:00:00Z,2025-01-15T23:59:59Z,86400,86400,0,1.0,1.000515938,1.000000288,-0.004247602,0,0,0,0,-0.0,3.105126,22.447535,-5.534627e-11,0.003105125,0.02244753,False,0.023024,False
2025-01-16,RS01SLBS-MJ01A-06-PRESTA101,2,True,2025-01-16T00:00:00Z,2025-01-16T23:59:59Z,86400,86400,0,1.0,1.00052309,1.000000284,-0.012820196,0,0,0,0,-0.0,2.843002,22.140015,-2.423833e-12,0.002843001,0.02214001,False,0.023515,False
2025-01-17,RS01SLBS-MJ01A-06-PRESTA101,2,True,2025-01-17T00:00:00Z,2025-01-17T23:59:59Z,86400,86400,0,1.0,1.000514984,1.000000282,-9.5159e-05,0,0,0,0,-0.0,2.856261,22.473134,-4.30697e-11,0.00285626,0.02247313,False,0.025563,False
2025-01-18,RS01SLBS-MJ01A-06-PRESTA101,2,True,2025-01-18T00:00:00Z,2025-01-18T23:59:59Z,86400,86400,0,1.0,1.000518322,1.000000288,-0.000575508,0,0,0,0,-0.0,2.834858,21.715609,-6.694845e-11,0.002834857,0.0217156,False,0.024023,False
2025-01-19,RS01SLBS-MJ01A-06-PRESTA101,2,True,2025-01-19T00:00:00Z,2025-01-19T23:59:59Z,86400,86400,0,1.0,1.000518799,1.000000292,6.7784e-05,0,0,0,0,-0.0,2.925063,23.137603,-1.281429e-11,0.002925062,0.0231376,False,0.027341,False
2025-01-20,RS01SLBS-MJ01A-06-PRESTA101,2,True,2025-01-20T00:00:00Z,2025-01-20T23:59:59Z,86400,86400,0,1.0,1.000524044,1.000000267,0.002607034,0,0,0,0,-0.0,2.910035,23.330985,-2.318443e-11,0.002910034,0.02333098,False,0.026575,False
2025-01-21,RS01SLBS-MJ01A-06-PRESTA101,2,True,2025-01-21T00:00:00Z,2025-01-21T23:59:59Z,86397,86399,2,1.0,1.000567436,1.0000003,-0.002067559,17,2,17,18,-0.0,3.350248,21.859676,-8.798241e-12,0.003350247,0.02185967,False,0.023683,True
2025-01-22,RS01SLBS-MJ01A-06-PRESTA101,2,True,2025-01-22T00:00:00Z,2025-01-22T23:59:59Z,86400,86400,0,1.0,1.000591755,1.000000256,-0.004421279,0,0,0,0,-0.0,3.356717,22.548445,-3.639521e-11,0.003356716,0.02254844,False,0.027009,False
2025-01-23,RS01SLBS-MJ01A-06-PRESTA101,2,True,2025-01-23T00:00:00Z,2025-01-23T23:59:59Z,86400,86400,0,1.0,1.000593185,1.000000313,-0.003743933,0,0,0,0,-0.0,3.139531,24.39957,-5.733858e-12,0.00313953,0.02439956,False,0.026394,False
2025-01-24,RS01SLBS-MJ01A-06-PRESTA101,2,True,2025-01-24T00:00:00Z,2025-01-24T23:59:59Z,85238,86400,1162,1.0,1.000588417,1.000000258,-0.001667683,3,1162,3,1162,-0.0,2.887183,22.151817,-5.947442e-11,0.002887182,0.02215181,False,0.378826,True
2025-01-25,RS01SLBS-MJ01A-06-PRESTA101,2,True,2025-01-25T00:00:00Z,2025-01-25T23:59:59Z,84396,86400,2004,1.0,1.000589848,1.000000286,-0.001159303,37,2004,37,2004,0.0,3.990729,36.035012,2.314872e-11,0.003990728,0.036035,False,0.151121,True
2025-01-26,RS01SLBS-MJ01A-06-PRESTA101,2,True,2025-01-26T00:00:00Z,2025-01-26T23:59:59Z,86400,86400,0,1.0,1.000585556,1.000000276,-0.000700618,0,0,1,1,0.0,26.739341,349.212513,2.69608e-11,0.02673933,0.3492124,False,0.346794,False
2025-01-27,RS01SLBS-MJ01A-06-PRESTA101,2,True,2025-01-27T00:00:00Z,2025-01-27T23:59:59Z,86400,86400,0,1.0,1.000591755,1.000000278,-0.002332163,0,0,0,0,0.0,2.861116,21.121067,2.748843e-11,0.002861115,0.02112106,False,0.020645,False
2025-01-28,RS01SLBS-MJ01A-06-PRESTA101,2,True,2025-01-28T00:00:00Z,2025-01-28T23:59:59Z,86400,86400,0,1.0,1.000518322,1.000000283,-0.003025974,0,0,0,0,-0.0,2.97348,23.127862,-1.046272e-10,0.002973479,0.02312786,False,0.025263,False
2025-01-29,RS01SLBS-MJ01A-06-PRESTA101,2,True,2025-01-29T00:00:00Z,2025-01-29T20:24:29Z,73470,73470,0,1.0,1.00053978,1.000000274,-0.014414769,0,0,0,0,-0.0,3.15673,23.479424,-3.797126e-11,0.003156729,0.02347942,False,0.022656,False
2025-01-30,RS01SLBS-MJ01A-06-PRESTA101,2,True,2025-01-30T03:00:12Z,2025-01-30T23:59:59Z,75487,75588,101,1.0,1.000536919,1.00000041,-0.001748749,1,101,1,101,0.0,2.771389,21.349901,3.140026e-11,0.002771388,0.02134989,False,0.051586,True
2025-01-31,RS01SLBS-MJ01A-06-PRESTA101,2,True,2025-01-31T00:00:00Z,2025-01-31T23:59:59Z,30796,86371,55575,1.0,1.000529289,1.000379047,0.967446826,1,55575,1,55575,0.0,2768.948618,5298.053746,3.960631e-11,2.767899,5.296046,True,0.393028,True
2025-02-01,RS01SLBS-MJ01A-06-PRESTA101,2,True,2025-02-01T00:00:00Z,2025-02-01T23:59:59Z,86400,86400,0,1.0,1.000537872,1.000000404,-0.000599903,0,0,0,0,-0.0,2.770852,21.873718,-7.631752e-12,0.002770851,0.02187371,False,0.020327,False
2025-02-02,RS01SLBS-MJ01A-06-PRESTA101,2,True,2025-02-02T00:00:00Z,2025-02-02T23:59:59Z,86400,86400,0,1.0,1.000538349,1.0000004,-0.001014486,0,0,0,0,0.0,2.768952,20.607775,1.774076e-11,0.002768951,0.02060777,False,0.020765,False
2025-02-03,RS01SLBS-MJ01A-06-PRESTA101,2,True,2025-02-03T00:00:00Z,2025-02-03T23:59:59Z,86400,86400,0,1.0,1.00054121,1.000000395,0.001615048,0,0,0,0,-0.0,2.768568,21.641774,-1.442323e-11,0.002768567,0.02164177,False,0.020689,False
2025-02-04,RS01SLBS-MJ01A-06-PRESTA101,2,True,2025-02-04T00:00:00Z,2025-02-04T23:59:59Z,86400,86400,0,1.0,1.000537872,1.000000394,0.001116282,0,0,0,0,-0.0,2.769531,21.758229,-1.061937e-10,0.00276953,0.02175822,False,0.020382,False
2025-02-05,RS01SLBS-MJ01A-06-PRESTA101,2,True,2025-02-05T00:00:00Z,2025-02-05T23:59:59Z,86400,86400,0,1.0,1.000536919,1.000000399,-0.00077089,0,0,0,0,0.0,2.77489,21.993024,1.737715e-11,0.002774889,0.02199302,False,0.023473,False
2025-02-06,RS01SLBS-MJ01A-06-PRESTA101,2,True,2025-02-06T00:00:00Z,2025-02-06T23:59:59Z,86400,86400,0,1.0,1.000539303,1.000000399,-0.0010728,0,0,0,0,-0.0,2.774228,21.833479,-4.049246e-11,0.002774227,0.02183347,False,0.022046,False
2025-02-07,RS01SLBS-MJ01A-06-PRESTA101,2,True,2025-02-07T00:00:00Z,2025-02-07T23:59:59Z,86400,86400,0,1.0,1.000535965,1.000000397,-0.00099525,0,0,0,0,-0.0,2.772041,21.590566,-3.409779e-11,0.00277204,0.02159056,False,0.020771,False
2025-02-08,RS01SLBS-MJ01A-06-PRESTA101,2,True,2025-02-08T00:00:00Z,2025-02-08T23:59:59Z,86400,86400,0,1.0,1.000538826,1.000000388,0.00066618,0,0,0,0,-0.0,2.77102,21.964283,-5.37219e-11,0.002771019,0.02196427,False,0.020646,False
2025-02-09,RS01SLBS-MJ01A-06-PRESTA101,2,True,2025-02-09T00:00:00Z,2025-02-09T23:59:59Z,86400,86400,0,1.0,1.000538826,1.000000395,-0.001759568,0,0,0,0,-0.0,2.772198,22.544017,-9.750589e-11,0.002772197,0.02254401,False,0.026889,False
2025-02-10,RS01SLBS-MJ01A-06-PRESTA101,2,True,2025-02-10T00:00:00Z,2025-02-10T23:59:59Z,86400,86400,0,1.0,1.000536442,1.000000387,0.000698037,0,0,0,0,-0.0,2.777267,20.652774,-4.122309e-11,0.002777266,0.02065277,False,0.022636,False
2025-02-11,RS01SLBS-MJ01A-06-PRESTA101,2,True,2025-02-11T00:00:00Z,2025-02-11T23:59:59Z,86400,86400,0,1.0,1.000538349,1.000000392,0.001384725,0,0,0,0,-0.0,2.773197,22.708502,-1.248569e-11,0.002773196,0.02270849,False,0.024743,False
2025-02-12,RS01SLBS-MJ01A-06-PRESTA101,2,True,2025-02-12T00:00:00Z,2025-02-12T23:59:59Z,86400,86400,0,1.0,1.000538826,1.000000386,-0.000140115,0,0,0,0,0.0,2.774536,22.108432,1.460902e-12,0.002774535,0.02210842,False,0.025298,False
2025-02-13,RS01SLBS-MJ01A-06-PRESTA101,2,True,2025-02-13T00:00:00Z,2025-02-13T23:59:59Z,86400,86400,0,1.0,1.000538826,1.000000389,0.004296237,0,0,0,0,-0.0,2.771861,21.906584,-3.47378e-11,0.00277186,0.02190658,False,0.020573,False
2025-02-14,RS01SLBS-MJ01A-06-PRESTA101,2,True,2025-02-14T00:00:00Z,2025-02-14T23:59:59Z,86400,86400,0,1.0,1.00054121,1.000000395,-0.002179421,0,0,0,0,-0.0,2.775243,21.771962,-2.514062e-11,0.002775242,0.02177195,False,0.020328,False
2025-02-15,RS01SLBS-MJ01A-06-PRESTA101,2,True,2025-02-15T00:00:00Z,2025-02-15T23:59:59Z,86400,86400,0,1.0,1.00053978,1.000000399,-0.013241896,0,0,0,0,0.0,2.771455,20.558645,5.251998e-11,0.002771454,0.02055864,False,0.020363,False
2025-02-16,RS01SLBS-MJ01A-06-PRESTA101,2,True,2025-02-16T00:00:00Z,2025-02-16T23:59:59Z,86400,86400,0,1.0,1.000539303,1.000000393,0.00143549,0,0,0,0,-0.0,2.773401,22.523145,-6.994298e-11,0.0027734,0.02252314,False,0.027227,False
2025-02-17,RS01SLBS-MJ01A-06-PRESTA101,2,True,2025-02-17T00:00:00Z,2025-02-17T23:59:59Z,86400,86400,0,1.0,1.000537872,1.000000392,0.001874202,0,0,0,0,0.0,2.77556,22.330818,5.502421e-12,0.002775559,0.02233081,False,0.02042,False
2025-02-18,RS01SLBS-MJ01A-06-PRESTA101,2,True,2025-02-18T00:00:00Z,2025-02-18T23:59:59Z,86400,86400,0,1.0,1.000537872,1.000000385,-0.001513108,0,0,0,0,-0.0,2.769261,20.978792,-8.586866e-11,0.00276926,0.02097878,False,0.022599,False
2025-02-19,RS01SLBS-MJ01A-06-PRESTA101,2,True,2025-02-19T00:00:00Z,2025-02-19T23:59:59Z,86400,86400,0,1.0,1.000536919,1.000000386,-0.002132348,0,0,0,0,-0.0,2.773722,21.879581,-7.851017e-12,0.002773721,0.02187957,False,0.026442,False
2025-02-20,RS01SLBS-MJ01A-06-PRESTA101,2,True,2025-02-20T00:00:00Z,2025-02-20T23:59:59Z,86400,86400,0,1.0,1.000533104,1.000000381,-0.00132802,0,0,0,0,0.0,2.765337,22.001718,1.501878e-11,0.002765336,0.02200171,False,0.020335,False
2025-02-21,RS01SLBS-MJ01A-06-PRESTA101,2,True,2025-02-21T00:00:00Z,2025-02-21T23:59:59Z,86400,86400,0,1.0,1.000531673,1.00000039,0.000414504,0,0,0,0,-0.0,2.767857,22.481184,-5.616583e-11,0.002767856,0.02248118,False,0.02479,False
2025-02-22,RS01SLBS-MJ01A-06-PRESTA101,2,True,2025-02-22T00:00:00Z,2025-02-22T23:59:59Z,86399,86399,0,1.0,1.000530243,1.000000389,-0.002058232,0,0,18,18,-0.0,2.765086,22.285144,-3.695337e-11,0.002765085,0.02228514,False,0.023926,False
2025-02-23,RS01SLBS-MJ01A-06-PRESTA101,2,True,2025-02-23T00:00:00Z,2025-02-23T23:59:59Z,86400,86400,0,1.0,1.000531197,1.000000386,0.002517397,0,0,1,1,0.0,2.769276,22.442021,1.221024e-11,0.002769275,0.02244201,False,0.025912,False
2025-02-24,RS01SLBS-MJ01A-06-PRESTA101,2,True,2025-02-24T00:00:00Z,2025-02-24T23:59:59Z,86400,86400,0,1.0,1.00053215,1.000000386,-0.001290514,0,0,0,0,-0.0,2.764527,23.208747,-6.284714e-11,0.002764526,0.02320874,False,0.026739,False
2025-02-25,RS01SLBS-MJ01A-06-PRESTA101,2,True,2025-02-25T00:00:00Z,2025-02-25T23:59:59Z,86400,86400,0,1.0,1.000535965,1.000000401,0.001214602,0,0,0,0,0.0,2.771935,22.128314,4.339303e-12,0.002771934,0.0221283,False,0.020851,False
2025-02-26,RS01SLBS-MJ01A-06-PRESTA101,2,True,2025-02-26T00:00:00Z,2025-02-26T23:59:59Z,86400,86400,0,1.0,1.000535011,1.000000387,-0.001568911,0,0,0,0,-0.0,2.772227,22.865359,-2.889667e-11,0.002772225,0.02286535,False,0.026104,False
2025-02-27,RS01SLBS-MJ01A-06-PRESTA101,2,True,2025-02-27T00:00:00Z,2025-02-27T23:59:59Z,86400,86400,0,1.0,1.000538826,1.000000392,-3.2551e-05,0,0,0,0,-0.0,2.768821,22.145714,-1.194828e-10,0.00276882,0.02214571,False,0.020634,False
2025-02-28,RS01SLBS-MJ01A-06-PRESTA101,2,True,2025-02-28T00:00:00Z,2025-02-28T23:59:59Z,86400,86400,0,1.0,1.000539303,1.000000392,-0.000312769,0,0,0,0,-0.0,2.772993,22.230434,-7.644653e-12,0.002772991,0.02223043,False,0.023377,False
2025-03-01,RS01SLBS-MJ01A-06-PRESTA101,2,True,2025-03-01T00:00:00Z,2025-03-01T23:59:59Z,86400,86400,0,1.0,1.000539303,1.000000389,0.002055008,0,0,0,0,-0.0,2.775135,22.834037,-8.330301e-11,0.002775134,0.02283403,False,0.0253,False
2025-03-02,RS01SLBS-MJ01A-06-PRESTA101,2,True,2025-03-02T00:00:00Z,2025-03-02T23:59:59Z,86400,86400,0,1.0,1.000539303,1.000000396,0.003303365,0,0,0,0,-0.0,2.76793,21.874769,-5.833714e-11,0.002767929,0.02187476,False,0.02035,False
2025-03-03,RS01SLBS-MJ01A-06-PRESTA101,2,True,2025-03-03T00:00:00Z,2025-03-03T23:59:59Z,86400,86400,0,1.0,1.000538349,1.000000387,0.000490795,0,0,0,0,0.0,2.774413,22.959361,1.541081e-11,0.002774412,0.02295935,False,0.026615,False
2025-03-04,RS01SLBS-MJ01A-06-PRESTA101,2,True,2025-03-04T00:00:00Z,2025-03-04T23:59:59Z,86400,86400,0,1.0,1.00053978,1.000000391,0.002438808,0,0,0,0,-0.0,2.775285,20.849173,-2.9793e-11,0.002775283,0.02084917,False,0.02031,False
2025-03-05,RS01SLBS-MJ01A-06-PRESTA101,2,True,2025-03-05T00:00:00Z,2025-03-05T23:59:59Z,86400,86400,0,1.0,1.000538826,1.00000039,-0.002136355,0,0,0,0,-0.0,2.765782,20.875218,-3.615082e-11,0.00276578,0.02087521,False,0.020564,False
2025-03-06,RS01SLBS-MJ01A-06-PRESTA101,2,True,2025-03-06T00:00:00Z,2025-03-06T23:59:59Z,86400,86400,0,1.0,1.000536919,1.000000381,-0.002083272,0,0,0,0,-0.0,2.769698,21.653821,-4.808798e-14,0.002769697,0.02165381,False,0.024445,False
2025-03-07,RS01SLBS-MJ01A-06-PRESTA101,2,True,2025-03-07T00:00:00Z,2025-03-07T23:59:59Z,86400,86400,0,1.0,1.000536919,1.000000381,0.001756909,0,0,0,0,0.0,2.769328,21.734069,5.615136e-11,0.002769326,0.02173406,False,0.020625,False
2025-03-08,RS01SLBS-MJ01A-06-PRESTA101,2,True,2025-03-08T00:00:00Z,2025-03-08T23:59:59Z,86400,86400,0,1.0,1.000538826,1.000000386,-0.000978561,0,0,0,0,0.0,2.773986,22.03233,2.338764e-12,0.002773985,0.02203232,False,0.020471,False
2025-03-09,RS01SLBS-MJ01A-06-PRESTA101,2,True,2025-03-09T00:00:00Z,2025-03-09T23:59:59Z,86400,86400,0,1.0,1.000535965,1.000000379,0.000185336,0,0,0,0,-0.0,2.774266,21.934314,-5.273586e-11,0.002774265,0.02193431,False,0.022815,False
2025-03-10,RS01SLBS-MJ01A-06-PRESTA101,2,True,2025-03-10T00:00:00Z,2025-03-10T23:59:59Z,86400,86400,0,1.0,1.000536919,1.00000039,-0.002315735,0,0,0,0,-0.0,2.767925,21.349503,-6.764716e-11,0.002767924,0.0213495,False,0.02468,False
2025-03-11,RS01SLBS-MJ01A-06-PRESTA101,2,True,2025-03-11T00:00:00Z,2025-03-11T23:59:59Z,86400,86400,0,1.0,1.000536919,1.000000388,-0.001816994,0,0,0,0,-0.0,2.773102,22.425692,-5.180208e-11,0.002773101,0.02242568,False,0.022588,False
2025-03-12,RS01SLBS-MJ01A-06-PRESTA101,2,True,2025-03-12T00:00:00Z,2025-03-12T23:59:59Z,86400,86400,0,1.0,1.000535011,1.000000389,0.002012699,0,0,0,0,-0.0,2.773635,21.985427,-6.119e-11,0.002773634,0.02198542,False,0.020392,False
2025-03-13,RS01SLBS-MJ01A-06-PRESTA101,2,True,2025-03-13T00:00:00Z,2025-03-13T23:59:59Z,86400,86400,0,1.0,1.000535965,1.000000389,-0.000873201,0,0,0,0,-0.0,2.774679,21.165514,-6.416095e-11,0.002774678,0.02116551,False,0.024547,False
2025-03-14,RS01SLBS-MJ01A-06-PRESTA101,2,True,2025-03-14T00:00:00Z,2025-03-14T23:59:59Z,86400,86400,0,1.0,1.000537872,1.00000039,-0.002539091,0,0,0,0,-0.0,2.771974,23.010331,-2.567643e-11,0.002771973,0.02301032,False,0.024053,False
2025-03-15,RS01SLBS-MJ01A-06-PRESTA101,2,True,2025-03-15T00:00:00Z,2025-03-15T23:59:59Z,86400,86400,0,1.0,1.000538349,1.000000393,0.00048287,0,0,0,0,-0.0,2.769227,21.642613,-7.075874e-11,0.002769226,0.0216426,False,0.022959,False
2025-03-16,RS01SLBS-MJ01A-06-PRESTA101,2,True,2025-03-16T00:00:00Z,2025-03-16T23:59:59Z,86400,86400,0,1.0,1.000539303,1.000000383,0.001875543,0,0,0,0,-0.0,2.759128,21.273096,-5.079037e-11,0.002759127,0.02127309,False,0.024682,False
2025-03-17,RS01SLBS-MJ01A-06-PRESTA101,2,True,2025-03-17T00:00:00Z,2025-03-17T23:59:59Z,86400,86400,0,1.0,1.000538826,1.00000039,0.000148985,0,0,0,0,-0.0,2.76673,21.935085,-5.319699e-11,0.002766729,0.02193508,False,0.022309,False
2025-03-18,RS01SLBS-MJ01A-06-PRESTA101,2,True,2025-03-18T00:00:00Z,2025-03-18T23:59:59Z,86400,86400,0,1.0,1.000540257,1.000000403,0.000373978,0,0,0,0,0.0,2.766869,21.753912,1.498055e-12,0.002766868,0.0217539,False,0.020343,False
2025-03-19,RS01SLBS-MJ01A-06-PRESTA101,2,True,2025-03-19T00:00:00Z,2025-03-19T23:59:59Z,86400,86400,0,1.0,1.000538826,1.000000391,-0.000105677,0,0,0,0,-0.0,2.771647,21.938993,-3.031732e-11,0.002771645,0.02193898,False,0.020768,False
2025-03-20,RS01SLBS-MJ01A-06-PRESTA101,2,True,2025-03-20T00:00:00Z,2025-03-20T23:59:59Z,86400,86400,0,1.0,1.000538826,1.000000384,-7.1496e-05,0,0,0,0,-0.0,2.768352,21.83221,-4.41839e-11,0.002768351,0.0218322,False,0.025284,False
2025-03-21,RS01SLBS-MJ01A-06-PRESTA101,2,True,2025-03-21T00:00:00Z,2025-03-21T23:59:59Z,85799,86400,601,1.0,1.000538349,1.000000386,-0.00034938,1,601,1,601,-0.0,2.771843,22.717318,-2.851555e-11,0.002771842,0.02271731,False,0.320916,True
2025-03-22,RS01SLBS-MJ01A-06-PRESTA101,2,True,2025-03-22T00:00:00Z,2025-03-22T23:59:59Z,86400,86400,0,1.0,1.000537872,1.000000388,-0.000190024,0,0,0,0,-0.0,2.766673,21.132496,-6.770994e-11,0.002766671,0.02113249,False,0.020351,False
2025-03-23,RS01SLBS-MJ01A-06-PRESTA101,2,True,2025-03-23T00:00:00Z,2025-03-23T23:59:59Z,86400,86400,0,1.0,1.000539303,1.000000391,-0.001890268,0,0,0,0,-0.0,2.775831,21.674129,-5.594104e-11,0.00277583,0.02167412,False,0.020681,False
2025-03-24,RS01SLBS-MJ01A-06-PRESTA101,2,True,2025-03-24T00:00:00Z,2025-03-24T23:59:59Z,86399,86399,0,1.0,1.000535965,1.000000383,-6.3989e-05,0,0,20,20,-0.0,2.772566,21.632144,-5.210745e-11,0.002772565,0.02163214,False,0.020445,False
2025-03-25,RS01SLBS-MJ01A-06-PRESTA101,2,True,2025-03-25T00:00:00Z,2025-03-25T23:59:59Z,86400,86400,0,1.0,1.000537872,1.000000392,0.000815631,0,0,0,0,-0.0,2.76681,20.837274,-8.846502e-11,0.002766808,0.02083727,False,0.021472,False
2025-03-26,RS01SLBS-MJ01A-06-PRESTA101,2,True,2025-03-26T00:00:00Z,2025-03-26T23:59:59Z,85808,86400,592,1.0,1.000536919,1.000000387,0.004122321,1,592,1,592,0.0,2.769695,21.949058,2.911404e-11,0.002769694,0.02194905,False,0.320492,True
2025-03-27,RS01SLBS-MJ01A-06-PRESTA101,2,True,2025-03-27T00:00:00Z,2025-03-27T23:59:59Z,86400,86400,0,1.0,1.000536919,1.000000395,-0.011014186,0,0,0,0,-0.0,2.770419,23.248423,-5.121449e-11,0.002770417,0.02324841,False,0.027098,False
2025-03-28,RS01SLBS-MJ01A-06-PRESTA101,2,True,2025-03-28T00:00:00Z,2025-03-28T23:59:59Z,86400,86400,0,1.0,1.000533581,1.000000385,0.001514475,0,0,0,0,-0.0,2.767159,21.86449,-7.474686e-11,0.002767158,0.02186448,False,0.020577,False
2025-03-29,RS01SLBS-MJ01A-06-PRESTA101,2,True,2025-03-29T00:00:00Z,2025-03-29T23:59:59Z,86400,86400,0,1.0,1.000537872,1.000000384,0.000427321,0,0,0,0,0.0,2.762695,22.684996,2.404513e-12,0.002762694,0.02268499,False,0.026845,False
2025-03-30,RS01SLBS-MJ01A-06-PRESTA101,2,True,2025-03-30T00:00:00Z,2025-03-30T23:59:59Z,86400,86400,0,1.0,1.000535011,1.000000378,0.002668624,0,0,0,0,-0.0,2.767689,21.915773,-8.411863e-11,0.002767688,0.02191576,False,0.020401,False
2025-03-31,RS01SLBS-MJ01A-06-PRESTA101,2,True,2025-03-31T00:00:00Z,2025-03-31T23:59:59Z,86400,86400,0,1.0,1.000536919,1.000000381,-0.001138574,0,0,0,0,-0.0,2.770123,21.677643,-3.30117e-11,0.002770122,0.02167763,False,0.020354,False
2025-04-01,RS01SLBS-MJ01A-06-PRESTA101,2,True,2025-04-01T00:00:00Z,2025-04-01T23:59:59Z,63005,86388,23383,1.0,1.000533104,1.000144959,-3.223779726,2,23383,2,23383,-0.0,2527.201599,4483.670006,-5.909687e-12,2.526835,4.48302,True,0.258059,True
2025-04-02,RS01SLBS-MJ01A-06-PRESTA101,2,True,2025-04-02T00:00:00Z,2025-04-02T23:59:59Z,86400,86400,0,1.0,1.000537872,1.000000387,0.001352943,0,0,0,0,-0.0,2.779612,21.408262,-8.176558e-11,0.002779611,0.02140825,False,0.024049,False
2025-04-03,RS01SLBS-MJ01A-06-PRESTA101,2,True,2025-04-03T00:00:00Z,2025-04-03T23:59:59Z,86400,86400,0,1.0,1.000537872,1.000000378,-0.002958958,0,0,0,0,-0.0,2.767335,22.385576,-5.599832e-11,0.002767334,0.02238557,False,0.027188,False
2025-04-04,RS01SLBS-MJ01A-06-PRESTA101,2,True,2025-04-04T00:00:00Z,2025-04-04T23:59:59Z,86400,86400,0,1.0,1.00053978,1.000000379,0.001781966,0,0,0,0,-0.0,2.768838,21.649497,-1.830323e-11,0.002768837,0.02164949,False,0.02044,False
2025-04-05,RS01SLBS-MJ01A-06-PRESTA101,2,True,2025-04-05T00:00:00Z,2025-04-05T23:59:59Z,86400,86400,0,1.0,1.000539303,1.000000383,-0.001840207,0,0,0,0,-0.0,2.765668,21.332677,-6.712169e-11,0.002765667,0.02133267,False,0.025833,False
2025-04-06,RS01SLBS-MJ01A-06-PRESTA101,2,True,2025-04-06T00:00:00Z,2025-04-06T23:59:59Z,86400,86400,0,1.0,1.000535011,1.00000039,0.001764041,0,0,0,0,-0.0,2.771098,21.348343,-3.299991e-11,0.002771097,0.02134834,False,0.020451,False
2025-04-07,RS01SLBS-MJ01A-06-PRESTA101,2,True,2025-04-07T00:00:00Z,2025-04-07T23:59:59Z,86400,86400,0,1.0,1.000537872,1.000000379,0.000869201,0,0,0,0,-0.0,2.775017,20.445095,-7.450881e-11,0.002775016,0.02044509,False,0.020943,False
2025-04-08,RS01SLBS-MJ01A-06-PRESTA101,2,True,2025-04-08T00:00:00Z,2025-04-08T23:59:59Z,86400,86400,0,1.0,1.000537395,1.000000384,-0.002222024,0,0,0,0,0.0,2.775847,21.939777,2.049882e-12,0.002775846,0.02193977,False,0.02031,False
2025-04-09,RS01SLBS-MJ01A-06-PRESTA101,2,True,2025-04-09T00:00:00Z,2025-04-09T23:59:59Z,86400,86400,0,1.0,1.000537872,1.000000393,0.000139104,0,0,0,0,-0.0,2.772818,23.193131,-6.603181e-11,0.002772817,0.02319312,False,0.026746,False
2025-04-10,RS01SLBS-MJ01A-06-PRESTA101,2,True,2025-04-10T00:00:00Z,2025-04-10T23:59:59Z,86400,86400,0,1.0,1.000538826,1.000000402,-0.002403136,0,0,0,0,-0.0,2.773589,21.378705,-9.509588e-11,0.002773587,0.0213787,False,0.020648,False
2025-04-11,RS01SLBS-MJ01A-06-PRESTA101,2,True,2025-04-11T00:00:00Z,2025-04-11T23:59:59Z,86400,86400,0,1.0,1.000538349,1.000000385,-2.8245e-05,0,0,0,0,-0.0,2.770115,22.450295,-2.225354e-11,0.002770114,0.02245029,False,0.020695,False
2025-04-12,RS01SLBS-MJ01A-06-PRESTA101,2,True,2025-04-12T00:00:00Z,2025-04-12T23:59:59Z,86400,86400,0,1.0,1.00053978,1.00000039,-0.000761355,0,0,0,0,-0.0,2.774039,21.293564,-5.80974e-11,0.002774038,0.02129356,False,0.024097,False
2025-04-13,RS01SLBS-MJ01A-06-PRESTA101,2,True,2025-04-13T00:00:00Z,2025-04-13T23:59:59Z,86400,86400,0,1.0,1.000535965,1.000000387,-0.013575255,0,0,0,0,-0.0,2.767268,21.880331,-1.582615e-11,0.002767267,0.02188032,False,0.022037,False
2025-04-14,RS01SLBS-MJ01A-06-PRESTA101,2,True,2025-04-14T00:00:00Z,2025-04-14T23:59:59Z,86400,86400,0,1.0,1.000534058,1.000000379,-0.001119341,0,0,0,0,-0.0,2.772534,20.915444,-5.319454e-11,0.002772533,0.02091544,False,0.020418,False
2025-04-15,RS01SLBS-MJ01A-06-PRESTA101,2,True,2025-04-15T00:00:00Z,2025-04-15T23:59:59Z,86400,86400,0,1.0,1.000534058,1.000000388,-0.00099023,0,0,0,0,0.0,2.772427,22.912565,3.064156e-11,0.002772426,0.02291256,False,0.027222,False
2025-04-16,RS01SLBS-MJ01A-06-PRESTA101,2,True,2025-04-16T00:00:00Z,2025-04-16T23:59:59Z,86400,86400,0,1.0,1.000533104,1.000000393,-0.001361047,0,0,0,0,-0.0,2.769842,22.677605,-3.302039e-11,0.002769841,0.0226776,False,0.02519,False
2025-04-17,RS01SLBS-MJ01A-06-PRESTA101,2,True,2025-04-17T00:00:00Z,2025-04-17T23:59:59Z,86400,86400,0,1.0,1.000535965,1.000000392,0.001861325,0,0,0,0,-0.0,2.769574,22.929633,-5.780931e-11,0.002769573,0.02292962,False,0.026159,False
2025-04-18,RS01SLBS-MJ01A-06-PRESTA101,2,True,2025-04-18T00:00:00Z,2025-04-18T23:59:59Z,86400,86400,0,1.0,1.000535011,1.000000383,-0.002575507,0,0,0,0,-0.0,2.771664,21.591243,-5.334005e-11,0.002771663,0.02159124,False,0.020642,False
2025-04-19,RS01SLBS-MJ01A-06-PRESTA101,2,True,2025-04-19T00:00:00Z,2025-04-19T23:59:59Z,86400,86400,0,1.0,1.000531673,1.000000384,-0.00130865,0,0,0,0,-0.0,2.764911,22.650344,-3.548019e-12,0.00276491,0.02265033,False,0.026031,False
2025-04-20,RS01SLBS-MJ01A-06-PRESTA101,2,True,2025-04-20T00:00:00Z,2025-04-20T23:59:59Z,86400,86400,0,1.0,1.000533104,1.000000397,-0.000963929,0,0,0,0,-0.0,2.778283,21.51412,-4.131245e-11,0.002778282,0.02151411,False,0.022562,False
2025-04-21,RS01SLBS-MJ01A-06-PRESTA101,2,True,2025-04-21T00:00:00Z,2025-04-21T23:59:59Z,86400,86400,0,1.0,1.000533104,1.000000399,0.001298745,0,0,0,0,0.0,2.774362,21.501624,1.203438e-11,0.002774361,0.02150161,False,0.021632,False
2025-04-22,RS01SLBS-MJ01A-06-PRESTA101,2,True,2025-04-22T00:00:00Z,2025-04-22T23:59:59Z,86400,86400,0,1.0,1.000531197,1.000000387,-0.001077241,0,0,0,0,-0.0,2.760741,23.054512,-8.314176e-11,0.00276074,0.0230545,False,0.026864,False
2025-04-23,RS01SLBS-MJ01A-06-PRESTA101,2,True,2025-04-23T00:00:00Z,2025-04-23T23:59:59Z,86399,86399,0,1.0,1.000534058,1.000000379,0.001701901,0,0,20,20,-0.0,2.767755,22.246727,-6.729568e-11,0.002767754,0.02224672,False,0.023226,False
2025-04-24,RS01SLBS-MJ01A-06-PRESTA101,2,True,2025-04-24T00:00:00Z,2025-04-24T23:59:59Z,86400,86400,0,1.0,1.000533104,1.000000386,-0.000118445,0,0,0,0,-0.0,2.772999,21.779536,-6.482556e-11,0.002772998,0.02177953,False,0.0252,False
2025-04-25,RS01SLBS-MJ01A-06-PRESTA101,2,True,2025-04-25T00:00:00Z,2025-04-25T23:59:59Z,86400,86400,0,1.0,1.000528336,1.00000038,0.000592002,0,0,0,0,-0.0,2.764577,21.805394,-2.821824e-11,0.002764576,0.02180539,False,0.021595,False
2025-04-26,RS01SLBS-MJ01A-06-PRESTA101,2,True,2025-04-26T00:00:00Z,2025-04-26T23:59:59Z,86400,86400,0,1.0,1.000532627,1.000000377,-0.000206653,0,0,0,0,-0.0,2.773954,22.462425,-9.829789e-11,0.002773953,0.02246242,False,0.024478,False
2025-04-27,RS01SLBS-MJ01A-06-PRESTA101,2,True,2025-04-27T00:00:00Z,2025-04-27T23:59:59Z,86400,86400,0,1.0,1.000535011,1.000000382,-8.861e-05,0,0,0,0,-0.0,2.765696,22.306053,-4.990076e-11,0.002765695,0.02230604,False,0.023479,False
2025-04-28,RS01SLBS-MJ01A-06-PRESTA101,2,True,2025-04-28T00:00:00Z,2025-04-28T23:59:59Z,86400,86400,0,1.0,1.000535011,1.000000383,-0.000796882,0,0,0,0,-0.0,2.771983,22.303808,-1.097181e-11,0.002771982,0.0223038,False,0.026058,False
2025-04-29,RS01SLBS-MJ01A-06-PRESTA101,2,True,2025-04-29T00:00:00Z,2025-04-29T23:59:59Z,86400,86400,0,1.0,1.000535965,1.000000387,-0.000932661,0,0,0,0,0.0,2.762438,21.023348,3.038957e-12,0.002762437,0.02102334,False,0.020348,False
2025-04-30,RS01SLBS-MJ01A-06-PRESTA101,2,True,2025-04-30T00:00:00Z,2025-04-30T23:59:59Z,86400,86400,0,1.0,1.00053215,1.000000378,-0.00070794,0,0,0,0,-0.0,2.769463,22.194889,-9.000382e-11,0.002769462,0.02219488,False,0.020603,False
2025-05-01,RS01SLBS-MJ01A-06-PRESTA101,2,True,2025-05-01T00:00:00Z,2025-05-01T23:59:59Z,86400,86400,0,1.0,1.000534058,1.000000381,0.003338575,0,0,0,0,-0.0,2.760753,21.841466,-1.84505e-11,0.002760752,0.02184146,False,0.024547,False
2025-05-02,RS01SLBS-MJ01A-06-PRESTA101,2,True,2025-05-02T00:00:00Z,2025-05-02T23:59:59Z,86400,86400,0,1.0,1.00053215,1.000000377,0.001580939,0,0,0,0,-0.0,2.7684,21.011338,-9.72566e-11,0.002768399,0.02101133,False,0.020842,False
2025-05-03,RS01SLBS-MJ01A-06-PRESTA101,2,True,2025-05-03T00:00:00Z,2025-05-03T23:59:59Z,86400,86400,0,1.0,1.000535011,1.000000384,-0.000959321,0,0,0,0,-0.0,2.765836,21.404521,-2.860821e-11,0.002765835,0.02140451,False,0.02593,False
2025-05-04,RS01SLBS-MJ01A-06-PRESTA101,2,True,2025-05-04T00:00:00Z,2025-05-04T23:59:59Z,86400,86400,0,1.0,1.000535965,1.000000378,-0.000304963,0,0,0,0,-0.0,2.775742,21.901372,-6.145816e-11,0.002775741,0.02190136,False,0.020811,False
2025-05-05,RS01SLBS-MJ01A-06-PRESTA101,2,True,2025-05-05T00:00:00Z,2025-05-05T23:59:59Z,86400,86400,0,1.0,1.000535011,1.000000376,0.00316942,0,0,0,0,-0.0,2.77181,22.023686,-7.987087e-11,0.002771809,0.02202368,False,0.025053,False
2025-05-06,RS01SLBS-MJ01A-06-PRESTA101,2,True,2025-05-06T00:00:00Z,2025-05-06T23:59:59Z,86400,86400,0,1.0,1.000535011,1.000000379,-0.000299553,0,0,0,0,-0.0,2.774206,23.327747,-2.039981e-11,0.002774205,0.02332774,False,0.025247,False
2025-05-07,RS01SLBS-MJ01A-06-PRESTA101,2,True,2025-05-07T00:00:00Z,2025-05-07T23:59:59Z,86400,86400,0,1.0,1.000535965,1.000000387,-0.001534921,0,0,0,0,-0.0,2.767502,22.776992,-2.458396e-11,0.002767501,0.02277698,False,0.023656,False
2025-05-08,RS01SLBS-MJ01A-06-PRESTA101,2,True,2025-05-08T00:00:00Z,2025-05-08T23:59:59Z,86400,86400,0,1.0,1.000535965,1.000000387,-0.001482059,0,0,0,0,0.0,2.762019,22.304292,7.252794e-12,0.002762018,0.02230428,False,0.020481,False
2025-05-09,RS01SLBS-MJ01A-06-PRESTA101,2,True,2025-05-09T00:00:00Z,2025-05-09T23:59:59Z,86400,86400,0,1.0,1.000536919,1.000000392,0.000819841,0,0,0,0,-0.0,2.777254,21.468726,-2.854027e-11,0.002777253,0.02146872,False,0.02034,False
2025-05-10,RS01SLBS-MJ01A-06-PRESTA101,2,True,2025-05-10T00:00:00Z,2025-05-10T23:59:59Z,86400,86400,0,1.0,1.000535965,1.000000384,-0.000530928,0,0,0,0,-0.0,2.761855,21.040482,-4.770054e-11,0.002761854,0.02104047,False,0.023895,False
2025-05-11,RS01SLBS-MJ01A-06-PRESTA101,2,True,2025-05-11T00:00:00Z,2025-05-11T23:59:59Z,86400,86400,0,1.0,1.000538349,1.000000382,-0.000801579,0,0,0,0,-0.0,2.778844,23.609571,-7.077296e-11,0.002778843,0.02360956,False,0.027152,False
2025-05-12,RS01SLBS-MJ01A-06-PRESTA101,2,True,2025-05-12T00:00:00Z,2025-05-12T23:59:59Z,86400,86400,0,1.0,1.000538349,1.000000385,-0.000977394,0,0,0,0,-0.0,2.768302,22.243119,-3.432202e-11,0.002768301,0.02224311,False,0.021545,False
2025-05-13,RS01SLBS-MJ01A-06-PRESTA101,2,True,2025-05-13T00:00:00Z,2025-05-13T15:38:11Z,56292,56292,0,1.0,1.000536919,1.000000384,0.002857034,0,0,0,0,-0.0,2.763829,22.030079,-9.58404e-12,0.002763827,0.02203007,False,0.020435,False
2025-05-14,RS01SLBS-MJ01A-06-PRESTA101,2,False,,,0,0,,1.0,,,,,,,,,,,,,,,,False
2025-05-15,RS01SLBS-MJ01A-06-PRESTA101,2,True,2025-05-15T21:17:35Z,2025-05-15T23:59:59Z,9745,9745,0,1.0,1.000511169,1.00000113,-0.002566062,0,0,0,0,-0.0,2.916096,22.061282,-2.478328e-12,0.002916092,0.02206126,False,0.027232,False
2025-05-16,RS01SLBS-MJ01A-06-PRESTA101,2,True,2025-05-16T00:00:00Z,2025-05-16T23:59:59Z,86400,86400,0,1.0,1.000518322,1.000000236,-0.004423881,0,0,0,0,-0.0,10.191778,91.695629,-5.205594e-11,0.01019178,0.09169561,False,0.084398,False
2025-05-17,RS01SLBS-MJ01A-06-PRESTA101,2,True,2025-05-17T00:00:00Z,2025-05-17T23:59:59Z,86400,86400,0,1.0,1.000515938,1.000000189,0.009844305,0,0,0,0,-0.0,5.617254,38.346932,-4.240773e-11,0.005617253,0.03834692,False,0.029355,False
2025-05-18,RS01SLBS-MJ01A-06-PRESTA101,2,True,2025-05-18T00:00:00Z,2025-05-18T23:59:59Z,86400,86400,0,1.0,1.00052166,1.000000179,0.011281762,0,0,0,0,-0.0,5.392221,32.18083,-4.773105e-11,0.00539222,0.03218082,False,0.039747,False
2025-05-19,RS01SLBS-MJ01A-06-PRESTA101,2,True,2025-05-19T00:00:00Z,2025-05-19T23:59:59Z,86400,86400,0,1.0,1.000518322,1.000000254,0.001196518,0,0,0,0,-0.0,6.400838,33.206771,-6.73691e-11,0.006400836,0.03320676,False,0.034223,False
2025-05-20,RS01SLBS-MJ01A-06-PRESTA101,2,True,2025-05-20T00:00:00Z,2025-05-20T23:59:59Z,86400,86400,0,1.0,1.000525951,1.000000196,-0.003833412,0,0,0,0,-0.0,6.088127,34.23206,-5.929869e-11,0.006088126,0.03423205,False,0.029028,False
2025-05-21,RS01SLBS-MJ01A-06-PRESTA101,2,True,2025-05-21T00:00:00Z,2025-05-21T23:59:59Z,86400,86400,0,1.0,1.000526905,1.000000259,0.007833841,0,0,0,0,-0.0,7.041853,34.777619,-1.256489e-10,0.007041851,0.03477761,False,0.03363,False
2025-05-22,RS01SLBS-MJ01A-06-PRESTA101,2,True,2025-05-22T00:00:00Z,2025-05-22T23:59:59Z,86398,86400,2,1.0,1.000572205,1.000000282,-0.006340885,1,2,1,2,-0.0,6.557517,36.70295,-2.17145e-11,0.006557515,0.03670294,False,0.035022,True
2025-05-23,RS01SLBS-MJ01A-06-PRESTA101,2,True,2025-05-23T00:00:00Z,2025-05-23T23:59:59Z,86400,86400,0,1.0,1.000589371,1.000000257,-0.002100999,0,0,0,0,0.0,3.668844,22.94493,3.114034e-11,0.003668843,0.02294492,False,0.025108,False
2025-05-24,RS01SLBS-MJ01A-06-PRESTA101,2,True,2025-05-24T00:00:00Z,2025-05-24T23:59:59Z,86400,86400,0,1.0,1.000586987,1.000000246,0.004951428,0,0,0,0,-0.0,5.839343,29.894921,-7.338854e-11,0.005839342,0.02989491,False,0.029568,False
2025-05-25,RS01SLBS-MJ01A-06-PRESTA101,2,True,2025-05-25T00:00:00Z,2025-05-25T23:59:59Z,86400,86400,0,1.0,1.000588417,1.000000275,-0.00259462,0,0,0,0,-0.0,6.178396,44.684089,-9.778758e-11,0.006178394,0.04468408,False,0.046095,False
2025-05-26,RS01SLBS-MJ01A-06-PRESTA101,2,True,2025-05-26T00:00:00Z,2025-05-26T23:59:59Z,86400,86400,0,1.0,1.00058794,1.000000329,-0.012272707,0,0,0,0,-0.0,8.624116,88.963349,-3.924589e-11,0.008624113,0.08896332,False,0.09034,False
2025-05-27,RS01SLBS-MJ01A-06-PRESTA101,2,True,2025-05-27T00:00:00Z,2025-05-27T23:59:59Z,86400,86400,0,1.0,1.000588894,1.000000266,-0.003592584,0,0,0,0,0.0,7.809545,31.067649,3.840691e-12,0.007809543,0.03106764,False,0.027719,False
2025-05-28,RS01SLBS-MJ01A-06-PRESTA101,2,True,2025-05-28T00:00:00Z,2025-05-28T23:59:59Z,86400,86400,0,1.0,1.00058794,1.000000177,0.010401754,0,0,0,0,-0.0,8.467213,44.367214,-4.207197e-11,0.008467211,0.04436721,False,0.029688,False
2025-05-29,RS01SLBS-MJ01A-06-PRESTA101,2,True,2025-05-29T00:00:00Z,2025-05-29T23:59:59Z,86400,86400,0,1.0,1.000528812,1.000000229,0.007363358,0,0,0,0,0.0,4.931812,24.668711,4.172579e-12,0.004931811,0.02466871,False,0.020619,False
2025-05-30,RS01SLBS-MJ01A-06-PRESTA101,2,True,2025-05-30T00:00:00Z,2025-05-30T23:59:59Z,86400,86400,0,1.0,1.00053978,1.000000237,-0.001088955,0,0,0,0,-0.0,5.788362,31.295666,-4.070861e-11,0.005788361,0.03129566,False,0.029463,False
2025-05-31,RS01SLBS-MJ01A-06-PRESTA101,2,True,2025-05-31T00:00:00Z,2025-05-31T23:59:59Z,86400,86400,0,1.0,1.000538826,1.000000242,0.003359569,0,0,0,0,0.0,5.919048,27.702834,1.643694e-11,0.005919047,0.02770283,False,0.028373,False
2025-06-01,RS01SLBS-MJ01A-06-PRESTA101,2,True,2025-06-01T00:00:00Z,2025-06-01T23:59:59Z,86400,86400,0,1.0,1.000537395,1.000000195,0.000416599,0,0,0,0,-0.0,6.292592,34.000947,-4.706912e-11,0.00629259,0.03400094,False,0.025554,False
2025-06-02,RS01SLBS-MJ01A-06-PRESTA101,2,True,2025-06-02T00:00:00Z,2025-06-02T23:59:59Z,86400,86400,0,1.0,1.000534058,1.000000255,0.004211078,0,0,0,0,-0.0,5.067532,30.383191,-9.248112e-11,0.005067531,0.03038318,False,0.029454,False
2025-06-03,RS01SLBS-MJ01A-06-PRESTA101,2,True,2025-06-03T00:00:00Z,2025-06-03T23:59:59Z,86399,86399,0,1.0,1.00053215,1.000000262,0.003879704,0,0,39,39,-0.0,5.282596,28.662319,-4.020475e-11,0.005282595,0.02866231,False,0.028446,False
2025-06-04,RS01SLBS-MJ01A-06-PRESTA101,2,True,2025-06-04T00:00:00Z,2025-06-04T23:59:59Z,86400,86400,0,1.0,1.000534058,1.00000022,-0.002918169,0,0,3,3,0.0,11.171799,100.517656,5.174376e-11,0.0111718,0.1005176,False,0.088866,False
2025-06-05,RS01SLBS-MJ01A-06-PRESTA101,2,True,2025-06-05T00:00:00Z,2025-06-05T23:59:59Z,86400,86400,0,1.0,1.000535011,1.000000303,-0.002971052,0,0,0,0,-0.0,5.060733,32.386308,-5.299337e-11,0.005060732,0.0323863,False,0.029486,False
2025-06-06,RS01SLBS-MJ01A-06-PRESTA101,2,True,2025-06-06T00:00:00Z,2025-06-06T23:59:59Z,86400,86400,0,1.0,1.000533104,1.000000235,0.001594033,0,0,0,0,0.0,4.219842,29.765101,6.410509e-12,0.004219841,0.02976509,False,0.028546,False
2025-06-07,RS01SLBS-MJ01A-06-PRESTA101,2,True,2025-06-07T00:00:00Z,2025-06-07T23:59:59Z,86400,86400,0,1.0,1.00053215,1.00000031,0.005040784,0,0,0,0,-0.0,3.763742,22.109809,-1.141407e-11,0.003763741,0.0221098,False,0.021573,False
2025-06-08,RS01SLBS-MJ01A-06-PRESTA101,2,True,2025-06-08T00:00:00Z,2025-06-08T23:59:59Z,86400,86400,0,1.0,1.00053215,1.00000025,-0.002420512,0,0,0,0,-0.0,4.494238,28.932835,-5.527144e-11,0.004494237,0.02893283,False,0.028104,False
2025-06-09,RS01SLBS-MJ01A-06-PRESTA101,2,True,2025-06-09T00:00:00Z,2025-06-09T23:59:59Z,86400,86400,0,1.0,1.000530243,1.000000286,0.001901218,0,0,0,0,-0.0,6.650011,28.905403,-4.369192e-11,0.006650009,0.0289054,False,0.028829,False
2025-06-10,RS01SLBS-MJ01A-06-PRESTA101,2,True,2025-06-10T00:00:00Z,2025-06-10T23:59:59Z,86400,86400,0,1.0,1.00053215,1.000000271,0.003681524,0,0,0,0,-0.0,5.219722,31.87872,-3.811812e-12,0.00521972,0.03187871,False,0.038751,False
2025-06-11,RS01SLBS-MJ01A-06-PRESTA101,2,True,2025-06-11T00:00:00Z,2025-06-11T23:59:59Z,86400,86400,0,1.0,1.000535011,1.00000024,0.003591144,0,0,0,0,-0.0,4.714671,25.577989,-7.019563e-11,0.00471467,0.02557798,False,0.021206,False
2025-06-12,RS01SLBS-MJ01A-06-PRESTA101,2,True,2025-06-12T00:00:00Z,2025-06-12T23:59:59Z,86400,86400,0,1.0,1.00053215,1.000000272,-0.006006585,0,0,0,0,-0.0,4.685813,26.802865,-6.689149e-11,0.004685812,0.02680286,False,0.022584,False
2025-06-13,RS01SLBS-MJ01A-06-PRESTA101,2,True,2025-06-13T00:00:00Z,2025-06-13T23:59:59Z,86400,86400,0,1.0,1.000537872,1.000000233,0.002576815,0,0,0,0,-0.0,4.592912,41.648692,-3.149966e-11,0.00459291,0.04164868,False,0.038502,False
2025-06-14,RS01SLBS-MJ01A-06-PRESTA101,2,True,2025-06-14T00:00:00Z,2025-06-14T23:59:59Z,86400,86400,0,1.0,1.000531673,1.000000265,0.004838917,0,0,0,0,-0.0,4.193533,24.654464,-2.078572e-11,0.004193532,0.02465446,False,0.020706,False
2025-06-15,RS01SLBS-MJ01A-06-PRESTA101,2,True,2025-06-15T00:00:00Z,2025-06-15T23:59:59Z,86400,86400,0,1.0,1.000534058,1.000000274,-0.008178688,0,0,0,0,-0.0,5.376919,32.075896,-4.556775e-11,0.005376918,0.03207589,False,0.029408,False
2025-06-16,RS01SLBS-MJ01A-06-PRESTA101,2,True,2025-06-16T00:00:00Z,2025-06-16T23:59:59Z,86400,86400,0,1.0,1.000531673,1.000000243,-0.000222686,0,0,0,0,-0.0,4.872989,29.767678,-7.487861e-11,0.004872988,0.02976767,False,0.030804,False
2025-06-17,RS01SLBS-MJ01A-06-PRESTA101,2,True,2025-06-17T00:00:00Z,2025-06-17T23:59:59Z,86400,86400,0,1.0,1.00053215,1.000000274,-0.002646171,0,0,0,0,-0.0,5.724618,45.199471,-3.381113e-11,0.005724617,0.04519946,False,0.052132,False
2025-06-18,RS01SLBS-MJ01A-06-PRESTA101,2,True,2025-06-18T00:00:00Z,2025-06-18T23:59:59Z,86400,86400,0,1.0,1.000534058,1.000000281,-0.001004633,0,0,0,0,-0.0,4.673161,32.086703,-1.270334e-10,0.004673159,0.03208669,False,0.030424,False
2025-06-19,RS01SLBS-MJ01A-06-PRESTA101,2,True,2025-06-19T00:00:00Z,2025-06-19T23:59:59Z,86400,86400,0,1.0,1.00053215,1.00000025,-0.005052256,0,0,0,0,-0.0,4.258824,25.13947,-6.862258e-11,0.004258823,0.02513946,False,0.020678,False
2025-06-20,RS01SLBS-MJ01A-06-PRESTA101,2,True,2025-06-20T00:00:00Z,2025-06-20T23:59:59Z,86400,86400,0,1.0,1.000529289,1.00000023,-0.000412911,0,0,0,0,0.0,5.275803,28.401843,1.73256e-11,0.005275801,0.02840184,False,0.027542,False
2025-06-21,RS01SLBS-MJ01A-06-PRESTA101,2,True,2025-06-21T00:00:00Z,2025-06-21T23:59:59Z,86400,86400,0,1.0,1.000529766,1.000000295,-0.003172755,0,0,0,0,-0.0,3.971729,24.234953,-2.262637e-11,0.003971728,0.02423495,False,0.021001,False
2025-06-22,RS01SLBS-MJ01A-06-PRESTA101,2,True,2025-06-22T00:00:00Z,2025-06-22T23:59:59Z,86400,86400,0,1.0,1.000530243,1.000000328,-0.002466062,0,0,0,0,-0.0,4.735711,28.640521,-4.104774e-11,0.004735709,0.02864051,False,0.029653,False
2025-06-23,RS01SLBS-MJ01A-06-PRESTA101,2,True,2025-06-23T00:00:00Z,2025-06-23T23:59:59Z,86400,86400,0,1.0,1.000534058,1.000000242,-0.004042064,0,0,0,0,-0.0,5.832791,33.558938,-6.052829e-11,0.00583279,0.03355893,False,0.028947,False
2025-06-24,RS01SLBS-MJ01A-06-PRESTA101,2,True,2025-06-24T00:00:00Z,2025-06-24T23:59:59Z,86400,86400,0,1.0,1.00053215,1.000000277,-1.2954e-05,0,0,0,0,-0.0,5.280145,30.970529,-8.83808e-11,0.005280143,0.03097052,False,0.027215,False
2025-06-25,RS01SLBS-MJ01A-06-PRESTA101,2,True,2025-06-25T00:00:00Z,2025-06-25T23:59:59Z,86400,86400,0,1.0,1.000528812,1.000000306,0.000355593,0,0,0,0,0.0,5.767676,32.462269,2.225066e-12,0.005767675,0.03246226,False,0.030257,False
2025-06-26,RS01SLBS-MJ01A-06-PRESTA101,2,True,2025-06-26T00:00:00Z,2025-06-26T23:59:59Z,86400,86400,0,1.0,1.000534058,1.000000248,-2.4081e-05,0,0,0,0,-0.0,6.264182,32.587508,-2.845903e-11,0.00626418,0.0325875,False,0.042966,False
2025-06-27,RS01SLBS-MJ01A-06-PRESTA101,2,True,2025-06-27T00:00:00Z,2025-06-27T23:59:59Z,86400,86400,0,1.0,1.000533104,1.000000244,-0.002848129,0,0,0,0,-0.0,4.620417,30.326318,-3.265268e-11,0.004620416,0.03032631,False,0.029215,False
2025-06-28,RS01SLBS-MJ01A-06-PRESTA101,2,True,2025-06-28T00:00:00Z,2025-06-28T23:59:59Z,86400,86400,0,1.0,1.000535011,1.000000232,0.001819967,0,0,0,0,-0.0,4.455841,32.867828,-1.057639e-11,0.00445584,0.03286782,False,0.026304,False
2025-06-29,RS01SLBS-MJ01A-06-PRESTA101,2,True,2025-06-29T00:00:00Z,2025-06-29T23:59:59Z,86400,86400,0,1.0,1.00053215,1.000000227,-0.012173632,0,0,0,0,-0.0,5.23807,24.795258,-5.813742e-12,0.005238069,0.02479525,False,0.022686,False
2025-06-30,RS01SLBS-MJ01A-06-PRESTA101,2,True,2025-06-30T00:00:00Z,2025-06-30T23:59:59Z,86400,86400,0,1.0,1.000533104,1.000000236,-0.001909264,0,0,0,0,-0.0,7.97167,32.676915,-7.177958e-11,0.007971668,0.03267691,False,0.025216,False
2025-07-01,RS01SLBS-MJ01A-06-PRESTA101,2,True,2025-07-01T00:00:00Z,2025-07-01T23:59:59Z,86400,86400,0,1.0,1.000536919,1.000000268,0.008318594,0,0,0,0,0.0,7.760422,34.36317,1.43768e-12,0.00776042,0.03436316,False,0.02898,False
2025-07-02,RS01SLBS-MJ01A-06-PRESTA101,2,True,2025-07-02T00:00:00Z,2025-07-02T23:59:59Z,86400,86400,0,1.0,1.000535965,1.000000279,-0.000685697,0,0,0,0,-0.0,4.093645,24.151332,-4.342272e-11,0.004093644,0.02415133,False,0.022768,False
2025-07-03,RS01SLBS-MJ01A-06-PRESTA101,2,True,2025-07-03T00:00:00Z,2025-07-03T23:59:59Z,86400,86400,0,1.0,1.000538826,1.000000234,8.4525e-05,0,0,0,0,-0.0,5.16816,29.231091,-5.384392e-11,0.005168159,0.02923108,False,0.029045,False
2025-07-04,RS01SLBS-MJ01A-06-PRESTA101,2,True,2025-07-04T00:00:00Z,2025-07-04T23:59:59Z,86400,86400,0,1.0,1.000536919,1.000000229,0.008615995,0,0,0,0,-0.0,5.601862,35.586598,-2.58229e-11,0.005601861,0.03558659,False,0.028228,False
2025-07-05,RS01SLBS-MJ01A-06-PRESTA101,2,True,2025-07-05T00:00:00Z,2025-07-05T23:59:59Z,86400,86400,0,1.0,1.000537395,1.000000256,-0.000549319,0,0,0,0,-0.0,5.2993,24.05441,-5.948619e-12,0.005299299,0.0240544,False,0.024142,False
2025-07-06,RS01SLBS-MJ01A-06-PRESTA101,2,True,2025-07-06T00:00:00Z,2025-07-06T23:59:59Z,86400,86400,0,1.0,1.000536919,1.000000271,0.002037245,0,0,0,0,0.0,6.343743,34.263596,1.821071e-11,0.006343741,0.03426359,False,0.0259,False
2025-07-07,RS01SLBS-MJ01A-06-PRESTA101,2,True,2025-07-07T00:00:00Z,2025-07-07T23:59:59Z,86400,86400,0,1.0,1.000534058,1.000000211,0.005456815,0,0,0,0,-0.0,5.874075,30.938766,-3.036499e-11,0.005874074,0.03093876,False,0.025155,False
2025-07-08,RS01SLBS-MJ01A-06-PRESTA101,2,True,2025-07-08T00:00:00Z,2025-07-08T23:59:59Z,86400,86400,0,1.0,1.000535965,1.000000212,-0.000498891,0,0,0,0,-0.0,5.503201,29.327758,-5.337876e-12,0.0055032,0.02932775,False,0.0273,False
2025-07-09,RS01SLBS-MJ01A-06-PRESTA101,2,True,2025-07-09T00:00:00Z,2025-07-09T23:59:59Z,86400,86400,0,1.0,1.000537872,1.000000271,0.006427991,0,0,0,0,0.0,4.264534,29.786156,9.373624e-12,0.004264533,0.02978615,False,0.028448,False
2025-07-10,RS01SLBS-MJ01A-06-PRESTA101,2,True,2025-07-10T00:00:00Z,2025-07-10T23:59:59Z,86400,86400,0,1.0,1.000535965,1.000000227,0.001566656,0,0,0,0,-0.0,4.503971,29.468668,-3.815525e-11,0.00450397,0.02946866,False,0.030094,False
2025-07-11,RS01SLBS-MJ01A-06-PRESTA101,2,True,2025-07-11T00:00:00Z,2025-07-11T23:59:59Z,86400,86400,0,1.0,1.000535965,1.00000024,0.008657563,0,0,0,0,-0.0,4.467526,31.852853,-6.293763e-11,0.004467525,0.03185285,False,0.026064,False
2025-07-12,RS01SLBS-MJ01A-06-PRESTA101,2,True,2025-07-12T00:00:00Z,2025-07-12T23:59:59Z,86400,86400,0,1.0,1.000536919,1.000000213,0.000926052,0,0,0,0,-0.0,6.248486,43.309715,-1.146742e-10,0.006248485,0.04330971,False,0.044829,False
2025-07-13,RS01SLBS-MJ01A-06-PRESTA101,2,True,2025-07-13T00:00:00Z,2025-07-13T23:59:59Z,86400,86400,0,1.0,1.00053215,1.000000282,0.007356323,0,0,0,0,0.0,8.735812,92.215568,3.242548e-11,0.008735809,0.09221554,False,0.09085,False
2025-07-14,RS01SLBS-MJ01A-06-PRESTA101,2,True,2025-07-14T00:00:00Z,2025-07-14T23:59:59Z,86400,86400,0,1.0,1.000535011,1.000000244,-0.004245075,0,0,0,0,0.0,4.066331,33.262122,2.491264e-11,0.00406633,0.03326211,False,0.029572,False
2025-07-15,RS01SLBS-MJ01A-06-PRESTA101,2,True,2025-07-15T00:00:00Z,2025-07-15T23:59:59Z,86400,86400,0,1.0,1.000537872,1.000000217,0.001060397,0,0,0,0,-0.0,3.936317,23.952556,-6.638788e-11,0.003936316,0.02395255,False,0.023945,False
2025-07-16,RS01SLBS-MJ01A-06-PRESTA101,2,True,2025-07-16T00:00:00Z,2025-07-16T23:59:59Z,86400,86400,0,1.0,1.000536919,1.000000239,-0.012080578,0,0,1,1,0.0,4.328984,32.132178,3.10057e-11,0.004328983,0.03213217,False,0.028561,False
2025-07-17,RS01SLBS-MJ01A-06-PRESTA101,2,True,2025-07-17T00:00:00Z,2025-07-17T23:59:59Z,86399,86399,0,1.0,1.000537872,1.000000261,-0.001981173,0,0,33,33,-0.0,3.91679,23.488098,-3.690518e-11,0.003916789,0.02348809,False,0.020427,False
2025-07-18,RS01SLBS-MJ01A-06-PRESTA101,2,True,2025-07-18T00:00:00Z,2025-07-18T23:59:59Z,86400,86400,0,1.0,1.000535965,1.000000236,0.001115453,0,0,1,1,0.0,6.148016,46.083817,7.729093e-11,0.006148015,0.04608381,False,0.045427,False
2025-07-19,RS01SLBS-MJ01A-06-PRESTA101,2,True,2025-07-19T00:00:00Z,2025-07-19T23:59:59Z,86400,86400,0,1.0,1.000540257,1.000000265,0.00366725,0,0,0,0,-0.0,5.350543,34.329242,-1.08775e-10,0.005350541,0.03432923,False,0.029285,False
2025-07-20,RS01SLBS-MJ01A-06-PRESTA101,2,True,2025-07-20T00:00:00Z,2025-07-20T23:59:59Z,86400,86400,0,1.0,1.000536919,1.00000024,0.001286363,0,0,0,0,0.0,5.007508,32.675139,1.218695e-11,0.005007507,0.03267513,False,0.030574,False
2025-07-21,RS01SLBS-MJ01A-06-PRESTA101,2,True,2025-07-21T00:00:00Z,2025-07-21T23:59:59Z,86400,86400,0,1.0,1.000535965,1.000000201,0.00110624,0,0,0,0,-0.0,4.694278,26.304204,-9.703104e-11,0.004694277,0.0263042,False,0.027164,False
2025-07-22,RS01SLBS-MJ01A-06-PRESTA101,2,True,2025-07-22T00:00:00Z,2025-07-22T23:59:59Z,86400,86400,0,1.0,1.000535965,1.000000251,0.001005862,0,0,0,0,-0.0,3.429922,24.455975,-7.99817e-11,0.003429922,0.02445597,False,0.025435,False
2025-07-23,RS01SLBS-MJ01A-06-PRESTA101,2,True,2025-07-23T00:00:00Z,2025-07-23T23:59:59Z,86400,86400,0,1.0,1.000537872,1.000000237,0.000425419,0,0,0,0,0.0,6.353187,34.230746,1.838029e-11,0.006353185,0.03423074,False,0.028541,False
2025-07-24,RS01SLBS-MJ01A-06-PRESTA101,2,True,2025-07-24T00:00:00Z,2025-07-24T23:59:59Z,86400,86400,0,1.0,1.000538826,1.000000179,0.010253571,0,0,0,0,-0.0,5.122023,29.605881,-1.081788e-10,0.005122022,0.02960588,False,0.020544,False
2025-07-25,RS01SLBS-MJ01A-06-PRESTA101,2,True,2025-07-25T00:00:00Z,2025-07-25T23:59:59Z,86400,86400,0,1.0,1.000537872,1.000000239,0.00434475,0,0,0,0,0.0,4.542571,34.017982,2.498154e-11,0.00454257,0.03401797,False,0.024634,False
2025-07-26,RS01SLBS-MJ01A-06-PRESTA101,2,True,2025-07-26T00:00:00Z,2025-07-26T23:59:59Z,86400,86400,0,1.0,1.000536919,1.000000305,-0.006474679,0,0,0,0,-0.0,7.961514,88.389667,-1.323668e-11,0.007961511,0.08838964,False,0.103496,False
2025-07-27,RS01SLBS-MJ01A-06-PRESTA101,2,True,2025-07-27T00:00:00Z,2025-07-27T23:59:59Z,86400,86400,0,1.0,1.000535965,1.000000218,-0.002092463,0,0,0,0,0.0,4.653058,28.964044,4.219118e-11,0.004653057,0.02896404,False,0.027618,False
2025-07-28,RS01SLBS-MJ01A-06-PRESTA101,2,True,2025-07-28T00:00:00Z,2025-07-28T23:59:59Z,86400,86400,0,1.0,1.000539303,1.000000257,0.001201928,0,0,0,0,-0.0,5.898769,34.123912,-6.153303e-11,0.005898767,0.0341239,False,0.028825,False
2025-07-29,RS01SLBS-MJ01A-06-PRESTA101,2,True,2025-07-29T00:00:00Z,2025-07-29T23:59:59Z,86400,86400,0,1.0,1.000538826,1.000000219,0.007794322,0,0,0,0,-0.0,3.808585,23.559993,-4.645351e-11,0.003808584,0.02355999,False,0.022652,False
2025-07-30,RS01SLBS-MJ01A-06-PRESTA101,2,True,2025-07-30T00:00:00Z,2025-07-30T23:59:59Z,86400,86400,0,1.0,1.000540257,1.000000206,0.001117875,0,0,0,0,-0.0,5.572047,50.172968,-4.880705e-12,0.005572046,0.05017296,False,0.045192,False
2025-07-31,RS01SLBS-MJ01A-06-PRESTA101,2,True,2025-07-31T00:00:00Z,2025-07-31T23:59:59Z,86400,86400,0,1.0,1.00053978,1.000000249,-0.003399827,0,0,0,0,-0.0,9.683371,95.065581,-3.503753e-11,0.009683369,0.09506556,False,0.090875,False
2025-08-01,RS01SLBS-MJ01A-06-PRESTA101,2,True,2025-08-01T00:00:00Z,2025-08-01T23:59:59Z,86400,86400,0,1.0,1.000534058,1.000000245,-0.003521217,0,0,0,0,-0.0,4.975202,32.209864,-7.385048e-11,0.004975201,0.03220986,False,0.026601,False
2025-08-02,RS01SLBS-MJ01A-06-PRESTA101,2,True,2025-08-02T00:00:00Z,2025-08-02T23:59:59Z,86400,86400,0,1.0,1.000535965,1.000000232,0.003339706,0,0,0,0,-0.0,4.101638,31.035288,-3.82973e-11,0.004101637,0.03103528,False,0.028371,False
2025-08-03,RS01SLBS-MJ01A-06-PRESTA101,2,True,2025-08-03T00:00:00Z,2025-08-03T23:59:59Z,86400,86400,0,1.0,1.000536919,1.000000241,0.001643121,0,0,0,0,-0.0,4.63575,35.128334,-3.310137e-11,0.004635749,0.03512833,False,0.024966,False
2025-08-04,RS01SLBS-MJ01A-06-PRESTA101,2,True,2025-08-04T00:00:00Z,2025-08-04T23:59:59Z,86400,86400,0,1.0,1.000533104,1.000000228,0.004482098,0,0,0,0,0.0,4.935594,32.034784,1.283667e-11,0.004935592,0.03203478,False,0.029166,False
2025-08-05,RS01SLBS-MJ01A-06-PRESTA101,2,True,2025-08-05T00:00:00Z,2025-08-05T23:59:59Z,86400,86400,0,1.0,1.00053072,1.000000242,0.004296176,0,0,0,0,-0.0,3.910023,25.614506,-6.048797e-11,0.003910022,0.0256145,False,0.021986,False
2025-08-06,RS01SLBS-MJ01A-06-PRESTA101,2,True,2025-08-06T00:00:00Z,2025-08-06T23:59:59Z,86400,86400,0,1.0,1.00053215,1.000000267,-0.00037789,0,0,0,0,-0.0,8.390656,88.781016,-3.544164e-11,0.008390653,0.08878099,False,0.083915,False
2025-08-07,RS01SLBS-MJ01A-06-PRESTA101,2,True,2025-08-07T00:00:00Z,2025-08-07T23:59:59Z,86400,86400,0,1.0,1.000531673,1.000000255,0.001367903,0,0,0,0,0.0,5.464507,36.45311,2.543519e-11,0.005464506,0.0364531,False,0.033978,False
2025-08-08,RS01SLBS-MJ01A-06-PRESTA101,2,True,2025-08-08T00:00:00Z,2025-08-08T23:59:59Z,86400,86400,0,1.0,1.000534058,1.000000233,0.003742697,0,0,0,0,-0.0,4.527771,29.033795,-4.879861e-11,0.00452777,0.02903379,False,0.028392,False
2025-08-09,RS01SLBS-MJ01A-06-PRESTA101,2,True,2025-08-09T00:00:00Z,2025-08-09T23:59:59Z,86400,86400,0,1.0,1.000536919,1.000000209,0.006673625,0,0,0,0,0.0,4.451486,28.641621,2.359347e-11,0.004451485,0.02864162,False,0.025297,False
2025-08-10,RS01SLBS-MJ01A-06-PRESTA101,2,True,2025-08-10T00:00:00Z,2025-08-10T23:59:59Z,86400,86400,0,1.0,1.000534058,1.00000025,-0.00211938,0,0,0,0,-0.0,5.141298,32.724037,-7.478108e-11,0.005141297,0.03272403,False,0.029154,False
2025-08-11,RS01SLBS-MJ01A-06-PRESTA101,2,True,2025-08-11T00:00:00Z,2025-08-11T23:59:59Z,86400,86400,0,1.0,1.000535011,1.000000221,0.003215201,0,0,0,0,0.0,9.747471,89.140219,1.06361e-11,0.009747469,0.0891402,False,0.083974,False
2025-08-12,RS01SLBS-MJ01A-06-PRESTA101,2,True,2025-08-12T00:00:00Z,2025-08-12T23:59:59Z,86400,86400,0,1.0,1.000533104,1.000000236,-0.000467298,0,0,0,0,-0.0,5.911099,34.264157,-1.244321e-10,0.005911098,0.03426415,False,0.029825,False
2025-08-13,RS01SLBS-MJ01A-06-PRESTA101,2,True,2025-08-13T00:00:00Z,2025-08-13T23:59:59Z,86400,86400,0,1.0,1.000538349,1.000000259,0.004414595,0,0,0,0,-0.0,5.053493,32.976948,-4.956669e-11,0.005053492,0.03297694,False,0.028614,False
2025-08-14,RS01SLBS-MJ01A-06-PRESTA101,2,True,2025-08-14T00:00:00Z,2025-08-14T23:59:59Z,86400,86400,0,1.0,1.000538349,1.000000262,-0.000970785,0,0,0,0,-0.0,5.647561,30.363012,-8.427569e-11,0.005647559,0.030363,False,0.038923,False
2025-08-15,RS01SLBS-MJ01A-06-PRESTA101,2,True,2025-08-15T00:00:00Z,2025-08-15T23:59:59Z,86400,86400,0,1.0,1.000538826,1.00000026,4.9109e-05,0,0,0,0,-0.0,4.976688,33.491453,-2.634393e-11,0.004976687,0.03349144,False,0.028214,False
2025-08-16,RS01SLBS-MJ01A-06-PRESTA101,2,True,2025-08-16T00:00:00Z,2025-08-16T23:59:59Z,86400,86400,0,1.0,1.000535965,1.000000237,-0.001770508,0,0,0,0,-0.0,4.417318,27.538529,-3.972217e-11,0.004417317,0.02753852,False,0.02687,False
2025-08-17,RS01SLBS-MJ01A-06-PRESTA101,2,True,2025-08-17T00:00:00Z,2025-08-17T23:59:59Z,86400,86400,0,1.0,1.00053978,1.000000246,0.000808395,0,0,0,0,-0.0,3.684473,24.340471,-2.826498e-11,0.003684472,0.02434047,False,0.025289,False
2025-08-18,RS01SLBS-MJ01A-06-PRESTA101,2,True,2025-08-18T00:00:00Z,2025-08-18T23:59:59Z,86400,86400,0,1.0,1.000535965,1.000000248,0.000159432,0,0,0,0,-0.0,5.423948,33.293794,-6.292984e-11,0.005423946,0.03329379,False,0.029519,False
2025-08-19,RS01SLBS-MJ01A-06-PRESTA101,2,True,2025-08-19T00:00:00Z,2025-08-19T23:59:59Z,86400,86400,0,1.0,1.000536919,1.000000275,-0.000659429,0,0,0,0,-0.0,5.799207,45.869382,-5.977088e-11,0.005799205,0.04586937,False,0.044619,False
2025-08-20,RS01SLBS-MJ01A-06-PRESTA101,2,True,2025-08-20T00:00:00Z,2025-08-20T23:59:59Z,86400,86400,0,1.0,1.000537872,1.000000224,-0.001656987,0,0,0,0,-0.0,4.152822,24.48365,-4.307736e-11,0.004152821,0.02448364,False,0.02522,False
2025-08-21,RS01SLBS-MJ01A-06-PRESTA101,2,True,2025-08-21T00:00:00Z,2025-08-21T23:59:59Z,86400,86400,0,1.0,1.000535965,1.000000237,-0.001575211,0,0,0,0,0.0,5.555263,33.595212,2.159213e-12,0.005555262,0.0335952,False,0.028719,False
2025-08-22,RS01SLBS-MJ01A-06-PRESTA101,2,True,2025-08-22T00:00:00Z,2025-08-22T23:59:59Z,86400,86400,0,1.0,1.000535965,1.000000262,0.006627448,0,0,0,0,-0.0,5.730905,39.613401,-5.117515e-11,0.005730903,0.03961339,False,0.029034,False
2025-08-23,RS01SLBS-MJ01A-06-PRESTA101,2,True,2025-08-23T00:00:00Z,2025-08-23T23:59:59Z,86400,86400,0,1.0,1.000537872,1.000000304,0.006519862,0,0,0,0,-0.0,4.379358,24.735959,-8.300804e-11,0.004379356,0.02473595,False,0.02335,False
2025-08-24,RS01SLBS-MJ01A-06-PRESTA101,2,True,2025-08-24T00:00:00Z,2025-08-24T23:59:59Z,86400,86400,0,1.0,1.000536919,1.000000201,-0.002838156,0,0,0,0,-0.0,3.58448,25.625491,-8.641379e-12,0.003584479,0.02562549,False,0.027191,False
2025-08-25,RS01SLBS-MJ01A-06-PRESTA101,2,True,2025-08-25T00:00:00Z,2025-08-25T23:59:59Z,86400,86400,0,1.0,1.000534058,1.000000261,0.004287706,0,0,0,0,0.0,4.290352,31.282058,3.161479e-11,0.004290351,0.03128205,False,0.025839,False
2025-08-26,RS01SLBS-MJ01A-06-PRESTA101,2,True,2025-08-26T00:00:00Z,2025-08-26T23:59:59Z,86400,86400,0,1.0,1.000534058,1.000000171,0.003904015,0,0,0,0,-0.0,5.975649,33.158707,-1.512624e-11,0.005975648,0.0331587,False,0.043476,False
2025-08-27,RS01SLBS-MJ01A-06-PRESTA101,2,True,2025-08-27T00:00:00Z,2025-08-27T23:59:59Z,86400,86400,0,1.0,1.00053215,1.000000265,0.005066761,0,0,0,0,-0.0,6.686371,32.38848,-4.969377e-11,0.006686369,0.03238847,False,0.04178,False
2025-08-28,RS01SLBS-MJ01A-06-PRESTA101,2,True,2025-08-28T00:00:00Z,2025-08-28T23:59:59Z,86400,86400,0,1.0,1.000529766,1.00000023,-0.002391073,0,0,0,0,-0.0,4.599668,32.199344,-9.941452e-12,0.004599667,0.03219934,False,0.028744,False
2025-08-29,RS01SLBS-MJ01A-06-PRESTA101,2,True,2025-08-29T00:00:00Z,2025-08-29T23:59:59Z,86400,86400,0,1.0,1.000533104,1.000000268,-0.001718931,0,0,0,0,0.0,5.126778,26.399267,4.251371e-11,0.005126777,0.02639926,False,0.020591,False
2025-08-30,RS01SLBS-MJ01A-06-PRESTA101,2,True,2025-08-30T00:00:00Z,2025-08-30T23:59:59Z,86400,86400,0,1.0,1.000534058,1.000000268,-0.001864358,0,0,1,1,0.0,5.207812,48.815074,4.892097e-11,0.005207811,0.04881506,False,0.042309,False
2025-08-31,RS01SLBS-MJ01A-06-PRESTA101,2,True,2025-08-31T00:00:00Z,2025-08-31T23:59:59Z,86399,86399,0,1.0,1.000537395,1.000000248,0.004928725,0,0,54,54,0.0,3.825269,23.645719,4.627675e-12,0.003825268,0.02364571,False,0.020693,False
2025-09-01,RS01SLBS-MJ01A-06-PRESTA101,2,True,2025-09-01T00:00:00Z,2025-09-01T23:59:59Z,86400,86400,0,1.0,1.000536442,1.000000268,0.001679511,0,0,0,0,-0.0,4.278376,31.6125,-7.570899e-11,0.004278375,0.03161249,False,0.028597,False
2025-09-02,RS01SLBS-MJ01A-06-PRESTA101,2,True,2025-09-02T00:00:00Z,2025-09-02T23:59:59Z,86400,86400,0,1.0,1.000535011,1.000000237,0.004648673,0,0,0,0,-0.0,5.271816,31.402525,-4.538807e-11,0.005271815,0.03140252,False,0.028767,False
2025-09-03,RS01SLBS-MJ01A-06-PRESTA101,2,True,2025-09-03T00:00:00Z,2025-09-03T23:59:59Z,86400,86400,0,1.0,1.000536442,1.00000025,-0.001072326,0,0,0,0,0.0,5.355804,46.548486,1.200255e-11,0.005355802,0.04654847,False,0.062118,False
2025-09-04,RS01SLBS-MJ01A-06-PRESTA101,2,True,2025-09-04T00:00:00Z,2025-09-04T23:59:59Z,86400,86400,0,1.0,1.000535965,1.000000232,0.001313816,0,0,0,0,-0.0,4.202567,23.936835,-5.42773e-11,0.004202566,0.02393683,False,0.02078,False
2025-09-05,RS01SLBS-MJ01A-06-PRESTA101,2,True,2025-09-05T00:00:00Z,2025-09-05T23:59:59Z,86400,86400,0,1.0,1.000531197,1.000000235,-0.002885324,0,0,0,0,0.0,5.840751,28.349206,6.751994e-12,0.00584075,0.0283492,False,0.024437,False
2025-09-06,RS01SLBS-MJ01A-06-PRESTA101,2,True,2025-09-06T00:00:00Z,2025-09-06T23:59:59Z,86400,86400,0,1.0,1.000533581,1.000000203,-0.004349856,0,0,0,0,-0.0,5.139167,26.527445,-6.659216e-11,0.005139166,0.02652744,False,0.029112,False
2025-09-07,RS01SLBS-MJ01A-06-PRESTA101,2,True,2025-09-07T00:00:00Z,2025-09-07T23:59:59Z,86400,86400,0,1.0,1.000536919,1.000000235,-0.004022057,0,0,0,0,0.0,5.003781,27.346848,6.790303e-12,0.00500378,0.02734684,False,0.025778,False
2025-09-08,RS01SLBS-MJ01A-06-PRESTA101,2,True,2025-09-08T00:00:00Z,2025-09-08T23:59:59Z,86400,86400,0,1.0,1.000535965,1.000000223,0.00486066,0,0,0,0,-0.0,5.934245,32.49309,-2.528876e-11,0.005934244,0.03249308,False,0.030915,False
2025-09-09,RS01SLBS-MJ01A-06-PRESTA101,2,True,2025-09-09T00:00:00Z,2025-09-09T23:59:59Z,86400,86400,0,1.0,1.000537872,1.000000241,-0.002672376,0,0,0,0,-0.0,4.560618,24.221719,-4.22418e-12,0.004560617,0.02422171,False,0.02044,False
2025-09-10,RS01SLBS-MJ01A-06-PRESTA101,2,True,2025-09-10T00:00:00Z,2025-09-10T23:59:59Z,86400,86400,0,1.0,1.000537872,1.000000242,0.001438092,0,0,0,0,-0.0,4.849263,23.517679,-5.470769e-11,0.004849261,0.02351767,False,0.021146,False
2025-09-11,RS01SLBS-MJ01A-06-PRESTA101,2,True,2025-09-11T00:00:00Z,2025-09-11T23:59:59Z,86400,86400,0,1.0,1.000538826,1.000000302,-0.021238808,0,0,0,0,-0.0,6.368632,32.764073,-2.654832e-11,0.00636863,0.03276406,False,0.030128,False
2025-09-12,RS01SLBS-MJ01A-06-PRESTA101,2,True,2025-09-12T00:00:00Z,2025-09-12T23:59:59Z,86400,86400,0,1.0,1.000536919,1.000000255,-0.003453658,0,0,0,0,-0.0,5.646871,36.297339,-6.936673e-11,0.005646869,0.03629733,False,0.038892,False
2025-09-13,RS01SLBS-MJ01A-06-PRESTA101,2,True,2025-09-13T00:00:00Z,2025-09-13T23:59:59Z,86400,86400,0,1.0,1.000538349,1.000000265,0.001095229,0,0,0,0,0.0,6.169673,46.409011,1.052697e-11,0.006169671,0.046409,False,0.044282,False
2025-09-14,RS01SLBS-MJ01A-06-PRESTA101,2,True,2025-09-14T00:00:00Z,2025-09-14T23:59:59Z,86400,86400,0,1.0,1.00054121,1.000000261,-0.001906037,0,0,0,0,-0.0,5.204612,34.30352,-4.575103e-11,0.005204611,0.03430351,False,0.028681,False
2025-09-15,RS01SLBS-MJ01A-06-PRESTA101,2,True,2025-09-15T00:00:00Z,2025-09-15T23:59:59Z,86400,86400,0,1.0,1.00053978,1.000000249,0.002207915,0,0,0,0,0.0,4.67686,33.943018,1.248347e-11,0.004676859,0.03394301,False,0.026056,False
2025-09-16,RS01SLBS-MJ01A-06-PRESTA101,2,True,2025-09-16T00:00:00Z,2025-09-16T23:59:59Z,86400,86400,0,1.0,1.000537872,1.000000377,-0.000187793,0,0,0,0,-0.0,9.584926,87.822547,-5.757106e-11,0.009584923,0.08782251,False,0.090413,False
2025-09-17,RS01SLBS-MJ01A-06-PRESTA101,2,True,2025-09-17T00:00:00Z,2025-09-17T23:59:59Z,86400,86400,0,1.0,1.000536919,1.000000266,-0.003077505,0,0,0,0,-0.0,5.445869,36.803298,-3.062368e-11,0.005445868,0.03680329,False,0.043809,False
2025-09-18,RS01SLBS-MJ01A-06-PRESTA101,2,True,2025-09-18T00:00:00Z,2025-09-18T23:59:59Z,86400,86400,0,1.0,1.000535011,1.000000272,0.004511234,0,0,0,0,-0.0,4.757259,34.24752,-8.134988e-11,0.004757258,0.03424751,False,0.029537,False
2025-09-19,RS01SLBS-MJ01A-06-PRESTA101,2,True,2025-09-19T00:00:00Z,2025-09-19T23:59:59Z,86400,86400,0,1.0,1.000533104,1.000000296,-0.003354703,0,0,0,0,0.0,5.167321,45.461585,1.839577e-11,0.005167319,0.04546157,False,0.045388,False
2025-09-20,RS01SLBS-MJ01A-06-PRESTA101,2,True,2025-09-20T00:00:00Z,2025-09-20T23:59:59Z,86400,86400,0,1.0,1.000533104,1.000000227,-0.002103171,0,0,0,0,-0.0,4.795498,33.313713,-5.688821e-11,0.004795497,0.03331371,False,0.028901,False
2025-09-21,RS01SLBS-MJ01A-06-PRESTA101,2,True,2025-09-21T00:00:00Z,2025-09-21T23:59:59Z,86400,86400,0,1.0,1.000534058,1.000000196,0.002326334,0,0,0,0,-0.0,6.289403,46.556079,-1.399224e-11,0.006289401,0.04655607,False,0.049422,False
2025-09-22,RS01SLBS-MJ01A-06-PRESTA101,2,True,2025-09-22T00:00:00Z,2025-09-22T23:59:59Z,86400,86400,0,1.0,1.000535011,1.000000323,-0.000351922,0,0,0,0,-0.0,7.095872,34.915711,-1.86608e-11,0.00709587,0.0349157,False,0.029636,False
2025-09-23,RS01SLBS-MJ01A-06-PRESTA101,2,True,2025-09-23T00:00:00Z,2025-09-23T23:59:59Z,86400,86400,0,1.0,1.000533104,1.000000267,-0.002106947,0,0,0,0,0.0,4.632422,31.416605,5.092831e-11,0.004632421,0.0314166,False,0.041694,False
2025-09-24,RS01SLBS-MJ01A-06-PRESTA101,2,True,2025-09-24T00:00:00Z,2025-09-24T23:59:59Z,86400,86400,0,1.0,1.000533104,1.000000214,0.004564924,0,0,0,0,-0.0,4.344344,31.58863,-6.547274e-11,0.004344343,0.03158862,False,0.028644,False
2025-09-25,RS01SLBS-MJ01A-06-PRESTA101,2,True,2025-09-25T00:00:00Z,2025-09-25T23:59:59Z,86400,86400,0,1.0,1.00053978,1.00000025,0.000657681,0,0,0,0,-0.0,4.410591,26.138128,-6.134414e-11,0.00441059,0.02613812,False,0.035229,False
2025-09-26,RS01SLBS-MJ01A-06-PRESTA101,2,True,2025-09-26T00:00:00Z,2025-09-26T23:59:59Z,86400,86400,0,1.0,1.000535011,1.000000231,0.004846094,0,0,0,0,-0.0,5.246358,28.018612,-3.048091e-12,0.005246357,0.02801861,False,0.023241,False
2025-09-27,RS01SLBS-MJ01A-06-PRESTA101,2,True,2025-09-27T00:00:00Z,2025-09-27T23:59:59Z,86400,86400,0,1.0,1.000535011,1.000000198,0.002802174,0,0,0,0,-0.0,5.024492,35.818632,-1.289067e-10,0.005024491,0.03581862,False,0.02798,False
2025-09-28,RS01SLBS-MJ01A-06-PRESTA101,2,True,2025-09-28T00:00:00Z,2025-09-28T23:59:59Z,86400,86400,0,1.0,1.000537872,1.000000204,-0.009005804,0,0,0,0,-0.0,4.258909,24.618339,-1.276232e-10,0.004258908,0.02461833,False,0.020785,False
2025-09-29,RS01SLBS-MJ01A-06-PRESTA101,2,True,2025-09-29T00:00:00Z,2025-09-29T23:59:59Z,86400,86400,0,1.0,1.000537395,1.000000301,-0.001493952,0,0,0,0,-0.0,5.283922,33.178283,-1.854535e-11,0.00528392,0.03317827,False,0.02972,False
2025-09-30,RS01SLBS-MJ01A-06-PRESTA101,2,True,2025-09-30T00:00:00Z,2025-09-30T23:59:59Z,86400,86400,0,1.0,1.000536919,1.000000204,-0.005172729,0,0,0,0,0.0,6.220634,37.017499,2.927865e-11,0.006220633,0.03701749,False,0.029305,False
2025-10-01,RS01SLBS-MJ01A-06-PRESTA101,2,True,2025-10-01T00:00:00Z,2025-10-01T23:59:59Z,86400,86400,0,1.0,1.000537872,1.000000263,-0.009223575,0,0,0,0,-0.0,6.661776,28.583397,-5.95597e-12,0.006661774,0.02858339,False,0.031308,False
2025-10-02,RS01SLBS-MJ01A-06-PRESTA101,2,True,2025-10-02T00:00:00Z,2025-10-02T23:59:59Z,86400,86400,0,1.0,1.000536919,1.000000237,-0.002069074,0,0,0,0,-0.0,3.96848,24.286197,-1.278446e-10,0.003968479,0.02428619,False,0.026616,False
2025-10-03,RS01SLBS-MJ01A-06-PRESTA101,2,True,2025-10-03T00:00:00Z,2025-10-03T23:59:59Z,86400,86400,0,1.0,1.000536919,1.000000282,-0.003847651,0,0,0,0,-0.0,5.660369,31.488713,-8.066821e-11,0.005660368,0.0314887,False,0.029722,False
2025-10-04,RS01SLBS-MJ01A-06-PRESTA101,2,True,2025-10-04T00:00:00Z,2025-10-04T23:59:59Z,86400,86400,0,1.0,1.000536919,1.000000223,0.001848627,0,0,0,0,-0.0,4.434855,30.824629,-6.302108e-11,0.004434854,0.03082462,False,0.04124,False
2025-10-05,RS01SLBS-MJ01A-06-PRESTA101,2,True,2025-10-05T00:00:00Z,2025-10-05T23:59:59Z,86400,86400,0,1.0,1.000537872,1.000000207,-0.001013452,0,0,0,0,-0.0,9.735333,93.698416,-1.930729e-11,0.009735331,0.0936984,False,0.084152,False
2025-10-06,RS01SLBS-MJ01A-06-PRESTA101,2,True,2025-10-06T00:00:00Z,2025-10-06T23:59:59Z,86400,86400,0,1.0,1.000537872,1.000000217,0.004223692,0,0,0,0,-0.0,3.683391,23.240769,-1.702751e-11,0.00368339,0.02324076,False,0.025789,False
2025-10-07,RS01SLBS-MJ01A-06-PRESTA101,2,True,2025-10-07T00:00:00Z,2025-10-07T23:59:59Z,86400,86400,0,1.0,1.000532627,1.000000194,0.009297614,0,0,0,0,0.0,5.847216,32.355418,1.214632e-11,0.005847215,0.03235541,False,0.029023,False
2025-10-08,RS01SLBS-MJ01A-06-PRESTA101,2,True,2025-10-08T00:00:00Z,2025-10-08T23:59:59Z,86400,86400,0,1.0,1.000533104,1.000000228,0.000552337,0,0,0,0,-0.0,5.627415,34.75001,-9.51898e-11,0.005627414,0.03475,False,0.029569,False
2025-10-09,RS01SLBS-MJ01A-06-PRESTA101,2,True,2025-10-09T00:00:00Z,2025-10-09T23:59:59Z,86400,86400,0,1.0,1.000533104,1.00000022,0.008013321,0,0,0,0,-0.0,4.417004,25.55288,-2.679564e-11,0.004417003,0.02555287,False,0.025128,False
2025-10-10,RS01SLBS-MJ01A-06-PRESTA101,2,True,2025-10-10T00:00:00Z,2025-10-10T23:59:59Z,86400,86400,0,1.0,1.000535965,1.000000264,0.000730416,0,0,0,0,-0.0,5.679384,33.664863,-8.595979e-11,0.005679382,0.03366485,False,0.028805,False
2025-10-11,RS01SLBS-MJ01A-06-PRESTA101,2,True,2025-10-11T00:00:00Z,2025-10-11T23:59:59Z,86400,86400,0,1.0,1.000537872,1.000000292,0.007612316,0,0,0,0,-0.0,4.713854,32.693408,-5.104538e-11,0.004713853,0.0326934,False,0.028867,False
2025-10-12,RS01SLBS-MJ01A-06-PRESTA101,2,True,2025-10-12T00:00:00Z,2025-10-12T23:59:59Z,86400,86400,0,1.0,1.000542164,1.000000234,0.008645442,0,0,0,0,-0.0,5.094727,31.722175,-6.945462e-11,0.005094726,0.03172217,False,0.029833,False
2025-10-13,RS01SLBS-MJ01A-06-PRESTA101,2,True,2025-10-13T00:00:00Z,2025-10-13T23:59:59Z,86400,86400,0,1.0,1.000542164,1.000000215,0.003541465,0,0,0,0,-0.0,4.461306,29.839865,-2.815107e-11,0.004461305,0.02983986,False,0.029678,False
2025-10-14,RS01SLBS-MJ01A-06-PRESTA101,2,True,2025-10-14T00:00:00Z,2025-10-14T23:59:59Z,86399,86399,0,1.0,1.000538349,1.000000254,-0.000299447,0,0,9,9,0.0,12.143954,93.46273,6.513774e-11,0.01214395,0.09346271,False,0.089854,False
2025-10-15,RS01SLBS-MJ01A-06-PRESTA101,2,True,2025-10-15T00:00:00Z,2025-10-15T23:59:59Z,86400,86400,0,1.0,1.00053978,1.000000121,0.000941794,0,0,0,0,0.0,4.781441,30.053165,1.847386e-11,0.004781441,0.03005316,False,0.028761,False
2025-10-16,RS01SLBS-MJ01A-06-PRESTA101,2,True,2025-10-16T00:00:00Z,2025-10-16T23:59:59Z,86400,86400,0,1.0,1.000536919,1.000000288,0.000657347,0,0,0,0,-0.0,5.568778,34.205902,-5.035585e-11,0.005568776,0.03420589,False,0.026214,False
2025-10-17,RS01SLBS-MJ01A-06-PRESTA101,2,True,2025-10-17T00:00:00Z,2025-10-17T23:59:59Z,86400,86400,0,1.0,1.000537872,1.000000226,-0.001163726,0,0,0,0,-0.0,6.712687,45.525327,-4.780381e-12,0.006712685,0.04552532,False,0.044044,False
2025-10-18,RS01SLBS-MJ01A-06-PRESTA101,2,True,2025-10-18T00:00:00Z,2025-10-18T23:59:59Z,86400,86400,0,1.0,1.000537395,1.000000199,0.002966492,0,0,0,0,-0.0,5.023549,29.080657,-4.551736e-11,0.005023548,0.02908065,False,0.028265,False
2025-10-19,RS01SLBS-MJ01A-06-PRESTA101,2,True,2025-10-19T00:00:00Z,2025-10-19T23:59:59Z,86400,86400,0,1.0,1.000535965,1.000000216,0.00735506,0,0,0,0,-0.0,4.822868,29.947532,-9.295246e-11,0.004822867,0.02994753,False,0.029332,False
2025-10-20,RS01SLBS-MJ01A-06-PRESTA101,2,True,2025-10-20T00:00:00Z,2025-10-20T23:59:59Z,86400,86400,0,1.0,1.000535011,1.000000274,-0.001085582,0,0,0,0,0.0,5.300194,31.729041,7.131554e-12,0.005300193,0.03172903,False,0.043325,False
2025-10-21,RS01SLBS-MJ01A-06-PRESTA101,2,True,2025-10-21T00:00:00Z,2025-10-21T23:59:59Z,86400,86400,0,1.0,1.000535965,1.000000275,-0.005362014,0,0,0,0,0.0,9.053501,87.762889,8.557546e-11,0.009053498,0.08776286,False,0.084048,False
2025-10-22,RS01SLBS-MJ01A-06-PRESTA101,2,True,2025-10-22T00:00:00Z,2025-10-22T23:59:59Z,86400,86400,0,1.0,1.000537872,1.000000291,0.000412964,0,0,1,1,0.0,6.341749,348.269713,4.734194e-12,0.006341747,0.3482696,False,0.351814,False
2025-10-23,RS01SLBS-MJ01A-06-PRESTA101,2,True,2025-10-23T00:00:00Z,2025-10-23T23:59:59Z,86400,86400,0,1.0,1.000535011,1.000000249,0.000169607,0,0,0,0,-0.0,6.863772,43.6391,-4.852952e-13,0.00686377,0.04363909,False,0.047248,False
2025-10-24,RS01SLBS-MJ01A-06-PRESTA101,2,True,2025-10-24T00:00:00Z,2025-10-24T23:59:59Z,86400,86400,0,1.0,1.000535965,1.000000195,0.003353283,0,0,0,0,-0.0,5.812551,45.460032,-4.854779e-11,0.00581255,0.04546002,False,0.045366,False
2025-10-25,RS01SLBS-MJ01A-06-PRESTA101,2,True,2025-10-25T00:00:00Z,2025-10-25T23:59:59Z,86400,86400,0,1.0,1.000533104,1.000000271,0.00159615,0,0,0,0,-0.0,5.348879,33.866356,-4.52567e-11,0.005348877,0.03386635,False,0.029064,False
2025-10-26,RS01SLBS-MJ01A-06-PRESTA101,2,True,2025-10-26T00:00:00Z,2025-10-26T23:59:59Z,86400,86400,0,1.0,1.000537872,1.000000234,0.003794197,0,0,0,0,0.0,5.665333,38.436253,5.632129e-11,0.005665332,0.03843624,False,0.034686,False
2025-10-27,RS01SLBS-MJ01A-06-PRESTA101,2,True,2025-10-27T00:00:00Z,2025-10-27T23:59:59Z,86400,86400,0,1.0,1.000538349,1.000000228,0.006237357,0,0,0,0,-0.0,4.229537,22.443843,-4.04588e-11,0.004229536,0.02244384,False,0.020783,False
2025-10-28,RS01SLBS-MJ01A-06-PRESTA101,2,True,2025-10-28T00:00:00Z,2025-10-28T23:59:59Z,86400,86400,0,1.0,1.000536919,1.000000304,-0.001322666,0,0,0,0,-0.0,3.933556,23.117876,-1.814627e-11,0.003933555,0.02311787,False,0.024162,False
2025-10-29,RS01SLBS-MJ01A-06-PRESTA101,2,True,2025-10-29T00:00:00Z,2025-10-29T23:59:59Z,86400,86400,0,1.0,1.000538826,1.000000259,0.003752605,0,0,0,0,0.0,5.201366,31.978148,3.358145e-12,0.005201365,0.03197814,False,0.02531,False
2025-10-30,RS01SLBS-MJ01A-06-PRESTA101,2,True,2025-10-30T00:00:00Z,2025-10-30T23:59:59Z,86400,86400,0,1.0,1.000534058,1.0000002,0.001267177,0,0,0,0,-0.0,4.291746,25.852239,-2.241207e-11,0.004291745,0.02585223,False,0.024549,False
2025-10-31,RS01SLBS-MJ01A-06-PRESTA101,2,True,2025-10-31T00:00:00Z,2025-10-31T23:59:59Z,85789,86400,611,1.0,1.00053072,1.000000208,0.010180745,1,611,1,611,-0.0,6.657899,41.324183,-1.324171e-11,0.006657898,0.04132417,False,0.325316,True
2025-11-01,RS01SLBS-MJ01A-06-PRESTA101,2,True,2025-11-01T00:00:00Z,2025-11-01T23:59:59Z,86400,86400,0,1.0,1.000534058,1.00000028,0.003550341,0,0,0,0,-0.0,6.167854,30.070784,-9.64764e-11,0.006167852,0.03007078,False,0.028765,False
2025-11-02,RS01SLBS-MJ01A-06-PRESTA101,2,True,2025-11-02T00:00:00Z,2025-11-02T23:59:59Z,86400,86400,0,1.0,1.000537395,1.000000248,0.008168196,0,0,0,0,-0.0,9.06387,88.667371,-1.759956e-11,0.009063868,0.08866735,False,0.081091,False
2025-11-03,RS01SLBS-MJ01A-06-PRESTA101,2,True,2025-11-03T00:00:00Z,2025-11-03T23:59:59Z,86298,86400,102,1.0,1.000536919,1.000000287,0.003677632,2,102,2,103,0.0,9.053601,346.667934,9.092223e-11,0.009053599,0.3466678,False,0.354843,True
2025-11-04,RS01SLBS-MJ01A-06-PRESTA101,2,True,2025-11-04T00:00:00Z,2025-11-04T23:59:59Z,85946,86400,454,1.0,1.000535965,1.000000212,-0.001956618,3,454,3,454,0.0,5.335623,27.842171,8.937858e-12,0.005335622,0.02784216,False,0.113178,True
2025-11-05,RS01SLBS-MJ01A-06-PRESTA101,2,True,2025-11-05T00:00:00Z,2025-11-05T23:59:59Z,86400,86400,0,1.0,1.000530243,1.000000258,-9.069e-05,0,0,0,0,0.0,7.170974,35.315366,2.932278e-12,0.007170972,0.03531536,False,0.028079,False
2025-11-06,RS01SLBS-MJ01A-06-PRESTA101,2,True,2025-11-06T00:00:00Z,2025-11-06T23:59:59Z,86400,86400,0,1.0,1.000530243,1.000000244,0.00049703,0,0,0,0,0.0,4.019887,22.78337,1.234135e-11,0.004019886,0.02278336,False,0.02165,False
2025-11-07,RS01SLBS-MJ01A-06-PRESTA101,2,True,2025-11-07T00:00:00Z,2025-11-07T23:59:59Z,86400,86400,0,1.0,1.000533104,1.000000306,0.009253881,0,0,0,0,-0.0,5.448293,28.140347,-2.995026e-11,0.005448291,0.02814034,False,0.0207,False
2025-11-08,RS01SLBS-MJ01A-06-PRESTA101,2,True,2025-11-08T00:00:00Z,2025-11-08T23:59:59Z,86400,86400,0,1.0,1.000533104,1.000000243,0.003859369,0,0,0,0,-0.0,6.443554,33.581092,-3.743074e-12,0.006443553,0.03358108,False,0.031236,False
2025-11-09,RS01SLBS-MJ01A-06-PRESTA101,2,True,2025-11-09T00:00:00Z,2025-11-09T23:59:59Z,86400,86400,0,1.0,1.000539303,1.000000199,0.004204012,0,0,0,0,-0.0,4.616451,25.995849,-7.653557e-11,0.00461645,0.02599584,False,0.02661,False
2025-11-10,RS01SLBS-MJ01A-06-PRESTA101,2,True,2025-11-10T00:00:00Z,2025-11-10T23:59:59Z,86400,86400,0,1.0,1.000538826,1.000000235,0.000173807,0,0,0,0,-0.0,3.656345,23.079682,-6.213018e-11,0.003656344,0.02307968,False,0.023977,False
2025-11-11,RS01SLBS-MJ01A-06-PRESTA101,2,True,2025-11-11T00:00:00Z,2025-11-11T23:59:59Z,86400,86400,0,1.0,1.00053978,1.000000239,-0.000742118,0,0,0,0,0.0,4.419246,31.288211,2.543585e-11,0.004419245,0.0312882,False,0.029335,False
2025-11-12,RS01SLBS-MJ01A-06-PRESTA101,2,True,2025-11-12T00:00:00Z,2025-11-12T23:59:59Z,86400,86400,0,1.0,1.000537872,1.00000026,-0.002745074,0,0,0,0,0.0,3.919987,22.497007,2.85534e-11,0.003919986,0.022497,False,0.025538,False
2025-11-13,RS01SLBS-MJ01A-06-PRESTA101,2,True,2025-11-13T00:00:00Z,2025-11-13T23:59:59Z,86400,86400,0,1.0,1.000535965,1.000000299,-0.006499174,0,0,0,0,-0.0,5.997693,33.781943,-4.477358e-11,0.005997692,0.03378193,False,0.029863,False
2025-11-14,RS01SLBS-MJ01A-06-PRESTA101,2,True,2025-11-14T00:00:00Z,2025-11-14T23:59:59Z,86400,86400,0,1.0,1.000538826,1.000000287,-0.002915917,0,0,0,0,-0.0,5.605366,34.744544,-8.713285e-11,0.005605365,0.03474453,False,0.024496,False
2025-11-15,RS01SLBS-MJ01A-06-PRESTA101,2,True,2025-11-15T00:00:00Z,2025-11-15T23:59:59Z,86400,86400,0,1.0,1.000537872,1.000000295,-0.004123228,0,0,0,0,-0.0,4.626026,31.989921,-3.358774e-11,0.004626025,0.03198991,False,0.02875,False
2025-11-16,RS01SLBS-MJ01A-06-PRESTA101,2,True,2025-11-16T00:00:00Z,2025-11-16T23:59:59Z,86400,86400,0,1.0,1.000537872,1.000000232,-0.00011942,0,0,0,0,-0.0,3.987913,23.734184,-7.018958e-11,0.003987912,0.02373418,False,0.020574,False
2025-11-17,RS01SLBS-MJ01A-06-PRESTA101,2,True,2025-11-17T00:00:00Z,2025-11-17T23:59:59Z,86400,86400,0,1.0,1.000536919,1.000000196,-0.000117087,0,0,0,0,-0.0,9.823821,90.476613,-3.507939e-11,0.009823819,0.0904766,False,0.09071,False
2025-11-18,RS01SLBS-MJ01A-06-PRESTA101,2,True,2025-11-18T00:00:00Z,2025-11-18T23:59:59Z,86400,86400,0,1.0,1.000537872,1.000000223,-0.002995938,0,0,0,0,-0.0,5.907174,29.355486,-2.378414e-11,0.005907173,0.02935548,False,0.029304,False
2025-11-19,RS01SLBS-MJ01A-06-PRESTA101,2,True,2025-11-19T00:00:00Z,2025-11-19T23:59:59Z,86400,86400,0,1.0,1.000540257,1.000000289,0.004063537,0,0,0,0,0.0,9.585773,85.431116,2.832239e-13,0.009585771,0.08543109,False,0.083188,False
2025-11-20,RS01SLBS-MJ01A-06-PRESTA101,2,True,2025-11-20T00:00:00Z,2025-11-20T23:59:59Z,86400,86400,0,1.0,1.000538826,1.000000287,0.003806929,0,0,0,0,-0.0,5.822705,46.504442,-5.68242e-11,0.005822703,0.04650443,False,0.053933,False
2025-11-21,RS01SLBS-MJ01A-06-PRESTA101,2,True,2025-11-21T00:00:00Z,2025-11-21T23:59:59Z,86400,86400,0,1.0,1.000535011,1.00000027,-0.001857413,0,0,0,0,-0.0,4.834769,33.5268,-4.839403e-11,0.004834768,0.03352679,False,0.027046,False
2025-11-22,RS01SLBS-MJ01A-06-PRESTA101,2,True,2025-11-22T00:00:00Z,2025-11-22T23:59:59Z,86400,86400,0,1.0,1.000535965,1.000000264,-0.001855864,0,0,0,0,-0.0,5.042709,30.638347,-7.142117e-11,0.005042707,0.03063834,False,0.028936,False
2025-11-23,RS01SLBS-MJ01A-06-PRESTA101,2,True,2025-11-23T00:00:00Z,2025-11-23T23:59:59Z,86400,86400,0,1.0,1.000535965,1.000000188,0.00829547,0,0,0,0,0.0,8.877526,91.126295,1.536113e-11,0.008877524,0.09112628,False,0.090812,False
2025-11-24,RS01SLBS-MJ01A-06-PRESTA101,2,True,2025-11-24T00:00:00Z,2025-11-24T23:59:59Z,86400,86400,0,1.0,1.000536919,1.000000187,-0.001416777,0,0,0,0,-0.0,5.500487,31.455876,-2.313155e-11,0.005500486,0.03145587,False,0.026504,False
2025-11-25,RS01SLBS-MJ01A-06-PRESTA101,2,True,2025-11-25T00:00:00Z,2025-11-25T23:59:59Z,86400,86400,0,1.0,1.000534058,1.000000248,0.002221676,0,0,0,0,-0.0,4.513022,29.860988,-4.03283e-12,0.004513021,0.02986098,False,0.028661,False
2025-11-26,RS01SLBS-MJ01A-06-PRESTA101,2,True,2025-11-26T00:00:00Z,2025-11-26T23:59:59Z,86400,86400,0,1.0,1.000533104,1.000000182,0.001431422,0,0,0,0,0.0,5.172603,31.76175,6.663968e-12,0.005172602,0.03176174,False,0.029008,False
2025-11-27,RS01SLBS-MJ01A-06-PRESTA101,2,True,2025-11-27T00:00:00Z,2025-11-27T23:59:59Z,86400,86400,0,1.0,1.000531197,1.000000211,0.00011819,0,0,0,0,0.0,4.171241,23.903012,3.10483e-11,0.00417124,0.02390301,False,0.024114,False
2025-11-28,RS01SLBS-MJ01A-06-PRESTA101,2,True,2025-11-28T00:00:00Z,2025-11-28T23:59:59Z,86400,86400,0,1.0,1.000534058,1.000000218,0.004265463,0,0,18,18,-0.0,5.575921,32.587126,-1.856773e-11,0.00557592,0.03258712,False,0.026094,False
2025-11-29,RS01SLBS-MJ01A-06-PRESTA101,2,True,2025-11-29T00:00:00Z,2025-11-29T23:59:59Z,86399,86399,0,1.0,1.000533104,1.000000327,0.005600232,0,0,4,4,0.0,5.689149,32.625965,5.48982e-12,0.005689147,0.03262595,False,0.028709,False
2025-11-30,RS01SLBS-MJ01A-06-PRESTA101,2,True,2025-11-30T00:00:00Z,2025-11-30T23:59:59Z,86400,86400,0,1.0,1.000535011,1.000000302,-0.001214553,0,0,0,0,-0.0,4.943723,31.623592,-8.806971e-11,0.004943722,0.03162358,False,0.038463,False
2025-12-01,RS01SLBS-MJ01A-06-PRESTA101,2,True,2025-12-01T00:00:00Z,2025-12-01T23:59:59Z,86400,86400,0,1.0,1.000529766,1.000000256,0.00386854,0,0,0,0,0.0,5.17074,31.217371,8.993046e-13,0.005170739,0.03121736,False,0.031482,False
2025-12-02,RS01SLBS-MJ01A-06-PRESTA101,2,True,2025-12-02T00:00:00Z,2025-12-02T23:59:59Z,86400,86400,0,1.0,1.000534058,1.000000263,-0.000631426,0,0,0,0,-0.0,5.45445,31.962164,-1.146546e-11,0.005454448,0.03196216,False,0.026399,False
2025-12-03,RS01SLBS-MJ01A-06-PRESTA101,2,True,2025-12-03T00:00:00Z,2025-12-03T23:59:59Z,86400,86400,0,1.0,1.000535011,1.00000024,0.001652349,0,0,0,0,-0.0,5.642356,33.122456,-8.351097e-11,0.005642355,0.03312245,False,0.029915,False
2025-12-04,RS01SLBS-MJ01A-06-PRESTA101,2,True,2025-12-04T00:00:00Z,2025-12-04T23:59:59Z,86400,86400,0,1.0,1.000535011,1.00000024,-7.676e-05,0,0,0,0,-0.0,5.326716,31.250518,-8.918848e-11,0.005326715,0.03125051,False,0.027391,False
2025-12-05,RS01SLBS-MJ01A-06-PRESTA101,2,True,2025-12-05T00:00:00Z,2025-12-05T23:59:59Z,86400,86400,0,1.0,1.000536919,1.0000003,-0.006002654,0,0,0,0,-0.0,7.21304,35.410763,-4.894587e-11,0.007213038,0.03541075,False,0.029292,False
2025-12-06,RS01SLBS-MJ01A-06-PRESTA101,2,True,2025-12-06T00:00:00Z,2025-12-06T23:59:59Z,86400,86400,0,1.0,1.000538826,1.000000258,-0.010837912,0,0,0,0,0.0,5.786516,35.196856,1.566063e-11,0.005786514,0.03519685,False,0.029115,False
2025-12-07,RS01SLBS-MJ01A-06-PRESTA101,2,True,2025-12-07T00:00:00Z,2025-12-07T23:59:59Z,86400,86400,0,1.0,1.00053978,1.000000319,-0.008324247,0,0,0,0,-0.0,6.341577,34.316414,-4.488845e-11,0.006341575,0.0343164,False,0.030377,False
2025-12-08,RS01SLBS-MJ01A-06-PRESTA101,2,True,2025-12-08T00:00:00Z,2025-12-08T23:59:59Z,86400,86400,0,1.0,1.000535965,1.000000269,-0.000213291,0,0,0,0,-0.0,6.59161,30.167135,-2.947859e-11,0.006591608,0.03016713,False,0.029314,False
2025-12-09,RS01SLBS-MJ01A-06-PRESTA101,2,True,2025-12-09T00:00:00Z,2025-12-09T23:59:59Z,86400,86400,0,1.0,1.000536442,1.00000023,-0.003534122,0,0,0,0,-0.0,5.684068,35.304761,-6.582635e-11,0.005684066,0.03530475,False,0.026191,False
2025-12-10,RS01SLBS-MJ01A-06-PRESTA101,2,True,2025-12-10T00:00:00Z,2025-12-10T23:59:59Z,86400,86400,0,1.0,1.00053978,1.000000338,0.006695232,0,0,0,0,-0.0,6.786613,42.254009,-5.340888e-11,0.006786611,0.04225399,False,0.028487,False
2025-12-11,RS01SLBS-MJ01A-06-PRESTA101,2,True,2025-12-11T00:00:00Z,2025-12-11T23:59:59Z,86400,86400,0,1.0,1.000536919,1.000000217,-0.01335921,0,0,0,0,-0.0,7.09833,39.289097,-2.947419e-11,0.007098329,0.03928909,False,0.030628,False
2025-12-12,RS01SLBS-MJ01A-06-PRESTA101,2,True,2025-12-12T00:00:00Z,2025-12-12T23:59:59Z,86400,86400,0,1.0,1.00053978,1.000000156,0.012377068,0,0,0,0,0.0,12.61814,89.013116,2.422422e-11,0.01261814,0.0890131,False,0.090816,False
2025-12-13,RS01SLBS-MJ01A-06-PRESTA101,2,True,2025-12-13T00:00:00Z,2025-12-13T23:59:59Z,86400,86400,0,1.0,1.000537872,1.000000262,1.2775e-05,0,0,0,0,0.0,4.523173,33.212394,3.712706e-11,0.004523171,0.03321239,False,0.031445,False
2025-12-14,RS01SLBS-MJ01A-06-PRESTA101,2,True,2025-12-14T00:00:00Z,2025-12-14T23:59:59Z,86400,86400,0,1.0,1.000538826,1.000000183,0.00039312,0,0,0,0,-0.0,5.380028,32.904307,-4.659223e-11,0.005380027,0.0329043,False,0.028988,False
2025-12-15,RS01SLBS-MJ01A-06-PRESTA101,2,True,2025-12-15T00:00:00Z,2025-12-15T23:59:59Z,86400,86400,0,1.0,1.000533104,1.000000157,-0.001698359,0,0,0,0,-0.0,6.812459,36.636842,-1.040859e-11,0.006812458,0.03663684,False,0.029355,False
2025-12-16,RS01SLBS-MJ01A-06-PRESTA101,2,True,2025-12-16T00:00:00Z,2025-12-16T23:59:59Z,86400,86400,0,1.0,1.000536919,1.000000205,0.000300878,0,0,0,0,-0.0,5.826167,31.0377,-4.550437e-11,0.005826166,0.03103769,False,0.030576,False
2025-12-17,RS01SLBS-MJ01A-06-PRESTA101,2,True,2025-12-17T00:00:00Z,2025-12-17T23:59:59Z,86400,86400,0,1.0,1.000537872,1.000000318,0.00125825,0,0,0,0,-0.0,5.624053,40.15475,-7.172887e-11,0.005624051,0.04015474,False,0.033107,False
2025-12-18,RS01SLBS-MJ01A-06-PRESTA101,2,True,2025-12-18T00:00:00Z,2025-12-18T23:59:59Z,86400,86400,0,1.0,1.000535011,1.000000286,-0.000412356,0,0,0,0,-0.0,5.401773,26.943995,-7.144171e-11,0.005401772,0.02694399,False,0.020566,False
2025-12-19,RS01SLBS-MJ01A-06-PRESTA101,2,True,2025-12-19T00:00:00Z,2025-12-19T23:59:59Z,86400,86400,0,1.0,1.000535965,1.000000256,0.000544203,0,0,0,0,0.0,6.016866,48.233028,2.744864e-11,0.006016864,0.04823302,False,0.044544,False
2025-12-20,RS01SLBS-MJ01A-06-PRESTA101,2,True,2025-12-20T00:00:00Z,2025-12-20T23:59:59Z,86400,86400,0,1.0,1.000535965,1.00000024,0.005011361,0,0,0,0,0.0,6.957227,32.369912,3.268596e-11,0.006957225,0.0323699,False,0.029594,False
2025-12-21,RS01SLBS-MJ01A-06-PRESTA101,2,True,2025-12-21T00:00:00Z,2025-12-21T23:59:59Z,86400,86400,0,1.0,1.000535965,1.00000021,0.009950431,0,0,0,0,-0.0,5.072164,35.473603,-6.158155e-11,0.005072163,0.0354736,False,0.028724,False
2025-12-22,RS01SLBS-MJ01A-06-PRESTA101,2,True,2025-12-22T00:00:00Z,2025-12-22T23:59:59Z,86400,86400,0,1.0,1.000539303,1.000000273,-9.9962e-05,0,0,0,0,-0.0,4.265998,22.798123,-1.128628e-10,0.004265996,0.02279812,False,0.020393,False
2025-12-23,RS01SLBS-MJ01A-06-PRESTA101,2,True,2025-12-23T00:00:00Z,2025-12-23T23:59:59Z,86400,86400,0,1.0,1.000539303,1.000000256,-0.001665738,0,0,0,0,-0.0,5.285416,30.776589,-5.369157e-11,0.005285415,0.03077658,False,0.023924,False
2025-12-24,RS01SLBS-MJ01A-06-PRESTA101,2,True,2025-12-24T00:00:00Z,2025-12-24T23:59:59Z,86400,86400,0,1.0,1.000537395,1.000000202,0.008650575,0,0,0,0,-0.0,6.158937,36.272574,-3.855314e-11,0.006158936,0.03627257,False,0.034457,False
2025-12-25,RS01SLBS-MJ01A-06-PRESTA101,2,True,2025-12-25T00:00:00Z,2025-12-25T23:59:59Z,86400,86400,0,1.0,1.000536919,1.000000273,-0.000450971,0,0,0,0,-0.0,5.980826,35.038653,-1.203299e-10,0.005980825,0.03503864,False,0.028769,False
2025-12-26,RS01SLBS-MJ01A-06-PRESTA101,2,True,2025-12-26T00:00:00Z,2025-12-26T23:59:59Z,86400,86400,0,1.0,1.000535011,1.000000198,0.001365552,0,0,0,0,-0.0,5.117422,29.970969,-2.554448e-11,0.005117421,0.02997096,False,0.02573,False
2025-12-27,RS01SLBS-MJ01A-06-PRESTA101,2,True,2025-12-27T00:00:00Z,2025-12-27T23:59:59Z,86400,86400,0,1.0,1.000537872,1.000000211,0.002223041,0,0,0,0,-0.0,6.132683,32.848352,-6.850862e-11,0.006132682,0.03284834,False,0.033232,False
2025-12-28,RS01SLBS-MJ01A-06-PRESTA101,2,True,2025-12-28T00:00:00Z,2025-12-28T23:59:59Z,86400,86400,0,1.0,1.00053215,1.000000226,-0.013929449,0,0,0,0,-0.0,5.387143,48.194009,-9.750861e-11,0.005387142,0.048194,False,0.045656,False
2025-12-29,RS01SLBS-MJ01A-06-PRESTA101,2,True,2025-12-29T00:00:00Z,2025-12-29T23:59:59Z,86400,86400,0,1.0,1.000536919,1.000000246,0.002546628,0,0,0,0,-0.0,6.198521,47.989945,-6.782824e-11,0.00619852,0.04798993,False,0.039358,False
2025-12-30,RS01SLBS-MJ01A-06-PRESTA101,2,True,2025-12-30T00:00:00Z,2025-12-30T23:59:59Z,86400,86400,0,1.0,1.000535965,1.000000226,0.002424891,0,0,0,0,0.0,5.604439,33.13108,1.094088e-12,0.005604438,0.03313107,False,0.028896,False
2025-12-31,RS01SLBS-MJ01A-06-PRESTA101,2,True,2025-12-31T00:00:00Z,2025-12-31T23:59:59Z,86400,86400,0,1.0,1.000535965,1.00000029,-0.006547103,0,0,0,0,-0.0,15.051886,90.232122,-5.870443e-11,0.01505188,0.0902321,False,0.096843,False
2026-01-01,RS01SLBS-MJ01A-06-PRESTA101,2,True,2026-01-01T00:00:00Z,2026-01-01T23:59:59Z,86400,86400,0,1.0,1.000537872,1.000000298,0.001024247,0,0,0,0,-0.0,5.615473,31.299829,-2.777564e-11,0.005615472,0.03129982,False,0.029897,False
2026-01-02,RS01SLBS-MJ01A-06-PRESTA101,2,True,2026-01-02T00:00:00Z,2026-01-02T23:59:59Z,86400,86400,0,1.0,1.000535965,1.000000331,-0.007588041,0,0,0,0,-0.0,8.796605,33.774959,-3.51218e-11,0.008796602,0.03377495,False,0.029179,False
2026-01-03,RS01SLBS-MJ01A-06-PRESTA101,2,True,2026-01-03T00:00:00Z,2026-01-03T23:59:59Z,86400,86400,0,1.0,1.000537872,1.000000223,-0.005757592,0,0,0,0,-0.0,5.07754,33.472448,-1.670311e-11,0.005077539,0.03347244,False,0.026381,False
2026-01-04,RS01SLBS-MJ01A-06-PRESTA101,2,True,2026-01-04T00:00:00Z,2026-01-04T23:59:59Z,86248,86400,152,1.0,1.000538826,1.000000165,0.006328827,1,152,1,152,-0.0,6.834234,37.685901,-8.370808e-12,0.006834232,0.03768589,False,0.080898,True
2026-01-05,RS01SLBS-MJ01A-06-PRESTA101,2,True,2026-01-05T00:00:00Z,2026-01-05T23:59:59Z,86400,86400,0,1.0,1.000540257,1.000000282,-0.002626973,0,0,0,0,-0.0,8.572026,89.561348,-3.967376e-11,0.008572024,0.08956132,False,0.091207,False
2026-01-06,RS01SLBS-MJ01A-06-PRESTA101,2,True,2026-01-06T00:00:00Z,2026-01-06T23:59:59Z,86400,86400,0,1.0,1.000539303,1.000000236,-0.001372974,0,0,0,0,-0.0,4.817356,29.721437,-4.626706e-11,0.004817355,0.02972143,False,0.02904,False
2026-01-07,RS01SLBS-MJ01A-06-PRESTA101,2,True,2026-01-07T00:00:00Z,2026-01-07T23:59:59Z,86400,86400,0,1.0,1.000538826,1.000000287,-0.004950785,0,0,0,0,-0.0,6.704143,51.805515,-5.318898e-11,0.006704141,0.0518055,False,0.052071,False
2026-01-08,RS01SLBS-MJ01A-06-PRESTA101,2,True,2026-01-08T00:00:00Z,2026-01-08T23:59:59Z,86400,86400,0,1.0,1.000537872,1.000000225,0.011287225,0,0,0,0,-0.0,4.902403,26.285809,-4.61399e-11,0.004902402,0.0262858,False,0.020921,False
2026-01-09,RS01SLBS-MJ01A-06-PRESTA101,2,True,2026-01-09T00:00:00Z,2026-01-09T23:59:59Z,86400,86400,0,1.0,1.000535011,1.000000222,0.003059509,0,0,0,0,-0.0,4.398442,25.947843,-6.120763e-11,0.004398441,0.02594784,False,0.022129,False
2026-01-10,RS01SLBS-MJ01A-06-PRESTA101,2,True,2026-01-10T00:00:00Z,2026-01-10T23:59:59Z,86400,86400,0,1.0,1.000535965,1.000000241,0.005067066,0,0,0,0,-0.0,11.104114,93.80543,-8.435245e-12,0.01110411,0.09380541,False,0.087175,False
2026-01-11,RS01SLBS-MJ01A-06-PRESTA101,2,True,2026-01-11T00:00:00Z,2026-01-11T23:59:59Z,86400,86400,0,1.0,1.000534058,1.000000238,0.002125497,0,0,0,0,-0.0,5.814709,44.846032,-8.473574e-11,0.005814708,0.04484602,False,0.040403,False
2026-01-12,RS01SLBS-MJ01A-06-PRESTA101,2,True,2026-01-12T00:00:00Z,2026-01-12T23:59:59Z,86400,86400,0,1.0,1.000534058,1.000000223,0.001584235,0,0,0,0,-0.0,5.869138,33.604894,-4.352327e-11,0.005869137,0.03360489,False,0.028618,False
2026-01-13,RS01SLBS-MJ01A-06-PRESTA101,2,True,2026-01-13T00:00:00Z,2026-01-13T23:59:59Z,86399,86399,0,1.0,1.000536919,1.000000272,0.00463533,0,0,27,27,-0.0,6.184367,34.009595,-4.701478e-11,0.006184366,0.03400959,False,0.029151,False
2026-01-14,RS01SLBS-MJ01A-06-PRESTA101,2,True,2026-01-14T00:00:00Z,2026-01-14T23:59:59Z,86400,86400,0,1.0,1.000535011,1.000000198,-0.002178622,0,0,0,0,-0.0,5.860364,47.924353,-4.041002e-11,0.005860362,0.04792434,False,0.039979,False
2026-01-15,RS01SLBS-MJ01A-06-PRESTA101,2,True,2026-01-15T00:00:00Z,2026-01-15T23:59:59Z,86400,86400,0,1.0,1.000535011,1.000000277,0.002808357,0,0,0,0,-0.0,5.094378,31.160927,-1.205199e-10,0.005094377,0.03116092,False,0.029046,False
2026-01-16,RS01SLBS-MJ01A-06-PRESTA101,2,True,2026-01-16T00:00:00Z,2026-01-16T23:59:59Z,86400,86400,0,1.0,1.000535011,1.000000265,0.001766381,0,0,0,0,-0.0,4.683806,28.948866,-2.46804e-11,0.004683804,0.02894886,False,0.027184,False
2026-01-17,RS01SLBS-MJ01A-06-PRESTA101,2,True,2026-01-17T00:00:00Z,2026-01-17T23:59:59Z,86400,86400,0,1.0,1.000535965,1.000000195,-0.002265654,0,0,0,0,-0.0,6.654747,31.506281,-5.778053e-11,0.006654746,0.03150628,False,0.020907,False
2026-01-18,RS01SLBS-MJ01A-06-PRESTA101,2,True,2026-01-18T00:00:00Z,2026-01-18T23:59:59Z,86400,86400,0,1.0,1.000534058,1.000000234,0.007862428,0,0,0,0,-0.0,5.165415,26.844828,-3.316405e-11,0.005165414,0.02684482,False,0.023445,False
2026-01-19,RS01SLBS-MJ01A-06-PRESTA101,2,True,2026-01-19T00:00:00Z,2026-01-19T23:59:59Z,86400,86400,0,1.0,1.000535011,1.000000251,-0.000181823,0,0,0,0,-0.0,8.805565,96.421092,-1.017215e-10,0.008805563,0.09642107,False,0.098355,False
2026-01-20,RS01SLBS-MJ01A-06-PRESTA101,2,True,2026-01-20T00:00:00Z,2026-01-20T23:59:59Z,86400,86400,0,1.0,1.000535965,1.000000218,-5.933e-05,0,0,0,0,-0.0,5.956797,28.308467,-1.129493e-10,0.005956796,0.02830846,False,0.020786,False
2026-01-21,RS01SLBS-MJ01A-06-PRESTA101,2,True,2026-01-21T00:00:00Z,2026-01-21T23:59:59Z,86400,86400,0,1.0,1.000534058,1.000000186,0.008103616,0,0,0,0,-0.0,5.089085,29.330687,-8.511269e-11,0.005089084,0.02933068,False,0.029473,False
2026-01-22,RS01SLBS-MJ01A-06-PRESTA101,2,True,2026-01-22T00:00:00Z,2026-01-22T23:59:59Z,86400,86400,0,1.0,1.000535011,1.00000025,0.001933404,0,0,0,0,-0.0,6.15903,33.436189,-6.515989e-11,0.006159029,0.03343618,False,0.02922,False
2026-01-23,RS01SLBS-MJ01A-06-PRESTA101,2,True,2026-01-23T00:00:00Z,2026-01-23T23:59:59Z,86400,86400,0,1.0,1.000535965,1.000000228,0.007761155,0,0,0,0,-0.0,4.308493,25.017926,-1.667728e-11,0.004308492,0.02501792,False,0.025334,False
2026-01-24,RS01SLBS-MJ01A-06-PRESTA101,2,True,2026-01-24T00:00:00Z,2026-01-24T23:59:59Z,86400,86400,0,1.0,1.000536919,1.000000226,0.007462518,0,0,1,1,-0.0,4.422606,348.366321,-1.713504e-11,0.004422605,0.3483662,False,0.364206,False
2026-01-25,RS01SLBS-MJ01A-06-PRESTA101,2,True,2026-01-25T00:00:00Z,2026-01-25T23:59:59Z,86400,86400,0,1.0,1.00053215,1.000000242,0.001479568,0,0,0,0,-0.0,4.888666,30.235841,-6.042168e-11,0.004888664,0.03023583,False,0.028784,False
2026-01-26,RS01SLBS-MJ01A-06-PRESTA101,2,True,2026-01-26T00:00:00Z,2026-01-26T23:59:59Z,86400,86400,0,1.0,1.000536919,1.000000267,-0.004279632,0,0,0,0,-0.0,5.902291,31.809011,-1.216493e-11,0.005902289,0.031809,False,0.028847,False
2026-01-27,RS01SLBS-MJ01A-06-PRESTA101,2,True,2026-01-27T00:00:00Z,2026-01-27T23:59:59Z,86400,86400,0,1.0,1.000535011,1.000000212,6.1009e-05,0,0,0,0,-0.0,4.166241,23.883117,-9.419921e-12,0.00416624,0.02388311,False,0.022143,False
2026-01-28,RS01SLBS-MJ01A-06-PRESTA101,2,True,2026-01-28T00:00:00Z,2026-01-28T23:59:59Z,86264,86400,136,1.0,1.000535011,1.00000028,-0.00356588,1,136,1,136,-0.0,5.625214,28.886235,-2.613393e-11,0.005625213,0.02888623,False,0.07153,True
2026-01-29,RS01SLBS-MJ01A-06-PRESTA101,2,True,2026-01-29T00:00:00Z,2026-01-29T23:59:59Z,86400,86400,0,1.0,1.000534058,1.000000288,-0.003542062,0,0,0,0,-0.0,5.021584,26.799259,-5.84377e-11,0.005021583,0.02679925,False,0.025246,False
2026-01-30,RS01SLBS-MJ01A-06-PRESTA101,2,True,2026-01-30T00:00:00Z,2026-01-30T23:59:59Z,86400,86400,0,1.0,1.000535965,1.000000201,9.209e-05,0,0,0,0,-0.0,5.181382,33.283095,-3.950878e-11,0.005181381,0.03328309,False,0.028911,False
2026-01-31,RS01SLBS-MJ01A-06-PRESTA101,2,True,2026-01-31T00:00:00Z,2026-01-31T23:59:59Z,86400,86400,0,1.0,1.000531673,1.000000249,0.004269248,0,0,0,0,0.0,5.617043,35.270081,6.63609e-12,0.005617042,0.03527007,False,0.029518,False
2026-02-01,RS01SLBS-MJ01A-06-PRESTA101,2,True,2026-02-01T00:00:00Z,2026-02-01T23:59:59Z,86400,86400,0,1.0,1.000536919,1.00000025,0.001452957,0,0,0,0,-0.0,4.960545,27.392611,-1.576809e-11,0.004960544,0.0273926,False,0.029078,False
2026-02-02,RS01SLBS-MJ01A-06-PRESTA101,2,True,2026-02-02T00:00:00Z,2026-02-02T23:59:59Z,86400,86400,0,1.0,1.000536919,1.000000233,0.007162837,0,0,0,0,0.0,4.268539,24.978181,1.363145e-11,0.004268538,0.02497817,False,0.026224,False
2026-02-03,RS01SLBS-MJ01A-06-PRESTA101,2,True,2026-02-03T00:00:00Z,2026-02-03T23:59:59Z,86400,86400,0,1.0,1.000537872,1.000000289,0.002961523,0,0,0,0,0.0,4.966922,33.139199,8.963637e-12,0.00496692,0.03313919,False,0.030974,False
2026-02-04,RS01SLBS-MJ01A-06-PRESTA101,2,True,2026-02-04T00:00:00Z,2026-02-04T23:59:59Z,86400,86400,0,1.0,1.00053978,1.000000188,0.002640727,0,0,0,0,-0.0,4.737776,24.61412,-1.154726e-10,0.004737776,0.02461411,False,0.020474,False
2026-02-05,RS01SLBS-MJ01A-06-PRESTA101,2,True,2026-02-05T00:00:00Z,2026-02-05T23:59:59Z,86400,86400,0,1.0,1.000535011,1.000000214,0.003897209,0,0,0,0,0.0,5.251479,28.919811,4.169349e-13,0.005251478,0.0289198,False,0.028368,False
2026-02-06,RS01SLBS-MJ01A-06-PRESTA101,2,True,2026-02-06T00:00:00Z,2026-02-06T23:59:59Z,86400,86400,0,1.0,1.000538826,1.000000296,0.002911442,0,0,0,0,0.0,5.105155,23.730666,3.042194e-11,0.005105153,0.02373066,False,0.022566,False
2026-02-07,RS01SLBS-MJ01A-06-PRESTA101,2,True,2026-02-07T00:00:00Z,2026-02-07T23:59:59Z,86400,86400,0,1.0,1.000531673,1.000000207,0.0027656,0,0,0,0,-0.0,9.783727,94.331743,-9.374194e-12,0.009783725,0.09433172,False,0.090491,False
2026-02-08,RS01SLBS-MJ01A-06-PRESTA101,2,True,2026-02-08T00:00:00Z,2026-02-08T23:59:59Z,86400,86400,0,1.0,1.000535965,1.000000241,0.001007441,0,0,0,0,-0.0,5.77774,35.135609,-5.709518e-11,0.005777738,0.0351356,False,0.028465,False
2026-02-09,RS01SLBS-MJ01A-06-PRESTA101,2,True,2026-02-09T00:00:00Z,2026-02-09T23:59:59Z,86400,86400,0,1.0,1.000536919,1.000000256,0.005714516,0,0,0,0,-0.0,5.668917,31.124437,-9.416225e-11,0.005668916,0.03112443,False,0.02882,False
2026-02-10,RS01SLBS-MJ01A-06-PRESTA101,2,True,2026-02-10T00:00:00Z,2026-02-10T23:59:59Z,86400,86400,0,1.0,1.000536919,1.000000308,0.00045084,0,0,0,0,-0.0,5.815142,29.069711,-1.023065e-10,0.005815141,0.0290697,False,0.022077,False
2026-02-11,RS01SLBS-MJ01A-06-PRESTA101,2,True,2026-02-11T00:00:00Z,2026-02-11T23:59:59Z,86400,86400,0,1.0,1.000535011,1.000000289,0.000646679,0,0,0,0,-0.0,11.685323,92.201117,-3.552918e-12,0.01168532,0.09220109,False,0.089588,False
2026-02-12,RS01SLBS-MJ01A-06-PRESTA101,2,True,2026-02-12T00:00:00Z,2026-02-12T23:59:59Z,86400,86400,0,1.0,1.000535965,1.000000305,-0.003071959,0,0,0,0,-0.0,6.576874,36.826355,-1.736317e-11,0.006576872,0.03682634,False,0.026572,False
2026-02-13,RS01SLBS-MJ01A-06-PRESTA101,2,True,2026-02-13T00:00:00Z,2026-02-13T23:59:59Z,86400,86400,0,1.0,1.000535965,1.000000216,-0.004938115,0,0,0,0,-0.0,5.803711,31.095204,-1.28969e-12,0.00580371,0.0310952,False,0.02878,False
2026-02-14,RS01SLBS-MJ01A-06-PRESTA101,2,True,2026-02-14T00:00:00Z,2026-02-14T23:59:59Z,86400,86400,0,1.0,1.000536919,1.000000247,-0.000164272,0,0,0,0,-0.0,4.463632,30.48883,-3.125417e-11,0.004463631,0.03048882,False,0.029019,False
2026-02-15,RS01SLBS-MJ01A-06-PRESTA101,2,True,2026-02-15T00:00:00Z,2026-02-15T23:59:59Z,86400,86400,0,1.0,1.000535011,1.000000218,0.00550665,0,0,0,0,-0.0,3.8277,25.178327,-1.03281e-10,0.003827699,0.02517832,False,0.025035,False
2026-02-16,RS01SLBS-MJ01A-06-PRESTA101,2,True,2026-02-16T00:00:00Z,2026-02-16T23:59:59Z,86400,86400,0,1.0,1.000535011,1.000000249,-2.4488e-05,0,0,0,0,-0.0,5.045949,31.172393,-1.14235e-11,0.005045947,0.03117239,False,0.028691,False
2026-02-17,RS01SLBS-MJ01A-06-PRESTA101,2,True,2026-02-17T00:00:00Z,2026-02-17T23:59:59Z,86400,86400,0,1.0,1.000534058,1.000000248,-0.001499785,0,0,0,0,-0.0,4.716013,28.470096,-3.761856e-11,0.004716012,0.02847009,False,0.028545,False
2026-02-18,RS01SLBS-MJ01A-06-PRESTA101,2,True,2026-02-18T00:00:00Z,2026-02-18T23:59:59Z,86400,86400,0,1.0,1.000537395,1.00000022,-0.002150801,0,0,0,0,0.0,4.394096,23.512046,1.312735e-11,0.004394095,0.02351204,False,0.024768,False
2026-02-19,RS01SLBS-MJ01A-06-PRESTA101,2,True,2026-02-19T00:00:00Z,2026-02-19T23:59:59Z,86400,86400,0,1.0,1.000537872,1.000000213,-0.002734762,0,0,0,0,-0.0,4.548747,32.468036,-7.480297e-11,0.004548746,0.03246803,False,0.029002,False
2026-02-20,RS01SLBS-MJ01A-06-PRESTA101,2,True,2026-02-20T00:00:00Z,2026-02-20T23:59:59Z,86400,86400,0,1.0,1.000535011,1.000000255,-0.002294208,0,0,0,0,-0.0,5.338934,33.36262,-3.991106e-11,0.005338933,0.03336261,False,0.028258,False
2026-02-21,RS01SLBS-MJ01A-06-PRESTA101,2,True,2026-02-21T00:00:00Z,2026-02-21T23:59:59Z,86400,86400,0,1.0,1.000536919,1.00000032,-0.002062166,0,0,0,0,-0.0,4.524925,28.513017,-3.344379e-11,0.004524923,0.02851301,False,0.027958,False
2026-02-22,RS01SLBS-MJ01A-06-PRESTA101,2,True,2026-02-22T00:00:00Z,2026-02-22T23:59:59Z,86400,86400,0,1.0,1.000535965,1.000000284,-0.001973452,0,0,0,0,-0.0,4.998933,27.825464,-4.074283e-11,0.004998932,0.02782546,False,0.025388,False
2026-02-23,RS01SLBS-MJ01A-06-PRESTA101,2,True,2026-02-23T00:00:00Z,2026-02-23T23:59:59Z,86400,86400,0,1.0,1.000536919,1.00000026,0.000249108,0,0,0,0,-0.0,4.527184,25.265673,-3.723327e-11,0.004527182,0.02526567,False,0.020458,False
2026-02-24,RS01SLBS-MJ01A-06-PRESTA101,2,True,2026-02-24T00:00:00Z,2026-02-24T23:59:59Z,86400,86400,0,1.0,1.000538826,1.000000212,0.004390719,0,0,0,0,-0.0,5.037676,34.788574,-3.56078e-11,0.005037675,0.03478857,False,0.024047,False
2026-02-25,RS01SLBS-MJ01A-06-PRESTA101,2,True,2026-02-25T00:00:00Z,2026-02-25T23:59:59Z,86400,86400,0,1.0,1.000539303,1.000000247,-0.00113767,0,0,0,0,-0.0,6.992898,46.48206,-3.824928e-11,0.006992897,0.04648205,False,0.040793,False
2026-02-26,RS01SLBS-MJ01A-06-PRESTA101,2,True,2026-02-26T00:00:00Z,2026-02-26T23:59:59Z,86400,86400,0,1.0,1.000534058,1.000000219,-0.00206118,0,0,0,0,-0.0,5.270783,28.822797,-1.111127e-11,0.005270782,0.02882279,False,0.028937,False
2026-02-27,RS01SLBS-MJ01A-06-PRESTA101,2,True,2026-02-27T00:00:00Z,2026-02-27T23:59:59Z,85793,86400,607,1.0,1.000536919,1.00000015,0.002009562,1,607,1,607,0.0,5.089908,28.764149,1.653675e-11,0.005089907,0.02876414,False,0.333533,True
2026-02-28,RS01SLBS-MJ01A-06-PRESTA101,2,True,2026-02-28T00:00:00Z,2026-02-28T23:59:59Z,86399,86399,0,1.0,1.000534058,1.00000019,0.007773563,0,0,5,5,-0.0,6.000756,50.357971,-7.75446e-12,0.006000755,0.05035796,False,0.045008,False
2026-03-01,RS01SLBS-MJ01A-06-PRESTA101,2,True,2026-03-01T00:00:00Z,2026-03-01T23:59:59Z,86400,86400,0,1.0,1.000535965,1.000000249,-0.001138606,0,0,1,1,-0.0,5.537099,47.055265,-3.393845e-11,0.005537098,0.04705525,False,0.040828,False
2026-03-02,RS01SLBS-MJ01A-06-PRESTA101,2,True,2026-03-02T00:00:00Z,2026-03-02T23:59:59Z,86400,86400,0,1.0,1.000538349,1.000000238,0.002109379,0,0,0,0,-0.0,4.859045,30.784612,-7.964335e-11,0.004859044,0.0307846,False,0.030353,False
2026-03-03,RS01SLBS-MJ01A-06-PRESTA101,2,True,2026-03-03T00:00:00Z,2026-03-03T23:59:59Z,86400,86400,0,1.0,1.000537395,1.000000268,0.013990319,0,0,0,0,-0.0,5.533264,44.305888,-7.51794e-11,0.005533263,0.04430588,False,0.044907,False
2026-03-04,RS01SLBS-MJ01A-06-PRESTA101,2,True,2026-03-04T00:00:00Z,2026-03-04T23:59:59Z,86400,86400,0,1.0,1.000533104,1.000000273,0.003256827,0,0,0,0,0.0,8.408442,92.248595,7.135886e-11,0.00840844,0.09224857,False,0.094292,False
2026-03-05,RS01SLBS-MJ01A-06-PRESTA101,2,True,2026-03-05T00:00:00Z,2026-03-05T23:59:59Z,86400,86400,0,1.0,1.000536919,1.000000222,0.001592082,0,0,0,0,-0.0,5.034374,39.179373,-3.353456e-11,0.005034372,0.03917936,False,0.030922,False
2026-03-06,RS01SLBS-MJ01A-06-PRESTA101,2,True,2026-03-06T00:00:00Z,2026-03-06T23:59:59Z,86400,86400,0,1.0,1.000535965,1.000000266,-0.001961335,0,0,0,0,-0.0,4.953267,30.519436,-3.27812e-11,0.004953266,0.03051943,False,0.028897,False
2026-03-07,RS01SLBS-MJ01A-06-PRESTA101,2,True,2026-03-07T00:00:00Z,2026-03-07T23:59:59Z,86400,86400,0,1.0,1.000535965,1.000000215,0.000476617,0,0,0,0,-0.0,4.242738,23.861383,-4.278125e-11,0.004242738,0.02386138,False,0.027216,False
2026-03-08,RS01SLBS-MJ01A-06-PRESTA101,2,True,2026-03-08T00:00:00Z,2026-03-08T23:59:59Z,86400,86400,0,1.0,1.000532627,1.000000213,0.000936668,0,0,0,0,-0.0,5.40602,31.422236,-2.124303e-11,0.005406019,0.03142223,False,0.029218,False
2026-03-09,RS01SLBS-MJ01A-06-PRESTA101,2,True,2026-03-09T00:00:00Z,2026-03-09T23:59:59Z,86400,86400,0,1.0,1.000535011,1.000000275,0.002130166,0,0,0,0,-0.0,6.990122,34.780281,-3.675766e-11,0.00699012,0.03478027,False,0.028075,False
2026-03-10,RS01SLBS-MJ01A-06-PRESTA101,2,True,2026-03-10T00:00:00Z,2026-03-10T23:59:59Z,86400,86400,0,1.0,1.000534058,1.000000266,0.000984355,0,0,0,0,0.0,5.512241,33.599993,3.255232e-11,0.00551224,0.03359998,False,0.040236,False
2026-03-11,RS01SLBS-MJ01A-06-PRESTA101,2,True,2026-03-11T00:00:00Z,2026-03-11T23:59:59Z,86400,86400,0,1.0,1.000531197,1.000000258,-0.001834931,0,0,0,0,-0.0,4.915618,30.287443,-2.075879e-11,0.004915616,0.03028744,False,0.02803,False
2026-03-12,RS01SLBS-MJ01A-06-PRESTA101,2,True,2026-03-12T00:00:00Z,2026-03-12T23:59:59Z,86400,86400,0,1.0,1.000535011,1.000000282,-0.012359525,0,0,0,0,-0.0,3.777931,25.052354,-2.185191e-12,0.00377793,0.02505235,False,0.027274,False
2026-03-13,RS01SLBS-MJ01A-06-PRESTA101,2,True,2026-03-13T00:00:00Z,2026-03-13T23:59:59Z,86400,86400,0,1.0,1.000534058,1.000000268,0.002735157,0,0,0,0,-0.0,4.907127,29.466256,-1.209038e-11,0.004907126,0.02946625,False,0.027649,False
2026-03-14,RS01SLBS-MJ01A-06-PRESTA101,2,True,2026-03-14T00:00:00Z,2026-03-14T23:59:59Z,86400,86400,0,1.0,1.000533104,1.000000242,0.00287195,0,0,0,0,-0.0,5.288972,32.018766,-8.075022e-11,0.00528897,0.03201876,False,0.029106,False
2026-03-15,RS01SLBS-MJ01A-06-PRESTA101,2,True,2026-03-15T00:00:00Z,2026-03-15T23:59:59Z,86400,86400,0,1.0,1.000535965,1.000000245,0.003687118,0,0,0,0,-0.0,5.760885,30.260178,-7.725989e-11,0.005760884,0.03026017,False,0.028549,False
2026-03-16,RS01SLBS-MJ01A-06-PRESTA101,2,True,2026-03-16T00:00:00Z,2026-03-16T23:59:59Z,86400,86400,0,1.0,1.000537872,1.000000284,-0.006238371,0,0,0,0,0.0,6.481427,40.24718,2.212656e-11,0.006481426,0.04024717,False,0.035462,False
2026-03-17,RS01SLBS-MJ01A-06-PRESTA101,2,True,2026-03-17T00:00:00Z,2026-03-17T23:59:59Z,85899,86400,501,1.0,1.000536919,1.000000234,-0.004107475,1,501,1,501,-0.0,8.199025,95.493147,-1.915241e-11,0.008199023,0.09549312,False,0.265785,True
2026-03-18,RS01SLBS-MJ01A-06-PRESTA101,2,True,2026-03-18T00:00:00Z,2026-03-18T23:59:59Z,86400,86400,0,1.0,1.000538826,1.000000239,-0.000928565,0,0,0,0,0.0,5.875941,49.073871,1.793187e-11,0.005875939,0.04907386,False,0.04596,False
2026-03-19,RS01SLBS-MJ01A-06-PRESTA101,2,True,2026-03-19T00:00:00Z,2026-03-19T23:59:59Z,86400,86400,0,1.0,1.000538349,1.000000294,0.000216,0,0,0,0,-0.0,5.138973,34.502408,-3.034639e-11,0.005138972,0.0345024,False,0.039474,False
2026-03-20,RS01SLBS-MJ01A-06-PRESTA101,2,True,2026-03-20T00:00:00Z,2026-03-20T23:59:59Z,86400,86400,0,1.0,1.000537872,1.000000248,-0.005744915,0,0,0,0,0.0,8.457583,85.284623,6.354461e-11,0.008457581,0.0852846,False,0.090576,False
2026-03-21,RS01SLBS-MJ01A-06-PRESTA101,2,True,2026-03-21T00:00:00Z,2026-03-21T23:59:59Z,86400,86400,0,1.0,1.000535011,1.000000255,-0.007549706,0,0,0,0,-0.0,7.030227,41.074218,-6.00729e-11,0.007030225,0.04107421,False,0.0395,False
2026-03-22,RS01SLBS-MJ01A-06-PRESTA101,2,True,2026-03-22T00:00:00Z,2026-03-22T23:59:59Z,86400,86400,0,1.0,1.000535011,1.000000259,-0.004158843,0,0,0,0,-0.0,5.867049,33.574722,-9.867512e-11,0.005867047,0.03357471,False,0.025766,False
2026-03-23,RS01SLBS-MJ01A-06-PRESTA101,2,True,2026-03-23T00:00:00Z,2026-03-23T23:59:59Z,86400,86400,0,1.0,1.000536919,1.000000261,-0.003698429,0,0,0,0,-0.0,5.293756,31.719047,-5.795392e-11,0.005293754,0.03171904,False,0.029632,False
2026-03-24,RS01SLBS-MJ01A-06-PRESTA101,2,True,2026-03-24T00:00:00Z,2026-03-24T23:59:59Z,86400,86400,0,1.0,1.000535965,1.000000231,0.001789417,0,0,0,0,-0.0,5.223475,31.293827,-1.856428e-11,0.005223474,0.03129382,False,0.028733,False
2026-03-25,RS01SLBS-MJ01A-06-PRESTA101,2,True,2026-03-25T00:00:00Z,2026-03-25T23:59:59Z,86400,86400,0,1.0,1.000536919,1.000000281,0.005994511,0,0,0,0,-0.0,5.950486,45.914462,-4.431184e-11,0.005950485,0.04591445,False,0.040973,False
2026-03-26,RS01SLBS-MJ01A-06-PRESTA101,2,True,2026-03-26T00:00:00Z,2026-03-26T23:59:59Z,86400,86400,0,1.0,1.000537395,1.000000203,-0.000343229,0,0,0,0,-0.0,5.388703,34.316584,-5.029024e-11,0.005388702,0.03431658,False,0.029649,False
2026-03-27,RS01SLBS-MJ01A-06-PRESTA101,2,True,2026-03-27T00:00:00Z,2026-03-27T23:59:59Z,86400,86400,0,1.0,1.000538826,1.000000235,0.001498271,0,0,0,0,-0.0,6.014833,36.647061,-9.045074e-11,0.006014832,0.03664705,False,0.039276,False
2026-03-28,RS01SLBS-MJ01A-06-PRESTA101,2,True,2026-03-28T00:00:00Z,2026-03-28T23:59:59Z,86400,86400,0,1.0,1.000539303,1.000000262,0.001494429,0,0,0,0,-0.0,9.313161,94.944651,-1.079664e-11,0.009313159,0.09494463,False,0.091162,False
2026-03-29,RS01SLBS-MJ01A-06-PRESTA101,2,True,2026-03-29T00:00:00Z,2026-03-29T23:59:59Z,86400,86400,0,1.0,1.000537872,1.000000235,-0.014862207,0,0,0,0,-0.0,4.578386,33.046276,-3.325301e-11,0.004578385,0.03304627,False,0.029111,False
2026-03-30,RS01SLBS-MJ01A-06-PRESTA101,2,True,2026-03-30T00:00:00Z,2026-03-30T23:59:59Z,86400,86400,0,1.0,1.000536919,1.000000272,-0.006562458,0,0,0,0,0.0,4.745449,27.665739,3.137565e-11,0.004745447,0.02766573,False,0.024743,False
2026-03-31,RS01SLBS-MJ01A-06-PRESTA101,2,True,2026-03-31T00:00:00Z,2026-03-31T23:59:59Z,86400,86400,0,1.0,1.000537872,1.000000223,0.003742738,0,0,0,0,-0.0,4.137448,23.25409,-3.630853e-11,0.004137447,0.02325408,False,0.024002,False
2026-04-01,RS01SLBS-MJ01A-06-PRESTA101,2,True,2026-04-01T00:00:00Z,2026-04-01T23:59:59Z,86400,86400,0,1.0,1.000542164,1.000000244,0.004313214,0,0,0,0,-0.0,4.266786,25.541971,-2.137934e-11,0.004266785,0.02554196,False,0.025459,False
2026-04-02,RS01SLBS-MJ01A-06-PRESTA101,2,True,2026-04-02T00:00:00Z,2026-04-02T23:59:59Z,86400,86400,0,1.0,1.000539303,1.000000242,-0.003255398,0,0,0,0,-0.0,6.979939,49.146306,-3.402593e-11,0.006979937,0.04914629,False,0.044615,False
2026-04-03,RS01SLBS-MJ01A-06-PRESTA101,2,True,2026-04-03T00:00:00Z,2026-04-03T23:59:59Z,86400,86400,0,1.0,1.000536919,1.000000265,-0.004595469,0,0,0,0,-0.0,4.056196,22.742475,-3.924588e-11,0.004056195,0.02274247,False,0.026112,False
2026-04-04,RS01SLBS-MJ01A-06-PRESTA101,2,True,2026-04-04T00:00:00Z,2026-04-04T23:59:59Z,86400,86400,0,1.0,1.000537872,1.000000269,0.000160443,0,0,0,0,-0.0,5.044615,32.297933,-3.639712e-11,0.005044613,0.03229792,False,0.028822,False
2026-04-05,RS01SLBS-MJ01A-06-PRESTA101,2,True,2026-04-05T00:00:00Z,2026-04-05T23:59:59Z,86400,86400,0,1.0,1.000536919,1.000000249,-0.005759291,0,0,0,0,-0.0,5.650214,51.970499,-4.009891e-11,0.005650212,0.05197049,False,0.04491,False
2026-04-06,RS01SLBS-MJ01A-06-PRESTA101,2,True,2026-04-06T00:00:00Z,2026-04-06T23:59:59Z,86400,86400,0,1.0,1.000534058,1.000000248,-0.001978434,0,0,0,0,0.0,6.187506,31.54441,9.921898e-13,0.006187505,0.0315444,False,0.028655,False
2026-04-07,RS01SLBS-MJ01A-06-PRESTA101,2,True,2026-04-07T00:00:00Z,2026-04-07T23:59:59Z,86400,86400,0,1.0,1.000536919,1.000000305,-0.001723706,0,0,0,0,-0.0,5.501294,32.4186,-5.684477e-11,0.005501292,0.03241859,False,0.030917,False
2026-04-08,RS01SLBS-MJ01A-06-PRESTA101,2,True,2026-04-08T00:00:00Z,2026-04-08T23:59:59Z,86400,86400,0,1.0,1.000535011,1.00000021,-0.004925665,0,0,0,0,-0.0,5.241825,32.386977,-6.477353e-11,0.005241824,0.03238697,False,0.02944,False
2026-04-09,RS01SLBS-MJ01A-06-PRESTA101,2,True,2026-04-09T00:00:00Z,2026-04-09T23:59:59Z,86400,86400,0,1.0,1.000537872,1.000000213,-0.003582863,0,0,0,0,-0.0,5.364092,28.604018,-7.907196e-11,0.005364091,0.02860401,False,0.023278,False
2026-04-10,RS01SLBS-MJ01A-06-PRESTA101,2,True,2026-04-10T00:00:00Z,2026-04-10T23:59:59Z,86400,86400,0,1.0,1.000535011,1.000000191,-0.003134547,0,0,0,0,-0.0,4.251099,25.392632,-1.29655e-11,0.004251098,0.02539263,False,0.027146,False
2026-04-11,RS01SLBS-MJ01A-06-PRESTA101,2,True,2026-04-11T00:00:00Z,2026-04-11T23:59:59Z,86400,86400,0,1.0,1.000534058,1.000000255,0.001006386,0,0,0,0,-0.0,5.422107,35.155548,-4.357045e-11,0.005422106,0.03515554,False,0.029223,False
2026-04-12,RS01SLBS-MJ01A-06-PRESTA101,2,True,2026-04-12T00:00:00Z,2026-04-12T23:59:59Z,86400,86400,0,1.0,1.000533104,1.000000243,0.00936218,0,0,0,0,-0.0,4.091459,24.528569,-6.083506e-11,0.004091458,0.02452856,False,0.022333,False
2026-04-13,RS01SLBS-MJ01A-06-PRESTA101,2,True,2026-04-13T00:00:00Z,2026-04-13T23:59:59Z,86400,86400,0,1.0,1.000536919,1.000000257,0.003755596,0,0,0,0,-0.0,4.64811,30.953836,-9.382035e-11,0.004648109,0.03095383,False,0.027856,False
2026-04-14,RS01SLBS-MJ01A-06-PRESTA101,2,True,2026-04-14T00:00:00Z,2026-04-14T23:59:59Z,86399,86399,0,1.0,1.00053215,1.000000247,0.013068156,0,0,28,28,-0.0,8.78742,89.040681,-4.46552e-11,0.008787417,0.08904066,False,0.089256,False
2026-04-15,RS01SLBS-MJ01A-06-PRESTA101,2,True,2026-04-15T00:00:00Z,2026-04-15T23:59:59Z,86400,86400,0,1.0,1.000535965,1.00000028,-0.002275122,0,0,5,5,-0.0,5.647832,34.339132,-1.023574e-10,0.005647831,0.03433912,False,0.041736,False
2026-04-16,RS01SLBS-MJ01A-06-PRESTA101,2,True,2026-04-16T00:00:00Z,2026-04-16T23:59:59Z,86400,86400,0,1.0,1.000537872,1.000000196,-0.005096054,0,0,0,0,-0.0,5.119791,32.627158,-1.035491e-10,0.00511979,0.03262715,False,0.030872,False
2026-04-17,RS01SLBS-MJ01A-06-PRESTA101,2,True,2026-04-17T00:00:00Z,2026-04-17T23:59:59Z,86400,86400,0,1.0,1.000535011,1.00000024,0.002097383,0,0,0,0,0.0,4.513514,31.346703,1.026213e-11,0.004513513,0.0313467,False,0.025968,False
2026-04-18,RS01SLBS-MJ01A-06-PRESTA101,2,True,2026-04-18T00:00:00Z,2026-04-18T23:59:59Z,86400,86400,0,1.0,1.000535965,1.000000201,0.001262908,0,0,0,0,-0.0,5.497775,32.21082,-6.724447e-11,0.005497774,0.03221081,False,0.030031,False
2026-04-19,RS01SLBS-MJ01A-06-PRESTA101,2,True,2026-04-19T00:00:00Z,2026-04-19T23:59:59Z,86400,86400,0,1.0,1.00053978,1.000000213,0.003209576,0,0,0,0,-0.0,4.277668,21.578183,-1.14824e-10,0.004277667,0.02157818,False,0.020472,False
2026-04-20,RS01SLBS-MJ01A-06-PRESTA101,2,True,2026-04-20T00:00:00Z,2026-04-20T23:59:59Z,86400,86400,0,1.0,1.00053978,1.000000226,-0.002416483,0,0,0,0,-0.0,4.569108,30.913536,-1.619318e-11,0.004569107,0.03091353,False,0.027135,False
2026-04-21,RS01SLBS-MJ01A-06-PRESTA101,2,True,2026-04-21T00:00:00Z,2026-04-21T23:59:59Z,86250,86400,150,1.0,1.00053978,1.000000233,-0.000140987,100,150,100,150,-0.0,5.613169,46.213561,-4.035968e-11,0.005613167,0.04621355,False,0.043084,True
2026-04-22,RS01SLBS-MJ01A-06-PRESTA101,2,True,2026-04-22T00:00:00Z,2026-04-22T23:59:59Z,85799,86400,601,1.0,1.000540733,1.000000186,-0.002146918,1,601,1,601,-0.0,4.382784,26.130581,-2.820238e-11,0.004382783,0.02613058,False,0.324254,True
2026-04-23,RS01SLBS-MJ01A-06-PRESTA101,2,True,2026-04-23T00:00:00Z,2026-04-23T23:59:59Z,86400,86400,0,1.0,1.000536919,1.000000318,-0.004695369,0,0,0,0,0.0,5.994296,27.428349,1.215364e-11,0.005994294,0.02742834,False,0.029357,False
2026-04-24,RS01SLBS-MJ01A-06-PRESTA101,2,True,2026-04-24T00:00:00Z,2026-04-24T23:59:59Z,86400,86400,0,1.0,1.000538349,1.000000247,0.00057608,0,0,0,0,-0.0,5.960306,34.397787,-9.668373e-11,0.005960305,0.03439778,False,0.029193,False
2026-04-25,RS01SLBS-MJ01A-06-PRESTA101,2,True,2026-04-25T00:00:00Z,2026-04-25T23:59:59Z,86400,86400,0,1.0,1.000535011,1.000000243,0.003888105,0,0,0,0,-0.0,6.862274,50.964634,-5.650908e-11,0.006862273,0.05096462,False,0.040621,False
2026-04-26,RS01SLBS-MJ01A-06-PRESTA101,2,True,2026-04-26T00:00:00Z,2026-04-26T23:59:59Z,86400,86400,0,1.0,1.000535965,1.000000222,-0.00799902,0,0,0,0,-0.0,4.85039,31.018059,-6.919696e-11,0.004850389,0.03101805,False,0.029062,False
2026-04-27,RS01SLBS-MJ01A-06-PRESTA101,2,True,2026-04-27T00:00:00Z,2026-04-27T23:59:59Z,86400,86400,0,1.0,1.000535011,1.000000262,-0.002066177,0,0,0,0,-0.0,4.464548,30.770282,-3.514422e-11,0.004464547,0.03077027,False,0.029037,False
2026-04-28,RS01SLBS-MJ01A-06-PRESTA101,2,True,2026-04-28T00:00:00Z,2026-04-28T23:59:59Z,86400,86400,0,1.0,1.000537872,1.000000259,0.005644048,0,0,0,0,-0.0,5.399647,33.264028,-1.76707e-11,0.005399646,0.03326402,False,0.029888,False
2026-04-29,RS01SLBS-MJ01A-06-PRESTA101,2,True,2026-04-29T00:00:00Z,2026-04-29T23:59:59Z,86400,86400,0,1.0,1.000538826,1.000000233,0.005825451,0,0,0,0,-0.0,5.574452,29.945537,-8.545406e-11,0.005574451,0.02994553,False,0.028996,False
2026-04-30,RS01SLBS-MJ01A-06-PRESTA101,2,True,2026-04-30T00:00:00Z,2026-04-30T23:59:59Z,86400,86400,0,1.0,1.000536919,1.000000189,0.005315054,0,0,0,0,-0.0,8.045801,90.781532,-6.064427e-11,0.0080458,0.09078152,False,0.09024,False
2026-05-01,RS01SLBS-MJ01A-06-PRESTA101,2,True,2026-05-01T00:00:00Z,2026-05-01T23:59:59Z,86400,86400,0,1.0,1.000538826,1.000000219,0.006357474,0,0,1,1,0.0,5.785902,346.604894,9.290397e-12,0.005785901,0.3466048,False,0.362801,False