date,station,deployment,has_data,data_start,data_end,n_points,n_ideal,true_missing,sp_nominal,dt_FG,dt_true,t_i0_offset_s,n_gaps,gap_total_missing,n_gaps_raw,gap_total_missing_raw,jitter_mean_ms,jitter_std_ms,jitter_maxabs_ms,frac_mean,frac_std,frac_maxabs,jitter_unstable,max_abs_epsilon,figure_generated
2014-09-01,RS03AXBS-MJ03A-06-PRESTA301,1,True,2014-09-01T00:00:06Z,2014-09-01T23:59:51Z,5760,5760,0,14.999925,15.000706196,14.999991222,-0.0016983,0,0,0,0,0.0,2.793246,17.407512,2.54801e-12,0.0001862165,0.001160501,False,0.001361,False
2014-09-02,RS03AXBS-MJ03A-06-PRESTA301,1,True,2014-09-02T00:00:06Z,2014-09-02T23:59:51Z,5760,5760,0,14.999925,15.000714302,14.999990572,0.002404884,0,0,0,0,0.0,2.815269,16.517059,1.262191e-12,0.0001876847,0.001101138,False,0.00134,False
2014-09-03,RS03AXBS-MJ03A-06-PRESTA301,1,True,2014-09-03T00:00:06Z,2014-09-03T23:59:51Z,5760,5760,0,14.999925,15.000713825,14.999989915,0.001588655,0,0,0,0,0.0,2.836522,21.539548,1.7865e-12,0.0001891016,0.001435971,False,0.001768,False
2014-09-04,RS03AXBS-MJ03A-06-PRESTA301,1,True,2014-09-04T00:00:06Z,2014-09-04T23:59:51Z,5642,5760,118,14.999925,15.000699043,14.999989794,0.000759969,1,118,1,118,0.0,2.819468,19.072049,1.94332e-13,0.0001879646,0.001271471,False,0.00536,True
2014-09-05,RS03AXBS-MJ03A-06-PRESTA301,1,True,2014-09-05T00:00:06Z,2014-09-05T23:59:51Z,5437,5760,323,14.999925,15.00067234,14.999989656,-6.963e-05,1,323,1,323,0.0,2.792852,16.474077,8.124419e-13,0.0001861903,0.001098273,False,0.014508,True
2014-09-06,RS03AXBS-MJ03A-06-PRESTA301,1,True,2014-09-06T00:00:06Z,2014-09-06T23:59:51Z,5760,5760,0,14.999925,15.000666142,14.999989668,-0.001153055,0,0,0,0,0.0,2.838249,19.48717,1.696535e-12,0.0001892167,0.001299146,False,0.001516,False
2014-09-07,RS03AXBS-MJ03A-06-PRESTA301,1,True,2014-09-07T00:00:06Z,2014-09-07T23:59:51Z,5760,5760,0,14.999925,15.000644684,14.999989142,0.002990358,0,0,0,0,0.0,2.82084,20.320272,1.320615e-12,0.0001880561,0.001354686,False,0.00143,False
2014-09-08,RS03AXBS-MJ03A-06-PRESTA301,1,True,2014-09-08T00:00:06Z,2014-09-08T23:59:51Z,5569,5760,191,14.999925,15.000650406,14.999988539,0.003039756,1,191,1,191,-0.0,2.77844,16.051149,-1.010078e-12,0.0001852295,0.001070077,False,0.008432,True
2014-09-09,RS03AXBS-MJ03A-06-PRESTA301,1,True,2014-09-09T00:00:06Z,2014-09-09T23:59:51Z,5052,5760,708,14.999925,15.000618935,14.999988671,0.005334882,1,708,1,708,-0.0,2.814451,19.314654,-7.896454e-15,0.0001876302,0.001287645,False,0.029954,True
2014-09-10,RS03AXBS-MJ03A-06-PRESTA301,1,True,2014-09-10T00:00:06Z,2014-09-10T23:59:51Z,5760,5760,0,14.999925,15.000617027,14.999988675,0.001695417,0,0,0,0,0.0,2.773696,17.267634,1.6568e-12,0.0001849132,0.001151176,False,0.001377,False
2014-09-11,RS03AXBS-MJ03A-06-PRESTA301,1,True,2014-09-11T00:00:06Z,2014-09-11T21:25:51Z,5144,5144,0,14.999925,15.000658989,14.999988002,0.001536493,0,0,0,0,-0.0,2.802888,16.089051,-2.372937e-13,0.0001868594,0.001072604,False,0.001322,False
2014-09-12,RS03AXBS-MJ03A-06-PRESTA301,1,True,2014-09-12T22:44:27Z,2014-09-12T23:59:55Z,303,301,0,14.999925,15.105082512,15.056400181,17.119977124,0,0,0,0,0.0,6292.674943,17119.977124,1.989754e-14,0.4179402,1.137056,True,0.452181,False
2014-09-13,RS03AXBS-MJ03A-06-PRESTA301,1,True,2014-09-13T00:00:10Z,2014-09-13T23:59:55Z,5760,5760,0,14.999925,15.000667572,14.99999344,0.00379105,0,0,0,0,0.0,2.83224,20.790007,3.252075e-12,0.0001888161,0.001386001,False,0.001338,False
2014-09-14,RS03AXBS-MJ03A-06-PRESTA301,1,True,2014-09-14T00:00:10Z,2014-09-14T23:59:55Z,5760,5760,0,14.999925,15.000671864,14.999993646,-0.000142188,0,0,0,0,0.0,2.806339,16.013154,7.891349e-13,0.0001870893,0.001067544,False,0.00136,False
2014-09-15,RS03AXBS-MJ03A-06-PRESTA301,1,True,2014-09-15T00:00:10Z,2014-09-15T23:59:55Z,5760,5760,0,14.999925,15.000683308,14.999993676,0.002103807,0,0,0,0,0.0,2.809247,19.529359,2.343985e-12,0.0001872832,0.001301958,False,0.001354,False
2014-09-16,RS03AXBS-MJ03A-06-PRESTA301,1,True,2014-09-16T00:00:10Z,2014-09-16T23:59:55Z,5760,5760,0,14.999925,15.000716686,14.999993642,0.002533805,0,0,0,0,0.0,2.791881,17.076408,2.334604e-12,0.0001861255,0.001138428,False,0.001428,False
2014-09-17,RS03AXBS-MJ03A-06-PRESTA301,1,True,2014-09-17T00:00:10Z,2014-09-17T23:59:55Z,5760,5760,0,14.999925,15.000706196,14.999993568,0.000500402,0,0,0,0,0.0,2.809672,16.207266,1.375011e-12,0.0001873116,0.001080485,False,0.00135,False
2014-09-18,RS03AXBS-MJ03A-06-PRESTA301,1,True,2014-09-18T00:00:10Z,2014-09-18T23:59:55Z,5760,5760,0,14.999925,15.000718117,14.999993524,-0.00066681,0,0,0,0,0.0,2.806034,18.359074,2.383471e-12,0.000187069,0.001223939,False,0.0014,False
2014-09-19,RS03AXBS-MJ03A-06-PRESTA301,1,True,2014-09-19T00:00:10Z,2014-09-19T23:59:55Z,5760,5760,0,14.999925,15.000701904,14.999993501,-0.000857872,0,0,0,0,0.0,2.838007,19.764801,1.887413e-12,0.0001892006,0.001317654,False,0.001337,False
2014-09-20,RS03AXBS-MJ03A-06-PRESTA301,1,True,2014-09-20T00:00:10Z,2014-09-20T23:59:55Z,5760,5760,0,14.999925,15.000734329,14.999993538,-0.000958327,0,0,0,0,0.0,2.82349,16.152211,4.287824e-13,0.0001882327,0.001076815,False,0.001362,False
2014-09-21,RS03AXBS-MJ03A-06-PRESTA301,1,True,2014-09-21T00:00:10Z,2014-09-21T23:59:55Z,5760,5760,0,14.999925,15.000688076,14.999993534,0.001451242,0,0,0,0,0.0,2.785949,18.376286,1.767548e-12,0.00018573,0.001225086,False,0.001355,False
2014-09-22,RS03AXBS-MJ03A-06-PRESTA301,1,True,2014-09-22T00:00:10Z,2014-09-22T23:59:54Z,5760,5760,0,14.999925,15.000669003,14.99999372,-0.000708867,0,0,0,0,0.0,2.838857,21.016818,1.965375e-12,0.0001892572,0.001401122,False,0.001456,False
2014-09-23,RS03AXBS-MJ03A-06-PRESTA301,1,True,2014-09-23T00:00:09Z,2014-09-23T23:59:54Z,5760,5760,0,14.999925,15.000683784,14.999993701,-0.000286634,0,0,0,0,0.0,2.813477,16.158451,1.742844e-12,0.0001875652,0.001077231,False,0.001332,False
2014-09-24,RS03AXBS-MJ03A-06-PRESTA301,1,True,2014-09-24T00:00:09Z,2014-09-24T23:59:54Z,5760,5760,0,14.999925,15.000665188,14.999993535,0.003833339,0,0,0,0,0.0,2.794719,16.206572,1.225646e-12,0.0001863147,0.001080439,False,0.001332,False
2014-09-25,RS03AXBS-MJ03A-06-PRESTA301,1,True,2014-09-25T00:00:09Z,2014-09-25T23:59:54Z,5760,5760,0,14.999925,15.000673771,14.999993457,-0.01407354,0,0,0,0,0.0,2.823536,20.362617,1.318018e-12,0.0001882358,0.001357508,False,0.001366,False
2014-09-26,RS03AXBS-MJ03A-06-PRESTA301,1,True,2014-09-26T00:00:09Z,2014-09-26T23:59:54Z,5760,5760,0,14.999925,15.000657082,14.999993589,-0.001559869,0,0,0,0,0.0,2.81025,16.127155,2.494301e-12,0.0001873501,0.001075144,False,0.001352,False
2014-09-27,RS03AXBS-MJ03A-06-PRESTA301,1,True,2014-09-27T00:00:09Z,2014-09-27T23:59:54Z,5562,5760,198,14.999925,15.000664711,14.999993451,0.00263533,1,198,1,199,-0.0,3.22135,116.156916,-1.435308e-12,0.0002147568,0.007743798,False,0.016721,True
2014-09-28,RS03AXBS-MJ03A-06-PRESTA301,1,True,2014-09-28T00:00:09Z,2014-09-28T23:59:54Z,5760,5760,0,14.999925,15.000667572,14.999993315,-0.003233473,0,0,0,0,0.0,2.804547,17.244527,1.405468e-12,0.0001869699,0.001149636,False,0.00134,False
2014-09-29,RS03AXBS-MJ03A-06-PRESTA301,1,True,2014-09-29T00:00:09Z,2014-09-29T23:59:54Z,5760,5760,0,14.999925,15.000699997,14.999993331,0.003041102,0,0,0,0,0.0,2.815178,16.160005,1.178619e-12,0.0001876786,0.001077334,False,0.001339,False
2014-09-30,RS03AXBS-MJ03A-06-PRESTA301,1,True,2014-09-30T00:00:09Z,2014-09-30T23:59:54Z,5760,5760,0,14.999925,15.000713348,14.999993493,0.00054911,0,0,0,0,0.0,2.79522,16.554595,4.71654e-13,0.0001863481,0.00110364,False,0.001347,False
2014-10-01,RS03AXBS-MJ03A-06-PRESTA301,1,False,,,0,0,,14.999925,,,,,,,,,,,,,,,,False
2014-10-02,RS03AXBS-MJ03A-06-PRESTA301,1,True,2014-10-02T00:00:09Z,2014-10-02T23:59:54Z,5760,5760,0,14.999925,15.000710964,14.999993628,0.001583773,0,0,0,0,0.0,2.806884,16.027796,1.170429e-12,0.0001871257,0.00106852,False,0.001328,False
2014-10-03,RS03AXBS-MJ03A-06-PRESTA301,1,True,2014-10-03T00:00:09Z,2014-10-03T23:59:54Z,5760,5760,0,14.999925,15.000708103,14.999993403,-0.000766982,0,0,0,0,0.0,2.785765,19.314635,1.260244e-12,0.0001857177,0.001287643,False,0.001366,False
2014-10-04,RS03AXBS-MJ03A-06-PRESTA301,1,False,,,0,0,,14.999925,,,,,,,,,,,,,,,,False
2014-10-05,RS03AXBS-MJ03A-06-PRESTA301,1,True,2014-10-05T00:00:09Z,2014-10-05T23:59:54Z,5760,5760,0,14.999925,15.000663757,14.999993642,0.000966591,0,0,0,0,-0.0,2.771417,16.225373,-1.657067e-13,0.0001847612,0.001081692,False,0.001346,False
2014-10-06,RS03AXBS-MJ03A-06-PRESTA301,1,True,2014-10-06T00:00:09Z,2014-10-06T23:59:54Z,5760,5760,0,14.999925,15.000650883,14.999993267,0.002965662,0,0,0,0,0.0,2.794037,17.756295,8.423096e-13,0.0001862692,0.001183754,False,0.001327,False
2014-10-07,RS03AXBS-MJ03A-06-PRESTA301,1,True,2014-10-07T00:00:09Z,2014-10-07T23:59:54Z,5760,5760,0,14.999925,15.000632763,14.999993685,0.00109509,0,0,0,0,0.0,2.827725,21.150312,3.308175e-12,0.0001885151,0.001410021,False,0.001574,False
2014-10-08,RS03AXBS-MJ03A-06-PRESTA301,1,True,2014-10-08T00:00:09Z,2014-10-08T23:59:54Z,5760,5760,0,14.999925,15.000629902,14.999994138,0.000779867,0,0,0,0,0.0,2.809072,15.959155,3.317293e-12,0.0001872715,0.001063944,False,0.001349,False
2014-10-09,RS03AXBS-MJ03A-06-PRESTA301,1,True,2014-10-09T00:00:09Z,2014-10-09T23:59:54Z,5760,5760,0,14.999925,15.000628948,14.999993868,-5.1118e-05,0,0,0,0,0.0,2.81425,17.412815,2.61426e-12,0.0001876167,0.001160855,False,0.001351,False
2014-10-10,RS03AXBS-MJ03A-06-PRESTA301,1,True,2014-10-10T00:00:09Z,2014-10-10T23:59:54Z,5760,5760,0,14.999925,15.000617027,14.999993722,0.000614171,0,0,0,0,0.0,2.769404,19.166884,1.867532e-12,0.000184627,0.001277793,False,0.001524,False
2014-10-11,RS03AXBS-MJ03A-06-PRESTA301,1,True,2014-10-11T00:00:09Z,2014-10-11T23:59:54Z,5760,5760,0,14.999925,15.000647545,14.999993804,-0.000790086,0,0,0,0,0.0,2.809634,16.251409,1.959728e-12,0.000187309,0.001083428,False,0.00135,False
2014-10-12,RS03AXBS-MJ03A-06-PRESTA301,1,True,2014-10-12T00:00:09Z,2014-10-12T23:59:54Z,5760,5760,0,14.999925,15.000682831,14.999993361,-0.010251299,0,0,0,0,0.0,2.820219,20.082251,1.503392e-12,0.0001880147,0.001338817,False,0.001425,False
2014-10-13,RS03AXBS-MJ03A-06-PRESTA301,1,True,2014-10-13T00:00:09Z,2014-10-13T23:59:54Z,5760,5760,0,14.999925,15.000688076,14.999992678,-3.7275e-05,0,0,0,0,0.0,2.78587,16.927883,2.719061e-12,0.0001857248,0.001128526,False,0.001306,False
2014-10-14,RS03AXBS-MJ03A-06-PRESTA301,1,True,2014-10-14T00:00:09Z,2014-10-14T23:59:54Z,5760,5760,0,14.999925,15.000713825,14.999991908,-0.001090012,0,0,0,0,0.0,2.84893,16.206189,2.065991e-12,0.0001899288,0.001080413,False,0.001347,False
2014-10-15,RS03AXBS-MJ03A-06-PRESTA301,1,True,2014-10-15T00:00:09Z,2014-10-15T23:59:54Z,5760,5760,0,14.999925,15.000710011,14.999992316,-6.5543e-05,0,0,0,0,0.0,2.835296,19.51784,1.658702e-12,0.0001890198,0.00130119,False,0.001305,False
2014-10-16,RS03AXBS-MJ03A-06-PRESTA301,1,True,2014-10-16T00:00:09Z,2014-10-16T23:59:54Z,5760,5760,0,14.999925,15.000699043,14.999992075,-0.000804959,0,0,0,0,0.0,2.832994,19.940819,2.461886e-12,0.0001888664,0.001329389,False,0.001536,False
2014-10-17,RS03AXBS-MJ03A-06-PRESTA301,1,True,2014-10-17T00:00:09Z,2014-10-17T23:59:54Z,5760,5760,0,14.999925,15.000715256,14.999991565,0.003102833,0,0,0,0,0.0,2.801397,16.224763,2.434365e-12,0.0001867599,0.001081651,False,0.001355,False
2014-10-18,RS03AXBS-MJ03A-06-PRESTA301,1,True,2014-10-18T00:00:09Z,2014-10-18T23:59:53Z,5760,5760,0,14.999925,15.000731945,14.999991871,0.002393424,0,0,0,0,0.0,2.825814,19.851595,1.651893e-12,0.0001883877,0.00132344,False,0.001535,False
2014-10-19,RS03AXBS-MJ03A-06-PRESTA301,1,True,2014-10-19T00:00:08Z,2014-10-19T23:59:53Z,5760,5760,0,14.999925,15.000702858,14.999991105,0.001469749,0,0,0,0,0.0,2.808072,18.067676,2.440124e-12,0.0001872049,0.001204512,False,0.001337,False
2014-10-20,RS03AXBS-MJ03A-06-PRESTA301,1,True,2014-10-20T00:00:08Z,2014-10-20T23:59:53Z,5760,5760,0,14.999925,15.000691891,14.999991361,-0.001175306,0,0,0,0,0.0,2.836433,16.207381,2.321965e-12,0.0001890957,0.001080493,False,0.001351,False
2014-10-21,RS03AXBS-MJ03A-06-PRESTA301,1,True,2014-10-21T00:00:08Z,2014-10-21T23:59:53Z,5760,5760,0,14.999925,15.000693798,14.999991228,0.000467747,0,0,0,0,0.0,2.810009,15.753727,1.931314e-12,0.0001873341,0.001050249,False,0.001342,False
2014-10-22,RS03AXBS-MJ03A-06-PRESTA301,1,True,2014-10-22T00:00:08Z,2014-10-22T23:59:53Z,5760,5760,0,14.999925,15.000675201,14.999991615,0.001440279,0,0,0,0,0.0,2.847379,17.031216,2.262969e-12,0.0001898254,0.001135415,False,0.001356,False
2014-10-23,RS03AXBS-MJ03A-06-PRESTA301,1,True,2014-10-23T00:00:08Z,2014-10-23T23:59:53Z,5760,5760,0,14.999925,15.000686169,14.999991283,0.001620752,0,0,0,0,0.0,2.81148,16.156642,1.953994e-12,0.0001874321,0.00107711,False,0.001346,False
2014-10-24,RS03AXBS-MJ03A-06-PRESTA301,1,True,2014-10-24T00:00:08Z,2014-10-24T23:59:53Z,5760,5760,0,14.999925,15.000683784,14.999991027,0.001460514,0,0,0,0,0.0,2.815713,21.400716,2.209149e-12,0.0001877143,0.001426715,False,0.001689,False
2014-10-25,RS03AXBS-MJ03A-06-PRESTA301,1,True,2014-10-25T00:00:08Z,2014-10-25T23:59:53Z,5760,5760,0,14.999925,15.000648975,14.99999073,-0.00146312,0,0,0,0,0.0,2.781753,17.136742,2.019435e-12,0.0001854503,0.00114245,False,0.001352,False
2014-10-26,RS03AXBS-MJ03A-06-PRESTA301,1,True,2014-10-26T00:00:08Z,2014-10-26T23:59:53Z,5760,5760,0,14.999925,15.000658035,14.999990517,-0.0011103,0,0,0,0,0.0,2.827878,16.081197,2.126448e-12,0.0001885253,0.00107208,False,0.001347,False
2014-10-27,RS03AXBS-MJ03A-06-PRESTA301,1,True,2014-10-27T00:00:08Z,2014-10-27T23:59:53Z,5760,5760,0,14.999925,15.000682354,14.999989935,0.000442273,0,0,0,0,0.0,2.817753,19.686405,2.266277e-12,0.0001878503,0.001312428,False,0.001522,False
2014-10-28,RS03AXBS-MJ03A-06-PRESTA301,1,True,2014-10-28T00:00:08Z,2014-10-28T23:59:53Z,5760,5760,0,14.999925,15.00068903,14.999989716,-0.001099607,0,0,0,0,0.0,2.806293,21.023864,8.653487e-13,0.0001870863,0.001401592,False,0.001328,False
2014-10-29,RS03AXBS-MJ03A-06-PRESTA301,1,True,2014-10-29T00:00:08Z,2014-10-29T23:59:53Z,5760,5760,0,14.999925,15.000675678,14.999989445,-0.013782304,0,0,0,0,0.0,2.818825,16.238871,2.377938e-12,0.0001879218,0.001082592,False,0.001371,False
2014-10-30,RS03AXBS-MJ03A-06-PRESTA301,1,True,2014-10-30T00:00:08Z,2014-10-30T23:59:53Z,2968,5760,2792,14.999925,15.000692368,14.999989828,-0.001617476,1,2792,1,2792,0.0,2.747751,15.351188,1.943944e-13,0.0001831836,0.001023413,False,0.130887,True
2014-10-31,RS03AXBS-MJ03A-06-PRESTA301,1,True,2014-10-31T00:00:08Z,2014-10-31T23:59:53Z,5760,5760,0,14.999925,15.00071907,14.999989583,-0.002453674,0,0,0,0,0.0,2.789995,16.737697,2.325629e-12,0.0001859998,0.001115847,False,0.001331,False
2014-11-01,RS03AXBS-MJ03A-06-PRESTA301,1,True,2014-11-01T00:00:08Z,2014-11-01T23:59:53Z,5760,5760,0,14.999925,15.000696182,14.999990103,0.004164457,0,0,0,0,0.0,2.803273,16.165203,2.153814e-12,0.000186885,0.001077681,False,0.001328,False
2014-11-02,RS03AXBS-MJ03A-06-PRESTA301,1,True,2014-11-02T00:00:08Z,2014-11-02T23:59:53Z,5760,5760,0,14.999925,15.000686646,14.999989623,0.001904423,0,0,0,0,0.0,2.77834,17.998494,1.801838e-12,0.0001852228,0.0011999,False,0.001274,False
2014-11-03,RS03AXBS-MJ03A-06-PRESTA301,1,True,2014-11-03T00:00:08Z,2014-11-03T23:59:53Z,5760,5760,0,14.999925,15.000679016,14.999989355,-0.001047491,0,0,0,0,0.0,2.799634,20.924085,2.297053e-12,0.0001866424,0.00139494,False,0.001475,False
2014-11-04,RS03AXBS-MJ03A-06-PRESTA301,1,True,2014-11-04T00:00:08Z,2014-11-04T16:05:38Z,3863,3863,0,14.999925,15.000704527,14.999988982,0.002151306,0,0,0,0,-0.0,2.825839,15.963992,-1.440878e-12,0.0001883894,0.001064267,False,0.001338,False
2014-11-05,RS03AXBS-MJ03A-06-PRESTA301,1,True,2014-11-05T19:12:37Z,2014-11-05T23:59:52Z,1150,1150,0,14.999925,15.000586033,14.99998833,-0.000123139,0,0,0,0,0.0,2.832813,15.581455,3.385196e-13,0.0001888544,0.001038764,False,0.001343,False
2014-11-06,RS03AXBS-MJ03A-06-PRESTA301,1,True,2014-11-06T00:00:07Z,2014-11-06T23:59:52Z,5760,5760,0,14.999925,15.000620842,14.999989041,0.002729002,0,0,0,0,0.0,2.835774,18.21419,1.771516e-12,0.0001890517,0.00121428,False,0.001403,False
2014-11-07,RS03AXBS-MJ03A-06-PRESTA301,1,True,2014-11-07T00:00:07Z,2014-11-07T23:59:52Z,5760,5760,0,14.999925,15.000610828,14.999988996,0.000798414,0,0,0,0,0.0,2.80281,15.98773,1.9059e-12,0.0001868541,0.001065849,False,0.001354,False
2014-11-08,RS03AXBS-MJ03A-06-PRESTA301,1,True,2014-11-08T00:00:07Z,2014-11-08T23:59:52Z,5760,5760,0,14.999925,15.000635147,14.999988394,-0.001551308,0,0,0,0,0.0,2.810461,20.631633,3.020947e-12,0.0001873642,0.001375443,False,0.00134,False
2014-11-09,RS03AXBS-MJ03A-06-PRESTA301,1,True,2014-11-09T00:00:07Z,2014-11-09T23:59:52Z,5760,5760,0,14.999925,15.000658035,14.999988082,0.002025399,0,0,0,0,0.0,2.837741,20.334763,2.854664e-12,0.0001891829,0.001355652,False,0.001339,False
2014-11-10,RS03AXBS-MJ03A-06-PRESTA301,1,True,2014-11-10T00:00:07Z,2014-11-10T23:59:52Z,5760,5760,0,14.999925,15.000649929,14.999987798,0.002491585,0,0,0,0,0.0,2.812994,16.457691,2.102399e-12,0.0001875331,0.00109718,False,0.001335,False
2014-11-11,RS03AXBS-MJ03A-06-PRESTA301,1,True,2014-11-11T00:00:07Z,2014-11-11T23:59:52Z,5760,5760,0,14.999925,15.000681877,14.999987331,0.003294675,0,0,0,0,0.0,2.790776,17.715577,2.646925e-12,0.0001860519,0.001181039,False,0.001355,False
2014-11-12,RS03AXBS-MJ03A-06-PRESTA301,1,True,2014-11-12T00:00:07Z,2014-11-12T23:59:52Z,5760,5760,0,14.999925,15.000694752,14.999987674,-0.001044967,0,0,0,0,0.0,2.79283,16.123844,1.338194e-12,0.0001861888,0.001074924,False,0.001347,False
2014-11-13,RS03AXBS-MJ03A-06-PRESTA301,1,True,2014-11-13T00:00:07Z,2014-11-13T23:59:52Z,5760,5760,0,14.999925,15.000699997,14.999986975,0.001865712,0,0,0,0,0.0,2.810947,16.008769,1.501862e-12,0.0001873967,0.001067252,False,0.001308,False
2014-11-14,RS03AXBS-MJ03A-06-PRESTA301,1,True,2014-11-14T00:00:07Z,2014-11-14T18:36:52Z,4468,4468,0,14.999925,15.000686169,14.999987485,0.001073627,0,0,0,0,-0.0,2.793883,18.656503,-4.583593e-13,0.000186259,0.001243768,False,0.001328,False
2014-11-15,RS03AXBS-MJ03A-06-PRESTA301,1,False,,,0,0,,14.999925,,,,,,,,,,,,,,,,False
2014-11-16,RS03AXBS-MJ03A-06-PRESTA301,1,False,,,0,0,,14.999925,,,,,,,,,,,,,,,,False
2014-11-17,RS03AXBS-MJ03A-06-PRESTA301,1,True,2014-11-17T18:12:52Z,2014-11-17T23:59:52Z,1389,1389,0,14.999925,15.000728607,14.99998628,-0.000525017,0,0,0,0,0.0,2.769517,15.87481,5.602977e-13,0.0001846347,0.001058322,False,0.001306,False
2014-11-18,RS03AXBS-MJ03A-06-PRESTA301,1,True,2014-11-18T00:00:07Z,2014-11-18T23:59:52Z,5760,5760,0,14.999925,15.000686646,14.999985711,0.001374749,0,0,0,0,0.0,2.773875,16.195461,3.00774e-12,0.0001849251,0.001079698,False,0.001359,False
2014-11-19,RS03AXBS-MJ03A-06-PRESTA301,1,True,2014-11-19T00:00:07Z,2014-11-19T23:59:51Z,5760,5760,0,14.999925,15.000699043,14.999986287,0.001135527,0,0,0,0,0.0,2.81321,19.856677,1.899888e-12,0.0001875475,0.00132378,False,0.001531,False
2014-11-20,RS03AXBS-MJ03A-06-PRESTA301,1,True,2014-11-20T00:00:06Z,2014-11-20T23:59:51Z,5760,5760,0,14.999925,15.000692844,14.999986562,0.001239711,0,0,0,0,0.0,2.810258,17.146362,1.968025e-12,0.0001873507,0.001143092,False,0.001373,False
2014-11-21,RS03AXBS-MJ03A-06-PRESTA301,1,True,2014-11-21T00:00:06Z,2014-11-21T23:59:51Z,5760,5760,0,14.999925,15.000669003,14.999985941,-0.002089412,0,0,0,0,0.0,2.782282,15.976326,1.811648e-12,0.0001854857,0.001065089,False,0.00134,False
2014-11-22,RS03AXBS-MJ03A-06-PRESTA301,1,True,2014-11-22T00:00:06Z,2014-11-22T23:59:51Z,5760,5760,0,14.999925,15.000649929,14.999986693,0.001828723,0,0,0,0,0.0,2.837414,21.581454,4.585134e-12,0.0001891611,0.001438765,False,0.001461,False
2014-11-23,RS03AXBS-MJ03A-06-PRESTA301,1,True,2014-11-23T00:00:06Z,2014-11-23T23:59:51Z,5760,5760,0,14.999925,15.000637054,14.999986944,-0.001818717,0,0,0,0,0.0,2.79101,16.20041,2.418856e-12,0.0001860675,0.001080028,False,0.001332,False
2014-11-24,RS03AXBS-MJ03A-06-PRESTA301,1,True,2014-11-24T00:00:06Z,2014-11-24T23:59:51Z,5760,5760,0,14.999925,15.000650883,14.999986001,-0.002029341,0,0,0,0,0.0,2.819683,15.89043,8.340692e-13,0.000187979,0.001059363,False,0.001347,False
2014-11-25,RS03AXBS-MJ03A-06-PRESTA301,1,True,2014-11-25T00:00:06Z,2014-11-25T23:59:51Z,5760,5760,0,14.999925,15.000646114,14.999985819,-0.000795769,0,0,0,0,0.0,2.80706,21.635642,1.307823e-12,0.0001871375,0.001442378,False,0.001351,False
2014-11-26,RS03AXBS-MJ03A-06-PRESTA301,1,True,2014-11-26T00:00:06Z,2014-11-26T23:59:51Z,5760,5760,0,14.999925,15.000665188,14.999986203,-0.001743612,0,0,0,0,0.0,2.82419,17.516351,1.82465e-12,0.0001882795,0.001167758,False,0.001367,False
2014-11-27,RS03AXBS-MJ03A-06-PRESTA301,1,True,2014-11-27T00:00:06Z,2014-11-27T23:59:51Z,5760,5760,0,14.999925,15.000683784,14.999985927,0.002461169,0,0,0,0,0.0,2.828937,16.384749,1.680277e-12,0.000188596,0.001092318,False,0.001361,False
2014-11-28,RS03AXBS-MJ03A-06-PRESTA301,1,True,2014-11-28T00:00:06Z,2014-11-28T23:59:51Z,5760,5760,0,14.999925,15.000689983,14.999985501,0.000857419,0,0,0,0,0.0,2.821504,20.041577,1.102694e-12,0.0001881004,0.001336106,False,0.001508,False
2014-11-29,RS03AXBS-MJ03A-06-PRESTA301,1,True,2014-11-29T00:00:06Z,2014-11-29T23:59:51Z,5760,5760,0,14.999925,15.00067234,14.999984769,0.001519674,0,0,0,0,0.0,2.835667,20.940525,2.017188e-12,0.0001890446,0.001396036,False,0.001437,False
2014-11-30,RS03AXBS-MJ03A-06-PRESTA301,1,True,2014-11-30T00:00:06Z,2014-11-30T23:59:51Z,5760,5760,0,14.999925,15.000691891,14.999985352,-0.001010897,0,0,0,0,0.0,2.817785,15.98559,2.668728e-12,0.0001878525,0.001065707,False,0.001341,False
2014-12-01,RS03AXBS-MJ03A-06-PRESTA301,1,True,2014-12-01T00:00:06Z,2014-12-01T23:59:50Z,5760,5760,0,14.999925,15.000658035,14.999984844,-0.000519053,0,0,0,0,0.0,2.830175,20.805035,1.348284e-12,0.0001886785,0.001387004,False,0.001467,False
2014-12-02,RS03AXBS-MJ03A-06-PRESTA301,1,True,2014-12-02T00:00:05Z,2014-12-02T23:59:50Z,5760,5760,0,14.999925,15.00067997,14.999985259,-0.009775562,0,0,0,0,0.0,2.817847,19.258663,2.054052e-12,0.0001878566,0.001283912,False,0.001365,False
2014-12-03,RS03AXBS-MJ03A-06-PRESTA301,1,True,2014-12-03T00:00:05Z,2014-12-03T23:59:50Z,5760,5760,0,14.999925,15.000668049,14.999984734,0.003319404,0,0,0,0,0.0,2.808406,15.953675,8.297164e-13,0.0001872273,0.001063579,False,0.001381,False
2014-12-04,RS03AXBS-MJ03A-06-PRESTA301,1,False,,,0,0,,14.999925,,,,,,,,,,,,,,,,False
2014-12-05,RS03AXBS-MJ03A-06-PRESTA301,1,True,2014-12-05T00:00:05Z,2014-12-05T23:59:50Z,5760,5760,0,14.999925,15.000641346,14.999985081,-0.000426541,0,0,0,0,0.0,2.764341,20.043718,2.036613e-12,0.0001842896,0.001336249,False,0.00146,False
2014-12-06,RS03AXBS-MJ03A-06-PRESTA301,1,True,2014-12-06T00:00:05Z,2014-12-06T23:59:50Z,5760,5760,0,14.999925,15.000633717,14.999984589,-0.000640528,0,0,0,0,0.0,2.790247,16.090166,2.857152e-12,0.0001860166,0.001072679,False,0.001321,False
2014-12-07,RS03AXBS-MJ03A-06-PRESTA301,1,True,2014-12-07T00:00:05Z,2014-12-07T20:59:35Z,5039,5039,0,14.999925,15.00064683,14.999984557,-0.000192775,0,0,0,0,-0.0,2.836437,18.81251,-1.284759e-13,0.000189096,0.001254169,False,0.001467,False
2014-12-08,RS03AXBS-MJ03A-06-PRESTA301,1,False,,,0,0,,14.999925,,,,,,,,,,,,,,,,False
2014-12-09,RS03AXBS-MJ03A-06-PRESTA301,1,False,,,0,0,,14.999925,,,,,,,,,,,,,,,,False
2014-12-10,RS03AXBS-MJ03A-06-PRESTA301,1,False,,,0,0,,14.999925,,,,,,,,,,,,,,,,False
2014-12-11,RS03AXBS-MJ03A-06-PRESTA301,1,True,2014-12-11T21:49:51Z,2014-12-11T23:59:51Z,521,521,0,14.999925,15.000616789,14.999993561,0.00145256,0,0,0,0,0.0,2.838085,15.610778,1.423045e-14,0.0001892057,0.001040719,False,0.001278,False
2014-12-12,RS03AXBS-MJ03A-06-PRESTA301,1,True,2014-12-12T00:00:06Z,2014-12-12T23:59:51Z,5760,5760,0,14.999925,15.000689983,14.999993472,0.000380099,0,0,0,0,0.0,2.796027,19.784073,1.731041e-12,0.0001864019,0.001318939,False,0.001423,False
2014-12-13,RS03AXBS-MJ03A-06-PRESTA301,1,True,2014-12-13T00:00:06Z,2014-12-13T23:59:51Z,5760,5760,0,14.999925,15.00070715,14.999993265,0.001613136,0,0,0,0,0.0,2.781035,16.026042,2.513813e-12,0.0001854024,0.001068403,False,0.001336,False
2014-12-14,RS03AXBS-MJ03A-06-PRESTA301,1,False,,,0,0,,14.999925,,,,,,,,,,,,,,,,False
2014-12-15,RS03AXBS-MJ03A-06-PRESTA301,1,False,,,0,0,,14.999925,,,,,,,,,,,,,,,,False
2014-12-16,RS03AXBS-MJ03A-06-PRESTA301,1,True,2014-12-16T00:00:06Z,2014-12-16T23:59:51Z,5760,5760,0,14.999925,15.00073719,14.99999322,0.000990993,0,0,0,0,0.0,2.801055,15.567474,1.028072e-12,0.0001867371,0.001037832,False,0.001336,False
2014-12-17,RS03AXBS-MJ03A-06-PRESTA301,1,True,2014-12-17T00:00:06Z,2014-12-17T23:59:51Z,5760,5760,0,14.999925,15.000703812,14.999993241,0.000985278,0,0,0,0,0.0,2.822905,21.176635,3.474963e-12,0.0001881938,0.001411776,False,0.001734,False
2014-12-18,RS03AXBS-MJ03A-06-PRESTA301,1,True,2014-12-18T00:00:06Z,2014-12-18T23:59:51Z,5760,5760,0,14.999925,15.000708103,14.999993175,0.001314081,0,0,0,0,0.0,2.78648,17.84243,2.4958e-12,0.0001857654,0.001189496,False,0.001346,False
2014-12-19,RS03AXBS-MJ03A-06-PRESTA301,1,True,2014-12-19T00:00:06Z,2014-12-19T23:59:51Z,5760,5760,0,14.999925,15.000679016,14.999992985,0.000756648,0,0,0,0,0.0,2.814732,16.031272,8.888933e-13,0.0001876489,0.001068752,False,0.001371,False
2014-12-20,RS03AXBS-MJ03A-06-PRESTA301,1,True,2014-12-20T00:00:06Z,2014-12-20T23:59:51Z,5760,5760,0,14.999925,15.00065279,14.999993044,-4.165e-05,0,0,0,0,0.0,2.799682,21.397205,1.616258e-12,0.0001866456,0.001426481,False,0.001762,False
2014-12-21,RS03AXBS-MJ03A-06-PRESTA301,1,True,2014-12-21T00:00:06Z,2014-12-21T23:59:51Z,5760,5760,0,14.999925,15.000627041,14.999993025,0.000839449,0,0,0,0,0.0,2.820761,18.930152,1.659849e-12,0.0001880508,0.001262011,False,0.001361,False
2014-12-22,RS03AXBS-MJ03A-06-PRESTA301,1,True,2014-12-22T00:00:06Z,2014-12-22T23:59:51Z,5760,5760,0,14.999925,15.000655174,14.999993524,-0.000983192,0,0,0,0,0.0,2.727069,15.984492,3.627685e-13,0.0001818047,0.001065633,False,0.001297,False
2014-12-23,RS03AXBS-MJ03A-06-PRESTA301,1,True,2014-12-23T00:00:06Z,2014-12-23T23:59:51Z,5760,5760,0,14.999925,15.000616074,14.99999357,-0.012269948,0,0,0,0,0.0,2.820232,19.164735,2.906984e-12,0.0001880156,0.00127765,False,0.001505,False
2014-12-24,RS03AXBS-MJ03A-06-PRESTA301,1,True,2014-12-24T00:00:06Z,2014-12-24T23:59:51Z,5760,5760,0,14.999925,15.00065279,14.999993538,-0.002783107,0,0,0,0,0.0,2.837221,20.329438,2.171455e-12,0.0001891481,0.001355296,False,0.00149,False
2014-12-25,RS03AXBS-MJ03A-06-PRESTA301,1,True,2014-12-25T00:00:06Z,2014-12-25T23:59:51Z,5760,5760,0,14.999925,15.0006423,14.999993398,0.003161303,0,0,0,0,0.0,2.791718,15.782762,3.141972e-12,0.0001861146,0.001052185,False,0.001341,False
2014-12-26,RS03AXBS-MJ03A-06-PRESTA301,1,True,2014-12-26T00:00:06Z,2014-12-26T23:59:51Z,5760,5760,0,14.999925,15.000664711,14.999993122,0.001025934,0,0,0,0,0.0,2.806085,19.097259,2.291321e-12,0.0001870725,0.001273151,False,0.001332,False
2014-12-27,RS03AXBS-MJ03A-06-PRESTA301,1,True,2014-12-27T00:00:06Z,2014-12-27T23:59:51Z,5760,5760,0,14.999925,15.000669956,14.999993102,0.001762672,0,0,0,0,0.0,2.816887,18.701266,2.3583e-12,0.0001877926,0.001246752,False,0.001403,False
2014-12-28,RS03AXBS-MJ03A-06-PRESTA301,1,True,2014-12-28T00:00:06Z,2014-12-28T23:59:51Z,5760,5760,0,14.999925,15.000680923,14.999992917,0.001139852,0,0,0,0,0.0,2.802527,16.067849,2.213868e-12,0.0001868352,0.00107119,False,0.001358,False
2014-12-29,RS03AXBS-MJ03A-06-PRESTA301,1,True,2014-12-29T00:00:06Z,2014-12-29T23:59:51Z,5760,5760,0,14.999925,15.000680923,14.999992821,-0.000715765,0,0,0,0,0.0,2.799566,21.843218,2.388065e-12,0.0001866378,0.001456215,False,0.001715,False
2014-12-30,RS03AXBS-MJ03A-06-PRESTA301,1,True,2014-12-30T00:00:06Z,2014-12-30T23:59:51Z,5760,5760,0,14.999925,15.000669003,14.999993336,-0.00117505,0,0,0,0,0.0,2.809973,21.442735,1.572774e-12,0.0001873316,0.001429516,False,0.001377,False
2014-12-31,RS03AXBS-MJ03A-06-PRESTA301,1,True,2014-12-31T00:00:06Z,2014-12-31T23:59:51Z,5760,5760,0,14.999925,15.000673294,14.999993121,0.001152051,0,0,0,0,0.0,2.81492,15.99993,2.217124e-12,0.0001876614,0.001066662,False,0.00134,False
2015-01-01,RS03AXBS-MJ03A-06-PRESTA301,1,True,2015-01-01T00:00:06Z,2015-01-01T23:59:51Z,5760,5760,0,14.999925,15.000690937,14.999993037,-0.001093054,0,0,0,0,0.0,2.805904,18.081463,8.635581e-13,0.0001870603,0.001205431,False,0.001515,False
2015-01-02,RS03AXBS-MJ03A-06-PRESTA301,1,True,2015-01-02T00:00:06Z,2015-01-02T23:59:51Z,5760,5760,0,14.999925,15.000664234,14.999993137,0.00177881,0,0,0,0,0.0,2.780354,20.514368,5.631356e-13,0.000185357,0.001367625,False,0.001338,False
2015-01-03,RS03AXBS-MJ03A-06-PRESTA301,1,True,2015-01-03T00:00:06Z,2015-01-03T23:59:51Z,5760,5760,0,14.999925,15.000660896,14.999993505,0.000834235,0,0,0,0,0.0,2.806101,16.261504,1.044532e-12,0.0001870735,0.001084101,False,0.001341,False
2015-01-04,RS03AXBS-MJ03A-06-PRESTA301,1,True,2015-01-04T00:00:06Z,2015-01-04T23:59:51Z,5760,5760,0,14.999925,15.000648022,14.999993381,0.000793657,0,0,0,0,-0.0,2.832954,16.544569,-1.423394e-13,0.0001888637,0.001102972,False,0.001339,False
2015-01-05,RS03AXBS-MJ03A-06-PRESTA301,1,True,2015-01-05T00:00:06Z,2015-01-05T23:59:50Z,5760,5760,0,14.999925,15.000638962,14.999993141,0.001565349,0,0,0,0,0.0,2.835318,20.067477,2.003812e-12,0.0001890213,0.001337832,False,0.001354,False
2015-01-06,RS03AXBS-MJ03A-06-PRESTA301,1,True,2015-01-06T00:00:05Z,2015-01-06T23:59:50Z,5760,5760,0,14.999925,15.000640869,14.999992458,0.002019296,0,0,0,0,0.0,2.81142,16.386468,1.481471e-12,0.0001874281,0.001092432,False,0.001325,False
2015-01-07,RS03AXBS-MJ03A-06-PRESTA301,1,False,,,0,0,,14.999925,,,,,,,,,,,,,,,,False
2015-01-08,RS03AXBS-MJ03A-06-PRESTA301,1,True,2015-01-08T00:00:05Z,2015-01-08T23:59:50Z,5760,5760,0,14.999925,15.00066185,14.999992732,0.002529428,0,0,0,0,0.0,2.8231,16.893936,1.639631e-12,0.0001882067,0.001126263,False,0.001347,False
2015-01-09,RS03AXBS-MJ03A-06-PRESTA301,1,True,2015-01-09T00:00:05Z,2015-01-09T23:59:50Z,5760,5760,0,14.999925,15.000706196,14.99999292,-0.011945379,0,0,0,0,0.0,2.804532,16.418818,1.198107e-12,0.0001869689,0.001094588,False,0.001342,False
2015-01-10,RS03AXBS-MJ03A-06-PRESTA301,1,True,2015-01-10T00:00:05Z,2015-01-10T23:59:50Z,5760,5760,0,14.999925,15.000688076,14.999992307,1.5104e-05,0,0,0,0,0.0,2.830797,19.10706,1.892268e-12,0.0001887199,0.001273805,False,0.001336,False
2015-01-11,RS03AXBS-MJ03A-06-PRESTA301,1,True,2015-01-11T00:00:05Z,2015-01-11T23:59:50Z,5760,5760,0,14.999925,15.000704765,14.999991911,0.00095401,0,0,0,0,0.0,2.800704,19.428804,1.976954e-12,0.0001867137,0.001295254,False,0.001348,False
2015-01-12,RS03AXBS-MJ03A-06-PRESTA301,1,True,2015-01-12T00:00:05Z,2015-01-12T23:59:50Z,5760,5760,0,14.999925,15.000708103,14.999992111,-0.000550268,0,0,0,0,0.0,2.817327,16.517664,1.348822e-12,0.0001878219,0.001101178,False,0.001355,False
2015-01-13,RS03AXBS-MJ03A-06-PRESTA301,1,True,2015-01-13T00:00:05Z,2015-01-13T23:59:50Z,5760,5760,0,14.999925,15.000713825,14.999991896,0.000733061,0,0,0,0,0.0,2.806956,22.166682,1.383852e-12,0.0001871305,0.00147778,False,0.00157,False
2015-01-14,RS03AXBS-MJ03A-06-PRESTA301,1,True,2015-01-14T00:00:05Z,2015-01-14T23:59:50Z,5760,5760,0,14.999925,15.000715733,14.999991138,0.002934708,0,0,0,0,0.0,2.833163,21.464861,1.759155e-12,0.0001888777,0.001430992,False,0.001594,False
2015-01-15,RS03AXBS-MJ03A-06-PRESTA301,1,True,2015-01-15T00:00:05Z,2015-01-15T23:59:50Z,5760,5760,0,14.999925,15.000686169,14.999991287,0.004298966,0,0,0,0,0.0,2.825725,16.636264,4.448797e-13,0.0001883818,0.001109085,False,0.001341,False
2015-01-16,RS03AXBS-MJ03A-06-PRESTA301,1,True,2015-01-16T00:00:05Z,2015-01-16T23:59:50Z,5760,5760,0,14.999925,15.000696182,14.999991176,-0.00169591,0,0,0,0,0.0,2.830963,20.488371,1.907997e-12,0.000188731,0.001365892,False,0.001349,False
2015-01-17,RS03AXBS-MJ03A-06-PRESTA301,1,True,2015-01-17T00:00:05Z,2015-01-17T23:59:50Z,5760,5760,0,14.999925,15.000676155,14.999990968,0.002355238,0,0,0,0,0.0,2.78392,18.593617,6.923884e-13,0.0001855948,0.001239575,False,0.001347,False
2015-01-18,RS03AXBS-MJ03A-06-PRESTA301,1,True,2015-01-18T00:00:05Z,2015-01-18T23:59:50Z,5760,5760,0,14.999925,15.000657082,14.999991186,-0.000351627,0,0,0,0,0.0,2.798036,15.914493,1.185705e-12,0.0001865359,0.001060967,False,0.00133,False
2015-01-19,RS03AXBS-MJ03A-06-PRESTA301,1,True,2015-01-19T00:00:05Z,2015-01-19T23:59:50Z,5760,5760,0,14.999925,15.000645161,14.999990982,-9.369e-06,0,0,0,0,0.0,2.815007,18.322677,1.282446e-12,0.0001876672,0.001221513,False,0.001353,False
2015-01-20,RS03AXBS-MJ03A-06-PRESTA301,1,True,2015-01-20T00:00:05Z,2015-01-20T23:59:50Z,5760,5760,0,14.999925,15.000657082,14.999990968,-0.000519692,0,0,0,0,0.0,2.814682,16.314454,1.491747e-13,0.0001876456,0.001087631,False,0.001374,False
2015-01-21,RS03AXBS-MJ03A-06-PRESTA301,1,True,2015-01-21T00:00:05Z,2015-01-21T23:59:50Z,5760,5760,0,14.999925,15.000647068,14.999990794,0.001559098,0,0,0,0,0.0,2.812543,20.097231,4.537436e-13,0.000187503,0.001339816,False,0.001343,False
2015-01-22,RS03AXBS-MJ03A-06-PRESTA301,1,True,2015-01-22T00:00:05Z,2015-01-22T23:59:50Z,5760,5760,0,14.999925,15.000607014,14.999991175,0.000595366,0,0,0,0,0.0,2.767363,20.879028,2.232532e-12,0.0001844909,0.001391936,False,0.001716,False
2015-01-23,RS03AXBS-MJ03A-06-PRESTA301,1,True,2015-01-23T00:00:05Z,2015-01-23T23:59:50Z,5760,5760,0,14.999925,15.000645161,14.999991261,-0.001359919,0,0,0,0,0.0,2.864382,16.096808,2.256558e-12,0.0001909589,0.001073121,False,0.001337,False
2015-01-24,RS03AXBS-MJ03A-06-PRESTA301,1,True,2015-01-24T00:00:05Z,2015-01-24T23:59:50Z,5760,5760,0,14.999925,15.000650883,14.999991751,-0.00090678,0,0,0,0,0.0,2.778205,19.153811,1.406302e-12,0.0001852137,0.001276921,False,0.001312,False
2015-01-25,RS03AXBS-MJ03A-06-PRESTA301,1,True,2015-01-25T00:00:05Z,2015-01-25T23:59:50Z,5760,5760,0,14.999925,15.000668049,14.999992188,0.000122121,0,0,0,0,0.0,2.804025,20.723502,2.2423e-12,0.0001869351,0.001381568,False,0.001464,False
2015-01-26,RS03AXBS-MJ03A-06-PRESTA301,1,True,2015-01-26T00:00:05Z,2015-01-26T23:59:49Z,5760,5760,0,14.999925,15.000679016,14.999991587,-0.013714691,0,0,0,0,0.0,2.814512,15.985765,1.345055e-12,0.0001876342,0.001065718,False,0.001348,False
2015-01-27,RS03AXBS-MJ03A-06-PRESTA301,1,True,2015-01-27T00:00:04Z,2015-01-27T23:59:49Z,5760,5760,0,14.999925,15.000680923,14.99999088,-0.001002494,0,0,0,0,0.0,2.808144,17.464213,1.389562e-12,0.0001872097,0.001164282,False,0.001381,False
2015-01-28,RS03AXBS-MJ03A-06-PRESTA301,1,True,2015-01-28T00:00:04Z,2015-01-28T23:59:49Z,5760,5760,0,14.999925,15.000711918,14.999990835,0.00025399,0,0,0,0,0.0,2.819873,20.814525,1.756541e-12,0.0001879917,0.001387636,False,0.001409,False
2015-01-29,RS03AXBS-MJ03A-06-PRESTA301,1,True,2015-01-29T00:00:04Z,2015-01-29T23:59:49Z,5760,5760,0,14.999925,15.000689983,14.999990667,0.001206582,0,0,0,0,0.0,2.779786,15.920037,7.816198e-13,0.0001853192,0.001061336,False,0.001347,False
2015-01-30,RS03AXBS-MJ03A-06-PRESTA301,1,True,2015-01-30T00:00:04Z,2015-01-30T23:59:49Z,5735,5760,25,14.999925,15.00066781,14.99999117,0.001454217,1,25,1,25,0.0,2.786905,16.824485,3.432113e-13,0.0001857938,0.001121633,False,0.001337,True
2015-01-31,RS03AXBS-MJ03A-06-PRESTA301,1,True,2015-01-31T00:00:04Z,2015-01-31T23:59:49Z,5479,5760,281,14.999925,15.000679016,14.999990741,-0.002607638,1,281,1,281,-0.0,2.809305,17.052486,-1.230747e-12,0.0001872871,0.001136833,False,0.013081,True
2015-02-01,RS03AXBS-MJ03A-06-PRESTA301,1,False,,,0,0,,14.999925,,,,,,,,,,,,,,,,False
2015-02-02,RS03AXBS-MJ03A-06-PRESTA301,1,False,,,0,0,,14.999925,,,,,,,,,,,,,,,,False
2015-02-03,RS03AXBS-MJ03A-06-PRESTA301,1,True,2015-02-03T09:57:19Z,2015-02-03T23:59:49Z,3371,3371,0,14.999925,15.000641823,14.999990241,-0.001192684,0,0,0,0,-0.0,2.802113,19.673543,-4.96629e-13,0.0001868077,0.00131157,False,0.001491,False
2015-02-04,RS03AXBS-MJ03A-06-PRESTA301,1,True,2015-02-04T00:00:04Z,2015-02-04T23:09:49Z,5560,5560,0,14.999925,15.000654221,14.999989644,-0.001318039,0,0,0,0,0.0,2.814676,16.234921,1.692996e-12,0.0001876452,0.001082329,False,0.00132,False
2015-02-05,RS03AXBS-MJ03A-06-PRESTA301,1,True,2015-02-05T01:58:19Z,2015-02-05T23:59:49Z,5287,5287,0,14.999925,15.000676155,14.999989745,0.000714592,0,0,0,0,-0.0,2.765459,19.756764,-5.448434e-13,0.0001843641,0.001317119,False,0.001355,False
2015-02-06,RS03AXBS-MJ03A-06-PRESTA301,1,True,2015-02-06T00:00:04Z,2015-02-06T23:59:49Z,5760,5760,0,14.999925,15.000690937,14.999990336,0.001609747,0,0,0,0,0.0,2.794214,19.726655,1.845556e-12,0.0001862811,0.001315111,False,0.00149,False
2015-02-07,RS03AXBS-MJ03A-06-PRESTA301,1,True,2015-02-07T00:00:04Z,2015-02-07T23:59:49Z,5760,5760,0,14.999925,15.000683784,14.999989754,-0.000255531,0,0,0,0,0.0,2.771445,15.780286,1.889584e-12,0.0001847631,0.00105202,False,0.001336,False
2015-02-08,RS03AXBS-MJ03A-06-PRESTA301,1,True,2015-02-08T00:00:04Z,2015-02-08T23:59:49Z,5760,5760,0,14.999925,15.000697136,14.999989103,-0.00052391,0,0,0,0,0.0,2.807152,16.639516,2.049308e-12,0.0001871436,0.001109302,False,0.001344,False
2015-02-09,RS03AXBS-MJ03A-06-PRESTA301,1,True,2015-02-09T00:00:04Z,2015-02-09T23:59:49Z,5760,5760,0,14.999925,15.000726223,14.999989008,0.00148357,0,0,0,0,0.0,2.813993,16.541448,2.311948e-12,0.0001875996,0.001102764,False,0.00135,False
2015-02-10,RS03AXBS-MJ03A-06-PRESTA301,1,True,2015-02-10T00:00:04Z,2015-02-10T23:59:49Z,5760,5760,0,14.999925,15.00071907,14.999989155,0.000334904,0,0,0,0,0.0,2.831853,16.151245,2.16847e-12,0.0001887903,0.00107675,False,0.001353,False
2015-02-11,RS03AXBS-MJ03A-06-PRESTA301,1,True,2015-02-11T00:00:04Z,2015-02-11T23:59:49Z,5760,5760,0,14.999925,15.000715733,14.999989758,0.001353082,0,0,0,0,0.0,2.810173,18.84204,1.496101e-12,0.000187345,0.001256137,False,0.001474,False
2015-02-12,RS03AXBS-MJ03A-06-PRESTA301,1,True,2015-02-12T00:00:04Z,2015-02-12T23:59:49Z,5760,5760,0,14.999925,15.000701904,14.999989834,-0.015112904,0,0,0,0,0.0,2.821287,17.11741,2.864226e-12,0.0001880859,0.001141161,False,0.001341,False
2015-02-13,RS03AXBS-MJ03A-06-PRESTA301,1,True,2015-02-13T00:00:04Z,2015-02-13T23:59:48Z,5760,5760,0,14.999925,15.000702858,14.99998958,0.00246324,0,0,0,0,0.0,2.766878,16.460069,2.232346e-12,0.0001844587,0.001097339,False,0.00135,False
2015-02-14,RS03AXBS-MJ03A-06-PRESTA301,1,True,2015-02-14T00:00:03Z,2015-02-14T23:59:48Z,5760,5760,0,14.999925,15.000689983,14.999990207,-0.001147144,0,0,0,0,0.0,2.811728,16.663562,2.271033e-12,0.0001874486,0.001110905,False,0.001319,False
2015-02-15,RS03AXBS-MJ03A-06-PRESTA301,1,True,2015-02-15T00:00:03Z,2015-02-15T23:59:48Z,5760,5760,0,14.999925,15.000689983,14.999990844,0.001508134,0,0,0,0,0.0,2.792803,17.336685,1.535662e-12,0.000186187,0.00115578,False,0.001329,False
2015-02-16,RS03AXBS-MJ03A-06-PRESTA301,1,True,2015-02-16T00:00:03Z,2015-02-16T23:59:48Z,5760,5760,0,14.999925,15.000684261,14.99999024,5.7889e-05,0,0,0,0,0.0,2.804986,16.00244,1.613519e-12,0.0001869992,0.00106683,False,0.001364,False
2015-02-17,RS03AXBS-MJ03A-06-PRESTA301,1,True,2015-02-17T00:00:03Z,2015-02-17T23:59:48Z,5760,5760,0,14.999925,15.000649929,14.999989955,4.3341e-05,0,0,0,0,0.0,2.82029,19.476074,1.173093e-12,0.0001880195,0.001298406,False,0.001319,False
2015-02-18,RS03AXBS-MJ03A-06-PRESTA301,1,True,2015-02-18T00:00:03Z,2015-02-18T23:59:48Z,5760,5760,0,14.999925,15.000647068,14.999989693,-0.0006846,0,0,0,0,0.0,2.810416,20.527471,2.197227e-12,0.0001873612,0.001368499,False,0.00154,False
2015-02-19,RS03AXBS-MJ03A-06-PRESTA301,1,True,2015-02-19T00:00:03Z,2015-02-19T23:59:48Z,5760,5760,0,14.999925,15.000649929,14.999989298,0.001231617,0,0,0,0,0.0,2.842166,16.441554,2.300021e-12,0.0001894779,0.001096104,False,0.001324,False
2015-02-20,RS03AXBS-MJ03A-06-PRESTA301,1,True,2015-02-20T00:00:03Z,2015-02-20T23:59:48Z,5731,5760,29,14.999925,15.00063014,14.999989146,0.00158769,2,29,2,29,0.0,2.831227,19.874845,1.857948e-12,0.0001887486,0.001324991,False,0.001604,True
2015-02-21,RS03AXBS-MJ03A-06-PRESTA301,1,True,2015-02-21T00:00:03Z,2015-02-21T23:59:48Z,5760,5760,0,14.999925,15.000630856,14.999989162,0.004395859,0,0,0,0,0.0,2.805404,18.152972,1.680974e-12,0.0001870271,0.001210199,False,0.001431,False
2015-02-22,RS03AXBS-MJ03A-06-PRESTA301,1,True,2015-02-22T00:00:03Z,2015-02-22T23:59:48Z,5760,5760,0,14.999925,15.000632286,14.999988668,0.002854296,0,0,0,0,0.0,2.841452,16.292235,2.249576e-12,0.0001894303,0.00108615,False,0.001334,False
2015-02-23,RS03AXBS-MJ03A-06-PRESTA301,1,True,2015-02-23T00:00:03Z,2015-02-23T23:59:48Z,5760,5760,0,14.999925,15.000660896,14.999988692,-0.000914245,0,0,0,0,0.0,2.788356,18.007584,3.936281e-12,0.0001858905,0.001200507,False,0.00143,False
2015-02-24,RS03AXBS-MJ03A-06-PRESTA301,1,True,2015-02-24T00:00:03Z,2015-02-24T23:59:48Z,5760,5760,0,14.999925,15.000672817,14.999988463,0.002380733,0,0,0,0,0.0,2.821952,16.457006,2.695067e-12,0.0001881303,0.001097135,False,0.00134,False
2015-02-25,RS03AXBS-MJ03A-06-PRESTA301,1,True,2015-02-25T00:00:03Z,2015-02-25T23:59:48Z,5760,5760,0,14.999925,15.000686646,14.999989065,0.002927072,0,0,0,0,0.0,2.785706,16.338564,3.088286e-12,0.0001857139,0.001089238,False,0.001378,False
2015-02-26,RS03AXBS-MJ03A-06-PRESTA301,1,True,2015-02-26T00:00:03Z,2015-02-26T23:59:48Z,5760,5760,0,14.999925,15.000699997,14.99998878,0.001130273,0,0,0,0,0.0,2.824637,19.671235,2.261734e-12,0.0001883093,0.001311417,False,0.001367,False
2015-02-27,RS03AXBS-MJ03A-06-PRESTA301,1,True,2015-02-27T00:00:03Z,2015-02-27T23:59:48Z,5760,5760,0,14.999925,15.000710011,14.999987929,0.004062592,0,0,0,0,0.0,2.855447,21.565332,2.187687e-12,0.0001903633,0.00143769,False,0.001368,False
2015-02-28,RS03AXBS-MJ03A-06-PRESTA301,1,True,2015-02-28T00:00:03Z,2015-02-28T23:59:48Z,5760,5760,0,14.999925,15.000710964,14.999987905,0.000910389,0,0,0,0,0.0,2.801706,15.991972,2.461142e-12,0.0001867805,0.001066132,False,0.00133,False
2015-03-01,RS03AXBS-MJ03A-06-PRESTA301,1,True,2015-03-01T00:00:03Z,2015-03-01T23:59:47Z,5760,5760,0,14.999925,15.000680447,14.999988436,-0.014441293,0,0,0,0,0.0,2.821767,16.183243,1.36786e-12,0.0001881179,0.001078884,False,0.001322,False
2015-03-02,RS03AXBS-MJ03A-06-PRESTA301,1,True,2015-03-02T00:00:02Z,2015-03-02T23:59:47Z,5760,5760,0,14.999925,15.000694275,14.999988482,6.4333e-05,0,0,0,0,0.0,2.825171,21.830481,1.336047e-12,0.0001883449,0.001455367,False,0.001379,False
2015-03-03,RS03AXBS-MJ03A-06-PRESTA301,1,True,2015-03-03T00:00:02Z,2015-03-03T23:59:47Z,5760,5760,0,14.999925,15.000680447,14.999987466,0.004261281,0,0,0,0,0.0,2.77458,16.039155,1.770585e-12,0.0001849722,0.001069278,False,0.001376,False
2015-03-04,RS03AXBS-MJ03A-06-PRESTA301,1,True,2015-03-04T00:00:02Z,2015-03-04T23:59:47Z,5760,5760,0,14.999925,15.000675678,14.999988016,0.003264628,0,0,0,0,0.0,2.816364,19.539314,2.297829e-12,0.0001877578,0.001302622,False,0.001493,False
2015-03-05,RS03AXBS-MJ03A-06-PRESTA301,1,True,2015-03-05T00:00:02Z,2015-03-05T23:59:47Z,5760,5760,0,14.999925,15.000669003,14.99998774,-0.001451314,0,0,0,0,0.0,2.833733,18.056591,2.231654e-12,0.0001889157,0.001203774,False,0.00148,False
2015-03-06,RS03AXBS-MJ03A-06-PRESTA301,1,True,2015-03-06T00:00:02Z,2015-03-06T23:59:47Z,5760,5760,0,14.999925,15.000680923,14.99998806,-0.001823762,0,0,0,0,0.0,2.818455,16.013062,1.745658e-12,0.0001878972,0.001067538,False,0.001364,False
2015-03-07,RS03AXBS-MJ03A-06-PRESTA301,1,True,2015-03-07T00:00:02Z,2015-03-07T23:02:17Z,5530,5530,0,14.999925,15.000679016,14.999987447,-0.001671308,0,0,0,0,-0.0,2.804748,20.733705,-8.066341e-13,0.0001869833,0.001382248,False,0.001367,False
2015-03-08,RS03AXBS-MJ03A-06-PRESTA301,1,False,,,0,0,,14.999925,,,,,,,,,,,,,,,,False
2015-03-09,RS03AXBS-MJ03A-06-PRESTA301,1,True,2015-03-09T07:40:02Z,2015-03-09T23:59:47Z,3920,3920,0,14.999925,15.000663757,14.999987067,0.000582907,0,0,0,0,-0.0,2.829158,16.480476,-7.775146e-13,0.0001886107,0.001098699,False,0.001326,False
2015-03-10,RS03AXBS-MJ03A-06-PRESTA301,1,True,2015-03-10T00:00:02Z,2015-03-10T23:59:47Z,5760,5760,0,14.999925,15.000687599,14.999988586,-0.00160242,0,0,0,0,0.0,2.817867,16.999124,8.71345e-13,0.0001878579,0.001133276,False,0.001329,False
2015-03-11,RS03AXBS-MJ03A-06-PRESTA301,1,True,2015-03-11T00:00:02Z,2015-03-11T23:59:47Z,5760,5760,0,14.999925,15.000714302,14.999988119,0.00242858,0,0,0,0,0.0,2.821785,20.613389,3.66278e-13,0.0001881192,0.001374227,False,0.00145,False
2015-03-12,RS03AXBS-MJ03A-06-PRESTA301,1,True,2015-03-12T00:00:02Z,2015-03-12T23:59:47Z,5760,5760,0,14.999925,15.000700951,14.999987169,-0.00190267,0,0,0,0,0.0,2.788431,15.402831,1.546412e-12,0.0001858956,0.001026856,False,0.001307,False
2015-03-13,RS03AXBS-MJ03A-06-PRESTA301,1,True,2015-03-13T00:00:02Z,2015-03-13T23:59:48Z,5752,5760,8,14.999925,15.000696182,15.000055885,-0.126595285,1,8,1,8,-0.0,248.695658,918.17577,-1.476117e-12,0.01657965,0.06121149,False,0.0763,True
2015-03-14,RS03AXBS-MJ03A-06-PRESTA301,1,True,2015-03-14T00:00:03Z,2015-03-14T23:59:48Z,5760,5760,0,14.999925,15.000706673,14.999992735,0.006409807,0,0,0,0,0.0,4.047293,20.728657,1.86923e-12,0.0002698197,0.001381911,False,0.001451,False
2015-03-15,RS03AXBS-MJ03A-06-PRESTA301,1,True,2015-03-15T00:00:03Z,2015-03-15T23:59:48Z,5760,5760,0,14.999925,15.000700951,14.999993873,-0.001426636,0,0,0,0,0.0,3.173374,17.171796,1.579494e-12,0.0002115584,0.001144787,False,0.001338,False
2015-03-16,RS03AXBS-MJ03A-06-PRESTA301,1,True,2015-03-16T00:00:03Z,2015-03-16T23:59:48Z,5760,5760,0,14.999925,15.000688076,14.999993035,-0.000134039,0,0,0,0,0.0,3.14643,17.963057,2.511056e-12,0.0002097621,0.001197538,False,0.001342,False
2015-03-17,RS03AXBS-MJ03A-06-PRESTA301,1,True,2015-03-17T00:00:03Z,2015-03-17T23:59:48Z,5760,5760,0,14.999925,15.000699043,14.999992961,0.004902518,0,0,0,0,0.0,3.198068,21.893604,1.226346e-12,0.0002132046,0.001459574,False,0.001369,False
2015-03-18,RS03AXBS-MJ03A-06-PRESTA301,1,True,2015-03-18T00:00:03Z,2015-03-18T23:59:48Z,5760,5760,0,14.999925,15.000668049,14.999993302,-0.011054529,0,0,0,0,0.0,3.281615,18.002916,1.614119e-12,0.0002187745,0.001200195,False,0.001321,False
2015-03-19,RS03AXBS-MJ03A-06-PRESTA301,1,True,2015-03-19T00:00:03Z,2015-03-19T23:59:48Z,5760,5760,0,14.999925,15.000658035,14.999993133,-0.002042878,0,0,0,0,0.0,3.307369,20.846033,1.778928e-12,0.0002204914,0.001389736,False,0.001514,False
2015-03-20,RS03AXBS-MJ03A-06-PRESTA301,1,True,2015-03-20T00:00:03Z,2015-03-20T23:59:48Z,5760,5760,0,14.999925,15.000632286,14.999993024,0.000949169,0,0,0,0,0.0,3.306216,18.156308,3.294019e-12,0.0002204145,0.001210421,False,0.001353,False
2015-03-21,RS03AXBS-MJ03A-06-PRESTA301,1,True,2015-03-21T00:00:03Z,2015-03-21T14:06:47Z,3388,3388,0,14.999925,15.000612736,14.999993867,-4.5021e-05,0,0,0,0,-0.0,3.200652,16.78369,-6.126132e-13,0.0002133769,0.001118913,False,0.001331,False
2015-03-22,RS03AXBS-MJ03A-06-PRESTA301,1,True,2015-03-22T02:14:17Z,2015-03-22T23:59:47Z,5223,5223,0,14.999925,15.000597954,14.999993316,-0.004821669,0,0,0,0,-0.0,3.201784,19.208344,-3.452632e-13,0.0002134524,0.001280557,False,0.001486,False
2015-03-23,RS03AXBS-MJ03A-06-PRESTA301,1,True,2015-03-23T00:00:02Z,2015-03-23T23:59:47Z,5760,5760,0,14.999925,15.000643253,14.999993297,-0.006858485,0,0,0,0,0.0,3.64839,20.939663,2.138645e-12,0.0002432261,0.001395978,False,0.001509,False
2015-03-24,RS03AXBS-MJ03A-06-PRESTA301,1,True,2015-03-24T00:00:02Z,2015-03-24T23:59:47Z,5760,5760,0,14.999925,15.000649929,14.999992805,-0.000308924,0,0,0,0,0.0,3.540975,20.39029,6.570382e-13,0.0002360651,0.001359353,False,0.001361,False
2015-03-25,RS03AXBS-MJ03A-06-PRESTA301,1,True,2015-03-25T00:00:02Z,2015-03-25T23:59:47Z,5760,5760,0,14.999925,15.000693798,14.999992686,0.001194346,0,0,0,0,0.0,3.238046,17.982386,2.505989e-12,0.0002158698,0.001198826,False,0.001344,False
2015-03-26,RS03AXBS-MJ03A-06-PRESTA301,1,True,2015-03-26T00:00:02Z,2015-03-26T23:59:47Z,5760,5760,0,14.999925,15.000685692,14.999993069,-0.001312187,0,0,0,0,0.0,3.579466,19.440727,2.882482e-12,0.0002386312,0.001296049,False,0.001378,False
2015-03-27,RS03AXBS-MJ03A-06-PRESTA301,1,True,2015-03-27T00:00:02Z,2015-03-27T23:59:47Z,5760,5760,0,14.999925,15.000697136,14.999992962,0.003266631,0,0,0,0,0.0,3.785099,19.510424,2.148528e-12,0.00025234,0.001300696,False,0.001347,False
2015-03-28,RS03AXBS-MJ03A-06-PRESTA301,1,True,2015-03-28T00:00:02Z,2015-03-28T23:59:47Z,5760,5760,0,14.999925,15.000696182,14.999992661,0.00167566,0,0,0,0,0.0,3.287845,21.398841,2.338824e-12,0.0002191897,0.00142659,False,0.001335,False
2015-03-29,RS03AXBS-MJ03A-06-PRESTA301,1,True,2015-03-29T00:00:02Z,2015-03-29T23:59:47Z,5760,5760,0,14.999925,15.000714779,14.999994485,6.7405e-05,0,0,0,0,0.0,4.831125,22.249015,1.10915e-12,0.0003220751,0.001483268,False,0.001323,False
2015-03-30,RS03AXBS-MJ03A-06-PRESTA301,1,True,2015-03-30T00:00:02Z,2015-03-30T23:59:47Z,5760,5760,0,14.999925,15.000690937,14.99999358,-0.002589156,0,0,0,0,0.0,3.34301,18.847026,2.629922e-12,0.0002228674,0.001256469,False,0.00134,False
2015-03-31,RS03AXBS-MJ03A-06-PRESTA301,1,True,2015-03-31T00:00:02Z,2015-03-31T23:59:47Z,5760,5760,0,14.999925,15.000694275,14.999992851,0.002164208,0,0,0,0,0.0,3.534445,19.742248,2.648452e-12,0.0002356298,0.001316151,False,0.001346,False
2015-04-01,RS03AXBS-MJ03A-06-PRESTA301,1,True,2015-04-01T00:00:02Z,2015-04-01T23:59:47Z,5760,5760,0,14.999925,15.000684738,14.999993174,-0.00422454,0,0,0,0,0.0,4.090937,20.45926,2.585316e-12,0.0002727293,0.001363951,False,0.001496,False
2015-04-02,RS03AXBS-MJ03A-06-PRESTA301,1,True,2015-04-02T00:00:02Z,2015-04-02T23:59:47Z,5760,5760,0,14.999925,15.000701427,14.999993006,0.000926552,0,0,0,0,0.0,3.573688,18.472069,2.412359e-12,0.000238246,0.001231472,False,0.001351,False
2015-04-03,RS03AXBS-MJ03A-06-PRESTA301,1,True,2015-04-03T00:00:02Z,2015-04-03T23:59:47Z,5760,5760,0,14.999925,15.000683784,14.999993201,0.00015717,0,0,0,0,0.0,3.151709,22.068935,2.787155e-12,0.000210114,0.001471263,False,0.001452,False
2015-04-04,RS03AXBS-MJ03A-06-PRESTA301,1,True,2015-04-04T00:00:02Z,2015-04-04T23:59:47Z,5760,5760,0,14.999925,15.000682831,14.99999316,-0.008260214,0,0,0,0,0.0,3.40106,19.471974,3.60871e-12,0.0002267374,0.001298132,False,0.001351,False
2015-04-05,RS03AXBS-MJ03A-06-PRESTA301,1,True,2015-04-05T00:00:02Z,2015-04-05T23:59:47Z,5760,5760,0,14.999925,15.000690937,14.999992776,0.001727613,0,0,0,0,0.0,3.142537,18.723358,2.432419e-12,0.0002095026,0.001248224,False,0.001477,False
2015-04-06,RS03AXBS-MJ03A-06-PRESTA301,1,True,2015-04-06T00:00:02Z,2015-04-06T23:59:47Z,5760,5760,0,14.999925,15.000682354,14.999992496,-0.001000216,0,0,0,0,0.0,3.564972,18.669813,2.342752e-12,0.0002376649,0.001244655,False,0.001356,False
2015-04-07,RS03AXBS-MJ03A-06-PRESTA301,1,True,2015-04-07T00:00:02Z,2015-04-07T23:59:47Z,5760,5760,0,14.999925,15.00067234,14.999993154,-0.006132465,0,0,0,0,0.0,3.30666,18.30415,1.676958e-12,0.0002204441,0.001220277,False,0.001327,False
2015-04-08,RS03AXBS-MJ03A-06-PRESTA301,1,True,2015-04-08T00:00:02Z,2015-04-08T23:59:47Z,5760,5760,0,14.999925,15.000688553,14.999993595,0.003017717,0,0,0,0,0.0,3.520026,21.673262,1.956206e-12,0.0002346685,0.001444885,False,0.001493,False
2015-04-09,RS03AXBS-MJ03A-06-PRESTA301,1,True,2015-04-09T00:00:02Z,2015-04-09T23:59:47Z,5760,5760,0,14.999925,15.000685692,14.99999414,-0.006210624,0,0,0,0,0.0,3.569407,23.922995,2.618647e-12,0.0002379605,0.001594867,False,0.001548,False
2015-04-10,RS03AXBS-MJ03A-06-PRESTA301,1,True,2015-04-10T00:00:02Z,2015-04-10T23:59:47Z,5760,5760,0,14.999925,15.000688076,14.999992954,-0.001609536,0,0,0,0,0.0,3.762288,19.515634,2.614922e-12,0.0002508193,0.001301043,False,0.001336,False
2015-04-11,RS03AXBS-MJ03A-06-PRESTA301,1,True,2015-04-11T00:00:02Z,2015-04-11T23:59:47Z,5760,5760,0,14.999925,15.000689983,14.999992297,0.004260599,0,0,0,0,0.0,3.628832,18.376591,1.981365e-12,0.0002419223,0.001225107,False,0.001325,False
2015-04-12,RS03AXBS-MJ03A-06-PRESTA301,1,True,2015-04-12T00:00:02Z,2015-04-12T23:59:47Z,5760,5760,0,14.999925,15.000710011,14.999993059,0.000181015,0,0,0,0,0.0,3.517518,24.647721,2.225428e-12,0.0002345013,0.001643182,False,0.00178,False
2015-04-13,RS03AXBS-MJ03A-06-PRESTA301,1,True,2015-04-13T00:00:02Z,2015-04-13T23:59:47Z,5760,5760,0,14.999925,15.000692844,14.999992984,-0.003552505,0,0,0,0,0.0,3.348557,18.204425,3.239776e-12,0.0002232372,0.001213629,False,0.001347,False
2015-04-14,RS03AXBS-MJ03A-06-PRESTA301,1,True,2015-04-14T00:00:02Z,2015-04-14T23:59:46Z,5760,5760,0,14.999925,15.000699997,14.999993609,-2.473e-05,0,0,0,0,0.0,3.500293,19.043771,2.982911e-12,0.000233353,0.001269585,False,0.001483,False
2015-04-15,RS03AXBS-MJ03A-06-PRESTA301,1,True,2015-04-15T00:00:01Z,2015-04-15T23:59:46Z,5760,5760,0,14.999925,15.000710011,14.999993129,0.002589253,0,0,0,0,0.0,3.963933,18.745875,2.086529e-12,0.0002642623,0.001249726,False,0.001368,False
2015-04-16,RS03AXBS-MJ03A-06-PRESTA301,1,True,2015-04-16T00:00:01Z,2015-04-16T23:59:46Z,5760,5760,0,14.999925,15.000675678,14.999992926,0.000985786,0,0,0,0,0.0,3.558147,18.295825,1.515721e-12,0.0002372099,0.001219722,False,0.001362,False
2015-04-17,RS03AXBS-MJ03A-06-PRESTA301,1,True,2015-04-17T00:00:01Z,2015-04-17T23:59:46Z,5760,5760,0,14.999925,15.000637054,14.999993243,-0.001778155,0,0,0,0,0.0,3.140074,17.017635,1.140092e-12,0.0002093383,0.001134509,False,0.001361,False
2015-04-18,RS03AXBS-MJ03A-06-PRESTA301,1,True,2015-04-18T00:00:01Z,2015-04-18T23:59:46Z,5760,5760,0,14.999925,15.000630856,14.999993305,0.00249358,0,0,0,0,0.0,3.631746,19.52025,2.848986e-12,0.0002421165,0.001301351,False,0.001356,False
2015-04-19,RS03AXBS-MJ03A-06-PRESTA301,1,True,2015-04-19T00:00:01Z,2015-04-19T23:59:46Z,5760,5760,0,14.999925,15.000625134,14.999991356,-0.00131727,0,0,0,0,0.0,3.857002,19.494579,3.339244e-12,0.0002571336,0.001299639,False,0.001364,False
2015-04-20,RS03AXBS-MJ03A-06-PRESTA301,1,True,2015-04-20T00:00:01Z,2015-04-20T23:59:46Z,5760,5760,0,14.999925,15.000622749,14.999993191,0.002629133,0,0,0,0,0.0,3.137138,21.998355,2.885738e-12,0.0002091426,0.001466558,False,0.001511,False
2015-04-21,RS03AXBS-MJ03A-06-PRESTA301,1,True,2015-04-21T00:00:01Z,2015-04-21T23:59:46Z,5760,5760,0,14.999925,15.000612736,14.999993192,-0.011616676,0,0,0,0,0.0,3.107854,17.902636,1.636123e-12,0.0002071904,0.00119351,False,0.001336,False
2015-04-22,RS03AXBS-MJ03A-06-PRESTA301,1,True,2015-04-22T00:00:01Z,2015-04-22T23:59:46Z,5760,5760,0,14.999925,15.000677109,14.999993012,0.003032784,0,0,0,0,0.0,3.24589,18.150534,1.760773e-12,0.0002163927,0.001210036,False,0.001332,False
2015-04-23,RS03AXBS-MJ03A-06-PRESTA301,1,True,2015-04-23T00:00:01Z,2015-04-23T23:59:46Z,5760,5760,0,14.999925,15.000669956,14.999992722,-0.005464404,0,0,0,0,0.0,3.701411,22.675251,1.916791e-12,0.0002467608,0.001511684,False,0.001535,False
2015-04-24,RS03AXBS-MJ03A-06-PRESTA301,1,True,2015-04-24T00:00:01Z,2015-04-24T23:59:46Z,5760,5760,0,14.999925,15.000679016,14.999992683,0.002079113,0,0,0,0,0.0,3.62775,20.117534,2.199524e-12,0.0002418501,0.00134117,False,0.001665,False
2015-04-25,RS03AXBS-MJ03A-06-PRESTA301,1,True,2015-04-25T00:00:01Z,2015-04-25T23:59:46Z,5760,5760,0,14.999925,15.000683784,14.99999326,-0.003845828,0,0,0,0,0.0,3.614828,20.009727,1.184814e-12,0.0002409887,0.001333982,False,0.001366,False
2015-04-26,RS03AXBS-MJ03A-06-PRESTA301,1,True,2015-04-26T00:00:01Z,2015-04-26T23:59:46Z,5760,5760,0,14.999925,15.000699997,14.999992788,0.003832588,0,0,0,0,0.0,3.302044,22.970971,2.595457e-12,0.0002201364,0.001531399,False,0.001523,False
2015-04-27,RS03AXBS-MJ03A-06-PRESTA301,1,True,2015-04-27T00:00:01Z,2015-04-27T23:59:46Z,5760,5760,0,14.999925,15.000710011,14.99999274,-0.001860736,0,0,0,0,0.0,3.175102,22.150826,1.874284e-12,0.0002116736,0.001476722,False,0.001554,False
2015-04-28,RS03AXBS-MJ03A-06-PRESTA301,1,True,2015-04-28T00:00:01Z,2015-04-28T23:59:46Z,5760,5760,0,14.999925,15.000718594,14.999993714,-0.002413232,0,0,0,0,0.0,3.547864,19.144049,1.079495e-12,0.0002365244,0.00127627,False,0.001339,False
2015-04-29,RS03AXBS-MJ03A-06-PRESTA301,1,True,2015-04-29T00:00:01Z,2015-04-29T23:59:46Z,5760,5760,0,14.999925,15.000717163,14.999993403,-0.001001852,0,0,0,0,0.0,3.546376,19.880614,1.486458e-12,0.0002364252,0.001325375,False,0.001493,False
2015-04-30,RS03AXBS-MJ03A-06-PRESTA301,1,True,2015-04-30T00:00:01Z,2015-04-30T23:59:46Z,5760,5760,0,14.999925,15.000703335,14.999993253,-0.003601875,0,0,0,0,0.0,3.451363,19.790818,3.083393e-12,0.000230091,0.001319388,False,0.001317,False
2015-05-01,RS03AXBS-MJ03A-06-PRESTA301,1,True,2015-05-01T00:00:01Z,2015-05-01T23:59:46Z,5760,5760,0,14.999925,15.000683784,14.999992928,-0.004170704,0,0,0,0,0.0,3.367047,17.721801,2.22606e-13,0.0002244699,0.001181454,False,0.001356,False
2015-05-02,RS03AXBS-MJ03A-06-PRESTA301,1,True,2015-05-02T00:00:01Z,2015-05-02T23:59:46Z,5760,5760,0,14.999925,15.000672817,14.999992527,-0.001434449,0,0,0,0,0.0,3.227579,20.622635,2.278857e-12,0.000215172,0.001374843,False,0.001342,False
2015-05-03,RS03AXBS-MJ03A-06-PRESTA301,1,True,2015-05-03T00:00:01Z,2015-05-03T23:59:46Z,5760,5760,0,14.999925,15.000686169,14.999992536,0.006058413,0,0,0,0,0.0,3.340943,19.986252,7.962858e-13,0.0002227297,0.001332417,False,0.001342,False
2015-05-04,RS03AXBS-MJ03A-06-PRESTA301,1,True,2015-05-04T00:00:01Z,2015-05-04T23:59:46Z,5760,5760,0,14.999925,15.000663757,14.999992714,-0.000999232,0,0,0,0,0.0,3.145234,17.284386,2.518917e-12,0.0002096824,0.001152293,False,0.001335,False
2015-05-05,RS03AXBS-MJ03A-06-PRESTA301,1,True,2015-05-05T00:00:01Z,2015-05-05T23:59:46Z,5760,5760,0,14.999925,15.000661373,14.999993071,-0.001055578,0,0,0,0,0.0,3.218176,18.316383,1.09016e-12,0.0002145452,0.001221093,False,0.001453,False
2015-05-06,RS03AXBS-MJ03A-06-PRESTA301,1,True,2015-05-06T00:00:01Z,2015-05-06T23:59:46Z,5760,5760,0,14.999925,15.000648022,14.999992624,-0.003613294,0,0,0,0,0.0,3.515902,19.483088,2.091936e-12,0.0002343936,0.001298873,False,0.001381,False
2015-05-07,RS03AXBS-MJ03A-06-PRESTA301,1,True,2015-05-07T00:00:01Z,2015-05-07T23:59:46Z,5760,5760,0,14.999925,15.00067234,14.99999262,0.003909977,0,0,0,0,0.0,3.497533,18.145818,1.407631e-12,0.000233169,0.001209722,False,0.001346,False
2015-05-08,RS03AXBS-MJ03A-06-PRESTA301,1,True,2015-05-08T00:00:01Z,2015-05-08T23:59:46Z,5760,5760,0,14.999925,15.000693798,14.999992805,-0.01153216,0,0,0,0,0.0,3.474626,18.449229,2.03005e-12,0.0002316419,0.001229949,False,0.001357,False
2015-05-09,RS03AXBS-MJ03A-06-PRESTA301,1,True,2015-05-09T00:00:01Z,2015-05-09T23:59:45Z,5760,5760,0,14.999925,15.000667095,14.999994129,-0.003926492,0,0,0,0,0.0,3.758564,25.416177,1.295638e-12,0.000250571,0.001694412,False,0.001744,False
2015-05-10,RS03AXBS-MJ03A-06-PRESTA301,1,True,2015-05-10T00:00:00Z,2015-05-10T23:59:45Z,5760,5760,0,14.999925,15.000680923,14.999992958,0.000971214,0,0,0,0,0.0,3.114189,17.325153,2.417491e-12,0.0002076127,0.001155011,False,0.001371,False
2015-05-11,RS03AXBS-MJ03A-06-PRESTA301,1,True,2015-05-11T00:00:00Z,2015-05-11T23:59:45Z,5760,5760,0,14.999925,15.000688076,14.99999275,0.001128942,0,0,0,0,0.0,3.383419,18.338092,1.285303e-12,0.0002255614,0.00122254,False,0.001357,False
2015-05-12,RS03AXBS-MJ03A-06-PRESTA301,1,True,2015-05-12T00:00:00Z,2015-05-12T23:59:45Z,5760,5760,0,14.999925,15.00070715,14.999993096,-0.002005908,0,0,0,0,0.0,3.572324,18.806505,1.293993e-12,0.0002381551,0.001253768,False,0.001438,False
2015-05-13,RS03AXBS-MJ03A-06-PRESTA301,1,True,2015-05-13T00:00:00Z,2015-05-13T23:59:45Z,5760,5760,0,14.999925,15.000689983,14.999992807,0.000181231,0,0,0,0,0.0,3.668288,18.335399,1.144633e-12,0.0002445526,0.00122236,False,0.001336,False
2015-05-14,RS03AXBS-MJ03A-06-PRESTA301,1,True,2015-05-14T00:00:00Z,2015-05-14T23:59:45Z,5760,5760,0,14.999925,15.000683784,14.999993033,-0.006060547,0,0,0,0,0.0,3.318811,18.535452,3.327516e-12,0.0002212542,0.001235697,False,0.001341,False
2015-05-15,RS03AXBS-MJ03A-06-PRESTA301,1,True,2015-05-15T00:00:00Z,2015-05-15T23:59:45Z,5760,5760,0,14.999925,15.000650883,14.999992463,0.00135144,0,0,0,0,0.0,3.437268,19.251251,1.412317e-12,0.0002291513,0.001283417,False,0.001509,False
2015-05-16,RS03AXBS-MJ03A-06-PRESTA301,1,True,2015-05-16T00:00:00Z,2015-05-16T23:59:45Z,5760,5760,0,14.999925,15.000644684,14.999993281,-0.00152272,0,0,0,0,0.0,3.356585,17.471636,1.394268e-12,0.0002237724,0.001164776,False,0.001349,False
2015-05-17,RS03AXBS-MJ03A-06-PRESTA301,1,True,2015-05-17T00:00:00Z,2015-05-17T23:59:45Z,5760,5760,0,14.999925,15.000645161,14.999993738,0.00048694,0,0,0,0,0.0,3.718213,19.477609,2.748867e-12,0.0002478809,0.001298508,False,0.001331,False
2015-05-18,RS03AXBS-MJ03A-06-PRESTA301,1,True,2015-05-18T00:00:00Z,2015-05-18T23:59:45Z,5760,5760,0,14.999925,15.000636101,14.999992547,-0.001373181,0,0,0,0,0.0,3.540553,23.730929,7.931188e-13,0.000236037,0.001582063,False,0.001439,False
2015-05-19,RS03AXBS-MJ03A-06-PRESTA301,1,True,2015-05-19T00:00:00Z,2015-05-19T23:59:45Z,5760,5760,0,14.999925,15.000614166,14.999992775,-0.000781013,0,0,0,0,0.0,3.306497,17.823911,2.953318e-12,0.0002204332,0.001188261,False,0.001345,False
2015-05-20,RS03AXBS-MJ03A-06-PRESTA301,1,True,2015-05-20T00:00:00Z,2015-05-20T23:59:45Z,5760,5760,0,14.999925,15.000630856,14.999991876,0.002720876,0,0,0,0,0.0,3.448674,18.836884,1.783194e-12,0.0002299117,0.001255793,False,0.001368,False
2015-05-21,RS03AXBS-MJ03A-06-PRESTA301,1,True,2015-05-21T00:00:00Z,2015-05-21T23:59:45Z,5760,5760,0,14.999925,15.000650883,14.999993618,0.004374314,0,0,0,0,0.0,3.562034,19.730689,2.47607e-12,0.000237469,0.00131538,False,0.00168,False
2015-05-22,RS03AXBS-MJ03A-06-PRESTA301,1,True,2015-05-22T00:00:00Z,2015-05-22T23:59:45Z,5760,5760,0,14.999925,15.000663757,14.999992283,0.001021356,0,0,0,0,0.0,3.307188,18.642434,1.216846e-12,0.0002204793,0.00124283,False,0.00133,False
2015-05-23,RS03AXBS-MJ03A-06-PRESTA301,1,True,2015-05-23T00:00:00Z,2015-05-23T23:59:45Z,5760,5760,0,14.999925,15.000677109,14.999993358,0.006308458,0,0,0,0,0.0,3.732012,20.354382,1.404639e-12,0.0002488009,0.001356959,False,0.001338,False
2015-05-24,RS03AXBS-MJ03A-06-PRESTA301,1,True,2015-05-24T00:00:00Z,2015-05-24T23:59:45Z,5760,5760,0,14.999925,15.000710011,14.999992458,-0.000368581,0,0,0,0,0.0,3.303105,22.410111,4.188354e-12,0.0002202071,0.001494008,False,0.001514,False
2015-05-25,RS03AXBS-MJ03A-06-PRESTA301,1,True,2015-05-25T00:00:00Z,2015-05-25T23:59:45Z,5760,5760,0,14.999925,15.000730038,14.999993102,-0.009705916,0,0,0,0,0.0,3.347486,17.961556,1.751622e-12,0.0002231658,0.001197438,False,0.001355,False
2015-05-26,RS03AXBS-MJ03A-06-PRESTA301,1,True,2015-05-26T00:00:00Z,2015-05-26T23:59:45Z,5760,5760,0,14.999925,15.000716209,14.999992723,0.001174172,0,0,0,0,0.0,3.202232,20.175259,3.149051e-12,0.0002134822,0.001345018,False,0.001479,False
2015-05-27,RS03AXBS-MJ03A-06-PRESTA301,1,True,2015-05-27T00:00:00Z,2015-05-27T23:59:45Z,5760,5760,0,14.999925,15.000716686,14.999993343,-0.002496152,0,0,0,0,0.0,3.277162,20.986156,3.188309e-12,0.0002184776,0.001399078,False,0.00167,False
2015-05-28,RS03AXBS-MJ03A-06-PRESTA301,1,True,2015-05-28T00:00:00Z,2015-05-28T23:59:45Z,5760,5760,0,14.999925,15.000726223,14.999992387,0.004750757,0,0,0,0,0.0,3.305243,19.205694,1.502884e-12,0.0002203496,0.00128038,False,0.001366,False
2015-05-29,RS03AXBS-MJ03A-06-PRESTA301,1,True,2015-05-29T00:00:00Z,2015-05-29T23:59:45Z,5760,5760,0,14.999925,15.00070715,14.999993286,0.002586843,0,0,0,0,0.0,3.747653,21.418248,2.391163e-12,0.0002498436,0.001427884,False,0.001343,False
2015-05-30,RS03AXBS-MJ03A-06-PRESTA301,1,True,2015-05-30T00:00:00Z,2015-05-30T23:59:45Z,5760,5760,0,14.999925,15.00067091,14.999993621,-0.003807276,0,0,0,0,0.0,3.392678,20.414833,1.954484e-12,0.0002261786,0.001360989,False,0.001338,False
2015-05-31,RS03AXBS-MJ03A-06-PRESTA301,1,True,2015-05-31T00:00:00Z,2015-05-31T23:59:45Z,5760,5760,0,14.999925,15.000692368,14.999993451,-0.002474467,0,0,0,0,0.0,3.474528,18.187788,2.32932e-12,0.0002316353,0.00121252,False,0.001323,False
2015-06-01,RS03AXBS-MJ03A-06-PRESTA301,1,True,2015-06-01T00:00:00Z,2015-06-01T23:59:45Z,5760,5760,0,14.999925,15.000662804,14.999994053,-0.002665556,0,0,0,0,0.0,4.113642,21.401679,2.030474e-12,0.0002742429,0.001426779,False,0.001336,False
2015-06-02,RS03AXBS-MJ03A-06-PRESTA301,1,True,2015-06-02T00:00:00Z,2015-06-02T23:59:59Z,5761,5761,0,14.999925,15.000647068,14.999997296,-0.008153828,0,0,0,0,-0.0,6.815414,25.771691,-1.692307e-13,0.000454361,0.001718113,False,0.00138,False
2015-06-03,RS03AXBS-MJ03A-06-PRESTA301,1,True,2015-06-03T00:00:14Z,2015-06-03T23:59:59Z,5760,5760,0,14.999925,15.00066185,14.999993238,0.002983306,0,0,0,0,0.0,3.372864,18.417427,1.613552e-12,0.0002248577,0.001227829,False,0.001379,False
2015-06-04,RS03AXBS-MJ03A-06-PRESTA301,1,True,2015-06-04T00:00:14Z,2015-06-04T23:59:59Z,5760,5760,0,14.999925,15.00064373,14.999993349,0.002735672,0,0,0,0,0.0,3.421861,23.012182,2.452269e-12,0.0002281242,0.001534146,False,0.001336,False
2015-06-05,RS03AXBS-MJ03A-06-PRESTA301,1,True,2015-06-05T00:00:14Z,2015-06-05T23:59:59Z,5760,5760,0,14.999925,15.000658035,14.999993465,-0.00038855,0,0,0,0,0.0,3.322895,19.052003,2.511685e-12,0.0002215265,0.001270134,False,0.001365,False
2015-06-06,RS03AXBS-MJ03A-06-PRESTA301,1,True,2015-06-06T00:00:14Z,2015-06-06T23:59:59Z,5760,5760,0,14.999925,15.00065279,14.999992947,0.001234798,0,0,0,0,0.0,3.441769,17.89022,1.307357e-12,0.0002294514,0.001192682,False,0.001337,False
2015-06-07,RS03AXBS-MJ03A-06-PRESTA301,1,True,2015-06-07T00:00:14Z,2015-06-07T23:59:59Z,5760,5760,0,14.999925,15.000666142,14.999993298,0.001094046,0,0,0,0,0.0,3.124825,16.657353,2.103003e-12,0.0002083218,0.001110491,False,0.001348,False
2015-06-08,RS03AXBS-MJ03A-06-PRESTA301,1,True,2015-06-08T00:00:14Z,2015-06-08T23:59:59Z,5760,5760,0,14.999925,15.000691891,14.999993473,-0.002984322,0,0,0,0,0.0,3.351136,18.460151,2.895647e-12,0.0002234092,0.001230677,False,0.001348,False
2015-06-09,RS03AXBS-MJ03A-06-PRESTA301,1,True,2015-06-09T00:00:14Z,2015-06-09T23:59:59Z,5760,5760,0,14.999925,15.000681877,14.999993217,-0.005028123,0,0,0,0,0.0,3.27154,22.804108,2.312218e-12,0.0002181027,0.001520275,False,0.001362,False
2015-06-10,RS03AXBS-MJ03A-06-PRESTA301,1,True,2015-06-10T00:00:14Z,2015-06-10T23:59:59Z,5760,5760,0,14.999925,15.000704765,14.999992866,-0.002773108,0,0,0,0,0.0,3.302968,18.533263,1.680951e-12,0.000220198,0.001235551,False,0.001476,False
2015-06-11,RS03AXBS-MJ03A-06-PRESTA301,1,True,2015-06-11T00:00:14Z,2015-06-11T23:59:59Z,5760,5760,0,14.999925,15.000686169,14.999993073,0.000300293,0,0,0,0,0.0,4.386931,22.19792,2.066739e-12,0.0002924622,0.001479862,False,0.001499,False
2015-06-12,RS03AXBS-MJ03A-06-PRESTA301,1,True,2015-06-12T00:00:14Z,2015-06-12T23:59:59Z,5760,5760,0,14.999925,15.00069809,14.999993001,0.003551289,0,0,0,0,0.0,3.413667,20.39281,1.80412e-12,0.0002275779,0.001359521,False,0.001517,False
2015-06-13,RS03AXBS-MJ03A-06-PRESTA301,1,True,2015-06-13T00:00:14Z,2015-06-13T23:59:59Z,5760,5760,0,14.999925,15.000667572,14.999993655,-0.002337591,0,0,0,0,0.0,3.275277,19.54636,1.973648e-12,0.0002183519,0.001303091,False,0.00146,False
2015-06-14,RS03AXBS-MJ03A-06-PRESTA301,1,True,2015-06-14T00:00:14Z,2015-06-14T23:59:59Z,5760,5760,0,14.999925,15.000668049,14.999993713,-0.004753628,0,0,0,0,0.0,3.301631,18.332827,2.431827e-12,0.0002201088,0.001222189,False,0.001331,False
2015-06-15,RS03AXBS-MJ03A-06-PRESTA301,1,True,2015-06-15T00:00:14Z,2015-06-15T23:59:59Z,2574,5760,3186,14.999925,15.000680923,14.999992742,-0.002811263,2,3186,2,3186,0.0,3.131708,21.410546,3.635152e-13,0.0002087806,0.00142737,False,0.145302,True
2015-06-16,RS03AXBS-MJ03A-06-PRESTA301,1,True,2015-06-16T00:00:14Z,2015-06-16T23:59:59Z,5760,5760,0,14.999925,15.000639915,14.999993508,0.003204839,0,0,0,0,0.0,3.357877,19.404123,3.452552e-12,0.0002238586,0.001293609,False,0.001314,False
2015-06-17,RS03AXBS-MJ03A-06-PRESTA301,1,True,2015-06-17T00:00:14Z,2015-06-17T23:59:59Z,5760,5760,0,14.999925,15.000648022,14.999992997,0.001606612,0,0,0,0,0.0,3.135237,16.6225,2.634458e-12,0.0002090159,0.001108167,False,0.00131,False
2015-06-18,RS03AXBS-MJ03A-06-PRESTA301,1,True,2015-06-18T00:00:14Z,2015-06-18T23:59:59Z,5760,5760,0,14.999925,15.000649929,14.999993012,0.003995961,0,0,0,0,0.0,3.400684,19.614734,1.290125e-12,0.0002267124,0.00130765,False,0.001367,False
2015-06-19,RS03AXBS-MJ03A-06-PRESTA301,1,True,2015-06-19T00:00:14Z,2015-06-19T23:59:59Z,5760,5760,0,14.999925,15.000674248,14.999992579,-0.001696979,0,0,0,0,0.0,3.742707,22.708219,2.59031e-12,0.0002495139,0.001513882,False,0.001335,False
2015-06-20,RS03AXBS-MJ03A-06-PRESTA301,1,True,2015-06-20T00:00:14Z,2015-06-20T23:59:59Z,5760,5760,0,14.999925,15.000666142,14.999993938,0.002923957,0,0,0,0,0.0,3.614394,20.363944,2.452701e-12,0.0002409597,0.001357597,False,0.001339,False
2015-06-21,RS03AXBS-MJ03A-06-PRESTA301,1,True,2015-06-21T00:00:14Z,2015-06-21T23:59:59Z,5760,5760,0,14.999925,15.000712872,14.999993143,0.002073102,0,0,0,0,0.0,4.216507,20.422219,1.680272e-12,0.0002811006,0.001361482,False,0.00134,False
2015-06-22,RS03AXBS-MJ03A-06-PRESTA301,1,True,2015-06-22T00:00:14Z,2015-06-22T23:59:59Z,5760,5760,0,14.999925,15.000691891,14.999992815,0.005648331,0,0,0,0,0.0,3.787941,18.734823,1.91282e-12,0.0002525295,0.001248989,False,0.001532,False
2015-06-23,RS03AXBS-MJ03A-06-PRESTA301,1,True,2015-06-23T00:00:14Z,2015-06-23T23:59:59Z,5760,5760,0,14.999925,15.000680923,14.999992592,-0.000206773,0,0,0,0,0.0,3.777216,18.901835,9.707401e-13,0.0002518145,0.001260123,False,0.001351,False
2015-06-24,RS03AXBS-MJ03A-06-PRESTA301,1,True,2015-06-24T00:00:14Z,2015-06-24T23:59:59Z,5760,5760,0,14.999925,15.000716209,14.9999935,1.5112e-05,0,0,0,0,0.0,3.548274,18.796072,2.096646e-12,0.0002365517,0.001253072,False,0.001783,False
2015-06-25,RS03AXBS-MJ03A-06-PRESTA301,1,True,2015-06-25T00:00:14Z,2015-06-25T23:59:59Z,5760,5760,0,14.999925,15.000703812,14.999992597,0.001473167,0,0,0,0,0.0,3.17063,21.544663,1.498957e-12,0.0002113754,0.001436312,False,0.001469,False
2015-06-26,RS03AXBS-MJ03A-06-PRESTA301,1,True,2015-06-26T00:00:14Z,2015-06-26T23:59:59Z,5760,5760,0,14.999925,15.000717163,14.999992377,0.004038593,0,0,0,0,0.0,3.634851,18.49785,1.111504e-12,0.0002423235,0.001233191,False,0.001334,False
2015-06-27,RS03AXBS-MJ03A-06-PRESTA301,1,True,2015-06-27T00:00:14Z,2015-06-27T23:59:58Z,5760,5760,0,14.999925,15.000690937,14.999992632,0.00233505,0,0,0,0,0.0,3.908835,21.990031,4.200143e-12,0.0002605891,0.001466003,False,0.001333,False
2015-06-28,RS03AXBS-MJ03A-06-PRESTA301,1,True,2015-06-28T00:00:13Z,2015-06-28T23:59:58Z,5760,5760,0,14.999925,15.000692844,14.999992435,-0.001130088,0,0,0,0,0.0,3.454099,20.773042,3.159606e-12,0.0002302734,0.00138487,False,0.001346,False
2015-06-29,RS03AXBS-MJ03A-06-PRESTA301,1,True,2015-06-29T00:00:13Z,2015-06-29T23:59:58Z,5760,5760,0,14.999925,15.000679016,14.999992187,0.00574867,0,0,0,0,0.0,4.342649,20.789563,2.270835e-12,0.0002895101,0.001385972,False,0.001352,False
2015-06-30,RS03AXBS-MJ03A-06-PRESTA301,1,True,2015-06-30T00:00:13Z,2015-06-30T23:59:58Z,5645,5760,115,14.999925,15.000646114,14.999993005,-0.004122418,1,115,1,115,0.0,3.662397,17.718611,1.548751e-12,0.0002441599,0.001181241,False,0.004795,True
2015-07-01,RS03AXBS-MJ03A-06-PRESTA301,1,True,2015-07-01T00:00:13Z,2015-07-01T23:59:57Z,5760,5760,0,14.999925,15.000520706,14.999990231,-0.984652504,0,0,0,0,0.0,81.581487,1001.730515,1.948027e-12,0.005438769,0.06678208,False,0.066612,False
2015-07-02,RS03AXBS-MJ03A-06-PRESTA301,1,True,2015-07-02T00:00:12Z,2015-07-02T23:59:57Z,5760,5760,0,14.999925,15.000638962,14.999992296,-0.003420629,0,0,0,0,0.0,3.488249,18.765135,3.492235e-12,0.00023255,0.00125101,False,0.001335,False
2015-07-03,RS03AXBS-MJ03A-06-PRESTA301,1,True,2015-07-03T00:00:12Z,2015-07-03T23:59:57Z,5760,5760,0,14.999925,15.000637054,14.999993604,0.000224572,0,0,0,0,0.0,3.120667,17.75099,2.844897e-12,0.0002080446,0.0011834,False,0.001338,False
2015-07-04,RS03AXBS-MJ03A-06-PRESTA301,1,True,2015-07-04T00:00:12Z,2015-07-04T23:59:57Z,5760,5760,0,14.999925,15.00063324,14.999993672,0.004743225,0,0,0,0,0.0,3.05382,17.026265,1.754747e-12,0.0002035881,0.001135085,False,0.001336,False
2015-07-05,RS03AXBS-MJ03A-06-PRESTA301,1,True,2015-07-05T00:00:12Z,2015-07-05T23:59:57Z,5760,5760,0,14.999925,15.000641823,14.999992579,-0.004527531,0,0,0,0,0.0,3.386669,18.261787,3.851483e-12,0.000225778,0.001217453,False,0.001356,False
2015-07-06,RS03AXBS-MJ03A-06-PRESTA301,1,True,2015-07-06T00:00:12Z,2015-07-06T23:59:57Z,5760,5760,0,14.999925,15.000647068,14.999992987,0.002938285,0,0,0,0,0.0,3.198817,20.09146,2.248755e-12,0.0002132546,0.001339431,False,0.001343,False
2015-07-07,RS03AXBS-MJ03A-06-PRESTA301,1,True,2015-07-07T00:00:12Z,2015-07-07T23:59:57Z,5760,5760,0,14.999925,15.000675201,14.999992474,-0.004262797,0,0,0,0,0.0,3.288759,19.383519,2.497756e-12,0.0002192507,0.001292235,False,0.001506,False
2015-07-08,RS03AXBS-MJ03A-06-PRESTA301,1,True,2015-07-08T00:00:12Z,2015-07-08T23:59:57Z,5752,5760,8,14.999925,15.000695705,14.999992014,0.000563093,1,8,1,8,0.0,3.708193,19.3594,1.220975e-12,0.000247213,0.001290627,False,0.001641,True
2015-07-09,RS03AXBS-MJ03A-06-PRESTA301,1,True,2015-07-09T00:00:12Z,2015-07-09T23:59:57Z,5760,5760,0,14.999925,15.000685215,14.999992801,-0.000301647,0,0,0,0,0.0,3.700965,22.082722,1.943935e-12,0.0002467311,0.001472182,False,0.001669,False
2015-07-10,RS03AXBS-MJ03A-06-PRESTA301,1,True,2015-07-10T00:00:12Z,2015-07-10T23:59:57Z,5730,5760,30,14.999925,15.000684738,14.999992065,-0.00134892,1,30,1,30,-0.0,3.134165,17.420493,-3.69039e-14,0.0002089444,0.001161367,False,0.001468,True
2015-07-11,RS03AXBS-MJ03A-06-PRESTA301,1,True,2015-07-11T00:00:12Z,2015-07-11T23:59:57Z,5760,5760,0,14.999925,15.000682831,14.999993158,0.004420883,0,0,0,0,0.0,3.242382,18.155281,2.492222e-12,0.0002161589,0.001210353,False,0.00133,False
2015-07-12,RS03AXBS-MJ03A-06-PRESTA301,1,True,2015-07-12T00:00:12Z,2015-07-12T23:59:57Z,5760,5760,0,14.999925,15.000678062,14.999992766,0.002653662,0,0,0,0,0.0,3.202791,21.062847,3.59211e-12,0.0002135195,0.00140419,False,0.001342,False
2015-07-13,RS03AXBS-MJ03A-06-PRESTA301,1,True,2015-07-13T00:00:12Z,2015-07-13T23:59:57Z,5760,5760,0,14.999925,15.000638008,14.999992965,-0.002670991,0,0,0,0,0.0,3.089092,16.894663,1.052366e-12,0.0002059396,0.001126311,False,0.001352,False
2015-07-14,RS03AXBS-MJ03A-06-PRESTA301,1,True,2015-07-14T00:00:12Z,2015-07-14T23:59:57Z,5760,5760,0,14.999925,15.000648022,14.999992676,0.00092545,0,0,0,0,0.0,3.32873,19.14893,2.369048e-12,0.0002219154,0.001276596,False,0.001335,False
2015-07-15,RS03AXBS-MJ03A-06-PRESTA301,1,True,2015-07-15T00:00:12Z,2015-07-15T23:59:57Z,3355,5760,2405,14.999925,15.000616074,14.99999223,0.004089473,1,2405,1,2405,0.0,3.237447,16.890309,4.998446e-13,0.0002158299,0.001126021,False,0.100292,True
2015-07-16,RS03AXBS-MJ03A-06-PRESTA301,1,True,2015-07-16T00:00:12Z,2015-07-16T23:59:57Z,5732,5760,28,14.999925,15.000643253,14.999992533,-0.000495421,1,28,1,28,-0.0,3.372769,17.42875,-7.325345e-13,0.0002248513,0.001161917,False,0.001361,True
2015-07-17,RS03AXBS-MJ03A-06-PRESTA301,1,True,2015-07-17T00:00:12Z,2015-07-17T23:59:57Z,5760,5760,0,14.999925,15.000666142,14.999992867,0.002615317,0,0,0,0,0.0,3.22096,17.26268,2.33614e-12,0.0002147308,0.001150846,False,0.001333,False
2015-07-18,RS03AXBS-MJ03A-06-PRESTA301,1,True,2015-07-18T00:00:12Z,2015-07-18T23:59:57Z,5760,5760,0,14.999925,15.000646591,14.999992715,-0.001657032,0,0,0,0,0.0,3.273815,19.144064,1.78278e-12,0.0002182544,0.001276272,False,0.001423,False
2015-07-19,RS03AXBS-MJ03A-06-PRESTA301,1,True,2015-07-19T00:00:12Z,2015-07-19T23:59:57Z,5760,5760,0,14.999925,15.000684261,14.999992534,0.008207713,0,0,0,0,0.0,3.227073,18.793849,1.656821e-12,0.0002151383,0.001252924,False,0.001337,False
2015-07-20,RS03AXBS-MJ03A-06-PRESTA301,1,True,2015-07-20T00:00:12Z,2015-07-20T23:59:56Z,5760,5760,0,14.999925,15.000695229,14.999992519,0.001961506,0,0,0,0,0.0,3.326705,18.013176,1.49084e-12,0.0002217805,0.001200879,False,0.001344,False
2015-07-21,RS03AXBS-MJ03A-06-PRESTA301,1,True,2015-07-21T00:00:11Z,2015-07-21T23:59:56Z,5760,5760,0,14.999925,15.000720024,14.999992817,0.004899677,0,0,0,0,0.0,3.122005,21.861742,1.368609e-12,0.0002081337,0.00145745,False,0.001374,False
2015-07-22,RS03AXBS-MJ03A-06-PRESTA301,1,True,2015-07-22T00:00:11Z,2015-07-22T23:59:56Z,5760,5760,0,14.999925,15.000706673,14.999992922,0.000936044,0,0,0,0,0.0,3.30197,18.137449,2.753092e-12,0.0002201314,0.001209164,False,0.001458,False
2015-07-23,RS03AXBS-MJ03A-06-PRESTA301,1,True,2015-07-23T00:00:11Z,2015-07-23T23:59:56Z,5752,5760,8,14.999925,15.000720024,14.999993084,-0.001459408,1,8,1,8,0.0,3.468628,18.668297,5.031726e-15,0.0002312419,0.001244554,False,0.001483,True
2015-07-24,RS03AXBS-MJ03A-06-PRESTA301,1,True,2015-07-24T00:00:11Z,2015-07-24T23:59:56Z,5760,5760,0,14.999925,15.000736237,14.999993261,0.001052184,0,0,0,0,0.0,3.353056,21.880448,3.377088e-12,0.0002235372,0.001458697,False,0.001499,False
2015-07-25,RS03AXBS-MJ03A-06-PRESTA301,1,True,2015-07-25T00:00:11Z,2015-07-25T23:59:56Z,5760,5760,0,14.999925,15.000720978,14.999992618,-0.00261486,0,0,0,0,0.0,3.362548,19.788595,4.363507e-13,0.00022417,0.00131924,False,0.001343,False
2015-07-26,RS03AXBS-MJ03A-06-PRESTA301,1,True,2015-07-26T00:00:11Z,2015-07-26T23:59:56Z,5760,5760,0,14.999925,15.00069809,14.999992896,0.001993328,0,0,0,0,0.0,3.193088,17.39041,3.002346e-12,0.0002128726,0.001159361,False,0.00134,False
2015-07-27,RS03AXBS-MJ03A-06-PRESTA301,1,True,2015-07-27T00:00:11Z,2015-07-27T23:59:56Z,5752,5760,8,14.999925,15.00067234,14.999993143,0.003352024,1,8,1,8,0.0,3.148324,17.181283,1.093552e-12,0.0002098884,0.001145419,False,0.001353,True
2015-07-28,RS03AXBS-MJ03A-06-PRESTA301,1,True,2015-07-28T00:00:11Z,2015-07-28T23:59:56Z,5760,5760,0,14.999925,15.000666618,14.999992651,-0.006846715,0,0,0,0,0.0,3.541774,20.298825,2.136076e-12,0.0002361184,0.001353256,False,0.001405,False
2015-07-29,RS03AXBS-MJ03A-06-PRESTA301,1,True,2015-07-29T00:00:11Z,2015-07-29T23:59:56Z,5760,5760,0,14.999925,15.000667572,14.999993262,0.005100199,0,0,0,0,0.0,4.229144,19.746377,2.864427e-12,0.0002819431,0.001316426,False,0.00138,False
2015-07-30,RS03AXBS-MJ03A-06-PRESTA301,1,True,2015-07-30T00:00:11Z,2015-07-30T23:59:56Z,5760,5760,0,14.999925,15.000650883,14.99999304,-0.000915203,0,0,0,0,0.0,3.963842,22.698202,9.240134e-13,0.0002642562,0.001513214,False,0.001336,False
2015-07-31,RS03AXBS-MJ03A-06-PRESTA301,1,True,2015-07-31T00:00:11Z,2015-07-31T23:59:56Z,5760,5760,0,14.999925,15.000646114,14.99999254,0.000694546,0,0,0,0,0.0,3.250528,19.667181,2.349161e-12,0.000216702,0.001311146,False,0.001515,False
2015-08-01,RS03AXBS-MJ03A-06-PRESTA301,1,True,2015-08-01T00:00:11Z,2015-08-01T23:59:56Z,5760,5760,0,14.999925,15.000621796,14.999993208,-0.004831566,0,0,0,0,0.0,3.477564,19.406537,1.233443e-12,0.0002318377,0.00129377,False,0.001339,False
2015-08-02,RS03AXBS-MJ03A-06-PRESTA301,1,True,2015-08-02T00:00:11Z,2015-08-02T23:59:56Z,5760,5760,0,14.999925,15.000639915,14.999991986,0.000606392,0,0,0,0,0.0,3.339614,20.173323,1.423248e-12,0.0002226411,0.001344889,False,0.001348,False
2015-08-03,RS03AXBS-MJ03A-06-PRESTA301,1,True,2015-08-03T00:00:11Z,2015-08-03T23:59:56Z,5752,5760,8,14.999925,15.000639915,14.999992518,-0.000130938,1,8,1,8,-0.0,3.115478,22.053107,-2.224442e-12,0.0002076987,0.001470208,False,0.001335,True
2015-08-04,RS03AXBS-MJ03A-06-PRESTA301,1,True,2015-08-04T00:00:11Z,2015-08-04T23:59:56Z,5760,5760,0,14.999925,15.000675201,14.999992424,0.002784373,0,0,0,0,0.0,3.824919,18.852136,2.496106e-12,0.0002549947,0.00125681,False,0.001391,False
2015-08-05,RS03AXBS-MJ03A-06-PRESTA301,1,True,2015-08-05T00:00:11Z,2015-08-05T23:59:56Z,5760,5760,0,14.999925,15.000681877,14.999992877,-0.000460553,0,0,0,0,0.0,3.722496,22.279165,2.768027e-12,0.0002481665,0.001485278,False,0.001339,False
2015-08-06,RS03AXBS-MJ03A-06-PRESTA301,1,True,2015-08-06T00:00:11Z,2015-08-06T23:59:56Z,5760,5760,0,14.999925,15.000687599,14.999993242,0.003305275,0,0,0,0,0.0,3.598588,20.214923,1.62222e-12,0.000239906,0.001347662,False,0.001499,False
2015-08-07,RS03AXBS-MJ03A-06-PRESTA301,1,True,2015-08-07T00:00:11Z,2015-08-07T23:59:56Z,5760,5760,0,14.999925,15.000699997,14.999992992,-0.001744352,0,0,0,0,0.0,3.450092,17.647124,2.230943e-12,0.0002300062,0.001176476,False,0.001379,False
2015-08-08,RS03AXBS-MJ03A-06-PRESTA301,1,True,2015-08-08T00:00:11Z,2015-08-08T23:59:56Z,5760,5760,0,14.999925,15.000683308,14.999992546,-0.004614579,0,0,0,0,0.0,5.697362,20.343234,1.273719e-12,0.0003798244,0.001356216,False,0.001534,False
2015-08-09,RS03AXBS-MJ03A-06-PRESTA301,1,True,2015-08-09T00:00:11Z,2015-08-09T23:59:56Z,5760,5760,0,14.999925,15.000679016,14.999993327,-0.00211956,0,0,0,0,0.0,3.407595,19.608154,1.713631e-12,0.0002271731,0.001307211,False,0.001409,False
2015-08-10,RS03AXBS-MJ03A-06-PRESTA301,1,True,2015-08-10T00:00:11Z,2015-08-10T23:59:56Z,5760,5760,0,14.999925,15.000673771,14.999992847,-0.001340663,0,0,0,0,0.0,3.194797,17.442218,1.881368e-12,0.0002129865,0.001162815,False,0.00135,False
2015-08-11,RS03AXBS-MJ03A-06-PRESTA301,1,True,2015-08-11T00:00:11Z,2015-08-11T23:59:56Z,5760,5760,0,14.999925,15.000694275,14.99999291,0.000591857,0,0,0,0,0.0,3.33907,18.115334,1.062951e-12,0.0002226048,0.001207689,False,0.001359,False
2015-08-12,RS03AXBS-MJ03A-06-PRESTA301,1,True,2015-08-12T00:00:11Z,2015-08-12T23:59:56Z,5760,5760,0,14.999925,15.000655174,14.999992294,-0.000550793,0,0,0,0,0.0,3.423535,19.07031,2.510074e-12,0.0002282358,0.001271355,False,0.001353,False
2015-08-13,RS03AXBS-MJ03A-06-PRESTA301,1,True,2015-08-13T00:00:11Z,2015-08-13T23:59:55Z,5760,5760,0,14.999925,15.00065279,14.999992671,-0.001403745,0,0,0,0,0.0,3.725653,21.662348,4.609176e-13,0.000248377,0.001444157,False,0.001362,False
2015-08-14,RS03AXBS-MJ03A-06-PRESTA301,1,True,2015-08-14T00:00:10Z,2015-08-14T23:59:55Z,5760,5760,0,14.999925,15.000656128,14.999992966,0.000396971,0,0,0,0,0.0,3.325363,18.759044,1.97488e-12,0.000221691,0.001250604,False,0.00135,False
2015-08-15,RS03AXBS-MJ03A-06-PRESTA301,1,True,2015-08-15T00:00:10Z,2015-08-15T14:05:10Z,3381,3381,0,14.999925,15.00069356,14.999991495,0.004554774,0,0,0,0,0.0,3.325541,17.374072,3.770619e-13,0.0002217029,0.001158272,False,0.00133,False
2015-08-16,RS03AXBS-MJ03A-06-PRESTA301,1,True,2015-08-16T02:30:55Z,2015-08-16T23:59:55Z,5157,5157,0,14.999925,15.000643492,14.999993314,-0.002347688,0,0,0,0,0.0,3.489781,17.817344,5.043182e-13,0.0002326522,0.001187823,False,0.001325,False
2015-08-17,RS03AXBS-MJ03A-06-PRESTA301,1,True,2015-08-17T00:00:10Z,2015-08-17T23:59:55Z,5760,5760,0,14.999925,15.00067997,14.999992156,0.0041443,0,0,0,0,0.0,3.899842,23.594371,1.587191e-12,0.0002599896,0.001572959,False,0.001348,False
2015-08-18,RS03AXBS-MJ03A-06-PRESTA301,1,True,2015-08-18T00:00:10Z,2015-08-18T23:59:55Z,5760,5760,0,14.999925,15.000688076,14.999992409,0.000232842,0,0,0,0,0.0,3.213021,17.495527,1.930949e-12,0.0002142015,0.001166369,False,0.001353,False
2015-08-19,RS03AXBS-MJ03A-06-PRESTA301,1,True,2015-08-19T00:00:10Z,2015-08-19T23:59:55Z,5760,5760,0,14.999925,15.000699997,14.999992764,-0.001177296,0,0,0,0,0.0,3.234803,20.015782,1.846027e-12,0.0002156536,0.001334386,False,0.00134,False
2015-08-20,RS03AXBS-MJ03A-06-PRESTA301,1,True,2015-08-20T00:00:10Z,2015-08-20T23:59:55Z,5760,5760,0,14.999925,15.000701904,14.999992363,-6.2118e-05,0,0,0,0,0.0,3.203668,18.984322,1.670471e-12,0.000213578,0.001265622,False,0.001342,False
2015-08-21,RS03AXBS-MJ03A-06-PRESTA301,1,True,2015-08-21T00:00:10Z,2015-08-21T23:59:55Z,5461,5760,299,14.999925,15.000725746,14.999992293,0.003880414,1,299,1,299,-0.0,3.291058,18.088556,-1.636437e-12,0.000219404,0.001205904,False,0.014779,True
2015-08-22,RS03AXBS-MJ03A-06-PRESTA301,1,True,2015-08-22T00:00:10Z,2015-08-22T23:59:55Z,5760,5760,0,14.999925,15.000723839,14.999992106,0.00300968,0,0,0,0,0.0,3.266741,19.172528,2.568438e-12,0.0002177828,0.001278169,False,0.001366,False
2015-08-23,RS03AXBS-MJ03A-06-PRESTA301,1,True,2015-08-23T00:00:10Z,2015-08-23T23:59:55Z,5760,5760,0,14.999925,15.000697136,14.999993192,0.000178406,0,0,0,0,0.0,3.109936,18.320798,2.444952e-12,0.0002073292,0.001221387,False,0.001476,False
2015-08-24,RS03AXBS-MJ03A-06-PRESTA301,1,True,2015-08-24T00:00:10Z,2015-08-24T23:59:55Z,5760,5760,0,14.999925,15.000689983,14.999992579,0.006177553,0,0,0,0,0.0,3.482792,17.790426,2.472529e-12,0.0002321863,0.001186029,False,0.001379,False
2015-08-25,RS03AXBS-MJ03A-06-PRESTA301,1,True,2015-08-25T00:00:10Z,2015-08-25T23:59:55Z,5760,5760,0,14.999925,15.00067091,14.999992623,0.002629709,0,0,0,0,0.0,3.200952,19.016772,2.24748e-12,0.0002133969,0.001267785,False,0.001343,False
2015-08-26,RS03AXBS-MJ03A-06-PRESTA301,1,True,2015-08-26T00:00:10Z,2015-08-26T23:59:55Z,5760,5760,0,14.999925,15.000668049,14.999992397,-0.002914844,0,0,0,0,0.0,3.152601,23.528384,1.115368e-12,0.0002101735,0.00156856,False,0.001652,False
2015-08-27,RS03AXBS-MJ03A-06-PRESTA301,1,True,2015-08-27T00:00:10Z,2015-08-27T23:59:55Z,5760,5760,0,14.999925,15.000657082,14.999991956,0.00283236,0,0,0,0,0.0,3.282343,19.138167,2.281787e-12,0.000218823,0.001275878,False,0.001329,False
2015-08-28,RS03AXBS-MJ03A-06-PRESTA301,1,True,2015-08-28T00:00:10Z,2015-08-28T23:59:55Z,5760,5760,0,14.999925,15.000637054,14.999992497,0.00216011,0,0,0,0,0.0,3.495132,18.996585,1.882814e-12,0.0002330089,0.00126644,False,0.00143,False
2015-08-29,RS03AXBS-MJ03A-06-PRESTA301,1,True,2015-08-29T00:00:10Z,2015-08-29T23:59:55Z,5669,5760,91,14.999925,15.000637054,14.999992991,-0.004326062,1,91,1,91,-0.0,3.241812,19.378283,-1.075343e-12,0.0002161209,0.001291886,False,0.004354,True
2015-08-30,RS03AXBS-MJ03A-06-PRESTA301,1,True,2015-08-30T00:00:10Z,2015-08-30T23:59:55Z,5760,5760,0,14.999925,15.000633717,14.999992356,0.004377549,0,0,0,0,0.0,3.164288,17.735809,2.61418e-12,0.0002109526,0.001182388,False,0.001344,False
2015-08-31,RS03AXBS-MJ03A-06-PRESTA301,1,True,2015-08-31T00:00:10Z,2015-08-31T23:59:55Z,5760,5760,0,14.999925,15.000636578,14.999991578,0.006347594,0,0,0,0,0.0,3.723902,20.732601,1.880707e-12,0.0002482603,0.001382174,False,0.001367,False
2015-09-01,RS03AXBS-MJ03A-06-PRESTA301,1,True,2015-09-01T00:00:10Z,2015-09-01T23:59:55Z,5760,5760,0,14.999925,15.000633717,14.999992068,0.002620229,0,0,0,0,0.0,3.316731,18.124943,1.051236e-12,0.0002211155,0.00120833,False,0.001334,False
2015-09-02,RS03AXBS-MJ03A-06-PRESTA301,1,True,2015-09-02T00:00:10Z,2015-09-02T23:59:55Z,5760,5760,0,14.999925,15.000636101,14.999991444,0.005388513,0,0,0,0,0.0,4.179291,21.512544,1.014908e-12,0.0002786195,0.00143417,False,0.001329,False
2015-09-03,RS03AXBS-MJ03A-06-PRESTA301,1,True,2015-09-03T00:00:10Z,2015-09-03T23:59:55Z,5760,5760,0,14.999925,15.000671864,14.999992746,-0.002334415,0,0,0,0,0.0,3.231608,21.613392,2.231028e-12,0.0002154406,0.001440893,False,0.001504,False
2015-09-04,RS03AXBS-MJ03A-06-PRESTA301,1,True,2015-09-04T00:00:10Z,2015-09-04T23:59:55Z,5760,5760,0,14.999925,15.00067091,14.999992654,-0.00335791,0,0,0,0,0.0,3.150852,21.287387,7.330682e-13,0.0002100569,0.00141916,False,0.001334,False
2015-09-05,RS03AXBS-MJ03A-06-PRESTA301,1,True,2015-09-05T00:00:10Z,2015-09-05T23:59:55Z,5760,5760,0,14.999925,15.000702381,14.999992372,0.005247398,0,0,0,0,0.0,3.172247,17.653761,2.806616e-12,0.0002114832,0.001176918,False,0.001356,False
2015-09-06,RS03AXBS-MJ03A-06-PRESTA301,1,True,2015-09-06T00:00:10Z,2015-09-06T23:59:54Z,5760,5760,0,14.999925,15.000686169,14.999992646,0.002842353,0,0,0,0,0.0,18.903044,1000.269531,6.94545e-13,0.001260204,0.06668467,False,0.06683,False
2015-09-07,RS03AXBS-MJ03A-06-PRESTA301,1,True,2015-09-07T00:00:09Z,2015-09-07T23:59:54Z,5760,5760,0,14.999925,15.000692368,14.999992704,-0.001456519,0,0,0,0,0.0,3.095615,17.369787,2.092596e-12,0.0002063744,0.001157986,False,0.001346,False
2015-09-08,RS03AXBS-MJ03A-06-PRESTA301,1,True,2015-09-08T00:00:09Z,2015-09-08T23:59:54Z,5760,5760,0,14.999925,15.000686169,14.999992974,0.001569875,0,0,0,0,0.0,3.182197,17.406337,2.472463e-12,0.0002121466,0.001160423,False,0.001348,False
2015-09-09,RS03AXBS-MJ03A-06-PRESTA301,1,True,2015-09-09T00:00:09Z,2015-09-09T23:59:54Z,5760,5760,0,14.999925,15.000680923,14.999992771,0.00043983,0,0,0,0,0.0,3.123414,20.893929,2.007918e-12,0.0002082277,0.001392929,False,0.001354,False
2015-09-10,RS03AXBS-MJ03A-06-PRESTA301,1,True,2015-09-10T00:00:09Z,2015-09-10T23:59:54Z,5760,5760,0,14.999925,15.000668049,14.999992395,-0.000950668,0,0,0,0,0.0,3.172216,17.519662,2.657866e-12,0.0002114812,0.001167978,False,0.001366,False
2015-09-11,RS03AXBS-MJ03A-06-PRESTA301,1,True,2015-09-11T00:00:09Z,2015-09-11T23:59:54Z,5760,5760,0,14.999925,15.000677109,14.999992826,0.001703669,0,0,0,0,0.0,3.380828,17.877019,1.531586e-12,0.0002253886,0.001191802,False,0.001406,False
2015-09-12,RS03AXBS-MJ03A-06-PRESTA301,1,True,2015-09-12T00:00:09Z,2015-09-12T23:59:54Z,5760,5760,0,14.999925,15.00066185,14.99999334,0.005902719,0,0,0,0,0.0,3.336852,17.676664,1.861735e-12,0.0002224569,0.001178445,False,0.001453,False
2015-09-13,RS03AXBS-MJ03A-06-PRESTA301,1,True,2015-09-13T00:00:09Z,2015-09-13T23:59:54Z,5760,5760,0,14.999925,15.000665188,14.999992818,0.000392204,0,0,0,0,0.0,3.613581,18.845352,2.176225e-12,0.0002409055,0.001256357,False,0.001332,False
2015-09-14,RS03AXBS-MJ03A-06-PRESTA301,1,True,2015-09-14T00:00:09Z,2015-09-14T23:59:54Z,5760,5760,0,14.999925,15.0006814,14.999992604,-0.003211359,0,0,0,0,0.0,3.086419,17.578881,2.903281e-12,0.0002057614,0.001171926,False,0.001369,False
2015-09-15,RS03AXBS-MJ03A-06-PRESTA301,1,True,2015-09-15T00:00:09Z,2015-09-15T23:59:54Z,5760,5760,0,14.999925,15.000665665,14.999992364,0.000511647,0,0,0,0,0.0,3.125173,18.303312,1.779151e-12,0.000208345,0.001220221,False,0.001334,False
2015-09-16,RS03AXBS-MJ03A-06-PRESTA301,1,True,2015-09-16T00:00:09Z,2015-09-16T23:59:54Z,5760,5760,0,14.999925,15.000688076,14.999992412,-4.1664e-05,0,0,0,0,0.0,3.353366,17.901292,2.211386e-12,0.0002235578,0.00119342,False,0.001435,False
2015-09-17,RS03AXBS-MJ03A-06-PRESTA301,1,True,2015-09-17T00:00:09Z,2015-09-17T23:59:54Z,5760,5760,0,14.999925,15.000702381,14.999991877,0.006169557,0,0,0,0,0.0,3.281987,18.583179,2.563198e-12,0.0002187993,0.001238879,False,0.001398,False
2015-09-18,RS03AXBS-MJ03A-06-PRESTA301,1,True,2015-09-18T00:00:09Z,2015-09-18T23:59:54Z,5760,5760,0,14.999925,15.000710011,14.999992553,0.004191684,0,0,0,0,0.0,3.498113,19.062666,2.262365e-12,0.0002332077,0.001270845,False,0.00136,False
2015-09-19,RS03AXBS-MJ03A-06-PRESTA301,1,True,2015-09-19T00:00:09Z,2015-09-19T23:59:54Z,5760,5760,0,14.999925,15.000715256,14.999992617,-0.001301424,0,0,0,0,0.0,3.336644,19.752657,2.050667e-12,0.0002224431,0.001316844,False,0.00153,False
2015-09-20,RS03AXBS-MJ03A-06-PRESTA301,1,True,2015-09-20T00:00:09Z,2015-09-20T23:59:54Z,5760,5760,0,14.999925,15.000709057,14.999992917,-0.000383768,0,0,0,0,0.0,3.51799,18.671504,4.930901e-13,0.0002345328,0.001244767,False,0.001349,False
2015-09-21,RS03AXBS-MJ03A-06-PRESTA301,1,True,2015-09-21T00:00:09Z,2015-09-21T23:59:54Z,5760,5760,0,14.999925,15.00071907,14.999992552,-0.001298344,0,0,0,0,0.0,3.343591,19.677227,1.978129e-12,0.0002229062,0.001311816,False,0.001456,False
2015-09-22,RS03AXBS-MJ03A-06-PRESTA301,1,True,2015-09-22T00:00:09Z,2015-09-22T23:59:54Z,5760,5760,0,14.999925,15.000700951,14.999993536,-0.006603696,0,0,0,0,0.0,3.450029,21.641131,2.776006e-12,0.000230002,0.001442743,False,0.001339,False
2015-09-23,RS03AXBS-MJ03A-06-PRESTA301,1,True,2015-09-23T00:00:09Z,2015-09-23T23:59:54Z,5760,5760,0,14.999925,15.000699043,14.999992238,-0.001396431,0,0,0,0,0.0,3.173073,17.684069,2.811414e-12,0.0002115383,0.001178939,False,0.001329,False
2015-09-24,RS03AXBS-MJ03A-06-PRESTA301,1,True,2015-09-24T00:00:09Z,2015-09-24T23:59:54Z,5760,5760,0,14.999925,15.000694752,14.999992315,0.001568537,0,0,0,0,0.0,3.21622,20.250309,2.611559e-12,0.0002144148,0.001350021,False,0.001698,False
2015-09-25,RS03AXBS-MJ03A-06-PRESTA301,1,True,2015-09-25T00:00:09Z,2015-09-25T23:59:54Z,5760,5760,0,14.999925,15.000658989,14.999991921,0.001559801,0,0,0,0,0.0,4.084695,23.058997,2.116492e-12,0.0002723131,0.001537267,False,0.001292,False
2015-09-26,RS03AXBS-MJ03A-06-PRESTA301,1,True,2015-09-26T00:00:09Z,2015-09-26T23:59:54Z,5760,5760,0,14.999925,15.000658989,14.999993662,0.003261639,0,0,0,0,0.0,4.99569,22.498118,1.218469e-12,0.0003330462,0.001499875,False,0.001344,False
2015-09-27,RS03AXBS-MJ03A-06-PRESTA301,1,True,2015-09-27T00:00:09Z,2015-09-27T23:59:54Z,5760,5760,0,14.999925,15.000637054,14.999993321,0.000990643,0,0,0,0,0.0,3.158016,22.865279,2.44327e-12,0.0002105345,0.001524353,False,0.001534,False
2015-09-28,RS03AXBS-MJ03A-06-PRESTA301,1,True,2015-09-28T00:00:09Z,2015-09-28T23:59:54Z,5760,5760,0,14.999925,15.000613689,14.999991846,0.001358442,0,0,0,0,0.0,3.568536,21.474365,9.218685e-13,0.0002379025,0.001431625,False,0.001444,False
2015-09-29,RS03AXBS-MJ03A-06-PRESTA301,1,True,2015-09-29T00:00:09Z,2015-09-29T23:59:53Z,5760,5760,0,14.999925,15.000603199,14.999993037,-0.0003767,0,0,0,0,0.0,18.941363,1001.383363,2.598097e-12,0.001262758,0.06675892,False,0.066879,False
2015-09-30,RS03AXBS-MJ03A-06-PRESTA301,1,True,2015-09-30T00:00:08Z,2015-09-30T23:59:53Z,5760,5760,0,14.999925,15.000625134,14.99999227,-0.003278668,0,0,0,0,0.0,3.10259,18.796196,1.489557e-12,0.0002068395,0.00125308,False,0.001462,False
2015-10-01,RS03AXBS-MJ03A-06-PRESTA301,1,True,2015-10-01T00:00:08Z,2015-10-01T23:59:53Z,5760,5760,0,14.999925,15.000622272,14.99999263,0.002082415,0,0,0,0,0.0,3.46153,22.403332,3.149444e-12,0.0002307687,0.001493556,False,0.001348,False
2015-10-02,RS03AXBS-MJ03A-06-PRESTA301,1,True,2015-10-02T00:00:08Z,2015-10-02T23:59:53Z,5760,5760,0,14.999925,15.000659943,14.999993217,-0.004966643,0,0,0,0,0.0,3.57174,19.264231,1.857613e-12,0.0002381161,0.001284283,False,0.001334,False
2015-10-03,RS03AXBS-MJ03A-06-PRESTA301,1,True,2015-10-03T00:00:08Z,2015-10-03T23:59:53Z,5760,5760,0,14.999925,15.000665188,14.999993839,-0.003162418,0,0,0,0,0.0,4.212919,18.948395,1.579189e-12,0.0002808614,0.001263227,False,0.001444,False
2015-10-04,RS03AXBS-MJ03A-06-PRESTA301,1,True,2015-10-04T00:00:08Z,2015-10-04T23:59:53Z,5760,5760,0,14.999925,15.000692844,14.999992572,0.003361443,0,0,0,0,0.0,4.195462,21.269781,3.00878e-12,0.0002796976,0.001417986,False,0.001721,False
2015-10-05,RS03AXBS-MJ03A-06-PRESTA301,1,True,2015-10-05T00:00:08Z,2015-10-05T23:59:53Z,5760,5760,0,14.999925,15.000708103,14.999992092,0.000852558,0,0,0,0,0.0,3.663119,19.039378,2.426073e-12,0.0002442081,0.001269293,False,0.001336,False
2015-10-06,RS03AXBS-MJ03A-06-PRESTA301,1,True,2015-10-06T00:00:08Z,2015-10-06T23:59:53Z,5760,5760,0,14.999925,15.000701904,14.99999213,0.000657257,0,0,0,0,0.0,3.181245,18.477147,1.956679e-12,0.0002120831,0.00123181,False,0.001382,False
2015-10-07,RS03AXBS-MJ03A-06-PRESTA301,1,True,2015-10-07T00:00:08Z,2015-10-07T23:59:53Z,5760,5760,0,14.999925,15.000691891,14.999992537,0.004302337,0,0,0,0,0.0,3.171526,20.515252,2.056318e-12,0.0002114352,0.001367684,False,0.001736,False
2015-10-08,RS03AXBS-MJ03A-06-PRESTA301,1,True,2015-10-08T00:00:08Z,2015-10-08T23:59:53Z,5760,5760,0,14.999925,15.000684261,14.999990454,0.003665738,0,0,0,0,0.0,3.312395,18.53771,1.254043e-12,0.0002208265,0.001235848,False,0.001381,False
2015-10-09,RS03AXBS-MJ03A-06-PRESTA301,1,True,2015-10-09T00:00:08Z,2015-10-09T23:59:53Z,5760,5760,0,14.999925,15.000699043,14.99999264,0.011957563,0,0,0,0,0.0,4.165819,22.146288,1.172955e-12,0.0002777214,0.00147642,False,0.001344,False
2015-10-10,RS03AXBS-MJ03A-06-PRESTA301,1,True,2015-10-10T00:00:08Z,2015-10-10T23:59:53Z,5760,5760,0,14.999925,15.000680923,14.999991955,0.00109786,0,0,0,0,0.0,3.285555,20.002907,2.091701e-12,0.0002190371,0.001333528,False,0.001315,False
2015-10-11,RS03AXBS-MJ03A-06-PRESTA301,1,True,2015-10-11T00:00:08Z,2015-10-11T23:59:53Z,5760,5760,0,14.999925,15.00067997,14.999991811,0.001559661,0,0,0,0,0.0,3.57783,19.152184,1.603905e-12,0.0002385222,0.001276813,False,0.001351,False
2015-10-12,RS03AXBS-MJ03A-06-PRESTA301,1,True,2015-10-12T00:00:08Z,2015-10-12T23:59:53Z,5760,5760,0,14.999925,15.00067091,14.999992475,-0.00258612,0,0,0,0,0.0,3.099199,20.984742,1.934904e-12,0.0002066133,0.001398984,False,0.001377,False
2015-10-13,RS03AXBS-MJ03A-06-PRESTA301,1,True,2015-10-13T00:00:08Z,2015-10-13T23:59:53Z,5760,5760,0,14.999925,15.000665188,14.999992458,0.005897841,0,0,0,0,0.0,3.306856,17.803885,1.725122e-12,0.0002204572,0.001186926,False,0.001289,False
2015-10-14,RS03AXBS-MJ03A-06-PRESTA301,1,True,2015-10-14T00:00:08Z,2015-10-14T23:59:53Z,5760,5760,0,14.999925,15.000675201,14.999992067,0.008838281,0,0,0,0,0.0,3.509497,18.352352,1.152304e-12,0.0002339666,0.001223491,False,0.001329,False
2015-10-15,RS03AXBS-MJ03A-06-PRESTA301,1,True,2015-10-15T00:00:08Z,2015-10-15T23:59:53Z,5760,5760,0,14.999925,15.000683784,14.999992864,0.006943695,0,0,0,0,0.0,3.151343,18.512108,2.658084e-12,0.0002100896,0.001234141,False,0.001462,False
2015-10-16,RS03AXBS-MJ03A-06-PRESTA301,1,True,2015-10-16T00:00:08Z,2015-10-16T23:59:53Z,5760,5760,0,14.999925,15.000683308,14.999992581,0.001217906,0,0,0,0,0.0,3.472261,18.764906,3.776556e-12,0.0002314841,0.001250994,False,0.001343,False
2015-10-17,RS03AXBS-MJ03A-06-PRESTA301,1,True,2015-10-17T00:00:08Z,2015-10-17T23:59:53Z,5760,5760,0,14.999925,15.000674725,14.999992858,-0.000227187,0,0,0,0,0.0,3.346482,17.196733,1.364948e-12,0.0002230989,0.001146449,False,0.001369,False
2015-10-18,RS03AXBS-MJ03A-06-PRESTA301,1,True,2015-10-18T00:00:08Z,2015-10-18T23:59:53Z,5760,5760,0,14.999925,15.000690937,14.999992663,0.00051801,0,0,0,0,0.0,3.106656,17.369689,1.222034e-12,0.0002071105,0.00115798,False,0.001318,False
2015-10-19,RS03AXBS-MJ03A-06-PRESTA301,1,True,2015-10-19T00:00:08Z,2015-10-19T23:59:53Z,5697,5760,63,14.999925,15.000721455,14.999992654,0.003273612,1,63,1,63,-0.0,3.32563,18.065631,-1.011064e-12,0.0002217088,0.001204376,False,0.003046,True
2015-10-20,RS03AXBS-MJ03A-06-PRESTA301,1,True,2015-10-20T00:00:08Z,2015-10-20T23:59:53Z,5760,5760,0,14.999925,15.00070715,14.999992545,0.006883936,0,0,0,0,0.0,3.30342,18.764965,1.653928e-12,0.0002202281,0.001250998,False,0.001423,False
2015-10-21,RS03AXBS-MJ03A-06-PRESTA301,1,True,2015-10-21T00:00:08Z,2015-10-21T23:59:53Z,5760,5760,0,14.999925,15.000712872,14.999992815,0.000442488,0,0,0,0,0.0,3.278282,22.580748,1.561839e-12,0.0002185523,0.001505384,False,0.001732,False
2015-10-22,RS03AXBS-MJ03A-06-PRESTA301,1,True,2015-10-22T00:00:08Z,2015-10-22T23:59:53Z,5760,5760,0,14.999925,15.000691891,14.999992034,-0.003853041,0,0,0,0,0.0,3.435663,17.664111,3.000306e-12,0.0002290443,0.001177608,False,0.00143,False
2015-10-23,RS03AXBS-MJ03A-06-PRESTA301,1,True,2015-10-23T00:00:08Z,2015-10-23T23:59:52Z,5744,5760,16,14.999925,15.000692368,14.99999244,-0.000521874,1,16,1,16,-0.0,13.738214,1002.072357,-1.002915e-12,0.0009158814,0.06680486,False,0.066685,True
2015-10-24,RS03AXBS-MJ03A-06-PRESTA301,1,True,2015-10-24T00:00:07Z,2015-10-24T23:59:52Z,5760,5760,0,14.999925,15.000671864,14.99999203,0.006948237,0,0,0,0,0.0,5.158842,23.157427,1.259528e-12,0.000343923,0.001543829,False,0.00137,False
2015-10-25,RS03AXBS-MJ03A-06-PRESTA301,1,True,2015-10-25T00:00:07Z,2015-10-25T23:59:52Z,5760,5760,0,14.999925,15.000664711,14.999992507,0.001428935,0,0,0,0,0.0,3.478709,18.422562,1.609512e-12,0.0002319141,0.001228171,False,0.001352,False
2015-10-26,RS03AXBS-MJ03A-06-PRESTA301,1,True,2015-10-26T00:00:07Z,2015-10-26T23:59:52Z,5760,5760,0,14.999925,15.000630856,14.999992771,-0.003469778,0,0,0,0,0.0,3.327269,18.180725,1.81672e-12,0.000221818,0.001212049,False,0.001355,False
2015-10-27,RS03AXBS-MJ03A-06-PRESTA301,1,True,2015-10-27T00:00:07Z,2015-10-27T23:59:52Z,5760,5760,0,14.999925,15.000627995,14.999992894,-0.000841864,0,0,0,0,0.0,3.186918,17.522364,1.844756e-12,0.0002124613,0.001168158,False,0.001391,False
2015-10-28,RS03AXBS-MJ03A-06-PRESTA301,1,True,2015-10-28T00:00:07Z,2015-10-28T23:59:52Z,5526,5760,234,14.999925,15.00063324,14.999992785,-0.001560929,1,234,1,234,0.0,3.362014,17.321961,2.992352e-13,0.0002241344,0.001154798,False,0.010221,True
2015-10-29,RS03AXBS-MJ03A-06-PRESTA301,1,True,2015-10-29T00:00:07Z,2015-10-29T23:59:52Z,5754,5760,6,14.999925,15.00060463,14.999992755,0.002830932,1,6,1,6,-0.0,3.1363,21.221479,-2.150234e-12,0.0002090867,0.001414766,False,0.001443,True
2015-10-30,RS03AXBS-MJ03A-06-PRESTA301,1,True,2015-10-30T00:00:07Z,2015-10-30T23:59:52Z,5760,5760,0,14.999925,15.000622749,14.999992574,-0.000520142,0,0,0,0,0.0,3.645062,20.183153,7.508961e-13,0.0002430043,0.001345544,False,0.001363,False
2015-10-31,RS03AXBS-MJ03A-06-PRESTA301,1,True,2015-10-31T00:00:07Z,2015-10-31T23:59:52Z,5760,5760,0,14.999925,15.00067091,14.999993309,0.005475926,0,0,0,0,0.0,3.303818,17.696132,2.456976e-12,0.0002202546,0.001179743,False,0.001372,False
2015-11-01,RS03AXBS-MJ03A-06-PRESTA301,1,True,2015-11-01T00:00:07Z,2015-11-01T23:59:52Z,5760,5760,0,14.999925,15.000683784,14.999991776,-0.000659894,0,0,0,0,0.0,3.752078,19.180936,2.05654e-12,0.0002501387,0.00127873,False,0.001342,False
2015-11-02,RS03AXBS-MJ03A-06-PRESTA301,1,True,2015-11-02T00:00:07Z,2015-11-02T23:59:52Z,5760,5760,0,14.999925,15.000693321,14.999991376,0.002233909,0,0,0,0,0.0,3.231656,17.952403,1.409679e-12,0.0002154438,0.001196828,False,0.001327,False
2015-11-03,RS03AXBS-MJ03A-06-PRESTA301,1,True,2015-11-03T00:00:07Z,2015-11-03T23:59:52Z,5760,5760,0,14.999925,15.000685215,14.999993107,0.000728601,0,0,0,0,0.0,3.144683,17.518275,2.278e-12,0.0002096456,0.001167886,False,0.001363,False
2015-11-04,RS03AXBS-MJ03A-06-PRESTA301,1,True,2015-11-04T00:00:07Z,2015-11-04T23:59:52Z,5760,5760,0,14.999925,15.000701904,14.999992598,-0.003813161,0,0,0,0,0.0,3.151777,20.375862,1.763096e-12,0.0002101186,0.001358391,False,0.00136,False
2015-11-05,RS03AXBS-MJ03A-06-PRESTA301,1,True,2015-11-05T00:00:07Z,2015-11-05T23:59:52Z,5760,5760,0,14.999925,15.000714302,14.999992022,0.00178364,0,0,0,0,0.0,3.379028,18.463814,2.425064e-12,0.0002252686,0.001230922,False,0.00135,False
2015-11-06,RS03AXBS-MJ03A-06-PRESTA301,1,True,2015-11-06T00:00:07Z,2015-11-06T23:59:52Z,5760,5760,0,14.999925,15.000710011,14.999993483,0.001391072,0,0,0,0,0.0,3.207165,17.925553,3.198051e-12,0.0002138111,0.001195037,False,0.001337,False
2015-11-07,RS03AXBS-MJ03A-06-PRESTA301,1,True,2015-11-07T00:00:07Z,2015-11-07T23:59:52Z,3650,5760,2110,14.999925,15.000722885,14.9999926,0.000778556,2,2110,2,2110,-0.0,3.085212,20.189804,-1.409485e-12,0.0002056809,0.001345988,False,0.100371,True
2015-11-08,RS03AXBS-MJ03A-06-PRESTA301,1,True,2015-11-08T00:00:07Z,2015-11-08T23:59:52Z,5760,5760,0,14.999925,15.000707626,14.999992906,-0.002495134,0,0,0,0,0.0,3.349921,17.644472,8.101653e-15,0.0002233281,0.001176299,False,0.001388,False
2015-11-09,RS03AXBS-MJ03A-06-PRESTA301,1,True,2015-11-09T00:00:07Z,2015-11-09T23:59:52Z,5760,5760,0,14.999925,15.000697613,14.999992116,-0.002036056,0,0,0,0,0.0,3.18635,16.877482,2.263251e-12,0.0002124234,0.001125166,False,0.001342,False
2015-11-10,RS03AXBS-MJ03A-06-PRESTA301,1,True,2015-11-10T00:00:07Z,2015-11-10T23:59:52Z,5760,5760,0,14.999925,15.000646114,14.999992504,0.002343772,0,0,0,0,0.0,3.268417,22.974769,1.172744e-12,0.0002178946,0.001531652,False,0.001619,False
2015-11-11,RS03AXBS-MJ03A-06-PRESTA301,1,True,2015-11-11T00:00:07Z,2015-11-11T23:59:52Z,5760,5760,0,14.999925,15.000673771,14.99999251,0.00186599,0,0,0,0,0.0,3.323786,18.263467,2.650153e-12,0.0002215859,0.001217565,False,0.001425,False
2015-11-12,RS03AXBS-MJ03A-06-PRESTA301,1,True,2015-11-12T00:00:07Z,2015-11-12T23:59:52Z,5760,5760,0,14.999925,15.000664234,14.999992901,-0.003459854,0,0,0,0,0.0,3.644895,17.99569,1.67759e-12,0.0002429931,0.001199713,False,0.001365,False
2015-11-13,RS03AXBS-MJ03A-06-PRESTA301,1,True,2015-11-13T00:00:07Z,2015-11-13T23:59:52Z,5760,5760,0,14.999925,15.000651836,14.999992671,0.003430419,0,0,0,0,0.0,3.181576,19.089333,2.853886e-12,0.0002121052,0.001272623,False,0.001336,False
2015-11-14,RS03AXBS-MJ03A-06-PRESTA301,1,True,2015-11-14T00:00:07Z,2015-11-14T23:59:52Z,5760,5760,0,14.999925,15.000665665,14.999993111,0.000337845,0,0,0,0,0.0,3.203258,20.280028,1.778495e-12,0.0002135506,0.001352003,False,0.00137,False
2015-11-15,RS03AXBS-MJ03A-06-PRESTA301,1,True,2015-11-15T00:00:07Z,2015-11-15T23:59:51Z,5760,5760,0,14.999925,15.00066185,14.999993041,0.000344344,0,0,0,0,0.0,3.388246,19.23411,2.735507e-12,0.0002258832,0.001282275,False,0.001322,False
2015-11-16,RS03AXBS-MJ03A-06-PRESTA301,1,True,2015-11-16T00:00:06Z,2015-11-16T23:59:51Z,5760,5760,0,14.999925,15.000672817,14.9999931,0.001379251,0,0,0,0,0.0,3.273947,19.112296,2.368953e-12,0.0002182633,0.001274154,False,0.001378,False
2015-11-17,RS03AXBS-MJ03A-06-PRESTA301,1,True,2015-11-17T00:00:06Z,2015-11-17T23:59:51Z,5760,5760,0,14.999925,15.000686646,14.999993526,0.000969927,0,0,0,0,0.0,3.104322,19.259821,1.43797e-12,0.0002069549,0.001283989,False,0.001373,False
2015-11-18,RS03AXBS-MJ03A-06-PRESTA301,1,True,2015-11-18T00:00:06Z,2015-11-18T23:59:51Z,5740,5760,20,14.999925,15.000708103,14.999993297,-0.002717465,1,20,1,20,-0.0,3.360708,17.269507,-5.186753e-13,0.0002240473,0.001151301,False,0.001441,True
2015-11-19,RS03AXBS-MJ03A-06-PRESTA301,1,True,2015-11-19T00:00:06Z,2015-11-19T23:59:51Z,5760,5760,0,14.999925,15.000711918,14.999992239,0.000482425,0,0,0,0,0.0,4.254508,19.761823,1.943407e-12,0.000283634,0.001317456,False,0.001432,False
2015-11-20,RS03AXBS-MJ03A-06-PRESTA301,1,True,2015-11-20T00:00:06Z,2015-11-20T23:59:51Z,5760,5760,0,14.999925,15.000696182,14.999993396,-0.000903408,0,0,0,0,0.0,3.1947,19.680509,2.635626e-12,0.0002129801,0.001312034,False,0.001359,False
2015-11-21,RS03AXBS-MJ03A-06-PRESTA301,1,True,2015-11-21T00:00:06Z,2015-11-21T23:59:51Z,5760,5760,0,14.999925,15.000702858,14.999993043,-0.000656654,0,0,0,0,0.0,3.028235,16.41085,2.187797e-12,0.0002018824,0.001094057,False,0.001363,False
2015-11-22,RS03AXBS-MJ03A-06-PRESTA301,1,True,2015-11-22T00:00:06Z,2015-11-22T23:59:51Z,5760,5760,0,14.999925,15.000693321,14.999993601,-0.000626976,0,0,0,0,0.0,3.155702,19.335388,2.133519e-12,0.0002103802,0.001289026,False,0.001353,False
2015-11-23,RS03AXBS-MJ03A-06-PRESTA301,1,True,2015-11-23T00:00:06Z,2015-11-23T23:59:51Z,5760,5760,0,14.999925,15.000659943,14.999993715,-2.3838e-05,0,0,0,0,0.0,3.033028,18.327019,2.343724e-12,0.000202202,0.001221802,False,0.001351,False
2015-11-24,RS03AXBS-MJ03A-06-PRESTA301,1,True,2015-11-24T00:00:06Z,2015-11-24T23:59:51Z,5760,5760,0,14.999925,15.000627995,14.999993802,-0.00425419,0,0,0,0,0.0,3.311836,18.978423,2.580928e-12,0.0002207891,0.001265229,False,0.001398,False
2015-11-25,RS03AXBS-MJ03A-06-PRESTA301,1,True,2015-11-25T00:00:06Z,2015-11-25T23:59:51Z,5739,5760,21,14.999925,15.000614405,14.999993132,-0.000335281,2,21,2,21,-0.0,3.190118,21.302194,-9.293646e-13,0.0002126746,0.001420147,False,0.001412,True
2015-11-26,RS03AXBS-MJ03A-06-PRESTA301,1,True,2015-11-26T00:00:06Z,2015-11-26T23:59:51Z,5760,5760,0,14.999925,15.00062418,14.999993312,-0.000630068,0,0,0,0,0.0,3.206839,18.042921,1.792849e-12,0.0002137894,0.001202862,False,0.001335,False
2015-11-27,RS03AXBS-MJ03A-06-PRESTA301,1,True,2015-11-27T00:00:06Z,2015-11-27T23:59:51Z,5760,5760,0,14.999925,15.00061512,14.999993408,-0.001074421,0,0,0,0,0.0,3.260382,17.571291,2.810311e-12,0.0002173589,0.00117142,False,0.001333,False
2015-11-28,RS03AXBS-MJ03A-06-PRESTA301,1,True,2015-11-28T00:00:06Z,2015-11-28T23:59:51Z,5760,5760,0,14.999925,15.000613213,14.999993423,0.000724482,0,0,0,0,0.0,3.320987,20.302543,1.603575e-12,0.0002213992,0.001353503,False,0.001349,False
2015-11-29,RS03AXBS-MJ03A-06-PRESTA301,1,True,2015-11-29T00:00:06Z,2015-11-29T23:59:51Z,4939,5760,821,14.999925,15.000591755,14.99999353,0.001294062,1,821,1,821,0.0,3.267758,20.484955,2.386355e-13,0.0002178506,0.001365664,False,0.032742,True
2015-11-30,RS03AXBS-MJ03A-06-PRESTA301,1,True,2015-11-30T00:00:06Z,2015-11-30T23:59:51Z,5760,5760,0,14.999925,15.000671387,14.999993503,0.002552828,0,0,0,0,0.0,3.159635,17.43635,3.018798e-12,0.0002106424,0.001162424,False,0.001364,False
2015-12-01,RS03AXBS-MJ03A-06-PRESTA301,1,True,2015-12-01T00:00:06Z,2015-12-01T23:59:51Z,5760,5760,0,14.999925,15.000672817,14.999993418,-0.001557324,0,0,0,0,0.0,4.146929,18.765632,2.071009e-12,0.0002764621,0.001251043,False,0.001341,False
2015-12-02,RS03AXBS-MJ03A-06-PRESTA301,1,True,2015-12-02T00:00:06Z,2015-12-02T23:59:51Z,5753,5760,7,14.999925,15.000707865,14.999993268,-0.000760107,1,7,1,7,0.0,3.580951,19.606164,2.115985e-12,0.0002387302,0.001307078,False,0.001343,True
2015-12-03,RS03AXBS-MJ03A-06-PRESTA301,1,True,2015-12-03T00:00:06Z,2015-12-03T23:59:51Z,5755,5760,5,14.999925,15.000718594,14.999993042,0.003589627,1,5,1,5,-0.0,3.567411,18.589655,-1.209385e-12,0.0002378275,0.001239311,False,0.001371,True
2015-12-04,RS03AXBS-MJ03A-06-PRESTA301,1,True,2015-12-04T00:00:06Z,2015-12-04T23:59:51Z,5760,5760,0,14.999925,15.000700951,14.999993382,-0.000329261,0,0,0,0,0.0,3.188263,20.565039,1.568987e-12,0.000212551,0.001371003,False,0.001506,False
2015-12-05,RS03AXBS-MJ03A-06-PRESTA301,1,True,2015-12-05T00:00:06Z,2015-12-05T23:59:51Z,5760,5760,0,14.999925,15.000720024,14.999994031,-0.001840679,0,0,0,0,0.0,3.427881,19.394022,2.055638e-12,0.0002285255,0.001292935,False,0.001354,False
2015-12-06,RS03AXBS-MJ03A-06-PRESTA301,1,True,2015-12-06T00:00:06Z,2015-12-06T23:59:51Z,5760,5760,0,14.999925,15.000699043,14.999993345,-0.002889385,0,0,0,0,0.0,3.357879,17.521427,1.251351e-12,0.0002238587,0.001168096,False,0.00132,False
2015-12-07,RS03AXBS-MJ03A-06-PRESTA301,1,True,2015-12-07T00:00:06Z,2015-12-07T23:59:51Z,5760,5760,0,14.999925,15.000703812,14.999993452,0.000821736,0,0,0,0,0.0,3.179592,19.501088,1.879729e-12,0.0002119729,0.001300073,False,0.00146,False
2015-12-08,RS03AXBS-MJ03A-06-PRESTA301,1,True,2015-12-08T00:00:06Z,2015-12-08T23:59:51Z,5760,5760,0,14.999925,15.000682831,14.999993476,-0.00250667,0,0,0,0,0.0,3.37914,20.778027,1.589335e-12,0.0002252761,0.001385202,False,0.00153,False
2015-12-09,RS03AXBS-MJ03A-06-PRESTA301,1,True,2015-12-09T00:00:06Z,2015-12-09T23:59:51Z,5760,5760,0,14.999925,15.000683308,14.999993181,-0.002635445,0,0,0,0,0.0,3.478502,19.573074,6.990858e-13,0.0002319002,0.001304872,False,0.001343,False
2015-12-10,RS03AXBS-MJ03A-06-PRESTA301,1,True,2015-12-10T00:00:06Z,2015-12-10T23:59:51Z,5760,5760,0,14.999925,15.000669003,14.999993656,-0.002211993,0,0,0,0,0.0,3.278091,17.78019,2.01995e-12,0.0002185395,0.001185347,False,0.001308,False
2015-12-11,RS03AXBS-MJ03A-06-PRESTA301,1,True,2015-12-11T00:00:06Z,2015-12-11T23:59:50Z,5760,5760,0,14.999925,15.00067997,14.999993235,-0.003747904,0,0,0,0,0.0,18.871087,998.17592,9.712334e-13,0.001258073,0.06654509,False,0.066713,False
2015-12-12,RS03AXBS-MJ03A-06-PRESTA301,1,True,2015-12-12T00:00:05Z,2015-12-12T23:59:50Z,5760,5760,0,14.999925,15.000655174,14.999993132,0.001972581,0,0,0,0,0.0,3.133319,16.775733,1.630612e-12,0.000208888,0.001118383,False,0.001358,False
2015-12-13,RS03AXBS-MJ03A-06-PRESTA301,1,True,2015-12-13T00:00:05Z,2015-12-13T23:59:50Z,5760,5760,0,14.999925,15.000645161,14.999993111,0.000590513,0,0,0,0,0.0,3.277759,20.850088,1.916388e-12,0.0002185173,0.001390007,False,0.001458,False
2015-12-14,RS03AXBS-MJ03A-06-PRESTA301,1,True,2015-12-14T00:00:05Z,2015-12-14T23:59:50Z,5760,5760,0,14.999925,15.000655174,14.999992516,0.000925312,0,0,0,0,0.0,3.304976,20.000084,2.344683e-12,0.0002203319,0.00133334,False,0.001363,False
2015-12-15,RS03AXBS-MJ03A-06-PRESTA301,1,True,2015-12-15T00:00:05Z,2015-12-15T23:59:50Z,5760,5760,0,14.999925,15.000678062,14.999992836,-0.000405613,0,0,0,0,0.0,3.382638,18.86899,1.575278e-12,0.0002255093,0.001257933,False,0.001345,False
2015-12-16,RS03AXBS-MJ03A-06-PRESTA301,1,True,2015-12-16T00:00:05Z,2015-12-16T23:59:50Z,5760,5760,0,14.999925,15.000700951,14.999992752,-0.001926678,0,0,0,0,0.0,3.075446,17.047719,1.759786e-12,0.0002050298,0.001136515,False,0.001332,False
2015-12-17,RS03AXBS-MJ03A-06-PRESTA301,1,True,2015-12-17T00:00:05Z,2015-12-17T23:59:50Z,5760,5760,0,14.999925,15.000694752,14.999992789,0.004274311,0,0,0,0,0.0,3.517737,18.609764,1.800058e-12,0.0002345159,0.001240652,False,0.00135,False
2015-12-18,RS03AXBS-MJ03A-06-PRESTA301,1,True,2015-12-18T00:00:05Z,2015-12-18T23:59:50Z,5760,5760,0,14.999925,15.000720978,14.999992918,0.005131025,0,0,0,0,0.0,3.534181,18.528178,1.600921e-12,0.0002356122,0.001235212,False,0.001333,False
2015-12-19,RS03AXBS-MJ03A-06-PRESTA301,1,True,2015-12-19T00:00:05Z,2015-12-19T23:59:50Z,5760,5760,0,14.999925,15.000681877,14.99999367,-0.002758771,0,0,0,0,0.0,3.265938,21.586751,3.317228e-12,0.0002177293,0.001439117,False,0.00173,False
2015-12-20,RS03AXBS-MJ03A-06-PRESTA301,1,True,2015-12-20T00:00:05Z,2015-12-20T23:59:50Z,5760,5760,0,14.999925,15.000699043,14.999993159,-0.001085084,0,0,0,0,0.0,3.08514,18.609505,2.396551e-12,0.0002056761,0.001240634,False,0.001435,False
2015-12-21,RS03AXBS-MJ03A-06-PRESTA301,1,True,2015-12-21T00:00:05Z,2015-12-21T23:59:50Z,5760,5760,0,14.999925,15.000684738,14.999992599,0.008755955,0,0,0,0,0.0,3.117582,17.112784,1.362995e-12,0.0002078389,0.001140853,False,0.001327,False
2015-12-22,RS03AXBS-MJ03A-06-PRESTA301,1,True,2015-12-22T00:00:05Z,2015-12-22T23:59:50Z,5760,5760,0,14.999925,15.00067091,14.999993388,0.00123394,0,0,0,0,0.0,3.185476,17.558625,1.123237e-12,0.0002123652,0.001170576,False,0.001334,False
2015-12-23,RS03AXBS-MJ03A-06-PRESTA301,1,True,2015-12-23T00:00:05Z,2015-12-23T23:59:50Z,5760,5760,0,14.999925,15.000650883,14.99999308,-0.002001193,0,0,0,0,0.0,3.402289,19.565508,1.54823e-12,0.0002268194,0.001304368,False,0.001576,False
2015-12-24,RS03AXBS-MJ03A-06-PRESTA301,1,True,2015-12-24T00:00:05Z,2015-12-24T23:59:50Z,5760,5760,0,14.999925,15.000658035,14.999994523,0.001977957,0,0,0,0,0.0,3.35977,17.88406,2.817129e-13,0.0002239848,0.001192271,False,0.001374,False
2015-12-25,RS03AXBS-MJ03A-06-PRESTA301,1,True,2015-12-25T00:00:05Z,2015-12-25T23:59:50Z,5760,5760,0,14.999925,15.000630379,14.999993648,-0.003155459,0,0,0,0,0.0,3.2385,18.251764,1.008134e-12,0.0002159001,0.001216785,False,0.001363,False
2015-12-26,RS03AXBS-MJ03A-06-PRESTA301,1,True,2015-12-26T00:00:05Z,2015-12-26T23:59:50Z,5760,5760,0,14.999925,15.000648975,14.999992993,0.000648563,0,0,0,0,0.0,4.397508,20.43604,2.362777e-12,0.0002931674,0.001362403,False,0.001355,False
2015-12-27,RS03AXBS-MJ03A-06-PRESTA301,1,True,2015-12-27T00:00:05Z,2015-12-27T23:59:50Z,5760,5760,0,14.999925,15.000648022,14.999992798,0.004536952,0,0,0,0,0.0,3.410102,17.667048,2.382403e-12,0.0002273402,0.001177804,False,0.001414,False
2015-12-28,RS03AXBS-MJ03A-06-PRESTA301,1,True,2015-12-28T00:00:05Z,2015-12-28T23:59:50Z,5760,5760,0,14.999925,15.000655174,14.999992329,0.00292672,0,0,0,0,0.0,3.901023,22.599417,1.309209e-12,0.0002600683,0.001506629,False,0.001353,False
2015-12-29,RS03AXBS-MJ03A-06-PRESTA301,1,True,2015-12-29T00:00:05Z,2015-12-29T23:59:50Z,5760,5760,0,14.999925,15.000658989,14.999993854,0.001245501,0,0,0,0,0.0,3.898884,20.904153,2.440375e-12,0.0002599257,0.001393611,False,0.001368,False
2015-12-30,RS03AXBS-MJ03A-06-PRESTA301,1,True,2015-12-30T00:00:05Z,2015-12-30T23:59:50Z,5760,5760,0,14.999925,15.000677109,14.999993725,-0.003014622,0,0,0,0,0.0,3.440182,19.12752,3.305999e-12,0.0002293456,0.001275169,False,0.00134,False
2015-12-31,RS03AXBS-MJ03A-06-PRESTA301,1,True,2015-12-31T00:00:05Z,2015-12-31T23:59:50Z,5760,5760,0,14.999925,15.000699997,14.999993226,0.004490372,0,0,0,0,0.0,3.181772,17.222156,1.633262e-12,0.0002121183,0.001148144,False,0.001362,False
2016-01-01,RS03AXBS-MJ03A-06-PRESTA301,1,True,2016-01-01T00:00:05Z,2016-01-01T23:59:50Z,5760,5760,0,14.999925,15.000728607,14.99999327,0.000355784,0,0,0,0,0.0,3.260301,17.240415,2.131431e-12,0.0002173535,0.001149361,False,0.001341,False
2016-01-02,RS03AXBS-MJ03A-06-PRESTA301,1,True,2016-01-02T00:00:05Z,2016-01-02T23:59:50Z,5760,5760,0,14.999925,15.000720024,14.999994128,0.003911978,0,0,0,0,0.0,3.906564,19.372949,3.202588e-12,0.0002604377,0.00129153,False,0.001335,False
2016-01-03,RS03AXBS-MJ03A-06-PRESTA301,1,True,2016-01-03T00:00:05Z,2016-01-03T23:59:50Z,5760,5760,0,14.999925,15.000720978,14.999993781,-0.003258586,0,0,0,0,0.0,3.370446,18.034643,1.8774e-12,0.0002246965,0.00120231,False,0.001436,False
2016-01-04,RS03AXBS-MJ03A-06-PRESTA301,1,True,2016-01-04T00:00:05Z,2016-01-04T23:59:50Z,5760,5760,0,14.999925,15.000742912,14.999993849,-0.002586817,0,0,0,0,0.0,3.096367,16.900205,3.821817e-12,0.0002064246,0.001126681,False,0.001318,False
2016-01-05,RS03AXBS-MJ03A-06-PRESTA301,1,True,2016-01-05T00:00:05Z,2016-01-05T23:59:50Z,5760,5760,0,14.999925,15.000694752,14.999993502,0.003560517,0,0,0,0,0.0,3.250063,20.133364,2.313208e-12,0.000216671,0.001342225,False,0.001309,False
2016-01-06,RS03AXBS-MJ03A-06-PRESTA301,1,True,2016-01-06T00:00:05Z,2016-01-06T23:59:49Z,5760,5760,0,14.999925,15.00067997,14.999992988,-0.002096554,0,0,0,0,0.0,3.110269,17.503775,9.060898e-13,0.0002073513,0.001166919,False,0.001483,False
2016-01-07,RS03AXBS-MJ03A-06-PRESTA301,1,True,2016-01-07T00:00:04Z,2016-01-07T23:59:49Z,5733,5760,27,14.999925,15.000665188,14.999992918,0.000898639,4,27,4,27,0.0,3.206568,17.03236,7.777301e-13,0.0002137713,0.001135491,False,0.001373,True
2016-01-08,RS03AXBS-MJ03A-06-PRESTA301,1,True,2016-01-08T00:00:04Z,2016-01-08T23:59:49Z,5760,5760,0,14.999925,15.00067997,14.999993573,-0.002825791,0,0,0,0,0.0,3.420685,22.989897,2.942698e-12,0.0002280458,0.00153266,False,0.001641,False
2016-01-09,RS03AXBS-MJ03A-06-PRESTA301,1,True,2016-01-09T00:00:04Z,2016-01-09T23:59:49Z,5760,5760,0,14.999925,15.000635147,14.999993498,-0.002414846,0,0,0,0,0.0,3.100918,16.887747,2.403361e-12,0.000206728,0.00112585,False,0.00132,False
2016-01-10,RS03AXBS-MJ03A-06-PRESTA301,1,True,2016-01-10T00:00:04Z,2016-01-10T23:59:49Z,5760,5760,0,14.999925,15.000653744,14.999993053,-0.000206613,0,0,0,0,0.0,3.35842,18.158485,2.80891e-12,0.0002238948,0.001210566,False,0.001319,False
2016-01-11,RS03AXBS-MJ03A-06-PRESTA301,1,True,2016-01-11T00:00:04Z,2016-01-11T23:59:49Z,5760,5760,0,14.999925,15.000644684,14.999992723,0.004624836,0,0,0,0,0.0,3.842073,20.078862,2.282102e-12,0.0002561383,0.001338591,False,0.001647,False
2016-01-12,RS03AXBS-MJ03A-06-PRESTA301,1,True,2016-01-12T00:00:04Z,2016-01-12T23:59:49Z,5760,5760,0,14.999925,15.000645161,14.999993013,0.00559497,0,0,0,0,0.0,3.337712,21.916222,2.322816e-12,0.0002225142,0.001461082,False,0.001631,False
2016-01-13,RS03AXBS-MJ03A-06-PRESTA301,1,True,2016-01-13T00:00:04Z,2016-01-13T23:59:49Z,5760,5760,0,14.999925,15.000667095,14.99999342,0.002986976,0,0,0,0,0.0,3.4,17.346921,1.249966e-12,0.0002266668,0.001156462,False,0.001321,False
2016-01-14,RS03AXBS-MJ03A-06-PRESTA301,1,True,2016-01-14T00:00:04Z,2016-01-14T23:59:49Z,5760,5760,0,14.999925,15.00066328,14.999992832,-0.001732494,0,0,0,0,0.0,3.118585,20.366416,1.570607e-12,0.0002079058,0.001357762,False,0.001461,False
2016-01-15,RS03AXBS-MJ03A-06-PRESTA301,1,True,2016-01-15T00:00:04Z,2016-01-15T23:59:49Z,5760,5760,0,14.999925,15.000711918,14.999993236,0.004291557,0,0,0,0,0.0,3.182589,16.954768,1.713531e-12,0.0002121727,0.001130318,False,0.001375,False
2016-01-16,RS03AXBS-MJ03A-06-PRESTA301,1,True,2016-01-16T00:00:04Z,2016-01-16T23:59:49Z,5760,5760,0,14.999925,15.000703335,14.999992251,0.00219249,0,0,0,0,0.0,3.28214,18.008559,1.236093e-12,0.0002188095,0.001200571,False,0.001354,False
2016-01-17,RS03AXBS-MJ03A-06-PRESTA301,1,True,2016-01-17T00:00:04Z,2016-01-17T23:59:49Z,5760,5760,0,14.999925,15.000681877,14.999993191,0.000565525,0,0,0,0,0.0,3.683645,21.426575,3.627806e-12,0.0002455765,0.001428439,False,0.001347,False
2016-01-18,RS03AXBS-MJ03A-06-PRESTA301,1,True,2016-01-18T00:00:04Z,2016-01-18T23:59:49Z,5760,5760,0,14.999925,15.000695229,14.999993618,0.002092339,0,0,0,0,0.0,3.544993,19.06906,2.279539e-12,0.0002363329,0.001271271,False,0.001327,False
2016-01-19,RS03AXBS-MJ03A-06-PRESTA301,1,True,2016-01-19T00:00:04Z,2016-01-19T23:59:49Z,5760,5760,0,14.999925,15.000662804,14.999993168,0.002237193,0,0,0,0,0.0,3.278987,18.705265,2.69087e-12,0.0002185993,0.001247018,False,0.001346,False
2016-01-20,RS03AXBS-MJ03A-06-PRESTA301,1,True,2016-01-20T00:00:04Z,2016-01-20T23:59:49Z,5759,5760,1,14.999925,15.000679493,14.999992538,-0.001575636,1,1,1,1,0.0,3.631402,20.363929,4.631768e-13,0.0002420936,0.001357596,False,0.001378,True
2016-01-21,RS03AXBS-MJ03A-06-PRESTA301,1,True,2016-01-21T00:00:04Z,2016-01-21T23:59:49Z,5760,5760,0,14.999925,15.000657082,14.999992099,-0.000434832,0,0,0,0,0.0,3.124038,21.677596,1.357213e-12,0.0002082693,0.001445174,False,0.001417,False
2016-01-22,RS03AXBS-MJ03A-06-PRESTA301,1,True,2016-01-22T00:00:04Z,2016-01-22T23:59:49Z,5760,5760,0,14.999925,15.000651836,14.999993952,0.000302804,0,0,0,0,0.0,3.968492,21.388313,1.401524e-12,0.0002645663,0.001425888,False,0.001361,False
2016-01-23,RS03AXBS-MJ03A-06-PRESTA301,1,True,2016-01-23T00:00:04Z,2016-01-23T23:59:49Z,5760,5760,0,14.999925,15.000640869,14.999994066,-0.002818501,0,0,0,0,0.0,3.261425,21.300116,2.255207e-12,0.0002174284,0.001420008,False,0.00134,False
2016-01-24,RS03AXBS-MJ03A-06-PRESTA301,1,True,2016-01-24T00:00:04Z,2016-01-24T23:59:49Z,5760,5760,0,14.999925,15.00065279,14.999992612,0.004199831,0,0,0,0,0.0,3.149979,18.129815,3.42161e-12,0.0002099987,0.001208655,False,0.001376,False
2016-01-25,RS03AXBS-MJ03A-06-PRESTA301,1,True,2016-01-25T00:00:04Z,2016-01-25T23:59:49Z,5760,5760,0,14.999925,15.000654697,14.999993959,-0.001042981,0,0,0,0,0.0,3.23857,17.572639,1.245322e-12,0.0002159048,0.00117151,False,0.001361,False
2016-01-26,RS03AXBS-MJ03A-06-PRESTA301,1,True,2016-01-26T00:00:04Z,2016-01-26T23:59:49Z,5760,5760,0,14.999925,15.000654221,14.999992944,-0.001067709,0,0,0,0,0.0,3.337172,17.754629,1.727843e-12,0.0002224782,0.001183642,False,0.001348,False
2016-01-27,RS03AXBS-MJ03A-06-PRESTA301,1,True,2016-01-27T00:00:04Z,2016-01-27T23:59:49Z,5760,5760,0,14.999925,15.000656128,14.999992856,-1.8751e-05,0,0,0,0,0.0,3.237645,19.378685,1.433792e-12,0.0002158431,0.001291913,False,0.001329,False
2016-01-28,RS03AXBS-MJ03A-06-PRESTA301,1,True,2016-01-28T00:00:04Z,2016-01-28T23:59:49Z,5760,5760,0,14.999925,15.000686169,14.999992342,0.002946375,0,0,0,0,0.0,3.169603,17.051913,2.204659e-12,0.000211307,0.001136795,False,0.001332,False
2016-01-29,RS03AXBS-MJ03A-06-PRESTA301,1,True,2016-01-29T00:00:04Z,2016-01-29T23:59:49Z,5760,5760,0,14.999925,15.00069809,14.999994486,0.007399417,0,0,0,0,0.0,3.557699,18.596367,1.915021e-12,0.00023718,0.001239758,False,0.001338,False
2016-01-30,RS03AXBS-MJ03A-06-PRESTA301,1,True,2016-01-30T00:00:04Z,2016-01-30T20:07:49Z,4832,4832,0,14.999925,15.000710011,14.99999369,-0.00180516,0,0,0,0,0.0,3.341692,17.994743,1.769877e-13,0.0002227795,0.00119965,False,0.001706,False
2016-01-31,RS03AXBS-MJ03A-06-PRESTA301,1,True,2016-01-31T02:33:34Z,2016-01-31T23:59:48Z,5146,5146,0,14.999925,15.000709057,14.99999317,-0.000942251,0,0,0,0,-0.0,3.290291,17.880018,-6.655194e-13,0.0002193528,0.001192002,False,0.001303,False
2016-02-01,RS03AXBS-MJ03A-06-PRESTA301,1,True,2016-02-01T00:00:03Z,2016-02-01T23:59:48Z,5759,5760,1,14.999925,15.000718832,14.999993722,-0.000102341,1,1,1,1,0.0,13.536354,997.249469,4.941097e-13,0.000902424,0.06648333,False,0.066643,True
2016-02-02,RS03AXBS-MJ03A-06-PRESTA301,1,True,2016-02-02T00:00:03Z,2016-02-02T23:59:48Z,5760,5760,0,14.999925,15.000713348,14.999994505,-0.004051513,0,0,0,0,0.0,3.895225,19.101123,2.052501e-12,0.0002596818,0.001273409,False,0.001355,False
2016-02-03,RS03AXBS-MJ03A-06-PRESTA301,1,True,2016-02-03T00:00:03Z,2016-02-03T23:59:48Z,5760,5760,0,14.999925,15.000710011,14.99999372,-0.006159527,0,0,0,0,0.0,3.922441,21.432858,2.259098e-12,0.0002614962,0.001428858,False,0.001354,False
2016-02-04,RS03AXBS-MJ03A-06-PRESTA301,1,True,2016-02-04T00:00:03Z,2016-02-04T23:59:48Z,5760,5760,0,14.999925,15.000710011,14.999994326,-0.002998348,0,0,0,0,0.0,3.185054,17.300073,3.862041e-12,0.000212337,0.001153339,False,0.001325,False
2016-02-05,RS03AXBS-MJ03A-06-PRESTA301,1,True,2016-02-05T00:00:03Z,2016-02-05T23:59:48Z,5760,5760,0,14.999925,15.000675201,14.999993334,0.002237419,0,0,0,0,0.0,3.242988,18.316307,2.315739e-12,0.0002161993,0.001221088,False,0.001324,False
2016-02-06,RS03AXBS-MJ03A-06-PRESTA301,1,True,2016-02-06T00:00:03Z,2016-02-06T23:59:48Z,5760,5760,0,14.999925,15.000678062,14.999993124,0.006754577,0,0,0,0,0.0,3.302735,17.570332,1.362958e-13,0.0002201825,0.001171356,False,0.001369,False
2016-02-07,RS03AXBS-MJ03A-06-PRESTA301,1,True,2016-02-07T00:00:03Z,2016-02-07T23:59:48Z,5760,5760,0,14.999925,15.000635147,14.99999278,-0.002373681,0,0,0,0,0.0,3.104757,19.689493,3.403142e-12,0.0002069839,0.001312634,False,0.00136,False
2016-02-08,RS03AXBS-MJ03A-06-PRESTA301,1,True,2016-02-08T00:00:03Z,2016-02-08T23:59:48Z,5760,5760,0,14.999925,15.000638962,14.999993519,0.003595304,0,0,0,0,0.0,3.139589,21.52601,1.492187e-12,0.000209306,0.001435068,False,0.001338,False
2016-02-09,RS03AXBS-MJ03A-06-PRESTA301,1,True,2016-02-09T00:00:03Z,2016-02-09T23:59:48Z,5760,5760,0,14.999925,15.000630856,14.999993458,-0.000553723,0,0,0,0,0.0,3.208292,17.532803,2.025382e-12,0.0002138862,0.001168854,False,0.001336,False
2016-02-10,RS03AXBS-MJ03A-06-PRESTA301,1,True,2016-02-10T00:00:03Z,2016-02-10T23:59:48Z,5760,5760,0,14.999925,15.000650883,14.99999316,-0.002063914,0,0,0,0,0.0,3.190883,19.723488,6.09878e-13,0.0002127256,0.0013149,False,0.001526,False
2016-02-11,RS03AXBS-MJ03A-06-PRESTA301,1,True,2016-02-11T00:00:03Z,2016-02-11T23:59:48Z,5760,5760,0,14.999925,15.000646591,14.999993396,-0.001621573,0,0,0,0,0.0,3.127119,17.190804,2.386718e-12,0.0002084747,0.001146054,False,0.001512,False
2016-02-12,RS03AXBS-MJ03A-06-PRESTA301,1,True,2016-02-12T00:00:03Z,2016-02-12T23:59:48Z,5760,5760,0,14.999925,15.000662804,14.999993325,-0.002034932,0,0,0,0,0.0,3.10743,18.03154,1.57634e-12,0.0002071621,0.001202103,False,0.001339,False
2016-02-13,RS03AXBS-MJ03A-06-PRESTA301,1,True,2016-02-13T00:00:03Z,2016-02-13T23:59:48Z,5760,5760,0,14.999925,15.000664711,14.999993311,0.001537444,0,0,0,0,0.0,3.26979,17.762861,2.110921e-12,0.0002179861,0.001184191,False,0.001375,False
2016-02-14,RS03AXBS-MJ03A-06-PRESTA301,1,True,2016-02-14T00:00:03Z,2016-02-14T23:59:48Z,5760,5760,0,14.999925,15.00068903,14.999992676,0.00181619,0,0,0,0,0.0,3.255569,20.724072,4.647843e-13,0.000217038,0.001381606,False,0.001332,False
2016-02-15,RS03AXBS-MJ03A-06-PRESTA301,1,True,2016-02-15T00:00:03Z,2016-02-15T23:59:48Z,5759,5760,1,14.999925,15.000663042,14.999993143,0.000130938,1,1,1,1,-0.0,3.398862,18.37156,-1.584281e-12,0.0002265909,0.001224771,False,0.001449,True
2016-02-16,RS03AXBS-MJ03A-06-PRESTA301,1,True,2016-02-16T00:00:03Z,2016-02-16T23:59:48Z,5760,5760,0,14.999925,15.00069809,14.999994014,-0.003260213,0,0,0,0,0.0,3.152892,19.905382,2.154466e-12,0.0002101929,0.001327026,False,0.001349,False
2016-02-17,RS03AXBS-MJ03A-06-PRESTA301,1,True,2016-02-17T00:00:03Z,2016-02-17T23:59:48Z,5760,5760,0,14.999925,15.000700951,14.999993187,-0.001021221,0,0,0,0,0.0,3.087649,17.94475,2.163889e-12,0.0002058433,0.001196317,False,0.00152,False
2016-02-18,RS03AXBS-MJ03A-06-PRESTA301,1,True,2016-02-18T00:00:03Z,2016-02-18T23:59:48Z,5760,5760,0,14.999925,15.00068903,14.99999313,-0.000163899,0,0,0,0,0.0,3.172681,17.390938,2.46062e-12,0.0002115122,0.001159396,False,0.00135,False
2016-02-19,RS03AXBS-MJ03A-06-PRESTA301,1,True,2016-02-19T00:00:03Z,2016-02-19T23:59:48Z,5760,5760,0,14.999925,15.000671387,14.999992939,0.001773639,0,0,0,0,0.0,3.216245,17.442941,1.323301e-12,0.0002144164,0.001162863,False,0.001366,False
2016-02-20,RS03AXBS-MJ03A-06-PRESTA301,1,True,2016-02-20T00:00:03Z,2016-02-20T23:59:48Z,5760,5760,0,14.999925,15.000678062,14.999993117,0.006483208,0,0,0,0,0.0,3.28383,20.915887,2.959685e-12,0.0002189221,0.001394393,False,0.001327,False
2016-02-21,RS03AXBS-MJ03A-06-PRESTA301,1,True,2016-02-21T00:00:03Z,2016-02-21T23:59:48Z,5760,5760,0,14.999925,15.000644684,14.99999377,0.001526227,0,0,0,0,0.0,3.349885,17.963361,2.52248e-12,0.0002233257,0.001197558,False,0.001304,False
2016-02-22,RS03AXBS-MJ03A-06-PRESTA301,1,True,2016-02-22T00:00:03Z,2016-02-22T23:59:48Z,5760,5760,0,14.999925,15.000662327,14.999993069,0.005081054,0,0,0,0,0.0,3.230536,19.90014,2.196069e-12,0.0002153692,0.001326677,False,0.00132,False
2016-02-23,RS03AXBS-MJ03A-06-PRESTA301,1,True,2016-02-23T00:00:03Z,2016-02-23T23:59:48Z,5760,5760,0,14.999925,15.000645161,14.999992697,0.003772928,0,0,0,0,0.0,4.028265,20.222442,1.630714e-12,0.0002685511,0.001348163,False,0.001299,False
2016-02-24,RS03AXBS-MJ03A-06-PRESTA301,1,True,2016-02-24T00:00:03Z,2016-02-24T23:59:48Z,5760,5760,0,14.999925,15.00067234,14.999992596,0.003560911,0,0,0,0,0.0,3.33415,18.10036,2.295754e-12,0.0002222768,0.001206691,False,0.001365,False
2016-02-25,RS03AXBS-MJ03A-06-PRESTA301,1,True,2016-02-25T00:00:03Z,2016-02-25T23:59:48Z,5760,5760,0,14.999925,15.00067091,14.999993192,0.00307396,0,0,0,0,0.0,3.397173,18.111862,2.000907e-12,0.0002264783,0.001207458,False,0.001336,False
2016-02-26,RS03AXBS-MJ03A-06-PRESTA301,1,True,2016-02-26T00:00:03Z,2016-02-26T23:59:47Z,5760,5760,0,14.999925,15.000684738,14.999993531,-0.004585643,0,0,0,0,0.0,3.22168,18.778602,2.267027e-12,0.0002147788,0.001251907,False,0.001457,False
2016-02-27,RS03AXBS-MJ03A-06-PRESTA301,1,True,2016-02-27T00:00:02Z,2016-02-27T23:59:47Z,5760,5760,0,14.999925,15.000693798,14.999993456,0.005049272,0,0,0,0,0.0,3.861387,20.500989,2.062662e-12,0.0002574259,0.001366733,False,0.001339,False
2016-02-28,RS03AXBS-MJ03A-06-PRESTA301,1,True,2016-02-28T00:00:02Z,2016-02-28T23:59:47Z,5760,5760,0,14.999925,15.000690937,14.999993793,0.003755249,0,0,0,0,0.0,3.343696,17.794666,1.632102e-12,0.0002229132,0.001186312,False,0.00132,False
2016-02-29,RS03AXBS-MJ03A-06-PRESTA301,1,True,2016-02-29T00:00:02Z,2016-02-29T23:59:47Z,5760,5760,0,14.999925,15.000715256,14.999992868,-7.9591e-05,0,0,0,0,0.0,3.38081,18.468798,2.251157e-12,0.0002253875,0.001231254,False,0.001604,False
2016-03-01,RS03AXBS-MJ03A-06-PRESTA301,1,True,2016-03-01T00:00:02Z,2016-03-01T23:59:47Z,5754,5760,6,14.999925,15.000732422,14.999993132,0.005174919,1,6,1,6,-0.0,3.530972,19.169465,-9.387978e-13,0.0002353983,0.001277965,False,0.001341,True
2016-03-02,RS03AXBS-MJ03A-06-PRESTA301,1,True,2016-03-02T00:00:02Z,2016-03-02T23:59:47Z,5760,5760,0,14.999925,15.000732899,14.999993172,0.000239607,0,0,0,0,0.0,3.283372,18.643875,1.331393e-12,0.0002188916,0.001242926,False,0.001339,False
2016-03-03,RS03AXBS-MJ03A-06-PRESTA301,1,True,2016-03-03T00:00:02Z,2016-03-03T23:59:47Z,5760,5760,0,14.999925,15.000703812,14.999993586,0.000382449,0,0,0,0,0.0,3.168094,17.88953,1.551661e-12,0.0002112064,0.001192636,False,0.001338,False
2016-03-04,RS03AXBS-MJ03A-06-PRESTA301,1,True,2016-03-04T00:00:02Z,2016-03-04T23:59:47Z,5760,5760,0,14.999925,15.000708103,14.999993541,-0.001763525,0,0,0,0,0.0,3.199358,22.087538,2.21163e-12,0.0002132906,0.001472503,False,0.001351,False
2016-03-05,RS03AXBS-MJ03A-06-PRESTA301,1,True,2016-03-05T00:00:02Z,2016-03-05T23:59:47Z,5760,5760,0,14.999925,15.000702858,14.99999288,-0.001054002,0,0,0,0,0.0,3.497972,18.696549,1.351732e-12,0.0002331982,0.001246437,False,0.001377,False
2016-03-06,RS03AXBS-MJ03A-06-PRESTA301,1,True,2016-03-06T00:00:02Z,2016-03-06T23:59:47Z,5760,5760,0,14.999925,15.00067091,14.999992233,-0.00077732,0,0,0,0,0.0,3.169597,17.091226,2.961176e-12,0.0002113066,0.001139416,False,0.001309,False
2016-03-07,RS03AXBS-MJ03A-06-PRESTA301,1,True,2016-03-07T00:00:02Z,2016-03-07T23:59:47Z,5760,5760,0,14.999925,15.000655651,14.999994095,-0.004729367,0,0,0,0,0.0,3.237069,21.744588,2.372647e-12,0.0002158047,0.00144964,False,0.001311,False
2016-03-08,RS03AXBS-MJ03A-06-PRESTA301,1,True,2016-03-08T00:00:02Z,2016-03-08T23:59:47Z,5760,5760,0,14.999925,15.000638008,14.999992728,-0.002305183,0,0,0,0,0.0,3.352757,23.964957,1.302649e-12,0.0002235172,0.001597665,False,0.001719,False
2016-03-09,RS03AXBS-MJ03A-06-PRESTA301,1,True,2016-03-09T00:00:02Z,2016-03-09T23:59:47Z,5760,5760,0,14.999925,15.000619888,14.999993173,0.002663741,0,0,0,0,0.0,3.198268,17.12394,1.470864e-12,0.0002132179,0.001141597,False,0.001341,False
2016-03-10,RS03AXBS-MJ03A-06-PRESTA301,1,True,2016-03-10T00:00:02Z,2016-03-10T23:06:32Z,5547,5547,0,14.999925,15.000642061,14.999993356,0.003467477,0,0,0,0,0.0,3.204128,20.96513,2.658164e-12,0.0002136086,0.001397676,False,0.001359,False
2016-03-11,RS03AXBS-MJ03A-06-PRESTA301,1,True,2016-03-11T07:35:17Z,2016-03-11T23:59:47Z,3939,3939,0,14.999925,15.000572681,14.999993242,-0.000323021,0,0,0,0,-0.0,3.134808,19.077552,-7.962226e-13,0.0002089873,0.001271837,False,0.001359,False
2016-03-12,RS03AXBS-MJ03A-06-PRESTA301,1,True,2016-03-12T00:00:02Z,2016-03-12T23:59:47Z,5760,5760,0,14.999925,15.000623226,14.999993399,-6.2339e-05,0,0,0,0,0.0,3.623759,19.618965,1.368771e-12,0.000241584,0.001307932,False,0.001378,False
2016-03-13,RS03AXBS-MJ03A-06-PRESTA301,1,True,2016-03-13T00:00:02Z,2016-03-13T23:59:47Z,5760,5760,0,14.999925,15.000658035,14.999993314,-0.00126461,0,0,0,0,0.0,3.410339,18.395293,2.393055e-12,0.0002273561,0.001226353,False,0.001336,False
2016-03-14,RS03AXBS-MJ03A-06-PRESTA301,1,True,2016-03-14T00:00:02Z,2016-03-14T23:59:47Z,5760,5760,0,14.999925,15.000669956,14.9999931,0.002346513,0,0,0,0,0.0,3.442264,18.466319,6.97727e-13,0.0002294844,0.001231089,False,0.001458,False
2016-03-15,RS03AXBS-MJ03A-06-PRESTA301,1,True,2016-03-15T00:00:02Z,2016-03-15T23:59:47Z,5760,5760,0,14.999925,15.000710011,14.999993103,-0.002023738,0,0,0,0,0.0,3.167369,17.05281,1.601221e-12,0.000211158,0.001136854,False,0.001367,False
2016-03-16,RS03AXBS-MJ03A-06-PRESTA301,1,True,2016-03-16T00:00:02Z,2016-03-16T23:59:47Z,5724,5760,36,14.999925,15.000710964,14.999993042,-0.00175501,1,36,1,36,0.0,3.09885,18.890653,1.625316e-12,0.0002065901,0.001259377,False,0.001908,True
2016-03-17,RS03AXBS-MJ03A-06-PRESTA301,1,True,2016-03-17T00:00:02Z,2016-03-17T23:59:47Z,5753,5760,7,14.999925,15.000692368,14.999992417,0.003901661,1,7,1,7,0.0,3.15722,22.637408,3.296509e-13,0.0002104814,0.001509161,False,0.001335,True
2016-03-18,RS03AXBS-MJ03A-06-PRESTA301,1,True,2016-03-18T00:00:02Z,2016-03-18T23:59:47Z,5760,5760,0,14.999925,15.000684738,14.999993673,0.001548407,0,0,0,0,0.0,3.259024,18.228067,2.109343e-12,0.0002172684,0.001215205,False,0.001361,False
2016-03-19,RS03AXBS-MJ03A-06-PRESTA301,1,True,2016-03-19T00:00:02Z,2016-03-19T23:59:47Z,5760,5760,0,14.999925,15.000696182,14.999993214,0.000318919,0,0,0,0,0.0,3.321276,19.20082,1.994802e-12,0.0002214185,0.001280055,False,0.001331,False
2016-03-20,RS03AXBS-MJ03A-06-PRESTA301,1,True,2016-03-20T00:00:02Z,2016-03-20T23:59:47Z,5760,5760,0,14.999925,15.000697136,14.99999314,0.001086084,0,0,0,0,0.0,3.215888,22.012471,1.273249e-12,0.0002143926,0.001467499,False,0.001374,False
2016-03-21,RS03AXBS-MJ03A-06-PRESTA301,1,True,2016-03-21T00:00:02Z,2016-03-21T23:59:46Z,5760,5760,0,14.999925,15.00067091,14.999992045,-0.001897004,0,0,0,0,0.0,18.886292,1001.507875,2.81593e-12,0.001259087,0.06676723,False,0.066732,False
2016-03-22,RS03AXBS-MJ03A-06-PRESTA301,1,True,2016-03-22T00:00:01Z,2016-03-22T23:59:46Z,5760,5760,0,14.999925,15.000677109,14.999993233,0.002504249,0,0,0,0,0.0,3.365796,19.882181,1.674412e-12,0.0002243865,0.001325479,False,0.00145,False
2016-03-23,RS03AXBS-MJ03A-06-PRESTA301,1,True,2016-03-23T00:00:01Z,2016-03-23T23:59:46Z,5760,5760,0,14.999925,15.000661373,14.999991629,0.005295968,0,0,0,0,0.0,3.149946,18.827893,2.306178e-12,0.0002099965,0.001255194,False,0.00138,False
2016-03-24,RS03AXBS-MJ03A-06-PRESTA301,1,True,2016-03-24T00:00:01Z,2016-03-24T23:59:46Z,5760,5760,0,14.999925,15.000667572,14.999993822,-0.001970659,0,0,0,0,0.0,3.28438,17.671655,2.21746e-12,0.0002189588,0.001178111,False,0.001547,False
2016-03-25,RS03AXBS-MJ03A-06-PRESTA301,1,True,2016-03-25T00:00:01Z,2016-03-25T23:59:46Z,5760,5760,0,14.999925,15.000671387,14.999993144,-9.8834e-05,0,0,0,0,0.0,3.313248,19.595565,2.729385e-12,0.0002208833,0.001306372,False,0.001316,False
2016-03-26,RS03AXBS-MJ03A-06-PRESTA301,1,True,2016-03-26T00:00:01Z,2016-03-26T23:59:46Z,5760,5760,0,14.999925,15.000675201,14.999993119,0.001016729,0,0,0,0,0.0,3.483193,18.41337,2.007399e-12,0.0002322129,0.001227559,False,0.001358,False
2016-03-27,RS03AXBS-MJ03A-06-PRESTA301,1,True,2016-03-27T00:00:01Z,2016-03-27T23:59:46Z,5760,5760,0,14.999925,15.000699043,14.99999259,0.001486668,0,0,0,0,0.0,3.459997,18.836932,2.022217e-12,0.0002306666,0.001255796,False,0.001342,False
2016-03-28,RS03AXBS-MJ03A-06-PRESTA301,1,True,2016-03-28T00:00:01Z,2016-03-28T23:59:46Z,5760,5760,0,14.999925,15.000695705,14.999993442,0.004862914,0,0,0,0,0.0,4.122229,20.103348,1.720249e-12,0.0002748154,0.001340224,False,0.001393,False
2016-03-29,RS03AXBS-MJ03A-06-PRESTA301,1,True,2016-03-29T00:00:01Z,2016-03-29T23:59:46Z,5760,5760,0,14.999925,15.000695705,14.999993032,-0.001569712,0,0,0,0,0.0,3.157356,22.107206,1.735865e-12,0.0002104905,0.001473814,False,0.001411,False
2016-03-30,RS03AXBS-MJ03A-06-PRESTA301,1,True,2016-03-30T00:00:01Z,2016-03-30T23:59:46Z,5760,5760,0,14.999925,15.000717163,14.99999289,0.003175106,0,0,0,0,0.0,3.139627,19.050317,7.913147e-13,0.0002093086,0.001270022,False,0.001337,False
2016-03-31,RS03AXBS-MJ03A-06-PRESTA301,1,True,2016-03-31T00:00:01Z,2016-03-31T23:59:46Z,5759,5760,1,14.999925,15.000710964,14.999992318,-0.000673446,1,1,1,1,0.0,3.542785,18.272441,8.403008e-13,0.0002361858,0.001218163,False,0.001344,True
2016-04-01,RS03AXBS-MJ03A-06-PRESTA301,1,True,2016-04-01T00:00:01Z,2016-04-01T23:59:46Z,5754,5760,6,14.999925,15.000723839,14.99999334,0.001553809,1,6,1,6,-0.0,3.536655,23.425007,-2.187482e-12,0.0002357771,0.001561668,False,0.001338,True
2016-04-02,RS03AXBS-MJ03A-06-PRESTA301,1,True,2016-04-02T00:00:01Z,2016-04-02T23:59:46Z,5754,5760,6,14.999925,15.000721931,14.999992302,0.000537406,1,6,1,6,-0.0,3.074392,16.650456,-2.321775e-12,0.0002049596,0.001110031,False,0.001366,True
2016-04-03,RS03AXBS-MJ03A-06-PRESTA301,1,True,2016-04-03T00:00:01Z,2016-04-03T23:59:46Z,5760,5760,0,14.999925,15.000701904,14.99999312,-0.000489001,0,0,0,0,0.0,3.760883,19.700936,1.428926e-12,0.0002507256,0.001313396,False,0.001472,False
2016-04-04,RS03AXBS-MJ03A-06-PRESTA301,1,True,2016-04-04T00:00:01Z,2016-04-04T23:59:46Z,5760,5760,0,14.999925,15.00068903,14.999991592,0.005674412,0,0,0,0,0.0,3.720214,18.916001,2.476211e-12,0.0002480144,0.001261067,False,0.001301,False
2016-04-05,RS03AXBS-MJ03A-06-PRESTA301,1,True,2016-04-05T00:00:01Z,2016-04-05T23:59:46Z,5760,5760,0,14.999925,15.000666142,14.999992743,0.000493764,0,0,0,0,0.0,3.407619,18.668636,2.792594e-12,0.0002271747,0.001244576,False,0.00137,False
2016-04-06,RS03AXBS-MJ03A-06-PRESTA301,1,True,2016-04-06T00:00:01Z,2016-04-06T23:59:46Z,5760,5760,0,14.999925,15.000669956,14.999993248,-0.001663307,0,0,0,0,0.0,3.437821,17.410542,1.396861e-12,0.0002291882,0.001160703,False,0.001326,False
2016-04-07,RS03AXBS-MJ03A-06-PRESTA301,1,True,2016-04-07T00:00:01Z,2016-04-07T23:59:46Z,5760,5760,0,14.999925,15.000632286,14.999992311,0.000575985,0,0,0,0,0.0,3.329585,20.233443,6.694174e-13,0.0002219725,0.001348897,False,0.001373,False
2016-04-08,RS03AXBS-MJ03A-06-PRESTA301,1,True,2016-04-08T00:00:01Z,2016-04-08T23:59:46Z,5731,5760,29,14.999925,15.000635147,14.999992787,7.527e-06,3,29,3,29,-0.0,3.774906,19.149399,-2.86826e-13,0.0002516605,0.001276627,False,0.001348,True
2016-04-09,RS03AXBS-MJ03A-06-PRESTA301,1,True,2016-04-09T00:00:01Z,2016-04-09T23:59:46Z,5760,5760,0,14.999925,15.00063324,14.999992383,0.003962738,0,0,0,0,0.0,3.168009,20.474968,1.159037e-12,0.0002112007,0.001364999,False,0.001506,False
2016-04-10,RS03AXBS-MJ03A-06-PRESTA301,1,True,2016-04-10T00:00:01Z,2016-04-10T23:59:46Z,5760,5760,0,14.999925,15.000651836,14.999992694,-0.000912453,0,0,0,0,0.0,3.416992,18.337004,2.291073e-12,0.0002277996,0.001222468,False,0.001752,False
2016-04-11,RS03AXBS-MJ03A-06-PRESTA301,1,True,2016-04-11T00:00:01Z,2016-04-11T23:59:46Z,5760,5760,0,14.999925,15.000645161,14.999993119,-0.000618935,0,0,0,0,0.0,3.079547,16.765586,1.707245e-12,0.0002053032,0.001117706,False,0.001375,False
2016-04-12,RS03AXBS-MJ03A-06-PRESTA301,1,True,2016-04-12T00:00:01Z,2016-04-12T23:59:46Z,5760,5760,0,14.999925,15.000664234,14.999992956,-0.003232153,0,0,0,0,0.0,3.322022,17.96417,2.278898e-12,0.0002214682,0.001197612,False,0.00134,False
2016-04-13,RS03AXBS-MJ03A-06-PRESTA301,1,True,2016-04-13T00:00:01Z,2016-04-13T23:59:46Z,5760,5760,0,14.999925,15.000688076,14.999993195,-0.001133605,0,0,0,0,0.0,3.55288,19.586534,6.001498e-13,0.0002368588,0.00130577,False,0.001684,False
2016-04-14,RS03AXBS-MJ03A-06-PRESTA301,1,True,2016-04-14T00:00:01Z,2016-04-14T23:59:45Z,5738,5760,22,14.999925,15.00068903,14.999992905,0.000874957,2,22,2,22,-0.0,4.034146,21.477123,-6.692525e-13,0.0002689432,0.001431809,False,0.001367,True
2016-04-15,RS03AXBS-MJ03A-06-PRESTA301,1,True,2016-04-15T00:00:00Z,2016-04-15T23:59:45Z,5760,5760,0,14.999925,15.000712872,14.999992339,0.005507202,0,0,0,0,0.0,3.6834,21.913255,1.920936e-12,0.0002455601,0.001460884,False,0.001349,False
2016-04-16,RS03AXBS-MJ03A-06-PRESTA301,1,True,2016-04-16T00:00:00Z,2016-04-16T23:59:45Z,5760,5760,0,14.999925,15.000706196,14.999992604,0.000728572,0,0,0,0,0.0,3.392654,19.357212,1.926923e-12,0.000226177,0.001290481,False,0.001734,False
2016-04-17,RS03AXBS-MJ03A-06-PRESTA301,1,True,2016-04-17T00:00:00Z,2016-04-17T23:59:45Z,5760,5760,0,14.999925,15.000696182,14.999991731,0.002368675,0,0,0,0,0.0,3.608539,17.747069,1.304792e-12,0.0002405694,0.001183139,False,0.001334,False
2016-04-18,RS03AXBS-MJ03A-06-PRESTA301,1,True,2016-04-18T00:00:00Z,2016-04-18T23:59:45Z,5760,5760,0,14.999925,15.000692844,14.999992858,0.001550579,0,0,0,0,0.0,3.63896,19.60207,1.562635e-12,0.0002425975,0.001306805,False,0.001333,False
2016-04-19,RS03AXBS-MJ03A-06-PRESTA301,1,True,2016-04-19T00:00:00Z,2016-04-19T23:59:45Z,5760,5760,0,14.999925,15.000686646,14.999993045,-0.003334734,0,0,0,0,0.0,3.271016,21.407741,2.69735e-12,0.0002180678,0.001427183,False,0.0017,False
2016-04-20,RS03AXBS-MJ03A-06-PRESTA301,1,True,2016-04-20T00:00:00Z,2016-04-20T23:59:45Z,5759,5760,1,14.999925,15.000677586,14.999993266,-0.000637102,1,1,1,1,0.0,3.36045,19.2477,5.516518e-13,0.0002240301,0.001283181,False,0.00133,True
2016-04-21,RS03AXBS-MJ03A-06-PRESTA301,1,True,2016-04-21T00:00:00Z,2016-04-21T22:50:15Z,5482,5482,0,14.999925,15.000649929,14.999993615,0.003329095,0,0,0,0,-0.0,3.21775,17.738881,-1.011939e-12,0.0002145167,0.001182593,False,0.001315,False
2016-04-22,RS03AXBS-MJ03A-06-PRESTA301,1,True,2016-04-22T14:45:00Z,2016-04-22T23:59:45Z,2220,2220,0,14.999925,15.00065136,14.999994212,-0.000449071,0,0,0,0,-0.0,3.142698,16.889788,-1.168584e-13,0.0002095133,0.001125986,False,0.001312,False
2016-04-23,RS03AXBS-MJ03A-06-PRESTA301,1,True,2016-04-23T00:00:00Z,2016-04-23T23:59:45Z,5760,5760,0,14.999925,15.000673771,14.999993198,-0.000374116,0,0,0,0,0.0,3.189746,18.216996,2.023516e-12,0.0002126499,0.001214467,False,0.001343,False
2016-04-24,RS03AXBS-MJ03A-06-PRESTA301,1,True,2016-04-24T00:00:00Z,2016-04-24T23:59:45Z,5760,5760,0,14.999925,15.000691891,14.9999929,-0.002052818,0,0,0,0,0.0,3.115292,17.85699,1.025173e-12,0.0002076862,0.001190467,False,0.001457,False
2016-04-25,RS03AXBS-MJ03A-06-PRESTA301,1,True,2016-04-25T00:00:00Z,2016-04-25T23:59:45Z,5760,5760,0,14.999925,15.000671864,14.999992599,0.000136066,0,0,0,0,0.0,3.245909,17.644909,2.57766e-12,0.0002163941,0.001176328,False,0.001309,False
2016-04-26,RS03AXBS-MJ03A-06-PRESTA301,1,True,2016-04-26T00:00:00Z,2016-04-26T23:59:45Z,5760,5760,0,14.999925,15.000711918,14.999992783,-0.002150231,0,0,0,0,0.0,3.409652,17.59826,1.667521e-12,0.0002273103,0.001173218,False,0.001356,False
2016-04-27,RS03AXBS-MJ03A-06-PRESTA301,1,True,2016-04-27T00:00:00Z,2016-04-27T23:59:45Z,5760,5760,0,14.999925,15.000689983,14.999992813,-0.001842221,0,0,0,0,0.0,3.285193,17.594806,2.958171e-12,0.000219013,0.001172988,False,0.001505,False
2016-04-28,RS03AXBS-MJ03A-06-PRESTA301,1,True,2016-04-28T00:00:00Z,2016-04-28T23:59:45Z,5760,5760,0,14.999925,15.000702858,14.999993054,-0.002333095,0,0,0,0,0.0,3.156192,19.316513,2.188889e-12,0.0002104129,0.001287768,False,0.001771,False
2016-04-29,RS03AXBS-MJ03A-06-PRESTA301,1,True,2016-04-29T00:00:00Z,2016-04-29T23:59:45Z,5760,5760,0,14.999925,15.000697613,14.999993327,-0.00395158,0,0,0,0,0.0,3.505252,18.550106,3.001931e-12,0.0002336836,0.001236674,False,0.001357,False
2016-04-30,RS03AXBS-MJ03A-06-PRESTA301,1,True,2016-04-30T00:00:00Z,2016-04-30T23:59:45Z,5760,5760,0,14.999925,15.000691891,14.999993025,-0.000929876,0,0,0,0,0.0,3.185815,21.237024,4.875116e-13,0.0002123878,0.001415802,False,0.001492,False
2016-05-01,RS03AXBS-MJ03A-06-PRESTA301,1,True,2016-05-01T00:00:00Z,2016-05-01T23:59:45Z,5760,5760,0,14.999925,15.000720024,14.999992423,0.000366214,0,0,0,0,0.0,3.367966,19.449145,2.23052e-12,0.0002245312,0.00129661,False,0.00135,False
2016-05-02,RS03AXBS-MJ03A-06-PRESTA301,1,True,2016-05-02T00:00:00Z,2016-05-02T23:59:45Z,5760,5760,0,14.999925,15.000686169,14.999992804,-0.002656412,0,0,0,0,0.0,3.638219,17.810941,3.261372e-12,0.0002425481,0.001187397,False,0.001343,False
2016-05-03,RS03AXBS-MJ03A-06-PRESTA301,1,True,2016-05-03T00:00:00Z,2016-05-03T23:59:45Z,5760,5760,0,14.999925,15.000675201,14.999991985,-0.001681917,0,0,0,0,0.0,4.145182,19.394417,3.003994e-12,0.0002763456,0.001292962,False,0.001363,False
2016-05-04,RS03AXBS-MJ03A-06-PRESTA301,1,True,2016-05-04T00:00:00Z,2016-05-04T23:59:45Z,5760,5760,0,14.999925,15.000668049,14.999992531,-0.00199406,0,0,0,0,0.0,3.149436,20.93533,3.481816e-12,0.0002099625,0.001395689,False,0.001468,False
2016-05-05,RS03AXBS-MJ03A-06-PRESTA301,1,True,2016-05-05T00:00:00Z,2016-05-05T23:59:45Z,5709,5760,51,14.999925,15.000647068,14.999992895,-0.003256126,1,51,1,51,-0.0,3.158203,17.854731,-3.313981e-13,0.0002105469,0.001190316,False,0.00244,True
2016-05-06,RS03AXBS-MJ03A-06-PRESTA301,1,True,2016-05-06T00:00:00Z,2016-05-06T23:59:45Z,5556,5760,204,14.999925,15.000605106,14.999992728,0.001256466,5,204,5,204,-0.0,3.229621,21.940134,-1.429587e-12,0.0002153081,0.001462676,False,0.004817,True
2016-05-07,RS03AXBS-MJ03A-06-PRESTA301,1,True,2016-05-07T00:00:00Z,2016-05-07T23:59:45Z,3567,5760,2193,14.999925,15.000676155,14.999992625,-0.000636218,79,2193,79,2193,-0.0,3.105967,18.396488,-6.253047e-14,0.0002070645,0.001226433,False,0.006723,True
2016-05-08,RS03AXBS-MJ03A-06-PRESTA301,1,True,2016-05-08T00:00:00Z,2016-05-08T23:59:59Z,5761,5761,0,14.999925,15.000617504,14.999992709,-0.001236352,0,0,0,0,-0.0,3.22677,17.574302,-1.991011e-13,0.0002151181,0.001171621,False,0.001361,False
2016-05-09,RS03AXBS-MJ03A-06-PRESTA301,1,True,2016-05-09T00:00:14Z,2016-05-09T23:59:59Z,5759,5760,1,14.999925,15.000604153,14.999992727,0.002115282,1,1,1,1,-0.0,3.248838,18.758467,-1.34561e-12,0.0002165893,0.001250565,False,0.001374,True
2016-05-10,RS03AXBS-MJ03A-06-PRESTA301,1,True,2016-05-10T00:00:14Z,2016-05-10T23:59:59Z,5760,5760,0,14.999925,15.000641823,14.999992918,0.000414512,0,0,0,0,0.0,3.186967,17.12059,2.484174e-12,0.0002124645,0.001141373,False,0.001347,False
2016-05-11,RS03AXBS-MJ03A-06-PRESTA301,1,True,2016-05-11T00:00:14Z,2016-05-11T23:59:59Z,5736,5760,24,14.999925,15.000645638,14.999992773,-0.018908728,7,24,7,24,-0.0,3.248709,18.908728,-1.749044e-12,0.0002165807,0.001260582,False,0.001371,True
2016-05-12,RS03AXBS-MJ03A-06-PRESTA301,1,True,2016-05-12T00:00:14Z,2016-05-12T23:59:59Z,5740,5760,20,14.999925,15.000677586,14.999992931,-0.003630073,2,20,2,20,-0.0,3.216444,20.756838,-1.840018e-12,0.0002144297,0.00138379,False,0.001324,True
2016-05-13,RS03AXBS-MJ03A-06-PRESTA301,1,True,2016-05-13T00:00:14Z,2016-05-13T23:59:59Z,5755,5760,5,14.999925,15.000690222,14.999992443,0.002343905,4,5,4,5,0.0,3.192846,17.911653,1.991388e-12,0.0002128565,0.001194111,False,0.001336,True
2016-05-14,RS03AXBS-MJ03A-06-PRESTA301,1,True,2016-05-14T00:00:14Z,2016-05-14T23:59:59Z,5753,5760,7,14.999925,15.00070715,14.999992874,0.001506474,3,7,3,7,0.0,3.603123,19.078572,2.012115e-12,0.0002402083,0.001271905,False,0.00149,True
2016-05-15,RS03AXBS-MJ03A-06-PRESTA301,1,True,2016-05-15T00:00:14Z,2016-05-15T23:59:59Z,5760,5760,0,14.999925,15.000701904,14.999992736,-0.00222577,0,0,0,0,0.0,3.133991,23.275893,2.961059e-12,0.0002089328,0.001551727,False,0.001681,False
2016-05-16,RS03AXBS-MJ03A-06-PRESTA301,1,True,2016-05-16T00:00:14Z,2016-05-16T23:59:59Z,5751,5760,9,14.999925,15.000700474,14.999992755,-0.001855935,3,9,3,9,0.0,3.166519,17.180258,3.142707e-13,0.0002111013,0.001145351,False,0.001333,True
2016-05-17,RS03AXBS-MJ03A-06-PRESTA301,1,True,2016-05-17T00:00:14Z,2016-05-17T23:59:59Z,5429,5760,331,14.999925,15.000694275,14.999993008,-0.000257138,4,331,4,331,-0.0,3.161639,19.307058,-7.431898e-13,0.000210776,0.001287138,False,0.015133,True
2016-05-18,RS03AXBS-MJ03A-06-PRESTA301,1,True,2016-05-18T00:00:14Z,2016-05-18T23:59:59Z,5720,5760,40,14.999925,15.000679016,14.999992701,-0.003570601,1,40,1,40,-0.0,3.420557,20.215481,-1.457332e-12,0.0002280372,0.001347699,False,0.002108,True
2016-05-19,RS03AXBS-MJ03A-06-PRESTA301,1,True,2016-05-19T00:00:14Z,2016-05-19T23:59:59Z,5618,5760,142,14.999925,15.000662804,14.99999304,-0.002609105,2,142,2,142,0.0,3.223398,18.169016,7.368029e-13,0.0002148933,0.001211268,False,0.006151,True
2016-05-20,RS03AXBS-MJ03A-06-PRESTA301,1,True,2016-05-20T00:00:14Z,2016-05-20T23:59:59Z,5751,5760,9,14.999925,15.000676155,14.99999291,-0.001578145,3,9,3,9,-0.0,3.293622,18.850235,-1.054129e-12,0.0002195749,0.001256683,False,0.001338,True
2016-05-21,RS03AXBS-MJ03A-06-PRESTA301,1,True,2016-05-21T00:00:14Z,2016-05-21T23:59:59Z,5754,5760,6,14.999925,15.000658035,14.999992532,-0.001714296,6,6,6,6,0.0,3.227556,18.413062,9.78409e-13,0.0002151705,0.001227538,False,0.001281,True
2016-05-22,RS03AXBS-MJ03A-06-PRESTA301,1,True,2016-05-22T00:00:14Z,2016-05-22T23:59:59Z,5759,5760,1,14.999925,15.00066638,14.999992744,-0.001930438,1,1,1,1,-0.0,3.141873,17.603735,-1.949465e-13,0.0002094583,0.001173583,False,0.001368,True
2016-05-23,RS03AXBS-MJ03A-06-PRESTA301,1,True,2016-05-23T00:00:14Z,2016-05-23T23:59:59Z,5757,5760,3,14.999925,15.000680447,14.999992799,0.001758588,3,3,3,3,-0.0,3.16067,17.576229,-5.595268e-13,0.0002107114,0.001171749,False,0.001336,True
2016-05-24,RS03AXBS-MJ03A-06-PRESTA301,1,True,2016-05-24T00:00:14Z,2016-05-24T23:59:59Z,5760,5760,0,14.999925,15.000648975,14.999993017,-0.002476475,0,0,0,0,0.0,3.288108,18.570905,2.697486e-12,0.0002192073,0.001238061,False,0.00133,False
2016-05-25,RS03AXBS-MJ03A-06-PRESTA301,1,True,2016-05-25T00:00:14Z,2016-05-25T23:59:59Z,5760,5760,0,14.999925,15.000668049,14.999993337,-0.00060055,0,0,0,0,0.0,3.336965,17.67462,1.595718e-12,0.0002224645,0.001178309,False,0.001314,False
2016-05-26,RS03AXBS-MJ03A-06-PRESTA301,1,True,2016-05-26T00:00:14Z,2016-05-26T23:59:59Z,5760,5760,0,14.999925,15.000679016,14.999992502,-0.00111426,0,0,0,0,0.0,3.534364,21.225032,2.743055e-12,0.0002356244,0.001415003,False,0.00164,False
2016-05-27,RS03AXBS-MJ03A-06-PRESTA301,1,True,2016-05-27T00:00:14Z,2016-05-27T23:59:59Z,5756,5760,4,14.999925,15.000678062,14.999993297,-0.007408006,4,4,4,4,-0.0,3.387756,18.912055,-1.976661e-12,0.0002258505,0.001260804,False,0.001351,True
2016-05-28,RS03AXBS-MJ03A-06-PRESTA301,1,True,2016-05-28T00:00:14Z,2016-05-28T23:59:59Z,5760,5760,0,14.999925,15.000694275,14.999991966,-0.011871029,0,0,0,0,0.0,3.54394,20.071533,3.062503e-12,0.0002362628,0.001338103,False,0.001362,False
2016-05-29,RS03AXBS-MJ03A-06-PRESTA301,1,True,2016-05-29T00:00:14Z,2016-05-29T23:59:59Z,5759,5760,1,14.999925,15.000683546,14.999991573,0.000929044,1,1,1,1,-0.0,3.349791,19.108837,-5.147893e-13,0.0002233195,0.001273923,False,0.00136,True
2016-05-30,RS03AXBS-MJ03A-06-PRESTA301,1,True,2016-05-30T00:00:14Z,2016-05-30T23:59:59Z,5759,5760,1,14.999925,15.000711441,14.999993231,0.004297746,1,1,1,1,0.0,3.126645,19.527853,1.394481e-12,0.0002084431,0.001301857,False,0.001395,True
2016-05-31,RS03AXBS-MJ03A-06-PRESTA301,1,True,2016-05-31T00:00:14Z,2016-05-31T23:59:59Z,5760,5760,0,14.999925,15.000697136,14.999993302,-0.001574988,0,0,0,0,0.0,3.259498,17.413402,1.470548e-12,0.0002173,0.001160894,False,0.001342,False
2016-06-01,RS03AXBS-MJ03A-06-PRESTA301,1,True,2016-06-01T00:00:14Z,2016-06-01T23:59:58Z,5760,5760,0,14.999925,15.000677109,14.999992155,0.002721601,0,0,0,0,0.0,13.930231,1000.91883,2.971661e-12,0.0009286826,0.06672796,False,0.067337,False
2016-06-02,RS03AXBS-MJ03A-06-PRESTA301,1,True,2016-06-02T00:00:13Z,2016-06-02T23:59:58Z,5755,5760,5,14.999925,15.000674009,14.999992449,0.000714775,2,5,2,5,0.0,4.313945,20.064905,7.994481e-13,0.0002875965,0.001337661,False,0.001335,True
2016-06-03,RS03AXBS-MJ03A-06-PRESTA301,1,True,2016-06-03T00:00:13Z,2016-06-03T23:59:58Z,5759,5760,1,14.999925,15.000631571,14.999992031,-0.001244336,1,1,1,1,-0.0,3.181931,17.402051,-1.672421e-12,0.0002121289,0.001160137,False,0.001312,True
2016-06-04,RS03AXBS-MJ03A-06-PRESTA301,1,True,2016-06-04T00:00:13Z,2016-06-04T23:59:58Z,5759,5760,1,14.999925,15.000617504,14.999993178,0.001555829,1,1,1,1,0.0,3.102093,18.581704,1.300895e-12,0.0002068063,0.001238781,False,0.001468,True
2016-06-05,RS03AXBS-MJ03A-06-PRESTA301,1,True,2016-06-05T00:00:13Z,2016-06-05T23:59:58Z,5725,5760,35,14.999925,15.000615358,14.999992709,-0.000402859,7,35,7,35,-0.0,3.337893,18.737315,-1.128142e-12,0.0002225263,0.001249155,False,0.001447,True
2016-06-06,RS03AXBS-MJ03A-06-PRESTA301,1,True,2016-06-06T00:00:13Z,2016-06-06T23:59:58Z,5760,5760,0,14.999925,15.000588894,14.999992881,0.000682659,0,0,0,0,0.0,3.510262,18.23473,2.139534e-12,0.0002340176,0.001215649,False,0.001367,False
2016-06-07,RS03AXBS-MJ03A-06-PRESTA301,1,True,2016-06-07T00:00:13Z,2016-06-07T23:59:58Z,5758,5760,2,14.999925,15.000580311,14.999992815,-0.000136652,2,2,2,2,-0.0,3.068588,17.948088,-1.091971e-12,0.0002045727,0.00119654,False,0.001388,True
2016-06-08,RS03AXBS-MJ03A-06-PRESTA301,1,True,2016-06-08T00:00:13Z,2016-06-08T23:59:58Z,5755,5760,5,14.999925,15.000643015,14.999992474,-0.000576851,2,5,2,5,-0.0,3.308744,21.547296,-1.670569e-12,0.000220583,0.001436487,False,0.001349,True
2016-06-09,RS03AXBS-MJ03A-06-PRESTA301,1,True,2016-06-09T00:00:13Z,2016-06-09T23:59:58Z,5760,5760,0,14.999925,15.000673294,14.999993012,0.003148793,0,0,0,0,0.0,3.289242,17.914612,2.735911e-12,0.0002192829,0.001194308,False,0.001345,False
2016-06-10,RS03AXBS-MJ03A-06-PRESTA301,1,True,2016-06-10T00:00:13Z,2016-06-10T23:59:58Z,5760,5760,0,14.999925,15.000694275,14.999992609,0.001058828,0,0,0,0,0.0,3.141904,23.557232,1.132986e-12,0.0002094604,0.001570483,False,0.00165,False
2016-06-11,RS03AXBS-MJ03A-06-PRESTA301,1,True,2016-06-11T00:00:13Z,2016-06-11T23:59:58Z,5759,5760,1,14.999925,15.000705719,14.999992624,0.004619487,1,1,1,1,0.0,3.302605,18.054688,8.306409e-13,0.0002201737,0.001203646,False,0.001333,True
2016-06-12,RS03AXBS-MJ03A-06-PRESTA301,1,True,2016-06-12T00:00:13Z,2016-06-12T23:59:58Z,5759,5760,1,14.999925,15.000701904,14.999992404,-0.000801711,1,1,1,1,-0.0,3.810094,19.403387,-4.005525e-13,0.0002540064,0.00129356,False,0.001356,True
2016-06-13,RS03AXBS-MJ03A-06-PRESTA301,1,True,2016-06-13T00:00:13Z,2016-06-13T23:59:58Z,5760,5760,0,14.999925,15.000699997,14.999993252,-0.004305146,0,0,0,0,0.0,3.844979,19.718551,1.993531e-12,0.0002563321,0.001314571,False,0.001352,False
2016-06-14,RS03AXBS-MJ03A-06-PRESTA301,1,True,2016-06-14T00:00:13Z,2016-06-14T23:59:58Z,5759,5760,1,14.999925,15.000712395,14.999992734,-0.016261805,1,1,1,1,0.0,3.754417,22.751059,1.501468e-13,0.0002502946,0.001516738,False,0.001437,True
2016-06-15,RS03AXBS-MJ03A-06-PRESTA301,1,True,2016-06-15T00:00:13Z,2016-06-15T23:59:58Z,5753,5760,7,14.999925,15.000703096,14.999993564,0.001406768,1,7,1,7,0.0,3.722966,19.267307,2.187008e-13,0.0002481978,0.001284488,False,0.001345,True
2016-06-16,RS03AXBS-MJ03A-06-PRESTA301,1,True,2016-06-16T00:00:13Z,2016-06-16T23:59:58Z,5760,5760,0,14.999925,15.000697136,14.999993443,-0.004465527,0,0,0,0,0.0,3.816136,19.528636,2.325797e-12,0.0002544092,0.00130191,False,0.00133,False
2016-06-17,RS03AXBS-MJ03A-06-PRESTA301,1,True,2016-06-17T00:00:13Z,2016-06-17T23:59:58Z,5760,5760,0,14.999925,15.000663757,14.99999319,-0.002790453,0,0,0,0,0.0,3.293824,17.979978,1.874863e-12,0.0002195884,0.001198666,False,0.001336,False
2016-06-18,RS03AXBS-MJ03A-06-PRESTA301,1,True,2016-06-18T00:00:13Z,2016-06-18T23:59:58Z,5760,5760,0,14.999925,15.000657558,14.999993595,0.000887572,0,0,0,0,0.0,3.198104,17.967049,1.378869e-12,0.000213207,0.001197804,False,0.001371,False
2016-06-19,RS03AXBS-MJ03A-06-PRESTA301,1,True,2016-06-19T00:00:13Z,2016-06-19T23:59:58Z,5760,5760,0,14.999925,15.00067091,14.999993483,0.001113829,0,0,0,0,0.0,3.153686,20.624825,1.907252e-12,0.0002102458,0.001374989,False,0.001344,False
2016-06-20,RS03AXBS-MJ03A-06-PRESTA301,1,True,2016-06-20T00:00:13Z,2016-06-20T23:59:58Z,5760,5760,0,14.999925,15.000653744,14.99999269,0.000188494,0,0,0,0,0.0,3.202403,20.460081,2.532634e-12,0.0002134936,0.001364006,False,0.001505,False
2016-06-21,RS03AXBS-MJ03A-06-PRESTA301,1,True,2016-06-21T00:00:13Z,2016-06-21T23:59:58Z,5754,5760,6,14.999925,15.00067091,14.999992206,-0.001873855,2,6,2,6,0.0,3.242166,18.213482,4.320289e-12,0.0002161445,0.001214233,False,0.001348,True
2016-06-22,RS03AXBS-MJ03A-06-PRESTA301,1,True,2016-06-22T00:00:13Z,2016-06-22T23:59:58Z,5757,5760,3,14.999925,15.000660181,14.999992683,0.002087861,2,3,2,3,-0.0,3.099618,22.472652,-6.185155e-13,0.0002066413,0.001498178,False,0.001437,True
2016-06-23,RS03AXBS-MJ03A-06-PRESTA301,1,True,2016-06-23T00:00:13Z,2016-06-23T23:59:58Z,5760,5760,0,14.999925,15.000663757,14.999992947,-0.005011478,0,0,0,0,0.0,3.230551,19.744203,5.685015e-13,0.0002153702,0.001316281,False,0.001343,False
2016-06-24,RS03AXBS-MJ03A-06-PRESTA301,1,True,2016-06-24T00:00:13Z,2016-06-24T23:59:58Z,5760,5760,0,14.999925,15.000646114,14.99999263,-0.002286491,0,0,0,0,0.0,3.100353,17.175559,2.140798e-12,0.0002066903,0.001145038,False,0.00133,False
2016-06-25,RS03AXBS-MJ03A-06-PRESTA301,1,True,2016-06-25T00:00:13Z,2016-06-25T23:59:57Z,5760,5760,0,14.999925,15.00066185,14.99999289,0.001779735,0,0,0,0,0.0,13.573196,1002.530286,1.183794e-12,0.0009048802,0.06683538,False,0.066913,False
2016-06-26,RS03AXBS-MJ03A-06-PRESTA301,1,True,2016-06-26T00:00:12Z,2016-06-26T23:59:57Z,5760,5760,0,14.999925,15.000701904,14.999992435,-0.001619385,0,0,0,0,0.0,3.158227,19.518159,1.767143e-12,0.0002105486,0.001301211,False,0.001346,False
2016-06-27,RS03AXBS-MJ03A-06-PRESTA301,1,True,2016-06-27T00:00:12Z,2016-06-27T23:59:57Z,5760,5760,0,14.999925,15.000678062,14.999993193,-0.00064813,0,0,0,0,0.0,3.412582,17.976928,1.58275e-12,0.0002275056,0.001198462,False,0.001296,False
2016-06-28,RS03AXBS-MJ03A-06-PRESTA301,1,True,2016-06-28T00:00:12Z,2016-06-28T23:59:57Z,5760,5760,0,14.999925,15.000699997,14.99999314,-0.003005011,0,0,0,0,0.0,3.481192,19.334607,3.370297e-12,0.0002320795,0.001288974,False,0.001461,False
2016-06-29,RS03AXBS-MJ03A-06-PRESTA301,1,True,2016-06-29T00:00:12Z,2016-06-29T23:59:57Z,5760,5760,0,14.999925,15.000655174,14.999992894,0.000241201,0,0,0,0,0.0,3.372675,19.012122,1.034318e-12,0.0002248451,0.001267475,False,0.001471,False
2016-06-30,RS03AXBS-MJ03A-06-PRESTA301,1,True,2016-06-30T00:00:12Z,2016-06-30T23:59:57Z,5752,5760,8,14.999925,15.000673771,14.99999216,-0.001222678,2,8,2,8,-0.0,3.693219,19.153965,-8.492626e-13,0.0002462148,0.001276932,False,0.001344,True
2016-07-01,RS03AXBS-MJ03A-06-PRESTA301,1,True,2016-07-01T00:00:12Z,2016-07-01T23:59:57Z,5760,5760,0,14.999925,15.000644207,14.999992772,-0.015050197,0,0,0,0,0.0,3.288324,20.052254,1.210687e-12,0.0002192217,0.001336818,False,0.001349,False
2016-07-02,RS03AXBS-MJ03A-06-PRESTA301,1,True,2016-07-02T00:00:12Z,2016-07-02T23:59:57Z,5760,5760,0,14.999925,15.000625134,14.999992846,0.005376994,0,0,0,0,0.0,3.223988,20.676285,1.118903e-12,0.0002149326,0.00137842,False,0.001451,False
2016-07-03,RS03AXBS-MJ03A-06-PRESTA301,1,True,2016-07-03T00:00:12Z,2016-07-03T23:59:57Z,5760,5760,0,14.999925,15.000618935,14.999992316,0.000476715,0,0,0,0,0.0,3.138797,17.751962,1.61492e-12,0.0002092533,0.001183465,False,0.001335,False
2016-07-04,RS03AXBS-MJ03A-06-PRESTA301,1,True,2016-07-04T00:00:12Z,2016-07-04T23:59:57Z,5760,5760,0,14.999925,15.000604153,14.999992558,0.005315945,0,0,0,0,0.0,3.273977,18.533457,2.576867e-12,0.0002182652,0.001235564,False,0.001362,False
2016-07-05,RS03AXBS-MJ03A-06-PRESTA301,1,True,2016-07-05T00:00:12Z,2016-07-05T23:59:57Z,5760,5760,0,14.999925,15.00063467,14.999992318,0.004996188,0,0,0,0,0.0,3.31761,18.358122,2.681931e-12,0.0002211741,0.001223875,False,0.001359,False
2016-07-06,RS03AXBS-MJ03A-06-PRESTA301,1,True,2016-07-06T00:00:12Z,2016-07-06T23:59:57Z,5760,5760,0,14.999925,15.000653267,14.999992375,-0.00170024,0,0,0,0,0.0,3.375775,17.644246,3.40714e-12,0.0002250518,0.001176284,False,0.001364,False
2016-07-07,RS03AXBS-MJ03A-06-PRESTA301,1,True,2016-07-07T00:00:12Z,2016-07-07T23:59:57Z,5712,5760,48,14.999925,15.000635147,14.999993022,-0.002720191,3,48,3,48,-0.0,3.355092,18.891682,-2.979907e-12,0.0002236729,0.001259446,False,0.001912,True
2016-07-08,RS03AXBS-MJ03A-06-PRESTA301,1,True,2016-07-08T00:00:12Z,2016-07-08T23:59:57Z,5760,5760,0,14.999925,15.00066185,14.999993104,0.000587927,0,0,0,0,0.0,3.36097,19.169069,1.101239e-12,0.0002240648,0.001277939,False,0.001364,False
2016-07-09,RS03AXBS-MJ03A-06-PRESTA301,1,True,2016-07-09T00:00:12Z,2016-07-09T23:59:57Z,5760,5760,0,14.999925,15.000649929,14.99999221,-0.00127591,0,0,0,0,0.0,3.885831,20.09583,1.963077e-12,0.0002590555,0.001339723,False,0.001361,False
2016-07-10,RS03AXBS-MJ03A-06-PRESTA301,1,True,2016-07-10T00:00:12Z,2016-07-10T23:59:57Z,5760,5760,0,14.999925,15.000699997,14.999991825,0.000969216,0,0,0,0,0.0,3.237364,21.86678,1.343272e-12,0.0002158244,0.001457786,False,0.001488,False
2016-07-11,RS03AXBS-MJ03A-06-PRESTA301,1,True,2016-07-11T00:00:12Z,2016-07-11T23:59:57Z,5750,5760,10,14.999925,15.00073719,14.999992436,0.001237148,3,10,3,10,-0.0,3.28459,21.478545,-1.344832e-13,0.0002189728,0.001431904,False,0.001467,True
2016-07-12,RS03AXBS-MJ03A-06-PRESTA301,0,False,,,0,0,,,,,,,,,,,,,,,,,,False
2016-07-13,RS03AXBS-MJ03A-06-PRESTA301,2,True,2016-07-13T21:08:51Z,2016-07-13T23:59:56Z,672,685,13,14.999925,14.99979496,15.000217369,5.017028383,2,13,2,18,0.0,291.070508,5017.028383,6.197159e-14,0.01940442,0.3344637,False,0.066798,True
2016-07-14,RS03AXBS-MJ03A-06-PRESTA301,2,True,2016-07-14T00:00:11Z,2016-07-14T23:59:56Z,5754,5760,6,14.999925,14.999680042,15.000003849,-0.001471394,1,6,1,6,-0.0,3.353693,18.630048,-9.531982e-13,0.0002235795,0.001242003,False,0.00137,True
2016-07-15,RS03AXBS-MJ03A-06-PRESTA301,2,True,2016-07-15T00:00:11Z,2016-07-15T23:59:56Z,5760,5760,0,14.999925,14.999680996,15.000003695,0.002261433,0,0,0,0,0.0,3.222996,17.813522,2.032945e-12,0.0002148664,0.001187568,False,0.001353,False
2016-07-16,RS03AXBS-MJ03A-06-PRESTA301,2,True,2016-07-16T00:00:11Z,2016-07-16T23:59:56Z,5760,5760,0,14.999925,14.999649048,15.000004241,0.001893945,0,0,0,0,0.0,3.583581,20.079918,2.262424e-12,0.0002389054,0.001338661,False,0.001405,False
2016-07-17,RS03AXBS-MJ03A-06-PRESTA301,2,True,2016-07-17T00:00:11Z,2016-07-17T23:59:56Z,5760,5760,0,14.999925,14.999685764,15.000003529,0.008077356,0,0,0,0,0.0,3.326444,17.201039,9.003791e-13,0.0002217629,0.001146736,False,0.001315,False
2016-07-18,RS03AXBS-MJ03A-06-PRESTA301,2,True,2016-07-18T00:00:11Z,2016-07-18T23:59:56Z,5760,5760,0,14.999925,14.999657154,15.000004577,0.000968613,0,0,0,0,0.0,3.608047,23.202655,2.093274e-12,0.0002405364,0.001546843,False,0.001351,False
2016-07-19,RS03AXBS-MJ03A-06-PRESTA301,2,True,2016-07-19T00:00:11Z,2016-07-19T23:59:56Z,5760,5760,0,14.999925,14.999643803,15.000003218,-0.004778903,0,0,0,0,0.0,4.032679,21.726774,1.024394e-12,0.0002688452,0.001448451,False,0.0014,False
2016-07-20,RS03AXBS-MJ03A-06-PRESTA301,2,True,2016-07-20T00:00:11Z,2016-07-20T23:59:51Z,5707,5760,53,14.999925,14.999648094,14.999490664,0.925362401,1,53,1,53,-0.0,1302.0323,3288.774335,-8.045306e-13,0.0868051,0.2192591,False,0.332355,True
2016-07-21,RS03AXBS-MJ03A-06-PRESTA301,2,True,2016-07-21T00:00:06Z,2016-07-21T23:59:51Z,5754,5760,6,14.999925,14.999634743,15.000005075,-0.004930341,1,6,1,6,0.0,4.577985,19.743355,1.451602e-13,0.0003051989,0.001316223,False,0.001367,True
2016-07-22,RS03AXBS-MJ03A-06-PRESTA301,2,True,2016-07-22T00:00:06Z,2016-07-22T23:59:51Z,5760,5760,0,14.999925,14.999642849,15.000003235,-0.005938244,0,0,0,0,0.0,3.817957,20.925245,1.474299e-12,0.0002545304,0.001395016,False,0.001402,False
2016-07-23,RS03AXBS-MJ03A-06-PRESTA301,2,True,2016-07-23T00:00:06Z,2016-07-23T23:59:51Z,5760,5760,0,14.999925,14.999657154,15.000003983,-7.008e-05,0,0,0,0,0.0,3.343709,19.004356,1.377562e-12,0.0002229139,0.001266957,False,0.001315,False
2016-07-24,RS03AXBS-MJ03A-06-PRESTA301,2,True,2016-07-24T00:00:06Z,2016-07-24T23:59:51Z,5760,5760,0,14.999925,14.999639988,15.000004163,-0.002290606,0,0,0,0,0.0,3.519373,21.769892,2.019902e-12,0.0002346248,0.001451326,False,0.001377,False
2016-07-25,RS03AXBS-MJ03A-06-PRESTA301,2,True,2016-07-25T00:00:06Z,2016-07-25T23:59:51Z,5760,5760,0,14.999925,14.999686718,15.000003405,0.00164344,0,0,0,0,0.0,3.228856,20.04139,1.95045e-12,0.000215257,0.001336092,False,0.001391,False
2016-07-26,RS03AXBS-MJ03A-06-PRESTA301,2,True,2016-07-26T00:00:06Z,2016-07-26T23:59:51Z,5760,5760,0,14.999925,14.999658585,15.000003738,0.000972292,0,0,0,0,0.0,3.244962,17.072954,2.296226e-12,0.0002163308,0.001138197,False,0.001374,False
2016-07-27,RS03AXBS-MJ03A-06-PRESTA301,2,True,2016-07-27T00:00:06Z,2016-07-27T23:59:51Z,5753,5760,7,14.999925,14.999657631,15.00000283,0.006277778,1,7,1,7,-0.0,3.395362,22.639535,-2.182801e-13,0.0002263574,0.001509302,False,0.00136,True
2016-07-28,RS03AXBS-MJ03A-06-PRESTA301,2,True,2016-07-28T00:00:06Z,2016-07-28T23:59:51Z,5760,5760,0,14.999925,14.999693871,15.000003005,-0.000270126,0,0,0,0,0.0,3.118165,17.800298,2.251562e-12,0.0002078776,0.001186686,False,0.001352,False
2016-07-29,RS03AXBS-MJ03A-06-PRESTA301,2,True,2016-07-29T00:00:06Z,2016-07-29T23:59:51Z,5760,5760,0,14.999925,14.99966383,15.000003611,-0.000529295,0,0,0,0,0.0,3.256184,17.932383,2.000454e-12,0.0002170789,0.001195492,False,0.00138,False
2016-07-30,RS03AXBS-MJ03A-06-PRESTA301,2,True,2016-07-30T00:00:06Z,2016-07-30T23:59:51Z,5760,5760,0,14.999925,14.999674797,15.000003548,-0.000459387,0,0,0,0,0.0,3.069709,20.09284,1.381293e-12,0.0002046472,0.001339522,False,0.001352,False
2016-07-31,RS03AXBS-MJ03A-06-PRESTA301,2,True,2016-07-31T00:00:06Z,2016-07-31T23:59:51Z,5760,5760,0,14.999925,14.999637127,15.000003191,0.004926351,0,0,0,0,0.0,3.799456,20.332182,6.692018e-14,0.000253297,0.001355479,False,0.001359,False
2016-08-01,RS03AXBS-MJ03A-06-PRESTA301,2,True,2016-08-01T00:00:06Z,2016-08-01T23:59:51Z,5760,5760,0,14.999925,14.999661922,15.000003158,0.010217227,0,0,0,0,0.0,3.776035,18.756306,1.918447e-12,0.0002517356,0.00125042,False,0.001341,False
2016-08-02,RS03AXBS-MJ03A-06-PRESTA301,2,True,2016-08-02T00:00:06Z,2016-08-02T23:59:51Z,5754,5760,6,14.999925,14.999639988,15.000003074,0.005703804,1,6,1,6,-0.0,3.468735,18.375469,-1.918189e-12,0.000231249,0.001225031,False,0.001301,True
2016-08-03,RS03AXBS-MJ03A-06-PRESTA301,2,True,2016-08-03T00:00:06Z,2016-08-03T23:59:51Z,5760,5760,0,14.999925,14.99967289,15.000004134,-0.000937408,0,0,0,0,0.0,3.479938,20.185103,2.600076e-12,0.0002319958,0.001345673,False,0.001324,False
2016-08-04,RS03AXBS-MJ03A-06-PRESTA301,2,True,2016-08-04T00:00:06Z,2016-08-04T23:59:51Z,5760,5760,0,14.999925,14.999662876,15.000002865,0.003892525,0,0,0,0,0.0,3.189534,17.613172,2.444541e-12,0.0002126356,0.001174211,False,0.001366,False
2016-08-05,RS03AXBS-MJ03A-06-PRESTA301,2,True,2016-08-05T00:00:06Z,2016-08-05T23:59:51Z,5760,5760,0,14.999925,14.99968195,15.000003826,0.004908413,0,0,0,0,0.0,3.396945,21.577935,1.395752e-12,0.0002264629,0.001438529,False,0.001365,False
2016-08-06,RS03AXBS-MJ03A-06-PRESTA301,2,True,2016-08-06T00:00:06Z,2016-08-06T23:59:51Z,5760,5760,0,14.999925,14.999684811,15.000003159,0.005755164,0,0,0,0,0.0,4.182439,20.514469,2.190822e-12,0.0002788292,0.001367631,False,0.001359,False
2016-08-07,RS03AXBS-MJ03A-06-PRESTA301,2,True,2016-08-07T00:00:06Z,2016-08-07T23:59:51Z,5760,5760,0,14.999925,14.999687195,15.000004397,0.003936048,0,0,0,0,0.0,3.444765,19.744603,2.832278e-12,0.0002296509,0.001316306,False,0.001359,False
2016-08-08,RS03AXBS-MJ03A-06-PRESTA301,2,True,2016-08-08T00:00:06Z,2016-08-08T23:59:51Z,5760,5760,0,14.999925,14.999684811,15.000003094,-0.002413923,0,0,0,0,0.0,3.121132,17.58822,1.15864e-12,0.0002080754,0.001172548,False,0.001567,False
2016-08-09,RS03AXBS-MJ03A-06-PRESTA301,2,True,2016-08-09T00:00:06Z,2016-08-09T23:59:51Z,5760,5760,0,14.999925,14.999719143,15.000003124,-0.00032883,0,0,0,0,0.0,3.167597,23.524024,2.762116e-12,0.0002111731,0.001568268,False,0.001375,False
2016-08-10,RS03AXBS-MJ03A-06-PRESTA301,2,True,2016-08-10T00:00:06Z,2016-08-10T23:59:51Z,5760,5760,0,14.999925,14.999690056,15.000003118,0.00687897,0,0,0,0,0.0,3.320077,17.511641,9.81259e-13,0.0002213384,0.001167442,False,0.001334,False
2016-08-11,RS03AXBS-MJ03A-06-PRESTA301,2,True,2016-08-11T00:00:06Z,2016-08-11T23:59:51Z,5760,5760,0,14.999925,14.999660969,15.000003609,0.001782562,0,0,0,0,0.0,3.445374,23.451983,9.091483e-13,0.0002296915,0.001563465,False,0.001672,False
2016-08-12,RS03AXBS-MJ03A-06-PRESTA301,2,True,2016-08-12T00:00:06Z,2016-08-12T10:13:51Z,2456,2456,0,14.999925,14.999613762,15.000001203,0.00304589,0,0,0,0,-0.0,3.193765,16.727899,-5.099516e-13,0.0002129177,0.001115193,False,0.001305,False
2016-08-13,RS03AXBS-MJ03A-06-PRESTA301,2,True,2016-08-13T00:23:51Z,2016-08-13T23:59:51Z,5665,5665,0,14.999925,14.999695778,15.000003262,0.001221495,0,0,0,0,0.0,3.345668,18.048568,4.216458e-13,0.0002230445,0.001203238,False,0.001357,False
2016-08-14,RS03AXBS-MJ03A-06-PRESTA301,2,True,2016-08-14T00:00:06Z,2016-08-14T23:59:51Z,5760,5760,0,14.999925,14.99967289,15.00000367,-0.002656458,0,0,0,0,0.0,3.18571,20.066304,2.944951e-12,0.0002123806,0.001337753,False,0.001533,False
2016-08-15,RS03AXBS-MJ03A-06-PRESTA301,2,True,2016-08-15T00:00:06Z,2016-08-15T23:59:51Z,5760,5760,0,14.999925,14.999630928,15.000003017,-0.001359155,0,0,0,0,0.0,3.449062,22.706857,8.389431e-13,0.0002299374,0.00151379,False,0.001609,False
2016-08-16,RS03AXBS-MJ03A-06-PRESTA301,2,True,2016-08-16T00:00:06Z,2016-08-16T23:59:51Z,5760,5760,0,14.999925,14.999670982,15.000002856,0.005135011,0,0,0,0,0.0,3.701317,20.1558,2.046277e-12,0.0002467544,0.00134372,False,0.001368,False
2016-08-17,RS03AXBS-MJ03A-06-PRESTA301,2,True,2016-08-17T00:00:06Z,2016-08-17T23:59:51Z,5760,5760,0,14.999925,14.999657154,15.000003892,0.001232487,0,0,0,0,0.0,3.118754,18.931103,9.872123e-13,0.0002079169,0.001262073,False,0.001379,False
2016-08-18,RS03AXBS-MJ03A-06-PRESTA301,2,True,2016-08-18T00:00:06Z,2016-08-18T23:59:51Z,5760,5760,0,14.999925,14.999641895,15.000003227,0.001512065,0,0,0,0,0.0,3.174389,18.407797,2.3199e-12,0.0002116259,0.001227186,False,0.001328,False
2016-08-19,RS03AXBS-MJ03A-06-PRESTA301,2,True,2016-08-19T00:00:06Z,2016-08-19T23:59:51Z,5760,5760,0,14.999925,14.999661922,15.000002619,-0.000422476,0,0,0,0,0.0,4.125968,19.219509,3.159114e-12,0.0002750645,0.0012813,False,0.001383,False
2016-08-20,RS03AXBS-MJ03A-06-PRESTA301,2,True,2016-08-20T00:00:06Z,2016-08-20T23:59:52Z,5760,5760,0,14.999925,14.999666214,15.00000243,0.001228627,0,0,0,0,0.0,34.985732,999.037779,1.107618e-12,0.002332382,0.06660251,False,0.067472,False
2016-08-21,RS03AXBS-MJ03A-06-PRESTA301,2,True,2016-08-21T00:00:07Z,2016-08-21T23:59:52Z,5760,5760,0,14.999925,14.99970293,15.000002826,0.001812623,0,0,0,0,0.0,3.10322,23.339735,1.697291e-12,0.0002068813,0.001555982,False,0.001659,False
2016-08-22,RS03AXBS-MJ03A-06-PRESTA301,2,True,2016-08-22T00:00:07Z,2016-08-22T23:59:52Z,5760,5760,0,14.999925,14.999659061,15.000002729,0.001948641,0,0,0,0,0.0,3.15354,17.784129,2.133789e-12,0.0002102359,0.001185608,False,0.001381,False
2016-08-23,RS03AXBS-MJ03A-06-PRESTA301,2,True,2016-08-23T00:00:07Z,2016-08-23T23:59:52Z,5758,5760,2,14.999925,14.999675274,15.000003116,0.0010114,2,2,2,2,0.0,3.410991,18.724723,6.025238e-13,0.0002273993,0.001248315,False,0.001359,True
2016-08-24,RS03AXBS-MJ03A-06-PRESTA301,2,True,2016-08-24T00:00:07Z,2016-08-24T23:59:52Z,5760,5760,0,14.999925,14.999673843,15.000003673,-0.001373597,0,0,0,0,0.0,3.242451,17.198186,1.906932e-12,0.0002161634,0.001146545,False,0.001599,False
2016-08-25,RS03AXBS-MJ03A-06-PRESTA301,2,True,2016-08-25T00:00:07Z,2016-08-25T23:59:52Z,5760,5760,0,14.999925,14.999680042,15.000003438,-0.003906882,0,0,0,0,0.0,3.164482,24.48416,5.012297e-13,0.0002109654,0.001632277,False,0.001392,False
2016-08-26,RS03AXBS-MJ03A-06-PRESTA301,2,True,2016-08-26T00:00:07Z,2016-08-26T23:59:52Z,5760,5760,0,14.999925,14.99970293,15.000002851,-0.001576508,0,0,0,0,0.0,3.319061,21.783671,1.621072e-12,0.0002212707,0.001452244,False,0.001588,False
2016-08-27,RS03AXBS-MJ03A-06-PRESTA301,2,True,2016-08-27T00:00:07Z,2016-08-27T23:59:52Z,5760,5760,0,14.999925,14.999655724,15.000003181,0.007713628,0,0,0,0,0.0,3.566663,18.782526,1.362992e-12,0.0002377775,0.001252168,False,0.001352,False
2016-08-28,RS03AXBS-MJ03A-06-PRESTA301,2,True,2016-08-28T00:00:07Z,2016-08-28T23:59:52Z,5760,5760,0,14.999925,14.999668121,15.000002708,0.000332358,0,0,0,0,0.0,3.652982,22.79451,4.566789e-13,0.0002435321,0.001519634,False,0.001341,False
2016-08-29,RS03AXBS-MJ03A-06-PRESTA301,2,True,2016-08-29T00:00:07Z,2016-08-29T23:59:52Z,5760,5760,0,14.999925,14.999648571,15.000003395,0.005927545,0,0,0,0,0.0,3.23461,22.110003,2.035301e-12,0.0002156406,0.001474,False,0.001401,False
2016-08-30,RS03AXBS-MJ03A-06-PRESTA301,2,True,2016-08-30T00:00:07Z,2016-08-30T23:59:52Z,5760,5760,0,14.999925,14.999647141,15.000003456,0.003274263,0,0,0,0,0.0,3.150514,17.299775,1.434752e-12,0.0002100342,0.001153318,False,0.001307,False
2016-08-31,RS03AXBS-MJ03A-06-PRESTA301,2,True,2016-08-31T00:00:07Z,2016-08-31T23:59:52Z,5760,5760,0,14.999925,14.999680042,15.000002586,0.001800222,0,0,0,0,0.0,3.141989,17.860199,2.344974e-12,0.0002094659,0.00119068,False,0.001359,False
2016-09-01,RS03AXBS-MJ03A-06-PRESTA301,2,True,2016-09-01T00:00:07Z,2016-09-01T23:59:52Z,5760,5760,0,14.999925,14.999638081,15.000002337,-0.000494143,0,0,0,0,0.0,3.489245,18.170853,2.053851e-12,0.0002326163,0.00121139,False,0.001349,False
2016-09-02,RS03AXBS-MJ03A-06-PRESTA301,2,True,2016-09-02T00:00:07Z,2016-09-02T23:59:52Z,5760,5760,0,14.999925,14.999651909,15.00000306,-0.004896666,0,0,0,0,0.0,3.303868,18.547839,2.741393e-12,0.0002202578,0.001236522,False,0.001347,False
2016-09-03,RS03AXBS-MJ03A-06-PRESTA301,2,True,2016-09-03T00:00:07Z,2016-09-03T23:59:52Z,5760,5760,0,14.999925,14.999673367,15.000002714,0.00313915,0,0,0,0,0.0,3.363108,18.153472,6.062722e-13,0.0002242072,0.001210231,False,0.0015,False
2016-09-04,RS03AXBS-MJ03A-06-PRESTA301,2,True,2016-09-04T00:00:07Z,2016-09-04T23:59:52Z,5760,5760,0,14.999925,14.999670029,15.000003728,-0.000730402,0,0,0,0,0.0,3.495183,18.767823,2.440678e-12,0.0002330122,0.001251188,False,0.001684,False
2016-09-05,RS03AXBS-MJ03A-06-PRESTA301,2,True,2016-09-05T00:00:07Z,2016-09-05T23:59:52Z,5760,5760,0,14.999925,14.999688148,15.000003787,-0.005371745,0,0,0,0,0.0,4.896191,22.164806,2.560849e-12,0.0003264126,0.001477653,False,0.001611,False
2016-09-06,RS03AXBS-MJ03A-06-PRESTA301,2,True,2016-09-06T00:00:07Z,2016-09-06T23:59:52Z,5363,5760,397,14.999925,14.999687195,15.000004602,-0.006570396,1,397,1,397,-0.0,3.920319,19.358783,-2.55141e-12,0.0002613545,0.001290585,False,0.008184,True
2016-09-07,RS03AXBS-MJ03A-06-PRESTA301,2,True,2016-09-07T00:00:07Z,2016-09-07T23:59:52Z,5760,5760,0,14.999925,14.99968338,15.000003322,0.003041838,0,0,0,0,0.0,3.543482,24.871963,1.825527e-12,0.0002362321,0.001658131,False,0.001457,False
2016-09-08,RS03AXBS-MJ03A-06-PRESTA301,2,True,2016-09-08T00:00:07Z,2016-09-08T23:59:52Z,5760,5760,0,14.999925,14.999684811,15.000001898,-0.000197342,0,0,0,0,0.0,3.614267,20.353124,3.119939e-12,0.0002409511,0.001356875,False,0.001351,False
2016-09-09,RS03AXBS-MJ03A-06-PRESTA301,2,True,2016-09-09T00:00:07Z,2016-09-09T23:59:52Z,5760,5760,0,14.999925,14.999688148,15.000002775,-0.002705578,0,0,0,0,0.0,3.390102,22.242371,1.544662e-12,0.0002260067,0.001482824,False,0.001354,False
2016-09-10,RS03AXBS-MJ03A-06-PRESTA301,2,True,2016-09-10T00:00:07Z,2016-09-10T23:59:52Z,5760,5760,0,14.999925,14.999680996,15.000002858,0.001659063,0,0,0,0,0.0,3.530436,18.146827,1.107843e-12,0.0002353623,0.001209788,False,0.001358,False
2016-09-11,RS03AXBS-MJ03A-06-PRESTA301,2,True,2016-09-11T00:00:07Z,2016-09-11T23:59:52Z,5760,5760,0,14.999925,14.999690056,15.000003012,-0.004222397,0,0,0,0,0.0,4.169786,22.516278,1.355733e-12,0.0002779857,0.001501085,False,0.001378,False
2016-09-12,RS03AXBS-MJ03A-06-PRESTA301,2,True,2016-09-12T00:00:07Z,2016-09-12T23:59:52Z,5760,5760,0,14.999925,14.999678135,15.0000041,0.001981147,0,0,0,0,0.0,6.308278,25.057429,1.369829e-12,0.0004205518,0.001670495,False,0.001379,False
2016-09-13,RS03AXBS-MJ03A-06-PRESTA301,2,True,2016-09-13T00:00:07Z,2016-09-13T23:59:52Z,5760,5760,0,14.999925,14.999669075,15.000004952,0.002606149,0,0,0,0,0.0,4.003982,20.926734,1.477394e-12,0.000266932,0.001395115,False,0.001388,False
2016-09-14,RS03AXBS-MJ03A-06-PRESTA301,2,True,2016-09-14T00:00:07Z,2016-09-14T23:59:52Z,5760,5760,0,14.999925,14.999644756,15.000003081,-0.000957011,0,0,0,0,0.0,3.299647,17.697971,1.87708e-12,0.0002199765,0.001179864,False,0.001372,False
2016-09-15,RS03AXBS-MJ03A-06-PRESTA301,2,True,2016-09-15T00:00:07Z,2016-09-15T23:59:52Z,5760,5760,0,14.999925,14.999662876,15.0000037,0.004746663,0,0,0,0,0.0,3.730527,20.288565,2.677536e-12,0.0002487017,0.001352571,False,0.001329,False
2016-09-16,RS03AXBS-MJ03A-06-PRESTA301,2,True,2016-09-16T00:00:07Z,2016-09-16T23:59:52Z,5760,5760,0,14.999925,14.999644279,15.000003384,-0.003483614,0,0,0,0,0.0,3.496762,23.014247,1.409866e-12,0.0002331174,0.001534283,False,0.001392,False
2016-09-17,RS03AXBS-MJ03A-06-PRESTA301,2,True,2016-09-17T00:00:07Z,2016-09-17T23:59:52Z,5760,5760,0,14.999925,14.999629974,15.000003104,-5.0822e-05,0,0,0,0,0.0,3.22986,17.829662,1.694275e-12,0.000215324,0.001188644,False,0.001382,False
2016-09-18,RS03AXBS-MJ03A-06-PRESTA301,2,True,2016-09-18T00:00:07Z,2016-09-18T23:59:52Z,5760,5760,0,14.999925,14.999648094,15.000003464,0.000820445,0,0,0,0,0.0,3.05197,20.989031,2.824133e-12,0.0002034646,0.001399268,False,0.001381,False
2016-09-19,RS03AXBS-MJ03A-06-PRESTA301,2,True,2016-09-19T00:00:07Z,2016-09-19T23:59:52Z,5760,5760,0,14.999925,14.999660015,15.000003442,-0.000895678,0,0,0,0,0.0,3.069437,20.697873,2.427721e-12,0.0002046291,0.001379858,False,0.001439,False
2016-09-20,RS03AXBS-MJ03A-06-PRESTA301,2,True,2016-09-20T00:00:07Z,2016-09-20T23:59:52Z,5760,5760,0,14.999925,14.999670029,15.000003881,-0.001383407,0,0,0,0,0.0,3.213105,17.069775,2.375444e-12,0.0002142069,0.001137985,False,0.001393,False
2016-09-21,RS03AXBS-MJ03A-06-PRESTA301,2,True,2016-09-21T00:00:07Z,2016-09-21T23:59:52Z,5760,5760,0,14.999925,14.999650002,15.000002825,-0.000444736,0,0,0,0,0.0,3.197675,18.416833,1.796416e-12,0.0002131783,0.001227789,False,0.001378,False
2016-09-22,RS03AXBS-MJ03A-06-PRESTA301,2,True,2016-09-22T00:00:07Z,2016-09-22T23:59:52Z,5760,5760,0,14.999925,14.999670029,15.000003214,0.000376353,0,0,0,0,0.0,3.26819,17.616841,1.106704e-12,0.0002178793,0.001174456,False,0.001373,False
2016-09-23,RS03AXBS-MJ03A-06-PRESTA301,2,True,2016-09-23T00:00:07Z,2016-09-23T23:59:52Z,5760,5760,0,14.999925,14.999696255,15.00000358,0.001893784,0,0,0,0,0.0,3.189904,17.501228,2.83148e-12,0.0002126602,0.001166748,False,0.001357,False
2016-09-24,RS03AXBS-MJ03A-06-PRESTA301,2,True,2016-09-24T00:00:07Z,2016-09-24T23:59:52Z,5760,5760,0,14.999925,14.999686241,15.000003408,0.002995581,0,0,0,0,0.0,3.257709,19.767575,2.017947e-12,0.0002171806,0.001317838,False,0.001385,False
2016-09-25,RS03AXBS-MJ03A-06-PRESTA301,2,True,2016-09-25T00:00:07Z,2016-09-25T23:59:52Z,5760,5760,0,14.999925,14.99967432,15.000002588,0.002964134,0,0,0,0,0.0,3.220647,18.276074,2.408407e-12,0.0002147098,0.001218405,False,0.001408,False
2016-09-26,RS03AXBS-MJ03A-06-PRESTA301,2,True,2016-09-26T00:00:07Z,2016-09-26T23:59:52Z,5760,5760,0,14.999925,14.99966526,15.00000317,-0.001270809,0,0,0,0,0.0,3.237295,17.01296,1.431356e-12,0.0002158196,0.001134197,False,0.001325,False
2016-09-27,RS03AXBS-MJ03A-06-PRESTA301,2,True,2016-09-27T00:00:07Z,2016-09-27T23:59:52Z,5760,5760,0,14.999925,14.999660015,15.000003173,0.001509386,0,0,0,0,0.0,3.227831,17.56351,2.841737e-12,0.0002151887,0.0011709,False,0.001365,False
2016-09-28,RS03AXBS-MJ03A-06-PRESTA301,2,True,2016-09-28T00:00:07Z,2016-09-28T23:59:52Z,5760,5760,0,14.999925,14.999670982,15.000003255,-0.001858572,0,0,0,0,0.0,3.285366,18.233851,2.292818e-12,0.0002190244,0.00121559,False,0.001382,False
2016-09-29,RS03AXBS-MJ03A-06-PRESTA301,2,True,2016-09-29T00:00:07Z,2016-09-29T23:59:52Z,5760,5760,0,14.999925,14.999651432,15.000002875,0.000191001,0,0,0,0,0.0,3.134637,17.229401,2.133679e-12,0.0002089758,0.001148626,False,0.001339,False
2016-09-30,RS03AXBS-MJ03A-06-PRESTA301,2,True,2016-09-30T00:00:07Z,2016-09-30T23:59:52Z,5760,5760,0,14.999925,14.999667168,15.000003094,0.004529122,0,0,0,0,0.0,3.279172,17.477605,1.271732e-12,0.0002186114,0.001165173,False,0.001389,False
2016-10-01,RS03AXBS-MJ03A-06-PRESTA301,2,True,2016-10-01T00:00:07Z,2016-10-01T23:59:52Z,5760,5760,0,14.999925,14.99968338,15.000002913,0.002050799,0,0,0,0,0.0,3.243442,19.816515,1.684838e-12,0.0002162295,0.001321101,False,0.001563,False
2016-10-02,RS03AXBS-MJ03A-06-PRESTA301,2,True,2016-10-02T00:00:07Z,2016-10-02T23:59:52Z,5760,5760,0,14.999925,14.99966383,15.000002792,-0.002221628,0,0,0,0,0.0,3.09275,16.741935,2.527098e-12,0.0002061833,0.001116129,False,0.001319,False
2016-10-03,RS03AXBS-MJ03A-06-PRESTA301,2,True,2016-10-03T00:00:07Z,2016-10-03T23:59:52Z,5760,5760,0,14.999925,14.999705315,15.000003394,-0.002834385,0,0,0,0,0.0,3.251629,17.766371,2.543602e-12,0.0002167752,0.001184424,False,0.001377,False
2016-10-04,RS03AXBS-MJ03A-06-PRESTA301,2,True,2016-10-04T00:00:07Z,2016-10-04T23:59:52Z,5760,5760,0,14.999925,14.999669075,15.000002856,0.001784148,0,0,0,0,0.0,3.198565,18.504831,1.915406e-12,0.0002132376,0.001233655,False,0.001359,False
2016-10-05,RS03AXBS-MJ03A-06-PRESTA301,2,True,2016-10-05T00:00:07Z,2016-10-05T23:59:52Z,5760,5760,0,14.999925,14.999669075,15.000002415,-0.000512442,0,0,0,0,0.0,3.37746,17.57476,1.6681e-12,0.000225164,0.00117165,False,0.001352,False
2016-10-06,RS03AXBS-MJ03A-06-PRESTA301,2,True,2016-10-06T00:00:07Z,2016-10-06T23:59:52Z,5760,5760,0,14.999925,14.999684334,15.000002476,-0.001091637,0,0,0,0,0.0,3.300729,20.281544,5.798295e-13,0.0002200486,0.001352103,False,0.001624,False
2016-10-07,RS03AXBS-MJ03A-06-PRESTA301,2,True,2016-10-07T00:00:07Z,2016-10-07T23:59:52Z,5760,5760,0,14.999925,14.999693871,15.000003343,0.008107182,0,0,0,0,0.0,3.488145,22.262916,1.897462e-12,0.0002325429,0.001484194,False,0.001368,False
2016-10-08,RS03AXBS-MJ03A-06-PRESTA301,2,True,2016-10-08T00:00:07Z,2016-10-08T23:59:52Z,5760,5760,0,14.999925,14.999710083,15.000003221,-0.002280466,0,0,0,0,0.0,3.793786,20.636262,3.542278e-12,0.000252919,0.001375751,False,0.00137,False
2016-10-09,RS03AXBS-MJ03A-06-PRESTA301,2,True,2016-10-09T00:00:07Z,2016-10-09T23:59:52Z,5760,5760,0,14.999925,14.999689102,15.000003251,0.003295724,0,0,0,0,0.0,3.202152,20.423945,1.479845e-12,0.0002134767,0.001361596,False,0.0014,False
2016-10-10,RS03AXBS-MJ03A-06-PRESTA301,2,True,2016-10-10T00:00:07Z,2016-10-10T23:59:52Z,5760,5760,0,14.999925,14.99969244,15.000002905,-0.001437567,0,0,0,0,0.0,3.35631,22.425991,2.98786e-12,0.000223754,0.001495066,False,0.001349,False
2016-10-11,RS03AXBS-MJ03A-06-PRESTA301,2,True,2016-10-11T00:00:07Z,2016-10-11T23:59:52Z,5760,5760,0,14.999925,14.999671936,15.000002878,-0.004154152,0,0,0,0,0.0,4.039776,20.418123,1.440996e-12,0.0002693184,0.001361208,False,0.001371,False
2016-10-12,RS03AXBS-MJ03A-06-PRESTA301,2,True,2016-10-12T00:00:07Z,2016-10-12T23:59:52Z,5760,5760,0,14.999925,14.999666691,15.000002406,0.003863788,0,0,0,0,0.0,4.343093,20.698629,2.470978e-12,0.0002895395,0.001379908,False,0.001364,False
2016-10-13,RS03AXBS-MJ03A-06-PRESTA301,2,True,2016-10-13T00:00:07Z,2016-10-13T23:59:52Z,5727,5760,33,14.999925,14.999668598,15.000004008,-0.005113999,1,33,1,33,-0.0,3.462294,22.067831,-3.355615e-12,0.0002308195,0.001471188,False,0.001371,True
2016-10-14,RS03AXBS-MJ03A-06-PRESTA301,2,True,2016-10-14T00:00:07Z,2016-10-14T23:59:52Z,5760,5760,0,14.999925,14.999659061,15.000002281,0.000700791,0,0,0,0,0.0,3.792855,19.246321,3.368974e-12,0.0002528569,0.001283088,False,0.001389,False
2016-10-15,RS03AXBS-MJ03A-06-PRESTA301,2,True,2016-10-15T00:00:07Z,2016-10-15T23:59:52Z,5760,5760,0,14.999925,14.999667168,15.0000027,0.00172534,0,0,0,0,0.0,3.102849,18.170446,2.210006e-12,0.0002068566,0.001211363,False,0.001351,False
2016-10-16,RS03AXBS-MJ03A-06-PRESTA301,2,True,2016-10-16T00:00:07Z,2016-10-16T23:59:53Z,5760,5760,0,14.999925,14.999683857,15.000002783,0.001230291,0,0,0,0,0.0,26.519702,1000.163473,2.033775e-12,0.00176798,0.06667755,False,0.066657,False
2016-10-17,RS03AXBS-MJ03A-06-PRESTA301,2,True,2016-10-17T00:00:08Z,2016-10-17T23:59:53Z,5760,5760,0,14.999925,14.999627113,15.000002553,0.000329272,0,0,0,0,0.0,3.897437,19.144129,1.751139e-12,0.0002598291,0.001276275,False,0.001343,False
2016-10-18,RS03AXBS-MJ03A-06-PRESTA301,2,True,2016-10-18T00:00:08Z,2016-10-18T23:59:53Z,5760,5760,0,14.999925,14.999639034,15.000003946,0.001817034,0,0,0,0,0.0,3.957038,28.36731,1.827731e-12,0.0002638025,0.001891154,False,0.001787,False
2016-10-19,RS03AXBS-MJ03A-06-PRESTA301,2,True,2016-10-19T00:00:08Z,2016-10-19T23:59:53Z,5760,5760,0,14.999925,14.999611855,15.000003003,0.000193247,0,0,0,0,0.0,3.388219,20.561485,1.565975e-12,0.0002258812,0.001370765,False,0.001371,False
2016-10-20,RS03AXBS-MJ03A-06-PRESTA301,2,True,2016-10-20T00:00:08Z,2016-10-20T23:59:53Z,5760,5760,0,14.999925,14.99966526,15.000002909,-0.004951406,0,0,0,0,0.0,3.489538,18.576658,9.762237e-13,0.0002326358,0.001238444,False,0.001352,False
2016-10-21,RS03AXBS-MJ03A-06-PRESTA301,2,True,2016-10-21T00:00:08Z,2016-10-21T23:59:53Z,5760,5760,0,14.999925,14.999645233,15.000002404,0.001096521,0,0,0,0,0.0,3.678311,22.531436,2.184297e-12,0.0002452207,0.001502095,False,0.001843,False
2016-10-22,RS03AXBS-MJ03A-06-PRESTA301,2,True,2016-10-22T00:00:08Z,2016-10-22T23:59:53Z,5760,5760,0,14.999925,14.99968338,15.000002512,-0.001020619,0,0,0,0,0.0,3.611661,20.380248,2.693547e-12,0.0002407773,0.001358683,False,0.00137,False
2016-10-23,RS03AXBS-MJ03A-06-PRESTA301,2,True,2016-10-23T00:00:08Z,2016-10-23T23:59:53Z,5760,5760,0,14.999925,14.999687195,15.000002452,-0.001476182,0,0,0,0,0.0,3.338002,18.527537,1.824678e-12,0.0002225334,0.001235169,False,0.001383,False
2016-10-24,RS03AXBS-MJ03A-06-PRESTA301,2,True,2016-10-24T00:00:08Z,2016-10-24T23:59:53Z,5760,5760,0,14.999925,14.999679089,15.000002506,0.003781843,0,0,0,0,0.0,3.51207,19.217632,2.415292e-12,0.000234138,0.001281175,False,0.001373,False
2016-10-25,RS03AXBS-MJ03A-06-PRESTA301,2,True,2016-10-25T00:00:08Z,2016-10-25T23:59:53Z,5760,5760,0,14.999925,14.999701023,15.000003308,-0.00200573,0,0,0,0,0.0,3.264012,22.386439,3.004103e-12,0.0002176008,0.001492429,False,0.001488,False
2016-10-26,RS03AXBS-MJ03A-06-PRESTA301,2,False,,,0,0,,14.999925,,,,,,,,,,,,,,,,False
2016-10-27,RS03AXBS-MJ03A-06-PRESTA301,2,True,2016-10-27T00:00:08Z,2016-10-27T23:59:53Z,5760,5760,0,14.999925,14.999713898,15.000002517,-0.001435533,0,0,0,0,0.0,3.124367,18.088496,3.256229e-12,0.0002082911,0.001205899,False,0.00137,False
2016-10-28,RS03AXBS-MJ03A-06-PRESTA301,2,True,2016-10-28T00:00:08Z,2016-10-28T23:59:53Z,5760,5760,0,14.999925,14.999638081,15.000002615,0.000710557,0,0,0,0,0.0,3.247231,19.448865,1.296223e-12,0.0002164821,0.001296591,False,0.001392,False
2016-10-29,RS03AXBS-MJ03A-06-PRESTA301,2,True,2016-10-29T00:00:08Z,2016-10-29T23:59:53Z,5760,5760,0,14.999925,14.999669075,15.000002738,0.00316488,0,0,0,0,0.0,3.251067,16.964989,1.080978e-12,0.0002167378,0.001130999,False,0.001299,False
2016-10-30,RS03AXBS-MJ03A-06-PRESTA301,2,True,2016-10-30T00:00:08Z,2016-10-30T23:59:53Z,5760,5760,0,14.999925,14.999663353,15.000002887,-9.439e-06,0,0,0,0,0.0,3.12647,20.995265,9.222763e-13,0.0002084313,0.001399684,False,0.001445,False
2016-10-31,RS03AXBS-MJ03A-06-PRESTA301,2,True,2016-10-31T00:00:08Z,2016-10-31T23:59:53Z,5760,5760,0,14.999925,14.999645233,15.000002752,2.9762e-05,0,0,0,0,0.0,3.051693,16.799627,2.412674e-12,0.0002034462,0.001119975,False,0.001349,False
2016-11-01,RS03AXBS-MJ03A-06-PRESTA301,2,True,2016-11-01T00:00:08Z,2016-11-01T23:59:53Z,5760,5760,0,14.999925,14.999594688,15.00000287,0.002740073,0,0,0,0,0.0,3.341148,20.003535,2.071996e-12,0.0002227432,0.001333569,False,0.001376,False
2016-11-02,RS03AXBS-MJ03A-06-PRESTA301,2,True,2016-11-02T00:00:08Z,2016-11-02T23:59:53Z,5760,5760,0,14.999925,14.99966383,15.000002765,-0.002049843,0,0,0,0,0.0,3.266113,17.846579,1.588053e-12,0.0002177408,0.001189772,False,0.001362,False
2016-11-03,RS03AXBS-MJ03A-06-PRESTA301,2,True,2016-11-03T00:00:08Z,2016-11-03T23:59:53Z,5760,5760,0,14.999925,14.999644756,15.00000308,-0.00142074,0,0,0,0,0.0,3.135306,17.626955,2.6736e-12,0.0002090203,0.00117513,False,0.001541,False
2016-11-04,RS03AXBS-MJ03A-06-PRESTA301,2,True,2016-11-04T00:00:08Z,2016-11-04T23:59:53Z,5760,5760,0,14.999925,14.999686241,15.000002866,0.000732303,0,0,0,0,0.0,3.33802,18.779691,1.313733e-12,0.0002225346,0.001251979,False,0.001383,False
2016-11-05,RS03AXBS-MJ03A-06-PRESTA301,2,True,2016-11-05T00:00:08Z,2016-11-05T23:59:53Z,5760,5760,0,14.999925,14.999662876,15.000002996,0.003373158,0,0,0,0,0.0,3.745632,24.814185,2.749448e-12,0.0002497088,0.001654279,False,0.001649,False
2016-11-06,RS03AXBS-MJ03A-06-PRESTA301,2,True,2016-11-06T00:00:08Z,2016-11-06T23:59:53Z,5760,5760,0,14.999925,14.99969101,15.000003097,-0.001499614,0,0,0,0,0.0,3.114158,17.12061,1.780094e-12,0.0002076105,0.001141374,False,0.001324,False
2016-11-07,RS03AXBS-MJ03A-06-PRESTA301,2,True,2016-11-07T00:00:08Z,2016-11-07T23:59:53Z,5760,5760,0,14.999925,14.99970293,15.000002578,-0.003962724,0,0,0,0,0.0,3.611453,20.393899,1.122749e-12,0.0002407635,0.001359593,False,0.001375,False
2016-11-08,RS03AXBS-MJ03A-06-PRESTA301,2,True,2016-11-08T00:00:08Z,2016-11-08T23:59:53Z,5760,5760,0,14.999925,14.999705315,15.00000234,0.00187177,0,0,0,0,0.0,3.167287,21.773226,2.212229e-12,0.0002111524,0.001451548,False,0.001502,False
2016-11-09,RS03AXBS-MJ03A-06-PRESTA301,2,True,2016-11-09T00:00:08Z,2016-11-09T23:59:53Z,5760,5760,0,14.999925,14.999690056,15.000002911,-0.001041103,0,0,0,0,0.0,3.170552,17.359729,2.160767e-12,0.0002113701,0.001157315,False,0.001387,False
2016-11-10,RS03AXBS-MJ03A-06-PRESTA301,2,True,2016-11-10T00:00:08Z,2016-11-10T23:59:53Z,5760,5760,0,14.999925,14.999713898,15.000002901,-0.00139612,0,0,0,0,0.0,3.1533,17.337002,2.314758e-12,0.00021022,0.0011558,False,0.001345,False
2016-11-11,RS03AXBS-MJ03A-06-PRESTA301,2,True,2016-11-11T00:00:08Z,2016-11-11T23:59:53Z,5760,5760,0,14.999925,14.99968338,15.000003067,-0.000920121,0,0,0,0,0.0,3.2899,18.039865,2.313725e-12,0.0002193266,0.001202657,False,0.001393,False
2016-11-12,RS03AXBS-MJ03A-06-PRESTA301,2,True,2016-11-12T00:00:08Z,2016-11-12T23:59:53Z,5760,5760,0,14.999925,14.999649048,15.000002823,-0.001997537,0,0,0,0,0.0,3.431999,19.412383,2.722962e-12,0.0002287999,0.001294159,False,0.001341,False
2016-11-13,RS03AXBS-MJ03A-06-PRESTA301,2,True,2016-11-13T00:00:08Z,2016-11-13T23:59:53Z,5760,5760,0,14.999925,14.999642849,15.000003135,-0.000238748,0,0,0,0,0.0,3.218328,19.254056,1.408027e-12,0.0002145551,0.001283603,False,0.001356,False
2016-11-14,RS03AXBS-MJ03A-06-PRESTA301,2,True,2016-11-14T00:00:08Z,2016-11-14T23:59:53Z,5760,5760,0,14.999925,14.999633312,15.000003002,0.002777573,0,0,0,0,0.0,3.587311,23.401651,1.305923e-12,0.000239154,0.00156011,False,0.001353,False
2016-11-15,RS03AXBS-MJ03A-06-PRESTA301,2,True,2016-11-15T00:00:08Z,2016-11-15T23:59:53Z,5760,5760,0,14.999925,14.999631882,15.000003716,-0.001376292,0,0,0,0,0.0,3.358896,17.639148,2.022255e-12,0.0002239263,0.001175943,False,0.001348,False
2016-11-16,RS03AXBS-MJ03A-06-PRESTA301,2,True,2016-11-16T00:00:08Z,2016-11-16T23:59:53Z,5760,5760,0,14.999925,14.999657154,15.000002655,-0.004887395,0,0,0,0,0.0,3.599746,22.685672,2.944135e-12,0.000239983,0.001512378,False,0.001397,False
2016-11-17,RS03AXBS-MJ03A-06-PRESTA301,2,True,2016-11-17T00:00:08Z,2016-11-17T23:59:53Z,5758,5760,2,14.999925,14.999649048,15.000002821,-0.000549821,2,2,2,2,-0.0,3.088118,20.304564,-4.790168e-13,0.0002058745,0.001353637,False,0.001394,True
2016-11-18,RS03AXBS-MJ03A-06-PRESTA301,2,True,2016-11-18T00:00:08Z,2016-11-18T23:59:53Z,5756,5760,4,14.999925,14.999653339,15.000002801,-0.000133288,2,4,2,4,-0.0,3.271399,16.940332,-2.359756e-12,0.0002180932,0.001129355,False,0.001407,True
2016-11-19,RS03AXBS-MJ03A-06-PRESTA301,2,True,2016-11-19T00:00:08Z,2016-11-19T23:59:53Z,5760,5760,0,14.999925,14.999688148,15.000002494,0.002841995,0,0,0,0,0.0,3.167642,19.881107,2.496832e-12,0.0002111761,0.001325407,False,0.001345,False
2016-11-20,RS03AXBS-MJ03A-06-PRESTA301,2,True,2016-11-20T00:00:08Z,2016-11-20T23:59:53Z,5760,5760,0,14.999925,14.999671936,15.000003003,-0.002712526,0,0,0,0,0.0,3.532871,21.931761,3.032547e-12,0.0002355247,0.001462117,False,0.001531,False
2016-11-21,RS03AXBS-MJ03A-06-PRESTA301,2,True,2016-11-21T00:00:08Z,2016-11-21T23:59:53Z,5760,5760,0,14.999925,14.999690056,15.000003408,5.6562e-05,0,0,0,0,0.0,3.118094,17.155572,2.306427e-12,0.0002078729,0.001143705,False,0.001365,False
2016-11-22,RS03AXBS-MJ03A-06-PRESTA301,2,True,2016-11-22T00:00:08Z,2016-11-22T23:59:53Z,5760,5760,0,14.999925,14.999711037,15.000002566,-0.000741861,0,0,0,0,0.0,3.334355,21.134279,2.596364e-12,0.0002222903,0.001408952,False,0.001344,False
2016-11-23,RS03AXBS-MJ03A-06-PRESTA301,2,True,2016-11-23T00:00:08Z,2016-11-23T23:59:53Z,5760,5760,0,14.999925,14.999698639,15.000002449,-0.002785034,0,0,0,0,0.0,3.391932,18.583479,1.692153e-12,0.0002261288,0.001238898,False,0.001385,False
2016-11-24,RS03AXBS-MJ03A-06-PRESTA301,2,True,2016-11-24T00:00:08Z,2016-11-24T23:59:53Z,5760,5760,0,14.999925,14.999692917,15.000002679,0.001045161,0,0,0,0,0.0,3.214152,16.81859,3.774265e-13,0.0002142768,0.001121239,False,0.001308,False
2016-11-25,RS03AXBS-MJ03A-06-PRESTA301,2,True,2016-11-25T00:00:08Z,2016-11-25T23:59:53Z,5760,5760,0,14.999925,14.999695778,15.000003419,-0.004679111,0,0,0,0,0.0,3.407067,18.590916,1.401625e-12,0.0002271377,0.001239394,False,0.001381,False
2016-11-26,RS03AXBS-MJ03A-06-PRESTA301,2,True,2016-11-26T00:00:08Z,2016-11-26T23:59:53Z,5760,5760,0,14.999925,14.999699593,15.000002599,0.001087387,0,0,0,0,0.0,3.076693,21.817385,1.299718e-12,0.0002051128,0.001454492,False,0.001375,False
2016-11-27,RS03AXBS-MJ03A-06-PRESTA301,2,True,2016-11-27T00:00:08Z,2016-11-27T23:59:53Z,5760,5760,0,14.999925,14.999680996,15.000002696,-0.00110405,0,0,0,0,0.0,3.308064,17.815797,2.961926e-12,0.0002205376,0.00118772,False,0.001386,False
2016-11-28,RS03AXBS-MJ03A-06-PRESTA301,2,True,2016-11-28T00:00:08Z,2016-11-28T23:59:53Z,5760,5760,0,14.999925,14.999674797,15.000002616,0.001132802,0,0,0,0,0.0,3.258943,19.737189,5.712273e-13,0.0002172628,0.001315812,False,0.00158,False
2016-11-29,RS03AXBS-MJ03A-06-PRESTA301,2,True,2016-11-29T00:00:08Z,2016-11-29T23:59:53Z,5760,5760,0,14.999925,14.999660969,15.000002522,-0.000153235,0,0,0,0,0.0,3.199671,17.244439,4.701327e-13,0.0002133114,0.001149629,False,0.001356,False
2016-11-30,RS03AXBS-MJ03A-06-PRESTA301,2,True,2016-11-30T00:00:08Z,2016-11-30T23:59:53Z,5760,5760,0,14.999925,14.999655247,15.000002655,0.000744209,0,0,0,0,0.0,3.104282,17.016854,2.756395e-12,0.0002069521,0.001134457,False,0.001384,False
2016-12-01,RS03AXBS-MJ03A-06-PRESTA301,2,True,2016-12-01T00:00:08Z,2016-12-01T23:59:53Z,5702,5760,58,14.999925,14.999664783,15.000002754,0.000395792,1,58,1,58,-0.0,3.467407,20.837304,-8.17377e-13,0.0002311604,0.001389153,False,0.001387,True
2016-12-02,RS03AXBS-MJ03A-06-PRESTA301,2,True,2016-12-02T00:00:08Z,2016-12-02T23:59:53Z,5760,5760,0,14.999925,14.999680996,15.000002115,-0.001664449,0,0,0,0,0.0,3.131913,19.025636,1.963828e-12,0.0002087941,0.001268376,False,0.0013,False
2016-12-03,RS03AXBS-MJ03A-06-PRESTA301,2,True,2016-12-03T00:00:08Z,2016-12-03T23:59:53Z,5760,5760,0,14.999925,14.999678612,15.000002622,0.000664489,0,0,0,0,0.0,3.068649,16.959535,1.155476e-12,0.0002045766,0.001130635,False,0.001383,False
2016-12-04,RS03AXBS-MJ03A-06-PRESTA301,2,True,2016-12-04T00:00:08Z,2016-12-04T23:59:53Z,5760,5760,0,14.999925,14.999669075,15.000002765,0.001573209,0,0,0,0,0.0,3.206342,20.975763,2.029238e-12,0.0002137561,0.001398384,False,0.001365,False
2016-12-05,RS03AXBS-MJ03A-06-PRESTA301,2,True,2016-12-05T00:00:08Z,2016-12-05T23:59:53Z,5760,5760,0,14.999925,14.99969101,15.000002558,0.006755914,0,0,0,0,0.0,3.189261,20.046058,4.899944e-13,0.0002126174,0.001336404,False,0.001341,False
2016-12-06,RS03AXBS-MJ03A-06-PRESTA301,2,True,2016-12-06T00:00:08Z,2016-12-06T23:59:53Z,5760,5760,0,14.999925,14.999683857,15.000002885,-0.002994633,0,0,0,0,0.0,3.249315,17.946851,9.058697e-13,0.0002166209,0.001196457,False,0.001389,False
2016-12-07,RS03AXBS-MJ03A-06-PRESTA301,2,True,2016-12-07T00:00:08Z,2016-12-07T23:59:53Z,5701,5760,59,14.999925,14.99968195,15.000002735,0.003168276,1,59,1,59,0.0,3.088933,19.011659,4.999523e-13,0.0002059288,0.001267444,False,0.001504,True
2016-12-08,RS03AXBS-MJ03A-06-PRESTA301,2,True,2016-12-08T00:00:08Z,2016-12-08T23:59:53Z,5760,5760,0,14.999925,14.999660969,15.000002504,0.001079231,0,0,0,0,0.0,3.456243,23.232353,1.966943e-12,0.0002304162,0.001548823,False,0.001409,False
2016-12-09,RS03AXBS-MJ03A-06-PRESTA301,2,True,2016-12-09T00:00:08Z,2016-12-09T23:59:53Z,5760,5760,0,14.999925,14.999684811,15.000002749,6.3516e-05,0,0,0,0,0.0,4.167358,20.205449,1.836413e-12,0.0002778238,0.00134703,False,0.001321,False
2016-12-10,RS03AXBS-MJ03A-06-PRESTA301,2,True,2016-12-10T00:00:08Z,2016-12-10T23:59:53Z,5760,5760,0,14.999925,14.99968338,15.000002357,-0.00130824,0,0,0,0,0.0,3.177677,22.636985,1.721597e-12,0.0002118451,0.001509132,False,0.001353,False
2016-12-11,RS03AXBS-MJ03A-06-PRESTA301,2,True,2016-12-11T00:00:08Z,2016-12-11T23:59:53Z,5724,5760,36,14.999925,14.999618053,15.000003007,-0.001456114,1,36,1,36,0.0,3.107566,19.908844,9.296312e-13,0.000207171,0.001327256,False,0.001362,True
2016-12-12,RS03AXBS-MJ03A-06-PRESTA301,2,True,2016-12-12T00:00:08Z,2016-12-12T23:59:53Z,5760,5760,0,14.999925,14.999618053,15.000002706,0.000302465,0,0,0,0,0.0,3.132255,17.19978,2.309503e-12,0.000208817,0.001146652,False,0.001392,False
2016-12-13,RS03AXBS-MJ03A-06-PRESTA301,2,True,2016-12-13T00:00:08Z,2016-12-13T23:59:53Z,5760,5760,0,14.999925,14.999653816,15.0000027,0.000550131,0,0,0,0,0.0,3.360427,18.895594,1.811727e-12,0.0002240284,0.001259706,False,0.001364,False
2016-12-14,RS03AXBS-MJ03A-06-PRESTA301,2,True,2016-12-14T00:00:08Z,2016-12-14T23:59:53Z,5760,5760,0,14.999925,14.999669075,15.000002888,-0.002516618,0,0,0,0,0.0,3.115628,20.206255,1.19895e-12,0.0002077085,0.001347083,False,0.001347,False
2016-12-15,RS03AXBS-MJ03A-06-PRESTA301,2,True,2016-12-15T00:00:08Z,2016-12-15T23:59:53Z,5760,5760,0,14.999925,14.999603271,15.000002268,-0.002448495,0,0,0,0,0.0,3.352041,19.226789,3.004713e-12,0.0002234694,0.001281786,False,0.001358,False
2016-12-16,RS03AXBS-MJ03A-06-PRESTA301,2,True,2016-12-16T00:00:08Z,2016-12-16T23:59:53Z,5760,5760,0,14.999925,14.999668121,15.000002721,-0.00045064,0,0,0,0,0.0,13.375378,986.250137,2.033496e-12,0.0008916917,0.06575,False,0.06586,False
2016-12-17,RS03AXBS-MJ03A-06-PRESTA301,2,True,2016-12-17T00:00:08Z,2016-12-17T23:59:54Z,5760,5760,0,14.999925,14.999648094,15.000002202,0.00193735,0,0,0,0,0.0,26.497908,999.384697,1.330344e-12,0.001766527,0.06662564,False,0.067525,False
2016-12-18,RS03AXBS-MJ03A-06-PRESTA301,2,True,2016-12-18T00:00:09Z,2016-12-18T23:59:54Z,5760,5760,0,14.999925,14.999671936,15.000002664,-0.000876269,0,0,0,0,0.0,3.208852,16.543724,2.270457e-12,0.0002139234,0.001102915,False,0.001342,False
2016-12-19,RS03AXBS-MJ03A-06-PRESTA301,2,True,2016-12-19T00:00:09Z,2016-12-19T23:59:54Z,5760,5760,0,14.999925,14.999693871,15.0000025,0.003469614,0,0,0,0,0.0,3.117389,18.973436,2.683097e-12,0.0002078259,0.001264896,False,0.001368,False
2016-12-20,RS03AXBS-MJ03A-06-PRESTA301,2,True,2016-12-20T00:00:09Z,2016-12-20T23:59:54Z,5760,5760,0,14.999925,14.999673367,15.000002126,-0.000460407,0,0,0,0,0.0,3.154161,21.259351,1.959575e-12,0.0002102774,0.00141729,False,0.00133,False
2016-12-21,RS03AXBS-MJ03A-06-PRESTA301,2,True,2016-12-21T00:00:09Z,2016-12-21T23:59:54Z,5760,5760,0,14.999925,14.999661922,15.000002238,0.003554168,0,0,0,0,0.0,3.381208,20.27973,1.449411e-12,0.0002254138,0.001351982,False,0.001384,False
2016-12-22,RS03AXBS-MJ03A-06-PRESTA301,2,True,2016-12-22T00:00:09Z,2016-12-22T23:59:54Z,5760,5760,0,14.999925,14.999688148,15.000002657,0.000801291,0,0,0,0,0.0,3.848083,20.583055,2.50112e-12,0.0002565388,0.001372203,False,0.001394,False
2016-12-23,RS03AXBS-MJ03A-06-PRESTA301,2,True,2016-12-23T00:00:09Z,2016-12-23T23:59:54Z,5760,5760,0,14.999925,14.999657154,15.000002361,-0.001030915,0,0,0,0,0.0,3.201307,20.220028,2.467747e-12,0.0002134204,0.001348002,False,0.001368,False
2016-12-24,RS03AXBS-MJ03A-06-PRESTA301,2,True,2016-12-24T00:00:09Z,2016-12-24T23:59:54Z,5760,5760,0,14.999925,14.999665737,15.000003154,0.003145257,0,0,0,0,0.0,3.394315,19.036231,2.069512e-12,0.0002262876,0.001269082,False,0.001379,False
2016-12-25,RS03AXBS-MJ03A-06-PRESTA301,2,True,2016-12-25T00:00:09Z,2016-12-25T23:59:54Z,5760,5760,0,14.999925,14.999680042,15.000002472,0.000384321,0,0,0,0,0.0,3.318449,20.745439,2.393752e-12,0.0002212299,0.001383029,False,0.001389,False
2016-12-26,RS03AXBS-MJ03A-06-PRESTA301,2,True,2016-12-26T00:00:09Z,2016-12-26T23:59:54Z,5760,5760,0,14.999925,14.999662876,15.000002362,0.001292248,0,0,0,0,0.0,3.642304,22.499858,2.974083e-12,0.0002428203,0.00149999,False,0.001428,False
2016-12-27,RS03AXBS-MJ03A-06-PRESTA301,2,True,2016-12-27T00:00:09Z,2016-12-27T23:59:54Z,5760,5760,0,14.999925,14.999670982,15.00000246,0.000755037,0,0,0,0,0.0,3.110926,17.218924,1.961125e-12,0.0002073951,0.001147928,False,0.001423,False
2016-12-28,RS03AXBS-MJ03A-06-PRESTA301,2,True,2016-12-28T00:00:09Z,2016-12-28T23:59:54Z,5760,5760,0,14.999925,14.999668121,15.000001903,0.003391566,0,0,0,0,0.0,3.178599,19.213617,2.604941e-12,0.0002119066,0.001280908,False,0.00135,False
2016-12-29,RS03AXBS-MJ03A-06-PRESTA301,2,True,2016-12-29T00:00:09Z,2016-12-29T23:59:54Z,5760,5760,0,14.999925,14.9996562,15.00000288,0.002061426,0,0,0,0,0.0,3.329186,21.124464,2.25504e-12,0.0002219457,0.001408297,False,0.001363,False
2016-12-30,RS03AXBS-MJ03A-06-PRESTA301,2,True,2016-12-30T00:00:09Z,2016-12-30T23:59:54Z,5760,5760,0,14.999925,14.999657154,15.000002577,-0.001051973,0,0,0,0,0.0,3.307772,17.248831,2.69585e-12,0.0002205181,0.001149922,False,0.001366,False
2016-12-31,RS03AXBS-MJ03A-06-PRESTA301,2,True,2016-12-31T00:00:09Z,2016-12-31T23:59:54Z,5760,5760,0,14.999925,14.99966383,15.00000301,-0.002130323,0,0,0,0,0.0,3.390364,19.307909,2.370074e-12,0.0002260242,0.001287194,False,0.001338,False
2017-01-01,RS03AXBS-MJ03A-06-PRESTA301,2,True,2017-01-01T00:00:09Z,2017-01-01T23:59:53Z,5760,5760,0,14.999925,14.999615192,15.000001426,-0.995810882,0,0,0,0,0.0,63.769576,1007.393766,1.674987e-12,0.004251305,0.06715958,False,0.06656,False
2017-01-02,RS03AXBS-MJ03A-06-PRESTA301,2,True,2017-01-02T00:00:08Z,2017-01-02T23:59:53Z,5760,5760,0,14.999925,14.999694824,15.000003031,-0.000473914,0,0,0,0,0.0,3.162067,17.916874,2.800721e-12,0.0002108044,0.001194458,False,0.001335,False
2017-01-03,RS03AXBS-MJ03A-06-PRESTA301,2,True,2017-01-03T00:00:08Z,2017-01-03T23:59:53Z,5760,5760,0,14.999925,14.999700069,15.000002307,-0.000182221,0,0,0,0,0.0,3.18245,19.759911,2.488541e-12,0.0002121633,0.001317327,False,0.001366,False
2017-01-04,RS03AXBS-MJ03A-06-PRESTA301,2,True,2017-01-04T00:00:08Z,2017-01-04T23:59:53Z,5760,5760,0,14.999925,14.999693394,15.00000247,0.003879023,0,0,0,0,0.0,3.361274,18.210785,1.180107e-12,0.0002240849,0.001214052,False,0.001418,False
2017-01-05,RS03AXBS-MJ03A-06-PRESTA301,2,True,2017-01-05T00:00:08Z,2017-01-05T23:59:53Z,5760,5760,0,14.999925,14.999670029,15.000002551,-0.00451912,0,0,0,0,0.0,3.290131,18.487765,2.783037e-12,0.000219342,0.001232517,False,0.001345,False
2017-01-06,RS03AXBS-MJ03A-06-PRESTA301,2,True,2017-01-06T00:00:08Z,2017-01-06T23:59:53Z,5760,5760,0,14.999925,14.999676228,15.00000214,0.005531658,0,0,0,0,0.0,4.064592,22.226062,2.12251e-12,0.0002709727,0.001481737,False,0.001369,False
2017-01-07,RS03AXBS-MJ03A-06-PRESTA301,2,True,2017-01-07T00:00:08Z,2017-01-07T23:59:53Z,5760,5760,0,14.999925,14.999696732,15.00000309,0.001300569,0,0,0,0,0.0,4.548423,21.728949,2.162678e-12,0.0003032281,0.001448596,False,0.001357,False
2017-01-08,RS03AXBS-MJ03A-06-PRESTA301,2,True,2017-01-08T00:00:08Z,2017-01-08T23:59:53Z,5760,5760,0,14.999925,14.999657154,15.000001716,0.000569237,0,0,0,0,0.0,3.338377,20.306894,2.04223e-12,0.0002225584,0.001353793,False,0.001447,False
2017-01-09,RS03AXBS-MJ03A-06-PRESTA301,2,True,2017-01-09T00:00:08Z,2017-01-09T18:30:53Z,4444,4444,0,14.999925,14.999649048,15.000001662,-6.6208e-05,0,0,0,0,-0.0,3.233086,19.10295,-7.36079e-13,0.000215539,0.00127353,False,0.001361,False
2017-01-10,RS03AXBS-MJ03A-06-PRESTA301,2,True,2017-01-10T01:12:19Z,2017-01-10T23:59:49Z,5471,5471,0,14.999925,14.999669075,15.000002589,-0.00077718,0,0,0,0,-0.0,3.269842,17.020446,-1.077885e-12,0.0002179894,0.001134696,False,0.001349,False
2017-01-11,RS03AXBS-MJ03A-06-PRESTA301,2,True,2017-01-11T00:00:04Z,2017-01-11T23:59:49Z,5754,5760,6,14.999925,14.999634743,15.000002897,-0.000359574,1,6,1,6,0.0,3.241508,19.65158,5.96057e-13,0.0002161005,0.001310105,False,0.00138,True
2017-01-12,RS03AXBS-MJ03A-06-PRESTA301,2,True,2017-01-12T00:00:04Z,2017-01-12T23:59:49Z,5760,5760,0,14.999925,14.999610901,15.00000257,0.003241739,0,0,0,0,0.0,3.054136,17.464936,2.124417e-12,0.0002036091,0.001164329,False,0.00135,False
2017-01-13,RS03AXBS-MJ03A-06-PRESTA301,2,True,2017-01-13T00:00:04Z,2017-01-13T23:59:49Z,5760,5760,0,14.999925,14.99958992,15.000002839,-0.001199647,0,0,0,0,0.0,3.525747,17.926569,8.35101e-13,0.0002350498,0.001195104,False,0.001401,False
2017-01-14,RS03AXBS-MJ03A-06-PRESTA301,2,True,2017-01-14T00:00:04Z,2017-01-14T23:59:49Z,5760,5760,0,14.999925,14.999646187,15.000003385,-0.000735803,0,0,0,0,0.0,3.407308,18.670053,2.271986e-12,0.0002271538,0.00124467,False,0.001352,False
2017-01-15,RS03AXBS-MJ03A-06-PRESTA301,2,True,2017-01-15T00:00:04Z,2017-01-15T23:59:49Z,5760,5760,0,14.999925,14.999637127,15.000002898,0.004186688,0,0,0,0,0.0,3.416565,21.173767,1.199089e-12,0.000227771,0.001411584,False,0.001349,False
2017-01-16,RS03AXBS-MJ03A-06-PRESTA301,2,True,2017-01-16T00:00:04Z,2017-01-16T23:59:49Z,5760,5760,0,14.999925,14.999670982,15.000002705,-0.011369484,0,0,0,0,0.0,3.304424,17.636602,3.801352e-12,0.0002202949,0.001175773,False,0.001354,False
2017-01-17,RS03AXBS-MJ03A-06-PRESTA301,2,True,2017-01-17T00:00:04Z,2017-01-17T23:59:49Z,5760,5760,0,14.999925,14.999680996,15.000001984,0.00509943,0,0,0,0,-0.0,3.121403,20.022558,-7.126093e-14,0.0002080935,0.001334837,False,0.001397,False
2017-01-18,RS03AXBS-MJ03A-06-PRESTA301,2,True,2017-01-18T00:00:04Z,2017-01-18T23:59:49Z,5760,5760,0,14.999925,14.999696732,15.000002615,-0.001292506,0,0,0,0,0.0,3.188357,18.053472,2.840551e-12,0.0002125571,0.001203565,False,0.001385,False
2017-01-19,RS03AXBS-MJ03A-06-PRESTA301,2,True,2017-01-19T00:00:04Z,2017-01-19T23:59:49Z,5656,5760,104,14.999925,14.99973011,15.000002788,0.003856432,1,104,1,104,-0.0,3.099091,17.526626,-2.329511e-12,0.000206606,0.001168442,False,0.001991,True
2017-01-20,RS03AXBS-MJ03A-06-PRESTA301,2,True,2017-01-20T00:00:04Z,2017-01-20T23:59:49Z,5760,5760,0,14.999925,14.999734402,15.000002813,-0.003366321,0,0,0,0,0.0,3.107376,17.349143,1.254148e-12,0.0002071584,0.001156609,False,0.001356,False
2017-01-21,RS03AXBS-MJ03A-06-PRESTA301,2,True,2017-01-21T00:00:04Z,2017-01-21T23:59:49Z,5760,5760,0,14.999925,14.999701977,15.000002711,0.002792584,0,0,0,0,0.0,3.181168,17.829924,1.248365e-12,0.0002120778,0.001188661,False,0.001349,False
2017-01-22,RS03AXBS-MJ03A-06-PRESTA301,2,True,2017-01-22T00:00:04Z,2017-01-22T23:59:49Z,5760,5760,0,14.999925,14.99969101,15.000002684,0.000687903,0,0,0,0,0.0,3.159831,17.062297,7.638103e-13,0.0002106553,0.001137486,False,0.001182,False
2017-01-23,RS03AXBS-MJ03A-06-PRESTA301,2,True,2017-01-23T00:00:04Z,2017-01-23T23:59:49Z,5760,5760,0,14.999925,14.999710083,15.000002156,-0.002102961,0,0,0,0,0.0,3.241241,24.613047,2.458348e-12,0.0002160827,0.00164087,False,0.001839,False
2017-01-24,RS03AXBS-MJ03A-06-PRESTA301,2,True,2017-01-24T00:00:04Z,2017-01-24T23:59:49Z,5760,5760,0,14.999925,14.999697208,15.000002679,-0.001719049,0,0,0,0,0.0,3.493856,19.988509,2.767669e-12,0.0002329237,0.001332567,False,0.001353,False
2017-01-25,RS03AXBS-MJ03A-06-PRESTA301,2,True,2017-01-25T00:00:04Z,2017-01-25T23:59:49Z,5760,5760,0,14.999925,14.999666691,15.00000197,-0.000667756,0,0,0,0,0.0,3.298681,18.540319,1.723514e-12,0.000219912,0.001236021,False,0.001346,False
2017-01-26,RS03AXBS-MJ03A-06-PRESTA301,2,True,2017-01-26T00:00:04Z,2017-01-26T23:59:49Z,5760,5760,0,14.999925,14.999670029,15.000002588,-0.002935248,0,0,0,0,0.0,3.181153,17.888578,2.926582e-12,0.0002120768,0.001192572,False,0.001391,False
2017-01-27,RS03AXBS-MJ03A-06-PRESTA301,2,True,2017-01-27T00:00:04Z,2017-01-27T23:59:49Z,5760,5760,0,14.999925,14.999661922,15.000002223,0.000583734,0,0,0,0,0.0,3.245266,20.74418,2.073863e-12,0.000216351,0.001382945,False,0.00136,False
2017-01-28,RS03AXBS-MJ03A-06-PRESTA301,2,True,2017-01-28T00:00:04Z,2017-01-28T23:59:49Z,5760,5760,0,14.999925,14.999635696,15.000001532,-0.000538623,0,0,0,0,0.0,3.363333,17.53153,2.695686e-12,0.0002242222,0.001168769,False,0.001349,False
2017-01-29,RS03AXBS-MJ03A-06-PRESTA301,2,True,2017-01-29T00:00:04Z,2017-01-29T23:59:49Z,5760,5760,0,14.999925,14.999679089,15.00000236,0.00843118,0,0,0,0,0.0,3.538655,19.229979,1.610426e-12,0.0002359103,0.001281998,False,0.001375,False
2017-01-30,RS03AXBS-MJ03A-06-PRESTA301,2,True,2017-01-30T00:00:04Z,2017-01-30T23:59:49Z,5731,5760,29,14.999925,14.999666214,15.000003561,-0.002976992,2,29,2,29,0.0,3.417196,20.691378,1.152051e-12,0.000227813,0.001379425,False,0.00159,True
2017-01-31,RS03AXBS-MJ03A-06-PRESTA301,2,True,2017-01-31T00:00:04Z,2017-01-31T23:59:49Z,5697,5760,63,14.999925,14.999680996,15.000002757,-0.005186178,9,63,9,63,0.0,3.884117,19.435298,5.186539e-13,0.0002589411,0.001295686,False,0.00143,True
2017-02-01,RS03AXBS-MJ03A-06-PRESTA301,2,True,2017-02-01T00:00:04Z,2017-02-01T23:59:49Z,5760,5760,0,14.999925,14.999680996,15.000002079,0.001895607,0,0,0,0,0.0,3.683579,20.938368,1.221764e-12,0.0002455719,0.001395891,False,0.001358,False
2017-02-02,RS03AXBS-MJ03A-06-PRESTA301,2,True,2017-02-02T00:00:04Z,2017-02-02T23:59:49Z,5760,5760,0,14.999925,14.999690056,15.000001916,-0.01203267,0,0,0,0,0.0,3.436197,21.481007,1.808467e-12,0.0002290798,0.001432067,False,0.001365,False
2017-02-03,RS03AXBS-MJ03A-06-PRESTA301,2,True,2017-02-03T00:00:04Z,2017-02-03T23:59:49Z,5760,5760,0,14.999925,14.999699116,15.000002782,0.001739547,0,0,0,0,0.0,3.209026,18.157191,2.618515e-12,0.000213935,0.001210479,False,0.001376,False
2017-02-04,RS03AXBS-MJ03A-06-PRESTA301,2,True,2017-02-04T00:00:04Z,2017-02-04T23:59:49Z,5760,5760,0,14.999925,14.999687195,15.000002709,-0.001626828,0,0,0,0,0.0,3.317582,19.451094,9.146734e-13,0.0002211721,0.001296739,False,0.001356,False
2017-02-05,RS03AXBS-MJ03A-06-PRESTA301,2,True,2017-02-05T00:00:04Z,2017-02-05T23:59:49Z,5760,5760,0,14.999925,14.999719143,15.000002784,0.000833438,0,0,0,0,0.0,3.376708,17.997037,2.145757e-12,0.0002251138,0.001199802,False,0.001376,False
2017-02-06,RS03AXBS-MJ03A-06-PRESTA301,2,True,2017-02-06T00:00:04Z,2017-02-06T23:59:49Z,5760,5760,0,14.999925,14.999673843,15.000003167,-0.003733013,0,0,0,0,0.0,3.166404,18.061162,9.577927e-13,0.0002110935,0.001204077,False,0.001335,False
2017-02-07,RS03AXBS-MJ03A-06-PRESTA301,2,True,2017-02-07T00:00:04Z,2017-02-07T23:59:49Z,5707,5760,53,14.999925,14.999679089,15.000002324,0.001060545,1,53,1,53,-0.0,3.297802,21.370372,-1.835051e-13,0.0002198535,0.001424691,False,0.00161,True
2017-02-08,RS03AXBS-MJ03A-06-PRESTA301,2,True,2017-02-08T00:00:04Z,2017-02-08T23:59:49Z,5760,5760,0,14.999925,14.999679089,15.000001938,-0.002208407,0,0,0,0,0.0,4.469105,21.707726,3.278286e-12,0.0002979403,0.001447182,False,0.001377,False
2017-02-09,RS03AXBS-MJ03A-06-PRESTA301,2,True,2017-02-09T00:00:04Z,2017-02-09T23:59:49Z,5760,5760,0,14.999925,14.999657154,15.000002237,0.003000123,0,0,0,0,0.0,3.168106,17.644171,8.317705e-13,0.0002112071,0.001176278,False,0.001389,False
2017-02-10,RS03AXBS-MJ03A-06-PRESTA301,2,True,2017-02-10T00:00:04Z,2017-02-10T23:59:49Z,5760,5760,0,14.999925,14.999680996,15.000002321,0.000727466,0,0,0,0,0.0,3.329951,22.077065,2.410112e-12,0.0002219967,0.001471804,False,0.00137,False
2017-02-11,RS03AXBS-MJ03A-06-PRESTA301,2,True,2017-02-11T00:00:04Z,2017-02-11T23:59:49Z,5760,5760,0,14.999925,14.999659061,14.999998783,-0.001798675,0,0,0,0,0.0,4.105057,19.543187,2.494619e-12,0.0002736705,0.001302879,False,0.001729,False
2017-02-12,RS03AXBS-MJ03A-06-PRESTA301,2,True,2017-02-12T00:00:04Z,2017-02-12T23:59:49Z,5760,5760,0,14.999925,14.999644279,14.99999996,0.005619804,0,0,0,0,0.0,4.357691,19.316326,2.530563e-12,0.0002905127,0.001287755,False,0.001372,False
2017-02-13,RS03AXBS-MJ03A-06-PRESTA301,2,True,2017-02-13T00:00:04Z,2017-02-13T23:59:49Z,5760,5760,0,14.999925,14.999676704,15.000002461,-0.002004365,0,0,0,0,0.0,3.163312,22.58556,2.085386e-12,0.0002108874,0.001505704,False,0.001599,False
2017-02-14,RS03AXBS-MJ03A-06-PRESTA301,2,True,2017-02-14T00:00:04Z,2017-02-14T23:59:49Z,5760,5760,0,14.999925,14.999639988,14.999999897,-0.005482532,0,0,0,0,0.0,3.431773,18.367757,1.199009e-12,0.0002287849,0.001224517,False,0.001339,False
2017-02-15,RS03AXBS-MJ03A-06-PRESTA301,2,True,2017-02-15T00:00:04Z,2017-02-15T14:43:04Z,3533,3533,0,14.999925,14.999657631,14.99999889,0.005145475,0,0,0,0,-0.0,3.118706,19.324624,-6.26301e-13,0.0002079137,0.001288308,False,0.001335,False
2017-02-16,RS03AXBS-MJ03A-06-PRESTA301,2,True,2017-02-16T21:54:02Z,2017-02-16T23:59:57Z,503,505,2,14.999925,14.999660254,14.999172881,-4.717907286,1,2,1,2,0.0,573.26555,4728.129037,2.154274e-14,0.03821981,0.315226,False,0.333318,True
2017-02-17,RS03AXBS-MJ03A-06-PRESTA301,2,True,2017-02-17T00:00:12Z,2017-02-17T23:59:57Z,5760,5760,0,14.999925,14.999706268,15.000001749,0.001030258,0,0,0,0,0.0,3.304613,17.986049,2.788968e-12,0.0002203075,0.00119907,False,0.001363,False
2017-02-18,RS03AXBS-MJ03A-06-PRESTA301,2,True,2017-02-18T00:00:12Z,2017-02-18T23:59:57Z,5760,5760,0,14.999925,14.999670982,15.000001591,0.001086718,0,0,0,0,0.0,3.113709,17.064227,2.377313e-12,0.0002075806,0.001137615,False,0.00133,False
2017-02-19,RS03AXBS-MJ03A-06-PRESTA301,2,True,2017-02-19T00:00:12Z,2017-02-19T23:59:57Z,5760,5760,0,14.999925,14.999701977,15.000002588,-0.00171735,0,0,0,0,0.0,3.476239,21.013132,1.378208e-12,0.0002317493,0.001400875,False,0.001402,False
2017-02-20,RS03AXBS-MJ03A-06-PRESTA301,2,True,2017-02-20T00:00:12Z,2017-02-20T23:59:57Z,5760,5760,0,14.999925,14.999706268,15.000002314,0.003412561,0,0,0,0,0.0,3.471558,20.125906,2.493185e-12,0.0002314372,0.001341727,False,0.001352,False
2017-02-21,RS03AXBS-MJ03A-06-PRESTA301,2,True,2017-02-21T00:00:12Z,2017-02-21T23:59:57Z,5760,5760,0,14.999925,14.999708176,15.000001597,0.003690059,0,0,0,0,0.0,4.666427,22.260374,2.905499e-12,0.0003110951,0.001484025,False,0.00137,False
2017-02-22,RS03AXBS-MJ03A-06-PRESTA301,2,True,2017-02-22T00:00:12Z,2017-02-22T23:59:57Z,5760,5760,0,14.999925,14.99968195,14.999999,0.009244205,0,0,0,0,0.0,4.574314,24.901067,3.386587e-12,0.0003049543,0.001660071,False,0.00138,False
2017-02-23,RS03AXBS-MJ03A-06-PRESTA301,2,True,2017-02-23T00:00:12Z,2017-02-23T23:59:57Z,5760,5760,0,14.999925,14.999679089,14.99999897,-0.00059854,0,0,0,0,0.0,3.156088,22.06537,8.432512e-13,0.0002104059,0.001471025,False,0.001666,False
2017-02-24,RS03AXBS-MJ03A-06-PRESTA301,2,True,2017-02-24T00:00:12Z,2017-02-24T23:59:57Z,5760,5760,0,14.999925,14.999680042,14.999999104,0.007584114,0,0,0,0,0.0,3.474469,19.110293,3.251156e-12,0.0002316313,0.00127402,False,0.00136,False
2017-02-25,RS03AXBS-MJ03A-06-PRESTA301,2,True,2017-02-25T00:00:12Z,2017-02-25T23:59:57Z,5760,5760,0,14.999925,14.999679089,15.000000294,0.000840985,0,0,0,0,0.0,3.123722,21.394156,1.407701e-12,0.0002082481,0.001426277,False,0.001558,False
2017-02-26,RS03AXBS-MJ03A-06-PRESTA301,2,True,2017-02-26T00:00:12Z,2017-02-26T23:59:57Z,5760,5760,0,14.999925,14.999692917,15.000001516,0.002592746,0,0,0,0,0.0,3.141737,19.478128,1.317377e-12,0.0002094491,0.001298542,False,0.00138,False
2017-02-27,RS03AXBS-MJ03A-06-PRESTA301,2,True,2017-02-27T00:00:12Z,2017-02-27T23:59:57Z,5760,5760,0,14.999925,14.999674797,15.00000167,0.004249845,0,0,0,0,0.0,3.257883,16.875917,2.105407e-12,0.0002171922,0.001125061,False,0.001318,False
2017-02-28,RS03AXBS-MJ03A-06-PRESTA301,2,True,2017-02-28T00:00:12Z,2017-02-28T23:59:57Z,5760,5760,0,14.999925,14.999716282,15.000000213,-0.001894732,0,0,0,0,0.0,3.790781,19.277193,2.516756e-12,0.0002527187,0.001285146,False,0.001402,False
2017-03-01,RS03AXBS-MJ03A-06-PRESTA301,2,True,2017-03-01T00:00:12Z,2017-03-01T23:59:57Z,5760,5760,0,14.999925,14.999715805,14.99999983,0.006440105,0,0,0,0,0.0,3.419862,17.845437,1.450719e-12,0.0002279908,0.001189696,False,0.001337,False
2017-03-02,RS03AXBS-MJ03A-06-PRESTA301,2,True,2017-03-02T00:00:12Z,2017-03-02T23:59:57Z,5760,5760,0,14.999925,14.999688625,14.999999801,-0.015174463,0,0,0,0,0.0,3.668026,19.28159,1.38293e-12,0.0002445351,0.001285439,False,0.001327,False
2017-03-03,RS03AXBS-MJ03A-06-PRESTA301,2,True,2017-03-03T00:00:12Z,2017-03-03T23:59:57Z,5760,5760,0,14.999925,14.999729156,15.000000406,0.002983036,0,0,0,0,0.0,3.827083,23.436126,2.678347e-12,0.0002551389,0.001562408,False,0.00165,False
2017-03-04,RS03AXBS-MJ03A-06-PRESTA301,2,True,2017-03-04T00:00:12Z,2017-03-04T23:59:57Z,5760,5760,0,14.999925,14.99969244,15.000001102,-0.001574979,0,0,0,0,0.0,3.624001,20.050207,2.406977e-12,0.0002416001,0.00133668,False,0.001348,False
2017-03-05,RS03AXBS-MJ03A-06-PRESTA301,2,True,2017-03-05T00:00:12Z,2017-03-05T23:59:57Z,5760,5760,0,14.999925,14.999695778,15.00000167,0.000906064,0,0,0,0,0.0,4.369872,20.535375,2.27117e-12,0.0002913248,0.001369025,False,0.001365,False
2017-03-06,RS03AXBS-MJ03A-06-PRESTA301,2,True,2017-03-06T00:00:12Z,2017-03-06T23:59:57Z,5760,5760,0,14.999925,14.999697685,15.000001213,-0.002038003,0,0,0,0,0.0,3.474288,21.090399,1.947559e-12,0.0002316192,0.001406027,False,0.001375,False
2017-03-07,RS03AXBS-MJ03A-06-PRESTA301,2,True,2017-03-07T00:00:12Z,2017-03-07T23:59:57Z,5760,5760,0,14.999925,14.999696732,15.000002006,-9.602e-05,0,0,0,0,0.0,3.219195,20.060493,1.541562e-12,0.000214613,0.001337366,False,0.001385,False
2017-03-08,RS03AXBS-MJ03A-06-PRESTA301,2,True,2017-03-08T00:00:12Z,2017-03-08T23:59:57Z,5760,5760,0,14.999925,14.99968195,15.000001771,8.1154e-05,0,0,0,0,0.0,3.811613,19.151148,1.306223e-12,0.0002541075,0.001276743,False,0.001365,False
2017-03-09,RS03AXBS-MJ03A-06-PRESTA301,2,True,2017-03-09T00:00:12Z,2017-03-09T23:59:57Z,5760,5760,0,14.999925,14.999676704,15.000002207,0.00588495,0,0,0,0,0.0,3.208495,18.33552,1.958161e-12,0.0002138996,0.001222368,False,0.001397,False
2017-03-10,RS03AXBS-MJ03A-06-PRESTA301,2,True,2017-03-10T00:00:12Z,2017-03-10T23:59:57Z,5760,5760,0,14.999925,14.999688148,15.000002778,2.7748e-05,0,0,0,0,0.0,3.303761,18.028448,1.615418e-12,0.0002202507,0.001201896,False,0.001355,False
2017-03-11,RS03AXBS-MJ03A-06-PRESTA301,2,True,2017-03-11T00:00:12Z,2017-03-11T23:59:57Z,5760,5760,0,14.999925,14.999671936,15.000002986,-0.001577606,0,0,0,0,0.0,3.164087,23.744859,7.793385e-13,0.0002109391,0.00158299,False,0.001668,False
2017-03-12,RS03AXBS-MJ03A-06-PRESTA301,2,True,2017-03-12T00:00:12Z,2017-03-12T23:59:57Z,5760,5760,0,14.999925,14.999675751,15.000002151,-0.001947903,0,0,0,0,0.0,13.548122,996.588212,1.877613e-12,0.000903208,0.0664392,False,0.066639,False
2017-03-13,RS03AXBS-MJ03A-06-PRESTA301,2,True,2017-03-13T00:00:12Z,2017-03-13T23:59:58Z,5760,5760,0,14.999925,14.999652863,15.000002361,0.001818584,0,0,0,0,0.0,13.596945,1001.886359,2.228237e-12,0.0009064628,0.06679241,False,0.066686,False
2017-03-14,RS03AXBS-MJ03A-06-PRESTA301,2,True,2017-03-14T00:00:13Z,2017-03-14T23:59:58Z,5760,5760,0,14.999925,14.999675751,15.000002416,-0.012821092,0,0,0,0,0.0,3.18392,21.077273,2.092165e-12,0.0002122613,0.001405151,False,0.001371,False
2017-03-15,RS03AXBS-MJ03A-06-PRESTA301,2,True,2017-03-15T00:00:13Z,2017-03-15T23:59:58Z,5760,5760,0,14.999925,14.999685764,15.000002806,-0.001550486,0,0,0,0,0.0,3.371498,22.009725,1.575184e-14,0.0002247665,0.001467315,False,0.001427,False
2017-03-16,RS03AXBS-MJ03A-06-PRESTA301,2,True,2017-03-16T00:00:13Z,2017-03-16T23:59:58Z,5760,5760,0,14.999925,14.999700546,15.000002721,-0.003864798,0,0,0,0,0.0,3.392946,17.733842,1.797133e-12,0.0002261964,0.001182256,False,0.001364,False
2017-03-17,RS03AXBS-MJ03A-06-PRESTA301,2,True,2017-03-17T00:00:13Z,2017-03-17T23:59:58Z,5760,5760,0,14.999925,14.999693871,15.00000124,0.004810431,0,0,0,0,0.0,3.468217,18.028204,3.001182e-12,0.0002312144,0.00120188,False,0.001386,False
2017-03-18,RS03AXBS-MJ03A-06-PRESTA301,2,True,2017-03-18T00:00:13Z,2017-03-18T23:59:58Z,5755,5760,5,14.999925,14.999675751,15.000001015,0.00922988,1,5,1,5,-0.0,4.105435,20.698386,-5.108385e-13,0.0002736957,0.001379892,False,0.001539,True
2017-03-19,RS03AXBS-MJ03A-06-PRESTA301,2,True,2017-03-19T00:00:13Z,2017-03-19T23:59:58Z,5760,5760,0,14.999925,14.999701023,14.999999777,0.000186972,0,0,0,0,0.0,4.047214,19.76285,2.428553e-12,0.0002698142,0.001317523,False,0.001374,False
2017-03-20,RS03AXBS-MJ03A-06-PRESTA301,2,True,2017-03-20T00:00:13Z,2017-03-20T23:59:58Z,5760,5760,0,14.999925,14.999703884,15.000001988,-0.000547448,0,0,0,0,0.0,3.100428,20.032349,2.061647e-12,0.0002066952,0.00133549,False,0.001368,False
2017-03-21,RS03AXBS-MJ03A-06-PRESTA301,2,True,2017-03-21T00:00:13Z,2017-03-21T23:59:58Z,5760,5760,0,14.999925,14.999695778,15.000002515,-0.00457571,0,0,0,0,0.0,3.2119,17.734276,1.733208e-12,0.0002141266,0.001182285,False,0.001362,False
2017-03-22,RS03AXBS-MJ03A-06-PRESTA301,2,True,2017-03-22T00:00:13Z,2017-03-22T23:59:58Z,5760,5760,0,14.999925,14.999725819,15.000002444,-0.003333264,0,0,0,0,0.0,3.208206,17.543572,2.541724e-12,0.0002138804,0.001169571,False,0.001355,False
2017-03-23,RS03AXBS-MJ03A-06-PRESTA301,2,True,2017-03-23T00:00:13Z,2017-03-23T23:59:58Z,5760,5760,0,14.999925,14.99971199,15.000002499,-0.000553901,0,0,0,0,0.0,3.181331,18.229327,2.225154e-12,0.0002120887,0.001215288,False,0.001371,False
2017-03-24,RS03AXBS-MJ03A-06-PRESTA301,2,True,2017-03-24T00:00:13Z,2017-03-24T23:59:58Z,5760,5760,0,14.999925,14.999703884,15.000001732,-0.003010433,0,0,0,0,0.0,3.242877,20.697733,2.244746e-12,0.0002161918,0.001379849,False,0.001362,False
2017-03-25,RS03AXBS-MJ03A-06-PRESTA301,2,True,2017-03-25T00:00:13Z,2017-03-25T23:59:58Z,5760,5760,0,14.999925,14.999670982,15.000000778,0.000446098,0,0,0,0,0.0,3.3048,17.877077,2.423343e-12,0.00022032,0.001191805,False,0.001371,False
2017-03-26,RS03AXBS-MJ03A-06-PRESTA301,2,True,2017-03-26T00:00:13Z,2017-03-26T23:59:58Z,5760,5760,0,14.999925,14.999694824,14.99999943,-0.014757882,0,0,0,0,0.0,3.166856,17.685382,1.82218e-12,0.0002111238,0.001179026,False,0.001345,False
2017-03-27,RS03AXBS-MJ03A-06-PRESTA301,2,True,2017-03-27T00:00:13Z,2017-03-27T23:59:58Z,5760,5760,0,14.999925,14.999659061,15.000000734,-0.001812285,0,0,0,0,0.0,4.200603,21.535399,2.683432e-12,0.0002800402,0.001435693,False,0.001318,False
2017-03-28,RS03AXBS-MJ03A-06-PRESTA301,2,True,2017-03-28T00:00:13Z,2017-03-28T23:59:58Z,5760,5760,0,14.999925,14.999705791,15.000002757,-0.004961124,0,0,0,0,0.0,3.428761,17.963669,2.418542e-12,0.000228584,0.001197578,False,0.001365,False
2017-03-29,RS03AXBS-MJ03A-06-PRESTA301,2,True,2017-03-29T00:00:13Z,2017-03-29T23:59:58Z,5760,5760,0,14.999925,14.999685764,15.000002306,0.00256739,0,0,0,0,0.0,3.185815,18.231167,3.316085e-12,0.0002123876,0.001215411,False,0.00136,False
2017-03-30,RS03AXBS-MJ03A-06-PRESTA301,2,True,2017-03-30T00:00:13Z,2017-03-30T23:59:58Z,5760,5760,0,14.999925,14.99968195,15.000003046,0.000293569,0,0,0,0,0.0,3.221046,20.617325,1.662453e-12,0.0002147364,0.001374488,False,0.001443,False
2017-03-31,RS03AXBS-MJ03A-06-PRESTA301,2,True,2017-03-31T00:00:13Z,2017-03-31T23:59:58Z,5760,5760,0,14.999925,14.999697685,15.000001823,-9.526e-06,0,0,0,0,0.0,3.414262,18.770121,2.072395e-12,0.0002276174,0.001251341,False,0.001308,False
2017-04-01,RS03AXBS-MJ03A-06-PRESTA301,2,True,2017-04-01T00:00:13Z,2017-04-01T23:59:58Z,5760,5760,0,14.999925,14.999713898,15.000002151,6.9737e-05,0,0,0,0,0.0,3.24188,17.558695,3.27853e-12,0.0002161253,0.001170579,False,0.001333,False
2017-04-02,RS03AXBS-MJ03A-06-PRESTA301,2,True,2017-04-02T00:00:13Z,2017-04-02T23:59:58Z,5760,5760,0,14.999925,14.999707699,15.000002017,0.000914797,0,0,0,0,0.0,3.179665,19.729791,9.611689e-13,0.0002119776,0.001315319,False,0.001397,False
2017-04-03,RS03AXBS-MJ03A-06-PRESTA301,2,True,2017-04-03T00:00:13Z,2017-04-03T23:59:58Z,5760,5760,0,14.999925,14.999698639,15.000003133,-0.000142396,0,0,0,0,0.0,3.178119,17.242875,8.980221e-13,0.0002118746,0.001149525,False,0.001381,False
2017-04-04,RS03AXBS-MJ03A-06-PRESTA301,2,True,2017-04-04T00:00:13Z,2017-04-04T23:59:58Z,5760,5760,0,14.999925,14.99968195,15.000002635,-0.000678813,0,0,0,0,0.0,3.168942,19.778237,1.960167e-12,0.0002112628,0.001318549,False,0.001525,False
2017-04-05,RS03AXBS-MJ03A-06-PRESTA301,2,True,2017-04-05T00:00:13Z,2017-04-05T23:59:58Z,5760,5760,0,14.999925,14.999690056,15.000002342,-0.00268672,0,0,0,0,0.0,3.214656,24.744984,7.060006e-13,0.0002143104,0.001649665,False,0.001833,False
2017-04-06,RS03AXBS-MJ03A-06-PRESTA301,2,True,2017-04-06T00:00:13Z,2017-04-06T23:59:58Z,5760,5760,0,14.999925,14.999693871,15.00000248,0.005006791,0,0,0,0,0.0,3.193838,16.855455,7.557849e-14,0.0002129225,0.001123697,False,0.001315,False
2017-04-07,RS03AXBS-MJ03A-06-PRESTA301,2,True,2017-04-07T00:00:13Z,2017-04-07T23:59:58Z,5760,5760,0,14.999925,14.999682903,15.000002343,-0.011433828,0,0,0,0,0.0,3.189012,17.394268,1.722162e-12,0.0002126008,0.001159618,False,0.001365,False
2017-04-08,RS03AXBS-MJ03A-06-PRESTA301,2,True,2017-04-08T00:00:13Z,2017-04-08T23:59:58Z,5760,5760,0,14.999925,14.999705791,15.000002143,-0.000467522,0,0,0,0,0.0,3.07461,21.250782,1.369754e-12,0.000204974,0.001416719,False,0.001361,False
2017-04-09,RS03AXBS-MJ03A-06-PRESTA301,2,True,2017-04-09T00:00:13Z,2017-04-09T23:59:58Z,5760,5760,0,14.999925,14.999698639,15.000002353,-0.000276771,0,0,0,0,0.0,3.475208,18.718431,3.774041e-13,0.0002316805,0.001247895,False,0.001344,False
2017-04-10,RS03AXBS-MJ03A-06-PRESTA301,2,True,2017-04-10T00:00:13Z,2017-04-10T23:59:58Z,5760,5760,0,14.999925,14.99968338,15.000002216,0.001112962,0,0,0,0,0.0,3.112808,19.59609,1.066636e-12,0.0002075205,0.001306406,False,0.00136,False
2017-04-11,RS03AXBS-MJ03A-06-PRESTA301,2,True,2017-04-11T00:00:13Z,2017-04-11T23:59:58Z,5760,5760,0,14.999925,14.999706268,15.000001878,0.002881161,0,0,0,0,0.0,3.276586,17.46295,2.381507e-12,0.0002184391,0.001164196,False,0.001392,False
2017-04-12,RS03AXBS-MJ03A-06-PRESTA301,2,True,2017-04-12T00:00:13Z,2017-04-12T23:59:58Z,5760,5760,0,14.999925,14.999703884,15.00000094,-0.00029616,0,0,0,0,0.0,3.886361,20.406738,2.657524e-12,0.0002590907,0.001360449,False,0.001426,False
2017-04-13,RS03AXBS-MJ03A-06-PRESTA301,2,True,2017-04-13T00:00:13Z,2017-04-13T23:59:58Z,5760,5760,0,14.999925,14.999691963,15.000002657,-0.002770895,0,0,0,0,0.0,3.750877,19.380004,2.312344e-12,0.0002500584,0.001292,False,0.001332,False
2017-04-14,RS03AXBS-MJ03A-06-PRESTA301,2,True,2017-04-14T00:00:13Z,2017-04-14T23:59:58Z,5760,5760,0,14.999925,14.999658108,15.000002423,0.003156618,0,0,0,0,0.0,5.176534,26.131877,2.216073e-12,0.0003451022,0.001742125,False,0.0014,False
2017-04-15,RS03AXBS-MJ03A-06-PRESTA301,2,True,2017-04-15T00:00:13Z,2017-04-15T23:59:58Z,5760,5760,0,14.999925,14.999689102,15.000002251,0.000589073,0,0,0,0,0.0,4.006845,20.445874,2.347855e-12,0.000267123,0.001363058,False,0.00139,False
2017-04-16,RS03AXBS-MJ03A-06-PRESTA301,2,True,2017-04-16T00:00:13Z,2017-04-16T23:59:58Z,5760,5760,0,14.999925,14.999692917,15.000002374,0.002661021,0,0,0,0,0.0,3.455199,19.068447,2.02743e-12,0.0002303466,0.00127123,False,0.001375,False
2017-04-17,RS03AXBS-MJ03A-06-PRESTA301,2,True,2017-04-17T00:00:13Z,2017-04-17T23:59:58Z,5760,5760,0,14.999925,14.999692917,15.000002245,0.004011274,0,0,0,0,0.0,3.548559,20.369123,2.51418e-12,0.0002365705,0.001357941,False,0.001378,False
2017-04-18,RS03AXBS-MJ03A-06-PRESTA301,2,True,2017-04-18T00:00:13Z,2017-04-18T23:59:58Z,5760,5760,0,14.999925,14.999704838,15.000001973,-0.000476189,0,0,0,0,0.0,3.207038,17.200302,3.149567e-12,0.0002138025,0.001146687,False,0.001363,False
2017-04-19,RS03AXBS-MJ03A-06-PRESTA301,2,True,2017-04-19T00:00:13Z,2017-04-19T23:59:58Z,5760,5760,0,14.999925,14.999708176,15.00000249,0.003670062,0,0,0,0,0.0,3.206426,23.877523,1.011976e-12,0.0002137617,0.001591835,False,0.001692,False
2017-04-20,RS03AXBS-MJ03A-06-PRESTA301,2,True,2017-04-20T00:00:13Z,2017-04-20T23:59:58Z,5760,5760,0,14.999925,14.999678135,15.00000185,-0.001941551,0,0,0,0,0.0,3.246057,19.322603,2.903669e-12,0.0002164038,0.001288173,False,0.001408,False
2017-04-21,RS03AXBS-MJ03A-06-PRESTA301,2,True,2017-04-21T00:00:13Z,2017-04-21T23:59:58Z,5760,5760,0,14.999925,14.999712944,15.000002627,-0.000484745,0,0,0,0,0.0,3.390025,18.047598,2.069107e-12,0.0002260016,0.001203173,False,0.001341,False
2017-04-22,RS03AXBS-MJ03A-06-PRESTA301,2,True,2017-04-22T00:00:13Z,2017-04-22T23:59:58Z,5760,5760,0,14.999925,14.999704838,15.000002924,0.002947457,0,0,0,0,0.0,4.187429,21.091401,1.358397e-12,0.0002791619,0.001406093,False,0.001394,False
2017-04-23,RS03AXBS-MJ03A-06-PRESTA301,2,True,2017-04-23T00:00:13Z,2017-04-23T23:59:58Z,5760,5760,0,14.999925,14.999716282,14.999999429,0.002167049,0,0,0,0,0.0,3.892028,19.51283,1.514269e-12,0.0002594685,0.001300855,False,0.001587,False
2017-04-24,RS03AXBS-MJ03A-06-PRESTA301,2,True,2017-04-24T00:00:13Z,2017-04-24T23:59:58Z,5760,5760,0,14.999925,14.999683857,14.999999344,-0.00437768,0,0,0,0,0.0,3.377759,18.801939,3.853094e-13,0.000225184,0.001253463,False,0.001363,False
2017-04-25,RS03AXBS-MJ03A-06-PRESTA301,2,True,2017-04-25T00:00:13Z,2017-04-25T23:59:58Z,5760,5760,0,14.999925,14.999680042,15.000001295,-0.001172142,0,0,0,0,0.0,3.211171,20.520969,1.113355e-12,0.0002140781,0.001368065,False,0.001354,False
2017-04-26,RS03AXBS-MJ03A-06-PRESTA301,2,True,2017-04-26T00:00:13Z,2017-04-26T23:59:58Z,5760,5760,0,14.999925,14.999636173,15.000002477,0.000990896,0,0,0,0,0.0,3.350672,20.719181,1.580119e-12,0.0002233781,0.001381279,False,0.001359,False
2017-04-27,RS03AXBS-MJ03A-06-PRESTA301,2,True,2017-04-27T00:00:13Z,2017-04-27T23:59:58Z,5760,5760,0,14.999925,14.999664783,15.000002644,0.002827036,0,0,0,0,0.0,3.417014,19.011302,2.369502e-12,0.0002278009,0.00126742,False,0.00135,False
2017-04-28,RS03AXBS-MJ03A-06-PRESTA301,2,True,2017-04-28T00:00:13Z,2017-04-28T23:59:58Z,5760,5760,0,14.999925,14.999675751,15.000002532,-0.00279117,0,0,0,0,0.0,3.189469,18.661099,1.637221e-12,0.0002126312,0.001244073,False,0.001393,False
2017-04-29,RS03AXBS-MJ03A-06-PRESTA301,2,True,2017-04-29T00:00:13Z,2017-04-29T23:59:58Z,5760,5760,0,14.999925,14.999655724,15.000002444,-0.00379849,0,0,0,0,0.0,4.57351,22.275314,2.180718e-12,0.0003049006,0.001485021,False,0.001369,False
2017-04-30,RS03AXBS-MJ03A-06-PRESTA301,2,True,2017-04-30T00:00:13Z,2017-04-30T23:59:58Z,5760,5760,0,14.999925,14.999670029,15.000004245,-0.001581212,0,0,0,0,0.0,5.013164,23.325707,5.511068e-13,0.0003342108,0.001555047,False,0.001258,False
2017-05-01,RS03AXBS-MJ03A-06-PRESTA301,2,True,2017-05-01T00:00:13Z,2017-05-01T23:59:58Z,5760,5760,0,14.999925,14.999671936,15.000002542,-0.004703173,0,0,0,0,0.0,4.104331,20.190493,1.391355e-12,0.000273622,0.001346033,False,0.001772,False
2017-05-02,RS03AXBS-MJ03A-06-PRESTA301,2,True,2017-05-02T00:00:13Z,2017-05-02T23:59:58Z,5760,5760,0,14.999925,14.999688148,15.000001747,-0.001468137,0,0,0,0,0.0,3.288691,24.174702,3.127493e-12,0.000219246,0.001611647,False,0.001668,False
2017-05-03,RS03AXBS-MJ03A-06-PRESTA301,2,True,2017-05-03T00:00:13Z,2017-05-03T23:59:58Z,5760,5760,0,14.999925,14.999676704,15.000002384,-0.003091628,0,0,0,0,0.0,3.709675,21.609603,2.487141e-12,0.0002473116,0.00144064,False,0.001357,False
2017-05-04,RS03AXBS-MJ03A-06-PRESTA301,2,True,2017-05-04T00:00:13Z,2017-05-04T23:59:58Z,5760,5760,0,14.999925,14.999692917,15.000001991,0.006233086,0,0,0,0,0.0,3.477678,22.109775,2.697436e-12,0.0002318452,0.001473985,False,0.00139,False
2017-05-05,RS03AXBS-MJ03A-06-PRESTA301,2,True,2017-05-05T00:00:13Z,2017-05-05T23:59:58Z,5760,5760,0,14.999925,14.999671936,15.00000247,0.000293982,0,0,0,0,0.0,3.114208,18.256511,1.57891e-12,0.0002076138,0.001217101,False,0.001387,False
2017-05-06,RS03AXBS-MJ03A-06-PRESTA301,2,True,2017-05-06T00:00:13Z,2017-05-06T23:59:58Z,5760,5760,0,14.999925,14.999713898,15.000002532,-0.002023062,0,0,0,0,0.0,3.533801,19.384764,2.182647e-12,0.0002355867,0.001292317,False,0.00137,False
2017-05-07,RS03AXBS-MJ03A-06-PRESTA301,2,True,2017-05-07T00:00:13Z,2017-05-07T23:59:58Z,5760,5760,0,14.999925,14.99971199,15.000001895,0.004891476,0,0,0,0,0.0,5.11812,24.492222,3.034544e-12,0.000341208,0.001632815,False,0.001389,False
2017-05-08,RS03AXBS-MJ03A-06-PRESTA301,2,True,2017-05-08T00:00:13Z,2017-05-08T23:59:58Z,5760,5760,0,14.999925,14.999714851,15.000001032,-0.004570303,0,0,0,0,0.0,4.142112,20.925254,8.77704e-13,0.0002761408,0.001395017,False,0.001364,False
2017-05-09,RS03AXBS-MJ03A-06-PRESTA301,2,True,2017-05-09T00:00:13Z,2017-05-09T23:59:58Z,5760,5760,0,14.999925,14.999691963,14.999998708,-0.000800929,0,0,0,0,0.0,3.862547,18.874255,3.090154e-12,0.0002575032,0.001258284,False,0.00129,False
2017-05-10,RS03AXBS-MJ03A-06-PRESTA301,2,True,2017-05-10T00:00:13Z,2017-05-10T23:59:58Z,5760,5760,0,14.999925,14.999692917,15.000001797,-0.007473291,0,0,0,0,0.0,3.784643,20.665899,1.69981e-12,0.0002523095,0.001377726,False,0.001419,False
2017-05-11,RS03AXBS-MJ03A-06-PRESTA301,2,True,2017-05-11T00:00:13Z,2017-05-11T23:59:58Z,5760,5760,0,14.999925,14.99972105,15.000001799,0.001226883,0,0,0,0,0.0,3.484797,18.111751,1.866277e-12,0.0002323198,0.00120745,False,0.001615,False
2017-05-12,RS03AXBS-MJ03A-06-PRESTA301,2,True,2017-05-12T00:00:13Z,2017-05-12T23:59:58Z,5760,5760,0,14.999925,14.999680042,15.000001762,-0.001085123,0,0,0,0,0.0,3.423096,18.259613,2.177445e-12,0.0002282064,0.001217307,False,0.00136,False
2017-05-13,RS03AXBS-MJ03A-06-PRESTA301,2,True,2017-05-13T00:00:13Z,2017-05-13T23:59:58Z,5760,5760,0,14.999925,14.999678135,15.000002916,0.002213194,0,0,0,0,0.0,3.205796,21.383764,2.970165e-12,0.0002137197,0.001425584,False,0.001823,False
2017-05-14,RS03AXBS-MJ03A-06-PRESTA301,2,True,2017-05-14T00:00:13Z,2017-05-14T23:59:58Z,5760,5760,0,14.999925,14.999701977,15.000002079,-0.00345914,0,0,0,0,0.0,3.260747,20.566145,2.894477e-12,0.0002173831,0.001371076,False,0.00137,False
2017-05-15,RS03AXBS-MJ03A-06-PRESTA301,2,True,2017-05-15T00:00:13Z,2017-05-15T23:59:58Z,5760,5760,0,14.999925,14.999698162,15.000002298,-0.003511499,0,0,0,0,0.0,3.223626,17.476312,2.004259e-12,0.0002149084,0.001165087,False,0.001357,False
2017-05-16,RS03AXBS-MJ03A-06-PRESTA301,2,True,2017-05-16T00:00:13Z,2017-05-16T23:59:58Z,5760,5760,0,14.999925,14.999701023,15.000001038,-0.000248894,0,0,0,0,0.0,4.022874,19.736346,1.176961e-12,0.0002681916,0.001315756,False,0.001343,False
2017-05-17,RS03AXBS-MJ03A-06-PRESTA301,2,True,2017-05-17T00:00:13Z,2017-05-17T23:59:58Z,5760,5760,0,14.999925,14.999701023,15.000002288,0.000632513,0,0,0,0,0.0,3.207433,17.099988,2.023004e-12,0.0002138289,0.001139999,False,0.001344,False
2017-05-18,RS03AXBS-MJ03A-06-PRESTA301,2,True,2017-05-18T00:00:13Z,2017-05-18T23:59:58Z,5760,5760,0,14.999925,14.999707222,15.000002273,0.000224236,0,0,0,0,0.0,3.060297,17.845302,1.255508e-12,0.0002040198,0.001189687,False,0.001535,False
2017-05-19,RS03AXBS-MJ03A-06-PRESTA301,2,True,2017-05-19T00:00:13Z,2017-05-19T23:59:58Z,5757,5760,3,14.999925,14.999736071,15.00000241,0.002517103,2,3,2,3,-0.0,3.11363,17.1557,-1.260481e-12,0.0002075753,0.001143713,False,0.001567,True
2017-05-20,RS03AXBS-MJ03A-06-PRESTA301,2,True,2017-05-20T00:00:13Z,2017-05-20T23:59:58Z,5752,5760,8,14.999925,14.999698639,15.000002219,0.0001921,5,8,5,8,0.0,3.045675,17.083752,3.160646e-13,0.000203045,0.001138917,False,0.00133,True
2017-05-21,RS03AXBS-MJ03A-06-PRESTA301,2,True,2017-05-21T00:00:13Z,2017-05-21T23:59:58Z,5760,5760,0,14.999925,14.999678612,15.000002238,-0.003601377,0,0,0,0,0.0,3.721613,23.430427,2.059226e-12,0.0002481075,0.001562028,False,0.001682,False
2017-05-22,RS03AXBS-MJ03A-06-PRESTA301,2,True,2017-05-22T00:00:13Z,2017-05-22T23:59:58Z,5760,5760,0,14.999925,14.999651909,15.000000631,-0.002107705,0,0,0,0,0.0,3.277209,18.197178,6.669864e-14,0.0002184806,0.001213145,False,0.001377,False
2017-05-23,RS03AXBS-MJ03A-06-PRESTA301,2,True,2017-05-23T00:00:13Z,2017-05-23T23:59:58Z,5760,5760,0,14.999925,14.999675274,15.000001661,0.000520207,0,0,0,0,0.0,3.33763,18.290813,2.635505e-12,0.0002225086,0.001219387,False,0.001292,False
2017-05-24,RS03AXBS-MJ03A-06-PRESTA301,2,True,2017-05-24T00:00:13Z,2017-05-24T23:59:58Z,5760,5760,0,14.999925,14.999684334,15.000001846,0.001111247,0,0,0,0,0.0,3.172305,21.347355,6.147893e-13,0.000211487,0.001423157,False,0.001551,False
2017-05-25,RS03AXBS-MJ03A-06-PRESTA301,2,True,2017-05-25T00:00:13Z,2017-05-25T23:59:58Z,5760,5760,0,14.999925,14.999637127,15.000002171,-0.001199948,0,0,0,0,0.0,3.82829,20.590737,1.683669e-12,0.0002552193,0.001372716,False,0.001382,False
2017-05-26,RS03AXBS-MJ03A-06-PRESTA301,2,True,2017-05-26T00:00:13Z,2017-05-26T23:59:58Z,5695,5760,65,14.999925,14.999631882,15.000002098,-0.003037064,1,65,1,65,-0.0,3.443408,17.819535,-6.596371e-14,0.0002295605,0.001187969,False,0.001652,True
2017-05-27,RS03AXBS-MJ03A-06-PRESTA301,2,True,2017-05-27T00:00:13Z,2017-05-27T23:59:58Z,5760,5760,0,14.999925,14.99962616,15.000002388,-0.001764607,0,0,0,0,0.0,3.049473,19.597781,2.990711e-12,0.0002032982,0.001306519,False,0.001455,False
2017-05-28,RS03AXBS-MJ03A-06-PRESTA301,2,True,2017-05-28T00:00:13Z,2017-05-28T23:59:58Z,5760,5760,0,14.999925,14.999649048,15.00000242,0.0066986,0,0,0,0,0.0,3.097204,20.630635,8.47566e-13,0.0002064802,0.001375375,False,0.001363,False
2017-05-29,RS03AXBS-MJ03A-06-PRESTA301,2,True,2017-05-29T00:00:13Z,2017-05-29T23:59:58Z,5760,5760,0,14.999925,14.999677658,15.000002701,0.00226796,0,0,0,0,0.0,3.977237,19.24535,1.80493e-12,0.0002651491,0.001283023,False,0.001324,False
2017-05-30,RS03AXBS-MJ03A-06-PRESTA301,2,True,2017-05-30T00:00:13Z,2017-05-30T23:59:58Z,5760,5760,0,14.999925,14.999651909,15.000002329,0.002755748,0,0,0,0,0.0,3.301793,18.026778,2.738703e-12,0.0002201195,0.001201785,False,0.00133,False
2017-05-31,RS03AXBS-MJ03A-06-PRESTA301,2,True,2017-05-31T00:00:13Z,2017-05-31T23:59:58Z,5760,5760,0,14.999925,14.999691963,15.000002399,0.003399115,0,0,0,0,0.0,3.237087,21.649163,1.638667e-12,0.0002158058,0.001443277,False,0.001763,False
2017-06-01,RS03AXBS-MJ03A-06-PRESTA301,2,True,2017-06-01T00:00:13Z,2017-06-01T23:59:58Z,5760,5760,0,14.999925,14.999679089,15.00000151,-0.000682057,0,0,0,0,0.0,3.196576,17.366699,1.733003e-12,0.000213105,0.00115778,False,0.00132,False
2017-06-02,RS03AXBS-MJ03A-06-PRESTA301,2,True,2017-06-02T00:00:13Z,2017-06-02T23:59:58Z,5760,5760,0,14.999925,14.999701023,15.000002009,0.006395879,0,0,0,0,0.0,3.338952,20.043039,1.818584e-12,0.0002225968,0.001336202,False,0.001364,False
2017-06-03,RS03AXBS-MJ03A-06-PRESTA301,2,True,2017-06-03T00:00:13Z,2017-06-03T23:59:58Z,5760,5760,0,14.999925,14.999726772,15.000002341,0.006584991,0,0,0,0,0.0,4.058557,20.296622,2.050657e-12,0.0002705704,0.001353108,False,0.001561,False
2017-06-04,RS03AXBS-MJ03A-06-PRESTA301,2,True,2017-06-04T00:00:13Z,2017-06-04T23:59:58Z,5760,5760,0,14.999925,14.999722958,15.000001852,-0.000277698,0,0,0,0,0.0,3.11017,17.236506,1.311396e-12,0.0002073446,0.0011491,False,0.001326,False
2017-06-05,RS03AXBS-MJ03A-06-PRESTA301,2,True,2017-06-05T00:00:13Z,2017-06-05T23:59:58Z,5760,5760,0,14.999925,14.999723911,15.000002981,-0.001665564,0,0,0,0,0.0,3.403509,18.21312,2.684101e-12,0.0002269005,0.001214208,False,0.001366,False
2017-06-06,RS03AXBS-MJ03A-06-PRESTA301,2,True,2017-06-06T00:00:13Z,2017-06-06T23:59:58Z,5760,5760,0,14.999925,14.999675751,15.000002694,-0.00289924,0,0,0,0,0.0,3.483796,24.438557,3.037728e-12,0.000232253,0.001629237,False,0.001339,False
2017-06-07,RS03AXBS-MJ03A-06-PRESTA301,2,True,2017-06-07T00:00:13Z,2017-06-07T23:59:58Z,5758,5760,2,14.999925,14.999664783,15.000002375,0.000305629,1,2,1,2,-0.0,3.771922,20.353999,-4.599934e-13,0.0002514614,0.001356933,False,0.001366,True
2017-06-08,RS03AXBS-MJ03A-06-PRESTA301,2,True,2017-06-08T00:00:13Z,2017-06-08T23:59:59Z,5760,5760,0,14.999925,14.999653816,15.000002259,-0.000655625,0,0,0,0,0.0,32.509538,1002.364558,2.120058e-12,0.002167302,0.06682429,False,0.066725,False
2017-06-09,RS03AXBS-MJ03A-06-PRESTA301,2,True,2017-06-09T00:00:14Z,2017-06-09T23:59:59Z,5760,5760,0,14.999925,14.999676704,15.000002298,-0.002401237,0,0,0,0,0.0,3.58655,22.353831,2.636033e-12,0.0002391033,0.001490255,False,0.001385,False
2017-06-10,RS03AXBS-MJ03A-06-PRESTA301,2,True,2017-06-10T00:00:14Z,2017-06-10T23:59:59Z,5760,5760,0,14.999925,14.99966526,15.000001918,0.007838618,0,0,0,0,0.0,3.931326,21.570509,2.770521e-12,0.0002620884,0.001438034,False,0.001501,False
2017-06-11,RS03AXBS-MJ03A-06-PRESTA301,2,True,2017-06-11T00:00:14Z,2017-06-11T23:59:59Z,5760,5760,0,14.999925,14.999684811,15.000002712,-0.001188938,0,0,0,0,0.0,3.462834,20.611997,1.65649e-12,0.0002308556,0.001374133,False,0.001338,False
2017-06-12,RS03AXBS-MJ03A-06-PRESTA301,2,True,2017-06-12T00:00:14Z,2017-06-12T23:59:59Z,5760,5760,0,14.999925,14.999692917,15.000002304,-0.001571447,0,0,0,0,0.0,3.26449,17.554775,1.944549e-12,0.0002176326,0.001170318,False,0.001396,False
2017-06-13,RS03AXBS-MJ03A-06-PRESTA301,2,True,2017-06-13T00:00:14Z,2017-06-13T23:59:59Z,5760,5760,0,14.999925,14.999699116,15.000002355,-0.007005111,0,0,0,0,0.0,3.517349,19.655094,2.180071e-12,0.0002344899,0.001310339,False,0.001344,False
2017-06-14,RS03AXBS-MJ03A-06-PRESTA301,2,True,2017-06-14T00:00:14Z,2017-06-14T23:59:59Z,5760,5760,0,14.999925,14.999691963,15.000001912,0.001394094,0,0,0,0,0.0,3.209171,23.2075,4.3738e-12,0.0002139447,0.001547166,False,0.001368,False
2017-06-15,RS03AXBS-MJ03A-06-PRESTA301,2,True,2017-06-15T00:00:14Z,2017-06-15T23:59:59Z,5760,5760,0,14.999925,14.999664783,15.000002067,0.002274864,0,0,0,0,0.0,3.159073,21.258213,1.549442e-12,0.0002106048,0.001417214,False,0.001393,False
2017-06-16,RS03AXBS-MJ03A-06-PRESTA301,2,True,2017-06-16T00:00:14Z,2017-06-16T23:59:59Z,5760,5760,0,14.999925,14.999699593,15.000001971,0.00029959,0,0,0,0,0.0,3.451621,18.815858,3.337544e-12,0.000230108,0.00125439,False,0.001331,False
2017-06-17,RS03AXBS-MJ03A-06-PRESTA301,2,True,2017-06-17T00:00:14Z,2017-06-17T23:59:59Z,5760,5760,0,14.999925,14.999692917,15.000001889,-0.0025431,0,0,0,0,0.0,4.06622,20.572845,2.580291e-12,0.0002710813,0.001371523,False,0.001367,False
2017-06-18,RS03AXBS-MJ03A-06-PRESTA301,2,True,2017-06-18T00:00:14Z,2017-06-18T23:59:59Z,5760,5760,0,14.999925,14.999742031,15.000002434,0.000638326,0,0,0,0,0.0,3.260603,21.353652,1.121069e-12,0.0002173735,0.001423577,False,0.001551,False
2017-06-19,RS03AXBS-MJ03A-06-PRESTA301,2,True,2017-06-19T00:00:14Z,2017-06-19T23:59:59Z,5760,5760,0,14.999925,14.999668121,15.000002119,0.000268647,0,0,0,0,0.0,3.400698,18.537705,1.520203e-12,0.0002267132,0.001235847,False,0.001321,False
2017-06-20,RS03AXBS-MJ03A-06-PRESTA301,2,True,2017-06-20T00:00:14Z,2017-06-20T23:59:59Z,5760,5760,0,14.999925,14.99971962,15.000001938,0.002041376,0,0,0,0,0.0,3.196418,21.186171,3.952191e-13,0.0002130945,0.001412411,False,0.001391,False
2017-06-21,RS03AXBS-MJ03A-06-PRESTA301,2,True,2017-06-21T00:00:14Z,2017-06-21T23:59:59Z,5760,5760,0,14.999925,14.999707699,15.000001983,0.00233796,0,0,0,0,0.0,3.56144,25.659709,1.140318e-12,0.0002374293,0.001710647,False,0.001429,False
2017-06-22,RS03AXBS-MJ03A-06-PRESTA301,2,True,2017-06-22T00:00:14Z,2017-06-22T23:59:59Z,5760,5760,0,14.999925,14.999650955,15.000002904,0.001350077,0,0,0,0,0.0,3.902739,18.335811,2.699819e-12,0.0002601826,0.001222387,False,0.001392,False
2017-06-23,RS03AXBS-MJ03A-06-PRESTA301,2,True,2017-06-23T00:00:14Z,2017-06-23T23:59:59Z,5760,5760,0,14.999925,14.999638081,15.000002248,-0.000763662,0,0,0,0,0.0,3.543916,20.53292,1.935476e-12,0.000236261,0.001368861,False,0.001506,False
2017-06-24,RS03AXBS-MJ03A-06-PRESTA301,2,True,2017-06-24T00:00:14Z,2017-06-24T23:59:59Z,5760,5760,0,14.999925,14.99962616,15.000002566,-0.00100107,0,0,0,0,0.0,3.245785,17.89875,2.247676e-12,0.0002163856,0.00119325,False,0.001373,False
2017-06-25,RS03AXBS-MJ03A-06-PRESTA301,2,True,2017-06-25T00:00:14Z,2017-06-25T23:59:59Z,5760,5760,0,14.999925,14.999614716,15.000001621,-0.003571567,0,0,0,0,0.0,3.548922,18.828096,2.066137e-12,0.0002365947,0.001255206,False,0.001348,False
2017-06-26,RS03AXBS-MJ03A-06-PRESTA301,2,True,2017-06-26T00:00:14Z,2017-06-26T23:59:59Z,5760,5760,0,14.999925,14.999593258,15.00000258,0.000392454,0,0,0,0,0.0,3.748984,20.471909,2.478385e-12,0.0002499322,0.001364794,False,0.001443,False
2017-06-27,RS03AXBS-MJ03A-06-PRESTA301,2,True,2017-06-27T00:00:14Z,2017-06-27T23:59:59Z,5760,5760,0,14.999925,14.999629974,15.000002262,0.000696043,0,0,0,0,0.0,3.51678,19.133807,2.803537e-12,0.000234452,0.001275587,False,0.001374,False
2017-06-28,RS03AXBS-MJ03A-06-PRESTA301,2,True,2017-06-28T00:00:14Z,2017-06-28T23:59:59Z,5760,5760,0,14.999925,14.999646187,15.000002394,-0.000193691,0,0,0,0,0.0,3.139202,17.738139,2.111689e-12,0.0002092801,0.001182542,False,0.001402,False
2017-06-29,RS03AXBS-MJ03A-06-PRESTA301,2,True,2017-06-29T00:00:14Z,2017-06-29T23:59:59Z,5760,5760,0,14.999925,14.999659061,15.000002854,0.002645682,0,0,0,0,0.0,4.456361,24.248519,2.063518e-12,0.0002970907,0.001616568,False,0.001369,False
2017-06-30,RS03AXBS-MJ03A-06-PRESTA301,2,True,2017-06-30T00:00:14Z,2017-06-30T23:59:59Z,5760,5760,0,14.999925,14.99972105,15.000002013,0.000315396,0,0,0,0,0.0,3.718555,20.995462,1.442277e-12,0.0002479036,0.001399697,False,0.001368,False
2017-07-01,RS03AXBS-MJ03A-06-PRESTA301,2,True,2017-07-01T00:00:14Z,2017-07-01T23:59:59Z,5760,5760,0,14.999925,14.999723911,15.000002452,0.002985645,0,0,0,0,0.0,3.400472,18.357472,1.74804e-12,0.0002266981,0.001223831,False,0.001368,False
2017-07-02,RS03AXBS-MJ03A-06-PRESTA301,2,True,2017-07-02T00:00:14Z,2017-07-02T23:59:59Z,5760,5760,0,14.999925,14.999696732,15.000002067,-0.002293879,0,0,0,0,0.0,3.276823,19.029568,2.02177e-12,0.0002184548,0.001268638,False,0.001372,False
2017-07-03,RS03AXBS-MJ03A-06-PRESTA301,2,True,2017-07-03T00:00:14Z,2017-07-03T23:59:59Z,5760,5760,0,14.999925,14.999701977,15.000001459,0.00206447,0,0,0,0,0.0,3.741552,22.133882,2.089227e-12,0.0002494367,0.001475592,False,0.001703,False
2017-07-04,RS03AXBS-MJ03A-06-PRESTA301,2,True,2017-07-04T00:00:14Z,2017-07-04T23:59:59Z,5760,5760,0,14.999925,14.999693871,15.000002001,-0.003222857,0,0,0,0,0.0,3.244498,18.234002,1.542073e-12,0.0002162998,0.0012156,False,0.001355,False
2017-07-05,RS03AXBS-MJ03A-06-PRESTA301,2,True,2017-07-05T00:00:14Z,2017-07-05T23:59:59Z,5760,5760,0,14.999925,14.999684811,15.000002181,-0.013055068,0,0,0,0,0.0,3.144676,18.486997,1.065459e-12,0.000209645,0.001232466,False,0.001378,False
2017-07-06,RS03AXBS-MJ03A-06-PRESTA301,2,True,2017-07-06T00:00:14Z,2017-07-06T23:59:59Z,5760,5760,0,14.999925,14.999680042,15.000002608,0.003493698,0,0,0,0,0.0,3.134897,23.330459,1.818806e-12,0.0002089931,0.001555364,False,0.001491,False
2017-07-07,RS03AXBS-MJ03A-06-PRESTA301,2,True,2017-07-07T00:00:14Z,2017-07-07T23:59:59Z,5751,5760,9,14.999925,14.999694824,15.000001911,0.002954614,1,9,1,9,-0.0,3.861837,20.832775,-9.066477e-13,0.0002574557,0.001388851,False,0.001373,True
2017-07-08,RS03AXBS-MJ03A-06-PRESTA301,2,True,2017-07-08T00:00:14Z,2017-07-08T23:59:59Z,5760,5760,0,14.999925,14.999676228,15.000002376,0.001241864,0,0,0,0,0.0,3.28365,18.755438,3.090825e-12,0.00021891,0.001250362,False,0.00136,False
2017-07-09,RS03AXBS-MJ03A-06-PRESTA301,2,True,2017-07-09T00:00:14Z,2017-07-09T23:59:59Z,5760,5760,0,14.999925,14.999652863,15.000002306,0.003038268,0,0,0,0,0.0,3.308688,17.251615,2.558639e-12,0.0002205791,0.001150107,False,0.001589,False
2017-07-10,RS03AXBS-MJ03A-06-PRESTA301,2,True,2017-07-10T00:00:14Z,2017-07-10T23:59:59Z,5760,5760,0,14.999925,14.999651909,15.000002632,0.003722978,0,0,0,0,0.0,4.266771,19.456427,5.680181e-13,0.0002844513,0.001297095,False,0.001386,False
2017-07-11,RS03AXBS-MJ03A-06-PRESTA301,2,True,2017-07-11T00:00:14Z,2017-07-11T23:59:59Z,5760,5760,0,14.999925,14.999682903,15.000002319,0.002477086,0,0,0,0,0.0,3.340044,24.902385,1.668791e-12,0.0002226696,0.001660159,False,0.001635,False
2017-07-12,RS03AXBS-MJ03A-06-PRESTA301,2,True,2017-07-12T00:00:14Z,2017-07-12T23:59:59Z,5760,5760,0,14.999925,14.999650955,15.000002369,-0.001408889,0,0,0,0,0.0,3.19139,23.121895,2.533996e-12,0.0002127593,0.001541459,False,0.001503,False
2017-07-13,RS03AXBS-MJ03A-06-PRESTA301,2,True,2017-07-13T00:00:14Z,2017-07-13T23:59:59Z,5760,5760,0,14.999925,14.99967432,15.000002425,9.9989e-05,0,0,0,0,0.0,3.21991,17.260327,2.491307e-12,0.0002146606,0.001150688,False,0.001356,False
2017-07-14,RS03AXBS-MJ03A-06-PRESTA301,2,True,2017-07-14T00:00:14Z,2017-07-14T23:59:59Z,5760,5760,0,14.999925,14.999701023,15.000002814,0.004298756,0,0,0,0,0.0,3.34951,18.306342,2.134322e-12,0.0002233006,0.001220423,False,0.001376,False
2017-07-15,RS03AXBS-MJ03A-06-PRESTA301,2,True,2017-07-15T00:00:14Z,2017-07-15T23:59:59Z,5760,5760,0,14.999925,14.999695301,15.000002027,-0.003838139,0,0,0,0,0.0,3.267569,21.116455,8.454034e-13,0.0002178379,0.001407763,False,0.001352,False
2017-07-16,RS03AXBS-MJ03A-06-PRESTA301,2,True,2017-07-16T00:00:14Z,2017-07-16T23:59:59Z,5760,5760,0,14.999925,14.999715805,15.000002477,-0.000953971,0,0,0,0,0.0,3.395508,18.746074,2.241528e-12,0.0002263672,0.001249738,False,0.001366,False
2017-07-17,RS03AXBS-MJ03A-06-PRESTA301,2,True,2017-07-17T00:00:14Z,2017-07-17T23:59:59Z,5760,5760,0,14.999925,14.999698162,15.000001775,-0.010577091,0,0,0,0,0.0,4.65895,22.660336,2.575228e-12,0.0003105967,0.001510689,False,0.001409,False
2017-07-18,RS03AXBS-MJ03A-06-PRESTA301,2,True,2017-07-18T00:00:14Z,2017-07-18T23:59:59Z,5760,5760,0,14.999925,14.999677658,15.000002877,-0.004576927,0,0,0,0,0.0,4.152069,24.869334,1.564926e-12,0.0002768046,0.001657955,False,0.001369,False
2017-07-19,RS03AXBS-MJ03A-06-PRESTA301,2,True,2017-07-19T00:00:14Z,2017-07-19T23:59:59Z,5760,5760,0,14.999925,14.999691963,15.00000245,-0.00457059,0,0,0,0,0.0,3.18985,17.120292,1.294095e-12,0.0002126567,0.001141353,False,0.001357,False
2017-07-20,RS03AXBS-MJ03A-06-PRESTA301,2,True,2017-07-20T00:00:14Z,2017-07-20T23:59:59Z,5760,5760,0,14.999925,14.999650002,15.000002282,-0.001692107,0,0,0,0,0.0,3.225379,18.349331,1.557847e-12,0.0002150252,0.001223289,False,0.001384,False
2017-07-21,RS03AXBS-MJ03A-06-PRESTA301,2,True,2017-07-21T00:00:14Z,2017-07-21T23:59:59Z,5760,5760,0,14.999925,14.999664783,15.000002116,0.001066528,0,0,0,0,0.0,3.701554,19.274249,2.095921e-12,0.0002467702,0.00128495,False,0.001464,False
2017-07-22,RS03AXBS-MJ03A-06-PRESTA301,2,True,2017-07-22T00:00:14Z,2017-07-22T23:59:59Z,5760,5760,0,14.999925,14.99959898,15.000002164,0.002380027,0,0,0,0,0.0,3.562007,18.627577,3.502782e-12,0.0002374671,0.001241838,False,0.001335,False
2017-07-23,RS03AXBS-MJ03A-06-PRESTA301,2,True,2017-07-23T00:00:14Z,2017-07-23T23:59:59Z,5760,5760,0,14.999925,14.999601841,15.000002147,-0.002418578,0,0,0,0,0.0,3.145507,20.09136,1.92221e-12,0.0002097004,0.001339424,False,0.001348,False
2017-07-24,RS03AXBS-MJ03A-06-PRESTA301,2,True,2017-07-24T00:00:14Z,2017-07-24T23:59:59Z,5760,5760,0,14.999925,14.999670029,15.000002443,0.005245206,0,0,0,0,0.0,3.127232,17.91384,9.436359e-13,0.0002084821,0.001194256,False,0.001375,False
2017-07-25,RS03AXBS-MJ03A-06-PRESTA301,2,True,2017-07-25T00:00:14Z,2017-07-25T23:59:59Z,5760,5760,0,14.999925,14.999680996,15.000002158,-0.00011004,0,0,0,0,0.0,3.22372,21.883406,2.54862e-12,0.0002149146,0.001458894,False,0.001376,False
2017-07-26,RS03AXBS-MJ03A-06-PRESTA301,2,True,2017-07-26T00:00:14Z,2017-07-26T23:59:59Z,5760,5760,0,14.999925,14.999651909,15.000002162,-0.001435032,0,0,0,0,0.0,3.202136,21.562143,5.69521e-13,0.0002134757,0.001437476,False,0.001523,False
2017-07-27,RS03AXBS-MJ03A-06-PRESTA301,2,True,2017-07-27T00:00:14Z,2017-07-27T23:59:59Z,5760,5760,0,14.999925,14.999670982,15.000002409,0.001811837,0,0,0,0,0.0,3.149662,17.136162,1.075333e-12,0.0002099774,0.001142411,False,0.001349,False
2017-07-28,RS03AXBS-MJ03A-06-PRESTA301,2,True,2017-07-28T00:00:14Z,2017-07-28T23:59:59Z,5758,5760,2,14.999925,14.999660015,15.000002203,0.003302571,1,2,1,2,-0.0,3.126078,20.936487,-1.379533e-12,0.0002084052,0.001395766,False,0.001409,True
2017-07-29,RS03AXBS-MJ03A-06-PRESTA301,2,True,2017-07-29T00:00:14Z,2017-07-29T23:59:59Z,5760,5760,0,14.999925,14.999697685,15.000002688,-0.015898197,0,0,0,0,0.0,3.213367,24.088568,2.799568e-12,0.0002142244,0.001605904,False,0.001725,False
2017-07-30,RS03AXBS-MJ03A-06-PRESTA301,2,True,2017-07-30T00:00:14Z,2017-07-30T23:59:59Z,5760,5760,0,14.999925,14.999682903,15.000001884,3.1513e-05,0,0,0,0,0.0,3.203407,18.591953,3.344214e-12,0.0002135604,0.001239463,False,0.001378,False
2017-07-31,RS03AXBS-MJ03A-06-PRESTA301,2,True,2017-07-31T00:00:14Z,2017-07-31T23:59:59Z,5760,5760,0,14.999925,14.999680042,15.000002466,0.003059623,0,0,0,0,0.0,3.490621,20.518168,1.456419e-12,0.000232708,0.001367878,False,0.001398,False
2017-08-01,RS03AXBS-MJ03A-06-PRESTA301,2,True,2017-08-01T00:00:14Z,2017-08-01T23:59:59Z,5760,5760,0,14.999925,14.999676704,15.000003157,0.004284266,0,0,0,0,0.0,3.585197,20.708242,2.690558e-12,0.0002390131,0.001380549,False,0.001381,False
2017-08-02,RS03AXBS-MJ03A-06-PRESTA301,2,True,2017-08-02T00:00:14Z,2017-08-02T23:59:59Z,5760,5760,0,14.999925,14.999689102,15.000002147,-0.002789459,0,0,0,0,0.0,3.293705,17.413727,2.52555e-12,0.0002195803,0.001160915,False,0.001365,False
2017-08-03,RS03AXBS-MJ03A-06-PRESTA301,2,True,2017-08-03T00:00:14Z,2017-08-03T23:59:59Z,5760,5760,0,14.999925,14.999690056,15.000002724,-0.000594433,0,0,0,0,0.0,3.452752,21.178599,4.224474e-12,0.0002301834,0.001411906,False,0.001362,False
2017-08-04,RS03AXBS-MJ03A-06-PRESTA301,2,True,2017-08-04T00:00:14Z,2017-08-04T23:59:59Z,5760,5760,0,14.999925,14.999670982,15.000002285,-0.003005084,0,0,0,0,0.0,3.293906,21.687384,5.818384e-13,0.0002195937,0.001445825,False,0.001386,False
2017-08-05,RS03AXBS-MJ03A-06-PRESTA301,2,True,2017-08-05T00:00:14Z,2017-08-05T23:59:59Z,5760,5760,0,14.999925,14.9996562,15.000003576,-0.001980464,0,0,0,0,0.0,3.690129,19.764353,2.02127e-12,0.0002460085,0.001317623,False,0.001374,False
2017-08-06,RS03AXBS-MJ03A-06-PRESTA301,2,True,2017-08-06T00:00:14Z,2017-08-06T23:59:59Z,5760,5760,0,14.999925,14.99968338,15.000002657,-0.004951387,0,0,0,0,0.0,3.894141,23.398703,3.056595e-12,0.0002596093,0.001559913,False,0.001396,False
2017-08-07,RS03AXBS-MJ03A-06-PRESTA301,2,True,2017-08-07T00:00:14Z,2017-08-07T23:59:59Z,5760,5760,0,14.999925,14.999661922,15.000002345,0.002999879,0,0,0,0,0.0,3.344629,18.516931,5.050814e-13,0.0002229752,0.001234462,False,0.001343,False
2017-08-08,RS03AXBS-MJ03A-06-PRESTA301,2,True,2017-08-08T00:00:14Z,2017-08-08T23:59:59Z,5760,5760,0,14.999925,14.999643803,15.000002628,-0.001364227,0,0,0,0,0.0,3.567153,19.504741,2.03038e-12,0.0002378102,0.001300316,False,0.00128,False
2017-08-09,RS03AXBS-MJ03A-06-PRESTA301,2,True,2017-08-09T00:00:14Z,2017-08-09T23:59:59Z,5758,5760,2,14.999925,14.999611378,15.000002502,0.000289293,1,2,1,2,-0.0,3.30224,22.458029,-4.597863e-13,0.0002201493,0.001497202,False,0.001374,True
2017-08-10,RS03AXBS-MJ03A-06-PRESTA301,2,True,2017-08-10T00:00:14Z,2017-08-10T23:59:59Z,5760,5760,0,14.999925,14.999660969,15.000001997,0.002793165,0,0,0,0,0.0,3.367076,20.437471,2.687838e-12,0.0002244717,0.001362498,False,0.001335,False
2017-08-11,RS03AXBS-MJ03A-06-PRESTA301,2,True,2017-08-11T00:00:14Z,2017-08-11T23:59:59Z,5760,5760,0,14.999925,14.999698162,15.000002412,-0.000882921,0,0,0,0,0.0,3.111114,17.347159,2.043066e-12,0.0002074076,0.001156477,False,0.001367,False
2017-08-12,RS03AXBS-MJ03A-06-PRESTA301,2,True,2017-08-12T00:00:14Z,2017-08-12T23:59:59Z,5760,5760,0,14.999925,14.99968338,15.000002499,-0.001867751,0,0,0,0,0.0,3.46305,18.855392,3.172866e-12,0.00023087,0.001257026,False,0.001382,False
2017-08-13,RS03AXBS-MJ03A-06-PRESTA301,2,True,2017-08-13T00:00:14Z,2017-08-13T23:59:59Z,5760,5760,0,14.999925,14.999701977,15.000002035,4.4322e-05,0,0,0,0,0.0,3.314657,22.044615,2.786936e-12,0.0002209771,0.001469641,False,0.001395,False
2017-08-14,RS03AXBS-MJ03A-06-PRESTA301,2,True,2017-08-14T00:00:14Z,2017-08-14T23:59:59Z,5753,5760,7,14.999925,14.999704361,15.000002096,-5.198e-05,2,7,2,7,0.0,3.13296,17.140049,1.509759e-13,0.000208864,0.00114267,False,0.001335,True
2017-08-15,RS03AXBS-MJ03A-06-PRESTA301,2,True,2017-08-15T00:00:14Z,2017-08-15T23:59:59Z,5760,5760,0,14.999925,14.999700069,15.000002293,0.003009647,0,0,0,0,0.0,3.444157,19.785254,3.65308e-12,0.0002296104,0.001319017,False,0.001367,False
2017-08-16,RS03AXBS-MJ03A-06-PRESTA301,2,True,2017-08-16T00:00:14Z,2017-08-16T23:59:59Z,5758,5760,2,14.999925,14.999671936,15.000001841,-0.001155919,1,2,1,2,-0.0,3.202168,17.998521,-4.193649e-12,0.0002134778,0.001199901,False,0.00136,True
2017-08-17,RS03AXBS-MJ03A-06-PRESTA301,2,True,2017-08-17T00:00:14Z,2017-08-17T23:59:59Z,5760,5760,0,14.999925,14.999678135,15.000002247,0.00124789,0,0,0,0,0.0,3.265752,17.083177,3.032089e-12,0.0002177168,0.001138878,False,0.001372,False
2017-08-18,RS03AXBS-MJ03A-06-PRESTA301,2,True,2017-08-18T00:00:14Z,2017-08-18T23:59:59Z,5760,5760,0,14.999925,14.999621868,15.000002159,0.002143058,0,0,0,0,0.0,3.268132,23.329405,2.216273e-12,0.0002178755,0.001555293,False,0.001801,False
2017-08-19,RS03AXBS-MJ03A-06-PRESTA301,2,True,2017-08-19T00:00:14Z,2017-08-19T23:59:59Z,5760,5760,0,14.999925,14.999657631,15.00000216,0.001669371,0,0,0,0,0.0,3.236158,19.991021,2.828816e-12,0.0002157438,0.001332735,False,0.001438,False
2017-08-20,RS03AXBS-MJ03A-06-PRESTA301,2,True,2017-08-20T00:00:14Z,2017-08-20T23:59:59Z,5760,5760,0,14.999925,14.999670982,15.000002027,0.002089065,0,0,0,0,0.0,3.045573,16.779761,2.197138e-12,0.0002030382,0.001118651,False,0.001371,False
2017-08-21,RS03AXBS-MJ03A-06-PRESTA301,2,True,2017-08-21T00:00:14Z,2017-08-21T23:59:59Z,5760,5760,0,14.999925,14.999680996,15.000002379,-0.002293663,0,0,0,0,0.0,3.235007,20.401892,2.74465e-12,0.0002156671,0.001360126,False,0.001364,False
2017-08-22,RS03AXBS-MJ03A-06-PRESTA301,2,True,2017-08-22T00:00:14Z,2017-08-22T23:59:59Z,5760,5760,0,14.999925,14.999652863,15.000002068,-0.001240506,0,0,0,0,0.0,3.15257,17.000818,1.005468e-12,0.0002101713,0.001133388,False,0.001327,False
2017-08-23,RS03AXBS-MJ03A-06-PRESTA301,2,True,2017-08-23T00:00:14Z,2017-08-23T23:59:59Z,5760,5760,0,14.999925,14.999671936,15.000002082,0.001022876,0,0,0,0,0.0,3.180576,17.361594,3.313676e-12,0.0002120384,0.001157439,False,0.001367,False
2017-08-24,RS03AXBS-MJ03A-06-PRESTA301,2,True,2017-08-24T00:00:14Z,2017-08-24T23:59:45Z,5759,5759,0,14.999925,14.999649525,15.000001975,0.003769015,0,0,0,0,0.0,18.881432,995.466551,3.382442e-14,0.001258762,0.06636443,False,0.066818,False
2017-08-25,RS03AXBS-MJ03A-06-PRESTA301,2,True,2017-08-25T00:00:00Z,2017-08-25T23:59:45Z,5712,5760,48,14.999925,14.999670029,15.000002432,-0.004152742,1,48,1,48,-0.0,13.798189,1002.882542,-3.961583e-13,0.0009198791,0.06685883,False,0.066744,True
2017-08-26,RS03AXBS-MJ03A-06-PRESTA301,2,True,2017-08-26T00:00:00Z,2017-08-26T23:59:45Z,5760,5760,0,14.999925,14.999699593,15.000002429,-0.00190611,0,0,0,0,0.0,3.382541,17.498082,3.112454e-12,0.0002255027,0.001166539,False,0.001365,False
2017-08-27,RS03AXBS-MJ03A-06-PRESTA301,2,True,2017-08-27T00:00:00Z,2017-08-27T23:59:45Z,5760,5760,0,14.999925,14.999708176,15.000002433,-0.003903917,0,0,0,0,0.0,3.369404,18.115336,3.176201e-12,0.0002246269,0.001207689,False,0.001375,False
2017-08-28,RS03AXBS-MJ03A-06-PRESTA301,2,True,2017-08-28T00:00:00Z,2017-08-28T23:59:45Z,5760,5760,0,14.999925,14.999690056,15.000002345,-0.001556516,0,0,0,0,0.0,3.440672,24.095117,2.567436e-12,0.0002293781,0.001606341,False,0.001493,False
2017-08-29,RS03AXBS-MJ03A-06-PRESTA301,2,True,2017-08-29T00:00:00Z,2017-08-29T23:59:45Z,5760,5760,0,14.999925,14.999709129,15.000002226,0.005214334,0,0,0,0,0.0,3.109105,17.491985,1.278597e-12,0.0002072736,0.001166132,False,0.001394,False
2017-08-30,RS03AXBS-MJ03A-06-PRESTA301,2,True,2017-08-30T00:00:00Z,2017-08-30T23:59:45Z,5760,5760,0,14.999925,14.999693394,15.000002226,-0.001449899,0,0,0,0,0.0,3.406464,20.174602,1.517322e-12,0.0002270976,0.001344973,False,0.001306,False
2017-08-31,RS03AXBS-MJ03A-06-PRESTA301,2,True,2017-08-31T00:00:00Z,2017-08-31T23:59:45Z,5760,5760,0,14.999925,14.999687672,15.00000136,0.001901433,0,0,0,0,0.0,4.620493,23.009179,1.810812e-12,0.0003080328,0.001533945,False,0.001393,False
2017-09-01,RS03AXBS-MJ03A-06-PRESTA301,2,True,2017-09-01T00:00:00Z,2017-09-01T23:59:45Z,5760,5760,0,14.999925,14.99971199,15.000002131,0.006239083,0,0,0,0,0.0,3.733713,19.912916,2.445415e-12,0.0002489141,0.001327528,False,0.001368,False
2017-09-02,RS03AXBS-MJ03A-06-PRESTA301,2,True,2017-09-02T00:00:00Z,2017-09-02T23:59:45Z,5760,5760,0,14.999925,14.999707222,15.000002312,-0.001975264,0,0,0,0,0.0,3.104455,17.821324,8.378962e-13,0.0002069637,0.001188088,False,0.001363,False
2017-09-03,RS03AXBS-MJ03A-06-PRESTA301,2,True,2017-09-03T00:00:00Z,2017-09-03T23:59:45Z,5760,5760,0,14.999925,14.999688148,15.000001645,0.000353809,0,0,0,0,0.0,3.361999,20.801742,2.336146e-12,0.0002241332,0.001386783,False,0.001365,False
2017-09-04,RS03AXBS-MJ03A-06-PRESTA301,2,True,2017-09-04T00:00:00Z,2017-09-04T23:59:45Z,5760,5760,0,14.999925,14.999668598,15.000002512,0.000208744,0,0,0,0,0.0,3.343255,17.865382,1.403686e-12,0.0002228836,0.001191025,False,0.001332,False
2017-09-05,RS03AXBS-MJ03A-06-PRESTA301,2,True,2017-09-05T00:00:00Z,2017-09-05T23:59:45Z,5760,5760,0,14.999925,14.99960804,15.000001822,0.000861176,0,0,0,0,-0.0,3.010843,18.0778,-3.756482e-14,0.0002007229,0.001205187,False,0.00134,False
2017-09-06,RS03AXBS-MJ03A-06-PRESTA301,2,True,2017-09-06T00:00:00Z,2017-09-06T23:59:45Z,5760,5760,0,14.999925,14.999669075,15.00000224,0.002193915,0,0,0,0,0.0,3.220124,17.892724,1.398307e-12,0.0002146749,0.001192848,False,0.001366,False
2017-09-07,RS03AXBS-MJ03A-06-PRESTA301,2,True,2017-09-07T00:00:00Z,2017-09-07T23:59:45Z,5760,5760,0,14.999925,14.999629021,15.000001723,-0.003200715,0,0,0,0,0.0,3.613485,19.119231,2.566928e-12,0.000240899,0.001274615,False,0.00138,False
2017-09-08,RS03AXBS-MJ03A-06-PRESTA301,2,True,2017-09-08T00:00:00Z,2017-09-08T23:59:45Z,5760,5760,0,14.999925,14.999703884,15.000001522,0.000626789,0,0,0,0,0.0,3.371188,18.387464,8.967297e-13,0.0002247458,0.001225831,False,0.001402,False
2017-09-09,RS03AXBS-MJ03A-06-PRESTA301,2,True,2017-09-09T00:00:00Z,2017-09-09T23:59:45Z,5760,5760,0,14.999925,14.999678135,14.999998901,-0.00327174,0,0,0,0,0.0,3.374493,17.905391,2.081595e-12,0.0002249662,0.001193693,False,0.001369,False
2017-09-10,RS03AXBS-MJ03A-06-PRESTA301,2,True,2017-09-10T00:00:00Z,2017-09-10T23:59:45Z,5760,5760,0,14.999925,14.999715805,15.00000003,0.001354219,0,0,0,0,0.0,3.150516,17.978924,1.139936e-12,0.0002100344,0.001198595,False,0.001381,False
2017-09-11,RS03AXBS-MJ03A-06-PRESTA301,2,True,2017-09-11T00:00:00Z,2017-09-11T23:59:45Z,5760,5760,0,14.999925,14.999651909,15.000001032,0.000640924,0,0,0,0,0.0,3.432056,18.612167,2.496438e-12,0.0002288037,0.001240811,False,0.001382,False
2017-09-12,RS03AXBS-MJ03A-06-PRESTA301,2,True,2017-09-12T00:00:00Z,2017-09-12T23:59:45Z,5760,5760,0,14.999925,14.999701023,15.000001396,-5.6384e-05,0,0,0,0,0.0,3.24639,19.316579,3.220349e-12,0.000216426,0.001287772,False,0.00137,False
2017-09-13,RS03AXBS-MJ03A-06-PRESTA301,2,True,2017-09-13T00:00:00Z,2017-09-13T23:59:45Z,5752,5760,8,14.999925,14.999693871,15.000001148,0.00670135,3,8,3,8,0.0,3.21478,16.990435,2.087925e-12,0.0002143187,0.001132696,False,0.001345,True
2017-09-14,RS03AXBS-MJ03A-06-PRESTA301,2,True,2017-09-14T00:00:00Z,2017-09-14T23:59:45Z,5760,5760,0,14.999925,14.99968338,15.000001882,0.000599784,0,0,0,0,0.0,3.29041,19.294335,2.564255e-12,0.0002193607,0.001286289,False,0.001405,False
2017-09-15,RS03AXBS-MJ03A-06-PRESTA301,2,True,2017-09-15T00:00:00Z,2017-09-15T23:59:45Z,5760,5760,0,14.999925,14.999682903,15.000002914,0.000866914,0,0,0,0,0.0,3.120951,19.083814,1.52617e-12,0.0002080634,0.001272254,False,0.001368,False
2017-09-16,RS03AXBS-MJ03A-06-PRESTA301,2,True,2017-09-16T00:00:00Z,2017-09-16T23:59:45Z,5760,5760,0,14.999925,14.999695778,15.000002129,-0.002803888,0,0,0,0,0.0,3.215182,17.519069,1.632803e-12,0.0002143455,0.001167938,False,0.001363,False
2017-09-17,RS03AXBS-MJ03A-06-PRESTA301,2,True,2017-09-17T00:00:00Z,2017-09-17T23:59:45Z,5760,5760,0,14.999925,14.99967289,15.000003295,-0.002413223,0,0,0,0,0.0,4.010704,18.87636,2.009862e-12,0.0002673802,0.001258424,False,0.001377,False
2017-09-18,RS03AXBS-MJ03A-06-PRESTA301,2,True,2017-09-18T00:00:00Z,2017-09-18T23:59:45Z,5760,5760,0,14.999925,14.999665737,15.000001964,-0.00631697,0,0,0,0,0.0,4.65762,22.741006,1.891148e-12,0.000310508,0.001516067,False,0.001362,False
2017-09-19,RS03AXBS-MJ03A-06-PRESTA301,2,True,2017-09-19T00:00:00Z,2017-09-19T23:59:45Z,5760,5760,0,14.999925,14.999669075,15.00000219,0.006548717,0,0,0,0,0.0,3.436586,17.80867,1.69347e-12,0.0002291057,0.001187244,False,0.001372,False
2017-09-20,RS03AXBS-MJ03A-06-PRESTA301,2,True,2017-09-20T00:00:00Z,2017-09-20T23:59:45Z,5760,5760,0,14.999925,14.999667168,15.00000209,-0.013360054,0,0,0,0,0.0,3.51195,17.560945,2.943954e-12,0.00023413,0.001170729,False,0.001344,False
2017-09-21,RS03AXBS-MJ03A-06-PRESTA301,2,True,2017-09-21T00:00:00Z,2017-09-21T23:59:45Z,5760,5760,0,14.999925,14.999653339,15.000001869,-0.002183942,0,0,0,0,0.0,3.446123,18.875892,1.284842e-12,0.0002297415,0.001258393,False,0.001341,False
2017-09-22,RS03AXBS-MJ03A-06-PRESTA301,2,True,2017-09-22T00:00:00Z,2017-09-22T23:59:45Z,5760,5760,0,14.999925,14.999660015,15.000002725,2.3029e-05,0,0,0,0,0.0,3.280124,18.098598,9.901198e-13,0.0002186749,0.001206573,False,0.001261,False
2017-09-23,RS03AXBS-MJ03A-06-PRESTA301,2,True,2017-09-23T00:00:00Z,2017-09-23T23:59:45Z,5760,5760,0,14.999925,14.999671936,15.000002322,0.002205137,0,0,0,0,0.0,3.745611,20.016854,2.469776e-12,0.0002497073,0.001334457,False,0.001358,False
2017-09-24,RS03AXBS-MJ03A-06-PRESTA301,2,True,2017-09-24T00:00:00Z,2017-09-24T23:59:45Z,5760,5760,0,14.999925,14.99972105,15.000002351,0.001076874,0,0,0,0,0.0,3.498211,19.333254,3.081563e-12,0.000233214,0.001288883,False,0.001385,False
2017-09-25,RS03AXBS-MJ03A-06-PRESTA301,2,True,2017-09-25T00:00:00Z,2017-09-25T23:59:45Z,5760,5760,0,14.999925,14.999704361,15.000001913,-0.000724667,0,0,0,0,0.0,4.090329,19.137105,2.120651e-12,0.0002726886,0.001275807,False,0.001326,False
2017-09-26,RS03AXBS-MJ03A-06-PRESTA301,2,True,2017-09-26T00:00:00Z,2017-09-26T23:59:45Z,5760,5760,0,14.999925,14.999708652,15.000001299,0.001995079,0,0,0,0,0.0,3.379848,19.063953,1.774809e-12,0.0002253232,0.00127093,False,0.001381,False
2017-09-27,RS03AXBS-MJ03A-06-PRESTA301,2,True,2017-09-27T00:00:00Z,2017-09-27T23:59:45Z,5760,5760,0,14.999925,14.999697208,15.000002449,-0.002356818,0,0,0,0,0.0,3.358485,19.821178,1.171509e-12,0.0002238989,0.001321412,False,0.001338,False
2017-09-28,RS03AXBS-MJ03A-06-PRESTA301,2,True,2017-09-28T00:00:00Z,2017-09-28T23:59:45Z,5760,5760,0,14.999925,14.999682903,15.000000578,-0.00367695,0,0,0,0,0.0,3.425535,18.501341,2.976012e-12,0.000228369,0.001233423,False,0.001381,False
2017-09-29,RS03AXBS-MJ03A-06-PRESTA301,2,True,2017-09-29T00:00:00Z,2017-09-29T23:59:45Z,5760,5760,0,14.999925,14.999722958,15.000000305,0.005017683,0,0,0,0,0.0,3.328125,20.147017,3.024364e-12,0.000221875,0.001343134,False,0.001377,False
2017-09-30,RS03AXBS-MJ03A-06-PRESTA301,2,True,2017-09-30T00:00:00Z,2017-09-30T23:59:45Z,5760,5760,0,14.999925,14.999680042,15.000001406,0.000559254,0,0,0,0,0.0,3.341184,17.967699,6.750912e-13,0.0002227456,0.001197846,False,0.001377,False
2017-10-01,RS03AXBS-MJ03A-06-PRESTA301,2,True,2017-10-01T00:00:00Z,2017-10-01T23:59:45Z,5760,5760,0,14.999925,14.999689102,15.00000056,0.00599475,0,0,0,0,0.0,4.347184,23.700607,2.896551e-12,0.0002898122,0.00158004,False,0.001386,False
2017-10-02,RS03AXBS-MJ03A-06-PRESTA301,2,True,2017-10-02T00:00:00Z,2017-10-02T23:59:45Z,5760,5760,0,14.999925,14.999667168,15.000001096,-0.011369454,0,0,0,0,0.0,3.644211,20.796606,1.733111e-12,0.0002429474,0.00138644,False,0.00136,False
2017-10-03,RS03AXBS-MJ03A-06-PRESTA301,2,True,2017-10-03T00:00:00Z,2017-10-03T23:59:45Z,5760,5760,0,14.999925,14.99969244,14.999997959,0.000619422,0,0,0,0,0.0,3.144195,17.719241,2.396376e-12,0.000209613,0.001181283,False,0.0014,False
2017-10-04,RS03AXBS-MJ03A-06-PRESTA301,2,True,2017-10-04T00:00:00Z,2017-10-04T23:59:45Z,5760,5760,0,14.999925,14.999662399,15.000000505,0.001884782,0,0,0,0,0.0,3.159766,17.245339,2.503203e-12,0.000210651,0.001149689,False,0.001534,False
2017-10-05,RS03AXBS-MJ03A-06-PRESTA301,2,True,2017-10-05T00:00:00Z,2017-10-05T23:59:45Z,5760,5760,0,14.999925,14.999649048,15.000002222,0.002314204,0,0,0,0,0.0,3.178335,18.152959,2.576667e-12,0.000211889,0.001210197,False,0.001351,False
2017-10-06,RS03AXBS-MJ03A-06-PRESTA301,2,True,2017-10-06T00:00:00Z,2017-10-06T23:59:45Z,5760,5760,0,14.999925,14.999662876,15.000001923,0.004219729,0,0,0,0,0.0,3.069707,17.208566,2.775722e-12,0.0002046471,0.001147238,False,0.001377,False
2017-10-07,RS03AXBS-MJ03A-06-PRESTA301,2,True,2017-10-07T00:00:00Z,2017-10-07T23:59:45Z,5760,5760,0,14.999925,14.999639988,15.000001656,-0.001971389,0,0,0,0,0.0,3.242103,18.310081,1.295412e-12,0.0002161402,0.001220672,False,0.00137,False
2017-10-08,RS03AXBS-MJ03A-06-PRESTA301,2,True,2017-10-08T00:00:00Z,2017-10-08T23:59:45Z,5760,5760,0,14.999925,14.99967289,15.000001393,0.004260899,0,0,0,0,0.0,3.182314,19.979532,1.579143e-12,0.0002121542,0.001331969,False,0.001376,False
2017-10-09,RS03AXBS-MJ03A-06-PRESTA301,2,True,2017-10-09T00:00:00Z,2017-10-09T23:59:45Z,5760,5760,0,14.999925,14.999665737,15.000002043,0.004300927,0,0,0,0,0.0,3.433566,17.857241,2.35763e-12,0.0002289044,0.001190483,False,0.001333,False
2017-10-10,RS03AXBS-MJ03A-06-PRESTA301,2,True,2017-10-10T00:00:00Z,2017-10-10T23:59:45Z,5760,5760,0,14.999925,14.999693871,15.000002006,-0.001759927,0,0,0,0,0.0,3.218544,18.864603,1.815695e-12,0.0002145696,0.00125764,False,0.001377,False
2017-10-11,RS03AXBS-MJ03A-06-PRESTA301,2,True,2017-10-11T00:00:00Z,2017-10-11T23:59:45Z,5760,5760,0,14.999925,14.999695778,15.000002358,-0.001145091,0,0,0,0,0.0,3.177383,19.397075,1.618422e-12,0.0002118255,0.001293138,False,0.001393,False
2017-10-12,RS03AXBS-MJ03A-06-PRESTA301,2,True,2017-10-12T00:00:00Z,2017-10-12T23:59:45Z,5760,5760,0,14.999925,14.999686241,15.000001907,-0.002277467,0,0,0,0,0.0,3.10691,17.480256,2.468092e-12,0.0002071273,0.00116535,False,0.001373,False
2017-10-13,RS03AXBS-MJ03A-06-PRESTA301,2,True,2017-10-13T00:00:00Z,2017-10-13T23:59:45Z,5760,5760,0,14.999925,14.999670982,15.000001828,-0.000579806,0,0,0,0,0.0,3.452214,24.952977,2.691895e-12,0.0002301476,0.001663532,False,0.001566,False
2017-10-14,RS03AXBS-MJ03A-06-PRESTA301,2,True,2017-10-14T00:00:00Z,2017-10-14T23:59:45Z,5760,5760,0,14.999925,14.999700069,14.999999977,-0.012056807,0,0,0,0,0.0,3.658935,22.777018,1.524348e-12,0.000243929,0.001518468,False,0.001374,False
2017-10-15,RS03AXBS-MJ03A-06-PRESTA301,2,True,2017-10-15T00:00:00Z,2017-10-15T23:59:45Z,5760,5760,0,14.999925,14.999648094,14.999998149,-6.7082e-05,0,0,0,0,0.0,3.452631,17.849605,3.467206e-13,0.0002301754,0.001189974,False,0.001375,False
2017-10-16,RS03AXBS-MJ03A-06-PRESTA301,2,True,2017-10-16T00:00:00Z,2017-10-16T23:59:45Z,5760,5760,0,14.999925,14.999701977,14.999999851,-0.002172041,0,0,0,0,0.0,3.930563,19.775526,1.213902e-12,0.0002620375,0.001318368,False,0.001373,False
2017-10-17,RS03AXBS-MJ03A-06-PRESTA301,2,True,2017-10-17T00:00:00Z,2017-10-17T23:59:45Z,5760,5760,0,14.999925,14.999670029,15.000002156,-0.002349063,0,0,0,0,0.0,3.361244,20.661108,1.292615e-12,0.0002240829,0.001377407,False,0.001362,False
2017-10-18,RS03AXBS-MJ03A-06-PRESTA301,2,True,2017-10-18T00:00:00Z,2017-10-18T23:59:45Z,5760,5760,0,14.999925,14.999679089,14.999998885,0.000402769,0,0,0,0,0.0,3.171414,17.410233,1.301632e-12,0.0002114276,0.001160682,False,0.001336,False
2017-10-19,RS03AXBS-MJ03A-06-PRESTA301,2,True,2017-10-19T00:00:00Z,2017-10-19T23:59:45Z,5760,5760,0,14.999925,14.999643803,14.999997116,-0.000958751,0,0,0,0,0.0,3.442572,24.213162,2.536414e-12,0.0002295048,0.001614211,False,0.00174,False
2017-10-20,RS03AXBS-MJ03A-06-PRESTA301,2,True,2017-10-20T00:00:00Z,2017-10-20T23:59:45Z,5760,5760,0,14.999925,14.999668121,14.999997821,0.006119568,0,0,0,0,0.0,3.282524,17.745098,2.529715e-12,0.000218835,0.001183007,False,0.001328,False
2017-10-21,RS03AXBS-MJ03A-06-PRESTA301,2,True,2017-10-21T00:00:00Z,2017-10-21T23:59:45Z,5760,5760,0,14.999925,14.999685764,15.00000168,-0.001770702,0,0,0,0,0.0,3.205269,17.296472,2.096391e-12,0.0002136846,0.001153098,False,0.00135,False
2017-10-22,RS03AXBS-MJ03A-06-PRESTA301,2,True,2017-10-22T00:00:00Z,2017-10-22T23:59:45Z,5760,5760,0,14.999925,14.999633789,15.000002167,0.001727453,0,0,0,0,0.0,3.125941,19.911606,1.160044e-12,0.0002083961,0.00132744,False,0.00139,False
2017-10-23,RS03AXBS-MJ03A-06-PRESTA301,2,True,2017-10-23T00:00:00Z,2017-10-23T23:59:45Z,5760,5760,0,14.999925,14.999661922,15.00000111,-0.000703416,0,0,0,0,0.0,3.465423,18.879793,2.109377e-12,0.0002310282,0.001258653,False,0.001378,False
2017-10-24,RS03AXBS-MJ03A-06-PRESTA301,2,True,2017-10-24T00:00:00Z,2017-10-24T23:59:45Z,5760,5760,0,14.999925,14.999686718,15.000001791,0.002463288,0,0,0,0,0.0,3.263537,18.169543,1.436085e-12,0.0002175691,0.001211303,False,0.001383,False
2017-10-25,RS03AXBS-MJ03A-06-PRESTA301,2,True,2017-10-25T00:00:00Z,2017-10-25T23:59:45Z,5760,5760,0,14.999925,14.999722958,15.00000149,0.007133011,0,0,0,0,0.0,4.432777,24.819156,2.308458e-12,0.0002955184,0.00165461,False,0.001801,False
2017-10-26,RS03AXBS-MJ03A-06-PRESTA301,2,True,2017-10-26T00:00:00Z,2017-10-26T23:59:45Z,5760,5760,0,14.999925,14.999701023,15.000001944,-0.000203889,0,0,0,0,0.0,3.47567,19.691751,1.848072e-12,0.0002317113,0.001312783,False,0.001388,False
2017-10-27,RS03AXBS-MJ03A-06-PRESTA301,2,True,2017-10-27T00:00:00Z,2017-10-27T23:59:45Z,5760,5760,0,14.999925,14.999698162,15.000001598,-0.000239799,0,0,0,0,0.0,3.602123,19.101645,3.083505e-12,0.0002401415,0.001273443,False,0.001387,False
2017-10-28,RS03AXBS-MJ03A-06-PRESTA301,2,True,2017-10-28T00:00:00Z,2017-10-28T23:59:45Z,5760,5760,0,14.999925,14.999684811,15.000001372,-0.002657174,0,0,0,0,0.0,3.205659,19.138017,1.186835e-12,0.0002137106,0.001275868,False,0.001671,False
2017-10-29,RS03AXBS-MJ03A-06-PRESTA301,2,True,2017-10-29T00:00:00Z,2017-10-29T23:59:45Z,5760,5760,0,14.999925,14.999686241,15.00000175,0.00511838,0,0,0,0,0.0,3.203013,19.102112,1.839392e-12,0.0002135342,0.001273474,False,0.001371,False
2017-10-30,RS03AXBS-MJ03A-06-PRESTA301,2,True,2017-10-30T00:00:00Z,2017-10-30T23:59:45Z,5760,5760,0,14.999925,14.999691963,15.000002113,0.003310903,0,0,0,0,0.0,3.142925,17.902076,1.420408e-12,0.0002095283,0.001193472,False,0.001351,False
2017-10-31,RS03AXBS-MJ03A-06-PRESTA301,2,True,2017-10-31T00:00:00Z,2017-10-31T23:59:45Z,5760,5760,0,14.999925,14.99969101,15.000002352,3.2911e-05,0,0,0,0,0.0,3.032663,22.150802,6.186127e-13,0.0002021775,0.00147672,False,0.001405,False
2017-11-01,RS03AXBS-MJ03A-06-PRESTA301,2,True,2017-11-01T00:00:00Z,2017-11-01T23:59:45Z,5760,5760,0,14.999925,14.999697685,15.000002292,-0.000356405,0,0,0,0,0.0,3.211448,17.897677,2.555637e-12,0.0002140965,0.001193178,False,0.001368,False
2017-11-02,RS03AXBS-MJ03A-06-PRESTA301,2,True,2017-11-02T00:00:00Z,2017-11-02T23:59:45Z,5760,5760,0,14.999925,14.999658108,15.000001754,-0.001826798,0,0,0,0,0.0,3.215233,17.522167,2.727896e-12,0.0002143489,0.001168144,False,0.001353,False
2017-11-03,RS03AXBS-MJ03A-06-PRESTA301,2,True,2017-11-03T00:00:00Z,2017-11-03T23:59:45Z,5760,5760,0,14.999925,14.999625206,15.0000022,-0.000783312,0,0,0,0,0.0,3.087614,19.202159,2.142353e-12,0.0002058409,0.001280144,False,0.001352,False
2017-11-04,RS03AXBS-MJ03A-06-PRESTA301,2,True,2017-11-04T00:00:00Z,2017-11-04T23:59:45Z,5760,5760,0,14.999925,14.99963522,15.000002756,-0.002738067,0,0,0,0,0.0,3.456146,23.1991,1.592539e-12,0.0002304097,0.001546606,False,0.001376,False
2017-11-05,RS03AXBS-MJ03A-06-PRESTA301,2,True,2017-11-05T00:00:00Z,2017-11-05T23:59:45Z,5760,5760,0,14.999925,14.999670982,15.000001842,-0.0026839,0,0,0,0,0.0,3.088621,17.106624,6.624148e-13,0.000205908,0.001140441,False,0.001366,False
2017-11-06,RS03AXBS-MJ03A-06-PRESTA301,2,True,2017-11-06T00:00:00Z,2017-11-06T23:59:45Z,5760,5760,0,14.999925,14.999657154,15.000001849,0.003139455,0,0,0,0,0.0,3.536681,19.151043,2.243107e-12,0.0002357787,0.001276736,False,0.00142,False
2017-11-07,RS03AXBS-MJ03A-06-PRESTA301,2,True,2017-11-07T00:00:00Z,2017-11-07T23:59:45Z,5760,5760,0,14.999925,14.999633789,15.000001202,-0.000884847,0,0,0,0,0.0,3.457007,19.961006,2.889983e-12,0.0002304671,0.001330734,False,0.001394,False
2017-11-08,RS03AXBS-MJ03A-06-PRESTA301,2,True,2017-11-08T00:00:00Z,2017-11-08T23:59:45Z,5760,5760,0,14.999925,14.999679089,15.000002049,-0.001829105,0,0,0,0,0.0,3.383166,17.440664,8.125146e-13,0.0002255444,0.001162711,False,0.001298,False
2017-11-09,RS03AXBS-MJ03A-06-PRESTA301,2,True,2017-11-09T00:00:00Z,2017-11-09T23:59:45Z,5760,5760,0,14.999925,14.999670029,15.000002243,-0.002729623,0,0,0,0,0.0,3.621186,22.341781,1.028089e-12,0.0002414124,0.001489452,False,0.001391,False
2017-11-10,RS03AXBS-MJ03A-06-PRESTA301,2,True,2017-11-10T00:00:00Z,2017-11-10T23:59:45Z,5760,5760,0,14.999925,14.999686718,15.000001759,-0.002564212,0,0,0,0,0.0,4.485732,22.559538,3.422729e-12,0.0002990488,0.001503969,False,0.001377,False
2017-11-11,RS03AXBS-MJ03A-06-PRESTA301,2,True,2017-11-11T00:00:00Z,2017-11-11T23:59:45Z,5760,5760,0,14.999925,14.999704838,15.000000365,0.004857835,0,0,0,0,-0.0,3.217954,18.027219,-3.4802e-14,0.0002145303,0.001201815,False,0.001336,False
2017-11-12,RS03AXBS-MJ03A-06-PRESTA301,2,True,2017-11-12T00:00:00Z,2017-11-12T23:59:45Z,5760,5760,0,14.999925,14.999712944,15.000002196,-0.003011493,0,0,0,0,0.0,3.262521,20.738808,1.821858e-12,0.0002175013,0.001382587,False,0.00134,False
2017-11-13,RS03AXBS-MJ03A-06-PRESTA301,2,True,2017-11-13T00:00:00Z,2017-11-13T23:02:30Z,5531,5531,0,14.999925,14.999670982,15.0000023,0.004097157,0,0,0,0,-0.0,3.426928,21.23389,-1.675914e-12,0.0002284619,0.001415592,False,0.001356,False
2017-11-14,RS03AXBS-MJ03A-06-PRESTA301,2,False,,,0,0,,14.999925,,,,,,,,,,,,,,,,False
2017-11-15,RS03AXBS-MJ03A-06-PRESTA301,2,True,2017-11-15T00:10:55Z,2017-11-15T23:59:55Z,5717,5717,0,14.999925,14.999680042,15.00000211,-0.001792012,0,0,0,0,-0.0,3.068752,16.942975,-5.448675e-13,0.0002045835,0.001129532,False,0.001349,False
2017-11-16,RS03AXBS-MJ03A-06-PRESTA301,2,True,2017-11-16T00:00:10Z,2017-11-16T23:59:55Z,5760,5760,0,14.999925,14.999698162,15.000000635,0.000724493,0,0,0,0,0.0,3.042252,20.072408,5.008026e-13,0.0002028168,0.00133816,False,0.001338,False
2017-11-17,RS03AXBS-MJ03A-06-PRESTA301,2,True,2017-11-17T00:00:10Z,2017-11-17T23:59:55Z,5760,5760,0,14.999925,14.999660015,15.000001157,0.004854541,0,0,0,0,0.0,3.329712,19.73451,1.800478e-12,0.0002219808,0.001315634,False,0.001386,False
2017-11-18,RS03AXBS-MJ03A-06-PRESTA301,2,True,2017-11-18T00:00:10Z,2017-11-18T23:59:55Z,5760,5760,0,14.999925,14.999616146,15.000002375,-0.009867003,0,0,0,0,0.0,3.164268,18.29582,5.368938e-13,0.0002109512,0.001219721,False,0.001386,False
2017-11-19,RS03AXBS-MJ03A-06-PRESTA301,2,True,2017-11-19T00:00:10Z,2017-11-19T23:59:55Z,5760,5760,0,14.999925,14.999655247,15.000002704,-0.000575986,0,0,0,0,0.0,3.0676,21.12701,2.210262e-12,0.0002045066,0.001408467,False,0.001355,False
2017-11-20,RS03AXBS-MJ03A-06-PRESTA301,2,True,2017-11-20T00:00:10Z,2017-11-20T23:59:55Z,5760,5760,0,14.999925,14.999656677,15.000001914,-0.000305182,0,0,0,0,0.0,3.215673,18.336199,1.196442e-12,0.0002143782,0.001222413,False,0.001375,False
2017-11-21,RS03AXBS-MJ03A-06-PRESTA301,2,True,2017-11-21T00:00:10Z,2017-11-21T23:59:55Z,5760,5760,0,14.999925,14.999652386,15.000001722,0.00410274,0,0,0,0,0.0,3.438132,19.064072,2.576299e-12,0.0002292087,0.001270938,False,0.001344,False
2017-11-22,RS03AXBS-MJ03A-06-PRESTA301,2,True,2017-11-22T00:00:10Z,2017-11-22T23:59:55Z,5760,5760,0,14.999925,14.999649048,15.000001785,-0.003970447,0,0,0,0,0.0,3.613502,19.000043,1.873461e-12,0.0002409001,0.001266669,False,0.001351,False
2017-11-23,RS03AXBS-MJ03A-06-PRESTA301,2,True,2017-11-23T00:00:10Z,2017-11-23T23:59:55Z,5760,5760,0,14.999925,14.999680996,15.000002112,0.000658678,0,0,0,0,0.0,3.544205,22.226243,1.643899e-12,0.0002362803,0.001481749,False,0.001369,False
2017-11-24,RS03AXBS-MJ03A-06-PRESTA301,2,True,2017-11-24T00:00:10Z,2017-11-24T23:59:55Z,5760,5760,0,14.999925,14.999670982,15.000002259,-0.001707256,0,0,0,0,0.0,3.160093,19.400107,3.432699e-13,0.0002106728,0.00129334,False,0.001382,False
2017-11-25,RS03AXBS-MJ03A-06-PRESTA301,2,True,2017-11-25T00:00:10Z,2017-11-25T23:59:55Z,5760,5760,0,14.999925,14.999690056,15.000001922,-0.001225798,0,0,0,0,0.0,3.672187,19.96263,2.580182e-12,0.0002448124,0.001330842,False,0.001378,False
2017-11-26,RS03AXBS-MJ03A-06-PRESTA301,2,True,2017-11-26T00:00:10Z,2017-11-26T23:59:55Z,5760,5760,0,14.999925,14.999706268,15.000003107,-0.000231109,0,0,0,0,0.0,4.839218,23.59521,1.447502e-12,0.0003226145,0.001573014,False,0.001377,False
2017-11-27,RS03AXBS-MJ03A-06-PRESTA301,2,True,2017-11-27T00:00:10Z,2017-11-27T23:59:55Z,5760,5760,0,14.999925,14.999690056,14.999999264,0.00361064,0,0,0,0,0.0,3.168635,17.380575,1.878731e-12,0.0002112423,0.001158705,False,0.001439,False
2017-11-28,RS03AXBS-MJ03A-06-PRESTA301,2,True,2017-11-28T00:00:10Z,2017-11-28T23:59:55Z,5760,5760,0,14.999925,14.99970293,14.999997709,0.006058723,0,0,0,0,0.0,3.604333,23.782702,1.319123e-12,0.0002402889,0.001585514,False,0.001347,False
2017-11-29,RS03AXBS-MJ03A-06-PRESTA301,2,True,2017-11-29T00:00:10Z,2017-11-29T23:59:55Z,5760,5760,0,14.999925,14.999710083,14.999997883,-0.003125121,0,0,0,0,0.0,4.10986,21.941131,2.26788e-12,0.0002739907,0.001462742,False,0.001445,False
2017-11-30,RS03AXBS-MJ03A-06-PRESTA301,2,True,2017-11-30T00:00:10Z,2017-11-30T23:59:55Z,5760,5760,0,14.999925,14.99969101,14.999997598,0.000765354,0,0,0,0,0.0,3.427181,18.000745,2.385829e-12,0.0002284787,0.00120005,False,0.001377,False
2017-12-01,RS03AXBS-MJ03A-06-PRESTA301,2,True,2017-12-01T00:00:10Z,2017-12-01T23:59:55Z,5710,5760,50,14.999925,14.999636173,14.999997686,-0.001486399,1,50,1,50,-0.0,3.191239,22.590409,-6.415472e-13,0.0002127493,0.001506027,False,0.00141,True
2017-12-02,RS03AXBS-MJ03A-06-PRESTA301,2,True,2017-12-02T00:00:10Z,2017-12-02T23:59:55Z,5760,5760,0,14.999925,14.999620914,14.999997487,0.001437018,0,0,0,0,0.0,3.267806,17.805966,1.496034e-12,0.0002178538,0.001187065,False,0.001307,False
2017-12-03,RS03AXBS-MJ03A-06-PRESTA301,2,True,2017-12-03T00:00:10Z,2017-12-03T23:59:55Z,5760,5760,0,14.999925,14.999639034,14.999997739,0.004984641,0,0,0,0,0.0,3.176099,17.959848,1.718546e-12,0.00021174,0.001197323,False,0.001364,False
2017-12-04,RS03AXBS-MJ03A-06-PRESTA301,2,True,2017-12-04T00:00:10Z,2017-12-04T23:59:55Z,5760,5760,0,14.999925,14.999590874,14.999997985,-0.002789785,0,0,0,0,0.0,3.11218,16.786136,2.375515e-12,0.0002074787,0.001119076,False,0.001356,False
2017-12-05,RS03AXBS-MJ03A-06-PRESTA301,2,True,2017-12-05T00:00:10Z,2017-12-05T23:59:55Z,5760,5760,0,14.999925,14.999629974,14.999998443,-0.012895869,0,0,0,0,0.0,3.311826,19.147071,1.379041e-12,0.0002207884,0.001276472,False,0.001296,False
2017-12-06,RS03AXBS-MJ03A-06-PRESTA301,2,True,2017-12-06T00:00:10Z,2017-12-06T23:59:55Z,5760,5760,0,14.999925,14.999606133,14.999999595,-0.001923901,0,0,0,0,0.0,3.573506,19.091764,9.48979e-13,0.0002382337,0.001272784,False,0.001581,False
2017-12-07,RS03AXBS-MJ03A-06-PRESTA301,2,True,2017-12-07T00:00:10Z,2017-12-07T23:59:55Z,5760,5760,0,14.999925,14.999653816,15.000001094,-0.005659657,0,0,0,0,0.0,3.76333,18.505746,2.397761e-12,0.0002508887,0.001233716,False,0.001375,False
2017-12-08,RS03AXBS-MJ03A-06-PRESTA301,2,True,2017-12-08T00:00:10Z,2017-12-08T23:59:55Z,5760,5760,0,14.999925,14.999659061,14.999999801,0.00080442,0,0,0,0,0.0,3.120769,17.530682,1.46544e-12,0.0002080513,0.001168712,False,0.001396,False
2017-12-09,RS03AXBS-MJ03A-06-PRESTA301,2,False,,,0,0,,14.999925,,,,,,,,,,,,,,,,False
2017-12-10,RS03AXBS-MJ03A-06-PRESTA301,2,False,,,0,0,,14.999925,,,,,,,,,,,,,,,,False
2017-12-11,RS03AXBS-MJ03A-06-PRESTA301,2,True,2017-12-11T00:00:10Z,2017-12-11T23:59:55Z,5760,5760,0,14.999925,14.999624252,15.000001048,-0.000444899,0,0,0,0,0.0,3.674391,18.916266,1.882004e-12,0.0002449594,0.001261084,False,0.001383,False
2017-12-12,RS03AXBS-MJ03A-06-PRESTA301,2,True,2017-12-12T00:00:10Z,2017-12-12T23:59:55Z,5760,5760,0,14.999925,14.99966526,15.000000265,-0.001639519,0,0,0,0,0.0,3.285119,21.216099,1.822208e-12,0.0002190079,0.001414407,False,0.001832,False
2017-12-13,RS03AXBS-MJ03A-06-PRESTA301,2,True,2017-12-13T00:00:10Z,2017-12-13T23:59:55Z,5756,5760,4,14.999925,14.999705791,15.000000214,-0.006283012,3,4,3,4,0.0,3.398188,18.734679,4.469708e-14,0.0002265459,0.001248979,False,0.001619,True
2017-12-14,RS03AXBS-MJ03A-06-PRESTA301,2,True,2017-12-14T00:00:10Z,2017-12-14T23:59:55Z,5760,5760,0,14.999925,14.999667168,15.00000233,-0.002708343,0,0,0,0,0.0,3.181655,17.154841,3.176076e-12,0.0002121103,0.001143656,False,0.001389,False
2017-12-15,RS03AXBS-MJ03A-06-PRESTA301,2,True,2017-12-15T00:00:10Z,2017-12-15T23:59:55Z,5760,5760,0,14.999925,14.999667168,15.000000408,0.000594984,0,0,0,0,0.0,3.261064,19.01375,1.379635e-12,0.0002174043,0.001267583,False,0.001371,False
2017-12-16,RS03AXBS-MJ03A-06-PRESTA301,2,True,2017-12-16T00:00:10Z,2017-12-16T23:59:55Z,5760,5760,0,14.999925,14.999631405,15.000000333,-0.004136415,0,0,0,0,0.0,3.638999,22.24528,1.84064e-12,0.0002425999,0.001483019,False,0.001521,False
2017-12-17,RS03AXBS-MJ03A-06-PRESTA301,2,True,2017-12-17T00:00:10Z,2017-12-17T23:59:55Z,5760,5760,0,14.999925,14.999677181,15.000001643,-0.003519394,0,0,0,0,0.0,3.340628,17.873386,2.533354e-12,0.0002227085,0.001191559,False,0.001346,False
2017-12-18,RS03AXBS-MJ03A-06-PRESTA301,2,True,2017-12-18T00:00:10Z,2017-12-18T23:59:55Z,5760,5760,0,14.999925,14.999666214,15.000002006,5.8623e-05,0,0,0,0,0.0,3.09916,24.599632,1.550479e-12,0.0002066106,0.001639975,False,0.001761,False
2017-12-19,RS03AXBS-MJ03A-06-PRESTA301,2,True,2017-12-19T00:00:10Z,2017-12-19T23:59:55Z,5760,5760,0,14.999925,14.999642849,15.000002602,0.002837212,0,0,0,0,0.0,4.326162,24.223354,3.319586e-12,0.0002884108,0.00161489,False,0.001364,False
2017-12-20,RS03AXBS-MJ03A-06-PRESTA301,2,True,2017-12-20T00:00:10Z,2017-12-20T23:59:55Z,5760,5760,0,14.999925,14.999669075,15.000001536,0.004922339,0,0,0,0,0.0,3.45697,17.87172,2.651269e-12,0.0002304646,0.001191448,False,0.001344,False
2017-12-21,RS03AXBS-MJ03A-06-PRESTA301,2,True,2017-12-21T00:00:10Z,2017-12-21T23:59:55Z,5760,5760,0,14.999925,14.999652863,15.00000176,0.00166577,0,0,0,0,0.0,3.0839,20.09731,2.045998e-12,0.0002055933,0.001339821,False,0.001357,False
2017-12-22,RS03AXBS-MJ03A-06-PRESTA301,2,True,2017-12-22T00:00:10Z,2017-12-22T23:59:55Z,5760,5760,0,14.999925,14.999671936,15.000001905,-0.014259467,0,0,0,0,0.0,3.21929,20.619555,2.705283e-12,0.0002146193,0.001374637,False,0.001374,False
2017-12-23,RS03AXBS-MJ03A-06-PRESTA301,2,True,2017-12-23T00:00:10Z,2017-12-23T23:59:55Z,5760,5760,0,14.999925,14.99968338,15.000002196,-0.002913156,0,0,0,0,0.0,3.097568,16.558341,1.770558e-12,0.0002065045,0.001103889,False,0.00133,False
2017-12-24,RS03AXBS-MJ03A-06-PRESTA301,2,True,2017-12-24T00:00:10Z,2017-12-24T23:59:55Z,5760,5760,0,14.999925,14.999695778,15.000002038,0.002266499,0,0,0,0,0.0,3.16149,20.733539,1.746223e-12,0.000210766,0.001382236,False,0.001614,False
2017-12-25,RS03AXBS-MJ03A-06-PRESTA301,2,True,2017-12-25T00:00:10Z,2017-12-25T23:59:55Z,5760,5760,0,14.999925,14.999691963,15.000001932,-0.004136499,0,0,0,0,0.0,3.33093,20.643427,2.190942e-12,0.0002220619,0.001376228,False,0.001395,False
2017-12-26,RS03AXBS-MJ03A-06-PRESTA301,2,True,2017-12-26T00:00:10Z,2017-12-26T23:59:55Z,5760,5760,0,14.999925,14.999701977,15.000001935,0.004704919,0,0,0,0,0.0,3.243513,17.960082,9.445217e-13,0.0002162342,0.001197339,False,0.001373,False
2017-12-27,RS03AXBS-MJ03A-06-PRESTA301,2,True,2017-12-27T00:00:10Z,2017-12-27T23:59:55Z,5760,5760,0,14.999925,14.99969101,14.999999791,0.000550358,0,0,0,0,0.0,3.068029,21.689497,2.573766e-12,0.0002045353,0.001445967,False,0.00138,False
2017-12-28,RS03AXBS-MJ03A-06-PRESTA301,2,True,2017-12-28T00:00:10Z,2017-12-28T23:59:55Z,5760,5760,0,14.999925,14.999687195,15.000002421,0.005389008,0,0,0,0,0.0,3.818126,20.499009,2.326901e-12,0.0002545417,0.0013666,False,0.001381,False
2017-12-29,RS03AXBS-MJ03A-06-PRESTA301,2,True,2017-12-29T00:00:10Z,2017-12-29T23:59:55Z,5760,5760,0,14.999925,14.999698639,15.000002251,4.8607e-05,0,0,0,0,0.0,3.001208,16.607771,1.495045e-12,0.0002000805,0.001107185,False,0.001372,False
2017-12-30,RS03AXBS-MJ03A-06-PRESTA301,2,True,2017-12-30T00:00:10Z,2017-12-30T23:59:55Z,5760,5760,0,14.999925,14.999669075,15.00000184,0.002649371,0,0,0,0,0.0,3.107021,20.54808,2.232572e-12,0.0002071347,0.001369872,False,0.001538,False
2017-12-31,RS03AXBS-MJ03A-06-PRESTA301,2,True,2017-12-31T00:00:10Z,2017-12-31T23:59:55Z,5760,5760,0,14.999925,14.999650002,15.000002238,0.001432694,0,0,0,0,0.0,3.338434,19.510418,1.649995e-12,0.0002225622,0.001300694,False,0.001354,False
2018-01-01,RS03AXBS-MJ03A-06-PRESTA301,2,True,2018-01-01T00:00:10Z,2018-01-01T23:59:55Z,5760,5760,0,14.999925,14.999639988,15.000001774,-0.000259647,0,0,0,0,0.0,13.400497,988.946972,2.175332e-12,0.0008933664,0.06592979,False,0.066057,False
2018-01-02,RS03AXBS-MJ03A-06-PRESTA301,2,True,2018-01-02T00:00:10Z,2018-01-02T23:59:56Z,5760,5760,0,14.999925,14.9996171,15.000002059,0.001354237,0,0,0,0,0.0,35.042951,1003.291731,2.791915e-12,0.002336196,0.06688611,False,0.066983,False
2018-01-03,RS03AXBS-MJ03A-06-PRESTA301,2,True,2018-01-03T00:00:11Z,2018-01-03T23:59:56Z,5760,5760,0,14.999925,14.999690056,15.000002262,-0.000581794,0,0,0,0,0.0,3.45443,21.249725,3.840292e-13,0.0002302953,0.001416648,False,0.001374,False
2018-01-04,RS03AXBS-MJ03A-06-PRESTA301,2,True,2018-01-04T00:00:11Z,2018-01-04T23:59:56Z,5760,5760,0,14.999925,14.999674797,15.000002135,0.003869267,0,0,0,0,0.0,3.281552,17.698742,2.457197e-12,0.0002187701,0.001179916,False,0.001484,False
2018-01-05,RS03AXBS-MJ03A-06-PRESTA301,2,True,2018-01-05T00:00:11Z,2018-01-05T23:59:56Z,5760,5760,0,14.999925,14.999670029,15.000001576,0.00254878,0,0,0,0,0.0,3.204425,19.557775,1.567962e-12,0.0002136283,0.001303852,False,0.001401,False
2018-01-06,RS03AXBS-MJ03A-06-PRESTA301,2,True,2018-01-06T00:00:11Z,2018-01-06T23:59:56Z,5760,5760,0,14.999925,14.999690056,15.00000172,-0.003502685,0,0,0,0,0.0,3.121183,17.671866,1.343227e-12,0.0002080789,0.001178124,False,0.001381,False
2018-01-07,RS03AXBS-MJ03A-06-PRESTA301,2,True,2018-01-07T00:00:11Z,2018-01-07T23:59:56Z,5760,5760,0,14.999925,14.999709129,15.000001682,0.003470502,0,0,0,0,0.0,3.236937,16.831881,1.566304e-12,0.0002157958,0.001122125,False,0.001326,False
2018-01-08,RS03AXBS-MJ03A-06-PRESTA301,2,True,2018-01-08T00:00:11Z,2018-01-08T23:59:56Z,5760,5760,0,14.999925,14.999700069,15.000001952,-0.011672497,0,0,0,0,0.0,3.271439,18.089284,3.679943e-13,0.0002180959,0.001205952,False,0.001385,False
2018-01-09,RS03AXBS-MJ03A-06-PRESTA301,2,True,2018-01-09T00:00:11Z,2018-01-09T23:59:56Z,5760,5760,0,14.999925,14.999676704,15.000000571,-0.000582036,0,0,0,0,0.0,3.462746,21.945816,2.078815e-12,0.0002308497,0.001463054,False,0.001374,False
2018-01-10,RS03AXBS-MJ03A-06-PRESTA301,2,True,2018-01-10T00:00:11Z,2018-01-10T23:59:56Z,5760,5760,0,14.999925,14.999660015,14.999999736,-0.001214892,0,0,0,0,0.0,3.128823,16.556986,1.035293e-12,0.0002085882,0.001103799,False,0.001338,False
2018-01-11,RS03AXBS-MJ03A-06-PRESTA301,2,True,2018-01-11T00:00:11Z,2018-01-11T23:59:56Z,5760,5760,0,14.999925,14.999697685,14.999999681,-0.001742822,0,0,0,0,0.0,3.518287,21.929834,2.674281e-12,0.0002345525,0.001461989,False,0.001396,False
2018-01-12,RS03AXBS-MJ03A-06-PRESTA301,2,True,2018-01-12T00:00:11Z,2018-01-12T23:59:56Z,5760,5760,0,14.999925,14.99970293,15.000001737,-0.000622593,0,0,0,0,0.0,3.290395,20.252075,1.426113e-12,0.0002193596,0.001350138,False,0.001391,False
2018-01-13,RS03AXBS-MJ03A-06-PRESTA301,2,True,2018-01-13T00:00:11Z,2018-01-13T23:59:56Z,5760,5760,0,14.999925,14.99967289,15.000001515,0.004706049,0,0,0,0,0.0,3.472775,19.263876,1.061965e-12,0.0002315183,0.001284258,False,0.00135,False
2018-01-14,RS03AXBS-MJ03A-06-PRESTA301,2,True,2018-01-14T00:00:11Z,2018-01-14T23:59:56Z,5760,5760,0,14.999925,14.999670982,15.00000017,-0.002897238,0,0,0,0,0.0,3.406569,17.673763,5.459198e-13,0.0002271046,0.001178251,False,0.001344,False
2018-01-15,RS03AXBS-MJ03A-06-PRESTA301,2,True,2018-01-15T00:00:11Z,2018-01-15T23:59:56Z,5760,5760,0,14.999925,14.999666691,15.000000476,0.0030225,0,0,0,0,0.0,3.802346,20.028712,1.522004e-12,0.0002534897,0.001335247,False,0.001384,False
2018-01-16,RS03AXBS-MJ03A-06-PRESTA301,2,True,2018-01-16T00:00:11Z,2018-01-16T23:59:56Z,5760,5760,0,14.999925,14.999656677,15.000001655,-0.000352611,0,0,0,0,0.0,3.116339,16.78778,1.342097e-12,0.0002077559,0.001119185,False,0.001225,False
2018-01-17,RS03AXBS-MJ03A-06-PRESTA301,2,True,2018-01-17T00:00:11Z,2018-01-17T23:59:56Z,5760,5760,0,14.999925,14.999647141,15.000002145,-0.001121197,0,0,0,0,0.0,3.199646,21.933249,3.392514e-12,0.0002133097,0.001462216,False,0.001341,False
2018-01-18,RS03AXBS-MJ03A-06-PRESTA301,2,True,2018-01-18T00:00:11Z,2018-01-18T23:59:56Z,5760,5760,0,14.999925,14.999670982,15.000002269,-0.001819512,0,0,0,0,0.0,3.181804,17.726647,2.204067e-12,0.0002121203,0.001181776,False,0.001343,False
2018-01-19,RS03AXBS-MJ03A-06-PRESTA301,2,True,2018-01-19T00:00:11Z,2018-01-19T23:59:52Z,1549,5760,4211,14.999925,14.999576807,14.999207089,0.177697894,1,4211,1,4211,-0.0,203.035112,418.490848,-2.109686e-12,0.01353639,0.02790086,False,0.147714,True
2018-01-20,RS03AXBS-MJ03A-06-PRESTA301,2,True,2018-01-20T00:00:07Z,2018-01-20T23:59:52Z,5760,5760,0,14.999925,14.999676228,15.000000997,0.008001035,0,0,0,0,0.0,3.463751,18.052429,2.580361e-12,0.0002309167,0.001203495,False,0.001304,False
2018-01-21,RS03AXBS-MJ03A-06-PRESTA301,2,True,2018-01-21T00:00:07Z,2018-01-21T23:59:52Z,5760,5760,0,14.999925,14.999655724,15.000001399,-0.000672645,0,0,0,0,0.0,3.426313,21.287141,1.137085e-12,0.0002284208,0.001419143,False,0.001374,False
2018-01-22,RS03AXBS-MJ03A-06-PRESTA301,2,True,2018-01-22T00:00:07Z,2018-01-22T23:59:52Z,5760,5760,0,14.999925,14.999688148,15.000001804,-0.001893425,0,0,0,0,0.0,3.112189,16.871931,1.741694e-12,0.0002074793,0.001124795,False,0.001369,False
2018-01-23,RS03AXBS-MJ03A-06-PRESTA301,2,True,2018-01-23T00:00:07Z,2018-01-23T23:59:52Z,5760,5760,0,14.999925,14.999699116,15.000002006,-0.002772711,0,0,0,0,0.0,3.195331,17.768131,2.50519e-12,0.000213022,0.001184542,False,0.001381,False
2018-01-24,RS03AXBS-MJ03A-06-PRESTA301,2,True,2018-01-24T00:00:07Z,2018-01-24T23:59:52Z,5760,5760,0,14.999925,14.999713898,15.000001949,0.003336565,0,0,0,0,0.0,3.260252,19.651455,1.953795e-12,0.0002173501,0.001310097,False,0.001598,False
2018-01-25,RS03AXBS-MJ03A-06-PRESTA301,2,True,2018-01-25T00:00:07Z,2018-01-25T23:59:52Z,5760,5760,0,14.999925,14.999671936,15.000000632,-0.001192349,0,0,0,0,0.0,3.238807,23.912885,2.09998e-12,0.0002159204,0.001594192,False,0.001379,False
2018-01-26,RS03AXBS-MJ03A-06-PRESTA301,2,True,2018-01-26T00:00:07Z,2018-01-26T23:59:52Z,5760,5760,0,14.999925,14.999699116,15.000000875,0.004134123,0,0,0,0,0.0,3.182256,17.804038,2.362119e-12,0.0002121504,0.001186936,False,0.001342,False
2018-01-27,RS03AXBS-MJ03A-06-PRESTA301,2,True,2018-01-27T00:00:07Z,2018-01-27T23:59:52Z,5760,5760,0,14.999925,14.999701023,15.000000916,0.000410132,0,0,0,0,0.0,3.148541,18.614517,2.077415e-12,0.0002099027,0.001240968,False,0.001427,False
2018-01-28,RS03AXBS-MJ03A-06-PRESTA301,2,True,2018-01-28T00:00:07Z,2018-01-28T23:59:52Z,5760,5760,0,14.999925,14.99966526,15.000000936,0.004788905,0,0,0,0,0.0,3.359715,20.657411,2.121839e-12,0.000223981,0.001377161,False,0.001348,False
2018-01-29,RS03AXBS-MJ03A-06-PRESTA301,2,True,2018-01-29T00:00:07Z,2018-01-29T23:59:52Z,5760,5760,0,14.999925,14.999639034,15.000001537,0.003371244,0,0,0,0,0.0,3.146199,16.951447,3.026087e-12,0.0002097466,0.001130096,False,0.001333,False
2018-01-30,RS03AXBS-MJ03A-06-PRESTA301,2,True,2018-01-30T00:00:07Z,2018-01-30T23:59:52Z,5760,5760,0,14.999925,14.999655724,15.000001869,-0.003115349,0,0,0,0,0.0,3.312438,17.83948,2.502401e-12,0.0002208292,0.001189299,False,0.001344,False
2018-01-31,RS03AXBS-MJ03A-06-PRESTA301,2,True,2018-01-31T00:00:07Z,2018-01-31T23:59:52Z,5760,5760,0,14.999925,14.999642849,15.0000023,-0.001833044,0,0,0,0,0.0,3.133787,22.558169,2.72961e-12,0.0002089191,0.001503878,False,0.001734,False
2018-02-01,RS03AXBS-MJ03A-06-PRESTA301,2,True,2018-02-01T00:00:07Z,2018-02-01T23:59:52Z,5760,5760,0,14.999925,14.999670029,15.000001559,-0.00233706,0,0,0,0,0.0,3.309449,17.635499,1.983645e-12,0.0002206299,0.0011757,False,0.001325,False
2018-02-02,RS03AXBS-MJ03A-06-PRESTA301,2,True,2018-02-02T00:00:07Z,2018-02-02T23:59:52Z,5760,5760,0,14.999925,14.99966526,15.000001571,0.002587649,0,0,0,0,0.0,3.297014,21.267879,1.931077e-12,0.0002198009,0.001417858,False,0.001472,False
2018-02-03,RS03AXBS-MJ03A-06-PRESTA301,2,True,2018-02-03T00:00:07Z,2018-02-03T23:59:52Z,5760,5760,0,14.999925,14.999688148,14.999999461,-0.006518357,0,0,0,0,0.0,4.510761,21.746208,1.067065e-12,0.0003007174,0.001449747,False,0.001343,False
2018-02-04,RS03AXBS-MJ03A-06-PRESTA301,2,True,2018-02-04T00:00:07Z,2018-02-04T23:59:52Z,5760,5760,0,14.999925,14.99968338,15.000000885,-0.00318056,0,0,0,0,0.0,3.415328,18.10741,2.713025e-12,0.0002276885,0.001207161,False,0.001356,False
2018-02-05,RS03AXBS-MJ03A-06-PRESTA301,2,True,2018-02-05T00:00:07Z,2018-02-05T23:59:52Z,5760,5760,0,14.999925,14.999682903,15.000000568,-0.002004561,0,0,0,0,0.0,3.140756,18.82293,2.578118e-12,0.0002093837,0.001254862,False,0.001394,False
2018-02-06,RS03AXBS-MJ03A-06-PRESTA301,2,True,2018-02-06T00:00:07Z,2018-02-06T23:59:52Z,5760,5760,0,14.999925,14.99970293,15.000000837,-0.00371179,0,0,0,0,0.0,3.104764,21.441348,2.134639e-12,0.0002069842,0.001429423,False,0.001349,False
2018-02-07,RS03AXBS-MJ03A-06-PRESTA301,2,True,2018-02-07T00:00:07Z,2018-02-07T23:59:52Z,5760,5760,0,14.999925,14.99971056,15.000001267,0.003971817,0,0,0,0,0.0,3.174211,16.848102,2.477667e-12,0.0002116141,0.001123207,False,0.001355,False
2018-02-08,RS03AXBS-MJ03A-06-PRESTA301,2,True,2018-02-08T00:00:07Z,2018-02-08T23:59:52Z,5760,5760,0,14.999925,14.999699116,15.00000211,0.000438021,0,0,0,0,0.0,3.165527,21.677947,1.537268e-12,0.0002110351,0.001445196,False,0.001349,False
2018-02-09,RS03AXBS-MJ03A-06-PRESTA301,2,True,2018-02-09T00:00:07Z,2018-02-09T23:59:52Z,5760,5760,0,14.999925,14.999659061,15.000002514,0.001718245,0,0,0,0,0.0,3.30183,22.278384,1.674532e-12,0.000220122,0.001485225,False,0.001345,False
2018-02-10,RS03AXBS-MJ03A-06-PRESTA301,2,True,2018-02-10T00:00:07Z,2018-02-10T23:59:52Z,5760,5760,0,14.999925,14.999654293,15.000001941,-0.00198404,0,0,0,0,0.0,3.151123,17.901189,1.563951e-12,0.0002100749,0.001193412,False,0.001374,False
2018-02-11,RS03AXBS-MJ03A-06-PRESTA301,2,True,2018-02-11T00:00:07Z,2018-02-11T23:59:52Z,5760,5760,0,14.999925,14.999662399,15.00000209,0.003011378,0,0,0,0,0.0,3.408151,23.734287,2.016857e-12,0.00022721,0.001582286,False,0.001675,False
2018-02-12,RS03AXBS-MJ03A-06-PRESTA301,2,True,2018-02-12T00:00:07Z,2018-02-12T23:59:52Z,5760,5760,0,14.999925,14.999670029,15.000002073,0.003643991,0,0,0,0,0.0,3.240674,19.214604,8.11977e-13,0.0002160449,0.001280973,False,0.001755,False
2018-02-13,RS03AXBS-MJ03A-06-PRESTA301,2,True,2018-02-13T00:00:07Z,2018-02-13T23:59:52Z,5760,5760,0,14.999925,14.999639988,14.99999874,-0.003899476,0,0,0,0,0.0,3.33126,18.03966,9.848271e-13,0.000222084,0.001202644,False,0.001546,False
2018-02-14,RS03AXBS-MJ03A-06-PRESTA301,2,True,2018-02-14T00:00:07Z,2018-02-14T23:59:52Z,5760,5760,0,14.999925,14.9996562,15.000000364,-0.002179083,0,0,0,0,0.0,3.075726,17.094087,1.969214e-12,0.0002050484,0.001139606,False,0.001362,False
2018-02-15,RS03AXBS-MJ03A-06-PRESTA301,2,True,2018-02-15T00:00:07Z,2018-02-15T23:59:52Z,5760,5760,0,14.999925,14.999675274,15.000001699,-0.000335813,0,0,0,0,0.0,4.046169,22.410671,1.950189e-12,0.0002697446,0.001494045,False,0.001356,False
2018-02-16,RS03AXBS-MJ03A-06-PRESTA301,2,True,2018-02-16T00:00:07Z,2018-02-16T23:59:52Z,5760,5760,0,14.999925,14.999701977,15.000000967,0.002588845,0,0,0,0,0.0,3.74984,19.868211,2.775505e-12,0.0002499893,0.001324547,False,0.001345,False
2018-02-17,RS03AXBS-MJ03A-06-PRESTA301,2,True,2018-02-17T00:00:07Z,2018-02-17T23:59:52Z,5760,5760,0,14.999925,14.99963522,15.000000096,-0.005237641,0,0,0,0,0.0,3.787609,20.310296,2.864788e-13,0.0002525073,0.00135402,False,0.001385,False
2018-02-18,RS03AXBS-MJ03A-06-PRESTA301,2,True,2018-02-18T00:00:07Z,2018-02-18T23:59:52Z,5760,5760,0,14.999925,14.999716759,15.000000501,-0.000797347,0,0,0,0,0.0,3.186929,17.191576,2.144454e-12,0.0002124619,0.001146105,False,0.001346,False
2018-02-19,RS03AXBS-MJ03A-06-PRESTA301,2,True,2018-02-19T00:00:07Z,2018-02-19T23:59:52Z,5760,5760,0,14.999925,14.99970293,15.000002125,-0.000146116,0,0,0,0,0.0,3.184373,18.187705,1.45162e-12,0.0002122915,0.001212513,False,0.001396,False
2018-02-20,RS03AXBS-MJ03A-06-PRESTA301,2,True,2018-02-20T00:00:07Z,2018-02-20T23:59:52Z,5140,5760,620,14.999925,14.999698162,15.000002188,0.002206882,1,620,1,620,-0.0,3.480697,21.73736,-8.377315e-13,0.0002320465,0.001449157,False,0.012582,True
2018-02-21,RS03AXBS-MJ03A-06-PRESTA301,2,True,2018-02-21T00:00:07Z,2018-02-21T23:59:52Z,5760,5760,0,14.999925,14.999683857,15.000002168,-0.009265385,0,0,0,0,0.0,3.815599,20.000078,2.220068e-12,0.0002543732,0.001333338,False,0.001407,False
2018-02-22,RS03AXBS-MJ03A-06-PRESTA301,2,True,2018-02-22T00:00:07Z,2018-02-22T23:59:52Z,5686,5760,74,14.999925,14.999677181,15.000002605,-0.001299472,2,74,2,74,-0.0,3.196772,17.538378,-1.510875e-12,0.0002131181,0.001169225,False,0.001957,True
2018-02-23,RS03AXBS-MJ03A-06-PRESTA301,2,True,2018-02-23T00:00:07Z,2018-02-23T23:59:52Z,5760,5760,0,14.999925,14.99969101,14.999999,-0.002071421,0,0,0,0,0.0,3.2176,18.370605,1.916793e-12,0.0002145066,0.001224707,False,0.001365,False
2018-02-24,RS03AXBS-MJ03A-06-PRESTA301,2,True,2018-02-24T00:00:07Z,2018-02-24T23:59:52Z,5760,5760,0,14.999925,14.999671936,14.999997937,-0.002972027,0,0,0,0,0.0,3.299409,18.414999,2.24133e-12,0.0002199607,0.001227667,False,0.001385,False
2018-02-25,RS03AXBS-MJ03A-06-PRESTA301,2,True,2018-02-25T00:00:07Z,2018-02-25T23:59:52Z,5760,5760,0,14.999925,14.999708176,14.999999836,-0.001635894,0,0,0,0,0.0,3.267721,18.223014,1.132951e-12,0.0002178481,0.001214868,False,0.001347,False
2018-02-26,RS03AXBS-MJ03A-06-PRESTA301,2,True,2018-02-26T00:00:07Z,2018-02-26T23:59:52Z,5760,5760,0,14.999925,14.999660015,14.99999978,-0.001768375,0,0,0,0,0.0,3.167989,17.348461,3.598635e-12,0.0002111993,0.001156564,False,0.001384,False
2018-02-27,RS03AXBS-MJ03A-06-PRESTA301,2,True,2018-02-27T00:00:07Z,2018-02-27T23:59:52Z,5760,5760,0,14.999925,14.999670029,14.999999502,0.000701845,0,0,0,0,0.0,3.245464,22.38503,2.039764e-12,0.0002163643,0.001492335,False,0.001341,False
2018-02-28,RS03AXBS-MJ03A-06-PRESTA301,2,True,2018-02-28T00:00:07Z,2018-02-28T23:59:52Z,5760,5760,0,14.999925,14.999652863,15.000000543,0.003774953,0,0,0,0,0.0,3.336498,17.197906,1.786556e-12,0.0002224332,0.001146527,False,0.001344,False
2018-03-01,RS03AXBS-MJ03A-06-PRESTA301,2,True,2018-03-01T00:00:07Z,2018-03-01T23:59:52Z,5760,5760,0,14.999925,14.999664783,14.999998325,0.000573359,0,0,0,0,0.0,3.119901,22.103537,2.12255e-12,0.0002079934,0.001473569,False,0.001389,False
2018-03-02,RS03AXBS-MJ03A-06-PRESTA301,2,True,2018-03-02T00:00:07Z,2018-03-02T23:59:52Z,5760,5760,0,14.999925,14.99962616,14.999999034,0.003805889,0,0,0,0,0.0,3.112401,16.929284,1.981428e-12,0.0002074934,0.001128619,False,0.001381,False
2018-03-03,RS03AXBS-MJ03A-06-PRESTA301,2,True,2018-03-03T00:00:07Z,2018-03-03T23:59:52Z,5760,5760,0,14.999925,14.999643803,15.000000261,-0.000434541,0,0,0,0,0.0,3.177577,18.42232,1.07889e-12,0.0002118385,0.001228155,False,0.001424,False
2018-03-04,RS03AXBS-MJ03A-06-PRESTA301,2,True,2018-03-04T00:00:07Z,2018-03-04T23:59:52Z,5760,5760,0,14.999925,14.999625206,14.999998263,0.004700379,0,0,0,0,0.0,3.330111,17.843698,3.67958e-12,0.0002220075,0.00118958,False,0.001363,False
2018-03-05,RS03AXBS-MJ03A-06-PRESTA301,2,True,2018-03-05T00:00:07Z,2018-03-05T23:59:52Z,5760,5760,0,14.999925,14.999705791,14.999997726,0.006058779,0,0,0,0,0.0,3.151838,19.67642,2.216422e-12,0.0002101225,0.001311762,False,0.001339,False
2018-03-06,RS03AXBS-MJ03A-06-PRESTA301,2,True,2018-03-06T00:00:07Z,2018-03-06T23:59:52Z,5760,5760,0,14.999925,14.999660015,14.999998848,-0.002466605,0,0,0,0,0.0,3.283114,18.379948,1.745383e-12,0.0002188743,0.00122533,False,0.00138,False
2018-03-07,RS03AXBS-MJ03A-06-PRESTA301,2,True,2018-03-07T00:00:07Z,2018-03-07T23:59:52Z,5731,5760,29,14.999925,14.999703884,14.999999586,0.000150253,3,29,3,29,0.0,3.348236,17.099238,1.325361e-12,0.0002232158,0.001139949,False,0.001396,True
2018-03-08,RS03AXBS-MJ03A-06-PRESTA301,2,True,2018-03-08T00:00:07Z,2018-03-08T23:59:52Z,5760,5760,0,14.999925,14.999713898,14.999999784,-0.001114295,0,0,0,0,0.0,3.289197,18.222773,2.477416e-12,0.0002192798,0.001214852,False,0.001327,False
2018-03-09,RS03AXBS-MJ03A-06-PRESTA301,2,True,2018-03-09T00:00:07Z,2018-03-09T23:59:52Z,5760,5760,0,14.999925,14.999687195,14.999999212,0.002841426,0,0,0,0,0.0,3.118881,17.054701,1.72946e-12,0.0002079254,0.00113698,False,0.001336,False
2018-03-10,RS03AXBS-MJ03A-06-PRESTA301,2,True,2018-03-10T00:00:07Z,2018-03-10T20:10:52Z,4844,4844,0,14.999925,14.999671936,14.999998335,0.000107111,0,0,0,0,-0.0,3.436956,20.753972,-7.813247e-13,0.0002291304,0.001383598,False,0.00176,False
2018-03-11,RS03AXBS-MJ03A-06-PRESTA301,2,False,,,0,0,,14.999925,,,,,,,,,,,,,,,,False
2018-03-12,RS03AXBS-MJ03A-06-PRESTA301,2,True,2018-03-12T17:36:27Z,2018-03-12T23:59:57Z,1535,1535,0,14.999925,14.999741077,14.999995957,0.004779528,0,0,0,0,-0.0,3.164409,16.567836,-1.320366e-13,0.0002109606,0.001104523,False,0.001335,False
2018-03-13,RS03AXBS-MJ03A-06-PRESTA301,2,True,2018-03-13T00:00:12Z,2018-03-13T23:59:57Z,5760,5760,0,14.999925,14.99969101,14.999997407,0.002515142,0,0,0,0,0.0,3.254094,18.294632,1.760746e-12,0.0002169397,0.001219642,False,0.001347,False
2018-03-14,RS03AXBS-MJ03A-06-PRESTA301,2,True,2018-03-14T00:00:12Z,2018-03-14T23:59:57Z,5760,5760,0,14.999925,14.99968195,14.999998668,0.000696532,0,0,0,0,0.0,3.442212,18.61647,1.324402e-12,0.0002294808,0.001241098,False,0.00138,False
2018-03-15,RS03AXBS-MJ03A-06-PRESTA301,2,True,2018-03-15T00:00:12Z,2018-03-15T23:59:57Z,5760,5760,0,14.999925,14.99968195,14.999998782,-0.013712059,0,0,0,0,0.0,3.310239,18.543288,2.182907e-12,0.0002206826,0.001236219,False,0.001456,False
2018-03-16,RS03AXBS-MJ03A-06-PRESTA301,2,True,2018-03-16T00:00:12Z,2018-03-16T23:59:57Z,5760,5760,0,14.999925,14.999717712,14.999998793,-0.001413839,0,0,0,0,0.0,3.328344,20.70911,1.699426e-12,0.0002218896,0.001380607,False,0.00165,False
2018-03-17,RS03AXBS-MJ03A-06-PRESTA301,2,True,2018-03-17T00:00:12Z,2018-03-17T23:59:57Z,5760,5760,0,14.999925,14.999650955,14.999998278,-0.004073822,0,0,0,0,0.0,3.138324,17.271765,6.145234e-13,0.0002092216,0.001151451,False,0.001349,False
2018-03-18,RS03AXBS-MJ03A-06-PRESTA301,2,True,2018-03-18T00:00:12Z,2018-03-18T23:59:57Z,5760,5760,0,14.999925,14.999686718,14.999997617,-0.002139222,0,0,0,0,0.0,3.193822,18.532646,1.902935e-12,0.0002129215,0.00123551,False,0.001372,False
2018-03-19,RS03AXBS-MJ03A-06-PRESTA301,2,True,2018-03-19T00:00:12Z,2018-03-19T23:59:57Z,5760,5760,0,14.999925,14.999653816,14.999997292,-0.000932949,0,0,0,0,0.0,3.150471,17.800035,1.023565e-12,0.0002100314,0.001186669,False,0.00137,False
2018-03-20,RS03AXBS-MJ03A-06-PRESTA301,2,True,2018-03-20T00:00:12Z,2018-03-20T23:59:57Z,5760,5760,0,14.999925,14.999685764,14.999996962,0.006276653,0,0,0,0,0.0,3.199525,17.479509,1.653893e-12,0.0002133017,0.001165301,False,0.001362,False
2018-03-21,RS03AXBS-MJ03A-06-PRESTA301,2,True,2018-03-21T00:00:12Z,2018-03-21T23:59:57Z,5760,5760,0,14.999925,14.99969101,14.999998432,-0.000471561,0,0,0,0,0.0,3.296854,22.199246,1.812615e-12,0.0002197903,0.00147995,False,0.001364,False
2018-03-22,RS03AXBS-MJ03A-06-PRESTA301,2,True,2018-03-22T00:00:12Z,2018-03-22T23:59:57Z,5760,5760,0,14.999925,14.999671936,14.999999784,-0.003756588,0,0,0,0,0.0,3.383818,21.47236,9.470703e-13,0.0002255879,0.001431491,False,0.001391,False
2018-03-23,RS03AXBS-MJ03A-06-PRESTA301,2,True,2018-03-23T00:00:12Z,2018-03-23T23:59:57Z,5760,5760,0,14.999925,14.99969101,14.999999039,-0.003619906,0,0,0,0,0.0,3.328815,18.713497,1.318193e-12,0.000221921,0.001247567,False,0.001384,False
2018-03-24,RS03AXBS-MJ03A-06-PRESTA301,2,True,2018-03-24T00:00:12Z,2018-03-24T23:59:57Z,5760,5760,0,14.999925,14.999687195,14.999997609,0.003169509,0,0,0,0,0.0,3.604842,19.454663,1.471453e-12,0.0002403228,0.001296978,False,0.001384,False
2018-03-25,RS03AXBS-MJ03A-06-PRESTA301,2,True,2018-03-25T00:00:12Z,2018-03-25T23:59:57Z,5760,5760,0,14.999925,14.999700069,14.99999781,0.001995541,0,0,0,0,0.0,5.224514,23.08581,2.319398e-12,0.000348301,0.001539054,False,0.001365,False
2018-03-26,RS03AXBS-MJ03A-06-PRESTA301,2,True,2018-03-26T00:00:12Z,2018-03-26T23:59:57Z,5760,5760,0,14.999925,14.999689102,14.999997775,0.004176465,0,0,0,0,0.0,3.606168,18.488822,2.829552e-12,0.0002404112,0.001232588,False,0.001279,False
2018-03-27,RS03AXBS-MJ03A-06-PRESTA301,2,True,2018-03-27T00:00:12Z,2018-03-27T23:59:57Z,5760,5760,0,14.999925,14.999685764,14.999998248,-0.000325182,0,0,0,0,0.0,3.82635,25.541409,2.054563e-12,0.00025509,0.001702761,False,0.001611,False
2018-03-28,RS03AXBS-MJ03A-06-PRESTA301,2,True,2018-03-28T00:00:12Z,2018-03-28T23:59:57Z,5760,5760,0,14.999925,14.999652863,14.999998283,0.002503729,0,0,0,0,0.0,3.18033,17.713066,3.109895e-12,0.000212022,0.001180871,False,0.001383,False
2018-03-29,RS03AXBS-MJ03A-06-PRESTA301,2,True,2018-03-29T00:00:12Z,2018-03-29T23:59:57Z,5760,5760,0,14.999925,14.999659061,14.999999076,-0.0006692,0,0,0,0,0.0,3.134889,18.043293,1.862991e-12,0.0002089926,0.001202886,False,0.001345,False
2018-03-30,RS03AXBS-MJ03A-06-PRESTA301,2,True,2018-03-30T00:00:12Z,2018-03-30T23:59:57Z,5760,5760,0,14.999925,14.999663353,14.999999044,0.002266646,0,0,0,0,0.0,3.303171,20.934001,1.280431e-12,0.0002202114,0.0013956,False,0.001377,False
2018-03-31,RS03AXBS-MJ03A-06-PRESTA301,2,True,2018-03-31T00:00:12Z,2018-03-31T23:59:57Z,5760,5760,0,14.999925,14.999690056,14.999999424,-0.004069286,0,0,0,0,0.0,3.11984,17.404196,2.437262e-12,0.0002079893,0.00116028,False,0.00134,False
2018-04-01,RS03AXBS-MJ03A-06-PRESTA301,2,True,2018-04-01T00:00:12Z,2018-04-01T23:59:57Z,5760,5760,0,14.999925,14.999646664,14.999998841,-0.007523403,0,0,0,0,0.0,3.755367,19.187146,2.545458e-12,0.0002503578,0.001279143,False,0.001386,False
2018-04-02,RS03AXBS-MJ03A-06-PRESTA301,2,True,2018-04-02T00:00:12Z,2018-04-02T23:59:57Z,5760,5760,0,14.999925,14.999673843,14.999998591,0.000504593,0,0,0,0,0.0,3.308173,18.207212,2.814176e-12,0.0002205449,0.001213814,False,0.001367,False
2018-04-03,RS03AXBS-MJ03A-06-PRESTA301,2,True,2018-04-03T00:00:12Z,2018-04-03T23:59:57Z,5760,5760,0,14.999925,14.999641895,14.99999774,7.4647e-05,0,0,0,0,0.0,3.176272,21.275707,2.564702e-12,0.0002117515,0.001418381,False,0.001639,False
2018-04-04,RS03AXBS-MJ03A-06-PRESTA301,2,True,2018-04-04T00:00:12Z,2018-04-04T23:59:57Z,5760,5760,0,14.999925,14.999671459,14.999998988,-0.002543864,0,0,0,0,0.0,3.155891,18.200569,1.511321e-12,0.0002103927,0.001213371,False,0.001347,False
2018-04-05,RS03AXBS-MJ03A-06-PRESTA301,2,True,2018-04-05T00:00:12Z,2018-04-05T23:59:57Z,5760,5760,0,14.999925,14.999692917,15.000000895,0.000642491,0,0,0,0,0.0,3.336646,21.913469,2.240058e-12,0.000222443,0.001460898,False,0.001379,False
2018-04-06,RS03AXBS-MJ03A-06-PRESTA301,2,True,2018-04-06T00:00:12Z,2018-04-06T23:59:57Z,5760,5760,0,14.999925,14.999687195,14.999999808,0.003090694,0,0,0,0,0.0,5.112237,21.465163,2.774064e-12,0.0003408158,0.001431011,False,0.00134,False
2018-04-07,RS03AXBS-MJ03A-06-PRESTA301,2,True,2018-04-07T00:00:12Z,2018-04-07T23:59:57Z,5760,5760,0,14.999925,14.99969101,15.000000169,0.001323624,0,0,0,0,0.0,3.218081,18.664127,1.107401e-12,0.0002145387,0.001244275,False,0.0014,False
2018-04-08,RS03AXBS-MJ03A-06-PRESTA301,2,True,2018-04-08T00:00:12Z,2018-04-08T23:59:57Z,5760,5760,0,14.999925,14.999671936,14.999999914,0.000344728,0,0,0,0,0.0,3.749919,26.650278,1.397292e-12,0.0002499946,0.001776685,False,0.001339,False
2018-04-09,RS03AXBS-MJ03A-06-PRESTA301,2,True,2018-04-09T00:00:12Z,2018-04-09T23:59:57Z,5760,5760,0,14.999925,14.999688148,14.999998925,0.002640841,0,0,0,0,0.0,3.386244,19.466724,1.751157e-12,0.0002257496,0.001297782,False,0.001382,False
2018-04-10,RS03AXBS-MJ03A-06-PRESTA301,2,True,2018-04-10T00:00:12Z,2018-04-10T23:59:57Z,5760,5760,0,14.999925,14.999713898,15.000001005,-0.001127613,0,0,0,0,0.0,3.354332,23.285491,3.395199e-12,0.0002236221,0.001552366,False,0.001791,False
2018-04-11,RS03AXBS-MJ03A-06-PRESTA301,2,True,2018-04-11T00:00:12Z,2018-04-11T23:59:57Z,5760,5760,0,14.999925,14.999693871,15.000001946,0.001456246,0,0,0,0,0.0,3.263262,20.30054,7.749209e-13,0.0002175508,0.001353369,False,0.001381,False
2018-04-12,RS03AXBS-MJ03A-06-PRESTA301,2,True,2018-04-12T00:00:12Z,2018-04-12T23:59:57Z,5760,5760,0,14.999925,14.999684334,15.000002002,-0.000523356,0,0,0,0,0.0,3.251198,18.018404,2.447711e-12,0.0002167465,0.001201227,False,0.001344,False
2018-04-13,RS03AXBS-MJ03A-06-PRESTA301,2,True,2018-04-13T00:00:12Z,2018-04-13T23:59:57Z,5760,5760,0,14.999925,14.999682903,15.000002871,0.00084205,0,0,0,0,0.0,3.303369,18.494633,3.328612e-12,0.0002202246,0.001232975,False,0.001376,False
2018-04-14,RS03AXBS-MJ03A-06-PRESTA301,2,True,2018-04-14T00:00:12Z,2018-04-14T23:59:57Z,5760,5760,0,14.999925,14.999685764,15.000002356,0.000826623,0,0,0,0,0.0,3.197883,20.806797,3.612286e-12,0.0002131922,0.00138712,False,0.001429,False
2018-04-15,RS03AXBS-MJ03A-06-PRESTA301,2,True,2018-04-15T00:00:12Z,2018-04-15T23:59:57Z,5760,5760,0,14.999925,14.999656677,15.000001725,0.003349078,0,0,0,0,0.0,3.220835,17.467971,2.451213e-12,0.0002147223,0.001164531,False,0.001348,False
2018-04-16,RS03AXBS-MJ03A-06-PRESTA301,2,True,2018-04-16T00:00:12Z,2018-04-16T23:59:57Z,5760,5760,0,14.999925,14.999671936,15.000001847,0.000352427,0,0,0,0,0.0,3.162459,21.145625,3.067615e-12,0.0002108306,0.001409708,False,0.001397,False
2018-04-17,RS03AXBS-MJ03A-06-PRESTA301,2,True,2018-04-17T00:00:12Z,2018-04-17T23:59:57Z,5760,5760,0,14.999925,14.999661922,15.000001751,-0.001671137,0,0,0,0,0.0,3.394778,18.919452,1.025861e-12,0.0002263185,0.001261297,False,0.001363,False
2018-04-18,RS03AXBS-MJ03A-06-PRESTA301,2,True,2018-04-18T00:00:12Z,2018-04-18T23:59:57Z,5760,5760,0,14.999925,14.999668121,15.000001262,-0.009197718,0,0,0,0,0.0,3.687768,18.702067,2.483352e-12,0.0002458512,0.001246804,False,0.001372,False
2018-04-19,RS03AXBS-MJ03A-06-PRESTA301,2,True,2018-04-19T00:00:12Z,2018-04-19T23:59:57Z,5756,5760,4,14.999925,14.999670982,15.000001814,0.001674468,3,4,3,4,-0.0,3.161466,20.331158,-4.472064e-13,0.0002107644,0.00135541,False,0.001439,True
2018-04-20,RS03AXBS-MJ03A-06-PRESTA301,2,True,2018-04-20T00:00:12Z,2018-04-20T23:59:57Z,5760,5760,0,14.999925,14.999696732,15.000001885,0.000371711,0,0,0,0,0.0,3.419689,18.384708,2.718288e-12,0.0002279793,0.001225647,False,0.001358,False
2018-04-21,RS03AXBS-MJ03A-06-PRESTA301,2,True,2018-04-21T00:00:12Z,2018-04-21T23:59:57Z,5760,5760,0,14.999925,14.999667645,15.00000194,-0.001103926,0,0,0,0,0.0,3.259886,18.554879,1.488531e-12,0.0002173257,0.001236992,False,0.001373,False
2018-04-22,RS03AXBS-MJ03A-06-PRESTA301,2,True,2018-04-22T00:00:12Z,2018-04-22T23:59:57Z,5760,5760,0,14.999925,14.999680042,15.000001851,0.003187645,0,0,0,0,0.0,4.369634,20.512553,1.282811e-12,0.0002913089,0.001367503,False,0.001359,False
2018-04-23,RS03AXBS-MJ03A-06-PRESTA301,2,True,2018-04-23T00:00:12Z,2018-04-23T23:59:57Z,5760,5760,0,14.999925,14.999680042,15.000001887,0.005454945,0,0,0,0,0.0,3.456419,18.61049,9.417795e-13,0.0002304279,0.001240699,False,0.001411,False
2018-04-24,RS03AXBS-MJ03A-06-PRESTA301,2,True,2018-04-24T00:00:12Z,2018-04-24T23:59:57Z,5760,5760,0,14.999925,14.999658585,15.000002126,0.001678245,0,0,0,0,0.0,3.245779,17.42916,3.011067e-12,0.0002163852,0.001161944,False,0.001383,False
2018-04-25,RS03AXBS-MJ03A-06-PRESTA301,2,True,2018-04-25T00:00:12Z,2018-04-25T23:59:57Z,5760,5760,0,14.999925,14.999670029,15.000001869,-0.001650205,0,0,0,0,0.0,3.230631,17.333016,2.024987e-12,0.0002153754,0.001155534,False,0.001342,False
2018-04-26,RS03AXBS-MJ03A-06-PRESTA301,2,True,2018-04-26T00:00:12Z,2018-04-26T23:59:57Z,5752,5760,8,14.999925,14.999678612,15.000001589,-4.4773e-05,1,8,1,8,-0.0,3.640247,18.934826,-4.336236e-13,0.0002426831,0.001262322,False,0.001483,True
2018-04-27,RS03AXBS-MJ03A-06-PRESTA301,2,True,2018-04-27T00:00:12Z,2018-04-27T23:59:57Z,5760,5760,0,14.999925,14.999651909,15.000001991,-0.005009146,0,0,0,0,0.0,3.497138,19.898321,2.672692e-12,0.0002331425,0.001326555,False,0.001348,False
2018-04-28,RS03AXBS-MJ03A-06-PRESTA301,2,True,2018-04-28T00:00:12Z,2018-04-28T23:59:57Z,5760,5760,0,14.999925,14.999684334,15.000002182,0.004908221,0,0,0,0,0.0,3.753317,23.873374,1.926915e-12,0.0002502211,0.001591558,False,0.001437,False
2018-04-29,RS03AXBS-MJ03A-06-PRESTA301,2,True,2018-04-29T00:00:12Z,2018-04-29T23:59:57Z,5760,5760,0,14.999925,14.999650002,15.000001253,-0.003981874,0,0,0,0,0.0,4.04091,21.633545,1.914685e-12,0.000269394,0.001442236,False,0.001391,False
2018-04-30,RS03AXBS-MJ03A-06-PRESTA301,2,True,2018-04-30T00:00:12Z,2018-04-30T23:59:57Z,5760,5760,0,14.999925,14.999679089,15.000000306,-0.003336135,0,0,0,0,0.0,3.172947,17.931237,1.229383e-12,0.0002115298,0.001195416,False,0.001393,False
2018-05-01,RS03AXBS-MJ03A-06-PRESTA301,2,True,2018-05-01T00:00:12Z,2018-05-01T23:59:57Z,5760,5760,0,14.999925,14.999646187,14.999999217,0.002060151,0,0,0,0,0.0,3.578947,24.190576,3.096179e-12,0.0002385965,0.001612705,False,0.001386,False
2018-05-02,RS03AXBS-MJ03A-06-PRESTA301,2,True,2018-05-02T00:00:12Z,2018-05-02T23:59:57Z,5760,5760,0,14.999925,14.999693871,14.999998456,-0.001223091,0,0,0,0,0.0,3.298109,18.172379,2.214447e-12,0.0002198739,0.001211492,False,0.001391,False
2018-05-03,RS03AXBS-MJ03A-06-PRESTA301,2,True,2018-05-03T00:00:12Z,2018-05-03T23:59:57Z,5760,5760,0,14.999925,14.999650002,15.000002317,0.006687802,0,0,0,0,0.0,3.415817,17.7833,2.197022e-12,0.0002277211,0.001185553,False,0.00132,False
2018-05-04,RS03AXBS-MJ03A-06-PRESTA301,2,True,2018-05-04T00:00:12Z,2018-05-04T23:59:57Z,5760,5760,0,14.999925,14.999676228,15.000002338,-0.001498692,0,0,0,0,0.0,3.754238,18.501975,1.538184e-12,0.0002502825,0.001233465,False,0.001408,False
2018-05-05,RS03AXBS-MJ03A-06-PRESTA301,2,True,2018-05-05T00:00:12Z,2018-05-05T23:59:57Z,5760,5760,0,14.999925,14.999676228,15.000002638,-0.012331758,0,0,0,0,0.0,4.820289,20.654692,4.023845e-13,0.0003213525,0.001376979,False,0.001386,False
2018-05-06,RS03AXBS-MJ03A-06-PRESTA301,2,True,2018-05-06T00:00:12Z,2018-05-06T23:59:57Z,5760,5760,0,14.999925,14.99971199,14.999998246,0.003334784,0,0,0,0,0.0,3.235779,17.40933,1.790685e-12,0.0002157186,0.001160622,False,0.001349,False
2018-05-07,RS03AXBS-MJ03A-06-PRESTA301,2,True,2018-05-07T00:00:12Z,2018-05-07T23:59:57Z,5760,5760,0,14.999925,14.999695301,14.999997689,0.006380274,0,0,0,0,0.0,3.31848,18.336891,2.663491e-12,0.000221232,0.00122246,False,0.001386,False
2018-05-08,RS03AXBS-MJ03A-06-PRESTA301,2,True,2018-05-08T00:00:12Z,2018-05-08T23:59:57Z,5760,5760,0,14.999925,14.999707222,14.999997793,0.004773176,0,0,0,0,0.0,4.076194,19.364481,2.094739e-12,0.0002717463,0.001290966,False,0.001385,False
2018-05-09,RS03AXBS-MJ03A-06-PRESTA301,2,True,2018-05-09T00:00:12Z,2018-05-09T23:59:57Z,5760,5760,0,14.999925,14.999695778,14.999998124,0.001362092,0,0,0,0,0.0,3.403382,18.090398,9.394284e-13,0.0002268922,0.001206027,False,0.00139,False
2018-05-10,RS03AXBS-MJ03A-06-PRESTA301,2,True,2018-05-10T00:00:12Z,2018-05-10T23:59:57Z,5760,5760,0,14.999925,14.999697685,14.999998408,0.000324166,0,0,0,0,0.0,3.490952,18.212478,2.758399e-12,0.0002327301,0.001214165,False,0.001373,False
2018-05-11,RS03AXBS-MJ03A-06-PRESTA301,2,True,2018-05-11T00:00:12Z,2018-05-11T23:59:57Z,5760,5760,0,14.999925,14.999715805,14.999999052,0.002495409,0,0,0,0,0.0,5.172694,22.045882,1.380785e-12,0.0003448463,0.001469726,False,0.001307,False
2018-05-12,RS03AXBS-MJ03A-06-PRESTA301,2,True,2018-05-12T00:00:12Z,2018-05-12T23:59:57Z,5760,5760,0,14.999925,14.999668121,14.999997599,0.000162693,0,0,0,0,0.0,3.51801,18.115594,2.530059e-12,0.0002345341,0.001207706,False,0.001384,False
2018-05-13,RS03AXBS-MJ03A-06-PRESTA301,2,True,2018-05-13T00:00:12Z,2018-05-13T23:59:57Z,5760,5760,0,14.999925,14.999637127,15.000001929,0.000187261,0,0,0,0,0.0,3.078657,21.547867,1.459109e-12,0.0002052438,0.001436524,False,0.001355,False
2018-05-14,RS03AXBS-MJ03A-06-PRESTA301,2,True,2018-05-14T00:00:12Z,2018-05-14T23:59:57Z,5760,5760,0,14.999925,14.999685764,15.000001498,-0.000791093,0,0,0,0,0.0,3.783601,21.065053,3.194572e-12,0.00025224,0.001404337,False,0.001402,False
2018-05-15,RS03AXBS-MJ03A-06-PRESTA301,2,True,2018-05-15T00:00:12Z,2018-05-15T23:59:57Z,5760,5760,0,14.999925,14.999639988,15.000000997,0.008709255,0,0,0,0,0.0,4.252311,21.183172,3.334138e-12,0.0002834874,0.001412211,False,0.001343,False
2018-05-16,RS03AXBS-MJ03A-06-PRESTA301,2,True,2018-05-16T00:00:12Z,2018-05-16T23:59:57Z,5760,5760,0,14.999925,14.999671936,14.999999343,0.005183659,0,0,0,0,0.0,3.613317,22.241203,2.366614e-12,0.0002408878,0.001482747,False,0.001348,False
2018-05-17,RS03AXBS-MJ03A-06-PRESTA301,2,True,2018-05-17T00:00:12Z,2018-05-17T23:59:57Z,5760,5760,0,14.999925,14.999616146,15.000001637,0.001658075,0,0,0,0,0.0,4.550172,27.204232,2.553889e-12,0.0003033448,0.001813615,False,0.001471,False
2018-05-18,RS03AXBS-MJ03A-06-PRESTA301,2,True,2018-05-18T00:00:12Z,2018-05-18T23:59:57Z,5753,5760,7,14.999925,14.999650955,15.000006523,-0.01107785,1,7,1,7,-0.0,5.185495,23.469843,-2.559638e-12,0.0003456995,0.001564656,False,0.00134,True
2018-05-19,RS03AXBS-MJ03A-06-PRESTA301,2,True,2018-05-19T00:00:12Z,2018-05-19T23:59:57Z,5760,5760,0,14.999925,14.999676228,15.000002838,-0.007078916,0,0,0,0,0.0,3.67395,21.289152,1.634608e-12,0.00024493,0.001419277,False,0.00134,False
2018-05-20,RS03AXBS-MJ03A-06-PRESTA301,2,True,2018-05-20T00:00:12Z,2018-05-20T23:59:57Z,5760,5760,0,14.999925,14.999688625,15.000001316,-0.002264121,0,0,0,0,0.0,3.492995,22.972287,1.782899e-12,0.0002328663,0.001531486,False,0.001402,False
2018-05-21,RS03AXBS-MJ03A-06-PRESTA301,2,True,2018-05-21T00:00:12Z,2018-05-21T23:59:57Z,5760,5760,0,14.999925,14.999688148,15.000001191,-0.001423086,0,0,0,0,0.0,3.078089,17.053876,1.230925e-12,0.0002052059,0.001136925,False,0.001347,False
2018-05-22,RS03AXBS-MJ03A-06-PRESTA301,2,True,2018-05-22T00:00:12Z,2018-05-22T23:59:57Z,5760,5760,0,14.999925,14.999676228,15.000001509,-0.013848466,0,0,0,0,0.0,3.217412,17.960872,7.41012e-13,0.0002144941,0.001197391,False,0.001381,False
2018-05-23,RS03AXBS-MJ03A-06-PRESTA301,2,True,2018-05-23T00:00:12Z,2018-05-23T23:59:57Z,5760,5760,0,14.999925,14.999653816,15.00000053,-0.001123236,0,0,0,0,0.0,4.619061,21.678803,1.885055e-12,0.0003079374,0.001445253,False,0.001358,False
2018-05-24,RS03AXBS-MJ03A-06-PRESTA301,2,True,2018-05-24T00:00:12Z,2018-05-24T23:59:57Z,5760,5760,0,14.999925,14.999689102,15.000000933,0.008484135,0,0,0,0,0.0,3.637021,19.070644,3.533735e-13,0.000242468,0.001271376,False,0.001355,False
2018-05-25,RS03AXBS-MJ03A-06-PRESTA301,2,True,2018-05-25T00:00:12Z,2018-05-25T23:59:57Z,5760,5760,0,14.999925,14.999657631,15.000001455,0.003121895,0,0,0,0,0.0,3.995585,24.999126,6.396058e-13,0.0002663723,0.001666608,False,0.00138,False
2018-05-26,RS03AXBS-MJ03A-06-PRESTA301,2,True,2018-05-26T00:00:12Z,2018-05-26T23:59:57Z,5760,5760,0,14.999925,14.999674797,15.000001645,-0.004672759,0,0,0,0,0.0,3.751852,22.806105,1.183678e-12,0.0002501235,0.001520407,False,0.001387,False
2018-05-27,RS03AXBS-MJ03A-06-PRESTA301,2,True,2018-05-27T00:00:12Z,2018-05-27T23:59:57Z,5760,5760,0,14.999925,14.999639034,15.000002304,-0.005900612,0,0,0,0,0.0,3.940341,20.018456,2.164887e-12,0.0002626893,0.001334564,False,0.001334,False
2018-05-28,RS03AXBS-MJ03A-06-PRESTA301,2,True,2018-05-28T00:00:12Z,2018-05-28T23:59:57Z,5760,5760,0,14.999925,14.99967289,15.000002272,0.000423954,0,0,0,0,0.0,3.384555,18.283558,1.056034e-12,0.000225637,0.001218904,False,0.001371,False
2018-05-29,RS03AXBS-MJ03A-06-PRESTA301,2,True,2018-05-29T00:00:12Z,2018-05-29T23:59:57Z,5760,5760,0,14.999925,14.999670029,15.00000241,0.000339371,0,0,0,0,0.0,3.342354,20.96972,4.04932e-12,0.0002228236,0.001397981,False,0.001547,False
2018-05-30,RS03AXBS-MJ03A-06-PRESTA301,2,True,2018-05-30T00:00:12Z,2018-05-30T23:59:57Z,5760,5760,0,14.999925,14.99962759,15.000002009,-0.001304422,0,0,0,0,0.0,3.388051,18.511513,1.98449e-12,0.00022587,0.001234101,False,0.001347,False
2018-05-31,RS03AXBS-MJ03A-06-PRESTA301,2,True,2018-05-31T00:00:12Z,2018-05-31T23:59:57Z,5760,5760,0,14.999925,14.999655724,15.000002154,-0.003938028,0,0,0,0,0.0,3.428121,19.911837,1.072173e-12,0.0002285413,0.001327456,False,0.001346,False
2018-06-01,RS03AXBS-MJ03A-06-PRESTA301,2,True,2018-06-01T00:00:12Z,2018-06-01T23:59:57Z,5760,5760,0,14.999925,14.999660015,15.000000292,0.002337619,0,0,0,0,0.0,3.426916,19.000471,1.528356e-13,0.000228461,0.001266698,False,0.001385,False
2018-06-02,RS03AXBS-MJ03A-06-PRESTA301,2,True,2018-06-02T00:00:12Z,2018-06-02T23:59:57Z,5760,5760,0,14.999925,14.999674797,14.999999075,0.001806765,0,0,0,0,0.0,3.497145,18.089827,3.341384e-12,0.000233143,0.001205989,False,0.00135,False
2018-06-03,RS03AXBS-MJ03A-06-PRESTA301,2,True,2018-06-03T00:00:12Z,2018-06-03T23:59:57Z,5760,5760,0,14.999925,14.999671936,14.99999837,-0.000395487,0,0,0,0,0.0,3.104411,17.965551,8.41456e-13,0.0002069607,0.001197704,False,0.001354,False
2018-06-04,RS03AXBS-MJ03A-06-PRESTA301,2,True,2018-06-04T00:00:12Z,2018-06-04T23:59:57Z,5760,5760,0,14.999925,14.999663353,14.999998322,-0.000103974,0,0,0,0,0.0,3.638912,18.80174,2.140781e-12,0.0002425942,0.001253449,False,0.001366,False
2018-06-05,RS03AXBS-MJ03A-06-PRESTA301,2,True,2018-06-05T00:00:12Z,2018-06-05T23:59:57Z,5760,5760,0,14.999925,14.999703884,14.999999389,0.003953944,0,0,0,0,0.0,4.298776,21.057029,2.939479e-12,0.0002865851,0.001403802,False,0.001386,False
2018-06-06,RS03AXBS-MJ03A-06-PRESTA301,2,True,2018-06-06T00:00:12Z,2018-06-06T23:59:57Z,5760,5760,0,14.999925,14.999660969,14.999999502,-0.002678682,0,0,0,0,0.0,3.503368,19.741475,1.551298e-12,0.0002335579,0.001316098,False,0.001357,False
2018-06-07,RS03AXBS-MJ03A-06-PRESTA301,2,True,2018-06-07T00:00:12Z,2018-06-07T23:59:57Z,5760,5760,0,14.999925,14.99967289,14.999999501,0.002122297,0,0,0,0,0.0,3.586152,22.351414,2.347368e-12,0.0002390768,0.001490094,False,0.001576,False
2018-06-08,RS03AXBS-MJ03A-06-PRESTA301,2,True,2018-06-08T00:00:12Z,2018-06-08T23:59:57Z,5760,5760,0,14.999925,14.999677181,15.000000652,-0.010847429,0,0,0,0,0.0,4.018567,19.439409,1.025478e-12,0.0002679044,0.001295961,False,0.001378,False
2018-06-09,RS03AXBS-MJ03A-06-PRESTA301,2,True,2018-06-09T00:00:12Z,2018-06-09T23:59:57Z,5760,5760,0,14.999925,14.999696255,15.000001651,-0.001379624,0,0,0,0,0.0,3.238854,19.678789,8.521981e-13,0.0002159236,0.001311919,False,0.001381,False
2018-06-10,RS03AXBS-MJ03A-06-PRESTA301,2,True,2018-06-10T00:00:12Z,2018-06-10T23:59:57Z,5760,5760,0,14.999925,14.999684334,15.000002027,0.001304661,0,0,0,0,0.0,3.110216,19.194843,2.716576e-12,0.0002073477,0.001279656,False,0.001395,False
2018-06-11,RS03AXBS-MJ03A-06-PRESTA301,2,True,2018-06-11T00:00:12Z,2018-06-11T23:59:57Z,5760,5760,0,14.999925,14.999648094,15.000001392,0.002884163,0,0,0,0,0.0,3.624108,18.997159,1.379134e-12,0.0002416072,0.001266477,False,0.001387,False
2018-06-12,RS03AXBS-MJ03A-06-PRESTA301,2,True,2018-06-12T00:00:12Z,2018-06-12T23:59:57Z,5760,5760,0,14.999925,14.999616146,15.000000969,8.7335e-05,0,0,0,0,0.0,3.253152,19.030132,2.544773e-12,0.0002168768,0.001268675,False,0.001574,False
2018-06-13,RS03AXBS-MJ03A-06-PRESTA301,2,True,2018-06-13T00:00:12Z,2018-06-13T23:59:57Z,5760,5760,0,14.999925,14.999620914,14.999999951,0.001090053,0,0,0,0,0.0,3.087826,17.436637,2.736617e-12,0.000205855,0.001162442,False,0.001395,False
2018-06-14,RS03AXBS-MJ03A-06-PRESTA301,2,True,2018-06-14T00:00:12Z,2018-06-14T23:59:57Z,5760,5760,0,14.999925,14.999628544,15.000000671,0.002684084,0,0,0,0,0.0,3.618733,18.127109,2.3269e-12,0.0002412489,0.001208474,False,0.001363,False
2018-06-15,RS03AXBS-MJ03A-06-PRESTA301,2,True,2018-06-15T00:00:12Z,2018-06-15T23:59:57Z,5760,5760,0,14.999925,14.999642372,15.000001123,0.006935019,0,0,0,0,0.0,3.187932,22.04238,1.512018e-12,0.0002125288,0.001469492,False,0.001371,False
2018-06-16,RS03AXBS-MJ03A-06-PRESTA301,2,True,2018-06-16T00:00:12Z,2018-06-16T23:59:57Z,5754,5760,6,14.999925,14.999629021,15.000001878,0.000761397,1,6,1,6,0.0,3.253628,17.524565,5.059781e-13,0.0002169085,0.001168304,False,0.00136,True
2018-06-17,RS03AXBS-MJ03A-06-PRESTA301,2,True,2018-06-17T00:00:12Z,2018-06-17T23:59:57Z,5760,5760,0,14.999925,14.999629974,15.000002321,0.002053775,0,0,0,0,0.0,3.120104,21.592515,2.136035e-12,0.0002080069,0.001439501,False,0.00164,False
2018-06-18,RS03AXBS-MJ03A-06-PRESTA301,2,True,2018-06-18T00:00:12Z,2018-06-18T23:59:57Z,5760,5760,0,14.999925,14.999652863,15.000002024,-0.00312345,0,0,0,0,0.0,4.787415,27.762429,1.091753e-12,0.000319161,0.001850828,False,0.001362,False
2018-06-19,RS03AXBS-MJ03A-06-PRESTA301,2,True,2018-06-19T00:00:12Z,2018-06-19T23:59:57Z,5760,5760,0,14.999925,14.999680996,15.000002658,0.002537533,0,0,0,0,0.0,4.159737,20.46874,2.977637e-12,0.0002773157,0.001364582,False,0.001421,False
2018-06-20,RS03AXBS-MJ03A-06-PRESTA301,2,True,2018-06-20T00:00:12Z,2018-06-20T23:59:57Z,5760,5760,0,14.999925,14.999671936,15.000001649,-0.001703866,0,0,0,0,0.0,3.336782,18.903346,2.205689e-12,0.0002224521,0.001260223,False,0.001383,False
2018-06-21,RS03AXBS-MJ03A-06-PRESTA301,2,True,2018-06-21T00:00:12Z,2018-06-21T23:59:57Z,5760,5760,0,14.999925,14.99970293,15.000001633,0.002997687,0,0,0,0,0.0,3.117193,19.39999,2.516152e-12,0.0002078128,0.001293333,False,0.001575,False
2018-06-22,RS03AXBS-MJ03A-06-PRESTA301,2,True,2018-06-22T00:00:12Z,2018-06-22T23:59:57Z,5760,5760,0,14.999925,14.999691963,15.000001679,-0.000709279,0,0,0,0,0.0,3.125492,17.270387,3.018019e-12,0.0002083661,0.001151359,False,0.001353,False
2018-06-23,RS03AXBS-MJ03A-06-PRESTA301,2,True,2018-06-23T00:00:12Z,2018-06-23T23:59:57Z,5760,5760,0,14.999925,14.999636173,15.000001731,-0.001007161,0,0,0,0,0.0,3.196198,20.581907,3.367536e-12,0.0002130798,0.001372127,False,0.001362,False
2018-06-24,RS03AXBS-MJ03A-06-PRESTA301,2,True,2018-06-24T00:00:12Z,2018-06-24T23:59:57Z,5760,5760,0,14.999925,14.999683857,15.000001365,-4.9199e-05,0,0,0,0,0.0,3.172818,21.950856,3.370643e-12,0.0002115212,0.00146339,False,0.00137,False
2018-06-25,RS03AXBS-MJ03A-06-PRESTA301,2,True,2018-06-25T00:00:12Z,2018-06-25T23:59:57Z,5760,5760,0,14.999925,14.999692917,15.000001075,-0.011475065,0,0,0,0,0.0,3.314266,17.512081,3.259772e-12,0.0002209511,0.001167472,False,0.001377,False
2018-06-26,RS03AXBS-MJ03A-06-PRESTA301,2,True,2018-06-26T00:00:12Z,2018-06-26T23:59:57Z,5760,5760,0,14.999925,14.999676704,15.000000864,0.001240234,0,0,0,0,0.0,4.012614,19.248148,1.497356e-12,0.0002675076,0.00128321,False,0.001364,False
2018-06-27,RS03AXBS-MJ03A-06-PRESTA301,2,True,2018-06-27T00:00:12Z,2018-06-27T23:59:57Z,5760,5760,0,14.999925,14.999619961,15.000002174,-0.002225957,0,0,0,0,0.0,4.735289,24.681099,2.437522e-12,0.0003156859,0.001645406,False,0.001533,False
2018-06-28,RS03AXBS-MJ03A-06-PRESTA301,2,True,2018-06-28T00:00:12Z,2018-06-28T23:59:57Z,5760,5760,0,14.999925,14.999637127,15.000002124,-0.001132773,0,0,0,0,0.0,3.491913,18.686179,1.112471e-12,0.0002327942,0.001245745,False,0.001349,False
2018-06-29,RS03AXBS-MJ03A-06-PRESTA301,2,True,2018-06-29T00:00:12Z,2018-06-29T23:59:57Z,5760,5760,0,14.999925,14.999651909,15.000002193,0.000940808,0,0,0,0,0.0,3.25112,20.094884,2.133405e-12,0.0002167413,0.001339659,False,0.001382,False
2018-06-30,RS03AXBS-MJ03A-06-PRESTA301,2,True,2018-06-30T00:00:12Z,2018-06-30T23:59:57Z,5760,5760,0,14.999925,14.999670029,15.000002283,-0.001054236,0,0,0,0,0.0,3.157496,19.296598,2.54918e-12,0.0002104997,0.00128644,False,0.001372,False
2018-07-01,RS03AXBS-MJ03A-06-PRESTA301,2,True,2018-07-01T00:00:12Z,2018-07-01T23:59:57Z,5760,5760,0,14.999925,14.999648094,15.000002432,-0.000183855,0,0,0,0,0.0,3.380088,18.299962,2.145851e-12,0.0002253391,0.001219997,False,0.00134,False
2018-07-02,RS03AXBS-MJ03A-06-PRESTA301,2,True,2018-07-02T00:00:12Z,2018-07-02T23:59:57Z,5760,5760,0,14.999925,14.999662876,15.000001777,-0.001432595,0,0,0,0,0.0,3.370428,17.534532,1.722896e-12,0.0002246952,0.001168969,False,0.001545,False
2018-07-03,RS03AXBS-MJ03A-06-PRESTA301,2,True,2018-07-03T00:00:12Z,2018-07-03T23:59:57Z,5760,5760,0,14.999925,14.999684811,15.000002308,-0.000730782,0,0,0,0,0.0,3.432623,22.207414,1.560296e-12,0.0002288415,0.001480494,False,0.001639,False
2018-07-04,RS03AXBS-MJ03A-06-PRESTA301,2,True,2018-07-04T00:00:12Z,2018-07-04T23:59:57Z,5760,5760,0,14.999925,14.999669552,15.000001678,0.001394475,0,0,0,0,0.0,3.572215,19.633002,3.160425e-12,0.0002381477,0.001308867,False,0.001379,False
2018-07-05,RS03AXBS-MJ03A-06-PRESTA301,2,True,2018-07-05T00:00:12Z,2018-07-05T23:59:57Z,5758,5760,2,14.999925,14.999685287,15.000002019,-0.000571975,2,2,2,2,-0.0,3.124334,23.22016,-3.261629e-12,0.0002082889,0.00154801,False,0.001509,True
2018-07-06,RS03AXBS-MJ03A-06-PRESTA301,2,True,2018-07-06T00:00:12Z,2018-07-06T23:59:57Z,5760,5760,0,14.999925,14.999686718,15.000001773,0.003919727,0,0,0,0,0.0,3.241567,17.123576,1.502817e-12,0.0002161044,0.001141572,False,0.001387,False
2018-07-07,RS03AXBS-MJ03A-06-PRESTA301,2,True,2018-07-07T00:00:12Z,2018-07-07T23:59:57Z,5760,5760,0,14.999925,14.999700069,15.000001661,0.002211982,0,0,0,0,0.0,3.402782,17.66749,1.470264e-12,0.0002268521,0.001177833,False,0.001341,False
2018-07-08,RS03AXBS-MJ03A-06-PRESTA301,2,True,2018-07-08T00:00:12Z,2018-07-08T23:59:57Z,5760,5760,0,14.999925,14.999700069,15.000001069,0.001964317,0,0,0,0,0.0,3.367177,23.403222,2.789795e-12,0.0002244785,0.001560215,False,0.001335,False
2018-07-09,RS03AXBS-MJ03A-06-PRESTA301,2,True,2018-07-09T00:00:12Z,2018-07-09T23:59:57Z,5760,5760,0,14.999925,14.999664783,15.000001705,0.0011692,0,0,0,0,0.0,3.280626,19.899628,1.465784e-12,0.0002187084,0.001326642,False,0.001395,False
2018-07-10,RS03AXBS-MJ03A-06-PRESTA301,2,True,2018-07-10T00:00:12Z,2018-07-10T23:59:57Z,5760,5760,0,14.999925,14.999660969,15.00000119,-0.002999937,0,0,0,0,0.0,3.087374,16.892322,1.693245e-12,0.0002058249,0.001126155,False,0.001384,False
2018-07-11,RS03AXBS-MJ03A-06-PRESTA301,2,True,2018-07-11T00:00:12Z,2018-07-11T23:59:57Z,5760,5760,0,14.999925,14.999637127,15.00000021,-0.000659945,0,0,0,0,0.0,3.183744,19.701899,2.220561e-12,0.0002122496,0.00131346,False,0.001379,False
2018-07-12,RS03AXBS-MJ03A-06-PRESTA301,2,True,2018-07-12T00:00:12Z,2018-07-12T23:59:57Z,5760,5760,0,14.999925,14.99960804,15.000001327,-0.010425225,0,0,0,0,0.0,3.136739,17.03975,1.492532e-12,0.0002091159,0.001135983,False,0.001338,False
2018-07-13,RS03AXBS-MJ03A-06-PRESTA301,2,True,2018-07-13T00:00:12Z,2018-07-13T23:59:57Z,5760,5760,0,14.999925,14.999627113,15.000002203,-0.000663132,0,0,0,0,0.0,3.317864,17.391879,3.062076e-12,0.0002211909,0.001159458,False,0.001353,False
2018-07-14,RS03AXBS-MJ03A-06-PRESTA301,2,True,2018-07-14T00:00:12Z,2018-07-14T23:59:57Z,5760,5760,0,14.999925,14.999650955,15.000001773,0.001447832,0,0,0,0,0.0,3.476247,24.152631,2.4646e-12,0.0002317498,0.001610175,False,0.001837,False
2018-07-15,RS03AXBS-MJ03A-06-PRESTA301,2,True,2018-07-15T00:00:12Z,2018-07-15T23:59:57Z,5760,5760,0,14.999925,14.999630928,15.000002558,0.003174679,0,0,0,0,0.0,3.225959,19.510945,3.449114e-12,0.0002150639,0.001300729,False,0.001364,False
2018-07-16,RS03AXBS-MJ03A-06-PRESTA301,2,True,2018-07-16T00:00:12Z,2018-07-16T23:59:57Z,5760,5760,0,14.999925,14.999650002,15.000002456,-0.000891873,0,0,0,0,0.0,3.290282,17.041929,3.063582e-12,0.0002193521,0.001136128,False,0.001357,False
2018-07-17,RS03AXBS-MJ03A-06-PRESTA301,2,True,2018-07-17T00:00:12Z,2018-07-17T23:59:57Z,5709,5760,51,14.999925,14.999609947,15.00000207,0.000988025,1,51,1,51,0.0,3.440635,18.546037,3.8903e-13,0.0002293756,0.001236402,False,0.001394,True
2018-07-18,RS03AXBS-MJ03A-06-PRESTA301,2,True,2018-07-18T00:00:12Z,2018-07-18T23:59:57Z,5760,5760,0,14.999925,14.999663353,15.000001713,0.001119532,0,0,0,0,0.0,3.185482,20.295968,1.32767e-12,0.0002123654,0.001353064,False,0.001402,False
2018-07-19,RS03AXBS-MJ03A-06-PRESTA301,2,True,2018-07-19T00:00:12Z,2018-07-19T23:59:57Z,5760,5760,0,14.999925,14.999682903,15.000001853,0.000598296,0,0,0,0,0.0,3.229447,18.113072,1.180687e-12,0.0002152965,0.001207538,False,0.001389,False
2018-07-20,RS03AXBS-MJ03A-06-PRESTA301,2,True,2018-07-20T00:00:12Z,2018-07-20T23:59:57Z,5760,5760,0,14.999925,14.999706268,15.000001909,-0.001513963,0,0,0,0,0.0,3.163166,20.727325,2.084808e-12,0.0002108777,0.001381821,False,0.001355,False
2018-07-21,RS03AXBS-MJ03A-06-PRESTA301,2,True,2018-07-21T00:00:12Z,2018-07-21T23:59:57Z,5760,5760,0,14.999925,14.999680996,15.000001746,0.001029247,0,0,0,0,0.0,3.767212,19.845536,3.281372e-12,0.0002511475,0.001323036,False,0.001348,False
2018-07-22,RS03AXBS-MJ03A-06-PRESTA301,2,True,2018-07-22T00:00:12Z,2018-07-22T23:59:57Z,5760,5760,0,14.999925,14.999663353,15.000002349,0.0007878,0,0,0,0,0.0,3.198573,18.188079,2.405567e-12,0.0002132382,0.001212538,False,0.001346,False
2018-07-23,RS03AXBS-MJ03A-06-PRESTA301,2,True,2018-07-23T00:00:12Z,2018-07-23T23:59:57Z,5760,5760,0,14.999925,14.999679089,15.000001505,-0.002604221,0,0,0,0,0.0,3.257795,20.865965,1.415071e-12,0.0002171863,0.001391064,False,0.001396,False
2018-07-24,RS03AXBS-MJ03A-06-PRESTA301,2,True,2018-07-24T00:00:12Z,2018-07-24T23:59:57Z,5760,5760,0,14.999925,14.999669075,15.000001214,-0.003481926,0,0,0,0,0.0,3.08072,18.792476,1.162424e-12,0.0002053813,0.001252832,False,0.0014,False
2018-07-25,RS03AXBS-MJ03A-06-PRESTA301,2,True,2018-07-25T00:00:12Z,2018-07-25T23:59:57Z,5760,5760,0,14.999925,14.999670029,15.00000102,0.000476665,0,0,0,0,0.0,3.028725,16.719516,1.038453e-12,0.000201915,0.001114634,False,0.001302,False
2018-07-26,RS03AXBS-MJ03A-06-PRESTA301,2,True,2018-07-26T00:00:12Z,2018-07-26T23:59:57Z,5760,5760,0,14.999925,14.999645233,15.000001884,-0.003814281,0,0,0,0,0.0,3.722259,19.923211,1.738446e-12,0.0002481506,0.001328214,False,0.001365,False
2018-07-27,RS03AXBS-MJ03A-06-PRESTA301,2,True,2018-07-27T00:00:12Z,2018-07-27T23:59:57Z,5760,5760,0,14.999925,14.999650002,15.000001879,0.001054982,0,0,0,0,0.0,3.436635,19.253891,3.501441e-12,0.000229109,0.001283593,False,0.001334,False
2018-07-28,RS03AXBS-MJ03A-06-PRESTA301,2,True,2018-07-28T00:00:12Z,2018-07-28T23:59:57Z,5760,5760,0,14.999925,14.999656677,15.000002097,0.004134512,0,0,0,0,0.0,3.2002,18.223459,1.65675e-12,0.0002133466,0.001214897,False,0.001383,False
2018-07-29,RS03AXBS-MJ03A-06-PRESTA301,2,True,2018-07-29T00:00:12Z,2018-07-29T23:59:57Z,5760,5760,0,14.999925,14.999659061,15.000001468,-0.017371628,0,0,0,0,0.0,3.810681,19.729102,1.282009e-12,0.0002540454,0.001315273,False,0.001413,False
2018-07-30,RS03AXBS-MJ03A-06-PRESTA301,2,True,2018-07-30T00:00:12Z,2018-07-30T23:59:57Z,5760,5760,0,14.999925,14.999661922,15.000002062,0.001844337,0,0,0,0,0.0,3.879054,20.441694,2.127234e-12,0.0002586036,0.001362779,False,0.001343,False
2018-07-31,RS03AXBS-MJ03A-06-PRESTA301,2,True,2018-07-31T00:00:12Z,2018-07-31T23:59:57Z,5760,5760,0,14.999925,14.999667645,15.000002611,0.000362849,0,0,0,0,0.0,3.72346,18.403862,3.322665e-12,0.0002482306,0.001226924,False,0.001345,False
2018-08-01,RS03AXBS-MJ03A-06-PRESTA301,2,True,2018-08-01T00:00:12Z,2018-08-01T23:59:57Z,5760,5760,0,14.999925,14.999654293,15.000002368,0.000172216,0,0,0,0,0.0,3.49068,21.154573,2.051308e-12,0.0002327119,0.001410305,False,0.001347,False
2018-08-02,RS03AXBS-MJ03A-06-PRESTA301,2,True,2018-08-02T00:00:12Z,2018-08-02T23:59:57Z,5760,5760,0,14.999925,14.999690056,15.000002212,-0.003062556,0,0,0,0,0.0,3.44106,18.613018,2.689355e-12,0.0002294039,0.001240868,False,0.001384,False
2018-08-03,RS03AXBS-MJ03A-06-PRESTA301,2,True,2018-08-03T00:00:12Z,2018-08-03T23:59:57Z,5760,5760,0,14.999925,14.999670982,15.000002321,-0.002960896,0,0,0,0,0.0,3.266594,18.736227,9.770075e-13,0.0002177729,0.001249082,False,0.001372,False
2018-08-04,RS03AXBS-MJ03A-06-PRESTA301,2,True,2018-08-04T00:00:12Z,2018-08-04T23:59:57Z,5760,5760,0,14.999925,14.999628067,15.000002,0.002066119,0,0,0,0,0.0,3.245174,18.913446,1.966923e-12,0.0002163449,0.001260896,False,0.001351,False
2018-08-05,RS03AXBS-MJ03A-06-PRESTA301,2,True,2018-08-05T00:00:12Z,2018-08-05T23:59:57Z,5760,5760,0,14.999925,14.999682903,15.000001501,0.001724847,0,0,0,0,0.0,3.522151,18.973195,1.859667e-12,0.00023481,0.00126488,False,0.00133,False
2018-08-06,RS03AXBS-MJ03A-06-PRESTA301,2,True,2018-08-06T00:00:12Z,2018-08-06T23:59:57Z,5760,5760,0,14.999925,14.999686241,15.000001767,0.0022493,0,0,0,0,0.0,3.247208,17.55366,2.904891e-12,0.0002164805,0.001170244,False,0.001462,False
2018-08-07,RS03AXBS-MJ03A-06-PRESTA301,2,True,2018-08-07T00:00:12Z,2018-08-07T23:59:57Z,5760,5760,0,14.999925,14.999660015,15.000001937,-0.001962587,0,0,0,0,0.0,3.649995,18.664465,1.955641e-12,0.000243333,0.001244298,False,0.001427,False
2018-08-08,RS03AXBS-MJ03A-06-PRESTA301,2,True,2018-08-08T00:00:12Z,2018-08-08T23:59:57Z,5760,5760,0,14.999925,14.999637127,15.000001837,-0.001029563,0,0,0,0,0.0,3.332664,20.644823,2.502386e-12,0.0002221775,0.001376321,False,0.001333,False
2018-08-09,RS03AXBS-MJ03A-06-PRESTA301,2,True,2018-08-09T00:00:12Z,2018-08-09T23:59:57Z,5760,5760,0,14.999925,14.999608994,15.000001657,0.001531699,0,0,0,0,0.0,3.156572,17.436601,2.372703e-12,0.0002104381,0.00116244,False,0.001359,False
2018-08-10,RS03AXBS-MJ03A-06-PRESTA301,2,True,2018-08-10T00:00:12Z,2018-08-10T21:27:27Z,5150,5150,0,14.999925,14.999620914,15.000001712,0.000616669,0,0,0,0,0.0,14.09791,986.413329,9.782283e-14,0.0009398606,0.06576088,False,0.065814,False
2018-08-11,RS03AXBS-MJ03A-06-PRESTA301,2,True,2018-08-11T16:53:28Z,2018-08-11T23:59:58Z,1707,1707,0,14.999925,14.999571085,15.000004373,-0.003111281,0,0,0,0,-0.0,24.418378,1000.473067,-2.323255e-13,0.001627891,0.06669818,False,0.066723,False
2018-08-12,RS03AXBS-MJ03A-06-PRESTA301,2,True,2018-08-12T00:00:13Z,2018-08-12T23:59:58Z,5760,5760,0,14.999925,14.999590874,15.000001419,-0.00032552,0,0,0,0,0.0,3.345757,22.314443,2.644963e-12,0.0002230504,0.001487629,False,0.001354,False
2018-08-13,RS03AXBS-MJ03A-06-PRESTA301,2,True,2018-08-13T00:00:13Z,2018-08-13T23:59:58Z,5759,5760,1,14.999925,14.999621391,15.000001862,-0.000404617,1,1,1,1,0.0,3.337341,17.537985,3.873649e-13,0.0002224893,0.001169199,False,0.001336,True
2018-08-14,RS03AXBS-MJ03A-06-PRESTA301,2,True,2018-08-14T00:00:13Z,2018-08-14T23:59:58Z,5760,5760,0,14.999925,14.999659061,15.000001532,0.001408369,0,0,0,0,0.0,3.293126,19.840594,1.259651e-12,0.0002195417,0.001322706,False,0.001369,False
2018-08-15,RS03AXBS-MJ03A-06-PRESTA301,2,True,2018-08-15T00:00:13Z,2018-08-15T23:59:58Z,5760,5760,0,14.999925,14.999646187,15.000002562,-0.001039496,0,0,0,0,0.0,3.588748,18.392307,2.048694e-12,0.0002392498,0.001226154,False,0.001456,False
2018-08-16,RS03AXBS-MJ03A-06-PRESTA301,2,True,2018-08-16T00:00:13Z,2018-08-16T23:59:58Z,5760,5760,0,14.999925,14.999655247,15.000001618,0.002766528,0,0,0,0,0.0,3.167575,17.377553,2.567899e-12,0.0002111717,0.001158503,False,0.001372,False
2018-08-17,RS03AXBS-MJ03A-06-PRESTA301,2,True,2018-08-17T00:00:13Z,2018-08-17T23:59:58Z,5760,5760,0,14.999925,14.999680996,15.00000203,-0.003585858,0,0,0,0,0.0,3.9417,19.691346,2.668025e-12,0.00026278,0.001312756,False,0.00138,False
2018-08-18,RS03AXBS-MJ03A-06-PRESTA301,2,True,2018-08-18T00:00:13Z,2018-08-18T23:59:58Z,5760,5760,0,14.999925,14.999671936,15.000002075,0.002481813,0,0,0,0,0.0,3.108142,22.128541,9.480216e-13,0.0002072094,0.001475236,False,0.00141,False
2018-08-19,RS03AXBS-MJ03A-06-PRESTA301,2,True,2018-08-19T00:00:13Z,2018-08-19T23:59:58Z,5760,5760,0,14.999925,14.999717236,15.000001851,-0.00022637,0,0,0,0,0.0,3.418488,18.04967,1.720097e-12,0.0002278992,0.001203311,False,0.001346,False
2018-08-20,RS03AXBS-MJ03A-06-PRESTA301,2,True,2018-08-20T00:00:13Z,2018-08-20T23:59:59Z,5759,5760,1,14.999925,14.999670029,15.000132242,-0.228150743,1,1,1,1,-0.0,279.72638,594.038996,-3.509574e-13,0.01864826,0.03960225,False,0.066865,True
2018-08-21,RS03AXBS-MJ03A-06-PRESTA301,2,True,2018-08-21T00:00:14Z,2018-08-21T23:59:59Z,5760,5760,0,14.999925,14.999644756,15.000002404,-0.001687108,0,0,0,0,0.0,3.375236,24.237017,9.195421e-14,0.0002250157,0.001615801,False,0.001754,False
2018-08-22,RS03AXBS-MJ03A-06-PRESTA301,2,True,2018-08-22T00:00:14Z,2018-08-22T17:41:59Z,4248,4248,0,14.999925,14.999685287,15.000001544,0.000751497,0,0,0,0,-0.0,3.153602,17.107573,-4.123565e-13,0.0002102401,0.001140505,False,0.001368,False
2018-08-23,RS03AXBS-MJ03A-06-PRESTA301,2,False,,,0,0,,14.999925,,,,,,,,,,,,,,,,False
2018-08-24,RS03AXBS-MJ03A-06-PRESTA301,2,True,2018-08-24T21:04:21Z,2018-08-24T23:59:51Z,703,703,0,14.999925,14.999664783,14.999999734,0.002739297,0,0,0,0,-0.0,3.241211,15.886061,-1.596644e-14,0.0002160808,0.001059071,False,0.001215,False
2018-08-25,RS03AXBS-MJ03A-06-PRESTA301,2,True,2018-08-25T00:00:06Z,2018-08-25T23:59:51Z,5760,5760,0,14.999925,14.999680996,15.00000163,-0.002823036,0,0,0,0,0.0,3.469506,21.129047,1.10213e-12,0.0002313004,0.001408603,False,0.00135,False
2018-08-26,RS03AXBS-MJ03A-06-PRESTA301,2,True,2018-08-26T00:00:06Z,2018-08-26T23:59:51Z,5760,5760,0,14.999925,14.999659061,15.000002064,0.00144519,0,0,0,0,0.0,3.099631,17.695592,1.488591e-12,0.0002066421,0.001179706,False,0.00138,False
2018-08-27,RS03AXBS-MJ03A-06-PRESTA301,2,True,2018-08-27T00:00:06Z,2018-08-27T23:59:55Z,5759,5760,1,14.999925,14.999616861,15.000658486,-1.104601025,1,1,1,1,0.0,1151.639099,2063.175112,1.597073e-12,0.07677257,0.137539,False,0.266588,True
2018-08-28,RS03AXBS-MJ03A-06-PRESTA301,2,True,2018-08-28T00:00:10Z,2018-08-28T15:26:40Z,3707,3707,0,14.999925,14.999678612,15.000002393,0.001698881,0,0,0,0,-0.0,3.298414,22.060703,-5.157132e-13,0.0002198942,0.001470713,False,0.001358,False
2018-08-29,RS03AXBS-MJ03A-06-PRESTA301,2,False,,,0,0,,14.999925,,,,,,,,,,,,,,,,False
2018-08-30,RS03AXBS-MJ03A-06-PRESTA301,2,True,2018-08-30T22:25:11Z,2018-08-30T23:59:46Z,378,379,1,14.999925,14.999454975,15.001650989,4.580620821,1,1,1,1,-0.0,696.761189,4593.236146,-6.693323e-14,0.04644563,0.306182,False,0.333282,True
2018-08-31,RS03AXBS-MJ03A-06-PRESTA301,2,True,2018-08-31T00:00:01Z,2018-08-31T23:59:46Z,5760,5760,0,14.999925,14.999684811,15.000001783,-0.002590523,0,0,1,1,-0.0,3.642035,109.081973,-1.959747e-12,0.0002428023,0.007272131,False,0.007444,False
2018-09-01,RS03AXBS-MJ03A-06-PRESTA301,2,True,2018-09-01T00:00:01Z,2018-09-01T23:59:46Z,5760,5760,0,14.999925,14.999675274,15.000001821,-0.003045405,0,0,0,0,0.0,3.766566,22.232941,1.935949e-12,0.0002511044,0.001482196,False,0.001703,False
2018-09-02,RS03AXBS-MJ03A-06-PRESTA301,2,True,2018-09-02T00:00:01Z,2018-09-02T23:59:46Z,5760,5760,0,14.999925,14.99968338,15.000003424,-0.004359345,0,0,0,0,0.0,3.313655,20.649864,2.668923e-12,0.0002209103,0.001376657,False,0.001299,False
2018-09-03,RS03AXBS-MJ03A-06-PRESTA301,2,True,2018-09-03T00:00:01Z,2018-09-03T23:59:46Z,5760,5760,0,14.999925,14.999696255,15.00000058,-0.002559387,0,0,0,0,0.0,3.341576,18.185199,1.771462e-12,0.0002227718,0.001212347,False,0.00137,False
2018-09-04,RS03AXBS-MJ03A-06-PRESTA301,2,True,2018-09-04T00:00:01Z,2018-09-04T23:59:46Z,5760,5760,0,14.999925,14.999686718,15.000000892,0.00337961,0,0,0,0,0.0,3.308988,25.098204,5.471558e-13,0.0002205992,0.001673214,False,0.001477,False
2018-09-05,RS03AXBS-MJ03A-06-PRESTA301,2,True,2018-09-05T00:00:01Z,2018-09-05T23:59:46Z,5483,5760,277,14.999925,14.999653816,15.000002334,-0.001411993,1,277,1,277,0.0,3.11023,17.383582,1.46816e-12,0.0002073486,0.001158905,False,0.006116,True
2018-09-06,RS03AXBS-MJ03A-06-PRESTA301,2,True,2018-09-06T00:00:01Z,2018-09-06T23:59:46Z,5760,5760,0,14.999925,14.999659061,15.000001453,0.001615204,0,0,0,0,0.0,3.120027,17.02527,2.128142e-12,0.0002080018,0.001135018,False,0.00138,False
2018-09-07,RS03AXBS-MJ03A-06-PRESTA301,2,True,2018-09-07T00:00:01Z,2018-09-07T23:59:46Z,5760,5760,0,14.999925,14.999639988,15.000001636,0.001096068,0,0,0,0,0.0,3.290005,21.107804,2.152847e-12,0.0002193336,0.001407187,False,0.001685,False
2018-09-08,RS03AXBS-MJ03A-06-PRESTA301,2,True,2018-09-08T00:00:01Z,2018-09-08T09:02:46Z,2172,2172,0,14.999925,14.999583721,15.000003472,-0.000155724,0,0,0,0,0.0,3.350228,16.776868,5.036779e-13,0.0002233485,0.001118458,False,0.001227,False
2018-09-09,RS03AXBS-MJ03A-06-PRESTA301,2,False,,,0,0,,14.999925,,,,,,,,,,,,,,,,False
2018-09-10,RS03AXBS-MJ03A-06-PRESTA301,2,True,2018-09-10T19:32:31Z,2018-09-10T23:59:46Z,1069,1070,1,14.999925,14.99946022,15.000006779,-0.014457799,1,1,1,1,-0.0,3.002819,15.854603,-1.338364e-13,0.0002001878,0.001056973,False,0.001145,True
2018-09-11,RS03AXBS-MJ03A-06-PRESTA301,2,True,2018-09-11T00:00:01Z,2018-09-11T23:59:46Z,5760,5760,0,14.999925,14.999602795,15.000001186,-0.001915912,0,0,0,0,0.0,4.640116,20.270772,2.316041e-13,0.000309341,0.001351385,False,0.001359,False
2018-09-12,RS03AXBS-MJ03A-06-PRESTA301,2,True,2018-09-12T00:00:01Z,2018-09-12T23:59:46Z,5760,5760,0,14.999925,14.999673843,15.000002015,-0.002138492,0,0,0,0,0.0,3.267766,18.555902,2.952253e-12,0.0002178511,0.00123706,False,0.0014,False
2018-09-13,RS03AXBS-MJ03A-06-PRESTA301,2,False,,,0,0,,14.999925,,,,,,,,,,,,,,,,False
2018-09-14,RS03AXBS-MJ03A-06-PRESTA301,2,True,2018-09-14T20:49:15Z,2018-09-14T23:59:51Z,762,763,1,14.999925,14.99945879,15.001609997,5.16820502,1,1,1,1,-0.0,1050.389321,5211.467323,-1.397086e-13,0.07001844,0.3473939,False,0.400078,True
2018-09-15,RS03AXBS-MJ03A-06-PRESTA301,2,True,2018-09-15T00:00:06Z,2018-09-15T23:59:51Z,5760,5760,0,14.999925,14.99969101,15.00000394,0.008309955,0,0,0,0,0.0,6.713178,26.511363,2.527955e-12,0.0004475451,0.001767424,False,0.001386,False
2018-09-16,RS03AXBS-MJ03A-06-PRESTA301,2,True,2018-09-16T00:00:06Z,2018-09-16T23:59:51Z,5760,5760,0,14.999925,14.999695301,15.000001959,-0.004858728,0,0,0,0,0.0,4.906413,26.515993,5.479992e-13,0.0003270942,0.001767733,False,0.001563,False
2018-09-17,RS03AXBS-MJ03A-06-PRESTA301,2,True,2018-09-17T00:00:06Z,2018-09-17T23:59:51Z,5760,5760,0,14.999925,14.999705315,15.000003102,-0.001007985,0,0,0,0,0.0,3.754089,23.746204,1.536076e-12,0.0002502725,0.00158308,False,0.001786,False
2018-09-18,RS03AXBS-MJ03A-06-PRESTA301,2,True,2018-09-18T00:00:06Z,2018-09-18T23:59:51Z,5760,5760,0,14.999925,14.999717712,15.000002157,-0.002936498,0,0,0,0,0.0,3.600876,18.847083,1.597896e-12,0.0002400583,0.001256472,False,0.001368,False
2018-09-19,RS03AXBS-MJ03A-06-PRESTA301,2,True,2018-09-19T00:00:06Z,2018-09-19T23:59:51Z,5728,5760,32,14.999925,14.999700069,15.000002451,-0.000151213,4,32,4,32,0.0,3.692109,18.501738,5.602596e-13,0.0002461405,0.001233449,False,0.001335,True
2018-09-20,RS03AXBS-MJ03A-06-PRESTA301,2,True,2018-09-20T00:00:06Z,2018-09-20T23:59:51Z,5728,5760,32,14.999925,14.999688148,15.000002124,0.003419474,4,32,4,32,-0.0,3.333023,17.769057,-1.054146e-12,0.0002222015,0.001184604,False,0.001375,True
2018-09-21,RS03AXBS-MJ03A-06-PRESTA301,2,True,2018-09-21T00:00:06Z,2018-09-21T23:59:51Z,5760,5760,0,14.999925,14.999660015,15.000001941,-0.002728312,0,0,0,0,0.0,3.219049,17.344156,7.972122e-13,0.0002146032,0.001156277,False,0.001341,False
2018-09-22,RS03AXBS-MJ03A-06-PRESTA301,2,True,2018-09-22T00:00:06Z,2018-09-22T23:59:51Z,5760,5760,0,14.999925,14.999653816,15.000002415,-0.002809238,0,0,0,0,0.0,3.517279,18.847033,1.722248e-12,0.0002344852,0.001256469,False,0.001358,False
2018-09-23,RS03AXBS-MJ03A-06-PRESTA301,2,True,2018-09-23T00:00:06Z,2018-09-23T23:59:51Z,5736,5760,24,14.999925,14.999677181,15.000002117,-0.002150314,3,24,3,24,0.0,3.97531,20.610829,8.274209e-13,0.0002650206,0.001374055,False,0.001417,True
2018-09-24,RS03AXBS-MJ03A-06-PRESTA301,2,True,2018-09-24T00:00:06Z,2018-09-24T23:59:51Z,5522,5760,238,14.999925,14.999661922,15.000003004,-0.00435533,3,238,3,238,0.0,3.500416,18.598288,2.532764e-12,0.000233361,0.001239886,False,0.004835,True
2018-09-25,RS03AXBS-MJ03A-06-PRESTA301,2,True,2018-09-25T00:00:06Z,2018-09-25T23:59:51Z,5760,5760,0,14.999925,14.999652386,15.000001438,0.002287662,0,0,0,0,0.0,3.739055,19.593943,1.963546e-12,0.0002492703,0.001306263,False,0.001389,False
2018-09-26,RS03AXBS-MJ03A-06-PRESTA301,2,True,2018-09-26T00:00:06Z,2018-09-26T23:59:51Z,5760,5760,0,14.999925,14.999650002,15.000001355,-0.002351669,0,0,0,0,0.0,3.406943,20.032216,3.271639e-12,0.0002271295,0.001335481,False,0.001468,False
2018-09-27,RS03AXBS-MJ03A-06-PRESTA301,2,True,2018-09-27T00:00:06Z,2018-09-27T23:59:51Z,5760,5760,0,14.999925,14.999652863,15.000001347,0.001936031,0,0,0,0,0.0,3.601331,18.054725,1.266487e-12,0.0002400887,0.001203648,False,0.001357,False
2018-09-28,RS03AXBS-MJ03A-06-PRESTA301,2,True,2018-09-28T00:00:06Z,2018-09-28T02:38:36Z,635,635,0,14.999925,14.999764919,15.000001128,-0.001152988,0,0,0,0,-0.0,2.977962,16.004713,-5.153463e-14,0.0001985308,0.001066981,False,0.000948,False
2018-09-29,RS03AXBS-MJ03A-06-PRESTA301,2,False,,,0,0,,14.999925,,,,,,,,,,,,,,,,False
2018-09-30,RS03AXBS-MJ03A-06-PRESTA301,2,False,,,0,0,,14.999925,,,,,,,,,,,,,,,,False
2018-10-01,RS03AXBS-MJ03A-06-PRESTA301,2,False,,,0,0,,14.999925,,,,,,,,,,,,,,,,False
2018-10-02,RS03AXBS-MJ03A-06-PRESTA301,2,True,2018-10-02T17:02:31Z,2018-10-02T23:59:45Z,1653,1670,17,14.999925,14.999643803,14.999933231,-0.92377209,3,17,3,17,-0.0,133.696934,942.372464,-1.881417e-13,0.008913169,0.06282511,False,0.066727,True
2018-10-03,RS03AXBS-MJ03A-06-PRESTA301,2,True,2018-10-03T00:00:00Z,2018-10-03T23:59:45Z,5751,5760,9,14.999925,14.999676228,15.000002032,0.000201265,1,9,1,9,-0.0,3.17443,17.303449,-7.401545e-13,0.0002116286,0.001153563,False,0.001372,True
2018-10-04,RS03AXBS-MJ03A-06-PRESTA301,2,True,2018-10-04T00:00:00Z,2018-10-04T23:59:45Z,5760,5760,0,14.999925,14.999657154,15.000002189,-0.002957631,0,0,0,0,0.0,3.468805,19.314843,1.968213e-12,0.0002312536,0.001287656,False,0.001381,False
2018-10-05,RS03AXBS-MJ03A-06-PRESTA301,2,True,2018-10-05T00:00:00Z,2018-10-05T23:59:45Z,5760,5760,0,14.999925,14.999677181,15.000001944,-0.002106761,0,0,0,0,0.0,3.61899,18.862774,9.147627e-13,0.000241266,0.001257518,False,0.001335,False
2018-10-06,RS03AXBS-MJ03A-06-PRESTA301,2,True,2018-10-06T00:00:00Z,2018-10-06T23:59:45Z,5760,5760,0,14.999925,14.999688148,15.000001708,0.001975589,0,0,0,0,0.0,3.222148,18.380875,2.722071e-12,0.0002148099,0.001225392,False,0.001358,False
2018-10-07,RS03AXBS-MJ03A-06-PRESTA301,2,True,2018-10-07T00:00:00Z,2018-10-07T23:59:45Z,5760,5760,0,14.999925,14.999652863,15.000001507,0.002689086,0,0,0,0,0.0,3.513748,24.061963,1.199973e-12,0.0002342498,0.001604131,False,0.001356,False
2018-10-08,RS03AXBS-MJ03A-06-PRESTA301,2,True,2018-10-08T00:00:00Z,2018-10-08T23:59:45Z,5760,5760,0,14.999925,14.999651909,15.000001558,-0.01564191,0,0,0,0,0.0,3.237539,21.401954,2.566823e-12,0.0002158359,0.001426797,False,0.001372,False
2018-10-09,RS03AXBS-MJ03A-06-PRESTA301,2,True,2018-10-09T00:00:00Z,2018-10-09T23:59:45Z,5760,5760,0,14.999925,14.999620914,15.00000216,0.003274836,0,0,0,0,0.0,3.21068,17.193568,1.925403e-12,0.0002140453,0.001146238,False,0.001403,False
2018-10-10,RS03AXBS-MJ03A-06-PRESTA301,2,True,2018-10-10T00:00:00Z,2018-10-10T23:59:45Z,5760,5760,0,14.999925,14.999652863,15.000001609,-0.004208288,0,0,0,0,0.0,3.989721,20.329573,2.432783e-12,0.0002659813,0.001355305,False,0.00139,False
2018-10-11,RS03AXBS-MJ03A-06-PRESTA301,2,True,2018-10-11T00:00:00Z,2018-10-11T23:59:45Z,5760,5760,0,14.999925,14.99968195,15.000001388,0.007145978,0,0,0,0,0.0,3.607789,19.549226,6.764008e-13,0.0002405192,0.001303282,False,0.001378,False
2018-10-12,RS03AXBS-MJ03A-06-PRESTA301,2,True,2018-10-12T00:00:00Z,2018-10-12T23:59:45Z,5760,5760,0,14.999925,14.999627113,15.000001571,-0.003282131,0,0,0,0,0.0,3.645801,19.348428,1.616348e-12,0.0002430534,0.001289895,False,0.001323,False
2018-10-13,RS03AXBS-MJ03A-06-PRESTA301,2,True,2018-10-13T00:00:00Z,2018-10-13T23:59:45Z,5760,5760,0,14.999925,14.999686241,15.000001633,-0.000592904,0,0,0,0,0.0,3.28234,20.451296,2.77528e-12,0.0002188226,0.00136342,False,0.001343,False
2018-10-14,RS03AXBS-MJ03A-06-PRESTA301,2,True,2018-10-14T00:00:00Z,2018-10-14T23:59:45Z,5760,5760,0,14.999925,14.999656677,15.000001635,-0.00058196,0,0,0,0,0.0,3.175073,17.661004,9.574661e-13,0.0002116715,0.0011774,False,0.001358,False
2018-10-15,RS03AXBS-MJ03A-06-PRESTA301,2,True,2018-10-15T00:00:00Z,2018-10-15T23:59:45Z,5760,5760,0,14.999925,14.999699116,15.000001906,0.002501493,0,0,0,0,0.0,3.28269,17.87969,1.772987e-12,0.000218846,0.001191979,False,0.001363,False
2018-10-16,RS03AXBS-MJ03A-06-PRESTA301,2,True,2018-10-16T00:00:00Z,2018-10-16T23:59:45Z,5735,5760,25,14.999925,14.999690056,15.000002123,0.000972663,1,25,1,25,0.0,3.710979,20.809557,6.720883e-13,0.0002473986,0.001387304,False,0.001588,True
2018-10-17,RS03AXBS-MJ03A-06-PRESTA301,2,True,2018-10-17T00:00:00Z,2018-10-17T23:59:45Z,5760,5760,0,14.999925,14.999703884,15.000001502,0.002981123,0,0,0,0,0.0,3.194346,20.776627,2.072262e-12,0.0002129563,0.001385108,False,0.001389,False
2018-10-18,RS03AXBS-MJ03A-06-PRESTA301,2,True,2018-10-18T00:00:00Z,2018-10-18T08:42:15Z,2027,2090,63,14.999925,14.999675274,15.000001153,-0.003023869,1,63,1,63,0.0,3.376954,17.152891,5.768866e-14,0.0002251303,0.001143526,False,0.001359,True
2018-10-19,RS03AXBS-MJ03A-06-PRESTA301,2,True,2018-10-19T20:14:15Z,2018-10-19T23:59:45Z,903,903,0,14.999925,14.999757767,15.00000231,7.0355e-05,0,0,0,0,-0.0,2.990545,16.169928,-3.325251e-13,0.0001993696,0.001077995,False,0.001146,False
2018-10-20,RS03AXBS-MJ03A-06-PRESTA301,2,True,2018-10-20T00:00:00Z,2018-10-20T23:59:45Z,5760,5760,0,14.999925,14.99966383,15.00000157,-0.01145034,0,0,0,0,0.0,4.567305,20.676499,2.967409e-12,0.0003044869,0.001378433,False,0.001382,False
2018-10-21,RS03AXBS-MJ03A-06-PRESTA301,2,True,2018-10-21T00:00:00Z,2018-10-21T23:59:45Z,5760,5760,0,14.999925,14.999676228,14.999999966,0.000631154,0,0,0,0,0.0,6.203306,22.599929,1.897305e-12,0.0004135537,0.001506662,False,0.001378,False
2018-10-22,RS03AXBS-MJ03A-06-PRESTA301,2,True,2018-10-22T00:00:00Z,2018-10-22T23:59:45Z,5760,5760,0,14.999925,14.999678135,15.000000559,0.00164981,0,0,0,0,0.0,3.086012,19.790224,9.117073e-13,0.0002057342,0.001319348,False,0.00137,False
2018-10-23,RS03AXBS-MJ03A-06-PRESTA301,2,True,2018-10-23T00:00:00Z,2018-10-23T23:59:45Z,5760,5760,0,14.999925,14.999650955,14.999998638,0.001747149,0,0,0,0,0.0,3.148716,22.50381,3.22647e-12,0.0002099144,0.001500254,False,0.001343,False
2018-10-24,RS03AXBS-MJ03A-06-PRESTA301,2,True,2018-10-24T00:00:00Z,2018-10-24T23:59:45Z,5760,5760,0,14.999925,14.999659061,14.999998364,0.000948958,0,0,0,0,0.0,3.428739,17.76045,5.089504e-13,0.0002285827,0.00118403,False,0.001358,False
2018-10-25,RS03AXBS-MJ03A-06-PRESTA301,2,True,2018-10-25T00:00:00Z,2018-10-25T23:59:45Z,5760,5760,0,14.999925,14.999680996,14.999999142,-0.003296776,0,0,0,0,0.0,3.347767,19.400621,2.194026e-12,0.0002231845,0.001293375,False,0.001397,False
2018-10-26,RS03AXBS-MJ03A-06-PRESTA301,2,True,2018-10-26T00:00:00Z,2018-10-26T23:59:45Z,5760,5760,0,14.999925,14.99966383,15.000000204,0.000950385,0,0,0,0,0.0,3.189996,22.034837,1.953137e-12,0.0002126664,0.001468989,False,0.001356,False
2018-10-27,RS03AXBS-MJ03A-06-PRESTA301,2,True,2018-10-27T00:00:00Z,2018-10-27T23:59:45Z,5760,5760,0,14.999925,14.99964571,15.000000365,0.000854853,0,0,0,0,0.0,3.379555,17.951458,1.828759e-12,0.0002253036,0.001196764,False,0.001375,False
2018-10-28,RS03AXBS-MJ03A-06-PRESTA301,2,True,2018-10-28T00:00:00Z,2018-10-28T23:59:45Z,5760,5760,0,14.999925,14.999675274,14.999999694,0.00303278,0,0,0,0,0.0,3.471132,22.593124,1.700142e-12,0.0002314088,0.001506208,False,0.001389,False
2018-10-29,RS03AXBS-MJ03A-06-PRESTA301,2,True,2018-10-29T00:00:00Z,2018-10-29T23:59:45Z,5760,5760,0,14.999925,14.999668121,15.000000875,0.00039368,0,0,0,0,0.0,3.445687,21.839885,1.390172e-12,0.0002297124,0.001455992,False,0.001358,False
2018-10-30,RS03AXBS-MJ03A-06-PRESTA301,2,True,2018-10-30T00:00:00Z,2018-10-30T23:59:45Z,5760,5760,0,14.999925,14.999670029,15.000001042,0.001440474,0,0,0,0,0.0,3.36914,17.617191,1.193561e-12,0.0002246093,0.001174479,False,0.001348,False
2018-10-31,RS03AXBS-MJ03A-06-PRESTA301,2,True,2018-10-31T00:00:00Z,2018-10-31T23:59:45Z,5752,5760,8,14.999925,14.999689102,15.000001628,0.003977974,1,8,1,8,-0.0,3.176943,17.656963,-2.583451e-12,0.0002117962,0.001177131,False,0.001342,True
2018-11-01,RS03AXBS-MJ03A-06-PRESTA301,2,True,2018-11-01T00:00:00Z,2018-11-01T23:59:45Z,5760,5760,0,14.999925,14.999699116,15.000001544,-0.013042943,0,0,0,0,0.0,3.219686,19.055323,1.449268e-12,0.0002146457,0.001270355,False,0.001368,False
2018-11-02,RS03AXBS-MJ03A-06-PRESTA301,2,True,2018-11-02T00:00:00Z,2018-11-02T23:59:45Z,5760,5760,0,14.999925,14.999673843,15.00000075,0.00532789,0,0,0,0,0.0,4.499894,20.932271,1.539133e-12,0.0002999929,0.001395485,False,0.001374,False
2018-11-03,RS03AXBS-MJ03A-06-PRESTA301,2,True,2018-11-03T00:00:00Z,2018-11-03T23:59:45Z,5760,5760,0,14.999925,14.999680996,14.999999904,0.008597738,0,0,0,0,0.0,5.876347,22.955574,1.595386e-12,0.0003917564,0.001530372,False,0.00146,False
2018-11-04,RS03AXBS-MJ03A-06-PRESTA301,2,True,2018-11-04T00:00:00Z,2018-11-04T23:59:45Z,5760,5760,0,14.999925,14.99967289,15.000002018,-0.002777733,0,0,0,0,0.0,3.371632,18.657856,9.016344e-13,0.0002247755,0.001243857,False,0.00139,False
2018-11-05,RS03AXBS-MJ03A-06-PRESTA301,2,True,2018-11-05T00:00:00Z,2018-11-05T23:59:45Z,5760,5760,0,14.999925,14.999629021,15.000001743,-0.002661925,0,0,0,0,0.0,3.327527,18.508885,1.04123e-12,0.0002218351,0.001233926,False,0.001338,False
2018-11-06,RS03AXBS-MJ03A-06-PRESTA301,2,True,2018-11-06T00:00:00Z,2018-11-06T23:59:45Z,5760,5760,0,14.999925,14.999679089,15.000001769,-0.002683583,0,0,0,0,0.0,3.175312,18.179944,2.749031e-12,0.0002116874,0.001211996,False,0.001351,False
2018-11-07,RS03AXBS-MJ03A-06-PRESTA301,2,True,2018-11-07T00:00:00Z,2018-11-07T23:59:45Z,5760,5760,0,14.999925,14.999656677,15.000002052,-0.000935369,0,0,0,0,0.0,3.94127,19.055612,1.215259e-12,0.0002627513,0.001270374,False,0.001354,False
2018-11-08,RS03AXBS-MJ03A-06-PRESTA301,2,True,2018-11-08T00:00:00Z,2018-11-08T23:59:45Z,5724,5760,36,14.999925,14.999643803,15.000001911,-0.001342239,1,36,1,36,-0.0,3.129288,20.464546,-1.035809e-12,0.0002086192,0.001364303,False,0.001531,True
2018-11-09,RS03AXBS-MJ03A-06-PRESTA301,2,True,2018-11-09T00:00:00Z,2018-11-09T23:59:45Z,5760,5760,0,14.999925,14.999606133,15.000001653,0.002770587,0,0,0,0,0.0,3.126336,19.83936,1.956269e-12,0.0002084224,0.001322624,False,0.001373,False
2018-11-10,RS03AXBS-MJ03A-06-PRESTA301,2,True,2018-11-10T00:00:00Z,2018-11-10T23:59:45Z,5760,5760,0,14.999925,14.999651909,15.000001145,0.000681601,0,0,0,0,0.0,3.23711,17.545,3.030775e-12,0.0002158073,0.001169667,False,0.001381,False
2018-11-11,RS03AXBS-MJ03A-06-PRESTA301,2,True,2018-11-11T00:00:00Z,2018-11-11T23:59:45Z,5760,5760,0,14.999925,14.999655724,15.000001855,0.002523643,0,0,0,0,0.0,3.310788,21.831725,1.7216e-12,0.0002207192,0.001455448,False,0.001345,False
2018-11-12,RS03AXBS-MJ03A-06-PRESTA301,2,True,2018-11-12T00:00:00Z,2018-11-12T23:59:45Z,5760,5760,0,14.999925,14.999684334,15.000001069,-0.001156268,0,0,0,0,0.0,3.254851,17.752751,2.061779e-12,0.0002169901,0.001183517,False,0.001422,False
2018-11-13,RS03AXBS-MJ03A-06-PRESTA301,2,True,2018-11-13T00:00:00Z,2018-11-13T23:59:45Z,5760,5760,0,14.999925,14.999694824,15.000001141,-0.002617777,0,0,0,0,0.0,3.344835,17.336435,2.347713e-12,0.000222989,0.001155762,False,0.001356,False
2018-11-14,RS03AXBS-MJ03A-06-PRESTA301,2,True,2018-11-14T00:00:00Z,2018-11-14T23:59:45Z,5760,5760,0,14.999925,14.999679089,14.99999965,-0.000877092,0,0,0,0,0.0,3.988193,18.726529,8.940091e-13,0.0002658796,0.001248435,False,0.00137,False
2018-11-15,RS03AXBS-MJ03A-06-PRESTA301,2,True,2018-11-15T00:00:00Z,2018-11-15T23:59:45Z,5760,5760,0,14.999925,14.999693871,15.000001672,0.001597148,0,0,0,0,0.0,3.590916,20.29206,2.101606e-12,0.0002393944,0.001352804,False,0.001349,False
2018-11-16,RS03AXBS-MJ03A-06-PRESTA301,2,True,2018-11-16T00:00:00Z,2018-11-16T23:59:45Z,5760,5760,0,14.999925,14.999697208,15.000000809,-0.002427093,0,0,0,0,0.0,3.33734,17.73669,2.042407e-12,0.0002224893,0.001182446,False,0.001372,False
2018-11-17,RS03AXBS-MJ03A-06-PRESTA301,2,True,2018-11-17T00:00:00Z,2018-11-17T23:59:45Z,5760,5760,0,14.999925,14.999709129,15.000000528,0.000723602,0,0,0,0,0.0,3.66608,21.20387,2.846617e-12,0.0002444053,0.001413591,False,0.001353,False
2018-11-18,RS03AXBS-MJ03A-06-PRESTA301,2,True,2018-11-18T00:00:00Z,2018-11-18T23:59:45Z,5760,5760,0,14.999925,14.999671936,14.999998884,-0.000678286,0,0,0,0,0.0,3.391917,18.863768,2.772602e-12,0.0002261278,0.001257585,False,0.001368,False
2018-11-19,RS03AXBS-MJ03A-06-PRESTA301,2,True,2018-11-19T00:00:00Z,2018-11-19T23:59:45Z,5760,5760,0,14.999925,14.99969101,14.999999569,-0.004658336,0,0,0,0,0.0,3.343971,18.009505,1.641721e-12,0.0002229314,0.001200634,False,0.001377,False
2018-11-20,RS03AXBS-MJ03A-06-PRESTA301,2,True,2018-11-20T00:00:00Z,2018-11-20T23:59:45Z,5490,5760,270,14.999925,14.99971199,15.000001041,-0.002341901,1,270,1,270,-0.0,3.295473,21.171761,-9.39589e-13,0.0002196982,0.001411451,False,0.0056,True
2018-11-21,RS03AXBS-MJ03A-06-PRESTA301,2,True,2018-11-21T00:00:00Z,2018-11-21T23:59:45Z,5760,5760,0,14.999925,14.999674797,15.000000774,0.002617652,0,0,0,0,0.0,3.323366,17.575134,6.016322e-13,0.0002215577,0.001171676,False,0.001348,False
2018-11-22,RS03AXBS-MJ03A-06-PRESTA301,2,True,2018-11-22T00:00:00Z,2018-11-22T23:59:45Z,5760,5760,0,14.999925,14.999664783,15.000001851,-0.001937047,0,0,0,0,0.0,3.248321,17.841136,5.838361e-13,0.0002165547,0.001189409,False,0.001326,False
2018-11-23,RS03AXBS-MJ03A-06-PRESTA301,2,True,2018-11-23T00:00:00Z,2018-11-23T23:59:45Z,5760,5760,0,14.999925,14.999634266,15.000001507,0.000462309,0,0,0,0,0.0,3.135315,21.656531,1.756884e-12,0.000209021,0.001443769,False,0.001416,False
2018-11-24,RS03AXBS-MJ03A-06-PRESTA301,2,True,2018-11-24T00:00:00Z,2018-11-24T23:59:45Z,5760,5760,0,14.999925,14.999652863,15.000001763,0.000849228,0,0,0,0,0.0,3.133142,17.880395,2.444429e-12,0.0002088761,0.001192026,False,0.001337,False
2018-11-25,RS03AXBS-MJ03A-06-PRESTA301,2,True,2018-11-25T00:00:00Z,2018-11-25T23:59:45Z,5760,5760,0,14.999925,14.999654293,15.0000026,-0.005456488,0,0,0,0,0.0,3.834482,18.685077,1.491168e-12,0.0002556321,0.001245672,False,0.001479,False
2018-11-26,RS03AXBS-MJ03A-06-PRESTA301,2,True,2018-11-26T00:00:00Z,2018-11-26T23:59:45Z,5760,5760,0,14.999925,14.999655247,15.000001638,0.00657071,0,0,0,0,0.0,3.227597,19.961753,3.526963e-12,0.0002151731,0.001330783,False,0.001435,False
2018-11-27,RS03AXBS-MJ03A-06-PRESTA301,2,True,2018-11-27T00:00:00Z,2018-11-27T23:59:45Z,5760,5760,0,14.999925,14.999655247,15.000002007,0.001495349,0,0,0,0,0.0,3.250313,18.775084,1.114409e-12,0.0002166875,0.001251672,False,0.001363,False
2018-11-28,RS03AXBS-MJ03A-06-PRESTA301,2,True,2018-11-28T00:00:00Z,2018-11-28T23:59:45Z,5760,5760,0,14.999925,14.999689102,15.00000156,-0.001487264,0,0,0,0,0.0,3.482842,19.446554,2.638295e-12,0.0002321894,0.001296437,False,0.00132,False
2018-11-29,RS03AXBS-MJ03A-06-PRESTA301,2,True,2018-11-29T00:00:00Z,2018-11-29T23:59:45Z,5760,5760,0,14.999925,14.999698162,15.000001949,-0.001684537,0,0,0,0,0.0,3.247571,18.879156,8.312842e-13,0.0002165047,0.00125861,False,0.001369,False
2018-11-30,RS03AXBS-MJ03A-06-PRESTA301,2,True,2018-11-30T00:00:00Z,2018-11-30T23:59:45Z,5760,5760,0,14.999925,14.999674797,15.000001923,-0.000938113,0,0,0,0,0.0,3.236723,21.334292,2.245415e-12,0.0002157815,0.001422286,False,0.001666,False
2018-12-01,RS03AXBS-MJ03A-06-PRESTA301,2,True,2018-12-01T00:00:00Z,2018-12-01T23:59:45Z,5760,5760,0,14.999925,14.999717236,15.000002002,-0.002106235,0,0,0,0,0.0,3.066575,17.235399,2.683361e-12,0.0002044383,0.001149026,False,0.001331,False
2018-12-02,RS03AXBS-MJ03A-06-PRESTA301,2,True,2018-12-02T00:00:00Z,2018-12-02T23:59:45Z,5760,5760,0,14.999925,14.999678135,15.000001385,-0.001539921,0,0,0,0,0.0,3.32895,20.04834,2.040225e-12,0.00022193,0.001336556,False,0.001393,False
2018-12-03,RS03AXBS-MJ03A-06-PRESTA301,2,True,2018-12-03T00:00:00Z,2018-12-03T23:59:45Z,5760,5760,0,14.999925,14.999678135,15.000002069,-0.003415362,0,0,0,0,0.0,3.543106,19.340343,1.818727e-12,0.000236207,0.001289356,False,0.001701,False
2018-12-04,RS03AXBS-MJ03A-06-PRESTA301,2,True,2018-12-04T00:00:00Z,2018-12-04T23:59:45Z,5760,5760,0,14.999925,14.999696255,15.000002989,-0.00614261,0,0,0,0,0.0,7.516623,25.794549,2.11541e-12,0.0005011081,0.001719636,False,0.001361,False
2018-12-05,RS03AXBS-MJ03A-06-PRESTA301,2,True,2018-12-05T00:00:00Z,2018-12-05T23:59:45Z,5760,5760,0,14.999925,14.999635696,15.00000233,0.004980401,0,0,0,0,0.0,4.43706,21.770636,2.262125e-12,0.000295804,0.001451376,False,0.001405,False
2018-12-06,RS03AXBS-MJ03A-06-PRESTA301,2,True,2018-12-06T00:00:00Z,2018-12-06T23:59:45Z,5760,5760,0,14.999925,14.999661922,15.000001453,0.001917584,0,0,0,0,0.0,3.299448,17.504398,1.8932e-12,0.0002199632,0.00116696,False,0.001331,False
2018-12-07,RS03AXBS-MJ03A-06-PRESTA301,2,True,2018-12-07T00:00:00Z,2018-12-07T23:59:45Z,5695,5760,65,14.999925,14.999646187,15.000001566,0.001099008,1,65,1,65,0.0,4.144537,19.478566,7.134119e-13,0.0002763025,0.001298571,False,0.001758,True
2018-12-08,RS03AXBS-MJ03A-06-PRESTA301,2,True,2018-12-08T00:00:00Z,2018-12-08T23:59:45Z,5760,5760,0,14.999925,14.999654293,15.000001689,-0.007014199,0,0,0,0,0.0,4.218185,21.829638,2.081491e-12,0.0002812123,0.001455309,False,0.001349,False
2018-12-09,RS03AXBS-MJ03A-06-PRESTA301,2,True,2018-12-09T00:00:00Z,2018-12-09T23:59:45Z,5760,5760,0,14.999925,14.9996562,15.000001101,0.00247805,0,0,0,0,0.0,3.765986,20.639077,7.333706e-13,0.0002510657,0.001375938,False,0.001349,False
2018-12-10,RS03AXBS-MJ03A-06-PRESTA301,2,True,2018-12-10T00:00:00Z,2018-12-10T23:59:45Z,5760,5760,0,14.999925,14.999669075,15.000002175,0.005222345,0,0,0,0,0.0,3.249549,17.60165,1.02022e-12,0.0002166366,0.001173443,False,0.001318,False
2018-12-11,RS03AXBS-MJ03A-06-PRESTA301,2,True,2018-12-11T00:00:00Z,2018-12-11T23:59:45Z,5760,5760,0,14.999925,14.999675274,15.000002098,-0.001108293,0,0,0,0,0.0,3.288397,22.678394,2.078474e-12,0.0002192264,0.001511893,False,0.001711,False
2018-12-12,RS03AXBS-MJ03A-06-PRESTA301,2,True,2018-12-12T00:00:00Z,2018-12-12T23:59:45Z,5760,5760,0,14.999925,14.999688625,15.000002487,0.000423245,0,0,0,0,0.0,3.868996,20.917958,2.593138e-12,0.000257933,0.00139453,False,0.001662,False
2018-12-13,RS03AXBS-MJ03A-06-PRESTA301,2,True,2018-12-13T00:00:00Z,2018-12-13T23:59:45Z,5760,5760,0,14.999925,14.999701977,15.00000231,-0.003130627,0,0,0,0,0.0,3.533889,20.743014,5.745119e-13,0.0002355926,0.001382867,False,0.001352,False
2018-12-14,RS03AXBS-MJ03A-06-PRESTA301,2,True,2018-12-14T00:00:00Z,2018-12-14T23:59:45Z,5760,5760,0,14.999925,14.99970293,15.000001371,0.000172268,0,0,0,0,0.0,3.348975,22.933031,3.303009e-12,0.000223265,0.001528869,False,0.001375,False
2018-12-15,RS03AXBS-MJ03A-06-PRESTA301,2,True,2018-12-15T00:00:00Z,2018-12-15T23:59:45Z,5760,5760,0,14.999925,14.999710083,15.000002358,0.004573083,0,0,0,0,0.0,3.606195,19.198255,2.25413e-12,0.000240413,0.001279883,False,0.001401,False
2018-12-16,RS03AXBS-MJ03A-06-PRESTA301,2,True,2018-12-16T00:00:00Z,2018-12-16T23:59:45Z,5760,5760,0,14.999925,14.999697208,15.000003314,-0.004154634,0,0,0,0,0.0,4.071749,18.963709,2.673971e-12,0.0002714499,0.001264247,False,0.001356,False
2018-12-17,RS03AXBS-MJ03A-06-PRESTA301,2,True,2018-12-17T00:00:00Z,2018-12-17T23:59:45Z,5760,5760,0,14.999925,14.999701977,15.000002761,-0.010065606,0,0,0,0,0.0,5.467463,22.575126,3.798391e-12,0.0003644975,0.001505008,False,0.001331,False
2018-12-18,RS03AXBS-MJ03A-06-PRESTA301,2,True,2018-12-18T00:00:00Z,2018-12-18T23:59:45Z,5760,5760,0,14.999925,14.999660015,15.00000196,0.000940878,0,0,0,0,0.0,3.327306,17.7216,9.694114e-13,0.0002218204,0.00118144,False,0.001384,False
2018-12-19,RS03AXBS-MJ03A-06-PRESTA301,2,True,2018-12-19T00:00:00Z,2018-12-19T23:59:45Z,5760,5760,0,14.999925,14.999682903,15.000002433,0.002603839,0,0,0,0,0.0,3.662626,20.000514,2.021067e-12,0.000244175,0.001333367,False,0.00132,False
2018-12-20,RS03AXBS-MJ03A-06-PRESTA301,2,True,2018-12-20T00:00:00Z,2018-12-20T23:59:46Z,5760,5760,0,14.999925,14.999674797,15.000001678,-0.001570713,0,0,0,0,0.0,26.543358,1002.628669,3.214663e-12,0.001769557,0.0668419,False,0.066926,False
2018-12-21,RS03AXBS-MJ03A-06-PRESTA301,2,True,2018-12-21T00:00:01Z,2018-12-21T23:59:46Z,5760,5760,0,14.999925,14.999661922,15.000001079,0.002241508,0,0,0,0,0.0,3.353397,19.844803,9.071666e-13,0.0002235598,0.001322987,False,0.001343,False
2018-12-22,RS03AXBS-MJ03A-06-PRESTA301,2,True,2018-12-22T00:00:01Z,2018-12-22T23:59:46Z,5760,5760,0,14.999925,14.999658108,15.000001376,0.004419973,0,0,0,0,0.0,3.431465,19.011319,1.862482e-12,0.0002287643,0.001267421,False,0.001367,False
2018-12-23,RS03AXBS-MJ03A-06-PRESTA301,2,True,2018-12-23T00:00:01Z,2018-12-23T23:59:46Z,5760,5760,0,14.999925,14.999639988,15.000002425,-0.005579935,0,0,0,0,0.0,3.768888,19.437519,2.114978e-12,0.0002512592,0.001295834,False,0.001353,False
2018-12-24,RS03AXBS-MJ03A-06-PRESTA301,2,True,2018-12-24T00:00:01Z,2018-12-24T23:59:46Z,5760,5760,0,14.999925,14.999621868,15.000002261,-0.004962217,0,0,0,0,0.0,4.146526,23.366965,2.028193e-12,0.000276435,0.001557797,False,0.001424,False
2018-12-25,RS03AXBS-MJ03A-06-PRESTA301,2,True,2018-12-25T00:00:01Z,2018-12-25T23:59:46Z,5760,5760,0,14.999925,14.999647617,15.000002584,-0.002749823,0,0,0,0,0.0,3.483367,20.468564,2.040074e-12,0.0002322244,0.001364571,False,0.001402,False
2018-12-26,RS03AXBS-MJ03A-06-PRESTA301,2,True,2018-12-26T00:00:01Z,2018-12-26T23:59:46Z,5760,5760,0,14.999925,14.999664307,15.000001646,-0.004182992,0,0,0,0,0.0,3.748856,18.572065,1.109407e-12,0.0002499237,0.001238138,False,0.001303,False
2018-12-27,RS03AXBS-MJ03A-06-PRESTA301,2,True,2018-12-27T00:00:01Z,2018-12-27T23:59:46Z,5760,5760,0,14.999925,14.99969101,15.000002167,-0.0082231,0,0,0,0,0.0,4.111845,22.512229,2.978436e-12,0.0002741229,0.001500815,False,0.001421,False
2018-12-28,RS03AXBS-MJ03A-06-PRESTA301,2,True,2018-12-28T00:00:01Z,2018-12-28T23:59:46Z,5760,5760,0,14.999925,14.999696255,15.000001722,0.000127982,0,0,0,0,0.0,3.311854,18.388136,4.30209e-13,0.0002207902,0.001225876,False,0.001361,False
2018-12-29,RS03AXBS-MJ03A-06-PRESTA301,2,True,2018-12-29T00:00:01Z,2018-12-29T23:59:46Z,5760,5760,0,14.999925,14.999658108,15.00000186,-0.003254528,0,0,0,0,0.0,3.345979,21.368263,1.457894e-12,0.0002230652,0.001424551,False,0.001662,False
2018-12-30,RS03AXBS-MJ03A-06-PRESTA301,2,True,2018-12-30T00:00:01Z,2018-12-30T23:59:46Z,5760,5760,0,14.999925,14.999688148,15.00000088,-0.00348925,0,0,0,0,0.0,3.863146,21.166736,9.347392e-13,0.000257543,0.001411116,False,0.001775,False
2018-12-31,RS03AXBS-MJ03A-06-PRESTA301,2,True,2018-12-31T00:00:01Z,2018-12-31T23:59:46Z,5760,5760,0,14.999925,14.999689102,15.000001897,0.002424199,0,0,0,0,0.0,3.444968,18.525362,2.710976e-12,0.0002296645,0.001235024,False,0.001358,False
2019-01-01,RS03AXBS-MJ03A-06-PRESTA301,2,True,2019-01-01T00:00:01Z,2019-01-01T23:59:46Z,5760,5760,0,14.999925,14.999651909,15.000001804,0.002005591,0,0,0,0,0.0,3.184513,17.933857,1.080594e-12,0.0002123008,0.00119559,False,0.0014,False
2019-01-02,RS03AXBS-MJ03A-06-PRESTA301,2,True,2019-01-02T00:00:01Z,2019-01-02T23:59:46Z,5760,5760,0,14.999925,14.999654293,15.000001824,-0.003651163,0,0,0,0,0.0,3.192581,21.175004,1.482663e-12,0.0002128387,0.001411667,False,0.001362,False
2019-01-03,RS03AXBS-MJ03A-06-PRESTA301,2,True,2019-01-03T00:00:01Z,2019-01-03T23:59:46Z,5760,5760,0,14.999925,14.99966383,15.000001675,-0.002602627,0,0,0,0,0.0,3.281778,17.337762,2.481709e-12,0.0002187852,0.001155851,False,0.001368,False
2019-01-04,RS03AXBS-MJ03A-06-PRESTA301,2,True,2019-01-04T00:00:01Z,2019-01-04T23:59:46Z,5760,5760,0,14.999925,14.999640942,15.000001325,-0.000286256,0,0,0,0,0.0,3.302674,18.065855,3.289688e-12,0.0002201783,0.00120439,False,0.001359,False
2019-01-05,RS03AXBS-MJ03A-06-PRESTA301,2,True,2019-01-05T00:00:01Z,2019-01-05T23:59:46Z,5760,5760,0,14.999925,14.999642849,15.000001715,-0.001965361,0,0,0,0,0.0,3.368127,21.026766,2.838014e-12,0.0002245418,0.001401784,False,0.001322,False
2019-01-06,RS03AXBS-MJ03A-06-PRESTA301,2,True,2019-01-06T00:00:01Z,2019-01-06T23:59:46Z,5760,5760,0,14.999925,14.999671936,15.000001317,-0.000305596,0,0,0,0,0.0,3.383247,17.76732,1.436511e-12,0.0002255498,0.001184488,False,0.001365,False
2019-01-07,RS03AXBS-MJ03A-06-PRESTA301,2,True,2019-01-07T00:00:01Z,2019-01-07T23:59:46Z,5760,5760,0,14.999925,14.999648094,15.000000628,8.0966e-05,0,0,0,0,0.0,3.222758,19.934145,1.062876e-12,0.0002148505,0.001328943,False,0.001381,False
2019-01-08,RS03AXBS-MJ03A-06-PRESTA301,2,True,2019-01-08T00:00:01Z,2019-01-08T23:59:46Z,5760,5760,0,14.999925,14.999667168,15.000001159,0.004772006,0,0,0,0,0.0,3.273347,23.540719,2.295545e-12,0.0002182231,0.001569381,False,0.00138,False
2019-01-09,RS03AXBS-MJ03A-06-PRESTA301,2,True,2019-01-09T00:00:01Z,2019-01-09T23:59:46Z,5760,5760,0,14.999925,14.999684811,15.000001166,0.002926822,0,0,0,0,0.0,3.094988,18.050858,1.031069e-12,0.0002063325,0.00120339,False,0.001364,False
2019-01-10,RS03AXBS-MJ03A-06-PRESTA301,2,True,2019-01-10T00:00:01Z,2019-01-10T23:59:46Z,5760,5760,0,14.999925,14.999680996,15.000001253,0.000143778,0,0,0,0,0.0,3.327545,18.041439,2.520721e-12,0.0002218363,0.001202763,False,0.001397,False
2019-01-11,RS03AXBS-MJ03A-06-PRESTA301,2,True,2019-01-11T00:00:01Z,2019-01-11T23:59:46Z,5760,5760,0,14.999925,14.999696732,15.000001352,0.005253019,0,0,0,0,0.0,3.596011,18.818247,1.49893e-12,0.000239734,0.00125455,False,0.001378,False
2019-01-12,RS03AXBS-MJ03A-06-PRESTA301,2,True,2019-01-12T00:00:01Z,2019-01-12T23:59:46Z,5760,5760,0,14.999925,14.999711037,15.000001263,0.000473804,0,0,0,0,0.0,3.269295,18.865791,8.581801e-13,0.000217953,0.001257719,False,0.001374,False
2019-01-13,RS03AXBS-MJ03A-06-PRESTA301,2,True,2019-01-13T00:00:01Z,2019-01-13T23:59:46Z,5760,5760,0,14.999925,14.999706745,15.000001139,0.002557041,0,0,0,0,0.0,3.489006,18.856727,1.956652e-12,0.0002326004,0.001257115,False,0.001513,False
2019-01-14,RS03AXBS-MJ03A-06-PRESTA301,2,True,2019-01-14T00:00:01Z,2019-01-14T23:59:46Z,5760,5760,0,14.999925,14.999671936,15.000000858,0.001076339,0,0,0,0,0.0,3.204903,17.891383,2.072585e-12,0.0002136602,0.001192759,False,0.00132,False
2019-01-15,RS03AXBS-MJ03A-06-PRESTA301,2,True,2019-01-15T00:00:01Z,2019-01-15T23:59:46Z,5760,5760,0,14.999925,14.999690533,15.000001178,0.004732804,0,0,0,0,0.0,3.370297,21.050168,2.607283e-12,0.0002246865,0.001403344,False,0.00137,False
2019-01-16,RS03AXBS-MJ03A-06-PRESTA301,2,True,2019-01-16T00:00:01Z,2019-01-16T23:59:46Z,5760,5760,0,14.999925,14.999675751,15.000000927,0.005185644,0,0,0,0,0.0,3.557637,23.406822,2.391844e-12,0.0002371758,0.001560455,False,0.001795,False
2019-01-17,RS03AXBS-MJ03A-06-PRESTA301,2,True,2019-01-17T00:00:01Z,2019-01-17T23:59:46Z,5760,5760,0,14.999925,14.999670982,15.00000062,0.006570993,0,0,0,0,0.0,3.7754,19.321099,1.950454e-12,0.0002516933,0.001288073,False,0.001317,False
2019-01-18,RS03AXBS-MJ03A-06-PRESTA301,2,True,2019-01-18T00:00:01Z,2019-01-18T23:59:46Z,5760,5760,0,14.999925,14.999662399,15.000001273,0.000506731,0,0,0,0,0.0,3.724828,20.28745,1.214922e-12,0.0002483218,0.001352497,False,0.001347,False
2019-01-19,RS03AXBS-MJ03A-06-PRESTA301,2,True,2019-01-19T00:00:01Z,2019-01-19T23:59:46Z,5760,5760,0,14.999925,14.999650955,15.00000202,4.5295e-05,0,0,0,0,0.0,3.365507,18.79905,3.090455e-12,0.0002243671,0.00125327,False,0.001374,False
2019-01-20,RS03AXBS-MJ03A-06-PRESTA301,2,True,2019-01-20T00:00:01Z,2019-01-20T23:59:46Z,5760,5760,0,14.999925,14.999614716,15.000000694,0.005473779,0,0,0,0,0.0,3.515306,19.758422,1.274744e-12,0.0002343537,0.001317228,False,0.001355,False
2019-01-21,RS03AXBS-MJ03A-06-PRESTA301,2,True,2019-01-21T00:00:01Z,2019-01-21T23:59:46Z,5760,5760,0,14.999925,14.99963522,15.000001156,0.000683377,0,0,0,0,0.0,3.790506,21.169205,9.155326e-13,0.0002527004,0.00141128,False,0.00157,False
2019-01-22,RS03AXBS-MJ03A-06-PRESTA301,2,True,2019-01-22T00:00:01Z,2019-01-22T23:59:46Z,5760,5760,0,14.999925,14.999585152,15.00000182,0.007912264,0,0,0,0,0.0,3.574252,18.437012,1.914011e-12,0.0002382834,0.001229134,False,0.001417,False
2019-01-23,RS03AXBS-MJ03A-06-PRESTA301,2,True,2019-01-23T00:00:01Z,2019-01-23T23:59:46Z,5760,5760,0,14.999925,14.999689102,15.000001915,-0.000398639,0,0,0,0,0.0,3.143262,17.467962,1.55738e-12,0.0002095508,0.001164531,False,0.001365,False
2019-01-24,RS03AXBS-MJ03A-06-PRESTA301,2,True,2019-01-24T00:00:01Z,2019-01-24T23:59:46Z,5760,5760,0,14.999925,14.999673367,15.000001656,0.001459054,0,0,0,0,0.0,3.236182,25.149802,2.058106e-12,0.0002157454,0.001676653,False,0.001844,False
2019-01-25,RS03AXBS-MJ03A-06-PRESTA301,2,True,2019-01-25T00:00:01Z,2019-01-25T23:59:46Z,5741,5760,19,14.999925,14.99968195,15.000002022,-0.001434702,1,19,1,19,0.0,3.154962,20.930832,2.38196e-13,0.0002103308,0.001395389,False,0.001353,True
2019-01-26,RS03AXBS-MJ03A-06-PRESTA301,2,True,2019-01-26T00:00:01Z,2019-01-26T23:59:46Z,5760,5760,0,14.999925,14.999703884,15.000002148,-0.0029766,0,0,0,0,0.0,3.213529,17.024132,2.721906e-12,0.0002142353,0.001134942,False,0.001356,False
2019-01-27,RS03AXBS-MJ03A-06-PRESTA301,2,True,2019-01-27T00:00:01Z,2019-01-27T23:59:46Z,5760,5760,0,14.999925,14.999729156,15.000001954,0.000277505,0,0,0,0,0.0,3.780576,20.510867,1.695028e-12,0.0002520383,0.001367391,False,0.001379,False
2019-01-28,RS03AXBS-MJ03A-06-PRESTA301,2,True,2019-01-28T00:00:01Z,2019-01-28T23:59:46Z,5760,5760,0,14.999925,14.999675751,15.000001415,0.004561661,0,0,0,0,0.0,3.992786,22.738925,1.87747e-12,0.0002661857,0.001515928,False,0.001339,False
2019-01-29,RS03AXBS-MJ03A-06-PRESTA301,2,True,2019-01-29T00:00:01Z,2019-01-29T23:59:46Z,5760,5760,0,14.999925,14.999686718,15.000002031,-0.010216217,0,0,0,0,0.0,3.761501,19.433214,1.298772e-12,0.0002507667,0.001295547,False,0.001362,False
2019-01-30,RS03AXBS-MJ03A-06-PRESTA301,2,True,2019-01-30T00:00:01Z,2019-01-30T23:59:46Z,5751,5760,9,14.999925,14.999671459,14.999999138,0.005139683,1,9,1,9,0.0,3.418135,18.903337,6.958727e-13,0.0002278757,0.001260223,False,0.001376,True
2019-01-31,RS03AXBS-MJ03A-06-PRESTA301,2,True,2019-01-31T00:00:01Z,2019-01-31T23:59:46Z,5760,5760,0,14.999925,14.99966383,15.00000278,-0.003984488,0,0,0,0,0.0,3.891859,19.392423,1.789347e-12,0.0002594572,0.001292828,False,0.001388,False
2019-02-01,RS03AXBS-MJ03A-06-PRESTA301,2,True,2019-02-01T00:00:01Z,2019-02-01T23:59:46Z,5760,5760,0,14.999925,14.999693871,15.000001786,-0.001118033,0,0,0,0,0.0,4.370408,21.174263,1.500733e-12,0.0002913605,0.001411617,False,0.001373,False
2019-02-02,RS03AXBS-MJ03A-06-PRESTA301,2,True,2019-02-02T00:00:01Z,2019-02-02T23:59:46Z,5760,5760,0,14.999925,14.999650002,15.000001721,-0.001062197,0,0,0,0,0.0,3.533299,21.138712,1.342252e-12,0.0002355532,0.001409247,False,0.001365,False
2019-02-03,RS03AXBS-MJ03A-06-PRESTA301,2,True,2019-02-03T00:00:01Z,2019-02-03T23:59:46Z,5760,5760,0,14.999925,14.999660015,14.999999872,0.00452414,0,0,0,0,0.0,3.534166,23.333561,2.248113e-12,0.0002356111,0.001555571,False,0.001369,False
2019-02-04,RS03AXBS-MJ03A-06-PRESTA301,2,True,2019-02-04T00:00:01Z,2019-02-04T23:59:46Z,5760,5760,0,14.999925,14.99966383,14.999997835,0.001872907,0,0,0,0,0.0,3.47132,19.958347,1.341626e-12,0.0002314214,0.001330557,False,0.001329,False
2019-02-05,RS03AXBS-MJ03A-06-PRESTA301,2,True,2019-02-05T00:00:01Z,2019-02-05T23:59:46Z,5760,5760,0,14.999925,14.99966526,14.999996795,0.00010802,0,0,0,0,0.0,3.154877,17.795752,5.739863e-13,0.0002103252,0.001186384,False,0.001307,False
2019-02-06,RS03AXBS-MJ03A-06-PRESTA301,2,True,2019-02-06T00:00:01Z,2019-02-06T23:59:46Z,5760,5760,0,14.999925,14.999660015,14.999998006,0.002319044,0,0,0,0,0.0,3.306135,18.500697,2.567847e-12,0.000220409,0.00123338,False,0.001313,False
2019-02-07,RS03AXBS-MJ03A-06-PRESTA301,2,True,2019-02-07T00:00:01Z,2019-02-07T23:59:46Z,5760,5760,0,14.999925,14.999674797,14.999998279,-0.003605593,0,0,0,0,0.0,3.309201,17.754678,1.766537e-12,0.0002206134,0.001183645,False,0.001363,False
2019-02-08,RS03AXBS-MJ03A-06-PRESTA301,2,True,2019-02-08T00:00:01Z,2019-02-08T23:59:46Z,5760,5760,0,14.999925,14.999710083,15.00000041,0.00022707,0,0,0,0,0.0,3.172025,19.732412,2.259584e-12,0.0002114683,0.001315494,False,0.001374,False
2019-02-09,RS03AXBS-MJ03A-06-PRESTA301,2,True,2019-02-09T00:00:01Z,2019-02-09T23:59:46Z,5760,5760,0,14.999925,14.999727726,15.000000667,0.002067467,0,0,0,0,0.0,3.355055,22.624218,9.19162e-13,0.0002236703,0.001508281,False,0.00158,False
2019-02-10,RS03AXBS-MJ03A-06-PRESTA301,2,True,2019-02-10T00:00:01Z,2019-02-10T23:59:46Z,5760,5760,0,14.999925,14.99970293,15.000000124,-0.010998687,0,0,0,0,0.0,3.550112,19.104141,1.881244e-12,0.0002366742,0.001273609,False,0.001369,False
2019-02-11,RS03AXBS-MJ03A-06-PRESTA301,2,True,2019-02-11T00:00:01Z,2019-02-11T23:59:46Z,5760,5760,0,14.999925,14.999734879,14.999996919,0.003837109,0,0,0,0,0.0,3.215643,18.95971,8.082791e-13,0.0002143763,0.001263981,False,0.001353,False
2019-02-12,RS03AXBS-MJ03A-06-PRESTA301,2,True,2019-02-12T00:00:01Z,2019-02-12T23:59:46Z,5760,5760,0,14.999925,14.999711037,14.9999985,-0.006958642,0,0,0,0,0.0,4.531984,22.360543,8.266925e-13,0.0003021323,0.001490703,False,0.001392,False
2019-02-13,RS03AXBS-MJ03A-06-PRESTA301,2,True,2019-02-13T00:00:01Z,2019-02-13T23:59:46Z,5760,5760,0,14.999925,14.999704838,14.999999551,-0.002830195,0,0,0,0,0.0,3.37075,18.77045,1.459694e-12,0.0002247167,0.001251363,False,0.00139,False
2019-02-14,RS03AXBS-MJ03A-06-PRESTA301,2,True,2019-02-14T00:00:01Z,2019-02-14T23:59:46Z,5760,5760,0,14.999925,14.999683857,15.000000723,-0.002865529,0,0,0,0,0.0,3.111546,20.653823,9.16531e-13,0.0002074364,0.001376921,False,0.001477,False
2019-02-15,RS03AXBS-MJ03A-06-PRESTA301,2,True,2019-02-15T00:00:01Z,2019-02-15T23:59:46Z,5760,5760,0,14.999925,14.999689102,15.000001975,-0.000248118,0,0,0,0,0.0,3.502782,20.135203,2.258559e-12,0.0002335188,0.001342347,False,0.001345,False
2019-02-16,RS03AXBS-MJ03A-06-PRESTA301,2,True,2019-02-16T00:00:01Z,2019-02-16T23:59:46Z,5760,5760,0,14.999925,14.999668121,15.000001727,-0.003245971,0,0,0,0,0.0,3.444761,19.161712,2.052905e-12,0.0002296507,0.001277447,False,0.001363,False
2019-02-17,RS03AXBS-MJ03A-06-PRESTA301,2,True,2019-02-17T00:00:01Z,2019-02-17T23:59:46Z,5760,5760,0,14.999925,14.999652386,14.999999412,0.000181713,0,0,0,0,0.0,3.513701,19.266643,1.765573e-12,0.0002342468,0.001284443,False,0.001356,False
2019-02-18,RS03AXBS-MJ03A-06-PRESTA301,2,True,2019-02-18T00:00:01Z,2019-02-18T23:59:46Z,5760,5760,0,14.999925,14.999655247,15.000000283,-0.003227545,0,0,0,0,0.0,3.258704,17.788175,2.101169e-12,0.0002172469,0.001185878,False,0.001324,False
2019-02-19,RS03AXBS-MJ03A-06-PRESTA301,2,True,2019-02-19T00:00:01Z,2019-02-19T23:59:46Z,5760,5760,0,14.999925,14.999651909,14.999999731,-0.003106199,0,0,0,0,0.0,3.342824,19.219521,1.243146e-12,0.0002228549,0.001281301,False,0.001354,False
2019-02-20,RS03AXBS-MJ03A-06-PRESTA301,2,True,2019-02-20T00:00:01Z,2019-02-20T23:59:46Z,5760,5760,0,14.999925,14.999660969,15.000001882,0.000261346,0,0,0,0,0.0,3.411857,21.96403,2.511931e-12,0.0002274571,0.001464268,False,0.001519,False
2019-02-21,RS03AXBS-MJ03A-06-PRESTA301,2,True,2019-02-21T00:00:01Z,2019-02-21T23:59:46Z,5760,5760,0,14.999925,14.999645233,15.000001741,-0.002823389,0,0,0,0,0.0,3.480134,19.521995,2.347927e-12,0.0002320089,0.001301466,False,0.00154,False
2019-02-22,RS03AXBS-MJ03A-06-PRESTA301,2,True,2019-02-22T00:00:01Z,2019-02-22T23:59:46Z,5760,5760,0,14.999925,14.999658585,15.000001983,-0.010537504,0,0,0,0,0.0,3.312065,17.693358,1.839448e-12,0.0002208043,0.001179557,False,0.001335,False
2019-02-23,RS03AXBS-MJ03A-06-PRESTA301,2,True,2019-02-23T00:00:01Z,2019-02-23T23:59:46Z,5760,5760,0,14.999925,14.999661922,15.000001586,-0.001909186,0,0,0,0,0.0,4.014578,21.314039,1.982042e-12,0.0002676385,0.001420936,False,0.001365,False
2019-02-24,RS03AXBS-MJ03A-06-PRESTA301,2,True,2019-02-24T00:00:01Z,2019-02-24T23:59:46Z,5760,5760,0,14.999925,14.999688148,15.000000163,-0.00166754,0,0,0,0,0.0,4.372758,19.927341,1.815427e-12,0.0002915172,0.001328489,False,0.001364,False
2019-02-25,RS03AXBS-MJ03A-06-PRESTA301,2,True,2019-02-25T00:00:01Z,2019-02-25T23:59:46Z,5760,5760,0,14.999925,14.999679089,14.999999584,-0.004678203,0,0,0,0,0.0,4.168252,20.658281,2.419554e-12,0.0002778835,0.001377219,False,0.001355,False
2019-02-26,RS03AXBS-MJ03A-06-PRESTA301,2,True,2019-02-26T00:00:01Z,2019-02-26T23:59:46Z,5760,5760,0,14.999925,14.999706268,14.999998014,0.001345484,0,0,0,0,0.0,3.280899,20.030345,2.11585e-12,0.0002187266,0.001335357,False,0.001396,False
2019-02-27,RS03AXBS-MJ03A-06-PRESTA301,2,True,2019-02-27T00:00:01Z,2019-02-27T23:59:46Z,5760,5760,0,14.999925,14.999695301,14.999997836,-0.000140387,0,0,0,0,0.0,3.148669,18.142816,1.855296e-12,0.0002099113,0.001209521,False,0.001714,False
2019-02-28,RS03AXBS-MJ03A-06-PRESTA301,2,True,2019-02-28T00:00:01Z,2019-02-28T23:59:46Z,5760,5760,0,14.999925,14.999687195,14.999996996,-0.00145593,0,0,0,0,0.0,3.194826,17.747359,2.222344e-12,0.0002129884,0.001183158,False,0.001377,False
2019-03-01,RS03AXBS-MJ03A-06-PRESTA301,2,True,2019-03-01T00:00:01Z,2019-03-01T23:59:46Z,5760,5760,0,14.999925,14.999669075,14.999997734,0.002581966,0,0,0,0,0.0,3.220636,20.98765,1.309236e-12,0.0002147091,0.001399177,False,0.001354,False
2019-03-02,RS03AXBS-MJ03A-06-PRESTA301,2,True,2019-03-02T00:00:01Z,2019-03-02T23:59:46Z,5760,5760,0,14.999925,14.999667168,14.9999976,-0.001716225,0,0,0,0,0.0,3.33341,20.238977,8.249642e-13,0.0002222274,0.001349265,False,0.001369,False
2019-03-03,RS03AXBS-MJ03A-06-PRESTA301,2,True,2019-03-03T00:00:01Z,2019-03-03T23:59:46Z,5760,5760,0,14.999925,14.99967289,14.999997955,-0.002010841,0,0,0,0,0.0,3.209028,17.949212,1.864638e-12,0.0002139352,0.001196614,False,0.001368,False
2019-03-04,RS03AXBS-MJ03A-06-PRESTA301,2,True,2019-03-04T00:00:01Z,2019-03-04T23:59:46Z,5760,5760,0,14.999925,14.99967432,14.999997855,-0.002493055,0,0,0,0,0.0,3.663036,18.725018,1.638621e-12,0.0002442024,0.001248335,False,0.001376,False
2019-03-05,RS03AXBS-MJ03A-06-PRESTA301,2,True,2019-03-05T00:00:01Z,2019-03-05T23:59:46Z,5760,5760,0,14.999925,14.999670982,14.9999969,-0.002047704,0,0,0,0,0.0,3.313399,20.726607,2.377826e-12,0.0002208933,0.001381774,False,0.00135,False
2019-03-06,RS03AXBS-MJ03A-06-PRESTA301,2,True,2019-03-06T00:00:01Z,2019-03-06T23:59:46Z,5760,5760,0,14.999925,14.999693394,14.999998309,-0.00603106,0,0,0,0,0.0,3.37665,18.206227,1.070387e-12,0.00022511,0.001213749,False,0.001365,False
2019-03-07,RS03AXBS-MJ03A-06-PRESTA301,2,True,2019-03-07T00:00:01Z,2019-03-07T23:59:46Z,5760,5760,0,14.999925,14.999698162,14.999998077,0.006918386,0,0,0,0,0.0,3.120762,18.106974,2.223751e-12,0.0002080508,0.001207132,False,0.001329,False
2019-03-08,RS03AXBS-MJ03A-06-PRESTA301,2,True,2019-03-08T00:00:01Z,2019-03-08T23:59:46Z,5760,5760,0,14.999925,14.999679089,14.999996902,9.8188e-05,0,0,0,0,0.0,3.869489,19.444122,1.86041e-12,0.000257966,0.001296275,False,0.00137,False
2019-03-09,RS03AXBS-MJ03A-06-PRESTA301,2,True,2019-03-09T00:00:01Z,2019-03-09T23:59:46Z,5760,5760,0,14.999925,14.999660015,14.999997806,0.001257403,0,0,0,0,0.0,5.57245,22.818132,2.38677e-12,0.0003714967,0.001521209,False,0.001363,False
2019-03-10,RS03AXBS-MJ03A-06-PRESTA301,2,True,2019-03-10T00:00:01Z,2019-03-10T23:59:46Z,5760,5760,0,14.999925,14.999696732,14.99999783,-0.002023052,0,0,0,0,0.0,3.320104,19.820322,2.162452e-12,0.0002213403,0.001321355,False,0.001384,False
2019-03-11,RS03AXBS-MJ03A-06-PRESTA301,2,True,2019-03-11T00:00:01Z,2019-03-11T23:59:46Z,5760,5760,0,14.999925,14.999689102,14.999999139,0.002853873,0,0,0,0,0.0,3.200841,22.551167,1.41166e-12,0.0002133894,0.001503411,False,0.001488,False
2019-03-12,RS03AXBS-MJ03A-06-PRESTA301,2,True,2019-03-12T00:00:01Z,2019-03-12T23:59:46Z,5760,5760,0,14.999925,14.999701023,14.999999993,-0.00261733,0,0,0,0,0.0,3.379746,18.624117,2.211969e-12,0.0002253164,0.001241608,False,0.001373,False
2019-03-13,RS03AXBS-MJ03A-06-PRESTA301,2,True,2019-03-13T00:00:01Z,2019-03-13T23:59:46Z,5760,5760,0,14.999925,14.999680996,14.999998307,0.001996622,0,0,0,0,0.0,4.132193,22.794929,1.330483e-12,0.0002754796,0.001519662,False,0.001384,False
2019-03-14,RS03AXBS-MJ03A-06-PRESTA301,2,True,2019-03-14T00:00:01Z,2019-03-14T23:59:46Z,5760,5760,0,14.999925,14.999697685,14.999998025,-0.001221978,0,0,0,0,0.0,3.156073,22.208565,1.459101e-12,0.0002104049,0.001480571,False,0.0014,False
2019-03-15,RS03AXBS-MJ03A-06-PRESTA301,2,True,2019-03-15T00:00:01Z,2019-03-15T23:59:46Z,5532,5760,228,14.999925,14.999683857,15.00000164,-0.001298931,1,228,1,228,-0.0,3.669407,18.577674,-5.72288e-13,0.0002446271,0.001238511,False,0.005082,True
2019-03-16,RS03AXBS-MJ03A-06-PRESTA301,2,True,2019-03-16T00:00:01Z,2019-03-16T23:59:46Z,5760,5760,0,14.999925,14.999650002,15.000001408,-0.003802657,0,0,0,0,0.0,3.299958,19.847615,2.187765e-12,0.0002199972,0.001323174,False,0.001392,False
2019-03-17,RS03AXBS-MJ03A-06-PRESTA301,2,True,2019-03-17T00:00:01Z,2019-03-17T23:59:46Z,5760,5760,0,14.999925,14.999664783,15.000001166,0.001435196,0,0,0,0,0.0,3.418841,24.70121,1.076223e-12,0.0002279227,0.001646747,False,0.001396,False
2019-03-18,RS03AXBS-MJ03A-06-PRESTA301,2,True,2019-03-18T00:00:01Z,2019-03-18T23:59:46Z,5760,5760,0,14.999925,14.999644279,15.000001751,-0.003905994,0,0,0,0,0.0,3.159491,17.332455,2.197905e-12,0.0002106327,0.001155497,False,0.001413,False
2019-03-19,RS03AXBS-MJ03A-06-PRESTA301,2,True,2019-03-19T00:00:01Z,2019-03-19T23:59:46Z,5760,5760,0,14.999925,14.999649048,15.00000158,0.003374625,0,0,0,0,0.0,3.558144,19.875249,2.622516e-12,0.0002372096,0.001325016,False,0.001487,False
2019-03-20,RS03AXBS-MJ03A-06-PRESTA301,2,True,2019-03-20T00:00:01Z,2019-03-20T23:59:46Z,5760,5760,0,14.999925,14.999644279,15.000001313,0.000420134,0,0,0,0,0.0,4.12651,20.666006,1.393461e-12,0.0002751006,0.001377734,False,0.001347,False
2019-03-21,RS03AXBS-MJ03A-06-PRESTA301,2,True,2019-03-21T00:00:01Z,2019-03-21T23:59:46Z,5760,5760,0,14.999925,14.999619007,15.000001261,6.8622e-05,0,0,0,0,0.0,3.706648,19.027112,2.527893e-12,0.0002471099,0.001268474,False,0.001381,False
2019-03-22,RS03AXBS-MJ03A-06-PRESTA301,2,True,2019-03-22T00:00:01Z,2019-03-22T23:59:46Z,5760,5760,0,14.999925,14.999688148,15.000001543,0.002573561,0,0,0,0,0.0,3.302788,19.967838,1.5351e-12,0.0002201858,0.001331189,False,0.001367,False
2019-03-23,RS03AXBS-MJ03A-06-PRESTA301,2,True,2019-03-23T00:00:01Z,2019-03-23T23:59:46Z,5760,5760,0,14.999925,14.999646187,15.000001411,-0.001122663,0,0,0,0,0.0,3.636797,18.681143,2.564348e-12,0.0002424531,0.001245409,False,0.001383,False
2019-03-24,RS03AXBS-MJ03A-06-PRESTA301,2,True,2019-03-24T00:00:01Z,2019-03-24T23:59:46Z,5760,5760,0,14.999925,14.99968195,15.000002118,0.005459345,0,0,0,0,0.0,3.318266,18.243304,3.058322e-12,0.0002212177,0.00121622,False,0.001423,False
2019-03-25,RS03AXBS-MJ03A-06-PRESTA301,2,True,2019-03-25T00:00:01Z,2019-03-25T23:59:46Z,5760,5760,0,14.999925,14.999661922,15.000001616,0.003333181,0,0,0,0,0.0,3.125079,20.331622,2.05792e-12,0.0002083386,0.001355441,False,0.001388,False
2019-03-26,RS03AXBS-MJ03A-06-PRESTA301,2,True,2019-03-26T00:00:01Z,2019-03-26T23:59:46Z,5760,5760,0,14.999925,14.999680042,15.000000277,0.001564583,0,0,0,0,0.0,3.19822,17.441714,3.102949e-12,0.0002132146,0.001162781,False,0.001312,False
2019-03-27,RS03AXBS-MJ03A-06-PRESTA301,2,True,2019-03-27T00:00:01Z,2019-03-27T23:59:46Z,5760,5760,0,14.999925,14.999682903,14.999998833,0.008349593,0,0,0,0,0.0,3.78587,19.5531,2.850114e-12,0.0002523914,0.00130354,False,0.001374,False
2019-03-28,RS03AXBS-MJ03A-06-PRESTA301,2,True,2019-03-28T00:00:01Z,2019-03-28T23:59:46Z,5760,5760,0,14.999925,14.999694824,14.99999917,0.003268275,0,0,0,0,0.0,3.380893,21.659448,1.614258e-12,0.0002253929,0.001443963,False,0.001352,False
2019-03-29,RS03AXBS-MJ03A-06-PRESTA301,2,True,2019-03-29T00:00:01Z,2019-03-29T23:59:46Z,5760,5760,0,14.999925,14.999659061,14.999999961,-0.001728436,0,0,0,0,0.0,3.60245,18.786184,1.262953e-12,0.0002401634,0.001252412,False,0.001372,False
2019-03-30,RS03AXBS-MJ03A-06-PRESTA301,2,True,2019-03-30T00:00:01Z,2019-03-30T23:59:46Z,5760,5760,0,14.999925,14.999680996,15.00000143,-0.00224195,0,0,0,0,0.0,3.641515,24.45742,4.86977e-13,0.0002427677,0.001630495,False,0.001759,False
2019-03-31,RS03AXBS-MJ03A-06-PRESTA301,2,True,2019-03-31T00:00:01Z,2019-03-31T23:59:46Z,5760,5760,0,14.999925,14.999647141,15.000001376,-0.00104863,0,0,0,0,0.0,3.191435,19.812231,1.751566e-12,0.0002127623,0.001320815,False,0.00138,False
2019-04-01,RS03AXBS-MJ03A-06-PRESTA301,2,True,2019-04-01T00:00:01Z,2019-04-01T23:59:46Z,5760,5760,0,14.999925,14.9996562,14.999999397,0.001888085,0,0,0,0,0.0,3.764724,20.079918,2.084998e-12,0.0002509816,0.001338661,False,0.001374,False
2019-04-02,RS03AXBS-MJ03A-06-PRESTA301,2,True,2019-04-02T00:00:01Z,2019-04-02T23:59:46Z,5760,5760,0,14.999925,14.999690056,14.999997764,-0.006777282,0,0,0,0,0.0,4.440545,25.15135,1.628371e-12,0.0002960364,0.001676757,False,0.00137,False
2019-04-03,RS03AXBS-MJ03A-06-PRESTA301,2,True,2019-04-03T00:00:01Z,2019-04-03T23:59:46Z,5760,5760,0,14.999925,14.999664783,14.999997078,0.002447718,0,0,0,0,0.0,3.32464,21.747224,1.860711e-12,0.0002216427,0.001449815,False,0.001375,False
2019-04-04,RS03AXBS-MJ03A-06-PRESTA301,2,True,2019-04-04T00:00:01Z,2019-04-04T23:18:46Z,5588,5596,8,14.999925,14.999679089,15.000000112,0.001371903,1,8,1,8,-0.0,7.208029,42.764874,-1.178573e-12,0.0004805353,0.002850992,False,0.00168,True
2019-04-05,RS03AXBS-MJ03A-06-PRESTA301,2,True,2019-04-05T01:31:46Z,2019-04-05T23:59:46Z,5393,5393,0,14.999925,14.999648571,14.999994592,0.005907933,0,0,0,0,-0.0,4.519197,24.057701,-9.174431e-13,0.0003012799,0.001603847,False,0.001342,False
2019-04-06,RS03AXBS-MJ03A-06-PRESTA301,2,True,2019-04-06T00:00:01Z,2019-04-06T23:59:46Z,5760,5760,0,14.999925,14.999677181,14.999999747,0.001672381,0,0,0,0,0.0,3.975227,18.876643,1.393923e-12,0.0002650152,0.001258443,False,0.001372,False
2019-04-07,RS03AXBS-MJ03A-06-PRESTA301,2,True,2019-04-07T00:00:01Z,2019-04-07T23:59:46Z,5760,5760,0,14.999925,14.999680042,14.999999182,0.003741413,0,0,0,0,0.0,3.041693,16.614087,1.667494e-12,0.0002027795,0.001107606,False,0.001345,False
2019-04-08,RS03AXBS-MJ03A-06-PRESTA301,2,True,2019-04-08T00:00:01Z,2019-04-08T23:59:46Z,5760,5760,0,14.999925,14.999620914,14.999997527,-0.000940815,0,0,0,0,0.0,2.928169,16.762364,2.830749e-12,0.0001952113,0.001117491,False,0.001339,False
2019-04-09,RS03AXBS-MJ03A-06-PRESTA301,2,True,2019-04-09T00:00:01Z,2019-04-09T23:59:46Z,5760,5760,0,14.999925,14.999657154,14.999997325,-0.002810731,0,0,0,0,0.0,2.966751,17.204816,1.098673e-12,0.0001977834,0.001146988,False,0.001365,False
2019-04-10,RS03AXBS-MJ03A-06-PRESTA301,2,True,2019-04-10T00:00:01Z,2019-04-10T23:59:46Z,5760,5760,0,14.999925,14.999691963,14.999998676,0.001247389,0,0,0,0,0.0,2.78466,16.275839,2.716787e-12,0.000185644,0.001085056,False,0.001362,False
2019-04-11,RS03AXBS-MJ03A-06-PRESTA301,2,True,2019-04-11T00:00:01Z,2019-04-11T23:59:46Z,5760,5760,0,14.999925,14.999688148,14.999998612,-0.003612913,0,0,0,0,0.0,3.016756,20.446846,3.033371e-12,0.0002011171,0.001363123,False,0.001361,False
2019-04-12,RS03AXBS-MJ03A-06-PRESTA301,2,True,2019-04-12T00:00:01Z,2019-04-12T23:59:46Z,5760,5760,0,14.999925,14.99967432,14.999998275,0.00150726,0,0,0,0,0.0,2.832839,18.991348,1.83365e-12,0.000188856,0.00126609,False,0.001385,False
2019-04-13,RS03AXBS-MJ03A-06-PRESTA301,2,True,2019-04-13T00:00:01Z,2019-04-13T23:59:46Z,5760,5760,0,14.999925,14.999685287,14.999997347,-0.000801736,0,0,0,0,0.0,2.859321,16.23254,1.977476e-12,0.0001906214,0.00108217,False,0.001371,False
2019-04-14,RS03AXBS-MJ03A-06-PRESTA301,2,True,2019-04-14T00:00:01Z,2019-04-14T23:59:46Z,5760,5760,0,14.999925,14.999677181,14.999997376,-0.00152491,0,0,0,0,0.0,2.80558,19.916946,1.336976e-12,0.0001870387,0.001327797,False,0.001359,False
2019-04-15,RS03AXBS-MJ03A-06-PRESTA301,2,True,2019-04-15T00:00:01Z,2019-04-15T23:59:46Z,5760,5760,0,14.999925,14.999683857,14.999997188,0.001396674,0,0,0,0,0.0,2.849775,17.073627,2.95697e-12,0.000189985,0.001138242,False,0.001365,False
2019-04-16,RS03AXBS-MJ03A-06-PRESTA301,2,True,2019-04-16T00:00:01Z,2019-04-16T23:59:46Z,5760,5760,0,14.999925,14.999670982,14.99999917,-0.000494032,0,0,0,0,0.0,2.790844,16.102662,2.612557e-12,0.0001860563,0.001073511,False,0.001363,False
2019-04-17,RS03AXBS-MJ03A-06-PRESTA301,2,True,2019-04-17T00:00:01Z,2019-04-17T23:59:46Z,5760,5760,0,14.999925,14.999637604,14.999998773,-0.000333999,0,0,0,0,0.0,2.920017,18.873565,2.126312e-12,0.0001946678,0.001258238,False,0.001364,False
2019-04-18,RS03AXBS-MJ03A-06-PRESTA301,2,True,2019-04-18T00:00:01Z,2019-04-18T23:59:46Z,5760,5760,0,14.999925,14.999680042,14.999999957,0.00292285,0,0,0,0,0.0,2.900305,19.091044,1.244182e-12,0.0001933537,0.001272736,False,0.001329,False
2019-04-19,RS03AXBS-MJ03A-06-PRESTA301,2,True,2019-04-19T00:00:01Z,2019-04-19T23:59:46Z,5760,5760,0,14.999925,14.999636173,14.99999992,-0.002778068,0,0,0,0,0.0,2.912923,16.393257,2.637862e-12,0.0001941949,0.001092884,False,0.00137,False
2019-04-20,RS03AXBS-MJ03A-06-PRESTA301,2,True,2019-04-20T00:00:01Z,2019-04-20T23:59:46Z,5760,5760,0,14.999925,14.999638081,15.000000368,-0.002798902,0,0,0,0,0.0,2.955042,17.544361,2.502523e-12,0.0001970028,0.001169624,False,0.001371,False
2019-04-21,RS03AXBS-MJ03A-06-PRESTA301,2,True,2019-04-21T00:00:01Z,2019-04-21T23:59:46Z,5760,5760,0,14.999925,14.999673843,15.000001008,0.004504281,0,0,0,0,0.0,4.802014,21.887171,2.749464e-12,0.0003201342,0.001459145,False,0.001397,False
2019-04-22,RS03AXBS-MJ03A-06-PRESTA301,2,True,2019-04-22T00:00:01Z,2019-04-22T23:59:46Z,1777,5760,3983,14.999925,14.999682903,15.000000756,-0.001928981,1,3983,1,3983,-0.0,2.851337,15.238256,-7.093158e-13,0.0001900891,0.001015884,False,0.084515,True
2019-04-23,RS03AXBS-MJ03A-06-PRESTA301,2,True,2019-04-23T00:00:01Z,2019-04-23T23:59:46Z,5760,5760,0,14.999925,14.999674797,15.000001561,0.00192065,0,0,0,0,0.0,2.834437,21.59403,1.122809e-12,0.0001889624,0.001439602,False,0.001392,False
2019-04-24,RS03AXBS-MJ03A-06-PRESTA301,2,True,2019-04-24T00:00:01Z,2019-04-24T23:59:46Z,5760,5760,0,14.999925,14.999689102,15.000001641,0.003116777,0,0,0,0,0.0,2.846929,20.709715,3.181053e-12,0.0001897953,0.001380648,False,0.001474,False
2019-04-25,RS03AXBS-MJ03A-06-PRESTA301,2,True,2019-04-25T00:00:01Z,2019-04-25T23:59:46Z,5760,5760,0,14.999925,14.999667168,15.00000173,0.003631641,0,0,0,0,0.0,2.938157,16.518765,5.179077e-13,0.0001958771,0.001101251,False,0.00133,False
2019-04-26,RS03AXBS-MJ03A-06-PRESTA301,2,True,2019-04-26T00:00:01Z,2019-04-26T23:59:46Z,5736,5760,24,14.999925,14.999680042,15.000000914,0.001326146,1,24,1,24,-0.0,3.131817,20.105009,-3.695492e-12,0.0002087878,0.001340334,False,0.001343,True
2019-04-27,RS03AXBS-MJ03A-06-PRESTA301,2,True,2019-04-27T00:00:01Z,2019-04-27T23:59:46Z,5760,5760,0,14.999925,14.999669075,15.000001775,0.000193233,0,0,0,0,0.0,2.873993,21.285676,2.351795e-12,0.0001915995,0.001419045,False,0.001369,False
2019-04-28,RS03AXBS-MJ03A-06-PRESTA301,2,True,2019-04-28T00:00:01Z,2019-04-28T23:59:46Z,5760,5760,0,14.999925,14.99969101,15.000001282,-0.000866117,0,0,0,0,0.0,2.827814,15.986862,2.307634e-12,0.0001885209,0.001065791,False,0.00139,False
2019-04-29,RS03AXBS-MJ03A-06-PRESTA301,2,True,2019-04-29T00:00:01Z,2019-04-29T23:59:46Z,5760,5760,0,14.999925,14.999691963,15.000000951,0.002248493,0,0,0,0,0.0,3.732146,21.019189,3.741491e-12,0.0002488097,0.001401279,False,0.001389,False
2019-04-30,RS03AXBS-MJ03A-06-PRESTA301,2,True,2019-04-30T00:00:01Z,2019-04-30T23:59:46Z,5760,5760,0,14.999925,14.999655724,15.00000155,0.000309269,0,0,0,0,0.0,4.17793,22.52805,9.91755e-13,0.0002785287,0.00150187,False,0.001757,False
2019-05-01,RS03AXBS-MJ03A-06-PRESTA301,2,True,2019-05-01T00:00:01Z,2019-05-01T23:59:46Z,5760,5760,0,14.999925,14.999678135,15.000001318,-0.000910526,0,0,0,0,0.0,2.857755,16.719821,3.211283e-12,0.000190517,0.001114655,False,0.001316,False
2019-05-02,RS03AXBS-MJ03A-06-PRESTA301,2,True,2019-05-02T00:00:01Z,2019-05-02T23:59:46Z,5760,5760,0,14.999925,14.999694824,15.000000934,0.002941311,0,0,0,0,0.0,3.816932,21.492993,1.688345e-12,0.0002544621,0.001432866,False,0.001357,False
2019-05-03,RS03AXBS-MJ03A-06-PRESTA301,2,True,2019-05-03T00:00:01Z,2019-05-03T23:59:46Z,5760,5760,0,14.999925,14.99968195,14.999999465,0.00169061,0,0,0,0,0.0,3.10321,21.614454,1.491713e-12,0.0002068806,0.001440964,False,0.001374,False
2019-05-04,RS03AXBS-MJ03A-06-PRESTA301,2,True,2019-05-04T00:00:01Z,2019-05-04T23:59:46Z,5760,5760,0,14.999925,14.99968195,15.000001017,0.000115819,0,0,0,0,0.0,2.908861,16.387669,1.213891e-12,0.0001939241,0.001092511,False,0.001326,False
2019-05-05,RS03AXBS-MJ03A-06-PRESTA301,2,True,2019-05-05T00:00:01Z,2019-05-05T23:59:46Z,5760,5760,0,14.999925,14.999678135,15.000001628,0.000225136,0,0,0,0,0.0,2.780084,21.577752,3.221775e-12,0.0001853389,0.001438517,False,0.001468,False
2019-05-06,RS03AXBS-MJ03A-06-PRESTA301,2,True,2019-05-06T00:00:01Z,2019-05-06T23:59:46Z,5760,5760,0,14.999925,14.999662876,15.000001461,-0.000916993,0,0,0,0,0.0,2.789038,17.873732,1.077065e-12,0.0001859359,0.001191582,False,0.001349,False
2019-05-07,RS03AXBS-MJ03A-06-PRESTA301,2,True,2019-05-07T00:00:01Z,2019-05-07T23:59:46Z,5760,5760,0,14.999925,14.999651432,15.000001621,-0.000287512,0,0,0,0,0.0,2.794979,16.321887,1.76781e-12,0.0001863319,0.001088126,False,0.001398,False
2019-05-08,RS03AXBS-MJ03A-06-PRESTA301,2,True,2019-05-08T00:00:01Z,2019-05-08T23:59:46Z,5760,5760,0,14.999925,14.999651909,15.000001665,0.000534488,0,0,0,0,0.0,2.802496,18.245324,2.460756e-12,0.000186833,0.001216355,False,0.001402,False
2019-05-09,RS03AXBS-MJ03A-06-PRESTA301,2,True,2019-05-09T00:00:01Z,2019-05-09T23:59:46Z,5760,5760,0,14.999925,14.999660015,15.000001421,0.003981971,0,0,0,0,0.0,2.87141,17.627905,2.101597e-12,0.0001914273,0.001175194,False,0.001337,False
2019-05-10,RS03AXBS-MJ03A-06-PRESTA301,2,True,2019-05-10T00:00:01Z,2019-05-10T23:59:46Z,5760,5760,0,14.999925,14.999682903,15.000001803,0.002037487,0,0,0,0,0.0,2.952945,16.601911,2.249464e-12,0.000196863,0.001106794,False,0.001353,False
2019-05-11,RS03AXBS-MJ03A-06-PRESTA301,2,True,2019-05-11T00:00:01Z,2019-05-11T23:59:46Z,5760,5760,0,14.999925,14.999660969,15.000001834,0.000510949,0,0,0,0,0.0,2.819375,20.147338,2.591082e-12,0.0001879583,0.001343156,False,0.001366,False
2019-05-12,RS03AXBS-MJ03A-06-PRESTA301,2,True,2019-05-12T00:00:01Z,2019-05-12T23:59:46Z,5760,5760,0,14.999925,14.999657631,15.000001717,0.001648431,0,0,0,0,0.0,2.821814,21.283854,1.759413e-12,0.0001881209,0.001418923,False,0.001374,False
2019-05-13,RS03AXBS-MJ03A-06-PRESTA301,2,True,2019-05-13T00:00:01Z,2019-05-13T23:59:46Z,5760,5760,0,14.999925,14.999680042,15.000000513,0.002070625,0,0,0,0,0.0,2.890951,17.00232,2.283761e-12,0.00019273,0.001133488,False,0.001331,False
2019-05-14,RS03AXBS-MJ03A-06-PRESTA301,2,True,2019-05-14T00:00:01Z,2019-05-14T23:59:46Z,5760,5760,0,14.999925,14.999691963,15.000001355,0.00208981,0,0,0,0,0.0,3.133778,21.991933,1.42174e-12,0.0002089185,0.001466129,False,0.001519,False
2019-05-15,RS03AXBS-MJ03A-06-PRESTA301,2,True,2019-05-15T00:00:01Z,2019-05-15T23:59:46Z,5760,5760,0,14.999925,14.999691963,15.000000941,0.006247297,0,0,0,0,0.0,3.36355,22.351271,1.270361e-12,0.0002242367,0.001490085,False,0.001562,False
2019-05-16,RS03AXBS-MJ03A-06-PRESTA301,2,True,2019-05-16T00:00:01Z,2019-05-16T23:59:46Z,5760,5760,0,14.999925,14.999659061,15.000001925,-0.00050587,0,0,0,0,0.0,2.895505,17.285602,1.549272e-12,0.0001930336,0.001152373,False,0.001378,False
2019-05-17,RS03AXBS-MJ03A-06-PRESTA301,2,True,2019-05-17T00:00:01Z,2019-05-17T23:59:46Z,5760,5760,0,14.999925,14.999628067,15.000001802,-0.001720737,0,0,0,0,0.0,2.94839,18.33256,1.509756e-12,0.0001965593,0.001222171,False,0.001351,False
2019-05-18,RS03AXBS-MJ03A-06-PRESTA301,2,True,2019-05-18T00:00:01Z,2019-05-18T23:59:46Z,5760,5760,0,14.999925,14.999636173,15.00000157,-0.00151763,0,0,0,0,0.0,2.882677,20.384918,1.964543e-12,0.0001921784,0.001358994,False,0.001371,False
2019-05-19,RS03AXBS-MJ03A-06-PRESTA301,2,True,2019-05-19T00:00:01Z,2019-05-19T23:59:46Z,5760,5760,0,14.999925,14.999614239,15.000002123,-0.002251056,0,0,0,0,0.0,2.840959,16.618005,1.553234e-12,0.0001893972,0.001107867,False,0.001398,False
2019-05-20,RS03AXBS-MJ03A-06-PRESTA301,2,False,,,0,0,,14.999925,,,,,,,,,,,,,,,,False
2019-05-21,RS03AXBS-MJ03A-06-PRESTA301,2,True,2019-05-21T00:00:01Z,2019-05-21T23:59:46Z,5760,5760,0,14.999925,14.999677658,15.000001435,0.003484693,0,0,0,0,0.0,2.797254,22.123456,4.252165e-13,0.0001864836,0.001474897,False,0.001788,False
2019-05-22,RS03AXBS-MJ03A-06-PRESTA301,2,True,2019-05-22T00:00:01Z,2019-05-22T23:59:46Z,5735,5760,25,14.999925,14.999639034,15.000001571,-0.000886996,1,25,1,25,-0.0,2.833999,16.295625,-9.466935e-13,0.0001889333,0.001086375,False,0.001343,True
2019-05-23,RS03AXBS-MJ03A-06-PRESTA301,2,True,2019-05-23T00:00:01Z,2019-05-23T23:59:46Z,5760,5760,0,14.999925,14.999655724,15.000001371,0.003316354,0,0,0,0,0.0,2.831236,20.410285,8.737044e-13,0.000188749,0.001360686,False,0.00136,False
2019-05-24,RS03AXBS-MJ03A-06-PRESTA301,2,True,2019-05-24T00:00:01Z,2019-05-24T23:59:46Z,5648,5760,112,14.999925,14.999675274,15.000001478,-0.00137505,1,112,1,112,-0.0,2.781453,21.390243,-7.628398e-13,0.0001854302,0.001426016,False,0.002171,True
2019-05-25,RS03AXBS-MJ03A-06-PRESTA301,2,True,2019-05-25T00:00:01Z,2019-05-25T23:59:46Z,5760,5760,0,14.999925,14.99968195,15.000000848,0.002728241,0,0,0,0,0.0,2.946884,17.37839,1.021338e-12,0.000196459,0.001158559,False,0.001319,False
2019-05-26,RS03AXBS-MJ03A-06-PRESTA301,2,True,2019-05-26T00:00:01Z,2019-05-26T23:59:46Z,5760,5760,0,14.999925,14.99969101,15.000001745,0.001092583,0,0,0,0,0.0,2.955121,20.336971,1.323612e-12,0.000197008,0.001355798,False,0.001364,False
2019-05-27,RS03AXBS-MJ03A-06-PRESTA301,2,True,2019-05-27T00:00:01Z,2019-05-27T23:59:46Z,5760,5760,0,14.999925,14.99969101,15.000001818,-0.00152215,0,0,0,0,0.0,2.835194,22.088989,2.096788e-12,0.0001890129,0.001472599,False,0.001363,False
2019-05-28,RS03AXBS-MJ03A-06-PRESTA301,2,True,2019-05-28T00:00:01Z,2019-05-28T23:59:46Z,5760,5760,0,14.999925,14.999686718,15.000000745,-0.001620121,0,0,0,0,0.0,2.799274,16.30637,2.682518e-12,0.0001866182,0.001087091,False,0.00137,False
2019-05-29,RS03AXBS-MJ03A-06-PRESTA301,2,True,2019-05-29T00:00:01Z,2019-05-29T23:59:46Z,5760,5760,0,14.999925,14.999692917,15.000000725,-0.002228168,0,0,0,0,0.0,2.827835,19.536956,2.726417e-12,0.0001885224,0.001302464,False,0.001388,False
2019-05-30,RS03AXBS-MJ03A-06-PRESTA301,2,True,2019-05-30T00:00:01Z,2019-05-30T23:59:46Z,5760,5760,0,14.999925,14.999732018,15.000000504,0.001548835,0,0,0,0,0.0,2.829262,16.002229,1.938841e-12,0.0001886174,0.001066815,False,0.00133,False
2019-05-31,RS03AXBS-MJ03A-06-PRESTA301,2,True,2019-05-31T00:00:01Z,2019-05-31T23:59:46Z,5760,5760,0,14.999925,14.999682903,15.0000003,-0.00226873,0,0,0,0,0.0,2.821316,16.126389,2.394441e-12,0.0001880877,0.001075093,False,0.001323,False
2019-06-01,RS03AXBS-MJ03A-06-PRESTA301,2,True,2019-06-01T00:00:01Z,2019-06-01T23:59:46Z,5760,5760,0,14.999925,14.999641895,15.000000902,0.002659544,0,0,0,0,0.0,2.946795,22.093459,2.120752e-12,0.000196453,0.001472897,False,0.001372,False
2019-06-02,RS03AXBS-MJ03A-06-PRESTA301,2,True,2019-06-02T00:00:01Z,2019-06-02T23:59:46Z,5760,5760,0,14.999925,14.999685764,15.000001557,-0.002340089,0,0,0,0,0.0,2.828062,16.019128,1.50366e-12,0.0001885374,0.001067942,False,0.001319,False
2019-06-03,RS03AXBS-MJ03A-06-PRESTA301,2,True,2019-06-03T00:00:01Z,2019-06-03T23:59:46Z,5760,5760,0,14.999925,14.999662876,15.000000854,-0.009307948,0,0,0,0,0.0,3.081839,18.376665,4.520272e-13,0.000205456,0.001225111,False,0.001359,False
2019-06-04,RS03AXBS-MJ03A-06-PRESTA301,2,True,2019-06-04T00:00:01Z,2019-06-04T23:59:46Z,5760,5760,0,14.999925,14.999642849,15.000001052,0.003029767,0,0,0,0,0.0,2.988331,19.984982,1.941042e-12,0.000199222,0.001332332,False,0.001359,False
2019-06-05,RS03AXBS-MJ03A-06-PRESTA301,2,True,2019-06-05T00:00:01Z,2019-06-05T23:59:46Z,5760,5760,0,14.999925,14.999659061,15.000002283,-0.005246206,0,0,0,0,0.0,2.979715,17.11185,1.904117e-12,0.0001986476,0.00114079,False,0.001353,False
2019-06-06,RS03AXBS-MJ03A-06-PRESTA301,2,True,2019-06-06T00:00:01Z,2019-06-06T23:59:46Z,5754,5760,6,14.999925,14.999660969,15.000001975,-0.004520744,1,6,1,6,-0.0,3.990501,25.146291,-8.225041e-13,0.0002660333,0.001676419,False,0.001352,True
2019-06-07,RS03AXBS-MJ03A-06-PRESTA301,2,True,2019-06-07T00:00:01Z,2019-06-07T23:59:46Z,5754,5760,6,14.999925,14.999660969,15.000001709,-0.004408487,1,6,1,6,-0.0,3.204736,19.847793,-1.648094e-12,0.000213649,0.001323186,False,0.001365,True
2019-06-08,RS03AXBS-MJ03A-06-PRESTA301,2,True,2019-06-08T00:00:01Z,2019-06-08T23:59:46Z,5760,5760,0,14.999925,14.999653339,15.000000975,-0.001117206,0,0,0,0,0.0,2.979491,17.32576,1.833346e-12,0.0001986327,0.001155051,False,0.001303,False
2019-06-09,RS03AXBS-MJ03A-06-PRESTA301,2,True,2019-06-09T00:00:01Z,2019-06-09T23:59:46Z,5760,5760,0,14.999925,14.999686241,15.000002093,6.6107e-05,0,0,0,0,0.0,3.348126,18.74432,9.621954e-13,0.0002232084,0.001249621,False,0.001371,False
2019-06-10,RS03AXBS-MJ03A-06-PRESTA301,2,True,2019-06-10T00:00:01Z,2019-06-10T23:59:46Z,5754,5760,6,14.999925,14.999670029,15.000003875,-0.003286942,1,6,1,6,0.0,3.55311,21.28156,6.09841e-13,0.0002368739,0.00141877,False,0.001358,True
2019-06-11,RS03AXBS-MJ03A-06-PRESTA301,2,True,2019-06-11T00:00:01Z,2019-06-11T23:59:46Z,5760,5760,0,14.999925,14.999625683,15.000000935,-0.001449476,0,0,0,0,0.0,2.8952,16.786318,1.142686e-12,0.0001930133,0.001119088,False,0.00136,False
2019-06-12,RS03AXBS-MJ03A-06-PRESTA301,2,True,2019-06-12T00:00:01Z,2019-06-12T23:59:46Z,5760,5760,0,14.999925,14.999664307,15.00000175,0.001813074,0,0,0,0,0.0,2.893654,16.638162,1.478557e-12,0.0001929103,0.001109211,False,0.001388,False
2019-06-13,RS03AXBS-MJ03A-06-PRESTA301,2,True,2019-06-13T00:00:01Z,2019-06-13T23:59:46Z,5759,5760,1,14.999925,14.999647617,15.000001532,-0.002024623,1,1,1,1,0.0,2.828439,20.896153,1.502244e-13,0.0001885626,0.001393077,False,0.001393,True
2019-06-14,RS03AXBS-MJ03A-06-PRESTA301,2,True,2019-06-14T00:00:01Z,2019-06-14T23:59:46Z,5729,5760,31,14.999925,14.999644518,15.000001164,-0.000777326,6,31,6,31,0.0,2.849282,16.547552,1.155693e-14,0.0001899521,0.00110317,False,0.001382,True
2019-06-15,RS03AXBS-MJ03A-06-PRESTA301,2,True,2019-06-15T00:00:01Z,2019-06-15T23:59:46Z,5754,5760,6,14.999925,14.999635696,15.000001327,-0.012754666,1,6,1,6,-0.0,2.961631,22.310408,-5.373663e-13,0.000197442,0.00148736,False,0.00138,True
2019-06-16,RS03AXBS-MJ03A-06-PRESTA301,2,True,2019-06-16T00:00:01Z,2019-06-16T23:59:46Z,5716,5760,44,14.999925,14.999637604,15.000001429,-0.000691745,8,44,8,44,0.0,2.965068,21.928769,2.734137e-12,0.0001976712,0.001461918,False,0.0014,True
2019-06-17,RS03AXBS-MJ03A-06-PRESTA301,2,True,2019-06-17T00:00:01Z,2019-06-17T23:59:46Z,4852,5760,908,14.999925,14.999725819,15.000001333,0.002255693,11,908,11,908,0.0,3.023161,17.189824,1.588439e-12,0.0002015441,0.001145988,False,0.015962,True
2019-06-18,RS03AXBS-MJ03A-06-PRESTA301,2,True,2019-06-18T00:00:01Z,2019-06-18T23:59:46Z,5760,5760,0,14.999925,14.999637127,15.000000956,-0.000329958,0,0,0,0,0.0,2.868406,30.484487,1.172602e-12,0.0001912271,0.002032299,False,0.002181,False
2019-06-19,RS03AXBS-MJ03A-06-PRESTA301,2,True,2019-06-19T00:00:01Z,2019-06-19T23:59:46Z,5760,5760,0,14.999925,14.999670982,15.000001318,0.001383282,0,0,0,0,0.0,2.854101,21.527724,2.199029e-12,0.0001902734,0.001435181,False,0.001399,False
2019-06-20,RS03AXBS-MJ03A-06-PRESTA301,2,True,2019-06-20T00:00:01Z,2019-06-20T23:59:46Z,5698,5760,62,14.999925,14.999680996,15.000001282,0.002312524,11,62,11,62,0.0,2.848451,16.416052,2.607711e-13,0.0001898967,0.001094403,False,0.001375,True
2019-06-21,RS03AXBS-MJ03A-06-PRESTA301,2,True,2019-06-21T00:00:01Z,2019-06-21T20:23:16Z,4536,4894,358,14.999925,14.999680996,15.000001521,0.000290434,27,358,27,358,-0.0,2.856454,18.188505,-1.265809e-12,0.0001904303,0.001212567,False,0.004735,True
2019-06-22,RS03AXBS-MJ03A-06-PRESTA301,2,False,,,0,0,,14.999925,,,,,,,,,,,,,,,,False
2019-06-23,RS03AXBS-MJ03A-06-PRESTA301,2,True,2019-06-23T16:25:24Z,2019-06-23T23:59:58Z,1782,1819,37,14.999925,14.999769211,15.000305525,3.628869508,7,37,7,37,0.0,578.225051,3640.724814,4.706095e-13,0.03854755,0.24271,False,0.266678,True
2019-06-24,RS03AXBS-MJ03A-06-PRESTA301,2,True,2019-06-24T00:00:13Z,2019-06-24T21:51:13Z,5233,5245,12,14.999925,14.999665022,15.000001655,0.004864109,2,12,2,12,0.0,2.805387,20.398627,5.028262e-13,0.0001870258,0.001359908,False,0.001341,True
2019-06-25,RS03AXBS-MJ03A-06-PRESTA301,2,False,,,0,0,,14.999925,,,,,,,,,,,,,,,,False
2019-06-26,RS03AXBS-MJ03A-06-PRESTA301,2,False,,,0,0,,14.999925,,,,,,,,,,,,,,,,False
2019-06-27,RS03AXBS-MJ03A-06-PRESTA301,2,False,,,0,0,,14.999925,,,,,,,,,,,,,,,,False
2019-06-28,RS03AXBS-MJ03A-06-PRESTA301,2,False,,,0,0,,14.999925,,,,,,,,,,,,,,,,False
2019-06-29,RS03AXBS-MJ03A-06-PRESTA301,2,False,,,0,0,,14.999925,,,,,,,,,,,,,,,,False
2019-06-30,RS03AXBS-MJ03A-06-PRESTA301,2,False,,,0,0,,14.999925,,,,,,,,,,,,,,,,False
2019-07-01,RS03AXBS-MJ03A-06-PRESTA301,2,False,,,0,0,,14.999925,,,,,,,,,,,,,,,,False
2019-07-02,RS03AXBS-MJ03A-06-PRESTA301,2,False,,,0,0,,14.999925,,,,,,,,,,,,,,,,False
2019-07-03,RS03AXBS-MJ03A-06-PRESTA301,2,False,,,0,0,,14.999925,,,,,,,,,,,,,,,,False
2019-07-04,RS03AXBS-MJ03A-06-PRESTA301,2,False,,,0,0,,14.999925,,,,,,,,,,,,,,,,False
2019-07-05,RS03AXBS-MJ03A-06-PRESTA301,2,False,,,0,0,,14.999925,,,,,,,,,,,,,,,,False
2019-07-06,RS03AXBS-MJ03A-06-PRESTA301,2,False,,,0,0,,14.999925,,,,,,,,,,,,,,,,False
2019-07-07,RS03AXBS-MJ03A-06-PRESTA301,2,True,2019-07-07T04:33:11Z,2019-07-07T23:59:47Z,4666,4667,1,14.999925,14.999678135,15.000003099,5.994272783,1,1,1,1,-0.0,87.841365,5994.272783,-1.581924e-12,0.00585609,0.3996181,False,0.400304,True
2019-07-08,RS03AXBS-MJ03A-06-PRESTA301,2,True,2019-07-08T00:00:02Z,2019-07-08T23:59:47Z,5760,5760,0,14.999925,14.999706268,15.000001551,0.000530495,0,0,0,0,0.0,2.848207,16.479976,1.734808e-12,0.0001898805,0.001098665,False,0.001308,False
2019-07-09,RS03AXBS-MJ03A-06-PRESTA301,2,True,2019-07-09T00:00:02Z,2019-07-09T23:59:47Z,5760,5760,0,14.999925,14.999701977,15.000001627,-0.001802842,0,0,0,0,0.0,2.85213,20.220972,1.968179e-12,0.000190142,0.001348065,False,0.001342,False
2019-07-10,RS03AXBS-MJ03A-06-PRESTA301,2,True,2019-07-10T00:00:02Z,2019-07-10T23:59:47Z,5760,5760,0,14.999925,14.99968195,15.000001803,-0.000579769,0,0,0,0,0.0,2.809974,19.195432,2.007355e-12,0.0001873316,0.001279695,False,0.001365,False
2019-07-11,RS03AXBS-MJ03A-06-PRESTA301,2,True,2019-07-11T00:00:02Z,2019-07-11T23:59:47Z,5760,5760,0,14.999925,14.999645233,15.000001691,5.4047e-05,0,0,0,0,0.0,2.813186,16.110468,2.015917e-12,0.0001875457,0.001074031,False,0.001365,False
2019-07-12,RS03AXBS-MJ03A-06-PRESTA301,2,True,2019-07-12T00:00:02Z,2019-07-12T23:59:47Z,5760,5760,0,14.999925,14.999659061,15.000001412,0.00198073,0,0,0,0,0.0,2.865708,19.568163,2.220786e-12,0.0001910472,0.001304544,False,0.001368,False
2019-07-13,RS03AXBS-MJ03A-06-PRESTA301,2,True,2019-07-13T00:00:02Z,2019-07-13T23:59:47Z,5760,5760,0,14.999925,14.999675751,15.000000249,0.003317026,0,0,0,0,0.0,2.846252,18.546162,1.618513e-12,0.0001897501,0.001236411,False,0.001371,False
2019-07-14,RS03AXBS-MJ03A-06-PRESTA301,2,True,2019-07-14T00:00:02Z,2019-07-14T23:59:47Z,5760,5760,0,14.999925,14.999608994,14.999999934,0.002006219,0,0,0,0,0.0,3.016981,17.460561,1.801075e-12,0.0002011321,0.001164037,False,0.001367,False
2019-07-15,RS03AXBS-MJ03A-06-PRESTA301,2,True,2019-07-15T00:00:02Z,2019-07-15T23:59:47Z,5760,5760,0,14.999925,14.999647141,14.999999797,0.005429809,0,0,0,0,0.0,3.002351,23.024936,2.274449e-12,0.0002001567,0.001534996,False,0.001512,False
2019-07-16,RS03AXBS-MJ03A-06-PRESTA301,2,True,2019-07-16T00:00:02Z,2019-07-16T23:59:47Z,5760,5760,0,14.999925,14.999625206,14.999998232,-0.000558599,0,0,0,0,0.0,2.897656,17.551259,1.595621e-12,0.0001931771,0.001170084,False,0.001324,False
2019-07-17,RS03AXBS-MJ03A-06-PRESTA301,2,True,2019-07-17T00:00:02Z,2019-07-17T23:59:47Z,5760,5760,0,14.999925,14.999650002,15.000001432,-0.00324968,0,0,0,0,0.0,2.936195,16.895786,1.558746e-12,0.0001957463,0.001126386,False,0.00133,False
2019-07-18,RS03AXBS-MJ03A-06-PRESTA301,2,True,2019-07-18T00:00:02Z,2019-07-18T23:59:47Z,5760,5760,0,14.999925,14.999649048,15.000001564,0.005194603,0,0,0,0,0.0,2.788206,16.877371,2.466401e-12,0.0001858804,0.001125158,False,0.00137,False
2019-07-19,RS03AXBS-MJ03A-06-PRESTA301,2,True,2019-07-19T00:00:02Z,2019-07-19T23:59:47Z,5760,5760,0,14.999925,14.999660969,15.000001428,-0.000682359,0,0,0,0,0.0,2.882592,17.246493,2.647889e-12,0.0001921728,0.001149766,False,0.001344,False
2019-07-20,RS03AXBS-MJ03A-06-PRESTA301,2,True,2019-07-20T00:00:02Z,2019-07-20T23:59:47Z,5760,5760,0,14.999925,14.999654293,15.000001306,0.000797729,0,0,0,0,0.0,2.906597,16.784101,1.530611e-12,0.0001937731,0.00111894,False,0.00135,False
2019-07-21,RS03AXBS-MJ03A-06-PRESTA301,2,True,2019-07-21T00:00:02Z,2019-07-21T23:59:47Z,5760,5760,0,14.999925,14.999688148,15.000001586,-0.000404332,0,0,0,0,0.0,2.872403,20.517563,1.622007e-12,0.0001914935,0.001367837,False,0.001371,False
2019-07-22,RS03AXBS-MJ03A-06-PRESTA301,2,True,2019-07-22T00:00:02Z,2019-07-22T23:59:47Z,5760,5760,0,14.999925,14.999701977,15.000001588,-0.001300018,0,0,0,0,0.0,2.918057,18.832772,1.102298e-12,0.0001945371,0.001255518,False,0.001365,False
2019-07-23,RS03AXBS-MJ03A-06-PRESTA301,2,True,2019-07-23T00:00:02Z,2019-07-23T23:59:47Z,5760,5760,0,14.999925,14.999690056,15.00000121,0.001027121,0,0,0,0,0.0,2.94894,16.608188,5.640098e-13,0.000196596,0.001107212,False,0.001376,False
2019-07-24,RS03AXBS-MJ03A-06-PRESTA301,2,True,2019-07-24T00:00:02Z,2019-07-24T23:59:47Z,5760,5760,0,14.999925,14.99968338,15.000001855,-0.000422273,0,0,0,0,0.0,2.907332,19.617662,1.023389e-12,0.0001938221,0.001307844,False,0.001337,False
2019-07-25,RS03AXBS-MJ03A-06-PRESTA301,2,True,2019-07-25T00:00:02Z,2019-07-25T23:59:47Z,4724,5760,1036,14.999925,14.999670029,15.000001595,-0.002698662,1,1036,1,1036,-0.0,2.848231,17.619279,-1.618671e-12,0.000189882,0.001174618,False,0.023042,True
2019-07-26,RS03AXBS-MJ03A-06-PRESTA301,2,True,2019-07-26T00:00:02Z,2019-07-26T11:17:02Z,2709,2709,0,14.999925,14.999629021,15.000001873,0.000561022,0,0,0,0,-0.0,2.959683,16.864548,-3.401722e-13,0.0001973122,0.001124303,False,0.001356,False
2019-07-27,RS03AXBS-MJ03A-06-PRESTA301,2,False,,,0,0,,14.999925,,,,,,,,,,,,,,,,False
2019-07-28,RS03AXBS-MJ03A-06-PRESTA301,2,False,,,0,0,,14.999925,,,,,,,,,,,,,,,,False
2019-07-29,RS03AXBS-MJ03A-06-PRESTA301,2,True,2019-07-29T20:51:47Z,2019-07-29T22:56:32Z,500,500,0,14.999925,14.999715328,14.999999512,0.000404018,0,0,0,0,0.0,2.710178,14.734385,8.956469e-14,0.0001806785,0.0009822923,False,0.001056,False
2019-07-30,RS03AXBS-MJ03A-06-PRESTA301,2,True,2019-07-30T15:26:02Z,2019-07-30T23:59:47Z,1568,2056,488,14.999925,14.999611855,15.000000367,-0.001368609,2,488,2,488,-0.0,2.799717,15.892773,-7.653244e-13,0.0001866478,0.001059518,False,0.012182,True
2019-07-31,RS03AXBS-MJ03A-06-PRESTA301,2,True,2019-07-31T00:00:02Z,2019-07-31T23:59:47Z,5760,5760,0,14.999925,14.999634743,15.000001498,0.000618153,0,0,0,0,0.0,2.983233,16.460853,2.393871e-12,0.0001988822,0.00109739,False,0.001321,False
2019-08-01,RS03AXBS-MJ03A-06-PRESTA301,2,True,2019-08-01T00:00:02Z,2019-08-01T23:59:47Z,5760,5760,0,14.999925,14.999649048,15.000001613,-0.001367812,0,0,0,0,0.0,2.877509,17.586295,1.884412e-12,0.0001918339,0.00117242,False,0.001365,False
2019-08-02,RS03AXBS-MJ03A-06-PRESTA301,2,True,2019-08-02T00:00:02Z,2019-08-02T23:59:47Z,5760,5760,0,14.999925,14.999603271,15.000001544,0.001978728,0,0,0,0,0.0,2.905759,19.75684,2.908867e-12,0.0001937172,0.001317122,False,0.001386,False
2019-08-03,RS03AXBS-MJ03A-06-PRESTA301,2,True,2019-08-03T00:00:02Z,2019-08-03T23:59:47Z,5760,5760,0,14.999925,14.99968195,15.000001412,-0.001176499,0,0,0,0,0.0,2.772859,16.381432,1.755858e-12,0.0001848573,0.001092095,False,0.001352,False
2019-08-04,RS03AXBS-MJ03A-06-PRESTA301,2,True,2019-08-04T00:00:02Z,2019-08-04T23:59:47Z,5760,5760,0,14.999925,14.999628067,15.00000031,0.002252696,0,0,0,0,0.0,3.12611,19.149184,1.462085e-12,0.0002084074,0.001276612,False,0.001374,False
2019-08-05,RS03AXBS-MJ03A-06-PRESTA301,2,True,2019-08-05T00:00:02Z,2019-08-05T23:59:47Z,5760,5760,0,14.999925,14.999684334,14.999997798,-0.000884075,0,0,0,0,0.0,2.860632,22.430144,1.938188e-12,0.0001907088,0.001495343,False,0.00135,False
2019-08-06,RS03AXBS-MJ03A-06-PRESTA301,2,True,2019-08-06T00:00:02Z,2019-08-06T23:59:47Z,5322,5760,438,14.999925,14.999637604,14.999998597,0.000882542,1,438,1,438,0.0,3.003342,17.23713,7.807274e-13,0.0002002228,0.001149142,False,0.010122,True
2019-08-07,RS03AXBS-MJ03A-06-PRESTA301,2,True,2019-08-07T00:00:02Z,2019-08-07T23:59:47Z,5760,5760,0,14.999925,14.999671936,15.000000657,0.000896736,0,0,0,0,0.0,2.795849,19.334803,1.728779e-12,0.0001863899,0.001288987,False,0.001386,False
2019-08-08,RS03AXBS-MJ03A-06-PRESTA301,2,True,2019-08-08T00:00:02Z,2019-08-08T23:59:47Z,5741,5760,19,14.999925,14.999659061,15.000001224,0.001259852,1,19,1,19,-0.0,3.033289,17.556223,-3.16537e-13,0.0002022193,0.001170415,False,0.001337,True
2019-08-09,RS03AXBS-MJ03A-06-PRESTA301,2,True,2019-08-09T00:00:02Z,2019-08-09T23:59:47Z,5760,5760,0,14.999925,14.999680042,15.000001523,-0.000485041,0,0,0,0,0.0,3.044627,17.794106,2.372449e-12,0.0002029751,0.001186274,False,0.001377,False
2019-08-10,RS03AXBS-MJ03A-06-PRESTA301,2,True,2019-08-10T00:00:02Z,2019-08-10T23:59:47Z,5760,5760,0,14.999925,14.999676228,15.000001377,0.001812176,0,0,0,0,0.0,2.82726,20.329818,1.535827e-12,0.000188484,0.001355321,False,0.001333,False
2019-08-11,RS03AXBS-MJ03A-06-PRESTA301,2,True,2019-08-11T00:00:02Z,2019-08-11T23:59:47Z,5760,5760,0,14.999925,14.999667168,15.000001623,-0.002052342,0,0,0,0,0.0,2.818637,17.482034,2.281775e-12,0.0001879091,0.001165469,False,0.001359,False
2019-08-12,RS03AXBS-MJ03A-06-PRESTA301,2,True,2019-08-12T00:00:02Z,2019-08-12T23:59:47Z,5760,5760,0,14.999925,14.999632359,15.00000113,0.005794211,0,0,0,0,0.0,2.860529,17.063211,1.509233e-12,0.0001907019,0.001137547,False,0.001367,False
2019-08-13,RS03AXBS-MJ03A-06-PRESTA301,2,True,2019-08-13T00:00:02Z,2019-08-13T23:59:47Z,5760,5760,0,14.999925,14.999669552,15.000001755,0.000714673,0,0,0,0,0.0,2.87408,20.344612,1.339289e-12,0.0001916053,0.001356307,False,0.001346,False
2019-08-14,RS03AXBS-MJ03A-06-PRESTA301,2,True,2019-08-14T00:00:02Z,2019-08-14T23:59:47Z,5760,5760,0,14.999925,14.99963665,15.000000507,0.004117222,0,0,0,0,0.0,3.066899,21.365399,1.455457e-12,0.00020446,0.00142436,False,0.001358,False
2019-08-15,RS03AXBS-MJ03A-06-PRESTA301,2,True,2019-08-15T00:00:02Z,2019-08-15T23:59:47Z,5760,5760,0,14.999925,14.999661922,14.999999936,-0.001022347,0,0,0,0,0.0,2.842863,17.246399,1.883302e-12,0.0001895242,0.00114976,False,0.001362,False
2019-08-16,RS03AXBS-MJ03A-06-PRESTA301,2,True,2019-08-16T00:00:02Z,2019-08-16T23:59:47Z,5760,5760,0,14.999925,14.999641895,15.000001256,-0.000895781,0,0,0,0,0.0,3.005517,17.547095,2.872465e-12,0.0002003678,0.001169806,False,0.001406,False
2019-08-17,RS03AXBS-MJ03A-06-PRESTA301,2,True,2019-08-17T00:00:02Z,2019-08-17T23:59:47Z,5760,5760,0,14.999925,14.999652863,15.000001417,0.000929177,0,0,0,0,0.0,2.858019,21.408758,3.340446e-12,0.0001905346,0.00142725,False,0.001389,False
2019-08-18,RS03AXBS-MJ03A-06-PRESTA301,2,True,2019-08-18T00:00:02Z,2019-08-18T23:59:47Z,5760,5760,0,14.999925,14.999669075,15.000001583,0.001479286,0,0,0,0,0.0,2.815021,16.759474,3.362716e-13,0.0001876681,0.001117298,False,0.001376,False
2019-08-19,RS03AXBS-MJ03A-06-PRESTA301,2,True,2019-08-19T00:00:02Z,2019-08-19T23:59:47Z,5760,5760,0,14.999925,14.999662876,15.00000178,-0.001371243,0,0,0,0,0.0,2.899628,21.365989,1.313899e-12,0.0001933085,0.001424399,False,0.00135,False
2019-08-20,RS03AXBS-MJ03A-06-PRESTA301,2,True,2019-08-20T00:00:02Z,2019-08-20T23:59:47Z,5760,5760,0,14.999925,14.999705315,15.000000987,-0.00121289,0,0,0,0,0.0,2.823838,18.211513,2.259325e-12,0.0001882559,0.001214101,False,0.001357,False
2019-08-21,RS03AXBS-MJ03A-06-PRESTA301,2,True,2019-08-21T00:00:02Z,2019-08-21T23:59:47Z,5760,5760,0,14.999925,14.999724865,14.999998086,0.001435493,0,0,0,0,0.0,3.112266,17.010372,9.472828e-13,0.0002074845,0.001134025,False,0.001325,False
2019-08-22,RS03AXBS-MJ03A-06-PRESTA301,2,True,2019-08-22T00:00:02Z,2019-08-22T23:59:47Z,5760,5760,0,14.999925,14.999715805,14.999999394,-0.000352545,0,0,0,0,0.0,3.166033,19.556671,1.390584e-12,0.0002110689,0.001303778,False,0.001384,False
2019-08-23,RS03AXBS-MJ03A-06-PRESTA301,2,True,2019-08-23T00:00:02Z,2019-08-23T23:59:47Z,5760,5760,0,14.999925,14.999684811,14.999998873,-0.001432363,0,0,0,0,0.0,3.140107,19.986707,2.775338e-12,0.0002093405,0.001332447,False,0.001555,False
2019-08-24,RS03AXBS-MJ03A-06-PRESTA301,2,True,2019-08-24T00:00:02Z,2019-08-24T23:59:47Z,5760,5760,0,14.999925,14.999678612,15.00000111,0.000869998,0,0,0,0,0.0,3.370701,18.716712,1.830799e-12,0.0002247134,0.001247781,False,0.001354,False
2019-08-25,RS03AXBS-MJ03A-06-PRESTA301,2,True,2019-08-25T00:00:02Z,2019-08-25T23:59:47Z,5760,5760,0,14.999925,14.999677181,15.000001342,-0.000283064,0,0,0,0,0.0,2.882708,21.861914,2.3989e-12,0.0001921805,0.001457461,False,0.001362,False
2019-08-26,RS03AXBS-MJ03A-06-PRESTA301,2,True,2019-08-26T00:00:02Z,2019-08-26T23:59:47Z,5760,5760,0,14.999925,14.999658108,15.000001806,6.8325e-05,0,0,0,0,0.0,2.921004,21.614645,2.653752e-12,0.0001947336,0.001440976,False,0.001354,False
2019-08-27,RS03AXBS-MJ03A-06-PRESTA301,2,True,2019-08-27T00:00:02Z,2019-08-27T23:59:47Z,5760,5760,0,14.999925,14.99964571,15.000001322,6.1156e-05,0,0,0,0,0.0,3.194095,17.635819,1.380939e-12,0.0002129397,0.001175721,False,0.00132,False
2019-08-28,RS03AXBS-MJ03A-06-PRESTA301,2,True,2019-08-28T00:00:02Z,2019-08-28T23:59:47Z,5760,5760,0,14.999925,14.999629021,15.000000814,0.001274966,0,0,0,0,0.0,2.82151,16.656858,2.211795e-12,0.0001881006,0.001110457,False,0.001343,False
2019-08-29,RS03AXBS-MJ03A-06-PRESTA301,2,True,2019-08-29T00:00:02Z,2019-08-29T23:59:47Z,5760,5760,0,14.999925,14.999629021,15.000002061,-0.00305568,0,0,0,0,0.0,3.346837,18.795739,1.954052e-12,0.0002231225,0.001253049,False,0.001369,False
2019-08-30,RS03AXBS-MJ03A-06-PRESTA301,2,True,2019-08-30T00:00:02Z,2019-08-30T23:59:47Z,5760,5760,0,14.999925,14.999601841,15.00000101,-0.002153884,0,0,0,0,0.0,3.429389,17.503557,1.661874e-12,0.0002286259,0.001166904,False,0.001346,False
2019-08-31,RS03AXBS-MJ03A-06-PRESTA301,2,True,2019-08-31T00:00:02Z,2019-08-31T23:59:47Z,5760,5760,0,14.999925,14.999598026,15.000001469,-0.000291092,0,0,0,0,0.0,2.974589,21.158257,1.50108e-12,0.0001983059,0.00141055,False,0.001362,False
2019-09-01,RS03AXBS-MJ03A-06-PRESTA301,2,True,2019-09-01T00:00:02Z,2019-09-01T23:59:47Z,5760,5760,0,14.999925,14.999618053,15.000001273,-0.001000752,0,0,0,0,0.0,2.888182,19.631355,2.052395e-12,0.0001925455,0.001308757,False,0.001374,False
2019-09-02,RS03AXBS-MJ03A-06-PRESTA301,2,True,2019-09-02T00:00:02Z,2019-09-02T23:59:47Z,5760,5760,0,14.999925,14.999613285,15.000001396,0.001302834,0,0,0,0,0.0,2.876326,16.368162,1.925291e-12,0.000191755,0.001091211,False,0.001319,False
2019-09-03,RS03AXBS-MJ03A-06-PRESTA301,2,True,2019-09-03T00:00:02Z,2019-09-03T23:59:47Z,5760,5760,0,14.999925,14.999675751,14.999998819,0.000782858,0,0,0,0,0.0,3.157903,17.373491,3.086483e-12,0.0002105269,0.001158233,False,0.001379,False
2019-09-04,RS03AXBS-MJ03A-06-PRESTA301,2,True,2019-09-04T00:00:02Z,2019-09-04T23:59:47Z,5760,5760,0,14.999925,14.999678135,14.999999335,-0.002187979,0,0,0,0,0.0,2.931927,18.22719,2.709716e-12,0.0001954618,0.001215146,False,0.001376,False
2019-09-05,RS03AXBS-MJ03A-06-PRESTA301,2,True,2019-09-05T00:00:02Z,2019-09-05T23:59:47Z,5100,5760,660,14.999925,14.999633312,15.00000014,0.00264761,1,660,1,660,-0.0,2.924817,16.925305,-1.09124e-12,0.0001949878,0.001128354,False,0.016014,True
2019-09-06,RS03AXBS-MJ03A-06-PRESTA301,2,True,2019-09-06T00:00:02Z,2019-09-06T23:59:47Z,5760,5760,0,14.999925,14.999670982,15.000001339,0.00307211,0,0,0,0,0.0,3.322381,18.651117,1.736144e-12,0.0002214921,0.001243408,False,0.00139,False
2019-09-07,RS03AXBS-MJ03A-06-PRESTA301,2,True,2019-09-07T00:00:02Z,2019-09-07T23:59:47Z,5760,5760,0,14.999925,14.999651909,15.000001086,0.001752116,0,0,0,0,0.0,3.04985,21.654147,9.873826e-13,0.0002033233,0.00144361,False,0.001399,False
2019-09-08,RS03AXBS-MJ03A-06-PRESTA301,2,True,2019-09-08T00:00:02Z,2019-09-08T23:59:47Z,5760,5760,0,14.999925,14.999668598,15.000000896,-0.013141801,0,0,0,0,0.0,2.888502,17.150453,2.210665e-12,0.0001925668,0.001143363,False,0.001339,False
2019-09-09,RS03AXBS-MJ03A-06-PRESTA301,2,True,2019-09-09T00:00:02Z,2019-09-09T23:59:47Z,5760,5760,0,14.999925,14.999656677,15.00000156,0.002680698,0,0,0,0,0.0,2.900535,18.386502,2.172217e-12,0.000193369,0.001225767,False,0.001388,False
2019-09-10,RS03AXBS-MJ03A-06-PRESTA301,2,True,2019-09-10T00:00:02Z,2019-09-10T23:59:47Z,5723,5760,37,14.999925,14.999673843,15.000001009,-0.00080935,4,37,4,37,-0.0,3.20319,18.17523,-1.498884e-12,0.000213546,0.001211682,False,0.00134,True
2019-09-11,RS03AXBS-MJ03A-06-PRESTA301,2,True,2019-09-11T00:00:02Z,2019-09-11T23:59:47Z,5760,5760,0,14.999925,14.99966526,14.999998435,0.003143965,0,0,0,0,0.0,2.979058,16.912396,1.087271e-12,0.0001986039,0.001127493,False,0.001303,False
2019-09-12,RS03AXBS-MJ03A-06-PRESTA301,2,True,2019-09-12T00:00:02Z,2019-09-12T23:59:47Z,5760,5760,0,14.999925,14.999667168,14.999999531,0.003352058,0,0,0,0,0.0,3.012168,21.176794,9.103574e-13,0.0002008112,0.001411786,False,0.001347,False
2019-09-13,RS03AXBS-MJ03A-06-PRESTA301,2,True,2019-09-13T00:00:02Z,2019-09-13T23:59:54Z,2132,5761,3629,14.999925,14.99970293,14.999034995,0.813822547,2,3629,2,3629,-0.0,1468.851264,3553.647405,-3.807019e-13,0.09792972,0.2369251,False,0.466778,True
2019-09-14,RS03AXBS-MJ03A-06-PRESTA301,2,True,2019-09-14T00:00:09Z,2019-09-14T23:59:54Z,5760,5760,0,14.999925,14.999659061,15.000001046,0.000260513,0,0,0,0,0.0,2.968747,17.512856,2.009739e-12,0.0001979165,0.001167524,False,0.00139,False
2019-09-15,RS03AXBS-MJ03A-06-PRESTA301,2,True,2019-09-15T00:00:09Z,2019-09-15T23:59:54Z,5760,5760,0,14.999925,14.999664783,15.000001884,0.001371258,0,0,0,0,0.0,2.84387,16.460757,1.267624e-12,0.0001895913,0.001097384,False,0.001391,False
2019-09-16,RS03AXBS-MJ03A-06-PRESTA301,2,True,2019-09-16T00:00:09Z,2019-09-16T23:59:54Z,5760,5760,0,14.999925,14.999684811,15.000001747,-0.001598363,0,0,0,0,0.0,2.811523,16.850656,1.388234e-12,0.0001874348,0.001123377,False,0.001362,False
2019-09-17,RS03AXBS-MJ03A-06-PRESTA301,2,True,2019-09-17T00:00:09Z,2019-09-17T23:59:54Z,5760,5760,0,14.999925,14.999666691,15.000002382,-0.001387223,0,0,0,0,0.0,3.258321,20.373268,2.620259e-12,0.0002172214,0.001358218,False,0.001787,False
2019-09-18,RS03AXBS-MJ03A-06-PRESTA301,2,True,2019-09-18T00:00:09Z,2019-09-18T23:59:54Z,5760,5760,0,14.999925,14.99968195,15.000001374,-0.008136665,0,0,0,0,0.0,6.87999,23.268747,2.013911e-12,0.000458666,0.00155125,False,0.001318,False
2019-09-19,RS03AXBS-MJ03A-06-PRESTA301,2,True,2019-09-19T00:00:09Z,2019-09-19T23:59:54Z,5697,5760,63,14.999925,14.99968195,15.000000852,0.000523511,1,63,1,63,-0.0,7.245663,26.338911,-2.502711e-12,0.0004830442,0.001755927,False,0.001269,True
2019-09-20,RS03AXBS-MJ03A-06-PRESTA301,2,True,2019-09-20T00:00:09Z,2019-09-20T23:59:54Z,5760,5760,0,14.999925,14.999694824,14.999996199,-0.001085539,0,0,0,0,0.0,4.44671,19.782715,2.200626e-12,0.0002964474,0.001318848,False,0.001371,False
2019-09-21,RS03AXBS-MJ03A-06-PRESTA301,2,True,2019-09-21T00:00:09Z,2019-09-21T23:59:54Z,5760,5760,0,14.999925,14.999698162,14.999996839,0.004050822,0,0,0,0,0.0,3.06866,18.381097,3.784818e-12,0.0002045774,0.001225407,False,0.001388,False
2019-09-22,RS03AXBS-MJ03A-06-PRESTA301,2,True,2019-09-22T00:00:09Z,2019-09-22T23:59:54Z,5760,5760,0,14.999925,14.999680042,14.999998274,-0.003306159,0,0,0,0,0.0,2.929895,21.21075,9.445457e-13,0.0001953263,0.00141405,False,0.001365,False
2019-09-23,RS03AXBS-MJ03A-06-PRESTA301,2,True,2019-09-23T00:00:09Z,2019-09-23T23:59:54Z,5760,5760,0,14.999925,14.999669075,15.000000305,-0.001018132,0,0,0,0,0.0,3.096395,16.854422,2.0177e-12,0.0002064263,0.001123628,False,0.001375,False
2019-09-24,RS03AXBS-MJ03A-06-PRESTA301,2,True,2019-09-24T00:00:09Z,2019-09-24T23:59:54Z,5760,5760,0,14.999925,14.999680996,15.00000108,0.000121352,0,0,0,0,0.0,2.928912,16.732688,1.403199e-12,0.0001952608,0.001115512,False,0.001378,False
2019-09-25,RS03AXBS-MJ03A-06-PRESTA301,2,True,2019-09-25T00:00:09Z,2019-09-25T23:59:54Z,5760,5760,0,14.999925,14.999675274,15.0000012,0.003858884,0,0,0,0,0.0,2.86011,18.700547,1.231395e-12,0.000190674,0.001246703,False,0.001391,False
2019-09-26,RS03AXBS-MJ03A-06-PRESTA301,2,True,2019-09-26T00:00:09Z,2019-09-26T23:59:54Z,5760,5760,0,14.999925,14.999669075,15.000001715,0.001977147,0,0,0,0,0.0,2.899065,19.884155,9.734673e-13,0.000193271,0.00132561,False,0.001362,False
2019-09-27,RS03AXBS-MJ03A-06-PRESTA301,2,True,2019-09-27T00:00:09Z,2019-09-27T23:59:54Z,5760,5760,0,14.999925,14.999671936,15.000000452,0.001598643,0,0,0,0,0.0,3.489677,19.530231,2.643842e-12,0.0002326451,0.001302015,False,0.001323,False
2019-09-28,RS03AXBS-MJ03A-06-PRESTA301,2,True,2019-09-28T00:00:09Z,2019-09-28T23:59:54Z,5760,5760,0,14.999925,14.999661922,14.999998436,-0.001794566,0,0,0,0,0.0,3.214243,18.089192,1.788725e-12,0.0002142829,0.001205946,False,0.001404,False
2019-09-29,RS03AXBS-MJ03A-06-PRESTA301,2,True,2019-09-29T00:00:09Z,2019-09-29T23:59:54Z,5760,5760,0,14.999925,14.999632835,14.999999155,-0.002092742,0,0,0,0,0.0,2.914349,18.613087,1.161825e-12,0.0001942899,0.001240873,False,0.001341,False
2019-09-30,RS03AXBS-MJ03A-06-PRESTA301,2,True,2019-09-30T00:00:09Z,2019-09-30T23:59:54Z,5760,5760,0,14.999925,14.999657154,14.99999748,0.001289358,0,0,0,0,0.0,2.824936,16.428509,2.768595e-12,0.0001883291,0.001095234,False,0.001344,False
2019-10-01,RS03AXBS-MJ03A-06-PRESTA301,2,True,2019-10-01T00:00:09Z,2019-10-01T23:59:54Z,5760,5760,0,14.999925,14.999641895,14.999996502,0.00361325,0,0,0,0,0.0,3.463819,19.415073,3.683611e-12,0.0002309213,0.001294338,False,0.001375,False
2019-10-02,RS03AXBS-MJ03A-06-PRESTA301,2,True,2019-10-02T00:00:09Z,2019-10-02T23:59:54Z,5760,5760,0,14.999925,14.99967432,14.999996474,0.002065453,0,0,0,0,0.0,4.163838,20.428087,2.417681e-12,0.0002775893,0.001361873,False,0.00135,False
2019-10-03,RS03AXBS-MJ03A-06-PRESTA301,2,True,2019-10-03T00:00:09Z,2019-10-03T23:59:54Z,5760,5760,0,14.999925,14.999689579,14.999998003,-0.002306843,0,0,0,0,0.0,3.444655,18.751098,2.627416e-12,0.0002296437,0.001250073,False,0.001376,False
2019-10-04,RS03AXBS-MJ03A-06-PRESTA301,2,True,2019-10-04T00:00:09Z,2019-10-04T23:59:54Z,5760,5760,0,14.999925,14.999668121,14.99999763,-0.011157065,0,0,0,0,0.0,3.27072,18.045957,1.029402e-12,0.000218048,0.001203064,False,0.001413,False
2019-10-05,RS03AXBS-MJ03A-06-PRESTA301,2,True,2019-10-05T00:00:09Z,2019-10-05T23:59:54Z,5760,5760,0,14.999925,14.999666691,14.999997276,-0.000144386,0,0,0,0,0.0,3.085753,19.180464,1.573119e-12,0.0002057169,0.001278698,False,0.001389,False
2019-10-06,RS03AXBS-MJ03A-06-PRESTA301,2,True,2019-10-06T00:00:09Z,2019-10-06T23:59:54Z,5760,5760,0,14.999925,14.99968195,14.999998302,0.000583451,0,0,0,0,0.0,2.930095,17.13906,1.040662e-12,0.0001953397,0.001142604,False,0.001275,False
2019-10-07,RS03AXBS-MJ03A-06-PRESTA301,2,True,2019-10-07T00:00:09Z,2019-10-07T23:59:54Z,5760,5760,0,14.999925,14.999699593,14.999998805,-0.001657311,0,0,0,0,0.0,3.13488,18.728758,1.640276e-12,0.000208992,0.001248584,False,0.001366,False
2019-10-08,RS03AXBS-MJ03A-06-PRESTA301,2,True,2019-10-08T00:00:09Z,2019-10-08T23:59:54Z,5760,5760,0,14.999925,14.999698162,15.000000993,-0.001284014,0,0,0,0,0.0,3.003873,23.878281,2.078264e-12,0.0002002582,0.001591885,False,0.001634,False
2019-10-09,RS03AXBS-MJ03A-06-PRESTA301,2,True,2019-10-09T00:00:09Z,2019-10-09T23:59:54Z,5760,5760,0,14.999925,14.999666691,15.000001245,-0.000516483,0,0,0,0,0.0,3.246474,18.216175,1.163296e-12,0.0002164316,0.001214412,False,0.001372,False
2019-10-10,RS03AXBS-MJ03A-06-PRESTA301,2,True,2019-10-10T00:00:09Z,2019-10-10T23:59:54Z,5760,5760,0,14.999925,14.999670982,14.999999117,0.005726251,0,0,0,0,0.0,3.062703,21.079079,1.417147e-12,0.0002041802,0.001405272,False,0.00146,False
2019-10-11,RS03AXBS-MJ03A-06-PRESTA301,2,True,2019-10-11T00:00:09Z,2019-10-11T23:59:54Z,3742,5760,2018,14.999925,14.999627113,14.999997871,-0.001059269,2,2018,2,2018,0.0,3.032201,17.919956,7.506299e-13,0.0002021467,0.001194664,False,0.049583,True
2019-10-12,RS03AXBS-MJ03A-06-PRESTA301,2,True,2019-10-12T00:00:09Z,2019-10-12T23:59:54Z,5760,5760,0,14.999925,14.999669075,14.99999898,-0.000504148,0,0,0,0,0.0,3.298022,18.332883,2.828647e-12,0.0002198681,0.001222192,False,0.001353,False
2019-10-13,RS03AXBS-MJ03A-06-PRESTA301,2,True,2019-10-13T00:00:09Z,2019-10-13T23:59:54Z,5760,5760,0,14.999925,14.999664783,14.999999634,-0.00484563,0,0,0,0,0.0,3.422964,19.165669,1.958567e-12,0.0002281976,0.001277711,False,0.001374,False
2019-10-14,RS03AXBS-MJ03A-06-PRESTA301,2,True,2019-10-14T00:00:09Z,2019-10-14T23:59:54Z,5760,5760,0,14.999925,14.999694347,15.000002125,-0.001316369,0,0,0,0,0.0,3.449241,20.496454,1.788203e-12,0.0002299494,0.00136643,False,0.00139,False
2019-10-15,RS03AXBS-MJ03A-06-PRESTA301,2,True,2019-10-15T00:00:09Z,2019-10-15T23:59:54Z,5704,5760,56,14.999925,14.999650955,15.000000338,-0.001270999,1,56,1,56,-0.0,3.322978,18.242847,-1.666948e-12,0.0002215319,0.00121619,False,0.001344,True
2019-10-16,RS03AXBS-MJ03A-06-PRESTA301,2,True,2019-10-16T00:00:09Z,2019-10-16T23:59:54Z,5760,5760,0,14.999925,14.999660015,14.999999525,-0.009683686,0,0,0,0,0.0,3.235215,21.421893,1.264597e-12,0.000215681,0.001428126,False,0.001368,False
2019-10-17,RS03AXBS-MJ03A-06-PRESTA301,2,True,2019-10-17T00:00:09Z,2019-10-17T23:59:54Z,5760,5760,0,14.999925,14.999673367,14.999997952,-0.002468018,0,0,0,0,0.0,3.184669,21.853861,2.741047e-12,0.0002123113,0.001456924,False,0.001373,False
2019-10-18,RS03AXBS-MJ03A-06-PRESTA301,2,True,2019-10-18T00:00:09Z,2019-10-18T23:59:54Z,5760,5760,0,14.999925,14.999660015,14.999997649,0.002308847,0,0,0,0,0.0,2.88233,17.153602,6.102111e-13,0.0001921554,0.001143574,False,0.001367,False
2019-10-19,RS03AXBS-MJ03A-06-PRESTA301,2,True,2019-10-19T00:00:09Z,2019-10-19T23:59:54Z,5760,5760,0,14.999925,14.99969101,14.99999828,-0.000352644,0,0,0,0,0.0,2.815353,17.145911,1.878441e-12,0.0001876902,0.001143061,False,0.001368,False
2019-10-20,RS03AXBS-MJ03A-06-PRESTA301,2,True,2019-10-20T00:00:09Z,2019-10-20T23:59:54Z,5760,5760,0,14.999925,14.999686241,14.999999011,-0.002790975,0,0,0,0,0.0,3.044535,20.15539,1.500989e-12,0.000202969,0.001343693,False,0.001391,False
2019-10-21,RS03AXBS-MJ03A-06-PRESTA301,2,True,2019-10-21T00:00:09Z,2019-10-21T23:59:54Z,5760,5760,0,14.999925,14.999680042,15.000000693,-0.000318255,0,0,0,0,0.0,3.0023,17.658162,1.360741e-12,0.0002001533,0.001177211,False,0.001371,False
2019-10-22,RS03AXBS-MJ03A-06-PRESTA301,2,True,2019-10-22T00:00:09Z,2019-10-22T23:59:54Z,5760,5760,0,14.999925,14.999669075,15.000000751,-0.000326457,0,0,0,0,0.0,2.872869,18.425808,1.69489e-12,0.0001915246,0.001228387,False,0.001356,False
2019-10-23,RS03AXBS-MJ03A-06-PRESTA301,2,True,2019-10-23T00:00:09Z,2019-10-23T23:59:54Z,1993,5760,3767,14.999925,14.99966383,15.000000959,-0.000253542,1,3767,1,3767,0.0,2.977742,16.527184,1.12634e-12,0.0001985161,0.001101812,False,0.084861,True
2019-10-24,RS03AXBS-MJ03A-06-PRESTA301,2,True,2019-10-24T00:00:09Z,2019-10-24T23:59:54Z,5750,5760,10,14.999925,14.999671936,14.999999146,0.000608561,1,10,1,10,-0.0,3.136986,18.256633,-5.809861e-13,0.0002091324,0.001217109,False,0.001361,True
2019-10-25,RS03AXBS-MJ03A-06-PRESTA301,2,True,2019-10-25T00:00:09Z,2019-10-25T23:59:54Z,5760,5760,0,14.999925,14.999641418,15.000000341,0.002770548,0,0,0,0,0.0,2.858945,17.701598,2.349049e-12,0.0001905963,0.001180106,False,0.001321,False
2019-10-26,RS03AXBS-MJ03A-06-PRESTA301,2,True,2019-10-26T00:00:09Z,2019-10-26T23:59:54Z,5760,5760,0,14.999925,14.999655724,14.99999988,0.001398346,0,0,0,0,0.0,2.941149,18.247669,2.411336e-12,0.0001960766,0.001216511,False,0.00137,False
2019-10-27,RS03AXBS-MJ03A-06-PRESTA301,2,True,2019-10-27T00:00:09Z,2019-10-27T16:23:09Z,3933,3933,0,14.999925,14.999708176,14.99999878,0.001908792,0,0,0,0,0.0,2.945252,16.581578,3.777582e-13,0.0001963501,0.001105439,False,0.001333,False
2019-10-28,RS03AXBS-MJ03A-06-PRESTA301,2,True,2019-10-28T16:30:39Z,2019-10-28T23:59:54Z,1798,1798,0,14.999925,14.999458313,14.999996484,0.000387259,0,0,0,0,0.0,2.905018,16.82866,4.382575e-13,0.0001936679,0.001121911,False,0.001257,False
2019-10-29,RS03AXBS-MJ03A-06-PRESTA301,2,True,2019-10-29T00:00:09Z,2019-10-29T23:59:54Z,5760,5760,0,14.999925,14.999623299,15.0000013,-0.002507905,0,0,0,0,0.0,3.116763,19.379324,1.477977e-13,0.0002077842,0.001291955,False,0.001357,False
2019-10-30,RS03AXBS-MJ03A-06-PRESTA301,2,True,2019-10-30T00:00:09Z,2019-10-30T23:59:54Z,5760,5760,0,14.999925,14.999604225,15.000002579,-0.008784018,0,0,0,0,0.0,20.886897,184.566136,3.489797e-12,0.00139246,0.01230441,False,0.011814,False
2019-10-31,RS03AXBS-MJ03A-06-PRESTA301,2,True,2019-10-31T00:00:09Z,2019-10-31T23:59:54Z,5760,5760,0,14.999925,14.999628067,15.000001602,-0.002748953,0,0,0,0,0.0,2.995732,19.591629,3.230097e-12,0.0001997154,0.001306108,False,0.001663,False
2019-11-01,RS03AXBS-MJ03A-06-PRESTA301,2,True,2019-11-01T00:00:09Z,2019-11-01T23:59:54Z,5760,5760,0,14.999925,14.999662399,15.000000453,0.000967245,0,0,0,0,0.0,2.961498,18.661532,2.325226e-13,0.0001974332,0.001244102,False,0.00136,False
2019-11-02,RS03AXBS-MJ03A-06-PRESTA301,2,True,2019-11-02T00:00:09Z,2019-11-02T23:59:54Z,5760,5760,0,14.999925,14.999655247,15.000000003,0.00023881,0,0,0,0,0.0,3.100149,18.103699,1.527469e-12,0.0002066766,0.001206913,False,0.001355,False
2019-11-03,RS03AXBS-MJ03A-06-PRESTA301,2,True,2019-11-03T00:00:09Z,2019-11-03T23:59:54Z,5760,5760,0,14.999925,14.999669075,14.999999881,0.000463626,0,0,0,0,0.0,3.585872,23.919931,6.106425e-13,0.0002390581,0.001594662,False,0.001777,False
2019-11-04,RS03AXBS-MJ03A-06-PRESTA301,2,True,2019-11-04T00:00:09Z,2019-11-04T23:59:54Z,5760,5760,0,14.999925,14.999664783,14.999999243,-9.0469e-05,0,0,0,0,0.0,3.297709,19.232971,1.529673e-12,0.0002198472,0.001282198,False,0.001365,False
2019-11-05,RS03AXBS-MJ03A-06-PRESTA301,2,True,2019-11-05T00:00:09Z,2019-11-05T23:59:54Z,5760,5760,0,14.999925,14.999671936,14.999999652,2.57e-06,0,0,0,0,0.0,2.939542,16.678762,1.394705e-12,0.0001959695,0.001111917,False,0.001361,False
2019-11-06,RS03AXBS-MJ03A-06-PRESTA301,2,True,2019-11-06T00:00:09Z,2019-11-06T23:59:54Z,5760,5760,0,14.999925,14.999694824,15.000001416,-0.000885073,0,0,0,0,0.0,2.923476,17.193262,6.931157e-13,0.0001948984,0.001146217,False,0.00138,False
2019-11-07,RS03AXBS-MJ03A-06-PRESTA301,2,True,2019-11-07T00:00:09Z,2019-11-07T23:59:54Z,5760,5760,0,14.999925,14.999685764,15.000001839,0.002243128,0,0,0,0,0.0,2.892212,22.755222,3.464714e-12,0.0001928141,0.001517015,False,0.001365,False
2019-11-08,RS03AXBS-MJ03A-06-PRESTA301,2,True,2019-11-08T00:00:09Z,2019-11-08T23:59:54Z,5760,5760,0,14.999925,14.999644756,15.000001428,0.001375583,0,0,0,0,0.0,3.303346,19.669785,1.644617e-12,0.000220223,0.001311319,False,0.001379,False
2019-11-09,RS03AXBS-MJ03A-06-PRESTA301,2,True,2019-11-09T00:00:09Z,2019-11-09T23:59:54Z,5760,5760,0,14.999925,14.999670982,15.000000988,-0.012466559,0,0,0,0,0.0,2.874275,22.063338,1.351826e-12,0.0001916183,0.001470889,False,0.001363,False
2019-11-10,RS03AXBS-MJ03A-06-PRESTA301,2,True,2019-11-10T00:00:09Z,2019-11-10T23:59:54Z,5760,5760,0,14.999925,14.999665737,15.000000731,0.001467073,0,0,0,0,0.0,3.064792,20.423522,2.457543e-12,0.0002043195,0.001361568,False,0.001358,False
2019-11-11,RS03AXBS-MJ03A-06-PRESTA301,2,True,2019-11-11T00:00:09Z,2019-11-11T23:59:54Z,5760,5760,0,14.999925,14.999671936,15.000001416,0.001455278,0,0,0,0,0.0,2.996996,17.250963,6.567056e-13,0.0001997997,0.001150064,False,0.00139,False
2019-11-12,RS03AXBS-MJ03A-06-PRESTA301,2,True,2019-11-12T00:00:09Z,2019-11-12T23:59:54Z,5760,5760,0,14.999925,14.999653339,15.000001932,-0.00260679,0,0,0,0,0.0,2.898891,21.828279,2.05573e-12,0.0001932594,0.001455218,False,0.001365,False
2019-11-13,RS03AXBS-MJ03A-06-PRESTA301,2,True,2019-11-13T00:00:09Z,2019-11-13T23:59:54Z,5760,5760,0,14.999925,14.999633789,15.000001714,-0.000983083,0,0,0,0,0.0,2.877143,20.455658,2.895141e-12,0.0001918095,0.00136371,False,0.001385,False
2019-11-14,RS03AXBS-MJ03A-06-PRESTA301,2,True,2019-11-14T00:00:09Z,2019-11-14T23:59:54Z,5760,5760,0,14.999925,14.999647141,15.000001767,-0.001638253,0,0,0,0,0.0,3.323847,19.466608,1.802173e-12,0.0002215898,0.001297774,False,0.001357,False
2019-11-15,RS03AXBS-MJ03A-06-PRESTA301,2,True,2019-11-15T00:00:09Z,2019-11-15T23:59:54Z,5760,5760,0,14.999925,14.999659061,15.00000135,-0.001277056,0,0,0,0,0.0,3.004442,17.650073,2.024269e-12,0.0002002961,0.001176671,False,0.001371,False
2019-11-16,RS03AXBS-MJ03A-06-PRESTA301,2,True,2019-11-16T00:00:09Z,2019-11-16T23:59:54Z,5760,5760,0,14.999925,14.999652863,15.000001402,0.003486276,0,0,0,0,0.0,2.861544,20.60963,6.548652e-13,0.0001907696,0.001373975,False,0.001366,False
2019-11-17,RS03AXBS-MJ03A-06-PRESTA301,2,True,2019-11-17T00:00:09Z,2019-11-17T23:59:54Z,5760,5760,0,14.999925,14.999671936,15.000001262,0.000607619,0,0,0,0,0.0,3.098246,17.643682,1.282387e-12,0.0002065497,0.001176245,False,0.001308,False
2019-11-18,RS03AXBS-MJ03A-06-PRESTA301,2,True,2019-11-18T00:00:09Z,2019-11-18T23:59:54Z,5760,5760,0,14.999925,14.999670982,15.000000998,0.005061134,0,0,0,0,0.0,3.241391,18.668576,1.094907e-12,0.0002160927,0.001244572,False,0.001326,False
2019-11-19,RS03AXBS-MJ03A-06-PRESTA301,2,True,2019-11-19T00:00:09Z,2019-11-19T23:59:54Z,5760,5760,0,14.999925,14.999696255,15.000001908,0.002063137,0,0,0,0,0.0,3.313911,18.12211,2.348754e-12,0.0002209274,0.001208141,False,0.00137,False
2019-11-20,RS03AXBS-MJ03A-06-PRESTA301,2,True,2019-11-20T00:00:09Z,2019-11-20T23:59:54Z,5760,5760,0,14.999925,14.999701023,15.000002201,-0.000215122,0,0,0,0,0.0,4.956943,24.561086,1.996817e-12,0.0003304628,0.001637406,False,0.001283,False
2019-11-21,RS03AXBS-MJ03A-06-PRESTA301,2,True,2019-11-21T00:00:09Z,2019-11-21T23:59:54Z,5760,5760,0,14.999925,14.999669075,15.0000004,0.00262563,0,0,0,0,0.0,2.995911,20.255793,1.800885e-12,0.0001997274,0.001350386,False,0.001391,False
2019-11-22,RS03AXBS-MJ03A-06-PRESTA301,2,True,2019-11-22T00:00:09Z,2019-11-22T23:59:54Z,5760,5760,0,14.999925,14.999690056,15.000002033,-0.004579988,0,0,0,0,0.0,2.896287,19.918856,1.321871e-12,0.0001930858,0.001327924,False,0.001361,False
2019-11-23,RS03AXBS-MJ03A-06-PRESTA301,2,True,2019-11-23T00:00:09Z,2019-11-23T23:59:54Z,5760,5760,0,14.999925,14.999634743,15.000000797,-0.000355436,0,0,0,0,0.0,3.598529,19.56502,1.81825e-12,0.0002399019,0.001304335,False,0.001364,False
2019-11-24,RS03AXBS-MJ03A-06-PRESTA301,2,True,2019-11-24T00:00:09Z,2019-11-24T23:59:54Z,5760,5760,0,14.999925,14.999662876,15.000001564,-0.001145797,0,0,0,0,0.0,2.891635,16.497385,1.91405e-12,0.0001927756,0.001099826,False,0.001358,False
2019-11-25,RS03AXBS-MJ03A-06-PRESTA301,2,True,2019-11-25T00:00:09Z,2019-11-25T23:59:54Z,5760,5760,0,14.999925,14.9996562,15.000002023,-0.004563557,0,0,0,0,0.0,2.996769,18.118001,1.194152e-12,0.0001997846,0.001207867,False,0.001379,False
2019-11-26,RS03AXBS-MJ03A-06-PRESTA301,2,True,2019-11-26T00:00:09Z,2019-11-26T23:59:54Z,5760,5760,0,14.999925,14.999638081,15.000001465,-0.000717791,0,0,0,0,0.0,2.915518,17.155066,1.700512e-12,0.0001943678,0.001143671,False,0.00136,False
2019-11-27,RS03AXBS-MJ03A-06-PRESTA301,2,True,2019-11-27T00:00:09Z,2019-11-27T23:59:54Z,5760,5760,0,14.999925,14.999619961,15.000001373,-0.00259997,0,0,0,0,0.0,3.025239,19.36603,2.037058e-12,0.0002016826,0.001291069,False,0.001393,False
2019-11-28,RS03AXBS-MJ03A-06-PRESTA301,2,True,2019-11-28T00:00:09Z,2019-11-28T23:59:54Z,5760,5760,0,14.999925,14.999625683,15.000003813,-0.003231876,0,0,0,0,0.0,3.571189,18.733747,1.386418e-12,0.0002380792,0.001248916,False,0.001377,False
2019-11-29,RS03AXBS-MJ03A-06-PRESTA301,2,True,2019-11-29T00:00:09Z,2019-11-29T23:59:54Z,5760,5760,0,14.999925,14.999650002,14.999999359,0.006512919,0,0,0,0,0.0,3.263098,17.869311,2.438544e-12,0.0002175399,0.001191287,False,0.001397,False
2019-11-30,RS03AXBS-MJ03A-06-PRESTA301,2,True,2019-11-30T00:00:09Z,2019-11-30T23:59:54Z,5760,5760,0,14.999925,14.999657154,15.000002633,-0.001822952,0,0,0,0,0.0,3.26687,20.91423,7.225677e-13,0.0002177913,0.001394282,False,0.001384,False
2019-12-01,RS03AXBS-MJ03A-06-PRESTA301,2,True,2019-12-01T00:00:09Z,2019-12-01T23:59:54Z,5760,5760,0,14.999925,14.99968338,15.00000218,0.000237416,0,0,0,0,0.0,2.957736,16.728744,1.673358e-12,0.0001971824,0.001115249,False,0.00138,False
2019-12-02,RS03AXBS-MJ03A-06-PRESTA301,2,True,2019-12-02T00:00:09Z,2019-12-02T23:59:54Z,5760,5760,0,14.999925,14.999687195,15.000001486,-0.000781246,0,0,0,0,0.0,2.922128,18.944327,2.532664e-12,0.0001948085,0.001262955,False,0.001364,False
2019-12-03,RS03AXBS-MJ03A-06-PRESTA301,2,True,2019-12-03T00:00:09Z,2019-12-03T23:59:54Z,5760,5760,0,14.999925,14.999690056,15.000001788,8.99e-06,0,0,0,0,0.0,2.849254,17.747321,2.55661e-12,0.0001899502,0.001183155,False,0.001342,False
2019-12-04,RS03AXBS-MJ03A-06-PRESTA301,2,True,2019-12-04T00:00:09Z,2019-12-04T23:59:54Z,5760,5760,0,14.999925,14.999689102,15.000001741,0.003259668,0,0,0,0,0.0,2.869326,16.632433,8.805453e-13,0.0001912884,0.001108829,False,0.001368,False
2019-12-05,RS03AXBS-MJ03A-06-PRESTA301,2,True,2019-12-05T00:00:09Z,2019-12-05T23:59:54Z,5760,5760,0,14.999925,14.999701977,15.000000177,3.3448e-05,0,0,0,0,0.0,2.785039,16.911194,1.285863e-12,0.0001856693,0.001127413,False,0.001378,False
2019-12-06,RS03AXBS-MJ03A-06-PRESTA301,2,True,2019-12-06T00:00:09Z,2019-12-06T23:59:54Z,5760,5760,0,14.999925,14.999713898,14.999999131,0.000323876,0,0,0,0,0.0,2.85902,22.663027,1.755895e-12,0.0001906013,0.001510869,False,0.00169,False
2019-12-07,RS03AXBS-MJ03A-06-PRESTA301,2,True,2019-12-07T00:00:09Z,2019-12-07T23:59:54Z,5760,5760,0,14.999925,14.999682903,15.000000142,-0.00339112,0,0,0,0,0.0,2.904367,16.562524,1.064884e-12,0.0001936245,0.001104168,False,0.001362,False
2019-12-08,RS03AXBS-MJ03A-06-PRESTA301,2,True,2019-12-08T00:00:09Z,2019-12-08T23:59:54Z,5701,5760,59,14.999925,14.999655485,15.00000019,-0.000177499,1,59,1,59,0.0,2.920941,17.373403,5.868297e-13,0.0001947294,0.001158227,False,0.00154,True
2019-12-09,RS03AXBS-MJ03A-06-PRESTA301,2,True,2019-12-09T00:00:09Z,2019-12-09T23:59:54Z,5760,5760,0,14.999925,14.99969101,15.000000643,-0.000165906,0,0,0,0,0.0,2.791915,16.344803,1.722082e-12,0.0001861276,0.001089653,False,0.00134,False
2019-12-10,RS03AXBS-MJ03A-06-PRESTA301,2,False,,,0,0,,14.999925,,,,,,,,,,,,,,,,False
2019-12-11,RS03AXBS-MJ03A-06-PRESTA301,2,True,2019-12-11T00:00:09Z,2019-12-11T23:59:54Z,5760,5760,0,14.999925,14.999660969,14.999998032,-0.000847042,0,0,0,0,0.0,2.9527,15.968715,2.423722e-12,0.0001968467,0.001064581,False,0.001673,False
2019-12-12,RS03AXBS-MJ03A-06-PRESTA301,2,True,2019-12-12T00:00:09Z,2019-12-12T23:59:54Z,5655,5760,105,14.999925,14.999647141,14.999997406,-0.001189807,2,105,2,105,0.0,2.833728,23.982469,6.478149e-13,0.0001889152,0.001598832,False,0.001833,True
2019-12-13,RS03AXBS-MJ03A-06-PRESTA301,2,True,2019-12-13T00:00:09Z,2019-12-13T23:59:54Z,5760,5760,0,14.999925,14.999651909,14.999997574,0.00105935,0,0,0,0,0.0,2.836907,16.388577,2.987159e-12,0.0001891272,0.001092572,False,0.001327,False
2019-12-14,RS03AXBS-MJ03A-06-PRESTA301,2,True,2019-12-14T00:00:09Z,2019-12-14T23:59:54Z,5760,5760,0,14.999925,14.999641895,14.999999819,-0.004531108,0,0,0,0,0.0,3.11535,19.607945,1.815531e-12,0.00020769,0.001307196,False,0.001401,False
2019-12-15,RS03AXBS-MJ03A-06-PRESTA301,2,True,2019-12-15T00:00:09Z,2019-12-15T23:59:54Z,5760,5760,0,14.999925,14.999652863,15.000001193,0.000229496,0,0,0,0,0.0,3.090737,21.345214,2.563041e-12,0.0002060491,0.001423014,False,0.001395,False
2019-12-16,RS03AXBS-MJ03A-06-PRESTA301,2,True,2019-12-16T00:00:09Z,2019-12-16T23:59:54Z,5760,5760,0,14.999925,14.999679089,15.000000813,0.0014701,0,0,0,0,0.0,3.180522,18.860039,2.04923e-12,0.0002120348,0.001257336,False,0.00138,False
2019-12-17,RS03AXBS-MJ03A-06-PRESTA301,2,True,2019-12-17T00:00:09Z,2019-12-17T23:59:54Z,5760,5760,0,14.999925,14.999689102,15.000001441,-0.000661096,0,0,0,0,0.0,3.333043,20.314738,1.500368e-12,0.0002222028,0.001354316,False,0.001387,False
2019-12-18,RS03AXBS-MJ03A-06-PRESTA301,2,True,2019-12-18T00:00:09Z,2019-12-18T23:59:54Z,5760,5760,0,14.999925,14.99968195,15.000001374,-0.000423911,0,0,0,0,0.0,3.225523,21.651398,1.719873e-12,0.0002150348,0.001443426,False,0.001367,False
2019-12-19,RS03AXBS-MJ03A-06-PRESTA301,2,True,2019-12-19T00:00:09Z,2019-12-19T23:59:54Z,5760,5760,0,14.999925,14.99968338,15.000001083,-0.002313207,0,0,0,0,0.0,2.845853,16.829585,3.659721e-12,0.0001897235,0.001121972,False,0.001291,False
2019-12-20,RS03AXBS-MJ03A-06-PRESTA301,2,True,2019-12-20T00:00:09Z,2019-12-20T23:59:54Z,5760,5760,0,14.999925,14.999694824,15.000001386,0.003140433,0,0,0,0,0.0,2.823904,21.732461,2.325542e-12,0.0001882602,0.001448831,False,0.001366,False
2019-12-21,RS03AXBS-MJ03A-06-PRESTA301,2,True,2019-12-21T00:00:09Z,2019-12-21T23:59:54Z,5760,5760,0,14.999925,14.999674797,15.000001492,-0.000948956,0,0,0,0,0.0,2.785825,21.246071,2.945013e-12,0.0001857217,0.001416405,False,0.001358,False
2019-12-22,RS03AXBS-MJ03A-06-PRESTA301,2,True,2019-12-22T00:00:09Z,2019-12-22T23:59:54Z,5760,5760,0,14.999925,14.999669075,15.000001752,0.000290646,0,0,0,0,0.0,2.862741,16.070198,3.083754e-12,0.0001908494,0.001071346,False,0.001312,False
2019-12-23,RS03AXBS-MJ03A-06-PRESTA301,2,True,2019-12-23T00:00:09Z,2019-12-23T23:59:54Z,5760,5760,0,14.999925,14.999639988,15.000000896,-0.002542561,0,0,0,0,0.0,2.854364,20.647064,2.082826e-12,0.0001902909,0.001376471,False,0.001355,False
2019-12-24,RS03AXBS-MJ03A-06-PRESTA301,2,True,2019-12-24T00:00:09Z,2019-12-24T23:59:54Z,5760,5760,0,14.999925,14.999615192,15.000000555,0.000829267,0,0,0,0,0.0,2.805934,21.192069,1.038028e-12,0.0001870622,0.001412805,False,0.001351,False
2019-12-25,RS03AXBS-MJ03A-06-PRESTA301,2,True,2019-12-25T00:00:09Z,2019-12-25T23:59:54Z,5760,5760,0,14.999925,14.999650002,15.000000969,0.00272236,0,0,0,0,0.0,2.831104,15.729086,1.930194e-12,0.0001887403,0.001048606,False,0.001372,False
2019-12-26,RS03AXBS-MJ03A-06-PRESTA301,2,True,2019-12-26T00:00:09Z,2019-12-26T23:59:54Z,5760,5760,0,14.999925,14.999643803,15.000001215,-0.000822704,0,0,0,0,0.0,2.79919,20.338101,1.629266e-12,0.0001866127,0.001355873,False,0.001364,False
2019-12-27,RS03AXBS-MJ03A-06-PRESTA301,2,True,2019-12-27T00:00:09Z,2019-12-27T23:59:54Z,5760,5760,0,14.999925,14.999622345,15.000001252,0.000572933,0,0,0,0,0.0,2.823318,22.984539,9.125085e-13,0.0001882212,0.001532302,False,0.001668,False
2019-12-28,RS03AXBS-MJ03A-06-PRESTA301,2,True,2019-12-28T00:00:09Z,2019-12-28T23:59:54Z,5760,5760,0,14.999925,14.999652863,15.000001601,-0.001101283,0,0,0,0,0.0,2.920882,16.608436,1.328154e-12,0.0001947255,0.001107229,False,0.001417,False
2019-12-29,RS03AXBS-MJ03A-06-PRESTA301,2,True,2019-12-29T00:00:09Z,2019-12-29T23:59:54Z,5760,5760,0,14.999925,14.999661922,15.000001698,0.003429945,0,0,0,0,0.0,2.803766,18.260268,1.936749e-12,0.0001869177,0.001217351,False,0.001386,False
2019-12-30,RS03AXBS-MJ03A-06-PRESTA301,2,True,2019-12-30T00:00:09Z,2019-12-30T23:59:54Z,5760,5760,0,14.999925,14.999658108,15.000001662,-0.000254203,0,0,0,0,0.0,2.847239,22.261516,2.015388e-12,0.0001898159,0.001484101,False,0.001386,False
2019-12-31,RS03AXBS-MJ03A-06-PRESTA301,2,True,2019-12-31T00:00:09Z,2019-12-31T23:59:54Z,5760,5760,0,14.999925,14.999679565,15.000001992,-0.00345629,0,0,0,0,0.0,2.945483,16.105557,2.285037e-12,0.0001963655,0.001073704,False,0.001363,False
2020-01-01,RS03AXBS-MJ03A-06-PRESTA301,2,True,2020-01-01T00:00:09Z,2020-01-01T23:59:54Z,5760,5760,0,14.999925,14.999717236,15.000002488,-0.003927877,0,0,0,0,0.0,4.802065,20.89583,1.208591e-12,0.0003201376,0.001393055,False,0.00146,False
2020-01-02,RS03AXBS-MJ03A-06-PRESTA301,2,True,2020-01-02T00:00:09Z,2020-01-02T23:59:54Z,5760,5760,0,14.999925,14.999669075,15.000003866,-0.001445346,0,0,0,0,0.0,3.262614,20.985569,1.989129e-12,0.0002175076,0.001399038,False,0.001378,False
2020-01-03,RS03AXBS-MJ03A-06-PRESTA301,2,True,2020-01-03T00:00:09Z,2020-01-03T23:59:55Z,5760,5760,0,14.999925,14.999700069,15.000001322,-0.000542039,0,0,0,0,0.0,4.634859,20.403889,3.894985e-12,0.0003089906,0.001360259,False,0.00134,False
2020-01-04,RS03AXBS-MJ03A-06-PRESTA301,2,True,2020-01-04T00:00:10Z,2020-01-04T23:59:55Z,5760,5760,0,14.999925,14.999722958,15.000000366,0.000722267,0,0,0,0,0.0,18.904684,1003.147479,2.840317e-12,0.001260312,0.0668765,False,0.066729,False
2020-01-05,RS03AXBS-MJ03A-06-PRESTA301,2,True,2020-01-05T00:00:10Z,2020-01-05T23:59:55Z,5760,5760,0,14.999925,14.999708176,15.000001975,-0.001230944,0,0,0,0,0.0,2.843967,18.855654,1.001762e-12,0.0001895978,0.001257043,False,0.001359,False
2020-01-06,RS03AXBS-MJ03A-06-PRESTA301,2,True,2020-01-06T00:00:10Z,2020-01-06T23:59:55Z,5760,5760,0,14.999925,14.999660015,15.00000131,0.0025236,0,0,0,0,0.0,2.81573,16.134547,1.44254e-12,0.0001877153,0.001075636,False,0.001381,False
2020-01-07,RS03AXBS-MJ03A-06-PRESTA301,2,True,2020-01-07T00:00:10Z,2020-01-07T23:59:55Z,5760,5760,0,14.999925,14.999679089,15.000001248,0.00290529,0,0,0,0,0.0,2.86422,21.654314,2.32641e-12,0.000190948,0.001443621,False,0.001367,False
2020-01-08,RS03AXBS-MJ03A-06-PRESTA301,2,True,2020-01-08T00:00:10Z,2020-01-08T23:59:55Z,5760,5760,0,14.999925,14.999659061,15.000002,0.002298475,0,0,0,0,0.0,3.161371,20.217529,1.826907e-12,0.000210758,0.001347835,False,0.001367,False
2020-01-09,RS03AXBS-MJ03A-06-PRESTA301,2,True,2020-01-09T00:00:10Z,2020-01-09T23:59:55Z,5760,5760,0,14.999925,14.99967432,15.000001577,-0.002161455,0,0,0,0,0.0,2.794217,15.880954,2.603876e-12,0.0001862811,0.00105873,False,0.001336,False
2020-01-10,RS03AXBS-MJ03A-06-PRESTA301,2,True,2020-01-10T00:00:10Z,2020-01-10T23:59:55Z,5711,5760,49,14.999925,14.999640942,15.000001465,0.001617802,1,49,1,49,0.0,2.816571,21.033119,1.58362e-13,0.0001877714,0.001402208,False,0.001351,True
2020-01-11,RS03AXBS-MJ03A-06-PRESTA301,2,True,2020-01-11T00:00:10Z,2020-01-11T23:59:55Z,5760,5760,0,14.999925,14.999629974,15.000001491,-0.001091614,0,0,0,0,0.0,2.842615,20.591142,3.954773e-12,0.0001895077,0.001372743,False,0.00139,False
2020-01-12,RS03AXBS-MJ03A-06-PRESTA301,2,True,2020-01-12T00:00:10Z,2020-01-12T23:59:55Z,5760,5760,0,14.999925,14.999631882,15.000001414,-0.000544368,0,0,0,0,0.0,2.980537,16.380886,2.095641e-12,0.0001987024,0.001092059,False,0.001317,False
2020-01-13,RS03AXBS-MJ03A-06-PRESTA301,2,True,2020-01-13T00:00:10Z,2020-01-13T23:59:55Z,5760,5760,0,14.999925,14.999647141,15.000002107,-0.00246923,0,0,0,0,0.0,3.108794,17.986775,2.763357e-12,0.0002072529,0.001199118,False,0.001372,False
2020-01-14,RS03AXBS-MJ03A-06-PRESTA301,2,True,2020-01-14T00:00:10Z,2020-01-14T23:59:55Z,5760,5760,0,14.999925,14.999643803,15.000001135,0.000425909,0,0,0,0,0.0,3.095713,18.422172,1.739699e-12,0.0002063808,0.001228145,False,0.001343,False
2020-01-15,RS03AXBS-MJ03A-06-PRESTA301,2,False,,,0,0,,14.999925,,,,,,,,,,,,,,,,False
2020-01-16,RS03AXBS-MJ03A-06-PRESTA301,2,True,2020-01-16T00:00:10Z,2020-01-16T23:59:55Z,5760,5760,0,14.999925,14.999706268,15.000001469,0.001325882,0,0,0,0,0.0,2.861132,21.372771,2.040609e-12,0.0001907421,0.001424851,False,0.001368,False
2020-01-17,RS03AXBS-MJ03A-06-PRESTA301,2,True,2020-01-17T00:00:10Z,2020-01-17T23:59:55Z,5760,5760,0,14.999925,14.999650955,15.000000827,-0.00174287,0,0,0,0,0.0,2.825471,20.87802,1.813245e-12,0.0001883647,0.001391868,False,0.001367,False
2020-01-18,RS03AXBS-MJ03A-06-PRESTA301,2,True,2020-01-18T00:00:10Z,2020-01-18T23:59:55Z,5760,5760,0,14.999925,14.999703407,15.000001517,-0.000798423,0,0,0,0,0.0,2.781681,15.748275,1.06356e-12,0.0001854454,0.001049885,False,0.001359,False
2020-01-19,RS03AXBS-MJ03A-06-PRESTA301,2,True,2020-01-19T00:00:10Z,2020-01-19T23:59:55Z,5760,5760,0,14.999925,14.999689579,15.000001045,-0.000536791,0,0,0,0,0.0,2.797061,19.981956,7.480706e-13,0.0001864707,0.00133213,False,0.001378,False
2020-01-20,RS03AXBS-MJ03A-06-PRESTA301,2,True,2020-01-20T00:00:10Z,2020-01-20T23:59:55Z,5760,5760,0,14.999925,14.999678135,15.000001639,0.002214403,0,0,0,0,0.0,2.847563,22.521751,4.050868e-12,0.0001898375,0.00150145,False,0.001652,False
2020-01-21,RS03AXBS-MJ03A-06-PRESTA301,2,True,2020-01-21T00:00:10Z,2020-01-21T23:59:55Z,5760,5760,0,14.999925,14.99964571,15.000001043,-0.002199626,0,0,0,0,0.0,2.8145,16.728227,6.998755e-13,0.0001876333,0.001115215,False,0.00136,False
2020-01-22,RS03AXBS-MJ03A-06-PRESTA301,2,True,2020-01-22T00:00:10Z,2020-01-22T23:59:55Z,5760,5760,0,14.999925,14.999643803,15.000001791,-0.000942445,0,0,0,0,0.0,2.830364,19.526014,2.568609e-12,0.0001886909,0.001301734,False,0.001391,False
2020-01-23,RS03AXBS-MJ03A-06-PRESTA301,2,True,2020-01-23T00:00:10Z,2020-01-23T23:59:55Z,5760,5760,0,14.999925,14.999669075,15.000001669,-0.001831222,0,0,0,0,0.0,2.811527,18.17183,3.056364e-12,0.0001874351,0.001211455,False,0.00134,False
2020-01-24,RS03AXBS-MJ03A-06-PRESTA301,2,True,2020-01-24T00:00:10Z,2020-01-24T23:59:55Z,5760,5760,0,14.999925,14.999650955,15.000001683,-0.001188093,0,0,0,0,0.0,2.904866,16.863332,1.450044e-12,0.0001936577,0.001124222,False,0.001339,False
2020-01-25,RS03AXBS-MJ03A-06-PRESTA301,2,True,2020-01-25T00:00:10Z,2020-01-25T23:59:55Z,5760,5760,0,14.999925,14.999634743,15.000001685,-0.001798929,0,0,0,0,0.0,2.868664,17.913007,2.053569e-12,0.0001912442,0.0011942,False,0.001354,False
2020-01-26,RS03AXBS-MJ03A-06-PRESTA301,2,True,2020-01-26T00:00:10Z,2020-01-26T23:59:55Z,5760,5760,0,14.999925,14.999666691,15.000002193,-0.001534701,0,0,0,0,0.0,2.832027,20.935574,2.598402e-12,0.0001888018,0.001395705,False,0.001505,False
2020-01-27,RS03AXBS-MJ03A-06-PRESTA301,2,True,2020-01-27T00:00:10Z,2020-01-27T23:59:55Z,5760,5760,0,14.999925,14.999660969,15.000001115,-0.000162059,0,0,0,0,0.0,2.843775,16.095691,1.44533e-12,0.000189585,0.001073046,False,0.00138,False
2020-01-28,RS03AXBS-MJ03A-06-PRESTA301,2,True,2020-01-28T00:00:10Z,2020-01-28T23:59:55Z,5717,5760,43,14.999925,14.999696732,15.000001461,0.003493407,1,43,1,43,0.0,2.826675,20.887398,2.147479e-13,0.000188445,0.001392493,False,0.001352,True
2020-01-29,RS03AXBS-MJ03A-06-PRESTA301,2,True,2020-01-29T00:00:10Z,2020-01-29T23:59:55Z,5760,5760,0,14.999925,14.999677181,15.000000851,0.002171413,0,0,0,0,0.0,2.82957,19.833926,3.048602e-12,0.000188638,0.001322262,False,0.001342,False
2020-01-30,RS03AXBS-MJ03A-06-PRESTA301,2,True,2020-01-30T00:00:10Z,2020-01-30T23:59:55Z,5760,5760,0,14.999925,14.999724388,15.000001562,-0.000443894,0,0,0,0,0.0,2.867897,17.371817,1.754934e-12,0.0001911931,0.001158121,False,0.001338,False
2020-01-31,RS03AXBS-MJ03A-06-PRESTA301,2,True,2020-01-31T00:00:10Z,2020-01-31T23:59:55Z,5760,5760,0,14.999925,14.999669075,15.0000019,0.001714336,0,0,0,0,0.0,2.8337,19.07447,2.26839e-12,0.0001889133,0.001271631,False,0.001362,False
2020-02-01,RS03AXBS-MJ03A-06-PRESTA301,2,True,2020-02-01T00:00:10Z,2020-02-01T23:59:55Z,5760,5760,0,14.999925,14.999670982,15.000001681,-0.002802789,0,0,0,0,0.0,2.977281,21.778441,8.864285e-13,0.0001984854,0.001451896,False,0.001382,False
2020-02-02,RS03AXBS-MJ03A-06-PRESTA301,2,True,2020-02-02T00:00:10Z,2020-02-02T23:59:55Z,5760,5760,0,14.999925,14.999698162,15.000001747,-0.000870791,0,0,0,0,0.0,2.883595,17.898968,1.262698e-12,0.0001922396,0.001193264,False,0.001372,False
2020-02-03,RS03AXBS-MJ03A-06-PRESTA301,2,True,2020-02-03T00:00:10Z,2020-02-03T23:59:55Z,5760,5760,0,14.999925,14.999700069,15.000001741,0.002226795,0,0,0,0,0.0,2.941188,17.444544,2.392853e-12,0.0001960792,0.001162969,False,0.001412,False
2020-02-04,RS03AXBS-MJ03A-06-PRESTA301,2,True,2020-02-04T00:00:10Z,2020-02-04T23:59:55Z,5760,5760,0,14.999925,14.999673843,15.000001829,-0.001279084,0,0,0,0,0.0,3.578672,19.707166,1.949963e-12,0.0002385781,0.001313811,False,0.001357,False
2020-02-05,RS03AXBS-MJ03A-06-PRESTA301,2,True,2020-02-05T00:00:10Z,2020-02-05T23:59:55Z,5760,5760,0,14.999925,14.999652386,15.000001168,0.000238997,0,0,0,0,0.0,2.938077,16.841925,2.631677e-12,0.0001958718,0.001122795,False,0.001361,False
2020-02-06,RS03AXBS-MJ03A-06-PRESTA301,2,True,2020-02-06T00:00:10Z,2020-02-06T23:59:55Z,5760,5760,0,14.999925,14.999656677,15.000001703,-0.008315671,0,0,0,0,0.0,2.913538,22.890304,1.516613e-12,0.0001942358,0.00152602,False,0.001681,False
2020-02-07,RS03AXBS-MJ03A-06-PRESTA301,2,True,2020-02-07T00:00:10Z,2020-02-07T23:59:55Z,5760,5760,0,14.999925,14.999643803,15.000001746,-0.002030023,0,0,0,0,0.0,2.863222,16.627996,2.326135e-12,0.0001908815,0.001108533,False,0.001374,False
2020-02-08,RS03AXBS-MJ03A-06-PRESTA301,2,True,2020-02-08T00:00:10Z,2020-02-08T23:59:55Z,5760,5760,0,14.999925,14.999644279,15.000001863,0.000279562,0,0,0,0,0.0,2.969093,19.852294,2.492005e-13,0.0001979395,0.001323486,False,0.001372,False
2020-02-09,RS03AXBS-MJ03A-06-PRESTA301,2,True,2020-02-09T00:00:10Z,2020-02-09T23:59:55Z,5760,5760,0,14.999925,14.999627113,15.000000783,0.001282152,0,0,0,0,0.0,2.87326,18.933364,2.202217e-12,0.0001915507,0.001262224,False,0.001333,False
2020-02-10,RS03AXBS-MJ03A-06-PRESTA301,2,True,2020-02-10T00:00:10Z,2020-02-10T23:59:55Z,5760,5760,0,14.999925,14.99963665,15.000001088,-0.002286464,0,0,0,0,0.0,2.791245,16.118104,2.953801e-12,0.000186083,0.00107454,False,0.001326,False
2020-02-11,RS03AXBS-MJ03A-06-PRESTA301,2,True,2020-02-11T00:00:10Z,2020-02-11T23:59:55Z,5760,5760,0,14.999925,14.999673367,15.000001551,0.002263303,0,0,0,0,0.0,2.933034,20.255381,1.953929e-12,0.0001955356,0.001350359,False,0.001341,False
2020-02-12,RS03AXBS-MJ03A-06-PRESTA301,2,True,2020-02-12T00:00:10Z,2020-02-12T23:59:55Z,5760,5760,0,14.999925,14.999641895,15.000000851,-0.000720281,0,0,0,0,0.0,2.82017,20.250712,1.959792e-12,0.0001880113,0.001350047,False,0.001364,False
2020-02-13,RS03AXBS-MJ03A-06-PRESTA301,2,True,2020-02-13T00:00:10Z,2020-02-13T23:59:55Z,5760,5760,0,14.999925,14.999667645,14.999999785,-0.00010508,0,0,0,0,0.0,3.170513,18.060082,8.604427e-13,0.0002113676,0.001204005,False,0.001324,False
2020-02-14,RS03AXBS-MJ03A-06-PRESTA301,2,True,2020-02-14T00:00:10Z,2020-02-14T23:59:55Z,5760,5760,0,14.999925,14.999677658,15.000000992,0.00584056,0,0,0,0,0.0,3.537962,19.088821,2.159096e-12,0.0002358641,0.001272588,False,0.001386,False
2020-02-15,RS03AXBS-MJ03A-06-PRESTA301,2,True,2020-02-15T00:00:10Z,2020-02-15T15:32:25Z,2370,3729,1359,14.999925,14.99967289,15.000106221,-0.089368644,10,1359,10,1368,-0.0,719.589927,14767.939155,-6.742653e-13,0.04797232,0.9845223,True,0.499479,True2020-02-16,RS03AXBS-MJ03A-06-PRESTA301,2,False,,,0,0,,14.999925,,,,,,,,,,,,,,,,False
2020-02-17,RS03AXBS-MJ03A-06-PRESTA301,2,False,,,0,0,,14.999925,,,,,,,,,,,,,,,,False
2020-02-18,RS03AXBS-MJ03A-06-PRESTA301,2,False,,,0,0,,14.999925,,,,,,,,,,,,,,,,False
2020-02-19,RS03AXBS-MJ03A-06-PRESTA301,2,False,,,0,0,,14.999925,,,,,,,,,,,,,,,,False
2020-02-20,RS03AXBS-MJ03A-06-PRESTA301,2,False,,,0,0,,14.999925,,,,,,,,,,,,,,,,False
2020-02-21,RS03AXBS-MJ03A-06-PRESTA301,2,False,,,0,0,,14.999925,,,,,,,,,,,,,,,,False
2020-02-22,RS03AXBS-MJ03A-06-PRESTA301,2,False,,,0,0,,14.999925,,,,,,,,,,,,,,,,False
2020-02-23,RS03AXBS-MJ03A-06-PRESTA301,2,False,,,0,0,,14.999925,,,,,,,,,,,,,,,,False
2020-02-24,RS03AXBS-MJ03A-06-PRESTA301,2,False,,,0,0,,14.999925,,,,,,,,,,,,,,,,False
2020-02-25,RS03AXBS-MJ03A-06-PRESTA301,2,False,,,0,0,,14.999925,,,,,,,,,,,,,,,,False
2020-02-26,RS03AXBS-MJ03A-06-PRESTA301,2,False,,,0,0,,14.999925,,,,,,,,,,,,,,,,False
2020-02-27,RS03AXBS-MJ03A-06-PRESTA301,2,False,,,0,0,,14.999925,,,,,,,,,,,,,,,,False
2020-02-28,RS03AXBS-MJ03A-06-PRESTA301,2,False,,,0,0,,14.999925,,,,,,,,,,,,,,,,False
2020-02-29,RS03AXBS-MJ03A-06-PRESTA301,2,False,,,0,0,,14.999925,,,,,,,,,,,,,,,,False
2020-03-01,RS03AXBS-MJ03A-06-PRESTA301,2,False,,,0,0,,14.999925,,,,,,,,,,,,,,,,False
2020-03-02,RS03AXBS-MJ03A-06-PRESTA301,2,False,,,0,0,,14.999925,,,,,,,,,,,,,,,,False
2020-03-03,RS03AXBS-MJ03A-06-PRESTA301,2,False,,,0,0,,14.999925,,,,,,,,,,,,,,,,False
2020-03-04,RS03AXBS-MJ03A-06-PRESTA301,2,False,,,0,0,,14.999925,,,,,,,,,,,,,,,,False
2020-03-05,RS03AXBS-MJ03A-06-PRESTA301,2,False,,,0,0,,14.999925,,,,,,,,,,,,,,,,False
2020-03-06,RS03AXBS-MJ03A-06-PRESTA301,2,False,,,0,0,,14.999925,,,,,,,,,,,,,,,,False
2020-03-07,RS03AXBS-MJ03A-06-PRESTA301,2,False,,,0,0,,14.999925,,,,,,,,,,,,,,,,False
2020-03-08,RS03AXBS-MJ03A-06-PRESTA301,2,False,,,0,0,,14.999925,,,,,,,,,,,,,,,,False
2020-03-09,RS03AXBS-MJ03A-06-PRESTA301,2,False,,,0,0,,14.999925,,,,,,,,,,,,,,,,False
2020-03-10,RS03AXBS-MJ03A-06-PRESTA301,2,False,,,0,0,,14.999925,,,,,,,,,,,,,,,,False
2020-03-11,RS03AXBS-MJ03A-06-PRESTA301,2,False,,,0,0,,14.999925,,,,,,,,,,,,,,,,False
2020-03-12,RS03AXBS-MJ03A-06-PRESTA301,2,False,,,0,0,,14.999925,,,,,,,,,,,,,,,,False
2020-03-13,RS03AXBS-MJ03A-06-PRESTA301,2,False,,,0,0,,14.999925,,,,,,,,,,,,,,,,False
2020-03-14,RS03AXBS-MJ03A-06-PRESTA301,2,False,,,0,0,,14.999925,,,,,,,,,,,,,,,,False
2020-03-15,RS03AXBS-MJ03A-06-PRESTA301,2,False,,,0,0,,14.999925,,,,,,,,,,,,,,,,False
2020-03-16,RS03AXBS-MJ03A-06-PRESTA301,2,False,,,0,0,,14.999925,,,,,,,,,,,,,,,,False
2020-03-17,RS03AXBS-MJ03A-06-PRESTA301,2,False,,,0,0,,14.999925,,,,,,,,,,,,,,,,False
2020-03-18,RS03AXBS-MJ03A-06-PRESTA301,2,False,,,0,0,,14.999925,,,,,,,,,,,,,,,,False
2020-03-19,RS03AXBS-MJ03A-06-PRESTA301,2,False,,,0,0,,14.999925,,,,,,,,,,,,,,,,False
2020-03-20,RS03AXBS-MJ03A-06-PRESTA301,2,False,,,0,0,,14.999925,,,,,,,,,,,,,,,,False
2020-03-21,RS03AXBS-MJ03A-06-PRESTA301,2,False,,,0,0,,14.999925,,,,,,,,,,,,,,,,False
2020-03-22,RS03AXBS-MJ03A-06-PRESTA301,2,False,,,0,0,,14.999925,,,,,,,,,,,,,,,,False
2020-03-23,RS03AXBS-MJ03A-06-PRESTA301,2,False,,,0,0,,14.999925,,,,,,,,,,,,,,,,False
2020-03-24,RS03AXBS-MJ03A-06-PRESTA301,2,False,,,0,0,,14.999925,,,,,,,,,,,,,,,,False
2020-03-25,RS03AXBS-MJ03A-06-PRESTA301,2,False,,,0,0,,14.999925,,,,,,,,,,,,,,,,False
2020-03-26,RS03AXBS-MJ03A-06-PRESTA301,2,False,,,0,0,,14.999925,,,,,,,,,,,,,,,,False
2020-03-27,RS03AXBS-MJ03A-06-PRESTA301,2,False,,,0,0,,14.999925,,,,,,,,,,,,,,,,False
2020-03-28,RS03AXBS-MJ03A-06-PRESTA301,2,False,,,0,0,,14.999925,,,,,,,,,,,,,,,,False
2020-03-29,RS03AXBS-MJ03A-06-PRESTA301,2,False,,,0,0,,14.999925,,,,,,,,,,,,,,,,False
2020-03-30,RS03AXBS-MJ03A-06-PRESTA301,2,False,,,0,0,,14.999925,,,,,,,,,,,,,,,,False
2020-03-31,RS03AXBS-MJ03A-06-PRESTA301,2,False,,,0,0,,14.999925,,,,,,,,,,,,,,,,False
2020-04-01,RS03AXBS-MJ03A-06-PRESTA301,2,False,,,0,0,,14.999925,,,,,,,,,,,,,,,,False
2020-04-02,RS03AXBS-MJ03A-06-PRESTA301,2,False,,,0,0,,14.999925,,,,,,,,,,,,,,,,False
2020-04-03,RS03AXBS-MJ03A-06-PRESTA301,2,False,,,0,0,,14.999925,,,,,,,,,,,,,,,,False
2020-04-04,RS03AXBS-MJ03A-06-PRESTA301,2,False,,,0,0,,14.999925,,,,,,,,,,,,,,,,False
2020-04-05,RS03AXBS-MJ03A-06-PRESTA301,2,False,,,0,0,,14.999925,,,,,,,,,,,,,,,,False
2020-04-06,RS03AXBS-MJ03A-06-PRESTA301,2,False,,,0,0,,14.999925,,,,,,,,,,,,,,,,False
2020-04-07,RS03AXBS-MJ03A-06-PRESTA301,2,False,,,0,0,,14.999925,,,,,,,,,,,,,,,,False
2020-04-08,RS03AXBS-MJ03A-06-PRESTA301,2,False,,,0,0,,14.999925,,,,,,,,,,,,,,,,False
2020-04-09,RS03AXBS-MJ03A-06-PRESTA301,2,False,,,0,0,,14.999925,,,,,,,,,,,,,,,,False
2020-04-10,RS03AXBS-MJ03A-06-PRESTA301,2,False,,,0,0,,14.999925,,,,,,,,,,,,,,,,False
2020-04-11,RS03AXBS-MJ03A-06-PRESTA301,2,False,,,0,0,,14.999925,,,,,,,,,,,,,,,,False
2020-04-12,RS03AXBS-MJ03A-06-PRESTA301,2,False,,,0,0,,14.999925,,,,,,,,,,,,,,,,False
2020-04-13,RS03AXBS-MJ03A-06-PRESTA301,2,False,,,0,0,,14.999925,,,,,,,,,,,,,,,,False
2020-04-14,RS03AXBS-MJ03A-06-PRESTA301,2,False,,,0,0,,14.999925,,,,,,,,,,,,,,,,False
2020-04-15,RS03AXBS-MJ03A-06-PRESTA301,2,False,,,0,0,,14.999925,,,,,,,,,,,,,,,,False
2020-04-16,RS03AXBS-MJ03A-06-PRESTA301,2,False,,,0,0,,14.999925,,,,,,,,,,,,,,,,False
2020-04-17,RS03AXBS-MJ03A-06-PRESTA301,2,False,,,0,0,,14.999925,,,,,,,,,,,,,,,,False
2020-04-18,RS03AXBS-MJ03A-06-PRESTA301,2,False,,,0,0,,14.999925,,,,,,,,,,,,,,,,False
2020-04-19,RS03AXBS-MJ03A-06-PRESTA301,2,False,,,0,0,,14.999925,,,,,,,,,,,,,,,,False
2020-04-20,RS03AXBS-MJ03A-06-PRESTA301,2,False,,,0,0,,14.999925,,,,,,,,,,,,,,,,False
2020-04-21,RS03AXBS-MJ03A-06-PRESTA301,2,False,,,0,0,,14.999925,,,,,,,,,,,,,,,,False
2020-04-22,RS03AXBS-MJ03A-06-PRESTA301,2,False,,,0,0,,14.999925,,,,,,,,,,,,,,,,False
2020-04-23,RS03AXBS-MJ03A-06-PRESTA301,2,False,,,0,0,,14.999925,,,,,,,,,,,,,,,,False
2020-04-24,RS03AXBS-MJ03A-06-PRESTA301,2,False,,,0,0,,14.999925,,,,,,,,,,,,,,,,False
2020-04-25,RS03AXBS-MJ03A-06-PRESTA301,2,False,,,0,0,,14.999925,,,,,,,,,,,,,,,,False
2020-04-26,RS03AXBS-MJ03A-06-PRESTA301,2,False,,,0,0,,14.999925,,,,,,,,,,,,,,,,False
2020-04-27,RS03AXBS-MJ03A-06-PRESTA301,2,False,,,0,0,,14.999925,,,,,,,,,,,,,,,,False
2020-04-28,RS03AXBS-MJ03A-06-PRESTA301,2,False,,,0,0,,14.999925,,,,,,,,,,,,,,,,False
2020-04-29,RS03AXBS-MJ03A-06-PRESTA301,2,False,,,0,0,,14.999925,,,,,,,,,,,,,,,,False
2020-04-30,RS03AXBS-MJ03A-06-PRESTA301,2,False,,,0,0,,14.999925,,,,,,,,,,,,,,,,False
2020-05-01,RS03AXBS-MJ03A-06-PRESTA301,2,False,,,0,0,,14.999925,,,,,,,,,,,,,,,,False
2020-05-02,RS03AXBS-MJ03A-06-PRESTA301,2,False,,,0,0,,14.999925,,,,,,,,,,,,,,,,False
2020-05-03,RS03AXBS-MJ03A-06-PRESTA301,2,False,,,0,0,,14.999925,,,,,,,,,,,,,,,,False
2020-05-04,RS03AXBS-MJ03A-06-PRESTA301,2,False,,,0,0,,14.999925,,,,,,,,,,,,,,,,False
2020-05-05,RS03AXBS-MJ03A-06-PRESTA301,2,False,,,0,0,,14.999925,,,,,,,,,,,,,,,,False
2020-05-06,RS03AXBS-MJ03A-06-PRESTA301,2,False,,,0,0,,14.999925,,,,,,,,,,,,,,,,False
2020-05-07,RS03AXBS-MJ03A-06-PRESTA301,2,False,,,0,0,,14.999925,,,,,,,,,,,,,,,,False
2020-05-08,RS03AXBS-MJ03A-06-PRESTA301,2,False,,,0,0,,14.999925,,,,,,,,,,,,,,,,False
2020-05-09,RS03AXBS-MJ03A-06-PRESTA301,2,False,,,0,0,,14.999925,,,,,,,,,,,,,,,,False
2020-05-10,RS03AXBS-MJ03A-06-PRESTA301,2,False,,,0,0,,14.999925,,,,,,,,,,,,,,,,False
2020-05-11,RS03AXBS-MJ03A-06-PRESTA301,2,False,,,0,0,,14.999925,,,,,,,,,,,,,,,,False
2020-05-12,RS03AXBS-MJ03A-06-PRESTA301,2,False,,,0,0,,14.999925,,,,,,,,,,,,,,,,False
2020-05-13,RS03AXBS-MJ03A-06-PRESTA301,2,False,,,0,0,,14.999925,,,,,,,,,,,,,,,,False
2020-05-14,RS03AXBS-MJ03A-06-PRESTA301,2,False,,,0,0,,14.999925,,,,,,,,,,,,,,,,False
2020-05-15,RS03AXBS-MJ03A-06-PRESTA301,2,False,,,0,0,,14.999925,,,,,,,,,,,,,,,,False
2020-05-16,RS03AXBS-MJ03A-06-PRESTA301,2,False,,,0,0,,14.999925,,,,,,,,,,,,,,,,False
2020-05-17,RS03AXBS-MJ03A-06-PRESTA301,2,False,,,0,0,,14.999925,,,,,,,,,,,,,,,,False
2020-05-18,RS03AXBS-MJ03A-06-PRESTA301,2,False,,,0,0,,14.999925,,,,,,,,,,,,,,,,False
2020-05-19,RS03AXBS-MJ03A-06-PRESTA301,2,False,,,0,0,,14.999925,,,,,,,,,,,,,,,,False
2020-05-20,RS03AXBS-MJ03A-06-PRESTA301,2,False,,,0,0,,14.999925,,,,,,,,,,,,,,,,False
2020-05-21,RS03AXBS-MJ03A-06-PRESTA301,2,False,,,0,0,,14.999925,,,,,,,,,,,,,,,,False
2020-05-22,RS03AXBS-MJ03A-06-PRESTA301,2,False,,,0,0,,14.999925,,,,,,,,,,,,,,,,False
2020-05-23,RS03AXBS-MJ03A-06-PRESTA301,2,False,,,0,0,,14.999925,,,,,,,,,,,,,,,,False
2020-05-24,RS03AXBS-MJ03A-06-PRESTA301,2,False,,,0,0,,14.999925,,,,,,,,,,,,,,,,False
2020-05-25,RS03AXBS-MJ03A-06-PRESTA301,2,False,,,0,0,,14.999925,,,,,,,,,,,,,,,,False
2020-05-26,RS03AXBS-MJ03A-06-PRESTA301,2,False,,,0,0,,14.999925,,,,,,,,,,,,,,,,False
2020-05-27,RS03AXBS-MJ03A-06-PRESTA301,2,False,,,0,0,,14.999925,,,,,,,,,,,,,,,,False
2020-05-28,RS03AXBS-MJ03A-06-PRESTA301,2,False,,,0,0,,14.999925,,,,,,,,,,,,,,,,False
2020-05-29,RS03AXBS-MJ03A-06-PRESTA301,2,False,,,0,0,,14.999925,,,,,,,,,,,,,,,,False
2020-05-30,RS03AXBS-MJ03A-06-PRESTA301,2,False,,,0,0,,14.999925,,,,,,,,,,,,,,,,False
2020-05-31,RS03AXBS-MJ03A-06-PRESTA301,2,False,,,0,0,,14.999925,,,,,,,,,,,,,,,,False
2020-06-01,RS03AXBS-MJ03A-06-PRESTA301,2,False,,,0,0,,14.999925,,,,,,,,,,,,,,,,False
2020-06-02,RS03AXBS-MJ03A-06-PRESTA301,2,False,,,0,0,,14.999925,,,,,,,,,,,,,,,,False
2020-06-03,RS03AXBS-MJ03A-06-PRESTA301,2,False,,,0,0,,14.999925,,,,,,,,,,,,,,,,False
2020-06-04,RS03AXBS-MJ03A-06-PRESTA301,2,False,,,0,0,,14.999925,,,,,,,,,,,,,,,,False
2020-06-05,RS03AXBS-MJ03A-06-PRESTA301,2,False,,,0,0,,14.999925,,,,,,,,,,,,,,,,False
2020-06-06,RS03AXBS-MJ03A-06-PRESTA301,2,False,,,0,0,,14.999925,,,,,,,,,,,,,,,,False
2020-06-07,RS03AXBS-MJ03A-06-PRESTA301,2,False,,,0,0,,14.999925,,,,,,,,,,,,,,,,False
2020-06-08,RS03AXBS-MJ03A-06-PRESTA301,2,False,,,0,0,,14.999925,,,,,,,,,,,,,,,,False
2020-06-09,RS03AXBS-MJ03A-06-PRESTA301,2,False,,,0,0,,14.999925,,,,,,,,,,,,,,,,False
2020-06-10,RS03AXBS-MJ03A-06-PRESTA301,2,False,,,0,0,,14.999925,,,,,,,,,,,,,,,,False
2020-06-11,RS03AXBS-MJ03A-06-PRESTA301,2,False,,,0,0,,14.999925,,,,,,,,,,,,,,,,False
2020-06-12,RS03AXBS-MJ03A-06-PRESTA301,2,False,,,0,0,,14.999925,,,,,,,,,,,,,,,,False
2020-06-13,RS03AXBS-MJ03A-06-PRESTA301,2,False,,,0,0,,14.999925,,,,,,,,,,,,,,,,False
2020-06-14,RS03AXBS-MJ03A-06-PRESTA301,2,False,,,0,0,,14.999925,,,,,,,,,,,,,,,,False
2020-06-15,RS03AXBS-MJ03A-06-PRESTA301,2,False,,,0,0,,14.999925,,,,,,,,,,,,,,,,False
2020-06-16,RS03AXBS-MJ03A-06-PRESTA301,2,False,,,0,0,,14.999925,,,,,,,,,,,,,,,,False
2020-06-17,RS03AXBS-MJ03A-06-PRESTA301,2,False,,,0,0,,14.999925,,,,,,,,,,,,,,,,False
2020-06-18,RS03AXBS-MJ03A-06-PRESTA301,2,False,,,0,0,,14.999925,,,,,,,,,,,,,,,,False
2020-06-19,RS03AXBS-MJ03A-06-PRESTA301,2,False,,,0,0,,14.999925,,,,,,,,,,,,,,,,False
2020-06-20,RS03AXBS-MJ03A-06-PRESTA301,2,False,,,0,0,,14.999925,,,,,,,,,,,,,,,,False
2020-06-21,RS03AXBS-MJ03A-06-PRESTA301,2,False,,,0,0,,14.999925,,,,,,,,,,,,,,,,False
2020-06-22,RS03AXBS-MJ03A-06-PRESTA301,2,False,,,0,0,,14.999925,,,,,,,,,,,,,,,,False
2020-06-23,RS03AXBS-MJ03A-06-PRESTA301,2,False,,,0,0,,14.999925,,,,,,,,,,,,,,,,False
2020-06-24,RS03AXBS-MJ03A-06-PRESTA301,2,False,,,0,0,,14.999925,,,,,,,,,,,,,,,,False
2020-06-25,RS03AXBS-MJ03A-06-PRESTA301,2,False,,,0,0,,14.999925,,,,,,,,,,,,,,,,False
2020-06-26,RS03AXBS-MJ03A-06-PRESTA301,2,False,,,0,0,,14.999925,,,,,,,,,,,,,,,,False
2020-06-27,RS03AXBS-MJ03A-06-PRESTA301,2,False,,,0,0,,14.999925,,,,,,,,,,,,,,,,False
2020-06-28,RS03AXBS-MJ03A-06-PRESTA301,2,False,,,0,0,,14.999925,,,,,,,,,,,,,,,,False
2020-06-29,RS03AXBS-MJ03A-06-PRESTA301,2,False,,,0,0,,14.999925,,,,,,,,,,,,,,,,False
2020-06-30,RS03AXBS-MJ03A-06-PRESTA301,2,False,,,0,0,,14.999925,,,,,,,,,,,,,,,,False
2020-07-01,RS03AXBS-MJ03A-06-PRESTA301,2,False,,,0,0,,14.999925,,,,,,,,,,,,,,,,False
2020-07-02,RS03AXBS-MJ03A-06-PRESTA301,2,False,,,0,0,,14.999925,,,,,,,,,,,,,,,,False
2020-07-03,RS03AXBS-MJ03A-06-PRESTA301,2,False,,,0,0,,14.999925,,,,,,,,,,,,,,,,False
2020-07-04,RS03AXBS-MJ03A-06-PRESTA301,2,False,,,0,0,,14.999925,,,,,,,,,,,,,,,,False
2020-07-05,RS03AXBS-MJ03A-06-PRESTA301,2,False,,,0,0,,14.999925,,,,,,,,,,,,,,,,False
2020-07-06,RS03AXBS-MJ03A-06-PRESTA301,2,False,,,0,0,,14.999925,,,,,,,,,,,,,,,,False
2020-07-07,RS03AXBS-MJ03A-06-PRESTA301,2,False,,,0,0,,14.999925,,,,,,,,,,,,,,,,False
2020-07-08,RS03AXBS-MJ03A-06-PRESTA301,2,False,,,0,0,,14.999925,,,,,,,,,,,,,,,,False
2020-07-09,RS03AXBS-MJ03A-06-PRESTA301,2,False,,,0,0,,14.999925,,,,,,,,,,,,,,,,False
2020-07-10,RS03AXBS-MJ03A-06-PRESTA301,2,False,,,0,0,,14.999925,,,,,,,,,,,,,,,,False
2020-07-11,RS03AXBS-MJ03A-06-PRESTA301,2,False,,,0,0,,14.999925,,,,,,,,,,,,,,,,False
2020-07-12,RS03AXBS-MJ03A-06-PRESTA301,2,False,,,0,0,,14.999925,,,,,,,,,,,,,,,,False
2020-07-13,RS03AXBS-MJ03A-06-PRESTA301,2,False,,,0,0,,14.999925,,,,,,,,,,,,,,,,False
2020-07-14,RS03AXBS-MJ03A-06-PRESTA301,2,False,,,0,0,,14.999925,,,,,,,,,,,,,,,,False
2020-07-15,RS03AXBS-MJ03A-06-PRESTA301,2,False,,,0,0,,14.999925,,,,,,,,,,,,,,,,False
2020-07-16,RS03AXBS-MJ03A-06-PRESTA301,2,False,,,0,0,,14.999925,,,,,,,,,,,,,,,,False
2020-07-17,RS03AXBS-MJ03A-06-PRESTA301,2,False,,,0,0,,14.999925,,,,,,,,,,,,,,,,False
2020-07-18,RS03AXBS-MJ03A-06-PRESTA301,2,False,,,0,0,,14.999925,,,,,,,,,,,,,,,,False
2020-07-19,RS03AXBS-MJ03A-06-PRESTA301,2,False,,,0,0,,14.999925,,,,,,,,,,,,,,,,False
2020-07-20,RS03AXBS-MJ03A-06-PRESTA301,2,False,,,0,0,,14.999925,,,,,,,,,,,,,,,,False
2020-07-21,RS03AXBS-MJ03A-06-PRESTA301,2,False,,,0,0,,14.999925,,,,,,,,,,,,,,,,False
2020-07-22,RS03AXBS-MJ03A-06-PRESTA301,2,False,,,0,0,,14.999925,,,,,,,,,,,,,,,,False
2020-07-23,RS03AXBS-MJ03A-06-PRESTA301,2,False,,,0,0,,14.999925,,,,,,,,,,,,,,,,False
2020-07-24,RS03AXBS-MJ03A-06-PRESTA301,2,False,,,0,0,,14.999925,,,,,,,,,,,,,,,,False
2020-07-25,RS03AXBS-MJ03A-06-PRESTA301,2,False,,,0,0,,14.999925,,,,,,,,,,,,,,,,False
2020-07-26,RS03AXBS-MJ03A-06-PRESTA301,2,False,,,0,0,,14.999925,,,,,,,,,,,,,,,,False
2020-07-27,RS03AXBS-MJ03A-06-PRESTA301,2,False,,,0,0,,14.999925,,,,,,,,,,,,,,,,False
2020-07-28,RS03AXBS-MJ03A-06-PRESTA301,2,False,,,0,0,,14.999925,,,,,,,,,,,,,,,,False
2020-07-29,RS03AXBS-MJ03A-06-PRESTA301,2,False,,,0,0,,14.999925,,,,,,,,,,,,,,,,False
2020-07-30,RS03AXBS-MJ03A-06-PRESTA301,2,False,,,0,0,,14.999925,,,,,,,,,,,,,,,,False
2020-07-31,RS03AXBS-MJ03A-06-PRESTA301,2,False,,,0,0,,14.999925,,,,,,,,,,,,,,,,False
2020-08-01,RS03AXBS-MJ03A-06-PRESTA301,2,False,,,0,0,,14.999925,,,,,,,,,,,,,,,,False
2020-08-02,RS03AXBS-MJ03A-06-PRESTA301,2,False,,,0,0,,14.999925,,,,,,,,,,,,,,,,False
2020-08-03,RS03AXBS-MJ03A-06-PRESTA301,2,False,,,0,0,,14.999925,,,,,,,,,,,,,,,,False
2020-08-04,RS03AXBS-MJ03A-06-PRESTA301,2,False,,,0,0,,14.999925,,,,,,,,,,,,,,,,False
2020-08-05,RS03AXBS-MJ03A-06-PRESTA301,2,False,,,0,0,,14.999925,,,,,,,,,,,,,,,,False
2020-08-06,RS03AXBS-MJ03A-06-PRESTA301,0,False,,,0,0,,,,,,,,,,,,,,,,,,False
2020-08-07,RS03AXBS-MJ03A-06-PRESTA301,3,False,,,0,0,,14.999925,,,,,,,,,,,,,,,,False
2020-08-08,RS03AXBS-MJ03A-06-PRESTA301,3,False,,,0,0,,14.999925,,,,,,,,,,,,,,,,False
2020-08-09,RS03AXBS-MJ03A-06-PRESTA301,3,False,,,0,0,,14.999925,,,,,,,,,,,,,,,,False
2020-08-10,RS03AXBS-MJ03A-06-PRESTA301,3,False,,,0,0,,14.999925,,,,,,,,,,,,,,,,False
2020-08-11,RS03AXBS-MJ03A-06-PRESTA301,3,False,,,0,0,,14.999925,,,,,,,,,,,,,,,,False
2020-08-12,RS03AXBS-MJ03A-06-PRESTA301,3,False,,,0,0,,14.999925,,,,,,,,,,,,,,,,False
2020-08-13,RS03AXBS-MJ03A-06-PRESTA301,3,False,,,0,0,,14.999925,,,,,,,,,,,,,,,,False
2020-08-14,RS03AXBS-MJ03A-06-PRESTA301,3,False,,,0,0,,14.999925,,,,,,,,,,,,,,,,False
2020-08-15,RS03AXBS-MJ03A-06-PRESTA301,3,False,,,0,0,,14.999925,,,,,,,,,,,,,,,,False
2020-08-16,RS03AXBS-MJ03A-06-PRESTA301,3,False,,,0,0,,14.999925,,,,,,,,,,,,,,,,False
2020-08-17,RS03AXBS-MJ03A-06-PRESTA301,3,True,2020-08-17T00:00:01Z,2020-08-17T23:59:46Z,5760,5760,0,14.999925,15.000570774,14.999990702,0.003514201,0,0,0,0,0.0,3.233973,17.934226,2.053995e-12,0.0002155983,0.001195616,False,0.001316,False
2020-08-18,RS03AXBS-MJ03A-06-PRESTA301,3,True,2020-08-18T00:00:01Z,2020-08-18T23:59:46Z,5760,5760,0,14.999925,15.00058794,14.999990634,0.00151591,0,0,0,0,0.0,3.156001,22.41339,2.669087e-12,0.0002104002,0.001494227,False,0.001332,False
2020-08-19,RS03AXBS-MJ03A-06-PRESTA301,3,True,2020-08-19T00:00:01Z,2020-08-19T23:59:45Z,5760,5760,0,14.999925,15.000572205,14.999990666,-0.000317587,0,0,0,0,0.0,13.642398,1001.783743,1.451114e-12,0.0009094938,0.06678562,False,0.066722,False
2020-08-20,RS03AXBS-MJ03A-06-PRESTA301,3,True,2020-08-20T00:00:00Z,2020-08-20T23:59:45Z,5760,5760,0,14.999925,15.000590324,14.999990135,-0.001719182,0,0,0,0,0.0,2.893094,16.482401,2.281489e-12,0.0001928731,0.001098827,False,0.001584,False
2020-08-21,RS03AXBS-MJ03A-06-PRESTA301,3,True,2020-08-21T00:00:00Z,2020-08-21T23:59:45Z,5760,5760,0,14.999925,15.00054121,14.999989742,-9.9532e-05,0,0,0,0,0.0,3.081217,22.306528,1.277115e-12,0.0002054146,0.001487103,False,0.001629,False
2020-08-22,RS03AXBS-MJ03A-06-PRESTA301,3,True,2020-08-22T00:00:00Z,2020-08-22T23:59:45Z,5760,5760,0,14.999925,15.000568867,14.999990193,0.001183563,0,0,0,0,0.0,2.911359,16.567557,9.447575e-13,0.0001940907,0.001104504,False,0.001311,False
2020-08-23,RS03AXBS-MJ03A-06-PRESTA301,3,True,2020-08-23T00:00:00Z,2020-08-23T23:59:45Z,5760,5760,0,14.999925,15.000582695,14.999990246,0.001155701,0,0,0,0,0.0,2.876631,17.074483,2.576811e-12,0.0001917755,0.0011383,False,0.001365,False
2020-08-24,RS03AXBS-MJ03A-06-PRESTA301,3,True,2020-08-24T00:00:00Z,2020-08-24T23:59:53Z,5714,5761,47,14.999925,15.000609398,14.998473578,2.303154009,2,47,2,47,-0.0,1939.745843,3822.890707,-6.69375e-13,0.1293296,0.2548853,False,0.468571,True
2020-08-25,RS03AXBS-MJ03A-06-PRESTA301,3,True,2020-08-25T00:00:08Z,2020-08-25T23:59:53Z,5760,5760,0,14.999925,15.000623226,14.999991304,-0.001365643,0,0,0,0,0.0,2.892084,22.510805,2.356011e-12,0.0001928057,0.001500721,False,0.00175,False
2020-08-26,RS03AXBS-MJ03A-06-PRESTA301,3,True,2020-08-26T00:00:08Z,2020-08-26T23:59:53Z,5760,5760,0,14.999925,15.000622749,14.999990424,-0.002903851,0,0,0,0,0.0,3.503681,18.150173,1.494225e-12,0.0002335789,0.001210012,False,0.001355,False
2020-08-27,RS03AXBS-MJ03A-06-PRESTA301,3,True,2020-08-27T00:00:08Z,2020-08-27T23:59:53Z,5760,5760,0,14.999925,15.000622272,14.999990415,-0.01683355,0,0,0,0,0.0,3.309591,17.355173,2.082347e-12,0.0002206395,0.001157012,False,0.001377,False
2020-08-28,RS03AXBS-MJ03A-06-PRESTA301,3,True,2020-08-28T00:00:08Z,2020-08-28T23:59:53Z,5724,5760,36,14.999925,15.000619888,14.999990691,0.001504554,1,36,1,36,-0.0,2.895948,18.109454,-4.167325e-13,0.0001930633,0.001207298,False,0.00153,True
2020-08-29,RS03AXBS-MJ03A-06-PRESTA301,3,True,2020-08-29T00:00:08Z,2020-08-29T23:59:53Z,5760,5760,0,14.999925,15.000588894,14.999991168,-0.001751191,0,0,0,0,0.0,3.260825,17.832496,2.464272e-12,0.0002173885,0.001188834,False,0.001326,False
2020-08-30,RS03AXBS-MJ03A-06-PRESTA301,3,True,2020-08-30T00:00:08Z,2020-08-30T23:59:53Z,5760,5760,0,14.999925,15.000602722,14.999991093,-0.003481555,0,0,0,0,0.0,3.468399,19.440733,1.947762e-12,0.0002312267,0.00129605,False,0.001377,False
2020-08-31,RS03AXBS-MJ03A-06-PRESTA301,3,True,2020-08-31T00:00:08Z,2020-08-31T23:59:53Z,5760,5760,0,14.999925,15.000613213,14.999990373,-0.000814556,0,0,0,0,0.0,3.339407,19.65495,1.87226e-12,0.0002226273,0.001310331,False,0.001361,False
2020-09-01,RS03AXBS-MJ03A-06-PRESTA301,3,True,2020-09-01T00:00:08Z,2020-09-01T23:59:53Z,5760,5760,0,14.999925,15.000569344,14.999989846,0.004924801,0,0,0,0,0.0,3.589186,18.730209,1.974609e-12,0.0002392792,0.001248681,False,0.001328,False
2020-09-02,RS03AXBS-MJ03A-06-PRESTA301,3,True,2020-09-02T00:00:08Z,2020-09-02T23:59:53Z,5760,5760,0,14.999925,15.000590324,14.999990305,-0.001912595,0,0,0,0,0.0,2.962963,20.915714,9.408155e-13,0.000197531,0.001394382,False,0.001595,False
2020-09-03,RS03AXBS-MJ03A-06-PRESTA301,3,True,2020-09-03T00:00:08Z,2020-09-03T23:59:53Z,5760,5760,0,14.999925,15.000614166,14.999990478,-0.000716005,0,0,0,0,0.0,2.928772,19.804203,1.143732e-12,0.0001952516,0.001320281,False,0.001742,False
2020-09-04,RS03AXBS-MJ03A-06-PRESTA301,3,False,,,0,0,,14.999925,,,,,,,,,,,,,,,,False
2020-09-05,RS03AXBS-MJ03A-06-PRESTA301,3,True,2020-09-05T00:00:08Z,2020-09-05T23:59:53Z,5760,5760,0,14.999925,15.000627041,14.999990192,0.002464778,0,0,0,0,0.0,2.872213,19.012264,2.297183e-12,0.000191481,0.001267485,False,0.001324,False
2020-09-06,RS03AXBS-MJ03A-06-PRESTA301,3,True,2020-09-06T00:00:08Z,2020-09-06T23:59:52Z,5760,5760,0,14.999925,15.000608921,14.99998987,0.002858298,0,0,0,0,0.0,13.577678,1002.754414,9.677798e-13,0.0009051792,0.06685034,False,0.066897,False
2020-09-07,RS03AXBS-MJ03A-06-PRESTA301,3,True,2020-09-07T00:00:07Z,2020-09-07T23:59:52Z,5723,5760,37,14.999925,15.000648022,14.999990487,-0.002749397,1,37,1,37,-0.0,3.280941,17.761131,-9.786787e-13,0.0002187295,0.001184076,False,0.001498,True
2020-09-08,RS03AXBS-MJ03A-06-PRESTA301,3,True,2020-09-08T00:00:07Z,2020-09-08T23:59:52Z,2923,5760,2837,14.999925,15.0006001,14.999989863,-0.012301753,4,2837,4,2837,0.0,2.814955,15.918968,3.535081e-13,0.0001876638,0.001061265,False,0.113533,True
2020-09-09,RS03AXBS-MJ03A-06-PRESTA301,3,True,2020-09-09T00:00:07Z,2020-09-09T23:59:52Z,5760,5760,0,14.999925,15.000644684,14.999990431,-0.003221159,0,0,0,0,0.0,3.011771,22.933069,2.488239e-12,0.0002007849,0.001528872,False,0.001486,False
2020-09-10,RS03AXBS-MJ03A-06-PRESTA301,3,True,2020-09-10T00:00:07Z,2020-09-10T23:59:52Z,5760,5760,0,14.999925,15.000659943,14.999990397,0.001651134,0,0,0,0,0.0,2.910104,16.543105,1.612404e-12,0.000194007,0.001102874,False,0.001365,False
2020-09-11,RS03AXBS-MJ03A-06-PRESTA301,3,True,2020-09-11T00:00:07Z,2020-09-11T23:59:52Z,5760,5760,0,14.999925,15.000658035,14.999990478,-0.000421104,0,0,0,0,0.0,2.924716,19.752393,1.039653e-12,0.0001949812,0.001316827,False,0.001463,False
2020-09-12,RS03AXBS-MJ03A-06-PRESTA301,3,True,2020-09-12T00:00:07Z,2020-09-12T23:59:52Z,5760,5760,0,14.999925,15.000643253,14.999990424,-0.001263442,0,0,0,0,0.0,2.837122,20.904706,1.819866e-12,0.0001891416,0.001393648,False,0.001319,False
2020-09-13,RS03AXBS-MJ03A-06-PRESTA301,3,True,2020-09-13T00:00:07Z,2020-09-13T23:59:52Z,5760,5760,0,14.999925,15.000622749,14.999990405,0.004622885,0,0,0,0,0.0,2.861736,16.587265,3.127253e-12,0.0001907825,0.001105818,False,0.001355,False
2020-09-14,RS03AXBS-MJ03A-06-PRESTA301,3,True,2020-09-14T00:00:07Z,2020-09-14T23:59:52Z,5760,5760,0,14.999925,15.00062561,14.999990864,0.002857252,0,0,0,0,0.0,2.940327,18.533831,1.982512e-12,0.0001960219,0.00123559,False,0.001385,False
2020-09-15,RS03AXBS-MJ03A-06-PRESTA301,3,True,2020-09-15T00:00:07Z,2020-09-15T23:59:52Z,5760,5760,0,14.999925,15.000590324,14.999990636,-0.002655632,0,0,0,0,0.0,3.517106,17.88149,2.406208e-12,0.0002344739,0.0011921,False,0.001288,False
2020-09-16,RS03AXBS-MJ03A-06-PRESTA301,3,True,2020-09-16T00:00:07Z,2020-09-16T23:59:52Z,5760,5760,0,14.999925,15.00057888,14.999990633,-0.002344676,0,0,0,0,0.0,2.971008,18.270772,4.745568e-13,0.0001980673,0.001218052,False,0.001329,False
2020-09-17,RS03AXBS-MJ03A-06-PRESTA301,3,True,2020-09-17T00:00:07Z,2020-09-17T23:59:52Z,5760,5760,0,14.999925,15.000570297,14.999990581,0.003592763,0,0,0,0,0.0,3.011674,17.258757,1.921357e-12,0.0002007784,0.001150585,False,0.001334,False
2020-09-18,RS03AXBS-MJ03A-06-PRESTA301,3,True,2020-09-18T00:00:07Z,2020-09-18T23:59:52Z,5760,5760,0,14.999925,15.00056076,14.999990048,-0.00144653,0,0,0,0,0.0,2.900235,19.019334,1.691928e-12,0.0001933491,0.001267956,False,0.00148,False
2020-09-19,RS03AXBS-MJ03A-06-PRESTA301,3,True,2020-09-19T00:00:07Z,2020-09-19T23:59:52Z,5760,5760,0,14.999925,15.000547409,14.999990742,-0.000535006,0,0,0,0,0.0,3.021984,17.391895,1.647895e-12,0.0002014657,0.00115946,False,0.001361,False
2020-09-20,RS03AXBS-MJ03A-06-PRESTA301,3,True,2020-09-20T00:00:07Z,2020-09-20T23:59:52Z,5760,5760,0,14.999925,15.000584126,14.999989784,0.003768838,0,0,0,0,0.0,3.301463,17.716702,2.672871e-12,0.0002200977,0.001181114,False,0.001363,False
2020-09-21,RS03AXBS-MJ03A-06-PRESTA301,3,True,2020-09-21T00:00:07Z,2020-09-21T23:59:52Z,5760,5760,0,14.999925,15.000607014,14.999990943,-0.002939746,0,0,0,0,0.0,2.913943,16.945405,2.904948e-12,0.000194263,0.001129694,False,0.001354,False
2020-09-22,RS03AXBS-MJ03A-06-PRESTA301,3,True,2020-09-22T00:00:07Z,2020-09-22T23:59:52Z,3735,5760,2025,14.999925,15.00057435,14.99999098,-0.002364366,1,2025,1,2025,-0.0,2.924263,16.477925,-4.737405e-13,0.000194951,0.001098529,False,0.078648,True
2020-09-23,RS03AXBS-MJ03A-06-PRESTA301,3,True,2020-09-23T00:00:07Z,2020-09-23T23:59:52Z,5713,5760,47,14.999925,15.000618935,14.999990097,-0.001204137,1,47,1,47,0.0,2.99252,20.529602,1.84142e-12,0.0001995015,0.001368641,False,0.002113,True
2020-09-24,RS03AXBS-MJ03A-06-PRESTA301,3,True,2020-09-24T00:00:07Z,2020-09-24T23:59:51Z,5760,5760,0,14.999925,15.00061512,14.999990293,-0.001520587,0,0,0,0,0.0,2.869293,16.529868,2.12755e-12,0.0001912863,0.001101992,False,0.001358,False
2020-09-25,RS03AXBS-MJ03A-06-PRESTA301,3,True,2020-09-25T00:00:06Z,2020-09-25T23:59:51Z,5760,5760,0,14.999925,15.000616074,14.999990148,0.001729415,0,0,0,0,0.0,2.983449,21.183881,1.442592e-12,0.0001988967,0.00141226,False,0.001711,False
2020-09-26,RS03AXBS-MJ03A-06-PRESTA301,3,True,2020-09-26T00:00:06Z,2020-09-26T23:59:51Z,5760,5760,0,14.999925,15.000628948,14.999990162,0.004066427,0,0,0,0,0.0,2.945292,17.288938,2.020159e-12,0.0001963529,0.001152597,False,0.001481,False
2020-09-27,RS03AXBS-MJ03A-06-PRESTA301,3,True,2020-09-27T00:00:06Z,2020-09-27T23:59:51Z,5760,5760,0,14.999925,15.000617981,14.999990567,0.003512602,0,0,0,0,0.0,2.838072,16.343666,6.321654e-13,0.0001892049,0.001089578,False,0.001295,False
2020-09-28,RS03AXBS-MJ03A-06-PRESTA301,3,True,2020-09-28T00:00:06Z,2020-09-28T23:59:51Z,5760,5760,0,14.999925,15.000619888,14.999990209,0.000126654,0,0,0,0,0.0,2.82855,22.064539,2.771033e-12,0.0001885701,0.00147097,False,0.001545,False
2020-09-29,RS03AXBS-MJ03A-06-PRESTA301,3,True,2020-09-29T00:00:06Z,2020-09-29T23:59:51Z,5760,5760,0,14.999925,15.000625134,14.999990198,0.000707136,0,0,0,0,0.0,2.824752,18.959752,2.52316e-12,0.0001883169,0.001263984,False,0.001358,False
2020-09-30,RS03AXBS-MJ03A-06-PRESTA301,3,True,2020-09-30T00:00:06Z,2020-09-30T23:59:51Z,5760,5760,0,14.999925,15.000599861,14.999990043,-0.00183399,0,0,0,0,0.0,2.813842,16.516419,2.94695e-12,0.0001875896,0.001101095,False,0.0013,False
2020-10-01,RS03AXBS-MJ03A-06-PRESTA301,3,True,2020-10-01T00:00:06Z,2020-10-01T23:59:51Z,5760,5760,0,14.999925,15.000576019,14.999990551,0.000586147,0,0,0,0,0.0,2.988482,20.021754,2.631668e-12,0.0001992323,0.001334784,False,0.001457,False
2020-10-02,RS03AXBS-MJ03A-06-PRESTA301,3,True,2020-10-02T00:00:06Z,2020-10-02T23:59:51Z,5760,5760,0,14.999925,15.000613689,14.999990291,0.000294996,0,0,0,0,0.0,2.78061,22.496765,2.133669e-12,0.0001853741,0.001499785,False,0.001713,False
2020-10-03,RS03AXBS-MJ03A-06-PRESTA301,3,True,2020-10-03T00:00:06Z,2020-10-03T23:59:51Z,5760,5760,0,14.999925,15.000601292,14.999990358,0.00079111,0,0,0,0,0.0,2.867406,16.563721,2.82716e-12,0.0001911605,0.001104249,False,0.001334,False
2020-10-04,RS03AXBS-MJ03A-06-PRESTA301,3,True,2020-10-04T00:00:06Z,2020-10-04T23:59:51Z,5760,5760,0,14.999925,15.000597954,14.999989824,-0.002149665,0,0,0,0,0.0,2.8892,20.005277,3.294508e-12,0.0001926135,0.001333686,False,0.001494,False
2020-10-05,RS03AXBS-MJ03A-06-PRESTA301,3,True,2020-10-05T00:00:06Z,2020-10-05T23:59:51Z,5760,5760,0,14.999925,15.000609398,14.999989847,0.001794165,0,0,0,0,0.0,2.894351,17.466181,2.494385e-12,0.0001929569,0.001164413,False,0.001359,False
2020-10-06,RS03AXBS-MJ03A-06-PRESTA301,3,True,2020-10-06T00:00:06Z,2020-10-06T23:59:51Z,5760,5760,0,14.999925,15.000604153,14.999989856,-0.002323688,0,0,0,0,0.0,3.342957,18.443075,2.133798e-12,0.0002228639,0.001229539,False,0.001285,False
2020-10-07,RS03AXBS-MJ03A-06-PRESTA301,3,True,2020-10-07T00:00:06Z,2020-10-07T23:59:51Z,5760,5760,0,14.999925,15.000621796,14.999990261,-0.001985407,0,0,0,0,0.0,3.211105,18.58289,2.235249e-12,0.0002140738,0.00123886,False,0.001353,False
2020-10-08,RS03AXBS-MJ03A-06-PRESTA301,3,True,2020-10-08T00:00:06Z,2020-10-08T23:59:51Z,5760,5760,0,14.999925,15.000635147,14.999990007,-0.014576768,0,0,0,0,0.0,2.917167,20.384597,1.078552e-12,0.000194478,0.001358974,False,0.001357,False
2020-10-09,RS03AXBS-MJ03A-06-PRESTA301,3,True,2020-10-09T00:00:06Z,2020-10-09T23:59:51Z,5760,5760,0,14.999925,15.000628948,14.999990077,0.002762759,0,0,0,0,0.0,2.885153,16.857036,2.135902e-12,0.0001923437,0.001123803,False,0.00137,False
2020-10-10,RS03AXBS-MJ03A-06-PRESTA301,3,True,2020-10-10T00:00:06Z,2020-10-10T23:59:51Z,5760,5760,0,14.999925,15.000646114,14.999990356,0.000853855,0,0,0,0,0.0,3.097044,18.859739,1.917351e-12,0.0002064697,0.001257317,False,0.001737,False
2020-10-11,RS03AXBS-MJ03A-06-PRESTA301,3,True,2020-10-11T00:00:06Z,2020-10-11T23:59:51Z,5760,5760,0,14.999925,15.000650883,14.999989763,-0.00179368,0,0,0,0,0.0,2.832063,20.327278,9.962091e-13,0.0001888043,0.001355153,False,0.001457,False
2020-10-12,RS03AXBS-MJ03A-06-PRESTA301,3,True,2020-10-12T00:00:06Z,2020-10-12T23:59:50Z,5760,5760,0,14.999925,15.00063467,14.999989729,-0.002163741,0,0,0,0,0.0,2.908709,16.856125,2.891612e-12,0.0001939141,0.001123742,False,0.001347,False
2020-10-13,RS03AXBS-MJ03A-06-PRESTA301,3,True,2020-10-13T00:00:05Z,2020-10-13T23:59:50Z,5760,5760,0,14.999925,15.000621319,14.999990013,0.00432798,0,0,0,0,0.0,3.306598,20.663233,2.381638e-12,0.00022044,0.00137755,False,0.001454,False
2020-10-14,RS03AXBS-MJ03A-06-PRESTA301,3,True,2020-10-14T00:00:05Z,2020-10-14T23:59:50Z,5760,5760,0,14.999925,15.000597954,14.999990657,0.000597215,0,0,0,0,0.0,2.842679,17.046628,1.104377e-12,0.000189512,0.001136443,False,0.00132,False
2020-10-15,RS03AXBS-MJ03A-06-PRESTA301,3,True,2020-10-15T00:00:05Z,2020-10-15T23:59:50Z,5760,5760,0,14.999925,15.000581741,14.999990077,-0.002195986,0,0,0,0,0.0,3.510778,18.97747,1.856534e-12,0.000234052,0.001265166,False,0.001309,False
2020-10-16,RS03AXBS-MJ03A-06-PRESTA301,3,True,2020-10-16T00:00:05Z,2020-10-16T23:59:50Z,5760,5760,0,14.999925,15.000563145,14.999990197,0.002602018,0,0,0,0,0.0,3.884494,18.972856,1.103173e-12,0.0002589664,0.001264858,False,0.001386,False
2020-10-17,RS03AXBS-MJ03A-06-PRESTA301,3,True,2020-10-17T00:00:05Z,2020-10-17T23:59:50Z,5760,5760,0,14.999925,15.000548363,14.999989845,0.003655238,0,0,0,0,0.0,3.0975,17.761018,8.733832e-13,0.0002065002,0.001184069,False,0.001334,False
2020-10-18,RS03AXBS-MJ03A-06-PRESTA301,3,True,2020-10-18T00:00:05Z,2020-10-18T23:59:50Z,5760,5760,0,14.999925,15.000530243,14.999989627,0.004126898,0,0,0,0,0.0,3.220729,18.87919,2.995064e-12,0.0002147154,0.001258614,False,0.001503,False
2020-10-19,RS03AXBS-MJ03A-06-PRESTA301,3,True,2020-10-19T00:00:05Z,2020-10-19T23:59:50Z,5760,5760,0,14.999925,15.000555038,14.999989634,0.005285492,0,0,0,0,0.0,2.871495,18.902445,1.724543e-12,0.0001914332,0.001260164,False,0.001345,False
2020-10-20,RS03AXBS-MJ03A-06-PRESTA301,3,True,2020-10-20T00:00:05Z,2020-10-20T23:59:50Z,5760,5760,0,14.999925,15.000593185,14.99999,0.003232103,0,0,0,0,0.0,2.871477,16.985244,9.621622e-13,0.0001914319,0.00113235,False,0.001343,False
2020-10-21,RS03AXBS-MJ03A-06-PRESTA301,3,True,2020-10-21T00:00:05Z,2020-10-21T23:59:50Z,5760,5760,0,14.999925,15.000585079,14.999990477,0.002077483,0,0,0,0,0.0,2.923021,16.753098,2.390915e-12,0.0001948682,0.001116874,False,0.001344,False
2020-10-22,RS03AXBS-MJ03A-06-PRESTA301,3,True,2020-10-22T00:00:05Z,2020-10-22T23:59:50Z,5760,5760,0,14.999925,15.000609875,14.999990112,-0.00104554,0,0,0,0,0.0,2.919895,20.420148,1.89793e-12,0.0001946598,0.001361344,False,0.001351,False
2020-10-23,RS03AXBS-MJ03A-06-PRESTA301,3,True,2020-10-23T00:00:05Z,2020-10-23T23:59:50Z,5760,5760,0,14.999925,15.000604153,14.999989904,-0.000807825,0,0,0,0,0.0,2.781236,15.871326,7.476304e-13,0.0001854158,0.001058089,False,0.001354,False
2020-10-24,RS03AXBS-MJ03A-06-PRESTA301,3,True,2020-10-24T00:00:05Z,2020-10-24T23:59:50Z,5760,5760,0,14.999925,15.000630856,14.999990172,-0.000919106,0,0,0,0,0.0,2.839715,16.836076,2.937561e-12,0.0001893144,0.001122406,False,0.001442,False
2020-10-25,RS03AXBS-MJ03A-06-PRESTA301,3,True,2020-10-25T00:00:05Z,2020-10-25T23:59:50Z,5760,5760,0,14.999925,15.000609875,14.999990014,-0.014716999,0,0,0,0,0.0,2.84164,18.06448,2.764842e-12,0.0001894428,0.001204299,False,0.00135,False
2020-10-26,RS03AXBS-MJ03A-06-PRESTA301,3,True,2020-10-26T00:00:05Z,2020-10-26T23:59:50Z,5760,5760,0,14.999925,15.000598907,14.999989657,-0.001837041,0,0,0,0,0.0,2.868718,16.817424,1.35081e-12,0.000191248,0.001121162,False,0.001347,False
2020-10-27,RS03AXBS-MJ03A-06-PRESTA301,3,True,2020-10-27T00:00:05Z,2020-10-27T23:59:50Z,5760,5760,0,14.999925,15.000628948,14.999990002,0.000216969,0,0,0,0,0.0,2.851609,20.906101,2.083063e-12,0.0001901074,0.001393741,False,0.00156,False
2020-10-28,RS03AXBS-MJ03A-06-PRESTA301,3,True,2020-10-28T00:00:05Z,2020-10-28T23:59:50Z,5760,5760,0,14.999925,15.000621796,14.999989931,-0.000728118,0,0,0,0,0.0,3.007554,22.829871,1.871064e-12,0.0002005037,0.001521992,False,0.001729,False
2020-10-29,RS03AXBS-MJ03A-06-PRESTA301,3,True,2020-10-29T00:00:05Z,2020-10-29T23:59:49Z,5760,5760,0,14.999925,15.000601292,14.999989835,0.004771608,0,0,0,0,0.0,2.831391,15.798334,1.865065e-12,0.0001887596,0.001053223,False,0.001353,False
2020-10-30,RS03AXBS-MJ03A-06-PRESTA301,3,True,2020-10-30T00:00:04Z,2020-10-30T23:59:49Z,5760,5760,0,14.999925,15.000607014,14.999989943,-0.000152008,0,0,0,0,0.0,2.886716,18.434419,1.785114e-12,0.0001924479,0.001228962,False,0.001353,False
2020-10-31,RS03AXBS-MJ03A-06-PRESTA301,3,True,2020-10-31T00:00:04Z,2020-10-31T23:59:49Z,5760,5760,0,14.999925,15.000597954,14.999990204,-0.00084908,0,0,0,0,0.0,3.371144,17.801484,2.088485e-12,0.000224743,0.001186766,False,0.00151,False
2020-11-01,RS03AXBS-MJ03A-06-PRESTA301,3,True,2020-11-01T00:00:04Z,2020-11-01T08:49:04Z,2054,2117,63,14.999925,15.000693798,14.999990106,0.000178307,1,63,1,63,-0.0,2.840122,16.33237,-8.611774e-14,0.0001893416,0.001088825,False,0.003222,True
2020-11-02,RS03AXBS-MJ03A-06-PRESTA301,3,True,2020-11-02T17:51:34Z,2020-11-02T23:59:54Z,1473,1474,1,14.999925,15.000461578,15.000100427,4.892634398,1,1,1,1,-0.0,364.579112,4896.45866,-6.892316e-13,0.02430511,0.3264284,False,0.333471,True
2020-11-03,RS03AXBS-MJ03A-06-PRESTA301,3,True,2020-11-03T00:00:09Z,2020-11-03T23:59:54Z,5760,5760,0,14.999925,15.000591755,14.999989481,0.000127469,0,0,0,0,0.0,2.799922,19.346088,2.579506e-12,0.0001866616,0.00128974,False,0.001465,False
2020-11-04,RS03AXBS-MJ03A-06-PRESTA301,3,True,2020-11-04T00:00:09Z,2020-11-04T23:59:54Z,5760,5760,0,14.999925,15.000604153,14.99998963,-0.000961136,0,0,0,0,0.0,2.779347,15.921184,1.739836e-12,0.0001852899,0.001061413,False,0.001346,False
2020-11-05,RS03AXBS-MJ03A-06-PRESTA301,3,True,2020-11-05T00:00:09Z,2020-11-05T23:59:54Z,5760,5760,0,14.999925,15.000581741,14.999989673,0.000403515,0,0,0,0,0.0,2.907838,22.520228,2.574361e-12,0.000193856,0.00150135,False,0.001616,False
2020-11-06,RS03AXBS-MJ03A-06-PRESTA301,3,True,2020-11-06T00:00:09Z,2020-11-06T23:59:54Z,5760,5760,0,14.999925,15.000617981,14.999989344,-0.000529082,0,0,0,0,0.0,2.832639,20.87188,1.409455e-12,0.0001888427,0.00139146,False,0.001366,False
2020-11-07,RS03AXBS-MJ03A-06-PRESTA301,3,True,2020-11-07T00:00:09Z,2020-11-07T23:59:54Z,5760,5760,0,14.999925,15.000624657,14.999989375,0.002940205,0,0,0,0,0.0,2.796242,15.914035,1.575338e-12,0.0001864163,0.001060936,False,0.00136,False
2020-11-08,RS03AXBS-MJ03A-06-PRESTA301,3,True,2020-11-08T00:00:09Z,2020-11-08T23:59:54Z,5760,5760,0,14.999925,15.000622749,14.999989623,-0.001978787,0,0,0,0,0.0,2.908278,20.340431,2.443975e-12,0.0001938854,0.00135603,False,0.001485,False
2020-11-09,RS03AXBS-MJ03A-06-PRESTA301,3,True,2020-11-09T00:00:09Z,2020-11-09T23:59:54Z,5760,5760,0,14.999925,15.000654221,14.999989393,0.000923993,0,0,0,0,0.0,2.877612,19.974192,3.431722e-12,0.0001918409,0.001331614,False,0.001354,False
2020-11-10,RS03AXBS-MJ03A-06-PRESTA301,3,True,2020-11-10T00:00:09Z,2020-11-10T23:59:54Z,5760,5760,0,14.999925,15.000635147,14.999989174,-0.000428103,0,0,0,0,0.0,2.943306,17.068155,1.282384e-12,0.0001962205,0.001137878,False,0.001344,False
2020-11-11,RS03AXBS-MJ03A-06-PRESTA301,3,True,2020-11-11T00:00:09Z,2020-11-11T23:59:54Z,5760,5760,0,14.999925,15.000618935,14.999989973,-0.000829373,0,0,0,0,0.0,2.830314,20.66002,2.97017e-12,0.0001886877,0.001377336,False,0.001352,False
2020-11-12,RS03AXBS-MJ03A-06-PRESTA301,3,True,2020-11-12T00:00:09Z,2020-11-12T23:59:54Z,5760,5760,0,14.999925,15.000618935,14.999989745,-0.000438581,0,0,0,0,0.0,2.859766,19.258519,1.092296e-12,0.0001906512,0.001283902,False,0.00153,False
2020-11-13,RS03AXBS-MJ03A-06-PRESTA301,3,True,2020-11-13T00:00:09Z,2020-11-13T23:59:54Z,5760,5760,0,14.999925,15.000582218,14.999989605,-0.002281992,0,0,0,0,0.0,2.824076,16.372461,1.980351e-12,0.0001882719,0.001091498,False,0.001363,False
2020-11-14,RS03AXBS-MJ03A-06-PRESTA301,3,True,2020-11-14T00:00:09Z,2020-11-14T23:59:54Z,5760,5760,0,14.999925,15.000533104,14.999989584,0.000868813,0,0,0,0,0.0,2.855594,17.479368,7.598442e-13,0.0001903731,0.001165292,False,0.001352,False
2020-11-15,RS03AXBS-MJ03A-06-PRESTA301,3,True,2020-11-15T00:00:09Z,2020-11-15T23:59:53Z,5760,5760,0,14.999925,15.000552177,14.999989711,-0.001882632,0,0,0,0,0.0,2.951399,20.833697,2.00239e-12,0.0001967601,0.001388914,False,0.001338,False
2020-11-16,RS03AXBS-MJ03A-06-PRESTA301,3,True,2020-11-16T00:00:08Z,2020-11-16T23:59:53Z,5760,5760,0,14.999925,15.000556469,14.999989973,0.00171139,0,0,0,0,0.0,2.813112,16.690903,2.723341e-12,0.0001875409,0.001112728,False,0.00137,False
2020-11-17,RS03AXBS-MJ03A-06-PRESTA301,3,True,2020-11-17T00:00:08Z,2020-11-17T23:59:53Z,5760,5760,0,14.999925,15.000545979,14.999988951,0.002507757,0,0,0,0,0.0,3.173403,19.33641,3.305214e-12,0.0002115604,0.001289095,False,0.001461,False
2020-11-18,RS03AXBS-MJ03A-06-PRESTA301,3,True,2020-11-18T00:00:08Z,2020-11-18T23:59:53Z,5760,5760,0,14.999925,15.000584126,14.999990283,0.004321115,0,0,0,0,0.0,3.262188,21.178719,1.897516e-12,0.0002174794,0.001411916,False,0.001571,False
2020-11-19,RS03AXBS-MJ03A-06-PRESTA301,3,True,2020-11-19T00:00:08Z,2020-11-19T23:59:53Z,5760,5760,0,14.999925,15.00058794,14.999990041,0.000198259,0,0,0,0,0.0,2.878182,16.809019,2.460133e-12,0.0001918789,0.001120602,False,0.001348,False
2020-11-20,RS03AXBS-MJ03A-06-PRESTA301,3,True,2020-11-20T00:00:08Z,2020-11-20T23:59:53Z,5760,5760,0,14.999925,15.000616074,14.999989954,-0.001300403,0,0,0,0,0.0,2.909752,17.80974,1.613566e-12,0.0001939836,0.001187317,False,0.001475,False
2020-11-21,RS03AXBS-MJ03A-06-PRESTA301,3,True,2020-11-21T00:00:08Z,2020-11-21T23:59:53Z,5760,5760,0,14.999925,15.00063467,14.999989793,-0.000976212,0,0,0,0,0.0,2.843655,18.832968,2.740386e-12,0.0001895771,0.001255532,False,0.00147,False
2020-11-22,RS03AXBS-MJ03A-06-PRESTA301,3,True,2020-11-22T00:00:08Z,2020-11-22T23:59:53Z,5760,5760,0,14.999925,15.000648022,14.9999898,-0.012561423,0,0,0,0,0.0,2.806981,16.309741,2.394003e-12,0.0001871322,0.001087317,False,0.001308,False
2020-11-23,RS03AXBS-MJ03A-06-PRESTA301,3,True,2020-11-23T00:00:08Z,2020-11-23T23:59:53Z,5760,5760,0,14.999925,15.000652313,14.999989572,0.001737809,0,0,0,0,0.0,2.863638,21.567208,1.725525e-12,0.0001909093,0.001437815,False,0.001424,False
2020-11-24,RS03AXBS-MJ03A-06-PRESTA301,3,True,2020-11-24T00:00:08Z,2020-11-24T23:59:53Z,5760,5760,0,14.999925,15.000624657,14.99998934,-0.001066097,0,0,0,0,0.0,3.114174,18.417161,1.50795e-12,0.0002076118,0.001227812,False,0.001351,False
2020-11-25,RS03AXBS-MJ03A-06-PRESTA301,3,True,2020-11-25T00:00:08Z,2020-11-25T23:59:53Z,5760,5760,0,14.999925,15.000636101,14.999989343,-0.00056066,0,0,0,0,0.0,3.011386,16.931671,1.814573e-12,0.0002007592,0.001128779,False,0.001358,False
2020-11-26,RS03AXBS-MJ03A-06-PRESTA301,3,True,2020-11-26T00:00:08Z,2020-11-26T23:59:53Z,5760,5760,0,14.999925,15.000634193,14.999989444,0.000334689,0,0,0,0,0.0,3.361886,18.951772,2.181018e-12,0.0002241259,0.001263452,False,0.001354,False
2020-11-27,RS03AXBS-MJ03A-06-PRESTA301,3,True,2020-11-27T00:00:08Z,2020-11-27T23:59:53Z,5760,5760,0,14.999925,15.000635147,14.999989471,-0.001476583,0,0,0,0,0.0,4.361895,19.62958,1.441508e-12,0.0002907932,0.00130864,False,0.001335,False
2020-11-28,RS03AXBS-MJ03A-06-PRESTA301,3,True,2020-11-28T00:00:08Z,2020-11-28T23:59:53Z,5760,5760,0,14.999925,15.000601292,14.999990221,0.001810913,0,0,0,0,0.0,2.882184,17.232895,2.066653e-12,0.0001921457,0.00114886,False,0.001348,False
2020-11-29,RS03AXBS-MJ03A-06-PRESTA301,3,True,2020-11-29T00:00:08Z,2020-11-29T23:59:53Z,5760,5760,0,14.999925,15.000605106,14.999989441,-0.002447123,0,0,0,0,0.0,2.875049,17.714955,2.106077e-12,0.0001916701,0.001180998,False,0.001328,False
2020-11-30,RS03AXBS-MJ03A-06-PRESTA301,3,True,2020-11-30T00:00:08Z,2020-11-30T23:59:53Z,5760,5760,0,14.999925,15.000601768,14.999989398,5.1262e-05,0,0,0,0,0.0,3.048656,16.558966,1.867263e-12,0.0002032439,0.001103932,False,0.00137,False
2020-12-01,RS03AXBS-MJ03A-06-PRESTA301,3,True,2020-12-01T00:00:08Z,2020-12-01T23:59:53Z,5760,5760,0,14.999925,15.000592232,14.999989526,0.004613404,0,0,0,0,0.0,2.812822,16.048575,1.645548e-12,0.0001875216,0.001069906,False,0.001337,False
2020-12-02,RS03AXBS-MJ03A-06-PRESTA301,3,True,2020-12-02T00:00:08Z,2020-12-02T23:59:52Z,5760,5760,0,14.999925,15.000573158,14.999989618,0.000785881,0,0,0,0,0.0,2.884519,21.509554,1.044492e-12,0.0001923014,0.001433971,False,0.001332,False
2020-12-03,RS03AXBS-MJ03A-06-PRESTA301,3,True,2020-12-03T00:00:07Z,2020-12-03T23:59:52Z,5760,5760,0,14.999925,15.000582218,14.99998949,0.002016233,0,0,0,0,0.0,3.274428,20.778105,3.459747e-12,0.0002182953,0.001385208,False,0.001327,False
2020-12-04,RS03AXBS-MJ03A-06-PRESTA301,3,True,2020-12-04T00:00:07Z,2020-12-04T23:59:52Z,5760,5760,0,14.999925,15.000581741,14.99998927,-0.012393363,0,0,0,0,0.0,2.891978,16.219727,2.811446e-12,0.0001927987,0.001081316,False,0.001336,False
2020-12-05,RS03AXBS-MJ03A-06-PRESTA301,3,True,2020-12-05T00:00:07Z,2020-12-05T23:59:52Z,5760,5760,0,14.999925,15.000619888,14.999989487,0.000115584,0,0,0,0,0.0,3.302798,20.44874,1.171424e-12,0.0002201867,0.00136325,False,0.001482,False
2020-12-06,RS03AXBS-MJ03A-06-PRESTA301,3,True,2020-12-06T00:00:07Z,2020-12-06T23:59:52Z,5760,5760,0,14.999925,15.000615597,14.999989178,-0.001309982,0,0,0,0,0.0,3.96296,20.476811,1.578611e-12,0.0002641975,0.001365122,False,0.001358,False
2020-12-07,RS03AXBS-MJ03A-06-PRESTA301,3,True,2020-12-07T00:00:07Z,2020-12-07T23:59:52Z,5760,5760,0,14.999925,15.000630856,14.999989373,0.005571812,0,0,0,0,0.0,3.089122,17.566035,1.046621e-12,0.0002059416,0.00117107,False,0.001307,False
2020-12-08,RS03AXBS-MJ03A-06-PRESTA301,3,True,2020-12-08T00:00:07Z,2020-12-08T23:59:52Z,5727,5760,33,14.999925,15.000630856,14.999989074,0.004656895,1,33,1,33,-0.0,2.943552,20.598766,-1.697578e-12,0.0001962369,0.001373252,False,0.001495,True
2020-12-09,RS03AXBS-MJ03A-06-PRESTA301,3,True,2020-12-09T00:00:07Z,2020-12-09T23:59:52Z,5760,5760,0,14.999925,15.000622272,14.999989123,-0.001974301,0,0,0,0,0.0,2.96891,19.380924,2.209637e-12,0.0001979275,0.001292063,False,0.001312,False
2020-12-10,RS03AXBS-MJ03A-06-PRESTA301,3,True,2020-12-10T00:00:07Z,2020-12-10T23:59:52Z,5730,5760,30,14.999925,15.000617027,14.999989654,0.004786847,1,30,1,30,0.0,2.881293,18.062512,1.006434e-12,0.0001920863,0.001204168,False,0.001392,True
2020-12-11,RS03AXBS-MJ03A-06-PRESTA301,3,True,2020-12-11T00:00:07Z,2020-12-11T23:59:52Z,5760,5760,0,14.999925,15.00061512,14.999989416,-8.4406e-05,0,0,0,0,0.0,2.841909,18.5281,2.503703e-12,0.0001894607,0.001235208,False,0.00144,False
2020-12-12,RS03AXBS-MJ03A-06-PRESTA301,3,True,2020-12-12T00:00:07Z,2020-12-12T23:59:52Z,5727,5760,33,14.999925,15.000571728,14.999989517,0.002777453,1,33,1,33,0.0,2.801326,15.974713,8.145278e-13,0.0001867552,0.001064982,False,0.001333,True
2020-12-13,RS03AXBS-MJ03A-06-PRESTA301,3,True,2020-12-13T00:00:07Z,2020-12-13T23:59:52Z,5760,5760,0,14.999925,15.000575066,14.999989428,-0.001307965,0,0,0,0,0.0,3.185497,17.887088,2.254144e-12,0.0002123666,0.001192473,False,0.001335,False
2020-12-14,RS03AXBS-MJ03A-06-PRESTA301,3,True,2020-12-14T00:00:07Z,2020-12-14T23:59:52Z,5760,5760,0,14.999925,15.00051403,14.999989225,-0.001044956,0,0,0,0,0.0,3.183542,17.863471,1.176525e-12,0.0002122363,0.001190899,False,0.00136,False
2020-12-15,RS03AXBS-MJ03A-06-PRESTA301,3,True,2020-12-15T00:00:07Z,2020-12-15T23:59:52Z,5760,5760,0,14.999925,15.00052309,14.99998961,-0.000787968,0,0,0,0,0.0,3.007862,19.577944,1.139821e-12,0.0002005243,0.001305197,False,0.001356,False
2020-12-16,RS03AXBS-MJ03A-06-PRESTA301,3,True,2020-12-16T00:00:07Z,2020-12-16T23:59:52Z,5760,5760,0,14.999925,15.000560284,14.999989924,-0.012398695,0,0,0,0,0.0,3.113225,18.128286,2.14553e-12,0.0002075485,0.001208553,False,0.00131,False
2020-12-17,RS03AXBS-MJ03A-06-PRESTA301,3,True,2020-12-17T00:00:07Z,2020-12-17T23:59:52Z,5760,5760,0,14.999925,15.000567913,14.999989515,0.000850342,0,0,0,0,0.0,2.925763,19.845864,1.170058e-12,0.000195051,0.001323059,False,0.001329,False
2020-12-18,RS03AXBS-MJ03A-06-PRESTA301,3,True,2020-12-18T00:00:07Z,2020-12-18T23:59:51Z,5760,5760,0,14.999925,15.00058794,14.999989531,0.000616305,0,0,0,0,0.0,13.492117,1000.802307,2.983138e-12,0.0008994751,0.0667202,False,0.066785,False
2020-12-19,RS03AXBS-MJ03A-06-PRESTA301,3,True,2020-12-19T00:00:06Z,2020-12-19T23:59:51Z,5760,5760,0,14.999925,15.000597954,14.999989568,0.001170056,0,0,0,0,0.0,2.852523,16.378633,1.767932e-12,0.0001901683,0.00109191,False,0.00133,False
2020-12-20,RS03AXBS-MJ03A-06-PRESTA301,3,True,2020-12-20T00:00:06Z,2020-12-20T23:59:51Z,5760,5760,0,14.999925,15.000625134,14.999989692,-0.002259609,0,0,0,0,0.0,2.88502,21.175787,5.311053e-13,0.0001923348,0.00141172,False,0.001364,False
2020-12-21,RS03AXBS-MJ03A-06-PRESTA301,3,True,2020-12-21T00:00:06Z,2020-12-21T23:59:51Z,5760,5760,0,14.999925,15.000643253,14.999989056,-0.000943127,0,0,0,0,0.0,2.884711,18.106782,2.944783e-12,0.0001923142,0.00120712,False,0.00137,False
2020-12-22,RS03AXBS-MJ03A-06-PRESTA301,3,True,2020-12-22T00:00:06Z,2020-12-22T23:59:51Z,5760,5760,0,14.999925,15.000642776,14.999989335,0.003168754,0,0,0,0,0.0,3.032623,17.014937,2.503543e-12,0.000202175,0.00113433,False,0.001338,False
2020-12-23,RS03AXBS-MJ03A-06-PRESTA301,3,True,2020-12-23T00:00:06Z,2020-12-23T23:59:51Z,5760,5760,0,14.999925,15.000617027,14.999989601,0.0011368,0,0,0,0,0.0,3.123613,18.18025,3.327165e-12,0.000208241,0.001212017,False,0.001385,False
2020-12-24,RS03AXBS-MJ03A-06-PRESTA301,3,True,2020-12-24T00:00:06Z,2020-12-24T23:59:51Z,5760,5760,0,14.999925,15.000625134,14.99998939,-0.000998126,0,0,0,0,0.0,3.0531,17.335439,2.857443e-12,0.0002035401,0.001155697,False,0.001353,False
2020-12-25,RS03AXBS-MJ03A-06-PRESTA301,3,True,2020-12-25T00:00:06Z,2020-12-25T23:59:51Z,5760,5760,0,14.999925,15.000623226,14.999989214,0.000874168,0,0,0,0,0.0,2.868589,16.938043,2.481869e-12,0.0001912394,0.001129204,False,0.001338,False
2020-12-26,RS03AXBS-MJ03A-06-PRESTA301,3,True,2020-12-26T00:00:06Z,2020-12-26T23:59:51Z,5760,5760,0,14.999925,15.000613689,14.999989351,-0.000695299,0,0,0,0,0.0,2.813917,19.67129,1.870142e-12,0.0001875946,0.00131142,False,0.001347,False
2020-12-27,RS03AXBS-MJ03A-06-PRESTA301,3,True,2020-12-27T00:00:06Z,2020-12-27T23:59:51Z,5760,5760,0,14.999925,15.000588417,14.999989211,-0.002049811,0,0,0,0,0.0,2.772936,16.18039,1.599262e-12,0.0001848625,0.001078693,False,0.001365,False
2020-12-28,RS03AXBS-MJ03A-06-PRESTA301,3,True,2020-12-28T00:00:06Z,2020-12-28T23:59:51Z,5760,5760,0,14.999925,15.000610828,14.999989439,0.002794415,0,0,0,0,0.0,2.819748,18.668709,1.085422e-12,0.0001879833,0.001244581,False,0.001338,False
2020-12-29,RS03AXBS-MJ03A-06-PRESTA301,3,True,2020-12-29T00:00:06Z,2020-12-29T23:59:51Z,5760,5760,0,14.999925,15.000572205,14.999989497,-0.002155208,0,0,0,0,0.0,3.292041,18.434079,2.293985e-12,0.0002194696,0.001228939,False,0.001395,False
2020-12-30,RS03AXBS-MJ03A-06-PRESTA301,3,True,2020-12-30T00:00:06Z,2020-12-30T23:59:51Z,5760,5760,0,14.999925,15.000570297,14.999989378,-0.001034591,0,0,0,0,0.0,2.812072,16.338039,2.74863e-12,0.0001874716,0.001089203,False,0.001333,False
2020-12-31,RS03AXBS-MJ03A-06-PRESTA301,3,True,2020-12-31T00:00:06Z,2020-12-31T23:59:51Z,5760,5760,0,14.999925,15.000570297,14.999989986,4.0272e-05,0,0,0,0,0.0,3.041972,20.479136,1.874288e-12,0.0002027983,0.001365277,False,0.001356,False
2021-01-01,RS03AXBS-MJ03A-06-PRESTA301,3,True,2021-01-01T00:00:06Z,2021-01-01T23:59:51Z,5760,5760,0,14.999925,15.000565052,14.999989262,-0.002208631,0,0,0,0,0.0,2.994578,21.134833,2.684363e-12,0.0001996387,0.00140899,False,0.001478,False
2021-01-02,RS03AXBS-MJ03A-06-PRESTA301,3,True,2021-01-02T00:00:06Z,2021-01-02T23:59:51Z,5760,5760,0,14.999925,15.000583172,14.99998934,0.000746505,0,0,0,0,0.0,2.92322,16.804038,3.29533e-12,0.0001948815,0.00112027,False,0.00137,False
2021-01-03,RS03AXBS-MJ03A-06-PRESTA301,3,True,2021-01-03T00:00:06Z,2021-01-03T23:59:50Z,5760,5760,0,14.999925,15.000613689,14.999989428,0.002134118,0,0,0,0,0.0,2.831569,17.795628,1.273425e-12,0.0001887714,0.001186376,False,0.001361,False
2021-01-04,RS03AXBS-MJ03A-06-PRESTA301,3,True,2021-01-04T00:00:05Z,2021-01-04T23:59:50Z,5760,5760,0,14.999925,15.000640869,14.999989361,0.000120825,0,0,0,0,0.0,2.847163,18.587725,2.180511e-12,0.000189811,0.001239183,False,0.001307,False
2021-01-05,RS03AXBS-MJ03A-06-PRESTA301,3,True,2021-01-05T00:00:05Z,2021-01-05T23:59:50Z,5760,5760,0,14.999925,15.000624657,14.99998938,-0.002510044,0,0,0,0,0.0,2.912573,17.632604,1.742229e-12,0.0001941716,0.001175508,False,0.001338,False
2021-01-06,RS03AXBS-MJ03A-06-PRESTA301,3,True,2021-01-06T00:00:05Z,2021-01-06T23:59:50Z,5760,5760,0,14.999925,15.000654697,14.999989321,0.00312402,0,0,0,0,0.0,2.820385,17.997602,2.099708e-12,0.0001880258,0.001199841,False,0.001367,False
2021-01-07,RS03AXBS-MJ03A-06-PRESTA301,3,True,2021-01-07T00:00:05Z,2021-01-07T23:59:50Z,5760,5760,0,14.999925,15.000618935,14.999989311,-0.000975722,0,0,0,0,0.0,2.878811,20.167499,2.484437e-12,0.0001919209,0.001344501,False,0.001344,False
2021-01-08,RS03AXBS-MJ03A-06-PRESTA301,3,True,2021-01-08T00:00:05Z,2021-01-08T23:59:50Z,5760,5760,0,14.999925,15.000623226,14.999989097,0.003153843,0,0,0,0,0.0,3.127466,17.329705,2.834051e-12,0.0002084979,0.001155314,False,0.00135,False
2021-01-09,RS03AXBS-MJ03A-06-PRESTA301,3,True,2021-01-09T00:00:05Z,2021-01-09T23:59:50Z,5760,5760,0,14.999925,15.000599861,14.999989296,-0.002254792,0,0,0,0,0.0,2.855696,18.26406,2.647349e-12,0.0001903799,0.001217605,False,0.001481,False
2021-01-10,RS03AXBS-MJ03A-06-PRESTA301,3,True,2021-01-10T00:00:05Z,2021-01-10T23:59:50Z,5760,5760,0,14.999925,15.000585556,14.999989217,0.00073715,0,0,0,0,0.0,2.864234,21.396092,1.935429e-12,0.0001909491,0.001426407,False,0.001363,False
2021-01-11,RS03AXBS-MJ03A-06-PRESTA301,3,True,2021-01-11T00:00:05Z,2021-01-11T23:59:50Z,5760,5760,0,14.999925,15.000580311,14.999989281,0.000967103,0,0,0,0,0.0,2.829929,16.186842,1.929056e-12,0.0001886621,0.001079124,False,0.001357,False
2021-01-12,RS03AXBS-MJ03A-06-PRESTA301,3,True,2021-01-12T00:00:05Z,2021-01-12T23:59:50Z,5760,5760,0,14.999925,15.000547886,14.9999895,-0.003221629,0,0,0,0,0.0,2.857927,17.968681,1.844726e-12,0.0001905286,0.001197913,False,0.001364,False
2021-01-13,RS03AXBS-MJ03A-06-PRESTA301,3,True,2021-01-13T00:00:05Z,2021-01-13T10:35:50Z,2544,2544,0,14.999925,15.000631332,14.9999901,-0.004308141,0,0,0,0,-0.0,2.929916,16.920821,-3.657272e-13,0.0001953279,0.001128055,False,0.001325,False
2021-01-14,RS03AXBS-MJ03A-06-PRESTA301,3,False,,,0,0,,14.999925,,,,,,,,,,,,,,,,False
2021-01-15,RS03AXBS-MJ03A-06-PRESTA301,3,True,2021-01-15T19:39:09Z,2021-01-15T23:59:46Z,1041,1043,2,14.999925,15.000404358,15.000260039,6.813523953,1,2,1,2,-0.0,566.328007,6817.993848,-1.293664e-13,0.03775455,0.454525,True,0.466681,True
2021-01-16,RS03AXBS-MJ03A-06-PRESTA301,3,True,2021-01-16T00:00:01Z,2021-01-16T23:59:46Z,5760,5760,0,14.999925,15.000588894,14.999989516,7.7404e-05,0,0,0,0,0.0,2.844085,20.379125,1.598043e-12,0.0001896058,0.001358609,False,0.001357,False
2021-01-17,RS03AXBS-MJ03A-06-PRESTA301,3,True,2021-01-17T00:00:01Z,2021-01-17T23:59:46Z,5760,5760,0,14.999925,15.000590801,14.999989006,0.000648284,0,0,0,0,0.0,2.907686,17.975291,1.272793e-12,0.0001938459,0.001198354,False,0.001493,False
2021-01-18,RS03AXBS-MJ03A-06-PRESTA301,3,True,2021-01-18T00:00:01Z,2021-01-18T23:59:46Z,5760,5760,0,14.999925,15.000608921,14.999988906,0.000822006,0,0,0,0,0.0,2.864109,16.671942,2.933236e-12,0.0001909407,0.001111464,False,0.001368,False
2021-01-19,RS03AXBS-MJ03A-06-PRESTA301,3,True,2021-01-19T00:00:01Z,2021-01-19T23:59:46Z,5760,5760,0,14.999925,15.000629902,14.999988908,-0.00031196,0,0,0,0,0.0,2.996118,22.032015,1.456404e-12,0.0001997413,0.001468802,False,0.001477,False
2021-01-20,RS03AXBS-MJ03A-06-PRESTA301,3,True,2021-01-20T00:00:01Z,2021-01-20T23:59:45Z,5760,5760,0,14.999925,15.00063467,14.999989152,0.003323584,0,0,0,0,0.0,3.177854,21.034825,9.677436e-13,0.0002118571,0.001402323,False,0.001341,False
2021-01-21,RS03AXBS-MJ03A-06-PRESTA301,3,True,2021-01-21T00:00:00Z,2021-01-21T23:59:45Z,5760,5760,0,14.999925,15.000663757,14.99998928,-0.000717042,0,0,0,0,0.0,3.022178,17.649272,1.963895e-12,0.0002014787,0.001176619,False,0.001361,False
2021-01-22,RS03AXBS-MJ03A-06-PRESTA301,3,True,2021-01-22T00:00:00Z,2021-01-22T23:59:45Z,5760,5760,0,14.999925,15.000644207,14.999989093,0.00066241,0,0,0,0,0.0,2.823047,18.575118,1.889554e-12,0.0001882033,0.001238342,False,0.001329,False
2021-01-23,RS03AXBS-MJ03A-06-PRESTA301,3,True,2021-01-23T00:00:00Z,2021-01-23T23:59:45Z,5760,5760,0,14.999925,15.000620842,14.999989107,0.000791073,0,0,0,0,0.0,3.152497,18.546109,2.42433e-12,0.0002101666,0.001236408,False,0.001304,False
2021-01-24,RS03AXBS-MJ03A-06-PRESTA301,3,True,2021-01-24T00:00:00Z,2021-01-24T23:59:45Z,5760,5760,0,14.999925,15.000619411,14.999988806,0.000343845,0,0,0,0,0.0,2.994338,17.044849,2.10759e-12,0.0001996227,0.001136324,False,0.001378,False
2021-01-25,RS03AXBS-MJ03A-06-PRESTA301,3,True,2021-01-25T00:00:00Z,2021-01-25T23:59:45Z,5760,5760,0,14.999925,15.000631332,14.999989121,0.001872948,0,0,0,0,0.0,2.851113,16.39868,1.565288e-12,0.0001900743,0.001093246,False,0.001353,False
2021-01-26,RS03AXBS-MJ03A-06-PRESTA301,3,True,2021-01-26T00:00:00Z,2021-01-26T23:59:45Z,5760,5760,0,14.999925,15.000610828,14.999989119,-0.000543465,0,0,0,0,0.0,2.942064,17.944332,2.09135e-12,0.0001961377,0.00119629,False,0.001324,False
2021-01-27,RS03AXBS-MJ03A-06-PRESTA301,3,True,2021-01-27T00:00:00Z,2021-01-27T23:59:45Z,5760,5760,0,14.999925,15.00060606,14.999989266,-0.011746699,0,0,0,0,0.0,2.898233,16.855469,2.050155e-12,0.0001932156,0.001123699,False,0.001347,False
2021-01-28,RS03AXBS-MJ03A-06-PRESTA301,3,True,2021-01-28T00:00:00Z,2021-01-28T23:59:45Z,5760,5760,0,14.999925,15.000571251,14.999989065,0.005076147,0,0,0,0,0.0,2.976536,18.283576,2.536793e-12,0.0001984359,0.001218906,False,0.001326,False
2021-01-29,RS03AXBS-MJ03A-06-PRESTA301,3,True,2021-01-29T00:00:00Z,2021-01-29T23:59:45Z,5760,5760,0,14.999925,15.000586987,14.999989305,0.004388784,0,0,0,0,0.0,2.830202,16.432396,2.837048e-12,0.0001886803,0.001095494,False,0.001348,False
2021-01-30,RS03AXBS-MJ03A-06-PRESTA301,3,True,2021-01-30T00:00:00Z,2021-01-30T23:59:45Z,5760,5760,0,14.999925,15.000566006,14.999988932,0.000826475,0,0,0,0,0.0,2.809775,16.21827,1.144988e-12,0.0001873185,0.001081219,False,0.001342,False
2021-01-31,RS03AXBS-MJ03A-06-PRESTA301,3,True,2021-01-31T00:00:00Z,2021-01-31T23:59:45Z,5760,5760,0,14.999925,15.000597,14.999988663,0.003227073,0,0,0,0,0.0,2.936276,21.89043,3.535978e-12,0.0001957519,0.001459363,False,0.001561,False
2021-02-01,RS03AXBS-MJ03A-06-PRESTA301,3,True,2021-02-01T00:00:00Z,2021-02-01T23:59:45Z,5760,5760,0,14.999925,15.000626087,14.999989126,0.002915627,0,0,0,0,0.0,2.913112,17.768392,2.020827e-12,0.0001942076,0.00118456,False,0.001365,False
2021-02-02,RS03AXBS-MJ03A-06-PRESTA301,3,True,2021-02-02T00:00:00Z,2021-02-02T23:59:45Z,5760,5760,0,14.999925,15.000607014,14.999988597,0.000213706,0,0,0,0,0.0,2.846086,16.37688,1.813166e-12,0.0001897392,0.001091793,False,0.001355,False
2021-02-03,RS03AXBS-MJ03A-06-PRESTA301,3,True,2021-02-03T00:00:00Z,2021-02-03T23:59:45Z,5760,5760,0,14.999925,15.000628948,14.999988812,0.000472132,0,0,0,0,0.0,2.857663,16.735261,3.023716e-12,0.000190511,0.001115685,False,0.001365,False
2021-02-04,RS03AXBS-MJ03A-06-PRESTA301,3,True,2021-02-04T00:00:00Z,2021-02-04T23:59:45Z,5760,5760,0,14.999925,15.000616074,14.999989073,-0.002354319,0,0,0,0,0.0,2.836757,20.552204,3.893733e-12,0.0001891173,0.001370148,False,0.001331,False
2021-02-05,RS03AXBS-MJ03A-06-PRESTA301,3,True,2021-02-05T00:00:00Z,2021-02-05T23:59:59Z,5761,5761,0,14.999925,15.000629425,14.999988546,0.003908496,0,0,0,0,0.0,2.909657,16.524237,6.525127e-14,0.0001939773,0.001101617,False,0.001348,False
2021-02-06,RS03AXBS-MJ03A-06-PRESTA301,3,True,2021-02-06T00:00:14Z,2021-02-06T23:59:59Z,5760,5760,0,14.999925,15.000612259,14.999988636,0.005171531,0,0,0,0,0.0,2.898781,21.390997,2.192332e-12,0.0001932522,0.001426068,False,0.001536,False
2021-02-07,RS03AXBS-MJ03A-06-PRESTA301,3,True,2021-02-07T00:00:14Z,2021-02-07T23:59:59Z,5760,5760,0,14.999925,15.000624657,14.999988609,0.001737698,0,0,0,0,0.0,2.963293,18.109716,4.108493e-12,0.000197553,0.001207315,False,0.00136,False
2021-02-08,RS03AXBS-MJ03A-06-PRESTA301,3,True,2021-02-08T00:00:14Z,2021-02-08T23:59:59Z,5760,5760,0,14.999925,15.000603199,14.999988698,0.00328288,0,0,0,0,0.0,2.911472,16.608669,1.928584e-12,0.0001940982,0.001107245,False,0.00136,False
2021-02-09,RS03AXBS-MJ03A-06-PRESTA301,3,True,2021-02-09T00:00:14Z,2021-02-09T23:59:59Z,5760,5760,0,14.999925,15.000580311,14.99998887,0.002301124,0,0,0,0,0.0,2.964287,17.464022,2.99657e-12,0.0001976193,0.001164269,False,0.001341,False
2021-02-10,RS03AXBS-MJ03A-06-PRESTA301,3,True,2021-02-10T00:00:14Z,2021-02-10T23:59:59Z,5760,5760,0,14.999925,15.000561714,14.999988998,0.000229808,0,0,0,0,0.0,2.97371,22.917639,2.576091e-12,0.0001982474,0.001527844,False,0.001632,False
2021-02-11,RS03AXBS-MJ03A-06-PRESTA301,3,True,2021-02-11T00:00:14Z,2021-02-11T23:59:59Z,5760,5760,0,14.999925,15.000593185,14.999988867,-0.001000023,0,0,0,0,0.0,2.857964,16.533028,1.952216e-12,0.000190531,0.001102203,False,0.001329,False
2021-02-12,RS03AXBS-MJ03A-06-PRESTA301,3,True,2021-02-12T00:00:14Z,2021-02-12T23:59:59Z,5760,5760,0,14.999925,15.000580788,14.999988557,0.003793501,0,0,0,0,0.0,3.350888,21.517579,1.830104e-12,0.0002233927,0.001434506,False,0.001349,False
2021-02-13,RS03AXBS-MJ03A-06-PRESTA301,3,True,2021-02-13T00:00:14Z,2021-02-13T23:59:59Z,5760,5760,0,14.999925,15.000576973,14.999989054,-0.002205124,0,0,0,0,0.0,2.882081,16.639627,1.47319e-12,0.0001921389,0.001109309,False,0.001343,False
2021-02-14,RS03AXBS-MJ03A-06-PRESTA301,3,True,2021-02-14T00:00:14Z,2021-02-14T23:59:59Z,5760,5760,0,14.999925,15.000612259,14.999989101,-0.002182622,0,0,0,0,0.0,2.919503,17.422987,4.732587e-13,0.0001946337,0.001161533,False,0.001356,False
2021-02-15,RS03AXBS-MJ03A-06-PRESTA301,3,True,2021-02-15T00:00:14Z,2021-02-15T23:59:59Z,5760,5760,0,14.999925,15.000639915,14.999989109,0.001767659,0,0,0,0,0.0,2.820066,17.886585,1.769568e-12,0.0001880045,0.00119244,False,0.001357,False
2021-02-16,RS03AXBS-MJ03A-06-PRESTA301,3,True,2021-02-16T00:00:14Z,2021-02-16T23:59:59Z,5760,5760,0,14.999925,15.000638008,14.999989097,-0.000602878,0,0,0,0,0.0,2.889477,17.327332,2.438387e-12,0.000192632,0.001155156,False,0.001321,False
2021-02-17,RS03AXBS-MJ03A-06-PRESTA301,3,True,2021-02-17T00:00:14Z,2021-02-17T23:59:59Z,5760,5760,0,14.999925,15.00062418,14.999988724,0.000148354,0,0,0,0,0.0,2.90669,17.635804,1.666669e-12,0.0001937795,0.001175721,False,0.001339,False
2021-02-18,RS03AXBS-MJ03A-06-PRESTA301,3,True,2021-02-18T00:00:14Z,2021-02-18T23:59:59Z,5760,5760,0,14.999925,15.000631809,14.999988979,-0.000340073,0,0,0,0,0.0,2.821775,18.684376,3.381758e-12,0.0001881185,0.001245626,False,0.001476,False
2021-02-19,RS03AXBS-MJ03A-06-PRESTA301,3,True,2021-02-19T00:00:14Z,2021-02-19T23:59:59Z,5760,5760,0,14.999925,15.000647068,14.999988721,-0.00025784,0,0,0,0,0.0,2.942368,19.471286,2.348697e-12,0.000196158,0.001298087,False,0.001353,False
2021-02-20,RS03AXBS-MJ03A-06-PRESTA301,3,True,2021-02-20T00:00:14Z,2021-02-20T23:59:58Z,5760,5760,0,14.999925,15.00064373,14.999988646,-5.6159e-05,0,0,0,0,0.0,13.47556,1000.032736,1.597038e-12,0.0008983714,0.0666689,False,0.06679,False
2021-02-21,RS03AXBS-MJ03A-06-PRESTA301,3,True,2021-02-21T00:00:13Z,2021-02-21T23:59:58Z,5760,5760,0,14.999925,15.000625134,14.999988536,-0.000686276,0,0,0,0,0.0,2.839231,18.526111,1.983673e-12,0.0001892822,0.001235075,False,0.0014,False
2021-02-22,RS03AXBS-MJ03A-06-PRESTA301,3,True,2021-02-22T00:00:13Z,2021-02-22T23:59:58Z,5760,5760,0,14.999925,15.000620842,14.999988802,-6.7104e-05,0,0,0,0,0.0,2.959808,18.247842,1.839902e-12,0.0001973207,0.001216524,False,0.001335,False
2021-02-23,RS03AXBS-MJ03A-06-PRESTA301,3,True,2021-02-23T00:00:13Z,2021-02-23T23:59:58Z,5760,5760,0,14.999925,15.00061512,14.999988851,5.2395e-05,0,0,0,0,0.0,2.928636,17.068099,1.812485e-12,0.0001952425,0.001137874,False,0.001382,False
2021-02-24,RS03AXBS-MJ03A-06-PRESTA301,3,True,2021-02-24T00:00:13Z,2021-02-24T23:59:58Z,5760,5760,0,14.999925,15.000607967,14.999988361,-0.000539423,0,0,0,0,0.0,2.999026,17.06375,7.786707e-13,0.0001999352,0.001137584,False,0.001337,False
2021-02-25,RS03AXBS-MJ03A-06-PRESTA301,3,True,2021-02-25T00:00:13Z,2021-02-25T23:59:58Z,5760,5760,0,14.999925,15.000604153,14.999988676,0.003445296,0,0,0,0,0.0,2.843522,20.606461,2.928627e-12,0.0001895683,0.001373765,False,0.001304,False
2021-02-26,RS03AXBS-MJ03A-06-PRESTA301,3,True,2021-02-26T00:00:13Z,2021-02-26T23:59:58Z,5760,5760,0,14.999925,15.000596046,14.999988122,0.001492449,0,0,0,0,0.0,3.467013,20.185017,2.286144e-12,0.0002311344,0.001345669,False,0.001361,False
2021-02-27,RS03AXBS-MJ03A-06-PRESTA301,3,True,2021-02-27T00:00:13Z,2021-02-27T23:59:58Z,5760,5760,0,14.999925,15.000573158,14.999988354,0.002499876,0,0,0,0,0.0,3.331214,18.393702,2.124602e-12,0.0002220811,0.001226248,False,0.001486,False
2021-02-28,RS03AXBS-MJ03A-06-PRESTA301,3,True,2021-02-28T00:00:13Z,2021-02-28T23:59:58Z,5760,5760,0,14.999925,15.000588894,14.999988429,0.000372416,0,0,0,0,0.0,2.994167,17.255684,1.860514e-12,0.0001996113,0.00115038,False,0.001354,False
2021-03-01,RS03AXBS-MJ03A-06-PRESTA301,3,True,2021-03-01T00:00:13Z,2021-03-01T23:59:58Z,5760,5760,0,14.999925,15.000576973,14.999988804,0.002427554,0,0,0,0,0.0,2.812071,16.519815,7.225501e-13,0.0001874715,0.001101322,False,0.001329,False
2021-03-02,RS03AXBS-MJ03A-06-PRESTA301,3,True,2021-03-02T00:00:13Z,2021-03-02T23:59:58Z,5760,5760,0,14.999925,15.000594139,14.999988584,0.000163151,0,0,0,0,0.0,2.853441,17.207095,2.292913e-12,0.0001902295,0.001147141,False,0.001414,False
2021-03-03,RS03AXBS-MJ03A-06-PRESTA301,3,True,2021-03-03T00:00:13Z,2021-03-03T23:59:58Z,5760,5760,0,14.999925,15.000618935,14.999988617,-2.4803e-05,0,0,0,0,0.0,2.827415,16.830326,2.516108e-12,0.0001884945,0.001122023,False,0.00133,False
2021-03-04,RS03AXBS-MJ03A-06-PRESTA301,3,True,2021-03-04T00:00:13Z,2021-03-04T23:59:58Z,5760,5760,0,14.999925,15.000595093,14.999988736,-0.013046274,0,0,0,0,0.0,2.794131,15.93123,1.399523e-12,0.0001862755,0.001062083,False,0.001303,False
2021-03-05,RS03AXBS-MJ03A-06-PRESTA301,3,True,2021-03-05T00:00:13Z,2021-03-05T23:59:58Z,5760,5760,0,14.999925,15.000630856,14.999989043,0.001160113,0,0,0,0,0.0,2.849647,17.493119,2.554539e-12,0.0001899766,0.001166209,False,0.001374,False
2021-03-06,RS03AXBS-MJ03A-06-PRESTA301,3,True,2021-03-06T00:00:13Z,2021-03-06T23:59:58Z,5760,5760,0,14.999925,15.00061512,14.999989139,-0.002375997,0,0,0,0,0.0,3.027384,18.899391,2.821833e-12,0.0002018258,0.00125996,False,0.001416,False
2021-03-07,RS03AXBS-MJ03A-06-PRESTA301,3,True,2021-03-07T00:00:13Z,2021-03-07T23:59:58Z,5760,5760,0,14.999925,15.000638962,14.999989223,0.000198195,0,0,0,0,0.0,3.640196,19.811495,3.216256e-12,0.0002426799,0.001320767,False,0.001321,False
2021-03-08,RS03AXBS-MJ03A-06-PRESTA301,3,True,2021-03-08T00:00:13Z,2021-03-08T23:59:57Z,5760,5760,0,14.999925,15.000635624,14.999989358,0.003458835,0,0,0,0,0.0,3.242456,23.312359,1.670076e-12,0.0002161639,0.001554158,False,0.001333,False
2021-03-09,RS03AXBS-MJ03A-06-PRESTA301,3,True,2021-03-09T00:00:12Z,2021-03-09T23:59:57Z,5760,5760,0,14.999925,15.000630379,14.999988695,0.004397983,0,0,0,0,0.0,4.222748,21.474534,3.277226e-12,0.0002815167,0.001431637,False,0.001348,False
2021-03-10,RS03AXBS-MJ03A-06-PRESTA301,3,True,2021-03-10T00:00:12Z,2021-03-10T23:59:57Z,5760,5760,0,14.999925,15.000618935,14.999988672,0.001611311,0,0,0,0,0.0,3.074401,17.800659,2.562328e-12,0.0002049602,0.001186711,False,0.001341,False
2021-03-11,RS03AXBS-MJ03A-06-PRESTA301,3,True,2021-03-11T00:00:12Z,2021-03-11T23:59:57Z,5760,5760,0,14.999925,15.000613213,14.999989214,0.001914471,0,0,0,0,0.0,2.80973,16.876316,1.25333e-12,0.0001873155,0.001125089,False,0.00137,False
2021-03-12,RS03AXBS-MJ03A-06-PRESTA301,3,True,2021-03-12T00:00:12Z,2021-03-12T23:59:57Z,5760,5760,0,14.999925,15.000595093,14.999988849,-0.000324287,0,0,0,0,0.0,2.869767,16.91855,2.664245e-12,0.0001913179,0.001127904,False,0.001376,False
2021-03-13,RS03AXBS-MJ03A-06-PRESTA301,3,True,2021-03-13T00:00:12Z,2021-03-13T23:59:57Z,5760,5760,0,14.999925,15.000594139,14.999989142,0.005408922,0,0,0,0,0.0,2.910395,16.542293,1.92424e-12,0.0001940265,0.00110282,False,0.001329,False
2021-03-14,RS03AXBS-MJ03A-06-PRESTA301,3,True,2021-03-14T00:00:12Z,2021-03-14T23:59:57Z,5760,5760,0,14.999925,15.000628948,14.99998893,0.000912986,0,0,0,0,0.0,2.81042,17.135227,1.540716e-12,0.0001873615,0.001142349,False,0.001394,False
2021-03-15,RS03AXBS-MJ03A-06-PRESTA301,3,True,2021-03-15T00:00:12Z,2021-03-15T23:59:57Z,5760,5760,0,14.999925,15.000616074,14.999989102,0.000340547,0,0,0,0,0.0,2.803832,19.886379,1.382267e-12,0.0001869223,0.00132576,False,0.001327,False
2021-03-16,RS03AXBS-MJ03A-06-PRESTA301,3,True,2021-03-16T00:00:12Z,2021-03-16T23:59:57Z,5760,5760,0,14.999925,15.000612259,14.999989291,-0.014024321,0,0,0,0,0.0,2.872803,16.566354,2.38515e-12,0.0001915204,0.001104424,False,0.001364,False
2021-03-17,RS03AXBS-MJ03A-06-PRESTA301,3,True,2021-03-17T00:00:12Z,2021-03-17T23:59:57Z,5760,5760,0,14.999925,15.000620842,14.999989671,0.002401895,0,0,0,0,0.0,2.872388,20.492914,1.142797e-12,0.0001914927,0.001366195,False,0.001769,False
2021-03-18,RS03AXBS-MJ03A-06-PRESTA301,3,True,2021-03-18T00:00:12Z,2021-03-18T23:59:57Z,5760,5760,0,14.999925,15.000638008,14.999990041,-0.004121726,0,0,0,0,0.0,3.254666,25.001551,1.322794e-12,0.0002169779,0.001666771,False,0.001592,False
2021-03-19,RS03AXBS-MJ03A-06-PRESTA301,3,True,2021-03-19T00:00:12Z,2021-03-19T23:59:57Z,5760,5760,0,14.999925,15.000627995,14.999989211,-0.003853831,0,0,0,0,0.0,3.836612,19.637277,1.650068e-12,0.0002557743,0.001309153,False,0.001329,False
2021-03-20,RS03AXBS-MJ03A-06-PRESTA301,3,True,2021-03-20T00:00:12Z,2021-03-20T23:59:57Z,5760,5760,0,14.999925,15.000642776,14.999989244,0.000824203,0,0,0,0,0.0,3.040379,17.948302,2.621587e-12,0.0002026921,0.001196554,False,0.001334,False
2021-03-21,RS03AXBS-MJ03A-06-PRESTA301,3,True,2021-03-21T00:00:12Z,2021-03-21T23:59:57Z,5760,5760,0,14.999925,15.000650883,14.999989253,0.001622826,0,0,0,0,0.0,3.041352,19.632791,2.724847e-12,0.000202757,0.001308854,False,0.00146,False
2021-03-22,RS03AXBS-MJ03A-06-PRESTA301,3,True,2021-03-22T00:00:12Z,2021-03-22T23:59:57Z,5760,5760,0,14.999925,15.000653267,14.999989151,-0.001281818,0,0,0,0,0.0,2.850864,16.392993,1.656974e-12,0.0001900577,0.001092867,False,0.001359,False
2021-03-23,RS03AXBS-MJ03A-06-PRESTA301,3,True,2021-03-23T00:00:12Z,2021-03-23T23:59:57Z,5760,5760,0,14.999925,15.000645638,14.999988853,0.001242125,0,0,0,0,0.0,13.489238,1000.024159,2.780305e-12,0.0008992832,0.06666833,False,0.066715,False
2021-03-24,RS03AXBS-MJ03A-06-PRESTA301,3,True,2021-03-24T00:00:12Z,2021-03-24T23:59:56Z,5738,5760,22,14.999925,15.000616074,14.999989395,-0.003655744,1,22,1,22,0.0,18.888188,998.846074,4.206331e-13,0.001259213,0.06658979,False,0.067585,True
2021-03-25,RS03AXBS-MJ03A-06-PRESTA301,3,True,2021-03-25T00:00:11Z,2021-03-25T23:59:56Z,5754,5760,6,14.999925,15.000639915,14.999988934,-0.001041573,1,6,1,6,-0.0,2.958876,18.444192,-1.285414e-12,0.0001972585,0.001229614,False,0.001404,True
2021-03-26,RS03AXBS-MJ03A-06-PRESTA301,3,True,2021-03-26T00:00:11Z,2021-03-26T23:59:56Z,5713,5760,47,14.999925,15.000605583,14.999988796,0.00280798,1,47,1,47,-0.0,2.845353,17.876343,-2.720982e-12,0.0001896903,0.001191757,False,0.001527,True
2021-03-27,RS03AXBS-MJ03A-06-PRESTA301,3,True,2021-03-27T00:00:11Z,2021-03-27T23:59:56Z,5760,5760,0,14.999925,15.000591278,14.999988978,0.003234288,0,0,0,0,0.0,2.885109,16.726167,3.296917e-12,0.0001923408,0.001115079,False,0.001362,False
2021-03-28,RS03AXBS-MJ03A-06-PRESTA301,3,True,2021-03-28T00:00:11Z,2021-03-28T23:59:56Z,5760,5760,0,14.999925,15.000579834,14.99998889,-0.013478828,0,0,0,0,0.0,2.838731,21.253731,1.318849e-12,0.0001892489,0.001416916,False,0.001374,False
2021-03-29,RS03AXBS-MJ03A-06-PRESTA301,3,True,2021-03-29T00:00:11Z,2021-03-29T23:59:56Z,5760,5760,0,14.999925,15.000561714,14.999989116,0.001953966,0,0,0,0,0.0,2.859488,22.511259,1.117007e-12,0.0001906326,0.001500752,False,0.001722,False
2021-03-30,RS03AXBS-MJ03A-06-PRESTA301,3,True,2021-03-30T00:00:11Z,2021-03-30T23:59:56Z,5760,5760,0,14.999925,15.00056982,14.99998897,0.000357839,0,0,0,0,0.0,2.814177,16.556004,1.907532e-12,0.000187612,0.001103734,False,0.001329,False
2021-03-31,RS03AXBS-MJ03A-06-PRESTA301,3,True,2021-03-31T00:00:11Z,2021-03-31T23:59:56Z,5760,5760,0,14.999925,15.000586033,14.999988916,0.000650727,0,0,0,0,0.0,2.840683,20.791898,2.700448e-12,0.000189379,0.001386128,False,0.001327,False
2021-04-01,RS03AXBS-MJ03A-06-PRESTA301,3,True,2021-04-01T00:00:11Z,2021-04-01T23:59:56Z,5760,5760,0,14.999925,15.000581264,14.999988961,0.003115243,0,0,0,0,0.0,2.796961,18.090587,2.120976e-12,0.0001864642,0.00120604,False,0.001301,False
2021-04-02,RS03AXBS-MJ03A-06-PRESTA301,3,True,2021-04-02T00:00:11Z,2021-04-02T23:59:56Z,5760,5760,0,14.999925,15.000597954,14.999988872,0.001043237,0,0,0,0,0.0,2.870629,15.809876,1.951566e-12,0.0001913754,0.001053993,False,0.001324,False
2021-04-03,RS03AXBS-MJ03A-06-PRESTA301,3,True,2021-04-03T00:00:11Z,2021-04-03T23:59:56Z,5760,5760,0,14.999925,15.00061512,14.99998903,0.001607179,0,0,0,0,0.0,2.844373,17.12101,2.163107e-12,0.000189625,0.001141402,False,0.001362,False
2021-04-04,RS03AXBS-MJ03A-06-PRESTA301,3,True,2021-04-04T00:00:11Z,2021-04-04T23:59:56Z,5760,5760,0,14.999925,15.000603676,14.999988948,0.002234301,0,0,0,0,0.0,2.894291,18.27151,2.575348e-12,0.0001929528,0.001218102,False,0.001319,False
2021-04-05,RS03AXBS-MJ03A-06-PRESTA301,3,True,2021-04-05T00:00:11Z,2021-04-05T23:59:56Z,5760,5760,0,14.999925,15.000599861,14.999988983,9.75e-06,0,0,0,0,0.0,2.901694,16.228457,2.19866e-12,0.0001934464,0.001081898,False,0.001352,False
2021-04-06,RS03AXBS-MJ03A-06-PRESTA301,3,True,2021-04-06T00:00:11Z,2021-04-06T23:59:56Z,5760,5760,0,14.999925,15.00061512,14.99998887,0.001384846,0,0,0,0,0.0,2.871269,19.501101,1.254435e-12,0.0001914181,0.001300074,False,0.001484,False
2021-04-07,RS03AXBS-MJ03A-06-PRESTA301,3,True,2021-04-07T00:00:11Z,2021-04-07T23:59:56Z,5760,5760,0,14.999925,15.000601292,14.999989004,-0.000574821,0,0,0,0,0.0,2.960111,17.215229,7.818489e-13,0.0001973409,0.001147683,False,0.00141,False
2021-04-08,RS03AXBS-MJ03A-06-PRESTA301,3,True,2021-04-08T00:00:11Z,2021-04-08T23:59:55Z,5760,5760,0,14.999925,15.000636578,14.999989189,0.001769955,0,0,0,0,0.0,13.53987,1001.128313,2.770364e-12,0.0009026587,0.06674194,False,0.066627,False
2021-04-09,RS03AXBS-MJ03A-06-PRESTA301,3,True,2021-04-09T00:00:10Z,2021-04-09T23:59:55Z,5760,5760,0,14.999925,15.000613213,14.99998862,-0.003781753,0,0,0,0,0.0,3.588573,18.957995,1.799062e-12,0.0002392384,0.001263867,False,0.001314,False
2021-04-10,RS03AXBS-MJ03A-06-PRESTA301,3,True,2021-04-10T00:00:10Z,2021-04-10T23:59:55Z,5760,5760,0,14.999925,15.000614166,14.999989391,-0.002892426,0,0,0,0,0.0,2.856928,19.663574,1.348724e-12,0.000190462,0.001310906,False,0.001485,False
2021-04-11,RS03AXBS-MJ03A-06-PRESTA301,3,True,2021-04-11T00:00:10Z,2021-04-11T23:59:55Z,5760,5760,0,14.999925,15.000622272,14.999989423,0.002007966,0,0,0,0,0.0,2.913722,16.808911,2.096349e-12,0.0001942483,0.001120595,False,0.001385,False
2021-04-12,RS03AXBS-MJ03A-06-PRESTA301,3,True,2021-04-12T00:00:10Z,2021-04-12T23:59:55Z,5760,5760,0,14.999925,15.000602722,14.999989251,-0.001243144,0,0,0,0,0.0,2.851414,20.517568,3.714279e-13,0.0001900944,0.001367839,False,0.001498,False
2021-04-13,RS03AXBS-MJ03A-06-PRESTA301,3,True,2021-04-13T00:00:10Z,2021-04-13T23:59:55Z,5760,5760,0,14.999925,15.000605106,14.999989106,-0.002783237,0,0,0,0,0.0,2.955272,17.345279,2.658729e-12,0.0001970182,0.001156353,False,0.001339,False
2021-04-14,RS03AXBS-MJ03A-06-PRESTA301,3,True,2021-04-14T00:00:10Z,2021-04-14T23:59:55Z,5760,5760,0,14.999925,15.000595093,14.999989177,0.00330767,0,0,0,0,0.0,2.995379,18.035699,1.469234e-12,0.000199692,0.001202381,False,0.001343,False
2021-04-15,RS03AXBS-MJ03A-06-PRESTA301,3,True,2021-04-15T00:00:10Z,2021-04-15T23:59:55Z,5760,5760,0,14.999925,15.000608921,14.999989431,-0.000889055,0,0,0,0,0.0,2.91382,19.963637,2.14812e-12,0.0001942548,0.00133091,False,0.001694,False
2021-04-16,RS03AXBS-MJ03A-06-PRESTA301,3,True,2021-04-16T00:00:10Z,2021-04-16T23:59:55Z,5760,5760,0,14.999925,15.000608921,14.999988957,0.001875397,0,0,0,0,0.0,2.852629,20.362829,2.474372e-12,0.0001901754,0.001357523,False,0.001447,False
2021-04-17,RS03AXBS-MJ03A-06-PRESTA301,3,True,2021-04-17T00:00:10Z,2021-04-17T23:59:55Z,5760,5760,0,14.999925,15.000616074,14.999989517,-0.000220181,0,0,0,0,0.0,3.053937,17.265461,1.894133e-12,0.0002035959,0.001151032,False,0.001329,False
2021-04-18,RS03AXBS-MJ03A-06-PRESTA301,3,True,2021-04-18T00:00:10Z,2021-04-18T23:59:55Z,5760,5760,0,14.999925,15.000622749,14.999989356,0.000267486,0,0,0,0,0.0,3.207352,19.845122,8.461614e-13,0.0002138236,0.001323009,False,0.001679,False
2021-04-19,RS03AXBS-MJ03A-06-PRESTA301,3,True,2021-04-19T00:00:10Z,2021-04-19T23:59:55Z,5760,5760,0,14.999925,15.000618935,14.999989051,-9.0638e-05,0,0,0,0,0.0,2.955702,18.839901,1.569332e-12,0.0001970469,0.001255994,False,0.001346,False
2021-04-20,RS03AXBS-MJ03A-06-PRESTA301,3,True,2021-04-20T00:00:10Z,2021-04-20T23:59:55Z,5760,5760,0,14.999925,15.000631809,14.999989167,-0.000910409,0,0,0,0,0.0,2.981599,16.499114,1.668514e-12,0.0001987734,0.001099942,False,0.001316,False
2021-04-21,RS03AXBS-MJ03A-06-PRESTA301,3,True,2021-04-21T00:00:10Z,2021-04-21T23:59:55Z,5760,5760,0,14.999925,15.000635147,14.999988619,0.00067682,0,0,0,0,0.0,2.997288,16.407298,9.269906e-13,0.0001998193,0.001093821,False,0.001345,False
2021-04-22,RS03AXBS-MJ03A-06-PRESTA301,3,True,2021-04-22T00:00:10Z,2021-04-22T23:59:55Z,5760,5760,0,14.999925,15.000622749,14.999989339,-0.000106498,0,0,0,0,0.0,2.836349,20.763646,1.456998e-12,0.0001890901,0.001384244,False,0.001343,False
2021-04-23,RS03AXBS-MJ03A-06-PRESTA301,3,True,2021-04-23T00:00:10Z,2021-04-23T23:59:55Z,5760,5760,0,14.999925,15.000652313,14.999989457,0.001498379,0,0,0,0,0.0,2.913021,16.450657,2.114018e-12,0.0001942015,0.001096711,False,0.001356,False
2021-04-24,RS03AXBS-MJ03A-06-PRESTA301,3,True,2021-04-24T00:00:10Z,2021-04-24T23:59:54Z,5760,5760,0,14.999925,15.000626087,14.99998887,0.000685593,0,0,0,0,0.0,3.098198,18.871212,2.029422e-12,0.0002065467,0.001258082,False,0.001359,False
2021-04-25,RS03AXBS-MJ03A-06-PRESTA301,3,True,2021-04-25T00:00:09Z,2021-04-25T23:59:54Z,5760,5760,0,14.999925,15.000589848,14.999988938,0.008293764,0,0,0,0,0.0,4.25845,20.710002,1.935946e-12,0.0002838968,0.001380668,False,0.001367,False
2021-04-26,RS03AXBS-MJ03A-06-PRESTA301,3,True,2021-04-26T00:00:09Z,2021-04-26T23:59:54Z,5760,5760,0,14.999925,15.000570297,14.999988839,0.002540709,0,0,0,0,0.0,3.228551,19.259754,2.525912e-12,0.0002152369,0.001283985,False,0.001353,False
2021-04-27,RS03AXBS-MJ03A-06-PRESTA301,3,True,2021-04-27T00:00:09Z,2021-04-27T23:59:54Z,5760,5760,0,14.999925,15.000560284,14.999989302,-0.001187864,0,0,0,0,0.0,2.993738,22.777762,1.836533e-12,0.0001995827,0.001518519,False,0.001716,False
2021-04-28,RS03AXBS-MJ03A-06-PRESTA301,3,True,2021-04-28T00:00:09Z,2021-04-28T23:59:54Z,5760,5760,0,14.999925,15.000561237,14.999988974,0.000967803,0,0,0,0,0.0,2.849555,20.795204,2.201231e-12,0.0001899705,0.001386348,False,0.001357,False
2021-04-29,RS03AXBS-MJ03A-06-PRESTA301,3,True,2021-04-29T00:00:09Z,2021-04-29T23:59:54Z,5760,5760,0,14.999925,15.000545979,14.999988867,0.002958535,0,0,0,0,0.0,2.84319,16.61392,1.863196e-12,0.0001895461,0.001107595,False,0.001337,False
2021-04-30,RS03AXBS-MJ03A-06-PRESTA301,3,True,2021-04-30T00:00:09Z,2021-04-30T23:59:54Z,5760,5760,0,14.999925,15.000561237,14.999989004,-0.000586371,0,0,0,0,0.0,2.815084,20.622755,2.449383e-12,0.0001876724,0.001374851,False,0.001329,False
2021-05-01,RS03AXBS-MJ03A-06-PRESTA301,3,True,2021-05-01T00:00:09Z,2021-05-01T23:59:54Z,5760,5760,0,14.999925,15.000590324,14.999989129,0.001953317,0,0,0,0,0.0,2.782266,17.82336,2.746113e-12,0.0001854845,0.001188225,False,0.001345,False
2021-05-02,RS03AXBS-MJ03A-06-PRESTA301,3,True,2021-05-02T00:00:09Z,2021-05-02T23:59:54Z,5760,5760,0,14.999925,15.000586987,14.999989426,0.000248576,0,0,0,0,0.0,2.940025,16.752029,2.419459e-12,0.0001960018,0.001116803,False,0.001334,False
2021-05-03,RS03AXBS-MJ03A-06-PRESTA301,3,True,2021-05-03T00:00:09Z,2021-05-03T23:59:54Z,5760,5760,0,14.999925,15.000617981,14.999989609,-0.000985149,0,0,0,0,0.0,2.980815,17.186117,1.837411e-12,0.0001987212,0.001145742,False,0.001321,False
2021-05-04,RS03AXBS-MJ03A-06-PRESTA301,3,True,2021-05-04T00:00:09Z,2021-05-04T23:59:54Z,5760,5760,0,14.999925,15.000630856,14.999989618,-0.000737688,0,0,0,0,0.0,2.839817,20.425222,2.495081e-12,0.0001893213,0.001361682,False,0.001639,False
2021-05-05,RS03AXBS-MJ03A-06-PRESTA301,3,True,2021-05-05T00:00:09Z,2021-05-05T23:59:54Z,5760,5760,0,14.999925,15.000625134,14.999989214,-0.001924854,0,0,0,0,0.0,2.854823,16.122026,3.896188e-13,0.0001903217,0.001074803,False,0.001358,False
2021-05-06,RS03AXBS-MJ03A-06-PRESTA301,3,True,2021-05-06T00:00:09Z,2021-05-06T23:59:54Z,5760,5760,0,14.999925,15.00062418,14.999989875,0.001361386,0,0,0,0,0.0,2.861058,17.050811,1.523163e-12,0.0001907373,0.001136722,False,0.001331,False
2021-05-07,RS03AXBS-MJ03A-06-PRESTA301,3,True,2021-05-07T00:00:09Z,2021-05-07T23:59:54Z,5760,5760,0,14.999925,15.000621796,14.999989339,-0.002319513,0,0,0,0,0.0,3.027826,18.873891,7.10959e-13,0.0002018552,0.00125826,False,0.001331,False
2021-05-08,RS03AXBS-MJ03A-06-PRESTA301,3,True,2021-05-08T00:00:09Z,2021-05-08T23:59:54Z,5760,5760,0,14.999925,15.000635147,14.999989212,0.002253543,0,0,0,0,0.0,2.817035,16.358098,1.997436e-12,0.0001878024,0.001090541,False,0.001354,False
2021-05-09,RS03AXBS-MJ03A-06-PRESTA301,3,True,2021-05-09T00:00:09Z,2021-05-09T23:59:54Z,5760,5760,0,14.999925,15.000616074,14.999989326,0.000125611,0,0,0,0,0.0,2.801284,20.39785,2.529419e-12,0.0001867524,0.001359858,False,0.001349,False
2021-05-10,RS03AXBS-MJ03A-06-PRESTA301,3,True,2021-05-10T00:00:09Z,2021-05-10T23:59:53Z,5760,5760,0,14.999925,15.000631809,14.999989376,0.002449875,0,0,0,0,0.0,13.53461,1003.54316,2.370292e-12,0.000902308,0.06690292,False,0.06709,False
2021-05-11,RS03AXBS-MJ03A-06-PRESTA301,3,True,2021-05-11T00:00:08Z,2021-05-11T23:59:53Z,5760,5760,0,14.999925,15.000610828,14.99998933,0.000775548,0,0,0,0,0.0,2.829085,16.717688,1.952468e-12,0.0001886058,0.001114513,False,0.00134,False
2021-05-12,RS03AXBS-MJ03A-06-PRESTA301,3,True,2021-05-12T00:00:08Z,2021-05-12T23:59:53Z,5760,5760,0,14.999925,15.000612736,14.999989189,0.000139456,0,0,0,0,0.0,2.940948,18.708877,1.119095e-13,0.0001960633,0.001247259,False,0.001438,False
2021-05-13,RS03AXBS-MJ03A-06-PRESTA301,3,True,2021-05-13T00:00:08Z,2021-05-13T23:59:53Z,5760,5760,0,14.999925,15.000584126,14.999989947,-0.001319913,0,0,0,0,0.0,2.889849,20.626332,1.327178e-12,0.0001926568,0.00137509,False,0.001517,False
2021-05-14,RS03AXBS-MJ03A-06-PRESTA301,3,True,2021-05-14T00:00:08Z,2021-05-14T23:59:53Z,5760,5760,0,14.999925,15.000586033,14.999989202,0.002061354,0,0,0,0,0.0,3.135512,17.355133,1.582913e-12,0.0002090343,0.00115701,False,0.001338,False
2021-05-15,RS03AXBS-MJ03A-06-PRESTA301,3,True,2021-05-15T00:00:08Z,2021-05-15T23:59:53Z,5760,5760,0,14.999925,15.000600815,14.999989252,-0.00139392,0,0,0,0,0.0,3.332596,20.211128,7.071863e-13,0.0002221733,0.001347409,False,0.001455,False
2021-05-16,RS03AXBS-MJ03A-06-PRESTA301,3,True,2021-05-16T00:00:08Z,2021-05-16T23:59:53Z,5760,5760,0,14.999925,15.000611305,14.999988722,-0.00334548,0,0,0,0,0.0,3.896775,19.026041,1.656557e-12,0.0002597852,0.001268404,False,0.001342,False
2021-05-17,RS03AXBS-MJ03A-06-PRESTA301,3,True,2021-05-17T00:00:08Z,2021-05-17T23:59:53Z,5760,5760,0,14.999925,15.000623226,14.999989529,0.000520834,0,0,0,0,0.0,3.000983,17.631115,2.130789e-12,0.0002000657,0.001175408,False,0.001351,False
2021-05-18,RS03AXBS-MJ03A-06-PRESTA301,3,True,2021-05-18T00:00:08Z,2021-05-18T23:59:53Z,5760,5760,0,14.999925,15.000625134,14.999989012,-0.000471689,0,0,0,0,0.0,2.982366,20.773844,1.308659e-12,0.0001988245,0.001384924,False,0.00134,False
2021-05-19,RS03AXBS-MJ03A-06-PRESTA301,3,True,2021-05-19T00:00:08Z,2021-05-19T23:59:53Z,5760,5760,0,14.999925,15.000637054,14.999989361,0.002930195,0,0,0,0,0.0,2.858464,20.357992,1.68692e-12,0.0001905644,0.0013572,False,0.001356,False
2021-05-20,RS03AXBS-MJ03A-06-PRESTA301,3,True,2021-05-20T00:00:08Z,2021-05-20T23:59:53Z,5760,5760,0,14.999925,15.000651836,14.999990102,-0.003215535,0,0,0,0,0.0,2.86049,16.601737,1.875496e-12,0.0001906994,0.001106783,False,0.001343,False
2021-05-21,RS03AXBS-MJ03A-06-PRESTA301,3,True,2021-05-21T00:00:08Z,2021-05-21T23:59:53Z,5760,5760,0,14.999925,15.000655651,14.999988892,0.000515414,0,0,0,0,0.0,3.098436,16.840499,4.135433e-12,0.0002065625,0.001122701,False,0.001334,False
2021-05-22,RS03AXBS-MJ03A-06-PRESTA301,3,True,2021-05-22T00:00:08Z,2021-05-22T23:59:53Z,5760,5760,0,14.999925,15.000625134,14.999989232,-0.000460081,0,0,0,0,0.0,2.820476,20.842003,1.485564e-12,0.0001880319,0.001389468,False,0.001446,False
2021-05-23,RS03AXBS-MJ03A-06-PRESTA301,3,True,2021-05-23T00:00:08Z,2021-05-23T23:59:53Z,5760,5760,0,14.999925,15.000605583,14.999989263,-0.003512542,0,0,0,0,0.0,2.868098,16.487379,1.853423e-12,0.0001912067,0.001099159,False,0.001349,False
2021-05-24,RS03AXBS-MJ03A-06-PRESTA301,3,True,2021-05-24T00:00:08Z,2021-05-24T23:59:53Z,5760,5760,0,14.999925,15.000597,14.999989225,-0.003050795,0,0,0,0,0.0,3.052611,18.498905,2.894681e-12,0.0002035075,0.001233261,False,0.001347,False
2021-05-25,RS03AXBS-MJ03A-06-PRESTA301,3,True,2021-05-25T00:00:08Z,2021-05-25T23:59:53Z,5760,5760,0,14.999925,15.000556946,14.999989396,-0.002406913,0,0,0,0,0.0,2.846019,20.867364,2.44549e-12,0.0001897347,0.001391159,False,0.001453,False
2021-05-26,RS03AXBS-MJ03A-06-PRESTA301,3,True,2021-05-26T00:00:08Z,2021-05-26T23:59:52Z,5760,5760,0,14.999925,15.000573158,14.999989354,-0.001278837,0,0,0,0,0.0,13.507928,1002.213343,2.293528e-12,0.0009005292,0.06681427,False,0.066882,False
2021-05-27,RS03AXBS-MJ03A-06-PRESTA301,3,True,2021-05-27T00:00:07Z,2021-05-27T23:59:52Z,5760,5760,0,14.999925,15.000558853,14.999989398,0.001258681,0,0,0,0,0.0,2.854759,19.774636,2.747113e-12,0.0001903174,0.00131831,False,0.001341,False
2021-05-28,RS03AXBS-MJ03A-06-PRESTA301,3,True,2021-05-28T00:00:07Z,2021-05-28T23:59:52Z,5760,5760,0,14.999925,15.000542641,14.99998937,-0.002547127,0,0,0,0,0.0,2.809723,21.180885,1.935754e-12,0.000187315,0.00141206,False,0.001731,False
2021-05-29,RS03AXBS-MJ03A-06-PRESTA301,3,True,2021-05-29T00:00:07Z,2021-05-29T23:59:52Z,5760,5760,0,14.999925,15.000562191,14.999988957,0.000709588,0,0,0,0,0.0,2.830427,16.096083,1.590264e-12,0.0001886953,0.001073073,False,0.001308,False
2021-05-30,RS03AXBS-MJ03A-06-PRESTA301,3,True,2021-05-30T00:00:07Z,2021-05-30T23:59:52Z,5760,5760,0,14.999925,15.000575066,14.99998916,0.001582492,0,0,0,0,0.0,2.872729,21.078815,2.694552e-12,0.0001915154,0.001405255,False,0.001363,False
2021-05-31,RS03AXBS-MJ03A-06-PRESTA301,3,True,2021-05-31T00:00:07Z,2021-05-31T23:59:52Z,5760,5760,0,14.999925,15.000596046,14.999989179,-0.001361553,0,0,0,0,0.0,2.820897,15.872024,2.539568e-12,0.0001880599,0.001058136,False,0.001358,False
2021-06-01,RS03AXBS-MJ03A-06-PRESTA301,3,True,2021-06-01T00:00:07Z,2021-06-01T23:59:52Z,5760,5760,0,14.999925,15.000602722,14.999989188,0.001065731,0,0,0,0,0.0,2.821164,19.801624,2.139341e-12,0.0001880777,0.001320109,False,0.001348,False
2021-06-02,RS03AXBS-MJ03A-06-PRESTA301,3,True,2021-06-02T00:00:07Z,2021-06-02T23:59:52Z,5760,5760,0,14.999925,15.000625134,14.999989798,-0.002984478,0,0,0,0,0.0,3.249062,18.988124,1.772379e-12,0.0002166043,0.001265876,False,0.001351,False
2021-06-03,RS03AXBS-MJ03A-06-PRESTA301,3,True,2021-06-03T00:00:07Z,2021-06-03T23:59:52Z,5760,5760,0,14.999925,15.000638962,14.999990044,-0.002248232,0,0,0,0,0.0,2.816939,16.566166,2.474762e-12,0.0001877961,0.001104412,False,0.001336,False
2021-06-04,RS03AXBS-MJ03A-06-PRESTA301,3,True,2021-06-04T00:00:07Z,2021-06-04T23:59:52Z,5760,5760,0,14.999925,15.000636101,14.999989835,-0.001069673,0,0,0,0,0.0,2.86282,18.319663,2.580563e-12,0.0001908548,0.001221312,False,0.001392,False
2021-06-05,RS03AXBS-MJ03A-06-PRESTA301,3,True,2021-06-05T00:00:07Z,2021-06-05T23:59:52Z,5760,5760,0,14.999925,15.000634193,14.999989675,0.001018124,0,0,0,0,0.0,3.118108,17.931208,1.681233e-12,0.000207874,0.001195415,False,0.00135,False
2021-06-06,RS03AXBS-MJ03A-06-PRESTA301,3,True,2021-06-06T00:00:07Z,2021-06-06T23:59:52Z,5760,5760,0,14.999925,15.000609875,14.99998912,-0.002720556,0,0,0,0,0.0,3.219015,17.324396,3.642324e-12,0.0002146011,0.001154961,False,0.001358,False
2021-06-07,RS03AXBS-MJ03A-06-PRESTA301,3,True,2021-06-07T00:00:07Z,2021-06-07T23:59:52Z,5760,5760,0,14.999925,15.00060606,14.999988827,0.00321121,0,0,0,0,0.0,2.825622,20.330624,2.225318e-12,0.0001883749,0.001355376,False,0.001325,False
2021-06-08,RS03AXBS-MJ03A-06-PRESTA301,3,True,2021-06-08T00:00:07Z,2021-06-08T23:59:52Z,5760,5760,0,14.999925,15.000582695,14.999989101,0.001843343,0,0,0,0,-0.0,2.882542,19.62452,-6.532555e-13,0.0001921696,0.001308302,False,0.001486,False
2021-06-09,RS03AXBS-MJ03A-06-PRESTA301,3,True,2021-06-09T00:00:07Z,2021-06-09T16:10:37Z,3883,3883,0,14.999925,15.000588179,14.999989276,-0.00137449,0,0,0,0,-0.0,2.904566,16.188226,-7.796159e-13,0.0001936378,0.001079216,False,0.001283,False
2021-06-10,RS03AXBS-MJ03A-06-PRESTA301,3,True,2021-06-10T16:51:52Z,2021-06-10T23:59:52Z,1713,1713,0,14.999925,15.000582695,14.999988948,-0.001595871,0,0,0,0,0.0,2.805198,16.588218,3.653047e-13,0.0001870134,0.001105882,False,0.001247,False
2021-06-11,RS03AXBS-MJ03A-06-PRESTA301,3,True,2021-06-11T00:00:07Z,2021-06-11T23:59:51Z,5760,5760,0,14.999925,15.000598907,14.999988942,-0.0001074,0,0,0,0,0.0,22.982552,1000.783458,1.83177e-12,0.001532171,0.06671895,False,0.066878,False
2021-06-12,RS03AXBS-MJ03A-06-PRESTA301,3,True,2021-06-12T00:00:06Z,2021-06-12T23:59:51Z,5760,5760,0,14.999925,15.00056982,14.999989106,-0.003099285,0,0,0,0,0.0,3.059679,17.033181,2.555895e-12,0.0002039787,0.001135546,False,0.001317,False
2021-06-13,RS03AXBS-MJ03A-06-PRESTA301,3,True,2021-06-13T00:00:06Z,2021-06-13T23:59:51Z,5760,5760,0,14.999925,15.000593185,14.999989255,0.002633599,0,0,0,0,0.0,2.854689,18.427364,2.093893e-12,0.0001903128,0.001228492,False,0.001344,False
2021-06-14,RS03AXBS-MJ03A-06-PRESTA301,3,True,2021-06-14T00:00:06Z,2021-06-14T23:59:51Z,5729,5760,31,14.999925,15.000610828,14.999989285,-0.002718113,1,31,1,31,-0.0,2.831481,17.658746,-1.455437e-12,0.0001887655,0.001177251,False,0.001347,True
2021-06-15,RS03AXBS-MJ03A-06-PRESTA301,3,True,2021-06-15T00:00:06Z,2021-06-15T23:59:51Z,5760,5760,0,14.999925,15.000602245,14.999989253,0.000607559,0,0,0,0,0.0,2.828655,16.176111,1.36647e-12,0.0001885772,0.001078408,False,0.001365,False
2021-06-16,RS03AXBS-MJ03A-06-PRESTA301,3,True,2021-06-16T00:00:06Z,2021-06-16T23:59:51Z,5760,5760,0,14.999925,15.000631809,14.999989385,-0.00082791,0,0,0,0,0.0,2.833696,20.156856,8.732226e-13,0.0001889132,0.001343791,False,0.001325,False
2021-06-17,RS03AXBS-MJ03A-06-PRESTA301,3,True,2021-06-17T00:00:06Z,2021-06-17T23:59:51Z,5760,5760,0,14.999925,15.000628948,14.999989111,-0.001926505,0,0,0,0,0.0,2.90749,17.241531,1.057524e-12,0.0001938328,0.001149436,False,0.00133,False
2021-06-18,RS03AXBS-MJ03A-06-PRESTA301,3,True,2021-06-18T00:00:06Z,2021-06-18T23:59:51Z,5760,5760,0,14.999925,15.000646114,14.999989279,-0.000498656,0,0,0,0,0.0,2.882011,17.030115,2.829317e-12,0.0001921342,0.001135342,False,0.001335,False
2021-06-19,RS03AXBS-MJ03A-06-PRESTA301,3,True,2021-06-19T00:00:06Z,2021-06-19T23:59:51Z,5760,5760,0,14.999925,15.000644207,14.999989436,0.001827982,0,0,0,0,0.0,2.98727,19.08283,1.725261e-12,0.0001991515,0.00127219,False,0.001361,False
2021-06-20,RS03AXBS-MJ03A-06-PRESTA301,3,True,2021-06-20T00:00:06Z,2021-06-20T23:59:51Z,5760,5760,0,14.999925,15.000610828,14.999988689,0.0008077,0,0,0,0,0.0,2.93906,18.531608,1.133121e-12,0.0001959375,0.001235441,False,0.001321,False
2021-06-21,RS03AXBS-MJ03A-06-PRESTA301,3,True,2021-06-21T00:00:06Z,2021-06-21T23:59:51Z,5760,5760,0,14.999925,15.000588894,14.999989231,0.001085298,0,0,0,0,0.0,2.911593,16.899807,3.240768e-12,0.0001941063,0.001126655,False,0.001333,False
2021-06-22,RS03AXBS-MJ03A-06-PRESTA301,3,True,2021-06-22T00:00:06Z,2021-06-22T23:59:51Z,5760,5760,0,14.999925,15.000562668,14.999989203,-0.002682461,0,0,0,0,0.0,2.918896,19.769884,2.601193e-12,0.0001945932,0.001317993,False,0.001493,False
2021-06-23,RS03AXBS-MJ03A-06-PRESTA301,3,True,2021-06-23T00:00:06Z,2021-06-23T23:59:51Z,5760,5760,0,14.999925,15.000545025,14.999989272,0.003076196,0,0,0,0,0.0,2.880689,21.522057,1.514508e-12,0.0001920461,0.001434805,False,0.001637,False
2021-06-24,RS03AXBS-MJ03A-06-PRESTA301,3,True,2021-06-24T00:00:06Z,2021-06-24T23:59:51Z,5760,5760,0,14.999925,15.000541687,14.999990059,-0.004702662,0,0,0,0,0.0,4.549541,20.842726,2.141837e-12,0.0003033029,0.001389516,False,0.001288,False
2021-06-25,RS03AXBS-MJ03A-06-PRESTA301,3,True,2021-06-25T00:00:06Z,2021-06-25T23:59:51Z,5731,5760,29,14.999925,15.000538826,14.999989736,-0.017095801,2,29,2,29,0.0,3.016831,17.987813,2.015475e-13,0.0002011222,0.001199188,False,0.001436,True
2021-06-26,RS03AXBS-MJ03A-06-PRESTA301,3,True,2021-06-26T00:00:06Z,2021-06-26T23:59:51Z,5760,5760,0,14.999925,15.000556946,14.999989594,-0.003184789,0,0,0,0,0.0,2.945295,20.99888,2.905831e-12,0.0001963531,0.001399926,False,0.00173,False
2021-06-27,RS03AXBS-MJ03A-06-PRESTA301,3,True,2021-06-27T00:00:06Z,2021-06-27T23:59:50Z,5760,5760,0,14.999925,15.000546932,14.999989223,-0.001611006,0,0,0,0,0.0,2.941505,16.83782,2.002323e-12,0.0001961004,0.001122522,False,0.001333,False
2021-06-28,RS03AXBS-MJ03A-06-PRESTA301,3,True,2021-06-28T00:00:05Z,2021-06-28T23:59:50Z,5760,5760,0,14.999925,15.000584602,14.999989184,0.000118142,0,0,0,0,0.0,2.894695,18.452259,4.767088e-13,0.0001929798,0.001230151,False,0.001365,False
2021-06-29,RS03AXBS-MJ03A-06-PRESTA301,3,True,2021-06-29T00:00:05Z,2021-06-29T23:59:50Z,5760,5760,0,14.999925,15.000594139,14.999988939,-0.002777345,0,0,0,0,0.0,2.830396,17.803104,1.345029e-12,0.0001886932,0.001186874,False,0.001352,False
2021-06-30,RS03AXBS-MJ03A-06-PRESTA301,3,True,2021-06-30T00:00:05Z,2021-06-30T23:59:50Z,5760,5760,0,14.999925,15.00064373,14.999989117,-0.000897949,0,0,0,0,0.0,2.87189,16.906502,1.012852e-12,0.0001914595,0.001127101,False,0.00131,False
2021-07-01,RS03AXBS-MJ03A-06-PRESTA301,3,True,2021-07-01T00:00:05Z,2021-07-01T23:59:50Z,5760,5760,0,14.999925,15.000644207,14.999989161,-0.000281584,0,0,0,0,0.0,2.845405,16.686307,1.811236e-12,0.0001896938,0.001112421,False,0.001343,False
2021-07-02,RS03AXBS-MJ03A-06-PRESTA301,3,True,2021-07-02T00:00:05Z,2021-07-02T23:59:50Z,5760,5760,0,14.999925,15.000627041,14.999989357,-0.001750211,0,0,0,0,0.0,2.863566,18.017975,1.664212e-12,0.0001909045,0.001201199,False,0.001362,False
2021-07-03,RS03AXBS-MJ03A-06-PRESTA301,3,True,2021-07-03T00:00:05Z,2021-07-03T23:59:50Z,5760,5760,0,14.999925,15.000640392,14.999989213,-0.002998465,0,0,0,0,0.0,2.820119,16.761318,1.941479e-12,0.000188008,0.001117422,False,0.001348,False
2021-07-04,RS03AXBS-MJ03A-06-PRESTA301,3,True,2021-07-04T00:00:05Z,2021-07-04T23:59:50Z,5760,5760,0,14.999925,15.000640869,14.999989158,0.002578998,0,0,0,0,0.0,2.836104,17.873294,2.252525e-12,0.0001890737,0.001191554,False,0.001362,False
2021-07-05,RS03AXBS-MJ03A-06-PRESTA301,3,True,2021-07-05T00:00:05Z,2021-07-05T23:59:50Z,5760,5760,0,14.999925,15.000614166,14.99998944,8.5812e-05,0,0,0,0,0.0,3.19513,18.001232,3.106352e-12,0.0002130088,0.001200083,False,0.001355,False
2021-07-06,RS03AXBS-MJ03A-06-PRESTA301,3,True,2021-07-06T00:00:05Z,2021-07-06T23:59:50Z,5760,5760,0,14.999925,15.000603199,14.99998947,0.001175279,0,0,0,0,0.0,3.198478,18.888435,1.929799e-12,0.000213232,0.00125923,False,0.001321,False
2021-07-07,RS03AXBS-MJ03A-06-PRESTA301,3,True,2021-07-07T00:00:05Z,2021-07-07T23:59:50Z,5760,5760,0,14.999925,15.000608921,14.999989223,-0.014517104,0,0,0,0,0.0,2.977307,19.385286,1.326354e-12,0.0001984873,0.001292353,False,0.001497,False
2021-07-08,RS03AXBS-MJ03A-06-PRESTA301,3,True,2021-07-08T00:00:05Z,2021-07-08T23:59:50Z,5760,5760,0,14.999925,15.000597954,14.999989165,0.000317944,0,0,0,0,0.0,2.868531,18.943609,2.225565e-12,0.0001912356,0.001262908,False,0.001342,False
2021-07-09,RS03AXBS-MJ03A-06-PRESTA301,3,True,2021-07-09T00:00:05Z,2021-07-09T23:59:50Z,5760,5760,0,14.999925,15.00058794,14.999989062,-0.001907505,0,0,0,0,0.0,2.865592,17.454009,1.908812e-12,0.0001910396,0.001163601,False,0.001346,False
2021-07-10,RS03AXBS-MJ03A-06-PRESTA301,3,True,2021-07-10T00:00:05Z,2021-07-10T23:59:50Z,5760,5760,0,14.999925,15.000583649,14.999989317,-0.001326381,0,0,0,0,0.0,2.824762,17.404361,1.679764e-12,0.0001883176,0.001160292,False,0.001415,False
2021-07-11,RS03AXBS-MJ03A-06-PRESTA301,3,True,2021-07-11T00:00:05Z,2021-07-11T23:59:50Z,5760,5760,0,14.999925,15.000588894,14.999989156,0.001236778,0,0,0,0,0.0,2.834203,20.038442,2.176988e-12,0.000188947,0.001335897,False,0.001334,False
2021-07-12,RS03AXBS-MJ03A-06-PRESTA301,3,True,2021-07-12T00:00:05Z,2021-07-12T23:59:50Z,5760,5760,0,14.999925,15.000581264,14.999989023,-0.001802434,0,0,0,0,0.0,2.795168,15.915501,1.899325e-12,0.0001863446,0.001061034,False,0.001321,False
2021-07-13,RS03AXBS-MJ03A-06-PRESTA301,3,True,2021-07-13T00:00:05Z,2021-07-13T23:59:49Z,5760,5760,0,14.999925,15.000584126,14.999988866,-0.001586646,0,0,0,0,0.0,2.870161,20.511885,6.079734e-13,0.0001913442,0.00136746,False,0.001361,False
2021-07-14,RS03AXBS-MJ03A-06-PRESTA301,3,True,2021-07-14T00:00:04Z,2021-07-14T23:59:49Z,5760,5760,0,14.999925,15.000614166,14.999989303,-0.00018412,0,0,0,0,0.0,2.894427,18.289662,1.488195e-12,0.0001929619,0.001219312,False,0.001335,False
2021-07-15,RS03AXBS-MJ03A-06-PRESTA301,3,True,2021-07-15T00:00:04Z,2021-07-15T23:59:49Z,5760,5760,0,14.999925,15.000601768,14.999989092,0.001505315,0,0,0,0,0.0,2.834146,16.341249,2.348639e-12,0.0001889432,0.001089417,False,0.001327,False
2021-07-16,RS03AXBS-MJ03A-06-PRESTA301,3,True,2021-07-16T00:00:04Z,2021-07-16T23:59:49Z,5760,5760,0,14.999925,15.000621796,14.99998943,-0.003191002,0,0,0,0,0.0,3.04148,17.89535,2.399888e-12,0.0002027655,0.001193024,False,0.001321,False
2021-07-17,RS03AXBS-MJ03A-06-PRESTA301,3,True,2021-07-17T00:00:04Z,2021-07-17T23:59:49Z,5760,5760,0,14.999925,15.000633717,14.999989139,0.001260118,0,0,0,0,0.0,2.878542,18.762812,3.052876e-12,0.0001919029,0.001250855,False,0.001526,False
2021-07-18,RS03AXBS-MJ03A-06-PRESTA301,3,True,2021-07-18T00:00:04Z,2021-07-18T23:59:49Z,5760,5760,0,14.999925,15.000630856,14.999988751,-0.000388967,0,0,0,0,0.0,3.74406,19.452899,1.448948e-12,0.0002496042,0.001296861,False,0.001339,False
2021-07-19,RS03AXBS-MJ03A-06-PRESTA301,3,True,2021-07-19T00:00:04Z,2021-07-19T23:59:49Z,5760,5760,0,14.999925,15.000617027,14.999988889,-0.013850575,0,0,0,0,0.0,3.723412,18.866701,1.91405e-12,0.0002482277,0.001257781,False,0.001371,False
2021-07-20,RS03AXBS-MJ03A-06-PRESTA301,3,True,2021-07-20T00:00:04Z,2021-07-20T23:59:49Z,5760,5760,0,14.999925,15.000611782,14.999989299,0.000859842,0,0,0,0,0.0,2.910239,22.333597,2.54634e-12,0.0001940161,0.001488908,False,0.001627,False
2021-07-21,RS03AXBS-MJ03A-06-PRESTA301,3,True,2021-07-21T00:00:04Z,2021-07-21T23:59:49Z,5760,5760,0,14.999925,15.00056982,14.999989167,-0.002257742,0,0,0,0,0.0,2.914649,17.127017,2.215534e-12,0.0001943101,0.001141802,False,0.001336,False
2021-07-22,RS03AXBS-MJ03A-06-PRESTA301,3,True,2021-07-22T00:00:04Z,2021-07-22T23:59:49Z,5760,5760,0,14.999925,15.000542164,14.999989238,-0.000252208,0,0,0,0,0.0,2.8895,17.537123,9.043524e-13,0.0001926335,0.001169142,False,0.001294,False
2021-07-23,RS03AXBS-MJ03A-06-PRESTA301,3,True,2021-07-23T00:00:04Z,2021-07-23T23:59:49Z,5760,5760,0,14.999925,15.000546932,14.999989115,-0.000311583,0,0,0,0,0.0,2.964645,17.047691,1.683617e-12,0.0001976431,0.001136514,False,0.001473,False
2021-07-24,RS03AXBS-MJ03A-06-PRESTA301,3,True,2021-07-24T00:00:04Z,2021-07-24T23:59:49Z,5760,5760,0,14.999925,15.000549316,14.999989148,-0.002203755,0,0,0,0,0.0,3.211257,17.15406,2.244391e-12,0.000214084,0.001143605,False,0.001338,False
2021-07-25,RS03AXBS-MJ03A-06-PRESTA301,3,True,2021-07-25T00:00:04Z,2021-07-25T23:59:49Z,5760,5760,0,14.999925,15.000558853,14.999989071,0.000566313,0,0,0,0,0.0,2.845715,18.702596,2.064376e-12,0.0001897145,0.001246841,False,0.001327,False
2021-07-26,RS03AXBS-MJ03A-06-PRESTA301,3,True,2021-07-26T00:00:04Z,2021-07-26T23:59:49Z,5760,5760,0,14.999925,15.000557899,14.999989071,-0.001868889,0,0,0,0,0.0,2.829773,19.017374,1.654621e-12,0.0001886517,0.001267826,False,0.001326,False
2021-07-27,RS03AXBS-MJ03A-06-PRESTA301,3,True,2021-07-27T00:00:04Z,2021-07-27T23:59:49Z,5760,5760,0,14.999925,15.000573158,14.999988897,0.002705051,0,0,0,0,0.0,2.84582,16.315148,7.792096e-13,0.0001897215,0.001087677,False,0.001339,False
2021-07-28,RS03AXBS-MJ03A-06-PRESTA301,3,True,2021-07-28T00:00:04Z,2021-07-28T23:59:49Z,5760,5760,0,14.999925,15.000601292,14.999989224,-0.000204001,0,0,0,0,0.0,2.849691,20.503628,3.139792e-12,0.0001899795,0.001366909,False,0.001352,False
2021-07-29,RS03AXBS-MJ03A-06-PRESTA301,3,True,2021-07-29T00:00:04Z,2021-07-29T23:59:48Z,5760,5760,0,14.999925,15.000619888,14.999989484,0.001434341,0,0,0,0,0.0,2.899564,17.360568,1.050638e-12,0.0001933044,0.001157372,False,0.001344,False
2021-07-30,RS03AXBS-MJ03A-06-PRESTA301,3,True,2021-07-30T00:00:03Z,2021-07-30T23:59:48Z,5760,5760,0,14.999925,15.000609875,14.999989225,-0.003001379,0,0,0,0,0.0,2.886185,16.931019,1.427529e-12,0.0001924125,0.001128735,False,0.001346,False
2021-07-31,RS03AXBS-MJ03A-06-PRESTA301,3,True,2021-07-31T00:00:03Z,2021-07-31T23:59:48Z,5760,5760,0,14.999925,15.000627041,14.999988859,-0.016112733,0,0,0,0,0.0,2.813729,16.615119,5.998327e-13,0.0001875821,0.001107675,False,0.001341,False
2021-08-01,RS03AXBS-MJ03A-06-PRESTA301,3,True,2021-08-01T00:00:03Z,2021-08-01T23:59:48Z,5760,5760,0,14.999925,15.000636101,14.99998915,0.001034968,0,0,0,0,0.0,2.888373,16.588995,2.035327e-12,0.0001925583,0.001105934,False,0.001361,False
2021-08-02,RS03AXBS-MJ03A-06-PRESTA301,3,True,2021-08-02T00:00:03Z,2021-08-02T23:59:48Z,5760,5760,0,14.999925,15.000639915,14.999988999,-0.001374529,0,0,0,0,0.0,2.879189,17.079749,3.178147e-12,0.0001919461,0.001138651,False,0.001332,False
2021-08-03,RS03AXBS-MJ03A-06-PRESTA301,3,True,2021-08-03T00:00:03Z,2021-08-03T23:59:48Z,5760,5760,0,14.999925,15.000627041,14.999989095,0.002752293,0,0,0,0,0.0,2.952767,19.718815,1.856416e-12,0.0001968513,0.001314589,False,0.001362,False
2021-08-04,RS03AXBS-MJ03A-06-PRESTA301,3,True,2021-08-04T00:00:03Z,2021-08-04T23:59:48Z,5760,5760,0,14.999925,15.000616074,14.999989319,-0.002913493,0,0,0,0,0.0,2.870733,18.853932,2.066385e-12,0.0001913823,0.00125693,False,0.001404,False
2021-08-05,RS03AXBS-MJ03A-06-PRESTA301,3,True,2021-08-05T00:00:03Z,2021-08-05T23:59:48Z,5760,5760,0,14.999925,15.000607014,14.999988895,-0.002019929,0,0,0,0,0.0,2.854344,16.352949,2.513941e-12,0.0001902897,0.001090197,False,0.00136,False
2021-08-06,RS03AXBS-MJ03A-06-PRESTA301,3,True,2021-08-06T00:00:03Z,2021-08-06T23:59:48Z,5760,5760,0,14.999925,15.000593185,14.999988862,-0.000838646,0,0,0,0,0.0,2.874375,17.868846,1.995993e-12,0.0001916251,0.001191257,False,0.001356,False
2021-08-07,RS03AXBS-MJ03A-06-PRESTA301,3,True,2021-08-07T00:00:03Z,2021-08-07T23:59:48Z,5760,5760,0,14.999925,15.000555038,14.999988905,0.000695182,0,0,0,0,0.0,2.897701,16.64814,1.357247e-12,0.0001931802,0.001109877,False,0.00137,False
2021-08-08,RS03AXBS-MJ03A-06-PRESTA301,3,True,2021-08-08T00:00:03Z,2021-08-08T23:59:48Z,5760,5760,0,14.999925,15.00057888,14.99998851,0.000215588,0,0,0,0,0.0,2.844471,17.400138,2.32574e-12,0.0001896315,0.00116001,False,0.001353,False
2021-08-09,RS03AXBS-MJ03A-06-PRESTA301,3,True,2021-08-09T00:00:03Z,2021-08-09T23:59:48Z,5760,5760,0,14.999925,15.00058794,14.999989103,0.000285487,0,0,0,0,0.0,2.863827,16.012383,1.501776e-12,0.000190922,0.001067493,False,0.001353,False
2021-08-10,RS03AXBS-MJ03A-06-PRESTA301,3,True,2021-08-10T00:00:03Z,2021-08-10T23:59:48Z,5760,5760,0,14.999925,15.000585079,14.999989039,0.000238514,0,0,0,0,0.0,2.838227,16.753598,2.728329e-12,0.0001892152,0.001116907,False,0.001361,False
2021-08-11,RS03AXBS-MJ03A-06-PRESTA301,3,True,2021-08-11T00:00:03Z,2021-08-11T23:59:48Z,5760,5760,0,14.999925,15.000588894,14.99998888,-0.001358556,0,0,0,0,0.0,2.842868,16.557558,2.102789e-12,0.0001895247,0.001103838,False,0.001335,False
2021-08-12,RS03AXBS-MJ03A-06-PRESTA301,3,True,2021-08-12T00:00:03Z,2021-08-12T23:59:48Z,5760,5760,0,14.999925,15.000602722,14.999989039,-0.00096391,0,0,0,0,0.0,2.882494,19.446337,1.671502e-12,0.0001921664,0.001296423,False,0.00147,False
2021-08-13,RS03AXBS-MJ03A-06-PRESTA301,3,True,2021-08-13T00:00:03Z,2021-08-13T23:59:48Z,5760,5760,0,14.999925,15.00060606,14.999988974,-0.000686179,0,0,0,0,0.0,2.815852,16.540107,9.270437e-13,0.0001877236,0.001102675,False,0.001375,False
2021-08-14,RS03AXBS-MJ03A-06-PRESTA301,3,True,2021-08-14T00:00:03Z,2021-08-14T23:59:47Z,5760,5760,0,14.999925,15.000617981,14.999988863,-0.000295204,0,0,0,0,0.0,2.977385,17.476604,9.502161e-13,0.0001984925,0.001165108,False,0.00132,False
2021-08-15,RS03AXBS-MJ03A-06-PRESTA301,3,True,2021-08-15T00:00:02Z,2021-08-15T23:59:47Z,5760,5760,0,14.999925,15.000622272,14.999988859,0.002432006,0,0,0,0,0.0,2.916538,21.424907,2.591593e-12,0.000194436,0.001428328,False,0.001344,False
2021-08-16,RS03AXBS-MJ03A-06-PRESTA301,3,True,2021-08-16T00:00:02Z,2021-08-16T23:59:47Z,5760,5760,0,14.999925,15.000616074,14.999989291,0.001635421,0,0,0,0,0.0,2.825837,16.651134,2.359704e-12,0.0001883893,0.001110076,False,0.001366,False
2021-08-17,RS03AXBS-MJ03A-06-PRESTA301,3,True,2021-08-17T00:00:02Z,2021-08-17T23:59:47Z,5760,5760,0,14.999925,15.00060606,14.999988974,7.2643e-05,0,0,0,0,0.0,2.833451,17.779011,1.888064e-12,0.0001888968,0.001185268,False,0.001494,False
2021-08-18,RS03AXBS-MJ03A-06-PRESTA301,3,True,2021-08-18T00:00:02Z,2021-08-18T23:59:47Z,5760,5760,0,14.999925,15.000603199,14.999988823,0.003849212,0,0,0,0,0.0,2.82678,19.027758,2.383606e-12,0.0001884521,0.001268518,False,0.001516,False
2021-08-19,RS03AXBS-MJ03A-06-PRESTA301,3,True,2021-08-19T00:00:02Z,2021-08-19T23:59:47Z,5760,5760,0,14.999925,15.000579834,14.99998902,0.000521926,0,0,0,0,0.0,2.840731,16.500578,2.057051e-12,0.0001893822,0.001100039,False,0.00134,False
2021-08-20,RS03AXBS-MJ03A-06-PRESTA301,3,True,2021-08-20T00:00:02Z,2021-08-20T23:59:47Z,5760,5760,0,14.999925,15.000581264,14.999988812,0.000166333,0,0,0,0,0.0,2.897938,18.543739,2.844047e-12,0.000193196,0.00123625,False,0.00136,False
2021-08-21,RS03AXBS-MJ03A-06-PRESTA301,3,True,2021-08-21T00:00:02Z,2021-08-21T23:59:47Z,5760,5760,0,14.999925,15.000564098,14.99998869,0.004651159,0,0,0,0,0.0,2.827075,16.399545,2.857436e-12,0.0001884718,0.001093304,False,0.001354,False
2021-08-22,RS03AXBS-MJ03A-06-PRESTA301,3,True,2021-08-22T00:00:02Z,2021-08-22T23:59:47Z,5760,5760,0,14.999925,15.000560284,14.999988864,0.005057751,0,0,0,0,0.0,2.830038,16.457362,1.098801e-12,0.0001886694,0.001097158,False,0.001326,False
2021-08-23,RS03AXBS-MJ03A-06-PRESTA301,3,True,2021-08-23T00:00:02Z,2021-08-23T23:59:47Z,5760,5760,0,14.999925,15.00056982,14.999989116,-0.000987076,0,0,0,0,0.0,3.19103,18.440462,3.231158e-12,0.0002127355,0.001229365,False,0.001379,False
2021-08-24,RS03AXBS-MJ03A-06-PRESTA301,3,True,2021-08-24T00:00:02Z,2021-08-24T23:59:47Z,5752,5760,8,14.999925,15.000565052,14.999988831,0.002846705,1,8,1,8,0.0,2.84119,17.870238,3.494263e-13,0.0001894128,0.00119135,False,0.001364,True
2021-08-25,RS03AXBS-MJ03A-06-PRESTA301,3,True,2021-08-25T00:00:02Z,2021-08-25T23:59:47Z,5760,5760,0,14.999925,15.000590324,14.999989008,0.003007999,0,0,0,0,0.0,2.837042,16.198846,2.283765e-12,0.0001891363,0.001079924,False,0.001364,False
2021-08-26,RS03AXBS-MJ03A-06-PRESTA301,3,True,2021-08-26T00:00:02Z,2021-08-26T23:59:47Z,5760,5760,0,14.999925,15.000623226,14.999988564,-0.001616038,0,0,0,0,0.0,3.421583,19.493885,2.264535e-12,0.0002281057,0.001299593,False,0.001529,False
2021-08-27,RS03AXBS-MJ03A-06-PRESTA301,3,True,2021-08-27T00:00:02Z,2021-08-27T23:59:47Z,5760,5760,0,14.999925,15.000635147,14.999988577,0.002171146,0,0,0,0,0.0,2.929733,20.809358,4.741982e-13,0.0001953157,0.001387292,False,0.001592,False
2021-08-28,RS03AXBS-MJ03A-06-PRESTA301,3,True,2021-08-28T00:00:02Z,2021-08-28T23:59:47Z,5760,5760,0,14.999925,15.000629902,14.999989558,0.000423131,0,0,0,0,0.0,2.950081,17.019068,2.868871e-12,0.0001966722,0.001134605,False,0.001364,False
2021-08-29,RS03AXBS-MJ03A-06-PRESTA301,3,True,2021-08-29T00:00:02Z,2021-08-29T23:59:47Z,5760,5760,0,14.999925,15.000639915,14.999988671,-0.002334852,0,0,0,0,0.0,3.393505,19.452092,1.706871e-12,0.0002262338,0.001296807,False,0.001429,False
2021-08-30,RS03AXBS-MJ03A-06-PRESTA301,3,True,2021-08-30T00:00:02Z,2021-08-30T23:59:46Z,5760,5760,0,14.999925,15.000632763,14.999989348,-0.001357662,0,0,0,0,0.0,22.905327,1000.874759,6.381856e-13,0.001527023,0.06672503,False,0.066874,False
2021-08-31,RS03AXBS-MJ03A-06-PRESTA301,3,True,2021-08-31T00:00:01Z,2021-08-31T23:59:46Z,5760,5760,0,14.999925,15.000631809,14.999988828,0.002641308,0,0,0,0,0.0,2.852423,16.317446,1.609242e-12,0.0001901617,0.001087831,False,0.001322,False
2021-09-01,RS03AXBS-MJ03A-06-PRESTA301,3,True,2021-09-01T00:00:01Z,2021-09-01T23:59:46Z,5760,5760,0,14.999925,15.000629425,14.999989371,-0.001260282,0,0,0,0,0.0,2.866131,17.114319,4.065894e-12,0.0001910755,0.001140955,False,0.001408,False
2021-09-02,RS03AXBS-MJ03A-06-PRESTA301,3,True,2021-09-02T00:00:01Z,2021-09-02T23:59:46Z,5760,5760,0,14.999925,15.00060606,14.999989015,-0.000120749,0,0,0,0,0.0,2.949263,22.344953,2.358839e-12,0.0001966177,0.001489665,False,0.001334,False
2021-09-03,RS03AXBS-MJ03A-06-PRESTA301,3,True,2021-09-03T00:00:01Z,2021-09-03T23:59:46Z,5760,5760,0,14.999925,15.00061512,14.99998918,-0.000823659,0,0,0,0,0.0,2.809846,16.115146,1.773204e-12,0.0001873232,0.001074344,False,0.001373,False
2021-09-04,RS03AXBS-MJ03A-06-PRESTA301,3,True,2021-09-04T00:00:01Z,2021-09-04T23:59:46Z,5760,5760,0,14.999925,15.000590324,14.999988734,-0.000267692,0,0,0,0,0.0,2.888178,17.758577,3.18754e-12,0.0001925454,0.001183906,False,0.001362,False
2021-09-05,RS03AXBS-MJ03A-06-PRESTA301,3,True,2021-09-05T00:00:01Z,2021-09-05T23:59:46Z,5760,5760,0,14.999925,15.000601292,14.999988578,-0.000462598,0,0,0,0,0.0,2.832154,19.639153,1.731936e-12,0.0001888104,0.001309278,False,0.00143,False
2021-09-06,RS03AXBS-MJ03A-06-PRESTA301,3,True,2021-09-06T00:00:01Z,2021-09-06T23:59:46Z,5760,5760,0,14.999925,15.000584126,14.999988706,0.000307166,0,0,0,0,0.0,2.884771,16.539588,2.150082e-12,0.0001923182,0.00110264,False,0.001398,False
2021-09-07,RS03AXBS-MJ03A-06-PRESTA301,3,True,2021-09-07T00:00:01Z,2021-09-07T23:59:46Z,5760,5760,0,14.999925,15.000567913,14.999988739,0.000443795,0,0,0,0,0.0,3.097319,22.735674,1.954343e-12,0.0002064881,0.001515713,False,0.001534,False
2021-09-08,RS03AXBS-MJ03A-06-PRESTA301,3,True,2021-09-08T00:00:01Z,2021-09-08T23:59:46Z,5760,5760,0,14.999925,15.000589371,14.999989018,0.000477182,0,0,0,0,0.0,3.058718,18.929688,3.345301e-12,0.0002039147,0.00126198,False,0.001638,False
2021-09-09,RS03AXBS-MJ03A-06-PRESTA301,3,True,2021-09-09T00:00:01Z,2021-09-09T23:59:46Z,5714,5760,46,14.999925,15.000601768,14.999988554,-0.002567701,2,46,2,46,-0.0,3.140968,18.579052,-1.879638e-13,0.000209398,0.001238604,False,0.001554,True
2021-09-10,RS03AXBS-MJ03A-06-PRESTA301,3,True,2021-09-10T00:00:01Z,2021-09-10T23:59:46Z,5760,5760,0,14.999925,15.000588417,14.999989052,-0.000561593,0,0,0,0,0.0,2.84667,18.299945,2.936943e-12,0.0001897781,0.001219997,False,0.001373,False
2021-09-11,RS03AXBS-MJ03A-06-PRESTA301,3,True,2021-09-11T00:00:01Z,2021-09-11T23:59:46Z,5760,5760,0,14.999925,15.000611305,14.999989421,0.002017946,0,0,0,0,0.0,2.976091,19.090357,1.705303e-12,0.0001984062,0.001272691,False,0.001327,False
2021-09-12,RS03AXBS-MJ03A-06-PRESTA301,3,True,2021-09-12T00:00:01Z,2021-09-12T23:59:46Z,5760,5760,0,14.999925,15.000614166,14.999989281,0.001430366,0,0,0,0,0.0,3.097894,17.152995,1.139025e-12,0.0002065264,0.001143534,False,0.001349,False
2021-09-13,RS03AXBS-MJ03A-06-PRESTA301,3,True,2021-09-13T00:00:01Z,2021-09-13T23:59:46Z,5760,5760,0,14.999925,15.000614166,14.999989086,0.000344177,0,0,0,0,0.0,2.826136,22.168828,1.718398e-12,0.0001884092,0.001477923,False,0.001762,False
2021-09-14,RS03AXBS-MJ03A-06-PRESTA301,3,True,2021-09-14T00:00:01Z,2021-09-14T23:59:45Z,5741,5760,19,14.999925,15.000602245,14.9999891,-0.002235455,1,19,1,19,-0.0,13.496916,999.850999,-1.101137e-12,0.000899795,0.06665678,False,0.066667,True
2021-09-15,RS03AXBS-MJ03A-06-PRESTA301,3,True,2021-09-15T00:00:00Z,2021-09-15T23:59:45Z,5760,5760,0,14.999925,15.000597,14.999988875,0.000188783,0,0,0,0,0.0,2.873443,16.09074,7.752975e-13,0.000191563,0.001072717,False,0.001351,False
2021-09-16,RS03AXBS-MJ03A-06-PRESTA301,3,True,2021-09-16T00:00:00Z,2021-09-16T23:59:45Z,5760,5760,0,14.999925,15.000624657,14.99998907,0.001512714,0,0,0,0,0.0,2.885043,20.016015,1.11456e-12,0.0001923363,0.001334402,False,0.001337,False
2021-09-17,RS03AXBS-MJ03A-06-PRESTA301,3,True,2021-09-17T00:00:00Z,2021-09-17T23:59:45Z,5760,5760,0,14.999925,15.000613689,14.999988926,0.000750626,0,0,0,0,0.0,2.935703,21.330519,2.046933e-12,0.0001957137,0.001422036,False,0.001748,False
2021-09-18,RS03AXBS-MJ03A-06-PRESTA301,3,True,2021-09-18T00:00:00Z,2021-09-18T23:59:45Z,5760,5760,0,14.999925,15.000593185,14.999988888,0.002239513,0,0,0,0,0.0,2.884433,16.571457,2.433598e-12,0.0001922957,0.001104765,False,0.001329,False
2021-09-19,RS03AXBS-MJ03A-06-PRESTA301,3,True,2021-09-19T00:00:00Z,2021-09-19T23:59:45Z,5760,5760,0,14.999925,15.000583172,14.999989233,-0.00330038,0,0,0,0,0.0,2.959386,17.955478,1.864583e-12,0.0001972925,0.001197033,False,0.001368,False
2021-09-20,RS03AXBS-MJ03A-06-PRESTA301,3,True,2021-09-20T00:00:00Z,2021-09-20T23:59:45Z,5760,5760,0,14.999925,15.000585079,14.999988876,-0.002341415,0,0,0,0,0.0,2.901447,20.883628,1.990488e-12,0.00019343,0.001392243,False,0.001325,False
2021-09-21,RS03AXBS-MJ03A-06-PRESTA301,3,True,2021-09-21T00:00:00Z,2021-09-21T23:59:45Z,5760,5760,0,14.999925,15.000555992,14.999988949,-0.001526041,0,0,0,0,0.0,4.221234,21.326483,1.001378e-12,0.0002814158,0.001421767,False,0.001304,False
2021-09-22,RS03AXBS-MJ03A-06-PRESTA301,3,True,2021-09-22T00:00:00Z,2021-09-22T23:59:45Z,5760,5760,0,14.999925,15.000573635,14.999988603,0.004588262,0,0,0,0,0.0,2.969128,17.94541,2.034891e-12,0.000197942,0.001196362,False,0.001331,False
2021-09-23,RS03AXBS-MJ03A-06-PRESTA301,3,True,2021-09-23T00:00:00Z,2021-09-23T23:59:45Z,5750,5760,10,14.999925,15.000602722,14.999988659,-0.002175816,3,10,3,10,-0.0,2.83778,17.837338,-9.966063e-13,0.0001891854,0.001189157,False,0.001339,True
2021-09-24,RS03AXBS-MJ03A-06-PRESTA301,3,True,2021-09-24T00:00:00Z,2021-09-24T23:59:45Z,5760,5760,0,14.999925,15.000627995,14.9999882,0.006075682,0,0,0,0,0.0,3.193731,18.711978,1.622224e-12,0.0002129155,0.001247466,False,0.001343,False
2021-09-25,RS03AXBS-MJ03A-06-PRESTA301,3,True,2021-09-25T00:00:00Z,2021-09-25T23:59:45Z,5760,5760,0,14.999925,15.00061512,14.999989133,-0.001428986,0,0,0,0,0.0,3.496587,19.120518,7.190373e-13,0.0002331059,0.001274702,False,0.001364,False
2021-09-26,RS03AXBS-MJ03A-06-PRESTA301,3,True,2021-09-26T00:00:00Z,2021-09-26T23:59:45Z,5760,5760,0,14.999925,15.000608921,14.999988981,-0.003452782,0,0,0,0,0.0,2.860344,20.311865,2.428712e-12,0.0001906897,0.001354125,False,0.001323,False
2021-09-27,RS03AXBS-MJ03A-06-PRESTA301,3,True,2021-09-27T00:00:00Z,2021-09-27T23:59:45Z,5760,5760,0,14.999925,15.000609875,14.99998915,-0.000342559,0,0,0,0,0.0,2.901076,17.555026,2.364384e-12,0.0001934052,0.001170336,False,0.001333,False
2021-09-28,RS03AXBS-MJ03A-06-PRESTA301,3,True,2021-09-28T00:00:00Z,2021-09-28T23:59:45Z,5760,5760,0,14.999925,15.000628948,14.999987962,-0.001601197,0,0,0,0,0.0,3.075728,23.452783,9.171552e-13,0.0002050487,0.00156352,False,0.001652,False
2021-09-29,RS03AXBS-MJ03A-06-PRESTA301,3,True,2021-09-29T00:00:00Z,2021-09-29T23:59:45Z,5760,5760,0,14.999925,15.000656128,14.99998837,0.006541402,0,0,0,0,0.0,3.040204,20.099257,2.244718e-12,0.0002026804,0.001339951,False,0.001361,False
2021-09-30,RS03AXBS-MJ03A-06-PRESTA301,3,True,2021-09-30T00:00:00Z,2021-09-30T23:59:59Z,5761,5761,0,14.999925,15.000627995,14.999988795,0.000323839,0,0,0,0,-0.0,2.802632,15.888503,-8.285489e-13,0.0001868423,0.001059234,False,0.001322,False
2021-10-01,RS03AXBS-MJ03A-06-PRESTA301,3,True,2021-10-01T00:00:14Z,2021-10-01T23:59:59Z,5760,5760,0,14.999925,15.000632286,14.999988722,-0.000419202,0,0,0,0,0.0,2.817598,22.072647,6.768532e-13,0.00018784,0.001471511,False,0.00177,False
2021-10-02,RS03AXBS-MJ03A-06-PRESTA301,3,True,2021-10-02T00:00:14Z,2021-10-02T23:59:59Z,5760,5760,0,14.999925,15.000610352,14.999988716,-0.000613406,0,0,0,0,0.0,2.790524,19.397625,2.329348e-12,0.0001860351,0.001293176,False,0.001343,False
2021-10-03,RS03AXBS-MJ03A-06-PRESTA301,3,True,2021-10-03T00:00:14Z,2021-10-03T23:59:59Z,5760,5760,0,14.999925,15.000602722,14.99998888,0.001951375,0,0,0,0,0.0,3.064311,17.56264,2.5683e-12,0.0002042875,0.001170844,False,0.001336,False
2021-10-04,RS03AXBS-MJ03A-06-PRESTA301,3,True,2021-10-04T00:00:14Z,2021-10-04T23:59:59Z,5760,5760,0,14.999925,15.000613213,14.99998846,0.003338037,0,0,0,0,0.0,3.967217,20.460866,3.04709e-12,0.0002644813,0.001364059,False,0.001486,False
2021-10-05,RS03AXBS-MJ03A-06-PRESTA301,3,True,2021-10-05T00:00:14Z,2021-10-05T13:36:59Z,3268,3268,0,14.999925,15.000609875,14.999989194,0.008202639,0,0,0,0,-0.0,3.618958,18.754237,-9.077108e-13,0.000241264,0.001250283,False,0.001313,False
2021-10-06,RS03AXBS-MJ03A-06-PRESTA301,3,True,2021-10-06T20:13:16Z,2021-10-06T23:59:53Z,906,907,1,14.999925,15.000526905,15.001382676,6.149940846,1,1,1,1,-0.0,1155.540408,6191.772544,-1.548558e-13,0.07702893,0.4127468,True,0.466461,True
2021-10-07,RS03AXBS-MJ03A-06-PRESTA301,3,True,2021-10-07T00:00:08Z,2021-10-07T23:59:53Z,5760,5760,0,14.999925,15.00054884,14.999988895,0.0010636,0,0,0,0,0.0,2.829312,20.204721,2.533954e-12,0.0001886209,0.001346982,False,0.001357,False
2021-10-08,RS03AXBS-MJ03A-06-PRESTA301,3,True,2021-10-08T00:00:08Z,2021-10-08T23:59:53Z,5760,5760,0,14.999925,15.000545025,14.999987811,0.00126126,0,0,0,0,0.0,3.135717,18.113102,2.207362e-12,0.000209048,0.001207541,False,0.001332,False
2021-10-09,RS03AXBS-MJ03A-06-PRESTA301,3,True,2021-10-09T00:00:08Z,2021-10-09T23:59:53Z,5760,5760,0,14.999925,15.000559807,14.999988102,0.002460359,0,0,0,0,0.0,2.994631,17.401995,2.477307e-12,0.0001996422,0.001160134,False,0.00133,False
2021-10-10,RS03AXBS-MJ03A-06-PRESTA301,3,True,2021-10-10T00:00:08Z,2021-10-10T23:59:53Z,5760,5760,0,14.999925,15.000584126,14.999988136,0.000753652,0,0,0,0,0.0,2.872865,17.65463,2.764903e-12,0.0001915245,0.001176976,False,0.001344,False
2021-10-11,RS03AXBS-MJ03A-06-PRESTA301,3,True,2021-10-11T00:00:08Z,2021-10-11T23:59:53Z,5760,5760,0,14.999925,15.000603199,14.999988612,-0.000614911,0,0,0,0,0.0,2.839543,19.2781,2.531157e-12,0.000189303,0.001285208,False,0.00135,False
2021-10-12,RS03AXBS-MJ03A-06-PRESTA301,3,True,2021-10-12T00:00:08Z,2021-10-12T23:59:53Z,5760,5760,0,14.999925,15.000610828,14.999988923,-0.000902439,0,0,0,0,0.0,2.866208,16.66597,7.85038e-13,0.0001910807,0.001111066,False,0.001352,False
2021-10-13,RS03AXBS-MJ03A-06-PRESTA301,3,True,2021-10-13T00:00:08Z,2021-10-13T23:59:53Z,5760,5760,0,14.999925,15.000621319,14.999988449,-0.000832491,0,0,0,0,0.0,2.85822,21.732312,1.943026e-12,0.0001905481,0.001448822,False,0.001567,False
2021-10-14,RS03AXBS-MJ03A-06-PRESTA301,3,True,2021-10-14T00:00:08Z,2021-10-14T23:59:53Z,5760,5760,0,14.999925,15.00064373,14.999988469,-0.001020626,0,0,0,0,0.0,2.821396,21.993783,2.025572e-12,0.0001880932,0.001466253,False,0.001545,False
2021-10-15,RS03AXBS-MJ03A-06-PRESTA301,3,True,2021-10-15T00:00:08Z,2021-10-15T23:59:52Z,5760,5760,0,14.999925,15.000605106,14.999988841,0.000369216,0,0,0,0,0.0,13.493719,999.472777,1.380407e-12,0.0008995819,0.06663157,False,0.0667,False
2021-10-16,RS03AXBS-MJ03A-06-PRESTA301,3,True,2021-10-16T00:00:07Z,2021-10-16T23:59:52Z,5760,5760,0,14.999925,15.000616074,14.999988666,0.001039848,0,0,0,0,0.0,2.916556,19.550842,2.177099e-12,0.0001944372,0.00130339,False,0.001334,False
2021-10-17,RS03AXBS-MJ03A-06-PRESTA301,3,True,2021-10-17T00:00:07Z,2021-10-17T23:59:52Z,5760,5760,0,14.999925,15.000608921,14.999988434,-0.012574278,0,0,0,0,0.0,2.81507,20.410951,2.437508e-12,0.0001876715,0.001360731,False,0.001348,False
2021-10-18,RS03AXBS-MJ03A-06-PRESTA301,3,True,2021-10-18T00:00:07Z,2021-10-18T23:59:52Z,5760,5760,0,14.999925,15.000598907,14.999988798,-0.000984618,0,0,0,0,0.0,2.891458,16.348696,1.836695e-12,0.000192764,0.001089914,False,0.001337,False
2021-10-19,RS03AXBS-MJ03A-06-PRESTA301,3,True,2021-10-19T00:00:07Z,2021-10-19T23:59:52Z,5760,5760,0,14.999925,15.000594616,14.999988371,0.003214726,0,0,0,0,0.0,2.826492,16.318056,1.443237e-12,0.000188433,0.001087871,False,0.001349,False
2021-10-20,RS03AXBS-MJ03A-06-PRESTA301,3,True,2021-10-20T00:00:07Z,2021-10-20T23:59:52Z,5760,5760,0,14.999925,15.000584126,14.999988582,0.000829276,0,0,0,0,0.0,2.831155,20.204625,1.327129e-12,0.0001887438,0.001346976,False,0.001343,False
2021-10-21,RS03AXBS-MJ03A-06-PRESTA301,3,True,2021-10-21T00:00:07Z,2021-10-21T23:59:52Z,5760,5760,0,14.999925,15.000586987,14.999989339,-0.000528933,0,0,0,0,0.0,3.034319,16.543406,2.704372e-12,0.0002022881,0.001102895,False,0.001336,False
2021-10-22,RS03AXBS-MJ03A-06-PRESTA301,3,True,2021-10-22T00:00:07Z,2021-10-22T23:59:52Z,5760,5760,0,14.999925,15.000592709,14.999989307,-0.001541659,0,0,0,0,0.0,3.236912,18.041169,1.842875e-12,0.0002157943,0.001202745,False,0.001338,False
2021-10-23,RS03AXBS-MJ03A-06-PRESTA301,3,True,2021-10-23T00:00:07Z,2021-10-23T23:59:52Z,5760,5760,0,14.999925,15.000605106,14.999988756,0.000272906,0,0,0,0,0.0,2.852181,21.648798,2.204737e-12,0.0001901455,0.001443254,False,0.001498,False
2021-10-24,RS03AXBS-MJ03A-06-PRESTA301,3,True,2021-10-24T00:00:07Z,2021-10-24T23:59:52Z,5760,5760,0,14.999925,15.000614166,14.999988382,0.001117228,0,0,0,0,0.0,2.769258,16.020637,9.575759e-13,0.0001846173,0.001068043,False,0.00134,False
2021-10-25,RS03AXBS-MJ03A-06-PRESTA301,3,True,2021-10-25T00:00:07Z,2021-10-25T23:59:52Z,5760,5760,0,14.999925,15.000632763,14.999988879,-0.002411722,0,0,0,0,0.0,2.804274,19.704786,1.752456e-12,0.0001869518,0.001313653,False,0.001334,False
2021-10-26,RS03AXBS-MJ03A-06-PRESTA301,3,True,2021-10-26T00:00:07Z,2021-10-26T23:59:52Z,5760,5760,0,14.999925,15.000622749,14.999988337,-0.00037184,0,0,0,0,-0.0,2.818922,21.452702,-3.986385e-14,0.0001879283,0.001430181,False,0.001353,False
2021-10-27,RS03AXBS-MJ03A-06-PRESTA301,3,True,2021-10-27T00:00:07Z,2021-10-27T23:59:52Z,5704,5760,56,14.999925,15.000630856,14.999988987,0.001450201,1,56,1,56,0.0,2.81995,24.171487,1.761376e-13,0.0001879968,0.001611434,False,0.002147,True
2021-10-28,RS03AXBS-MJ03A-06-PRESTA301,3,True,2021-10-28T00:00:07Z,2021-10-28T23:59:52Z,5760,5760,0,14.999925,15.00066185,14.999988397,-0.000685503,0,0,0,0,0.0,2.814631,20.038574,1.899791e-12,0.0001876422,0.001335906,False,0.001347,False
2021-10-29,RS03AXBS-MJ03A-06-PRESTA301,3,True,2021-10-29T00:00:07Z,2021-10-29T23:59:52Z,5760,5760,0,14.999925,15.000645638,14.999989153,-0.012673289,0,0,0,0,0.0,2.793018,21.669695,1.968375e-12,0.0001862013,0.001444647,False,0.001702,False
2021-10-30,RS03AXBS-MJ03A-06-PRESTA301,3,True,2021-10-30T00:00:07Z,2021-10-30T23:59:52Z,5760,5760,0,14.999925,15.000633717,14.999989915,-0.00625897,0,0,0,0,0.0,4.124439,19.931197,2.005027e-12,0.0002749628,0.001328747,False,0.00134,False
2021-10-31,RS03AXBS-MJ03A-06-PRESTA301,3,True,2021-10-31T00:00:07Z,2021-10-31T23:59:51Z,5760,5760,0,14.999925,15.000647068,14.999987046,0.004760367,0,0,0,0,0.0,3.056449,21.583283,1.662405e-12,0.0002037634,0.001438887,False,0.001469,False
2021-11-01,RS03AXBS-MJ03A-06-PRESTA301,3,True,2021-11-01T00:00:06Z,2021-11-01T14:59:36Z,3599,3599,0,14.999925,15.000657558,14.99998809,-0.003082579,0,0,0,0,0.0,2.913739,16.556782,2.371532e-13,0.0001942494,0.001103786,False,0.001328,False
2021-11-02,RS03AXBS-MJ03A-06-PRESTA301,3,False,,,0,0,,14.999925,,,,,,,,,,,,,,,,False
2021-11-03,RS03AXBS-MJ03A-06-PRESTA301,3,False,,,0,0,,14.999925,,,,,,,,,,,,,,,,False
2021-11-04,RS03AXBS-MJ03A-06-PRESTA301,3,False,,,0,0,,14.999925,,,,,,,,,,,,,,,,False
2021-11-05,RS03AXBS-MJ03A-06-PRESTA301,3,False,,,0,0,,14.999925,,,,,,,,,,,,,,,,False
2021-11-06,RS03AXBS-MJ03A-06-PRESTA301,3,True,2021-11-06T00:16:54Z,2021-11-06T23:59:53Z,5692,5693,1,14.999925,15.000522614,14.999988061,-0.993419104,1,1,1,1,-0.0,29.726164,998.400695,-1.824158e-12,0.001981746,0.0665601,False,0.066842,True
2021-11-07,RS03AXBS-MJ03A-06-PRESTA301,3,True,2021-11-07T00:00:08Z,2021-11-07T23:59:53Z,5760,5760,0,14.999925,15.000535965,14.999989167,-0.001062241,0,0,0,0,0.0,2.839181,20.030775,1.259904e-12,0.0001892789,0.001335386,False,0.001399,False
2021-11-08,RS03AXBS-MJ03A-06-PRESTA301,3,True,2021-11-08T00:00:08Z,2021-11-08T23:59:53Z,5760,5760,0,14.999925,15.000570297,14.999988851,0.001426861,0,0,0,0,0.0,2.903663,16.745012,1.160553e-12,0.0001935777,0.001116335,False,0.001296,False
2021-11-09,RS03AXBS-MJ03A-06-PRESTA301,3,True,2021-11-09T00:00:08Z,2021-11-09T23:59:53Z,5760,5760,0,14.999925,15.000589848,14.999988029,0.006414962,0,0,0,0,0.0,3.304362,21.912548,2.586396e-12,0.0002202909,0.001460838,False,0.001511,False
2021-11-10,RS03AXBS-MJ03A-06-PRESTA301,3,True,2021-11-10T00:00:08Z,2021-11-10T23:59:53Z,5760,5760,0,14.999925,15.000621796,14.999988746,-0.000955865,0,0,0,0,0.0,3.474379,20.098449,2.616478e-12,0.0002316254,0.001339898,False,0.001415,False
2021-11-11,RS03AXBS-MJ03A-06-PRESTA301,3,True,2021-11-11T00:00:08Z,2021-11-11T23:59:53Z,5760,5760,0,14.999925,15.000638008,14.999988341,0.003956592,0,0,0,0,0.0,2.938819,17.034573,2.165396e-12,0.0001959214,0.001135639,False,0.001344,False
2021-11-12,RS03AXBS-MJ03A-06-PRESTA301,3,True,2021-11-12T00:00:08Z,2021-11-12T23:59:53Z,5760,5760,0,14.999925,15.000631332,14.999988769,-0.002900251,0,0,0,0,0.0,2.797586,16.66803,2.491391e-12,0.0001865059,0.001111203,False,0.001347,False
2021-11-13,RS03AXBS-MJ03A-06-PRESTA301,3,True,2021-11-13T00:00:08Z,2021-11-13T23:59:53Z,5760,5760,0,14.999925,15.000621796,14.999988423,1.5495e-05,0,0,0,0,0.0,2.847876,18.384542,1.350621e-12,0.0001898585,0.001225637,False,0.001328,False
2021-11-14,RS03AXBS-MJ03A-06-PRESTA301,3,True,2021-11-14T00:00:08Z,2021-11-14T23:59:53Z,5760,5760,0,14.999925,15.000627041,14.999988806,0.002415963,0,0,0,0,0.0,3.047021,17.404979,1.272833e-12,0.0002031349,0.001160333,False,0.00134,False
2021-11-15,RS03AXBS-MJ03A-06-PRESTA301,3,True,2021-11-15T00:00:08Z,2021-11-15T23:59:53Z,5760,5760,0,14.999925,15.000609398,14.99998925,-0.001557224,0,0,0,0,0.0,3.490444,19.898804,4.951749e-13,0.0002326964,0.001326588,False,0.001298,False
2021-11-16,RS03AXBS-MJ03A-06-PRESTA301,3,True,2021-11-16T00:00:08Z,2021-11-16T23:59:52Z,5760,5760,0,14.999925,15.000591278,14.999988047,0.002262069,0,0,0,0,0.0,3.01211,19.657991,1.337536e-12,0.0002008075,0.001310534,False,0.00139,False
2021-11-17,RS03AXBS-MJ03A-06-PRESTA301,3,True,2021-11-17T00:00:07Z,2021-11-17T23:59:52Z,5760,5760,0,14.999925,15.000599861,14.999989145,0.005064528,0,0,0,0,0.0,3.669472,17.348891,2.487354e-12,0.0002446316,0.001156594,False,0.001375,False
2021-11-18,RS03AXBS-MJ03A-06-PRESTA301,3,True,2021-11-18T00:00:07Z,2021-11-18T23:59:52Z,5760,5760,0,14.999925,15.000593185,14.99998903,-0.007926935,0,0,0,0,0.0,3.732619,20.851838,1.206055e-12,0.0002488415,0.001390124,False,0.001345,False
2021-11-19,RS03AXBS-MJ03A-06-PRESTA301,3,True,2021-11-19T00:00:07Z,2021-11-19T23:59:52Z,5760,5760,0,14.999925,15.000597,14.999988635,0.001144663,0,0,0,0,0.0,2.878044,19.599305,4.270654e-13,0.0001918698,0.001306621,False,0.001332,False
2021-11-20,RS03AXBS-MJ03A-06-PRESTA301,3,True,2021-11-20T00:00:07Z,2021-11-20T23:59:52Z,5760,5760,0,14.999925,15.000582695,14.999987501,0.000186291,0,0,0,0,0.0,3.03481,16.609047,1.938951e-12,0.0002023208,0.001107271,False,0.001339,False
2021-11-21,RS03AXBS-MJ03A-06-PRESTA301,3,True,2021-11-21T00:00:07Z,2021-11-21T23:59:52Z,5760,5760,0,14.999925,15.000575066,14.999988652,-0.000179028,0,0,0,0,0.0,3.122018,19.30331,1.602618e-12,0.0002081347,0.001286888,False,0.001342,False
2021-11-22,RS03AXBS-MJ03A-06-PRESTA301,3,True,2021-11-22T00:00:07Z,2021-11-22T23:59:52Z,5760,5760,0,14.999925,15.000577927,14.999988306,0.005598748,0,0,0,0,0.0,3.027167,19.574967,2.67259e-12,0.0002018113,0.001304999,False,0.001533,False
2021-11-23,RS03AXBS-MJ03A-06-PRESTA301,3,True,2021-11-23T00:00:07Z,2021-11-23T23:59:52Z,5760,5760,0,14.999925,15.000608921,14.9999887,-0.003757747,0,0,0,0,0.0,2.930382,16.752907,1.088697e-12,0.000195359,0.001116861,False,0.001345,False
2021-11-24,RS03AXBS-MJ03A-06-PRESTA301,3,True,2021-11-24T00:00:07Z,2021-11-24T23:59:52Z,5760,5760,0,14.999925,15.000605583,14.999987652,-0.000331424,0,0,0,0,0.0,2.861141,20.202406,1.994843e-12,0.0001907429,0.001346828,False,0.001337,False
2021-11-25,RS03AXBS-MJ03A-06-PRESTA301,3,True,2021-11-25T00:00:07Z,2021-11-25T23:59:52Z,5760,5760,0,14.999925,15.000609875,14.999989021,0.003832594,0,0,0,0,0.0,3.02374,17.153367,2.396369e-12,0.0002015828,0.001143559,False,0.001342,False
2021-11-26,RS03AXBS-MJ03A-06-PRESTA301,3,True,2021-11-26T00:00:07Z,2021-11-26T23:59:52Z,5760,5760,0,14.999925,15.0006423,14.999989119,-0.002776037,0,0,0,0,0.0,3.265622,18.079499,2.208168e-12,0.0002177083,0.001205301,False,0.001322,False
2021-11-27,RS03AXBS-MJ03A-06-PRESTA301,3,True,2021-11-27T00:00:07Z,2021-11-27T23:59:52Z,5760,5760,0,14.999925,15.000644207,14.99998926,0.001803127,0,0,0,0,0.0,3.018635,26.792956,2.082543e-12,0.0002012425,0.001786198,False,0.001851,False
2021-11-28,RS03AXBS-MJ03A-06-PRESTA301,3,True,2021-11-28T00:00:07Z,2021-11-28T23:59:52Z,5760,5760,0,14.999925,15.000630856,14.999988894,-0.000624397,0,0,0,0,0.0,2.86481,20.087249,2.196389e-12,0.0001909875,0.001339151,False,0.001488,False
2021-11-29,RS03AXBS-MJ03A-06-PRESTA301,3,True,2021-11-29T00:00:07Z,2021-11-29T23:59:52Z,5760,5760,0,14.999925,15.000636578,14.999988547,0.001309095,0,0,0,0,0.0,2.965231,18.84111,2.655736e-12,0.0001976822,0.001256075,False,0.00134,False
2021-11-30,RS03AXBS-MJ03A-06-PRESTA301,3,True,2021-11-30T00:00:07Z,2021-11-30T23:59:52Z,5760,5760,0,14.999925,15.000613213,14.999988994,-0.003590674,0,0,0,0,0.0,3.666901,20.088375,1.441847e-12,0.0002444602,0.001339226,False,0.001655,False
2021-12-01,RS03AXBS-MJ03A-06-PRESTA301,3,True,2021-12-01T00:00:07Z,2021-12-01T23:59:51Z,5760,5760,0,14.999925,15.000584126,14.999989649,0.001142909,0,0,0,0,0.0,3.281245,17.983117,2.499693e-12,0.0002187498,0.001198875,False,0.001485,False
2021-12-02,RS03AXBS-MJ03A-06-PRESTA301,3,True,2021-12-02T00:00:06Z,2021-12-02T23:59:51Z,5760,5760,0,14.999925,15.000564098,14.999988913,0.002126695,0,0,0,0,0.0,2.916682,16.908152,2.810038e-12,0.0001944456,0.001127211,False,0.001332,False
2021-12-03,RS03AXBS-MJ03A-06-PRESTA301,3,True,2021-12-03T00:00:06Z,2021-12-03T23:59:51Z,5760,5760,0,14.999925,15.000557899,14.999988763,0.001678465,0,0,0,0,0.0,2.857211,17.921937,8.973828e-13,0.0001904809,0.001194797,False,0.001349,False
2021-12-04,RS03AXBS-MJ03A-06-PRESTA301,3,True,2021-12-04T00:00:06Z,2021-12-04T23:59:51Z,5760,5760,0,14.999925,15.000527382,14.999988653,0.004421946,0,0,0,0,0.0,2.947526,19.414195,1.626373e-12,0.0001965019,0.001294281,False,0.001351,False
2021-12-05,RS03AXBS-MJ03A-06-PRESTA301,3,True,2021-12-05T00:00:06Z,2021-12-05T23:59:51Z,5760,5760,0,14.999925,15.000503063,14.999988797,-0.001343429,0,0,0,0,0.0,2.87791,16.67291,1.499067e-12,0.0001918608,0.001111528,False,0.001356,False
2021-12-06,RS03AXBS-MJ03A-06-PRESTA301,3,True,2021-12-06T00:00:06Z,2021-12-06T23:59:51Z,5760,5760,0,14.999925,15.000533104,14.999989246,-0.003214312,0,0,0,0,0.0,3.00101,22.797968,1.945445e-12,0.0002000675,0.001519866,False,0.001507,False
2021-12-07,RS03AXBS-MJ03A-06-PRESTA301,3,True,2021-12-07T00:00:06Z,2021-12-07T23:59:51Z,5760,5760,0,14.999925,15.000547886,14.999988515,0.003964945,0,0,0,0,0.0,3.554899,18.509795,2.929682e-12,0.0002369935,0.001233987,False,0.001343,False
2021-12-08,RS03AXBS-MJ03A-06-PRESTA301,3,True,2021-12-08T00:00:06Z,2021-12-08T23:59:51Z,5760,5760,0,14.999925,15.000575066,14.999988077,-0.003928887,0,0,0,0,0.0,3.941984,24.028682,1.997013e-12,0.0002627991,0.001601913,False,0.0017,False
2021-12-09,RS03AXBS-MJ03A-06-PRESTA301,3,True,2021-12-09T00:00:06Z,2021-12-09T23:59:51Z,5760,5760,0,14.999925,15.000580788,14.999987967,0.000295051,0,0,0,0,0.0,3.244714,17.419539,3.188028e-12,0.0002163144,0.001161304,False,0.001482,False
2021-12-10,RS03AXBS-MJ03A-06-PRESTA301,3,True,2021-12-10T00:00:06Z,2021-12-10T23:59:51Z,5760,5760,0,14.999925,15.000617027,14.999988728,-0.011790364,0,0,0,0,0.0,3.485968,18.527495,9.95224e-13,0.000232398,0.001235167,False,0.001341,False
2021-12-11,RS03AXBS-MJ03A-06-PRESTA301,3,True,2021-12-11T00:00:06Z,2021-12-11T23:59:51Z,5760,5760,0,14.999925,15.000620365,14.999988767,0.000162811,0,0,0,0,0.0,3.103188,21.459546,6.144677e-14,0.0002068794,0.001430638,False,0.00133,False
2021-12-12,RS03AXBS-MJ03A-06-PRESTA301,3,True,2021-12-12T00:00:06Z,2021-12-12T23:59:51Z,5760,5760,0,14.999925,15.000609398,14.999988543,0.001212844,0,0,0,0,0.0,3.707994,20.273495,1.689825e-12,0.0002471998,0.001351567,False,0.001351,False
2021-12-13,RS03AXBS-MJ03A-06-PRESTA301,3,True,2021-12-13T00:00:06Z,2021-12-13T23:59:51Z,5760,5760,0,14.999925,15.000639439,14.999987841,0.009154845,0,0,0,0,0.0,3.560301,19.104237,4.139371e-12,0.0002373536,0.001273617,False,0.001363,False
2021-12-14,RS03AXBS-MJ03A-06-PRESTA301,3,True,2021-12-14T00:00:06Z,2021-12-14T23:59:51Z,5760,5760,0,14.999925,15.000613213,14.999988366,0.004316815,0,0,0,0,0.0,3.155159,18.977628,9.275969e-13,0.0002103441,0.001265176,False,0.001355,False
2021-12-15,RS03AXBS-MJ03A-06-PRESTA301,3,True,2021-12-15T00:00:06Z,2021-12-15T23:59:51Z,5760,5760,0,14.999925,15.00060606,14.999988337,0.002730199,0,0,0,0,0.0,2.869124,19.45142,2.368825e-12,0.0001912751,0.001296762,False,0.001354,False
2021-12-16,RS03AXBS-MJ03A-06-PRESTA301,3,True,2021-12-16T00:00:06Z,2021-12-16T23:59:50Z,5760,5760,0,14.999925,15.000601768,14.999988528,0.00129374,0,0,0,0,0.0,13.692053,999.781086,9.474802e-13,0.0009128042,0.06665212,False,0.066684,False
2021-12-17,RS03AXBS-MJ03A-06-PRESTA301,3,True,2021-12-17T00:00:05Z,2021-12-17T23:59:50Z,5760,5760,0,14.999925,15.00060606,14.999988535,-0.000289318,0,0,0,0,0.0,2.842027,21.41489,1.347408e-13,0.0001894686,0.00142766,False,0.001486,False
2021-12-18,RS03AXBS-MJ03A-06-PRESTA301,3,True,2021-12-18T00:00:05Z,2021-12-18T23:59:50Z,5760,5760,0,14.999925,15.000586033,14.99998853,0.00221295,0,0,0,0,0.0,2.832697,21.045427,2.23249e-12,0.0001888466,0.00140303,False,0.001353,False
2021-12-19,RS03AXBS-MJ03A-06-PRESTA301,3,True,2021-12-19T00:00:05Z,2021-12-19T23:59:50Z,5760,5760,0,14.999925,15.00058794,14.999988009,0.00340835,0,0,0,0,0.0,2.811691,16.331875,3.004048e-12,0.0001874462,0.001088793,False,0.001344,False
2021-12-20,RS03AXBS-MJ03A-06-PRESTA301,3,True,2021-12-20T00:00:05Z,2021-12-20T23:59:50Z,5742,5760,18,14.999925,15.000582218,14.999988848,0.002669028,1,18,1,18,-0.0,3.103338,19.805393,-1.846173e-12,0.0002068894,0.001320361,False,0.0014,True
2021-12-21,RS03AXBS-MJ03A-06-PRESTA301,3,True,2021-12-21T00:00:05Z,2021-12-21T23:59:50Z,5760,5760,0,14.999925,15.000575066,14.999988726,0.00037177,0,0,0,0,0.0,3.336722,23.86935,2.300135e-12,0.0002224483,0.001591291,False,0.001438,False
2021-12-22,RS03AXBS-MJ03A-06-PRESTA301,3,True,2021-12-22T00:00:05Z,2021-12-22T23:59:50Z,5760,5760,0,14.999925,15.00060606,14.999988909,-0.010567019,0,0,0,0,0.0,2.975685,17.881729,1.441896e-12,0.0001983791,0.001192116,False,0.001349,False
2021-12-23,RS03AXBS-MJ03A-06-PRESTA301,3,True,2021-12-23T00:00:05Z,2021-12-23T23:59:50Z,5760,5760,0,14.999925,15.000597,14.999988693,-0.002366658,0,0,0,0,0.0,2.912639,18.512563,2.442273e-12,0.0001941761,0.001234172,False,0.001451,False
2021-12-24,RS03AXBS-MJ03A-06-PRESTA301,3,True,2021-12-24T00:00:05Z,2021-12-24T23:59:50Z,5760,5760,0,14.999925,15.000616074,14.999988583,-0.000873567,0,0,0,0,0.0,2.862675,19.921157,2.027559e-12,0.0001908451,0.001328078,False,0.001373,False
2021-12-25,RS03AXBS-MJ03A-06-PRESTA301,3,True,2021-12-25T00:00:05Z,2021-12-25T23:59:50Z,5760,5760,0,14.999925,15.000648975,14.999988816,0.001247493,0,0,0,0,0.0,2.821637,15.863671,2.325655e-12,0.0001881093,0.001057579,False,0.001363,False
2021-12-26,RS03AXBS-MJ03A-06-PRESTA301,3,True,2021-12-26T00:00:05Z,2021-12-26T23:59:50Z,5760,5760,0,14.999925,15.000637054,14.999988991,0.000742349,0,0,0,0,0.0,2.994616,20.620986,2.601279e-12,0.0001996412,0.001374733,False,0.001741,False
2021-12-27,RS03AXBS-MJ03A-06-PRESTA301,3,True,2021-12-27T00:00:05Z,2021-12-27T23:59:50Z,5760,5760,0,14.999925,15.000635624,14.999989006,0.002888437,0,0,0,0,0.0,2.943948,19.020311,1.719574e-12,0.0001962634,0.001268022,False,0.001484,False
2021-12-28,RS03AXBS-MJ03A-06-PRESTA301,3,True,2021-12-28T00:00:05Z,2021-12-28T23:59:50Z,5760,5760,0,14.999925,15.000623226,14.999988832,0.001789965,0,0,0,0,0.0,3.148481,17.244251,1.995188e-12,0.0002098989,0.001149618,False,0.001325,False
2021-12-29,RS03AXBS-MJ03A-06-PRESTA301,3,True,2021-12-29T00:00:05Z,2021-12-29T23:59:50Z,5760,5760,0,14.999925,15.000627995,14.99998831,-0.002007872,0,0,0,0,0.0,2.944796,18.171812,1.612655e-12,0.0001963199,0.001211455,False,0.001321,False
2021-12-30,RS03AXBS-MJ03A-06-PRESTA301,3,True,2021-12-30T00:00:05Z,2021-12-30T23:59:50Z,5760,5760,0,14.999925,15.000582695,14.999988799,-0.000348506,0,0,0,0,0.0,3.051523,19.841139,2.073988e-12,0.000203435,0.001322744,False,0.001488,False
2021-12-31,RS03AXBS-MJ03A-06-PRESTA301,3,True,2021-12-31T00:00:05Z,2021-12-31T23:59:49Z,5760,5760,0,14.999925,15.000576973,14.999988675,-0.000867243,0,0,0,0,0.0,2.862286,17.041493,2.392535e-12,0.0001908192,0.0011361,False,0.001345,False
2022-01-01,RS03AXBS-MJ03A-06-PRESTA301,3,True,2022-01-01T00:00:04Z,2022-01-01T23:59:49Z,5760,5760,0,14.999925,15.000549316,14.999988472,-0.00079663,0,0,0,0,0.0,2.897548,19.409602,1.394594e-12,0.00019317,0.001293974,False,0.001299,False
2022-01-02,RS03AXBS-MJ03A-06-PRESTA301,3,True,2022-01-02T00:00:04Z,2022-01-02T23:59:49Z,5760,5760,0,14.999925,15.000526905,14.999988484,0.00166095,0,0,0,0,0.0,2.94673,17.084362,2.679224e-12,0.0001964488,0.001138958,False,0.00136,False
2022-01-03,RS03AXBS-MJ03A-06-PRESTA301,3,True,2022-01-03T00:00:04Z,2022-01-03T23:59:49Z,5744,5760,16,14.999925,15.000542164,14.999988737,-0.015851972,1,16,1,16,-0.0,2.916107,16.62598,-2.270907e-12,0.0001944073,0.0011084,False,0.00132,True
2022-01-04,RS03AXBS-MJ03A-06-PRESTA301,3,True,2022-01-04T00:00:04Z,2022-01-04T23:59:49Z,5760,5760,0,14.999925,15.000556946,14.999988542,0.000484616,0,0,0,0,0.0,2.985722,17.834877,5.527178e-13,0.0001990483,0.001188993,False,0.001351,False
2022-01-05,RS03AXBS-MJ03A-06-PRESTA301,3,True,2022-01-05T00:00:04Z,2022-01-05T23:59:49Z,5760,5760,0,14.999925,15.000547886,14.9999886,-0.000624787,0,0,0,0,0.0,2.875956,19.87373,1.669033e-12,0.0001917305,0.001324916,False,0.001334,False
2022-01-06,RS03AXBS-MJ03A-06-PRESTA301,3,True,2022-01-06T00:00:04Z,2022-01-06T23:59:49Z,5760,5760,0,14.999925,15.000581741,14.99998897,0.002023616,0,0,0,0,0.0,3.033377,17.450047,1.696817e-12,0.0002022253,0.001163337,False,0.00135,False
2022-01-07,RS03AXBS-MJ03A-06-PRESTA301,3,True,2022-01-07T00:00:04Z,2022-01-07T23:59:49Z,5760,5760,0,14.999925,15.000638008,14.999989413,-0.002545647,0,0,0,0,-0.0,2.925751,18.824904,-8.943463e-14,0.0001950502,0.001254994,False,0.001339,False
2022-01-08,RS03AXBS-MJ03A-06-PRESTA301,3,True,2022-01-08T00:00:04Z,2022-01-08T23:59:49Z,5760,5760,0,14.999925,15.000594139,14.999988722,-0.003604807,0,0,0,0,0.0,3.046921,18.400097,1.651144e-12,0.0002031282,0.001226674,False,0.001344,False
2022-01-09,RS03AXBS-MJ03A-06-PRESTA301,3,True,2022-01-09T00:00:04Z,2022-01-09T23:59:49Z,5760,5760,0,14.999925,15.000635147,14.999989083,-0.000349559,0,0,0,0,0.0,3.265338,17.294989,8.970049e-13,0.0002176893,0.001153,False,0.001305,False
2022-01-10,RS03AXBS-MJ03A-06-PRESTA301,3,True,2022-01-10T00:00:04Z,2022-01-10T23:59:49Z,5760,5760,0,14.999925,15.000627041,14.999989211,-0.000280452,0,0,0,0,0.0,2.934579,22.129715,1.879906e-12,0.0001956387,0.001475315,False,0.001565,False
2022-01-11,RS03AXBS-MJ03A-06-PRESTA301,3,True,2022-01-11T00:00:04Z,2022-01-11T23:59:49Z,5760,5760,0,14.999925,15.000619888,14.999988819,-0.001075665,0,0,0,0,0.0,3.076663,20.451773,1.364006e-12,0.000205111,0.001363453,False,0.001324,False
2022-01-12,RS03AXBS-MJ03A-06-PRESTA301,3,True,2022-01-12T00:00:04Z,2022-01-12T23:59:49Z,5760,5760,0,14.999925,15.000639915,14.999988133,-0.000198808,0,0,0,0,0.0,2.979552,17.174537,6.298788e-13,0.0001986369,0.00114497,False,0.001358,False
2022-01-13,RS03AXBS-MJ03A-06-PRESTA301,3,True,2022-01-13T00:00:04Z,2022-01-13T23:59:49Z,5760,5760,0,14.999925,15.000608921,14.999988426,0.00112446,0,0,0,0,0.0,2.973248,18.735235,3.237362e-12,0.0001982167,0.001249017,False,0.001565,False
2022-01-14,RS03AXBS-MJ03A-06-PRESTA301,3,True,2022-01-14T00:00:04Z,2022-01-14T23:59:49Z,5760,5760,0,14.999925,15.000621319,14.999988582,0.004375814,0,0,0,0,0.0,2.858912,18.976362,2.941043e-12,0.0001905942,0.001265092,False,0.001405,False
2022-01-15,RS03AXBS-MJ03A-06-PRESTA301,3,True,2022-01-15T00:00:04Z,2022-01-15T23:59:49Z,5760,5760,0,14.999925,15.000607967,14.999988514,0.000101953,0,0,0,0,0.0,23.006918,999.703017,1.489781e-12,0.001533796,0.06664692,False,0.067577,False
2022-01-16,RS03AXBS-MJ03A-06-PRESTA301,3,True,2022-01-16T00:00:03Z,2022-01-16T23:59:48Z,5760,5760,0,14.999925,15.000593185,14.999988377,0.001510018,0,0,0,0,0.0,3.326599,19.780408,1.852787e-13,0.0002217734,0.001318695,False,0.00137,False
2022-01-17,RS03AXBS-MJ03A-06-PRESTA301,3,True,2022-01-17T00:00:03Z,2022-01-17T23:59:48Z,5760,5760,0,14.999925,15.000568867,14.999988252,-0.00278411,0,0,0,0,0.0,2.851756,21.139351,1.1511e-12,0.0001901172,0.001409291,False,0.001524,False
2022-01-18,RS03AXBS-MJ03A-06-PRESTA301,3,True,2022-01-18T00:00:03Z,2022-01-18T23:59:48Z,5760,5760,0,14.999925,15.00058794,14.999988448,-0.000787099,0,0,0,0,0.0,2.789309,16.237498,1.934243e-12,0.0001859541,0.001082501,False,0.001365,False
2022-01-19,RS03AXBS-MJ03A-06-PRESTA301,3,True,2022-01-19T00:00:03Z,2022-01-19T23:59:48Z,5760,5760,0,14.999925,15.000595093,14.999989051,-0.002853063,0,0,0,0,0.0,2.991409,17.170114,2.051161e-12,0.0001994274,0.001144675,False,0.00129,False
2022-01-20,RS03AXBS-MJ03A-06-PRESTA301,3,True,2022-01-20T00:00:03Z,2022-01-20T23:59:48Z,5760,5760,0,14.999925,15.000579834,14.999988507,-0.001752325,0,0,0,0,0.0,3.063318,21.199288,2.349102e-12,0.0002042214,0.001413287,False,0.001354,False
2022-01-21,RS03AXBS-MJ03A-06-PRESTA301,3,True,2022-01-21T00:00:03Z,2022-01-21T23:59:48Z,5760,5760,0,14.999925,15.000632763,14.999988387,0.003912726,0,0,0,0,0.0,2.94921,16.464768,1.353535e-12,0.0001966142,0.001097652,False,0.001334,False
2022-01-22,RS03AXBS-MJ03A-06-PRESTA301,3,True,2022-01-22T00:00:03Z,2022-01-22T23:59:48Z,5760,5760,0,14.999925,15.000595093,14.999988768,-0.000748278,0,0,0,0,0.0,3.072347,17.412138,8.199412e-13,0.0002048233,0.00116081,False,0.001362,False
2022-01-23,RS03AXBS-MJ03A-06-PRESTA301,3,True,2022-01-23T00:00:03Z,2022-01-23T23:59:48Z,5760,5760,0,14.999925,15.000617027,14.999987692,0.000128783,0,0,0,0,0.0,4.581038,22.539331,1.384591e-12,0.0003054028,0.001502623,False,0.001687,False
2022-01-24,RS03AXBS-MJ03A-06-PRESTA301,3,True,2022-01-24T00:00:03Z,2022-01-24T23:59:48Z,5760,5760,0,14.999925,15.000647068,14.999988841,-0.000152467,0,0,0,0,0.0,3.659961,19.52866,2.269962e-12,0.0002439976,0.001301912,False,0.001329,False
2022-01-25,RS03AXBS-MJ03A-06-PRESTA301,3,True,2022-01-25T00:00:03Z,2022-01-25T23:59:48Z,5760,5760,0,14.999925,15.000626087,14.999988539,0.000847301,0,0,0,0,0.0,3.335858,24.825158,1.121878e-12,0.0002223907,0.001655012,False,0.001464,False
2022-01-26,RS03AXBS-MJ03A-06-PRESTA301,3,True,2022-01-26T00:00:03Z,2022-01-26T23:59:48Z,5760,5760,0,14.999925,15.000631809,14.999988387,-0.000700846,0,0,0,0,0.0,2.847072,18.622298,3.29297e-12,0.0001898049,0.001241487,False,0.001439,False
2022-01-27,RS03AXBS-MJ03A-06-PRESTA301,3,True,2022-01-27T00:00:03Z,2022-01-27T23:59:48Z,5760,5760,0,14.999925,15.00061512,14.99998869,-0.002312782,0,0,0,0,0.0,2.843926,16.659558,1.108535e-12,0.0001895952,0.001110638,False,0.001374,False
2022-01-28,RS03AXBS-MJ03A-06-PRESTA301,3,True,2022-01-28T00:00:03Z,2022-01-28T23:59:48Z,5760,5760,0,14.999925,15.000576973,14.999988756,0.001821612,0,0,0,0,0.0,2.967025,18.226709,1.602291e-12,0.0001978018,0.001215115,False,0.001371,False
2022-01-29,RS03AXBS-MJ03A-06-PRESTA301,3,True,2022-01-29T00:00:03Z,2022-01-29T23:59:48Z,5760,5760,0,14.999925,15.000573635,14.999989379,-0.000460819,0,0,0,0,0.0,2.961938,18.058199,1.658886e-12,0.0001974627,0.001203881,False,0.00134,False
2022-01-30,RS03AXBS-MJ03A-06-PRESTA301,3,True,2022-01-30T00:00:03Z,2022-01-30T23:59:48Z,5760,5760,0,14.999925,15.000553608,14.999989127,0.001689891,0,0,0,0,0.0,2.98061,17.121632,1.803717e-12,0.0001987075,0.001141443,False,0.00134,False
2022-01-31,RS03AXBS-MJ03A-06-PRESTA301,3,True,2022-01-31T00:00:03Z,2022-01-31T23:59:47Z,5760,5760,0,14.999925,15.000572205,14.999988142,-0.000748311,0,0,0,0,0.0,8.263821,25.763823,8.477387e-13,0.0005509218,0.00171759,False,0.001344,False
2022-02-01,RS03AXBS-MJ03A-06-PRESTA301,3,True,2022-02-01T00:00:02Z,2022-02-01T23:59:47Z,5760,5760,0,14.999925,15.000556946,14.999989825,0.008511603,0,0,0,0,0.0,4.180201,20.366165,1.074371e-12,0.0002786802,0.001357745,False,0.001361,False
2022-02-02,RS03AXBS-MJ03A-06-PRESTA301,3,True,2022-02-02T00:00:02Z,2022-02-02T23:59:47Z,5760,5760,0,14.999925,15.000560284,14.999988516,0.000791652,0,0,0,0,0.0,3.076453,18.196611,1.775074e-12,0.000205097,0.001213108,False,0.001341,False
2022-02-03,RS03AXBS-MJ03A-06-PRESTA301,3,True,2022-02-03T00:00:02Z,2022-02-03T23:59:47Z,5760,5760,0,14.999925,15.000572205,14.999988192,0.001528884,0,0,0,0,0.0,3.010374,18.886804,1.905764e-12,0.0002006918,0.001259121,False,0.001375,False
2022-02-04,RS03AXBS-MJ03A-06-PRESTA301,3,True,2022-02-04T00:00:02Z,2022-02-04T23:59:47Z,5760,5760,0,14.999925,15.000601292,14.999988449,-0.004784751,0,0,0,0,0.0,3.551283,18.469838,1.911935e-12,0.0002367524,0.001231323,False,0.001303,False
2022-02-05,RS03AXBS-MJ03A-06-PRESTA301,3,True,2022-02-05T00:00:02Z,2022-02-05T23:59:47Z,5760,5760,0,14.999925,15.000621796,14.999988251,0.00415057,0,0,0,0,0.0,3.454147,19.218262,8.909947e-13,0.0002302767,0.001281218,False,0.001344,False
2022-02-06,RS03AXBS-MJ03A-06-PRESTA301,3,True,2022-02-06T00:00:02Z,2022-02-06T23:59:47Z,5760,5760,0,14.999925,15.000609875,14.999988456,0.006028268,0,0,0,0,0.0,4.218474,22.27417,3.95487e-13,0.0002812318,0.001484946,False,0.001478,False
2022-02-07,RS03AXBS-MJ03A-06-PRESTA301,3,True,2022-02-07T00:00:02Z,2022-02-07T23:59:47Z,5760,5760,0,14.999925,15.000617981,14.999988511,-0.003104769,0,0,0,0,0.0,3.312411,18.485156,9.365756e-13,0.0002208275,0.001232345,False,0.001347,False
2022-02-08,RS03AXBS-MJ03A-06-PRESTA301,3,True,2022-02-08T00:00:02Z,2022-02-08T23:59:47Z,5760,5760,0,14.999925,15.000634193,14.999989389,0.001496846,0,0,0,0,0.0,3.465026,19.274252,2.66398e-12,0.0002310019,0.001284951,False,0.001365,False
2022-02-09,RS03AXBS-MJ03A-06-PRESTA301,3,True,2022-02-09T00:00:02Z,2022-02-09T23:59:47Z,5760,5760,0,14.999925,15.000603676,14.999988455,0.00303118,0,0,0,0,0.0,2.884177,18.755121,1.702024e-12,0.0001922786,0.001250342,False,0.001324,False
2022-02-10,RS03AXBS-MJ03A-06-PRESTA301,3,True,2022-02-10T00:00:02Z,2022-02-10T23:59:47Z,5760,5760,0,14.999925,15.000610828,14.999988246,-0.000985562,0,0,0,0,0.0,2.816168,17.037501,1.668152e-12,0.0001877447,0.001135834,False,0.001388,False
2022-02-11,RS03AXBS-MJ03A-06-PRESTA301,3,True,2022-02-11T00:00:02Z,2022-02-11T23:59:47Z,5760,5760,0,14.999925,15.000636101,14.999987745,-0.001109638,0,0,0,0,0.0,2.943803,17.522338,3.236471e-12,0.0001962537,0.001168157,False,0.001354,False
2022-02-12,RS03AXBS-MJ03A-06-PRESTA301,3,True,2022-02-12T00:00:02Z,2022-02-12T23:59:47Z,5760,5760,0,14.999925,15.000601768,14.999988573,-0.001757829,0,0,0,0,0.0,2.954836,19.278869,2.315198e-12,0.0001969892,0.001285259,False,0.001338,False
2022-02-13,RS03AXBS-MJ03A-06-PRESTA301,3,True,2022-02-13T00:00:02Z,2022-02-13T13:39:47Z,3280,3280,0,14.999925,15.000654697,14.999988919,0.000657242,0,0,0,0,-0.0,2.759257,16.080681,-1.252725e-12,0.0001839506,0.001072046,False,0.001344,False
2022-02-14,RS03AXBS-MJ03A-06-PRESTA301,3,False,,,0,0,,14.999925,,,,,,,,,,,,,,,,False
2022-02-15,RS03AXBS-MJ03A-06-PRESTA301,3,True,2022-02-15T22:27:46Z,2022-02-15T23:59:45Z,368,369,1,14.999925,15.000782013,14.999682257,-0.926332546,1,1,1,1,-0.0,132.676738,926.915579,-8.77324e-14,0.008845303,0.06179568,False,0.066673,True
2022-02-16,RS03AXBS-MJ03A-06-PRESTA301,3,True,2022-02-16T00:00:00Z,2022-02-16T23:59:45Z,5760,5760,0,14.999925,15.000576019,14.999988446,-0.000848459,0,0,0,0,0.0,3.112136,22.540955,2.034475e-12,0.0002074759,0.001502731,False,0.001484,False
2022-02-17,RS03AXBS-MJ03A-06-PRESTA301,3,True,2022-02-17T00:00:00Z,2022-02-17T23:59:45Z,5760,5760,0,14.999925,15.000586987,14.999988546,0.003760334,0,0,0,0,0.0,2.88202,19.541603,2.798901e-12,0.0001921348,0.001302775,False,0.0015,False
2022-02-18,RS03AXBS-MJ03A-06-PRESTA301,3,True,2022-02-18T00:00:00Z,2022-02-18T23:59:45Z,5760,5760,0,14.999925,15.00058794,14.999988445,-0.001141612,0,0,0,0,0.0,2.868731,16.010688,3.403458e-12,0.0001912489,0.00106738,False,0.001361,False
2022-02-19,RS03AXBS-MJ03A-06-PRESTA301,3,True,2022-02-19T00:00:00Z,2022-02-19T21:52:45Z,5252,5252,0,14.999925,15.000622749,14.999988367,-0.000105541,0,0,0,0,0.0,2.868723,18.611397,5.70329e-13,0.0001912483,0.001240761,False,0.001343,False
2022-02-20,RS03AXBS-MJ03A-06-PRESTA301,3,False,,,0,0,,14.999925,,,,,,,,,,,,,,,,False
2022-02-21,RS03AXBS-MJ03A-06-PRESTA301,3,False,,,0,0,,14.999925,,,,,,,,,,,,,,,,False
2022-02-22,RS03AXBS-MJ03A-06-PRESTA301,3,True,2022-02-22T18:09:41Z,2022-02-22T23:59:46Z,1400,1401,1,14.999925,15.000705242,15.000065527,4.931620228,1,1,1,1,0.0,296.742716,4931.620228,5.226457e-13,0.01978276,0.3287732,False,0.333114,True
2022-02-23,RS03AXBS-MJ03A-06-PRESTA301,3,True,2022-02-23T00:00:01Z,2022-02-23T23:59:46Z,5760,5760,0,14.999925,15.000626564,14.9999884,0.000611918,0,0,0,0,0.0,2.938871,18.433196,1.884856e-12,0.0001959249,0.001228881,False,0.001368,False
2022-02-24,RS03AXBS-MJ03A-06-PRESTA301,3,True,2022-02-24T00:00:01Z,2022-02-24T23:59:46Z,5760,5760,0,14.999925,15.000603199,14.999988365,0.001703822,0,0,0,0,0.0,2.839979,16.223932,7.951773e-13,0.0001893321,0.001081596,False,0.00135,False
2022-02-25,RS03AXBS-MJ03A-06-PRESTA301,3,True,2022-02-25T00:00:01Z,2022-02-25T23:59:46Z,5760,5760,0,14.999925,15.000613213,14.999988567,-0.001566722,0,0,0,0,0.0,2.831178,18.557768,2.442034e-12,0.0001887454,0.001237185,False,0.001465,False
2022-02-26,RS03AXBS-MJ03A-06-PRESTA301,3,True,2022-02-26T00:00:01Z,2022-02-26T23:59:46Z,5760,5760,0,14.999925,15.000589371,14.999988156,0.002531814,0,0,0,0,0.0,3.145585,20.574103,2.718667e-12,0.0002097058,0.001371608,False,0.00154,False
2022-02-27,RS03AXBS-MJ03A-06-PRESTA301,3,True,2022-02-27T00:00:01Z,2022-02-27T23:59:46Z,5760,5760,0,14.999925,15.000579834,14.999988297,-0.000600888,0,0,0,0,0.0,2.87615,16.0846,1.721283e-12,0.0001917435,0.001072307,False,0.001346,False
2022-02-28,RS03AXBS-MJ03A-06-PRESTA301,3,True,2022-02-28T00:00:01Z,2022-02-28T13:43:46Z,3296,3296,0,14.999925,15.000659943,14.999987931,0.000741782,0,0,0,0,0.0,2.917412,18.74602,3.763261e-13,0.0001944943,0.001249736,False,0.00149,False
2022-03-01,RS03AXBS-MJ03A-06-PRESTA301,3,False,,,0,0,,14.999925,,,,,,,,,,,,,,,,False
2022-03-02,RS03AXBS-MJ03A-06-PRESTA301,3,True,2022-03-02T23:44:31Z,2022-03-02T23:59:57Z,61,63,2,14.999925,15.000816584,14.954315581,-2.026395455,1,2,1,2,-0.0,1070.822237,2345.319024,-1.038434e-14,0.07160624,0.1568323,False,0.266909,True
2022-03-03,RS03AXBS-MJ03A-06-PRESTA301,3,True,2022-03-03T00:00:12Z,2022-03-03T23:59:56Z,5760,5760,0,14.999925,15.000581741,14.999988761,-0.000689077,0,0,0,0,0.0,2.903576,16.63026,1.389756e-12,0.0001935719,0.001108685,False,0.001308,False
2022-03-04,RS03AXBS-MJ03A-06-PRESTA301,3,True,2022-03-04T00:00:11Z,2022-03-04T23:59:56Z,5760,5760,0,14.999925,15.000585079,14.999988418,-0.013582246,0,0,0,0,0.0,2.970341,18.351146,2.682417e-12,0.0001980229,0.001223411,False,0.001485,False
2022-03-05,RS03AXBS-MJ03A-06-PRESTA301,3,True,2022-03-05T00:00:11Z,2022-03-05T23:59:56Z,5760,5760,0,14.999925,15.000597,14.999988507,-0.000166708,0,0,0,0,0.0,3.158768,19.061233,1.545068e-12,0.0002105847,0.00127075,False,0.00149,False
2022-03-06,RS03AXBS-MJ03A-06-PRESTA301,3,True,2022-03-06T00:00:11Z,2022-03-06T23:59:56Z,5760,5760,0,14.999925,15.000611782,14.999988393,-0.000201497,0,0,0,0,0.0,2.955702,17.821923,1.862528e-12,0.0001970469,0.001188129,False,0.001328,False
2022-03-07,RS03AXBS-MJ03A-06-PRESTA301,3,True,2022-03-07T00:00:11Z,2022-03-07T23:59:56Z,5760,5760,0,14.999925,15.000628948,14.999988843,0.002210783,0,0,0,0,0.0,2.915972,16.414482,2.154973e-12,0.0001943983,0.0010943,False,0.001381,False
2022-03-08,RS03AXBS-MJ03A-06-PRESTA301,3,True,2022-03-08T00:00:11Z,2022-03-08T23:59:56Z,5760,5760,0,14.999925,15.000641823,14.999988454,0.001190749,0,0,0,0,0.0,2.829893,19.799785,2.826506e-12,0.0001886597,0.001319987,False,0.001366,False
2022-03-09,RS03AXBS-MJ03A-06-PRESTA301,3,True,2022-03-09T00:00:11Z,2022-03-09T23:59:56Z,5760,5760,0,14.999925,15.000627041,14.99998828,-0.000819246,0,0,0,0,0.0,2.804243,16.758304,1.186498e-12,0.0001869497,0.001117221,False,0.001344,False
2022-03-10,RS03AXBS-MJ03A-06-PRESTA301,3,True,2022-03-10T00:00:11Z,2022-03-10T23:59:56Z,5760,5760,0,14.999925,15.000637054,14.999988585,0.000155915,0,0,0,0,0.0,2.843079,21.220272,1.936394e-12,0.0001895387,0.001414686,False,0.001434,False
2022-03-11,RS03AXBS-MJ03A-06-PRESTA301,3,True,2022-03-11T00:00:11Z,2022-03-11T23:59:56Z,5760,5760,0,14.999925,15.000641823,14.999988325,0.000147426,0,0,0,0,0.0,2.996029,18.21727,2.509779e-12,0.0001997354,0.001214486,False,0.001316,False
2022-03-12,RS03AXBS-MJ03A-06-PRESTA301,3,True,2022-03-12T00:00:11Z,2022-03-12T23:59:56Z,5760,5760,0,14.999925,15.000638962,14.999988351,-0.001221746,0,0,0,0,0.0,2.848763,15.991178,1.797715e-12,0.0001899177,0.001066079,False,0.001345,False
2022-03-13,RS03AXBS-MJ03A-06-PRESTA301,3,True,2022-03-13T00:00:11Z,2022-03-13T23:59:56Z,5760,5760,0,14.999925,15.000640869,14.999988121,0.001012154,0,0,0,0,0.0,2.897298,18.300407,9.022584e-13,0.0001931533,0.001220028,False,0.001332,False
2022-03-14,RS03AXBS-MJ03A-06-PRESTA301,3,True,2022-03-14T00:00:11Z,2022-03-14T23:59:56Z,5760,5760,0,14.999925,15.000629425,14.999988139,0.001311356,0,0,0,0,0.0,2.923209,20.891006,2.432308e-12,0.0001948807,0.001392735,False,0.001364,False
2022-03-15,RS03AXBS-MJ03A-06-PRESTA301,3,True,2022-03-15T00:00:11Z,2022-03-15T23:59:56Z,5760,5760,0,14.999925,15.000611305,14.999988122,0.000661966,0,0,0,0,0.0,2.863068,16.413164,2.209319e-12,0.0001908713,0.001094212,False,0.001337,False
2022-03-16,RS03AXBS-MJ03A-06-PRESTA301,3,True,2022-03-16T00:00:11Z,2022-03-16T23:59:56Z,5760,5760,0,14.999925,15.000625134,14.999988398,0.000944807,0,0,0,0,0.0,2.88767,19.042751,1.824418e-12,0.0001925115,0.001269518,False,0.001421,False
2022-03-17,RS03AXBS-MJ03A-06-PRESTA301,3,True,2022-03-17T00:00:11Z,2022-03-17T23:59:56Z,5760,5760,0,14.999925,15.000599861,14.999988567,0.000755821,0,0,0,0,0.0,2.896038,17.250263,2.001575e-12,0.0001930693,0.001150018,False,0.001322,False
2022-03-18,RS03AXBS-MJ03A-06-PRESTA301,3,True,2022-03-18T00:00:11Z,2022-03-18T23:59:55Z,5760,5760,0,14.999925,15.000595093,14.999989146,-0.001237417,0,0,0,0,0.0,3.260045,17.236836,1.472741e-12,0.0002173365,0.001149123,False,0.001317,False
2022-03-19,RS03AXBS-MJ03A-06-PRESTA301,3,True,2022-03-19T00:00:10Z,2022-03-19T23:59:55Z,5760,5760,0,14.999925,15.000612259,14.999989069,-0.001208797,0,0,0,0,0.0,2.954531,20.820292,2.616413e-12,0.0001969689,0.00138802,False,0.001318,False
2022-03-20,RS03AXBS-MJ03A-06-PRESTA301,3,True,2022-03-20T00:00:10Z,2022-03-20T23:59:55Z,5760,5760,0,14.999925,15.000573158,14.999988923,0.000740843,0,0,0,0,0.0,3.026856,17.200826,1.888211e-12,0.0002017906,0.001146723,False,0.001335,False
2022-03-21,RS03AXBS-MJ03A-06-PRESTA301,3,True,2022-03-21T00:00:10Z,2022-03-21T23:59:55Z,5760,5760,0,14.999925,15.000613689,14.999989442,-0.00457296,0,0,0,0,0.0,3.526887,18.952983,1.410791e-12,0.0002351259,0.001263533,False,0.001364,False
2022-03-22,RS03AXBS-MJ03A-06-PRESTA301,3,True,2022-03-22T00:00:10Z,2022-03-22T23:59:55Z,5760,5760,0,14.999925,15.000570297,14.999988706,-0.000210473,0,0,0,0,0.0,2.924515,19.701002,2.816597e-12,0.0001949678,0.001313401,False,0.00136,False
2022-03-23,RS03AXBS-MJ03A-06-PRESTA301,3,True,2022-03-23T00:00:10Z,2022-03-23T23:59:55Z,5760,5760,0,14.999925,15.000585079,14.999988979,-0.001690386,0,0,0,0,0.0,2.95117,21.994771,2.859014e-13,0.0001967448,0.001466319,False,0.00163,False
2022-03-24,RS03AXBS-MJ03A-06-PRESTA301,3,True,2022-03-24T00:00:10Z,2022-03-24T23:59:55Z,5760,5760,0,14.999925,15.000609875,14.999988485,0.001306028,0,0,0,0,0.0,3.356023,18.969592,1.181045e-12,0.0002237351,0.00126464,False,0.00136,False
2022-03-25,RS03AXBS-MJ03A-06-PRESTA301,3,True,2022-03-25T00:00:10Z,2022-03-25T23:59:55Z,5760,5760,0,14.999925,15.000607967,14.999988465,0.000557681,0,0,0,0,0.0,2.897144,16.672618,1.94898e-12,0.0001931431,0.001111509,False,0.001382,False
2022-03-26,RS03AXBS-MJ03A-06-PRESTA301,3,True,2022-03-26T00:00:10Z,2022-03-26T23:59:55Z,5760,5760,0,14.999925,15.000586987,14.999988536,-0.000237719,0,0,0,0,0.0,2.867726,20.156417,3.420118e-12,0.0001911819,0.001343762,False,0.001362,False
2022-03-27,RS03AXBS-MJ03A-06-PRESTA301,3,True,2022-03-27T00:00:10Z,2022-03-27T23:59:55Z,5760,5760,0,14.999925,15.000598907,14.999988248,0.001368895,0,0,0,0,0.0,3.018331,17.479187,2.292344e-12,0.0002012222,0.00116528,False,0.001345,False
2022-03-28,RS03AXBS-MJ03A-06-PRESTA301,3,True,2022-03-28T00:00:10Z,2022-03-28T23:59:55Z,5760,5760,0,14.999925,15.000616074,14.999988406,-0.001498441,0,0,0,0,0.0,2.857534,19.123928,8.787128e-13,0.0001905024,0.00127493,False,0.001355,False
2022-03-29,RS03AXBS-MJ03A-06-PRESTA301,3,True,2022-03-29T00:00:10Z,2022-03-29T23:59:55Z,5760,5760,0,14.999925,15.000600815,14.999988489,0.004026916,0,0,0,0,0.0,2.93525,22.07008,6.204863e-13,0.0001956835,0.00147134,False,0.001349,False
2022-03-30,RS03AXBS-MJ03A-06-PRESTA301,3,True,2022-03-30T00:00:10Z,2022-03-30T23:59:55Z,5760,5760,0,14.999925,15.000584126,14.999988411,-0.002823706,0,0,0,0,0.0,2.96262,16.62646,2.323215e-12,0.0001975082,0.001108432,False,0.001345,False
2022-03-31,RS03AXBS-MJ03A-06-PRESTA301,3,True,2022-03-31T00:00:10Z,2022-03-31T23:59:55Z,5760,5760,0,14.999925,15.000601292,14.999988456,-0.001266516,0,0,0,0,0.0,2.85501,22.317857,2.04004e-12,0.0001903341,0.001487858,False,0.001431,False
2022-04-01,RS03AXBS-MJ03A-06-PRESTA301,3,True,2022-04-01T00:00:10Z,2022-04-01T23:59:55Z,5760,5760,0,14.999925,15.000581264,14.99998885,-0.003030326,0,0,0,0,0.0,3.013641,20.014412,1.236444e-12,0.0002009095,0.001334295,False,0.001508,False
2022-04-02,RS03AXBS-MJ03A-06-PRESTA301,3,True,2022-04-02T00:00:10Z,2022-04-02T23:59:54Z,5760,5760,0,14.999925,15.000588894,14.999988835,-0.00280883,0,0,0,0,0.0,2.807314,16.449114,3.440081e-12,0.0001871544,0.001096608,False,0.00127,False
2022-04-03,RS03AXBS-MJ03A-06-PRESTA301,3,True,2022-04-03T00:00:09Z,2022-04-03T23:59:54Z,5760,5760,0,14.999925,15.000593185,14.999988802,0.001421732,0,0,0,0,0.0,2.853466,18.954069,1.995888e-12,0.0001902312,0.001263606,False,0.001369,False
2022-04-04,RS03AXBS-MJ03A-06-PRESTA301,3,True,2022-04-04T00:00:09Z,2022-04-04T23:59:54Z,5760,5760,0,14.999925,15.000609875,14.999988396,0.00015428,0,0,0,0,0.0,3.125359,20.695625,2.060085e-12,0.0002083574,0.001379709,False,0.001306,False
2022-04-05,RS03AXBS-MJ03A-06-PRESTA301,3,True,2022-04-05T00:00:09Z,2022-04-05T23:59:54Z,5760,5760,0,14.999925,15.000619888,14.999988176,-0.001526903,0,0,0,0,0.0,3.055266,17.604849,1.883392e-12,0.0002036845,0.001173658,False,0.001328,False
2022-04-06,RS03AXBS-MJ03A-06-PRESTA301,3,True,2022-04-06T00:00:09Z,2022-04-06T23:59:54Z,5760,5760,0,14.999925,15.000617027,14.999988752,-0.000730094,0,0,0,0,0.0,2.84467,19.358554,2.200992e-12,0.0001896448,0.001290571,False,0.001352,False
2022-04-07,RS03AXBS-MJ03A-06-PRESTA301,3,True,2022-04-07T00:00:09Z,2022-04-07T23:59:54Z,5760,5760,0,14.999925,15.000623226,14.999988607,-0.001927525,0,0,0,0,0.0,2.861535,19.701459,1.741919e-12,0.0001907691,0.001313432,False,0.001349,False
2022-04-08,RS03AXBS-MJ03A-06-PRESTA301,3,True,2022-04-08T00:00:09Z,2022-04-08T23:59:54Z,5760,5760,0,14.999925,15.000612259,14.99998871,0.000959973,0,0,0,0,0.0,2.829576,16.026025,1.349124e-12,0.0001886385,0.001068402,False,0.001335,False
2022-04-09,RS03AXBS-MJ03A-06-PRESTA301,3,True,2022-04-09T00:00:09Z,2022-04-09T23:59:54Z,5760,5760,0,14.999925,15.000620842,14.99998865,-0.00080876,0,0,0,0,0.0,2.823615,19.783403,1.907259e-12,0.0001882411,0.001318895,False,0.001506,False
2022-04-10,RS03AXBS-MJ03A-06-PRESTA301,3,True,2022-04-10T00:00:09Z,2022-04-10T23:59:54Z,5760,5760,0,14.999925,15.000638962,14.999988659,0.002053141,0,0,0,0,0.0,2.818951,21.633857,1.459855e-12,0.0001879302,0.001442258,False,0.001574,False
2022-04-11,RS03AXBS-MJ03A-06-PRESTA301,3,True,2022-04-11T00:00:09Z,2022-04-11T23:59:54Z,5760,5760,0,14.999925,15.000629902,14.999988271,-0.000393495,0,0,0,0,0.0,3.270227,18.862515,2.553026e-12,0.0002180153,0.001257502,False,0.001362,False
2022-04-12,RS03AXBS-MJ03A-06-PRESTA301,3,True,2022-04-12T00:00:09Z,2022-04-12T23:59:54Z,5760,5760,0,14.999925,15.000631809,14.999988491,0.002401614,0,0,0,0,0.0,3.00711,20.000269,1.785438e-12,0.0002004742,0.001333352,False,0.001368,False
2022-04-13,RS03AXBS-MJ03A-06-PRESTA301,3,True,2022-04-13T00:00:09Z,2022-04-13T23:59:54Z,5760,5760,0,14.999925,15.000625134,14.999988826,0.0031954,0,0,0,0,0.0,2.87753,19.494806,2.233939e-12,0.0001918355,0.001299655,False,0.001396,False
2022-04-14,RS03AXBS-MJ03A-06-PRESTA301,3,True,2022-04-14T00:00:09Z,2022-04-14T23:59:54Z,5760,5760,0,14.999925,15.000616074,14.999987429,0.002106421,0,0,0,0,0.0,4.997405,23.7711,3.580361e-12,0.0003331606,0.001584741,False,0.001332,False
2022-04-15,RS03AXBS-MJ03A-06-PRESTA301,3,True,2022-04-15T00:00:09Z,2022-04-15T23:59:54Z,5760,5760,0,14.999925,15.000618935,14.999988865,0.004068181,0,0,0,0,0.0,3.459347,19.170922,2.331006e-12,0.0002306233,0.001278062,False,0.001354,False
2022-04-16,RS03AXBS-MJ03A-06-PRESTA301,3,True,2022-04-16T00:00:09Z,2022-04-16T23:59:54Z,5760,5760,0,14.999925,15.000589848,14.999988538,-0.002160082,0,0,0,0,0.0,2.817554,16.204044,1.993726e-12,0.0001878371,0.00108027,False,0.001345,False
2022-04-17,RS03AXBS-MJ03A-06-PRESTA301,3,True,2022-04-17T00:00:09Z,2022-04-17T23:59:53Z,5760,5760,0,14.999925,15.000563145,14.999988415,-1.1057e-05,0,0,0,0,0.0,2.834329,16.10105,1.605816e-12,0.0001889554,0.001073404,False,0.001325,False
2022-04-18,RS03AXBS-MJ03A-06-PRESTA301,3,True,2022-04-18T00:00:08Z,2022-04-18T23:59:53Z,5760,5760,0,14.999925,15.000556946,14.999988324,-0.000210054,0,0,0,0,0.0,2.944887,21.827782,1.248458e-12,0.0001963259,0.001455187,False,0.001749,False
2022-04-19,RS03AXBS-MJ03A-06-PRESTA301,3,True,2022-04-19T00:00:08Z,2022-04-19T23:59:53Z,5760,5760,0,14.999925,15.000566959,14.999988544,0.0057757,0,0,0,0,0.0,2.960984,16.156593,2.132723e-12,0.0001973991,0.001077107,False,0.001363,False
2022-04-20,RS03AXBS-MJ03A-06-PRESTA301,3,True,2022-04-20T00:00:08Z,2022-04-20T23:59:53Z,5760,5760,0,14.999925,15.000586987,14.999988023,0.000327988,0,0,0,0,0.0,3.172167,18.003204,1.103924e-12,0.000211478,0.001200215,False,0.001345,False
2022-04-21,RS03AXBS-MJ03A-06-PRESTA301,3,True,2022-04-21T00:00:08Z,2022-04-21T23:59:53Z,5760,5760,0,14.999925,15.000598907,14.999988479,-0.002438422,0,0,0,0,0.0,2.929257,19.983814,2.067291e-12,0.0001952839,0.001332255,False,0.00135,False
2022-04-22,RS03AXBS-MJ03A-06-PRESTA301,3,True,2022-04-22T00:00:08Z,2022-04-22T23:59:53Z,5741,5760,19,14.999925,15.000597,14.999988318,0.000513506,1,19,1,19,-0.0,2.859211,16.49449,-4.344161e-13,0.0001906142,0.001099634,False,0.00137,True
2022-04-23,RS03AXBS-MJ03A-06-PRESTA301,3,True,2022-04-23T00:00:08Z,2022-04-23T23:59:53Z,5760,5760,0,14.999925,15.000616074,14.999988292,-0.000696064,0,0,0,0,0.0,3.026481,18.408839,3.109093e-12,0.0002017655,0.001227257,False,0.001351,False
2022-04-24,RS03AXBS-MJ03A-06-PRESTA301,3,True,2022-04-24T00:00:08Z,2022-04-24T23:59:53Z,5760,5760,0,14.999925,15.000620842,14.999988587,0.00089114,0,0,0,0,0.0,3.089642,18.086768,2.463178e-12,0.0002059763,0.001205785,False,0.001496,False
2022-04-25,RS03AXBS-MJ03A-06-PRESTA301,3,True,2022-04-25T00:00:08Z,2022-04-25T23:59:53Z,5760,5760,0,14.999925,15.000614643,14.999987939,0.003744638,0,0,0,0,0.0,4.103986,20.346252,1.952747e-12,0.0002735993,0.001356418,False,0.001359,False
2022-04-26,RS03AXBS-MJ03A-06-PRESTA301,3,True,2022-04-26T00:00:08Z,2022-04-26T23:59:53Z,5760,5760,0,14.999925,15.000638008,14.999988265,-0.00093672,0,0,0,0,0.0,2.818752,20.489777,2.313199e-12,0.0001879169,0.001365986,False,0.001336,False
2022-04-27,RS03AXBS-MJ03A-06-PRESTA301,3,True,2022-04-27T00:00:08Z,2022-04-27T23:59:53Z,5760,5760,0,14.999925,15.000609875,14.999988578,-0.000222726,0,0,0,0,0.0,3.188798,17.969178,1.637576e-12,0.0002125867,0.001197946,False,0.001341,False
2022-04-28,RS03AXBS-MJ03A-06-PRESTA301,3,True,2022-04-28T00:00:08Z,2022-04-28T23:59:53Z,5760,5760,0,14.999925,15.000600815,14.999988099,-0.004547307,0,0,0,0,0.0,3.15741,17.672361,2.033476e-12,0.0002104941,0.001178158,False,0.001361,False
2022-04-29,RS03AXBS-MJ03A-06-PRESTA301,3,True,2022-04-29T00:00:08Z,2022-04-29T23:59:53Z,5742,5760,18,14.999925,15.000613689,14.999988526,-0.000419008,1,18,1,18,-0.0,2.822513,18.543518,-2.892825e-13,0.0001881676,0.001236235,False,0.001342,True
2022-04-30,RS03AXBS-MJ03A-06-PRESTA301,3,True,2022-04-30T00:00:08Z,2022-04-30T23:59:53Z,5760,5760,0,14.999925,15.000589848,14.999988406,0.004966555,0,0,0,0,0.0,2.828151,18.669049,1.284433e-12,0.0001885435,0.001244604,False,0.00144,False
2022-05-01,RS03AXBS-MJ03A-06-PRESTA301,3,True,2022-05-01T00:00:08Z,2022-05-01T23:59:53Z,5760,5760,0,14.999925,15.000611782,14.999988411,0.001924023,0,0,0,0,0.0,2.813129,16.288641,1.585781e-12,0.0001875421,0.00108591,False,0.001353,False
2022-05-02,RS03AXBS-MJ03A-06-PRESTA301,3,True,2022-05-02T00:00:08Z,2022-05-02T23:59:52Z,5760,5760,0,14.999925,15.000573635,14.999988516,-0.001650386,0,0,0,0,0.0,2.815762,20.048542,3.013621e-12,0.0001877176,0.00133657,False,0.001486,False
2022-05-03,RS03AXBS-MJ03A-06-PRESTA301,3,True,2022-05-03T00:00:07Z,2022-05-03T23:59:52Z,5760,5760,0,14.999925,15.000595093,14.999988446,-0.001485906,0,0,0,0,0.0,2.849396,20.031619,2.964946e-12,0.0001899599,0.001335442,False,0.001389,False
2022-05-04,RS03AXBS-MJ03A-06-PRESTA301,3,True,2022-05-04T00:00:07Z,2022-05-04T23:59:52Z,5760,5760,0,14.999925,15.000599861,14.999988581,-0.002401778,0,0,0,0,0.0,2.854633,16.499091,3.054846e-12,0.000190309,0.00109994,False,0.001325,False
2022-05-05,RS03AXBS-MJ03A-06-PRESTA301,3,True,2022-05-05T00:00:07Z,2022-05-05T23:59:52Z,5760,5760,0,14.999925,15.000609875,14.99998856,0.001504622,0,0,0,0,0.0,2.878393,19.611375,3.13898e-12,0.000191893,0.001307426,False,0.001522,False
2022-05-06,RS03AXBS-MJ03A-06-PRESTA301,3,True,2022-05-06T00:00:07Z,2022-05-06T23:59:52Z,5760,5760,0,14.999925,15.000627995,14.999988677,0.000479701,0,0,0,0,0.0,2.872416,21.219543,2.107466e-12,0.0001914946,0.001414637,False,0.001756,False
2022-05-07,RS03AXBS-MJ03A-06-PRESTA301,3,True,2022-05-07T00:00:07Z,2022-05-07T23:59:52Z,5760,5760,0,14.999925,15.000633717,14.999988498,4.1935e-05,0,0,0,0,0.0,3.081309,17.701106,2.544171e-12,0.0002054207,0.001180075,False,0.001342,False
2022-05-08,RS03AXBS-MJ03A-06-PRESTA301,3,True,2022-05-08T00:00:07Z,2022-05-08T23:59:52Z,5760,5760,0,14.999925,15.000631809,14.999988752,0.000135549,0,0,0,0,0.0,3.138552,18.998746,2.491171e-12,0.000209237,0.001266584,False,0.001511,False
2022-05-09,RS03AXBS-MJ03A-06-PRESTA301,3,True,2022-05-09T00:00:07Z,2022-05-09T23:59:52Z,5760,5760,0,14.999925,15.000648975,14.999988495,-0.000687705,0,0,0,0,0.0,2.869883,19.166796,1.241993e-12,0.0001913257,0.001277787,False,0.00136,False
2022-05-10,RS03AXBS-MJ03A-06-PRESTA301,3,True,2022-05-10T00:00:07Z,2022-05-10T23:59:52Z,5760,5760,0,14.999925,15.000648022,14.999988151,0.001970361,0,0,0,0,0.0,4.209561,21.779447,2.332984e-12,0.0002806376,0.001451964,False,0.001323,False
2022-05-11,RS03AXBS-MJ03A-06-PRESTA301,3,True,2022-05-11T00:00:07Z,2022-05-11T23:59:52Z,5760,5760,0,14.999925,15.000641346,14.99998864,0.008068375,0,0,0,0,0.0,3.592424,21.70823,4.700878e-13,0.0002394951,0.001447216,False,0.001321,False
2022-05-12,RS03AXBS-MJ03A-06-PRESTA301,3,True,2022-05-12T00:00:07Z,2022-05-12T23:59:52Z,5760,5760,0,14.999925,15.000633717,14.999988355,-0.000141644,0,0,0,0,0.0,2.924363,18.197895,2.55215e-12,0.0001949577,0.001213194,False,0.001352,False
2022-05-13,RS03AXBS-MJ03A-06-PRESTA301,3,True,2022-05-13T00:00:07Z,2022-05-13T23:59:52Z,5760,5760,0,14.999925,15.000617981,14.999988154,-0.002446399,0,0,0,0,0.0,2.890172,16.624063,1.839486e-12,0.0001926783,0.001108272,False,0.001352,False
2022-05-14,RS03AXBS-MJ03A-06-PRESTA301,3,True,2022-05-14T00:00:07Z,2022-05-14T23:59:52Z,5760,5760,0,14.999925,15.000597954,14.999988041,0.001335693,0,0,0,0,0.0,2.876781,22.18928,1.792254e-12,0.0001917856,0.001479287,False,0.001344,False
2022-05-15,RS03AXBS-MJ03A-06-PRESTA301,3,True,2022-05-15T00:00:07Z,2022-05-15T23:59:52Z,5760,5760,0,14.999925,15.000575066,14.99998834,0.000652102,0,0,0,0,0.0,2.801707,17.253995,2.505236e-12,0.0001867806,0.001150267,False,0.001324,False
2022-05-16,RS03AXBS-MJ03A-06-PRESTA301,3,True,2022-05-16T00:00:07Z,2022-05-16T23:59:52Z,5760,5760,0,14.999925,15.000551224,14.999988028,0.001313469,0,0,0,0,0.0,2.81514,16.435011,1.452294e-12,0.0001876762,0.001095668,False,0.001294,False
2022-05-17,RS03AXBS-MJ03A-06-PRESTA301,3,True,2022-05-17T00:00:07Z,2022-05-17T23:59:51Z,5760,5760,0,14.999925,15.000552177,14.999988344,0.000328018,0,0,0,0,0.0,2.869341,20.107012,2.738601e-12,0.0001912896,0.001340468,False,0.001361,False
2022-05-18,RS03AXBS-MJ03A-06-PRESTA301,3,True,2022-05-18T00:00:06Z,2022-05-18T23:59:51Z,5760,5760,0,14.999925,15.000543594,14.999988353,-0.001697012,0,0,0,0,0.0,3.483941,21.651968,1.765776e-12,0.0002322629,0.001443466,False,0.00167,False
2022-05-19,RS03AXBS-MJ03A-06-PRESTA301,3,True,2022-05-19T00:00:06Z,2022-05-19T23:59:51Z,5760,5760,0,14.999925,15.000568867,14.999988575,0.000657086,0,0,0,0,0.0,2.887852,17.082253,1.296546e-12,0.0001925236,0.001138818,False,0.001354,False
2022-05-20,RS03AXBS-MJ03A-06-PRESTA301,3,True,2022-05-20T00:00:06Z,2022-05-20T23:59:51Z,5760,5760,0,14.999925,15.000564098,14.999988476,-0.000510208,0,0,0,0,0.0,2.813604,16.929261,2.850444e-12,0.0001875738,0.001128618,False,0.001366,False
2022-05-21,RS03AXBS-MJ03A-06-PRESTA301,3,True,2022-05-21T00:00:06Z,2022-05-21T23:59:51Z,5760,5760,0,14.999925,15.000605583,14.999988408,0.004237465,0,0,0,0,0.0,2.861473,21.079375,1.317769e-12,0.000190765,0.001405293,False,0.001721,False
2022-05-22,RS03AXBS-MJ03A-06-PRESTA301,3,True,2022-05-22T00:00:06Z,2022-05-22T23:59:51Z,5760,5760,0,14.999925,15.000591278,14.999988897,0.001015633,0,0,0,0,0.0,3.769479,19.100313,2.91955e-12,0.0002512988,0.001273355,False,0.00137,False
2022-05-23,RS03AXBS-MJ03A-06-PRESTA301,3,True,2022-05-23T00:00:06Z,2022-05-23T23:59:51Z,5760,5760,0,14.999925,15.000605106,14.999988388,-0.003290663,0,0,0,0,0.0,2.942574,17.518051,2.740294e-12,0.0001961718,0.001167871,False,0.00135,False
2022-05-24,RS03AXBS-MJ03A-06-PRESTA301,3,True,2022-05-24T00:00:06Z,2022-05-24T23:59:51Z,5760,5760,0,14.999925,15.000626087,14.99998859,-0.001508664,0,0,0,0,0.0,2.913241,19.874916,2.130976e-12,0.0001942162,0.001324995,False,0.001382,False
2022-05-25,RS03AXBS-MJ03A-06-PRESTA301,3,True,2022-05-25T00:00:06Z,2022-05-25T23:59:51Z,5760,5760,0,14.999925,15.000617027,14.99998788,0.001314752,0,0,0,0,0.0,3.305672,18.949549,2.834181e-12,0.0002203783,0.001263304,False,0.001356,False
2022-05-26,RS03AXBS-MJ03A-06-PRESTA301,3,True,2022-05-26T00:00:06Z,2022-05-26T23:59:51Z,5760,5760,0,14.999925,15.000610352,14.999988388,0.003803513,0,0,0,0,0.0,3.032447,20.581149,3.225739e-12,0.0002021633,0.001372078,False,0.001322,False
2022-05-27,RS03AXBS-MJ03A-06-PRESTA301,3,True,2022-05-27T00:00:06Z,2022-05-27T23:59:51Z,5760,5760,0,14.999925,15.000595093,14.999988324,-0.00077706,0,0,0,0,0.0,2.897456,17.961658,1.889181e-12,0.0001931639,0.001197445,False,0.001361,False
2022-05-28,RS03AXBS-MJ03A-06-PRESTA301,3,True,2022-05-28T00:00:06Z,2022-05-28T23:59:51Z,5760,5760,0,14.999925,15.000604153,14.999988223,-0.00036711,0,0,0,0,0.0,2.825073,16.925733,1.450937e-12,0.0001883384,0.001128383,False,0.001347,False
2022-05-29,RS03AXBS-MJ03A-06-PRESTA301,3,True,2022-05-29T00:00:06Z,2022-05-29T23:59:51Z,5760,5760,0,14.999925,15.000572205,14.999988368,0.001237359,0,0,0,0,0.0,3.220009,18.370821,1.858318e-12,0.0002146674,0.001224722,False,0.001339,False
2022-05-30,RS03AXBS-MJ03A-06-PRESTA301,3,True,2022-05-30T00:00:06Z,2022-05-30T23:59:51Z,5760,5760,0,14.999925,15.00058794,14.999988305,0.000211169,0,0,0,0,0.0,2.924889,19.856186,1.811799e-12,0.0001949928,0.001323747,False,0.001517,False
2022-05-31,RS03AXBS-MJ03A-06-PRESTA301,3,True,2022-05-31T00:00:06Z,2022-05-31T23:59:51Z,5760,5760,0,14.999925,15.000585079,14.999988604,0.002144936,0,0,0,0,0.0,2.810204,16.663762,1.470709e-12,0.0001873471,0.001110918,False,0.001371,False
2022-06-01,RS03AXBS-MJ03A-06-PRESTA301,3,True,2022-06-01T00:00:06Z,2022-06-01T23:59:50Z,5760,5760,0,14.999925,15.000590801,14.999988709,-0.01182025,0,0,0,0,0.0,2.892205,21.07471,1.061604e-12,0.0001928138,0.001404982,False,0.00152,False
2022-06-02,RS03AXBS-MJ03A-06-PRESTA301,3,True,2022-06-02T00:00:05Z,2022-06-02T23:59:50Z,5760,5760,0,14.999925,15.00058794,14.999988489,-0.002838865,0,0,0,0,0.0,2.919205,17.425413,1.799834e-12,0.0001946138,0.001161695,False,0.001354,False
2022-06-03,RS03AXBS-MJ03A-06-PRESTA301,3,True,2022-06-03T00:00:05Z,2022-06-03T23:59:50Z,5760,5760,0,14.999925,15.000599861,14.999988316,0.003159323,0,0,0,0,0.0,3.675378,19.049764,1.168712e-12,0.0002450254,0.001269985,False,0.001346,False
2022-06-04,RS03AXBS-MJ03A-06-PRESTA301,3,True,2022-06-04T00:00:05Z,2022-06-04T23:59:50Z,5760,5760,0,14.999925,15.000618935,14.999988641,-0.002520454,0,0,0,0,0.0,3.180584,19.443802,7.111011e-13,0.0002120391,0.001296254,False,0.001392,False
2022-06-05,RS03AXBS-MJ03A-06-PRESTA301,3,True,2022-06-05T00:00:05Z,2022-06-05T23:59:50Z,5760,5760,0,14.999925,15.000616074,14.999987974,0.002133447,0,0,0,0,0.0,3.032197,20.501238,1.91799e-12,0.0002021467,0.00136675,False,0.001342,False
2022-06-06,RS03AXBS-MJ03A-06-PRESTA301,3,True,2022-06-06T00:00:05Z,2022-06-06T23:59:50Z,5760,5760,0,14.999925,15.000627995,14.999988262,0.003779977,0,0,0,0,0.0,2.913873,16.637069,2.414991e-12,0.0001942583,0.001109139,False,0.001344,False
2022-06-07,RS03AXBS-MJ03A-06-PRESTA301,3,True,2022-06-07T00:00:05Z,2022-06-07T23:59:50Z,5759,5760,1,14.999925,15.000628948,14.999988113,0.001713539,1,1,1,1,-0.0,2.952617,18.45633,-2.101111e-13,0.0001968413,0.001230423,False,0.001467,True
2022-06-08,RS03AXBS-MJ03A-06-PRESTA301,3,True,2022-06-08T00:00:05Z,2022-06-08T23:59:50Z,5760,5760,0,14.999925,15.000649929,14.999988478,0.000591094,0,0,0,0,0.0,3.122191,22.184073,2.571732e-12,0.0002081462,0.001478939,False,0.001509,False
2022-06-09,RS03AXBS-MJ03A-06-PRESTA301,3,True,2022-06-09T00:00:05Z,2022-06-09T23:59:50Z,5760,5760,0,14.999925,15.000639915,14.999988394,0.000449409,0,0,0,0,0.0,2.810393,15.812278,1.889695e-12,0.0001873597,0.001054153,False,0.001353,False
2022-06-10,RS03AXBS-MJ03A-06-PRESTA301,3,True,2022-06-10T00:00:05Z,2022-06-10T23:59:50Z,5760,5760,0,14.999925,15.000647068,14.999988589,-3.7512e-05,0,0,0,0,0.0,2.839711,20.58235,2.378452e-12,0.0001893142,0.001372158,False,0.00135,False
2022-06-11,RS03AXBS-MJ03A-06-PRESTA301,3,True,2022-06-11T00:00:05Z,2022-06-11T23:59:50Z,5760,5760,0,14.999925,15.000620842,14.999988764,-0.000775924,0,0,0,0,0.0,2.845063,19.589397,1.671899e-12,0.000189671,0.001305961,False,0.001436,False
2022-06-12,RS03AXBS-MJ03A-06-PRESTA301,3,True,2022-06-12T00:00:05Z,2022-06-12T23:59:50Z,5760,5760,0,14.999925,15.000575066,14.999988506,0.002052351,0,0,0,0,0.0,2.911145,16.770859,2.46366e-12,0.0001940765,0.001118058,False,0.001358,False
2022-06-13,RS03AXBS-MJ03A-06-PRESTA301,3,True,2022-06-13T00:00:05Z,2022-06-13T23:59:50Z,5760,5760,0,14.999925,15.000557899,14.999988482,-0.015860201,0,0,0,0,0.0,2.916044,17.998109,1.320289e-12,0.000194403,0.001199875,False,0.001322,False
2022-06-14,RS03AXBS-MJ03A-06-PRESTA301,3,True,2022-06-14T00:00:05Z,2022-06-14T23:59:50Z,5760,5760,0,14.999925,15.000540257,14.999988466,0.001949736,0,0,0,0,0.0,3.0309,17.940459,2.447832e-12,0.0002020601,0.001196031,False,0.001316,False
2022-06-15,RS03AXBS-MJ03A-06-PRESTA301,3,True,2022-06-15T00:00:05Z,2022-06-15T11:23:05Z,2733,2733,0,14.999925,15.000477552,14.999989117,0.000335805,0,0,0,0,-0.0,2.838956,16.079818,-2.914538e-13,0.0001892639,0.001071989,False,0.001305,False
2022-06-16,RS03AXBS-MJ03A-06-PRESTA301,3,False,,,0,0,,14.999925,,,,,,,,,,,,,,,,False
2022-06-17,RS03AXBS-MJ03A-06-PRESTA301,3,True,2022-06-17T22:31:17Z,2022-06-17T23:59:46Z,354,355,1,14.999925,15.000427723,14.999706143,-0.93591854,1,1,1,1,0.0,125.771353,935.91854,4.493204e-14,0.008384921,0.06239579,False,0.066795,True
2022-06-18,RS03AXBS-MJ03A-06-PRESTA301,3,True,2022-06-18T00:00:01Z,2022-06-18T23:59:46Z,5760,5760,0,14.999925,15.000576019,14.999988977,-0.00011302,0,0,0,0,0.0,3.24937,20.83633,2.079972e-12,0.0002166248,0.00138909,False,0.001339,False
2022-06-19,RS03AXBS-MJ03A-06-PRESTA301,3,True,2022-06-19T00:00:01Z,2022-06-19T23:59:46Z,5760,5760,0,14.999925,15.000605106,14.999988584,-0.004504202,0,0,0,0,0.0,3.607562,20.177035,2.796814e-12,0.0002405043,0.001345137,False,0.001364,False
2022-06-20,RS03AXBS-MJ03A-06-PRESTA301,3,True,2022-06-20T00:00:01Z,2022-06-20T23:59:46Z,5760,5760,0,14.999925,15.000627041,14.999989033,-0.006363633,0,0,0,0,0.0,3.237283,18.533472,2.430844e-12,0.000215819,0.001235566,False,0.001371,False
2022-06-21,RS03AXBS-MJ03A-06-PRESTA301,3,True,2022-06-21T00:00:01Z,2022-06-21T23:59:46Z,5760,5760,0,14.999925,15.000614166,14.999988286,-0.000851971,0,0,0,0,0.0,3.135125,19.774013,1.105905e-12,0.0002090085,0.001318269,False,0.001348,False
2022-06-22,RS03AXBS-MJ03A-06-PRESTA301,3,True,2022-06-22T00:00:01Z,2022-06-22T23:59:46Z,5760,5760,0,14.999925,15.000632763,14.999989003,-0.000621616,0,0,0,0,0.0,3.184702,18.025182,1.479485e-12,0.0002123137,0.00120168,False,0.001386,False
2022-06-23,RS03AXBS-MJ03A-06-PRESTA301,3,True,2022-06-23T00:00:01Z,2022-06-23T23:59:46Z,5760,5760,0,14.999925,15.000637054,14.999987128,-0.001209619,0,0,0,0,0.0,4.384581,22.737598,9.961335e-13,0.0002923057,0.001515841,False,0.001338,False
2022-06-24,RS03AXBS-MJ03A-06-PRESTA301,3,True,2022-06-24T00:00:01Z,2022-06-24T23:59:46Z,5760,5760,0,14.999925,15.00060463,14.999988854,0.006255315,0,0,0,0,0.0,3.342909,17.924278,2.119973e-12,0.0002228607,0.001194953,False,0.001339,False
2022-06-25,RS03AXBS-MJ03A-06-PRESTA301,3,True,2022-06-25T00:00:01Z,2022-06-25T23:59:46Z,5760,5760,0,14.999925,15.000579834,14.999988286,-0.001984056,0,0,0,0,0.0,2.920311,17.509691,2.394073e-12,0.0001946876,0.001167314,False,0.001312,False
2022-06-26,RS03AXBS-MJ03A-06-PRESTA301,3,True,2022-06-26T00:00:01Z,2022-06-26T23:59:46Z,5760,5760,0,14.999925,15.000576019,14.999987597,0.000434829,0,0,0,0,0.0,3.17348,18.71888,2.188172e-12,0.0002115655,0.001247926,False,0.001349,False
2022-06-27,RS03AXBS-MJ03A-06-PRESTA301,3,True,2022-06-27T00:00:01Z,2022-06-27T23:59:46Z,5760,5760,0,14.999925,15.000598431,14.99998878,-0.010031645,0,0,0,0,0.0,3.436425,18.095179,2.139567e-12,0.0002290952,0.001206346,False,0.001523,False
2022-06-28,RS03AXBS-MJ03A-06-PRESTA301,3,True,2022-06-28T00:00:01Z,2022-06-28T23:59:46Z,5760,5760,0,14.999925,15.000593185,14.999988316,0.002462575,0,0,0,0,0.0,3.152154,17.989885,1.299302e-12,0.0002101438,0.001199327,False,0.001322,False
2022-06-29,RS03AXBS-MJ03A-06-PRESTA301,3,True,2022-06-29T00:00:01Z,2022-06-29T23:59:46Z,5760,5760,0,14.999925,15.000596046,14.999988512,0.000889606,0,0,0,0,0.0,2.935528,16.586455,2.368396e-12,0.000195702,0.001105765,False,0.001365,False
2022-06-30,RS03AXBS-MJ03A-06-PRESTA301,3,True,2022-06-30T00:00:01Z,2022-06-30T23:59:46Z,5760,5760,0,14.999925,15.000583172,14.999988587,0.002035714,0,0,0,0,0.0,2.912942,16.860281,3.29338e-12,0.0001941963,0.00112402,False,0.001329,False
2022-07-01,RS03AXBS-MJ03A-06-PRESTA301,3,True,2022-07-01T00:00:01Z,2022-07-01T23:59:45Z,5760,5760,0,14.999925,15.000604153,14.999988254,-0.000866519,0,0,0,0,0.0,13.468032,996.840585,2.180934e-12,0.0008978695,0.06645609,False,0.066678,False
2022-07-02,RS03AXBS-MJ03A-06-PRESTA301,3,True,2022-07-02T00:00:00Z,2022-07-02T23:59:45Z,5760,5760,0,14.999925,15.000592232,14.999988495,-0.000447136,0,0,0,0,0.0,2.813277,20.450346,2.185554e-12,0.0001875519,0.001363357,False,0.001329,False
2022-07-03,RS03AXBS-MJ03A-06-PRESTA301,3,True,2022-07-03T00:00:00Z,2022-07-03T23:59:45Z,5760,5760,0,14.999925,15.000581264,14.999988526,0.000485872,0,0,0,0,0.0,2.98005,16.991059,3.741959e-12,0.0001986701,0.001132738,False,0.001301,False
2022-07-04,RS03AXBS-MJ03A-06-PRESTA301,3,True,2022-07-04T00:00:00Z,2022-07-04T23:59:45Z,5760,5760,0,14.999925,15.000613213,14.999988533,-0.000647954,0,0,0,0,0.0,2.855351,17.609904,2.572175e-12,0.0001903569,0.001173995,False,0.001345,False
2022-07-05,RS03AXBS-MJ03A-06-PRESTA301,3,True,2022-07-05T00:00:00Z,2022-07-05T23:59:56Z,5274,5761,487,14.999925,15.000604153,14.999377367,1.037577675,1,487,1,487,-0.0,1047.337972,2019.799633,-4.821492e-13,0.06982543,0.1346589,False,0.286494,True
2022-07-06,RS03AXBS-MJ03A-06-PRESTA301,3,True,2022-07-06T00:00:11Z,2022-07-06T23:59:56Z,5760,5760,0,14.999925,15.000626087,14.999988147,0.00056033,0,0,0,0,0.0,3.244982,18.019912,9.859674e-13,0.0002163323,0.001201328,False,0.001335,False
2022-07-07,RS03AXBS-MJ03A-06-PRESTA301,3,True,2022-07-07T00:00:11Z,2022-07-07T23:59:56Z,5760,5760,0,14.999925,15.000634193,14.999988707,0.001967901,0,0,0,0,0.0,3.043631,21.786587,1.346987e-12,0.0002029089,0.00145244,False,0.001355,False
2022-07-08,RS03AXBS-MJ03A-06-PRESTA301,3,True,2022-07-08T00:00:11Z,2022-07-08T23:59:56Z,5760,5760,0,14.999925,15.00063324,14.99998812,0.000925898,0,0,0,0,0.0,3.201708,18.072263,1.175123e-12,0.0002134473,0.001204818,False,0.001352,False
2022-07-09,RS03AXBS-MJ03A-06-PRESTA301,3,True,2022-07-09T00:00:11Z,2022-07-09T23:59:56Z,5760,5760,0,14.999925,15.000623226,14.999988319,0.000952761,0,0,0,0,0.0,2.827743,16.625392,3.237409e-12,0.0001885164,0.00110836,False,0.001341,False
2022-07-10,RS03AXBS-MJ03A-06-PRESTA301,3,True,2022-07-10T00:00:11Z,2022-07-10T23:59:56Z,5760,5760,0,14.999925,15.000593185,14.999988569,0.003935372,0,0,0,0,0.0,2.820838,16.772286,3.325119e-12,0.000188056,0.001118153,False,0.001341,False
2022-07-11,RS03AXBS-MJ03A-06-PRESTA301,3,True,2022-07-11T00:00:11Z,2022-07-11T23:59:56Z,5760,5760,0,14.999925,15.000563622,14.999987974,0.0026359,0,0,0,0,0.0,3.002405,19.560315,2.004917e-12,0.0002001605,0.001304022,False,0.001331,False
2022-07-12,RS03AXBS-MJ03A-06-PRESTA301,3,True,2022-07-12T00:00:11Z,2022-07-12T23:59:56Z,5760,5760,0,14.999925,15.000557423,14.999988117,0.002009016,0,0,0,0,0.0,3.313229,19.181975,1.382248e-12,0.0002208821,0.001278799,False,0.001365,False
2022-07-13,RS03AXBS-MJ03A-06-PRESTA301,3,True,2022-07-13T00:00:11Z,2022-07-13T23:59:56Z,5760,5760,0,14.999925,15.000547886,14.999988467,0.002273587,0,0,0,0,0.0,2.83375,20.126141,2.349608e-12,0.0001889168,0.001341744,False,0.001325,False
2022-07-14,RS03AXBS-MJ03A-06-PRESTA301,3,True,2022-07-14T00:00:11Z,2022-07-14T23:59:56Z,5760,5760,0,14.999925,15.000571728,14.999988223,0.003089804,0,0,0,0,0.0,3.026569,21.588738,2.325681e-12,0.0002017714,0.00143925,False,0.001615,False
2022-07-15,RS03AXBS-MJ03A-06-PRESTA301,3,True,2022-07-15T00:00:11Z,2022-07-15T23:59:56Z,5760,5760,0,14.999925,15.00055933,14.999987929,0.004237195,0,0,0,0,0.0,3.51044,18.44415,2.38527e-12,0.0002340295,0.001229611,False,0.001335,False
2022-07-16,RS03AXBS-MJ03A-06-PRESTA301,3,True,2022-07-16T00:00:11Z,2022-07-16T23:59:56Z,5760,5760,0,14.999925,15.000553131,14.999988335,0.002959425,0,0,0,0,0.0,5.194324,24.333513,2.55212e-12,0.0003462886,0.001622235,False,0.001486,False
2022-07-17,RS03AXBS-MJ03A-06-PRESTA301,3,True,2022-07-17T00:00:11Z,2022-07-17T23:59:55Z,5760,5760,0,14.999925,15.000586033,14.999988565,-0.00317454,0,0,0,0,0.0,3.207784,19.905101,2.43668e-12,0.0002138524,0.001327008,False,0.001537,False
2022-07-18,RS03AXBS-MJ03A-06-PRESTA301,3,True,2022-07-18T00:00:10Z,2022-07-18T23:59:55Z,5760,5760,0,14.999925,15.000616074,14.999988554,-0.002208206,0,0,0,0,0.0,3.000262,17.231152,1.882048e-12,0.0002000176,0.001148744,False,0.001346,False
2022-07-19,RS03AXBS-MJ03A-06-PRESTA301,3,True,2022-07-19T00:00:10Z,2022-07-19T23:59:55Z,5760,5760,0,14.999925,15.000631809,14.9999881,-0.002045454,0,0,0,0,0.0,2.817472,19.78276,1.23238e-12,0.0001878316,0.001318852,False,0.001375,False
2022-07-20,RS03AXBS-MJ03A-06-PRESTA301,3,True,2022-07-20T00:00:10Z,2022-07-20T23:59:55Z,5760,5760,0,14.999925,15.000617981,14.999988333,-0.001640261,0,0,0,0,0.0,2.914652,21.140968,1.684066e-12,0.0001943103,0.001409399,False,0.001356,False
2022-07-21,RS03AXBS-MJ03A-06-PRESTA301,3,True,2022-07-21T00:00:10Z,2022-07-21T23:59:55Z,5760,5760,0,14.999925,15.000640869,14.999988304,0.002024119,0,0,0,0,0.0,2.884204,16.565151,3.412704e-12,0.0001922804,0.001104344,False,0.001348,False
2022-07-22,RS03AXBS-MJ03A-06-PRESTA301,3,True,2022-07-22T00:00:10Z,2022-07-22T23:59:55Z,5760,5760,0,14.999925,15.000641346,14.999988409,0.005956988,0,0,0,0,0.0,3.468247,19.870615,1.221111e-12,0.0002312166,0.001324709,False,0.001486,False
2022-07-23,RS03AXBS-MJ03A-06-PRESTA301,3,True,2022-07-23T00:00:10Z,2022-07-23T23:59:55Z,5760,5760,0,14.999925,15.00061512,14.999988228,-0.002216108,0,0,0,0,0.0,2.853018,18.834677,2.534627e-12,0.0001902013,0.001255646,False,0.001497,False
2022-07-24,RS03AXBS-MJ03A-06-PRESTA301,3,True,2022-07-24T00:00:10Z,2022-07-24T23:59:55Z,5760,5760,0,14.999925,15.000614166,14.999988276,0.002096893,0,0,0,0,0.0,2.837807,15.830835,3.692143e-12,0.0001891873,0.00105539,False,0.001371,False
2022-07-25,RS03AXBS-MJ03A-06-PRESTA301,3,True,2022-07-25T00:00:10Z,2022-07-25T23:59:55Z,5760,5760,0,14.999925,15.000592232,14.999988078,0.001372241,0,0,0,0,0.0,3.327011,17.851698,2.950349e-12,0.0002218009,0.001190114,False,0.001305,False
2022-07-26,RS03AXBS-MJ03A-06-PRESTA301,3,True,2022-07-26T00:00:10Z,2022-07-26T23:59:55Z,5760,5760,0,14.999925,15.000599384,14.999988149,0.003438626,0,0,0,0,0.0,2.972687,22.412853,2.584974e-12,0.0001981793,0.001494191,False,0.001658,False
2022-07-27,RS03AXBS-MJ03A-06-PRESTA301,3,True,2022-07-27T00:00:10Z,2022-07-27T23:59:55Z,5760,5760,0,14.999925,15.000612259,14.999987926,0.008719895,0,0,0,0,0.0,3.314698,18.110995,1.536935e-12,0.00022098,0.001207401,False,0.00132,False
2022-07-28,RS03AXBS-MJ03A-06-PRESTA301,3,True,2022-07-28T00:00:10Z,2022-07-28T23:59:55Z,5759,5760,1,14.999925,15.000591278,14.999987706,0.003806039,1,1,1,1,-0.0,2.995565,22.230648,-5.40547e-13,0.0001997045,0.001482044,False,0.001392,True
2022-07-29,RS03AXBS-MJ03A-06-PRESTA301,3,True,2022-07-29T00:00:10Z,2022-07-29T23:59:55Z,5760,5760,0,14.999925,15.000605106,14.999988168,1.4875e-05,0,0,0,0,0.0,3.031001,21.130188,2.051484e-12,0.0002020669,0.00140868,False,0.001368,False
2022-07-30,RS03AXBS-MJ03A-06-PRESTA301,3,True,2022-07-30T00:00:10Z,2022-07-30T23:59:55Z,5760,5760,0,14.999925,15.000598431,14.99998837,0.000228788,0,0,0,0,0.0,2.892124,16.747446,1.814425e-12,0.0001928084,0.001116497,False,0.001354,False
2022-07-31,RS03AXBS-MJ03A-06-PRESTA301,3,True,2022-07-31T00:00:10Z,2022-07-31T23:59:54Z,5760,5760,0,14.999925,15.000599861,14.999988083,0.003496801,0,0,0,0,0.0,13.530229,1002.423026,3.208296e-12,0.000902016,0.06682825,False,0.067679,False
2022-08-01,RS03AXBS-MJ03A-06-PRESTA301,3,True,2022-08-01T00:00:10Z,2022-08-01T23:59:54Z,5760,5760,0,14.999925,15.000607967,14.99998824,0.00192967,0,0,0,0,0.0,2.873511,21.757681,2.628299e-12,0.0001915676,0.001450513,False,0.001366,False
2022-08-02,RS03AXBS-MJ03A-06-PRESTA301,3,True,2022-08-02T00:00:09Z,2022-08-02T23:59:54Z,5621,5760,139,14.999925,15.000614166,14.999988417,0.000716575,3,139,3,139,-0.0,2.923964,17.209501,-2.757588e-13,0.0001949311,0.001147301,False,0.005779,True
2022-08-03,RS03AXBS-MJ03A-06-PRESTA301,3,True,2022-08-03T00:00:09Z,2022-08-03T23:59:54Z,5760,5760,0,14.999925,15.000638962,14.999988956,-0.003014933,0,0,0,0,0.0,3.158257,18.175625,1.285802e-12,0.0002105506,0.001211709,False,0.001342,False
2022-08-04,RS03AXBS-MJ03A-06-PRESTA301,3,True,2022-08-04T00:00:09Z,2022-08-04T23:59:54Z,5760,5760,0,14.999925,15.0006423,14.999987923,0.00521086,0,0,0,0,0.0,2.799446,19.776375,1.825263e-12,0.0001866299,0.001318426,False,0.0015,False
2022-08-05,RS03AXBS-MJ03A-06-PRESTA301,3,True,2022-08-05T00:00:09Z,2022-08-05T23:59:54Z,5760,5760,0,14.999925,15.000646114,14.999988298,0.001233135,0,0,0,0,0.0,2.909245,17.329142,9.120446e-13,0.0001939498,0.001155277,False,0.001362,False
2022-08-06,RS03AXBS-MJ03A-06-PRESTA301,3,True,2022-08-06T00:00:09Z,2022-08-06T23:59:54Z,5760,5760,0,14.999925,15.000631332,14.999988117,0.002083965,0,0,0,0,0.0,2.955589,19.553169,2.93144e-12,0.0001970394,0.001303546,False,0.001517,False
2022-08-07,RS03AXBS-MJ03A-06-PRESTA301,3,True,2022-08-07T00:00:09Z,2022-08-07T23:59:54Z,5760,5760,0,14.999925,15.000612259,14.999987981,0.003290584,0,0,0,0,0.0,3.351701,22.243266,2.396904e-12,0.0002234469,0.001482886,False,0.001504,False
2022-08-08,RS03AXBS-MJ03A-06-PRESTA301,3,True,2022-08-08T00:00:09Z,2022-08-08T23:59:54Z,5760,5760,0,14.999925,15.000592232,14.99998794,0.000347177,0,0,0,0,0.0,2.863195,16.378809,1.642626e-12,0.0001908798,0.001091921,False,0.001349,False
2022-08-09,RS03AXBS-MJ03A-06-PRESTA301,3,True,2022-08-09T00:00:09Z,2022-08-09T23:59:54Z,5760,5760,0,14.999925,15.000566006,14.999988094,0.004048583,0,0,0,0,0.0,2.935317,19.101848,2.228478e-12,0.0001956879,0.001273458,False,0.001457,False
2022-08-10,RS03AXBS-MJ03A-06-PRESTA301,3,True,2022-08-10T00:00:09Z,2022-08-10T23:59:54Z,5760,5760,0,14.999925,15.000555992,14.999988171,0.004579854,0,0,0,0,0.0,3.325789,17.950923,3.076325e-12,0.0002217195,0.001196729,False,0.00134,False
2022-08-11,RS03AXBS-MJ03A-06-PRESTA301,3,True,2022-08-11T00:00:09Z,2022-08-11T23:59:54Z,5760,5760,0,14.999925,15.000535965,14.999988129,-0.000120386,0,0,0,0,0.0,3.262066,18.135418,2.630333e-12,0.0002174712,0.001209029,False,0.001355,False
2022-08-12,RS03AXBS-MJ03A-06-PRESTA301,3,True,2022-08-12T00:00:09Z,2022-08-12T23:59:54Z,5760,5760,0,14.999925,15.000565052,14.999988467,0.004255633,0,0,0,0,0.0,3.070697,19.66565,1.547687e-12,0.0002047133,0.001311044,False,0.001487,False
2022-08-13,RS03AXBS-MJ03A-06-PRESTA301,3,True,2022-08-13T00:00:09Z,2022-08-13T23:59:51Z,5153,5760,607,14.999925,15.000551462,14.99922509,0.870120728,1,607,1,607,-0.0,648.052444,1361.945785,-1.118973e-12,0.04320573,0.09080108,False,0.222463,True
2022-08-14,RS03AXBS-MJ03A-06-PRESTA301,3,True,2022-08-14T00:00:06Z,2022-08-14T23:59:51Z,5760,5760,0,14.999925,15.000536442,14.999988378,0.000754132,0,0,0,0,0.0,3.081002,22.171399,1.816629e-12,0.0002054003,0.001478094,False,0.001557,False
2022-08-15,RS03AXBS-MJ03A-06-PRESTA301,3,True,2022-08-15T00:00:06Z,2022-08-15T23:59:50Z,5760,5760,0,14.999925,15.000581264,14.999988248,0.003380136,0,0,0,0,0.0,2.933754,17.995482,3.755508e-12,0.0001955838,0.0011997,False,0.001351,False
2022-08-16,RS03AXBS-MJ03A-06-PRESTA301,3,True,2022-08-16T00:00:05Z,2022-08-16T23:59:50Z,5760,5760,0,14.999925,15.000607014,14.999987991,0.002664412,0,0,0,0,0.0,13.462948,998.466378,4.730223e-13,0.0008975306,0.06656448,False,0.066662,False
2022-08-17,RS03AXBS-MJ03A-06-PRESTA301,3,True,2022-08-17T00:00:05Z,2022-08-17T23:59:50Z,5760,5760,0,14.999925,15.000605106,14.999987066,0.004001722,0,0,0,0,0.0,3.445967,19.241488,2.131285e-12,0.0002297313,0.001282767,False,0.001509,False
2022-08-18,RS03AXBS-MJ03A-06-PRESTA301,3,True,2022-08-18T00:00:05Z,2022-08-18T23:59:50Z,5760,5760,0,14.999925,15.000623226,14.999987815,0.001244818,0,0,0,0,0.0,2.89518,19.949803,1.656885e-12,0.0001930122,0.001329988,False,0.001571,False
2022-08-19,RS03AXBS-MJ03A-06-PRESTA301,3,True,2022-08-19T00:00:05Z,2022-08-19T23:59:50Z,5760,5760,0,14.999925,15.000627995,14.999988356,0.001183206,0,0,0,0,0.0,2.951093,16.944139,1.44277e-12,0.0001967397,0.00112961,False,0.001337,False
2022-08-20,RS03AXBS-MJ03A-06-PRESTA301,3,True,2022-08-20T00:00:05Z,2022-08-20T23:59:50Z,5760,5760,0,14.999925,15.000617981,14.999988002,0.002359483,0,0,0,0,0.0,3.169767,17.268089,2.005963e-12,0.000211318,0.001151207,False,0.00133,False
2022-08-21,RS03AXBS-MJ03A-06-PRESTA301,3,True,2022-08-21T00:00:05Z,2022-08-21T23:59:50Z,5760,5760,0,14.999925,15.000605106,14.999988313,0.000709466,0,0,0,0,0.0,2.889073,18.917329,1.438293e-12,0.000192605,0.001261156,False,0.001331,False
2022-08-22,RS03AXBS-MJ03A-06-PRESTA301,3,True,2022-08-22T00:00:05Z,2022-08-22T23:59:50Z,5760,5760,0,14.999925,15.000615597,14.999987443,-0.001430342,0,0,0,0,0.0,3.109626,17.460963,1.184908e-12,0.0002073086,0.001164065,False,0.001321,False
2022-08-23,RS03AXBS-MJ03A-06-PRESTA301,3,True,2022-08-23T00:00:05Z,2022-08-23T23:59:50Z,5760,5760,0,14.999925,15.000631809,14.999987082,0.010341164,0,0,0,0,0.0,4.36498,21.27051,1.950076e-12,0.0002909989,0.001418035,False,0.001426,False
2022-08-24,RS03AXBS-MJ03A-06-PRESTA301,3,True,2022-08-24T00:00:05Z,2022-08-24T23:59:50Z,5760,5760,0,14.999925,15.000604153,14.999987648,-0.001542432,0,0,0,0,0.0,3.373874,21.80602,2.209457e-12,0.0002249251,0.001453736,False,0.001512,False
2022-08-25,RS03AXBS-MJ03A-06-PRESTA301,3,True,2022-08-25T00:00:05Z,2022-08-25T23:59:50Z,5760,5760,0,14.999925,15.000594139,14.999988018,0.001967594,0,0,0,0,0.0,3.384401,18.794159,2.819758e-12,0.0002256269,0.001252945,False,0.001345,False
2022-08-26,RS03AXBS-MJ03A-06-PRESTA301,3,True,2022-08-26T00:00:05Z,2022-08-26T23:59:50Z,5760,5760,0,14.999925,15.000590801,14.999986966,0.007646301,0,0,0,0,0.0,3.74193,18.606021,1.083893e-12,0.0002494622,0.001240402,False,0.001429,False
2022-08-27,RS03AXBS-MJ03A-06-PRESTA301,3,True,2022-08-27T00:00:05Z,2022-08-27T23:59:50Z,5760,5760,0,14.999925,15.000596046,14.999987619,0.006526837,0,0,0,0,0.0,4.219476,21.297653,2.037648e-12,0.0002812987,0.001419845,False,0.001375,False
2022-08-28,RS03AXBS-MJ03A-06-PRESTA301,3,True,2022-08-28T00:00:05Z,2022-08-28T23:59:50Z,5760,5760,0,14.999925,15.000589848,14.999988568,0.005052089,0,0,0,0,0.0,3.092386,17.371796,1.361382e-12,0.0002061592,0.001158121,False,0.001298,False
2022-08-29,RS03AXBS-MJ03A-06-PRESTA301,3,True,2022-08-29T00:00:05Z,2022-08-29T02:18:05Z,553,553,0,14.999925,15.000654459,14.999987523,0.000263319,0,0,0,0,0.0,2.874447,15.629543,5.306408e-14,0.00019163,0.00104197,False,0.001314,False
2022-08-30,RS03AXBS-MJ03A-06-PRESTA301,0,False,,,0,0,,,,,,,,,,,,,,,,,,False
2022-08-31,RS03AXBS-MJ03A-06-PRESTA301,4,True,2022-08-31T00:00:02Z,2022-08-31T23:59:47Z,5707,5760,53,14.999925,14.999502897,15.000002524,-0.00255641,1,53,1,53,-0.0,2.856548,18.227274,-8.590188e-13,0.0001904365,0.001215151,False,0.001656,True
2022-09-01,RS03AXBS-MJ03A-06-PRESTA301,4,True,2022-09-01T00:00:02Z,2022-09-01T23:59:47Z,5760,5760,0,14.999925,14.999507427,15.000002636,0.004921555,0,0,0,0,0.0,2.943298,16.621623,3.729037e-12,0.0001962198,0.001108108,False,0.001343,False
2022-09-02,RS03AXBS-MJ03A-06-PRESTA301,4,True,2022-09-02T00:00:02Z,2022-09-02T23:59:47Z,5760,5760,0,14.999925,14.999491692,15.000002035,0.006680866,0,0,0,0,0.0,3.194402,17.662261,2.075435e-12,0.0002129601,0.001177484,False,0.001349,False
2022-09-03,RS03AXBS-MJ03A-06-PRESTA301,4,True,2022-09-03T00:00:02Z,2022-09-03T23:59:47Z,5760,5760,0,14.999925,14.999495983,15.000002944,0.003461496,0,0,0,0,0.0,2.960905,20.742432,2.031382e-12,0.0001973936,0.001382829,False,0.00138,False
2022-09-04,RS03AXBS-MJ03A-06-PRESTA301,4,True,2022-09-04T00:00:02Z,2022-09-04T23:59:47Z,5760,5760,0,14.999925,14.999495983,15.000003056,0.001543304,0,0,0,0,0.0,3.053404,16.780119,3.208722e-12,0.0002035602,0.001118674,False,0.001344,False
2022-09-05,RS03AXBS-MJ03A-06-PRESTA301,4,True,2022-09-05T00:00:02Z,2022-09-05T23:59:48Z,5760,5760,0,14.999925,14.999501228,15.000002757,-0.001058592,0,0,0,0,0.0,13.519374,1001.729314,1.192648e-12,0.0009012915,0.06678194,False,0.066741,False
2022-09-06,RS03AXBS-MJ03A-06-PRESTA301,4,True,2022-09-06T00:00:03Z,2022-09-06T23:59:48Z,5760,5760,0,14.999925,14.999490261,15.000002946,-0.001404697,0,0,0,0,0.0,13.508945,1001.392424,1.658452e-12,0.0009005961,0.06675948,False,0.066852,False
2022-09-07,RS03AXBS-MJ03A-06-PRESTA301,4,True,2022-09-07T00:00:03Z,2022-09-07T23:59:48Z,5760,5760,0,14.999925,14.999478817,15.000002667,0.00036978,0,0,0,0,0.0,2.90371,16.817901,1.114863e-12,0.0001935807,0.001121193,False,0.00141,False
2022-09-08,RS03AXBS-MJ03A-06-PRESTA301,4,True,2022-09-08T00:00:03Z,2022-09-08T23:59:48Z,5760,5760,0,14.999925,14.999452114,15.000002849,0.003360055,0,0,0,0,0.0,3.053058,20.823158,2.138668e-12,0.0002035372,0.00138821,False,0.001362,False
2022-09-09,RS03AXBS-MJ03A-06-PRESTA301,4,True,2022-09-09T00:00:03Z,2022-09-09T23:59:48Z,5760,5760,0,14.999925,14.999475002,15.000002883,-0.000459199,0,0,0,0,0.0,3.008011,21.523538,1.872629e-12,0.000200534,0.001434902,False,0.001382,False
2022-09-10,RS03AXBS-MJ03A-06-PRESTA301,4,True,2022-09-10T00:00:03Z,2022-09-10T23:59:48Z,5760,5760,0,14.999925,14.999452114,15.000002329,0.002752894,0,0,0,0,0.0,2.959982,16.632206,7.979407e-13,0.0001973321,0.001108814,False,0.001334,False
2022-09-11,RS03AXBS-MJ03A-06-PRESTA301,4,True,2022-09-11T00:00:03Z,2022-09-11T23:59:48Z,5760,5760,0,14.999925,14.999460697,15.000002303,-0.001103983,0,0,0,0,0.0,2.888356,20.754437,2.277948e-12,0.0001925571,0.001383629,False,0.00138,False
2022-09-12,RS03AXBS-MJ03A-06-PRESTA301,4,True,2022-09-12T00:00:03Z,2022-09-12T23:59:48Z,5760,5760,0,14.999925,14.99950695,15.000002663,0.000688056,0,0,0,0,0.0,2.904722,18.839778,1.871369e-12,0.0001936481,0.001255985,False,0.001371,False
2022-09-13,RS03AXBS-MJ03A-06-PRESTA301,4,True,2022-09-13T00:00:03Z,2022-09-13T23:59:48Z,5760,5760,0,14.999925,14.999494076,15.000002157,-0.00018085,0,0,0,0,0.0,2.905086,16.678985,7.241147e-13,0.0001936724,0.001111932,False,0.001362,False
2022-09-14,RS03AXBS-MJ03A-06-PRESTA301,4,True,2022-09-14T00:00:03Z,2022-09-14T23:59:48Z,5760,5760,0,14.999925,14.999496937,15.000002717,-0.002760948,0,0,0,0,0.0,2.982891,17.328784,2.969249e-12,0.0001988594,0.001155252,False,0.001347,False
2022-09-15,RS03AXBS-MJ03A-06-PRESTA301,4,True,2022-09-15T00:00:03Z,2022-09-15T23:59:48Z,5760,5760,0,14.999925,14.999505043,15.00000248,-7.4e-05,0,0,0,0,0.0,3.088131,18.763386,2.532892e-12,0.0002058754,0.001250892,False,0.001358,False
2022-09-16,RS03AXBS-MJ03A-06-PRESTA301,4,True,2022-09-16T00:00:03Z,2022-09-16T23:59:48Z,5760,5760,0,14.999925,14.999509811,15.000002577,0.003944494,0,0,0,0,0.0,2.898883,16.550037,2.723822e-12,0.0001932589,0.001103336,False,0.001333,False
2022-09-17,RS03AXBS-MJ03A-06-PRESTA301,4,True,2022-09-17T00:00:03Z,2022-09-17T23:59:48Z,5760,5760,0,14.999925,14.999516964,15.00000276,-0.002349552,0,0,0,0,0.0,2.90056,21.289888,1.503979e-12,0.0001933706,0.001419326,False,0.001388,False
2022-09-18,RS03AXBS-MJ03A-06-PRESTA301,4,True,2022-09-18T00:00:03Z,2022-09-18T23:59:48Z,5760,5760,0,14.999925,14.999510765,15.000002291,0.002980047,0,0,0,0,0.0,2.897808,19.74512,1.42357e-12,0.0001931872,0.001316341,False,0.00134,False
2022-09-19,RS03AXBS-MJ03A-06-PRESTA301,4,True,2022-09-19T00:00:03Z,2022-09-19T23:59:48Z,5760,5760,0,14.999925,14.999513149,15.000002616,0.001715723,0,0,0,0,0.0,2.950629,17.396776,2.272597e-12,0.0001967086,0.001159785,False,0.001364,False
2022-09-20,RS03AXBS-MJ03A-06-PRESTA301,4,True,2022-09-20T00:00:03Z,2022-09-20T23:59:48Z,5760,5760,0,14.999925,14.999500751,15.000002121,-0.011992399,0,0,0,0,0.0,2.997336,21.468896,2.798427e-12,0.0001998224,0.00143126,False,0.001354,False
2022-09-21,RS03AXBS-MJ03A-06-PRESTA301,4,True,2022-09-21T00:00:03Z,2022-09-21T23:59:48Z,5760,5760,0,14.999925,14.999499798,15.000002242,0.003796665,0,0,0,0,0.0,3.020209,19.788258,2.17017e-12,0.0002013472,0.001319217,False,0.001365,False
2022-09-22,RS03AXBS-MJ03A-06-PRESTA301,4,True,2022-09-22T00:00:03Z,2022-09-22T23:59:48Z,5760,5760,0,14.999925,14.999514103,15.000002357,-0.000908092,0,0,0,0,0.0,2.81499,16.266865,2.575773e-12,0.000187666,0.001084458,False,0.001389,False
2022-09-23,RS03AXBS-MJ03A-06-PRESTA301,4,True,2022-09-23T00:00:03Z,2022-09-23T23:59:48Z,5760,5760,0,14.999925,14.999505997,15.000002229,0.000276173,0,0,0,0,0.0,2.857833,21.234151,1.841667e-12,0.0001905222,0.00141561,False,0.001351,False
2022-09-24,RS03AXBS-MJ03A-06-PRESTA301,4,True,2022-09-24T00:00:03Z,2022-09-24T23:59:48Z,5760,5760,0,14.999925,14.999493122,15.000002459,0.002353391,0,0,0,0,0.0,3.096718,20.213527,1.898987e-12,0.0002064479,0.001347568,False,0.001797,False
2022-09-25,RS03AXBS-MJ03A-06-PRESTA301,4,True,2022-09-25T00:00:03Z,2022-09-25T23:59:48Z,5760,5760,0,14.999925,14.999491692,15.000002561,0.000788024,0,0,0,0,0.0,2.853458,15.978777,2.012249e-12,0.0001902305,0.001065252,False,0.001373,False
2022-09-26,RS03AXBS-MJ03A-06-PRESTA301,4,True,2022-09-26T00:00:03Z,2022-09-26T23:59:48Z,5760,5760,0,14.999925,14.999496937,15.000002615,-0.000395572,0,0,0,0,0.0,2.8331,17.907956,2.739907e-13,0.0001888733,0.001193864,False,0.001396,False
2022-09-27,RS03AXBS-MJ03A-06-PRESTA301,4,True,2022-09-27T00:00:03Z,2022-09-27T23:59:48Z,5760,5760,0,14.999925,14.999500275,15.000002128,0.000508247,0,0,0,0,0.0,2.840283,20.185922,2.972658e-12,0.0001893522,0.001345728,False,0.001354,False
2022-09-28,RS03AXBS-MJ03A-06-PRESTA301,4,True,2022-09-28T00:00:03Z,2022-09-28T23:59:48Z,5760,5760,0,14.999925,14.999482155,15.000002409,0.002082204,0,0,0,0,0.0,2.92556,17.671584,1.044617e-12,0.0001950373,0.001178105,False,0.001367,False
2022-09-29,RS03AXBS-MJ03A-06-PRESTA301,4,True,2022-09-29T00:00:03Z,2022-09-29T23:59:48Z,5760,5760,0,14.999925,14.999475002,15.000002657,0.000621552,0,0,0,0,0.0,3.358449,17.965726,2.950966e-12,0.0002238966,0.001197715,False,0.001339,False
2022-09-30,RS03AXBS-MJ03A-06-PRESTA301,4,True,2022-09-30T00:00:03Z,2022-09-30T23:59:48Z,5760,5760,0,14.999925,14.999508381,15.000002836,0.000773591,0,0,0,0,0.0,2.876056,19.57645,2.208103e-12,0.000191737,0.001305096,False,0.001361,False
2022-10-01,RS03AXBS-MJ03A-06-PRESTA301,4,True,2022-10-01T00:00:03Z,2022-10-01T23:59:48Z,5760,5760,0,14.999925,14.999527931,15.000002442,-0.000325569,0,0,0,0,0.0,2.807934,16.350132,2.902118e-12,0.0001871956,0.001090009,False,0.001348,False
2022-10-02,RS03AXBS-MJ03A-06-PRESTA301,4,True,2022-10-02T00:00:03Z,2022-10-02T23:59:48Z,5760,5760,0,14.999925,14.999474049,15.000002318,-0.012030041,0,0,0,0,0.0,2.849738,20.120157,1.999169e-12,0.0001899825,0.001341344,False,0.001412,False
2022-10-03,RS03AXBS-MJ03A-06-PRESTA301,4,True,2022-10-03T00:00:03Z,2022-10-03T23:59:48Z,5760,5760,0,14.999925,14.999501705,15.000002263,0.002353473,0,0,0,0,0.0,2.98983,19.468791,3.391585e-12,0.000199322,0.001297919,False,0.001353,False
2022-10-04,RS03AXBS-MJ03A-06-PRESTA301,4,True,2022-10-04T00:00:03Z,2022-10-04T23:59:48Z,5760,5760,0,14.999925,14.99950695,15.000002122,0.001408686,0,0,0,0,0.0,2.83786,16.388554,2.823304e-12,0.0001891907,0.00109257,False,0.001354,False
2022-10-05,RS03AXBS-MJ03A-06-PRESTA301,4,True,2022-10-05T00:00:03Z,2022-10-05T23:59:48Z,5760,5760,0,14.999925,14.999527931,15.000001904,0.003982762,0,0,0,0,0.0,2.836299,20.095799,2.277054e-12,0.0001890866,0.00133972,False,0.001334,False
2022-10-06,RS03AXBS-MJ03A-06-PRESTA301,4,True,2022-10-06T00:00:03Z,2022-10-06T23:59:48Z,5760,5760,0,14.999925,14.999502659,15.000002485,0.001631632,0,0,0,0,0.0,2.882613,17.909879,1.990671e-12,0.0001921742,0.001193992,False,0.00136,False
2022-10-07,RS03AXBS-MJ03A-06-PRESTA301,4,True,2022-10-07T00:00:03Z,2022-10-07T23:59:48Z,5760,5760,0,14.999925,14.999505043,15.000002145,-0.000630155,0,0,0,0,0.0,3.464203,19.023306,1.725062e-12,0.0002309468,0.00126822,False,0.00136,False
2022-10-08,RS03AXBS-MJ03A-06-PRESTA301,4,True,2022-10-08T00:00:03Z,2022-10-08T23:59:48Z,5758,5760,2,14.999925,14.999457836,15.000002544,-0.003092329,1,2,1,2,-0.0,3.289874,18.173491,-1.298773e-12,0.0002193249,0.001211566,False,0.001381,True
2022-10-09,RS03AXBS-MJ03A-06-PRESTA301,4,True,2022-10-09T00:00:03Z,2022-10-09T23:59:48Z,5760,5760,0,14.999925,14.999503136,15.000002738,0.004461425,0,0,0,0,0.0,3.181184,22.331806,2.028245e-12,0.0002120789,0.001488787,False,0.001681,False
2022-10-10,RS03AXBS-MJ03A-06-PRESTA301,4,True,2022-10-10T00:00:03Z,2022-10-10T23:59:48Z,5760,5760,0,14.999925,14.999490261,15.000002756,0.004715651,0,0,0,0,0.0,2.849886,16.477545,1.9508e-12,0.0001899924,0.001098503,False,0.001397,False
2022-10-11,RS03AXBS-MJ03A-06-PRESTA301,4,True,2022-10-11T00:00:03Z,2022-10-11T23:59:48Z,5760,5760,0,14.999925,14.999502182,15.00000276,0.001282067,0,0,0,0,0.0,2.902653,18.298018,1.245553e-12,0.0001935102,0.001219868,False,0.001378,False
2022-10-12,RS03AXBS-MJ03A-06-PRESTA301,4,True,2022-10-12T00:00:03Z,2022-10-12T23:59:48Z,5760,5760,0,14.999925,14.999479294,15.000001999,0.000997957,0,0,0,0,0.0,2.845746,19.850598,2.962476e-12,0.0001897164,0.001323373,False,0.001329,False
2022-10-13,RS03AXBS-MJ03A-06-PRESTA301,4,True,2022-10-13T00:00:03Z,2022-10-13T23:59:48Z,5760,5760,0,14.999925,14.9994874,15.000002087,0.002219226,0,0,0,0,0.0,3.114666,17.981291,1.317313e-12,0.0002076444,0.001198753,False,0.001355,False
2022-10-14,RS03AXBS-MJ03A-06-PRESTA301,4,True,2022-10-14T00:00:03Z,2022-10-14T23:59:48Z,5760,5760,0,14.999925,14.999502182,15.000002321,-0.014031888,0,0,0,0,0.0,3.059534,22.439727,5.924491e-14,0.0002039689,0.001495982,False,0.001373,False
2022-10-15,RS03AXBS-MJ03A-06-PRESTA301,4,True,2022-10-15T00:00:03Z,2022-10-15T23:59:48Z,5760,5760,0,14.999925,14.999501705,15.000002552,0.000453642,0,0,0,0,0.0,2.864615,17.649755,2.569983e-12,0.0001909743,0.00117665,False,0.001365,False
2022-10-16,RS03AXBS-MJ03A-06-PRESTA301,4,True,2022-10-16T00:00:03Z,2022-10-16T23:59:48Z,5760,5760,0,14.999925,14.999503613,15.000002949,0.002080781,0,0,0,0,0.0,2.878169,16.796981,1.961065e-12,0.0001918779,0.001119799,False,0.001327,False
2022-10-17,RS03AXBS-MJ03A-06-PRESTA301,4,True,2022-10-17T00:00:03Z,2022-10-17T23:59:48Z,5760,5760,0,14.999925,14.999505043,15.000002518,0.003407019,0,0,0,0,0.0,2.830607,18.628144,2.046866e-12,0.0001887071,0.001241876,False,0.001373,False
2022-10-18,RS03AXBS-MJ03A-06-PRESTA301,4,True,2022-10-18T00:00:03Z,2022-10-18T23:59:48Z,5760,5760,0,14.999925,14.999513149,15.00000248,0.002286007,0,0,0,0,0.0,4.159045,21.379325,2.103535e-12,0.0002772696,0.001425288,False,0.001368,False
2022-10-19,RS03AXBS-MJ03A-06-PRESTA301,4,True,2022-10-19T00:00:03Z,2022-10-19T23:59:48Z,5729,5760,31,14.999925,14.999527931,15.00000232,-0.002454335,1,31,1,31,-0.0,3.359229,19.001076,-1.457143e-12,0.0002239486,0.001266738,False,0.001328,True
2022-10-20,RS03AXBS-MJ03A-06-PRESTA301,4,True,2022-10-20T00:00:03Z,2022-10-20T23:59:48Z,5760,5760,0,14.999925,14.999512672,15.000004271,-0.003149486,0,0,0,0,0.0,4.071855,21.555492,1.134795e-12,0.0002714569,0.001437032,False,0.001373,False
2022-10-21,RS03AXBS-MJ03A-06-PRESTA301,4,True,2022-10-21T00:00:03Z,2022-10-21T23:59:48Z,5760,5760,0,14.999925,14.999501228,15.000004788,-0.007865231,0,0,0,0,0.0,4.406881,21.411075,1.886555e-12,0.0002937919,0.001427405,False,0.001354,False
2022-10-22,RS03AXBS-MJ03A-06-PRESTA301,4,True,2022-10-22T00:00:03Z,2022-10-22T23:59:48Z,5760,5760,0,14.999925,14.999523163,15.000002725,-0.001827152,0,0,0,0,0.0,3.010308,17.174784,2.037535e-12,0.0002006872,0.001144985,False,0.001357,False
2022-10-23,RS03AXBS-MJ03A-06-PRESTA301,4,True,2022-10-23T00:00:03Z,2022-10-23T23:59:48Z,5760,5760,0,14.999925,14.999510288,15.000002806,0.001027647,0,0,0,0,0.0,2.834846,21.569665,2.153286e-12,0.0001889897,0.001437977,False,0.001338,False
2022-10-24,RS03AXBS-MJ03A-06-PRESTA301,4,True,2022-10-24T00:00:03Z,2022-10-24T23:59:48Z,5760,5760,0,14.999925,14.999480724,15.000002326,0.003059709,0,0,0,0,0.0,2.992494,19.170433,2.755049e-12,0.0001994996,0.001278029,False,0.001472,False
2022-10-25,RS03AXBS-MJ03A-06-PRESTA301,4,True,2022-10-25T00:00:03Z,2022-10-25T23:59:48Z,5760,5760,0,14.999925,14.999485016,15.000002461,-0.001466663,0,0,0,0,0.0,2.862343,16.994011,6.003452e-13,0.0001908228,0.001132934,False,0.001359,False
2022-10-26,RS03AXBS-MJ03A-06-PRESTA301,4,True,2022-10-26T00:00:03Z,2022-10-26T23:59:48Z,5760,5760,0,14.999925,14.99949789,15.000002386,-0.01304521,0,0,0,0,0.0,2.797428,21.957347,2.680741e-12,0.0001864952,0.001463823,False,0.001479,False
2022-10-27,RS03AXBS-MJ03A-06-PRESTA301,4,True,2022-10-27T00:00:03Z,2022-10-27T23:59:48Z,5760,5760,0,14.999925,14.999500275,15.000002737,-0.002856546,0,0,0,0,0.0,2.964064,19.137822,3.605534e-12,0.0001976042,0.001275855,False,0.00137,False
2022-10-28,RS03AXBS-MJ03A-06-PRESTA301,4,True,2022-10-28T00:00:03Z,2022-10-28T23:59:48Z,5760,5760,0,14.999925,14.999515057,15.000002951,0.00268837,0,0,0,0,0.0,2.924206,16.63424,3.071004e-12,0.000194947,0.001108949,False,0.001343,False
2022-10-29,RS03AXBS-MJ03A-06-PRESTA301,4,True,2022-10-29T00:00:03Z,2022-10-29T23:59:48Z,5760,5760,0,14.999925,14.99948597,15.000002514,-0.001216235,0,0,0,0,0.0,3.528102,23.504876,1.171895e-12,0.0002352067,0.001566991,False,0.001352,False
2022-10-30,RS03AXBS-MJ03A-06-PRESTA301,4,True,2022-10-30T00:00:03Z,2022-10-30T23:59:48Z,5760,5760,0,14.999925,14.999495983,15.000002164,0.002441047,0,0,0,0,0.0,2.878287,19.876426,1.176879e-12,0.0001918858,0.001325095,False,0.001363,False
2022-10-31,RS03AXBS-MJ03A-06-PRESTA301,4,True,2022-10-31T00:00:03Z,2022-10-31T23:59:58Z,5578,5760,182,14.999925,14.999514103,15.001027908,-1.66428416,2,182,2,182,0.0,1546.708852,5837.588597,9.531387e-13,0.1031069,0.3891459,False,0.338606,True
2022-11-01,RS03AXBS-MJ03A-06-PRESTA301,4,True,2022-11-01T00:00:13Z,2022-11-01T23:59:58Z,5760,5760,0,14.999925,14.999501228,15.000002868,-0.002477305,0,0,0,0,0.0,2.850225,16.976125,1.336942e-12,0.0001900149,0.001131741,False,0.001356,False
2022-11-02,RS03AXBS-MJ03A-06-PRESTA301,4,True,2022-11-02T00:00:13Z,2022-11-02T23:59:58Z,5760,5760,0,14.999925,14.999495983,15.000002378,-0.001479753,0,0,0,0,0.0,2.927643,21.136179,3.016331e-12,0.0001951762,0.001409078,False,0.001375,False
2022-11-03,RS03AXBS-MJ03A-06-PRESTA301,4,True,2022-11-03T00:00:13Z,2022-11-03T23:59:58Z,5731,5760,29,14.999925,14.999499798,15.000002472,-0.001893787,1,29,1,29,0.0,3.232428,17.423297,1.600034e-12,0.0002154952,0.001161553,False,0.001395,True
2022-11-04,RS03AXBS-MJ03A-06-PRESTA301,4,True,2022-11-04T00:00:13Z,2022-11-04T23:59:58Z,5760,5760,0,14.999925,14.999505043,15.000002725,0.001194086,0,0,0,0,0.0,2.95207,18.725112,2.653683e-12,0.0001968046,0.001248341,False,0.001396,False
2022-11-05,RS03AXBS-MJ03A-06-PRESTA301,4,True,2022-11-05T00:00:13Z,2022-11-05T23:59:58Z,5760,5760,0,14.999925,14.999489784,15.000002682,-0.001835388,0,0,0,0,0.0,2.848413,19.54557,3.093333e-13,0.0001898942,0.001303038,False,0.001306,False
2022-11-06,RS03AXBS-MJ03A-06-PRESTA301,4,True,2022-11-06T00:00:13Z,2022-11-06T23:59:58Z,5760,5760,0,14.999925,14.999479771,15.000002719,-0.002139993,0,0,0,0,0.0,2.861161,16.688208,1.80215e-12,0.000190744,0.001112547,False,0.001364,False
2022-11-07,RS03AXBS-MJ03A-06-PRESTA301,4,True,2022-11-07T00:00:13Z,2022-11-07T23:59:58Z,5760,5760,0,14.999925,14.999512196,15.000002296,-0.001992042,0,0,0,0,0.0,2.817462,18.107694,1.721286e-12,0.0001878308,0.001207179,False,0.001344,False
2022-11-08,RS03AXBS-MJ03A-06-PRESTA301,4,True,2022-11-08T00:00:13Z,2022-11-08T23:59:58Z,5760,5760,0,14.999925,14.999483109,15.000002584,-5.2028e-05,0,0,0,0,0.0,2.780745,16.411108,1.958018e-12,0.0001853829,0.001094074,False,0.001359,False
2022-11-09,RS03AXBS-MJ03A-06-PRESTA301,4,True,2022-11-09T00:00:13Z,2022-11-09T23:59:58Z,5760,5760,0,14.999925,14.999504089,15.000002705,0.002229226,0,0,0,0,0.0,2.834954,16.610005,2.118464e-12,0.0001889969,0.001107333,False,0.001347,False
2022-11-10,RS03AXBS-MJ03A-06-PRESTA301,4,True,2022-11-10T00:00:13Z,2022-11-10T23:59:58Z,5760,5760,0,14.999925,14.999464989,15.000002219,-0.000297742,0,0,0,0,0.0,2.826613,20.385291,2.20889e-12,0.0001884408,0.001359019,False,0.001391,False
2022-11-11,RS03AXBS-MJ03A-06-PRESTA301,4,True,2022-11-11T00:00:13Z,2022-11-11T23:59:58Z,5760,5760,0,14.999925,14.999515057,15.000002457,-0.002419852,0,0,0,0,0.0,2.77775,15.805895,2.313491e-12,0.0001851833,0.001053726,False,0.001356,False
2022-11-12,RS03AXBS-MJ03A-06-PRESTA301,4,True,2022-11-12T00:00:13Z,2022-11-12T23:59:58Z,5760,5760,0,14.999925,14.999505997,15.000002501,0.001104604,0,0,0,0,0.0,2.993139,17.496317,2.15485e-12,0.0001995426,0.001166421,False,0.00135,False
2022-11-13,RS03AXBS-MJ03A-06-PRESTA301,4,True,2022-11-13T00:00:13Z,2022-11-13T23:59:58Z,5760,5760,0,14.999925,14.999501228,15.00000237,0.001076673,0,0,0,0,0.0,2.830716,22.720917,2.633663e-12,0.0001887144,0.001514728,False,0.001533,False
2022-11-14,RS03AXBS-MJ03A-06-PRESTA301,4,True,2022-11-14T00:00:13Z,2022-11-14T23:59:59Z,5760,5760,0,14.999925,14.999492168,15.00000244,-0.003030038,0,0,0,0,0.0,2.836357,16.955134,1.982021e-12,0.0001890905,0.001130342,False,0.001402,False
2022-11-15,RS03AXBS-MJ03A-06-PRESTA301,4,True,2022-11-15T00:00:14Z,2022-11-15T23:59:59Z,5760,5760,0,14.999925,14.999509335,15.000002554,-0.013714006,0,0,0,0,0.0,3.002062,19.607146,2.193709e-12,0.0002001374,0.001307143,False,0.0015,False
2022-11-16,RS03AXBS-MJ03A-06-PRESTA301,4,True,2022-11-16T00:00:14Z,2022-11-16T23:59:59Z,5760,5760,0,14.999925,14.999510765,15.000003028,0.003732715,0,0,0,0,0.0,3.290314,18.126116,6.601168e-13,0.0002193542,0.001208407,False,0.001358,False
2022-11-17,RS03AXBS-MJ03A-06-PRESTA301,4,True,2022-11-17T00:00:14Z,2022-11-17T23:59:59Z,5760,5760,0,14.999925,14.999513149,15.000001398,0.004566366,0,0,0,0,0.0,3.467529,17.772288,1.397745e-12,0.0002311686,0.001184819,False,0.001346,False
2022-11-18,RS03AXBS-MJ03A-06-PRESTA301,4,True,2022-11-18T00:00:14Z,2022-11-18T23:59:59Z,5760,5760,0,14.999925,14.999532223,14.999999732,0.000264288,0,0,0,0,0.0,2.866103,21.253026,1.951152e-12,0.0001910735,0.001416868,False,0.001491,False
2022-11-19,RS03AXBS-MJ03A-06-PRESTA301,4,True,2022-11-19T00:00:14Z,2022-11-19T23:59:59Z,5760,5760,0,14.999925,14.99952507,14.999999633,-0.001288162,0,0,0,0,0.0,2.970605,21.384441,2.055716e-12,0.0001980403,0.001425629,False,0.00135,False
2022-11-20,RS03AXBS-MJ03A-06-PRESTA301,4,True,2022-11-20T00:00:14Z,2022-11-20T23:59:59Z,5760,5760,0,14.999925,14.999511719,14.999999215,-0.000807862,0,0,0,0,0.0,3.319035,18.407701,1.197068e-12,0.000221269,0.00122718,False,0.001358,False
2022-11-21,RS03AXBS-MJ03A-06-PRESTA301,4,True,2022-11-21T00:00:14Z,2022-11-21T23:59:59Z,5760,5760,0,14.999925,14.999508381,14.999998498,-0.000981992,0,0,0,0,0.0,2.796414,20.36106,2.058557e-12,0.0001864276,0.001357404,False,0.001355,False
2022-11-22,RS03AXBS-MJ03A-06-PRESTA301,4,True,2022-11-22T00:00:14Z,2022-11-22T23:59:59Z,5760,5760,0,14.999925,14.99951458,15.00000017,-0.000497597,0,0,0,0,0.0,2.940637,18.489416,2.536103e-12,0.0001960424,0.001232628,False,0.001391,False
2022-11-23,RS03AXBS-MJ03A-06-PRESTA301,4,True,2022-11-23T00:00:14Z,2022-11-23T23:59:59Z,5760,5760,0,14.999925,14.999464035,15.000000048,-0.003299295,0,0,0,0,0.0,2.874956,16.643904,8.557113e-13,0.0001916637,0.001109594,False,0.001318,False
2022-11-24,RS03AXBS-MJ03A-06-PRESTA301,4,True,2022-11-24T00:00:14Z,2022-11-24T23:59:59Z,5760,5760,0,14.999925,14.999454021,15.000000223,0.002442517,0,0,0,0,0.0,2.906157,16.398307,2.953216e-12,0.0001937438,0.00109322,False,0.001396,False
2022-11-25,RS03AXBS-MJ03A-06-PRESTA301,4,True,2022-11-25T00:00:14Z,2022-11-25T23:59:59Z,5760,5760,0,14.999925,14.999464989,15.000000501,0.001503352,0,0,0,0,0.0,2.92608,20.260331,1.790535e-12,0.000195072,0.001350689,False,0.001404,False
2022-11-26,RS03AXBS-MJ03A-06-PRESTA301,4,True,2022-11-26T00:00:14Z,2022-11-26T23:59:59Z,5760,5760,0,14.999925,14.999490738,15.000001444,-0.000897353,0,0,0,0,0.0,2.820662,16.346239,3.536269e-12,0.0001880441,0.001089749,False,0.001343,False
2022-11-27,RS03AXBS-MJ03A-06-PRESTA301,4,True,2022-11-27T00:00:14Z,2022-11-27T23:59:59Z,5760,5760,0,14.999925,14.999482632,15.000001433,-0.000889768,0,0,0,0,0.0,2.902008,19.553106,1.431189e-12,0.0001934672,0.00130354,False,0.00138,False
2022-11-28,RS03AXBS-MJ03A-06-PRESTA301,4,True,2022-11-28T00:00:14Z,2022-11-28T23:59:59Z,5760,5760,0,14.999925,14.999515057,15.000000286,-0.002102923,0,0,0,0,0.0,2.936367,20.700733,1.707372e-12,0.0001957578,0.001380049,False,0.001351,False
2022-11-29,RS03AXBS-MJ03A-06-PRESTA301,4,True,2022-11-29T00:00:14Z,2022-11-29T20:37:59Z,4952,4952,0,14.999925,14.999514103,14.999999038,0.003570857,0,0,0,0,0.0,2.821952,16.478739,1.411923e-12,0.0001881301,0.001098583,False,0.001336,False
2022-11-30,RS03AXBS-MJ03A-06-PRESTA301,4,False,,,0,0,,14.999925,,,,,,,,,,,,,,,,False
2022-12-01,RS03AXBS-MJ03A-06-PRESTA301,4,True,2022-12-01T23:19:49Z,2022-12-01T23:59:57Z,160,162,2,14.999925,14.999594212,14.991895885,-6.121949533,1,2,1,2,0.0,1158.593146,6151.586032,5.22915e-15,0.0772813,0.4103274,True,0.466767,True
2022-12-02,RS03AXBS-MJ03A-06-PRESTA301,4,True,2022-12-02T00:00:12Z,2022-12-02T23:59:57Z,5760,5760,0,14.999925,14.999536037,14.999998823,-0.001447693,0,0,0,0,0.0,2.864993,18.946904,7.003217e-13,0.0001909996,0.001263127,False,0.001383,False
2022-12-03,RS03AXBS-MJ03A-06-PRESTA301,4,True,2022-12-03T00:00:12Z,2022-12-03T23:59:57Z,5760,5760,0,14.999925,14.999529839,14.999999501,-0.01495914,0,0,0,0,0.0,2.89435,20.845788,2.931091e-12,0.0001929567,0.001389719,False,0.001667,False
2022-12-04,RS03AXBS-MJ03A-06-PRESTA301,4,True,2022-12-04T00:00:12Z,2022-12-04T23:59:57Z,5760,5760,0,14.999925,14.999526978,14.99999978,-0.001690486,0,0,0,0,0.0,2.767884,15.743497,1.708167e-12,0.0001845256,0.001049566,False,0.001315,False
2022-12-05,RS03AXBS-MJ03A-06-PRESTA301,4,True,2022-12-05T00:00:12Z,2022-12-05T23:59:57Z,5760,5760,0,14.999925,14.999521732,15.000000441,0.000797317,0,0,0,0,0.0,2.971627,19.129492,7.341309e-13,0.0001981084,0.001275299,False,0.001387,False
2022-12-06,RS03AXBS-MJ03A-06-PRESTA301,4,True,2022-12-06T00:00:12Z,2022-12-06T23:59:57Z,5760,5760,0,14.999925,14.999515533,15.000001678,0.003485342,0,0,0,0,0.0,2.861146,23.062489,2.699525e-12,0.000190743,0.001537499,False,0.001654,False
2022-12-07,RS03AXBS-MJ03A-06-PRESTA301,4,True,2022-12-07T00:00:12Z,2022-12-07T23:59:57Z,5760,5760,0,14.999925,14.999501228,15.000000698,-0.001557052,0,0,0,0,0.0,2.803934,16.344838,2.059804e-12,0.0001869289,0.001089656,False,0.001322,False
2022-12-08,RS03AXBS-MJ03A-06-PRESTA301,4,True,2022-12-08T00:00:12Z,2022-12-08T23:59:57Z,5760,5760,0,14.999925,14.999480724,15.000000052,0.00029539,0,0,0,0,0.0,2.998311,18.111694,2.245609e-12,0.0001998874,0.001207446,False,0.001393,False
2022-12-09,RS03AXBS-MJ03A-06-PRESTA301,4,True,2022-12-09T00:00:12Z,2022-12-09T23:59:57Z,5760,5760,0,14.999925,14.999500751,15.000000532,-0.000299686,0,0,0,0,0.0,2.835734,22.29246,9.202725e-13,0.000189049,0.001486164,False,0.001391,False
2022-12-10,RS03AXBS-MJ03A-06-PRESTA301,4,True,2022-12-10T00:00:12Z,2022-12-10T23:59:57Z,5760,5760,0,14.999925,14.999493122,15.000001285,-0.003519553,0,0,0,0,-0.0,2.84812,16.398511,-1.195236e-13,0.0001898746,0.001093234,False,0.00138,False
2022-12-11,RS03AXBS-MJ03A-06-PRESTA301,4,True,2022-12-11T00:00:12Z,2022-12-11T23:59:57Z,5760,5760,0,14.999925,14.999533653,15.000000138,-0.0010562,0,0,0,0,0.0,2.798466,21.008628,2.953251e-12,0.0001865644,0.001400575,False,0.001345,False
2022-12-12,RS03AXBS-MJ03A-06-PRESTA301,4,True,2022-12-12T00:00:12Z,2022-12-12T23:59:57Z,5760,5760,0,14.999925,14.999504089,14.999999471,-0.001404403,0,0,0,0,0.0,2.888912,20.183945,1.772025e-12,0.0001925942,0.001345596,False,0.001393,False
2022-12-13,RS03AXBS-MJ03A-06-PRESTA301,4,True,2022-12-13T00:00:12Z,2022-12-13T23:59:57Z,5760,5760,0,14.999925,14.999528885,14.999998747,-0.001486299,0,0,0,0,0.0,2.836298,16.080867,1.839012e-12,0.0001890865,0.001072058,False,0.001352,False
2022-12-14,RS03AXBS-MJ03A-06-PRESTA301,4,True,2022-12-14T00:00:12Z,2022-12-14T23:59:57Z,5760,5760,0,14.999925,14.999534607,14.999999492,0.001598799,0,0,0,0,0.0,2.801429,20.848736,2.683175e-12,0.0001867619,0.001389916,False,0.001491,False
2022-12-15,RS03AXBS-MJ03A-06-PRESTA301,4,True,2022-12-15T00:00:12Z,2022-12-15T23:59:57Z,5760,5760,0,14.999925,14.999526024,15.000000767,0.004786994,0,0,0,0,0.0,3.03039,20.343041,2.524122e-12,0.000202026,0.001356203,False,0.001623,False
2022-12-16,RS03AXBS-MJ03A-06-PRESTA301,4,True,2022-12-16T00:00:12Z,2022-12-16T23:59:57Z,5760,5760,0,14.999925,14.999533176,15.000000805,-0.000315783,0,0,0,0,0.0,3.093631,17.101228,2.827632e-12,0.0002062421,0.001140082,False,0.001354,False
2022-12-17,RS03AXBS-MJ03A-06-PRESTA301,4,True,2022-12-17T00:00:12Z,2022-12-17T23:59:57Z,5760,5760,0,14.999925,14.9995327,15.000001122,0.000455389,0,0,0,0,0.0,3.140688,18.301944,2.289351e-12,0.0002093792,0.00122013,False,0.001361,False
2022-12-18,RS03AXBS-MJ03A-06-PRESTA301,4,True,2022-12-18T00:00:12Z,2022-12-18T23:59:57Z,5760,5760,0,14.999925,14.999524117,15.000000474,-0.003652148,0,0,0,0,0.0,2.819317,18.853476,2.430374e-12,0.0001879544,0.001256898,False,0.001354,False
2022-12-19,RS03AXBS-MJ03A-06-PRESTA301,4,True,2022-12-19T00:00:12Z,2022-12-19T23:59:57Z,5760,5760,0,14.999925,14.999511719,15.000000905,-0.001004447,0,0,0,0,0.0,2.890731,17.256461,2.097693e-12,0.0001927154,0.001150431,False,0.001366,False
2022-12-20,RS03AXBS-MJ03A-06-PRESTA301,4,True,2022-12-20T00:00:12Z,2022-12-20T23:59:57Z,5760,5760,0,14.999925,14.999536037,15.00000044,-0.000851746,0,0,0,0,0.0,2.852697,20.625966,1.564946e-12,0.0001901798,0.001375064,False,0.001367,False
2022-12-21,RS03AXBS-MJ03A-06-PRESTA301,4,True,2022-12-21T00:00:12Z,2022-12-21T23:59:57Z,5760,5760,0,14.999925,14.999484062,15.00000043,-0.001693554,0,0,0,0,0.0,3.076622,20.354462,3.015843e-12,0.0002051081,0.001356964,False,0.001448,False
2022-12-22,RS03AXBS-MJ03A-06-PRESTA301,4,True,2022-12-22T00:00:12Z,2022-12-22T23:59:57Z,5760,5760,0,14.999925,14.999464035,15.000001071,0.003142717,0,0,0,0,0.0,2.829677,15.969325,3.620552e-12,0.0001886451,0.001064622,False,0.001373,False
2022-12-23,RS03AXBS-MJ03A-06-PRESTA301,4,True,2022-12-23T00:00:12Z,2022-12-23T23:59:57Z,5760,5760,0,14.999925,14.999492168,15.000001048,-0.000306376,0,0,0,0,0.0,3.03115,16.841722,1.04243e-12,0.0002020766,0.001122781,False,0.00135,False
2022-12-24,RS03AXBS-MJ03A-06-PRESTA301,4,True,2022-12-24T00:00:12Z,2022-12-24T23:59:57Z,5760,5760,0,14.999925,14.999493122,15.000001104,0.000493696,0,0,0,0,0.0,2.842475,20.569497,2.773779e-12,0.0001894983,0.0013713,False,0.001347,False
2022-12-25,RS03AXBS-MJ03A-06-PRESTA301,4,True,2022-12-25T00:00:12Z,2022-12-25T23:59:57Z,5760,5760,0,14.999925,14.999456882,15.000001113,-0.002405572,0,0,0,0,0.0,2.894015,17.509536,1.159026e-12,0.0001929343,0.001167302,False,0.001389,False
2022-12-26,RS03AXBS-MJ03A-06-PRESTA301,4,True,2022-12-26T00:00:12Z,2022-12-26T23:59:57Z,5760,5760,0,14.999925,14.999496937,15.000001245,-0.000456449,0,0,0,0,0.0,2.884815,18.787083,1.753462e-12,0.000192321,0.001252472,False,0.001338,False
2022-12-27,RS03AXBS-MJ03A-06-PRESTA301,4,True,2022-12-27T00:00:12Z,2022-12-27T23:59:57Z,5567,5760,193,14.999925,14.999521494,15.000002016,-0.00118184,4,193,4,193,-0.0,3.070048,18.48801,-1.568551e-12,0.0002046699,0.001232534,False,0.001834,True
2022-12-28,RS03AXBS-MJ03A-06-PRESTA301,4,True,2022-12-28T00:00:12Z,2022-12-28T23:59:57Z,5760,5760,0,14.999925,14.999540806,15.000002574,-0.000606624,0,0,0,0,0.0,3.484863,17.898315,1.178821e-12,0.0002323242,0.001193221,False,0.00136,False
2022-12-29,RS03AXBS-MJ03A-06-PRESTA301,4,True,2022-12-29T00:00:12Z,2022-12-29T23:59:57Z,5760,5760,0,14.999925,14.99948597,15.000002329,-0.00358925,0,0,0,0,0.0,2.988971,20.356417,1.962997e-12,0.0001992647,0.001357094,False,0.001359,False
2022-12-30,RS03AXBS-MJ03A-06-PRESTA301,4,True,2022-12-30T00:00:12Z,2022-12-30T23:59:57Z,5760,5760,0,14.999925,14.999524117,15.000002374,0.004442429,0,0,0,0,0.0,2.948183,21.039211,2.75024e-12,0.0001965455,0.001402614,False,0.001381,False
2022-12-31,RS03AXBS-MJ03A-06-PRESTA301,4,True,2022-12-31T00:00:12Z,2022-12-31T23:59:57Z,5760,5760,0,14.999925,14.999531269,15.000002284,0.000868227,0,0,0,0,0.0,3.15225,18.266012,1.415731e-12,0.0002101499,0.001217734,False,0.001335,False
2023-01-01,RS03AXBS-MJ03A-06-PRESTA301,4,True,2023-01-01T00:00:12Z,2023-01-01T23:59:57Z,5760,5760,0,14.999925,14.99950695,14.999998753,0.002916567,0,0,0,0,0.0,2.811612,21.035524,1.173872e-12,0.0001874408,0.001402368,False,0.001343,False
2023-01-02,RS03AXBS-MJ03A-06-PRESTA301,4,True,2023-01-02T00:00:12Z,2023-01-02T23:59:57Z,5760,5760,0,14.999925,14.999517918,14.999999469,-0.000290284,0,0,0,0,0.0,3.320372,17.852034,2.140293e-12,0.0002213582,0.001190136,False,0.001358,False
2023-01-03,RS03AXBS-MJ03A-06-PRESTA301,4,True,2023-01-03T00:00:12Z,2023-01-03T23:59:57Z,5760,5760,0,14.999925,14.999513149,15.000000157,-0.00082377,0,0,0,0,0.0,2.988415,16.52926,1.268938e-12,0.0001992276,0.001101951,False,0.00136,False
2023-01-04,RS03AXBS-MJ03A-06-PRESTA301,4,True,2023-01-04T00:00:12Z,2023-01-04T23:59:57Z,5760,5760,0,14.999925,14.999507904,15.000001364,0.003288566,0,0,0,0,0.0,3.081338,19.002264,1.149e-12,0.0002054225,0.001266817,False,0.001379,False
2023-01-05,RS03AXBS-MJ03A-06-PRESTA301,4,True,2023-01-05T00:00:12Z,2023-01-05T23:59:57Z,5760,5760,0,14.999925,14.999495029,15.000002244,0.000218916,0,0,0,0,0.0,2.867904,16.76094,1.395894e-12,0.0001911936,0.001117396,False,0.001312,False
2023-01-06,RS03AXBS-MJ03A-06-PRESTA301,4,True,2023-01-06T00:00:12Z,2023-01-06T23:59:57Z,5760,5760,0,14.999925,14.999486923,15.000002661,-0.002702789,0,0,0,0,0.0,2.966129,21.096089,2.986804e-12,0.0001977419,0.001406406,False,0.001375,False
2023-01-07,RS03AXBS-MJ03A-06-PRESTA301,4,True,2023-01-07T00:00:12Z,2023-01-07T23:59:57Z,5760,5760,0,14.999925,14.99949789,15.00000234,0.004228922,0,0,0,0,0.0,2.810352,19.662493,1.315201e-12,0.0001873568,0.001310833,False,0.001386,False
2023-01-08,RS03AXBS-MJ03A-06-PRESTA301,4,True,2023-01-08T00:00:12Z,2023-01-08T23:59:57Z,5760,5760,0,14.999925,14.999484062,15.000001934,0.001900294,0,0,0,0,0.0,2.875748,16.52953,1.50318e-12,0.0001917165,0.001101969,False,0.00136,False
2023-01-09,RS03AXBS-MJ03A-06-PRESTA301,4,True,2023-01-09T00:00:12Z,2023-01-09T23:59:57Z,5760,5760,0,14.999925,14.999513149,15.000002591,-0.000711768,0,0,0,0,0.0,2.912844,20.785805,5.51768e-13,0.0001941895,0.00138572,False,0.001414,False
2023-01-10,RS03AXBS-MJ03A-06-PRESTA301,4,True,2023-01-10T00:00:12Z,2023-01-10T23:59:57Z,5760,5760,0,14.999925,14.999495983,15.000003097,-0.00152198,0,0,0,0,0.0,2.940868,21.129153,1.475118e-12,0.0001960578,0.00140861,False,0.001377,False
2023-01-11,RS03AXBS-MJ03A-06-PRESTA301,4,True,2023-01-11T00:00:12Z,2023-01-11T20:26:57Z,4908,4908,0,14.999925,14.99953413,15.000002438,-0.001366558,0,0,0,0,-0.0,2.836101,16.253765,-3.467404e-13,0.0001890734,0.001083584,False,0.001367,False
2023-01-12,RS03AXBS-MJ03A-06-PRESTA301,4,False,,,0,0,,14.999925,,,,,,,,,,,,,,,,False
2023-01-13,RS03AXBS-MJ03A-06-PRESTA301,4,True,2023-01-13T01:50:14Z,2023-01-13T23:59:58Z,5319,5320,1,14.999925,14.999547958,15.000000846,-0.995353301,1,1,1,1,0.0,30.745122,997.797676,3.134169e-13,0.002049675,0.06651984,False,0.066402,True
2023-01-14,RS03AXBS-MJ03A-06-PRESTA301,4,True,2023-01-14T00:00:13Z,2023-01-14T23:59:58Z,5760,5760,0,14.999925,14.999536037,15.000001599,-0.000296076,0,0,0,0,0.0,3.120285,19.108087,6.196728e-13,0.0002080189,0.001273872,False,0.001347,False
2023-01-15,RS03AXBS-MJ03A-06-PRESTA301,4,True,2023-01-15T00:00:13Z,2023-01-15T23:59:58Z,5760,5760,0,14.999925,14.999544144,15.000000077,0.000759216,0,0,0,0,0.0,2.879962,16.417408,1.663232e-12,0.0001919975,0.001094494,False,0.00139,False
2023-01-16,RS03AXBS-MJ03A-06-PRESTA301,4,True,2023-01-16T00:00:13Z,2023-01-16T23:59:58Z,5760,5760,0,14.999925,14.999538898,15.000000686,-0.002078042,0,0,0,0,0.0,2.929613,17.543098,2.375463e-12,0.0001953075,0.00116954,False,0.001383,False
2023-01-17,RS03AXBS-MJ03A-06-PRESTA301,4,True,2023-01-17T00:00:13Z,2023-01-17T23:59:58Z,5760,5760,0,14.999925,14.999539852,15.000001192,0.000541539,0,0,0,0,0.0,2.89989,19.108092,1.864089e-12,0.000193326,0.001273873,False,0.001367,False
2023-01-18,RS03AXBS-MJ03A-06-PRESTA301,4,True,2023-01-18T00:00:13Z,2023-01-18T23:59:58Z,5760,5760,0,14.999925,14.999500275,15.000000842,0.001839094,0,0,0,0,0.0,2.912005,16.586811,1.077927e-12,0.0001941337,0.001105787,False,0.001331,False
2023-01-19,RS03AXBS-MJ03A-06-PRESTA301,4,True,2023-01-19T00:00:13Z,2023-01-19T23:59:58Z,5760,5760,0,14.999925,14.999484062,15.000001566,0.000954835,0,0,0,0,0.0,2.805631,19.61785,2.298651e-12,0.000187042,0.001307857,False,0.001352,False
2023-01-20,RS03AXBS-MJ03A-06-PRESTA301,4,True,2023-01-20T00:00:13Z,2023-01-20T23:59:58Z,5760,5760,0,14.999925,14.999486923,15.00000242,-0.000381127,0,0,0,0,0.0,2.862083,17.294853,2.578225e-12,0.0001908055,0.00115299,False,0.00137,False
2023-01-21,RS03AXBS-MJ03A-06-PRESTA301,4,True,2023-01-21T00:00:13Z,2023-01-21T23:59:58Z,5760,5760,0,14.999925,14.999487877,15.000001813,-0.002891743,0,0,0,0,0.0,2.982179,17.792181,2.020407e-12,0.0001988119,0.001186145,False,0.001354,False
2023-01-22,RS03AXBS-MJ03A-06-PRESTA301,4,True,2023-01-22T00:00:13Z,2023-01-22T23:59:58Z,5760,5760,0,14.999925,14.999499321,15.000002464,-0.000184595,0,0,0,0,0.0,2.898994,20.226473,4.873541e-13,0.0001932662,0.001348431,False,0.001661,False
2023-01-23,RS03AXBS-MJ03A-06-PRESTA301,4,True,2023-01-23T00:00:13Z,2023-01-23T23:59:58Z,5760,5760,0,14.999925,14.99951601,15.000001905,-0.002061671,0,0,0,0,0.0,3.144758,20.735503,1.341983e-12,0.0002096505,0.001382367,False,0.00135,False
2023-01-24,RS03AXBS-MJ03A-06-PRESTA301,4,True,2023-01-24T00:00:13Z,2023-01-24T23:59:58Z,5760,5760,0,14.999925,14.999504566,15.000002465,-0.001745927,0,0,0,0,0.0,2.818815,16.349683,2.627274e-12,0.000187921,0.001089979,False,0.001369,False
2023-01-25,RS03AXBS-MJ03A-06-PRESTA301,4,True,2023-01-25T00:00:13Z,2023-01-25T23:59:58Z,5760,5760,0,14.999925,14.999545097,15.000002762,-0.003178776,0,0,0,0,0.0,2.841646,17.089012,2.316619e-12,0.000189443,0.001139267,False,0.001368,False
2023-01-26,RS03AXBS-MJ03A-06-PRESTA301,4,True,2023-01-26T00:00:13Z,2023-01-26T23:59:58Z,5760,5760,0,14.999925,14.999505997,15.000003062,-0.000473372,0,0,0,0,0.0,3.070735,18.245109,1.853071e-12,0.0002047156,0.00121634,False,0.001388,False
2023-01-27,RS03AXBS-MJ03A-06-PRESTA301,4,True,2023-01-27T00:00:13Z,2023-01-27T23:59:58Z,5760,5760,0,14.999925,14.999528885,15.000002246,-0.002439844,0,0,0,0,0.0,2.929982,17.396591,2.105579e-12,0.0001953321,0.001159773,False,0.001325,False
2023-01-28,RS03AXBS-MJ03A-06-PRESTA301,4,True,2023-01-28T00:00:13Z,2023-01-28T23:59:58Z,5760,5760,0,14.999925,14.99951601,15.000002528,0.003614512,0,0,0,0,0.0,3.192009,19.70597,1.577138e-12,0.0002128005,0.001313731,False,0.001359,False
2023-01-29,RS03AXBS-MJ03A-06-PRESTA301,4,True,2023-01-29T00:00:13Z,2023-01-29T23:59:58Z,5760,5760,0,14.999925,14.999509811,15.000002502,-0.002781606,0,0,0,0,0.0,2.837073,22.633757,2.79381e-12,0.0001891382,0.001508917,False,0.0014,False
2023-01-30,RS03AXBS-MJ03A-06-PRESTA301,4,True,2023-01-30T00:00:13Z,2023-01-30T23:59:58Z,5760,5760,0,14.999925,14.999510765,15.000002524,-0.001382673,0,0,0,0,0.0,2.961655,17.845584,2.254185e-12,0.0001974436,0.001189705,False,0.001366,False
2023-01-31,RS03AXBS-MJ03A-06-PRESTA301,4,True,2023-01-31T00:00:13Z,2023-01-31T23:59:58Z,5760,5760,0,14.999925,14.999496937,15.00000234,0.002036131,0,0,0,0,0.0,2.92172,19.258204,1.236262e-12,0.0001947813,0.00128388,False,0.001375,False
2023-02-01,RS03AXBS-MJ03A-06-PRESTA301,4,True,2023-02-01T00:00:13Z,2023-02-01T23:59:58Z,5760,5760,0,14.999925,14.999513149,15.000002603,-4.973e-05,0,0,0,0,0.0,2.828411,19.831567,1.058854e-12,0.0001885607,0.001322104,False,0.00135,False
2023-02-02,RS03AXBS-MJ03A-06-PRESTA301,4,True,2023-02-02T00:00:13Z,2023-02-02T23:59:58Z,5760,5760,0,14.999925,14.999524593,15.000002143,0.000864426,0,0,0,0,0.0,2.781559,16.434281,1.770741e-12,0.0001854373,0.001095619,False,0.001314,False
2023-02-03,RS03AXBS-MJ03A-06-PRESTA301,4,True,2023-02-03T00:00:13Z,2023-02-03T23:59:58Z,5760,5760,0,14.999925,14.999496937,15.000002239,0.00146533,0,0,0,0,0.0,2.842636,17.686166,3.13885e-12,0.000189509,0.001179078,False,0.001346,False
2023-02-04,RS03AXBS-MJ03A-06-PRESTA301,4,True,2023-02-04T00:00:13Z,2023-02-04T23:59:58Z,5760,5760,0,14.999925,14.999496937,15.000002125,-0.001917539,0,0,0,0,0.0,2.922587,17.760125,1.644085e-12,0.0001948391,0.001184008,False,0.001385,False
2023-02-05,RS03AXBS-MJ03A-06-PRESTA301,4,True,2023-02-05T00:00:13Z,2023-02-05T23:59:58Z,5760,5760,0,14.999925,14.999505043,15.000002118,0.003720986,0,0,0,0,0.0,2.866592,16.271811,7.908339e-13,0.0001911061,0.001084787,False,0.001359,False
2023-02-06,RS03AXBS-MJ03A-06-PRESTA301,4,True,2023-02-06T00:00:13Z,2023-02-06T23:59:58Z,5760,5760,0,14.999925,14.999510288,15.000002112,-0.000243185,0,0,0,0,0.0,2.85665,19.699397,1.243637e-12,0.0001904433,0.001313293,False,0.001362,False
2023-02-07,RS03AXBS-MJ03A-06-PRESTA301,4,True,2023-02-07T00:00:13Z,2023-02-07T23:59:58Z,5735,5760,25,14.999925,14.99951601,15.000002037,0.004361114,1,25,1,25,-0.0,2.884065,20.693346,-4.285884e-13,0.000192271,0.001379556,False,0.001591,True
2023-02-08,RS03AXBS-MJ03A-06-PRESTA301,4,True,2023-02-08T00:00:13Z,2023-02-08T23:59:58Z,5760,5760,0,14.999925,14.999528885,15.000002272,-0.000212881,0,0,0,0,0.0,2.883024,16.267283,3.106007e-12,0.0001922015,0.001084485,False,0.001342,False
2023-02-09,RS03AXBS-MJ03A-06-PRESTA301,4,True,2023-02-09T00:00:13Z,2023-02-09T23:59:58Z,5760,5760,0,14.999925,14.999513626,15.000002292,0.000723461,0,0,0,0,0.0,3.367933,24.744202,2.101123e-12,0.0002245288,0.001649613,False,0.001634,False
2023-02-10,RS03AXBS-MJ03A-06-PRESTA301,4,True,2023-02-10T00:00:13Z,2023-02-10T23:59:58Z,5760,5760,0,14.999925,14.999533176,15.000002741,-0.001680235,0,0,0,0,0.0,2.945879,17.17076,1.90314e-12,0.0001963919,0.001144717,False,0.001384,False
2023-02-11,RS03AXBS-MJ03A-06-PRESTA301,4,True,2023-02-11T00:00:13Z,2023-02-11T23:59:58Z,5760,5760,0,14.999925,14.999537945,15.000003092,-0.002840242,0,0,0,0,0.0,3.15726,25.416136,1.65841e-12,0.000210484,0.001694409,False,0.001649,False
2023-02-12,RS03AXBS-MJ03A-06-PRESTA301,4,True,2023-02-12T00:00:13Z,2023-02-12T23:59:58Z,5760,5760,0,14.999925,14.99953413,15.000002357,0.002455364,0,0,0,0,0.0,2.891873,18.878215,3.092404e-12,0.0001927915,0.001258547,False,0.001392,False
2023-02-13,RS03AXBS-MJ03A-06-PRESTA301,4,True,2023-02-13T00:00:13Z,2023-02-13T23:59:58Z,5760,5760,0,14.999925,14.999539852,15.000002056,0.003121641,0,0,0,0,0.0,2.924747,16.970248,2.035129e-12,0.0001949831,0.00113135,False,0.001359,False
2023-02-14,RS03AXBS-MJ03A-06-PRESTA301,4,True,2023-02-14T00:00:13Z,2023-02-14T23:59:58Z,5760,5760,0,14.999925,14.99952507,15.000002253,-0.00029728,0,0,0,0,0.0,2.812185,18.992578,8.37441e-13,0.000187479,0.001266172,False,0.001399,False
2023-02-15,RS03AXBS-MJ03A-06-PRESTA301,4,True,2023-02-15T00:00:13Z,2023-02-15T23:59:58Z,5760,5760,0,14.999925,14.999505997,15.000002306,0.001099127,0,0,0,0,0.0,2.902789,21.918192,2.168399e-12,0.0001935193,0.001461213,False,0.001358,False
2023-02-16,RS03AXBS-MJ03A-06-PRESTA301,4,True,2023-02-16T00:00:13Z,2023-02-16T23:59:58Z,5760,5760,0,14.999925,14.999491215,15.000001972,-0.001805319,0,0,0,0,0.0,3.446699,18.097591,2.986221e-12,0.0002297799,0.001206506,False,0.001351,False
2023-02-17,RS03AXBS-MJ03A-06-PRESTA301,4,True,2023-02-17T00:00:13Z,2023-02-17T23:59:58Z,5760,5760,0,14.999925,14.999508858,15.000001755,0.002544036,0,0,0,0,0.0,3.102469,20.968383,1.580359e-12,0.0002068313,0.001397892,False,0.00135,False
2023-02-18,RS03AXBS-MJ03A-06-PRESTA301,4,True,2023-02-18T00:00:13Z,2023-02-18T23:59:58Z,5760,5760,0,14.999925,14.999471188,15.00000216,0.003210517,0,0,0,0,0.0,3.013001,17.779469,1.30353e-12,0.0002008667,0.001185298,False,0.001337,False
2023-02-19,RS03AXBS-MJ03A-06-PRESTA301,4,True,2023-02-19T00:00:13Z,2023-02-19T23:59:58Z,5760,5760,0,14.999925,14.999478817,15.000002311,-0.002609327,0,0,0,0,0.0,2.881442,16.982828,1.108326e-12,0.0001920961,0.001132188,False,0.001356,False
2023-02-20,RS03AXBS-MJ03A-06-PRESTA301,4,True,2023-02-20T00:00:13Z,2023-02-20T23:59:58Z,5760,5760,0,14.999925,14.999453068,15.000002233,0.000258761,0,0,0,0,0.0,3.036045,19.46645,1.399553e-12,0.000202403,0.001297763,False,0.001387,False
2023-02-21,RS03AXBS-MJ03A-06-PRESTA301,4,True,2023-02-21T00:00:13Z,2023-02-21T23:59:58Z,5760,5760,0,14.999925,14.999498844,15.000002074,0.000125724,0,0,0,0,0.0,2.880784,21.178971,2.336236e-12,0.0001920522,0.001411931,False,0.001402,False
2023-02-22,RS03AXBS-MJ03A-06-PRESTA301,4,True,2023-02-22T00:00:13Z,2023-02-22T23:59:58Z,4572,5760,1188,14.999925,14.999515057,15.000002396,-0.000893568,35,1188,35,1188,-0.0,2.849311,16.826328,-2.109468e-13,0.000189954,0.001121755,False,0.006191,True
2023-02-23,RS03AXBS-MJ03A-06-PRESTA301,4,True,2023-02-23T00:00:13Z,2023-02-23T23:59:58Z,5760,5760,0,14.999925,14.999558926,15.000002385,-0.001754154,0,0,0,0,0.0,2.821926,18.811323,3.117021e-12,0.0001881284,0.001254088,False,0.001356,False
2023-02-24,RS03AXBS-MJ03A-06-PRESTA301,4,True,2023-02-24T00:00:13Z,2023-02-24T23:59:58Z,5760,5760,0,14.999925,14.999545097,15.000002536,0.000217634,0,0,0,0,0.0,2.82838,20.237685,2.408176e-12,0.0001885586,0.001349179,False,0.001391,False
2023-02-25,RS03AXBS-MJ03A-06-PRESTA301,4,True,2023-02-25T00:00:13Z,2023-02-25T23:59:58Z,5760,5760,0,14.999925,14.999508858,15.000002237,-0.002694186,0,0,0,0,0.0,2.858394,16.50123,4.881712e-13,0.0001905596,0.001100082,False,0.001379,False
2023-02-26,RS03AXBS-MJ03A-06-PRESTA301,4,True,2023-02-26T00:00:13Z,2023-02-26T23:59:58Z,5760,5760,0,14.999925,14.999529839,15.000002488,0.001290609,0,0,0,0,0.0,2.878061,21.419803,1.61334e-12,0.0001918707,0.001427987,False,0.001699,False
2023-02-27,RS03AXBS-MJ03A-06-PRESTA301,4,True,2023-02-27T00:00:13Z,2023-02-27T23:59:58Z,5760,5760,0,14.999925,14.999521732,15.000002335,-0.001595615,0,0,0,0,0.0,2.949718,16.929049,1.617937e-12,0.0001966479,0.001128603,False,0.001373,False
2023-02-28,RS03AXBS-MJ03A-06-PRESTA301,4,True,2023-02-28T00:00:13Z,2023-02-28T23:59:58Z,5760,5760,0,14.999925,14.999515057,15.000002461,0.001893216,0,0,0,0,0.0,2.909971,16.557888,2.686857e-12,0.0001939981,0.001103859,False,0.001377,False
2023-03-01,RS03AXBS-MJ03A-06-PRESTA301,4,True,2023-03-01T00:00:13Z,2023-03-01T23:59:58Z,5760,5760,0,14.999925,14.999517918,15.000002603,-0.0010234,0,0,0,0,0.0,2.820662,19.559336,1.548101e-12,0.0001880441,0.001303956,False,0.001357,False
2023-03-02,RS03AXBS-MJ03A-06-PRESTA301,4,True,2023-03-02T00:00:13Z,2023-03-02T23:59:58Z,5760,5760,0,14.999925,14.999509811,15.000002212,0.001791212,0,0,0,0,0.0,2.941212,20.102205,2.498235e-12,0.0001960808,0.001340147,False,0.001396,False
2023-03-03,RS03AXBS-MJ03A-06-PRESTA301,4,True,2023-03-03T00:00:13Z,2023-03-03T23:59:58Z,5760,5760,0,14.999925,14.999507427,15.000001881,0.000690902,0,0,0,0,0.0,2.882488,16.784831,3.156531e-13,0.0001921658,0.001118989,False,0.001377,False
2023-03-04,RS03AXBS-MJ03A-06-PRESTA301,4,True,2023-03-04T00:00:13Z,2023-03-04T23:59:58Z,5760,5760,0,14.999925,14.999489784,15.000002126,0.005217494,0,0,0,0,0.0,2.874178,17.701805,1.98752e-12,0.0001916118,0.00118012,False,0.001403,False
2023-03-05,RS03AXBS-MJ03A-06-PRESTA301,4,True,2023-03-05T00:00:13Z,2023-03-05T23:59:58Z,5760,5760,0,14.999925,14.999530315,15.000002354,-0.000451302,0,0,0,0,0.0,3.019999,17.191744,2.744278e-12,0.0002013332,0.001146116,False,0.001332,False
2023-03-06,RS03AXBS-MJ03A-06-PRESTA301,4,True,2023-03-06T00:00:13Z,2023-03-06T23:59:58Z,5760,5760,0,14.999925,14.999507904,15.000002392,-0.001113709,0,0,0,0,0.0,2.889383,17.152856,1.18512e-12,0.0001926255,0.001143524,False,0.001359,False
2023-03-07,RS03AXBS-MJ03A-06-PRESTA301,4,True,2023-03-07T00:00:13Z,2023-03-07T23:59:58Z,5760,5760,0,14.999925,14.999499321,15.00000265,-0.000149364,0,0,0,0,0.0,2.957314,19.841856,1.686286e-12,0.0001971543,0.00132279,False,0.001373,False
2023-03-08,RS03AXBS-MJ03A-06-PRESTA301,4,True,2023-03-08T00:00:13Z,2023-03-08T23:59:58Z,5760,5760,0,14.999925,14.999508858,15.00000269,-0.003233575,0,0,0,0,-0.0,2.848366,17.30577,-1.581914e-13,0.0001898911,0.001153718,False,0.001379,False
2023-03-09,RS03AXBS-MJ03A-06-PRESTA301,4,True,2023-03-09T00:00:13Z,2023-03-09T23:59:58Z,5760,5760,0,14.999925,14.999546051,15.000002507,0.000840443,0,0,0,0,0.0,2.835282,16.28208,2.462942e-12,0.0001890188,0.001085472,False,0.001368,False
2023-03-10,RS03AXBS-MJ03A-06-PRESTA301,4,True,2023-03-10T00:00:13Z,2023-03-10T23:59:58Z,5760,5760,0,14.999925,14.999530315,15.000002415,-0.000943004,0,0,0,0,0.0,2.883536,20.603785,2.971074e-12,0.0001922357,0.001373585,False,0.001628,False
2023-03-11,RS03AXBS-MJ03A-06-PRESTA301,4,True,2023-03-11T00:00:13Z,2023-03-11T23:59:58Z,5760,5760,0,14.999925,14.999529839,15.000002504,0.004592646,0,0,0,0,0.0,2.884772,19.315128,3.196873e-12,0.0001923181,0.001287675,False,0.001383,False
2023-03-12,RS03AXBS-MJ03A-06-PRESTA301,4,True,2023-03-12T00:00:13Z,2023-03-12T23:59:58Z,5760,5760,0,14.999925,14.999533653,15.000002356,0.000807456,0,0,0,0,0.0,2.940709,16.927158,3.346364e-12,0.0001960473,0.001128477,False,0.00132,False
2023-03-13,RS03AXBS-MJ03A-06-PRESTA301,4,True,2023-03-13T00:00:13Z,2023-03-13T23:59:58Z,5760,5760,0,14.999925,14.999511719,15.000002029,-0.000230075,0,0,0,0,0.0,3.017106,18.157955,1.451489e-12,0.0002011404,0.00121053,False,0.001356,False
2023-03-14,RS03AXBS-MJ03A-06-PRESTA301,4,True,2023-03-14T00:00:13Z,2023-03-14T23:59:58Z,5760,5760,0,14.999925,14.999512672,15.000002701,0.002453415,0,0,0,0,0.0,3.034292,19.813122,1.917449e-12,0.0002022861,0.001320875,False,0.001393,False
2023-03-15,RS03AXBS-MJ03A-06-PRESTA301,4,True,2023-03-15T00:00:13Z,2023-03-15T23:59:58Z,5760,5760,0,14.999925,14.999508858,15.000002203,-0.00272875,0,0,0,0,0.0,3.033832,16.895345,3.269415e-12,0.0002022554,0.001126356,False,0.001338,False
2023-03-16,RS03AXBS-MJ03A-06-PRESTA301,4,True,2023-03-16T00:00:13Z,2023-03-16T23:59:59Z,5760,5760,0,14.999925,14.999495506,15.000002643,-0.000512584,0,0,0,0,0.0,23.002844,1004.425283,1.17123e-12,0.001533523,0.06696167,False,0.067531,False
2023-03-17,RS03AXBS-MJ03A-06-PRESTA301,4,True,2023-03-17T00:00:14Z,2023-03-17T23:59:59Z,5760,5760,0,14.999925,14.999493599,15.00000299,-0.001719459,0,0,0,0,0.0,3.105336,17.5359,2.402356e-12,0.0002070224,0.00116906,False,0.001349,False
2023-03-18,RS03AXBS-MJ03A-06-PRESTA301,4,True,2023-03-18T00:00:14Z,2023-03-18T23:59:59Z,5760,5760,0,14.999925,14.999482155,15.000002687,-0.000394225,0,0,0,0,0.0,2.85372,16.697418,3.646356e-12,0.000190248,0.001113161,False,0.001387,False
2023-03-19,RS03AXBS-MJ03A-06-PRESTA301,4,True,2023-03-19T00:00:14Z,2023-03-19T23:59:59Z,5760,5760,0,14.999925,14.999464989,15.000002796,0.000758364,0,0,0,0,0.0,2.903944,19.252583,2.384516e-12,0.0001935962,0.001283505,False,0.00138,False
2023-03-20,RS03AXBS-MJ03A-06-PRESTA301,4,True,2023-03-20T00:00:14Z,2023-03-20T23:59:59Z,5760,5760,0,14.999925,14.99947691,15.000002592,0.001190535,0,0,0,0,0.0,2.872219,20.056282,2.145678e-12,0.0001914812,0.001337085,False,0.001524,False
2023-03-21,RS03AXBS-MJ03A-06-PRESTA301,4,True,2023-03-21T00:00:14Z,2023-03-21T23:59:59Z,5760,5760,0,14.999925,14.999509811,15.000002956,-0.002954374,0,0,0,0,0.0,3.073621,18.005938,1.26911e-12,0.0002049081,0.001200396,False,0.001327,False
2023-03-22,RS03AXBS-MJ03A-06-PRESTA301,4,True,2023-03-22T00:00:14Z,2023-03-22T23:59:59Z,5760,5760,0,14.999925,14.999496937,15.000002181,-0.001386436,0,0,0,0,0.0,3.235153,18.146681,1.382834e-12,0.0002156769,0.001209779,False,0.001361,False
2023-03-23,RS03AXBS-MJ03A-06-PRESTA301,4,True,2023-03-23T00:00:14Z,2023-03-23T23:59:59Z,5760,5760,0,14.999925,14.999505043,15.000002356,0.003630283,0,0,0,0,0.0,2.844577,19.958212,2.38715e-12,0.0001896384,0.001330547,False,0.001369,False
2023-03-24,RS03AXBS-MJ03A-06-PRESTA301,4,True,2023-03-24T00:00:14Z,2023-03-24T23:59:59Z,5760,5760,0,14.999925,14.999516964,15.000002278,-0.013586205,0,0,0,0,0.0,2.878101,16.577364,3.367615e-12,0.0001918734,0.001105157,False,0.001338,False
2023-03-25,RS03AXBS-MJ03A-06-PRESTA301,4,True,2023-03-25T00:00:14Z,2023-03-25T23:59:59Z,5760,5760,0,14.999925,14.999542236,15.000002362,0.000515665,0,0,0,0,0.0,2.83998,19.443812,2.41505e-12,0.000189332,0.001296254,False,0.001345,False
2023-03-26,RS03AXBS-MJ03A-06-PRESTA301,4,True,2023-03-26T00:00:14Z,2023-03-26T23:59:59Z,5760,5760,0,14.999925,14.99949789,15.000002559,0.00170338,0,0,0,0,0.0,2.91478,19.783122,2.585348e-12,0.0001943187,0.001318875,False,0.001357,False
2023-03-27,RS03AXBS-MJ03A-06-PRESTA301,4,True,2023-03-27T00:00:14Z,2023-03-27T23:59:59Z,5760,5760,0,14.999925,14.999508858,15.000002771,0.00088657,0,0,0,0,0.0,2.878547,16.759105,2.465419e-12,0.0001919031,0.001117273,False,0.001343,False
2023-03-28,RS03AXBS-MJ03A-06-PRESTA301,4,True,2023-03-28T00:00:14Z,2023-03-28T23:59:59Z,5760,5760,0,14.999925,14.999509335,15.000002244,0.00303533,0,0,0,0,0.0,2.893912,20.687791,2.984759e-12,0.0001929275,0.001379186,False,0.001363,False
2023-03-29,RS03AXBS-MJ03A-06-PRESTA301,4,True,2023-03-29T00:00:14Z,2023-03-29T23:59:59Z,5760,5760,0,14.999925,14.999518394,15.000002417,1.0272e-05,0,0,0,0,0.0,2.913852,19.855432,2.37126e-12,0.0001942568,0.001323695,False,0.001399,False
2023-03-30,RS03AXBS-MJ03A-06-PRESTA301,4,True,2023-03-30T00:00:14Z,2023-03-30T23:59:59Z,5760,5760,0,14.999925,14.99951458,15.000002082,0.001805561,0,0,0,0,0.0,2.806363,16.280699,3.018954e-12,0.0001870909,0.00108538,False,0.001352,False
2023-03-31,RS03AXBS-MJ03A-06-PRESTA301,4,True,2023-03-31T00:00:14Z,2023-03-31T23:59:59Z,5760,5760,0,14.999925,14.999498844,15.000002195,-0.001338314,0,0,0,0,0.0,2.830347,20.179009,9.748129e-13,0.0001886897,0.001345267,False,0.001374,False
2023-04-01,RS03AXBS-MJ03A-06-PRESTA301,4,True,2023-04-01T00:00:14Z,2023-04-01T23:59:59Z,5760,5760,0,14.999925,14.999517918,15.000002549,-0.001680907,0,0,0,0,0.0,2.82291,21.040314,3.046397e-12,0.000188194,0.001402687,False,0.00141,False
2023-04-02,RS03AXBS-MJ03A-06-PRESTA301,4,True,2023-04-02T00:00:14Z,2023-04-02T23:59:59Z,5760,5760,0,14.999925,14.999501228,15.00000255,-0.001117675,0,0,0,0,0.0,3.109129,16.974866,3.199736e-12,0.0002072752,0.001131658,False,0.00133,False
2023-04-03,RS03AXBS-MJ03A-06-PRESTA301,4,True,2023-04-03T00:00:14Z,2023-04-03T23:59:59Z,5760,5760,0,14.999925,14.999510765,15.000002071,-0.001559013,0,0,0,0,0.0,2.974205,20.020773,2.458956e-12,0.0001982803,0.001334718,False,0.001357,False
2023-04-04,RS03AXBS-MJ03A-06-PRESTA301,4,True,2023-04-04T00:00:14Z,2023-04-04T23:59:59Z,5760,5760,0,14.999925,14.999505043,15.000002415,0.001150469,0,0,0,0,0.0,2.915848,19.263098,1.220828e-12,0.0001943899,0.001284206,False,0.001368,False
2023-04-05,RS03AXBS-MJ03A-06-PRESTA301,4,True,2023-04-05T00:00:14Z,2023-04-05T23:59:59Z,5760,5760,0,14.999925,14.999520779,15.000002648,-0.013661459,0,0,0,0,0.0,2.903695,17.339102,3.287141e-12,0.0001935796,0.00115594,False,0.001365,False
2023-04-06,RS03AXBS-MJ03A-06-PRESTA301,4,True,2023-04-06T00:00:14Z,2023-04-06T23:59:59Z,5760,5760,0,14.999925,14.999509335,15.000002374,0.001604907,0,0,0,0,0.0,2.964608,20.184239,2.475634e-12,0.0001976405,0.001345616,False,0.001387,False
2023-04-07,RS03AXBS-MJ03A-06-PRESTA301,4,True,2023-04-07T00:00:14Z,2023-04-07T23:59:59Z,5760,5760,0,14.999925,14.999527931,15.000002213,0.000973347,0,0,0,0,0.0,2.878285,17.22207,2.577241e-12,0.0001918856,0.001148138,False,0.001333,False
2023-04-08,RS03AXBS-MJ03A-06-PRESTA301,4,True,2023-04-08T00:00:14Z,2023-04-08T23:59:59Z,5760,5760,0,14.999925,14.999526024,15.000002582,0.003044122,0,0,0,0,0.0,2.81427,16.346292,2.042012e-12,0.0001876179,0.001089753,False,0.001392,False
2023-04-09,RS03AXBS-MJ03A-06-PRESTA301,4,True,2023-04-09T00:00:14Z,2023-04-09T23:59:59Z,5760,5760,0,14.999925,14.999500751,15.000002062,0.000134473,0,0,0,0,0.0,3.126532,20.537519,1.368471e-12,0.0002084354,0.001369168,False,0.001367,False
2023-04-10,RS03AXBS-MJ03A-06-PRESTA301,4,True,2023-04-10T00:00:14Z,2023-04-10T23:59:59Z,5760,5760,0,14.999925,14.999504089,15.000001975,0.001266837,0,0,0,0,0.0,2.866168,21.875593,2.062347e-12,0.0001910778,0.001458373,False,0.001568,False
2023-04-11,RS03AXBS-MJ03A-06-PRESTA301,4,True,2023-04-11T00:00:14Z,2023-04-11T23:59:59Z,5760,5760,0,14.999925,14.999538898,15.000002684,0.003465594,0,0,0,0,0.0,2.891926,16.600706,5.919041e-13,0.000192795,0.001106714,False,0.001362,False
2023-04-12,RS03AXBS-MJ03A-06-PRESTA301,4,True,2023-04-12T00:00:14Z,2023-04-12T23:59:59Z,5760,5760,0,14.999925,14.99950695,15.000002101,-0.000266891,0,0,0,0,0.0,2.899521,17.480447,1.608664e-12,0.0001933014,0.001165363,False,0.001385,False
2023-04-13,RS03AXBS-MJ03A-06-PRESTA301,4,True,2023-04-13T00:00:14Z,2023-04-13T23:59:59Z,5760,5760,0,14.999925,14.99946785,15.000002413,0.002382554,0,0,0,0,-0.0,2.967307,19.445235,-2.20514e-14,0.0001978204,0.001296349,False,0.001375,False
2023-04-14,RS03AXBS-MJ03A-06-PRESTA301,4,True,2023-04-14T00:00:14Z,2023-04-14T23:59:59Z,5760,5760,0,14.999925,14.999530315,15.000003273,-0.001929572,0,0,0,0,0.0,3.525695,17.931667,1.88317e-12,0.0002350463,0.001195444,False,0.001383,False
2023-04-15,RS03AXBS-MJ03A-06-PRESTA301,4,True,2023-04-15T00:00:14Z,2023-04-15T23:59:59Z,5760,5760,0,14.999925,14.999501705,15.000002366,-0.001189551,0,0,0,0,0.0,2.785857,17.469978,1.118477e-12,0.0001857237,0.001164665,False,0.001373,False
2023-04-16,RS03AXBS-MJ03A-06-PRESTA301,4,True,2023-04-16T00:00:14Z,2023-04-16T23:59:59Z,5760,5760,0,14.999925,14.999479771,15.000002328,-7.8498e-05,0,0,0,0,0.0,2.865566,18.283343,1.60058e-12,0.0001910377,0.001218889,False,0.001378,False
2023-04-17,RS03AXBS-MJ03A-06-PRESTA301,4,True,2023-04-17T00:00:14Z,2023-04-17T23:59:59Z,5760,5760,0,14.999925,14.999489784,15.000002419,-0.015189954,0,0,0,0,0.0,2.772512,16.074532,2.16333e-12,0.0001848341,0.001071635,False,0.001363,False
2023-04-18,RS03AXBS-MJ03A-06-PRESTA301,4,True,2023-04-18T00:00:14Z,2023-04-18T23:59:59Z,5760,5760,0,14.999925,14.99947691,15.000002558,-0.002862629,0,0,0,0,0.0,2.864305,19.536099,1.947217e-12,0.0001909536,0.001302406,False,0.001386,False
2023-04-19,RS03AXBS-MJ03A-06-PRESTA301,4,True,2023-04-19T00:00:14Z,2023-04-19T23:59:59Z,5760,5760,0,14.999925,14.999509335,15.00000247,0.000398277,0,0,0,0,0.0,2.80024,16.328897,1.224888e-12,0.0001866826,0.001088593,False,0.001367,False
2023-04-20,RS03AXBS-MJ03A-06-PRESTA301,4,True,2023-04-20T00:00:14Z,2023-04-20T23:59:59Z,5760,5760,0,14.999925,14.999474049,15.000002435,-0.002414027,0,0,0,0,0.0,2.843059,21.434694,3.005367e-12,0.0001895373,0.001428979,False,0.001664,False
2023-04-21,RS03AXBS-MJ03A-06-PRESTA301,4,True,2023-04-21T00:00:14Z,2023-04-21T23:59:59Z,5760,5760,0,14.999925,14.999481201,15.000002404,-0.00300407,0,0,0,0,0.0,2.961546,20.916245,1.164194e-12,0.0001974363,0.001394416,False,0.001383,False
2023-04-22,RS03AXBS-MJ03A-06-PRESTA301,4,True,2023-04-22T00:00:14Z,2023-04-22T23:59:59Z,5760,5760,0,14.999925,14.999505997,15.000002211,0.001179558,0,0,0,0,0.0,2.806325,16.146707,1.864102e-12,0.0001870883,0.001076447,False,0.001384,False
2023-04-23,RS03AXBS-MJ03A-06-PRESTA301,4,True,2023-04-23T00:00:14Z,2023-04-23T23:59:59Z,5760,5760,0,14.999925,14.999521732,15.000002409,0.002154168,0,0,0,0,0.0,2.815035,16.73486,2.382839e-12,0.000187669,0.001115657,False,0.001366,False
2023-04-24,RS03AXBS-MJ03A-06-PRESTA301,4,True,2023-04-24T00:00:14Z,2023-04-24T23:59:59Z,5760,5760,0,14.999925,14.999511719,15.000002277,-0.001735726,0,0,0,0,0.0,2.923214,16.741297,1.700483e-12,0.0001948809,0.001116086,False,0.001391,False
2023-04-25,RS03AXBS-MJ03A-06-PRESTA301,4,True,2023-04-25T00:00:14Z,2023-04-25T23:59:59Z,5760,5760,0,14.999925,14.999521255,15.000002528,0.000468696,0,0,0,0,0.0,2.812172,16.646611,5.711431e-13,0.0001874781,0.001109774,False,0.001337,False
2023-04-26,RS03AXBS-MJ03A-06-PRESTA301,4,True,2023-04-26T00:00:14Z,2023-04-26T23:59:59Z,5744,5760,16,14.999925,14.999505997,15.000002519,-0.001481463,1,16,1,16,-0.0,2.875378,21.072648,-3.555658e-13,0.0001916918,0.001404843,False,0.001346,True
2023-04-27,RS03AXBS-MJ03A-06-PRESTA301,4,True,2023-04-27T00:00:14Z,2023-04-27T23:59:59Z,5760,5760,0,14.999925,14.999503136,15.000003082,-0.001418111,0,0,0,0,0.0,2.918634,22.296338,1.934509e-12,0.0001945755,0.001486422,False,0.001564,False
2023-04-28,RS03AXBS-MJ03A-06-PRESTA301,4,True,2023-04-28T00:00:14Z,2023-04-28T23:59:59Z,5760,5760,0,14.999925,14.999519348,15.000002433,-0.002869807,0,0,0,0,0.0,3.892727,19.603181,1.74394e-12,0.0002595151,0.001306879,False,0.001377,False
2023-04-29,RS03AXBS-MJ03A-06-PRESTA301,4,True,2023-04-29T00:00:14Z,2023-04-29T23:59:59Z,5760,5760,0,14.999925,14.999509811,15.000001724,-0.012491343,0,0,0,0,0.0,3.067362,22.672688,1.135469e-12,0.0002044908,0.001511512,False,0.001359,False
2023-04-30,RS03AXBS-MJ03A-06-PRESTA301,4,True,2023-04-30T00:00:14Z,2023-04-30T23:59:59Z,5760,5760,0,14.999925,14.999502182,15.000002282,-0.000854019,0,0,0,0,0.0,3.022009,21.976832,1.637181e-12,0.0002014672,0.001465122,False,0.001514,False
2023-05-01,RS03AXBS-MJ03A-06-PRESTA301,4,True,2023-05-01T00:00:14Z,2023-05-01T23:59:59Z,5760,5760,0,14.999925,14.999505997,15.000002175,-0.00070282,0,0,0,0,0.0,3.032298,17.506505,2.389402e-12,0.0002021532,0.0011671,False,0.001366,False
2023-05-02,RS03AXBS-MJ03A-06-PRESTA301,4,True,2023-05-02T00:00:14Z,2023-05-02T23:59:59Z,5760,5760,0,14.999925,14.9995327,15.00000213,-0.00088604,0,0,0,0,0.0,3.406421,17.920022,3.730196e-12,0.0002270947,0.001194668,False,0.001369,False
2023-05-03,RS03AXBS-MJ03A-06-PRESTA301,4,True,2023-05-03T00:00:14Z,2023-05-03T23:59:59Z,5759,5760,1,14.999925,14.999510527,15.000001939,-0.000490163,1,1,1,1,-0.0,3.338004,19.993393,-1.119443e-12,0.0002225336,0.001332893,False,0.001529,True
2023-05-04,RS03AXBS-MJ03A-06-PRESTA301,4,True,2023-05-04T00:00:14Z,2023-05-04T23:59:59Z,5760,5760,0,14.999925,14.999500275,15.000002091,0.003613399,0,0,0,0,0.0,3.023336,17.342535,3.021806e-12,0.0002015557,0.001156169,False,0.001375,False
2023-05-05,RS03AXBS-MJ03A-06-PRESTA301,4,True,2023-05-05T00:00:14Z,2023-05-05T23:59:59Z,5760,5760,0,14.999925,14.999517918,15.000001604,0.000119888,0,0,0,0,0.0,3.17346,18.453012,3.035771e-12,0.000211564,0.001230201,False,0.001353,False
2023-05-06,RS03AXBS-MJ03A-06-PRESTA301,4,True,2023-05-06T00:00:14Z,2023-05-06T23:59:59Z,5760,5760,0,14.999925,14.999488354,14.999999983,-0.000252324,0,0,0,0,0.0,3.019508,16.801692,2.567185e-12,0.0002013005,0.001120113,False,0.001386,False
2023-05-07,RS03AXBS-MJ03A-06-PRESTA301,4,True,2023-05-07T00:00:14Z,2023-05-07T23:59:59Z,5760,5760,0,14.999925,14.999507427,15.000001548,-0.001427082,0,0,0,0,0.0,2.91874,16.567571,2.465177e-12,0.0001945827,0.001104505,False,0.001359,False
2023-05-08,RS03AXBS-MJ03A-06-PRESTA301,4,True,2023-05-08T00:00:14Z,2023-05-08T23:59:59Z,5760,5760,0,14.999925,14.999475002,15.000002,-8.2129e-05,0,0,0,0,0.0,3.091539,21.773018,2.509967e-12,0.0002061026,0.001451534,False,0.00179,False
2023-05-09,RS03AXBS-MJ03A-06-PRESTA301,4,True,2023-05-09T00:00:14Z,2023-05-09T23:59:59Z,5760,5760,0,14.999925,14.999495983,15.000001867,0.001388802,0,0,0,0,0.0,2.87556,19.653412,8.135734e-13,0.000191704,0.001310227,False,0.001493,False
2023-05-10,RS03AXBS-MJ03A-06-PRESTA301,4,True,2023-05-10T00:00:14Z,2023-05-10T23:59:59Z,5760,5760,0,14.999925,14.999490261,15.00000275,0.002754827,0,0,0,0,0.0,4.166469,19.77084,2.029863e-12,0.0002777645,0.001318056,False,0.001379,False
2023-05-11,RS03AXBS-MJ03A-06-PRESTA301,4,True,2023-05-11T00:00:14Z,2023-05-11T23:59:58Z,5260,5760,500,14.999925,14.99947691,14.999970082,0.059108049,2,500,2,500,0.0,161.394292,885.677762,1.270987e-12,0.01075964,0.0590453,False,0.066526,True
2023-05-12,RS03AXBS-MJ03A-06-PRESTA301,4,True,2023-05-12T00:00:13Z,2023-05-12T23:59:58Z,5716,5760,44,14.999925,14.99946785,15.000002706,0.002502981,2,44,2,44,0.0,3.912989,23.935044,8.46865e-13,0.0002608659,0.001595669,False,0.001402,True
2023-05-13,RS03AXBS-MJ03A-06-PRESTA301,4,True,2023-05-13T00:00:13Z,2023-05-13T23:59:58Z,5727,5760,33,14.999925,14.999509811,15.000002158,0.0039484,1,33,1,33,-0.0,3.151361,17.06695,-1.378192e-12,0.0002100907,0.001137797,False,0.001371,True
2023-05-14,RS03AXBS-MJ03A-06-PRESTA301,4,True,2023-05-14T00:00:13Z,2023-05-14T23:59:58Z,5760,5760,0,14.999925,14.99951601,15.000001668,0.005857987,0,0,0,0,0.0,3.293562,22.211161,1.916849e-12,0.0002195708,0.001480744,False,0.001342,False
2023-05-15,RS03AXBS-MJ03A-06-PRESTA301,4,True,2023-05-15T00:00:13Z,2023-05-15T23:59:58Z,5760,5760,0,14.999925,14.999496937,15.000001596,0.000881392,0,0,0,0,0.0,3.116342,19.031604,1.409499e-12,0.0002077561,0.001268773,False,0.001381,False
2023-05-16,RS03AXBS-MJ03A-06-PRESTA301,4,True,2023-05-16T00:00:13Z,2023-05-16T23:59:58Z,5760,5760,0,14.999925,14.999485016,15.000001407,0.004643515,0,0,0,0,0.0,3.031281,16.677576,2.082984e-12,0.0002020854,0.001111838,False,0.001346,False
2023-05-17,RS03AXBS-MJ03A-06-PRESTA301,4,True,2023-05-17T00:00:13Z,2023-05-17T23:59:58Z,5760,5760,0,14.999925,14.999511719,15.000001371,1.92e-06,0,0,0,0,0.0,2.881149,19.668371,2.292129e-12,0.0001920766,0.001311225,False,0.001372,False
2023-05-18,RS03AXBS-MJ03A-06-PRESTA301,4,True,2023-05-18T00:00:13Z,2023-05-18T23:59:58Z,5760,5760,0,14.999925,14.999476433,15.000001175,0.001827142,0,0,0,0,0.0,3.173893,22.788014,1.86819e-12,0.0002115929,0.001519201,False,0.001382,False
2023-05-19,RS03AXBS-MJ03A-06-PRESTA301,4,True,2023-05-19T00:00:13Z,2023-05-19T23:59:58Z,5760,5760,0,14.999925,14.999489784,15.000001058,0.004421036,0,0,0,0,0.0,2.949833,16.581953,1.338913e-12,0.0001966555,0.001105463,False,0.001314,False
2023-05-20,RS03AXBS-MJ03A-06-PRESTA301,4,True,2023-05-20T00:00:13Z,2023-05-20T23:59:58Z,5760,5760,0,14.999925,14.999492168,15.000002893,-1.0811e-05,0,0,0,0,0.0,3.181585,19.433646,2.681673e-12,0.0002121056,0.001295576,False,0.00135,False
2023-05-21,RS03AXBS-MJ03A-06-PRESTA301,4,True,2023-05-21T00:00:13Z,2023-05-21T23:59:58Z,5760,5760,0,14.999925,14.999473095,15.000002495,0.001246618,0,0,0,0,0.0,2.912537,17.46849,1.306911e-12,0.0001941691,0.001164566,False,0.00136,False
2023-05-22,RS03AXBS-MJ03A-06-PRESTA301,4,True,2023-05-22T00:00:13Z,2023-05-22T23:59:58Z,5760,5760,0,14.999925,14.999466896,15.000002085,0.001450626,0,0,0,0,0.0,2.874458,16.898508,2.569956e-12,0.0001916305,0.001126567,False,0.001356,False
2023-05-23,RS03AXBS-MJ03A-06-PRESTA301,4,True,2023-05-23T00:00:13Z,2023-05-23T23:59:58Z,5760,5760,0,14.999925,14.999501228,15.000001831,0.002497407,0,0,0,0,0.0,3.297889,19.284335,1.875899e-12,0.0002198592,0.001285622,False,0.001362,False
2023-05-24,RS03AXBS-MJ03A-06-PRESTA301,4,True,2023-05-24T00:00:13Z,2023-05-24T23:59:58Z,5760,5760,0,14.999925,14.999498844,15.000002361,-0.003136917,0,0,0,0,0.0,3.131496,22.231933,1.731445e-12,0.0002087664,0.001482129,False,0.001385,False
2023-05-25,RS03AXBS-MJ03A-06-PRESTA301,4,True,2023-05-25T00:00:13Z,2023-05-25T23:59:58Z,5760,5760,0,14.999925,14.999514103,15.000002249,0.003429269,0,0,0,0,0.0,2.888172,16.675097,2.179978e-12,0.0001925448,0.001111673,False,0.001368,False
2023-05-26,RS03AXBS-MJ03A-06-PRESTA301,4,True,2023-05-26T00:00:13Z,2023-05-26T23:59:58Z,5760,5760,0,14.999925,14.999505997,15.000002243,-0.00141211,0,0,0,0,0.0,2.885088,18.01127,2.580054e-12,0.0001923392,0.001200751,False,0.00134,False
2023-05-27,RS03AXBS-MJ03A-06-PRESTA301,4,True,2023-05-27T00:00:13Z,2023-05-27T23:59:58Z,5760,5760,0,14.999925,14.999505997,15.00000224,0.001273185,0,0,0,0,0.0,3.076104,19.262457,1.371574e-12,0.0002050736,0.001284164,False,0.001379,False
2023-05-28,RS03AXBS-MJ03A-06-PRESTA301,4,True,2023-05-28T00:00:13Z,2023-05-28T23:59:58Z,5760,5760,0,14.999925,14.999517918,15.00000275,-0.000902303,0,0,0,0,0.0,3.028028,18.305612,2.203095e-12,0.0002018685,0.001220374,False,0.001346,False
2023-05-29,RS03AXBS-MJ03A-06-PRESTA301,4,True,2023-05-29T00:00:13Z,2023-05-29T23:59:58Z,5760,5760,0,14.999925,14.999511242,15.000002577,-0.001066117,0,0,0,0,0.0,3.145371,20.716729,1.424666e-12,0.0002096914,0.001381115,False,0.001549,False
2023-05-30,RS03AXBS-MJ03A-06-PRESTA301,4,True,2023-05-30T00:00:13Z,2023-05-30T23:59:58Z,5760,5760,0,14.999925,14.999516964,15.000002217,-0.001187075,0,0,0,0,0.0,3.134604,20.875056,1.106991e-12,0.0002089736,0.00139167,False,0.001403,False
2023-05-31,RS03AXBS-MJ03A-06-PRESTA301,4,True,2023-05-31T00:00:13Z,2023-05-31T23:59:58Z,5760,5760,0,14.999925,14.999512196,15.000002081,-0.00028327,0,0,0,0,0.0,3.153877,18.77534,2.909824e-12,0.0002102585,0.001251689,False,0.001342,False
2023-06-01,RS03AXBS-MJ03A-06-PRESTA301,4,True,2023-06-01T00:00:13Z,2023-06-01T23:59:58Z,5760,5760,0,14.999925,14.999503136,15.000002024,0.001441717,0,0,0,0,0.0,2.859137,20.418789,1.563489e-12,0.0001906091,0.001361252,False,0.001514,False
2023-06-02,RS03AXBS-MJ03A-06-PRESTA301,4,True,2023-06-02T00:00:13Z,2023-06-02T23:59:58Z,5760,5760,0,14.999925,14.999494076,15.000002521,0.001743817,0,0,0,0,0.0,2.925028,20.515378,1.4687e-12,0.0001950018,0.001367692,False,0.001363,False
2023-06-03,RS03AXBS-MJ03A-06-PRESTA301,4,True,2023-06-03T00:00:13Z,2023-06-03T23:59:58Z,5760,5760,0,14.999925,14.999490738,15.000002327,0.000798247,0,0,0,0,0.0,13.466655,998.675365,1.583782e-12,0.0008977768,0.06657835,False,0.06667,False
2023-06-04,RS03AXBS-MJ03A-06-PRESTA301,4,True,2023-06-04T00:00:14Z,2023-06-04T23:59:59Z,5760,5760,0,14.999925,14.999476433,15.0000031,-0.003743254,0,0,0,0,0.0,26.527782,1003.048428,1.605318e-12,0.001768518,0.06686988,False,0.067098,False
2023-06-05,RS03AXBS-MJ03A-06-PRESTA301,4,True,2023-06-05T00:00:14Z,2023-06-05T23:59:59Z,5760,5760,0,14.999925,14.99946022,15.000002236,0.001356418,0,0,0,0,0.0,3.079321,18.466711,1.654401e-12,0.0002052881,0.001231114,False,0.001379,False
2023-06-06,RS03AXBS-MJ03A-06-PRESTA301,4,True,2023-06-06T00:00:14Z,2023-06-06T23:59:59Z,5760,5760,0,14.999925,14.999486446,15.000001824,-0.000950222,0,0,0,0,0.0,3.034011,16.906082,1.995861e-12,0.0002022674,0.001127072,False,0.001347,False
2023-06-07,RS03AXBS-MJ03A-06-PRESTA301,4,True,2023-06-07T00:00:14Z,2023-06-07T23:59:59Z,5760,5760,0,14.999925,14.999478817,15.000001084,0.001659372,0,0,0,0,0.0,3.068253,24.298691,2.939203e-12,0.0002045502,0.001619913,False,0.001641,False
2023-06-08,RS03AXBS-MJ03A-06-PRESTA301,4,True,2023-06-08T00:00:14Z,2023-06-08T23:59:59Z,5760,5760,0,14.999925,14.999469757,15.000001584,-0.000404823,0,0,0,0,0.0,3.019945,17.575711,2.524049e-12,0.0002013297,0.001171714,False,0.001362,False
2023-06-09,RS03AXBS-MJ03A-06-PRESTA301,4,True,2023-06-09T00:00:14Z,2023-06-09T23:59:59Z,5695,5760,65,14.999925,14.999491692,15.000002418,0.00431674,2,65,2,65,-0.0,3.02441,17.145325,-4.901831e-13,0.0002016273,0.001143021,False,0.001378,True
2023-06-10,RS03AXBS-MJ03A-06-PRESTA301,4,True,2023-06-10T00:00:14Z,2023-06-10T23:59:59Z,5760,5760,0,14.999925,14.999473095,15.000002381,-0.001492432,0,0,0,0,0.0,2.936299,19.581731,2.614868e-12,0.0001957533,0.001305449,False,0.001334,False
2023-06-11,RS03AXBS-MJ03A-06-PRESTA301,4,True,2023-06-11T00:00:14Z,2023-06-11T23:59:59Z,5760,5760,0,14.999925,14.999514103,15.000001875,0.003485178,0,0,0,0,0.0,2.991137,20.429332,1.422931e-12,0.0001994091,0.001361955,False,0.001356,False
2023-06-12,RS03AXBS-MJ03A-06-PRESTA301,4,True,2023-06-12T00:00:14Z,2023-06-12T23:59:59Z,5760,5760,0,14.999925,14.999505043,15.000001989,0.000817281,0,0,0,0,0.0,3.555114,18.526754,1.332756e-12,0.0002370076,0.001235117,False,0.001371,False
2023-06-13,RS03AXBS-MJ03A-06-PRESTA301,4,True,2023-06-13T00:00:14Z,2023-06-13T23:59:59Z,5760,5760,0,14.999925,14.999505043,15.000002083,0.004314519,0,0,0,0,0.0,3.250179,17.39569,2.87274e-12,0.0002166786,0.001159713,False,0.001387,False
2023-06-14,RS03AXBS-MJ03A-06-PRESTA301,4,True,2023-06-14T00:00:14Z,2023-06-14T23:59:59Z,5760,5760,0,14.999925,14.999487877,15.000001645,0.004894159,0,0,0,0,0.0,3.043563,21.955174,1.24085e-12,0.0002029041,0.001463678,False,0.001617,False
2023-06-15,RS03AXBS-MJ03A-06-PRESTA301,4,True,2023-06-15T00:00:14Z,2023-06-15T23:59:59Z,5760,5760,0,14.999925,14.99948597,15.000001751,0.001120898,0,0,0,0,0.0,3.049667,17.225342,1.334573e-12,0.0002033111,0.001148356,False,0.001328,False
2023-06-16,RS03AXBS-MJ03A-06-PRESTA301,4,True,2023-06-16T00:00:14Z,2023-06-16T23:59:59Z,5760,5760,0,14.999925,14.999493122,15.000002009,0.005104445,0,0,0,0,0.0,3.500596,19.828552,1.163349e-12,0.0002333731,0.001321903,False,0.001386,False
2023-06-17,RS03AXBS-MJ03A-06-PRESTA301,4,True,2023-06-17T00:00:14Z,2023-06-17T23:59:59Z,5760,5760,0,14.999925,14.999502182,15.000002091,0.005220208,0,0,0,0,0.0,2.913459,16.765914,2.329875e-12,0.0001942305,0.001117727,False,0.001364,False
2023-06-18,RS03AXBS-MJ03A-06-PRESTA301,4,True,2023-06-18T00:00:14Z,2023-06-18T06:25:59Z,1544,1544,0,14.999925,14.999490261,15.00000263,-0.000125822,0,0,0,0,-0.0,2.861473,19.091703,-5.492439e-14,0.0001907648,0.00127278,False,0.001318,False
2023-06-19,RS03AXBS-MJ03A-06-PRESTA301,4,False,,,0,0,,14.999925,,,,,,,,,,,,,,,,False
2023-06-20,RS03AXBS-MJ03A-06-PRESTA301,4,True,2023-06-20T21:13:33Z,2023-06-20T23:59:50Z,665,666,1,14.999925,14.999361038,15.004080913,-0.054157894,1,1,1,1,0.0,537.44378,1107.910139,8.56391e-15,0.03581984,0.07384059,False,0.133572,True
2023-06-21,RS03AXBS-MJ03A-06-PRESTA301,4,True,2023-06-21T00:00:05Z,2023-06-21T23:59:50Z,5760,5760,0,14.999925,14.999489307,15.000001887,0.00371915,0,0,0,0,0.0,4.145054,21.889455,3.098787e-12,0.0002763369,0.001459297,False,0.001338,False
2023-06-22,RS03AXBS-MJ03A-06-PRESTA301,4,True,2023-06-22T00:00:05Z,2023-06-22T23:59:50Z,5760,5760,0,14.999925,14.999516964,15.000001796,0.003872241,0,0,0,0,0.0,3.231881,17.95322,1.764452e-12,0.0002154587,0.001196881,False,0.001394,False
2023-06-23,RS03AXBS-MJ03A-06-PRESTA301,4,True,2023-06-23T00:00:05Z,2023-06-23T23:59:50Z,5760,5760,0,14.999925,14.999499321,15.000001959,0.001276805,0,0,0,0,0.0,3.088109,22.361891,1.028824e-12,0.0002058739,0.001490793,False,0.00139,False
2023-06-24,RS03AXBS-MJ03A-06-PRESTA301,4,True,2023-06-24T00:00:05Z,2023-06-24T23:59:50Z,5760,5760,0,14.999925,14.999512672,15.000002326,0.001411639,0,0,0,0,0.0,2.828679,16.57656,3.129271e-12,0.0001885786,0.001105104,False,0.001366,False
2023-06-25,RS03AXBS-MJ03A-06-PRESTA301,4,True,2023-06-25T00:00:05Z,2023-06-25T23:59:50Z,5760,5760,0,14.999925,14.99952364,15.000002586,-0.001684952,0,0,0,0,0.0,3.172793,19.515376,1.052606e-12,0.0002115195,0.001301025,False,0.001331,False
2023-06-26,RS03AXBS-MJ03A-06-PRESTA301,4,True,2023-06-26T00:00:05Z,2023-06-26T23:59:50Z,5760,5760,0,14.999925,14.999515057,15.000002462,0.001493809,0,0,0,0,0.0,2.91794,17.374241,6.594905e-13,0.0001945293,0.001158283,False,0.001394,False
2023-06-27,RS03AXBS-MJ03A-06-PRESTA301,4,True,2023-06-27T00:00:05Z,2023-06-27T23:59:50Z,5760,5760,0,14.999925,14.999519825,15.000002061,0.002717307,0,0,0,0,0.0,2.972647,17.532843,2.078669e-12,0.0001981764,0.001168856,False,0.001375,False
2023-06-28,RS03AXBS-MJ03A-06-PRESTA301,4,True,2023-06-28T00:00:05Z,2023-06-28T23:59:50Z,5760,5760,0,14.999925,14.999500275,15.000001837,0.002214953,0,0,0,0,0.0,3.095555,19.636699,1.151249e-12,0.0002063703,0.001309113,False,0.0014,False
2023-06-29,RS03AXBS-MJ03A-06-PRESTA301,4,True,2023-06-29T00:00:05Z,2023-06-29T23:59:50Z,5760,5760,0,14.999925,14.999505997,15.00000176,0.003904211,0,0,0,0,0.0,2.902662,21.787567,1.971325e-12,0.0001935108,0.001452504,False,0.001667,False
2023-06-30,RS03AXBS-MJ03A-06-PRESTA301,4,True,2023-06-30T00:00:05Z,2023-06-30T23:59:50Z,5738,5760,22,14.999925,14.999518394,15.000001716,0.00386559,1,22,1,22,-0.0,2.986959,17.736378,-1.332151e-12,0.0001991306,0.001182425,False,0.001334,True
2023-07-01,RS03AXBS-MJ03A-06-PRESTA301,4,True,2023-07-01T00:00:05Z,2023-07-01T23:59:50Z,5760,5760,0,14.999925,14.99946928,15.000002139,-0.002267753,0,0,0,0,0.0,4.984884,23.026385,2.087192e-12,0.0003323256,0.001535092,False,0.001339,False
2023-07-02,RS03AXBS-MJ03A-06-PRESTA301,4,True,2023-07-02T00:00:05Z,2023-07-02T23:59:50Z,5760,5760,0,14.999925,14.999461651,15.000001828,0.000706003,0,0,0,0,0.0,3.008019,20.625287,2.839582e-12,0.0002005346,0.001375019,False,0.001424,False
2023-07-03,RS03AXBS-MJ03A-06-PRESTA301,4,True,2023-07-03T00:00:05Z,2023-07-03T23:59:50Z,5760,5760,0,14.999925,14.99945879,15.00000184,0.000457185,0,0,0,0,0.0,3.114932,17.629071,2.007696e-12,0.0002076621,0.001175271,False,0.001349,False
2023-07-04,RS03AXBS-MJ03A-06-PRESTA301,4,True,2023-07-04T00:00:05Z,2023-07-04T23:59:50Z,5760,5760,0,14.999925,14.999445915,15.000002167,0.00148007,0,0,0,0,0.0,2.884744,21.72814,1.930926e-12,0.0001923163,0.001448542,False,0.001351,False
2023-07-05,RS03AXBS-MJ03A-06-PRESTA301,4,True,2023-07-05T00:00:05Z,2023-07-05T23:59:50Z,5760,5760,0,14.999925,14.999488831,15.000002523,-0.002393735,0,0,0,0,0.0,2.931841,18.669298,9.528688e-13,0.000195456,0.00124462,False,0.001372,False
2023-07-06,RS03AXBS-MJ03A-06-PRESTA301,4,True,2023-07-06T00:00:05Z,2023-07-06T23:59:50Z,5760,5760,0,14.999925,14.999495029,15.000001862,-0.001633054,0,0,0,0,0.0,2.831079,16.239179,1.495322e-12,0.0001887386,0.001082612,False,0.001377,False
2023-07-07,RS03AXBS-MJ03A-06-PRESTA301,4,True,2023-07-07T00:00:05Z,2023-07-07T23:59:50Z,5760,5760,0,14.999925,14.99948597,15.000001811,0.001884263,0,0,0,0,0.0,3.151829,18.914693,1.816488e-12,0.0002101219,0.001260979,False,0.001348,False
2023-07-08,RS03AXBS-MJ03A-06-PRESTA301,4,True,2023-07-08T00:00:05Z,2023-07-08T23:59:50Z,5760,5760,0,14.999925,14.999500275,15.000002226,-0.002297194,0,0,1,1,0.0,17.995678,1348.281101,1.452118e-13,0.001199712,0.08988539,False,0.089942,False
2023-07-09,RS03AXBS-MJ03A-06-PRESTA301,4,True,2023-07-09T00:00:05Z,2023-07-09T23:59:50Z,5760,5760,0,14.999925,14.999507427,15.000002338,0.0022332,0,0,0,0,0.0,2.887307,16.624561,2.90648e-12,0.0001924871,0.001108304,False,0.001339,False
2023-07-10,RS03AXBS-MJ03A-06-PRESTA301,4,True,2023-07-10T00:00:05Z,2023-07-10T23:59:50Z,5418,5760,342,14.999925,14.999518871,15.000002028,0.00315493,3,342,3,342,0.0,2.959655,19.216024,5.292858e-13,0.0001973103,0.001281068,False,0.009746,True
2023-07-11,RS03AXBS-MJ03A-06-PRESTA301,4,True,2023-07-11T00:00:05Z,2023-07-11T23:59:50Z,5760,5760,0,14.999925,14.999488831,15.00000171,0.004080991,0,0,0,0,0.0,3.603549,19.3842,2.460027e-12,0.0002402365,0.00129228,False,0.001395,False
2023-07-12,RS03AXBS-MJ03A-06-PRESTA301,4,True,2023-07-12T00:00:05Z,2023-07-12T23:59:50Z,5760,5760,0,14.999925,14.999508858,15.000002312,0.002436929,0,0,0,0,0.0,3.048819,18.085827,3.110883e-12,0.0002032546,0.001205722,False,0.001368,False
2023-07-13,RS03AXBS-MJ03A-06-PRESTA301,4,True,2023-07-13T00:00:05Z,2023-07-13T23:59:50Z,5760,5760,0,14.999925,14.999495029,15.00000158,0.003982595,0,0,0,0,0.0,3.056957,22.422636,2.863172e-12,0.0002037971,0.001494842,False,0.001392,False
2023-07-14,RS03AXBS-MJ03A-06-PRESTA301,4,True,2023-07-14T00:00:05Z,2023-07-14T23:59:50Z,5760,5760,0,14.999925,14.999500275,15.000001549,0.001593176,0,0,0,0,0.0,2.92555,17.918636,7.761936e-13,0.0001950367,0.001194576,False,0.001354,False
2023-07-15,RS03AXBS-MJ03A-06-PRESTA301,4,True,2023-07-15T00:00:05Z,2023-07-15T23:59:50Z,5760,5760,0,14.999925,14.999463081,15.000002137,0.000484081,0,0,0,0,0.0,2.845513,16.874075,1.141116e-12,0.0001897009,0.001124938,False,0.001366,False
2023-07-16,RS03AXBS-MJ03A-06-PRESTA301,4,True,2023-07-16T00:00:05Z,2023-07-16T23:59:50Z,5760,5760,0,14.999925,14.999495983,15.000002332,-0.002568916,0,0,0,0,0.0,2.881651,17.015823,1.946547e-12,0.00019211,0.001134388,False,0.001355,False
2023-07-17,RS03AXBS-MJ03A-06-PRESTA301,4,True,2023-07-17T00:00:05Z,2023-07-17T23:59:50Z,5760,5760,0,14.999925,14.999475002,15.000002438,-0.000584772,0,0,0,0,0.0,3.278247,20.188316,3.377325e-12,0.0002185497,0.001345887,False,0.001354,False
2023-07-18,RS03AXBS-MJ03A-06-PRESTA301,4,True,2023-07-18T00:00:05Z,2023-07-18T23:59:50Z,5760,5760,0,14.999925,14.999486923,15.000002075,-0.013098377,0,0,0,0,0.0,3.185832,18.535291,2.847082e-12,0.0002123888,0.001235686,False,0.001347,False
2023-07-19,RS03AXBS-MJ03A-06-PRESTA301,4,True,2023-07-19T00:00:05Z,2023-07-19T23:59:50Z,5760,5760,0,14.999925,14.999479294,15.000002361,-0.001033591,0,0,0,0,0.0,3.106378,16.631576,1.702447e-12,0.0002070919,0.001108772,False,0.001365,False
2023-07-20,RS03AXBS-MJ03A-06-PRESTA301,4,True,2023-07-20T00:00:05Z,2023-07-20T23:59:50Z,5719,5760,41,14.999925,14.999500751,15.000002009,8.0522e-05,1,41,1,41,-0.0,2.902414,21.497356,-1.535902e-12,0.0001934942,0.001433157,False,0.001353,True
2023-07-21,RS03AXBS-MJ03A-06-PRESTA301,4,True,2023-07-21T00:00:05Z,2023-07-21T23:59:50Z,5760,5760,0,14.999925,14.999488354,15.000002031,0.001203304,0,0,0,0,0.0,2.916768,16.24937,5.14853e-13,0.0001944512,0.001083291,False,0.00137,False
2023-07-22,RS03AXBS-MJ03A-06-PRESTA301,4,True,2023-07-22T00:00:05Z,2023-07-22T13:42:05Z,3289,3289,0,14.999925,14.999450684,15.000000763,0.002899604,0,0,0,0,-0.0,4.161941,20.537095,-6.01675e-13,0.0002774627,0.00136914,False,0.001396,False
2023-07-23,RS03AXBS-MJ03A-06-PRESTA301,4,False,,,0,0,,14.999925,,,,,,,,,,,,,,,,False
2023-07-24,RS03AXBS-MJ03A-06-PRESTA301,4,False,,,0,0,,14.999925,,,,,,,,,,,,,,,,False
2023-07-25,RS03AXBS-MJ03A-06-PRESTA301,4,False,,,0,0,,14.999925,,,,,,,,,,,,,,,,False
2023-07-26,RS03AXBS-MJ03A-06-PRESTA301,4,True,2023-07-26T18:18:47Z,2023-07-26T23:59:47Z,1365,1365,0,14.999925,14.999536514,15.000004483,0.001615013,0,0,0,0,-0.0,2.825804,14.761483,-8.048546e-15,0.0001883869,0.0009840986,False,0.00108,False
2023-07-27,RS03AXBS-MJ03A-06-PRESTA301,4,True,2023-07-27T00:00:02Z,2023-07-27T23:59:47Z,5760,5760,0,14.999925,14.999517918,15.000001171,0.000700852,0,0,0,0,0.0,3.269236,17.973244,1.857776e-12,0.000217949,0.001198216,False,0.001396,False
2023-07-28,RS03AXBS-MJ03A-06-PRESTA301,4,True,2023-07-28T00:00:02Z,2023-07-28T23:59:47Z,5760,5760,0,14.999925,14.999494076,15.000001293,-0.000650647,0,0,0,0,0.0,2.914398,18.364243,3.539313e-12,0.0001942932,0.001224283,False,0.001365,False
2023-07-29,RS03AXBS-MJ03A-06-PRESTA301,4,True,2023-07-29T00:00:02Z,2023-07-29T23:59:47Z,5760,5760,0,14.999925,14.999499798,15.000001992,-0.014766472,0,0,0,0,0.0,3.098219,19.600146,2.843939e-12,0.0002065479,0.001306676,False,0.00139,False
2023-07-30,RS03AXBS-MJ03A-06-PRESTA301,4,True,2023-07-30T00:00:02Z,2023-07-30T23:59:47Z,5760,5760,0,14.999925,14.999484062,15.000002293,-0.001590905,0,0,0,0,0.0,2.926394,16.908245,2.35234e-12,0.0001950929,0.001127216,False,0.001353,False
2023-07-31,RS03AXBS-MJ03A-06-PRESTA301,4,True,2023-07-31T00:00:02Z,2023-07-31T23:59:47Z,5760,5760,0,14.999925,14.999468327,15.000002263,0.003352258,0,0,0,0,0.0,3.157283,17.753005,2.077837e-12,0.0002104855,0.001183533,False,0.001353,False
2023-08-01,RS03AXBS-MJ03A-06-PRESTA301,4,True,2023-08-01T00:00:02Z,2023-08-01T23:59:47Z,5731,5760,29,14.999925,14.999460459,15.000002023,0.000443159,1,29,1,29,-0.0,2.785889,19.327818,-8.073096e-13,0.0001857259,0.001288521,False,0.001392,True
2023-08-02,RS03AXBS-MJ03A-06-PRESTA301,4,True,2023-08-02T00:00:02Z,2023-08-02T23:59:47Z,5760,5760,0,14.999925,14.999480247,15.000002038,-0.002416102,0,0,0,0,0.0,2.947971,17.754063,1.065814e-12,0.0001965314,0.001183604,False,0.001372,False
2023-08-03,RS03AXBS-MJ03A-06-PRESTA301,4,True,2023-08-03T00:00:02Z,2023-08-03T23:59:47Z,5760,5760,0,14.999925,14.999452591,15.000001604,0.001424146,0,0,0,0,0.0,2.864369,18.47654,1.464782e-12,0.0001909579,0.001231769,False,0.001349,False
2023-08-04,RS03AXBS-MJ03A-06-PRESTA301,4,True,2023-08-04T00:00:02Z,2023-08-04T23:59:47Z,5760,5760,0,14.999925,14.999484062,15.000002127,-0.001573958,0,0,0,0,-0.0,2.950809,17.194047,-6.105389e-13,0.0001967205,0.00114627,False,0.0014,False
2023-08-05,RS03AXBS-MJ03A-06-PRESTA301,4,True,2023-08-05T00:00:02Z,2023-08-05T23:59:47Z,5760,5760,0,14.999925,14.999488831,15.000002186,3.8013e-05,0,0,0,0,0.0,3.048965,17.866994,1.948383e-12,0.0002032643,0.001191133,False,0.001409,False
2023-08-06,RS03AXBS-MJ03A-06-PRESTA301,4,True,2023-08-06T00:00:02Z,2023-08-06T23:59:47Z,5760,5760,0,14.999925,14.99950695,15.000002353,0.00217858,0,0,0,0,0.0,3.104918,17.332453,1.003978e-12,0.0002069945,0.001155497,False,0.001388,False
2023-08-07,RS03AXBS-MJ03A-06-PRESTA301,4,True,2023-08-07T00:00:02Z,2023-08-07T23:59:47Z,5760,5760,0,14.999925,14.999510765,15.00000187,0.002769267,0,0,0,0,0.0,3.009414,21.725128,2.872681e-12,0.0002006276,0.001448342,False,0.001713,False
2023-08-08,RS03AXBS-MJ03A-06-PRESTA301,4,True,2023-08-08T00:00:02Z,2023-08-08T23:59:47Z,5760,5760,0,14.999925,14.999513626,15.000002301,0.005490956,0,0,0,0,0.0,2.854493,15.921122,2.129171e-12,0.0001902995,0.001061408,False,0.001321,False
2023-08-09,RS03AXBS-MJ03A-06-PRESTA301,4,True,2023-08-09T00:00:02Z,2023-08-09T23:59:47Z,5692,5760,68,14.999925,14.999486923,15.00000235,0.000912053,2,68,2,68,-0.0,2.904288,19.796946,-1.114183e-13,0.0001936192,0.001319796,False,0.001364,True
2023-08-10,RS03AXBS-MJ03A-06-PRESTA301,4,True,2023-08-10T00:00:02Z,2023-08-10T23:59:47Z,5760,5760,0,14.999925,14.999490738,15.000002414,-0.000292819,0,0,0,0,0.0,3.026402,18.63882,2.768172e-12,0.0002017601,0.001242588,False,0.001353,False
2023-08-11,RS03AXBS-MJ03A-06-PRESTA301,4,True,2023-08-11T00:00:02Z,2023-08-11T23:59:47Z,5760,5760,0,14.999925,14.999498844,15.000002123,-0.001914072,0,0,0,0,0.0,2.975599,16.703031,3.704044e-12,0.0001983733,0.001113535,False,0.001371,False
2023-08-12,RS03AXBS-MJ03A-06-PRESTA301,4,True,2023-08-12T00:00:02Z,2023-08-12T23:59:47Z,5760,5760,0,14.999925,14.999531746,15.000002257,0.000881035,0,0,0,0,0.0,2.948162,18.419491,1.174631e-12,0.0001965441,0.001227966,False,0.001366,False
2023-08-13,RS03AXBS-MJ03A-06-PRESTA301,4,True,2023-08-13T00:00:02Z,2023-08-13T23:59:47Z,5760,5760,0,14.999925,14.999498844,15.000002138,0.005119708,0,0,0,0,0.0,2.979268,22.899724,1.584992e-12,0.0001986178,0.001526648,False,0.001362,False
2023-08-14,RS03AXBS-MJ03A-06-PRESTA301,4,True,2023-08-14T00:00:02Z,2023-08-14T23:59:47Z,5760,5760,0,14.999925,14.999520302,15.000002157,-0.000777988,0,0,0,0,0.0,3.145547,17.775924,1.504543e-12,0.0002097031,0.001185061,False,0.00139,False
2023-08-15,RS03AXBS-MJ03A-06-PRESTA301,4,True,2023-08-15T00:00:02Z,2023-08-15T23:59:47Z,5760,5760,0,14.999925,14.999474049,15.000001928,-0.015653266,0,0,0,0,0.0,3.08414,17.626002,1.491213e-12,0.0002056093,0.001175067,False,0.001336,False
2023-08-16,RS03AXBS-MJ03A-06-PRESTA301,4,True,2023-08-16T00:00:02Z,2023-08-16T23:59:52Z,5759,5760,1,14.999925,14.999517918,15.000364058,3.579936742,1,1,1,1,-0.0,1172.496665,3736.487103,-3.350587e-13,0.07816455,0.2490931,False,0.333272,True
2023-08-17,RS03AXBS-MJ03A-06-PRESTA301,4,True,2023-08-17T00:00:07Z,2023-08-17T23:59:52Z,5753,5760,7,14.999925,14.999480247,15.000001865,-6.754e-06,1,7,1,7,0.0,2.839587,16.035544,3.054766e-12,0.0001893058,0.001069036,False,0.001382,True
2023-08-18,RS03AXBS-MJ03A-06-PRESTA301,4,True,2023-08-18T00:00:07Z,2023-08-18T23:59:52Z,5760,5760,0,14.999925,14.999492645,15.000001999,0.001336148,0,0,0,0,0.0,2.902384,20.850616,6.793011e-13,0.0001934922,0.001390041,False,0.001394,False
2023-08-19,RS03AXBS-MJ03A-06-PRESTA301,4,True,2023-08-19T00:00:07Z,2023-08-19T23:59:52Z,5760,5760,0,14.999925,14.999493122,15.000001938,-7.9359e-05,0,0,0,0,0.0,2.839986,21.805746,1.958564e-12,0.0001893324,0.001453716,False,0.001367,False
2023-08-20,RS03AXBS-MJ03A-06-PRESTA301,4,True,2023-08-20T00:00:07Z,2023-08-20T23:59:52Z,5760,5760,0,14.999925,14.99951601,15.00000232,0.000104127,0,0,0,0,0.0,3.030449,17.104476,1.915069e-12,0.0002020299,0.001140298,False,0.001354,False
2023-08-21,RS03AXBS-MJ03A-06-PRESTA301,4,True,2023-08-21T00:00:07Z,2023-08-21T23:59:52Z,5760,5760,0,14.999925,14.999505043,15.000002163,0.002818732,0,0,0,0,0.0,3.118484,19.102489,1.070127e-12,0.0002078989,0.001273499,False,0.001395,False
2023-08-22,RS03AXBS-MJ03A-06-PRESTA301,4,True,2023-08-22T00:00:07Z,2023-08-22T23:59:52Z,5760,5760,0,14.999925,14.999517918,15.000002408,0.00210315,0,0,0,0,0.0,2.90409,18.368555,2.821266e-12,0.000193606,0.00122457,False,0.001372,False
2023-08-23,RS03AXBS-MJ03A-06-PRESTA301,4,True,2023-08-23T00:00:07Z,2023-08-23T23:59:52Z,5760,5760,0,14.999925,14.999502659,15.000002232,-2.374e-06,0,0,0,0,0.0,2.978063,16.545359,2.122407e-12,0.0001985375,0.001103024,False,0.001373,False
2023-08-24,RS03AXBS-MJ03A-06-PRESTA301,4,True,2023-08-24T00:00:07Z,2023-08-24T23:59:52Z,5760,5760,0,14.999925,14.999513149,15.000001758,-2.3759e-05,0,0,0,0,0.0,2.997733,21.923686,2.010368e-12,0.0001998488,0.001461579,False,0.001496,False
2023-08-25,RS03AXBS-MJ03A-06-PRESTA301,4,True,2023-08-25T00:00:07Z,2023-08-25T23:59:52Z,5760,5760,0,14.999925,14.999509811,15.000002355,-0.010244908,0,0,0,0,0.0,3.027911,23.87176,1.96209e-13,0.0002018607,0.00159145,False,0.00181,False
2023-08-26,RS03AXBS-MJ03A-06-PRESTA301,4,True,2023-08-26T00:00:07Z,2023-08-26T23:59:52Z,5760,5760,0,14.999925,14.999505997,15.000001972,0.000467453,0,0,0,0,0.0,3.09009,17.128439,6.319747e-13,0.0002060059,0.001141896,False,0.001383,False
2023-08-27,RS03AXBS-MJ03A-06-PRESTA301,4,True,2023-08-27T00:00:07Z,2023-08-27T23:59:52Z,5760,5760,0,14.999925,14.999463081,15.000002261,0.000625553,0,0,0,0,0.0,3.016205,18.685679,1.720249e-12,0.0002010803,0.001245712,False,0.001359,False
2023-08-28,RS03AXBS-MJ03A-06-PRESTA301,4,True,2023-08-28T00:00:07Z,2023-08-28T23:59:52Z,5760,5760,0,14.999925,14.999486923,15.000002209,0.002580079,0,0,0,0,0.0,2.902674,23.150297,9.045199e-13,0.0001935116,0.001543353,False,0.001823,False
2023-08-29,RS03AXBS-MJ03A-06-PRESTA301,4,True,2023-08-29T00:00:07Z,2023-08-29T23:59:52Z,5760,5760,0,14.999925,14.999475956,15.000001906,0.000663953,0,0,0,0,0.0,2.904648,17.127797,2.959459e-12,0.0001936432,0.001141853,False,0.001356,False
2023-08-30,RS03AXBS-MJ03A-06-PRESTA301,4,True,2023-08-30T00:00:07Z,2023-08-30T23:59:52Z,5760,5760,0,14.999925,14.999487877,15.000001823,-0.000566116,0,0,0,0,0.0,3.97751,18.650548,1.302132e-12,0.0002651673,0.00124337,False,0.001697,False
2023-08-31,RS03AXBS-MJ03A-06-PRESTA301,4,True,2023-08-31T00:00:07Z,2023-08-31T23:59:53Z,5760,5760,0,14.999925,14.999481678,15.000003249,0.001599584,0,0,0,0,0.0,13.652082,999.101443,1.643836e-12,0.0009101386,0.06660675,False,0.066697,False
2023-09-01,RS03AXBS-MJ03A-06-PRESTA301,4,True,2023-09-01T00:00:08Z,2023-09-01T23:59:53Z,5760,5760,0,14.999925,14.999480247,15.000001862,-0.002901087,0,0,0,0,0.0,23.176231,1002.155484,1.350979e-12,0.001545082,0.06681036,False,0.066713,False
2023-09-02,RS03AXBS-MJ03A-06-PRESTA301,4,True,2023-09-02T00:00:08Z,2023-09-02T23:59:53Z,5760,5760,0,14.999925,14.999460697,15.000001761,0.003178622,0,0,0,0,0.0,2.952633,20.731454,2.906899e-12,0.0001968422,0.001382097,False,0.001345,False
2023-09-03,RS03AXBS-MJ03A-06-PRESTA301,4,True,2023-09-03T00:00:08Z,2023-09-03T23:59:53Z,5760,5760,0,14.999925,14.999505043,15.000002137,0.006178245,0,0,0,0,0.0,2.866924,22.318434,2.201879e-12,0.0001911282,0.001487895,False,0.0016,False
2023-09-04,RS03AXBS-MJ03A-06-PRESTA301,4,True,2023-09-04T00:00:08Z,2023-09-04T23:59:53Z,5760,5760,0,14.999925,14.999473095,15.000001955,0.004667807,0,0,0,0,0.0,2.852394,16.305387,6.841143e-13,0.0001901595,0.001087026,False,0.001237,False
2023-09-05,RS03AXBS-MJ03A-06-PRESTA301,4,True,2023-09-05T00:00:08Z,2023-09-05T23:59:53Z,5760,5760,0,14.999925,14.999522209,15.000002221,0.004074114,0,0,0,0,0.0,2.948316,22.321824,1.881939e-12,0.0001965544,0.001488121,False,0.00138,False
2023-09-06,RS03AXBS-MJ03A-06-PRESTA301,4,True,2023-09-06T00:00:08Z,2023-09-06T23:59:53Z,5760,5760,0,14.999925,14.999495983,15.000002002,-0.001846467,0,0,0,0,0.0,2.977171,20.096112,7.579548e-13,0.000198478,0.001339741,False,0.001355,False
2023-09-07,RS03AXBS-MJ03A-06-PRESTA301,4,True,2023-09-07T00:00:08Z,2023-09-07T23:59:53Z,5760,5760,0,14.999925,14.999504089,15.000002106,0.001322378,0,0,0,0,0.0,3.053358,17.208872,2.751831e-12,0.0002035572,0.001147258,False,0.001378,False
2023-09-08,RS03AXBS-MJ03A-06-PRESTA301,4,True,2023-09-08T00:00:08Z,2023-09-08T23:59:53Z,5760,5760,0,14.999925,14.999505043,15.00000173,0.002619121,0,0,0,0,0.0,2.937792,21.019165,1.634194e-12,0.0001958528,0.001401277,False,0.00151,False
2023-09-09,RS03AXBS-MJ03A-06-PRESTA301,4,True,2023-09-09T00:00:08Z,2023-09-09T23:59:53Z,5760,5760,0,14.999925,14.999503136,15.000001966,-0.000330373,0,0,0,0,0.0,2.906249,18.155186,2.762449e-12,0.0001937499,0.001210346,False,0.001355,False
2023-09-10,RS03AXBS-MJ03A-06-PRESTA301,4,True,2023-09-10T00:00:08Z,2023-09-10T23:59:53Z,5760,5760,0,14.999925,14.999483109,15.000001847,0.003016966,0,0,0,0,0.0,2.971358,17.370102,2.624063e-12,0.0001980905,0.001158007,False,0.001344,False
2023-09-11,RS03AXBS-MJ03A-06-PRESTA301,4,True,2023-09-11T00:00:08Z,2023-09-11T14:07:08Z,3389,3389,0,14.999925,14.999489069,15.000000941,0.002537379,0,0,0,0,0.0,3.027823,19.21889,6.693201e-13,0.0002018548,0.001281259,False,0.001363,False
2023-09-12,RS03AXBS-MJ03A-06-PRESTA301,4,True,2023-09-12T16:32:00Z,2023-09-12T23:59:58Z,1792,1793,1,14.999925,14.999444962,14.999981502,-1.978616902,1,1,1,1,0.0,105.098574,1978.616902,6.31164e-13,0.00700658,0.131908,False,0.133167,True
2023-09-13,RS03AXBS-MJ03A-06-PRESTA301,4,True,2023-09-13T00:00:13Z,2023-09-13T23:59:58Z,5725,5760,35,14.999925,14.999502659,15.00000185,0.003569915,1,35,1,35,0.0,3.021886,22.881406,1.601228e-12,0.000201459,0.001525427,False,0.001757,True
2023-09-14,RS03AXBS-MJ03A-06-PRESTA301,4,True,2023-09-14T00:00:13Z,2023-09-14T23:59:58Z,5760,5760,0,14.999925,14.999495029,15.000001972,-0.01316814,0,0,0,0,0.0,2.839856,16.030021,1.722359e-12,0.0001893237,0.001068668,False,0.001336,False
2023-09-15,RS03AXBS-MJ03A-06-PRESTA301,4,True,2023-09-15T00:00:13Z,2023-09-15T23:59:58Z,5760,5760,0,14.999925,14.999483109,15.000001114,0.001513979,0,0,0,0,0.0,2.872102,18.595609,2.763335e-12,0.0001914734,0.001239707,False,0.00135,False
2023-09-16,RS03AXBS-MJ03A-06-PRESTA301,4,True,2023-09-16T00:00:13Z,2023-09-16T23:59:58Z,5760,5760,0,14.999925,14.999505997,15.000001902,0.003648961,0,0,0,0,0.0,3.187944,17.94031,2.920016e-12,0.0002125296,0.001196021,False,0.001345,False
2023-09-17,RS03AXBS-MJ03A-06-PRESTA301,4,True,2023-09-17T00:00:13Z,2023-09-17T23:59:58Z,5760,5760,0,14.999925,14.999495029,15.000002509,9.784e-05,0,0,0,0,0.0,3.364886,19.47319,2.767629e-12,0.0002243257,0.001298212,False,0.001396,False
2023-09-18,RS03AXBS-MJ03A-06-PRESTA301,4,True,2023-09-18T00:00:13Z,2023-09-18T23:59:58Z,5760,5760,0,14.999925,14.999503613,15.000002488,0.004516507,0,0,0,0,0.0,3.884835,20.516723,1.081063e-12,0.0002589889,0.001367781,False,0.001375,False
2023-09-19,RS03AXBS-MJ03A-06-PRESTA301,4,True,2023-09-19T00:00:13Z,2023-09-19T23:59:58Z,5760,5760,0,14.999925,14.999502182,15.000001997,0.000725383,0,0,0,0,0.0,2.795485,16.515129,1.903824e-12,0.0001863657,0.001101008,False,0.001356,False
2023-09-20,RS03AXBS-MJ03A-06-PRESTA301,4,True,2023-09-20T00:00:13Z,2023-09-20T23:59:58Z,5760,5760,0,14.999925,14.999491215,15.000002106,0.001709622,0,0,0,0,0.0,2.915791,20.252976,3.176987e-12,0.000194386,0.001350198,False,0.001673,False
2023-09-21,RS03AXBS-MJ03A-06-PRESTA301,4,True,2023-09-21T00:00:13Z,2023-09-21T23:59:58Z,5760,5760,0,14.999925,14.999482632,15.000002179,-0.002269004,0,0,0,0,0.0,2.846133,17.439086,1.693691e-12,0.0001897422,0.001162606,False,0.001376,False
2023-09-22,RS03AXBS-MJ03A-06-PRESTA301,4,True,2023-09-22T00:00:13Z,2023-09-22T23:59:58Z,5760,5760,0,14.999925,14.999493122,15.000001953,0.004328128,0,0,0,0,0.0,2.840197,16.514056,2.801582e-12,0.0001893465,0.001100937,False,0.001365,False
2023-09-23,RS03AXBS-MJ03A-06-PRESTA301,4,True,2023-09-23T00:00:13Z,2023-09-23T23:59:58Z,5760,5760,0,14.999925,14.999511719,15.000002156,4.9148e-05,0,0,0,0,0.0,2.82404,18.675718,2.535226e-12,0.0001882693,0.001245048,False,0.001373,False
2023-09-24,RS03AXBS-MJ03A-06-PRESTA301,4,True,2023-09-24T00:00:13Z,2023-09-24T23:59:58Z,5760,5760,0,14.999925,14.999507904,15.000001963,-0.000109342,0,0,0,0,0.0,2.864342,21.3148,1.533241e-12,0.0001909561,0.001420987,False,0.001441,False
2023-09-25,RS03AXBS-MJ03A-06-PRESTA301,4,True,2023-09-25T00:00:13Z,2023-09-25T23:59:58Z,5760,5760,0,14.999925,14.999491692,15.000002796,-0.000916692,0,0,0,0,0.0,2.901835,16.393519,1.425326e-12,0.0001934556,0.001092901,False,0.001341,False
2023-09-26,RS03AXBS-MJ03A-06-PRESTA301,4,True,2023-09-26T00:00:13Z,2023-09-26T23:59:58Z,5549,5760,211,14.999925,14.999505997,15.000001792,-0.001065264,2,211,2,211,0.0,3.327699,23.794738,1.47662e-12,0.0002218466,0.001586316,False,0.005654,True
2023-09-27,RS03AXBS-MJ03A-06-PRESTA301,4,True,2023-09-27T00:00:13Z,2023-09-27T23:59:58Z,5697,5760,63,14.999925,14.999471426,15.000002025,-0.000387741,1,63,1,63,-0.0,3.006665,16.94462,-9.38313e-13,0.0002004443,0.001129641,False,0.002058,True
2023-09-28,RS03AXBS-MJ03A-06-PRESTA301,4,True,2023-09-28T00:00:13Z,2023-09-28T23:59:58Z,5760,5760,0,14.999925,14.999481201,15.000002274,-0.002395805,0,0,0,0,0.0,2.884595,16.602565,2.494098e-12,0.0001923063,0.001106838,False,0.001375,False
2023-09-29,RS03AXBS-MJ03A-06-PRESTA301,4,True,2023-09-29T00:00:13Z,2023-09-29T23:59:58Z,5718,5760,42,14.999925,14.999495983,15.000002426,0.002685842,1,42,1,42,-0.0,3.517318,19.324254,-6.349727e-13,0.0002344878,0.001288283,False,0.001552,True
2023-09-30,RS03AXBS-MJ03A-06-PRESTA301,4,True,2023-09-30T00:00:13Z,2023-09-30T23:59:58Z,5760,5760,0,14.999925,14.999486923,15.000002663,-0.00360984,0,0,0,0,0.0,3.308508,23.79589,2.337183e-12,0.0002205671,0.001586392,False,0.001481,False
2023-10-01,RS03AXBS-MJ03A-06-PRESTA301,4,True,2023-10-01T00:00:13Z,2023-10-01T23:59:58Z,5760,5760,0,14.999925,14.999490261,15.000002322,0.004212749,0,0,0,0,0.0,2.863166,16.787109,1.330654e-12,0.0001908777,0.00111914,False,0.001383,False
2023-10-02,RS03AXBS-MJ03A-06-PRESTA301,4,True,2023-10-02T00:00:13Z,2023-10-02T23:59:58Z,5760,5760,0,14.999925,14.999498844,15.000002354,0.003100312,0,0,0,0,0.0,3.055419,19.175815,1.336099e-12,0.0002036945,0.001278387,False,0.001577,False
2023-10-03,RS03AXBS-MJ03A-06-PRESTA301,4,True,2023-10-03T00:00:13Z,2023-10-03T23:59:58Z,5760,5760,0,14.999925,14.999470711,15.000002033,0.001631749,0,0,0,0,0.0,2.897044,17.091801,2.602395e-12,0.0001931362,0.001139453,False,0.001385,False
2023-10-04,RS03AXBS-MJ03A-06-PRESTA301,4,True,2023-10-04T00:00:13Z,2023-10-04T23:59:58Z,5760,5760,0,14.999925,14.999520779,15.000002361,0.0025332,0,0,0,0,0.0,3.043171,16.754284,5.962423e-13,0.000202878,0.001116952,False,0.001371,False
2023-10-05,RS03AXBS-MJ03A-06-PRESTA301,4,True,2023-10-05T00:00:13Z,2023-10-05T23:59:58Z,5760,5760,0,14.999925,14.999488354,15.000002688,0.000392122,0,0,0,0,0.0,4.323087,21.696485,1.833155e-12,0.0002882057,0.001446432,False,0.001787,False
2023-10-06,RS03AXBS-MJ03A-06-PRESTA301,4,True,2023-10-06T00:00:13Z,2023-10-06T23:59:58Z,5760,5760,0,14.999925,14.999505043,15.000002249,-0.002560605,0,0,0,0,0.0,2.944918,18.884325,3.028541e-12,0.0001963278,0.001258955,False,0.001367,False
2023-10-07,RS03AXBS-MJ03A-06-PRESTA301,4,True,2023-10-07T00:00:13Z,2023-10-07T23:59:58Z,5760,5760,0,14.999925,14.999516964,15.0000023,0.002537738,0,0,0,0,0.0,2.971156,16.918402,1.151452e-12,0.0001980771,0.001127893,False,0.001368,False
2023-10-08,RS03AXBS-MJ03A-06-PRESTA301,4,True,2023-10-08T00:00:13Z,2023-10-08T23:59:58Z,5760,5760,0,14.999925,14.999514103,15.000002073,0.004388603,0,0,0,0,0.0,2.940002,19.522488,1.726108e-12,0.0001960001,0.001301499,False,0.001368,False
2023-10-09,RS03AXBS-MJ03A-06-PRESTA301,4,True,2023-10-09T00:00:13Z,2023-10-09T23:59:58Z,5760,5760,0,14.999925,14.999495983,15.000001914,0.000250544,0,0,0,0,0.0,2.967873,20.671541,1.980904e-12,0.0001978582,0.001378103,False,0.001488,False
2023-10-10,RS03AXBS-MJ03A-06-PRESTA301,4,True,2023-10-10T00:00:13Z,2023-10-10T23:59:58Z,5760,5760,0,14.999925,14.999511242,15.000002018,0.002254293,0,0,0,0,0.0,2.966944,17.734502,1.64544e-12,0.0001977963,0.0011823,False,0.001372,False
2023-10-11,RS03AXBS-MJ03A-06-PRESTA301,4,True,2023-10-11T00:00:13Z,2023-10-11T23:59:58Z,5760,5760,0,14.999925,14.999512196,15.000001836,0.001443634,0,0,0,0,0.0,3.044231,20.099689,1.886617e-12,0.0002029487,0.001339979,False,0.001357,False
2023-10-12,RS03AXBS-MJ03A-06-PRESTA301,4,True,2023-10-12T00:00:13Z,2023-10-12T23:59:58Z,5760,5760,0,14.999925,14.999495983,15.000001811,0.000292984,0,0,0,0,0.0,3.159738,20.169039,3.452857e-12,0.0002106491,0.001344602,False,0.001698,False
2023-10-13,RS03AXBS-MJ03A-06-PRESTA301,4,True,2023-10-13T00:00:13Z,2023-10-13T23:59:58Z,5760,5760,0,14.999925,14.999501705,15.000001701,-0.003216137,0,0,0,0,0.0,3.076238,18.380931,2.268395e-12,0.0002050825,0.001225395,False,0.001366,False
2023-10-14,RS03AXBS-MJ03A-06-PRESTA301,4,True,2023-10-14T00:00:13Z,2023-10-14T23:59:58Z,5760,5760,0,14.999925,14.999491215,15.000001847,-0.000991254,0,0,0,0,0.0,2.962195,19.843545,9.560073e-13,0.0001974796,0.001322903,False,0.001351,False
2023-10-15,RS03AXBS-MJ03A-06-PRESTA301,4,True,2023-10-15T00:00:13Z,2023-10-15T23:59:58Z,5760,5760,0,14.999925,14.999492168,15.000002105,-0.003971895,0,0,0,0,0.0,2.883689,21.876751,1.891788e-12,0.0001922459,0.00145845,False,0.001638,False
2023-10-16,RS03AXBS-MJ03A-06-PRESTA301,4,True,2023-10-16T00:00:13Z,2023-10-16T23:59:58Z,5760,5760,0,14.999925,14.999464035,15.00000225,-0.000948406,0,0,0,0,0.0,2.848694,16.94702,1.499964e-12,0.0001899129,0.001129801,False,0.001333,False
2023-10-17,RS03AXBS-MJ03A-06-PRESTA301,4,True,2023-10-17T00:00:13Z,2023-10-17T23:59:58Z,5760,5760,0,14.999925,14.999495983,15.00000238,0.001516647,0,0,0,0,0.0,2.832291,16.120785,1.727834e-12,0.0001888194,0.001074719,False,0.001349,False
2023-10-18,RS03AXBS-MJ03A-06-PRESTA301,4,True,2023-10-18T00:00:13Z,2023-10-18T23:59:58Z,5760,5760,0,14.999925,14.999489307,15.000002161,-0.001212323,0,0,0,0,0.0,3.006172,18.76256,2.11405e-12,0.0002004115,0.001250837,False,0.001388,False
2023-10-19,RS03AXBS-MJ03A-06-PRESTA301,4,True,2023-10-19T00:00:13Z,2023-10-19T23:59:58Z,5760,5760,0,14.999925,14.999505043,15.000001747,8.6486e-05,0,0,0,0,0.0,2.832144,16.478916,2.612112e-12,0.0001888096,0.001098594,False,0.001368,False
2023-10-20,RS03AXBS-MJ03A-06-PRESTA301,4,True,2023-10-20T00:00:13Z,2023-10-20T23:59:58Z,5760,5760,0,14.999925,14.999519825,15.000001964,-0.000371031,0,0,0,0,0.0,3.07921,21.550759,2.38233e-12,0.0002052806,0.001436717,False,0.00139,False
2023-10-21,RS03AXBS-MJ03A-06-PRESTA301,4,True,2023-10-21T00:00:13Z,2023-10-21T23:59:58Z,5760,5760,0,14.999925,14.999521732,15.000002303,-0.000990487,0,0,0,0,0.0,2.964633,17.057639,2.670611e-12,0.0001976421,0.001137176,False,0.001352,False
2023-10-22,RS03AXBS-MJ03A-06-PRESTA301,4,True,2023-10-22T00:00:13Z,2023-10-22T23:59:58Z,5760,5760,0,14.999925,14.99950695,15.000001999,-0.003548929,0,0,0,0,0.0,2.819288,16.21585,1.873102e-12,0.0001879525,0.001081057,False,0.001379,False
2023-10-23,RS03AXBS-MJ03A-06-PRESTA301,4,True,2023-10-23T00:00:13Z,2023-10-23T23:59:58Z,5760,5760,0,14.999925,14.999498844,15.000001622,0.001084634,0,0,0,0,0.0,2.975281,19.065414,1.642309e-12,0.000198352,0.001271027,False,0.001395,False
2023-10-24,RS03AXBS-MJ03A-06-PRESTA301,4,True,2023-10-24T00:00:13Z,2023-10-24T23:59:58Z,5760,5760,0,14.999925,14.99952364,15.000002106,0.002309145,0,0,0,0,0.0,3.085976,24.921963,1.649286e-12,0.0002057317,0.001661464,False,0.001825,False
2023-10-25,RS03AXBS-MJ03A-06-PRESTA301,4,True,2023-10-25T00:00:13Z,2023-10-25T23:59:58Z,5760,5760,0,14.999925,14.999499798,15.000002477,0.001193819,0,0,0,0,0.0,2.93874,16.833622,1.540764e-12,0.000195916,0.001122241,False,0.00134,False
2023-10-26,RS03AXBS-MJ03A-06-PRESTA301,4,True,2023-10-26T00:00:13Z,2023-10-26T23:59:58Z,5760,5760,0,14.999925,14.999495029,15.000002007,-0.000363882,0,0,0,0,0.0,2.827189,16.242945,1.103691e-12,0.0001884793,0.001082863,False,0.001367,False
2023-10-27,RS03AXBS-MJ03A-06-PRESTA301,4,True,2023-10-27T00:00:13Z,2023-10-27T23:59:58Z,5760,5760,0,14.999925,14.99948597,15.000002386,0.001690104,0,0,0,0,0.0,2.921296,19.367251,7.797126e-13,0.000194753,0.00129115,False,0.001385,False
2023-10-28,RS03AXBS-MJ03A-06-PRESTA301,4,True,2023-10-28T00:00:13Z,2023-10-28T23:59:58Z,5760,5760,0,14.999925,14.999466896,15.00000187,0.004929911,0,0,0,0,0.0,2.910945,17.858205,2.10808e-12,0.000194063,0.001190547,False,0.001405,False
2023-10-29,RS03AXBS-MJ03A-06-PRESTA301,4,True,2023-10-29T00:00:13Z,2023-10-29T23:59:58Z,5760,5760,0,14.999925,14.999471664,15.000001545,0.004151534,0,0,0,0,0.0,2.990982,17.139972,2.545392e-12,0.0001993988,0.001142665,False,0.001348,False
2023-10-30,RS03AXBS-MJ03A-06-PRESTA301,4,True,2023-10-30T00:00:13Z,2023-10-30T23:59:58Z,5760,5760,0,14.999925,14.999454021,15.00000214,-0.00095114,0,0,0,0,0.0,3.517423,25.653685,2.127719e-12,0.0002344948,0.001710245,False,0.001414,False
2023-10-31,RS03AXBS-MJ03A-06-PRESTA301,4,True,2023-10-31T00:00:13Z,2023-10-31T23:59:58Z,5760,5760,0,14.999925,14.99947691,15.000002802,-0.001407504,0,0,0,0,0.0,4.391382,19.412114,3.24644e-12,0.0002927587,0.001294141,False,0.001346,False
2023-11-01,RS03AXBS-MJ03A-06-PRESTA301,4,True,2023-11-01T00:00:13Z,2023-11-01T23:59:58Z,5760,5760,0,14.999925,14.99949789,15.000001898,-0.006593655,0,0,0,0,0.0,3.44918,20.82302,1.651574e-13,0.0002299453,0.001388201,False,0.001371,False
2023-11-02,RS03AXBS-MJ03A-06-PRESTA301,4,True,2023-11-02T00:00:13Z,2023-11-02T23:59:58Z,5760,5760,0,14.999925,14.999495029,15.000001856,0.003157483,0,0,0,0,0.0,3.027305,17.989411,1.857758e-12,0.0002018203,0.001199294,False,0.001331,False
2023-11-03,RS03AXBS-MJ03A-06-PRESTA301,4,True,2023-11-03T00:00:13Z,2023-11-03T23:59:58Z,5760,5760,0,14.999925,14.999515057,15.000002144,0.001057797,0,0,0,0,0.0,2.956981,16.813352,7.764376e-13,0.000197132,0.00112089,False,0.001359,False
2023-11-04,RS03AXBS-MJ03A-06-PRESTA301,4,True,2023-11-04T00:00:13Z,2023-11-04T23:59:58Z,5760,5760,0,14.999925,14.999512672,15.000001963,0.002431445,0,0,0,0,0.0,2.885021,20.870775,1.688307e-12,0.0001923347,0.001391385,False,0.001687,False
2023-11-05,RS03AXBS-MJ03A-06-PRESTA301,4,True,2023-11-05T00:00:13Z,2023-11-05T23:59:58Z,5760,5760,0,14.999925,14.99951601,15.000002001,0.004067696,0,0,0,0,0.0,2.88162,22.187156,1.901258e-12,0.000192108,0.001479144,False,0.001378,False
2023-11-06,RS03AXBS-MJ03A-06-PRESTA301,4,True,2023-11-06T00:00:13Z,2023-11-06T23:59:58Z,5760,5760,0,14.999925,14.999517918,15.000002111,0.002013233,0,0,0,0,0.0,2.857827,16.645112,1.347547e-12,0.0001905218,0.001109674,False,0.001375,False
2023-11-07,RS03AXBS-MJ03A-06-PRESTA301,4,True,2023-11-07T00:00:13Z,2023-11-07T23:59:58Z,5760,5760,0,14.999925,14.999515057,15.000001991,-0.000864169,0,0,0,0,0.0,2.936385,19.197429,1.080082e-12,0.000195759,0.001279828,False,0.001357,False
2023-11-08,RS03AXBS-MJ03A-06-PRESTA301,4,True,2023-11-08T00:00:13Z,2023-11-08T23:59:58Z,5760,5760,0,14.999925,14.999524117,15.000002274,0.001618355,0,0,0,0,0.0,2.886005,20.883752,1.870125e-12,0.0001924003,0.00139225,False,0.001373,False
2023-11-09,RS03AXBS-MJ03A-06-PRESTA301,4,True,2023-11-09T00:00:13Z,2023-11-09T23:59:58Z,5760,5760,0,14.999925,14.999504089,15.000001983,0.001685166,0,0,0,0,0.0,2.919951,16.85517,1.346592e-12,0.0001946634,0.001123678,False,0.001378,False
2023-11-10,RS03AXBS-MJ03A-06-PRESTA301,4,True,2023-11-10T00:00:13Z,2023-11-10T23:59:58Z,5760,5760,0,14.999925,14.999496937,15.000002269,0.004180215,0,0,0,0,0.0,2.930126,19.278215,2.413457e-12,0.0001953417,0.001285214,False,0.001388,False
2023-11-11,RS03AXBS-MJ03A-06-PRESTA301,4,True,2023-11-11T00:00:13Z,2023-11-11T23:59:58Z,5760,5760,0,14.999925,14.999501705,15.00000209,0.000595243,0,0,0,0,0.0,2.838082,19.12137,1.624534e-12,0.0001892055,0.001274758,False,0.001368,False
2023-11-12,RS03AXBS-MJ03A-06-PRESTA301,4,True,2023-11-12T00:00:13Z,2023-11-12T20:20:13Z,4881,4881,0,14.999925,14.999506474,15.000002213,-0.001395382,0,0,0,0,0.0,2.814421,15.794597,5.832367e-13,0.000187628,0.001052973,False,0.001372,False
2023-11-13,RS03AXBS-MJ03A-06-PRESTA301,4,True,2023-11-13T00:00:13Z,2023-11-13T23:59:58Z,5551,5760,209,14.999925,14.999475956,15.000002137,-0.002288711,1,209,1,209,0.0,3.00851,19.028115,3.37837e-13,0.0002005673,0.001268541,False,0.007233,True
2023-11-14,RS03AXBS-MJ03A-06-PRESTA301,4,True,2023-11-14T00:00:13Z,2023-11-14T23:59:58Z,5760,5760,0,14.999925,14.999482632,15.000001914,-0.001153554,0,0,0,0,0.0,2.823679,16.716272,3.343736e-12,0.0001882452,0.001114418,False,0.001356,False
2023-11-15,RS03AXBS-MJ03A-06-PRESTA301,4,True,2023-11-15T00:00:13Z,2023-11-15T23:59:58Z,5760,5760,0,14.999925,14.999479771,15.00000172,0.001571565,0,0,0,0,0.0,2.984963,17.919029,3.521936e-12,0.0001989975,0.001194602,False,0.001355,False
2023-11-16,RS03AXBS-MJ03A-06-PRESTA301,4,True,2023-11-16T00:00:13Z,2023-11-16T23:59:58Z,5760,5760,0,14.999925,14.999500275,15.000001874,0.002376436,0,0,0,0,0.0,2.947883,18.020472,2.162146e-12,0.0001965255,0.001201365,False,0.001377,False
2023-11-17,RS03AXBS-MJ03A-06-PRESTA301,4,True,2023-11-17T00:00:13Z,2023-11-17T23:59:58Z,5760,5760,0,14.999925,14.999478817,15.000002438,-0.001252302,0,0,0,0,0.0,2.937745,20.186864,1.597967e-12,0.0001958496,0.001345791,False,0.001391,False
2023-11-18,RS03AXBS-MJ03A-06-PRESTA301,4,True,2023-11-18T00:00:13Z,2023-11-18T23:59:58Z,5760,5760,0,14.999925,14.999505997,15.000001722,-0.001447412,0,0,0,0,0.0,3.104366,17.827791,1.283048e-12,0.0002069577,0.001188519,False,0.001379,False
2023-11-19,RS03AXBS-MJ03A-06-PRESTA301,4,True,2023-11-19T00:00:13Z,2023-11-19T23:59:58Z,5760,5760,0,14.999925,14.999522209,15.000001933,-0.000764585,0,0,0,0,0.0,3.044601,19.234982,1.077166e-12,0.0002029734,0.001282332,False,0.001349,False
2023-11-20,RS03AXBS-MJ03A-06-PRESTA301,4,True,2023-11-20T00:00:13Z,2023-11-20T23:59:58Z,5760,5760,0,14.999925,14.999529839,15.000002121,-0.001180136,0,0,0,0,0.0,3.070718,21.566568,1.79666e-12,0.0002047145,0.001437771,False,0.001358,False
2023-11-21,RS03AXBS-MJ03A-06-PRESTA301,4,True,2023-11-21T00:00:13Z,2023-11-21T23:59:58Z,5760,5760,0,14.999925,14.999511719,15.00000173,-0.000770667,0,0,0,0,0.0,2.841144,16.794099,2.810145e-12,0.0001894096,0.001119606,False,0.00139,False
2023-11-22,RS03AXBS-MJ03A-06-PRESTA301,4,True,2023-11-22T00:00:13Z,2023-11-22T23:59:58Z,5760,5760,0,14.999925,14.999514103,15.000001867,0.004522903,0,0,0,0,0.0,2.907393,17.549588,1.179558e-12,0.0001938262,0.001169972,False,0.001371,False
2023-11-23,RS03AXBS-MJ03A-06-PRESTA301,4,True,2023-11-23T00:00:13Z,2023-11-23T23:59:58Z,5760,5760,0,14.999925,14.999502659,15.000002057,0.003972305,0,0,0,0,0.0,2.992355,16.765041,1.662211e-12,0.0001994903,0.001117669,False,0.001318,False
2023-11-24,RS03AXBS-MJ03A-06-PRESTA301,4,True,2023-11-24T00:00:13Z,2023-11-24T23:59:58Z,5760,5760,0,14.999925,14.999472141,15.000002001,0.001251153,0,0,0,0,0.0,13.316219,986.061983,1.875162e-12,0.0008877478,0.06573746,False,0.065798,False
2023-11-25,RS03AXBS-MJ03A-06-PRESTA301,4,True,2023-11-25T00:00:13Z,2023-11-25T23:59:59Z,5760,5760,0,14.999925,14.999484062,15.000002154,0.001353606,0,0,0,0,0.0,18.824104,997.685917,1.771513e-12,0.00125494,0.06651238,False,0.066658,False
2023-11-26,RS03AXBS-MJ03A-06-PRESTA301,4,True,2023-11-26T00:00:14Z,2023-11-26T14:42:44Z,3531,3531,0,14.999925,14.999556065,15.000001296,-0.000725835,0,0,0,0,-0.0,3.753567,18.179921,-4.527115e-13,0.0002502378,0.001211995,False,0.001374,False
2023-11-27,RS03AXBS-MJ03A-06-PRESTA301,4,False,,,0,0,,14.999925,,,,,,,,,,,,,,,,False
2023-11-28,RS03AXBS-MJ03A-06-PRESTA301,4,False,,,0,0,,14.999925,,,,,,,,,,,,,,,,False
2023-11-29,RS03AXBS-MJ03A-06-PRESTA301,4,False,,,0,0,,14.999925,,,,,,,,,,,,,,,,False
2023-11-30,RS03AXBS-MJ03A-06-PRESTA301,4,False,,,0,0,,14.999925,,,,,,,,,,,,,,,,False
2023-12-01,RS03AXBS-MJ03A-06-PRESTA301,4,False,,,0,0,,14.999925,,,,,,,,,,,,,,,,False
2023-12-02,RS03AXBS-MJ03A-06-PRESTA301,4,False,,,0,0,,14.999925,,,,,,,,,,,,,,,,False
2023-12-03,RS03AXBS-MJ03A-06-PRESTA301,4,False,,,0,0,,14.999925,,,,,,,,,,,,,,,,False
2023-12-04,RS03AXBS-MJ03A-06-PRESTA301,4,False,,,0,0,,14.999925,,,,,,,,,,,,,,,,False
2023-12-05,RS03AXBS-MJ03A-06-PRESTA301,4,False,,,0,0,,14.999925,,,,,,,,,,,,,,,,False
2023-12-06,RS03AXBS-MJ03A-06-PRESTA301,4,False,,,0,0,,14.999925,,,,,,,,,,,,,,,,False
2023-12-07,RS03AXBS-MJ03A-06-PRESTA301,4,False,,,0,0,,14.999925,,,,,,,,,,,,,,,,False
2023-12-08,RS03AXBS-MJ03A-06-PRESTA301,4,False,,,0,0,,14.999925,,,,,,,,,,,,,,,,False
2023-12-09,RS03AXBS-MJ03A-06-PRESTA301,4,False,,,0,0,,14.999925,,,,,,,,,,,,,,,,False
2023-12-10,RS03AXBS-MJ03A-06-PRESTA301,4,False,,,0,0,,14.999925,,,,,,,,,,,,,,,,False
2023-12-11,RS03AXBS-MJ03A-06-PRESTA301,4,False,,,0,0,,14.999925,,,,,,,,,,,,,,,,False
2023-12-12,RS03AXBS-MJ03A-06-PRESTA301,4,False,,,0,0,,14.999925,,,,,,,,,,,,,,,,False
2023-12-13,RS03AXBS-MJ03A-06-PRESTA301,4,False,,,0,0,,14.999925,,,,,,,,,,,,,,,,False
2023-12-14,RS03AXBS-MJ03A-06-PRESTA301,4,True,2023-12-14T23:34:55Z,2023-12-14T23:59:55Z,101,101,0,14.999925,14.999603271,14.999986401,-0.002190681,0,0,0,0,0.0,2.282885,12.989019,4.857737e-15,0.0001521924,0.0008659354,False,0.000898,False
2023-12-15,RS03AXBS-MJ03A-06-PRESTA301,4,True,2023-12-15T00:00:10Z,2023-12-15T23:59:55Z,5722,5760,38,14.999925,14.999454975,15.000002389,-0.011714445,2,38,2,38,-0.0,2.865912,20.116779,-1.31961e-13,0.0001910607,0.001341118,False,0.001407,True
2023-12-16,RS03AXBS-MJ03A-06-PRESTA301,4,True,2023-12-16T00:00:10Z,2023-12-16T23:59:55Z,5760,5760,0,14.999925,14.999500275,15.000002408,-0.000412145,0,0,0,0,0.0,2.955196,17.05562,1.92817e-12,0.000197013,0.001137041,False,0.001379,False
2023-12-17,RS03AXBS-MJ03A-06-PRESTA301,4,True,2023-12-17T00:00:10Z,2023-12-17T23:59:55Z,5760,5760,0,14.999925,14.999514103,15.000002134,-0.001129282,0,0,0,0,0.0,2.841254,15.962386,2.374905e-12,0.0001894169,0.001064159,False,0.001362,False
2023-12-18,RS03AXBS-MJ03A-06-PRESTA301,4,True,2023-12-18T00:00:10Z,2023-12-18T23:59:55Z,5760,5760,0,14.999925,14.999480724,15.000001234,7.9513e-05,0,0,0,0,0.0,13.293875,985.639472,7.901975e-13,0.0008862582,0.06570929,False,0.065807,False
2023-12-19,RS03AXBS-MJ03A-06-PRESTA301,4,True,2023-12-19T00:00:10Z,2023-12-19T23:59:55Z,5760,5760,0,14.999925,14.999520302,15.000001261,-0.001419166,0,0,0,0,0.0,2.882181,16.895125,2.136236e-12,0.0001921454,0.001126342,False,0.001351,False
2023-12-20,RS03AXBS-MJ03A-06-PRESTA301,4,True,2023-12-20T00:00:10Z,2023-12-20T23:59:55Z,5760,5760,0,14.999925,14.999514103,15.000001107,0.004344213,0,0,0,0,0.0,22.97931,999.702666,9.215776e-13,0.001531954,0.06664684,False,0.066719,False
2023-12-21,RS03AXBS-MJ03A-06-PRESTA301,4,True,2023-12-21T00:00:11Z,2023-12-21T23:59:56Z,5760,5760,0,14.999925,14.999513149,15.000000929,-0.000432837,0,0,0,0,0.0,2.918636,20.98614,2.37169e-12,0.0001945757,0.001399076,False,0.001367,False
2023-12-22,RS03AXBS-MJ03A-06-PRESTA301,4,True,2023-12-22T00:00:11Z,2023-12-22T23:59:56Z,5760,5760,0,14.999925,14.999477386,15.000001199,0.000264665,0,0,0,0,0.0,2.853037,18.992158,1.978364e-12,0.0001902025,0.001266144,False,0.001354,False
2023-12-23,RS03AXBS-MJ03A-06-PRESTA301,4,True,2023-12-23T00:00:11Z,2023-12-23T23:59:56Z,5760,5760,0,14.999925,14.999491692,15.000001421,-0.001798984,0,0,0,0,0.0,2.798957,16.11841,1.640319e-12,0.0001865971,0.001074561,False,0.001352,False
2023-12-24,RS03AXBS-MJ03A-06-PRESTA301,4,True,2023-12-24T00:00:11Z,2023-12-24T23:59:56Z,5760,5760,0,14.999925,14.999471664,15.000001449,0.001284635,0,0,0,0,0.0,2.85473,18.310574,2.630196e-12,0.0001903153,0.001220705,False,0.001363,False
2023-12-25,RS03AXBS-MJ03A-06-PRESTA301,4,True,2023-12-25T00:00:11Z,2023-12-25T23:59:56Z,5760,5760,0,14.999925,14.999472618,15.000002323,0.002922131,0,0,0,0,0.0,2.884707,18.527759,2.313514e-12,0.0001923138,0.001235184,False,0.001392,False
2023-12-26,RS03AXBS-MJ03A-06-PRESTA301,4,True,2023-12-26T00:00:11Z,2023-12-26T23:59:56Z,5760,5760,0,14.999925,14.99946785,15.000001978,-0.001014852,0,0,0,0,0.0,2.904226,16.571857,1.071879e-12,0.000193615,0.00110479,False,0.001399,False
2023-12-27,RS03AXBS-MJ03A-06-PRESTA301,4,True,2023-12-27T00:00:11Z,2023-12-27T23:59:56Z,5760,5760,0,14.999925,14.999490261,15.000002069,0.000778684,0,0,0,0,0.0,2.790197,22.776445,2.125785e-12,0.0001860131,0.001518429,False,0.001602,False
2023-12-28,RS03AXBS-MJ03A-06-PRESTA301,4,True,2023-12-28T00:00:11Z,2023-12-28T23:59:56Z,5760,5760,0,14.999925,14.999475002,15.000001878,-0.001661013,0,0,0,0,0.0,2.821235,16.55812,2.42494e-12,0.0001880823,0.001103875,False,0.001356,False
2023-12-29,RS03AXBS-MJ03A-06-PRESTA301,4,True,2023-12-29T00:00:11Z,2023-12-29T23:59:56Z,5760,5760,0,14.999925,14.999487877,15.00000187,-0.000135031,0,0,0,0,0.0,2.905838,17.869378,2.73033e-12,0.0001937225,0.001191292,False,0.00138,False
2023-12-30,RS03AXBS-MJ03A-06-PRESTA301,4,True,2023-12-30T00:00:11Z,2023-12-30T23:59:56Z,5760,5760,0,14.999925,14.999498844,15.000002107,-0.000390911,0,0,0,0,0.0,2.854454,21.544518,2.233637e-12,0.0001902969,0.001436301,False,0.001323,False
2023-12-31,RS03AXBS-MJ03A-06-PRESTA301,4,True,2023-12-31T00:00:11Z,2023-12-31T23:59:56Z,5760,5760,0,14.999925,14.999510765,15.000002193,-0.001505197,0,0,0,0,0.0,2.824967,16.131705,1.010642e-12,0.0001883311,0.001075447,False,0.001402,False
2024-01-01,RS03AXBS-MJ03A-06-PRESTA301,4,True,2024-01-01T00:00:11Z,2024-01-01T23:59:56Z,5760,5760,0,14.999925,14.999521732,15.000001464,-0.014445965,0,0,0,0,0.0,2.79745,19.043834,2.351398e-12,0.0001864966,0.001269589,False,0.001351,False
2024-01-02,RS03AXBS-MJ03A-06-PRESTA301,4,True,2024-01-02T00:00:11Z,2024-01-02T23:59:56Z,5760,5760,0,14.999925,14.999517918,15.000000986,-0.000428131,0,0,0,0,0.0,2.815957,18.457837,1.752973e-12,0.0001877304,0.001230522,False,0.001367,False
2024-01-03,RS03AXBS-MJ03A-06-PRESTA301,4,True,2024-01-03T00:00:11Z,2024-01-03T23:59:56Z,5760,5760,0,14.999925,14.999536991,15.000001359,-0.002385265,0,0,0,0,0.0,2.820641,16.416662,1.466192e-12,0.0001880427,0.001094444,False,0.001352,False
2024-01-04,RS03AXBS-MJ03A-06-PRESTA301,4,True,2024-01-04T00:00:11Z,2024-01-04T23:59:56Z,5760,5760,0,14.999925,14.999519348,15.000002103,0.000489927,0,0,0,0,0.0,2.873812,20.305683,1.870261e-12,0.0001915874,0.001353712,False,0.001371,False
2024-01-05,RS03AXBS-MJ03A-06-PRESTA301,4,True,2024-01-05T00:00:11Z,2024-01-05T23:59:56Z,5760,5760,0,14.999925,14.999513626,15.000002013,-0.000913587,0,0,0,0,0.0,2.804444,20.369215,1.008003e-12,0.0001869629,0.001357947,False,0.001354,False
2024-01-06,RS03AXBS-MJ03A-06-PRESTA301,4,True,2024-01-06T00:00:11Z,2024-01-06T23:59:56Z,5760,5760,0,14.999925,14.999512672,15.000002096,0.001113726,0,0,0,0,0.0,2.904581,16.24253,2.030303e-12,0.0001936387,0.001082835,False,0.001365,False
2024-01-07,RS03AXBS-MJ03A-06-PRESTA301,4,True,2024-01-07T00:00:11Z,2024-01-07T23:59:56Z,5760,5760,0,14.999925,14.999488354,15.000002025,0.00199564,0,0,0,0,0.0,2.893253,22.874734,3.434926e-12,0.0001928835,0.001524982,False,0.001671,False
2024-01-08,RS03AXBS-MJ03A-06-PRESTA301,4,True,2024-01-08T00:00:11Z,2024-01-08T23:59:56Z,5760,5760,0,14.999925,14.999464989,15.000002215,0.000267548,0,0,0,0,0.0,2.830228,16.493246,9.40576e-13,0.0001886818,0.00109955,False,0.001398,False
2024-01-09,RS03AXBS-MJ03A-06-PRESTA301,4,True,2024-01-09T00:00:11Z,2024-01-09T23:59:56Z,5760,5760,0,14.999925,14.99947691,15.000002234,-0.000315421,0,0,0,0,0.0,2.791163,16.153578,2.188014e-12,0.0001860775,0.001076905,False,0.001399,False
2024-01-10,RS03AXBS-MJ03A-06-PRESTA301,4,True,2024-01-10T00:00:11Z,2024-01-10T23:59:56Z,5760,5760,0,14.999925,14.999484062,15.000002027,0.004225533,0,0,0,0,0.0,2.8383,21.32268,2.057598e-12,0.00018922,0.001421512,False,0.001364,False
2024-01-11,RS03AXBS-MJ03A-06-PRESTA301,4,True,2024-01-11T00:00:11Z,2024-01-11T23:59:56Z,5760,5760,0,14.999925,14.999470711,15.000002275,-0.001591054,0,0,0,0,0.0,2.801502,19.614048,3.570687e-12,0.0001867668,0.001307603,False,0.001367,False
2024-01-12,RS03AXBS-MJ03A-06-PRESTA301,4,True,2024-01-12T00:00:11Z,2024-01-12T23:59:56Z,5760,5760,0,14.999925,14.999459743,15.00000215,-0.003850296,0,0,0,0,0.0,2.847642,16.674469,7.769106e-13,0.0001898428,0.001111631,False,0.001367,False
2024-01-13,RS03AXBS-MJ03A-06-PRESTA301,4,True,2024-01-13T00:00:11Z,2024-01-13T23:59:56Z,5760,5760,0,14.999925,14.99946785,15.000001914,0.002007528,0,0,0,0,0.0,2.833651,18.096489,1.710334e-12,0.0001889101,0.001206432,False,0.001376,False
2024-01-14,RS03AXBS-MJ03A-06-PRESTA301,4,True,2024-01-14T00:00:11Z,2024-01-14T23:59:56Z,5760,5760,0,14.999925,14.99949789,15.000001923,-0.001103143,0,0,0,0,0.0,2.844778,20.177344,1.116643e-12,0.0001896519,0.001345156,False,0.00134,False
2024-01-15,RS03AXBS-MJ03A-06-PRESTA301,4,True,2024-01-15T00:00:11Z,2024-01-15T23:59:56Z,5760,5760,0,14.999925,14.999511719,15.000002098,-0.0011059,0,0,0,0,0.0,2.785018,16.091752,3.149713e-12,0.0001856679,0.001072783,False,0.001333,False
2024-01-16,RS03AXBS-MJ03A-06-PRESTA301,4,True,2024-01-16T00:00:11Z,2024-01-16T23:59:56Z,5760,5760,0,14.999925,14.999526978,15.000000738,0.001024373,0,0,0,0,0.0,2.829119,21.285298,1.984097e-12,0.0001886079,0.00141902,False,0.001365,False
2024-01-17,RS03AXBS-MJ03A-06-PRESTA301,4,True,2024-01-17T00:00:11Z,2024-01-17T23:59:56Z,5760,5760,0,14.999925,14.999515057,14.999998646,0.001811402,0,0,0,0,0.0,2.995446,19.888276,1.667406e-12,0.0001996964,0.001325885,False,0.001349,False
2024-01-18,RS03AXBS-MJ03A-06-PRESTA301,4,True,2024-01-18T00:00:11Z,2024-01-18T23:59:56Z,5760,5760,0,14.999925,14.999521732,14.999998579,-0.013104279,0,0,0,0,0.0,2.863984,16.855627,2.359748e-12,0.0001909323,0.001123709,False,0.001321,False
2024-01-19,RS03AXBS-MJ03A-06-PRESTA301,4,True,2024-01-19T00:00:11Z,2024-01-19T23:59:56Z,5760,5760,0,14.999925,14.999514103,15.000000651,-0.00201884,0,0,0,0,0.0,3.091563,22.029287,1.422593e-12,0.0002061042,0.001468619,False,0.001357,False
2024-01-20,RS03AXBS-MJ03A-06-PRESTA301,4,True,2024-01-20T00:00:11Z,2024-01-20T23:59:56Z,5760,5760,0,14.999925,14.999529839,15.000001372,-0.000999734,0,0,0,0,0.0,2.98444,22.104433,2.762926e-12,0.0001989626,0.001473629,False,0.001745,False
2024-01-21,RS03AXBS-MJ03A-06-PRESTA301,4,True,2024-01-21T00:00:11Z,2024-01-21T23:59:56Z,5760,5760,0,14.999925,14.999499798,15.000001828,-0.00192316,0,0,0,0,0.0,2.906117,16.701134,1.461991e-12,0.0001937411,0.001113409,False,0.001357,False
2024-01-22,RS03AXBS-MJ03A-06-PRESTA301,4,True,2024-01-22T00:00:11Z,2024-01-22T23:59:56Z,5760,5760,0,14.999925,14.999505997,15.000001863,0.004279824,0,0,0,0,0.0,2.931265,21.592173,2.186192e-12,0.0001954176,0.001439478,False,0.001621,False
2024-01-23,RS03AXBS-MJ03A-06-PRESTA301,4,True,2024-01-23T00:00:11Z,2024-01-23T23:59:56Z,5760,5760,0,14.999925,14.999477863,15.000002147,0.003831208,0,0,0,0,0.0,2.878067,20.335538,1.482534e-12,0.0001918711,0.001355702,False,0.001392,False
2024-01-24,RS03AXBS-MJ03A-06-PRESTA301,4,True,2024-01-24T00:00:11Z,2024-01-24T17:40:26Z,4242,4242,0,14.999925,14.999536991,15.000002025,-0.000735356,0,0,0,0,-0.0,2.918543,16.946629,-4.070138e-13,0.0001945695,0.001129775,False,0.001343,False
2024-01-25,RS03AXBS-MJ03A-06-PRESTA301,4,True,2024-01-25T00:39:37Z,2024-01-25T23:59:52Z,5602,5602,0,14.999925,14.999475002,15.000001901,-0.001524875,0,0,0,0,0.0,2.844981,18.861421,6.80591e-13,0.0001896654,0.001257428,False,0.00137,False
2024-01-26,RS03AXBS-MJ03A-06-PRESTA301,4,True,2024-01-26T00:00:07Z,2024-01-26T23:59:52Z,5760,5760,0,14.999925,14.99950695,15.000001026,0.000360966,0,0,0,0,0.0,2.908385,21.00174,1.609169e-12,0.0001938923,0.001400116,False,0.001374,False
2024-01-27,RS03AXBS-MJ03A-06-PRESTA301,4,True,2024-01-27T00:00:07Z,2024-01-27T23:59:52Z,5760,5760,0,14.999925,14.999503136,15.000001985,0.001868448,0,0,0,0,0.0,2.803691,16.031856,2.531284e-12,0.0001869127,0.00106879,False,0.001358,False
2024-01-28,RS03AXBS-MJ03A-06-PRESTA301,4,True,2024-01-28T00:00:07Z,2024-01-28T23:59:52Z,5760,5760,0,14.999925,14.999504566,15.000002054,0.002035521,0,0,0,0,0.0,2.831597,20.705468,2.719933e-12,0.0001887731,0.001380364,False,0.001369,False
2024-01-29,RS03AXBS-MJ03A-06-PRESTA301,4,True,2024-01-29T00:00:07Z,2024-01-29T23:59:52Z,5760,5760,0,14.999925,14.999487877,15.000002203,0.004449098,0,0,0,0,0.0,2.867544,15.922506,2.49222e-12,0.0001911696,0.0010615,False,0.001343,False
2024-01-30,RS03AXBS-MJ03A-06-PRESTA301,4,True,2024-01-30T00:00:07Z,2024-01-30T23:59:52Z,5760,5760,0,14.999925,14.999507904,15.000002295,0.000103471,0,0,0,0,0.0,2.86705,21.018856,2.297168e-12,0.0001911366,0.001401257,False,0.001465,False
2024-01-31,RS03AXBS-MJ03A-06-PRESTA301,4,True,2024-01-31T00:00:07Z,2024-01-31T23:59:52Z,5760,5760,0,14.999925,14.999526024,15.000002243,0.001631017,0,0,0,0,0.0,2.880971,17.163125,2.78992e-12,0.0001920647,0.001144208,False,0.001352,False
2024-02-01,RS03AXBS-MJ03A-06-PRESTA301,4,True,2024-02-01T00:00:07Z,2024-02-01T23:59:52Z,5760,5760,0,14.999925,14.999527931,15.000002234,-0.000734493,0,0,0,0,0.0,2.806133,16.610168,2.282741e-12,0.0001870755,0.001107344,False,0.001328,False
2024-02-02,RS03AXBS-MJ03A-06-PRESTA301,4,True,2024-02-02T00:00:07Z,2024-02-02T23:59:52Z,5760,5760,0,14.999925,14.999542713,15.000002092,-0.000983224,0,0,0,0,0.0,2.934145,23.482663,1.023912e-12,0.0001956096,0.001565511,False,0.001471,False
2024-02-03,RS03AXBS-MJ03A-06-PRESTA301,4,True,2024-02-03T00:00:07Z,2024-02-03T23:59:52Z,5760,5760,0,14.999925,14.999527931,15.000002107,0.000524243,0,0,0,0,0.0,2.843468,21.514955,7.75944e-13,0.0001895645,0.00143433,False,0.001649,False
2024-02-04,RS03AXBS-MJ03A-06-PRESTA301,4,True,2024-02-04T00:00:07Z,2024-02-04T23:59:52Z,5760,5760,0,14.999925,14.999519825,15.000002258,0.000872399,0,0,0,0,0.0,2.83056,16.466502,1.371804e-12,0.000188704,0.001097767,False,0.001339,False
2024-02-05,RS03AXBS-MJ03A-06-PRESTA301,4,True,2024-02-05T00:00:07Z,2024-02-05T23:59:52Z,5760,5760,0,14.999925,14.999490261,15.000002415,-0.001670442,0,0,0,0,0.0,2.922291,19.079118,2.850412e-12,0.0001948194,0.001271941,False,0.001369,False
2024-02-06,RS03AXBS-MJ03A-06-PRESTA301,4,True,2024-02-06T00:00:07Z,2024-02-06T23:59:52Z,5754,5760,6,14.999925,14.999495029,15.000002034,-0.001331019,1,6,1,6,0.0,2.887174,16.838143,9.03933e-14,0.0001924782,0.001122543,False,0.001366,True
2024-02-07,RS03AXBS-MJ03A-06-PRESTA301,4,True,2024-02-07T00:00:07Z,2024-02-07T23:59:52Z,5760,5760,0,14.999925,14.999492168,15.000002172,0.00090953,0,0,0,0,0.0,2.890135,16.528218,1.256535e-12,0.0001926756,0.001101881,False,0.001317,False
2024-02-08,RS03AXBS-MJ03A-06-PRESTA301,4,True,2024-02-08T00:00:07Z,2024-02-08T23:59:52Z,5760,5760,0,14.999925,14.999492645,15.000002195,0.003030792,0,0,0,0,0.0,2.846198,20.407993,1.867963e-12,0.0001897465,0.001360533,False,0.001576,False
2024-02-09,RS03AXBS-MJ03A-06-PRESTA301,4,True,2024-02-09T00:00:07Z,2024-02-09T23:59:52Z,5760,5760,0,14.999925,14.999470234,15.000002118,-0.001257413,0,0,0,0,0.0,2.859135,18.992329,2.146059e-12,0.000190609,0.001266155,False,0.001366,False
2024-02-10,RS03AXBS-MJ03A-06-PRESTA301,4,True,2024-02-10T00:00:07Z,2024-02-10T23:59:52Z,5760,5760,0,14.999925,14.999466896,15.000002078,-0.000463074,0,0,0,0,0.0,2.839518,16.645245,3.295988e-12,0.0001893012,0.001109683,False,0.001356,False
2024-02-11,RS03AXBS-MJ03A-06-PRESTA301,4,True,2024-02-11T00:00:07Z,2024-02-11T23:59:52Z,5760,5760,0,14.999925,14.999451637,15.000001813,0.002795668,0,0,0,0,0.0,2.958007,19.012771,1.346565e-12,0.0001972005,0.001267518,False,0.001397,False
2024-02-12,RS03AXBS-MJ03A-06-PRESTA301,4,True,2024-02-12T00:00:07Z,2024-02-12T23:59:52Z,5760,5760,0,14.999925,14.999485016,15.000002139,-0.001946213,0,0,0,0,0.0,3.004402,20.723196,1.325692e-12,0.0002002934,0.001381546,False,0.001397,False
2024-02-13,RS03AXBS-MJ03A-06-PRESTA301,4,True,2024-02-13T00:00:07Z,2024-02-13T23:59:52Z,5760,5760,0,14.999925,14.999507904,15.000002402,0.001211853,0,0,0,0,0.0,3.04778,17.012485,1.937378e-12,0.0002031853,0.001134165,False,0.001392,False
2024-02-14,RS03AXBS-MJ03A-06-PRESTA301,4,True,2024-02-14T00:00:07Z,2024-02-14T23:59:52Z,5728,5760,32,14.999925,14.999527931,15.000002141,-0.001636117,1,32,1,32,-0.0,2.797142,20.070349,-5.147236e-13,0.0001864761,0.001338023,False,0.001627,True
2024-02-15,RS03AXBS-MJ03A-06-PRESTA301,4,True,2024-02-15T00:00:07Z,2024-02-15T23:59:52Z,5760,5760,0,14.999925,14.999512672,15.000001992,0.003899063,0,0,0,0,0.0,2.941337,20.905969,2.564358e-12,0.0001960891,0.001393731,False,0.001362,False
2024-02-16,RS03AXBS-MJ03A-06-PRESTA301,4,True,2024-02-16T00:00:07Z,2024-02-16T23:59:52Z,5760,5760,0,14.999925,14.999509811,15.000002056,0.001185034,0,0,0,0,0.0,2.823212,15.939574,1.998671e-12,0.0001882141,0.001062638,False,0.001371,False
2024-02-17,RS03AXBS-MJ03A-06-PRESTA301,4,True,2024-02-17T00:00:07Z,2024-02-17T23:59:52Z,5760,5760,0,14.999925,14.999507904,15.000002202,-0.00075898,0,0,0,0,0.0,3.020563,21.576588,2.443751e-12,0.0002013709,0.001438439,False,0.001727,False
2024-02-18,RS03AXBS-MJ03A-06-PRESTA301,4,True,2024-02-18T00:00:07Z,2024-02-18T23:59:52Z,5760,5760,0,14.999925,14.999512196,15.000002173,0.000661661,0,0,0,0,0.0,2.819182,16.269196,2.584848e-12,0.0001879454,0.001084613,False,0.001351,False
2024-02-19,RS03AXBS-MJ03A-06-PRESTA301,4,True,2024-02-19T00:00:07Z,2024-02-19T23:59:52Z,5760,5760,0,14.999925,14.999477863,15.000002276,-0.001500681,0,0,0,0,0.0,2.913864,16.199944,2.114932e-12,0.0001942576,0.001079996,False,0.001405,False
2024-02-20,RS03AXBS-MJ03A-06-PRESTA301,4,True,2024-02-20T00:00:07Z,2024-02-20T23:59:52Z,5760,5760,0,14.999925,14.999479771,15.000002068,-0.000301528,0,0,0,0,0.0,3.030348,19.814274,1.462076e-12,0.0002020232,0.001320951,False,0.001684,False
2024-02-21,RS03AXBS-MJ03A-06-PRESTA301,4,True,2024-02-21T00:00:07Z,2024-02-21T23:59:52Z,5737,5760,23,14.999925,14.999492884,15.000001849,0.001333353,1,23,1,23,-0.0,2.891719,20.556635,-2.288181e-12,0.0001927812,0.001370442,False,0.001633,True
2024-02-22,RS03AXBS-MJ03A-06-PRESTA301,4,True,2024-02-22T00:00:07Z,2024-02-22T23:59:52Z,4971,5760,789,14.999925,14.999494076,15.000001733,0.000697865,3,789,3,789,0.0,3.096364,16.779267,1.03599e-12,0.0002064243,0.001118618,False,0.016135,True
2024-02-23,RS03AXBS-MJ03A-06-PRESTA301,4,True,2024-02-23T00:00:07Z,2024-02-23T23:59:52Z,5760,5760,0,14.999925,14.999505997,15.000001743,0.002792546,0,0,0,0,0.0,2.998456,19.291588,2.468906e-12,0.0001998971,0.001286106,False,0.001395,False
2024-02-24,RS03AXBS-MJ03A-06-PRESTA301,4,True,2024-02-24T00:00:07Z,2024-02-24T23:59:52Z,5760,5760,0,14.999925,14.999509811,15.000002169,0.000232708,0,0,0,0,0.0,2.82834,18.84664,9.649783e-13,0.000188556,0.001256442,False,0.001387,False
2024-02-25,RS03AXBS-MJ03A-06-PRESTA301,4,True,2024-02-25T00:00:07Z,2024-02-25T23:59:52Z,5760,5760,0,14.999925,14.999493122,15.000002284,-0.005134496,0,0,0,0,0.0,3.049848,18.090682,2.03686e-12,0.0002033231,0.001206045,False,0.001338,False
2024-02-26,RS03AXBS-MJ03A-06-PRESTA301,4,True,2024-02-26T00:00:07Z,2024-02-26T23:59:52Z,5760,5760,0,14.999925,14.999557018,15.000001694,-0.001113689,0,0,0,0,0.0,2.791504,20.98051,1.580781e-12,0.0001861003,0.001398701,False,0.001722,False
2024-02-27,RS03AXBS-MJ03A-06-PRESTA301,4,True,2024-02-27T00:00:07Z,2024-02-27T23:59:52Z,5760,5760,0,14.999925,14.999508858,15.000001925,-0.000345004,0,0,0,0,0.0,2.880253,21.000073,1.976439e-12,0.0001920169,0.001400005,False,0.001361,False
2024-02-28,RS03AXBS-MJ03A-06-PRESTA301,4,True,2024-02-28T00:00:07Z,2024-02-28T23:59:52Z,5760,5760,0,14.999925,14.999512196,15.000002162,0.00046032,0,0,0,0,0.0,2.858602,16.336528,1.361253e-12,0.0001905734,0.001089102,False,0.001353,False
2024-02-29,RS03AXBS-MJ03A-06-PRESTA301,4,True,2024-02-29T00:00:07Z,2024-02-29T23:59:52Z,5760,5760,0,14.999925,14.999529839,15.000002416,-0.002838053,0,0,0,0,0.0,2.919212,17.094127,1.160033e-12,0.0001946141,0.001139608,False,0.001373,False
2024-03-01,RS03AXBS-MJ03A-06-PRESTA301,4,True,2024-03-01T00:00:07Z,2024-03-01T23:59:52Z,5760,5760,0,14.999925,14.999524117,15.000002062,0.001178511,0,0,0,0,0.0,2.828977,20.670867,2.417095e-12,0.0001885985,0.001378058,False,0.00137,False
2024-03-02,RS03AXBS-MJ03A-06-PRESTA301,4,True,2024-03-02T00:00:07Z,2024-03-02T23:59:52Z,5760,5760,0,14.999925,14.99952364,15.000001563,0.001196854,0,0,0,0,0.0,2.921365,16.631773,1.975857e-12,0.0001947577,0.001108785,False,0.001353,False
2024-03-03,RS03AXBS-MJ03A-06-PRESTA301,4,True,2024-03-03T00:00:07Z,2024-03-03T23:59:52Z,5760,5760,0,14.999925,14.999517918,14.999999995,-0.002342457,0,0,0,0,0.0,2.833715,18.964356,2.730236e-12,0.0001889143,0.00126429,False,0.001368,False
2024-03-04,RS03AXBS-MJ03A-06-PRESTA301,4,True,2024-03-04T00:00:07Z,2024-03-04T23:59:52Z,5760,5760,0,14.999925,14.999508858,14.99999871,0.002870753,0,0,0,0,0.0,2.853441,19.939483,8.153286e-13,0.0001902294,0.001329299,False,0.001398,False
2024-03-05,RS03AXBS-MJ03A-06-PRESTA301,4,True,2024-03-05T00:00:07Z,2024-03-05T23:59:52Z,5760,5760,0,14.999925,14.999510765,15.000000372,-0.002501935,0,0,0,0,0.0,3.039452,17.279941,7.092248e-13,0.0002026301,0.001151996,False,0.001356,False
2024-03-06,RS03AXBS-MJ03A-06-PRESTA301,4,True,2024-03-06T00:00:07Z,2024-03-06T23:59:52Z,5760,5760,0,14.999925,14.999496937,15.000001701,-0.004111613,0,0,0,0,0.0,2.945345,17.174003,2.260102e-12,0.0001963563,0.001144933,False,0.001348,False
2024-03-07,RS03AXBS-MJ03A-06-PRESTA301,4,True,2024-03-07T00:00:07Z,2024-03-07T23:59:52Z,5760,5760,0,14.999925,14.99946785,15.000001995,0.001133802,0,0,0,0,0.0,2.933977,20.660766,1.96816e-12,0.0001955984,0.001377384,False,0.001359,False
2024-03-08,RS03AXBS-MJ03A-06-PRESTA301,4,True,2024-03-08T00:00:07Z,2024-03-08T23:59:52Z,5760,5760,0,14.999925,14.999485016,15.000002045,-0.000263978,0,0,0,0,0.0,2.881602,16.742969,1.79676e-12,0.0001921068,0.001116198,False,0.001348,False
2024-03-09,RS03AXBS-MJ03A-06-PRESTA301,4,True,2024-03-09T00:00:07Z,2024-03-09T23:59:52Z,5760,5760,0,14.999925,14.999481678,15.000001674,0.002388356,0,0,0,0,0.0,2.81362,17.715005,2.332137e-12,0.0001875746,0.001181,False,0.001339,False
2024-03-10,RS03AXBS-MJ03A-06-PRESTA301,4,True,2024-03-10T00:00:07Z,2024-03-10T23:59:52Z,5760,5760,0,14.999925,14.999486923,15.00000007,-0.000750368,0,0,0,0,0.0,2.993458,19.290585,2.521735e-12,0.0001995639,0.001286039,False,0.001359,False
2024-03-11,RS03AXBS-MJ03A-06-PRESTA301,4,True,2024-03-11T00:00:07Z,2024-03-11T23:59:52Z,5760,5760,0,14.999925,14.999511242,15.000001388,0.00048534,0,0,0,0,0.0,2.826149,16.050094,1.596203e-12,0.0001884099,0.001070006,False,0.001279,False
2024-03-12,RS03AXBS-MJ03A-06-PRESTA301,4,True,2024-03-12T00:00:07Z,2024-03-12T23:59:52Z,5760,5760,0,14.999925,14.999518871,15.000001361,0.002219156,0,0,0,0,0.0,2.876982,19.771684,1.845352e-12,0.0001917988,0.001318112,False,0.001367,False
2024-03-13,RS03AXBS-MJ03A-06-PRESTA301,4,True,2024-03-13T00:00:07Z,2024-03-13T23:59:52Z,5760,5760,0,14.999925,14.999504089,15.000000965,-0.00021693,0,0,0,0,0.0,2.769196,19.694483,1.216892e-12,0.0001846131,0.001312965,False,0.001343,False
2024-03-14,RS03AXBS-MJ03A-06-PRESTA301,4,True,2024-03-14T00:00:07Z,2024-03-14T23:59:52Z,5760,5760,0,14.999925,14.99948597,15.000000184,0.003976942,0,0,0,0,0.0,3.094662,17.57034,1.044486e-12,0.0002063108,0.001171356,False,0.001348,False
2024-03-15,RS03AXBS-MJ03A-06-PRESTA301,4,True,2024-03-15T00:00:07Z,2024-03-15T23:59:52Z,5760,5760,0,14.999925,14.999480724,14.999999959,-6.84e-06,0,0,0,0,0.0,2.855383,23.10983,2.566805e-12,0.0001903589,0.001540655,False,0.001545,False
2024-03-16,RS03AXBS-MJ03A-06-PRESTA301,4,True,2024-03-16T00:00:07Z,2024-03-16T23:59:52Z,5760,5760,0,14.999925,14.999495983,14.999999475,0.005508511,0,0,0,0,0.0,2.985803,21.266691,2.210527e-12,0.0001990535,0.001417779,False,0.001365,False
2024-03-17,RS03AXBS-MJ03A-06-PRESTA301,4,True,2024-03-17T00:00:07Z,2024-03-17T23:59:52Z,5760,5760,0,14.999925,14.999493122,14.999999844,-0.00032834,0,0,0,0,0.0,2.898304,15.769608,1.159644e-12,0.0001932203,0.001051307,False,0.001329,False
2024-03-18,RS03AXBS-MJ03A-06-PRESTA301,4,True,2024-03-18T00:00:07Z,2024-03-18T23:59:52Z,5760,5760,0,14.999925,14.999490261,15.000001537,-0.002986163,0,0,0,0,0.0,2.920277,18.931622,2.841962e-12,0.0001946851,0.001262108,False,0.001377,False
2024-03-19,RS03AXBS-MJ03A-06-PRESTA301,4,True,2024-03-19T00:00:07Z,2024-03-19T23:59:52Z,5760,5760,0,14.999925,14.999494076,15.000002092,0.002143488,0,0,0,0,0.0,3.094073,21.633574,9.825053e-13,0.0002062715,0.001442238,False,0.001381,False
2024-03-20,RS03AXBS-MJ03A-06-PRESTA301,4,True,2024-03-20T00:00:07Z,2024-03-20T23:59:52Z,5760,5760,0,14.999925,14.999491692,15.000001783,0.00055767,0,0,0,0,0.0,3.100235,18.227493,5.578807e-13,0.0002066823,0.001215166,False,0.001366,False
2024-03-21,RS03AXBS-MJ03A-06-PRESTA301,4,True,2024-03-21T00:00:07Z,2024-03-21T23:59:52Z,5760,5760,0,14.999925,14.999503136,15.000002218,0.001290087,0,0,0,0,0.0,2.961918,20.534979,2.536259e-12,0.0001974612,0.001368998,False,0.001351,False
2024-03-22,RS03AXBS-MJ03A-06-PRESTA301,4,True,2024-03-22T00:00:07Z,2024-03-22T23:59:52Z,5760,5760,0,14.999925,14.999490738,15.000002034,-0.000144053,0,0,0,0,0.0,2.870781,16.946113,3.08433e-12,0.0001913854,0.001129741,False,0.001371,False
2024-03-23,RS03AXBS-MJ03A-06-PRESTA301,4,True,2024-03-23T00:00:07Z,2024-03-23T23:59:52Z,5760,5760,0,14.999925,14.999505043,15.000001965,0.000425424,0,0,0,0,0.0,2.885039,16.221103,1.964665e-12,0.0001923359,0.001081407,False,0.001379,False
2024-03-24,RS03AXBS-MJ03A-06-PRESTA301,4,True,2024-03-24T00:00:07Z,2024-03-24T23:59:52Z,5760,5760,0,14.999925,14.999504089,15.000002246,5.0795e-05,0,0,0,0,0.0,2.906219,21.585511,1.120057e-12,0.0001937479,0.001439034,False,0.001587,False
2024-03-25,RS03AXBS-MJ03A-06-PRESTA301,4,True,2024-03-25T00:00:07Z,2024-03-25T23:59:52Z,5760,5760,0,14.999925,14.999504089,15.000002076,0.001392297,0,0,0,0,0.0,2.89583,18.36837,2.971341e-12,0.0001930553,0.001224558,False,0.001394,False
2024-03-26,RS03AXBS-MJ03A-06-PRESTA301,4,True,2024-03-26T00:00:07Z,2024-03-26T23:59:52Z,5760,5760,0,14.999925,14.999493599,15.000001715,0.001485268,0,0,0,0,0.0,2.872793,16.731073,1.349772e-12,0.0001915195,0.001115405,False,0.001392,False
2024-03-27,RS03AXBS-MJ03A-06-PRESTA301,4,True,2024-03-27T00:00:07Z,2024-03-27T23:59:52Z,5760,5760,0,14.999925,14.999495029,15.000001806,0.000170535,0,0,0,0,0.0,3.029258,17.307014,1.657556e-12,0.0002019505,0.001153801,False,0.00137,False
2024-03-28,RS03AXBS-MJ03A-06-PRESTA301,4,True,2024-03-28T00:00:07Z,2024-03-28T23:59:52Z,5760,5760,0,14.999925,14.999486923,15.00000222,-0.001498952,0,0,0,0,0.0,2.974839,19.079325,2.382322e-12,0.0001983226,0.001271955,False,0.001365,False
2024-03-29,RS03AXBS-MJ03A-06-PRESTA301,4,True,2024-03-29T00:00:07Z,2024-03-29T23:59:52Z,5760,5760,0,14.999925,14.99953413,15.000002041,0.001110811,0,0,0,0,0.0,2.799014,16.739328,2.805091e-12,0.0001866009,0.001115955,False,0.001357,False
2024-03-30,RS03AXBS-MJ03A-06-PRESTA301,4,True,2024-03-30T00:00:07Z,2024-03-30T23:59:52Z,5760,5760,0,14.999925,14.999507904,15.000001825,0.002394933,0,0,0,0,0.0,2.858538,22.282155,1.148415e-12,0.0001905692,0.001485477,False,0.001604,False
2024-03-31,RS03AXBS-MJ03A-06-PRESTA301,4,True,2024-03-31T00:00:07Z,2024-03-31T23:59:52Z,5760,5760,0,14.999925,14.999493122,15.000001922,0.003796199,0,0,0,0,0.0,2.961445,18.927579,7.844626e-14,0.0001974297,0.001261838,False,0.001386,False
2024-04-01,RS03AXBS-MJ03A-06-PRESTA301,4,True,2024-04-01T00:00:07Z,2024-04-01T23:59:52Z,5760,5760,0,14.999925,14.999491215,15.000001575,0.000245418,0,0,0,0,0.0,2.973703,16.007279,1.737638e-12,0.0001982469,0.001067152,False,0.001356,False
2024-04-02,RS03AXBS-MJ03A-06-PRESTA301,4,True,2024-04-02T00:00:07Z,2024-04-02T01:14:07Z,297,297,0,14.999925,14.999516487,15.000002412,-0.000664491,0,0,0,0,-0.0,2.916676,15.962248,-6.071878e-14,0.000194445,0.00106415,False,0.001296,False
2024-04-03,RS03AXBS-MJ03A-06-PRESTA301,4,False,,,0,0,,14.999925,,,,,,,,,,,,,,,,False
2024-04-04,RS03AXBS-MJ03A-06-PRESTA301,4,True,2024-04-04T01:20:52Z,2024-04-04T23:59:52Z,5437,5437,0,14.999925,14.999501705,15.000002131,-0.000124425,0,0,0,0,-0.0,2.931904,18.540287,-1.6814e-12,0.0001954602,0.001236019,False,0.001366,False
2024-04-05,RS03AXBS-MJ03A-06-PRESTA301,4,True,2024-04-05T00:00:07Z,2024-04-05T23:59:53Z,5697,5760,63,14.999925,14.999500751,15.000001896,-0.001937676,2,63,2,63,0.0,23.102681,999.535505,1.242217e-12,0.001540179,0.06663569,False,0.066944,True
2024-04-06,RS03AXBS-MJ03A-06-PRESTA301,4,True,2024-04-06T00:00:08Z,2024-04-06T23:59:53Z,5760,5760,0,14.999925,14.999492168,15.000002314,-0.003065294,0,0,0,0,0.0,13.520014,1002.56841,1.407949e-12,0.0009013341,0.06683788,False,0.067059,False
2024-04-07,RS03AXBS-MJ03A-06-PRESTA301,4,True,2024-04-07T00:00:08Z,2024-04-07T23:59:53Z,5760,5760,0,14.999925,14.99950695,15.000002028,0.000426731,0,0,0,0,0.0,2.819391,19.881781,1.283021e-12,0.0001879594,0.001325452,False,0.001379,False
2024-04-08,RS03AXBS-MJ03A-06-PRESTA301,4,True,2024-04-08T00:00:08Z,2024-04-08T23:59:53Z,5760,5760,0,14.999925,14.99948597,15.000001598,-0.001602931,0,0,0,0,0.0,2.926653,16.917877,1.749897e-12,0.0001951102,0.001127858,False,0.001329,False
2024-04-09,RS03AXBS-MJ03A-06-PRESTA301,4,True,2024-04-09T00:00:08Z,2024-04-09T22:00:23Z,5282,5282,0,14.999925,14.999482155,15.000002045,0.001213385,0,0,0,0,-0.0,2.867821,20.191642,-1.697566e-12,0.000191188,0.001346109,False,0.001583,False
2024-04-10,RS03AXBS-MJ03A-06-PRESTA301,4,True,2024-04-10T01:56:38Z,2024-04-10T23:59:46Z,2249,5294,3045,14.999925,14.999532461,14.998492357,-0.332836564,2,3045,2,3045,-0.0,806.80533,1544.588707,-1.07903e-12,0.05379243,0.1029829,False,0.200046,True
2024-04-11,RS03AXBS-MJ03A-06-PRESTA301,4,True,2024-04-11T00:00:01Z,2024-04-11T23:59:46Z,5760,5760,0,14.999925,14.999489307,15.000001249,0.004481485,0,0,0,0,0.0,2.935706,23.827684,2.839668e-12,0.0001957137,0.001588512,False,0.001395,False
2024-04-12,RS03AXBS-MJ03A-06-PRESTA301,4,True,2024-04-12T00:00:01Z,2024-04-12T23:59:46Z,5760,5760,0,14.999925,14.999485016,15.000001622,-0.000622489,0,0,0,0,0.0,3.217326,18.53323,1.768099e-12,0.0002144884,0.001235549,False,0.001369,False
2024-04-13,RS03AXBS-MJ03A-06-PRESTA301,4,True,2024-04-13T00:00:01Z,2024-04-13T23:59:46Z,5760,5760,0,14.999925,14.999474049,15.000001849,-0.000932255,0,0,0,0,0.0,2.817028,16.389141,1.685775e-12,0.0001878018,0.001092609,False,0.001339,False
2024-04-14,RS03AXBS-MJ03A-06-PRESTA301,4,True,2024-04-14T00:00:01Z,2024-04-14T23:59:46Z,5760,5760,0,14.999925,14.999472141,15.000000531,0.001541047,0,0,0,0,0.0,2.935163,19.180352,2.918045e-12,0.0001956776,0.00127869,False,0.00134,False
2024-04-15,RS03AXBS-MJ03A-06-PRESTA301,4,True,2024-04-15T00:00:01Z,2024-04-15T23:59:46Z,5760,5760,0,14.999925,14.999495983,14.999999864,-0.000762981,0,0,0,0,0.0,2.949977,19.66412,1.525264e-12,0.0001966651,0.001310941,False,0.001385,False
2024-04-16,RS03AXBS-MJ03A-06-PRESTA301,4,True,2024-04-16T00:00:01Z,2024-04-16T23:59:46Z,5760,5760,0,14.999925,14.999507904,14.999999515,0.003406353,0,0,0,0,0.0,2.865347,16.261142,2.075555e-12,0.0001910231,0.001084076,False,0.001366,False
2024-04-17,RS03AXBS-MJ03A-06-PRESTA301,4,True,2024-04-17T00:00:01Z,2024-04-17T23:59:46Z,5760,5760,0,14.999925,14.999501228,15.000000141,0.000270781,0,0,0,0,0.0,3.057266,22.088853,1.793583e-12,0.0002038177,0.00147259,False,0.001351,False
2024-04-18,RS03AXBS-MJ03A-06-PRESTA301,4,True,2024-04-18T00:00:01Z,2024-04-18T23:59:46Z,5760,5760,0,14.999925,14.999505997,15.000000845,0.000353488,0,0,0,0,0.0,3.438122,24.135324,1.767649e-12,0.0002292081,0.001609021,False,0.00134,False
2024-04-19,RS03AXBS-MJ03A-06-PRESTA301,4,True,2024-04-19T00:00:01Z,2024-04-19T23:59:46Z,5760,5760,0,14.999925,14.999505997,15.000001729,-0.001652614,0,0,0,0,0.0,2.969175,16.977663,2.85017e-12,0.000197945,0.001131844,False,0.001343,False
2024-04-20,RS03AXBS-MJ03A-06-PRESTA301,4,True,2024-04-20T00:00:01Z,2024-04-20T23:59:46Z,5760,5760,0,14.999925,14.999504089,15.000000832,-0.001386303,0,0,0,0,0.0,2.943663,17.632269,1.438446e-12,0.0001962442,0.001175485,False,0.001385,False
2024-04-21,RS03AXBS-MJ03A-06-PRESTA301,4,True,2024-04-21T00:00:01Z,2024-04-21T23:59:46Z,5760,5760,0,14.999925,14.999499798,15.000002158,0.000500771,0,0,0,0,0.0,2.975365,20.586484,2.387378e-12,0.0001983577,0.001372432,False,0.001362,False
2024-04-22,RS03AXBS-MJ03A-06-PRESTA301,4,True,2024-04-22T00:00:01Z,2024-04-22T23:59:46Z,5760,5760,0,14.999925,14.999502182,15.000002002,0.000989248,0,0,0,0,0.0,2.854474,16.468289,1.196505e-12,0.0001902983,0.001097886,False,0.001344,False
2024-04-23,RS03AXBS-MJ03A-06-PRESTA301,4,True,2024-04-23T00:00:01Z,2024-04-23T23:59:46Z,5760,5760,0,14.999925,14.999508858,15.000002062,1.488e-05,0,0,0,0,0.0,2.932869,16.587673,1.219369e-12,0.0001955246,0.001105845,False,0.0014,False
2024-04-24,RS03AXBS-MJ03A-06-PRESTA301,4,True,2024-04-24T00:00:01Z,2024-04-24T23:59:46Z,5760,5760,0,14.999925,14.999461174,15.000001859,-0.001951703,0,0,0,0,0.0,2.84005,17.613201,2.862786e-12,0.0001893367,0.001174213,False,0.001359,False
2024-04-25,RS03AXBS-MJ03A-06-PRESTA301,4,True,2024-04-25T00:00:01Z,2024-04-25T23:59:46Z,5760,5760,0,14.999925,14.999479771,15.000001966,-0.000463571,0,0,0,0,0.0,2.949271,16.706067,2.521575e-12,0.000196618,0.001113738,False,0.001329,False
2024-04-26,RS03AXBS-MJ03A-06-PRESTA301,4,True,2024-04-26T00:00:01Z,2024-04-26T23:59:46Z,5760,5760,0,14.999925,14.999509335,15.000002009,-0.004272962,0,0,0,0,0.0,2.987263,19.060235,7.772342e-13,0.0001991508,0.001270682,False,0.001354,False
2024-04-27,RS03AXBS-MJ03A-06-PRESTA301,4,True,2024-04-27T00:00:01Z,2024-04-27T23:59:46Z,5760,5760,0,14.999925,14.999509811,15.000002111,0.001577057,0,0,0,0,0.0,2.955253,20.829616,1.660225e-12,0.0001970168,0.001388641,False,0.001385,False
2024-04-28,RS03AXBS-MJ03A-06-PRESTA301,4,True,2024-04-28T00:00:01Z,2024-04-28T23:59:46Z,5760,5760,0,14.999925,14.999498844,15.000001672,0.00255281,0,0,0,0,0.0,3.12672,18.514349,2.429634e-12,0.000208448,0.00123429,False,0.001376,False
2024-04-29,RS03AXBS-MJ03A-06-PRESTA301,4,True,2024-04-29T00:00:01Z,2024-04-29T23:59:46Z,5760,5760,0,14.999925,14.999468803,15.000001882,0.001564306,0,0,0,0,0.0,2.858351,21.976719,1.483304e-12,0.0001905567,0.001465114,False,0.001354,False
2024-04-30,RS03AXBS-MJ03A-06-PRESTA301,4,True,2024-04-30T00:00:01Z,2024-04-30T23:59:46Z,5760,5760,0,14.999925,14.999495029,15.000001662,0.000664711,0,0,0,0,0.0,3.000974,21.36673,2.147337e-12,0.0002000649,0.001424448,False,0.001377,False
2024-05-01,RS03AXBS-MJ03A-06-PRESTA301,4,True,2024-05-01T00:00:01Z,2024-05-01T23:59:46Z,5760,5760,0,14.999925,14.999494076,15.000001508,0.001507628,0,0,0,0,0.0,2.961847,17.109775,2.195471e-12,0.0001974564,0.001140652,False,0.001378,False
2024-05-02,RS03AXBS-MJ03A-06-PRESTA301,4,True,2024-05-02T00:00:01Z,2024-05-02T23:59:46Z,5733,5760,27,14.999925,14.999509096,15.000001492,0.003920814,1,27,1,27,-0.0,2.957995,18.114281,-9.449209e-13,0.0001971996,0.001207619,False,0.001347,True
2024-05-03,RS03AXBS-MJ03A-06-PRESTA301,4,True,2024-05-03T00:00:01Z,2024-05-03T23:59:46Z,5760,5760,0,14.999925,14.999516964,15.000001305,0.005122566,0,0,0,0,0.0,3.082438,17.855299,1.288128e-12,0.0002054958,0.001190353,False,0.001384,False
2024-05-04,RS03AXBS-MJ03A-06-PRESTA301,4,True,2024-05-04T00:00:01Z,2024-05-04T23:59:46Z,5760,5760,0,14.999925,14.999515057,15.000001928,0.000718295,0,0,0,0,0.0,2.919604,16.85543,2.169067e-12,0.0001946402,0.001123695,False,0.001364,False
2024-05-05,RS03AXBS-MJ03A-06-PRESTA301,4,True,2024-05-05T00:00:01Z,2024-05-05T23:59:46Z,5760,5760,0,14.999925,14.999500751,15.000002053,0.003940093,0,0,0,0,0.0,2.922832,20.642112,2.471987e-12,0.0001948555,0.001376141,False,0.001382,False
2024-05-06,RS03AXBS-MJ03A-06-PRESTA301,4,True,2024-05-06T00:00:01Z,2024-05-06T15:16:46Z,3668,3668,0,14.999925,14.999557972,15.0000032,-0.004630521,0,0,0,0,-0.0,3.226548,17.589783,-5.666594e-13,0.0002151031,0.001172652,False,0.001269,False
2024-05-07,RS03AXBS-MJ03A-06-PRESTA301,4,True,2024-05-07T05:24:49Z,2024-05-07T23:59:51Z,4460,4461,1,14.999925,14.999469757,15.000637414,-0.65589814,1,1,1,1,0.0,525.440299,1100.085083,3.694512e-13,0.03502786,0.07333589,False,0.133555,True
2024-05-08,RS03AXBS-MJ03A-06-PRESTA301,4,True,2024-05-08T00:00:06Z,2024-05-08T23:59:51Z,5760,5760,0,14.999925,14.999463081,15.000002795,0.002664141,0,0,0,0,0.0,3.368862,17.836831,2.425907e-12,0.0002245908,0.001189122,False,0.001347,False
2024-05-09,RS03AXBS-MJ03A-06-PRESTA301,4,True,2024-05-09T00:00:06Z,2024-05-09T23:59:51Z,5760,5760,0,14.999925,14.999489784,15.000002244,-0.004227196,0,0,0,0,0.0,3.408492,20.070989,2.161844e-12,0.0002272328,0.001338066,False,0.001364,False
2024-05-10,RS03AXBS-MJ03A-06-PRESTA301,4,True,2024-05-10T00:00:06Z,2024-05-10T23:59:51Z,5760,5760,0,14.999925,14.999486923,15.000001926,0.00183367,0,0,0,0,0.0,3.029222,21.807167,1.170189e-12,0.0002019481,0.001453811,False,0.001333,False
2024-05-11,RS03AXBS-MJ03A-06-PRESTA301,4,True,2024-05-11T00:00:06Z,2024-05-11T23:59:51Z,5760,5760,0,14.999925,14.999499321,15.000002059,-0.000453695,0,0,0,0,0.0,2.999171,17.040637,1.893567e-12,0.0001999447,0.001136042,False,0.001371,False
2024-05-12,RS03AXBS-MJ03A-06-PRESTA301,4,True,2024-05-12T00:00:06Z,2024-05-12T23:59:51Z,5760,5760,0,14.999925,14.99947691,15.000001897,0.000363937,0,0,0,0,0.0,3.478066,20.596457,1.532785e-12,0.0002318711,0.001373097,False,0.001396,False
2024-05-13,RS03AXBS-MJ03A-06-PRESTA301,4,True,2024-05-13T00:00:06Z,2024-05-13T23:59:51Z,5760,5760,0,14.999925,14.999501705,15.000001967,0.002844731,0,0,0,0,0.0,2.846789,16.572112,1.581531e-12,0.0001897859,0.001104807,False,0.001359,False
2024-05-14,RS03AXBS-MJ03A-06-PRESTA301,4,True,2024-05-14T00:00:06Z,2024-05-14T23:59:51Z,5760,5760,0,14.999925,14.99950695,15.000001689,-0.000416373,0,0,0,0,0.0,2.88529,16.047989,3.190122e-12,0.0001923526,0.001069866,False,0.00137,False
2024-05-15,RS03AXBS-MJ03A-06-PRESTA301,4,True,2024-05-15T00:00:06Z,2024-05-15T23:59:51Z,5760,5760,0,14.999925,14.999501228,15.00000219,-0.001093751,0,0,0,0,0.0,2.963156,19.052489,2.326882e-12,0.0001975437,0.001270166,False,0.001365,False
2024-05-16,RS03AXBS-MJ03A-06-PRESTA301,4,True,2024-05-16T00:00:06Z,2024-05-16T23:59:51Z,5760,5760,0,14.999925,14.999499321,15.000001403,0.000456933,0,0,0,0,0.0,3.187536,21.600006,9.073931e-13,0.0002125024,0.00144,False,0.001357,False
2024-05-17,RS03AXBS-MJ03A-06-PRESTA301,4,True,2024-05-17T00:00:06Z,2024-05-17T23:59:51Z,5760,5760,0,14.999925,14.999507904,15.000001134,0.00199009,0,0,0,0,0.0,3.322195,17.043986,3.098454e-12,0.0002214797,0.001136266,False,0.001356,False
2024-05-18,RS03AXBS-MJ03A-06-PRESTA301,4,True,2024-05-18T00:00:06Z,2024-05-18T23:59:51Z,5760,5760,0,14.999925,14.999508858,15.000001521,0.003187567,0,0,0,0,0.0,2.871971,21.752585,1.482539e-12,0.0001914647,0.001450172,False,0.001345,False
2024-05-19,RS03AXBS-MJ03A-06-PRESTA301,4,True,2024-05-19T00:00:06Z,2024-05-19T23:59:51Z,5760,5760,0,14.999925,14.99950695,15.000001531,0.000422659,0,0,0,0,0.0,3.022201,22.186232,3.411492e-12,0.00020148,0.001479082,False,0.001361,False
2024-05-20,RS03AXBS-MJ03A-06-PRESTA301,4,True,2024-05-20T00:00:06Z,2024-05-20T23:59:51Z,5760,5760,0,14.999925,14.999494076,15.000001976,-0.000190062,0,0,0,0,0.0,2.896469,16.732498,2.152908e-12,0.0001930979,0.0011155,False,0.001354,False
2024-05-21,RS03AXBS-MJ03A-06-PRESTA301,4,True,2024-05-21T00:00:06Z,2024-05-21T23:59:51Z,5760,5760,0,14.999925,14.999490261,15.000001844,-0.00114493,0,0,0,0,0.0,2.890718,20.217208,1.18728e-12,0.0001927145,0.001347814,False,0.001326,False
2024-05-22,RS03AXBS-MJ03A-06-PRESTA301,4,True,2024-05-22T00:00:06Z,2024-05-22T23:59:51Z,5760,5760,0,14.999925,14.9994874,15.000001846,-0.000271381,0,0,0,0,0.0,2.912065,20.328055,8.045082e-13,0.0001941376,0.001355204,False,0.001402,False
2024-05-23,RS03AXBS-MJ03A-06-PRESTA301,4,True,2024-05-23T00:00:06Z,2024-05-23T23:59:51Z,5760,5760,0,14.999925,14.999487877,15.000002025,0.002661618,0,0,0,0,0.0,2.88475,16.721611,1.088902e-12,0.0001923166,0.001114774,False,0.001373,False
2024-05-24,RS03AXBS-MJ03A-06-PRESTA301,4,True,2024-05-24T00:00:06Z,2024-05-24T23:59:51Z,5760,5760,0,14.999925,14.999464035,15.000001848,0.000789723,0,0,0,0,0.0,2.887642,22.808778,1.890768e-12,0.0001925094,0.001520585,False,0.001365,False
2024-05-25,RS03AXBS-MJ03A-06-PRESTA301,4,True,2024-05-25T00:00:06Z,2024-05-25T23:59:51Z,5760,5760,0,14.999925,14.999489784,15.000001642,0.003224051,0,0,0,0,0.0,2.880431,16.656912,2.461193e-12,0.0001920287,0.001110461,False,0.001392,False
2024-05-26,RS03AXBS-MJ03A-06-PRESTA301,4,True,2024-05-26T00:00:06Z,2024-05-26T23:59:51Z,5760,5760,0,14.999925,14.999472141,15.000001875,-0.000684349,0,0,0,0,0.0,2.857526,16.877711,2.7434e-12,0.0001905017,0.001125181,False,0.00134,False
2024-05-27,RS03AXBS-MJ03A-06-PRESTA301,4,True,2024-05-27T00:00:06Z,2024-05-27T23:59:51Z,5760,5760,0,14.999925,14.999474049,15.000002082,-0.001135276,0,0,0,0,0.0,3.114837,17.581019,1.666139e-12,0.0002076558,0.001172068,False,0.001378,False
2024-05-28,RS03AXBS-MJ03A-06-PRESTA301,4,True,2024-05-28T00:00:06Z,2024-05-28T23:59:51Z,5760,5760,0,14.999925,14.999485016,15.00000197,-0.000602193,0,0,0,0,0.0,3.213264,22.211138,2.492289e-12,0.0002142176,0.001480742,False,0.001377,False
2024-05-29,RS03AXBS-MJ03A-06-PRESTA301,4,True,2024-05-29T00:00:06Z,2024-05-29T13:33:36Z,3255,3255,0,14.999925,14.999408007,15.000002581,-0.000806202,0,0,0,0,-0.0,2.958553,16.853686,-4.184338e-14,0.0001972368,0.001123579,False,0.001378,False
2024-05-30,RS03AXBS-MJ03A-06-PRESTA301,4,True,2024-05-30T15:29:10Z,2024-05-30T23:59:55Z,2044,2044,0,14.999925,14.999675751,15.000005782,0.003407739,0,0,0,0,0.0,3.055937,16.274974,2.161885e-13,0.0002037291,0.001084998,False,0.001303,False
2024-05-31,RS03AXBS-MJ03A-06-PRESTA301,4,True,2024-05-31T00:00:10Z,2024-05-31T23:59:55Z,5760,5760,0,14.999925,14.999491692,15.000002197,-0.00012577,0,0,0,0,0.0,2.851181,16.503479,1.599978e-12,0.0001900787,0.001100232,False,0.001363,False
2024-06-01,RS03AXBS-MJ03A-06-PRESTA301,4,True,2024-06-01T00:00:10Z,2024-06-01T23:59:55Z,5760,5760,0,14.999925,14.999495983,15.000001514,-0.000921561,0,0,0,0,0.0,3.02072,17.360742,2.394646e-12,0.0002013813,0.001157383,False,0.001363,False
2024-06-02,RS03AXBS-MJ03A-06-PRESTA301,4,True,2024-06-02T00:00:10Z,2024-06-02T23:59:55Z,5760,5760,0,14.999925,14.999495983,15.000001726,-0.000604018,0,0,0,0,0.0,2.850556,16.272758,1.363563e-12,0.000190037,0.00108485,False,0.001355,False
2024-06-03,RS03AXBS-MJ03A-06-PRESTA301,4,True,2024-06-03T00:00:10Z,2024-06-03T23:59:55Z,5760,5760,0,14.999925,14.999484062,15.000001394,0.002431857,0,0,0,0,0.0,2.851458,18.715782,2.804961e-12,0.0001900972,0.001247719,False,0.001364,False
2024-06-04,RS03AXBS-MJ03A-06-PRESTA301,4,True,2024-06-04T00:00:10Z,2024-06-04T23:59:55Z,5760,5760,0,14.999925,14.999482155,15.000001792,-8.703e-05,0,0,0,0,0.0,2.854416,21.250745,2.057805e-12,0.0001902943,0.001416716,False,0.001575,False
2024-06-05,RS03AXBS-MJ03A-06-PRESTA301,4,True,2024-06-05T00:00:10Z,2024-06-05T23:59:55Z,5760,5760,0,14.999925,14.999465942,15.000001694,-0.002645516,0,0,0,0,0.0,2.856972,16.305429,1.838155e-12,0.0001904648,0.001087028,False,0.001381,False
2024-06-06,RS03AXBS-MJ03A-06-PRESTA301,4,True,2024-06-06T00:00:10Z,2024-06-06T23:59:55Z,5760,5760,0,14.999925,14.999473095,15.000001537,0.000675985,0,0,0,0,0.0,2.961657,21.281801,1.906976e-12,0.0001974438,0.001418787,False,0.001374,False
2024-06-07,RS03AXBS-MJ03A-06-PRESTA301,4,True,2024-06-07T00:00:10Z,2024-06-07T23:59:55Z,5760,5760,0,14.999925,14.999461651,15.000002088,0.001073931,0,0,0,0,0.0,3.031047,17.131119,1.309367e-12,0.0002020698,0.001142074,False,0.00138,False
2024-06-08,RS03AXBS-MJ03A-06-PRESTA301,4,True,2024-06-08T00:00:10Z,2024-06-08T23:59:55Z,5760,5760,0,14.999925,14.999464989,15.000001709,-0.003229632,0,0,0,0,0.0,3.081095,17.302761,2.509306e-13,0.0002054063,0.001153517,False,0.001363,False
2024-06-09,RS03AXBS-MJ03A-06-PRESTA301,4,True,2024-06-09T00:00:10Z,2024-06-09T23:59:55Z,5760,5760,0,14.999925,14.999464035,15.000001832,0.001799101,0,0,0,0,0.0,2.842743,19.49249,2.20063e-12,0.0001895161,0.001299499,False,0.001354,False
2024-06-10,RS03AXBS-MJ03A-06-PRESTA301,4,True,2024-06-10T00:00:10Z,2024-06-10T23:59:55Z,5760,5760,0,14.999925,14.999486923,15.000001875,-0.000845228,0,0,0,0,0.0,2.878444,19.843084,2.31671e-12,0.0001918962,0.001322872,False,0.001397,False
2024-06-11,RS03AXBS-MJ03A-06-PRESTA301,4,True,2024-06-11T00:00:10Z,2024-06-11T23:59:55Z,5760,5760,0,14.999925,14.999544144,15.000001975,0.002005149,0,0,0,0,0.0,2.829466,16.716055,2.119822e-12,0.000188631,0.001114403,False,0.001357,False
2024-06-12,RS03AXBS-MJ03A-06-PRESTA301,4,True,2024-06-12T00:00:10Z,2024-06-12T23:59:55Z,5760,5760,0,14.999925,14.999495983,15.000001772,-0.00160345,0,0,0,0,0.0,3.096925,18.219971,1.568821e-12,0.0002064617,0.001214665,False,0.001696,False
2024-06-13,RS03AXBS-MJ03A-06-PRESTA301,4,True,2024-06-13T00:00:10Z,2024-06-13T23:59:55Z,5760,5760,0,14.999925,14.999511242,15.000001587,-0.000586696,0,0,0,0,0.0,3.027844,19.63879,2.640245e-12,0.0002018562,0.001309253,False,0.00138,False
2024-06-14,RS03AXBS-MJ03A-06-PRESTA301,4,True,2024-06-14T00:00:10Z,2024-06-14T23:59:55Z,5760,5760,0,14.999925,14.999512196,15.000000677,0.002747929,0,0,0,0,0.0,3.231467,19.035264,1.066875e-12,0.0002154311,0.001269018,False,0.00138,False
2024-06-15,RS03AXBS-MJ03A-06-PRESTA301,4,True,2024-06-15T00:00:10Z,2024-06-15T23:59:55Z,5760,5760,0,14.999925,14.999522686,15.000001682,-0.000898375,0,0,0,0,0.0,2.898784,17.186058,4.426961e-13,0.0001932523,0.001145737,False,0.00136,False
2024-06-16,RS03AXBS-MJ03A-06-PRESTA301,4,True,2024-06-16T00:00:10Z,2024-06-16T23:59:55Z,5760,5760,0,14.999925,14.999529839,15.000001927,0.003844801,0,0,0,0,0.0,2.81013,20.823138,1.008263e-12,0.000187342,0.001388209,False,0.001359,False
2024-06-17,RS03AXBS-MJ03A-06-PRESTA301,4,True,2024-06-17T00:00:10Z,2024-06-17T23:59:55Z,5760,5760,0,14.999925,14.99950695,15.000001972,-0.001999752,0,0,0,0,0.0,2.831569,16.167867,2.667648e-12,0.0001887713,0.001077858,False,0.001359,False
2024-06-18,RS03AXBS-MJ03A-06-PRESTA301,4,True,2024-06-18T00:00:10Z,2024-06-18T23:59:55Z,5682,5760,78,14.999925,14.999504089,15.000001697,-0.002002716,2,78,2,78,-0.0,3.129789,20.107125,-5.633146e-13,0.0002086526,0.001340475,False,0.001382,True
2024-06-19,RS03AXBS-MJ03A-06-PRESTA301,4,True,2024-06-19T00:00:10Z,2024-06-19T23:59:55Z,5690,5760,70,14.999925,14.999500751,15.000002026,-0.000434068,2,70,2,70,-0.0,3.055538,20.655707,-3.211682e-13,0.0002037025,0.001377047,False,0.001746,True
2024-06-20,RS03AXBS-MJ03A-06-PRESTA301,4,True,2024-06-20T00:00:10Z,2024-06-20T23:59:55Z,5760,5760,0,14.999925,14.999486923,15.000001846,0.001535748,0,0,0,0,0.0,2.942038,16.6203,1.772611e-12,0.0001961359,0.00110802,False,0.001356,False
2024-06-21,RS03AXBS-MJ03A-06-PRESTA301,4,True,2024-06-21T00:00:10Z,2024-06-21T23:59:55Z,5760,5760,0,14.999925,14.999480247,15.000002208,0.00084116,0,0,0,0,0.0,2.86818,19.630869,2.93753e-12,0.000191212,0.001308724,False,0.001372,False
2024-06-22,RS03AXBS-MJ03A-06-PRESTA301,4,True,2024-06-22T00:00:10Z,2024-06-22T23:59:55Z,5760,5760,0,14.999925,14.999487877,15.000001988,-0.000488631,0,0,0,0,0.0,2.882454,21.129439,2.600502e-12,0.0001921636,0.001408629,False,0.00156,False
2024-06-23,RS03AXBS-MJ03A-06-PRESTA301,4,True,2024-06-23T00:00:10Z,2024-06-23T23:59:55Z,5760,5760,0,14.999925,14.999454975,15.000002041,0.00156288,0,0,0,0,0.0,2.835052,16.100681,2.131474e-12,0.0001890034,0.001073379,False,0.001383,False
2024-06-24,RS03AXBS-MJ03A-06-PRESTA301,4,True,2024-06-24T00:00:10Z,2024-06-24T23:59:55Z,5760,5760,0,14.999925,14.999484062,15.000001964,0.000393774,0,0,0,0,0.0,2.920428,21.062552,8.245681e-13,0.0001946952,0.00140417,False,0.001597,False
2024-06-25,RS03AXBS-MJ03A-06-PRESTA301,4,True,2024-06-25T00:00:10Z,2024-06-25T23:59:55Z,5760,5760,0,14.999925,14.999485016,15.000001745,0.002252211,0,0,0,0,0.0,2.983295,18.272634,2.189899e-12,0.0001988863,0.001218175,False,0.001356,False
2024-06-26,RS03AXBS-MJ03A-06-PRESTA301,4,True,2024-06-26T00:00:10Z,2024-06-26T23:59:55Z,5760,5760,0,14.999925,14.999486923,15.000001973,-0.002412634,0,0,0,0,0.0,2.874082,15.507733,5.634596e-13,0.0001916055,0.001033849,False,0.001368,False
2024-06-27,RS03AXBS-MJ03A-06-PRESTA301,4,True,2024-06-27T00:00:10Z,2024-06-27T23:59:55Z,5760,5760,0,14.999925,14.999509811,15.000001928,0.001015492,0,0,0,0,0.0,2.837843,16.854723,4.41566e-13,0.0001891895,0.001123648,False,0.001366,False
2024-06-28,RS03AXBS-MJ03A-06-PRESTA301,4,True,2024-06-28T00:00:10Z,2024-06-28T23:59:55Z,5760,5760,0,14.999925,14.999504089,15.000001965,-0.001009678,0,0,0,0,0.0,3.135584,17.790142,1.78058e-12,0.0002090389,0.001186009,False,0.001379,False
2024-06-29,RS03AXBS-MJ03A-06-PRESTA301,4,True,2024-06-29T00:00:10Z,2024-06-29T23:59:55Z,5760,5760,0,14.999925,14.99950695,15.000002166,-0.004461201,0,0,0,0,0.0,2.948526,17.278749,9.003112e-13,0.0001965683,0.001151916,False,0.001343,False
2024-06-30,RS03AXBS-MJ03A-06-PRESTA301,4,True,2024-06-30T00:00:10Z,2024-06-30T23:59:55Z,5760,5760,0,14.999925,14.99951601,15.000001781,0.001003157,0,0,0,0,0.0,3.052656,19.626416,1.924041e-12,0.0002035104,0.001308428,False,0.001436,False
2024-07-01,RS03AXBS-MJ03A-06-PRESTA301,4,True,2024-07-01T00:00:10Z,2024-07-01T23:59:55Z,5760,5760,0,14.999925,14.999507904,15.000002045,0.002754756,0,0,0,0,0.0,2.899268,22.729415,2.611929e-12,0.0001932845,0.001515294,False,0.001389,False
2024-07-02,RS03AXBS-MJ03A-06-PRESTA301,4,True,2024-07-02T00:00:10Z,2024-07-02T23:59:55Z,5760,5760,0,14.999925,14.999479771,15.000001577,0.001404998,0,0,0,0,0.0,2.988816,17.085358,5.047229e-13,0.0001992544,0.001139024,False,0.001414,False
2024-07-03,RS03AXBS-MJ03A-06-PRESTA301,4,True,2024-07-03T00:00:10Z,2024-07-03T10:15:55Z,2464,2464,0,14.999925,14.99936533,15.000000585,0.001935251,0,0,0,0,-0.0,2.889853,16.843388,-8.482439e-13,0.0001926569,0.001122893,False,0.001352,False
2024-07-04,RS03AXBS-MJ03A-06-PRESTA301,4,False,,,0,0,,14.999925,,,,,,,,,,,,,,,,False
2024-07-05,RS03AXBS-MJ03A-06-PRESTA301,4,True,2024-07-05T17:36:31Z,2024-07-05T23:59:46Z,1534,1534,0,14.999925,14.999411106,15.000002769,-0.002694304,0,0,0,0,0.0,2.878831,19.618919,8.710293e-14,0.000191922,0.001307928,False,0.00135,False
2024-07-06,RS03AXBS-MJ03A-06-PRESTA301,4,True,2024-07-06T00:00:01Z,2024-07-06T23:59:46Z,5760,5760,0,14.999925,14.99948597,15.000001684,0.000641992,0,0,0,0,0.0,3.081929,17.733867,1.940046e-12,0.0002054619,0.001182258,False,0.001374,False
2024-07-07,RS03AXBS-MJ03A-06-PRESTA301,4,True,2024-07-07T00:00:01Z,2024-07-07T23:59:46Z,5760,5760,0,14.999925,14.999471664,15.000001736,0.002577362,0,0,0,0,0.0,2.959557,22.415778,2.443416e-12,0.0001973038,0.001494385,False,0.001328,False
2024-07-08,RS03AXBS-MJ03A-06-PRESTA301,4,True,2024-07-08T00:00:01Z,2024-07-08T23:59:46Z,5760,5760,0,14.999925,14.999476433,15.000001699,0.00517097,0,0,0,0,0.0,2.805199,22.532236,2.750238e-12,0.0001870132,0.001502149,False,0.001634,False
2024-07-09,RS03AXBS-MJ03A-06-PRESTA301,4,True,2024-07-09T00:00:01Z,2024-07-09T23:59:46Z,5760,5760,0,14.999925,14.999503136,15.000001849,0.002113881,0,0,0,0,0.0,3.013438,17.077375,1.542489e-12,0.0002008959,0.001138492,False,0.001377,False
2024-07-10,RS03AXBS-MJ03A-06-PRESTA301,4,True,2024-07-10T00:00:01Z,2024-07-10T23:59:46Z,5760,5760,0,14.999925,14.999523163,15.000001823,0.00340416,0,0,0,0,0.0,3.690935,19.603778,1.629176e-12,0.0002460623,0.001306918,False,0.00138,False
2024-07-11,RS03AXBS-MJ03A-06-PRESTA301,4,True,2024-07-11T00:00:01Z,2024-07-11T23:59:46Z,5722,5760,38,14.999925,14.999505043,15.000002473,0.000365577,1,38,1,38,-0.0,2.951536,22.217389,-3.089603e-13,0.0001967691,0.001481159,False,0.001567,True
2024-07-12,RS03AXBS-MJ03A-06-PRESTA301,4,True,2024-07-12T00:00:01Z,2024-07-12T23:59:46Z,5760,5760,0,14.999925,14.999513149,15.000001642,0.004369548,0,0,0,0,0.0,2.830662,15.915304,3.043896e-12,0.0001887108,0.00106102,False,0.001342,False
2024-07-13,RS03AXBS-MJ03A-06-PRESTA301,4,True,2024-07-13T00:00:01Z,2024-07-13T23:59:46Z,5760,5760,0,14.999925,14.999523163,15.000001067,0.003732802,0,0,0,0,0.0,2.858509,18.941963,1.719411e-12,0.0001905672,0.001262797,False,0.001399,False
2024-07-14,RS03AXBS-MJ03A-06-PRESTA301,4,True,2024-07-14T00:00:01Z,2024-07-14T23:59:46Z,5760,5760,0,14.999925,14.999505997,15.000001483,0.002583079,0,0,0,0,0.0,2.902692,19.95774,1.794892e-12,0.0001935128,0.001330516,False,0.00135,False
2024-07-15,RS03AXBS-MJ03A-06-PRESTA301,4,True,2024-07-15T00:00:01Z,2024-07-15T23:59:46Z,5760,5760,0,14.999925,14.999499798,15.000001531,-0.002553958,0,0,0,0,0.0,2.857383,16.685571,1.953226e-12,0.0001904922,0.001112371,False,0.001353,False
2024-07-16,RS03AXBS-MJ03A-06-PRESTA301,4,True,2024-07-16T00:00:01Z,2024-07-16T23:59:46Z,5760,5760,0,14.999925,14.999496937,15.000000752,0.001708736,0,0,0,0,0.0,22.973801,997.593125,2.095077e-12,0.001531587,0.06650621,False,0.06669,False
2024-07-17,RS03AXBS-MJ03A-06-PRESTA301,4,True,2024-07-17T00:00:01Z,2024-07-17T23:59:47Z,5760,5760,0,14.999925,14.99948597,15.000001307,0.003760114,0,0,0,0,0.0,13.604078,1003.863652,2.488263e-12,0.0009069385,0.06692424,False,0.066894,False
2024-07-18,RS03AXBS-MJ03A-06-PRESTA301,4,True,2024-07-18T00:00:02Z,2024-07-18T23:59:47Z,5760,5760,0,14.999925,14.99949789,15.000001197,0.003275007,0,0,0,0,0.0,2.921078,16.57147,7.534356e-13,0.0001947385,0.001104765,False,0.001358,False
2024-07-19,RS03AXBS-MJ03A-06-PRESTA301,4,True,2024-07-19T00:00:02Z,2024-07-19T23:59:47Z,5760,5760,0,14.999925,14.999495029,15.000000968,0.001910732,0,0,0,0,0.0,3.064986,17.452007,1.978232e-12,0.0002043324,0.001163467,False,0.00135,False
2024-07-20,RS03AXBS-MJ03A-06-PRESTA301,4,True,2024-07-20T00:00:02Z,2024-07-20T23:59:47Z,5760,5760,0,14.999925,14.999478817,15.000002277,0.001277733,0,0,0,0,0.0,3.061142,20.194621,1.871269e-12,0.0002040761,0.001346308,False,0.00148,False
2024-07-21,RS03AXBS-MJ03A-06-PRESTA301,4,True,2024-07-21T00:00:02Z,2024-07-21T23:59:47Z,5760,5760,0,14.999925,14.999468327,15.000002085,0.001591345,0,0,0,0,0.0,2.899982,16.645729,2.048024e-12,0.0001933321,0.001109715,False,0.001391,False
2024-07-22,RS03AXBS-MJ03A-06-PRESTA301,4,True,2024-07-22T00:00:02Z,2024-07-22T23:59:47Z,5760,5760,0,14.999925,14.999464989,15.000002171,0.000492785,0,0,0,0,0.0,2.931631,18.671516,2.249158e-12,0.0001954421,0.001244768,False,0.001353,False
2024-07-23,RS03AXBS-MJ03A-06-PRESTA301,4,True,2024-07-23T00:00:02Z,2024-07-23T23:59:47Z,5760,5760,0,14.999925,14.999484062,15.000002006,0.000802664,0,0,0,0,0.0,2.931879,18.957841,1.429142e-12,0.0001954586,0.001263856,False,0.001344,False
2024-07-24,RS03AXBS-MJ03A-06-PRESTA301,4,True,2024-07-24T00:00:02Z,2024-07-24T23:59:47Z,5760,5760,0,14.999925,14.999488831,15.000001355,0.000916811,0,0,0,0,0.0,3.046105,17.627611,2.234734e-12,0.0002030737,0.001175174,False,0.001333,False
2024-07-25,RS03AXBS-MJ03A-06-PRESTA301,4,True,2024-07-25T00:00:02Z,2024-07-25T23:59:47Z,5760,5760,0,14.999925,14.999495029,15.000001402,0.002205215,0,0,0,0,0.0,4.456158,22.124313,1.966982e-12,0.0002970772,0.001474954,False,0.001371,False
2024-07-26,RS03AXBS-MJ03A-06-PRESTA301,4,True,2024-07-26T00:00:02Z,2024-07-26T23:59:47Z,5760,5760,0,14.999925,14.999491215,15.000000215,0.002310059,0,0,0,0,0.0,3.680942,19.302452,7.495028e-13,0.0002453961,0.00128683,False,0.001368,False
2024-07-27,RS03AXBS-MJ03A-06-PRESTA301,4,True,2024-07-27T00:00:02Z,2024-07-27T23:59:47Z,5760,5760,0,14.999925,14.999500751,15.000002944,0.001210257,0,0,0,0,0.0,2.999167,17.086493,2.551703e-12,0.0001999444,0.001139099,False,0.001344,False
2024-07-28,RS03AXBS-MJ03A-06-PRESTA301,4,True,2024-07-28T00:00:02Z,2024-07-28T23:59:47Z,5760,5760,0,14.999925,14.999495029,15.000001905,0.002366746,0,0,0,0,0.0,2.803741,17.918006,2.70837e-12,0.000186916,0.001194534,False,0.001387,False
2024-07-29,RS03AXBS-MJ03A-06-PRESTA301,4,True,2024-07-29T00:00:02Z,2024-07-29T23:59:47Z,5760,5760,0,14.999925,14.999495029,15.000001985,-0.000216316,0,0,0,0,0.0,2.84924,20.896612,2.032092e-12,0.0001899493,0.001393107,False,0.001379,False
2024-07-30,RS03AXBS-MJ03A-06-PRESTA301,4,True,2024-07-30T00:00:02Z,2024-07-30T23:59:47Z,5760,5760,0,14.999925,14.999503136,15.000001692,-0.000838947,0,0,0,0,0.0,2.864157,16.243181,1.938926e-12,0.0001909438,0.001082879,False,0.001352,False
2024-07-31,RS03AXBS-MJ03A-06-PRESTA301,4,True,2024-07-31T00:00:02Z,2024-07-31T23:59:47Z,5760,5760,0,14.999925,14.999505043,15.000001719,0.002540304,0,0,0,0,0.0,3.005591,24.077407,3.067063e-12,0.0002003727,0.00160516,False,0.001743,False
2024-08-01,RS03AXBS-MJ03A-06-PRESTA301,4,True,2024-08-01T00:00:02Z,2024-08-01T23:59:47Z,5760,5760,0,14.999925,14.999463081,15.000001737,0.001480638,0,0,0,0,0.0,2.891126,20.023779,2.417588e-12,0.0001927417,0.001334918,False,0.001359,False
2024-08-02,RS03AXBS-MJ03A-06-PRESTA301,4,True,2024-08-02T00:00:02Z,2024-08-02T23:59:47Z,5760,5760,0,14.999925,14.999464989,15.000001092,0.006784551,0,0,0,0,0.0,4.293044,19.138061,2.331751e-12,0.0002862029,0.001275871,False,0.001374,False
2024-08-03,RS03AXBS-MJ03A-06-PRESTA301,4,True,2024-08-03T00:00:02Z,2024-08-03T23:59:47Z,5760,5760,0,14.999925,14.99946785,15.000001725,0.004839811,0,0,0,0,0.0,3.48389,18.452033,8.564465e-13,0.0002322593,0.001230135,False,0.001371,False
2024-08-04,RS03AXBS-MJ03A-06-PRESTA301,4,True,2024-08-04T00:00:02Z,2024-08-04T23:59:47Z,5760,5760,0,14.999925,14.999495029,15.000001125,-0.003031893,0,0,0,0,0.0,2.846219,21.204847,1.198366e-12,0.0001897479,0.001413656,False,0.001388,False
2024-08-05,RS03AXBS-MJ03A-06-PRESTA301,4,True,2024-08-05T00:00:02Z,2024-08-05T23:59:47Z,5760,5760,0,14.999925,14.999509811,14.999999683,-0.000947443,0,0,0,0,0.0,2.97031,16.344377,2.911741e-12,0.0001980207,0.001089625,False,0.001351,False
2024-08-06,RS03AXBS-MJ03A-06-PRESTA301,4,True,2024-08-06T00:00:02Z,2024-08-06T23:59:47Z,5760,5760,0,14.999925,14.999488831,14.999999218,0.000180839,0,0,0,0,0.0,2.820909,18.962065,2.377897e-12,0.0001880606,0.001264138,False,0.001347,False
2024-08-07,RS03AXBS-MJ03A-06-PRESTA301,4,True,2024-08-07T00:00:02Z,2024-08-07T23:59:47Z,5760,5760,0,14.999925,14.999523163,15.000000898,0.004877415,0,0,0,0,0.0,3.286305,17.818551,1.831551e-12,0.000219087,0.001187903,False,0.001336,False
2024-08-08,RS03AXBS-MJ03A-06-PRESTA301,4,True,2024-08-08T00:00:02Z,2024-08-08T23:59:47Z,5719,5760,41,14.999925,14.999503136,15.000001172,-0.001702872,1,41,1,41,0.0,2.841489,18.80903,5.188752e-13,0.0001894326,0.001253935,False,0.001386,True
2024-08-09,RS03AXBS-MJ03A-06-PRESTA301,4,True,2024-08-09T00:00:02Z,2024-08-09T23:59:47Z,5760,5760,0,14.999925,14.99950695,15.000002255,0.003326008,0,0,0,0,0.0,3.801591,25.584634,1.828631e-12,0.0002534394,0.001705642,False,0.001562,False
2024-08-10,RS03AXBS-MJ03A-06-PRESTA301,4,True,2024-08-10T00:00:02Z,2024-08-10T23:59:47Z,5760,5760,0,14.999925,14.999505043,15.000001949,0.002516242,0,0,0,0,0.0,3.059888,16.177158,3.261672e-12,0.0002039925,0.001078477,False,0.001349,False
2024-08-11,RS03AXBS-MJ03A-06-PRESTA301,4,True,2024-08-11T00:00:02Z,2024-08-11T23:59:47Z,5760,5760,0,14.999925,14.999515057,15.000002129,0.000655791,0,0,0,0,0.0,2.796033,17.203072,1.439759e-12,0.0001864022,0.001146871,False,0.001407,False
2024-08-12,RS03AXBS-MJ03A-06-PRESTA301,4,True,2024-08-12T00:00:02Z,2024-08-12T23:59:47Z,5760,5760,0,14.999925,14.999513149,15.000002007,0.000665563,0,0,0,0,0.0,2.843267,19.825421,3.372583e-12,0.0001895511,0.001321695,False,0.001394,False
2024-08-13,RS03AXBS-MJ03A-06-PRESTA301,4,True,2024-08-13T00:00:02Z,2024-08-13T23:59:47Z,5721,5760,39,14.999925,14.99952054,15.00000198,-0.000954027,1,39,1,39,-0.0,2.83364,16.728705,-1.393167e-12,0.0001889093,0.001115247,False,0.001425,True
2024-08-14,RS03AXBS-MJ03A-06-PRESTA301,4,True,2024-08-14T00:00:02Z,2024-08-14T23:59:47Z,5760,5760,0,14.999925,14.999505997,15.000001246,0.005431388,0,0,0,0,0.0,3.373275,18.242048,4.269143e-13,0.000224885,0.001216136,False,0.001327,False
2024-08-15,RS03AXBS-MJ03A-06-PRESTA301,4,True,2024-08-15T00:00:02Z,2024-08-15T23:59:47Z,5760,5760,0,14.999925,14.999510288,15.000001469,0.006932116,0,0,0,0,0.0,2.999137,20.821979,2.874149e-12,0.0001999424,0.001388132,False,0.00136,False
2024-08-16,RS03AXBS-MJ03A-06-PRESTA301,4,True,2024-08-16T00:00:02Z,2024-08-16T23:59:47Z,5760,5760,0,14.999925,14.999526024,15.000002018,0.001220433,0,0,0,0,0.0,3.355681,16.478539,1.560688e-12,0.000223712,0.001098569,False,0.001386,False
2024-08-17,RS03AXBS-MJ03A-06-PRESTA301,4,True,2024-08-17T00:00:02Z,2024-08-17T23:59:47Z,5760,5760,0,14.999925,14.999465942,15.00000134,0.003127914,0,0,0,0,0.0,3.663623,19.530914,4.567788e-13,0.0002442415,0.001302061,False,0.001305,False
2024-08-18,RS03AXBS-MJ03A-06-PRESTA301,4,True,2024-08-18T00:00:02Z,2024-08-18T23:59:47Z,5760,5760,0,14.999925,14.999457836,15.000001863,0.001561758,0,0,0,0,0.0,2.850111,19.349911,1.190045e-12,0.0001900074,0.001289994,False,0.001366,False
2024-08-19,RS03AXBS-MJ03A-06-PRESTA301,4,True,2024-08-19T00:00:02Z,2024-08-19T23:59:47Z,5760,5760,0,14.999925,14.999482632,15.000001699,0.00123987,0,0,0,0,0.0,3.219827,18.358703,1.621458e-12,0.0002146551,0.001223913,False,0.001365,False
2024-08-20,RS03AXBS-MJ03A-06-PRESTA301,4,True,2024-08-20T00:00:02Z,2024-08-20T23:59:47Z,5760,5760,0,14.999925,14.999474525,15.000001197,0.005527023,0,0,0,0,0.0,3.266026,18.472504,8.333673e-13,0.0002177351,0.0012315,False,0.001383,False
2024-08-21,RS03AXBS-MJ03A-06-PRESTA301,4,True,2024-08-21T00:00:02Z,2024-08-21T23:59:47Z,5760,5760,0,14.999925,14.999453068,15.000002705,-0.0012323,0,0,0,0,0.0,2.874388,19.761871,9.084003e-13,0.0001916259,0.001317458,False,0.001361,False
2024-08-22,RS03AXBS-MJ03A-06-PRESTA301,4,True,2024-08-22T00:00:02Z,2024-08-22T23:59:47Z,5760,5760,0,14.999925,14.999453068,15.000001388,-0.000238799,0,0,0,0,0.0,2.809558,16.338403,1.828189e-12,0.0001873038,0.001089227,False,0.001379,False
2024-08-23,RS03AXBS-MJ03A-06-PRESTA301,4,True,2024-08-23T00:00:02Z,2024-08-23T23:59:47Z,5760,5760,0,14.999925,14.999494076,15.000002174,0.002998421,0,0,0,0,0.0,2.991205,19.706205,1.959873e-12,0.0001994136,0.001313747,False,0.001399,False
2024-08-24,RS03AXBS-MJ03A-06-PRESTA301,4,True,2024-08-24T00:00:02Z,2024-08-24T23:59:47Z,5760,5760,0,14.999925,14.999486923,15.000001642,0.002928593,0,0,0,0,0.0,2.956156,22.267659,3.496431e-13,0.000197077,0.00148451,False,0.001417,False
2024-08-25,RS03AXBS-MJ03A-06-PRESTA301,4,True,2024-08-25T00:00:02Z,2024-08-25T23:59:47Z,5760,5760,0,14.999925,14.999505043,15.000001347,0.002113824,0,0,0,0,0.0,2.99864,16.764405,1.450048e-12,0.0001999093,0.001117627,False,0.001366,False
2024-08-26,RS03AXBS-MJ03A-06-PRESTA301,4,True,2024-08-26T00:00:02Z,2024-08-26T23:59:47Z,5760,5760,0,14.999925,14.99949789,15.000001367,0.000703302,0,0,0,0,0.0,3.281019,20.307798,2.182658e-13,0.0002187346,0.001353853,False,0.001344,False
2024-08-27,RS03AXBS-MJ03A-06-PRESTA301,4,True,2024-08-27T00:00:02Z,2024-08-27T23:59:47Z,5723,5760,37,14.999925,14.999498129,15.000002138,0.003955576,1,37,1,37,-0.0,3.278918,18.31429,-1.626338e-13,0.0002185945,0.001220953,False,0.001361,True
2024-08-28,RS03AXBS-MJ03A-06-PRESTA301,4,True,2024-08-28T00:00:02Z,2024-08-28T23:59:47Z,5760,5760,0,14.999925,14.999499798,15.000001815,-0.00114359,0,0,0,0,0.0,2.790938,15.945466,2.894037e-12,0.0001860625,0.001063031,False,0.001321,False
2024-08-29,RS03AXBS-MJ03A-06-PRESTA301,4,True,2024-08-29T00:00:02Z,2024-08-29T23:59:47Z,5760,5760,0,14.999925,14.999497414,15.000001028,0.003153399,0,0,0,0,0.0,3.064829,23.590133,2.569918e-12,0.0002043219,0.001572675,False,0.001799,False
2024-08-30,RS03AXBS-MJ03A-06-PRESTA301,4,True,2024-08-30T00:00:02Z,2024-08-30T23:59:47Z,5760,5760,0,14.999925,14.999509811,15.000001731,0.005261493,0,0,0,0,0.0,3.901813,19.786351,1.233161e-12,0.0002601208,0.00131909,False,0.001352,False
2024-08-31,RS03AXBS-MJ03A-06-PRESTA301,4,True,2024-08-31T00:00:02Z,2024-08-31T23:59:47Z,5760,5760,0,14.999925,14.999486923,15.00000138,0.003410827,0,0,0,0,0.0,2.913543,16.463987,3.134648e-12,0.0001942362,0.001097599,False,0.001361,False
2024-09-01,RS03AXBS-MJ03A-06-PRESTA301,4,True,2024-09-01T00:00:02Z,2024-09-01T23:59:47Z,5760,5760,0,14.999925,14.999472141,15.000001976,0.002475664,0,0,0,0,0.0,2.908948,21.01311,1.354119e-12,0.0001939299,0.001400874,False,0.001359,False
2024-09-02,RS03AXBS-MJ03A-06-PRESTA301,4,True,2024-09-02T00:00:02Z,2024-09-02T23:59:47Z,5760,5760,0,14.999925,14.999482155,15.000001988,-0.000692143,0,0,0,0,0.0,2.936182,19.757264,1.315166e-12,0.0001957454,0.001317151,False,0.001647,False
2024-09-03,RS03AXBS-MJ03A-06-PRESTA301,4,True,2024-09-03T00:00:02Z,2024-09-03T23:59:47Z,5760,5760,0,14.999925,14.999515057,15.000001302,-7.7883e-05,0,0,0,0,0.0,2.836154,16.961167,1.448964e-12,0.0001890769,0.001130744,False,0.001387,False
2024-09-04,RS03AXBS-MJ03A-06-PRESTA301,4,True,2024-09-04T00:00:02Z,2024-09-04T23:59:47Z,5760,5760,0,14.999925,14.999510288,15.000001585,-0.001890567,0,0,0,0,0.0,3.180439,22.978705,2.415252e-12,0.0002120293,0.001531914,False,0.001858,False
2024-09-05,RS03AXBS-MJ03A-06-PRESTA301,4,True,2024-09-05T00:00:02Z,2024-09-05T23:59:53Z,5759,5760,1,14.999925,14.999495029,15.001433657,-1.991038681,1,1,1,1,0.0,1604.949975,3322.036006,2.048273e-12,0.1069864,0.2214479,False,0.40018,True
2024-09-06,RS03AXBS-MJ03A-06-PRESTA301,4,True,2024-09-06T00:00:08Z,2024-09-06T23:59:53Z,5760,5760,0,14.999925,14.999502182,15.000001303,-0.001957007,0,0,0,0,0.0,2.863442,16.746251,3.274277e-12,0.0001908961,0.001116417,False,0.00138,False
2024-09-07,RS03AXBS-MJ03A-06-PRESTA301,4,True,2024-09-07T00:00:08Z,2024-09-07T23:59:53Z,5760,5760,0,14.999925,14.999503136,15.000001995,0.004971331,0,0,0,0,0.0,3.125703,20.768331,2.405397e-12,0.0002083802,0.001384555,False,0.00135,False
2024-09-08,RS03AXBS-MJ03A-06-PRESTA301,4,True,2024-09-08T00:00:08Z,2024-09-08T23:59:53Z,5760,5760,0,14.999925,14.999503136,15.000001559,0.001768587,0,0,0,0,0.0,5.252746,24.195615,2.025269e-12,0.000350183,0.001613041,False,0.001705,False
2024-09-09,RS03AXBS-MJ03A-06-PRESTA301,4,True,2024-09-09T00:00:08Z,2024-09-09T23:59:53Z,5760,5760,0,14.999925,14.999504089,15.000001775,0.000293653,0,0,0,0,0.0,2.849098,16.188768,1.799317e-12,0.0001899399,0.001079251,False,0.001317,False
2024-09-10,RS03AXBS-MJ03A-06-PRESTA301,4,True,2024-09-10T00:00:08Z,2024-09-10T23:59:53Z,5760,5760,0,14.999925,14.999516964,15.00000152,0.001781188,0,0,0,0,0.0,2.930804,23.110393,1.539151e-12,0.0001953869,0.001540693,False,0.00138,False
2024-09-11,RS03AXBS-MJ03A-06-PRESTA301,4,True,2024-09-11T00:00:08Z,2024-09-11T23:59:53Z,5760,5760,0,14.999925,14.999518871,15.000000927,0.002922889,0,0,0,0,0.0,3.067658,18.784933,2.301423e-12,0.0002045105,0.001252329,False,0.001563,False
2024-09-12,RS03AXBS-MJ03A-06-PRESTA301,4,True,2024-09-12T00:00:08Z,2024-09-12T23:59:53Z,5760,5760,0,14.999925,14.999521255,15.000001437,0.000810117,0,0,0,0,0.0,2.843949,17.013166,1.254046e-12,0.0001895966,0.001134211,False,0.001384,False
2024-09-13,RS03AXBS-MJ03A-06-PRESTA301,4,True,2024-09-13T00:00:08Z,2024-09-13T23:59:53Z,5760,5760,0,14.999925,14.999514103,15.0000017,0.000536536,0,0,0,0,0.0,2.880012,17.248712,1.524645e-12,0.0001920008,0.001149914,False,0.00135,False
2024-09-14,RS03AXBS-MJ03A-06-PRESTA301,4,True,2024-09-14T00:00:08Z,2024-09-14T23:59:53Z,5760,5760,0,14.999925,14.99949789,15.000001848,0.000376407,0,0,0,0,0.0,2.82268,20.291627,2.12195e-12,0.0001881786,0.001352775,False,0.001382,False
2024-09-15,RS03AXBS-MJ03A-06-PRESTA301,4,True,2024-09-15T00:00:08Z,2024-09-15T23:59:53Z,5760,5760,0,14.999925,14.999494076,15.000001583,-0.00130615,0,0,0,0,0.0,3.007846,17.28165,1.665649e-12,0.0002005231,0.00115211,False,0.001375,False
2024-09-16,RS03AXBS-MJ03A-06-PRESTA301,4,True,2024-09-16T00:00:08Z,2024-09-16T23:59:53Z,5760,5760,0,14.999925,14.999494076,15.000001729,0.003620909,0,0,0,0,0.0,3.030373,16.497921,3.151167e-12,0.0002020249,0.001099861,False,0.001337,False
2024-09-17,RS03AXBS-MJ03A-06-PRESTA301,4,True,2024-09-17T00:00:08Z,2024-09-17T23:59:53Z,5760,5760,0,14.999925,14.99945879,15.000001665,0.005643777,0,0,0,0,0.0,2.882487,19.555865,2.142886e-12,0.0001921658,0.001303724,False,0.001355,False
2024-09-18,RS03AXBS-MJ03A-06-PRESTA301,4,True,2024-09-18T00:00:08Z,2024-09-18T01:52:08Z,449,449,0,14.999925,14.99976635,15.000004158,0.001152867,0,0,0,0,0.0,2.828244,15.216649,1.105822e-13,0.0001885495,0.001014443,False,0.00138,False
2024-09-19,RS03AXBS-MJ03A-06-PRESTA301,4,True,2024-09-19T00:10:26Z,2024-09-19T23:59:55Z,5718,5719,1,14.999925,14.999526024,14.999962234,-0.847749408,1,1,1,1,-0.0,182.355227,868.79601,-9.152478e-14,0.01215705,0.05791988,False,0.066734,True
2024-09-20,RS03AXBS-MJ03A-06-PRESTA301,4,True,2024-09-20T00:00:10Z,2024-09-20T23:59:55Z,5760,5760,0,14.999925,14.999491215,15.000001347,0.000445738,0,0,0,0,0.0,3.027507,22.010908,1.583147e-12,0.0002018338,0.001467394,False,0.001546,False
2024-09-21,RS03AXBS-MJ03A-06-PRESTA301,4,True,2024-09-21T00:00:10Z,2024-09-21T23:59:55Z,5760,5760,0,14.999925,14.999500751,15.000000985,0.001864929,0,0,0,0,0.0,2.861616,19.309755,2.520959e-12,0.0001907744,0.001287317,False,0.001378,False
2024-09-22,RS03AXBS-MJ03A-06-PRESTA301,4,True,2024-09-22T00:00:10Z,2024-09-22T23:59:55Z,5760,5760,0,14.999925,14.99950695,14.999999886,-0.000772321,0,0,0,0,0.0,2.845603,15.991531,3.614847e-12,0.0001897069,0.001066102,False,0.001354,False
2024-09-23,RS03AXBS-MJ03A-06-PRESTA301,4,True,2024-09-23T00:00:10Z,2024-09-23T23:59:55Z,5760,5760,0,14.999925,14.999516964,15.000001645,-0.000479421,0,0,0,0,0.0,2.922668,21.577324,1.508893e-12,0.0001948445,0.001438488,False,0.00155,False
2024-09-24,RS03AXBS-MJ03A-06-PRESTA301,4,True,2024-09-24T00:00:10Z,2024-09-24T23:59:55Z,5760,5760,0,14.999925,14.999503136,15.000001058,0.004627437,0,0,0,0,0.0,3.097044,18.565315,2.647472e-12,0.0002064696,0.001237688,False,0.001355,False
2024-09-25,RS03AXBS-MJ03A-06-PRESTA301,4,True,2024-09-25T00:00:10Z,2024-09-25T23:59:55Z,5760,5760,0,14.999925,14.999495029,14.999999147,-0.001556332,0,0,0,0,0.0,3.241801,17.992895,2.656967e-12,0.0002161201,0.001199526,False,0.001363,False
2024-09-26,RS03AXBS-MJ03A-06-PRESTA301,4,True,2024-09-26T00:00:10Z,2024-09-26T23:59:55Z,5760,5760,0,14.999925,14.999503613,14.999998149,-0.003419059,0,0,0,0,0.0,3.176752,21.123318,9.796239e-13,0.0002117835,0.001408221,False,0.001398,False
2024-09-27,RS03AXBS-MJ03A-06-PRESTA301,4,True,2024-09-27T00:00:10Z,2024-09-27T23:59:55Z,5760,5760,0,14.999925,14.999501228,14.999998293,0.002256682,0,0,0,0,0.0,3.430149,18.189348,2.277222e-12,0.0002286766,0.001212623,False,0.001359,False
2024-09-28,RS03AXBS-MJ03A-06-PRESTA301,4,True,2024-09-28T00:00:10Z,2024-09-28T23:59:55Z,5760,5760,0,14.999925,14.999511719,14.999999099,0.000148464,0,0,0,0,0.0,2.970331,17.083188,1.521677e-12,0.0001980221,0.001138879,False,0.001344,False
2024-09-29,RS03AXBS-MJ03A-06-PRESTA301,4,True,2024-09-29T00:00:10Z,2024-09-29T23:59:55Z,5760,5760,0,14.999925,14.999502182,14.999999534,0.000340237,0,0,0,0,0.0,2.86611,19.585868,1.853894e-12,0.000191074,0.001305725,False,0.001401,False
2024-09-30,RS03AXBS-MJ03A-06-PRESTA301,4,True,2024-09-30T00:00:10Z,2024-09-30T23:59:55Z,5760,5760,0,14.999925,14.999495983,14.999999988,0.003291394,0,0,0,0,0.0,2.989683,17.179844,2.218966e-12,0.0001993122,0.001145323,False,0.001384,False
2024-10-01,RS03AXBS-MJ03A-06-PRESTA301,4,True,2024-10-01T00:00:10Z,2024-10-01T23:59:55Z,5760,5760,0,14.999925,14.999485016,14.999999143,0.0036553,0,0,0,0,0.0,3.385842,17.7576,2.091731e-12,0.0002257228,0.00118384,False,0.001357,False
2024-10-02,RS03AXBS-MJ03A-06-PRESTA301,4,True,2024-10-02T00:00:10Z,2024-10-02T23:59:55Z,5760,5760,0,14.999925,14.999494076,15.000000041,0.006422604,0,0,0,0,0.0,4.093931,20.959209,1.431117e-12,0.0002729287,0.001397281,False,0.001366,False
2024-10-03,RS03AXBS-MJ03A-06-PRESTA301,4,True,2024-10-03T00:00:10Z,2024-10-03T23:59:55Z,5654,5760,106,14.999925,14.999496937,14.999999973,0.002927027,3,106,3,106,-0.0,3.118351,17.97824,-1.088606e-12,0.0002078901,0.001198549,False,0.002005,True
2024-10-04,RS03AXBS-MJ03A-06-PRESTA301,4,True,2024-10-04T00:00:10Z,2024-10-04T23:59:55Z,5760,5760,0,14.999925,14.999492168,14.999999247,-0.001635863,0,0,0,0,0.0,3.199431,17.284555,2.931386e-12,0.0002132954,0.001152304,False,0.001387,False
2024-10-05,RS03AXBS-MJ03A-06-PRESTA301,4,True,2024-10-05T00:00:10Z,2024-10-05T23:59:55Z,5760,5760,0,14.999925,14.999464989,14.999999491,0.001490847,0,0,0,0,0.0,2.850522,20.335346,2.618389e-12,0.0001900348,0.00135569,False,0.001678,False
2024-10-06,RS03AXBS-MJ03A-06-PRESTA301,4,True,2024-10-06T00:00:10Z,2024-10-06T23:59:55Z,5682,5760,78,14.999925,14.999453068,14.999999727,-0.000985876,2,78,2,78,0.0,2.938625,20.639225,9.938164e-13,0.0001959083,0.001375948,False,0.00158,True
2024-10-07,RS03AXBS-MJ03A-06-PRESTA301,4,True,2024-10-07T00:00:10Z,2024-10-07T23:59:55Z,5760,5760,0,14.999925,14.999536991,14.999999118,0.002973334,0,0,0,0,0.0,2.910395,17.796409,8.930824e-13,0.0001940263,0.001186427,False,0.001371,False
2024-10-08,RS03AXBS-MJ03A-06-PRESTA301,4,True,2024-10-08T00:00:10Z,2024-10-08T23:59:55Z,5760,5760,0,14.999925,14.999500275,15.000000207,0.00166875,0,0,0,0,0.0,2.926723,20.712252,2.942304e-12,0.0001951149,0.001380817,False,0.001349,False
2024-10-09,RS03AXBS-MJ03A-06-PRESTA301,4,True,2024-10-09T00:00:10Z,2024-10-09T23:59:55Z,5760,5760,0,14.999925,14.999505997,15.000000138,-8.6451e-05,0,0,0,0,0.0,2.903032,18.589592,1.733099e-12,0.0001935354,0.001239306,False,0.001382,False
2024-10-10,RS03AXBS-MJ03A-06-PRESTA301,4,True,2024-10-10T00:00:10Z,2024-10-10T23:59:55Z,5760,5760,0,14.999925,14.999495983,15.000000431,0.001381616,0,0,0,0,0.0,2.990267,16.413823,1.164374e-12,0.0001993512,0.001094255,False,0.001384,False
2024-10-11,RS03AXBS-MJ03A-06-PRESTA301,4,True,2024-10-11T00:00:10Z,2024-10-11T23:59:55Z,5760,5760,0,14.999925,14.999524117,15.000000229,0.001743601,0,0,0,0,0.0,2.821167,17.148687,1.618787e-12,0.0001880778,0.001143246,False,0.001364,False
2024-10-12,RS03AXBS-MJ03A-06-PRESTA301,4,True,2024-10-12T00:00:10Z,2024-10-12T23:59:55Z,5760,5760,0,14.999925,14.999505997,15.000001054,-0.000326733,0,0,0,0,0.0,2.913328,22.92708,2.387929e-12,0.0001942219,0.001528472,False,0.00137,False
2024-10-13,RS03AXBS-MJ03A-06-PRESTA301,4,True,2024-10-13T00:00:10Z,2024-10-13T23:59:55Z,5748,5760,12,14.999925,14.999514103,15.000000936,0.000195669,2,12,2,12,0.0,2.893406,17.058271,1.367384e-12,0.0001928937,0.001137218,False,0.001329,True
2024-10-14,RS03AXBS-MJ03A-06-PRESTA301,4,True,2024-10-14T00:00:10Z,2024-10-14T23:59:55Z,5730,5760,30,14.999925,14.999488831,15.000000872,0.002174956,1,30,1,30,-0.0,2.86579,22.843834,-1.104458e-12,0.0001910527,0.001522922,False,0.001373,True
2024-10-15,RS03AXBS-MJ03A-06-PRESTA301,4,True,2024-10-15T00:00:10Z,2024-10-15T23:59:55Z,5760,5760,0,14.999925,14.999516964,15.000000922,0.003816394,0,0,0,0,0.0,2.822764,16.686293,3.345717e-13,0.0001881843,0.001112419,False,0.001366,False
2024-10-16,RS03AXBS-MJ03A-06-PRESTA301,4,True,2024-10-16T00:00:10Z,2024-10-16T23:59:55Z,5760,5760,0,14.999925,14.999492645,15.000000574,0.001171378,0,0,0,0,0.0,2.824124,16.3881,1.875985e-12,0.0001882749,0.00109254,False,0.001383,False
2024-10-17,RS03AXBS-MJ03A-06-PRESTA301,4,True,2024-10-17T00:00:10Z,2024-10-17T23:59:55Z,5760,5760,0,14.999925,14.999464989,15.000000729,0.001175717,0,0,0,0,0.0,2.915391,20.643977,2.174094e-12,0.0001943594,0.001376265,False,0.001356,False
2024-10-18,RS03AXBS-MJ03A-06-PRESTA301,4,True,2024-10-18T00:00:10Z,2024-10-18T23:59:55Z,5760,5760,0,14.999925,14.999489784,15.000000868,-0.000888611,0,0,0,0,0.0,2.862591,20.075569,3.143187e-12,0.0001908394,0.001338371,False,0.00152,False
2024-10-19,RS03AXBS-MJ03A-06-PRESTA301,4,True,2024-10-19T00:00:10Z,2024-10-19T23:59:55Z,5760,5760,0,14.999925,14.999471188,15.00000134,0.001561141,0,0,0,0,0.0,2.918542,16.359684,2.128342e-12,0.0001945695,0.001090646,False,0.001357,False
2024-10-20,RS03AXBS-MJ03A-06-PRESTA301,4,True,2024-10-20T00:00:10Z,2024-10-20T23:59:55Z,5760,5760,0,14.999925,14.999495983,15.000001485,-0.001167649,0,0,0,0,0.0,2.841993,21.250887,2.998756e-12,0.0001894662,0.001416726,False,0.001393,False
2024-10-21,RS03AXBS-MJ03A-06-PRESTA301,4,True,2024-10-21T00:00:10Z,2024-10-21T23:59:55Z,5760,5760,0,14.999925,14.999464989,15.000001366,0.004125755,0,0,0,0,0.0,2.804336,21.868736,2.225569e-12,0.0001869557,0.001457916,False,0.001523,False
2024-10-22,RS03AXBS-MJ03A-06-PRESTA301,4,True,2024-10-22T00:00:10Z,2024-10-22T23:59:55Z,5760,5760,0,14.999925,14.999499798,15.000001542,0.002224915,0,0,0,0,0.0,2.897519,16.937905,1.845262e-12,0.0001931679,0.001129194,False,0.001354,False
2024-10-23,RS03AXBS-MJ03A-06-PRESTA301,4,True,2024-10-23T00:00:10Z,2024-10-23T23:59:55Z,5760,5760,0,14.999925,14.999499321,15.000001947,0.001626482,0,0,0,0,0.0,3.013881,21.48888,1.369565e-12,0.0002009254,0.001432592,False,0.00167,False
2024-10-24,RS03AXBS-MJ03A-06-PRESTA301,4,True,2024-10-24T00:00:10Z,2024-10-24T23:59:55Z,5760,5760,0,14.999925,14.999513149,15.000001809,-0.002617454,0,0,0,0,0.0,2.930523,16.792049,1.220416e-12,0.0001953682,0.00111947,False,0.001384,False
2024-10-25,RS03AXBS-MJ03A-06-PRESTA301,4,True,2024-10-25T00:00:10Z,2024-10-25T23:59:55Z,5760,5760,0,14.999925,14.999502182,15.000001623,-0.001740173,0,0,0,0,0.0,3.065888,21.704437,2.429381e-12,0.0002043925,0.001446962,False,0.001724,False
2024-10-26,RS03AXBS-MJ03A-06-PRESTA301,4,True,2024-10-26T00:00:10Z,2024-10-26T23:59:55Z,5760,5760,0,14.999925,14.999510288,15.000001562,0.000724473,0,0,0,0,0.0,2.920133,19.236885,2.182652e-12,0.0001946755,0.001282459,False,0.001684,False
2024-10-27,RS03AXBS-MJ03A-06-PRESTA301,4,True,2024-10-27T00:00:10Z,2024-10-27T23:59:55Z,5760,5760,0,14.999925,14.999517918,15.000001172,0.003862423,0,0,0,0,0.0,2.88463,16.73519,1.554804e-12,0.0001923087,0.001115679,False,0.001381,False
2024-10-28,RS03AXBS-MJ03A-06-PRESTA301,4,True,2024-10-28T00:00:10Z,2024-10-28T23:59:55Z,5702,5760,58,14.999925,14.999514103,15.00000113,3.2969e-05,2,58,2,58,0.0,2.850306,18.280318,1.332027e-12,0.0001900204,0.001218688,False,0.001381,True
2024-10-29,RS03AXBS-MJ03A-06-PRESTA301,4,True,2024-10-29T00:00:10Z,2024-10-29T23:59:55Z,5720,5760,40,14.999925,14.999496937,15.000000763,0.000836431,1,40,1,40,-0.0,2.910004,18.159874,-4.975989e-13,0.0001940002,0.001210658,False,0.001541,True
2024-10-30,RS03AXBS-MJ03A-06-PRESTA301,4,True,2024-10-30T00:00:10Z,2024-10-30T23:59:55Z,5760,5760,0,14.999925,14.999492168,15.000001524,0.001983313,0,0,0,0,0.0,2.855068,17.154891,1.399368e-12,0.0001903378,0.001143659,False,0.001405,False
2024-10-31,RS03AXBS-MJ03A-06-PRESTA301,4,True,2024-10-31T00:00:10Z,2024-10-31T23:59:55Z,5760,5760,0,14.999925,14.999502182,15.000001759,-0.001560791,0,0,0,0,0.0,3.070736,22.879027,2.6242e-12,0.0002047157,0.001525268,False,0.001378,False
2024-11-01,RS03AXBS-MJ03A-06-PRESTA301,4,True,2024-11-01T00:00:10Z,2024-11-01T23:59:55Z,5760,5760,0,14.999925,14.999502182,15.000002246,0.000100913,0,0,0,0,0.0,2.888553,17.536503,1.979842e-12,0.0001925702,0.0011691,False,0.001382,False
2024-11-02,RS03AXBS-MJ03A-06-PRESTA301,4,True,2024-11-02T00:00:10Z,2024-11-02T23:59:55Z,5760,5760,0,14.999925,14.999469757,15.000002076,-0.001585367,0,0,0,0,0.0,3.122555,17.024232,1.430891e-12,0.0002081703,0.001134949,False,0.001391,False
2024-11-03,RS03AXBS-MJ03A-06-PRESTA301,4,True,2024-11-03T00:00:10Z,2024-11-03T23:59:55Z,5760,5760,0,14.999925,14.999505043,15.000001731,-0.002454511,0,0,0,0,0.0,2.862149,20.173054,3.374289e-12,0.0001908099,0.00134487,False,0.001384,False
2024-11-04,RS03AXBS-MJ03A-06-PRESTA301,4,True,2024-11-04T00:00:10Z,2024-11-04T23:59:55Z,5760,5760,0,14.999925,14.999472141,15.000001601,0.000977794,0,0,0,0,0.0,2.955507,21.368256,1.779254e-12,0.0001970338,0.00142455,False,0.001558,False
2024-11-05,RS03AXBS-MJ03A-06-PRESTA301,4,True,2024-11-05T00:00:10Z,2024-11-05T23:59:55Z,5760,5760,0,14.999925,14.999466896,15.000001675,-0.003657813,0,0,0,0,0.0,2.856973,16.807865,1.78041e-12,0.0001904648,0.001120524,False,0.001395,False
2024-11-06,RS03AXBS-MJ03A-06-PRESTA301,4,True,2024-11-06T00:00:10Z,2024-11-06T23:59:55Z,5760,5760,0,14.999925,14.999522209,15.000001575,0.00197814,0,0,0,0,0.0,2.968042,18.754491,2.639927e-12,0.0001978694,0.001250299,False,0.001389,False
2024-11-07,RS03AXBS-MJ03A-06-PRESTA301,4,True,2024-11-07T00:00:10Z,2024-11-07T23:59:55Z,5760,5760,0,14.999925,14.999518871,15.000001797,0.000408976,0,0,0,0,0.0,2.84298,20.656763,3.287255e-12,0.000189532,0.001377117,False,0.001641,False
2024-11-08,RS03AXBS-MJ03A-06-PRESTA301,4,True,2024-11-08T00:00:10Z,2024-11-08T23:59:55Z,5760,5760,0,14.999925,14.999500751,15.000002031,0.00096028,0,0,0,0,0.0,2.897702,17.520772,2.639277e-12,0.0001931801,0.001168051,False,0.001379,False
2024-11-09,RS03AXBS-MJ03A-06-PRESTA301,4,True,2024-11-09T00:00:10Z,2024-11-09T23:59:55Z,5760,5760,0,14.999925,14.99950695,15.000001613,7.9559e-05,0,0,0,0,0.0,2.951405,20.569316,2.733015e-12,0.0001967603,0.001371288,False,0.001368,False
2024-11-10,RS03AXBS-MJ03A-06-PRESTA301,4,True,2024-11-10T00:00:10Z,2024-11-10T23:59:55Z,5760,5760,0,14.999925,14.999511719,15.000001579,0.001780736,0,0,0,0,0.0,2.954534,22.84035,1.612201e-12,0.0001969689,0.00152269,False,0.001666,False
2024-11-11,RS03AXBS-MJ03A-06-PRESTA301,4,True,2024-11-11T00:00:10Z,2024-11-11T23:59:55Z,5760,5760,0,14.999925,14.999505997,15.00000167,0.003306064,0,0,0,0,0.0,2.979631,16.807557,1.652247e-12,0.000198642,0.001120504,False,0.001374,False
2024-11-12,RS03AXBS-MJ03A-06-PRESTA301,4,True,2024-11-12T00:00:10Z,2024-11-12T23:59:55Z,5760,5760,0,14.999925,14.999504089,15.000001906,-0.000830627,0,0,0,0,0.0,2.826259,21.799399,2.18477e-12,0.0001884172,0.001453293,False,0.001406,False
2024-11-13,RS03AXBS-MJ03A-06-PRESTA301,4,True,2024-11-13T00:00:10Z,2024-11-13T23:59:55Z,5760,5760,0,14.999925,14.999488831,15.000001865,0.000260823,0,0,0,0,0.0,2.827132,16.750857,1.312473e-12,0.0001884755,0.001116724,False,0.001384,False
2024-11-14,RS03AXBS-MJ03A-06-PRESTA301,4,True,2024-11-14T00:00:10Z,2024-11-14T23:59:55Z,5760,5760,0,14.999925,14.999488354,15.000001552,-0.000780373,0,0,0,0,0.0,2.859034,16.772445,2.004904e-12,0.0001906022,0.001118163,False,0.001346,False
2024-11-15,RS03AXBS-MJ03A-06-PRESTA301,4,True,2024-11-15T00:00:10Z,2024-11-15T23:59:55Z,5760,5760,0,14.999925,14.99946785,15.000001716,-0.000154623,0,0,0,0,0.0,2.983771,22.876621,1.472419e-12,0.000198918,0.001525108,False,0.001831,False
2024-11-16,RS03AXBS-MJ03A-06-PRESTA301,4,True,2024-11-16T00:00:10Z,2024-11-16T23:59:55Z,5760,5760,0,14.999925,14.999445915,15.000001901,-0.000268316,0,0,0,0,0.0,13.302247,984.938606,1.661171e-12,0.0008868164,0.06566257,False,0.065778,False
2024-11-17,RS03AXBS-MJ03A-06-PRESTA301,4,True,2024-11-17T00:00:10Z,2024-11-17T23:59:56Z,5760,5760,0,14.999925,14.999449253,15.000001204,0.003794915,0,0,0,0,0.0,23.01833,1000.553517,1.932781e-12,0.001534555,0.06670356,False,0.066938,False
2024-11-18,RS03AXBS-MJ03A-06-PRESTA301,4,True,2024-11-18T00:00:10Z,2024-11-18T23:59:56Z,5760,5760,0,14.999925,14.999496937,15.000001847,0.004059456,0,0,0,0,0.0,2.805537,19.275817,2.125045e-12,0.0001870358,0.001285054,False,0.001361,False
2024-11-19,RS03AXBS-MJ03A-06-PRESTA301,4,True,2024-11-19T00:00:11Z,2024-11-19T23:59:56Z,5760,5760,0,14.999925,14.999479771,15.000001264,0.004222653,0,0,0,0,0.0,3.264395,17.81934,2.280151e-12,0.0002176263,0.001187956,False,0.001393,False
2024-11-20,RS03AXBS-MJ03A-06-PRESTA301,4,True,2024-11-20T00:00:11Z,2024-11-20T23:59:56Z,5760,5760,0,14.999925,14.99948597,15.000001899,-0.012300315,0,0,0,0,0.0,2.844531,16.595634,1.872162e-12,0.0001896354,0.001106375,False,0.001303,False
2024-11-21,RS03AXBS-MJ03A-06-PRESTA301,4,True,2024-11-21T00:00:11Z,2024-11-21T23:59:56Z,5760,5760,0,14.999925,14.999515057,15.000001535,0.001451984,0,0,0,0,0.0,2.848327,21.124027,1.447076e-12,0.0001898884,0.001408268,False,0.001421,False
2024-11-22,RS03AXBS-MJ03A-06-PRESTA301,4,True,2024-11-22T00:00:11Z,2024-11-22T23:59:56Z,5760,5760,0,14.999925,14.999520779,15.000001931,-0.002875072,0,0,0,0,0.0,2.875957,17.203673,1.487589e-12,0.0001917304,0.001146911,False,0.001364,False
2024-11-23,RS03AXBS-MJ03A-06-PRESTA301,4,True,2024-11-23T00:00:11Z,2024-11-23T23:59:56Z,5760,5760,0,14.999925,14.999528885,15.000002017,0.000379423,0,0,0,0,0.0,2.864567,15.93001,2.24319e-12,0.0001909711,0.001062001,False,0.001316,False
2024-11-24,RS03AXBS-MJ03A-06-PRESTA301,4,True,2024-11-24T00:00:11Z,2024-11-24T23:59:56Z,5760,5760,0,14.999925,14.999512196,15.000001495,0.002735955,0,0,0,0,0.0,2.929956,18.280883,2.392888e-12,0.0001953304,0.001218725,False,0.001368,False
2024-11-25,RS03AXBS-MJ03A-06-PRESTA301,4,True,2024-11-25T00:00:11Z,2024-11-25T23:59:56Z,5760,5760,0,14.999925,14.999518394,15.000000518,0.005009412,0,0,0,0,0.0,3.136374,17.934564,2.43825e-12,0.0002090916,0.001195638,False,0.001362,False
2024-11-26,RS03AXBS-MJ03A-06-PRESTA301,4,True,2024-11-26T00:00:11Z,2024-11-26T23:59:56Z,5760,5760,0,14.999925,14.999516964,14.999999882,-0.000439226,0,0,0,0,0.0,3.136901,19.003866,1.226243e-12,0.0002091268,0.001266924,False,0.001556,False
2024-11-27,RS03AXBS-MJ03A-06-PRESTA301,4,True,2024-11-27T00:00:11Z,2024-11-27T23:59:56Z,5760,5760,0,14.999925,14.999507904,15.000001226,0.001452103,0,0,0,0,0.0,2.942601,18.856729,2.722938e-12,0.0001961734,0.001257115,False,0.001338,False
2024-11-28,RS03AXBS-MJ03A-06-PRESTA301,4,True,2024-11-28T00:00:11Z,2024-11-28T23:59:56Z,5760,5760,0,14.999925,14.999498844,15.000002131,-0.002741884,0,0,0,0,0.0,2.891128,17.458867,2.291906e-12,0.0001927419,0.001163924,False,0.001396,False
2024-11-29,RS03AXBS-MJ03A-06-PRESTA301,4,True,2024-11-29T00:00:11Z,2024-11-29T23:59:56Z,5760,5760,0,14.999925,14.999444008,15.000001777,0.001113748,0,0,0,0,0.0,2.844515,16.127039,2.498978e-12,0.0001896343,0.001075136,False,0.001333,False
2024-11-30,RS03AXBS-MJ03A-06-PRESTA301,4,True,2024-11-30T00:00:11Z,2024-11-30T23:59:56Z,5760,5760,0,14.999925,14.999499321,15.000001763,-0.00054893,0,0,0,0,0.0,2.815414,19.987636,6.485357e-13,0.0001876943,0.001332509,False,0.001339,False
2024-12-01,RS03AXBS-MJ03A-06-PRESTA301,4,True,2024-12-01T00:00:11Z,2024-12-01T23:59:56Z,5760,5760,0,14.999925,14.999446392,15.00000177,0.001476739,0,0,0,0,0.0,2.836409,19.792853,1.031435e-12,0.0001890939,0.001319523,False,0.00135,False
2024-12-02,RS03AXBS-MJ03A-06-PRESTA301,4,True,2024-12-02T00:00:11Z,2024-12-02T23:59:56Z,5760,5760,0,14.999925,14.99946785,15.000001813,-0.011195857,0,0,0,0,0.0,2.895311,16.800549,1.136981e-12,0.0001930207,0.001120036,False,0.001318,False
2024-12-03,RS03AXBS-MJ03A-06-PRESTA301,4,True,2024-12-03T00:00:11Z,2024-12-03T23:59:56Z,5760,5760,0,14.999925,14.999477863,15.000002124,0.002910625,0,0,0,0,0.0,3.000888,19.235288,1.509836e-12,0.0002000591,0.001282352,False,0.001357,False
2024-12-04,RS03AXBS-MJ03A-06-PRESTA301,4,True,2024-12-04T00:00:11Z,2024-12-04T23:59:56Z,5760,5760,0,14.999925,14.999484062,15.000001481,0.002937616,0,0,0,0,0.0,2.870393,20.03041,1.797143e-12,0.0001913595,0.001335361,False,0.001379,False
2024-12-05,RS03AXBS-MJ03A-06-PRESTA301,4,True,2024-12-05T00:00:11Z,2024-12-05T23:59:56Z,5760,5760,0,14.999925,14.999468803,15.000001211,0.00024027,0,0,0,0,0.0,2.886715,17.367692,2.784161e-12,0.0001924476,0.001157846,False,0.00136,False
2024-12-06,RS03AXBS-MJ03A-06-PRESTA301,4,True,2024-12-06T00:00:11Z,2024-12-06T23:59:56Z,5760,5760,0,14.999925,14.999515057,15.000001174,5.5723e-05,0,0,0,0,0.0,2.963301,17.672725,3.706563e-12,0.0001975534,0.001178182,False,0.001383,False
2024-12-07,RS03AXBS-MJ03A-06-PRESTA301,4,True,2024-12-07T00:00:11Z,2024-12-07T23:59:56Z,5760,5760,0,14.999925,14.999511242,15.000001875,-0.001270962,0,0,0,0,0.0,2.88332,17.292345,1.866005e-12,0.0001922213,0.001152823,False,0.001345,False
2024-12-08,RS03AXBS-MJ03A-06-PRESTA301,4,True,2024-12-08T00:00:11Z,2024-12-08T23:59:56Z,5760,5760,0,14.999925,14.999537945,15.000002093,-6.3489e-05,0,0,0,0,0.0,2.951147,17.027528,2.910858e-12,0.0001967431,0.001135168,False,0.001402,False
2024-12-09,RS03AXBS-MJ03A-06-PRESTA301,4,True,2024-12-09T00:00:11Z,2024-12-09T23:59:56Z,5760,5760,0,14.999925,14.999517918,15.000001016,0.001226257,0,0,0,0,0.0,2.87554,19.821572,2.214941e-12,0.0001917026,0.001321438,False,0.001372,False
2024-12-10,RS03AXBS-MJ03A-06-PRESTA301,4,True,2024-12-10T00:00:11Z,2024-12-10T23:59:56Z,5760,5760,0,14.999925,14.999514103,15.000001541,0.001679748,0,0,0,0,0.0,2.861451,23.097709,2.100504e-12,0.0001907634,0.001539847,False,0.001815,False
2024-12-11,RS03AXBS-MJ03A-06-PRESTA301,4,True,2024-12-11T00:00:11Z,2024-12-11T14:35:26Z,3502,3502,0,14.999925,14.999530315,15.000001422,-0.000173498,0,0,0,0,-0.0,2.782205,16.358895,-1.063928e-12,0.0001854803,0.001090593,False,0.001345,False
2024-12-12,RS03AXBS-MJ03A-06-PRESTA301,4,True,2024-12-12T03:44:17Z,2024-12-12T23:59:55Z,4862,4864,2,14.999925,14.999454975,14.998406207,2.166980462,1,2,1,2,0.0,2008.052944,3702.849801,3.09789e-13,0.1338844,0.2468829,False,0.466536,True
2024-12-13,RS03AXBS-MJ03A-06-PRESTA301,4,True,2024-12-13T00:00:10Z,2024-12-13T23:59:55Z,5760,5760,0,14.999925,14.999485016,15.000001776,-0.000367256,0,0,0,0,0.0,2.820531,16.031837,2.282896e-12,0.0001880354,0.001068789,False,0.001369,False
2024-12-14,RS03AXBS-MJ03A-06-PRESTA301,4,True,2024-12-14T00:00:10Z,2024-12-14T23:59:57Z,3575,5760,2185,14.999925,14.999586344,15.000243221,-0.350852034,1,2185,1,2185,-0.0,330.090828,1006.005908,-1.594851e-12,0.0220057,0.06706597,False,0.193374,True
2024-12-15,RS03AXBS-MJ03A-06-PRESTA301,4,True,2024-12-15T00:00:12Z,2024-12-15T23:59:57Z,5760,5760,0,14.999925,14.999471664,15.000001541,0.001921881,0,0,0,0,0.0,3.148436,18.394386,3.710263e-12,0.0002098957,0.001226292,False,0.001385,False
2024-12-16,RS03AXBS-MJ03A-06-PRESTA301,4,True,2024-12-16T00:00:12Z,2024-12-16T23:59:57Z,5760,5760,0,14.999925,14.99947691,15.000002013,-0.002907048,0,0,0,0,0.0,2.878851,20.224568,2.405987e-12,0.0001919234,0.001348304,False,0.001352,False
2024-12-17,RS03AXBS-MJ03A-06-PRESTA301,4,True,2024-12-17T00:00:12Z,2024-12-17T23:59:57Z,5760,5760,0,14.999925,14.999471664,15.000001175,0.0035103,0,0,0,0,0.0,3.072634,21.054901,3.410231e-12,0.0002048422,0.00140366,False,0.001415,False
2024-12-18,RS03AXBS-MJ03A-06-PRESTA301,4,True,2024-12-18T00:00:12Z,2024-12-18T23:59:57Z,5760,5760,0,14.999925,14.99947691,15.000001754,-0.004589882,0,0,0,0,0.0,3.075486,18.269786,1.197074e-12,0.0002050324,0.001217986,False,0.001346,False
2024-12-19,RS03AXBS-MJ03A-06-PRESTA301,4,True,2024-12-19T00:00:12Z,2024-12-19T23:59:57Z,5760,5760,0,14.999925,14.999505043,15.000001805,-0.001089928,0,0,0,0,0.0,2.913509,20.925851,1.938361e-12,0.0001942339,0.001395057,False,0.001383,False
2024-12-20,RS03AXBS-MJ03A-06-PRESTA301,4,True,2024-12-20T00:00:12Z,2024-12-20T23:59:57Z,5760,5760,0,14.999925,14.999501228,15.000001505,0.001635572,0,0,0,0,0.0,2.853316,21.809376,3.301578e-12,0.000190221,0.001453958,False,0.001359,False
2024-12-21,RS03AXBS-MJ03A-06-PRESTA301,4,True,2024-12-21T00:00:12Z,2024-12-21T23:59:57Z,5760,5760,0,14.999925,14.999522686,15.000001982,-0.001274461,0,0,0,0,0.0,2.849998,16.92889,2.559211e-12,0.0001899999,0.001128593,False,0.001369,False
2024-12-22,RS03AXBS-MJ03A-06-PRESTA301,4,True,2024-12-22T00:00:12Z,2024-12-22T23:59:57Z,5760,5760,0,14.999925,14.999527931,15.000002049,2.0981e-05,0,0,0,0,0.0,2.894277,20.941972,1.95846e-12,0.0001929518,0.001396131,False,0.00135,False
2024-12-23,RS03AXBS-MJ03A-06-PRESTA301,4,True,2024-12-23T00:00:12Z,2024-12-23T23:59:57Z,5760,5760,0,14.999925,14.999512196,15.000001762,-0.000604753,0,0,0,0,0.0,2.913661,21.213099,1.160938e-12,0.0001942441,0.001414206,False,0.001353,False
2024-12-24,RS03AXBS-MJ03A-06-PRESTA301,4,True,2024-12-24T00:00:12Z,2024-12-24T23:59:57Z,5760,5760,0,14.999925,14.999521255,15.000001655,0.002470196,0,0,0,0,0.0,3.269846,18.188267,1.048902e-12,0.0002179897,0.001212551,False,0.001382,False
2024-12-25,RS03AXBS-MJ03A-06-PRESTA301,4,True,2024-12-25T00:00:12Z,2024-12-25T23:59:57Z,5760,5760,0,14.999925,14.999486923,15.000001834,-0.000553963,0,0,0,0,0.0,2.839363,18.622395,1.980156e-12,0.0001892909,0.001241493,False,0.001371,False
2024-12-26,RS03AXBS-MJ03A-06-PRESTA301,4,True,2024-12-26T00:00:12Z,2024-12-26T23:59:57Z,5760,5760,0,14.999925,14.999505997,15.000001568,0.001385516,0,0,0,0,0.0,2.856053,21.906292,1.429423e-12,0.0001904035,0.001460419,False,0.001758,False
2024-12-27,RS03AXBS-MJ03A-06-PRESTA301,4,True,2024-12-27T00:00:12Z,2024-12-27T23:59:57Z,5760,5760,0,14.999925,14.999514103,15.000000803,-0.002757145,0,0,0,0,0.0,2.979969,16.768375,7.776546e-13,0.0001986646,0.001117892,False,0.001369,False
2024-12-28,RS03AXBS-MJ03A-06-PRESTA301,4,True,2024-12-28T00:00:12Z,2024-12-28T23:59:57Z,5760,5760,0,14.999925,14.99949789,15.000001614,-0.002105637,0,0,0,0,0.0,2.883648,19.455337,2.458061e-12,0.0001922432,0.001297022,False,0.001396,False
2024-12-29,RS03AXBS-MJ03A-06-PRESTA301,4,True,2024-12-29T00:00:12Z,2024-12-29T23:59:57Z,5760,5760,0,14.999925,14.999475002,15.000001747,-0.000278537,0,0,0,0,0.0,2.778356,20.797134,1.516794e-12,0.0001852237,0.001386475,False,0.001484,False
2024-12-30,RS03AXBS-MJ03A-06-PRESTA301,4,True,2024-12-30T00:00:12Z,2024-12-30T23:59:57Z,5760,5760,0,14.999925,14.999462128,15.000002002,0.001366508,0,0,0,0,0.0,2.820499,15.965916,1.604832e-12,0.0001880332,0.001064394,False,0.001334,False
2024-12-31,RS03AXBS-MJ03A-06-PRESTA301,4,True,2024-12-31T00:00:12Z,2024-12-31T23:59:57Z,5760,5760,0,14.999925,14.999475956,15.000001759,0.002992636,0,0,0,0,0.0,2.925299,23.406411,1.572554e-12,0.0001950199,0.001560427,False,0.001859,False
2025-01-01,RS03AXBS-MJ03A-06-PRESTA301,4,True,2025-01-01T00:00:12Z,2025-01-01T23:59:57Z,5760,5760,0,14.999925,14.999454021,14.999999388,0.004259325,0,0,0,0,0.0,3.215423,21.071461,3.016992e-12,0.0002143615,0.001404764,False,0.001373,False
2025-01-02,RS03AXBS-MJ03A-06-PRESTA301,4,True,2025-01-02T00:00:12Z,2025-01-02T23:59:57Z,5760,5760,0,14.999925,14.999489784,15.000001136,0.002807326,0,0,0,0,0.0,2.847661,16.878829,2.76518e-12,0.0001898441,0.001125255,False,0.001391,False
2025-01-03,RS03AXBS-MJ03A-06-PRESTA301,4,True,2025-01-03T00:00:12Z,2025-01-03T23:59:57Z,5760,5760,0,14.999925,14.99952507,15.000001451,-0.001184816,0,0,0,0,0.0,2.934472,20.164925,2.182227e-12,0.0001956314,0.001344328,False,0.001354,False
2025-01-04,RS03AXBS-MJ03A-06-PRESTA301,4,True,2025-01-04T00:00:12Z,2025-01-04T23:59:57Z,5760,5760,0,14.999925,14.999516964,14.999998112,0.001995261,0,0,0,0,0.0,2.81817,17.719262,2.296585e-12,0.000187878,0.001181284,False,0.001355,False
2025-01-05,RS03AXBS-MJ03A-06-PRESTA301,4,True,2025-01-05T00:00:12Z,2025-01-05T23:59:57Z,5760,5760,0,14.999925,14.999517918,14.999997605,-0.003071305,0,0,0,0,0.0,2.912269,16.883348,1.78219e-12,0.0001941513,0.001125557,False,0.001329,False
2025-01-06,RS03AXBS-MJ03A-06-PRESTA301,4,True,2025-01-06T00:00:12Z,2025-01-06T23:59:57Z,5760,5760,0,14.999925,14.999526978,14.999997812,0.000540765,0,0,0,0,-0.0,2.884996,19.943171,-3.943968e-14,0.0001923331,0.001329545,False,0.001394,False
2025-01-07,RS03AXBS-MJ03A-06-PRESTA301,4,True,2025-01-07T00:00:12Z,2025-01-07T23:59:57Z,5760,5760,0,14.999925,14.999511242,14.999998518,0.002046103,0,0,0,0,0.0,2.887502,21.54978,1.825614e-12,0.0001925002,0.001436652,False,0.001452,False
2025-01-08,RS03AXBS-MJ03A-06-PRESTA301,4,True,2025-01-08T00:00:12Z,2025-01-08T23:59:57Z,5698,5760,62,14.999925,14.999513149,14.999998321,-0.002637185,1,62,1,62,-0.0,3.232245,19.742513,-1.48837e-12,0.000215483,0.001316168,False,0.001871,True
2025-01-09,RS03AXBS-MJ03A-06-PRESTA301,4,True,2025-01-09T00:00:12Z,2025-01-09T23:59:57Z,5760,5760,0,14.999925,14.999502182,14.999997885,-0.000324914,0,0,0,0,0.0,2.886679,21.464011,1.59627e-12,0.0001924453,0.001430934,False,0.001358,False
2025-01-10,RS03AXBS-MJ03A-06-PRESTA301,4,True,2025-01-10T00:00:12Z,2025-01-10T23:59:57Z,5760,5760,0,14.999925,14.999482632,14.999998087,-0.003378695,0,0,0,0,0.0,2.975051,24.747298,2.075898e-12,0.0001983367,0.00164982,False,0.001782,False
2025-01-11,RS03AXBS-MJ03A-06-PRESTA301,4,True,2025-01-11T00:00:12Z,2025-01-11T23:59:57Z,5760,5760,0,14.999925,14.999473095,14.99999941,-0.000473853,0,0,0,0,0.0,2.914332,16.543674,1.474696e-12,0.0001942888,0.001102912,False,0.001358,False
2025-01-12,RS03AXBS-MJ03A-06-PRESTA301,4,True,2025-01-12T00:00:12Z,2025-01-12T23:59:57Z,5760,5760,0,14.999925,14.999459267,14.999998777,0.003953317,0,0,0,0,0.0,2.858367,19.077818,6.729881e-13,0.0001905578,0.001271855,False,0.001347,False
2025-01-13,RS03AXBS-MJ03A-06-PRESTA301,4,True,2025-01-13T00:00:12Z,2025-01-13T23:59:57Z,5760,5760,0,14.999925,14.999481201,14.999999345,0.001233335,0,0,0,0,0.0,2.954739,17.531784,3.391763e-12,0.0001969826,0.001168786,False,0.001345,False
2025-01-14,RS03AXBS-MJ03A-06-PRESTA301,4,True,2025-01-14T00:00:12Z,2025-01-14T23:59:45Z,5758,5759,1,14.999925,14.999474049,15.000503454,-0.846722642,1,1,1,1,0.0,865.537876,1527.393949,6.678226e-13,0.05770059,0.1018228,False,0.199792,True
2025-01-15,RS03AXBS-MJ03A-06-PRESTA301,4,True,2025-01-15T00:00:00Z,2025-01-15T23:59:45Z,5760,5760,0,14.999925,14.999482632,14.999999316,-0.004690305,0,0,0,0,0.0,3.355978,19.307597,3.319603e-12,0.0002237319,0.001287173,False,0.001336,False
2025-01-16,RS03AXBS-MJ03A-06-PRESTA301,4,True,2025-01-16T00:00:00Z,2025-01-16T23:59:45Z,5760,5760,0,14.999925,14.999513149,14.99999868,-0.001527317,0,0,0,0,0.0,2.984981,17.060157,2.011622e-12,0.0001989987,0.001137344,False,0.001334,False
2025-01-17,RS03AXBS-MJ03A-06-PRESTA301,4,True,2025-01-17T00:00:00Z,2025-01-17T23:59:45Z,5760,5760,0,14.999925,14.99951601,14.999998676,-0.000330089,0,0,0,0,0.0,2.868667,17.803777,2.413635e-12,0.0001912445,0.001186919,False,0.001344,False
2025-01-18,RS03AXBS-MJ03A-06-PRESTA301,4,True,2025-01-18T00:00:00Z,2025-01-18T23:59:45Z,5760,5760,0,14.999925,14.999497414,14.999998085,-0.000650082,0,0,0,0,0.0,2.856902,23.221627,1.959407e-12,0.0001904602,0.001548109,False,0.001673,False
2025-01-19,RS03AXBS-MJ03A-06-PRESTA301,4,True,2025-01-19T00:00:00Z,2025-01-19T23:59:45Z,5760,5760,0,14.999925,14.999527931,14.999998024,-0.004393104,0,0,0,0,0.0,2.981849,17.465209,3.59382e-12,0.00019879,0.001164347,False,0.001342,False
2025-01-20,RS03AXBS-MJ03A-06-PRESTA301,4,True,2025-01-20T00:00:00Z,2025-01-20T23:59:45Z,5760,5760,0,14.999925,14.999527931,14.999997768,-0.002462473,0,0,0,0,0.0,3.012054,19.806682,1.425801e-12,0.0002008037,0.001320446,False,0.001375,False
2025-01-21,RS03AXBS-MJ03A-06-PRESTA301,4,True,2025-01-21T00:00:00Z,2025-01-21T23:59:45Z,5760,5760,0,14.999925,14.999517918,14.999998971,-0.001760117,0,0,0,0,0.0,3.631857,19.866828,2.360521e-12,0.0002421238,0.001324455,False,0.001371,False
2025-01-22,RS03AXBS-MJ03A-06-PRESTA301,4,True,2025-01-22T00:00:00Z,2025-01-22T23:59:45Z,5760,5760,0,14.999925,14.99950695,14.999999191,-0.002910873,0,0,0,0,0.0,3.323574,18.652431,1.101136e-12,0.0002215716,0.001243495,False,0.00134,False
2025-01-23,RS03AXBS-MJ03A-06-PRESTA301,4,True,2025-01-23T00:00:00Z,2025-01-23T23:59:45Z,5760,5760,0,14.999925,14.999508858,14.999999204,-0.001842497,0,0,0,0,0.0,3.106013,20.840455,2.272816e-12,0.0002070676,0.001389364,False,0.001376,False
2025-01-24,RS03AXBS-MJ03A-06-PRESTA301,4,True,2025-01-24T00:00:00Z,2025-01-24T23:59:45Z,5675,5760,85,14.999925,14.999504089,14.99999793,0.001447065,3,85,3,85,-0.0,2.874795,23.111542,-1.197928e-12,0.000191653,0.00154077,False,0.001868,True
2025-01-25,RS03AXBS-MJ03A-06-PRESTA301,4,True,2025-01-25T00:00:00Z,2025-01-25T23:59:45Z,5650,5760,110,14.999925,14.999507904,14.999997995,-0.001388844,19,110,19,110,-0.0,4.795295,21.495837,-3.1203e-13,0.0003196864,0.001433056,False,0.001368,True
2025-01-26,RS03AXBS-MJ03A-06-PRESTA301,4,True,2025-01-26T00:00:00Z,2025-01-26T23:59:45Z,5760,5760,0,14.999925,14.99951601,14.999999511,-0.002578252,0,0,0,0,0.0,3.069712,22.124645,1.956079e-12,0.0002046475,0.001474976,False,0.001389,False
2025-01-27,RS03AXBS-MJ03A-06-PRESTA301,4,True,2025-01-27T00:00:00Z,2025-01-27T23:59:45Z,5760,5760,0,14.999925,14.99948597,14.999999946,-0.004444893,0,0,0,0,0.0,3.002728,18.760591,1.749287e-12,0.0002001818,0.001250706,False,0.001365,False
2025-01-28,RS03AXBS-MJ03A-06-PRESTA301,4,True,2025-01-28T00:00:00Z,2025-01-28T23:59:45Z,5760,5760,0,14.999925,14.999475002,15.000001195,-0.002151184,0,0,0,0,0.0,3.125812,17.747635,7.08863e-13,0.0002083874,0.001183176,False,0.001361,False
2025-01-29,RS03AXBS-MJ03A-06-PRESTA301,4,True,2025-01-29T00:00:00Z,2025-01-29T20:24:30Z,4899,4899,0,14.999925,14.999496937,15.000001779,-0.003618632,0,0,0,0,-0.0,3.167985,22.508426,-1.015106e-12,0.000211199,0.001500562,False,0.001403,False
2025-01-30,RS03AXBS-MJ03A-06-PRESTA301,4,True,2025-01-30T03:01:30Z,2025-01-30T23:59:45Z,5034,5034,0,14.999925,14.999473095,15.000003708,-0.000806698,0,0,0,0,-0.0,2.837351,20.223647,-2.280347e-13,0.0001891567,0.001348243,False,0.001373,False
2025-01-31,RS03AXBS-MJ03A-06-PRESTA301,4,True,2025-01-31T00:00:00Z,2025-01-31T23:59:45Z,2056,5760,3704,14.999925,14.999396801,15.00000262,-0.001237784,1,3704,1,3704,-0.0,2.835442,15.928354,-1.688953e-13,0.0001890294,0.00106189,False,0.149678,True
2025-02-01,RS03AXBS-MJ03A-06-PRESTA301,4,True,2025-02-01T00:00:00Z,2025-02-01T23:59:45Z,5760,5760,0,14.999925,14.999500275,15.000002871,0.00042317,0,0,0,0,0.0,2.820558,19.155577,2.556935e-12,0.0001880372,0.001277038,False,0.001391,False
2025-02-02,RS03AXBS-MJ03A-06-PRESTA301,4,True,2025-02-02T00:00:00Z,2025-02-02T23:59:45Z,5760,5760,0,14.999925,14.999513149,15.000002299,0.000711032,0,0,0,0,0.0,2.856025,20.858983,8.643032e-13,0.0001904017,0.001390599,False,0.001483,False
2025-02-03,RS03AXBS-MJ03A-06-PRESTA301,4,True,2025-02-03T00:00:00Z,2025-02-03T23:59:45Z,5760,5760,0,14.999925,14.999558926,15.000000909,0.005439089,0,0,0,0,0.0,2.766241,16.134856,9.232695e-13,0.000184416,0.001075657,False,0.001354,False
2025-02-04,RS03AXBS-MJ03A-06-PRESTA301,4,True,2025-02-04T00:00:00Z,2025-02-04T23:59:45Z,5760,5760,0,14.999925,14.999519825,15.000000525,0.001269406,0,0,0,0,0.0,2.844264,21.029684,1.590874e-12,0.0001896176,0.001401979,False,0.001359,False
2025-02-05,RS03AXBS-MJ03A-06-PRESTA301,4,True,2025-02-05T00:00:00Z,2025-02-05T23:59:45Z,5760,5760,0,14.999925,14.999516964,15.000001886,-0.000333667,0,0,0,0,0.0,2.858247,19.639121,1.578413e-12,0.0001905498,0.001309275,False,0.001358,False
2025-02-06,RS03AXBS-MJ03A-06-PRESTA301,4,True,2025-02-06T00:00:00Z,2025-02-06T23:59:45Z,5760,5760,0,14.999925,14.999512196,15.000002927,0.000374842,0,0,0,0,0.0,2.81073,16.371965,1.622966e-12,0.000187382,0.001091464,False,0.001371,False
2025-02-07,RS03AXBS-MJ03A-06-PRESTA301,4,True,2025-02-07T00:00:00Z,2025-02-07T23:59:45Z,5760,5760,0,14.999925,14.999515057,15.000004066,-0.002729649,0,0,0,0,0.0,2.804859,17.527307,1.670157e-12,0.0001869906,0.001168487,False,0.00133,False
2025-02-08,RS03AXBS-MJ03A-06-PRESTA301,4,True,2025-02-08T00:00:00Z,2025-02-08T23:59:45Z,5760,5760,0,14.999925,14.999498844,15.000004428,-0.000313256,0,0,0,0,0.0,2.801772,21.056792,2.084997e-12,0.0001867847,0.001403786,False,0.00167,False
2025-02-09,RS03AXBS-MJ03A-06-PRESTA301,4,True,2025-02-09T00:00:00Z,2025-02-09T23:59:45Z,5760,5760,0,14.999925,14.999502182,15.000004383,0.001659941,0,0,0,0,0.0,2.815919,16.316789,1.306664e-12,0.0001877279,0.001087786,False,0.001374,False
2025-02-10,RS03AXBS-MJ03A-06-PRESTA301,4,True,2025-02-10T00:00:00Z,2025-02-10T23:59:45Z,5760,5760,0,14.999925,14.999498844,15.000004189,0.001941584,0,0,0,0,0.0,2.808271,21.659631,6.656313e-13,0.000187218,0.001443975,False,0.001663,False
2025-02-11,RS03AXBS-MJ03A-06-PRESTA301,4,True,2025-02-11T00:00:00Z,2025-02-11T23:59:45Z,5760,5760,0,14.999925,14.999499321,15.000004196,0.001070222,0,0,0,0,0.0,2.761249,17.5514,2.720809e-12,0.0001840832,0.001170093,False,0.0014,False
2025-02-12,RS03AXBS-MJ03A-06-PRESTA301,4,True,2025-02-12T00:00:00Z,2025-02-12T23:59:45Z,5760,5760,0,14.999925,14.999482155,15.000003774,-0.000220363,0,0,0,0,0.0,2.779577,16.17644,2.166812e-12,0.0001853051,0.001078429,False,0.001369,False
2025-02-13,RS03AXBS-MJ03A-06-PRESTA301,4,True,2025-02-13T00:00:00Z,2025-02-13T23:59:45Z,5760,5760,0,14.999925,14.999502659,15.000004624,-0.001522359,0,0,0,0,0.0,2.840612,20.699165,1.282229e-12,0.0001893741,0.001379944,False,0.001498,False
2025-02-14,RS03AXBS-MJ03A-06-PRESTA301,4,True,2025-02-14T00:00:00Z,2025-02-14T23:59:45Z,5760,5760,0,14.999925,14.999482155,15.000004734,0.003218036,0,0,0,0,0.0,2.807793,20.024289,1.618909e-12,0.0001871861,0.001334952,False,0.001405,False
2025-02-15,RS03AXBS-MJ03A-06-PRESTA301,4,True,2025-02-15T00:00:00Z,2025-02-15T23:59:45Z,5760,5760,0,14.999925,14.999501705,15.000004536,-0.000763685,0,0,0,0,0.0,2.795075,16.116685,3.327047e-12,0.0001863383,0.001074445,False,0.001399,False
2025-02-16,RS03AXBS-MJ03A-06-PRESTA301,4,True,2025-02-16T00:00:00Z,2025-02-16T23:59:45Z,5760,5760,0,14.999925,14.999522209,15.000004457,-0.000672744,0,0,0,0,0.0,2.823078,16.536329,6.501418e-13,0.0001882051,0.001102422,False,0.001363,False
2025-02-17,RS03AXBS-MJ03A-06-PRESTA301,4,True,2025-02-17T00:00:00Z,2025-02-17T23:59:45Z,5760,5760,0,14.999925,14.999524117,15.000004044,-0.013658464,0,0,0,0,0.0,2.808435,19.340159,2.452523e-12,0.000187229,0.001289344,False,0.001372,False
2025-02-18,RS03AXBS-MJ03A-06-PRESTA301,4,True,2025-02-18T00:00:00Z,2025-02-18T23:59:45Z,5760,5760,0,14.999925,14.999524117,15.000004116,-0.001887057,0,0,0,0,0.0,2.805617,16.300848,5.039467e-13,0.0001870411,0.001086723,False,0.001379,False
2025-02-19,RS03AXBS-MJ03A-06-PRESTA301,4,True,2025-02-19T00:00:00Z,2025-02-19T23:59:45Z,5760,5760,0,14.999925,14.999526978,15.000004201,-0.000815742,0,0,0,0,0.0,2.811975,19.174834,2.511446e-12,0.000187465,0.001278322,False,0.001351,False
2025-02-20,RS03AXBS-MJ03A-06-PRESTA301,4,True,2025-02-20T00:00:00Z,2025-02-20T23:59:45Z,5760,5760,0,14.999925,14.999511242,15.000002965,0.004153177,0,0,0,0,0.0,2.915389,18.76736,2.421303e-12,0.0001943593,0.001251157,False,0.001378,False
2025-02-21,RS03AXBS-MJ03A-06-PRESTA301,4,True,2025-02-21T00:00:00Z,2025-02-21T23:59:45Z,5760,5760,0,14.999925,14.999520779,15.000001616,-0.000713101,0,0,0,0,0.0,2.816248,16.372311,1.657579e-12,0.0001877499,0.001091487,False,0.00134,False
2025-02-22,RS03AXBS-MJ03A-06-PRESTA301,4,True,2025-02-22T00:00:00Z,2025-02-22T23:59:45Z,5760,5760,0,14.999925,14.999502182,15.00000349,-0.001604491,0,0,0,0,0.0,2.86076,18.891803,2.181595e-12,0.0001907173,0.001259453,False,0.001369,False
2025-02-23,RS03AXBS-MJ03A-06-PRESTA301,4,True,2025-02-23T00:00:00Z,2025-02-23T23:59:45Z,5760,5760,0,14.999925,14.999511719,15.000004059,-0.00044787,0,0,0,0,0.0,2.810019,17.580225,8.881801e-13,0.0001873346,0.001172015,False,0.001379,False
2025-02-24,RS03AXBS-MJ03A-06-PRESTA301,4,True,2025-02-24T00:00:00Z,2025-02-24T23:59:45Z,5760,5760,0,14.999925,14.999461174,15.000004187,0.001261842,0,0,0,0,0.0,2.817163,16.33391,2.508152e-12,0.0001878108,0.001088927,False,0.001354,False
2025-02-25,RS03AXBS-MJ03A-06-PRESTA301,4,True,2025-02-25T00:00:00Z,2025-02-25T23:59:45Z,5760,5760,0,14.999925,14.999504089,15.00000424,0.001624189,0,0,0,0,0.0,2.818728,20.520082,2.946917e-12,0.0001879151,0.001368005,False,0.001489,False
2025-02-26,RS03AXBS-MJ03A-06-PRESTA301,4,True,2025-02-26T00:00:00Z,2025-02-26T23:59:45Z,5760,5760,0,14.999925,14.999490261,15.000004415,-0.000989754,0,0,0,0,-0.0,2.849238,16.192977,-3.28089e-13,0.0001899491,0.001079531,False,0.001365,False
2025-02-27,RS03AXBS-MJ03A-06-PRESTA301,4,True,2025-02-27T00:00:00Z,2025-02-27T23:59:45Z,5760,5760,0,14.999925,14.99947691,15.000004442,0.001666369,0,0,0,0,0.0,2.790327,15.97357,1.04321e-12,0.0001860217,0.001064904,False,0.001327,False
2025-02-28,RS03AXBS-MJ03A-06-PRESTA301,4,True,2025-02-28T00:00:00Z,2025-02-28T23:59:45Z,5760,5760,0,14.999925,14.999486446,15.000004244,0.000338173,0,0,0,0,0.0,2.818595,17.678849,1.483844e-12,0.0001879063,0.00117859,False,0.001368,False
2025-03-01,RS03AXBS-MJ03A-06-PRESTA301,4,True,2025-03-01T00:00:00Z,2025-03-01T23:59:45Z,5760,5760,0,14.999925,14.999494076,15.000004089,-0.01441496,0,0,0,0,0.0,2.789285,16.12116,6.304931e-13,0.0001859523,0.001074744,False,0.001346,False
2025-03-02,RS03AXBS-MJ03A-06-PRESTA301,4,True,2025-03-02T00:00:00Z,2025-03-02T23:59:45Z,5760,5760,0,14.999925,14.99948597,15.000004234,0.002859266,0,0,0,0,0.0,2.765267,16.128539,2.580206e-12,0.0001843511,0.001075236,False,0.001313,False
2025-03-03,RS03AXBS-MJ03A-06-PRESTA301,4,True,2025-03-03T00:00:00Z,2025-03-03T23:59:45Z,5760,5760,0,14.999925,14.999505043,15.000004371,-0.001695022,0,0,0,0,0.0,2.834623,20.219678,2.207509e-12,0.0001889748,0.001347978,False,0.00137,False
2025-03-04,RS03AXBS-MJ03A-06-PRESTA301,4,True,2025-03-04T00:00:00Z,2025-03-04T23:59:45Z,5760,5760,0,14.999925,14.999520302,15.000004112,0.000668396,0,0,0,0,0.0,2.786114,17.043091,1.381961e-12,0.0001857409,0.001136206,False,0.001401,False
2025-03-05,RS03AXBS-MJ03A-06-PRESTA301,4,True,2025-03-05T00:00:00Z,2025-03-05T23:59:45Z,5760,5760,0,14.999925,14.99947834,15.00000381,0.001239948,0,0,0,0,0.0,2.794565,16.180812,1.595393e-12,0.0001863043,0.001078721,False,0.001353,False
2025-03-06,RS03AXBS-MJ03A-06-PRESTA301,4,True,2025-03-06T00:00:00Z,2025-03-06T23:59:45Z,5760,5760,0,14.999925,14.99950695,15.000003885,0.002283837,0,0,0,0,0.0,2.797794,20.857805,1.64452e-12,0.0001865196,0.00139052,False,0.001697,False
2025-03-07,RS03AXBS-MJ03A-06-PRESTA301,4,True,2025-03-07T00:00:00Z,2025-03-07T23:59:45Z,5760,5760,0,14.999925,14.999477386,15.000004245,0.000688651,0,0,0,0,0.0,2.814545,17.440538,1.475503e-12,0.0001876362,0.001162702,False,0.001379,False
2025-03-08,RS03AXBS-MJ03A-06-PRESTA301,4,True,2025-03-08T00:00:00Z,2025-03-08T23:59:46Z,5760,5760,0,14.999925,14.99948597,15.000004332,0.000121887,0,0,0,0,0.0,13.451849,998.091822,1.095422e-12,0.0008967897,0.06653944,False,0.066694,False
2025-03-09,RS03AXBS-MJ03A-06-PRESTA301,4,True,2025-03-09T00:00:01Z,2025-03-09T23:59:46Z,5760,5760,0,14.999925,14.999515057,15.000004342,-0.00118191,0,0,0,0,0.0,2.812608,17.159934,2.691255e-12,0.0001875071,0.001143995,False,0.001403,False
2025-03-10,RS03AXBS-MJ03A-06-PRESTA301,4,True,2025-03-10T00:00:01Z,2025-03-10T23:59:46Z,5760,5760,0,14.999925,14.999493122,15.000003834,0.001235177,0,0,0,0,0.0,2.798259,21.4602,2.1582e-12,0.0001865506,0.00143068,False,0.001373,False
2025-03-11,RS03AXBS-MJ03A-06-PRESTA301,4,True,2025-03-11T00:00:01Z,2025-03-11T23:59:46Z,5760,5760,0,14.999925,14.999495983,15.000004456,0.001177003,0,0,0,0,0.0,2.834716,17.960677,1.370361e-12,0.000188981,0.001197378,False,0.001446,False
2025-03-12,RS03AXBS-MJ03A-06-PRESTA301,4,True,2025-03-12T00:00:01Z,2025-03-12T23:59:46Z,5760,5760,0,14.999925,14.999511242,15.00000416,-0.000673014,0,0,0,0,0.0,2.826579,20.846956,1.879022e-12,0.0001884385,0.001389797,False,0.001388,False
2025-03-13,RS03AXBS-MJ03A-06-PRESTA301,4,True,2025-03-13T00:00:01Z,2025-03-13T23:59:46Z,5760,5760,0,14.999925,14.999482155,15.000004289,-0.014036802,0,0,0,0,0.0,2.809422,20.309924,1.77114e-12,0.0001872947,0.001353995,False,0.001336,False
2025-03-14,RS03AXBS-MJ03A-06-PRESTA301,4,True,2025-03-14T00:00:01Z,2025-03-14T23:59:46Z,5760,5760,0,14.999925,14.999490738,15.000004343,-0.000836162,0,0,0,0,0.0,2.800446,16.229594,1.452879e-12,0.0001866963,0.001081973,False,0.001392,False
2025-03-15,RS03AXBS-MJ03A-06-PRESTA301,4,True,2025-03-15T00:00:01Z,2025-03-15T23:59:46Z,5760,5760,0,14.999925,14.999519348,15.000004485,0.000184952,0,0,0,0,0.0,2.815156,18.920547,1.398675e-12,0.000187677,0.001261369,False,0.001388,False
2025-03-16,RS03AXBS-MJ03A-06-PRESTA301,4,True,2025-03-16T00:00:01Z,2025-03-16T23:59:46Z,5760,5760,0,14.999925,14.999505043,15.000004298,-0.000261542,0,0,0,0,0.0,2.805945,20.816304,1.378975e-12,0.000187063,0.001387753,False,0.001335,False
2025-03-17,RS03AXBS-MJ03A-06-PRESTA301,4,True,2025-03-17T00:00:01Z,2025-03-17T23:59:46Z,5760,5760,0,14.999925,14.999512672,15.000004416,0.002944603,0,0,0,0,0.0,2.792034,16.115975,1.644579e-12,0.0001861355,0.001074398,False,0.001333,False
2025-03-18,RS03AXBS-MJ03A-06-PRESTA301,4,True,2025-03-18T00:00:01Z,2025-03-18T23:59:46Z,5760,5760,0,14.999925,14.999503136,15.000004223,-3.7185e-05,0,0,0,0,0.0,2.808245,20.042279,1.273273e-12,0.0001872163,0.001336152,False,0.001434,False
2025-03-19,RS03AXBS-MJ03A-06-PRESTA301,4,True,2025-03-19T00:00:01Z,2025-03-19T23:59:46Z,5760,5760,0,14.999925,14.99951458,15.000004322,-0.000617447,0,0,0,0,0.0,2.814843,22.820867,3.038934e-12,0.0001876561,0.001521391,False,0.001357,False
2025-03-20,RS03AXBS-MJ03A-06-PRESTA301,4,True,2025-03-20T00:00:01Z,2025-03-20T23:59:46Z,5760,5760,0,14.999925,14.99951458,15.000004822,0.002434497,0,0,0,0,0.0,2.800153,16.48481,1.556925e-12,0.0001866768,0.001098987,False,0.001364,False
2025-03-21,RS03AXBS-MJ03A-06-PRESTA301,4,True,2025-03-21T00:00:01Z,2025-03-21T23:59:46Z,5720,5760,40,14.999925,14.999498844,15.000005128,-0.000146774,1,40,1,40,-0.0,2.778367,19.671683,-8.777933e-14,0.0001852244,0.001311445,False,0.001521,True
2025-03-22,RS03AXBS-MJ03A-06-PRESTA301,4,True,2025-03-22T00:00:01Z,2025-03-22T23:59:46Z,5760,5760,0,14.999925,14.999508381,15.000004943,5.9567e-05,0,0,0,0,0.0,2.7777,16.19005,1.531181e-12,0.0001851799,0.001079336,False,0.00137,False
2025-03-23,RS03AXBS-MJ03A-06-PRESTA301,4,True,2025-03-23T00:00:01Z,2025-03-23T23:59:46Z,5760,5760,0,14.999925,14.999501705,15.000004553,0.001685354,0,0,0,0,0.0,2.81712,17.55316,2.013171e-12,0.0001878079,0.00117021,False,0.001354,False
2025-03-24,RS03AXBS-MJ03A-06-PRESTA301,4,True,2025-03-24T00:00:01Z,2025-03-24T23:59:46Z,5760,5760,0,14.999925,14.999505043,15.000004437,0.001636641,0,0,0,0,0.0,2.818712,17.821535,2.149606e-12,0.0001879141,0.001188102,False,0.001386,False
2025-03-25,RS03AXBS-MJ03A-06-PRESTA301,4,True,2025-03-25T00:00:01Z,2025-03-25T23:59:46Z,5760,5760,0,14.999925,14.999494076,15.00000425,0.001500973,0,0,0,0,0.0,2.815879,16.090766,2.988056e-12,0.0001877252,0.001072717,False,0.001375,False
2025-03-26,RS03AXBS-MJ03A-06-PRESTA301,4,True,2025-03-26T00:00:01Z,2025-03-26T23:59:46Z,5721,5760,39,14.999925,14.999510527,15.000004438,-0.000752834,1,39,1,39,-0.0,2.818329,21.169611,-2.603659e-12,0.0001878886,0.001411307,False,0.001373,True
2025-03-27,RS03AXBS-MJ03A-06-PRESTA301,4,True,2025-03-27T00:00:01Z,2025-03-27T23:59:46Z,5760,5760,0,14.999925,14.999491215,15.000004563,-0.000179607,0,0,0,0,0.0,2.847295,17.264359,2.378606e-12,0.0001898196,0.001150957,False,0.001384,False
2025-03-28,RS03AXBS-MJ03A-06-PRESTA301,4,True,2025-03-28T00:00:01Z,2025-03-28T23:59:46Z,5760,5760,0,14.999925,14.999511242,15.000004595,6.9946e-05,0,0,0,0,0.0,2.785315,15.846137,1.742628e-13,0.0001856876,0.001056409,False,0.00137,False
2025-03-29,RS03AXBS-MJ03A-06-PRESTA301,4,True,2025-03-29T00:00:01Z,2025-03-29T23:59:46Z,5760,5760,0,14.999925,14.999509335,15.000004469,0.000953594,0,0,0,0,0.0,2.801476,19.505333,2.474939e-12,0.000186765,0.001300355,False,0.001388,False
2025-03-30,RS03AXBS-MJ03A-06-PRESTA301,4,True,2025-03-30T00:00:01Z,2025-03-30T23:59:46Z,5760,5760,0,14.999925,14.999511719,15.00000474,-0.001252519,0,0,0,0,0.0,2.832074,21.724051,2.912306e-12,0.0001888049,0.00144827,False,0.00134,False
2025-03-31,RS03AXBS-MJ03A-06-PRESTA301,4,True,2025-03-31T00:00:01Z,2025-03-31T23:59:46Z,5760,5760,0,14.999925,14.999498367,15.000004287,-0.001369929,0,0,0,0,0.0,2.795958,16.124722,2.14673e-12,0.0001863972,0.001074981,False,0.001384,False
2025-04-01,RS03AXBS-MJ03A-06-PRESTA301,4,True,2025-04-01T00:00:01Z,2025-04-01T23:59:46Z,4231,5760,1529,14.999925,14.999427795,15.000004413,-0.002030373,1,1529,1,1529,-0.0,2.801541,18.230603,-4.55839e-13,0.0001867693,0.001215373,False,0.058677,True
2025-04-02,RS03AXBS-MJ03A-06-PRESTA301,4,True,2025-04-02T00:00:01Z,2025-04-02T23:59:46Z,5760,5760,0,14.999925,14.999513626,15.00000437,-0.001953992,0,0,0,0,0.0,2.778358,19.981034,1.163619e-12,0.0001852238,0.001332069,False,0.001369,False
2025-04-03,RS03AXBS-MJ03A-06-PRESTA301,4,True,2025-04-03T00:00:01Z,2025-04-03T23:59:46Z,5760,5760,0,14.999925,14.999486923,15.000004605,-0.001398621,0,0,0,0,0.0,2.819588,16.13476,4.502358e-13,0.0001879725,0.00107565,False,0.00137,False
2025-04-04,RS03AXBS-MJ03A-06-PRESTA301,4,True,2025-04-04T00:00:01Z,2025-04-04T23:59:46Z,5760,5760,0,14.999925,14.999513149,15.000004119,-0.001349651,0,0,0,0,0.0,2.746957,19.804671,1.874224e-12,0.0001831304,0.001320311,False,0.001349,False
2025-04-05,RS03AXBS-MJ03A-06-PRESTA301,4,True,2025-04-05T00:00:01Z,2025-04-05T23:59:46Z,5760,5760,0,14.999925,14.999479771,15.000002926,0.001869558,0,0,0,0,0.0,2.841074,16.305692,2.305793e-12,0.0001894049,0.001087046,False,0.001356,False
2025-04-06,RS03AXBS-MJ03A-06-PRESTA301,4,True,2025-04-06T00:00:01Z,2025-04-06T23:59:46Z,5760,5760,0,14.999925,14.999495029,15.00000272,0.000913216,0,0,0,0,0.0,2.801698,15.999185,1.550571e-12,0.0001867798,0.001066612,False,0.001372,False
2025-04-07,RS03AXBS-MJ03A-06-PRESTA301,4,True,2025-04-07T00:00:01Z,2025-04-07T23:59:46Z,5760,5760,0,14.999925,14.99950695,15.000003514,0.000410175,0,0,0,0,0.0,2.813659,21.216821,2.111841e-12,0.0001875772,0.001414454,False,0.001371,False
2025-04-08,RS03AXBS-MJ03A-06-PRESTA301,4,True,2025-04-08T00:00:01Z,2025-04-08T23:59:46Z,5760,5760,0,14.999925,14.999505043,15.000003598,-0.001952614,0,0,0,0,0.0,2.84368,19.677598,9.33828e-13,0.0001895786,0.00131184,False,0.001376,False
2025-04-09,RS03AXBS-MJ03A-06-PRESTA301,4,True,2025-04-09T00:00:01Z,2025-04-09T23:59:46Z,5760,5760,0,14.999925,14.999513149,15.000003189,0.002648725,0,0,0,0,0.0,2.838096,16.078007,2.872876e-13,0.0001892064,0.001071867,False,0.001413,False
2025-04-10,RS03AXBS-MJ03A-06-PRESTA301,4,True,2025-04-10T00:00:01Z,2025-04-10T01:00:16Z,242,242,0,14.999925,14.999833107,15.000005366,-0.001492159,0,0,0,0,0.0,2.734982,15.431889,1.154983e-14,0.000182332,0.001028792,False,0.001196,False
2025-04-11,RS03AXBS-MJ03A-06-PRESTA301,4,False,,,0,0,,14.999925,,,,,,,,,,,,,,,,False
2025-04-12,RS03AXBS-MJ03A-06-PRESTA301,4,False,,,0,0,,14.999925,,,,,,,,,,,,,,,,False
2025-04-13,RS03AXBS-MJ03A-06-PRESTA301,4,False,,,0,0,,14.999925,,,,,,,,,,,,,,,,False
2025-04-14,RS03AXBS-MJ03A-06-PRESTA301,4,False,,,0,0,,14.999925,,,,,,,,,,,,,,,,False
2025-04-15,RS03AXBS-MJ03A-06-PRESTA301,4,False,,,0,0,,14.999925,,,,,,,,,,,,,,,,False
2025-04-16,RS03AXBS-MJ03A-06-PRESTA301,4,False,,,0,0,,14.999925,,,,,,,,,,,,,,,,False
2025-04-17,RS03AXBS-MJ03A-06-PRESTA301,4,True,2025-04-17T02:55:10Z,2025-04-17T23:59:55Z,5060,5060,0,14.999925,14.999499798,15.00000081,0.003263499,0,0,0,0,0.0,11.43433,265.684299,6.471276e-13,0.0007622886,0.01771229,False,0.018391,False
2025-04-18,RS03AXBS-MJ03A-06-PRESTA301,4,True,2025-04-18T00:00:10Z,2025-04-18T23:59:55Z,5760,5760,0,14.999925,14.999493599,15.000002119,-0.007609789,0,0,0,0,0.0,7.173431,34.136039,1.811029e-12,0.0004782287,0.002275736,False,0.002188,False
2025-04-19,RS03AXBS-MJ03A-06-PRESTA301,4,True,2025-04-19T00:00:10Z,2025-04-19T23:59:55Z,5760,5760,0,14.999925,14.999496937,15.000001378,0.001091462,0,0,0,0,0.0,6.825078,34.59269,1.565914e-12,0.0004550051,0.002306179,False,0.003132,False
2025-04-20,RS03AXBS-MJ03A-06-PRESTA301,4,True,2025-04-20T00:00:10Z,2025-04-20T23:59:55Z,5760,5760,0,14.999925,14.999501705,15.000003422,-0.00293767,0,0,0,0,0.0,10.895667,93.007595,2.294906e-12,0.0007263776,0.006200505,False,0.005472,False
2025-04-21,RS03AXBS-MJ03A-06-PRESTA301,4,True,2025-04-21T00:00:10Z,2025-04-21T23:59:55Z,5760,5760,0,14.999925,14.99949789,15.000000494,-0.008316939,0,0,0,0,0.0,7.390894,32.005482,1.547073e-12,0.0004927262,0.002133699,False,0.00213,False
2025-04-22,RS03AXBS-MJ03A-06-PRESTA301,4,True,2025-04-22T00:00:10Z,2025-04-22T23:59:55Z,5760,5760,0,14.999925,14.999507904,15.000001576,0.00624635,0,0,0,0,0.0,6.165712,33.562684,3.580434e-12,0.0004110474,0.002237512,False,0.001997,False
2025-04-23,RS03AXBS-MJ03A-06-PRESTA301,4,True,2025-04-23T00:00:10Z,2025-04-23T23:59:55Z,5760,5760,0,14.999925,14.999495029,15.000001865,-0.00594532,0,0,0,0,0.0,7.845376,32.747832,2.555566e-12,0.000523025,0.002183189,False,0.002349,False
2025-04-24,RS03AXBS-MJ03A-06-PRESTA301,4,True,2025-04-24T00:00:10Z,2025-04-24T23:59:55Z,5760,5760,0,14.999925,14.99949789,15.000001496,0.01178196,0,0,0,0,0.0,5.802633,29.283026,2.143565e-12,0.0003868421,0.001952202,False,0.00192,False
2025-04-25,RS03AXBS-MJ03A-06-PRESTA301,4,True,2025-04-25T00:00:10Z,2025-04-25T23:59:55Z,5760,5760,0,14.999925,14.999487877,15.00000118,-0.000540454,0,0,0,0,0.0,5.461926,30.440698,1.261822e-12,0.0003641283,0.00202938,False,0.00195,False
2025-04-26,RS03AXBS-MJ03A-06-PRESTA301,4,True,2025-04-26T00:00:10Z,2025-04-26T23:59:55Z,5760,5760,0,14.999925,14.999475956,15.000001677,-0.006802104,0,0,0,0,0.0,7.573563,42.590604,2.491203e-12,0.0005049042,0.002839373,False,0.003379,False
2025-04-27,RS03AXBS-MJ03A-06-PRESTA301,4,True,2025-04-27T00:00:10Z,2025-04-27T23:59:55Z,5760,5760,0,14.999925,14.999487877,15.000001589,0.001037809,0,0,0,0,0.0,9.543468,89.148293,1.534792e-12,0.0006362312,0.005943219,False,0.005634,False
2025-04-28,RS03AXBS-MJ03A-06-PRESTA301,4,True,2025-04-28T00:00:10Z,2025-04-28T23:59:55Z,5760,5760,0,14.999925,14.999471188,15.000000455,-0.00113904,0,0,0,0,0.0,6.272672,34.626392,2.747097e-12,0.0004181781,0.002308426,False,0.001935,False
2025-04-29,RS03AXBS-MJ03A-06-PRESTA301,4,True,2025-04-29T00:00:10Z,2025-04-29T23:59:55Z,5760,5760,0,14.999925,14.999455929,15.000000164,-0.009588614,0,0,0,0,0.0,11.133996,90.409116,1.458531e-12,0.0007422664,0.006027274,False,0.006249,False
2025-04-30,RS03AXBS-MJ03A-06-PRESTA301,4,True,2025-04-30T00:00:10Z,2025-04-30T23:59:55Z,5760,5760,0,14.999925,14.999477863,15.00000145,0.020510849,0,0,0,0,0.0,10.679541,88.938748,3.545575e-12,0.0007119693,0.005929249,False,0.006114,False
2025-05-01,RS03AXBS-MJ03A-06-PRESTA301,4,True,2025-05-01T00:00:10Z,2025-05-01T23:59:55Z,5760,5760,0,14.999925,14.99948597,15.000001844,0.005489239,0,0,0,0,0.0,6.329741,32.644251,1.207447e-12,0.0004219827,0.002176283,False,0.002081,False
2025-05-02,RS03AXBS-MJ03A-06-PRESTA301,4,True,2025-05-02T00:00:10Z,2025-05-02T23:59:55Z,5760,5760,0,14.999925,14.999485016,15.000001679,-0.003263197,0,0,0,0,0.0,7.391268,40.066736,1.753831e-12,0.0004927512,0.002671115,False,0.002348,False
2025-05-03,RS03AXBS-MJ03A-06-PRESTA301,4,True,2025-05-03T00:00:10Z,2025-05-03T23:59:55Z,5760,5760,0,14.999925,14.99951458,15.000001767,0.002478767,0,0,0,0,0.0,5.939848,30.20761,1.901306e-12,0.0003959898,0.00201384,False,0.002256,False
2025-05-04,RS03AXBS-MJ03A-06-PRESTA301,4,True,2025-05-04T00:00:10Z,2025-05-04T23:59:56Z,5760,5760,0,14.999925,14.999496937,15.000001468,0.007359277,0,0,0,0,0.0,23.567578,1000.471878,2.94499e-12,0.001571172,0.06669812,False,0.066712,False
2025-05-05,RS03AXBS-MJ03A-06-PRESTA301,4,True,2025-05-05T00:00:11Z,2025-05-05T23:59:56Z,5760,5760,0,14.999925,14.999503136,15.000001396,0.000345444,0,0,0,0,0.0,13.962687,1008.436683,1.550239e-12,0.0009308457,0.06722911,False,0.066843,False
2025-05-06,RS03AXBS-MJ03A-06-PRESTA301,4,True,2025-05-06T00:00:11Z,2025-05-06T23:59:56Z,5760,5760,0,14.999925,14.999496937,15.000001548,0.00204446,0,0,0,0,0.0,6.384055,30.687703,2.094338e-12,0.0004256036,0.002045847,False,0.001974,False
2025-05-07,RS03AXBS-MJ03A-06-PRESTA301,4,True,2025-05-07T00:00:11Z,2025-05-07T23:59:56Z,5760,5760,0,14.999925,14.999496937,15.000001574,-0.004282821,0,0,0,0,0.0,6.03111,31.260053,1.260985e-12,0.000402074,0.002084003,False,0.001924,False
2025-05-08,RS03AXBS-MJ03A-06-PRESTA301,4,True,2025-05-08T00:00:11Z,2025-05-08T23:59:56Z,5760,5760,0,14.999925,14.999495029,15.000001717,-0.003284961,0,0,0,0,0.0,8.453976,37.938551,2.70519e-12,0.0005635983,0.002529236,False,0.001965,False
2025-05-09,RS03AXBS-MJ03A-06-PRESTA301,4,True,2025-05-09T00:00:11Z,2025-05-09T23:59:56Z,5760,5760,0,14.999925,14.999495029,15.000002159,0.001239781,0,0,0,0,0.0,7.241171,35.853294,1.804775e-12,0.0004827447,0.002390219,False,0.002168,False
2025-05-10,RS03AXBS-MJ03A-06-PRESTA301,4,True,2025-05-10T00:00:11Z,2025-05-10T23:59:56Z,5760,5760,0,14.999925,14.999494076,15.000001998,0.001419959,0,0,0,0,0.0,7.508567,36.21695,2.616673e-12,0.0005005711,0.002414463,False,0.00217,False
2025-05-11,RS03AXBS-MJ03A-06-PRESTA301,4,True,2025-05-11T00:00:11Z,2025-05-11T23:59:56Z,5760,5760,0,14.999925,14.999505997,15.000001318,-0.015462885,0,0,0,0,0.0,5.490177,34.459363,1.821995e-12,0.0003660118,0.002297291,False,0.001766,False
2025-05-12,RS03AXBS-MJ03A-06-PRESTA301,4,True,2025-05-12T00:00:11Z,2025-05-12T23:59:56Z,5760,5760,0,14.999925,14.999520779,15.000000902,-0.000787315,0,0,0,0,0.0,8.903078,92.557482,2.224632e-12,0.0005935385,0.006170498,False,0.005983,False
2025-05-13,RS03AXBS-MJ03A-06-PRESTA301,4,True,2025-05-13T00:00:11Z,2025-05-13T23:59:48Z,4906,5759,853,14.999925,14.999454975,15.001441736,-2.179450242,1,853,1,853,-0.0,1677.656271,3230.01409,-4.71319e-13,0.111833,0.2153136,False,0.497606,True
2025-05-14,RS03AXBS-MJ03A-06-PRESTA301,4,True,2025-05-14T00:00:03Z,2025-05-14T23:59:48Z,5760,5760,0,14.999925,14.999507904,15.000001685,-0.001892171,0,0,0,0,0.0,5.722112,43.310642,1.801448e-12,0.0003814741,0.002887376,False,0.002988,False
2025-05-15,RS03AXBS-MJ03A-06-PRESTA301,4,True,2025-05-15T00:00:03Z,2025-05-15T23:59:48Z,5760,5760,0,14.999925,14.999498844,15.00000157,-0.004391771,0,0,0,0,0.0,6.164571,45.942703,2.838997e-12,0.0004109714,0.003062847,False,0.002771,False
2025-05-16,RS03AXBS-MJ03A-06-PRESTA301,4,True,2025-05-16T00:00:03Z,2025-05-16T23:59:48Z,5760,5760,0,14.999925,14.999472618,15.000000655,-0.001593812,0,0,0,0,0.0,5.987662,36.319186,3.553963e-13,0.0003991774,0.002421279,False,0.001823,False
2025-05-17,RS03AXBS-MJ03A-06-PRESTA301,4,True,2025-05-17T00:00:03Z,2025-05-17T23:59:48Z,5760,5760,0,14.999925,14.999515057,15.000000859,0.00759546,0,0,0,0,0.0,6.682901,45.888791,2.773169e-12,0.0004455267,0.003059253,False,0.003015,False
2025-05-18,RS03AXBS-MJ03A-06-PRESTA301,4,True,2025-05-18T00:00:03Z,2025-05-18T23:59:48Z,5760,5760,0,14.999925,14.999501228,15.000000616,0.005119038,0,0,0,0,0.0,5.255053,37.462582,2.234697e-12,0.0003503369,0.002497505,False,0.002554,False
2025-05-19,RS03AXBS-MJ03A-06-PRESTA301,4,True,2025-05-19T00:00:03Z,2025-05-19T23:59:48Z,5760,5760,0,14.999925,14.999501228,15.00000203,0.001438499,0,0,0,0,0.0,5.307842,31.628827,4.831989e-13,0.0003538561,0.002108588,False,0.001854,False
2025-05-20,RS03AXBS-MJ03A-06-PRESTA301,4,True,2025-05-20T00:00:03Z,2025-05-20T23:59:48Z,5760,5760,0,14.999925,14.999504089,15.000000958,-0.002480865,0,0,0,0,0.0,5.146691,24.106078,2.458092e-12,0.0003431127,0.001607072,False,0.001342,False
2025-05-21,RS03AXBS-MJ03A-06-PRESTA301,4,True,2025-05-21T00:00:03Z,2025-05-21T23:59:48Z,5760,5760,0,14.999925,14.999517918,15.000002266,0.011506336,0,0,0,0,0.0,6.089066,23.773271,1.03997e-12,0.0004059377,0.001584885,False,0.001338,False
2025-05-22,RS03AXBS-MJ03A-06-PRESTA301,4,True,2025-05-22T00:00:03Z,2025-05-22T23:59:48Z,5760,5760,0,14.999925,14.999516964,15.000001818,0.000334517,0,0,0,0,0.0,5.07607,31.15785,2.011426e-12,0.0003384046,0.00207719,False,0.00184,False
2025-05-23,RS03AXBS-MJ03A-06-PRESTA301,4,True,2025-05-23T00:00:03Z,2025-05-23T23:59:48Z,5760,5760,0,14.999925,14.999494076,15.000001819,0.000995371,0,0,0,0,0.0,5.629905,28.895806,2.056364e-12,0.000375327,0.001926387,False,0.00202,False
2025-05-24,RS03AXBS-MJ03A-06-PRESTA301,4,True,2025-05-24T00:00:03Z,2025-05-24T23:59:48Z,5760,5760,0,14.999925,14.999522209,15.000001262,0.001770604,0,0,0,0,0.0,8.59474,88.360076,2.442929e-12,0.0005729827,0.005890671,False,0.006992,False
2025-05-25,RS03AXBS-MJ03A-06-PRESTA301,4,True,2025-05-25T00:00:03Z,2025-05-25T23:59:48Z,5760,5760,0,14.999925,14.999482155,15.000002187,-0.00667762,0,0,0,0,0.0,5.59867,25.075089,3.202373e-12,0.0003732446,0.001671672,False,0.001975,False
2025-05-26,RS03AXBS-MJ03A-06-PRESTA301,4,True,2025-05-26T00:00:03Z,2025-05-26T23:59:48Z,5760,5760,0,14.999925,14.999439716,15.000002682,-0.011694615,0,0,0,0,0.0,6.12008,43.779544,2.111419e-12,0.0004080053,0.002918636,False,0.002999,False
2025-05-27,RS03AXBS-MJ03A-06-PRESTA301,4,True,2025-05-27T00:00:03Z,2025-05-27T23:59:48Z,5760,5760,0,14.999925,14.999474049,15.000001859,-0.001842721,0,0,0,0,0.0,7.903197,32.971661,2.735577e-12,0.0005268798,0.00219811,False,0.002287,False
2025-05-28,RS03AXBS-MJ03A-06-PRESTA301,4,True,2025-05-28T00:00:03Z,2025-05-28T23:59:48Z,5760,5760,0,14.999925,14.999454975,15.000000406,0.01015962,0,0,0,0,0.0,8.006935,43.924701,2.504506e-12,0.0005337957,0.002928313,False,0.001978,False
2025-05-29,RS03AXBS-MJ03A-06-PRESTA301,4,True,2025-05-29T00:00:03Z,2025-05-29T23:59:48Z,5760,5760,0,14.999925,14.999463081,15.000001129,0.000594352,0,0,0,0,0.0,5.769619,35.39279,1.982813e-12,0.0003846412,0.002359519,False,0.002707,False
2025-05-30,RS03AXBS-MJ03A-06-PRESTA301,4,True,2025-05-30T00:00:03Z,2025-05-30T23:59:48Z,5760,5760,0,14.999925,14.999465942,15.000001414,-0.003326011,0,0,0,0,0.0,5.590965,34.412361,2.868385e-12,0.000372731,0.002294157,False,0.001912,False
2025-05-31,RS03AXBS-MJ03A-06-PRESTA301,4,True,2025-05-31T00:00:03Z,2025-05-31T23:59:48Z,5760,5760,0,14.999925,14.999479294,15.00000171,0.004608483,0,0,0,0,0.0,5.684732,32.914147,1.012267e-12,0.0003789821,0.002194276,False,0.00197,False
2025-06-01,RS03AXBS-MJ03A-06-PRESTA301,4,True,2025-06-01T00:00:03Z,2025-06-01T23:59:48Z,5760,5760,0,14.999925,14.999529839,15.000001131,0.01358699,0,0,0,0,0.0,5.537073,23.742332,1.996812e-12,0.0003691382,0.001582822,False,0.001356,False
2025-06-02,RS03AXBS-MJ03A-06-PRESTA301,4,True,2025-06-02T00:00:03Z,2025-06-02T23:59:48Z,5760,5760,0,14.999925,14.999501228,15.000001988,-0.000288103,0,0,0,0,0.0,5.504887,27.016265,3.065976e-12,0.0003669924,0.001801084,False,0.001877,False
2025-06-03,RS03AXBS-MJ03A-06-PRESTA301,4,True,2025-06-03T00:00:03Z,2025-06-03T23:59:48Z,5760,5760,0,14.999925,14.999511242,15.000001183,0.000352833,0,0,0,0,0.0,5.153795,30.818041,2.641977e-12,0.0003435863,0.002054536,False,0.001727,False
2025-06-04,RS03AXBS-MJ03A-06-PRESTA301,4,True,2025-06-04T00:00:03Z,2025-06-04T23:59:48Z,5760,5760,0,14.999925,14.99950695,15.000001529,-0.005781521,0,0,0,0,0.0,6.514242,25.982879,2.574954e-12,0.0004342827,0.001732192,False,0.001386,False
2025-06-05,RS03AXBS-MJ03A-06-PRESTA301,4,True,2025-06-05T00:00:03Z,2025-06-05T23:59:48Z,5760,5760,0,14.999925,14.999516964,15.000001568,0.000321853,0,0,0,0,0.0,4.647925,30.366927,2.712026e-12,0.0003098616,0.002024462,False,0.001897,False
2025-06-06,RS03AXBS-MJ03A-06-PRESTA301,4,True,2025-06-06T00:00:03Z,2025-06-06T23:59:48Z,5760,5760,0,14.999925,14.999507904,15.000001369,-0.003567089,0,0,0,0,0.0,3.980943,22.733226,1.151778e-12,0.0002653962,0.001515548,False,0.001799,False
2025-06-07,RS03AXBS-MJ03A-06-PRESTA301,4,True,2025-06-07T00:00:03Z,2025-06-07T23:59:48Z,5760,5760,0,14.999925,14.999502182,15.000002237,0.006698406,0,0,0,0,0.0,4.624755,27.173727,2.495646e-12,0.000308317,0.001811582,False,0.001944,False
2025-06-08,RS03AXBS-MJ03A-06-PRESTA301,4,True,2025-06-08T00:00:03Z,2025-06-08T23:59:48Z,5760,5760,0,14.999925,14.999504089,15.000001548,-0.006684735,0,0,0,0,0.0,5.650603,35.059023,1.280898e-12,0.0003767068,0.002337268,False,0.00202,False
2025-06-09,RS03AXBS-MJ03A-06-PRESTA301,4,True,2025-06-09T00:00:03Z,2025-06-09T23:59:48Z,5760,5760,0,14.999925,14.999473095,15.000001772,0.003922607,0,0,0,0,0.0,6.519009,33.729024,2.569588e-12,0.0004346005,0.002248601,False,0.001944,False
2025-06-10,RS03AXBS-MJ03A-06-PRESTA301,4,True,2025-06-10T00:00:03Z,2025-06-10T23:59:48Z,5760,5760,0,14.999925,14.999486923,15.000001544,0.01005338,0,0,0,0,0.0,5.596536,31.072057,2.373427e-12,0.0003731024,0.00207147,False,0.001956,False
2025-06-11,RS03AXBS-MJ03A-06-PRESTA301,4,True,2025-06-11T00:00:03Z,2025-06-11T23:59:48Z,5760,5760,0,14.999925,14.999495983,15.000002196,0.004633221,0,0,0,0,0.0,6.187061,32.330929,2.612802e-12,0.0004124706,0.002155395,False,0.002267,False
2025-06-12,RS03AXBS-MJ03A-06-PRESTA301,4,True,2025-06-12T00:00:03Z,2025-06-12T23:59:48Z,5760,5760,0,14.999925,14.999480247,15.000001611,0.000813873,0,0,0,0,0.0,5.107229,23.490998,1.73689e-12,0.0003404819,0.001566066,False,0.001494,False
2025-06-13,RS03AXBS-MJ03A-06-PRESTA301,4,True,2025-06-13T00:00:03Z,2025-06-13T23:59:48Z,5760,5760,0,14.999925,14.999500751,15.000001575,0.001297304,0,0,0,0,0.0,5.332003,33.040443,1.752568e-12,0.0003554668,0.002202696,False,0.001884,False
2025-06-14,RS03AXBS-MJ03A-06-PRESTA301,4,True,2025-06-14T00:00:03Z,2025-06-14T23:59:48Z,5760,5760,0,14.999925,14.999482155,15.000001985,0.001612475,0,0,0,0,0.0,5.033028,31.219229,1.109479e-12,0.0003355351,0.002081282,False,0.001914,False
2025-06-15,RS03AXBS-MJ03A-06-PRESTA301,4,True,2025-06-15T00:00:03Z,2025-06-15T23:59:48Z,5760,5760,0,14.999925,14.999488354,15.000001777,0.001476841,0,0,0,0,0.0,6.268301,34.456337,3.550065e-12,0.0004178867,0.002297089,False,0.001944,False
2025-06-16,RS03AXBS-MJ03A-06-PRESTA301,4,True,2025-06-16T00:00:03Z,2025-06-16T23:59:48Z,5760,5760,0,14.999925,14.999481201,15.000001286,0.001197578,0,0,0,0,0.0,8.756999,90.300982,2.303551e-12,0.0005837999,0.006020065,False,0.00594,False
2025-06-17,RS03AXBS-MJ03A-06-PRESTA301,4,True,2025-06-17T00:00:03Z,2025-06-17T23:59:48Z,5760,5760,0,14.999925,14.999508858,15.00000196,-0.002128621,0,0,0,0,0.0,4.862407,30.836844,8.298255e-13,0.0003241604,0.002055789,False,0.001721,False
2025-06-18,RS03AXBS-MJ03A-06-PRESTA301,4,True,2025-06-18T00:00:03Z,2025-06-18T23:59:48Z,5760,5760,0,14.999925,14.999498844,15.000001884,-0.000519305,0,0,0,0,0.0,4.206804,22.033506,1.412563e-12,0.0002804536,0.0014689,False,0.001406,False
2025-06-19,RS03AXBS-MJ03A-06-PRESTA301,4,True,2025-06-19T00:00:03Z,2025-06-19T23:59:48Z,5760,5760,0,14.999925,14.999509811,15.000001969,-0.004195428,0,0,0,0,0.0,6.158979,32.626285,1.439877e-12,0.0004105985,0.002175085,False,0.002299,False
2025-06-20,RS03AXBS-MJ03A-06-PRESTA301,4,True,2025-06-20T00:00:03Z,2025-06-20T23:59:48Z,5760,5760,0,14.999925,14.99950695,15.000001866,-0.00262678,0,0,0,0,0.0,6.594094,31.077493,1.342932e-12,0.0004396062,0.002071833,False,0.001961,False
2025-06-21,RS03AXBS-MJ03A-06-PRESTA301,4,True,2025-06-21T00:00:03Z,2025-06-21T23:59:48Z,5760,5760,0,14.999925,14.99949789,15.000002254,-0.003321894,0,0,0,0,0.0,3.668156,21.96186,4.139161e-12,0.0002445437,0.001464124,False,0.001666,False
2025-06-22,RS03AXBS-MJ03A-06-PRESTA301,4,True,2025-06-22T00:00:03Z,2025-06-22T23:59:48Z,5760,5760,0,14.999925,14.999472141,15.000002913,-0.005673779,0,0,0,0,0.0,6.148441,42.575713,2.043612e-12,0.000409896,0.00283838,False,0.002795,False
2025-06-23,RS03AXBS-MJ03A-06-PRESTA301,4,True,2025-06-23T00:00:03Z,2025-06-23T23:59:48Z,5760,5760,0,14.999925,14.999457359,15.000001617,0.004069129,0,0,0,0,0.0,6.863952,48.14103,2.04045e-12,0.0004575967,0.003209402,False,0.002971,False
2025-06-24,RS03AXBS-MJ03A-06-PRESTA301,4,True,2025-06-24T00:00:03Z,2025-06-24T23:59:48Z,5760,5760,0,14.999925,14.999475956,15.000001616,-0.001511997,0,0,0,0,0.0,5.544703,32.280618,1.392314e-12,0.0003696469,0.002152041,False,0.002762,False
2025-06-25,RS03AXBS-MJ03A-06-PRESTA301,4,True,2025-06-25T00:00:03Z,2025-06-25T23:59:48Z,5760,5760,0,14.999925,14.999464989,15.000002164,-0.004168481,0,0,0,0,0.0,6.775933,38.08641,2.100849e-12,0.0004517288,0.002539094,False,0.002828,False
2025-06-26,RS03AXBS-MJ03A-06-PRESTA301,4,True,2025-06-26T00:00:03Z,2025-06-26T23:59:48Z,5760,5760,0,14.999925,14.999483109,15.000002016,0.006012162,0,0,0,0,0.0,5.243605,33.210026,1.82885e-12,0.0003495736,0.002214001,False,0.001807,False
2025-06-27,RS03AXBS-MJ03A-06-PRESTA301,4,True,2025-06-27T00:00:03Z,2025-06-27T23:59:48Z,5760,5760,0,14.999925,14.99948597,15.000001981,-0.00210522,0,0,0,0,0.0,5.192575,29.02131,2.784764e-12,0.0003461716,0.001934754,False,0.00177,False
2025-06-28,RS03AXBS-MJ03A-06-PRESTA301,4,True,2025-06-28T00:00:03Z,2025-06-28T23:59:48Z,5760,5760,0,14.999925,14.999459743,15.000001702,-0.002736891,0,0,0,0,0.0,5.253095,30.177871,1.172632e-12,0.0003502063,0.002011858,False,0.001876,False
2025-06-29,RS03AXBS-MJ03A-06-PRESTA301,4,True,2025-06-29T00:00:03Z,2025-06-29T23:59:48Z,5760,5760,0,14.999925,14.999488831,15.00000118,-6.6227e-05,0,0,0,0,0.0,5.823064,32.019622,1.918709e-12,0.0003882043,0.002134641,False,0.001973,False
2025-06-30,RS03AXBS-MJ03A-06-PRESTA301,4,True,2025-06-30T00:00:03Z,2025-06-30T23:59:48Z,5760,5760,0,14.999925,14.999503613,15.000001611,-0.002011961,0,0,0,0,0.0,8.152634,28.763721,2.212438e-12,0.0005435089,0.001917581,False,0.001906,False
2025-07-01,RS03AXBS-MJ03A-06-PRESTA301,4,True,2025-07-01T00:00:03Z,2025-07-01T23:59:48Z,5760,5760,0,14.999925,14.999510288,15.000001661,0.011214884,0,0,0,0,0.0,7.000322,34.574487,1.030925e-12,0.0004666881,0.002304966,False,0.002141,False
2025-07-02,RS03AXBS-MJ03A-06-PRESTA301,4,True,2025-07-02T00:00:03Z,2025-07-02T23:59:48Z,5760,5760,0,14.999925,14.999504089,15.000002327,-0.000801002,0,0,0,0,0.0,5.252865,33.140859,3.323014e-12,0.000350191,0.00220939,False,0.001911,False
2025-07-03,RS03AXBS-MJ03A-06-PRESTA301,4,True,2025-07-03T00:00:03Z,2025-07-03T23:59:48Z,5760,5760,0,14.999925,14.999507904,15.000002218,-0.004158536,0,0,0,0,0.0,4.132395,20.438981,1.885481e-12,0.0002754929,0.001362598,False,0.001362,False
2025-07-04,RS03AXBS-MJ03A-06-PRESTA301,4,True,2025-07-04T00:00:03Z,2025-07-04T23:59:48Z,5760,5760,0,14.999925,14.999495029,15.000001438,0.001422804,0,0,0,0,0.0,4.418348,19.354917,2.768461e-12,0.0002945565,0.001290328,False,0.001367,False
2025-07-05,RS03AXBS-MJ03A-06-PRESTA301,4,True,2025-07-05T00:00:03Z,2025-07-05T23:59:48Z,5760,5760,0,14.999925,14.999502659,14.999999736,-5.4066e-05,0,0,0,0,0.0,6.156722,32.294465,6.459159e-13,0.0004104481,0.002152964,False,0.001926,False
2025-07-06,RS03AXBS-MJ03A-06-PRESTA301,4,True,2025-07-06T00:00:03Z,2025-07-06T23:59:48Z,5760,5760,0,14.999925,14.999499798,14.999998641,0.001106069,0,0,0,0,0.0,7.062259,48.73391,1.476689e-12,0.0004708173,0.003248928,False,0.003052,False
2025-07-07,RS03AXBS-MJ03A-06-PRESTA301,4,True,2025-07-07T00:00:03Z,2025-07-07T23:59:48Z,5760,5760,0,14.999925,14.999499798,15.000000927,-0.003271611,0,0,0,0,0.0,5.463396,26.031535,1.313817e-12,0.0003642264,0.001735436,False,0.001366,False
2025-07-08,RS03AXBS-MJ03A-06-PRESTA301,4,True,2025-07-08T00:00:03Z,2025-07-08T23:59:48Z,5760,5760,0,14.999925,14.999465942,15.000001127,0.010370574,0,0,0,0,0.0,5.634145,31.551732,3.582548e-12,0.0003756096,0.002103449,False,0.001912,False
2025-07-09,RS03AXBS-MJ03A-06-PRESTA301,4,True,2025-07-09T00:00:03Z,2025-07-09T23:59:48Z,5760,5760,0,14.999925,14.99949789,15.000001168,0.001068884,0,0,0,0,0.0,4.713249,27.872881,2.548717e-12,0.0003142166,0.001858192,False,0.001945,False
2025-07-10,RS03AXBS-MJ03A-06-PRESTA301,4,True,2025-07-10T00:00:03Z,2025-07-10T23:59:48Z,5760,5760,0,14.999925,14.999503613,14.999999796,-0.000816805,0,0,0,0,0.0,4.497353,29.320361,2.093324e-12,0.0002998236,0.001954691,False,0.001763,False
2025-07-11,RS03AXBS-MJ03A-06-PRESTA301,4,True,2025-07-11T00:00:03Z,2025-07-11T23:59:48Z,5760,5760,0,14.999925,14.999489307,15.000000733,-0.005592415,0,0,0,0,0.0,8.92023,89.018275,9.653766e-13,0.000594682,0.005934551,False,0.006202,False
2025-07-12,RS03AXBS-MJ03A-06-PRESTA301,4,True,2025-07-12T00:00:03Z,2025-07-12T23:59:48Z,5760,5760,0,14.999925,14.999477863,14.999999987,-0.000671903,0,0,0,0,0.0,5.973214,33.438074,3.233437e-12,0.0003982142,0.002229205,False,0.001829,False
2025-07-13,RS03AXBS-MJ03A-06-PRESTA301,4,True,2025-07-13T00:00:03Z,2025-07-13T23:59:48Z,5760,5760,0,14.999925,14.999485016,15.000001662,0.012636447,0,0,0,0,0.0,4.815857,30.47862,1.806143e-12,0.0003210571,0.002031908,False,0.001938,False
2025-07-14,RS03AXBS-MJ03A-06-PRESTA301,4,True,2025-07-14T00:00:03Z,2025-07-14T23:59:48Z,5760,5760,0,14.999925,14.999475956,15.00000135,-0.002333251,0,0,0,0,0.0,4.86324,32.835313,1.850437e-12,0.000324216,0.002189021,False,0.002252,False
2025-07-15,RS03AXBS-MJ03A-06-PRESTA301,4,True,2025-07-15T00:00:03Z,2025-07-15T23:59:48Z,5760,5760,0,14.999925,14.999489784,15.000001384,0.000824946,0,0,0,0,0.0,3.922957,17.642008,2.047454e-12,0.0002615305,0.001176134,False,0.001384,False
2025-07-16,RS03AXBS-MJ03A-06-PRESTA301,4,True,2025-07-16T00:00:03Z,2025-07-16T23:59:48Z,5760,5760,0,14.999925,14.999489307,15.000001876,0.002451831,0,0,0,0,0.0,5.234347,48.130985,2.324863e-12,0.0003489564,0.003208732,False,0.003006,False
2025-07-17,RS03AXBS-MJ03A-06-PRESTA301,4,True,2025-07-17T00:00:03Z,2025-07-17T23:59:48Z,5760,5760,0,14.999925,14.999512672,15.000001399,-0.001667336,0,0,0,0,0.0,4.20684,30.085764,2.345929e-12,0.000280456,0.002005717,False,0.002729,False
2025-07-18,RS03AXBS-MJ03A-06-PRESTA301,4,True,2025-07-18T00:00:03Z,2025-07-18T23:59:48Z,5760,5760,0,14.999925,14.999508381,15.000001641,-0.000134735,0,0,0,0,0.0,5.345623,33.275633,3.25506e-12,0.0003563749,0.002218375,False,0.002147,False
2025-07-19,RS03AXBS-MJ03A-06-PRESTA301,4,True,2025-07-19T00:00:03Z,2025-07-19T23:59:48Z,5760,5760,0,14.999925,14.999496937,15.000002706,0.024462454,0,0,0,0,0.0,4.826113,30.786213,3.100463e-12,0.0003217408,0.002052414,False,0.001517,False
2025-07-20,RS03AXBS-MJ03A-06-PRESTA301,4,True,2025-07-20T00:00:03Z,2025-07-20T23:59:48Z,5760,5760,0,14.999925,14.999505043,15.000001147,0.003040152,0,0,0,0,0.0,5.833633,28.400399,2.190532e-12,0.0003889089,0.00189336,False,0.002167,False
2025-07-21,RS03AXBS-MJ03A-06-PRESTA301,4,True,2025-07-21T00:00:03Z,2025-07-21T23:59:48Z,5760,5760,0,14.999925,14.999502182,15.000000249,0.000551158,0,0,0,0,0.0,5.755272,32.433739,1.305147e-12,0.0003836848,0.002162249,False,0.001954,False
2025-07-22,RS03AXBS-MJ03A-06-PRESTA301,4,True,2025-07-22T00:00:03Z,2025-07-22T23:59:48Z,5760,5760,0,14.999925,14.999475002,15.000001213,-0.002269491,0,0,0,0,0.0,3.969605,18.590104,3.340069e-12,0.0002646403,0.00123934,False,0.001755,False
2025-07-23,RS03AXBS-MJ03A-06-PRESTA301,4,True,2025-07-23T00:00:03Z,2025-07-23T23:59:48Z,5760,5760,0,14.999925,14.999469757,15.000001822,0.0035534,0,0,0,0,0.0,5.221904,31.260819,2.359235e-12,0.0003481269,0.002084054,False,0.00193,False
2025-07-24,RS03AXBS-MJ03A-06-PRESTA301,4,True,2025-07-24T00:00:03Z,2025-07-24T23:59:48Z,5760,5760,0,14.999925,14.999446392,15.000001367,0.00824986,0,0,0,0,0.0,5.879216,32.616307,1.872597e-12,0.0003919477,0.00217442,False,0.001956,False
2025-07-25,RS03AXBS-MJ03A-06-PRESTA301,4,True,2025-07-25T00:00:03Z,2025-07-25T23:59:48Z,5760,5760,0,14.999925,14.999469757,15.000001218,0.002404329,0,0,0,0,0.0,5.642606,33.277809,2.034159e-12,0.0003761737,0.00221852,False,0.001985,False
2025-07-26,RS03AXBS-MJ03A-06-PRESTA301,4,True,2025-07-26T00:00:03Z,2025-07-26T23:59:48Z,5760,5760,0,14.999925,14.999487877,15.000001119,-0.003278385,0,0,0,0,0.0,5.454492,32.618898,1.783093e-12,0.0003636328,0.002174593,False,0.001957,False
2025-07-27,RS03AXBS-MJ03A-06-PRESTA301,4,True,2025-07-27T00:00:03Z,2025-07-27T23:59:48Z,5760,5760,0,14.999925,14.999473095,15.000001133,-0.00190611,0,0,0,0,0.0,4.585968,30.029016,2.108301e-12,0.0003057312,0.002001934,False,0.00153,False
2025-07-28,RS03AXBS-MJ03A-06-PRESTA301,4,True,2025-07-28T00:00:03Z,2025-07-28T23:59:48Z,5760,5760,0,14.999925,14.999477863,15.000001413,0.001833455,0,0,0,0,0.0,6.144014,31.992905,2.588142e-12,0.0004096009,0.00213286,False,0.001898,False
2025-07-29,RS03AXBS-MJ03A-06-PRESTA301,4,True,2025-07-29T00:00:03Z,2025-07-29T23:59:48Z,5760,5760,0,14.999925,14.999498844,15.000001676,-0.001663139,0,0,0,0,0.0,5.934686,31.529131,3.150909e-12,0.0003956457,0.002101942,False,0.00193,False
2025-07-30,RS03AXBS-MJ03A-06-PRESTA301,4,True,2025-07-30T00:00:03Z,2025-07-30T23:59:48Z,5760,5760,0,14.999925,14.999495983,15.000001401,0.001477331,0,0,0,0,0.0,4.287919,26.829108,2.899206e-12,0.0002858612,0.001788607,False,0.001794,False
2025-07-31,RS03AXBS-MJ03A-06-PRESTA301,4,True,2025-07-31T00:00:03Z,2025-07-31T23:59:48Z,5760,5760,0,14.999925,14.999502659,15.000001516,-0.005122621,0,0,0,0,0.0,6.379578,37.424665,1.278468e-12,0.0004253051,0.002494977,False,0.001927,False
2025-08-01,RS03AXBS-MJ03A-06-PRESTA301,4,True,2025-08-01T00:00:03Z,2025-08-01T23:59:48Z,5760,5760,0,14.999925,14.999498367,15.000002092,-0.006470412,0,0,0,0,0.0,6.158744,33.603878,2.037958e-12,0.0004105829,0.002240258,False,0.002596,False
2025-08-02,RS03AXBS-MJ03A-06-PRESTA301,4,True,2025-08-02T00:00:03Z,2025-08-02T23:59:48Z,5760,5760,0,14.999925,14.999492168,14.999999975,0.006352146,0,0,0,0,0.0,4.823589,32.445357,2.022144e-12,0.0003215726,0.002163024,False,0.00185,False
2025-08-03,RS03AXBS-MJ03A-06-PRESTA301,4,True,2025-08-03T00:00:03Z,2025-08-03T23:59:48Z,5760,5760,0,14.999925,14.999515057,14.999999474,0.00224086,0,0,0,0,0.0,4.444574,34.277059,3.158223e-12,0.000296305,0.002285137,False,0.003194,False
2025-08-04,RS03AXBS-MJ03A-06-PRESTA301,4,True,2025-08-04T00:00:03Z,2025-08-04T23:59:48Z,5760,5760,0,14.999925,14.999473572,14.999999192,0.000143956,0,0,0,0,0.0,5.955308,45.358768,2.081305e-12,0.0003970205,0.003023918,False,0.002944,False
2025-08-05,RS03AXBS-MJ03A-06-PRESTA301,4,True,2025-08-05T00:00:03Z,2025-08-05T23:59:48Z,5760,5760,0,14.999925,14.99948597,15.000000185,-0.000185644,0,0,0,0,0.0,3.927419,19.415906,3.020939e-12,0.0002618279,0.001294394,False,0.001555,False
2025-08-06,RS03AXBS-MJ03A-06-PRESTA301,4,True,2025-08-06T00:00:03Z,2025-08-06T23:59:48Z,5760,5760,0,14.999925,14.999464989,15.000001202,0.00363237,0,0,0,0,0.0,5.068782,31.246551,2.437336e-12,0.0003379188,0.002083103,False,0.001863,False
2025-08-07,RS03AXBS-MJ03A-06-PRESTA301,4,True,2025-08-07T00:00:03Z,2025-08-07T23:59:48Z,2624,5760,3136,14.999925,14.999397278,14.999998704,0.004120572,1,3136,1,3136,-0.0,4.914761,19.132688,-8.319374e-13,0.0003276507,0.001275513,False,0.126416,True
2025-08-08,RS03AXBS-MJ03A-06-PRESTA301,4,True,2025-08-08T00:00:03Z,2025-08-08T23:59:48Z,5760,5760,0,14.999925,14.999505997,15.000000657,0.003483972,0,0,0,0,0.0,5.261416,28.809314,1.873398e-12,0.0003507611,0.001920621,False,0.001993,False
2025-08-09,RS03AXBS-MJ03A-06-PRESTA301,4,True,2025-08-09T00:00:03Z,2025-08-09T23:59:48Z,5760,5760,0,14.999925,14.999472141,15.000000342,0.003280586,0,0,0,0,0.0,4.591113,31.588625,1.945643e-12,0.0003060742,0.002105908,False,0.001841,False
2025-08-10,RS03AXBS-MJ03A-06-PRESTA301,4,True,2025-08-10T00:00:03Z,2025-08-10T23:59:48Z,5760,5760,0,14.999925,14.999454021,15.000000669,0.000184243,0,0,0,0,0.0,5.670436,32.951927,1.813497e-12,0.000378029,0.002196795,False,0.00196,False
2025-08-11,RS03AXBS-MJ03A-06-PRESTA301,4,True,2025-08-11T00:00:03Z,2025-08-11T23:59:48Z,5760,5760,0,14.999925,14.999464035,15.000000839,0.01050824,0,0,0,0,0.0,5.93662,34.748993,2.102973e-12,0.0003957747,0.002316599,False,0.001973,False
2025-08-12,RS03AXBS-MJ03A-06-PRESTA301,4,True,2025-08-12T00:00:03Z,2025-08-12T23:59:48Z,5760,5760,0,14.999925,14.999475956,15.000001617,-3.3038e-05,0,0,0,0,0.0,5.803813,31.536538,1.72278e-12,0.0003869208,0.002102436,False,0.002411,False
2025-08-13,RS03AXBS-MJ03A-06-PRESTA301,4,True,2025-08-13T00:00:03Z,2025-08-13T23:59:48Z,5760,5760,0,14.999925,14.999491215,15.000001502,0.001086779,0,0,0,0,0.0,5.299969,32.582909,2.043385e-12,0.0003533313,0.002172194,False,0.001896,False
2025-08-14,RS03AXBS-MJ03A-06-PRESTA301,4,True,2025-08-14T00:00:03Z,2025-08-14T23:59:48Z,5760,5760,0,14.999925,14.999495029,15.000001571,-0.001205837,0,0,0,0,0.0,4.679013,25.914357,1.373649e-12,0.0003119342,0.001727624,False,0.001364,False
2025-08-15,RS03AXBS-MJ03A-06-PRESTA301,4,True,2025-08-15T00:00:03Z,2025-08-15T23:59:48Z,5760,5760,0,14.999925,14.999495983,15.000000914,-0.002017059,0,0,0,0,0.0,5.222662,31.948984,9.226841e-13,0.0003481774,0.002129932,False,0.001875,False
2025-08-16,RS03AXBS-MJ03A-06-PRESTA301,4,True,2025-08-16T00:00:03Z,2025-08-16T23:59:48Z,5760,5760,0,14.999925,14.999496937,15.00000028,-0.002240833,0,0,0,0,0.0,6.0397,41.852033,1.846576e-12,0.0004026467,0.002790135,False,0.002962,False
2025-08-17,RS03AXBS-MJ03A-06-PRESTA301,4,True,2025-08-17T00:00:03Z,2025-08-17T23:59:48Z,5760,5760,0,14.999925,14.999495983,15.000000682,-0.002100452,0,0,0,0,0.0,4.269573,28.56918,2.376216e-12,0.0002846382,0.001904612,False,0.002603,False
2025-08-18,RS03AXBS-MJ03A-06-PRESTA301,4,True,2025-08-18T00:00:03Z,2025-08-18T23:59:48Z,5760,5760,0,14.999925,14.999492168,15.000001533,-0.001736188,0,0,0,0,0.0,4.95211,23.54491,2.094856e-12,0.0003301406,0.00156966,False,0.001353,False
2025-08-19,RS03AXBS-MJ03A-06-PRESTA301,4,True,2025-08-19T00:00:03Z,2025-08-19T23:59:48Z,5760,5760,0,14.999925,14.999470234,15.000000443,-0.000364129,0,0,0,0,0.0,4.963531,30.781007,4.813809e-13,0.000330902,0.002052067,False,0.001902,False
2025-08-20,RS03AXBS-MJ03A-06-PRESTA301,4,True,2025-08-20T00:00:03Z,2025-08-20T23:59:48Z,5760,5760,0,14.999925,14.999489307,15.000000093,-0.000989923,0,0,0,0,0.0,4.498392,33.103932,1.760287e-12,0.0002998928,0.002206929,False,0.001786,False
2025-08-21,RS03AXBS-MJ03A-06-PRESTA301,4,True,2025-08-21T00:00:03Z,2025-08-21T23:59:48Z,5760,5760,0,14.999925,14.999489784,14.999999907,-0.004650541,0,0,0,0,0.0,4.322315,19.110697,1.771286e-12,0.0002881543,0.001274046,False,0.001363,False
2025-08-22,RS03AXBS-MJ03A-06-PRESTA301,4,True,2025-08-22T00:00:03Z,2025-08-22T23:59:48Z,5760,5760,0,14.999925,14.999462605,15.000001354,-0.003128527,0,0,0,0,0.0,5.753902,29.865579,2.142836e-12,0.0003835935,0.001991038,False,0.002205,False
2025-08-23,RS03AXBS-MJ03A-06-PRESTA301,4,True,2025-08-23T00:00:03Z,2025-08-23T23:59:48Z,5760,5760,0,14.999925,14.999465942,15.000001412,-0.002386751,0,0,0,0,0.0,6.292878,31.361363,3.263259e-12,0.0004195251,0.002090757,False,0.001986,False
2025-08-24,RS03AXBS-MJ03A-06-PRESTA301,4,True,2025-08-24T00:00:03Z,2025-08-24T23:59:48Z,5760,5760,0,14.999925,14.999494076,14.999999956,0.023044298,0,0,0,0,0.0,4.715123,31.699287,1.656002e-12,0.0003143415,0.002113286,False,0.001896,False
2025-08-25,RS03AXBS-MJ03A-06-PRESTA301,4,True,2025-08-25T00:00:03Z,2025-08-25T23:59:48Z,5760,5760,0,14.999925,14.999487877,15.000000473,-0.000848895,0,0,0,0,0.0,3.959879,19.70716,2.639289e-12,0.0002639919,0.001313811,False,0.001363,False
2025-08-26,RS03AXBS-MJ03A-06-PRESTA301,4,True,2025-08-26T00:00:03Z,2025-08-26T23:59:48Z,5760,5760,0,14.999925,14.999487877,15.000000089,0.005583265,0,0,0,0,0.0,4.855208,34.553287,2.077397e-12,0.0003236806,0.002303552,False,0.001771,False
2025-08-27,RS03AXBS-MJ03A-06-PRESTA301,4,True,2025-08-27T00:00:03Z,2025-08-27T23:59:48Z,5760,5760,0,14.999925,14.999498367,15.00000057,0.012648474,0,0,0,0,0.0,14.671289,985.894711,1.104983e-12,0.0009780859,0.06572631,False,0.065833,False
2025-08-28,RS03AXBS-MJ03A-06-PRESTA301,4,True,2025-08-28T00:00:03Z,2025-08-28T23:59:49Z,5760,5760,0,14.999925,14.999509811,15.000001373,-0.002780286,0,0,0,0,0.0,14.029212,998.012647,1.55305e-12,0.0009352807,0.06653417,False,0.066392,False
2025-08-29,RS03AXBS-MJ03A-06-PRESTA301,4,True,2025-08-29T00:00:04Z,2025-08-29T23:59:49Z,5760,5760,0,14.999925,14.999512672,15.000000864,-0.001290169,0,0,0,0,0.0,7.125896,48.335807,7.241611e-13,0.0004750597,0.003222387,False,0.002742,False
2025-08-30,RS03AXBS-MJ03A-06-PRESTA301,4,True,2025-08-30T00:00:04Z,2025-08-30T23:59:49Z,5760,5760,0,14.999925,14.999504089,14.999999891,0.005943463,0,0,0,0,0.0,19.382142,1006.614258,2.031093e-12,0.001292143,0.06710762,False,0.067003,False
2025-08-31,RS03AXBS-MJ03A-06-PRESTA301,4,True,2025-08-31T00:00:04Z,2025-08-31T23:59:49Z,5760,5760,0,14.999925,14.99950695,14.999999878,-0.00051256,0,0,0,0,0.0,4.228748,20.11386,1.420326e-12,0.0002819165,0.001340924,False,0.001337,False
2025-09-01,RS03AXBS-MJ03A-06-PRESTA301,4,True,2025-09-01T00:00:04Z,2025-09-01T23:59:49Z,5760,5760,0,14.999925,14.999513149,14.999998188,0.002761722,0,0,0,0,0.0,5.022906,30.00522,2.323728e-12,0.0003348604,0.002000348,False,0.002118,False
2025-09-02,RS03AXBS-MJ03A-06-PRESTA301,4,True,2025-09-02T00:00:03Z,2025-09-02T23:59:48Z,5760,5760,0,14.999925,14.999505997,14.999997178,0.008800004,0,0,0,0,0.0,7.441921,46.087728,8.72501e-13,0.0004961281,0.003072516,False,0.002763,False
2025-09-03,RS03AXBS-MJ03A-06-PRESTA301,4,True,2025-09-03T00:00:03Z,2025-09-03T23:59:48Z,5760,5760,0,14.999925,14.999505997,14.999997229,-0.003261677,0,0,0,0,0.0,5.233389,33.203115,1.761671e-12,0.0003488927,0.002213541,False,0.001963,False
2025-09-04,RS03AXBS-MJ03A-06-PRESTA301,4,True,2025-09-04T00:00:03Z,2025-09-04T23:59:48Z,5760,5760,0,14.999925,14.999484062,14.999997483,0.00262347,0,0,0,0,0.0,4.740601,32.998768,1.647439e-12,0.0003160401,0.002199918,False,0.002419,False
2025-09-05,RS03AXBS-MJ03A-06-PRESTA301,4,True,2025-09-05T00:00:03Z,2025-09-05T23:59:48Z,5760,5760,0,14.999925,14.999468327,15.000000784,0.020307546,0,0,0,0,0.0,9.661131,86.130893,9.271491e-13,0.0006440754,0.005742059,False,0.005989,False
2025-09-06,RS03AXBS-MJ03A-06-PRESTA301,4,True,2025-09-06T00:00:03Z,2025-09-06T23:59:48Z,5760,5760,0,14.999925,14.999471188,14.999998202,-0.001973858,0,0,0,0,0.0,5.587851,23.477439,2.415891e-12,0.0003725234,0.001565163,False,0.001373,False
2025-09-07,RS03AXBS-MJ03A-06-PRESTA301,4,True,2025-09-07T00:00:03Z,2025-09-07T23:59:48Z,5760,5760,0,14.999925,14.999483585,15.000000409,-0.003036907,0,0,0,0,0.0,5.993351,48.724002,1.844296e-12,0.0003995567,0.003248267,False,0.002935,False
2025-09-08,RS03AXBS-MJ03A-06-PRESTA301,4,True,2025-09-08T00:00:03Z,2025-09-08T23:59:48Z,5760,5760,0,14.999925,14.999468803,15.000001172,0.013801205,0,0,0,0,0.0,5.67842,30.625161,2.343669e-12,0.0003785613,0.002041677,False,0.002012,False
2025-09-09,RS03AXBS-MJ03A-06-PRESTA301,4,True,2025-09-09T00:00:03Z,2025-09-09T23:59:48Z,5760,5760,0,14.999925,14.999481201,15.000001295,-0.001314371,0,0,0,0,0.0,4.520903,18.202624,3.073414e-12,0.0003013935,0.001213508,False,0.001357,False
2025-09-10,RS03AXBS-MJ03A-06-PRESTA301,4,True,2025-09-10T00:00:03Z,2025-09-10T23:59:48Z,5760,5760,0,14.999925,14.999477863,15.000001244,0.001904068,0,0,0,0,0.0,5.079021,31.051508,8.624751e-13,0.0003386014,0.0020701,False,0.001986,False
2025-09-11,RS03AXBS-MJ03A-06-PRESTA301,4,True,2025-09-11T00:00:03Z,2025-09-11T23:59:49Z,5760,5760,0,14.999925,14.999512672,15.000001409,-0.003097149,0,0,0,0,0.0,29.917091,996.897611,1.544227e-12,0.001994473,0.06645983,False,0.066707,False
2025-09-12,RS03AXBS-MJ03A-06-PRESTA301,4,True,2025-09-12T00:00:04Z,2025-09-12T23:59:49Z,5760,5760,0,14.999925,14.999491215,15.000000973,-0.002231819,0,0,0,0,0.0,23.544196,1001.551224,1.156599e-12,0.001569613,0.06677008,False,0.066737,False
2025-09-13,RS03AXBS-MJ03A-06-PRESTA301,4,True,2025-09-13T00:00:04Z,2025-09-13T23:59:48Z,5760,5760,0,14.999925,14.99951458,14.999998796,-0.000786716,0,0,0,0,0.0,23.189419,1000.125108,1.141883e-12,0.001545961,0.06667501,False,0.066706,False
2025-09-14,RS03AXBS-MJ03A-06-PRESTA301,4,True,2025-09-14T00:00:03Z,2025-09-14T23:59:48Z,5760,5760,0,14.999925,14.999521255,14.999998539,0.001113996,0,0,0,0,0.0,4.988855,31.395299,1.956644e-12,0.0003325904,0.00209302,False,0.001717,False
2025-09-15,RS03AXBS-MJ03A-06-PRESTA301,4,True,2025-09-15T00:00:03Z,2025-09-15T23:59:48Z,5760,5760,0,14.999925,14.999498367,14.99999986,-0.002657976,0,0,0,0,0.0,5.134656,31.158925,2.877491e-12,0.0003423104,0.002077262,False,0.001903,False
2025-09-16,RS03AXBS-MJ03A-06-PRESTA301,4,True,2025-09-16T00:00:03Z,2025-09-16T23:59:48Z,5760,5760,0,14.999925,14.99950695,15.000001282,-0.001718085,0,0,0,0,0.0,5.24202,32.426012,2.936492e-12,0.000349468,0.002161734,False,0.002048,False
2025-09-17,RS03AXBS-MJ03A-06-PRESTA301,4,True,2025-09-17T00:00:03Z,2025-09-17T23:59:48Z,5760,5760,0,14.999925,14.999477863,15.000000821,-0.003365469,0,0,0,0,0.0,4.411093,28.282584,2.463132e-12,0.0002940728,0.001885506,False,0.002325,False
2025-09-18,RS03AXBS-MJ03A-06-PRESTA301,4,True,2025-09-18T00:00:03Z,2025-09-18T23:59:49Z,5760,5760,0,14.999925,14.999505043,15.000000232,0.011179773,0,0,0,0,0.0,29.824393,998.502099,1.743988e-12,0.001988293,0.06656681,False,0.066883,False
2025-09-19,RS03AXBS-MJ03A-06-PRESTA301,4,True,2025-09-19T00:00:03Z,2025-09-19T23:59:48Z,5760,5760,0,14.999925,14.999511242,14.999998959,-0.00341688,0,0,0,0,0.0,4.154473,23.365593,1.693731e-12,0.0002769649,0.001557706,False,0.001399,False
2025-09-20,RS03AXBS-MJ03A-06-PRESTA301,4,True,2025-09-20T00:00:03Z,2025-09-20T23:59:48Z,5760,5760,0,14.999925,14.99947691,14.999997609,-0.000756711,0,0,0,0,0.0,5.019769,31.648109,2.761713e-12,0.0003346513,0.002109874,False,0.001945,False
2025-09-21,RS03AXBS-MJ03A-06-PRESTA301,4,True,2025-09-21T00:00:03Z,2025-09-21T23:59:48Z,5760,5760,0,14.999925,14.999485016,14.999998689,0.00604185,0,0,0,0,0.0,4.599635,19.571085,1.75286e-12,0.0003066423,0.001304739,False,0.001395,False
2025-09-22,RS03AXBS-MJ03A-06-PRESTA301,4,True,2025-09-22T00:00:03Z,2025-09-22T23:59:48Z,5760,5760,0,14.999925,14.999481678,15.000002459,0.004418345,0,0,0,0,0.0,5.460547,32.951039,2.524924e-12,0.0003640364,0.002196736,False,0.00192,False
2025-09-23,RS03AXBS-MJ03A-06-PRESTA301,4,True,2025-09-23T00:00:03Z,2025-09-23T23:59:48Z,5760,5760,0,14.999925,14.999481678,15.000001876,-0.001929256,0,0,0,0,0.0,5.521835,30.637583,1.803207e-12,0.0003681223,0.002042505,False,0.002125,False
2025-09-24,RS03AXBS-MJ03A-06-PRESTA301,4,True,2025-09-24T00:00:03Z,2025-09-24T23:59:49Z,5760,5760,0,14.999925,14.999479771,15.000001153,0.001949219,0,0,0,0,0.0,5.133817,32.802537,6.989585e-13,0.0003422544,0.002186836,False,0.001937,False
2025-09-25,RS03AXBS-MJ03A-06-PRESTA301,4,True,2025-09-25T00:00:03Z,2025-09-25T23:59:49Z,5760,5760,0,14.999925,14.9994874,15.000000518,0.00173486,0,0,0,0,0.0,19.421143,1004.172242,1.032588e-12,0.001294743,0.06694481,False,0.066957,False
2025-09-26,RS03AXBS-MJ03A-06-PRESTA301,4,True,2025-09-26T00:00:04Z,2025-09-26T23:59:49Z,5760,5760,0,14.999925,14.999486923,15.000000767,0.001964547,0,0,0,0,0.0,5.80314,31.448541,7.172565e-13,0.000386876,0.002096569,False,0.002098,False
2025-09-27,RS03AXBS-MJ03A-06-PRESTA301,4,True,2025-09-27T00:00:04Z,2025-09-27T23:59:49Z,5760,5760,0,14.999925,14.999495029,15.000000091,0.004320359,0,0,0,0,0.0,4.742478,29.031514,2.04663e-12,0.0003161652,0.001935434,False,0.001737,False
2025-09-28,RS03AXBS-MJ03A-06-PRESTA301,4,True,2025-09-28T00:00:04Z,2025-09-28T23:59:49Z,5760,5760,0,14.999925,14.999498844,15.000001105,0.009585442,0,0,0,0,0.0,4.635371,29.873865,1.511992e-12,0.0003090247,0.001991591,False,0.001818,False
2025-09-29,RS03AXBS-MJ03A-06-PRESTA301,4,True,2025-09-29T00:00:04Z,2025-09-29T23:59:49Z,5760,5760,0,14.999925,14.999505043,15.000002402,0.001822427,0,0,0,0,0.0,6.242426,49.837022,1.952698e-12,0.0004161616,0.003322468,False,0.002701,False
2025-09-30,RS03AXBS-MJ03A-06-PRESTA301,4,True,2025-09-30T00:00:04Z,2025-09-30T23:59:49Z,5760,5760,0,14.999925,14.999511719,15.000000919,-0.002441661,0,0,0,0,0.0,5.956577,27.885951,1.165232e-12,0.0003971051,0.001859063,False,0.001933,False
2025-10-01,RS03AXBS-MJ03A-06-PRESTA301,4,True,2025-10-01T00:00:04Z,2025-10-01T23:59:49Z,5760,5760,0,14.999925,14.999504089,15.000002023,-0.00780607,0,0,0,0,0.0,6.066693,25.418475,1.450326e-12,0.0004044461,0.001694565,False,0.001368,False
2025-10-02,RS03AXBS-MJ03A-06-PRESTA301,4,True,2025-10-02T00:00:04Z,2025-10-02T23:59:49Z,5760,5760,0,14.999925,14.999491215,15.000001494,0.005871986,0,0,0,0,0.0,4.718042,31.717333,2.104923e-12,0.0003145361,0.002114489,False,0.001928,False
2025-10-03,RS03AXBS-MJ03A-06-PRESTA301,4,True,2025-10-03T00:00:04Z,2025-10-03T23:59:49Z,5760,5760,0,14.999925,14.999494076,15.000001602,0.00217012,0,0,0,0,0.0,4.710703,29.370931,3.043981e-12,0.0003140468,0.001958062,False,0.001952,False
2025-10-04,RS03AXBS-MJ03A-06-PRESTA301,4,True,2025-10-04T00:00:04Z,2025-10-04T23:59:49Z,5760,5760,0,14.999925,14.999491215,15.000000486,0.005259549,0,0,0,0,0.0,4.7199,32.087251,3.089196e-12,0.00031466,0.00213915,False,0.002127,False
2025-10-05,RS03AXBS-MJ03A-06-PRESTA301,4,True,2025-10-05T00:00:04Z,2025-10-05T23:59:49Z,5760,5760,0,14.999925,14.999487877,15.000000573,0.003436737,0,0,0,0,0.0,7.037952,42.159966,1.736685e-12,0.0004691968,0.002810664,False,0.003002,False
2025-10-06,RS03AXBS-MJ03A-06-PRESTA301,4,True,2025-10-06T00:00:04Z,2025-10-06T23:59:49Z,5760,5760,0,14.999925,14.999470711,15.000000976,0.003496266,0,0,0,0,0.0,4.329676,29.161137,2.206639e-12,0.0002886451,0.001944076,False,0.001852,False
2025-10-07,RS03AXBS-MJ03A-06-PRESTA301,4,True,2025-10-07T00:00:04Z,2025-10-07T23:59:49Z,5760,5760,0,14.999925,14.999474049,15.000000231,-0.000183266,0,0,0,0,0.0,6.657054,35.991335,2.731246e-12,0.0004438036,0.002399422,False,0.001964,False
2025-10-08,RS03AXBS-MJ03A-06-PRESTA301,4,True,2025-10-08T00:00:04Z,2025-10-08T23:59:49Z,5760,5760,0,14.999925,14.99947691,15.000001587,-0.001905913,0,0,0,0,0.0,6.411952,42.18849,2.214778e-12,0.0004274634,0.002812566,False,0.002994,False
2025-10-09,RS03AXBS-MJ03A-06-PRESTA301,4,True,2025-10-09T00:00:04Z,2025-10-09T23:59:49Z,5760,5760,0,14.999925,14.999478817,15.000001091,0.004657083,0,0,0,0,0.0,4.359993,20.394019,2.671828e-12,0.0002906661,0.001359601,False,0.001416,False
2025-10-10,RS03AXBS-MJ03A-06-PRESTA301,4,True,2025-10-10T00:00:04Z,2025-10-10T23:59:49Z,5760,5760,0,14.999925,14.999470234,15.000001663,-0.000928762,0,0,0,0,0.0,4.644958,22.081421,3.147761e-12,0.0003096638,0.001472095,False,0.001348,False
2025-10-11,RS03AXBS-MJ03A-06-PRESTA301,4,True,2025-10-11T00:00:04Z,2025-10-11T23:59:49Z,5760,5760,0,14.999925,14.99948597,15.000002126,0.004371877,0,0,0,0,0.0,5.070845,29.450202,2.20591e-12,0.0003380563,0.001963347,False,0.001865,False
2025-10-12,RS03AXBS-MJ03A-06-PRESTA301,4,True,2025-10-12T00:00:04Z,2025-10-12T23:59:49Z,5760,5760,0,14.999925,14.999516964,15.000001757,0.0037736,0,0,0,0,0.0,8.562292,87.929712,2.026098e-12,0.0005708194,0.00586198,False,0.006245,False
2025-10-13,RS03AXBS-MJ03A-06-PRESTA301,4,True,2025-10-13T00:00:04Z,2025-10-13T23:59:49Z,5760,5760,0,14.999925,14.999494076,14.999999797,-0.001832479,0,0,0,0,0.0,4.470099,22.929495,1.955254e-12,0.0002980066,0.001528633,False,0.001363,False
2025-10-14,RS03AXBS-MJ03A-06-PRESTA301,4,True,2025-10-14T00:00:04Z,2025-10-14T23:59:49Z,5760,5760,0,14.999925,14.999526024,14.999998982,0.017806437,0,0,0,0,0.0,6.371425,25.003121,1.641074e-12,0.0004247617,0.001666875,False,0.001362,False
2025-10-15,RS03AXBS-MJ03A-06-PRESTA301,4,True,2025-10-15T00:00:04Z,2025-10-15T23:59:49Z,5760,5760,0,14.999925,14.999487877,14.999998335,0.006232426,0,0,0,0,0.0,8.080809,89.35585,2.184529e-12,0.0005387207,0.005957057,False,0.006037,False
2025-10-16,RS03AXBS-MJ03A-06-PRESTA301,4,True,2025-10-16T00:00:04Z,2025-10-16T23:59:49Z,5760,5760,0,14.999925,14.999502182,15.00000058,-0.000434347,0,0,0,0,0.0,5.117086,31.927985,1.05798e-12,0.0003411391,0.002128532,False,0.001968,False
2025-10-17,RS03AXBS-MJ03A-06-PRESTA301,4,True,2025-10-17T00:00:04Z,2025-10-17T23:59:49Z,5760,5760,0,14.999925,14.999490738,15.000000324,-0.000159987,0,0,0,0,0.0,5.227822,36.367981,6.200014e-13,0.0003485215,0.002424532,False,0.002019,False
2025-10-18,RS03AXBS-MJ03A-06-PRESTA301,4,True,2025-10-18T00:00:04Z,2025-10-18T23:59:49Z,5760,5760,0,14.999925,14.999489784,14.99999914,0.009346265,0,0,0,0,0.0,4.826891,23.413417,1.727529e-12,0.0003217928,0.001560895,False,0.001474,False
2025-10-19,RS03AXBS-MJ03A-06-PRESTA301,4,True,2025-10-19T00:00:04Z,2025-10-19T23:59:49Z,5760,5760,0,14.999925,14.999487877,14.999999839,0.006416503,0,0,0,0,0.0,5.212342,33.780765,1.478107e-12,0.0003474894,0.002252051,False,0.002012,False
2025-10-20,RS03AXBS-MJ03A-06-PRESTA301,4,True,2025-10-20T00:00:04Z,2025-10-20T23:59:49Z,5760,5760,0,14.999925,14.999496937,14.99999995,0.003192718,0,0,0,0,0.0,5.016929,29.687416,1.85726e-12,0.0003344619,0.001979161,False,0.001902,False
2025-10-21,RS03AXBS-MJ03A-06-PRESTA301,4,True,2025-10-21T00:00:04Z,2025-10-21T23:59:49Z,5760,5760,0,14.999925,14.999466896,15.000000335,-0.003265665,0,0,0,0,0.0,4.989462,21.700485,2.933675e-12,0.0003326308,0.001446699,False,0.001388,False
2025-10-22,RS03AXBS-MJ03A-06-PRESTA301,4,True,2025-10-22T00:00:04Z,2025-10-22T23:59:49Z,5760,5760,0,14.999925,14.999486923,15.000001034,0.009447982,0,0,0,0,0.0,5.850323,31.681982,1.415447e-12,0.0003900215,0.002112132,False,0.00179,False
2025-10-23,RS03AXBS-MJ03A-06-PRESTA301,4,True,2025-10-23T00:00:04Z,2025-10-23T23:59:49Z,5760,5760,0,14.999925,14.999482155,15.000001832,-0.000104718,0,0,0,0,0.0,6.312107,31.929623,1.971288e-12,0.0004208071,0.002128641,False,0.001801,False
2025-10-24,RS03AXBS-MJ03A-06-PRESTA301,4,True,2025-10-24T00:00:04Z,2025-10-24T23:59:49Z,5760,5760,0,14.999925,14.999479771,14.999999848,0.004349503,0,0,0,0,0.0,5.369976,32.84895,8.844397e-13,0.0003579984,0.00218993,False,0.001936,False
2025-10-25,RS03AXBS-MJ03A-06-PRESTA301,4,True,2025-10-25T00:00:04Z,2025-10-25T23:59:49Z,5760,5760,0,14.999925,14.999474049,15.000001131,-0.000746004,0,0,0,0,0.0,5.862992,32.500189,2.23258e-12,0.0003908661,0.002166679,False,0.002364,False
2025-10-26,RS03AXBS-MJ03A-06-PRESTA301,4,True,2025-10-26T00:00:04Z,2025-10-26T23:59:49Z,5760,5760,0,14.999925,14.999505043,15.000001343,0.002064371,0,0,0,0,0.0,8.769935,88.960225,2.061407e-12,0.0005846623,0.005930681,False,0.005942,False
2025-10-27,RS03AXBS-MJ03A-06-PRESTA301,4,True,2025-10-27T00:00:04Z,2025-10-27T23:59:49Z,5760,5760,0,14.999925,14.999504089,15.000000458,0.001251402,0,0,0,0,0.0,4.610418,30.443074,2.35973e-12,0.0003073612,0.002029538,False,0.002026,False
2025-10-28,RS03AXBS-MJ03A-06-PRESTA301,4,True,2025-10-28T00:00:04Z,2025-10-28T23:59:49Z,5760,5760,0,14.999925,14.999493122,15.000001826,-0.001906292,0,0,0,0,0.0,5.139421,31.32581,2.200181e-12,0.000342628,0.002088387,False,0.002651,False
2025-10-29,RS03AXBS-MJ03A-06-PRESTA301,4,True,2025-10-29T00:00:04Z,2025-10-29T23:59:49Z,5760,5760,0,14.999925,14.99950695,15.000001198,-0.002567185,0,0,0,0,0.0,5.945104,30.827986,2.013931e-12,0.0003963402,0.002055199,False,0.00191,False
2025-10-30,RS03AXBS-MJ03A-06-PRESTA301,4,True,2025-10-30T00:00:04Z,2025-10-30T23:59:49Z,5760,5760,0,14.999925,14.999503136,15.000000714,0.004282964,0,0,0,0,0.0,5.24275,33.462157,7.897543e-13,0.0003495166,0.00223081,False,0.002349,False
2025-10-31,RS03AXBS-MJ03A-06-PRESTA301,4,True,2025-10-31T00:00:04Z,2025-10-31T23:59:49Z,5719,5760,41,14.999925,14.999505997,15.00000048,0.004273925,1,41,1,41,0.0,6.42933,27.988803,4.392212e-13,0.000428622,0.00186592,False,0.001925,True
2025-11-01,RS03AXBS-MJ03A-06-PRESTA301,4,True,2025-11-01T00:00:04Z,2025-11-01T23:59:49Z,5760,5760,0,14.999925,14.999495983,15.000001605,0.001541459,0,0,0,0,0.0,5.977811,38.894193,2.071283e-12,0.0003985207,0.002592946,False,0.001979,False
2025-11-02,RS03AXBS-MJ03A-06-PRESTA301,4,True,2025-11-02T00:00:04Z,2025-11-02T23:59:49Z,5760,5760,0,14.999925,14.999483109,15.000001327,0.006340095,0,0,0,0,0.0,5.839201,23.968638,1.96357e-12,0.00038928,0.001597909,False,0.001804,False
2025-11-03,RS03AXBS-MJ03A-06-PRESTA301,4,True,2025-11-03T00:00:04Z,2025-11-03T23:59:49Z,5754,5760,6,14.999925,14.999495029,15.000000172,0.011426434,1,6,1,6,0.0,4.8384,32.403547,1.410022e-12,0.00032256,0.002160236,False,0.001911,True
2025-11-04,RS03AXBS-MJ03A-06-PRESTA301,4,True,2025-11-04T00:00:04Z,2025-11-04T23:59:49Z,5747,5760,13,14.999925,14.999492407,15.000000435,0.002337937,2,13,2,13,0.0,10.420818,86.985285,5.675544e-14,0.0006947212,0.005799019,False,0.005798,True
2025-11-05,RS03AXBS-MJ03A-06-PRESTA301,4,True,2025-11-05T00:00:04Z,2025-11-05T23:59:49Z,5760,5760,0,14.999925,14.999477863,15.000002015,0.000183318,0,0,0,0,0.0,7.116962,34.362134,1.72277e-12,0.0004744641,0.002290809,False,0.001907,False
2025-11-06,RS03AXBS-MJ03A-06-PRESTA301,4,True,2025-11-06T00:00:04Z,2025-11-06T23:59:49Z,5760,5760,0,14.999925,14.999447823,15.000001446,0.000588041,0,0,0,0,0.0,4.561336,28.628502,2.450683e-12,0.000304089,0.001908567,False,0.002281,False
2025-11-07,RS03AXBS-MJ03A-06-PRESTA301,4,True,2025-11-07T00:00:04Z,2025-11-07T23:59:49Z,5760,5760,0,14.999925,14.999450684,15.000002,-0.000157118,0,0,0,0,0.0,5.604968,29.761307,1.161364e-12,0.0003736645,0.001984087,False,0.001903,False
2025-11-08,RS03AXBS-MJ03A-06-PRESTA301,4,True,2025-11-08T00:00:04Z,2025-11-08T23:59:49Z,5760,5760,0,14.999925,14.999459743,15.000001589,0.002139169,0,0,0,0,0.0,11.376773,93.866284,1.480602e-12,0.0007584514,0.006257752,False,0.005988,False
2025-11-09,RS03AXBS-MJ03A-06-PRESTA301,4,True,2025-11-09T00:00:04Z,2025-11-09T23:59:49Z,5760,5760,0,14.999925,14.999499798,15.000000508,0.011850392,0,0,0,0,0.0,5.454698,36.816722,2.942652e-12,0.0003636465,0.002454448,False,0.00207,False
2025-11-10,RS03AXBS-MJ03A-06-PRESTA301,4,True,2025-11-10T00:00:04Z,2025-11-10T23:59:49Z,5760,5760,0,14.999925,14.999462605,15.000001468,0.0077355,0,0,0,0,0.0,3.849635,18.028992,2.301367e-12,0.0002566423,0.001201933,False,0.001386,False
2025-11-11,RS03AXBS-MJ03A-06-PRESTA301,4,True,2025-11-11T00:00:04Z,2025-11-11T23:59:49Z,5760,5760,0,14.999925,14.999493122,15.000000064,-0.002101878,0,0,0,0,0.0,5.228348,44.159878,9.811114e-13,0.0003485565,0.002943992,False,0.002259,False
2025-11-12,RS03AXBS-MJ03A-06-PRESTA301,4,True,2025-11-12T00:00:04Z,2025-11-12T23:59:49Z,5760,5760,0,14.999925,14.999505997,15.000000873,0.00177062,0,0,0,0,0.0,4.488423,28.625442,2.818212e-12,0.0002992282,0.001908363,False,0.002187,False
2025-11-13,RS03AXBS-MJ03A-06-PRESTA301,4,True,2025-11-13T00:00:04Z,2025-11-13T23:59:49Z,5760,5760,0,14.999925,14.999502182,15.000001992,-0.002173561,0,0,0,0,0.0,4.152365,19.207672,9.845021e-13,0.0002768243,0.001280511,False,0.001338,False
2025-11-14,RS03AXBS-MJ03A-06-PRESTA301,4,True,2025-11-14T00:00:04Z,2025-11-14T23:59:49Z,5760,5760,0,14.999925,14.999484062,15.000002377,-0.003143536,0,0,0,0,0.0,6.408751,34.495603,2.949138e-12,0.00042725,0.002299707,False,0.001947,False
2025-11-15,RS03AXBS-MJ03A-06-PRESTA301,4,True,2025-11-15T00:00:04Z,2025-11-15T23:59:49Z,5760,5760,0,14.999925,14.999490738,15.000002194,-0.001055968,0,0,0,0,0.0,4.580534,31.093546,2.911055e-12,0.0003053689,0.002072903,False,0.001883,False
2025-11-16,RS03AXBS-MJ03A-06-PRESTA301,4,True,2025-11-16T00:00:04Z,2025-11-16T23:59:49Z,5760,5760,0,14.999925,14.999499798,15.000001288,0.028092065,0,0,0,0,0.0,5.445549,31.707931,1.221556e-12,0.0003630366,0.002113862,False,0.00302,False
2025-11-17,RS03AXBS-MJ03A-06-PRESTA301,4,True,2025-11-17T00:00:04Z,2025-11-17T23:59:49Z,5760,5760,0,14.999925,14.999475956,15.000001152,-0.002764781,0,0,0,0,0.0,6.404588,30.680215,2.674014e-12,0.0004269725,0.002045347,False,0.001975,False
2025-11-18,RS03AXBS-MJ03A-06-PRESTA301,4,True,2025-11-18T00:00:04Z,2025-11-18T23:59:49Z,5760,5760,0,14.999925,14.999454975,15.000001604,-0.003550143,0,0,0,0,0.0,6.526331,34.289848,1.936265e-12,0.0004350887,0.00228599,False,0.002038,False
2025-11-19,RS03AXBS-MJ03A-06-PRESTA301,4,True,2025-11-19T00:00:04Z,2025-11-19T23:59:49Z,5760,5760,0,14.999925,14.999480724,15.000001909,-0.003724227,0,0,0,0,0.0,5.338318,31.58723,1.316898e-12,0.0003558878,0.002105815,False,0.001921,False
2025-11-20,RS03AXBS-MJ03A-06-PRESTA301,4,True,2025-11-20T00:00:04Z,2025-11-20T23:59:49Z,5760,5760,0,14.999925,14.999473095,15.000002077,-0.001409198,0,0,0,0,0.0,5.697968,45.741297,1.180832e-12,0.0003798645,0.003049419,False,0.002689,False
2025-11-21,RS03AXBS-MJ03A-06-PRESTA301,4,True,2025-11-21T00:00:04Z,2025-11-21T23:59:49Z,5760,5760,0,14.999925,14.999498844,15.000002131,0.001075766,0,0,0,0,0.0,4.217051,21.995602,1.401381e-12,0.0002811367,0.001466373,False,0.001385,False
2025-11-22,RS03AXBS-MJ03A-06-PRESTA301,4,True,2025-11-22T00:00:04Z,2025-11-22T23:59:49Z,5760,5760,0,14.999925,14.999475002,15.000001471,0.00235244,0,0,0,0,0.0,4.784732,27.793315,1.044522e-12,0.0003189821,0.001852887,False,0.001934,False
2025-11-23,RS03AXBS-MJ03A-06-PRESTA301,4,True,2025-11-23T00:00:04Z,2025-11-23T23:59:49Z,5760,5760,0,14.999925,14.999491692,15.000001746,0.003086532,0,0,0,0,0.0,5.773019,44.310115,1.327543e-12,0.0003848679,0.002954007,False,0.002717,False
2025-11-24,RS03AXBS-MJ03A-06-PRESTA301,4,True,2025-11-24T00:00:04Z,2025-11-24T23:59:49Z,5760,5760,0,14.999925,14.999452114,15.000000801,0.001941402,0,0,0,0,0.0,4.748279,33.060201,1.762017e-12,0.0003165519,0.002204013,False,0.001972,False
2025-11-25,RS03AXBS-MJ03A-06-PRESTA301,4,True,2025-11-25T00:00:04Z,2025-11-25T23:59:49Z,5760,5760,0,14.999925,14.999494553,15.000002176,-0.004835833,0,0,0,0,0.0,5.097192,28.709906,2.315713e-12,0.0003398128,0.001913993,False,0.001498,False
2025-11-26,RS03AXBS-MJ03A-06-PRESTA301,4,True,2025-11-26T00:00:04Z,2025-11-26T23:59:49Z,5760,5760,0,14.999925,14.999505043,15.000000746,0.002458871,0,0,0,0,0.0,4.171623,20.003383,9.560611e-13,0.0002781082,0.001333559,False,0.00135,False
2025-11-27,RS03AXBS-MJ03A-06-PRESTA301,4,True,2025-11-27T00:00:04Z,2025-11-27T23:59:49Z,5760,5760,0,14.999925,14.999502659,15.000001221,0.004765365,0,0,0,0,0.0,5.694676,43.198933,1.463125e-12,0.000379645,0.002879929,False,0.002958,False
2025-11-28,RS03AXBS-MJ03A-06-PRESTA301,4,True,2025-11-28T00:00:04Z,2025-11-28T23:59:49Z,5760,5760,0,14.999925,14.999514103,15.00000109,0.008490017,0,0,0,0,0.0,4.469468,21.001155,2.969658e-12,0.0002979645,0.001400077,False,0.001468,False
2025-11-29,RS03AXBS-MJ03A-06-PRESTA301,4,True,2025-11-29T00:00:04Z,2025-11-29T23:59:49Z,5760,5760,0,14.999925,14.999509811,15.000003022,-0.002140611,0,0,0,0,0.0,8.778286,90.243352,2.826768e-12,0.0005852189,0.006016222,False,0.006008,False
2025-11-30,RS03AXBS-MJ03A-06-PRESTA301,4,True,2025-11-30T00:00:04Z,2025-11-30T23:59:49Z,5760,5760,0,14.999925,14.999491692,15.000002214,0.000841534,0,0,0,0,0.0,4.948642,32.165802,2.942359e-12,0.0003299094,0.002144386,False,0.001899,False
2025-12-01,RS03AXBS-MJ03A-06-PRESTA301,4,True,2025-12-01T00:00:04Z,2025-12-01T23:59:49Z,5760,5760,0,14.999925,14.999505043,15.000001503,-0.001198389,0,0,0,0,0.0,6.15231,34.922521,1.407052e-12,0.000410154,0.002328168,False,0.001936,False
2025-12-02,RS03AXBS-MJ03A-06-PRESTA301,4,True,2025-12-02T00:00:04Z,2025-12-02T23:59:49Z,5760,5760,0,14.999925,14.999455929,15.000002006,-0.001575082,0,0,0,0,0.0,5.845781,29.545699,2.429008e-12,0.0003897187,0.001969713,False,0.001933,False
2025-12-03,RS03AXBS-MJ03A-06-PRESTA301,4,True,2025-12-03T00:00:04Z,2025-12-03T23:59:49Z,5760,5760,0,14.999925,14.999471188,15.000001957,-0.004505087,0,0,0,0,0.0,4.577365,28.158269,1.767668e-12,0.0003051576,0.001877218,False,0.001901,False
2025-12-04,RS03AXBS-MJ03A-06-PRESTA301,4,True,2025-12-04T00:00:04Z,2025-12-04T23:59:49Z,5760,5760,0,14.999925,14.99945116,15.000002287,-0.003714893,0,0,0,0,0.0,4.671279,32.348456,2.326176e-12,0.0003114186,0.002156563,False,0.002426,False
2025-12-05,RS03AXBS-MJ03A-06-PRESTA301,4,True,2025-12-05T00:00:04Z,2025-12-05T23:59:49Z,5760,5760,0,14.999925,14.999448776,15.000002121,-0.006022708,0,0,0,0,0.0,6.653938,26.721017,2.105463e-12,0.0004435958,0.001781401,False,0.001858,False
2025-12-06,RS03AXBS-MJ03A-06-PRESTA301,4,True,2025-12-06T00:00:04Z,2025-12-06T23:59:49Z,5760,5760,0,14.999925,14.999462128,15.000001711,-0.007468599,0,0,0,0,0.0,5.747345,21.807088,2.037038e-12,0.0003831563,0.001453806,False,0.00136,False
2025-12-07,RS03AXBS-MJ03A-06-PRESTA301,4,True,2025-12-07T00:00:04Z,2025-12-07T23:59:49Z,5760,5760,0,14.999925,14.999478817,15.000002644,-0.004999447,0,0,0,0,0.0,6.47036,32.265418,3.58105e-13,0.0004313573,0.002151027,False,0.001932,False
2025-12-08,RS03AXBS-MJ03A-06-PRESTA301,4,True,2025-12-08T00:00:04Z,2025-12-08T23:59:49Z,5760,5760,0,14.999925,14.999479771,15.000001882,-0.000163108,0,0,0,0,0.0,5.918012,27.867128,1.900965e-12,0.0003945341,0.001857808,False,0.001861,False
2025-12-09,RS03AXBS-MJ03A-06-PRESTA301,4,True,2025-12-09T00:00:04Z,2025-12-09T23:59:49Z,5760,5760,0,14.999925,14.999475956,15.000002237,-0.000729565,0,0,0,0,0.0,5.776306,31.204812,2.127229e-12,0.000385087,0.002080321,False,0.001995,False
2025-12-10,RS03AXBS-MJ03A-06-PRESTA301,4,True,2025-12-10T00:00:04Z,2025-12-10T23:59:49Z,5760,5760,0,14.999925,14.999505043,15.00000283,0.001025509,0,0,0,0,0.0,5.323884,22.149818,7.908224e-13,0.0003549255,0.001476654,False,0.001964,False
2025-12-11,RS03AXBS-MJ03A-06-PRESTA301,4,True,2025-12-11T00:00:04Z,2025-12-11T23:59:49Z,5760,5760,0,14.999925,14.999507904,15.000001634,-0.001590631,0,0,0,0,0.0,6.381967,39.867008,2.020876e-12,0.0004254644,0.0026578,False,0.002918,False
2025-12-12,RS03AXBS-MJ03A-06-PRESTA301,4,True,2025-12-12T00:00:04Z,2025-12-12T23:59:49Z,5760,5760,0,14.999925,14.999512196,15.000000895,0.015885788,0,0,0,0,0.0,7.010773,29.448149,3.346426e-12,0.0004673848,0.00196321,False,0.0019,False
2025-12-13,RS03AXBS-MJ03A-06-PRESTA301,4,True,2025-12-13T00:00:04Z,2025-12-13T23:59:49Z,5760,5760,0,14.999925,14.999489307,15.000001968,-0.000825622,0,0,0,0,0.0,4.555418,31.164901,2.432793e-12,0.0003036945,0.00207766,False,0.001826,False
2025-12-14,RS03AXBS-MJ03A-06-PRESTA301,4,True,2025-12-14T00:00:04Z,2025-12-14T23:59:49Z,5760,5760,0,14.999925,14.99948597,15.000000154,0.003472998,0,0,0,0,0.0,5.78145,39.882659,1.40924e-12,0.00038543,0.002658844,False,0.002607,False
2025-12-15,RS03AXBS-MJ03A-06-PRESTA301,4,True,2025-12-15T00:00:04Z,2025-12-15T23:59:49Z,5760,5760,0,14.999925,14.999489307,15.000000337,-0.004822904,0,0,0,0,0.0,5.714748,24.473258,2.955183e-12,0.0003809832,0.00163155,False,0.001857,False
2025-12-16,RS03AXBS-MJ03A-06-PRESTA301,4,True,2025-12-16T00:00:04Z,2025-12-16T23:59:49Z,5760,5760,0,14.999925,14.99948597,15.000001201,-0.004857671,0,0,0,0,0.0,5.169026,28.500202,1.900753e-12,0.0003446017,0.001900013,False,0.001945,False
2025-12-17,RS03AXBS-MJ03A-06-PRESTA301,4,True,2025-12-17T00:00:04Z,2025-12-17T23:59:49Z,5760,5760,0,14.999925,14.999455929,15.000002046,0.011907557,0,0,0,0,0.0,6.656971,42.840221,3.50339e-12,0.000443798,0.002856014,False,0.002238,False
2025-12-18,RS03AXBS-MJ03A-06-PRESTA301,4,True,2025-12-18T00:00:04Z,2025-12-18T23:59:49Z,5760,5760,0,14.999925,14.999474049,15.000002918,-0.0023331,0,0,0,0,0.0,8.996617,89.984692,2.610702e-12,0.0005997744,0.005998978,False,0.005675,False
2025-12-19,RS03AXBS-MJ03A-06-PRESTA301,4,True,2025-12-19T00:00:04Z,2025-12-19T23:59:49Z,5760,5760,0,14.999925,14.999482155,15.000001445,0.012718615,0,0,0,0,0.0,4.552198,21.04176,1.602319e-12,0.0003034799,0.001402784,False,0.001574,False
2025-12-20,RS03AXBS-MJ03A-06-PRESTA301,4,True,2025-12-20T00:00:04Z,2025-12-20T23:59:49Z,5760,5760,0,14.999925,14.999505043,15.000002056,0.002495811,0,0,0,0,0.0,6.247806,43.189763,2.195384e-12,0.0004165204,0.002879317,False,0.002968,False
2025-12-21,RS03AXBS-MJ03A-06-PRESTA301,4,True,2025-12-21T00:00:04Z,2025-12-21T23:59:49Z,5760,5760,0,14.999925,14.999464035,15.000001065,0.006143152,0,0,0,0,0.0,9.25783,86.432603,1.158134e-12,0.0006171886,0.005762173,False,0.005942,False
2025-12-22,RS03AXBS-MJ03A-06-PRESTA301,4,True,2025-12-22T00:00:04Z,2025-12-22T23:59:49Z,5760,5760,0,14.999925,14.999486923,15.00000232,0.002668333,0,0,0,0,0.0,5.261788,29.057072,2.46991e-12,0.0003507858,0.001937138,False,0.002071,False
2025-12-23,RS03AXBS-MJ03A-06-PRESTA301,4,True,2025-12-23T00:00:04Z,2025-12-23T23:59:49Z,5760,5760,0,14.999925,14.999508858,15.00000181,-0.004148943,0,0,0,0,0.0,5.293747,29.408062,2.462196e-12,0.0003529164,0.001960537,False,0.001343,False
2025-12-24,RS03AXBS-MJ03A-06-PRESTA301,4,True,2025-12-24T00:00:04Z,2025-12-24T23:59:49Z,5760,5760,0,14.999925,14.999499798,15.000000929,0.00439394,0,0,0,0,0.0,5.043426,22.964258,1.487531e-12,0.0003362284,0.00153095,False,0.001411,False
2025-12-25,RS03AXBS-MJ03A-06-PRESTA301,4,True,2025-12-25T00:00:04Z,2025-12-25T23:59:49Z,5760,5760,0,14.999925,14.999517918,15.000001882,0.003879039,0,0,0,0,0.0,4.783816,22.068104,2.996043e-12,0.0003189211,0.001471207,False,0.001359,False
2025-12-26,RS03AXBS-MJ03A-06-PRESTA301,4,True,2025-12-26T00:00:04Z,2025-12-26T23:59:49Z,5760,5760,0,14.999925,14.999524117,15.000000709,0.003102735,0,0,0,0,0.0,5.0135,23.026018,1.243578e-12,0.0003342333,0.001535068,False,0.001441,False
2025-12-27,RS03AXBS-MJ03A-06-PRESTA301,4,True,2025-12-27T00:00:04Z,2025-12-27T23:59:49Z,5760,5760,0,14.999925,14.999511719,15.000001654,0.000177185,0,0,0,0,0.0,4.825185,26.304685,2.295799e-12,0.0003216789,0.001753645,False,0.00272,False
2025-12-28,RS03AXBS-MJ03A-06-PRESTA301,4,True,2025-12-28T00:00:04Z,2025-12-28T23:59:49Z,5760,5760,0,14.999925,14.999498844,15.000001078,-0.002555306,0,0,0,0,0.0,11.084461,89.909476,1.227801e-12,0.000738964,0.005993965,False,0.00627,False
2025-12-29,RS03AXBS-MJ03A-06-PRESTA301,4,True,2025-12-29T00:00:04Z,2025-12-29T23:59:49Z,5760,5760,0,14.999925,14.999499798,15.000001421,0.004318847,0,0,0,0,0.0,4.496633,21.599588,2.150974e-12,0.0002997755,0.001439972,False,0.001374,False
2025-12-30,RS03AXBS-MJ03A-06-PRESTA301,4,True,2025-12-30T00:00:04Z,2025-12-30T23:59:49Z,5760,5760,0,14.999925,14.999459743,15.000000866,0.005747664,0,0,0,0,0.0,4.773456,29.127309,2.053816e-12,0.0003182304,0.00194182,False,0.00184,False
2025-12-31,RS03AXBS-MJ03A-06-PRESTA301,4,True,2025-12-31T00:00:04Z,2025-12-31T23:59:49Z,5760,5760,0,14.999925,14.999455929,15.000001809,0.001800579,0,0,0,0,0.0,5.373294,29.647377,2.515879e-12,0.0003582196,0.001976492,False,0.001911,False
2026-01-01,RS03AXBS-MJ03A-06-PRESTA301,4,True,2026-01-01T00:00:04Z,2026-01-01T23:59:49Z,5760,5760,0,14.999925,14.999444008,15.000002529,0.001261492,0,0,0,0,0.0,4.19409,19.37442,1.666888e-12,0.000279606,0.001291628,False,0.001505,False
2026-01-02,RS03AXBS-MJ03A-06-PRESTA301,4,True,2026-01-02T00:00:04Z,2026-01-02T23:59:49Z,5760,5760,0,14.999925,14.999454975,15.000002902,-0.0090085,0,0,0,0,0.0,11.722571,90.630807,2.232255e-12,0.0007815046,0.006042053,False,0.005679,False
2026-01-03,RS03AXBS-MJ03A-06-PRESTA301,4,True,2026-01-03T00:00:04Z,2026-01-03T23:59:49Z,5760,5760,0,14.999925,14.999448776,15.000001347,-0.005370516,0,0,0,0,0.0,5.074053,27.66672,2.812242e-12,0.0003382702,0.001844448,False,0.001718,False
2026-01-04,RS03AXBS-MJ03A-06-PRESTA301,4,True,2026-01-04T00:00:04Z,2026-01-04T23:59:49Z,5750,5760,10,14.999925,14.999442101,15.000000693,0.004306767,1,10,1,10,-0.0,6.760701,33.55311,-1.249084e-12,0.0004507134,0.002236874,False,0.001922,True
2026-01-05,RS03AXBS-MJ03A-06-PRESTA301,4,True,2026-01-05T00:00:04Z,2026-01-05T23:59:49Z,5760,5760,0,14.999925,14.999468327,15.000001866,0.001445477,0,0,0,0,0.0,5.435853,29.019981,5.866057e-13,0.0003623902,0.001934665,False,0.001923,False
2026-01-06,RS03AXBS-MJ03A-06-PRESTA301,4,True,2026-01-06T00:00:04Z,2026-01-06T23:59:49Z,5760,5760,0,14.999925,14.999479294,15.000001736,-0.00314508,0,0,0,0,0.0,5.089279,29.827561,1.71094e-12,0.0003392852,0.001988504,False,0.002764,False
2026-01-07,RS03AXBS-MJ03A-06-PRESTA301,4,True,2026-01-07T00:00:04Z,2026-01-07T23:59:49Z,5760,5760,0,14.999925,14.999500751,15.000001722,0.00117354,0,0,0,0,0.0,4.913581,27.703118,2.659456e-12,0.000327572,0.001846874,False,0.00195,False
2026-01-08,RS03AXBS-MJ03A-06-PRESTA301,4,True,2026-01-08T00:00:04Z,2026-01-08T23:59:49Z,5760,5760,0,14.999925,14.999495983,15.000002021,0.001805266,0,0,0,0,0.0,9.424743,88.2145,1.622716e-12,0.0006283161,0.005880966,False,0.006485,False
2026-01-09,RS03AXBS-MJ03A-06-PRESTA301,4,True,2026-01-09T00:00:04Z,2026-01-09T23:59:49Z,5760,5760,0,14.999925,14.999505997,15.000000957,0.010606817,0,0,0,0,0.0,4.35742,19.255001,1.560503e-12,0.0002904946,0.001283667,False,0.001463,False
2026-01-10,RS03AXBS-MJ03A-06-PRESTA301,4,True,2026-01-10T00:00:04Z,2026-01-10T23:59:49Z,5760,5760,0,14.999925,14.999501228,15.000001214,-0.001425664,0,0,0,0,0.0,4.564858,20.32537,1.057036e-12,0.0003043239,0.001355025,False,0.001375,False
2026-01-11,RS03AXBS-MJ03A-06-PRESTA301,4,True,2026-01-11T00:00:04Z,2026-01-11T23:59:49Z,5760,5760,0,14.999925,14.999486923,15.000001477,-0.003726703,0,0,0,0,0.0,4.131042,19.644434,1.753376e-12,0.0002754027,0.001309629,False,0.001333,False
2026-01-12,RS03AXBS-MJ03A-06-PRESTA301,4,True,2026-01-12T00:00:04Z,2026-01-12T23:59:49Z,5760,5760,0,14.999925,14.999490261,15.000001645,4.0427e-05,0,0,0,0,0.0,5.42207,32.033173,2.598223e-12,0.0003614713,0.002135545,False,0.001964,False
2026-01-13,RS03AXBS-MJ03A-06-PRESTA301,4,True,2026-01-13T00:00:04Z,2026-01-13T23:59:49Z,5760,5760,0,14.999925,14.999483109,15.000002021,0.001740405,0,0,0,0,0.0,6.306213,33.649305,2.616761e-12,0.0004204141,0.002243287,False,0.0019,False
2026-01-14,RS03AXBS-MJ03A-06-PRESTA301,4,True,2026-01-14T00:00:04Z,2026-01-14T23:59:49Z,5760,5760,0,14.999925,14.999476433,15.000001506,0.002374972,0,0,0,0,0.0,4.627555,30.766258,8.978836e-13,0.0003085036,0.002051084,False,0.001781,False
2026-01-15,RS03AXBS-MJ03A-06-PRESTA301,4,True,2026-01-15T00:00:04Z,2026-01-15T23:59:49Z,5760,5760,0,14.999925,14.999466896,15.000001421,-0.001703776,0,0,0,0,0.0,5.248438,30.966385,2.456202e-12,0.0003498958,0.002064425,False,0.00213,False
2026-01-16,RS03AXBS-MJ03A-06-PRESTA301,4,True,2026-01-16T00:00:04Z,2026-01-16T23:59:49Z,5760,5760,0,14.999925,14.999462128,15.000001684,0.011090889,0,0,0,0,0.0,4.926904,29.968456,2.126302e-12,0.0003284602,0.001997897,False,0.001966,False
2026-01-17,RS03AXBS-MJ03A-06-PRESTA301,4,True,2026-01-17T00:00:04Z,2026-01-17T23:59:49Z,5760,5760,0,14.999925,14.999472618,15.000000738,-0.002866513,0,0,0,0,0.0,20.053762,995.7482,2.152896e-12,0.001336917,0.06638321,False,0.066687,False
2026-01-18,RS03AXBS-MJ03A-06-PRESTA301,4,True,2026-01-18T00:00:04Z,2026-01-18T23:59:50Z,5760,5760,0,14.999925,14.99945116,15.000001358,0.00165792,0,0,0,0,0.0,14.872971,1001.509823,1.014515e-12,0.0009915313,0.06676732,False,0.066613,False
2026-01-19,RS03AXBS-MJ03A-06-PRESTA301,4,True,2026-01-19T00:00:05Z,2026-01-19T23:59:50Z,5760,5760,0,14.999925,14.999456882,15.000000975,0.001622387,0,0,0,0,0.0,6.344105,43.212922,1.388615e-12,0.0004229403,0.002880861,False,0.002978,False
2026-01-20,RS03AXBS-MJ03A-06-PRESTA301,4,True,2026-01-20T00:00:05Z,2026-01-20T23:59:50Z,5760,5760,0,14.999925,14.999473572,15.000001112,0.000123453,0,0,0,0,0.0,6.56963,23.09278,1.662535e-12,0.0004379753,0.001539519,False,0.001363,False
2026-01-21,RS03AXBS-MJ03A-06-PRESTA301,4,True,2026-01-21T00:00:05Z,2026-01-21T23:59:50Z,5760,5760,0,14.999925,14.999496937,15.000000398,0.002958504,0,0,0,0,0.0,4.298327,19.64241,1.623254e-12,0.0002865551,0.001309494,False,0.001349,False
2026-01-22,RS03AXBS-MJ03A-06-PRESTA301,4,True,2026-01-22T00:00:05Z,2026-01-22T23:59:50Z,5760,5760,0,14.999925,14.999488354,15.000002268,-0.001836663,0,0,0,0,0.0,10.990763,86.885696,1.434439e-12,0.0007327174,0.005792379,False,0.005948,False
2026-01-23,RS03AXBS-MJ03A-06-PRESTA301,4,True,2026-01-23T00:00:05Z,2026-01-23T23:59:50Z,5760,5760,0,14.999925,14.999457359,15.0000015,0.00304864,0,0,0,0,0.0,5.001771,33.588054,1.682562e-12,0.0003334514,0.002239203,False,0.001807,False
2026-01-24,RS03AXBS-MJ03A-06-PRESTA301,4,True,2026-01-24T00:00:05Z,2026-01-24T23:59:50Z,5760,5760,0,14.999925,14.999507904,15.000001102,0.002727828,0,0,0,0,0.0,5.726802,33.909216,1.140674e-12,0.0003817868,0.002260614,False,0.001996,False
2026-01-25,RS03AXBS-MJ03A-06-PRESTA301,4,True,2026-01-25T00:00:05Z,2026-01-25T23:59:50Z,5760,5760,0,14.999925,14.999512196,15.000001067,-0.001194681,0,0,0,0,0.0,4.07866,21.642363,2.092738e-12,0.0002719106,0.001442824,False,0.001352,False
2026-01-26,RS03AXBS-MJ03A-06-PRESTA301,4,True,2026-01-26T00:00:05Z,2026-01-26T23:59:50Z,5760,5760,0,14.999925,14.999495029,15.000001652,-0.00307058,0,0,0,0,0.0,5.137075,30.254246,2.114552e-12,0.0003424716,0.00201695,False,0.001944,False
2026-01-27,RS03AXBS-MJ03A-06-PRESTA301,4,True,2026-01-27T00:00:05Z,2026-01-27T23:59:50Z,5760,5760,0,14.999925,14.999483585,15.000001003,0.002580874,0,0,0,0,0.0,4.958036,27.243284,3.501013e-12,0.0003305357,0.001816219,False,0.001886,False
2026-01-28,RS03AXBS-MJ03A-06-PRESTA301,4,True,2026-01-28T00:00:05Z,2026-01-28T23:59:50Z,5735,5760,25,14.999925,14.999466896,15.000002281,-0.001647602,1,25,1,25,0.0,4.581487,20.861237,1.847836e-13,0.0003054324,0.001390749,False,0.001729,True
2026-01-29,RS03AXBS-MJ03A-06-PRESTA301,4,True,2026-01-29T00:00:05Z,2026-01-29T23:59:50Z,5760,5760,0,14.999925,14.999464989,15.000002372,-0.002397085,0,0,0,0,0.0,4.989699,23.940759,6.923268e-13,0.0003326466,0.00159605,False,0.001366,False
2026-01-30,RS03AXBS-MJ03A-06-PRESTA301,4,True,2026-01-30T00:00:05Z,2026-01-30T23:59:50Z,5760,5760,0,14.999925,14.999473095,15.000001339,-0.001993467,0,0,0,0,0.0,6.064499,45.627872,1.037842e-12,0.0004042999,0.003041858,False,0.002948,False
2026-01-31,RS03AXBS-MJ03A-06-PRESTA301,4,True,2026-01-31T00:00:05Z,2026-01-31T23:59:50Z,5760,5760,0,14.999925,14.999475002,15.000001906,0.002307257,0,0,0,0,0.0,8.747895,85.740344,2.302992e-12,0.000583193,0.005716022,False,0.005523,False
2026-02-01,RS03AXBS-MJ03A-06-PRESTA301,4,True,2026-02-01T00:00:05Z,2026-02-01T23:59:50Z,5760,5760,0,14.999925,14.999477863,15.000001672,0.003830798,0,0,0,0,0.0,6.519329,46.314225,1.72657e-12,0.0004346219,0.003087615,False,0.003225,False
2026-02-02,RS03AXBS-MJ03A-06-PRESTA301,4,True,2026-02-02T00:00:05Z,2026-02-02T23:59:50Z,5760,5760,0,14.999925,14.99945879,15.000000989,0.000407575,0,0,0,0,0.0,5.477501,43.844068,2.222273e-12,0.0003651667,0.002922938,False,0.003038,False
2026-02-03,RS03AXBS-MJ03A-06-PRESTA301,4,True,2026-02-03T00:00:05Z,2026-02-03T23:59:50Z,5760,5760,0,14.999925,14.999486923,15.000002306,0.002974393,0,0,0,0,0.0,4.476477,31.403597,2.725709e-12,0.0002984318,0.002093573,False,0.001931,False
2026-02-04,RS03AXBS-MJ03A-06-PRESTA301,4,True,2026-02-04T00:00:05Z,2026-02-04T23:59:49Z,5759,5760,1,14.999925,14.999486446,14.999948924,0.100279184,1,1,1,1,0.0,207.165267,825.084954,6.731149e-13,0.01381106,0.05500585,False,0.066786,True
2026-02-05,RS03AXBS-MJ03A-06-PRESTA301,4,True,2026-02-05T00:00:04Z,2026-02-05T23:59:49Z,5760,5760,0,14.999925,14.999484539,15.000001243,0.008183407,0,0,0,0,0.0,4.742311,20.794547,2.717755e-12,0.000316154,0.001386303,False,0.001401,False
2026-02-06,RS03AXBS-MJ03A-06-PRESTA301,4,True,2026-02-06T00:00:04Z,2026-02-06T23:59:49Z,5760,5760,0,14.999925,14.999511719,15.000002303,0.003325607,0,0,0,0,0.0,5.331538,25.745964,1.965035e-12,0.0003554358,0.001716397,False,0.001948,False
2026-02-07,RS03AXBS-MJ03A-06-PRESTA301,4,True,2026-02-07T00:00:04Z,2026-02-07T23:59:49Z,5760,5760,0,14.999925,14.999492168,15.000001257,0.009682923,0,0,0,0,0.0,5.530575,32.825496,2.76877e-12,0.000368705,0.002188366,False,0.002232,False
2026-02-08,RS03AXBS-MJ03A-06-PRESTA301,4,True,2026-02-08T00:00:04Z,2026-02-08T23:59:49Z,5760,5760,0,14.999925,14.999512196,15.000000831,0.002334186,0,0,0,0,0.0,5.332842,31.650992,3.630267e-13,0.0003555228,0.002110066,False,0.001884,False
2026-02-09,RS03AXBS-MJ03A-06-PRESTA301,4,True,2026-02-09T00:00:04Z,2026-02-09T23:59:49Z,5760,5760,0,14.999925,14.999502659,15.000002059,-0.003465188,0,0,0,0,0.0,4.026332,19.270493,1.201151e-12,0.0002684221,0.001284699,False,0.001369,False
2026-02-10,RS03AXBS-MJ03A-06-PRESTA301,4,True,2026-02-10T00:00:04Z,2026-02-10T23:59:49Z,5760,5760,0,14.999925,14.999502659,15.000002435,-0.012464731,0,0,0,0,0.0,7.412854,46.085324,2.687476e-12,0.0004941902,0.003072354,False,0.003562,False
2026-02-11,RS03AXBS-MJ03A-06-PRESTA301,4,True,2026-02-11T00:00:04Z,2026-02-11T23:59:49Z,5760,5760,0,14.999925,14.999496937,15.000002789,-0.00203627,0,0,0,0,0.0,5.652847,25.876608,1.240031e-12,0.0003768564,0.001725107,False,0.001913,False
2026-02-12,RS03AXBS-MJ03A-06-PRESTA301,4,True,2026-02-12T00:00:04Z,2026-02-12T23:59:49Z,5760,5760,0,14.999925,14.999475002,15.000002006,-0.00091446,0,0,0,0,0.0,7.006363,35.77711,3.79551e-12,0.0004670908,0.00238514,False,0.002341,False
2026-02-13,RS03AXBS-MJ03A-06-PRESTA301,4,True,2026-02-13T00:00:04Z,2026-02-13T23:59:49Z,5760,5760,0,14.999925,14.999492168,15.000001048,0.002276949,0,0,0,0,0.0,5.60124,32.280917,2.586656e-12,0.000373416,0.002152061,False,0.002398,False
2026-02-14,RS03AXBS-MJ03A-06-PRESTA301,4,True,2026-02-14T00:00:04Z,2026-02-14T23:59:49Z,5760,5760,0,14.999925,14.99948597,15.000001436,-0.000600807,0,0,0,0,0.0,5.965567,42.85317,1.770712e-12,0.0003977044,0.002856878,False,0.002906,False
2026-02-15,RS03AXBS-MJ03A-06-PRESTA301,4,True,2026-02-15T00:00:04Z,2026-02-15T23:59:49Z,5760,5760,0,14.999925,14.99945879,15.000001095,0.008327166,0,0,0,0,0.0,5.086915,33.851092,1.911388e-12,0.0003391276,0.002256739,False,0.002114,False
2026-02-16,RS03AXBS-MJ03A-06-PRESTA301,4,True,2026-02-16T00:00:04Z,2026-02-16T23:59:49Z,5760,5760,0,14.999925,14.999494076,15.000001499,0.007652784,0,0,0,0,0.0,6.258929,52.101119,2.609665e-12,0.0004172619,0.003473408,False,0.002997,False
2026-02-17,RS03AXBS-MJ03A-06-PRESTA301,4,True,2026-02-17T00:00:04Z,2026-02-17T23:59:49Z,5760,5760,0,14.999925,14.999494076,15.000001094,0.00627757,0,0,0,0,0.0,4.726015,30.677437,1.812484e-12,0.0003150677,0.002045162,False,0.001721,False
2026-02-18,RS03AXBS-MJ03A-06-PRESTA301,4,True,2026-02-18T00:00:04Z,2026-02-18T23:59:49Z,5760,5760,0,14.999925,14.999486923,15.000001475,0.000551897,0,0,0,0,0.0,5.606059,27.495847,3.007313e-12,0.0003737372,0.001833056,False,0.002258,False
2026-02-19,RS03AXBS-MJ03A-06-PRESTA301,4,True,2026-02-19T00:00:04Z,2026-02-19T23:59:49Z,5760,5760,0,14.999925,14.999508858,15.000001108,-0.002223553,0,0,0,0,0.0,5.00824,28.763853,9.658933e-13,0.0003338826,0.00191759,False,0.001696,False
2026-02-20,RS03AXBS-MJ03A-06-PRESTA301,4,True,2026-02-20T00:00:04Z,2026-02-20T23:59:49Z,5760,5760,0,14.999925,14.999521255,15.000001719,0.005959122,0,0,0,0,0.0,4.859863,25.503121,1.65016e-12,0.0003239908,0.001700208,False,0.001888,False
2026-02-21,RS03AXBS-MJ03A-06-PRESTA301,4,True,2026-02-21T00:00:04Z,2026-02-21T23:59:49Z,5760,5760,0,14.999925,14.99951601,15.000001878,-0.00330207,0,0,0,0,0.0,5.202184,30.475369,1.866282e-12,0.0003468122,0.002031691,False,0.001871,False
2026-02-22,RS03AXBS-MJ03A-06-PRESTA301,4,True,2026-02-22T00:00:04Z,2026-02-22T23:59:49Z,5760,5760,0,14.999925,14.999519348,15.000001781,-0.018029859,0,0,0,0,0.0,5.076638,33.425606,1.085503e-12,0.0003384425,0.002228373,False,0.001875,False
2026-02-23,RS03AXBS-MJ03A-06-PRESTA301,4,True,2026-02-23T00:00:04Z,2026-02-23T23:59:49Z,5760,5760,0,14.999925,14.999512672,15.000001686,0.000687555,0,0,0,0,0.0,5.457071,30.913383,2.135185e-12,0.0003638047,0.002060892,False,0.001962,False
2026-02-24,RS03AXBS-MJ03A-06-PRESTA301,4,True,2026-02-24T00:00:04Z,2026-02-24T23:59:49Z,5760,5760,0,14.999925,14.999507427,15.000000938,0.006422771,0,0,0,0,0.0,4.018489,19.287695,1.688401e-12,0.0002678992,0.001285846,False,0.001345,False
2026-02-25,RS03AXBS-MJ03A-06-PRESTA301,4,True,2026-02-25T00:00:04Z,2026-02-25T23:59:49Z,5760,5760,0,14.999925,14.999481201,15.000001144,0.00329579,0,0,0,0,0.0,4.910348,29.46529,1.003669e-12,0.0003273565,0.001964353,False,0.001879,False
2026-02-26,RS03AXBS-MJ03A-06-PRESTA301,4,True,2026-02-26T00:00:04Z,2026-02-26T23:59:49Z,5760,5760,0,14.999925,14.999435902,15.00000121,-0.006419394,0,0,0,0,0.0,9.4268,92.024009,2.466008e-12,0.0006284533,0.006134933,False,0.006023,False
2026-02-27,RS03AXBS-MJ03A-06-PRESTA301,4,True,2026-02-27T00:00:04Z,2026-02-27T23:59:49Z,5720,5760,40,14.999925,14.999446869,15.000000413,0.005105312,1,40,1,40,-0.0,4.880478,21.057875,-1.806803e-12,0.0003253652,0.001403858,False,0.00139,True
2026-02-28,RS03AXBS-MJ03A-06-PRESTA301,4,True,2026-02-28T00:00:04Z,2026-02-28T23:59:49Z,5760,5760,0,14.999925,14.999486923,15.000001924,0.005376778,0,0,0,0,0.0,4.162952,18.938913,2.536529e-12,0.0002775301,0.001262594,False,0.001388,False
2026-03-01,RS03AXBS-MJ03A-06-PRESTA301,4,True,2026-03-01T00:00:04Z,2026-03-01T23:59:49Z,5760,5760,0,14.999925,14.99947691,15.000001662,0.002716747,0,0,0,0,0.0,4.485965,29.723163,2.492633e-12,0.0002990643,0.001981544,False,0.001948,False
2026-03-02,RS03AXBS-MJ03A-06-PRESTA301,4,True,2026-03-02T00:00:04Z,2026-03-02T23:59:49Z,5760,5760,0,14.999925,14.99947834,15.000001563,-0.000204506,0,0,0,0,0.0,3.871188,17.366909,2.41547e-12,0.0002580792,0.001157794,False,0.001386,False
2026-03-03,RS03AXBS-MJ03A-06-PRESTA301,4,True,2026-03-03T00:00:04Z,2026-03-03T23:59:49Z,5760,5760,0,14.999925,14.999477863,15.000001896,0.000757281,0,0,0,0,0.0,4.94234,31.789105,2.677902e-12,0.0003294893,0.002119273,False,0.001892,False
2026-03-04,RS03AXBS-MJ03A-06-PRESTA301,4,True,2026-03-04T00:00:04Z,2026-03-04T23:59:49Z,5760,5760,0,14.999925,14.999489307,15.00000221,-0.002973286,0,0,0,0,0.0,8.441914,91.410754,1.311911e-12,0.0005627942,0.006094049,False,0.005941,False
2026-03-05,RS03AXBS-MJ03A-06-PRESTA301,4,True,2026-03-05T00:00:04Z,2026-03-05T23:59:49Z,5760,5760,0,14.999925,14.999487877,15.000001417,0.00281294,0,0,0,0,0.0,4.345712,30.461785,1.734076e-12,0.0002897141,0.002030785,False,0.003118,False
2026-03-06,RS03AXBS-MJ03A-06-PRESTA301,4,True,2026-03-06T00:00:04Z,2026-03-06T23:59:49Z,5760,5760,0,14.999925,14.99949789,15.000001804,-0.013863161,0,0,0,0,0.0,5.406915,44.647008,4.725972e-13,0.0003604609,0.002976467,False,0.003018,False
2026-03-07,RS03AXBS-MJ03A-06-PRESTA301,4,True,2026-03-07T00:00:04Z,2026-03-07T23:59:49Z,5760,5760,0,14.999925,14.999493122,14.999999764,-0.000390999,0,0,0,0,0.0,4.785874,29.698176,1.888115e-12,0.0003190583,0.001979878,False,0.001895,False
2026-03-08,RS03AXBS-MJ03A-06-PRESTA301,4,True,2026-03-08T00:00:04Z,2026-03-08T23:59:49Z,5760,5760,0,14.999925,14.999504089,15.000000553,0.000460921,0,0,0,0,0.0,9.902281,92.858495,2.518049e-12,0.000660152,0.006190566,False,0.005448,False
2026-03-09,RS03AXBS-MJ03A-06-PRESTA301,4,True,2026-03-09T00:00:04Z,2026-03-09T23:59:49Z,5760,5760,0,14.999925,14.999491692,15.000001955,0.002680827,0,0,0,0,0.0,4.640467,24.682209,3.234769e-12,0.0003093644,0.00164548,False,0.001525,False
2026-03-10,RS03AXBS-MJ03A-06-PRESTA301,4,True,2026-03-10T00:00:04Z,2026-03-10T23:59:49Z,5760,5760,0,14.999925,14.999484062,15.000001314,0.005527763,0,0,0,0,0.0,4.158598,21.570172,2.229843e-12,0.0002772398,0.001438011,False,0.001359,False
2026-03-11,RS03AXBS-MJ03A-06-PRESTA301,4,True,2026-03-11T00:00:04Z,2026-03-11T23:59:49Z,5760,5760,0,14.999925,14.999483109,15.000002222,-0.001391863,0,0,0,0,0.0,4.16586,18.768816,1.273499e-12,0.0002777239,0.001251254,False,0.001362,False
2026-03-12,RS03AXBS-MJ03A-06-PRESTA301,4,True,2026-03-12T00:00:04Z,2026-03-12T23:59:49Z,5760,5760,0,14.999925,14.99948597,15.000001462,-0.002543992,0,0,0,0,0.0,8.309786,85.881171,1.972614e-12,0.0005539857,0.005725411,False,0.005758,False
2026-03-13,RS03AXBS-MJ03A-06-PRESTA301,4,True,2026-03-13T00:00:04Z,2026-03-13T23:59:49Z,5760,5760,0,14.999925,14.999499798,15.000002024,-0.000948896,0,0,0,0,0.0,5.133153,28.709492,1.320586e-12,0.0003422101,0.001913966,False,0.001902,False
2026-03-14,RS03AXBS-MJ03A-06-PRESTA301,4,True,2026-03-14T00:00:04Z,2026-03-14T23:59:49Z,5760,5760,0,14.999925,14.999489784,15.000001733,0.001453501,0,0,0,0,0.0,4.338372,20.439722,2.092896e-12,0.0002892248,0.001362648,False,0.001377,False
2026-03-15,RS03AXBS-MJ03A-06-PRESTA301,4,True,2026-03-15T00:00:04Z,2026-03-15T23:59:49Z,5760,5760,0,14.999925,14.999485016,15.000001486,0.000912649,0,0,0,0,0.0,5.34835,24.166454,2.246152e-12,0.0003565567,0.001611097,False,0.001689,False
2026-03-16,RS03AXBS-MJ03A-06-PRESTA301,4,True,2026-03-16T00:00:04Z,2026-03-16T23:59:49Z,5760,5760,0,14.999925,14.999502182,15.000002309,-0.001928454,0,0,0,0,0.0,4.864372,33.198489,1.830936e-12,0.0003242914,0.002213232,False,0.001901,False
2026-03-17,RS03AXBS-MJ03A-06-PRESTA301,4,True,2026-03-17T00:00:04Z,2026-03-17T23:59:49Z,5727,5760,33,14.999925,14.999467611,15.00000168,0.001663022,1,33,1,33,0.0,4.349379,29.994933,1.873234e-12,0.0002899586,0.001999662,False,0.001892,True
2026-03-18,RS03AXBS-MJ03A-06-PRESTA301,4,True,2026-03-18T00:00:04Z,2026-03-18T23:59:49Z,5760,5760,0,14.999925,14.999466896,15.000001395,-0.000221702,0,0,0,0,0.0,4.819728,33.480196,1.337736e-12,0.0003213151,0.002232013,False,0.001973,False
2026-03-19,RS03AXBS-MJ03A-06-PRESTA301,4,True,2026-03-19T00:00:04Z,2026-03-19T23:59:49Z,5760,5760,0,14.999925,14.999477863,15.000002277,-0.000569017,0,0,0,0,0.0,4.893289,28.389535,2.7109e-12,0.0003262192,0.001892635,False,0.001882,False
2026-03-20,RS03AXBS-MJ03A-06-PRESTA301,4,True,2026-03-20T00:00:04Z,2026-03-20T23:59:49Z,5760,5760,0,14.999925,14.999524117,15.000001957,-0.006893779,0,0,0,0,0.0,7.653349,36.69987,2.141536e-12,0.0005102232,0.002446658,False,0.00284,False
2026-03-21,RS03AXBS-MJ03A-06-PRESTA301,4,True,2026-03-21T00:00:04Z,2026-03-21T23:59:49Z,5760,5760,0,14.999925,14.99950695,15.000001216,-0.004499211,0,0,0,0,0.0,5.365174,38.884417,3.162696e-12,0.0003576782,0.002592294,False,0.00232,False
2026-03-22,RS03AXBS-MJ03A-06-PRESTA301,4,True,2026-03-22T00:00:04Z,2026-03-22T23:59:49Z,5760,5760,0,14.999925,14.999485016,15.000001702,-0.002199135,0,0,0,0,0.0,7.763371,47.440098,2.097685e-12,0.000517558,0.003162673,False,0.002967,False
2026-03-23,RS03AXBS-MJ03A-06-PRESTA301,4,True,2026-03-23T00:00:04Z,2026-03-23T23:59:49Z,5760,5760,0,14.999925,14.999508858,15.00000089,0.00031769,0,0,0,0,0.0,4.354895,31.001142,1.960444e-12,0.0002903263,0.002066743,False,0.001996,False
2026-03-24,RS03AXBS-MJ03A-06-PRESTA301,4,True,2026-03-24T00:00:04Z,2026-03-24T23:59:49Z,5760,5760,0,14.999925,14.999475002,15.000001113,0.011254725,0,0,0,0,0.0,4.517485,21.011677,1.357488e-12,0.0003011656,0.001400778,False,0.001339,False
2026-03-25,RS03AXBS-MJ03A-06-PRESTA301,4,True,2026-03-25T00:00:04Z,2026-03-25T23:59:49Z,5760,5760,0,14.999925,14.99946785,15.000001739,-0.000910044,0,0,0,0,0.0,4.165979,19.321723,1.597234e-12,0.0002777319,0.001288115,False,0.001365,False
2026-03-26,RS03AXBS-MJ03A-06-PRESTA301,4,True,2026-03-26T00:00:04Z,2026-03-26T23:59:49Z,5760,5760,0,14.999925,14.99948597,15.000001052,0.000776923,0,0,0,0,0.0,5.610592,46.560503,1.794499e-12,0.0003740394,0.003104033,False,0.002736,False
2026-03-27,RS03AXBS-MJ03A-06-PRESTA301,4,True,2026-03-27T00:00:04Z,2026-03-27T23:59:49Z,5760,5760,0,14.999925,14.999495983,15.000001972,-0.001131921,0,0,0,0,0.0,5.668303,29.549885,1.055992e-12,0.0003778868,0.001969992,False,0.001927,False
2026-03-28,RS03AXBS-MJ03A-06-PRESTA301,4,True,2026-03-28T00:00:04Z,2026-03-28T23:59:49Z,5760,5760,0,14.999925,14.999475956,15.000001186,0.00213276,0,0,0,0,0.0,6.394025,30.205262,2.806105e-12,0.0004262683,0.002013684,False,0.00192,False
2026-03-29,RS03AXBS-MJ03A-06-PRESTA301,4,True,2026-03-29T00:00:04Z,2026-03-29T23:59:49Z,5760,5760,0,14.999925,14.999475956,15.00000158,0.003059973,0,0,0,0,0.0,5.094884,30.95836,2.675848e-12,0.0003396589,0.00206389,False,0.002044,False
2026-03-30,RS03AXBS-MJ03A-06-PRESTA301,4,True,2026-03-30T00:00:04Z,2026-03-30T23:59:49Z,5760,5760,0,14.999925,14.999490738,15.000002088,-0.003952191,0,0,0,0,0.0,4.61373,22.129732,2.414073e-12,0.000307582,0.001475315,False,0.001378,False
2026-03-31,RS03AXBS-MJ03A-06-PRESTA301,4,True,2026-03-31T00:00:04Z,2026-03-31T23:59:49Z,5760,5760,0,14.999925,14.999468803,15.000001326,0.001275115,0,0,0,0,0.0,5.521034,35.798637,2.768738e-12,0.0003680689,0.002386576,False,0.00209,False
2026-04-01,RS03AXBS-MJ03A-06-PRESTA301,4,True,2026-04-01T00:00:04Z,2026-04-01T23:59:49Z,5760,5760,0,14.999925,14.99949789,15.000001399,0.006359229,0,0,0,0,0.0,4.827374,28.05863,2.808928e-12,0.0003218249,0.001870575,False,0.001864,False
2026-04-02,RS03AXBS-MJ03A-06-PRESTA301,4,True,2026-04-02T00:00:04Z,2026-04-02T23:59:49Z,5760,5760,0,14.999925,14.999479771,15.000001577,0.005881588,0,0,0,0,0.0,4.797975,35.907391,3.421955e-12,0.000319865,0.002393826,False,0.001976,False
2026-04-03,RS03AXBS-MJ03A-06-PRESTA301,4,True,2026-04-03T00:00:04Z,2026-04-03T23:59:49Z,5760,5760,0,14.999925,14.999502182,15.000001905,-5.4765e-05,0,0,0,0,0.0,4.191959,21.74748,2.60473e-12,0.0002794639,0.001449832,False,0.001383,False
2026-04-04,RS03AXBS-MJ03A-06-PRESTA301,4,True,2026-04-04T00:00:04Z,2026-04-04T23:59:49Z,5760,5760,0,14.999925,14.99949789,15.000001861,-0.001406338,0,0,0,0,0.0,6.304847,30.1054,2.064588e-12,0.0004203231,0.002007026,False,0.002097,False
2026-04-05,RS03AXBS-MJ03A-06-PRESTA301,4,True,2026-04-05T00:00:04Z,2026-04-05T23:59:49Z,5760,5760,0,14.999925,14.999490738,15.000001517,0.00156047,0,0,0,0,0.0,5.192153,35.633255,1.776e-12,0.0003461435,0.00237555,False,0.002321,False
2026-04-06,RS03AXBS-MJ03A-06-PRESTA301,4,True,2026-04-06T00:00:04Z,2026-04-06T23:59:49Z,5760,5760,0,14.999925,14.999483109,15.000001246,0.000931579,0,0,0,0,0.0,5.405641,30.612053,1.951189e-12,0.000360376,0.002040803,False,0.001781,False
2026-04-07,RS03AXBS-MJ03A-06-PRESTA301,4,True,2026-04-07T00:00:04Z,2026-04-07T23:59:49Z,5760,5760,0,14.999925,14.999486923,15.000002044,-0.002532375,0,0,0,0,0.0,5.053053,33.272448,2.109476e-12,0.0003368702,0.002218163,False,0.001955,False
2026-04-08,RS03AXBS-MJ03A-06-PRESTA301,4,True,2026-04-08T00:00:04Z,2026-04-08T23:59:49Z,5760,5760,0,14.999925,14.999492645,15.000000806,-0.003008592,0,0,0,0,0.0,8.773156,89.107294,1.412334e-12,0.0005848771,0.005940486,False,0.006082,False
2026-04-09,RS03AXBS-MJ03A-06-PRESTA301,4,True,2026-04-09T00:00:04Z,2026-04-09T23:59:49Z,5760,5760,0,14.999925,14.999499321,14.999998413,-0.000606934,0,0,0,0,0.0,5.586954,31.402911,2.27099e-12,0.0003724636,0.002093528,False,0.001935,False
2026-04-10,RS03AXBS-MJ03A-06-PRESTA301,4,True,2026-04-10T00:00:04Z,2026-04-10T23:59:49Z,5760,5760,0,14.999925,14.999500751,14.999998116,-0.000277505,0,0,0,0,0.0,7.175956,46.37424,1.951312e-12,0.0004783971,0.003091616,False,0.003397,False
2026-04-11,RS03AXBS-MJ03A-06-PRESTA301,4,True,2026-04-11T00:00:04Z,2026-04-11T23:59:49Z,5760,5760,0,14.999925,14.999507904,15.000000979,0.009804693,0,0,0,0,0.0,5.4396,32.556801,8.929349e-13,0.00036264,0.002170453,False,0.002125,False
2026-04-12,RS03AXBS-MJ03A-06-PRESTA301,4,True,2026-04-12T00:00:04Z,2026-04-12T23:59:49Z,5760,5760,0,14.999925,14.999489784,14.999999685,0.00252949,0,0,0,0,0.0,4.28671,19.24616,1.227778e-12,0.0002857807,0.001283077,False,0.001375,False
2026-04-13,RS03AXBS-MJ03A-06-PRESTA301,4,True,2026-04-13T00:00:04Z,2026-04-13T23:59:49Z,5760,5760,0,14.999925,14.9994874,15.000000517,-0.000236847,0,0,0,0,0.0,3.907265,19.031842,1.366359e-12,0.0002604843,0.001268789,False,0.001329,False
2026-04-14,RS03AXBS-MJ03A-06-PRESTA301,4,True,2026-04-14T00:00:04Z,2026-04-14T23:59:49Z,5760,5760,0,14.999925,14.999499321,15.00000057,-0.002084791,0,0,0,0,0.0,9.547907,89.332686,1.111218e-12,0.0006365271,0.005955512,False,0.006512,False
2026-04-15,RS03AXBS-MJ03A-06-PRESTA301,4,True,2026-04-15T00:00:04Z,2026-04-15T23:59:49Z,5760,5760,0,14.999925,14.99950695,15.000002104,-0.006356046,0,0,0,0,0.0,4.0192,18.722994,1.983152e-12,0.0002679467,0.001248199,False,0.001379,False
2026-04-16,RS03AXBS-MJ03A-06-PRESTA301,4,True,2026-04-16T00:00:04Z,2026-04-16T23:59:49Z,5760,5760,0,14.999925,14.999517918,15.000000282,0.002068829,0,0,0,0,0.0,4.592457,32.649669,1.902533e-12,0.0003061638,0.002176645,False,0.001914,False
2026-04-17,RS03AXBS-MJ03A-06-PRESTA301,4,True,2026-04-17T00:00:04Z,2026-04-17T23:59:49Z,5760,5760,0,14.999925,14.999495029,15.000000576,0.002000653,0,0,0,0,0.0,4.154755,19.295253,2.617185e-12,0.0002769837,0.00128635,False,0.001661,False
2026-04-18,RS03AXBS-MJ03A-06-PRESTA301,4,True,2026-04-18T00:00:04Z,2026-04-18T23:59:49Z,5760,5760,0,14.999925,14.999501228,15.000000635,-0.000546676,0,0,0,0,0.0,4.678869,29.798,1.780901e-12,0.0003119246,0.001986533,False,0.001911,False
2026-04-19,RS03AXBS-MJ03A-06-PRESTA301,4,True,2026-04-19T00:00:04Z,2026-04-19T23:59:49Z,5760,5760,0,14.999925,14.999492168,15.000000999,0.011175396,0,0,0,0,0.0,4.744531,30.138744,3.996515e-13,0.000316302,0.002009249,False,0.002244,False
2026-04-20,RS03AXBS-MJ03A-06-PRESTA301,4,True,2026-04-20T00:00:04Z,2026-04-20T23:59:49Z,5760,5760,0,14.999925,14.999496937,15.000001306,-0.001672866,0,0,0,0,0.0,3.931649,20.619215,2.277513e-12,0.0002621099,0.001374614,False,0.001344,False
2026-04-21,RS03AXBS-MJ03A-06-PRESTA301,4,True,2026-04-21T00:00:04Z,2026-04-21T23:59:49Z,5756,5760,4,14.999925,14.999475002,14.999999877,0.004290753,4,4,4,4,-0.0,4.605731,29.253335,-1.376039e-12,0.0003070488,0.001950222,False,0.001908,True
2026-04-22,RS03AXBS-MJ03A-06-PRESTA301,4,True,2026-04-22T00:00:04Z,2026-04-22T23:59:49Z,5720,5760,40,14.999925,14.999479294,14.999999658,0.00064447,1,40,1,40,0.0,4.560773,19.882995,1.367585e-12,0.0003040515,0.001325533,False,0.001443,True
2026-04-23,RS03AXBS-MJ03A-06-PRESTA301,4,True,2026-04-23T00:00:04Z,2026-04-23T23:59:49Z,5760,5760,0,14.999925,14.999472618,15.000002706,-0.007712462,0,0,0,0,0.0,7.314203,33.829011,2.716106e-12,0.0004876135,0.002255267,False,0.00211,False
2026-04-24,RS03AXBS-MJ03A-06-PRESTA301,4,True,2026-04-24T00:00:04Z,2026-04-24T23:59:49Z,5760,5760,0,14.999925,14.99949789,15.000001268,0.00844368,0,0,0,0,0.0,4.911458,32.859691,1.710772e-12,0.0003274305,0.002190646,False,0.002293,False
2026-04-25,RS03AXBS-MJ03A-06-PRESTA301,4,True,2026-04-25T00:00:04Z,2026-04-25T23:59:49Z,5760,5760,0,14.999925,14.999504089,15.000001518,0.001411876,0,0,0,0,0.0,5.445847,31.917036,1.370565e-12,0.0003630564,0.002127802,False,0.00251,False
2026-04-26,RS03AXBS-MJ03A-06-PRESTA301,4,True,2026-04-26T00:00:04Z,2026-04-26T23:59:49Z,5760,5760,0,14.999925,14.999495029,15.000001007,-0.006005177,0,0,0,0,0.0,8.206012,92.44681,2.820418e-12,0.0005470674,0.00616312,False,0.00604,False
2026-04-27,RS03AXBS-MJ03A-06-PRESTA301,4,True,2026-04-27T00:00:04Z,2026-04-27T23:59:49Z,5760,5760,0,14.999925,14.999500275,15.000001776,-0.003280403,0,0,0,0,0.0,3.998752,18.347079,2.251249e-12,0.0002665834,0.001223138,False,0.001346,False
2026-04-28,RS03AXBS-MJ03A-06-PRESTA301,4,True,2026-04-28T00:00:04Z,2026-04-28T23:59:49Z,5760,5760,0,14.999925,14.999491215,15.000001167,0.006490523,0,0,0,0,0.0,5.938188,32.761854,1.593239e-12,0.0003958792,0.002184123,False,0.002623,False
2026-04-29,RS03AXBS-MJ03A-06-PRESTA301,4,True,2026-04-29T00:00:04Z,2026-04-29T23:59:49Z,5760,5760,0,14.999925,14.999487877,15.000000899,0.006096551,0,0,0,0,0.0,4.951246,31.489682,2.924831e-12,0.000330083,0.002099312,False,0.00188,False
2026-04-30,RS03AXBS-MJ03A-06-PRESTA301,4,True,2026-04-30T00:00:04Z,2026-04-30T23:59:49Z,5760,5760,0,14.999925,14.999481201,14.999999114,0.002569625,0,0,0,0,0.0,5.036502,32.207912,5.86564e-13,0.0003357668,0.002147194,False,0.002457,False
2026-05-01,RS03AXBS-MJ03A-06-PRESTA301,4,True,2026-05-01T00:00:04Z,2026-05-01T23:59:49Z,5760,5760,0,14.999925,14.999490738,14.999999563,0.004960729,0,0,0,0,0.0,5.715402,30.243147,2.129708e-12,0.0003810268,0.00201621,False,0.001875,False